episode,steps,reward
0,20,0
1,20,0
2,33,0
3,20,0
4,13,0
5,20,0
6,16,0
7,13,0
8,10,0
9,68,0
10,28,0
11,50,0
12,24,0
13,20,0
14,61,0
15,22,0
16,11,0
17,21,0
18,77,0
19,32,0
20,35,0
21,86,0
22,18,0
23,33,0
24,47,0
25,29,0
26,16,0
27,22,0
28,55,0
29,19,0
30,67,0
31,23,0
32,48,0
33,18,0
34,29,0
35,13,0
36,40,0
37,20,0
38,33,0
39,20,0
40,11,0
41,27,0
42,31,0
43,87,0
44,12,0
45,43,0
46,106,0
47,14,0
48,32,0
49,14,0
50,36,0
51,13,0
52,12,0
53,21,0
54,8,0
55,33,0
56,47,0
57,8,0
58,22,0
59,9,0
60,37,0
61,37,0
62,27,0
63,12,0
64,12,0
65,37,0
66,31,0
67,5,0
68,35,0
69,22,0
70,57,0
71,63,0
72,17,0
73,104,0
74,15,0
75,89,0
76,12,0
77,40,0
78,44,0
79,38,0
80,14,0
81,15,0
82,83,0
83,24,0
84,7,0
85,28,0
86,50,0
87,25,0
88,48,0
89,30,0
90,21,0
91,81,0
92,22,0
93,20,0
94,17,0
95,9,0
96,8,0
97,12,0
98,9,0
99,21,0
100,25,0
101,79,0
102,55,0
103,87,0
104,10,0
105,28,0
106,26,0
107,52,0
108,35,0
109,46,0
110,7,0
111,30,0
112,26,0
113,80,0
114,53,0
115,26,0
116,17,0
117,15,0
118,17,0
119,20,0
120,9,0
121,41,0
122,19,0
123,34,0
124,23,0
125,8,0
126,17,0
127,13,0
128,51,0
129,19,0
130,17,0
131,15,0
132,15,0
133,13,0
134,22,0
135,35,0
136,82,0
137,24,0
138,94,0
139,8,0
140,16,0
141,23,0
142,34,0
143,21,0
144,6,0
145,24,0
146,17,0
147,13,0
148,16,0
149,56,0
150,18,0
151,14,0
152,37,0
153,118,0
154,32,0
155,11,0
156,35,0
157,16,0
158,24,0
159,20,0
160,20,0
161,8,0
162,35,0
163,6,0
164,18,0
165,28,0
166,26,0
167,9,0
168,12,0
169,36,0
170,17,0
171,25,0
172,7,0
173,48,0
174,42,0
175,26,0
176,72,0
177,14,0
178,20,0
179,67,0
180,71,0
181,39,0
182,20,0
183,23,0
184,25,0
185,11,0
186,5,0
187,55,0
188,13,0
189,46,0
190,8,0
191,32,0
192,84,0
193,21,0
194,20,0
195,114,0
196,14,0
197,52,0
198,33,0
199,8,0
200,12,0
201,43,0
202,55,0
203,7,0
204,39,0
205,27,0
206,52,0
207,11,0
208,14,0
209,14,0
210,37,0
211,23,0
212,67,0
213,45,0
214,22,0
215,60,0
216,64,0
217,14,0
218,13,0
219,8,0
220,111,0
221,10,0
222,9,0
223,8,0
224,13,0
225,14,0
226,26,0
227,9,0
228,13,0
229,42,0
230,38,0
231,48,0
232,28,0
233,17,0
234,57,0
235,40,0
236,97,0
237,75,0
238,51,0
239,26,0
240,11,0
241,16,0
242,59,0
243,24,0
244,10,0
245,26,0
246,24,0
247,19,0
248,40,0
249,28,0
250,25,0
251,36,0
252,7,0
253,90,0
254,18,0
255,43,0
256,33,0
257,18,0
258,9,0
259,7,0
260,11,0
261,29,0
262,44,0
263,53,0
264,109,0
265,16,0
266,31,0
267,16,0
268,28,0
269,73,0
270,17,0
271,26,0
272,24,0
273,36,0
274,12,0
275,32,0
276,13,0
277,16,0
278,84,0
279,17,0
280,40,0
281,13,0
282,12,0
283,17,0
284,20,0
285,48,0
286,25,0
287,7,0
288,29,0
289,67,0
290,49,0
291,14,0
292,38,0
293,34,0
294,23,0
295,24,0
296,27,0
297,10,0
298,21,0
299,18,0
300,18,0
301,25,0
302,14,0
303,55,0
304,70,0
305,13,0
306,84,0
307,34,0
308,21,0
309,14,0
310,35,0
311,14,0
312,68,0
313,14,0
314,23,0
315,37,0
316,16,0
317,32,0
318,66,0
319,33,0
320,15,0
321,26,0
322,36,0
323,11,0
324,24,0
325,17,0
326,45,0
327,19,0
328,19,0
329,14,0
330,11,0
331,19,0
332,38,0
333,91,0
334,34,0
335,32,0
336,63,0
337,52,0
338,35,0
339,46,0
340,28,0
341,8,0
342,26,0
343,48,0
344,38,0
345,12,0
346,12,0
347,25,0
348,15,0
349,40,0
350,39,0
351,8,0
352,53,0
353,86,0
354,27,0
355,26,0
356,43,0
357,26,0
358,41,0
359,18,0
360,30,0
361,26,0
362,12,0
363,23,0
364,26,0
365,9,0
366,15,0
367,23,0
368,9,0
369,11,0
370,25,0
371,30,0
372,38,0
373,48,0
374,35,0
375,16,0
376,31,0
377,50,0
378,23,0
379,8,0
380,33,0
381,95,0
382,17,0
383,26,0
384,16,0
385,65,0
386,15,0
387,33,0
388,14,0
389,55,0
390,46,0
391,27,0
392,23,0
393,33,0
394,16,0
395,33,0
396,17,0
397,16,0
398,37,0
399,78,0
400,26,0
401,14,0
402,46,0
403,15,0
404,22,0
405,5,0
406,44,0
407,10,0
408,38,0
409,20,0
410,7,0
411,39,0
412,11,0
413,78,0
414,8,0
415,148,0
416,36,0
417,29,0
418,6,0
419,33,0
420,63,0
421,6,0
422,8,0
423,31,0
424,32,0
425,21,0
426,83,0
427,88,0
428,6,0
429,11,0
430,27,0
431,37,0
432,27,0
433,18,0
434,16,0
435,41,0
436,27,0
437,44,0
438,11,0
439,32,0
440,15,0
441,10,0
442,46,0
443,32,0
444,35,0
445,12,0
446,57,0
447,14,0
448,10,0
449,36,0
450,34,0
451,15,0
452,23,0
453,19,0
454,27,0
455,35,0
456,5,0
457,24,0
458,22,0
459,48,0
460,13,0
461,25,0
462,26,0
463,19,0
464,117,0
465,35,0
466,20,0
467,79,0
468,37,0
469,32,0
470,22,0
471,33,0
472,5,0
473,17,0
474,22,0
475,14,0
476,19,0
477,37,0
478,77,0
479,12,0
480,34,1
481,91,0
482,41,0
483,41,0
484,64,0
485,58,0
486,90,0
487,20,0
488,97,1
489,58,0
490,28,0
491,76,1
492,71,1
493,31,0
494,75,0
495,56,0
496,37,1
497,100,0
498,47,0
499,29,0
500,40,0
501,30,0
502,89,0
503,70,0
504,35,1
505,121,1
506,74,1
507,45,1
508,70,0
509,75,0
510,30,0
511,95,0
512,45,1
513,63,0
514,47,0
515,124,1
516,47,0
517,137,0
518,42,1
519,114,0
520,87,0
521,85,1
522,70,0
523,47,0
524,89,0
525,66,0
526,200,0
527,136,0
528,42,0
529,31,0
530,101,0
531,67,0
532,27,0
533,74,0
534,41,0
535,81,1
536,63,1
537,67,1
538,64,1
539,25,1
540,200,0
541,125,1
542,55,0
543,153,0
544,74,0
545,35,1
546,53,1
547,109,1
548,49,1
549,58,0
550,129,0
551,26,0
552,83,1
553,74,1
554,58,1
555,36,0
556,44,1
557,160,1
558,115,0
559,56,0
560,86,0
561,32,1
562,25,0
563,65,0
564,72,1
565,37,0
566,34,1
567,100,0
568,48,0
569,44,0
570,56,1
571,83,1
572,77,1
573,69,1
574,86,0
575,60,1
576,127,0
577,18,0
578,91,0
579,45,0
580,67,0
581,31,1
582,42,0
583,107,0
584,97,1
585,66,0
586,64,0
587,64,0
588,35,0
589,48,1
590,44,0
591,87,0
592,44,0
593,52,0
594,37,0
595,122,1
596,111,0
597,93,0
598,40,0
599,30,0
600,50,0
601,34,1
602,39,0
603,48,0
604,42,0
605,156,1
606,42,1
607,93,0
608,83,1
609,50,0
610,95,0
611,46,0
612,140,0
613,88,1
614,46,1
615,62,0
616,29,0
617,50,1
618,97,0
619,68,0
620,29,0
621,100,0
622,58,1
623,108,0
624,100,0
625,49,1
626,73,0
627,143,1
628,78,0
629,84,0
630,124,1
631,89,0
632,37,0
633,26,0
634,55,1
635,37,0
636,70,0
637,30,1
638,43,0
639,74,1
640,33,0
641,42,0
642,66,1
643,56,1
644,47,0
645,61,1
646,46,1
647,94,0
648,33,1
649,66,0
650,21,0
651,42,1
652,53,0
653,95,0
654,108,1
655,93,0
656,52,0
657,65,0
658,53,1
659,102,0
660,157,1
661,38,1
662,158,0
663,118,0
664,140,0
665,85,0
666,38,0
667,59,0
668,33,0
669,75,0
670,200,0
671,58,0
672,17,0
673,79,1
674,67,0
675,45,1
676,46,1
677,101,0
678,61,0
679,59,0
680,9,0
681,23,0
682,63,1
683,48,0
684,70,0
685,92,1
686,117,0
687,48,0
688,58,0
689,40,0
690,58,0
691,79,0
692,109,1
693,30,0
694,80,0
695,21,0
696,80,1
697,87,0
698,31,1
699,64,0
700,47,1
701,105,0
702,79,1
703,38,0
704,62,0
705,41,0
706,96,0
707,68,1
708,54,1
709,67,0
710,65,1
711,74,0
712,111,1
713,43,0
714,88,0
715,91,1
716,67,0
717,101,1
718,107,0
719,30,1
720,52,0
721,88,0
722,29,0
723,37,1
724,18,0
725,67,1
726,152,0
727,34,0
728,84,1
729,78,0
730,12,0
731,64,0
732,47,1
733,138,1
734,33,1
735,147,0
736,67,0
737,51,1
738,145,1
739,183,1
740,37,0
741,96,0
742,27,0
743,71,0
744,60,1
745,73,1
746,57,1
747,82,0
748,61,0
749,36,0
750,173,1
751,82,1
752,92,0
753,119,1
754,78,1
755,75,1
756,60,0
757,71,0
758,93,0
759,25,0
760,130,1
761,61,1
762,28,1
763,39,1
764,55,0
765,76,1
766,36,0
767,34,1
768,39,0
769,82,0
770,72,0
771,133,0
772,19,0
773,70,0
774,49,0
775,84,1
776,35,0
777,31,0
778,34,0
779,62,1
780,114,0
781,59,1
782,35,0
783,107,0
784,46,0
785,62,0
786,108,0
787,26,1
788,24,0
789,58,0
790,39,0
791,84,1
792,200,0
793,42,0
794,69,1
795,79,0
796,36,1
797,48,0
798,57,0
799,74,1
800,79,0
801,40,1
802,159,0
803,26,0
804,80,0
805,44,0
806,102,0
807,95,0
808,31,0
809,52,1
810,51,0
811,50,0
812,58,1
813,84,0
814,35,0
815,122,0
816,108,0
817,48,0
818,43,0
819,25,0
820,38,0
821,60,1
822,52,1
823,120,1
824,51,0
825,49,0
826,66,1
827,64,0
828,86,1
829,49,0
830,58,0
831,89,0
832,56,0
833,109,0
834,124,0
835,71,0
836,61,0
837,40,1
838,30,0
839,88,1
840,58,1
841,46,0
842,181,0
843,34,0
844,102,1
845,52,0
846,35,1
847,80,0
848,57,0
849,58,1
850,160,0
851,62,0
852,115,0
853,67,1
854,34,1
855,83,1
856,25,0
857,95,1
858,77,1
859,74,1
860,35,0
861,64,1
862,63,1
863,54,0
864,33,1
865,28,1
866,44,0
867,111,0
868,57,0
869,74,0
870,90,0
871,42,0
872,36,1
873,38,1
874,67,1
875,42,0
876,53,1
877,40,0
878,177,0
879,38,0
880,76,1
881,114,1
882,52,0
883,40,0
884,45,1
885,40,0
886,93,0
887,93,0
888,80,0
889,103,0
890,28,0
891,37,1
892,71,0
893,73,1
894,79,1
895,42,1
896,55,1
897,41,1
898,41,0
899,41,1
900,32,0
901,51,0
902,52,0
903,68,0
904,176,0
905,85,1
906,28,1
907,68,1
908,109,0
909,65,1
910,73,0
911,67,1
912,114,0
913,92,0
914,82,0
915,33,0
916,67,0
917,56,1
918,58,0
919,200,0
920,24,0
921,114,0
922,45,0
923,79,0
924,150,0
925,108,1
926,58,1
927,117,1
928,82,0
929,50,1
930,62,1
931,104,1
932,41,1
933,40,0
934,50,1
935,94,0
936,28,0
937,65,0
938,104,1
939,16,0
940,84,0
941,84,0
942,49,0
943,63,0
944,90,1
945,39,0
946,84,1
947,52,1
948,26,1
949,31,0
950,25,0
951,27,1
952,60,1
953,89,1
954,48,1
955,80,0
956,74,0
957,112,1
958,91,0
959,64,0
960,29,0
961,60,0
962,160,1
963,33,1
964,46,1
965,72,0
966,49,0
967,39,0
968,55,1
969,50,0
970,88,1
971,95,1
972,183,0
973,118,1
974,38,1
975,48,0
976,140,0
977,41,0
978,67,1
979,72,0
980,147,0
981,123,1
982,45,1
983,33,0
984,54,1
985,77,0
986,69,0
987,93,0
988,38,0
989,29,1
990,59,0
991,94,0
992,50,0
993,57,1
994,57,0
995,122,1
996,59,0
997,160,1
998,52,1
999,58,0
1000,66,1
1001,41,0
1002,45,0
1003,90,0
1004,129,1
1005,69,0
1006,33,1
1007,34,1
1008,33,1
1009,54,0
1010,62,0
1011,33,0
1012,45,0
1013,36,0
1014,60,1
1015,21,0
1016,38,1
1017,43,1
1018,53,0
1019,49,0
1020,40,0
1021,166,1
1022,86,0
1023,101,1
1024,45,0
1025,53,0
1026,38,0
1027,71,0
1028,40,0
1029,61,0
1030,41,0
1031,63,1
1032,34,1
1033,41,0
1034,23,0
1035,63,0
1036,143,0
1037,57,0
1038,62,0
1039,133,1
1040,117,1
1041,58,0
1042,73,1
1043,41,0
1044,48,0
1045,58,0
1046,71,0
1047,67,1
1048,86,1
1049,77,1
1050,51,1
1051,103,0
1052,45,0
1053,53,0
1054,65,1
1055,34,1
1056,94,1
1057,66,0
1058,79,0
1059,55,0
1060,127,0
1061,52,0
1062,49,1
1063,59,0
1064,79,1
1065,35,0
1066,89,1
1067,80,0
1068,34,0
1069,64,0
1070,98,1
1071,78,1
1072,78,1
1073,38,0
1074,62,0
1075,85,1
1076,119,0
1077,56,1
1078,38,0
1079,161,0
1080,63,1
1081,64,1
1082,75,1
1083,114,0
1084,130,1
1085,63,0
1086,54,0
1087,57,0
1088,111,0
1089,57,0
1090,36,1
1091,63,1
1092,44,0
1093,110,1
1094,20,0
1095,159,1
1096,56,0
1097,37,1
1098,93,0
1099,54,0
1100,142,0
1101,34,0
1102,95,1
1103,77,1
1104,76,0
1105,93,0
1106,82,0
1107,47,0
1108,40,0
1109,31,1
1110,30,0
1111,37,1
1112,65,1
1113,75,1
1114,85,0
1115,56,0
1116,48,0
1117,74,0
1118,135,0
1119,27,0
1120,63,0
1121,28,0
1122,40,0
1123,41,0
1124,144,1
1125,46,0
1126,35,0
1127,54,1
1128,58,1
1129,28,1
1130,49,1
1131,60,1
1132,80,0
1133,55,0
1134,49,1
1135,41,0
1136,103,1
1137,69,0
1138,72,1
1139,138,1
1140,56,1
1141,119,1
1142,59,1
1143,69,1
1144,42,1
1145,63,0
1146,67,0
1147,67,1
1148,58,0
1149,47,1
1150,92,1
1151,55,1
1152,54,0
1153,91,1
1154,35,1
1155,86,0
1156,69,1
1157,61,0
1158,34,0
1159,96,0
1160,43,0
1161,67,1
1162,67,1
1163,30,0
1164,135,0
1165,39,1
1166,188,0
1167,55,0
1168,90,0
1169,82,1
1170,55,0
1171,62,0
1172,67,0
1173,124,1
1174,57,0
1175,108,1
1176,36,1
1177,74,0
1178,45,1
1179,88,0
1180,28,0
1181,57,0
1182,29,0
1183,58,0
1184,170,0
1185,34,0
1186,84,1
1187,28,0
1188,134,0
1189,19,0
1190,66,0
1191,18,0
1192,34,1
1193,49,1
1194,95,0
1195,67,0
1196,118,0
1197,83,1
1198,59,0
1199,37,1
1200,64,1
1201,55,0
1202,50,0
1203,113,1
1204,45,0
1205,31,1
1206,101,0
1207,72,1
1208,49,1
1209,84,0
1210,52,0
1211,107,0
1212,71,0
1213,52,1
1214,128,0
1215,33,1
1216,64,1
1217,58,1
1218,69,1
1219,76,0
1220,96,0
1221,81,0
1222,93,0
1223,63,1
1224,52,0
1225,56,0
1226,60,0
1227,89,1
1228,126,0
1229,72,1
1230,78,0
1231,84,0
1232,59,0
1233,66,0
1234,38,1
1235,61,1
1236,72,1
1237,90,1
1238,56,0
1239,20,1
1240,47,0
1241,125,1
1242,52,0
1243,26,0
1244,46,0
1245,118,1
1246,50,0
1247,68,0
1248,90,0
1249,35,0
1250,119,0
1251,41,1
1252,129,0
1253,132,0
1254,95,0
1255,33,0
1256,63,1
1257,181,1
1258,70,0
1259,14,0
1260,39,0
1261,62,0
1262,77,0
1263,42,1
1264,104,0
1265,32,0
1266,92,1
1267,48,0
1268,57,0
1269,81,1
1270,51,0
1271,52,1
1272,75,0
1273,53,0
1274,126,1
1275,35,0
1276,38,0
1277,71,0
1278,65,1
1279,91,0
1280,80,0
1281,50,1
1282,61,1
1283,35,0
1284,94,0
1285,34,1
1286,87,1
1287,93,0
1288,75,0
1289,40,0
1290,131,0
1291,75,1
1292,28,0
1293,52,0
1294,33,0
1295,38,0
1296,70,0
1297,129,0
1298,51,0
1299,52,1
1300,85,1
1301,60,1
1302,83,0
1303,32,0
1304,98,1
1305,61,0
1306,105,0
1307,56,0
1308,56,1
1309,56,0
1310,69,0
1311,92,1
1312,98,1
1313,41,0
1314,48,1
1315,111,1
1316,32,1
1317,145,0
1318,55,1
1319,59,1
1320,40,1
1321,74,0
1322,67,0
1323,38,1
1324,72,1
1325,167,1
1326,41,1
1327,59,1
1328,76,0
1329,42,1
1330,46,1
1331,35,0
1332,95,1
1333,65,1
1334,176,1
1335,160,0
1336,83,0
1337,95,0
1338,78,0
1339,31,1
1340,137,0
1341,37,0
1342,84,0
1343,86,1
1344,143,0
1345,102,0
1346,112,1
1347,67,1
1348,67,1
1349,131,1
1350,62,1
1351,39,1
1352,44,0
1353,45,1
1354,59,1
1355,62,0
1356,51,1
1357,67,0
1358,75,0
1359,50,0
1360,41,1
1361,39,0
1362,48,1
1363,51,0
1364,16,1
1365,48,1
1366,99,0
1367,68,1
1368,62,1
1369,89,1
1370,22,0
1371,79,0
1372,47,1
1373,28,0
1374,34,0
1375,55,1
1376,68,1
1377,34,0
1378,62,0
1379,73,0
1380,88,1
1381,20,0
1382,34,0
1383,26,0
1384,54,0
1385,40,1
1386,49,1
1387,71,0
1388,71,1
1389,56,0
1390,47,0
1391,71,1
1392,58,1
1393,50,1
1394,46,1
1395,49,0
1396,73,1
1397,59,0
1398,59,1
1399,45,0
1400,69,0
1401,80,1
1402,20,0
1403,107,1
1404,69,0
1405,66,0
1406,55,0
1407,99,0
1408,32,1
1409,52,0
1410,78,0
1411,39,0
1412,39,1
1413,15,0
1414,105,1
1415,39,0
1416,48,1
1417,103,1
1418,85,1
1419,31,0
1420,118,0
1421,103,0
1422,81,1
1423,67,1
1424,62,0
1425,51,1
1426,34,0
1427,53,0
1428,58,1
1429,174,1
1430,30,0
1431,73,0
1432,144,0
1433,54,0
1434,39,1
1435,25,0
1436,91,1
1437,35,0
1438,45,1
1439,52,0
1440,76,0
1441,118,0
1442,47,0
1443,33,1
1444,47,0
1445,88,1
1446,48,0
1447,82,1
1448,39,1
1449,57,0
1450,77,0
1451,76,0
1452,52,1
1453,57,0
1454,57,0
1455,40,0
1456,69,1
1457,24,1
1458,52,0
1459,36,1
1460,85,1
1461,50,1
1462,97,1
1463,45,1
1464,114,0
1465,26,0
1466,40,0
1467,68,1
1468,53,0
1469,41,0
1470,50,0
1471,71,0
1472,49,0
1473,89,1
1474,130,1
1475,121,0
1476,40,0
1477,36,0
1478,97,0
1479,31,0
1480,59,0
1481,81,0
1482,102,0
1483,35,1
1484,48,0
1485,48,1
1486,86,1
1487,21,1
1488,103,1
1489,121,1
1490,59,0
1491,36,0
1492,165,0
1493,45,0
1494,132,0
1495,65,1
1496,44,0
1497,56,0
1498,65,0
1499,75,1
1500,33,1
1501,20,0
1502,30,1
1503,112,1
1504,71,0
1505,64,1
1506,93,0
1507,68,0
1508,34,0
1509,77,0
1510,104,1
1511,126,0
1512,11,0
1513,50,1
1514,71,1
1515,94,0
1516,55,0
1517,47,0
1518,95,1
1519,24,0
1520,55,0
1521,64,1
1522,88,1
1523,86,1
1524,103,1
1525,86,1
1526,27,1
1527,55,0
1528,21,0
1529,49,0
1530,49,1
1531,53,1
1532,140,0
1533,48,1
1534,41,0
1535,68,1
1536,31,0
1537,114,0
1538,37,0
1539,115,1
1540,57,0
1541,112,1
1542,86,0
1543,55,1
1544,55,1
1545,107,1
1546,56,0
1547,73,1
1548,66,0
1549,47,1
1550,126,0
1551,95,0
1552,66,0
1553,37,0
1554,149,0
1555,76,0
1556,58,0
1557,64,0
1558,86,0
1559,81,0
1560,42,0
1561,70,0
1562,95,1
1563,51,0
1564,107,1
1565,105,0
1566,60,1
1567,26,0
1568,55,1
1569,27,0
1570,50,0
1571,66,0
1572,35,0
1573,74,1
1574,64,0
1575,46,0
1576,136,0
1577,64,0
1578,87,0
1579,42,0
1580,39,1
1581,74,0
1582,56,0
1583,28,0
1584,55,1
1585,22,0
1586,57,0
1587,40,0
1588,28,0
1589,66,0
1590,82,0
1591,56,0
1592,73,1
1593,107,0
1594,64,0
1595,59,0
1596,42,1
1597,33,0
1598,77,0
1599,45,0
1600,71,0
1601,28,1
1602,48,1
1603,85,0
1604,61,0
1605,93,0
1606,61,0
1607,72,0
1608,26,0
1609,51,0
1610,43,1
1611,31,0
1612,28,1
1613,67,0
1614,43,0
1615,40,0
1616,55,1
1617,28,0
1618,63,1
1619,42,1
1620,50,0
1621,36,0
1622,39,0
1623,20,1
1624,39,0
1625,57,1
1626,109,1
1627,47,1
1628,81,1
1629,75,0
1630,52,1
1631,131,0
1632,62,1
1633,56,1
1634,53,0
1635,200,0
1636,120,0
1637,60,1
1638,49,0
1639,58,0
1640,58,1
1641,200,0
1642,44,0
1643,62,1
1644,37,0
1645,31,1
1646,116,0
1647,122,0
1648,100,1
1649,46,0
1650,51,0
1651,78,0
1652,113,0
1653,48,0
1654,83,0
1655,92,0
1656,76,1
1657,90,0
1658,64,0
1659,100,1
1660,36,0
1661,38,0
1662,44,0
1663,60,1
1664,37,0
1665,66,0
1666,54,1
1667,27,0
1668,72,0
1669,65,1
1670,113,0
1671,36,0
1672,30,1
1673,43,1
1674,46,1
1675,46,1
1676,80,1
1677,45,1
1678,65,1
1679,15,0
1680,104,1
1681,89,0
1682,97,0
1683,22,0
1684,58,1
1685,32,0
1686,62,1
1687,52,0
1688,42,0
1689,200,0
1690,33,1
1691,47,1
1692,116,0
1693,112,1
1694,86,1
1695,53,0
1696,100,1
1697,90,0
1698,51,0
1699,57,0
1700,24,0
1701,107,1
1702,117,0
1703,37,1
1704,27,0
1705,46,0
1706,38,0
1707,62,0
1708,93,1
1709,59,0
1710,73,1
1711,119,1
1712,70,0
1713,169,1
1714,78,0
1715,130,0
1716,33,0
1717,50,1
1718,45,1
1719,70,1
1720,45,1
1721,37,1
1722,23,0
1723,68,1
1724,76,1
1725,96,0
1726,38,1
1727,28,0
1728,29,1
1729,34,1
1730,70,0
1731,137,0
1732,50,1
1733,70,0
1734,58,0
1735,55,0
1736,45,0
1737,21,0
1738,52,1
1739,28,0
1740,117,1
1741,116,0
1742,70,0
1743,98,1
1744,61,0
1745,32,0
1746,99,1
1747,69,1
1748,34,0
1749,49,0
1750,26,0
1751,61,0
1752,77,1
1753,81,1
1754,28,0
1755,41,0
1756,88,1
1757,32,1
1758,67,0
1759,45,0
1760,49,1
1761,137,0
1762,24,1
1763,35,1
1764,91,0
1765,38,0
1766,103,1
1767,102,0
1768,83,1
1769,48,1
1770,38,0
1771,34,0
1772,47,1
1773,38,1
1774,48,1
1775,70,1
1776,67,0
1777,38,0
1778,51,1
1779,86,1
1780,41,0
1781,38,0
1782,71,1
1783,25,0
1784,28,1
1785,94,1
1786,50,1
1787,52,1
1788,60,0
1789,128,0
1790,44,1
1791,66,1
1792,83,1
1793,93,0
1794,58,0
1795,50,0
1796,77,0
1797,108,0
1798,40,0
1799,62,0
1800,42,0
1801,51,0
1802,137,0
1803,78,0
1804,98,1
1805,29,1
1806,49,0
1807,200,0
1808,82,0
1809,89,1
1810,46,0
1811,28,0
1812,48,1
1813,40,0
1814,63,0
1815,29,0
1816,132,0
1817,88,1
1818,74,0
1819,38,1
1820,103,1
1821,43,0
1822,40,0
1823,83,0
1824,33,0
1825,93,1
1826,34,0
1827,33,1
1828,65,0
1829,52,1
1830,67,0
1831,113,0
1832,61,0
1833,43,0
1834,64,1
1835,75,1
1836,116,0
1837,26,1
1838,30,1
1839,27,0
1840,28,0
1841,89,1
1842,13,0
1843,74,0
1844,48,1
1845,36,1
1846,47,0
1847,34,0
1848,81,0
1849,34,0
1850,37,1
1851,85,0
1852,74,0
1853,25,1
1854,69,0
1855,36,0
1856,59,0
1857,50,0
1858,50,0
1859,29,0
1860,128,1
1861,121,0
1862,174,0
1863,41,0
1864,78,0
1865,21,0
1866,55,1
1867,141,0
1868,58,0
1869,49,1
1870,101,0
1871,70,0
1872,55,0
1873,130,0
1874,37,0
1875,79,1
1876,73,0
1877,63,0
1878,49,0
1879,100,0
1880,146,1
1881,45,0
1882,98,1
1883,73,0
1884,63,0
1885,36,0
1886,33,0
1887,53,0
1888,29,1
1889,61,0
1890,40,0
1891,50,1
1892,38,1
1893,38,1
1894,69,1
1895,118,0
1896,51,0
1897,55,0
1898,44,0
1899,38,0
1900,66,1
1901,33,0
1902,46,0
1903,64,1
1904,76,0
1905,25,1
1906,130,0
1907,103,1
1908,49,1
1909,187,0
1910,36,0
1911,52,0
1912,132,1
1913,64,0
1914,133,0
1915,64,1
1916,43,1
1917,36,1
1918,58,1
1919,34,0
1920,36,1
1921,58,1
1922,86,0
1923,31,1
1924,64,0
1925,77,0
1926,91,0
1927,72,0
1928,173,0
1929,24,0
1930,35,1
1931,36,1
1932,34,0
1933,68,1
1934,71,1
1935,52,1
1936,43,0
1937,122,0
1938,83,1
1939,69,1
1940,40,1
1941,37,0
1942,53,1
1943,51,1
1944,63,1
1945,46,0
1946,92,1
1947,53,0
1948,89,0
1949,118,0
1950,51,0
1951,44,1
1952,92,1
1953,87,1
1954,41,1
1955,32,0
1956,65,0
1957,57,0
1958,48,0
1959,94,0
1960,35,0
1961,29,0
1962,39,0
1963,84,0
1964,42,0
1965,56,0
1966,39,0
1967,35,0
1968,31,0
1969,34,1
1970,32,1
1971,124,0
1972,76,0
1973,56,0
1974,48,0
1975,70,0
1976,30,0
1977,124,1
1978,61,1
1979,49,1
1980,50,0
1981,70,1
1982,127,1
1983,90,1
1984,105,0
1985,28,0
1986,40,1
1987,101,0
1988,45,0
1989,60,1
1990,42,1
1991,46,0
1992,70,0
1993,15,0
1994,57,0
1995,167,0
1996,21,0
1997,69,0
1998,65,1
1999,30,1
2000,62,0
2001,47,1
2002,40,0
2003,51,0
2004,83,0
2005,69,1
2006,67,0
2007,44,1
2008,41,0
2009,49,1
2010,38,1
2011,84,1
2012,65,1
2013,49,0
2014,34,0
2015,56,0
2016,76,0
2017,52,0
2018,49,0
2019,55,1
2020,73,0
2021,76,1
2022,38,1
2023,100,0
2024,40,1
2025,80,0
2026,93,1
2027,35,0
2028,130,1
2029,93,0
2030,38,1
2031,53,1
2032,76,0
2033,34,0
2034,37,1
2035,38,1
2036,81,0
2037,36,1
2038,39,1
2039,80,0
2040,74,0
2041,167,0
2042,29,0
2043,74,0
2044,85,0
2045,40,0
2046,50,1
2047,32,0
2048,62,0
2049,98,1
2050,72,0
2051,49,0
2052,95,0
2053,65,0
2054,68,1
2055,30,0
2056,29,0
2057,33,0
2058,72,1
2059,66,0
2060,55,0
2061,61,1
2062,86,0
2063,66,1
2064,65,0
2065,67,0
2066,46,0
2067,38,0
2068,80,0
2069,118,0
2070,105,0
2071,42,0
2072,53,0
2073,54,1
2074,92,0
2075,34,0
2076,88,0
2077,41,1
2078,45,1
2079,53,1
2080,103,1
2081,60,0
2082,74,1
2083,50,1
2084,200,0
2085,33,1
2086,97,0
2087,74,0
2088,29,1
2089,56,0
2090,50,0
2091,42,1
2092,57,0
2093,23,0
2094,27,1
2095,79,1
2096,69,0
2097,136,1
2098,52,0
2099,51,1
2100,103,1
2101,150,1
2102,39,1
2103,29,1
2104,67,0
2105,65,1
2106,45,0
2107,42,1
2108,93,1
2109,111,1
2110,82,1
2111,46,1
2112,88,0
2113,66,0
2114,26,1
2115,91,1
2116,73,1
2117,87,0
2118,46,1
2119,35,0
2120,42,0
2121,45,1
2122,41,1
2123,132,0
2124,99,1
2125,77,0
2126,112,1
2127,82,0
2128,54,1
2129,39,0
2130,80,1
2131,57,0
2132,48,0
2133,21,0
2134,38,1
2135,58,0
2136,35,1
2137,105,0
2138,49,1
2139,36,0
2140,48,0
2141,42,1
2142,46,0
2143,36,0
2144,37,1
2145,80,1
2146,67,0
2147,68,1
2148,37,0
2149,80,0
2150,59,0
2151,32,0
2152,61,1
2153,54,0
2154,25,0
2155,45,1
2156,27,1
2157,114,0
2158,140,0
2159,32,0
2160,57,1
2161,35,0
2162,49,1
2163,35,0
2164,49,1
2165,45,0
2166,79,0
2167,61,0
2168,101,1
2169,50,0
2170,74,1
2171,56,1
2172,69,0
2173,132,1
2174,29,0
2175,52,0
2176,58,0
2177,34,0
2178,151,0
2179,55,1
2180,78,0
2181,104,0
2182,69,1
2183,37,1
2184,60,1
2185,61,1
2186,48,0
2187,37,1
2188,59,0
2189,46,0
2190,110,1
2191,43,0
2192,61,0
2193,55,1
2194,34,0
2195,64,1
2196,44,1
2197,15,0
2198,103,1
2199,106,1
2200,25,1
2201,103,0
2202,52,1
2203,50,1
2204,54,0
2205,107,0
2206,80,0
2207,25,0
2208,42,0
2209,54,1
2210,54,0
2211,67,1
2212,45,1
2213,51,1
2214,42,0
2215,50,0
2216,39,0
2217,29,1
2218,53,1
2219,52,0
2220,56,0
2221,75,0
2222,97,0
2223,63,1
2224,58,0
2225,63,0
2226,135,0
2227,47,1
2228,43,1
2229,96,1
2230,32,0
2231,34,1
2232,50,0
2233,43,0
2234,49,1
2235,36,0
2236,113,0
2237,96,0
2238,61,1
2239,52,0
2240,28,1
2241,96,0
2242,27,0
2243,151,0
2244,147,0
2245,52,0
2246,200,0
2247,63,0
2248,143,1
2249,49,0
2250,174,0
2251,87,1
2252,134,1
2253,18,1
2254,52,0
2255,191,0
2256,27,1
2257,41,0
2258,31,0
2259,56,0
2260,38,1
2261,11,0
2262,61,1
2263,99,1
2264,120,1
2265,84,0
2266,129,0
2267,62,0
2268,32,1
2269,52,0
2270,101,1
2271,88,0
2272,38,0
2273,138,1
2274,139,0
2275,75,0
2276,134,0
2277,116,1
2278,82,0
2279,68,1
2280,42,0
2281,39,1
2282,89,0
2283,30,0
2284,40,0
2285,64,0
2286,112,0
2287,48,0
2288,47,0
2289,68,0
2290,54,0
2291,29,0
2292,91,0
2293,29,0
2294,48,0
2295,79,1
2296,46,1
2297,93,0
2298,90,1
2299,69,0
2300,27,1
2301,40,1
2302,93,0
2303,65,0
2304,46,0
2305,33,1
2306,55,1
2307,29,0
2308,84,1
2309,64,1
2310,41,1
2311,39,0
2312,100,0
2313,73,0
2314,106,0
2315,183,1
2316,120,1
2317,42,1
2318,42,0
2319,71,0
2320,112,1
2321,43,1
2322,24,1
2323,28,0
2324,24,0
2325,46,0
2326,27,0
2327,50,1
2328,48,1
2329,49,0
2330,61,0
2331,59,0
2332,42,1
2333,73,1
2334,43,0
2335,47,0
2336,91,0
2337,20,0
2338,100,0
2339,51,0
2340,31,0
2341,36,0
2342,49,1
2343,30,1
2344,87,0
2345,64,1
2346,152,1
2347,24,1
2348,68,1
2349,97,0
2350,67,1
2351,110,1
2352,89,1
2353,70,1
2354,50,0
2355,20,0
2356,26,1
2357,93,0
2358,42,0
2359,64,1
2360,38,0
2361,97,1
2362,50,1
2363,95,0
2364,30,0
2365,58,0
2366,41,1
2367,67,1
2368,101,0
2369,152,0
2370,82,0
2371,70,0
2372,34,1
2373,21,0
2374,25,0
2375,44,1
2376,29,1
2377,123,0
2378,200,0
2379,41,0
2380,72,0
2381,54,0
2382,49,0
2383,116,1
2384,110,1
2385,118,0
2386,77,0
2387,49,0
2388,65,1
2389,109,1
2390,21,0
2391,31,0
2392,47,0
2393,67,1
2394,87,1
2395,52,0
2396,116,0
2397,87,0
2398,51,0
2399,72,0
2400,28,0
2401,31,0
2402,55,0
2403,21,1
2404,21,0
2405,72,0
2406,31,0
2407,50,0
2408,52,1
2409,49,0
2410,59,0
2411,30,0
2412,44,0
2413,54,1
2414,68,1
2415,82,0
2416,62,0
2417,60,0
2418,30,1
2419,41,1
2420,77,0
2421,96,0
2422,76,0
2423,64,0
2424,59,1
2425,62,1
2426,71,0
2427,54,0
2428,56,1
2429,15,0
2430,38,0
2431,40,0
2432,32,0
2433,45,0
2434,71,1
2435,53,1
2436,49,1
2437,91,0
2438,58,1
2439,61,0
2440,35,0
2441,136,1
2442,99,0
2443,108,1
2444,98,0
2445,51,0
2446,35,0
2447,70,1
2448,57,1
2449,43,0
2450,31,1
2451,70,1
2452,65,1
2453,35,1
2454,178,0
2455,26,0
2456,59,0
2457,59,0
2458,74,0
2459,62,0
2460,83,0
2461,29,0
2462,68,0
2463,61,1
2464,20,0
2465,25,1
2466,33,0
2467,39,0
2468,165,1
2469,62,0
2470,66,0
2471,37,0
2472,26,0
2473,52,0
2474,66,0
2475,30,1
2476,30,0
2477,23,0
2478,57,0
2479,49,0
2480,47,1
2481,48,0
2482,122,0
2483,82,0
2484,36,0
2485,110,0
2486,116,0
2487,124,0
2488,44,0
2489,47,0
2490,113,1
2491,35,0
2492,78,0
2493,29,0
2494,54,1
2495,52,0
2496,30,0
2497,24,1
2498,111,0
2499,57,0
2500,65,0
2501,83,0
2502,42,1
2503,97,1
2504,52,0
2505,35,1
2506,52,1
2507,82,0
2508,90,0
2509,69,0
2510,62,1
2511,44,0
2512,48,0
2513,63,1
2514,35,1
2515,71,0
2516,195,0
2517,21,0
2518,79,1
2519,104,1
2520,27,0
2521,69,0
2522,89,1
2523,88,0
2524,32,1
2525,77,1
2526,50,1
2527,46,0
2528,49,1
2529,87,1
2530,55,1
2531,45,0
2532,65,0
2533,32,1
2534,35,0
2535,40,0
2536,122,0
2537,16,0
2538,36,1
2539,58,0
2540,57,1
2541,37,1
2542,80,0
2543,200,0
2544,56,0
2545,45,1
2546,80,1
2547,64,0
2548,41,0
2549,33,1
2550,52,1
2551,39,1
2552,42,0
2553,73,1
2554,62,0
2555,40,0
2556,113,1
2557,94,0
2558,44,1
2559,45,0
2560,90,0
2561,54,0
2562,80,1
2563,35,0
2564,64,0
2565,36,0
2566,40,1
2567,42,1
2568,40,1
2569,66,0
2570,66,0
2571,169,1
2572,61,1
2573,89,0
2574,32,0
2575,125,1
2576,69,0
2577,86,1
2578,37,0
2579,66,1
2580,61,1
2581,79,0
2582,28,0
2583,87,1
2584,88,1
2585,73,0
2586,41,1
2587,56,0
2588,61,1
2589,111,0
2590,96,1
2591,26,0
2592,54,0
2593,24,0
2594,56,0
2595,38,0
2596,34,0
2597,83,1
2598,47,0
2599,66,1
2600,37,1
2601,86,0
2602,51,1
2603,49,1
2604,102,0
2605,79,0
2606,36,0
2607,32,0
2608,70,0
2609,34,1
2610,88,0
2611,33,0
2612,37,0
2613,60,1
2614,73,1
2615,22,0
2616,36,0
2617,52,0
2618,83,1
2619,128,0
2620,48,1
2621,62,0
2622,25,1
2623,27,0
2624,41,1
2625,30,1
2626,84,1
2627,34,0
2628,58,0
2629,25,0
2630,29,0
2631,80,0
2632,88,0
2633,140,0
2634,54,1
2635,67,1
2636,60,0
2637,50,1
2638,38,0
2639,92,0
2640,53,0
2641,61,0
2642,68,0
2643,43,0
2644,80,1
2645,72,1
2646,14,0
2647,48,0
2648,53,1
2649,56,0
2650,91,0
2651,27,0
2652,124,0
2653,44,0
2654,60,1
2655,42,1
2656,38,0
2657,176,1
2658,75,1
2659,79,0
2660,78,0
2661,45,0
2662,34,1
2663,74,0
2664,62,0
2665,39,1
2666,60,0
2667,87,0
2668,51,1
2669,39,1
2670,54,0
2671,19,0
2672,60,0
2673,44,1
2674,31,0
2675,58,0
2676,21,0
2677,62,1
2678,38,1
2679,43,1
2680,93,0
2681,52,0
2682,51,0
2683,66,1
2684,82,0
2685,81,0
2686,141,0
2687,127,0
2688,63,1
2689,29,0
2690,89,0
2691,37,1
2692,41,0
2693,108,0
2694,46,0
2695,59,0
2696,64,1
2697,61,0
2698,44,0
2699,32,0
2700,45,1
2701,93,0
2702,61,0
2703,57,0
2704,47,0
2705,69,0
2706,88,0
2707,69,0
2708,32,0
2709,33,0
2710,33,1
2711,37,0
2712,150,0
2713,58,1
2714,69,0
2715,38,0
2716,63,1
2717,46,0
2718,158,0
2719,53,1
2720,62,0
2721,38,1
2722,19,0
2723,73,0
2724,75,0
2725,48,0
2726,39,0
2727,47,0
2728,96,1
2729,119,0
2730,96,1
2731,136,0
2732,49,0
2733,41,0
2734,42,0
2735,66,0
2736,127,1
2737,34,1
2738,51,1
2739,36,1
2740,157,0
2741,36,0
2742,92,1
2743,22,0
2744,179,1
2745,55,0
2746,148,0
2747,39,1
2748,106,0
2749,64,0
2750,57,0
2751,138,1
2752,12,0
2753,27,1
2754,55,0
2755,55,0
2756,95,1
2757,55,0
2758,53,1
2759,44,0
2760,77,1
2761,101,0
2762,146,1
2763,183,0
2764,22,1
2765,37,1
2766,45,0
2767,71,0
2768,179,1
2769,43,0
2770,65,0
2771,137,0
2772,85,0
2773,59,1
2774,36,0
2775,49,0
2776,26,0
2777,21,1
2778,45,0
2779,65,1
2780,101,1
2781,40,1
2782,77,0
2783,83,0
2784,90,0
2785,111,1
2786,59,1
2787,40,0
2788,78,0
2789,38,1
2790,95,0
2791,33,0
2792,28,0
2793,38,0
2794,89,1
2795,52,1
2796,13,0
2797,63,1
2798,30,1
2799,111,0
2800,66,1
2801,109,0
2802,59,1
2803,57,0
2804,41,0
2805,98,0
2806,40,0
2807,65,0
2808,88,0
2809,88,1
2810,92,1
2811,103,1
2812,100,1
2813,104,1
2814,46,1
2815,124,1
2816,32,1
2817,45,1
2818,44,1
2819,200,0
2820,63,1
2821,42,0
2822,84,0
2823,49,0
2824,28,0
2825,127,0
2826,51,1
2827,78,1
2828,64,0
2829,77,0
2830,25,0
2831,44,1
2832,26,0
2833,27,1
2834,47,0
2835,39,1
2836,50,0
2837,56,0
2838,53,0
2839,56,1
2840,60,0
2841,82,0
2842,34,0
2843,29,0
2844,42,0
2845,55,1
2846,136,0
2847,77,0
2848,67,1
2849,39,1
2850,46,0
2851,155,0
2852,37,0
2853,51,0
2854,26,0
2855,45,0
2856,71,0
2857,96,0
2858,74,1
2859,87,0
2860,35,1
2861,104,0
2862,70,0
2863,99,0
2864,83,0
2865,62,1
2866,78,1
2867,150,0
2868,24,0
2869,59,1
2870,111,0
2871,46,0
2872,32,0
2873,38,1
2874,52,0
2875,149,0
2876,51,0
2877,26,0
2878,76,0
2879,57,1
2880,49,1
2881,83,1
2882,72,0
2883,40,0
2884,47,0
2885,43,0
2886,44,1
2887,62,0
2888,124,0
2889,52,0
2890,46,0
2891,55,1
2892,49,0
2893,68,1
2894,132,1
2895,79,0
2896,29,0
2897,57,1
2898,90,1
2899,110,0
2900,23,1
2901,48,1
2902,65,0
2903,29,0
2904,33,1
2905,56,0
2906,49,0
2907,81,0
2908,149,1
2909,34,0
2910,49,0
2911,121,1
2912,59,1
2913,27,0
2914,153,0
2915,62,0
2916,121,1
2917,31,1
2918,97,0
2919,64,0
2920,49,0
2921,46,0
2922,30,0
2923,41,0
2924,116,0
2925,25,0
2926,77,0
2927,67,0
2928,33,1
2929,47,1
2930,164,1
2931,53,0
2932,35,1
2933,29,0
2934,40,0
2935,42,0
2936,61,0
2937,59,0
2938,99,0
2939,98,1
2940,83,0
2941,59,1
2942,29,0
2943,44,0
2944,46,1
2945,60,0
2946,40,0
2947,25,0
2948,21,1
2949,62,1
2950,109,0
2951,83,0
2952,89,0
2953,35,0
2954,39,0
2955,101,1
2956,94,0
2957,48,0
2958,73,1
2959,78,0
2960,36,0
2961,75,1
2962,32,1
2963,19,0
2964,66,0
2965,37,0
2966,55,0
2967,61,0
2968,39,1
2969,86,0
2970,91,1
2971,21,0
2972,176,0
2973,67,1
2974,98,1
2975,39,1
2976,118,0
2977,148,0
2978,36,1
2979,40,1
2980,100,1
2981,30,0
2982,40,0
2983,134,1
2984,97,1
2985,54,1
2986,26,0
2987,55,1
2988,28,0
2989,47,1
2990,93,1
2991,50,1
2992,124,0
2993,29,0
2994,109,1
2995,55,1
2996,121,1
2997,57,0
2998,61,1
2999,44,0
3000,35,1
3001,52,0
3002,22,0
3003,113,1
3004,47,1
3005,60,1
3006,15,0
3007,78,1
3008,62,0
3009,41,1
3010,26,1
3011,104,0
3012,56,0
3013,35,0
3014,57,0
3015,29,0
3016,55,1
3017,31,0
3018,100,0
3019,50,0
3020,200,0
3021,96,1
3022,19,0
3023,49,0
3024,109,1
3025,64,0
3026,80,1
3027,31,0
3028,172,0
3029,31,0
3030,25,1
3031,117,0
3032,64,0
3033,50,0
3034,51,0
3035,64,0
3036,68,0
3037,41,0
3038,44,0
3039,49,1
3040,51,0
3041,35,0
3042,39,0
3043,52,1
3044,22,0
3045,96,1
3046,42,0
3047,33,0
3048,87,1
3049,98,0
3050,81,0
3051,38,1
3052,68,1
3053,61,1
3054,56,1
3055,32,1
3056,78,0
3057,60,0
3058,105,0
3059,141,1
3060,59,0
3061,25,1
3062,35,0
3063,24,1
3064,38,0
3065,84,1
3066,66,1
3067,117,0
3068,43,0
3069,38,0
3070,64,0
3071,37,0
3072,43,1
3073,60,0
3074,44,1
3075,66,0
3076,26,0
3077,37,1
3078,45,1
3079,48,0
3080,38,0
3081,101,0
3082,86,0
3083,53,0
3084,149,0
3085,31,0
3086,71,0
3087,69,1
3088,31,0
3089,44,1
3090,26,0
3091,41,1
3092,50,0
3093,84,1
3094,27,1
3095,66,1
3096,58,1
3097,57,0
3098,30,1
3099,50,0
3100,112,1
3101,87,1
3102,31,1
3103,20,0
3104,99,1
3105,35,0
3106,28,0
3107,63,0
3108,46,0
3109,38,1
3110,108,1
3111,17,0
3112,54,0
3113,65,1
3114,94,0
3115,97,1
3116,58,0
3117,200,0
3118,53,0
3119,74,1
3120,102,1
3121,79,0
3122,41,1
3123,92,0
3124,47,1
3125,87,0
3126,89,1
3127,44,1
3128,63,0
3129,83,1
3130,74,0
3131,43,1
3132,41,1
3133,104,0
3134,25,0
3135,55,1
3136,22,0
3137,57,0
3138,58,0
3139,53,1
3140,93,1
3141,47,1
3142,31,0
3143,78,0
3144,59,1
3145,34,1
3146,33,1
3147,37,0
3148,34,0
3149,41,1
3150,48,0
3151,71,1
3152,49,1
3153,103,0
3154,52,0
3155,24,1
3156,152,0
3157,60,0
3158,34,0
3159,42,1
3160,51,0
3161,53,0
3162,69,0
3163,55,0
3164,56,0
3165,37,0
3166,46,0
3167,103,0
3168,63,1
3169,93,0
3170,65,0
3171,72,0
3172,99,0
3173,44,0
3174,58,1
3175,108,0
3176,60,0
3177,34,0
3178,33,0
3179,91,1
3180,96,0
3181,99,1
3182,57,1
3183,35,0
3184,52,0
3185,73,0
3186,56,0
3187,16,0
3188,79,0
3189,26,1
3190,61,1
3191,121,1
3192,62,0
3193,38,0
3194,74,0
3195,96,0
3196,100,1
3197,43,0
3198,47,0
3199,40,0
3200,84,1
3201,9,0
3202,26,0
3203,46,0
3204,50,1
3205,69,1
3206,29,1
3207,33,0
3208,31,0
3209,99,1
3210,133,0
3211,38,0
3212,80,1
3213,24,0
3214,98,1
3215,55,0
3216,96,1
3217,108,0
3218,72,0
3219,61,0
3220,39,0
3221,113,1
3222,28,0
3223,129,0
3224,47,1
3225,53,0
3226,56,0
3227,51,0
3228,107,1
3229,70,1
3230,135,0
3231,43,1
3232,68,1
3233,33,0
3234,126,1
3235,87,0
3236,32,1
3237,97,1
3238,97,0
3239,64,1
3240,91,1
3241,43,1
3242,138,0
3243,41,0
3244,97,0
3245,169,0
3246,49,1
3247,54,1
3248,137,0
3249,47,0
3250,33,0
3251,44,1
3252,77,0
3253,86,1
3254,62,0
3255,44,1
3256,99,1
3257,77,0
3258,60,0
3259,77,0
3260,91,0
3261,78,0
3262,41,1
3263,90,1
3264,44,0
3265,23,0
3266,63,1
3267,69,0
3268,31,1
3269,53,1
3270,36,1
3271,31,0
3272,55,1
3273,35,0
3274,29,0
3275,60,0
3276,51,0
3277,71,0
3278,59,0
3279,53,0
3280,51,0
3281,73,0
3282,40,0
3283,46,1
3284,72,0
3285,66,0
3286,100,0
3287,53,0
3288,45,1
3289,84,0
3290,81,1
3291,47,1
3292,32,0
3293,116,1
3294,109,0
3295,73,0
3296,58,1
3297,31,0
3298,81,0
3299,63,1
3300,55,1
3301,35,0
3302,53,0
3303,62,1
3304,26,1
3305,16,0
3306,37,0
3307,59,1
3308,64,0
3309,90,0
3310,51,0
3311,67,0
3312,113,1
3313,73,0
3314,76,0
3315,23,0
3316,75,1
3317,124,1
3318,92,1
3319,24,0
3320,34,0
3321,31,0
3322,47,1
3323,85,1
3324,46,0
3325,31,0
3326,40,1
3327,70,1
3328,63,0
3329,33,0
3330,103,0
3331,161,1
3332,35,0
3333,52,0
3334,77,0
3335,128,0
3336,44,1
3337,35,0
3338,49,1
3339,72,0
3340,61,0
3341,37,1
3342,42,0
3343,97,1
3344,48,0
3345,51,0
3346,73,1
3347,86,1
3348,53,0
3349,55,0
3350,74,0
3351,88,1
3352,27,1
3353,11,0
3354,49,0
3355,109,0
3356,57,0
3357,45,1
3358,81,0
3359,37,0
3360,41,0
3361,53,0
3362,22,0
3363,62,0
3364,61,1
3365,53,0
3366,58,1
3367,96,0
3368,70,0
3369,60,0
3370,60,1
3371,83,1
3372,96,0
3373,56,1
3374,21,0
3375,33,0
3376,66,1
3377,113,0
3378,174,0
3379,111,1
3380,44,0
3381,152,0
3382,98,0
3383,37,1
3384,54,1
3385,89,0
3386,95,0
3387,28,1
3388,51,0
3389,123,0
3390,85,0
3391,104,0
3392,68,0
3393,53,1
3394,81,0
3395,161,1
3396,82,1
3397,70,1
3398,95,0
3399,40,0
3400,19,0
3401,72,0
3402,87,0
3403,20,0
3404,57,1
3405,105,0
3406,57,0
3407,39,0
3408,89,0
3409,188,0
3410,41,0
3411,31,0
3412,40,1
3413,139,1
3414,128,1
3415,200,0
3416,57,0
3417,96,0
3418,107,0
3419,97,0
3420,59,0
3421,169,0
3422,77,1
3423,77,0
3424,43,1
3425,63,0
3426,103,0
3427,51,1
3428,89,0
3429,58,1
3430,47,0
3431,46,1
3432,62,1
3433,28,1
3434,88,1
3435,60,1
3436,57,0
3437,88,1
3438,74,0
3439,71,1
3440,85,0
3441,70,1
3442,40,0
3443,104,0
3444,155,0
3445,41,0
3446,124,1
3447,30,0
3448,41,0
3449,70,1
3450,103,1
3451,110,1
3452,32,1
3453,78,1
3454,98,0
3455,44,0
3456,95,1
3457,31,0
3458,69,1
3459,41,0
3460,88,1
3461,41,1
3462,56,1
3463,47,0
3464,40,0
3465,55,0
3466,14,0
3467,74,0
3468,62,1
3469,88,1
3470,84,0
3471,73,1
3472,68,1
3473,49,0
3474,159,0
3475,72,0
3476,105,0
3477,59,0
3478,57,0
3479,35,0
3480,14,0
3481,28,0
3482,47,0
3483,126,0
3484,45,1
3485,70,1
3486,35,1
3487,44,1
3488,42,0
3489,30,0
3490,69,0
3491,42,1
3492,73,1
3493,55,0
3494,200,0
3495,75,0
3496,29,0
3497,10,0
3498,132,0
3499,106,1
3500,55,1
3501,40,1
3502,47,0
3503,60,0
3504,39,0
3505,117,0
3506,72,1
3507,45,0
3508,69,1
3509,103,1
3510,106,0
3511,44,0
3512,55,0
3513,43,1
3514,18,0
3515,57,0
3516,113,0
3517,94,1
3518,70,1
3519,81,0
3520,66,0
3521,79,1
3522,68,0
3523,50,1
3524,77,0
3525,41,1
3526,51,0
3527,107,0
3528,65,1
3529,100,1
3530,162,0
3531,122,0
3532,48,1
3533,38,1
3534,47,0
3535,124,0
3536,19,0
3537,77,0
3538,102,1
3539,40,0
3540,35,1
3541,101,0
3542,64,1
3543,81,1
3544,61,0
3545,72,0
3546,200,0
3547,44,1
3548,25,1
3549,27,0
3550,85,1
3551,39,0
3552,49,0
3553,80,0
3554,46,0
3555,50,1
3556,39,0
3557,56,1
3558,44,1
3559,141,1
3560,74,1
3561,49,0
3562,22,0
3563,19,0
3564,45,0
3565,42,1
3566,55,0
3567,55,1
3568,108,0
3569,67,0
3570,83,0
3571,83,0
3572,29,1
3573,53,0
3574,31,0
3575,70,0
3576,115,0
3577,118,0
3578,29,0
3579,43,0
3580,52,0
3581,39,0
3582,51,0
3583,60,0
3584,86,0
3585,53,1
3586,67,1
3587,114,1
3588,103,0
3589,74,0
3590,43,1
3591,60,0
3592,48,1
3593,77,1
3594,77,0
3595,78,1
3596,121,0
3597,81,0
3598,140,0
3599,74,1
3600,63,0
3601,104,1
3602,36,0
3603,26,1
3604,109,1
3605,46,0
3606,36,1
3607,87,1
3608,12,0
3609,91,0
3610,24,1
3611,44,0
3612,20,0
3613,45,0
3614,121,1
3615,29,1
3616,49,0
3617,86,0
3618,55,1
3619,64,0
3620,48,1
3621,92,1
3622,99,1
3623,44,1
3624,48,1
3625,65,0
3626,122,1
3627,48,0
3628,39,0
3629,71,0
3630,136,0
3631,67,0
3632,71,1
3633,42,1
3634,120,0
3635,92,1
3636,75,0
3637,49,0
3638,43,0
3639,55,0
3640,89,0
3641,35,1
3642,56,0
3643,29,1
3644,49,0
3645,64,1
3646,51,0
3647,53,0
3648,27,0
3649,39,1
3650,43,0
3651,54,0
3652,47,0
3653,82,1
3654,61,1
3655,24,0
3656,115,0
3657,65,0
3658,68,1
3659,76,1
3660,19,0
3661,119,0
3662,39,0
3663,44,1
3664,72,0
3665,63,1
3666,53,1
3667,30,0
3668,52,0
3669,58,1
3670,49,0
3671,27,0
3672,27,0
3673,54,1
3674,52,0
3675,56,1
3676,42,0
3677,122,1
3678,31,0
3679,105,0
3680,38,1
3681,38,0
3682,52,0
3683,37,0
3684,52,0
3685,73,0
3686,102,1
3687,106,1
3688,70,0
3689,32,1
3690,65,0
3691,38,0
3692,55,1
3693,70,1
3694,59,0
3695,85,0
3696,36,1
3697,77,0
3698,101,1
3699,24,0
3700,116,0
3701,100,0
3702,139,1
3703,128,0
3704,66,0
3705,49,0
3706,24,0
3707,30,0
3708,47,1
3709,51,1
3710,56,0
3711,56,1
3712,52,1
3713,102,0
3714,96,0
3715,86,0
3716,58,0
3717,87,1
3718,67,0
3719,60,0
3720,26,0
3721,32,0
3722,103,0
3723,42,1
3724,79,1
3725,51,1
3726,87,1
3727,74,1
3728,31,1
3729,69,0
3730,56,0
3731,53,0
3732,100,1
3733,137,0
3734,67,0
3735,67,0
3736,67,1
3737,54,1
3738,99,1
3739,55,1
3740,53,0
3741,51,0
3742,80,0
3743,48,0
3744,34,1
3745,103,0
3746,20,0
3747,46,1
3748,26,0
3749,54,0
3750,82,0
3751,37,1
3752,61,1
3753,24,0
3754,106,1
3755,56,1
3756,69,0
3757,41,0
3758,67,0
3759,70,1
3760,35,0
3761,77,0
3762,54,1
3763,98,1
3764,22,0
3765,46,1
3766,84,1
3767,57,0
3768,19,0
3769,43,0
3770,64,0
3771,54,0
3772,88,1
3773,43,0
3774,95,1
3775,54,1
3776,48,0
3777,101,0
3778,43,0
3779,70,1
3780,69,1
3781,83,1
3782,106,1
3783,26,0
3784,63,0
3785,43,0
3786,63,0
3787,36,1
3788,104,1
3789,59,1
3790,80,0
3791,51,0
3792,42,1
3793,200,0
3794,50,0
3795,136,1
3796,95,0
3797,90,0
3798,75,0
3799,32,0
3800,61,0
3801,90,1
3802,30,0
3803,72,0
3804,71,0
3805,60,0
3806,57,1
3807,200,0
3808,47,0
3809,44,0
3810,53,1
3811,42,0
3812,85,1
3813,108,0
3814,64,1
3815,21,0
3816,45,1
3817,31,1
3818,30,0
3819,59,0
3820,156,0
3821,50,0
3822,94,1
3823,81,0
3824,164,0
3825,21,0
3826,53,1
3827,54,1
3828,97,0
3829,87,0
3830,55,1
3831,58,1
3832,27,0
3833,135,0
3834,45,0
3835,71,0
3836,55,0
3837,76,0
3838,183,0
3839,200,0
3840,28,1
3841,42,1
3842,24,0
3843,36,0
3844,94,1
3845,88,1
3846,24,0
3847,61,0
3848,159,0
3849,45,1
3850,82,1
3851,24,0
3852,43,0
3853,78,1
3854,57,1
3855,50,0
3856,39,0
3857,75,1
3858,194,1
3859,57,0
3860,83,1
3861,72,0
3862,24,0
3863,60,0
3864,41,1
3865,33,0
3866,78,0
3867,118,0
3868,60,0
3869,109,0
3870,85,1
3871,30,0
3872,79,1
3873,91,0
3874,67,1
3875,68,0
3876,133,0
3877,69,0
3878,101,1
3879,28,0
3880,58,1
3881,47,0
3882,49,0
3883,58,0
3884,119,1
3885,51,0
3886,86,0
3887,53,0
3888,55,0
3889,94,1
3890,78,1
3891,27,0
3892,67,0
3893,75,1
3894,43,1
3895,60,0
3896,79,0
3897,59,1
3898,24,0
3899,154,0
3900,104,0
3901,84,0
3902,70,0
3903,69,0
3904,29,0
3905,71,0
3906,134,0
3907,62,0
3908,48,0
3909,75,1
3910,150,1
3911,64,0
3912,54,0
3913,23,0
3914,32,0
3915,43,0
3916,35,0
3917,119,1
3918,81,0
3919,116,0
3920,65,0
3921,40,0
3922,145,0
3923,130,0
3924,135,0
3925,94,0
3926,98,0
3927,80,1
3928,50,1
3929,66,1
3930,87,0
3931,54,0
3932,59,0
3933,81,1
3934,50,0
3935,36,0
3936,48,1
3937,93,1
3938,72,0
3939,92,0
3940,85,0
3941,36,0
3942,200,0
3943,29,1
3944,49,0
3945,66,0
3946,43,0
3947,52,0
3948,54,1
3949,70,1
3950,106,1
3951,66,0
3952,153,0
3953,21,0
3954,63,0
3955,114,1
3956,37,1
3957,47,0
3958,56,0
3959,94,0
3960,74,1
3961,91,0
3962,188,0
3963,80,1
3964,111,0
3965,48,0
3966,56,1
3967,37,0
3968,83,0
3969,29,1
3970,20,0
3971,76,0
3972,166,0
3973,151,1
3974,21,0
3975,41,0
3976,76,0
3977,47,0
3978,97,0
3979,81,1
3980,200,0
3981,30,0
3982,102,0
3983,58,1
3984,46,0
3985,43,1
3986,43,0
3987,69,1
3988,65,0
3989,108,0
3990,68,0
3991,81,1
3992,83,1
3993,80,0
3994,33,0
3995,65,0
3996,41,0
3997,148,1
3998,84,0
3999,75,0
4000,79,0
4001,55,0
4002,48,1
4003,32,0
4004,36,1
4005,64,0
4006,85,1
4007,127,0
4008,103,1
4009,42,0
4010,62,0
4011,78,0
4012,84,0
4013,63,0
4014,37,0
4015,55,1
4016,111,0
4017,67,1
4018,57,1
4019,63,1
4020,66,1
4021,50,0
4022,58,0
4023,47,1
4024,54,0
4025,28,0
4026,114,0
4027,28,0
4028,52,0
4029,50,1
4030,95,1
4031,96,1
4032,38,1
4033,34,0
4034,53,1
4035,34,1
4036,76,1
4037,39,0
4038,59,0
4039,46,1
4040,33,0
4041,103,0
4042,61,0
4043,57,1
4044,45,1
4045,36,0
4046,89,0
4047,53,0
4048,52,0
4049,115,0
4050,54,1
4051,49,0
4052,30,0
4053,39,0
4054,115,1
4055,38,0
4056,78,1
4057,142,1
4058,58,0
4059,35,0
4060,28,0
4061,77,1
4062,43,1
4063,95,1
4064,37,1
4065,35,1
4066,66,1
4067,181,1
4068,88,0
4069,33,1
4070,72,0
4071,62,0
4072,25,1
4073,59,0
4074,61,0
4075,48,1
4076,22,0
4077,108,1
4078,97,1
4079,67,1
4080,57,1
4081,23,0
4082,69,0
4083,50,1
4084,81,1
4085,29,0
4086,41,1
4087,38,0
4088,72,1
4089,69,1
4090,29,0
4091,71,0
4092,66,1
4093,44,0
4094,70,0
4095,124,1
4096,41,1
4097,84,1
4098,99,1
4099,100,0
4100,84,0
4101,78,0
4102,35,0
4103,95,0
4104,49,0
4105,27,0
4106,82,0
4107,63,0
4108,48,0
4109,66,0
4110,13,0
4111,62,0
4112,42,0
4113,30,1
4114,38,1
4115,42,0
4116,142,0
4117,40,1
4118,129,1
4119,59,1
4120,80,0
4121,123,1
4122,101,0
4123,82,0
4124,124,1
4125,29,1
4126,109,0
4127,88,0
4128,166,1
4129,58,0
4130,43,0
4131,37,1
4132,112,1
4133,38,1
4134,167,0
4135,174,0
4136,61,1
4137,59,0
4138,38,1
4139,150,0
4140,117,0
4141,48,0
4142,49,1
4143,41,0
4144,76,1
4145,63,0
4146,110,0
4147,58,0
4148,64,0
4149,36,0
4150,74,1
4151,62,0
4152,89,1
4153,33,0
4154,39,1
4155,81,0
4156,62,0
4157,87,0
4158,65,1
4159,41,0
4160,71,0
4161,63,0
4162,46,0
4163,57,1
4164,41,0
4165,22,0
4166,98,0
4167,47,1
4168,97,1
4169,122,1
4170,142,1
4171,36,1
4172,72,1
4173,94,0
4174,99,0
4175,20,1
4176,75,0
4177,105,1
4178,74,1
4179,80,0
4180,112,1
4181,92,0
4182,46,0
4183,97,0
4184,55,0
4185,63,0
4186,61,1
4187,39,0
4188,59,1
4189,48,1
4190,46,0
4191,47,1
4192,48,0
4193,29,0
4194,87,0
4195,69,1
4196,37,0
4197,81,1
4198,70,0
4199,95,0
4200,58,1
4201,59,0
4202,53,0
4203,29,1
4204,63,0
4205,99,1
4206,52,1
4207,60,0
4208,57,0
4209,28,0
4210,49,0
4211,35,1
4212,21,0
4213,53,1
4214,42,0
4215,101,1
4216,39,0
4217,29,0
4218,79,0
4219,37,0
4220,57,0
4221,79,0
4222,68,0
4223,53,0
4224,159,0
4225,51,0
4226,41,1
4227,43,1
4228,64,1
4229,75,1
4230,26,1
4231,82,0
4232,40,0
4233,24,0
4234,67,0
4235,182,1
4236,103,0
4237,93,1
4238,41,1
4239,91,0
4240,100,0
4241,39,0
4242,100,0
4243,41,0
4244,40,1
4245,116,0
4246,69,1
4247,119,0
4248,18,0
4249,47,1
4250,69,0
4251,32,0
4252,38,1
4253,134,0
4254,39,0
4255,75,1
4256,68,1
4257,118,0
4258,67,0
4259,93,1
4260,55,0
4261,95,0
4262,42,0
4263,58,0
4264,48,1
4265,69,0
4266,114,0
4267,41,1
4268,112,1
4269,135,0
4270,45,0
4271,97,0
4272,31,0
4273,85,1
4274,49,1
4275,92,0
4276,56,0
4277,70,0
4278,82,1
4279,86,0
4280,55,0
4281,39,1
4282,23,0
4283,143,0
4284,15,0
4285,68,0
4286,54,0
4287,30,0
4288,67,0
4289,46,0
4290,58,0
4291,113,0
4292,89,0
4293,60,1
4294,55,1
4295,31,0
4296,31,0
4297,43,0
4298,150,1
4299,43,1
4300,58,1
4301,15,0
4302,33,0
4303,25,0
4304,37,1
4305,48,0
4306,133,1
4307,88,1
4308,79,1
4309,56,0
4310,52,1
4311,41,1
4312,37,0
4313,50,1
4314,32,1
4315,92,1
4316,51,1
4317,180,0
4318,49,0
4319,97,1
4320,56,0
4321,119,0
4322,43,0
4323,49,1
4324,37,1
4325,71,0
4326,80,1
4327,106,1
4328,58,1
4329,25,0
4330,87,0
4331,91,0
4332,49,0
4333,57,1
4334,33,0
4335,20,0
4336,41,0
4337,56,0
4338,37,1
4339,121,0
4340,64,1
4341,140,1
4342,52,0
4343,52,0
4344,95,0
4345,55,1
4346,46,1
4347,96,0
4348,102,0
4349,54,0
4350,78,0
4351,54,0
4352,135,1
4353,51,0
4354,56,0
4355,121,0
4356,89,0
4357,91,1
4358,48,0
4359,22,0
4360,53,0
4361,42,0
4362,65,0
4363,38,1
4364,190,0
4365,29,0
4366,63,0
4367,56,0
4368,23,1
4369,45,0
4370,67,0
4371,114,1
4372,59,1
4373,38,1
4374,81,1
4375,129,1
4376,28,0
4377,51,0
4378,109,0
4379,109,0
4380,76,1
4381,78,1
4382,61,1
4383,48,0
4384,70,1
4385,72,0
4386,42,0
4387,88,0
4388,60,0
4389,159,0
4390,30,0
4391,46,0
4392,31,0
4393,31,0
4394,49,0
4395,49,0
4396,44,0
4397,45,0
4398,58,1
4399,28,0
4400,31,1
4401,51,1
4402,96,0
4403,44,1
4404,107,1
4405,77,0
4406,86,1
4407,48,0
4408,152,0
4409,39,0
4410,135,0
4411,43,0
4412,86,1
4413,92,0
4414,53,0
4415,44,1
4416,180,1
4417,27,0
4418,63,1
4419,85,0
4420,68,1
4421,84,0
4422,45,1
4423,62,0
4424,92,0
4425,72,1
4426,38,1
4427,38,1
4428,114,0
4429,40,1
4430,35,1
4431,128,1
4432,61,0
4433,92,0
4434,165,1
4435,26,1
4436,114,1
4437,87,0
4438,81,1
4439,45,0
4440,30,0
4441,27,0
4442,123,0
4443,59,1
4444,110,0
4445,42,0
4446,88,0
4447,61,0
4448,48,1
4449,56,0
4450,33,0
4451,101,0
4452,99,1
4453,68,0
4454,78,0
4455,80,0
4456,29,0
4457,58,0
4458,84,0
4459,115,0
4460,38,1
4461,57,0
4462,22,0
4463,61,1
4464,22,1
4465,57,1
4466,112,0
4467,72,1
4468,159,1
4469,130,1
4470,84,0
4471,33,0
4472,65,0
4473,15,0
4474,122,1
4475,49,1
4476,27,0
4477,70,0
4478,88,1
4479,29,1
4480,52,1
4481,56,0
4482,61,0
4483,37,0
4484,32,0
4485,139,0
4486,61,1
4487,88,1
4488,161,0
4489,114,1
4490,31,1
4491,61,0
4492,81,0
4493,65,1
4494,41,1
4495,67,1
4496,133,1
4497,63,1
4498,19,0
4499,45,0
4500,27,0
4501,49,0
4502,33,1
4503,79,0
4504,90,1
4505,32,1
4506,105,1
4507,32,0
4508,44,1
4509,37,0
4510,49,1
4511,101,1
4512,48,0
4513,61,1
4514,68,0
4515,65,1
4516,34,0
4517,100,0
4518,35,0
4519,62,1
4520,52,0
4521,200,0
4522,102,0
4523,80,1
4524,141,1
4525,89,1
4526,96,0
4527,68,0
4528,118,1
4529,57,0
4530,110,1
4531,34,0
4532,114,1
4533,32,1
4534,72,0
4535,90,0
4536,44,1
4537,28,0
4538,92,1
4539,56,0
4540,78,1
4541,32,0
4542,31,0
4543,145,0
4544,84,0
4545,46,1
4546,98,0
4547,74,0
4548,38,0
4549,148,1
4550,53,1
4551,41,1
4552,43,0
4553,109,0
4554,34,0
4555,98,1
4556,56,0
4557,55,0
4558,83,0
4559,21,0
4560,33,1
4561,34,0
4562,52,0
4563,68,0
4564,32,0
4565,118,0
4566,77,0
4567,36,0
4568,52,0
4569,41,0
4570,40,0
4571,79,0
4572,110,1
4573,36,1
4574,91,0
4575,40,0
4576,69,1
4577,42,0
4578,48,0
4579,88,0
4580,47,0
4581,46,1
4582,46,0
4583,103,0
4584,40,1
4585,58,1
4586,48,0
4587,63,1
4588,36,0
4589,56,0
4590,39,0
4591,33,0
4592,68,1
4593,105,0
4594,108,0
4595,60,0
4596,102,1
4597,33,0
4598,82,0
4599,45,0
4600,31,0
4601,23,0
4602,44,0
4603,62,1
4604,116,0
4605,55,0
4606,104,0
4607,114,1
4608,138,1
4609,62,0
4610,22,0
4611,152,1
4612,84,0
4613,59,0
4614,72,0
4615,55,1
4616,93,1
4617,77,0
4618,82,1
4619,58,1
4620,58,0
4621,61,0
4622,47,0
4623,80,0
4624,86,1
4625,50,0
4626,63,1
4627,200,0
4628,31,0
4629,96,1
4630,113,0
4631,49,1
4632,41,1
4633,75,1
4634,33,1
4635,52,1
4636,53,1
4637,97,0
4638,29,1
4639,76,0
4640,62,0
4641,55,0
4642,59,1
4643,20,0
4644,93,0
4645,78,0
4646,103,1
4647,54,0
4648,48,1
4649,77,1
4650,65,0
4651,27,0
4652,83,0
4653,19,0
4654,14,0
4655,40,1
4656,64,0
4657,81,0
4658,99,1
4659,75,1
4660,200,0
4661,53,0
4662,88,1
4663,59,1
4664,39,0
4665,42,0
4666,64,0
4667,60,0
4668,140,1
4669,105,0
4670,58,0
4671,62,0
4672,52,0
4673,28,0
4674,47,1
4675,44,0
4676,42,0
4677,93,1
4678,42,1
4679,31,0
4680,167,0
4681,181,0
4682,40,0
4683,47,0
4684,55,1
4685,24,0
4686,98,1
4687,99,0
4688,30,0
4689,20,0
4690,85,1
4691,54,1
4692,110,0
4693,138,0
4694,25,0
4695,70,1
4696,99,0
4697,123,0
4698,56,0
4699,27,0
4700,49,1
4701,92,1
4702,44,0
4703,51,0
4704,30,1
4705,34,1
4706,55,1
4707,62,1
4708,56,0
4709,49,0
4710,65,0
4711,23,0
4712,64,1
4713,46,1
4714,140,1
4715,64,0
4716,51,0
4717,38,1
4718,32,1
4719,114,0
4720,47,0
4721,34,0
4722,64,0
4723,54,0
4724,23,0
4725,69,1
4726,188,1
4727,35,0
4728,96,0
4729,43,1
4730,89,0
4731,97,1
4732,169,1
4733,55,1
4734,32,1
4735,43,0
4736,70,1
4737,37,1
4738,84,0
4739,40,0
4740,64,0
4741,70,0
4742,44,1
4743,43,0
4744,100,1
4745,135,1
4746,42,0
4747,57,0
4748,22,1
4749,45,0
4750,75,0
4751,84,1
4752,69,0
4753,58,1
4754,86,0
4755,112,1
4756,56,0
4757,99,1
4758,112,1
4759,46,0
4760,61,0
4761,93,1
4762,49,1
4763,107,0
4764,103,1
4765,48,1
4766,61,0
4767,46,1
4768,51,1
4769,90,0
4770,44,0
4771,86,1
4772,93,0
4773,58,1
4774,72,1
4775,38,0
4776,59,1
4777,49,0
4778,28,0
4779,43,1
4780,92,0
4781,53,0
4782,80,1
4783,60,0
4784,77,1
4785,54,0
4786,17,1
4787,41,1
4788,109,1
4789,36,0
4790,74,0
4791,41,0
4792,14,0
4793,72,0
4794,48,0
4795,42,0
4796,64,0
4797,101,1
4798,70,1
4799,61,1
4800,49,0
4801,99,0
4802,72,0
4803,65,1
4804,41,0
4805,33,1
4806,83,1
4807,99,1
4808,90,0
4809,88,0
4810,73,0
4811,39,0
4812,25,0
4813,80,0
4814,53,1
4815,142,1
4816,106,0
4817,36,1
4818,164,1
4819,49,1
4820,80,1
4821,41,0
4822,148,0
4823,59,1
4824,37,0
4825,97,0
4826,58,1
4827,44,1
4828,168,0
4829,36,0
4830,50,0
4831,55,0
4832,38,1
4833,48,0
4834,27,1
4835,73,1
4836,84,0
4837,35,0
4838,73,0
4839,156,0
4840,76,1
4841,56,1
4842,193,1
4843,40,1
4844,91,0
4845,70,0
4846,97,0
4847,113,0
4848,21,1
4849,125,0
4850,23,1
4851,96,0
4852,51,0
4853,92,0
4854,31,0
4855,47,0
4856,119,0
4857,57,0
4858,56,0
4859,72,1
4860,42,1
4861,117,0
4862,37,0
4863,61,0
4864,55,0
4865,75,0
4866,73,1
4867,14,0
4868,40,0
4869,86,0
4870,36,0
4871,61,1
4872,60,1
4873,131,1
4874,86,0
4875,133,0
4876,159,0
4877,41,0
4878,44,0
4879,24,0
4880,76,1
4881,38,1
4882,38,0
4883,66,0
4884,139,0
4885,61,0
4886,68,0
4887,66,1
4888,54,1
4889,60,0
4890,106,0
4891,39,1
4892,24,0
4893,55,0
4894,52,1
4895,56,0
4896,179,1
4897,69,0
4898,19,0
4899,71,0
4900,67,0
4901,19,0
4902,94,0
4903,40,0
4904,84,1
4905,71,0
4906,42,0
4907,65,0
4908,31,0
4909,30,0
4910,46,0
4911,62,0
4912,64,0
4913,99,0
4914,47,1
4915,68,1
4916,61,0
4917,103,0
4918,50,1
4919,77,1
4920,47,0
4921,104,0
4922,51,1
4923,57,1
4924,34,0
4925,85,1
4926,112,0
4927,103,0
4928,142,0
4929,66,1
4930,78,0
4931,60,1
4932,85,1
4933,43,0
4934,105,1
4935,84,0
4936,35,1
4937,33,1
4938,40,0
4939,47,0
4940,64,1
4941,78,0
4942,40,0
4943,53,0
4944,105,1
4945,81,1
4946,48,1
4947,26,1
4948,41,0
4949,45,0
4950,61,1
4951,25,0
4952,41,0
4953,111,0
4954,48,1
4955,63,0
4956,73,0
4957,99,0
4958,36,0
4959,52,0
4960,128,0
4961,49,0
4962,110,0
4963,54,1
4964,101,0
4965,63,1
4966,35,0
4967,39,0
4968,43,0
4969,78,0
4970,85,0
4971,80,1
4972,48,1
4973,47,1
4974,71,0
4975,48,0
4976,33,1
4977,29,1
4978,134,0
4979,33,1
4980,35,0
4981,29,1
4982,54,1
4983,60,1
4984,29,0
4985,59,1
4986,26,0
4987,57,1
4988,91,0
4989,42,0
4990,49,0
4991,24,0
4992,90,0
4993,93,1
4994,30,0
4995,65,1
4996,58,0
4997,58,0
4998,102,0
4999,123,0
5000,32,0
5001,24,0
5002,63,1
5003,66,1
5004,28,0
5005,53,1
5006,74,0
5007,166,0
5008,30,0
5009,122,0
5010,69,1
5011,51,1
5012,62,1
5013,65,1
5014,39,1
5015,50,1
5016,68,0
5017,39,1
5018,55,0
5019,63,1
5020,138,0
5021,61,1
5022,67,0
5023,41,0
5024,88,0
5025,82,1
5026,67,0
5027,25,0
5028,21,0
5029,37,1
5030,200,0
5031,43,0
5032,121,0
5033,40,0
5034,45,1
5035,47,0
5036,70,1
5037,54,0
5038,43,1
5039,35,0
5040,39,0
5041,111,1
5042,46,1
5043,60,0
5044,65,0
5045,34,1
5046,92,0
5047,61,1
5048,54,0
5049,163,1
5050,21,0
5051,34,0
5052,56,0
5053,200,0
5054,38,0
5055,30,1
5056,55,0
5057,168,1
5058,106,1
5059,75,0
5060,47,1
5061,37,0
5062,90,0
5063,24,0
5064,40,0
5065,82,0
5066,75,1
5067,74,1
5068,62,0
5069,55,1
5070,51,0
5071,44,1
5072,37,0
5073,45,0
5074,33,0
5075,116,0
5076,27,0
5077,128,0
5078,94,0
5079,46,0
5080,70,0
5081,94,1
5082,24,0
5083,44,0
5084,46,1
5085,53,0
5086,38,1
5087,62,0
5088,45,0
5089,41,0
5090,40,1
5091,65,0
5092,200,0
5093,27,0
5094,89,1
5095,97,0
5096,47,1
5097,29,0
5098,85,0
5099,37,1
5100,46,1
5101,57,1
5102,22,1
5103,38,0
5104,23,1
5105,54,1
5106,63,1
5107,50,0
5108,49,0
5109,36,0
5110,72,0
5111,22,1
5112,96,0
5113,28,1
5114,56,0
5115,57,1
5116,191,0
5117,101,0
5118,78,0
5119,54,0
5120,163,1
5121,39,0
5122,28,1
5123,33,0
5124,147,1
5125,83,1
5126,94,0
5127,82,1
5128,87,0
5129,31,1
5130,96,1
5131,34,1
5132,81,1
5133,38,1
5134,72,0
5135,37,1
5136,76,1
5137,61,0
5138,64,0
5139,78,1
5140,73,1
5141,56,0
5142,15,0
5143,94,1
5144,88,0
5145,39,0
5146,69,1
5147,39,0
5148,47,0
5149,53,1
5150,47,1
5151,57,0
5152,44,0
5153,47,1
5154,44,1
5155,61,0
5156,44,0
5157,49,0
5158,34,0
5159,28,0
5160,49,0
5161,93,0
5162,78,0
5163,61,1
5164,30,1
5165,68,1
5166,61,0
5167,60,0
5168,62,1
5169,57,0
5170,19,0
5171,134,1
5172,46,0
5173,87,0
5174,42,0
5175,42,0
5176,61,0
5177,64,1
5178,55,0
5179,43,0
5180,117,1
5181,29,0
5182,54,0
5183,92,1
5184,142,1
5185,110,0
5186,50,0
5187,33,1
5188,33,1
5189,64,0
5190,173,0
5191,65,0
5192,74,1
5193,47,0
5194,35,0
5195,58,1
5196,31,0
5197,51,0
5198,87,0
5199,48,1
5200,48,1
5201,32,0
5202,30,0
5203,37,1
5204,59,0
5205,38,0
5206,79,1
5207,47,0
5208,170,0
5209,109,0
5210,79,0
5211,36,0
5212,67,0
5213,32,1
5214,49,1
5215,60,1
5216,31,0
5217,29,1
5218,29,0
5219,50,0
5220,60,0
5221,113,0
5222,65,1
5223,103,1
5224,42,0
5225,44,1
5226,47,1
5227,80,1
5228,36,0
5229,60,0
5230,200,0
5231,56,0
5232,133,0
5233,122,0
5234,90,0
5235,38,1
5236,98,1
5237,33,1
5238,93,1
5239,67,1
5240,17,0
5241,62,0
5242,41,1
5243,31,1
5244,59,0
5245,59,1
5246,35,0
5247,56,0
5248,45,0
5249,80,1
5250,66,1
5251,55,0
5252,90,0
5253,47,1
5254,189,0
5255,133,1
5256,90,1
5257,71,1
5258,27,0
5259,138,0
5260,47,1
5261,44,0
5262,49,0
5263,83,0
5264,140,0
5265,54,1
5266,59,0
5267,22,0
5268,161,0
5269,107,0
5270,56,0
5271,33,0
5272,64,0
5273,93,1
5274,21,1
5275,75,0
5276,24,0
5277,64,1
5278,47,0
5279,123,0
5280,48,1
5281,83,0
5282,58,1
5283,109,0
5284,91,0
5285,53,0
5286,138,0
5287,33,1
5288,35,0
5289,103,0
5290,35,1
5291,29,1
5292,57,1
5293,39,0
5294,62,0
5295,138,0
5296,36,0
5297,113,0
5298,60,0
5299,41,0
5300,57,1
5301,66,0
5302,79,1
5303,28,0
5304,53,1
5305,34,0
5306,51,0
5307,14,0
5308,63,0
5309,40,0
5310,45,1
5311,200,0
5312,76,0
5313,52,0
5314,63,0
5315,46,0
5316,27,0
5317,48,0
5318,39,0
5319,67,1
5320,46,0
5321,118,1
5322,55,0
5323,33,0
5324,74,1
5325,171,1
5326,25,0
5327,48,0
5328,166,1
5329,83,0
5330,96,0
5331,34,1
5332,123,1
5333,57,0
5334,76,0
5335,33,1
5336,65,0
5337,49,1
5338,83,0
5339,45,0
5340,62,1
5341,32,1
5342,72,0
5343,153,0
5344,102,1
5345,94,0
5346,138,1
5347,48,1
5348,67,1
5349,55,0
5350,52,1
5351,28,0
5352,58,0
5353,28,0
5354,21,0
5355,54,1
5356,77,0
5357,89,0
5358,72,0
5359,117,0
5360,27,0
5361,91,0
5362,46,0
5363,57,1
5364,67,0
5365,146,0
5366,38,0
5367,31,0
5368,17,0
5369,100,0
5370,39,1
5371,48,1
5372,48,0
5373,107,0
5374,90,0
5375,62,0
5376,62,0
5377,39,1
5378,107,0
5379,141,0
5380,49,0
5381,32,0
5382,91,1
5383,54,1
5384,48,0
5385,49,1
5386,56,1
5387,57,1
5388,111,0
5389,51,1
5390,54,0
5391,58,1
5392,81,1
5393,55,1
5394,111,1
5395,51,0
5396,61,1
5397,39,1
5398,54,1
5399,60,1
5400,102,1
5401,34,0
5402,30,0
5403,25,1
5404,56,0
5405,27,0
5406,79,0
5407,56,0
5408,65,0
5409,81,1
5410,85,1
5411,28,0
5412,187,0
5413,115,0
5414,80,1
5415,40,0
5416,28,1
5417,25,0
5418,84,1
5419,85,1
5420,164,0
5421,53,0
5422,39,0
5423,56,0
5424,57,1
5425,109,1
5426,72,0
5427,33,0
5428,88,0
5429,134,0
5430,135,1
5431,69,0
5432,73,1
5433,41,1
5434,41,0
5435,33,0
5436,89,1
5437,64,0
5438,79,1
5439,51,1
5440,90,0
5441,83,0
5442,155,1
5443,46,0
5444,135,1
5445,20,0
5446,116,1
5447,55,0
5448,30,1
5449,200,0
5450,124,1
5451,24,0
5452,45,0
5453,30,0
5454,73,1
5455,55,1
5456,104,0
5457,74,0
5458,61,1
5459,38,1
5460,95,0
5461,45,0
5462,76,1
5463,94,0
5464,69,1
5465,45,0
5466,50,0
5467,53,0
5468,55,0
5469,105,1
5470,97,0
5471,46,1
5472,35,1
5473,36,1
5474,47,1
5475,53,0
5476,160,0
5477,15,0
5478,80,1
5479,31,0
5480,79,0
5481,78,1
5482,43,0
5483,69,0
5484,27,1
5485,46,1
5486,76,0
5487,80,0
5488,77,0
5489,52,1
5490,94,1
5491,53,0
5492,89,0
5493,40,1
5494,59,1
5495,59,1
5496,89,0
5497,95,1
5498,54,1
5499,37,1
5500,47,1
5501,73,0
5502,80,0
5503,80,0
5504,48,1
5505,61,1
5506,53,1
5507,62,0
5508,36,0
5509,39,1
5510,140,0
5511,110,1
5512,30,0
5513,105,1
5514,63,0
5515,31,0
5516,42,0
5517,59,0
5518,119,1
5519,77,0
5520,117,0
5521,72,0
5522,57,0
5523,51,0
5524,122,0
5525,95,0
5526,55,0
5527,71,1
5528,37,0
5529,39,0
5530,64,0
5531,23,0
5532,64,0
5533,57,0
5534,31,1
5535,37,0
5536,91,0
5537,121,1
5538,90,0
5539,67,0
5540,46,0
5541,52,0
5542,53,1
5543,85,1
5544,147,0
5545,42,1
5546,110,0
5547,91,0
5548,59,0
5549,25,0
5550,87,0
5551,13,0
5552,67,0
5553,76,0
5554,76,1
5555,159,1
5556,68,1
5557,130,0
5558,92,0
5559,53,0
5560,87,0
5561,175,1
5562,124,1
5563,85,1
5564,20,1
5565,51,0
5566,79,0
5567,52,1
5568,77,0
5569,41,0
5570,48,1
5571,95,0
5572,52,1
5573,75,1
5574,58,0
5575,45,0
5576,60,1
5577,25,0
5578,24,1
5579,79,0
5580,51,1
5581,33,1
5582,45,1
5583,39,0
5584,23,1
5585,32,1
5586,96,0
5587,56,1
5588,24,0
5589,66,0
5590,79,0
5591,112,0
5592,51,1
5593,109,1
5594,74,1
5595,43,1
5596,37,0
5597,46,0
5598,49,0
5599,34,0
5600,48,1
5601,20,0
5602,53,1
5603,83,0
5604,105,1
5605,123,1
5606,53,0
5607,110,1
5608,78,0
5609,36,0
5610,83,0
5611,72,0
5612,29,1
5613,45,0
5614,18,0
5615,39,0
5616,35,1
5617,62,0
5618,29,0
5619,81,0
5620,70,1
5621,49,1
5622,44,0
5623,64,0
5624,50,1
5625,65,1
5626,61,0
5627,68,1
5628,32,0
5629,41,0
5630,58,0
5631,104,1
5632,78,1
5633,58,1
5634,47,1
5635,115,1
5636,62,1
5637,51,0
5638,33,1
5639,111,0
5640,97,0
5641,87,0
5642,26,0
5643,109,1
5644,68,0
5645,89,0
5646,68,0
5647,150,0
5648,153,0
5649,70,0
5650,39,0
5651,54,1
5652,105,0
5653,30,0
5654,95,1
5655,47,1
5656,142,0
5657,48,1
5658,91,1
5659,46,0
5660,71,0
5661,40,1
5662,88,0
5663,51,0
5664,128,0
5665,58,1
5666,47,0
5667,90,0
5668,43,1
5669,106,0
5670,33,0
5671,78,1
5672,45,0
5673,38,0
5674,32,0
5675,90,1
5676,55,1
5677,85,1
5678,52,0
5679,75,0
5680,68,0
5681,174,1
5682,89,0
5683,183,0
5684,54,0
5685,77,1
5686,119,0
5687,100,0
5688,63,1
5689,153,1
5690,34,1
5691,82,0
5692,124,0
5693,89,1
5694,101,0
5695,81,1
5696,90,0
5697,72,0
5698,49,1
5699,37,0
5700,47,0
5701,147,0
5702,44,0
5703,25,0
5704,64,1
5705,28,0
5706,78,1
5707,77,1
5708,50,0
5709,126,0
5710,104,0
5711,51,0
5712,105,0
5713,133,0
5714,133,0
5715,50,1
5716,138,1
5717,138,0
5718,62,0
5719,26,0
5720,38,1
5721,41,1
5722,124,0
5723,73,0
5724,104,0
5725,92,0
5726,101,0
5727,50,1
5728,150,1
5729,56,0
5730,52,1
5731,110,0
5732,100,1
5733,90,1
5734,51,0
5735,193,0
5736,29,1
5737,190,1
5738,18,0
5739,45,1
5740,39,0
5741,101,0
5742,86,1
5743,33,0
5744,106,0
5745,45,0
5746,112,1
5747,61,0
5748,45,1
5749,55,0
5750,30,1
5751,76,1
5752,33,0
5753,59,1
5754,54,0
5755,44,0
5756,21,0
5757,48,1
5758,57,0
5759,46,0
5760,31,0
5761,62,0
5762,89,1
5763,81,0
5764,94,0
5765,51,0
5766,91,0
5767,67,1
5768,48,0
5769,37,0
5770,39,0
5771,79,1
5772,93,0
5773,28,1
5774,115,1
5775,36,0
5776,61,0
5777,24,0
5778,130,0
5779,140,0
5780,39,0
5781,94,0
5782,65,0
5783,32,1
5784,56,1
5785,20,0
5786,48,0
5787,47,0
5788,167,0
5789,94,0
5790,72,1
5791,73,1
5792,51,0
5793,75,0
5794,80,0
5795,69,1
5796,120,1
5797,29,1
5798,105,0
5799,67,0
5800,154,1
5801,38,0
5802,165,0
5803,47,1
5804,43,0
5805,57,1
5806,37,0
5807,99,0
5808,33,1
5809,84,1
5810,77,0
5811,34,1
5812,82,0
5813,55,1
5814,60,0
5815,71,1
5816,57,1
5817,53,1
5818,62,0
5819,84,0
5820,31,0
5821,108,0
5822,67,1
5823,74,0
5824,35,1
5825,96,0
5826,96,1
5827,46,0
5828,116,1
5829,102,0
5830,160,1
5831,32,0
5832,44,0
5833,52,1
5834,96,1
5835,76,1
5836,55,0
5837,108,1
5838,91,1
5839,36,0
5840,51,1
5841,47,1
5842,55,1
5843,108,1
5844,163,0
5845,44,0
5846,83,0
5847,57,0
5848,155,0
5849,59,0
5850,155,1
5851,77,0
5852,52,0
5853,69,0
5854,31,1
5855,41,1
5856,69,1
5857,115,1
5858,30,1
5859,99,0
5860,39,0
5861,11,0
5862,83,0
5863,80,1
5864,32,0
5865,18,1
5866,20,0
5867,34,1
5868,95,1
5869,52,0
5870,77,1
5871,56,1
5872,66,0
5873,126,1
5874,79,0
5875,48,0
5876,69,0
5877,32,1
5878,44,1
5879,60,0
5880,105,1
5881,33,0
5882,66,1
5883,144,0
5884,93,1
5885,85,1
5886,37,0
5887,81,0
5888,113,1
5889,30,1
5890,48,0
5891,41,0
5892,43,1
5893,25,1
5894,82,0
5895,79,0
5896,65,1
5897,44,0
5898,41,0
5899,43,0
5900,30,1
5901,61,1
5902,90,0
5903,55,0
5904,96,1
5905,126,1
5906,48,0
5907,55,1
5908,119,1
5909,29,1
5910,41,0
5911,200,0
5912,67,0
5913,200,0
5914,40,1
5915,50,0
5916,34,0
5917,41,0
5918,52,0
5919,39,0
5920,40,0
5921,64,0
5922,79,0
5923,133,0
5924,98,0
5925,53,0
5926,44,0
5927,47,1
5928,36,0
5929,108,0
5930,65,1
5931,77,0
5932,54,1
5933,84,0
5934,40,0
5935,68,0
5936,96,1
5937,74,0
5938,27,0
5939,50,1
5940,122,0
5941,49,0
5942,50,0
5943,45,0
5944,61,1
5945,57,1
5946,32,0
5947,52,1
5948,143,1
5949,26,0
5950,93,0
5951,80,0
5952,65,0
5953,74,0
5954,65,0
5955,15,0
5956,36,0
5957,32,1
5958,124,0
5959,117,1
5960,63,0
5961,154,0
5962,43,0
5963,40,1
5964,61,0
5965,58,0
5966,54,1
5967,53,1
5968,25,0
5969,35,1
5970,130,0
5971,49,0
5972,71,1
5973,47,0
5974,51,0
5975,39,0
5976,51,0
5977,41,1
5978,29,0
5979,33,1
5980,51,0
5981,19,1
5982,69,1
5983,30,0
5984,34,1
5985,72,0
5986,34,0
5987,37,0
5988,61,1
5989,71,0
5990,47,1
5991,148,1
5992,40,0
5993,14,0
5994,89,1
5995,30,0
5996,37,0
5997,67,0
5998,73,0
5999,67,0
6000,62,0
6001,40,0
6002,32,1
6003,65,0
6004,120,0
6005,89,0
6006,46,0
6007,104,1
6008,120,0
6009,52,0
6010,64,1
6011,49,0
6012,85,1
6013,39,0
6014,85,0
6015,85,1
6016,59,1
6017,61,0
6018,63,0
6019,93,0
6020,76,0
6021,84,0
6022,66,0
6023,24,1
6024,55,0
6025,81,0
6026,71,0
6027,43,1
6028,16,0
6029,72,0
6030,51,1
6031,88,0
6032,22,0
6033,169,1
6034,35,0
6035,42,1
6036,86,0
6037,47,1
6038,15,0
6039,61,0
6040,126,0
6041,83,1
6042,128,0
6043,46,1
6044,44,1
6045,53,1
6046,78,0
6047,64,0
6048,32,0
6049,20,0
6050,79,0
6051,18,0
6052,47,0
6053,69,0
6054,81,1
6055,62,0
6056,94,1
6057,74,0
6058,38,1
6059,48,0
6060,63,0
6061,43,1
6062,72,0
6063,132,0
6064,50,0
6065,48,0
6066,57,1
6067,66,1
6068,94,0
6069,67,1
6070,29,1
6071,43,1
6072,84,0
6073,134,1
6074,200,0
6075,79,0
6076,124,0
6077,52,0
6078,49,0
6079,109,1
6080,47,0
6081,49,0
6082,95,1
6083,52,0
6084,33,0
6085,76,1
6086,54,0
6087,46,0
6088,73,0
6089,111,1
6090,51,0
6091,99,1
6092,60,0
6093,25,0
6094,107,0
6095,27,1
6096,88,0
6097,26,0
6098,49,0
6099,46,1
6100,49,1
6101,74,0
6102,70,0
6103,58,1
6104,57,0
6105,33,1
6106,51,1
6107,106,1
6108,50,1
6109,33,1
6110,84,0
6111,56,0
6112,54,1
6113,106,0
6114,33,1
6115,46,0
6116,49,0
6117,27,1
6118,31,0
6119,92,0
6120,179,0
6121,39,0
6122,68,0
6123,73,0
6124,44,1
6125,51,0
6126,56,0
6127,132,0
6128,54,1
6129,40,0
6130,113,1
6131,40,0
6132,82,0
6133,39,0
6134,56,0
6135,94,0
6136,53,1
6137,24,0
6138,49,1
6139,42,1
6140,64,1
6141,29,1
6142,152,1
6143,53,0
6144,96,0
6145,32,1
6146,46,1
6147,29,0
6148,22,0
6149,75,0
6150,36,0
6151,66,0
6152,51,0
6153,103,1
6154,77,1
6155,175,0
6156,41,0
6157,84,0
6158,26,0
6159,41,1
6160,24,0
6161,36,1
6162,42,0
6163,33,1
6164,58,0
6165,35,0
6166,39,1
6167,56,1
6168,41,1
6169,28,0
6170,59,0
6171,40,0
6172,85,0
6173,88,0
6174,47,1
6175,93,1
6176,47,1
6177,109,1
6178,63,1
6179,69,1
6180,67,1
6181,41,1
6182,48,0
6183,43,0
6184,111,0
6185,27,0
6186,75,0
6187,90,1
6188,32,0
6189,93,1
6190,87,1
6191,50,0
6192,67,0
6193,32,1
6194,90,0
6195,39,0
6196,20,0
6197,87,1
6198,54,0
6199,139,0
6200,26,0
6201,60,1
6202,35,0
6203,37,0
6204,37,1
6205,38,0
6206,91,0
6207,102,0
6208,59,0
6209,116,1
6210,52,1
6211,78,1
6212,75,1
6213,100,1
6214,30,0
6215,91,1
6216,41,0
6217,64,0
6218,84,1
6219,41,0
6220,77,0
6221,85,0
6222,56,0
6223,26,1
6224,32,0
6225,187,0
6226,81,1
6227,105,1
6228,83,0
6229,58,1
6230,39,0
6231,62,0
6232,37,0
6233,79,0
6234,47,1
6235,38,1
6236,87,1
6237,137,0
6238,62,0
6239,112,1
6240,116,1
6241,60,1
6242,90,0
6243,76,0
6244,47,0
6245,75,0
6246,110,1
6247,71,1
6248,51,0
6249,31,0
6250,84,0
6251,63,0
6252,40,1
6253,30,1
6254,37,0
6255,51,1
6256,26,0
6257,41,1
6258,56,0
6259,63,0
6260,29,0
6261,82,1
6262,90,0
6263,51,0
6264,39,0
6265,41,1
6266,55,0
6267,49,0
6268,18,0
6269,90,0
6270,35,1
6271,53,0
6272,90,1
6273,74,0
6274,91,0
6275,49,1
6276,98,1
6277,25,1
6278,101,1
6279,65,0
6280,95,0
6281,43,0
6282,148,1
6283,44,1
6284,63,0
6285,152,1
6286,27,1
6287,50,1
6288,85,1
6289,32,1
6290,74,1
6291,64,1
6292,39,0
6293,65,0
6294,71,0
6295,59,1
6296,75,0
6297,35,0
6298,146,1
6299,33,1
6300,75,0
6301,101,1
6302,65,1
6303,54,0
6304,63,1
6305,90,0
6306,58,0
6307,88,1
6308,58,0
6309,27,0
6310,44,1
6311,29,1
6312,63,0
6313,43,0
6314,32,0
6315,80,0
6316,53,0
6317,73,0
6318,39,0
6319,29,1
6320,40,0
6321,51,0
6322,34,0
6323,131,0
6324,79,1
6325,71,0
6326,117,0
6327,39,0
6328,149,0
6329,91,0
6330,83,1
6331,12,0
6332,39,0
6333,72,0
6334,143,0
6335,49,0
6336,162,0
6337,54,0
6338,47,0
6339,34,0
6340,34,0
6341,63,1
6342,33,0
6343,94,0
6344,123,0
6345,51,0
6346,46,0
6347,125,1
6348,130,0
6349,44,0
6350,57,1
6351,45,1
6352,43,0
6353,35,1
6354,37,0
6355,93,1
6356,73,0
6357,61,1
6358,33,1
6359,39,0
6360,66,0
6361,98,1
6362,37,0
6363,74,1
6364,43,0
6365,64,0
6366,49,0
6367,52,0
6368,97,0
6369,23,0
6370,66,0
6371,52,1
6372,45,0
6373,31,0
6374,59,1
6375,44,1
6376,108,1
6377,34,1
6378,27,0
6379,58,0
6380,99,1
6381,125,1
6382,59,1
6383,104,1
6384,42,1
6385,75,0
6386,38,0
6387,49,1
6388,36,1
6389,72,0
6390,99,1
6391,34,0
6392,80,1
6393,51,0
6394,85,1
6395,38,0
6396,86,0
6397,28,0
6398,48,1
6399,54,1
6400,51,0
6401,61,0
6402,53,1
6403,54,1
6404,34,0
6405,51,0
6406,55,0
6407,46,0
6408,112,0
6409,91,1
6410,15,0
6411,57,1
6412,49,1
6413,144,0
6414,61,0
6415,123,0
6416,38,1
6417,26,1
6418,74,0
6419,90,1
6420,91,0
6421,62,0
6422,76,1
6423,36,0
6424,69,0
6425,113,0
6426,85,1
6427,36,1
6428,18,0
6429,62,1
6430,70,0
6431,99,0
6432,49,0
6433,39,1
6434,79,1
6435,55,0
6436,28,0
6437,67,0
6438,94,0
6439,139,0
6440,53,0
6441,62,1
6442,84,1
6443,54,0
6444,115,0
6445,76,0
6446,87,1
6447,42,0
6448,47,1
6449,87,0
6450,55,0
6451,86,0
6452,19,1
6453,104,0
6454,96,0
6455,75,0
6456,110,0
6457,90,1
6458,52,1
6459,88,0
6460,36,0
6461,79,0
6462,110,0
6463,163,0
6464,39,1
6465,99,0
6466,41,0
6467,51,0
6468,121,1
6469,47,0
6470,54,0
6471,47,1
6472,78,0
6473,63,0
6474,88,0
6475,47,1
6476,159,0
6477,41,0
6478,24,0
6479,68,0
6480,48,0
6481,71,0
6482,50,0
6483,46,0
6484,79,0
6485,117,1
6486,42,1
6487,43,1
6488,49,1
6489,41,1
6490,35,0
6491,77,1
6492,52,0
6493,60,0
6494,36,0
6495,91,0
6496,121,1
6497,117,1
6498,49,1
6499,53,0
6500,45,0
6501,54,0
6502,26,0
6503,69,0
6504,50,1
6505,152,1
6506,120,0
6507,82,1
6508,67,0
6509,104,1
6510,155,1
6511,49,1
6512,57,0
6513,27,1
6514,97,1
6515,79,0
6516,155,0
6517,122,1
6518,50,0
6519,21,0
6520,57,0
6521,163,0
6522,44,0
6523,38,1
6524,57,0
6525,28,0
6526,102,1
6527,38,0
6528,64,0
6529,39,0
6530,108,0
6531,45,1
6532,62,0
6533,88,0
6534,71,1
6535,164,1
6536,62,1
6537,75,0
6538,119,0
6539,50,1
6540,34,0
6541,90,0
6542,70,0
6543,60,1
6544,43,1
6545,91,0
6546,117,1
6547,60,0
6548,51,0
6549,63,1
6550,161,0
6551,61,0
6552,59,1
6553,73,0
6554,49,0
6555,143,0
6556,17,0
6557,33,0
6558,89,1
6559,103,0
6560,64,0
6561,45,0
6562,51,1
6563,38,1
6564,18,0
6565,64,0
6566,40,1
6567,84,0
6568,58,0
6569,67,1
6570,91,0
6571,71,1
6572,137,0
6573,71,0
6574,92,0
6575,165,0
6576,39,0
6577,63,1
6578,38,0
6579,28,0
6580,69,0
6581,74,0
6582,75,0
6583,32,0
6584,145,0
6585,63,0
6586,150,1
6587,29,1
6588,63,1
6589,76,0
6590,40,1
6591,38,1
6592,99,0
6593,55,1
6594,34,1
6595,103,0
6596,148,1
6597,97,0
6598,73,0
6599,38,1
6600,36,0
6601,96,0
6602,74,0
6603,75,1
6604,71,0
6605,96,0
6606,116,0
6607,79,0
6608,20,0
6609,111,1
6610,49,1
6611,102,1
6612,29,0
6613,36,1
6614,107,0
6615,47,1
6616,56,1
6617,56,0
6618,63,0
6619,38,1
6620,26,1
6621,80,1
6622,78,0
6623,49,1
6624,41,0
6625,108,0
6626,66,0
6627,37,0
6628,79,0
6629,50,0
6630,114,0
6631,58,0
6632,68,1
6633,18,0
6634,44,0
6635,85,1
6636,97,0
6637,32,0
6638,42,1
6639,63,0
6640,25,0
6641,60,1
6642,30,1
6643,23,0
6644,132,1
6645,44,0
6646,104,0
6647,59,0
6648,67,0
6649,79,1
6650,49,1
6651,127,0
6652,95,1
6653,87,1
6654,29,0
6655,57,0
6656,33,0
6657,48,1
6658,41,0
6659,67,1
6660,47,0
6661,53,1
6662,59,1
6663,39,0
6664,71,0
6665,125,0
6666,66,1
6667,151,0
6668,45,1
6669,66,0
6670,104,1
6671,68,0
6672,44,0
6673,73,0
6674,55,0
6675,61,0
6676,60,1
6677,54,0
6678,75,0
6679,79,0
6680,50,0
6681,51,1
6682,15,0
6683,92,1
6684,63,0
6685,65,1
6686,156,0
6687,69,1
6688,54,0
6689,44,0
6690,115,0
6691,78,1
6692,59,1
6693,58,1
6694,33,0
6695,93,1
6696,26,1
6697,81,1
6698,41,1
6699,61,0
6700,58,0
6701,72,0
6702,113,1
6703,85,0
6704,127,1
6705,59,1
6706,48,0
6707,131,1
6708,77,1
6709,41,0
6710,45,1
6711,81,1
6712,43,1
6713,48,1
6714,19,0
6715,45,0
6716,164,0
6717,66,0
6718,36,1
6719,83,1
6720,40,1
6721,43,0
6722,41,1
6723,51,0
6724,56,0
6725,69,1
6726,56,1
6727,26,0
6728,146,1
6729,59,1
6730,39,0
6731,75,0
6732,106,0
6733,65,0
6734,132,0
6735,17,0
6736,72,0
6737,44,0
6738,73,0
6739,52,0
6740,56,1
6741,30,0
6742,27,0
6743,25,1
6744,43,0
6745,45,1
6746,51,1
6747,53,1
6748,30,0
6749,15,0
6750,49,0
6751,46,1
6752,57,1
6753,106,1
6754,89,1
6755,46,0
6756,73,0
6757,77,0
6758,85,0
6759,122,0
6760,54,0
6761,31,0
6762,35,1
6763,64,1
6764,51,0
6765,46,1
6766,29,0
6767,25,0
6768,159,0
6769,35,0
6770,47,0
6771,58,1
6772,63,1
6773,58,1
6774,70,1
6775,61,0
6776,43,1
6777,80,0
6778,38,1
6779,84,0
6780,66,1
6781,28,0
6782,54,0
6783,83,0
6784,56,1
6785,107,1
6786,98,0
6787,94,1
6788,47,1
6789,33,0
6790,42,1
6791,62,0
6792,78,1
6793,42,1
6794,83,0
6795,47,0
6796,56,1
6797,29,0
6798,35,0
6799,25,0
6800,93,0
6801,64,0
6802,80,1
6803,60,0
6804,62,1
6805,54,0
6806,171,0
6807,200,0
6808,52,1
6809,119,0
6810,57,1
6811,41,0
6812,56,0
6813,48,1
6814,18,0
6815,57,1
6816,61,1
6817,69,0
6818,54,1
6819,55,0
6820,52,1
6821,73,0
6822,65,0
6823,34,1
6824,34,0
6825,54,1
6826,79,1
6827,82,0
6828,99,0
6829,158,1
6830,73,0
6831,21,0
6832,50,0
6833,32,1
6834,45,0
6835,50,0
6836,43,1
6837,35,1
6838,37,0
6839,26,0
6840,175,0
6841,48,0
6842,49,0
6843,23,0
6844,32,0
6845,59,0
6846,39,1
6847,70,1
6848,103,0
6849,47,0
6850,70,0
6851,200,0
6852,57,0
6853,30,0
6854,118,1
6855,47,1
6856,125,1
6857,64,1
6858,105,1
6859,96,0
6860,66,0
6861,86,0
6862,51,1
6863,41,0
6864,37,0
6865,74,1
6866,90,0
6867,58,0
6868,59,0
6869,30,1
6870,59,0
6871,62,1
6872,158,1
6873,43,1
6874,47,1
6875,123,0
6876,87,1
6877,38,1
6878,89,1
6879,119,0
6880,41,0
6881,63,1
6882,81,0
6883,39,0
6884,17,0
6885,38,1
6886,81,1
6887,53,0
6888,50,0
6889,61,1
6890,43,0
6891,29,0
6892,61,1
6893,83,0
6894,84,1
6895,32,0
6896,111,0
6897,58,0
6898,65,0
6899,97,1
6900,90,1
6901,56,0
6902,39,0
6903,63,1
6904,51,1
6905,135,0
6906,58,0
6907,54,0
6908,27,1
6909,106,0
6910,61,0
6911,50,1
6912,46,1
6913,67,1
6914,71,0
6915,57,1
6916,53,0
6917,96,0
6918,116,1
6919,48,0
6920,118,1
6921,30,0
6922,30,0
6923,65,1
6924,18,0
6925,73,1
6926,44,0
6927,20,0
6928,108,0
6929,163,0
6930,36,1
6931,53,0
6932,35,0
6933,80,1
6934,32,1
6935,82,1
6936,73,0
6937,48,1
6938,134,0
6939,15,0
6940,23,1
6941,48,0
6942,62,0
6943,86,0
6944,87,0
6945,63,0
6946,20,0
6947,79,1
6948,38,0
6949,52,0
6950,52,1
6951,31,0
6952,83,0
6953,71,0
6954,80,0
6955,29,0
6956,45,1
6957,110,1
6958,97,0
6959,78,0
6960,98,0
6961,34,1
6962,73,0
6963,59,0
6964,33,0
6965,36,1
6966,113,0
6967,94,1
6968,42,1
6969,17,0
6970,79,1
6971,37,1
6972,31,1
6973,121,0
6974,55,1
6975,42,0
6976,58,0
6977,94,1
6978,84,1
6979,103,0
6980,42,1
6981,89,0
6982,40,0
6983,91,1
6984,34,0
6985,49,0
6986,88,0
6987,71,1
6988,43,1
6989,78,0
6990,94,0
6991,36,1
6992,113,0
6993,49,1
6994,76,1
6995,113,0
6996,35,0
6997,71,1
6998,173,1
6999,34,1
7000,114,0
7001,200,0
7002,48,0
7003,86,0
7004,28,0
7005,20,0
7006,78,0
7007,32,0
7008,14,0
7009,83,1
7010,66,0
7011,132,0
7012,26,1
7013,112,1
7014,20,0
7015,44,0
7016,50,1
7017,54,0
7018,57,0
7019,42,0
7020,47,0
7021,99,1
7022,57,0
7023,101,0
7024,71,1
7025,100,1
7026,64,1
7027,97,1
7028,56,1
7029,56,0
7030,54,0
7031,94,1
7032,36,0
7033,101,0
7034,77,1
7035,40,1
7036,50,1
7037,81,0
7038,43,1
7039,21,1
7040,25,0
7041,56,0
7042,59,0
7043,54,1
7044,39,1
7045,74,0
7046,116,0
7047,29,0
7048,71,0
7049,26,0
7050,56,0
7051,82,0
7052,57,0
7053,124,0
7054,45,1
7055,57,1
7056,200,0
7057,35,1
7058,32,0
7059,74,1
7060,58,1
7061,187,1
7062,69,0
7063,81,0
7064,103,0
7065,29,0
7066,47,1
7067,65,1
7068,74,0
7069,43,1
7070,12,0
7071,31,1
7072,49,0
7073,50,0
7074,50,1
7075,25,0
7076,73,1
7077,57,1
7078,36,0
7079,112,1
7080,33,0
7081,58,1
7082,54,0
7083,53,1
7084,72,1
7085,39,1
7086,67,0
7087,32,0
7088,40,1
7089,82,1
7090,71,0
7091,111,0
7092,37,1
7093,63,1
7094,29,0
7095,29,0
7096,48,1
7097,34,1
7098,67,1
7099,85,0
7100,110,0
7101,30,0
7102,35,0
7103,171,1
7104,56,1
7105,37,0
7106,58,1
7107,51,0
7108,88,0
7109,65,1
7110,18,0
7111,54,0
7112,60,1
7113,31,0
7114,75,0
7115,44,1
7116,17,0
7117,45,0
7118,128,0
7119,30,0
7120,45,1
7121,88,1
7122,46,1
7123,41,0
7124,32,1
7125,51,1
7126,87,1
7127,51,1
7128,73,0
7129,44,0
7130,83,0
7131,67,0
7132,34,1
7133,177,0
7134,35,0
7135,70,0
7136,53,0
7137,84,0
7138,67,1
7139,36,0
7140,100,0
7141,71,1
7142,55,0
7143,45,0
7144,69,1
7145,78,0
7146,18,0
7147,96,0
7148,42,0
7149,58,0
7150,68,1
7151,41,1
7152,49,0
7153,22,0
7154,41,0
7155,104,0
7156,36,1
7157,64,0
7158,92,1
7159,43,0
7160,31,0
7161,42,1
7162,47,0
7163,105,0
7164,98,0
7165,63,0
7166,31,0
7167,30,0
7168,32,0
7169,38,0
7170,14,0
7171,117,1
7172,181,0
7173,53,0
7174,48,1
7175,65,0
7176,61,0
7177,35,0
7178,103,1
7179,57,1
7180,46,1
7181,41,0
7182,52,0
7183,69,1
7184,60,1
7185,90,1
7186,157,1
7187,58,1
7188,23,0
7189,18,1
7190,104,1
7191,57,0
7192,53,1
7193,56,1
7194,39,1
7195,33,0
7196,90,0
7197,22,0
7198,85,1
7199,32,1
7200,94,1
7201,69,1
7202,82,1
7203,55,1
7204,43,0
7205,43,1
7206,68,1
7207,200,0
7208,64,1
7209,34,0
7210,99,0
7211,95,0
7212,44,1
7213,57,0
7214,105,0
7215,60,0
7216,26,0
7217,37,1
7218,84,1
7219,92,0
7220,41,0
7221,78,0
7222,83,0
7223,66,0
7224,48,1
7225,79,0
7226,63,1
7227,45,1
7228,28,0
7229,83,0
7230,76,0
7231,94,0
7232,59,0
7233,18,0
7234,50,0
7235,85,0
7236,17,1
7237,44,0
7238,62,1
7239,51,1
7240,80,0
7241,68,0
7242,17,0
7243,57,1
7244,67,0
7245,200,0
7246,59,0
7247,79,1
7248,59,1
7249,31,0
7250,24,0
7251,49,0
7252,45,1
7253,91,0
7254,63,1
7255,92,1
7256,88,1
7257,13,0
7258,56,0
7259,49,0
7260,65,0
7261,43,1
7262,29,0
7263,68,0
7264,80,1
7265,49,0
7266,101,1
7267,118,1
7268,42,0
7269,61,1
7270,98,0
7271,110,1
7272,72,0
7273,78,0
7274,48,0
7275,48,0
7276,60,0
7277,58,1
7278,37,1
7279,86,0
7280,52,0
7281,57,1
7282,26,1
7283,63,1
7284,98,1
7285,68,1
7286,85,1
7287,39,0
7288,124,0
7289,47,1
7290,55,0
7291,61,0
7292,23,0
7293,84,0
7294,56,0
7295,50,0
7296,90,1
7297,105,0
7298,47,0
7299,96,1
7300,101,1
7301,20,0
7302,46,0
7303,74,1
7304,127,1
7305,33,1
7306,50,0
7307,28,0
7308,39,0
7309,66,1
7310,33,1
7311,25,0
7312,30,0
7313,50,0
7314,28,1
7315,19,0
7316,36,0
7317,64,1
7318,79,0
7319,48,1
7320,41,0
7321,64,0
7322,106,1
7323,73,1
7324,96,1
7325,144,0
7326,200,0
7327,75,0
7328,12,0
7329,41,0
7330,45,1
7331,105,0
7332,52,0
7333,43,0
7334,44,1
7335,14,0
7336,63,0
7337,113,1
7338,42,0
7339,124,0
7340,89,1
7341,95,1
7342,98,1
7343,31,0
7344,94,0
7345,17,0
7346,47,1
7347,50,0
7348,60,0
7349,66,1
7350,75,0
7351,81,0
7352,49,0
7353,69,1
7354,83,1
7355,103,0
7356,49,1
7357,53,0
7358,42,1
7359,40,1
7360,41,1
7361,40,0
7362,84,0
7363,60,0
7364,64,0
7365,34,0
7366,128,0
7367,46,0
7368,16,0
7369,52,1
7370,50,0
7371,123,1
7372,52,0
7373,87,0
7374,33,0
7375,121,1
7376,122,0
7377,92,0
7378,48,0
7379,50,1
7380,78,1
7381,73,1
7382,96,0
7383,105,0
7384,49,0
7385,47,1
7386,81,0
7387,95,1
7388,29,0
7389,68,0
7390,83,1
7391,84,0
7392,57,0
7393,45,1
7394,131,1
7395,79,0
7396,90,0
7397,117,1
7398,55,1
7399,33,0
7400,78,0
7401,42,0
7402,136,0
7403,72,0
7404,42,1
7405,37,1
7406,88,0
7407,74,0
7408,52,0
7409,76,1
7410,62,0
7411,37,0
7412,36,0
7413,124,0
7414,103,1
7415,144,1
7416,96,0
7417,47,0
7418,38,1
7419,42,1
7420,61,0
7421,12,0
7422,85,0
7423,82,0
7424,42,0
7425,42,1
7426,56,0
7427,62,1
7428,32,0
7429,45,1
7430,46,1
7431,40,0
7432,46,1
7433,40,1
7434,40,0
7435,26,0
7436,57,0
7437,46,1
7438,68,1
7439,88,1
7440,65,1
7441,38,0
7442,78,1
7443,25,0
7444,78,0
7445,54,0
7446,44,1
7447,95,0
7448,33,0
7449,27,0
7450,115,0
7451,19,0
7452,65,0
7453,126,1
7454,38,0
7455,52,0
7456,79,1
7457,30,0
7458,55,0
7459,100,0
7460,90,1
7461,29,0
7462,200,0
7463,48,0
7464,49,0
7465,111,1
7466,68,1
7467,57,1
7468,48,1
7469,85,1
7470,76,0
7471,67,0
7472,23,0
7473,11,0
7474,61,1
7475,94,1
7476,31,1
7477,43,0
7478,31,0
7479,34,1
7480,74,0
7481,104,1
7482,18,1
7483,50,0
7484,58,1
7485,142,1
7486,100,0
7487,55,0
7488,51,1
7489,124,1
7490,43,0
7491,45,1
7492,39,0
7493,98,0
7494,63,1
7495,53,0
7496,29,0
7497,81,1
7498,73,1
7499,200,0
7500,56,0
7501,58,0
7502,200,0
7503,75,0
7504,19,0
7505,54,0
7506,49,1
7507,133,0
7508,23,0
7509,39,0
7510,49,0
7511,72,1
7512,46,0
7513,45,0
7514,128,0
7515,63,0
7516,35,0
7517,57,0
7518,68,0
7519,176,1
7520,49,1
7521,99,1
7522,50,1
7523,52,0
7524,49,1
7525,62,1
7526,79,0
7527,77,1
7528,46,1
7529,67,0
7530,91,0
7531,27,0
7532,52,1
7533,51,0
7534,72,0
7535,59,1
7536,50,1
7537,57,0
7538,72,1
7539,47,1
7540,36,0
7541,71,0
7542,58,1
7543,71,1
7544,112,0
7545,88,0
7546,111,0
7547,13,0
7548,63,1
7549,40,0
7550,45,0
7551,168,0
7552,49,0
7553,78,1
7554,197,0
7555,40,1
7556,135,0
7557,31,0
7558,92,1
7559,200,0
7560,63,1
7561,59,0
7562,79,0
7563,112,1
7564,193,0
7565,88,0
7566,50,1
7567,63,0
7568,77,0
7569,155,0
7570,36,0
7571,115,0
7572,113,1
7573,19,1
7574,52,1
7575,121,0
7576,70,0
7577,56,0
7578,50,0
7579,24,0
7580,98,1
7581,28,0
7582,70,0
7583,90,1
7584,77,1
7585,83,0
7586,54,0
7587,63,1
7588,182,0
7589,28,1
7590,40,0
7591,98,1
7592,84,0
7593,46,0
7594,28,1
7595,67,0
7596,85,0
7597,27,1
7598,200,0
7599,19,1
7600,55,0
7601,94,1
7602,86,0
7603,54,0
7604,22,1
7605,17,0
7606,87,1
7607,118,1
7608,103,1
7609,61,0
7610,101,0
7611,131,1
7612,87,1
7613,26,0
7614,57,0
7615,45,0
7616,90,0
7617,200,0
7618,81,0
7619,50,1
7620,39,0
7621,33,1
7622,72,0
7623,63,0
7624,200,0
7625,56,0
7626,76,0
7627,95,0
7628,40,1
7629,43,0
7630,49,0
7631,54,1
7632,67,1
7633,93,0
7634,145,1
7635,64,0
7636,63,1
7637,86,0
7638,67,0
7639,44,0
7640,88,0
7641,155,1
7642,36,1
7643,44,0
7644,45,0
7645,31,1
7646,200,0
7647,53,1
7648,25,0
7649,158,1
7650,95,1
7651,77,0
7652,78,1
7653,39,0
7654,27,1
7655,46,0
7656,29,0
7657,35,0
7658,48,0
7659,93,0
7660,50,1
7661,104,0
7662,52,0
7663,74,0
7664,42,0
7665,46,0
7666,129,0
7667,37,0
7668,21,0
7669,51,0
7670,59,0
7671,39,0
7672,59,0
7673,68,1
7674,29,1
7675,39,0
7676,62,0
7677,64,1
7678,26,1
7679,71,1
7680,76,1
7681,140,0
7682,54,1
7683,47,0
7684,86,0
7685,82,0
7686,59,0
7687,91,1
7688,74,0
7689,29,1
7690,42,1
7691,34,0
7692,38,0
7693,137,0
7694,21,0
7695,117,0
7696,101,1
7697,93,1
7698,40,1
7699,116,0
7700,72,0
7701,66,1
7702,104,1
7703,39,1
7704,39,1
7705,51,1
7706,46,0
7707,58,0
7708,51,0
7709,37,1
7710,36,0
7711,63,1
7712,76,1
7713,26,0
7714,70,1
7715,52,0
7716,30,0
7717,86,0
7718,78,1
7719,69,0
7720,36,0
7721,83,1
7722,35,0
7723,28,0
7724,63,0
7725,74,1
7726,46,1
7727,79,1
7728,43,1
7729,78,1
7730,75,0
7731,87,0
7732,20,0
7733,77,0
7734,66,1
7735,50,1
7736,37,1
7737,50,0
7738,79,1
7739,58,1
7740,75,1
7741,41,0
7742,153,1
7743,43,0
7744,65,0
7745,71,1
7746,38,1
7747,49,1
7748,50,0
7749,123,1
7750,27,0
7751,58,0
7752,28,0
7753,38,0
7754,101,1
7755,63,1
7756,128,0
7757,34,1
7758,22,0
7759,43,0
7760,41,1
7761,120,1
7762,27,0
7763,25,0
7764,109,1
7765,32,0
7766,48,1
7767,54,1
7768,62,0
7769,63,0
7770,98,0
7771,56,0
7772,112,1
7773,102,0
7774,66,0
7775,33,0
7776,70,0
7777,57,1
7778,64,1
7779,65,0
7780,35,0
7781,67,0
7782,37,0
7783,39,1
7784,44,1
7785,144,0
7786,71,1
7787,43,1
7788,18,1
7789,72,0
7790,38,0
7791,29,0
7792,126,0
7793,71,0
7794,126,1
7795,21,1
7796,54,0
7797,41,1
7798,56,1
7799,61,1
7800,35,0
7801,21,1
7802,44,0
7803,71,0
7804,56,1
7805,27,1
7806,101,1
7807,66,1
7808,38,0
7809,42,0
7810,50,0
7811,50,1
7812,50,0
7813,51,1
7814,60,1
7815,51,0
7816,70,0
7817,68,1
7818,28,0
7819,197,0
7820,77,1
7821,55,0
7822,22,0
7823,50,1
7824,56,0
7825,115,1
7826,42,0
7827,57,0
7828,48,1
7829,45,1
7830,62,0
7831,133,0
7832,57,0
7833,88,1
7834,29,1
7835,55,1
7836,24,0
7837,21,0
7838,53,0
7839,38,0
7840,76,1
7841,41,0
7842,41,1
7843,132,1
7844,74,1
7845,65,1
7846,85,0
7847,65,0
7848,74,0
7849,89,0
7850,51,1
7851,66,1
7852,43,1
7853,34,0
7854,143,0
7855,31,1
7856,58,0
7857,81,0
7858,133,0
7859,58,0
7860,48,1
7861,78,1
7862,79,0
7863,109,0
7864,40,0
7865,77,0
7866,53,1
7867,34,0
7868,49,1
7869,111,1
7870,38,0
7871,70,0
7872,46,0
7873,95,0
7874,95,0
7875,41,0
7876,74,0
7877,86,0
7878,32,1
7879,42,0
7880,42,0
7881,36,0
7882,57,1
7883,37,0
7884,67,1
7885,50,1
7886,31,0
7887,50,0
7888,84,1
7889,70,0
7890,38,1
7891,60,0
7892,61,0
7893,115,1
7894,65,1
7895,101,0
7896,46,0
7897,65,0
7898,41,1
7899,44,0
7900,130,0
7901,36,0
7902,56,0
7903,107,1
7904,27,0
7905,25,0
7906,20,0
7907,40,0
7908,26,0
7909,86,1
7910,29,0
7911,138,1
7912,85,1
7913,44,1
7914,43,1
7915,24,0
7916,102,1
7917,54,1
7918,49,1
7919,58,0
7920,41,1
7921,145,0
7922,38,1
7923,26,0
7924,25,0
7925,99,1
7926,67,0
7927,60,1
7928,43,1
7929,63,0
7930,102,0
7931,46,0
7932,65,0
7933,129,0
7934,84,0
7935,142,1
7936,119,1
7937,70,1
7938,54,0
7939,153,0
7940,52,0
7941,67,0
7942,117,0
7943,64,0
7944,82,0
7945,109,0
7946,72,1
7947,48,1
7948,81,0
7949,80,1
7950,21,0
7951,58,0
7952,25,0
7953,97,1
7954,42,1
7955,89,0
7956,82,0
7957,51,1
7958,37,1
7959,110,1
7960,42,0
7961,129,1
7962,41,0
7963,35,0
7964,65,0
7965,90,1
7966,44,1
7967,97,1
7968,78,1
7969,58,0
7970,37,1
7971,61,1
7972,33,0
7973,114,1
7974,55,0
7975,52,0
7976,90,1
7977,66,0
7978,52,0
7979,25,0
7980,74,1
7981,158,0
7982,112,1
7983,27,0
7984,125,0
7985,35,0
7986,116,0
7987,67,1
7988,114,0
7989,64,0
7990,34,0
7991,42,0
7992,72,0
7993,28,0
7994,62,0
7995,138,0
7996,70,0
7997,35,0
7998,47,0
7999,42,1
8000,58,1
8001,34,0
8002,28,1
8003,36,1
8004,146,1
8005,22,0
8006,64,0
8007,79,1
8008,38,1
8009,130,0
8010,40,1
8011,101,0
8012,45,0
8013,64,1
8014,28,0
8015,63,1
8016,35,0
8017,61,1
8018,67,1
8019,101,0
8020,84,0
8021,45,1
8022,29,0
8023,33,0
8024,53,0
8025,53,0
8026,74,1
8027,28,0
8028,157,0
8029,117,1
8030,93,1
8031,58,1
8032,69,1
8033,10,0
8034,96,0
8035,113,1
8036,81,0
8037,48,1
8038,110,0
8039,64,1
8040,42,0
8041,80,0
8042,122,0
8043,83,0
8044,111,1
8045,37,1
8046,148,0
8047,50,1
8048,48,0
8049,101,1
8050,71,1
8051,103,0
8052,143,1
8053,54,1
8054,38,1
8055,74,0
8056,98,0
8057,69,0
8058,56,0
8059,66,0
8060,46,1
8061,93,1
8062,72,1
8063,137,0
8064,139,0
8065,90,1
8066,100,1
8067,69,0
8068,54,0
8069,90,0
8070,36,0
8071,29,0
8072,53,1
8073,63,0
8074,59,0
8075,53,0
8076,23,0
8077,51,1
8078,73,1
8079,76,0
8080,27,0
8081,27,1
8082,73,1
8083,37,0
8084,52,0
8085,200,0
8086,53,0
8087,36,1
8088,33,0
8089,81,0
8090,53,0
8091,41,1
8092,44,1
8093,47,1
8094,77,0
8095,24,0
8096,55,1
8097,44,0
8098,114,0
8099,76,0
8100,63,0
8101,41,0
8102,31,1
8103,143,0
8104,120,0
8105,41,1
8106,30,0
8107,51,0
8108,48,1
8109,37,0
8110,60,0
8111,49,1
8112,71,1
8113,150,0
8114,30,1
8115,40,1
8116,50,0
8117,29,0
8118,90,1
8119,43,0
8120,63,1
8121,142,0
8122,56,1
8123,109,1
8124,30,1
8125,50,0
8126,111,1
8127,35,0
8128,148,0
8129,86,1
8130,60,0
8131,54,0
8132,141,1
8133,80,0
8134,93,0
8135,34,0
8136,32,0
8137,60,0
8138,59,1
8139,44,1
8140,35,0
8141,28,0
8142,81,0
8143,45,0
8144,53,1
8145,55,1
8146,66,0
8147,101,0
8148,104,1
8149,64,0
8150,27,0
8151,24,0
8152,76,0
8153,33,0
8154,41,1
8155,78,1
8156,66,1
8157,51,1
8158,132,0
8159,135,0
8160,93,1
8161,12,0
8162,81,1
8163,55,1
8164,34,1
8165,32,1
8166,51,0
8167,93,0
8168,45,1
8169,42,1
8170,142,0
8171,63,0
8172,32,0
8173,9,0
8174,55,0
8175,71,1
8176,53,1
8177,103,1
8178,61,1
8179,56,0
8180,53,0
8181,34,1
8182,42,1
8183,27,0
8184,59,1
8185,48,1
8186,91,0
8187,96,0
8188,28,0
8189,43,1
8190,47,0
8191,73,1
8192,85,1
8193,116,1
8194,33,1
8195,84,0
8196,47,0
8197,77,0
8198,59,0
8199,58,1
8200,56,0
8201,38,0
8202,62,0
8203,68,0
8204,48,0
8205,11,0
8206,49,0
8207,72,1
8208,61,0
8209,68,1
8210,73,0
8211,37,1
8212,91,1
8213,93,1
8214,100,0
8215,47,0
8216,37,0
8217,39,0
8218,63,0
8219,43,1
8220,99,0
8221,96,1
8222,49,0
8223,115,0
8224,40,0
8225,23,0
8226,77,0
8227,29,1
8228,50,0
8229,46,0
8230,70,0
8231,62,1
8232,27,1
8233,53,0
8234,111,0
8235,95,0
8236,102,1
8237,32,1
8238,35,0
8239,57,1
8240,39,1
8241,72,0
8242,28,0
8243,78,0
8244,67,0
8245,58,1
8246,152,0
8247,56,1
8248,71,1
8249,61,0
8250,57,1
8251,82,0
8252,51,1
8253,78,1
8254,24,0
8255,172,0
8256,45,1
8257,34,0
8258,37,1
8259,49,0
8260,55,0
8261,91,1
8262,90,1
8263,121,1
8264,149,1
8265,47,0
8266,48,1
8267,48,0
8268,76,1
8269,46,0
8270,122,1
8271,106,1
8272,58,1
8273,29,0
8274,66,0
8275,57,0
8276,101,1
8277,48,1
8278,129,0
8279,31,1
8280,51,1
8281,91,1
8282,20,0
8283,41,1
8284,73,1
8285,102,1
8286,58,1
8287,59,0
8288,46,0
8289,27,0
8290,58,1
8291,50,0
8292,18,0
8293,47,1
8294,55,0
8295,51,1
8296,70,0
8297,92,1
8298,30,1
8299,68,0
8300,58,0
8301,55,0
8302,89,1
8303,107,0
8304,144,1
8305,83,0
8306,51,1
8307,33,1
8308,26,1
8309,67,1
8310,55,0
8311,48,0
8312,30,0
8313,46,0
8314,50,0
8315,45,0
8316,20,0
8317,91,0
8318,79,0
8319,56,0
8320,83,0
8321,58,1
8322,63,1
8323,117,0
8324,24,0
8325,74,0
8326,20,0
8327,79,0
8328,91,0
8329,35,0
8330,45,1
8331,55,1
8332,19,0
8333,32,0
8334,32,1
8335,61,0
8336,48,0
8337,23,0
8338,200,0
8339,98,0
8340,91,0
8341,49,1
8342,43,0
8343,38,0
8344,116,1
8345,41,0
8346,81,0
8347,46,1
8348,56,1
8349,36,1
8350,56,1
8351,66,0
8352,77,0
8353,28,0
8354,48,1
8355,27,0
8356,42,0
8357,109,1
8358,71,0
8359,39,1
8360,150,0
8361,138,0
8362,129,1
8363,29,0
8364,157,0
8365,84,0
8366,179,1
8367,62,0
8368,54,1
8369,105,1
8370,31,0
8371,200,0
8372,79,0
8373,31,1
8374,85,0
8375,32,1
8376,40,0
8377,74,0
8378,158,0
8379,121,0
8380,31,0
8381,30,0
8382,52,1
8383,38,1
8384,29,1
8385,78,0
8386,49,0
8387,81,1
8388,200,0
8389,39,1
8390,23,0
8391,94,0
8392,66,0
8393,40,0
8394,126,1
8395,93,1
8396,41,1
8397,34,0
8398,138,0
8399,74,1
8400,64,1
8401,60,0
8402,39,0
8403,89,0
8404,15,0
8405,75,0
8406,62,1
8407,57,1
8408,68,1
8409,46,1
8410,58,0
8411,76,1
8412,32,1
8413,71,1
8414,45,0
8415,21,1
8416,80,0
8417,35,1
8418,43,1
8419,37,0
8420,64,0
8421,111,1
8422,24,0
8423,69,0
8424,38,0
8425,28,0
8426,42,0
8427,59,0
8428,26,1
8429,75,0
8430,26,0
8431,35,0
8432,20,0
8433,66,0
8434,37,0
8435,109,0
8436,130,0
8437,46,1
8438,16,0
8439,100,0
8440,38,0
8441,63,1
8442,34,0
8443,49,0
8444,84,1
8445,109,1
8446,44,1
8447,52,0
8448,75,0
8449,66,1
8450,45,1
8451,62,0
8452,33,0
8453,34,0
8454,97,1
8455,105,1
8456,153,0
8457,119,1
8458,96,1
8459,200,0
8460,86,1
8461,76,0
8462,39,0
8463,90,0
8464,66,1
8465,40,0
8466,26,0
8467,99,1
8468,85,1
8469,39,0
8470,36,1
8471,66,0
8472,77,0
8473,118,1
8474,52,1
8475,12,0
8476,104,0
8477,63,0
8478,48,1
8479,163,1
8480,36,0
8481,49,1
8482,47,1
8483,26,0
8484,44,1
8485,56,1
8486,108,1
8487,108,1
8488,48,1
8489,79,0
8490,92,0
8491,151,1
8492,123,0
8493,42,0
8494,114,0
8495,21,1
8496,33,0
8497,100,0
8498,69,0
8499,24,0
8500,36,0
8501,56,1
8502,48,0
8503,39,0
8504,95,0
8505,38,1
8506,21,0
8507,107,1
8508,61,1
8509,53,1
8510,139,0
8511,37,0
8512,105,0
8513,86,0
8514,43,1
8515,58,1
8516,30,0
8517,64,1
8518,126,0
8519,31,0
8520,85,1
8521,28,0
8522,13,0
8523,52,0
8524,170,0
8525,88,0
8526,39,1
8527,89,0
8528,37,1
8529,28,0
8530,98,0
8531,72,0
8532,51,1
8533,24,1
8534,32,0
8535,40,1
8536,53,1
8537,38,0
8538,56,0
8539,37,0
8540,68,0
8541,45,1
8542,60,1
8543,64,0
8544,53,0
8545,73,0
8546,89,1
8547,95,0
8548,21,0
8549,60,0
8550,35,1
8551,69,0
8552,111,1
8553,53,0
8554,35,0
8555,42,1
8556,43,0
8557,51,0
8558,84,1
8559,75,0
8560,73,1
8561,67,1
8562,31,0
8563,200,0
8564,50,1
8565,136,1
8566,46,0
8567,104,1
8568,65,0
8569,46,0
8570,51,0
8571,61,1
8572,35,1
8573,42,1
8574,63,0
8575,142,1
8576,90,0
8577,85,0
8578,48,0
8579,38,0
8580,20,0
8581,16,0
8582,58,0
8583,124,0
8584,50,1
8585,64,1
8586,31,1
8587,108,1
8588,69,0
8589,27,0
8590,124,0
8591,53,0
8592,116,1
8593,62,1
8594,188,0
8595,64,0
8596,101,1
8597,33,0
8598,47,1
8599,45,0
8600,53,0
8601,28,0
8602,31,0
8603,42,1
8604,72,0
8605,36,1
8606,36,0
8607,56,0
8608,42,1
8609,64,1
8610,46,1
8611,104,0
8612,44,0
8613,56,0
8614,42,0
8615,96,0
8616,106,0
8617,44,1
8618,63,0
8619,67,0
8620,53,0
8621,40,0
8622,27,1
8623,64,1
8624,45,0
8625,44,0
8626,21,0
8627,25,0
8628,61,1
8629,75,1
8630,38,0
8631,123,1
8632,46,0
8633,37,1
8634,63,1
8635,37,0
8636,25,0
8637,69,0
8638,109,1
8639,176,1
8640,43,1
8641,42,0
8642,37,1
8643,62,0
8644,50,1
8645,34,1
8646,74,0
8647,104,0
8648,40,0
8649,104,0
8650,121,1
8651,32,0
8652,134,0
8653,34,0
8654,137,1
8655,56,1
8656,61,1
8657,73,0
8658,68,0
8659,31,1
8660,33,0
8661,58,1
8662,101,0
8663,61,1
8664,79,1
8665,45,1
8666,44,0
8667,99,0
8668,44,0
8669,96,0
8670,154,1
8671,75,1
8672,36,0
8673,63,1
8674,26,0
8675,58,0
8676,41,1
8677,60,0
8678,61,0
8679,137,0
8680,93,0
8681,93,1
8682,55,0
8683,22,1
8684,146,0
8685,101,0
8686,53,0
8687,31,1
8688,108,0
8689,41,0
8690,55,0
8691,73,1
8692,73,0
8693,50,0
8694,72,0
8695,81,1
8696,43,0
8697,32,0
8698,58,0
8699,33,0
8700,76,1
8701,137,0
8702,42,1
8703,149,1
8704,62,1
8705,22,0
8706,39,1
8707,59,0
8708,135,1
8709,46,1
8710,52,0
8711,53,0
8712,200,0
8713,38,1
8714,165,0
8715,46,1
8716,54,0
8717,47,0
8718,19,0
8719,78,1
8720,40,1
8721,47,0
8722,144,0
8723,32,1
8724,157,0
8725,53,0
8726,63,0
8727,94,1
8728,74,1
8729,70,0
8730,51,0
8731,37,0
8732,27,1
8733,54,1
8734,99,1
8735,88,0
8736,86,0
8737,70,0
8738,46,1
8739,83,0
8740,28,0
8741,42,0
8742,76,0
8743,84,1
8744,33,1
8745,53,1
8746,87,0
8747,42,0
8748,36,0
8749,16,0
8750,22,0
8751,61,0
8752,24,1
8753,87,1
8754,93,1
8755,80,0
8756,60,0
8757,48,0
8758,22,0
8759,110,0
8760,66,0
8761,40,0
8762,75,0
8763,52,1
8764,38,0
8765,200,0
8766,27,0
8767,74,0
8768,71,0
8769,25,1
8770,59,0
8771,47,0
8772,80,0
8773,106,0
8774,34,0
8775,47,0
8776,53,1
8777,123,1
8778,28,1
8779,134,1
8780,99,0
8781,42,0
8782,62,1
8783,73,0
8784,35,1
8785,46,0
8786,68,0
8787,33,0
8788,42,0
8789,35,0
8790,61,0
8791,83,0
8792,26,0
8793,67,1
8794,67,0
8795,39,0
8796,78,1
8797,49,0
8798,70,0
8799,51,0
8800,67,1
8801,33,1
8802,43,1
8803,38,0
8804,24,1
8805,52,1
8806,34,0
8807,45,0
8808,63,0
8809,83,0
8810,45,0
8811,30,1
8812,96,1
8813,27,0
8814,31,0
8815,42,0
8816,53,1
8817,27,0
8818,71,1
8819,77,1
8820,39,0
8821,37,1
8822,59,1
8823,56,0
8824,50,0
8825,156,0
8826,159,0
8827,64,0
8828,67,1
8829,71,1
8830,71,0
8831,28,0
8832,74,0
8833,52,1
8834,23,0
8835,53,1
8836,68,0
8837,49,0
8838,109,0
8839,188,1
8840,75,1
8841,25,0
8842,68,0
8843,73,0
8844,101,0
8845,44,1
8846,92,1
8847,56,0
8848,35,1
8849,84,1
8850,84,0
8851,114,0
8852,101,1
8853,73,1
8854,20,0
8855,61,0
8856,43,0
8857,57,0
8858,41,1
8859,34,1
8860,59,1
8861,44,0
8862,78,0
8863,25,0
8864,72,0
8865,122,0
8866,53,1
8867,34,1
8868,65,0
8869,35,0
8870,30,1
8871,30,0
8872,73,0
8873,71,0
8874,29,0
8875,19,1
8876,134,1
8877,39,1
8878,60,1
8879,38,0
8880,113,0
8881,90,1
8882,76,0
8883,32,0
8884,85,0
8885,62,0
8886,41,0
8887,48,0
8888,64,0
8889,57,0
8890,83,0
8891,96,0
8892,29,0
8893,60,1
8894,59,0
8895,37,1
8896,50,1
8897,162,0
8898,92,1
8899,46,0
8900,58,1
8901,43,0
8902,72,0
8903,76,1
8904,87,1
8905,116,0
8906,42,0
8907,113,0
8908,68,1
8909,35,1
8910,97,1
8911,100,0
8912,62,0
8913,49,0
8914,78,0
8915,139,0
8916,87,0
8917,46,0
8918,81,0
8919,89,0
8920,53,0
8921,49,1
8922,33,1
8923,101,1
8924,90,0
8925,68,1
8926,51,0
8927,109,0
8928,40,1
8929,30,1
8930,68,0
8931,128,0
8932,50,1
8933,103,1
8934,99,1
8935,41,0
8936,87,0
8937,199,1
8938,52,0
8939,67,0
8940,44,1
8941,55,1
8942,77,0
8943,44,1
8944,51,1
8945,73,0
8946,52,0
8947,52,1
8948,51,1
8949,57,1
8950,114,0
8951,59,0
8952,55,1
8953,60,0
8954,41,0
8955,62,0
8956,48,0
8957,130,0
8958,147,1
8959,105,1
8960,99,0
8961,46,1
8962,53,0
8963,58,1
8964,45,0
8965,65,1
8966,109,0
8967,61,0
8968,35,0
8969,102,0
8970,167,1
8971,55,1
8972,49,0
8973,105,1
8974,94,0
8975,93,1
8976,54,1
8977,56,1
8978,78,0
8979,67,1
8980,143,1
8981,109,1
8982,16,0
8983,82,1
8984,66,1
8985,39,1
8986,17,0
8987,35,0
8988,48,1
8989,104,0
8990,85,0
8991,87,0
8992,16,0
8993,38,0
8994,50,0
8995,52,1
8996,38,1
8997,90,1
8998,135,1
8999,64,1
9000,50,1
9001,52,0
9002,61,1
9003,65,1
9004,54,1
9005,22,1
9006,34,0
9007,98,0
9008,57,0
9009,91,0
9010,67,0
9011,33,0
9012,158,1
9013,36,0
9014,62,0
9015,32,0
9016,44,0
9017,86,0
9018,80,0
9019,165,1
9020,18,1
9021,110,0
9022,111,1
9023,76,1
9024,76,0
9025,72,1
9026,59,0
9027,46,1
9028,80,1
9029,84,0
9030,93,0
9031,35,1
9032,59,1
9033,89,0
9034,43,1
9035,106,1
9036,149,0
9037,81,1
9038,55,0
9039,26,0
9040,96,0
9041,43,1
9042,17,0
9043,42,1
9044,44,1
9045,135,0
9046,54,1
9047,39,1
9048,49,0
9049,60,1
9050,44,0
9051,37,0
9052,45,1
9053,116,0
9054,62,0
9055,63,1
9056,38,0
9057,169,1
9058,43,0
9059,128,0
9060,29,0
9061,151,0
9062,44,1
9063,128,1
9064,76,1
9065,77,0
9066,141,1
9067,53,1
9068,40,1
9069,72,0
9070,17,0
9071,61,0
9072,49,1
9073,39,1
9074,51,0
9075,42,0
9076,56,0
9077,70,0
9078,57,1
9079,41,0
9080,76,0
9081,43,0
9082,40,0
9083,20,0
9084,61,1
9085,63,1
9086,86,0
9087,67,0
9088,69,0
9089,76,1
9090,44,1
9091,30,0
9092,71,0
9093,32,1
9094,71,0
9095,103,0
9096,71,1
9097,35,0
9098,80,0
9099,59,0
9100,87,1
9101,52,1
9102,65,0
9103,51,1
9104,68,0
9105,49,0
9106,107,0
9107,37,0
9108,96,1
9109,111,0
9110,61,0
9111,44,1
9112,118,0
9113,61,0
9114,48,1
9115,11,0
9116,101,0
9117,124,1
9118,25,1
9119,49,1
9120,30,0
9121,41,1
9122,75,0
9123,64,1
9124,55,1
9125,98,1
9126,79,1
9127,42,0
9128,67,1
9129,30,0
9130,49,1
9131,51,0
9132,173,1
9133,92,0
9134,39,0
9135,65,1
9136,65,0
9137,74,1
9138,39,0
9139,39,0
9140,73,1
9141,21,0
9142,47,0
9143,108,0
9144,37,1
9145,83,1
9146,54,0
9147,59,1
9148,101,0
9149,72,0
9150,46,0
9151,79,1
9152,41,0
9153,51,1
9154,34,0
9155,56,0
9156,45,0
9157,200,0
9158,76,0
9159,42,1
9160,54,1
9161,99,1
9162,32,1
9163,85,0
9164,26,0
9165,58,0
9166,71,0
9167,38,1
9168,25,0
9169,45,1
9170,55,1
9171,165,0
9172,91,0
9173,35,0
9174,74,1
9175,61,0
9176,26,0
9177,142,0
9178,65,0
9179,76,0
9180,82,0
9181,141,0
9182,98,1
9183,57,0
9184,58,1
9185,110,0
9186,141,1
9187,75,0
9188,67,0
9189,106,1
9190,78,1
9191,60,1
9192,55,0
9193,127,0
9194,69,0
9195,105,0
9196,60,0
9197,39,0
9198,74,1
9199,60,1
9200,52,0
9201,53,1
9202,56,0
9203,45,1
9204,91,0
9205,63,0
9206,75,1
9207,40,1
9208,37,1
9209,73,1
9210,81,1
9211,38,0
9212,16,0
9213,57,0
9214,85,0
9215,29,0
9216,152,1
9217,40,1
9218,36,0
9219,42,0
9220,87,0
9221,43,0
9222,94,1
9223,54,1
9224,136,0
9225,33,1
9226,71,0
9227,59,1
9228,64,0
9229,42,0
9230,44,1
9231,90,0
9232,40,1
9233,39,0
9234,91,0
9235,94,0
9236,50,1
9237,64,1
9238,84,0
9239,114,0
9240,67,1
9241,69,0
9242,60,1
9243,66,0
9244,31,0
9245,32,0
9246,59,1
9247,66,1
9248,24,1
9249,30,1
9250,134,0
9251,54,0
9252,35,0
9253,81,1
9254,89,1
9255,149,0
9256,76,0
9257,94,1
9258,43,0
9259,67,0
9260,80,0
9261,70,0
9262,48,0
9263,70,1
9264,67,0
9265,96,1
9266,79,1
9267,67,0
9268,62,0
9269,86,1
9270,111,1
9271,115,1
9272,30,0
9273,106,1
9274,97,1
9275,113,0
9276,81,0
9277,23,0
9278,26,0
9279,46,1
9280,70,1
9281,26,0
9282,109,0
9283,63,0
9284,20,0
9285,36,1
9286,49,0
9287,77,1
9288,72,0
9289,57,0
9290,36,1
9291,53,1
9292,42,0
9293,51,0
9294,149,0
9295,87,1
9296,50,1
9297,55,0
9298,56,0
9299,136,0
9300,56,0
9301,39,0
9302,63,0
9303,79,0
9304,172,0
9305,49,1
9306,200,1
9307,24,0
9308,28,0
9309,38,1
9310,117,1
9311,57,0
9312,36,1
9313,90,0
9314,90,0
9315,24,0
9316,63,0
9317,44,1
9318,39,1
9319,88,1
9320,39,1
9321,84,1
9322,85,1
9323,30,1
9324,42,0
9325,94,0
9326,89,1
9327,71,0
9328,35,1
9329,108,0
9330,44,0
9331,70,0
9332,104,1
9333,63,0
9334,37,0
9335,41,0
9336,32,0
9337,58,0
9338,92,0
9339,93,1
9340,134,1
9341,32,1
9342,36,1
9343,17,0
9344,119,0
9345,68,1
9346,58,0
9347,113,1
9348,43,0
9349,35,0
9350,70,1
9351,58,0
9352,96,0
9353,58,0
9354,50,0
9355,25,1
9356,59,0
9357,33,1
9358,79,1
9359,51,1
9360,121,0
9361,95,0
9362,127,1
9363,47,1
9364,66,0
9365,60,1
9366,112,1
9367,47,1
9368,116,1
9369,59,0
9370,46,1
9371,66,1
9372,84,0
9373,45,0
9374,134,0
9375,47,0
9376,32,1
9377,49,1
9378,83,0
9379,101,0
9380,50,0
9381,72,0
9382,85,0
9383,71,0
9384,68,0
9385,18,0
9386,46,1
9387,103,1
9388,85,0
9389,49,0
9390,54,1
9391,85,1
9392,66,1
9393,96,0
9394,38,0
9395,141,0
9396,200,0
9397,57,0
9398,48,0
9399,80,1
9400,23,0
9401,50,1
9402,54,1
9403,69,0
9404,57,0
9405,49,0
9406,178,1
9407,95,0
9408,50,0
9409,31,1
9410,87,1
9411,42,0
9412,140,0
9413,33,0
9414,36,1
9415,25,1
9416,32,0
9417,60,0
9418,38,0
9419,55,1
9420,58,0
9421,27,0
9422,84,0
9423,47,1
9424,200,0
9425,57,0
9426,54,0
9427,120,0
9428,113,1
9429,74,1
9430,115,0
9431,132,1
9432,18,0
9433,46,1
9434,41,0
9435,97,1
9436,104,1
9437,30,0
9438,54,1
9439,76,1
9440,42,0
9441,81,0
9442,95,1
9443,117,1
9444,41,0
9445,59,0
9446,61,0
9447,55,0
9448,38,0
9449,121,0
9450,56,1
9451,51,0
9452,28,0
9453,52,1
9454,89,0
9455,15,0
9456,39,0
9457,50,1
9458,154,0
9459,31,1
9460,20,0
9461,15,0
9462,110,1
9463,64,0
9464,34,0
9465,77,0
9466,71,0
9467,116,0
9468,69,0
9469,77,0
9470,67,1
9471,45,1
9472,76,1
9473,88,1
9474,21,0
9475,150,1
9476,73,1
9477,87,0
9478,37,0
9479,34,0
9480,39,1
9481,32,0
9482,66,0
9483,144,1
9484,42,1
9485,94,0
9486,79,1
9487,69,1
9488,75,0
9489,147,0
9490,49,1
9491,51,0
9492,76,0
9493,25,0
9494,42,0
9495,64,0
9496,21,0
9497,47,1
9498,40,1
9499,106,0
9500,31,1
9501,92,1
9502,55,0
9503,51,1
9504,38,0
9505,110,0
9506,65,1
9507,46,0
9508,39,0
9509,118,0
9510,93,0
9511,44,0
9512,52,0
9513,46,0
9514,59,0
9515,66,1
9516,58,1
9517,49,0
9518,41,0
9519,72,0
9520,68,1
9521,23,0
9522,142,0
9523,77,0
9524,16,0
9525,33,1
9526,35,0
9527,47,0
9528,38,0
9529,58,0
9530,123,0
9531,68,0
9532,40,1
9533,154,0
9534,58,0
9535,63,0
9536,72,1
9537,102,1
9538,67,0
9539,28,0
9540,55,1
9541,41,0
9542,95,1
9543,94,1
9544,96,0
9545,73,1
9546,58,0
9547,77,1
9548,75,1
9549,93,1
9550,62,0
9551,66,0
9552,61,0
9553,95,0
9554,54,0
9555,178,1
9556,74,1
9557,114,1
9558,75,0
9559,119,0
9560,81,0
9561,81,1
9562,34,0
9563,96,0
9564,58,0
9565,74,1
9566,57,0
9567,32,1
9568,52,0
9569,121,1
9570,55,0
9571,38,0
9572,71,1
9573,40,1
9574,61,1
9575,92,0
9576,103,0
9577,174,0
9578,66,0
9579,46,1
9580,144,1
9581,44,1
9582,71,1
9583,28,0
9584,42,0
9585,31,1
9586,65,0
9587,20,0
9588,58,0
9589,26,0
9590,31,0
9591,58,0
9592,171,1
9593,62,0
9594,50,1
9595,121,0
9596,89,0
9597,40,1
9598,71,1
9599,62,1
9600,89,0
9601,100,1
9602,85,0
9603,53,1
9604,63,1
9605,15,0
9606,117,1
9607,55,1
9608,42,0
9609,70,0
9610,34,0
9611,39,0
9612,100,1
9613,69,0
9614,19,0
9615,36,0
9616,82,0
9617,77,0
9618,81,0
9619,39,1
9620,23,0
9621,26,0
9622,60,0
9623,70,1
9624,39,1
9625,44,0
9626,42,0
9627,54,0
9628,54,0
9629,47,0
9630,74,0
9631,42,1
9632,117,1
9633,115,0
9634,41,1
9635,61,1
9636,40,1
9637,73,0
9638,50,0
9639,153,1
9640,48,1
9641,51,0
9642,34,0
9643,33,0
9644,66,0
9645,65,0
9646,60,0
9647,79,1
9648,36,1
9649,43,1
9650,50,0
9651,76,0
9652,68,0
9653,73,1
9654,47,0
9655,150,0
9656,68,1
9657,20,0
9658,83,1
9659,75,0
9660,49,0
9661,88,0
9662,105,0
9663,48,1
9664,40,1
9665,34,0
9666,28,0
9667,120,0
9668,39,0
9669,57,1
9670,57,0
9671,66,0
9672,47,0
9673,33,0
9674,70,1
9675,35,0
9676,37,0
9677,42,0
9678,38,1
9679,49,0
9680,36,0
9681,150,0
9682,71,0
9683,40,0
9684,111,0
9685,44,0
9686,40,1
9687,26,0
9688,46,1
9689,63,0
9690,102,1
9691,38,0
9692,72,0
9693,94,0
9694,40,1
9695,74,0
9696,43,0
9697,75,0
9698,46,0
9699,37,0
9700,56,1
9701,119,1
9702,138,1
9703,31,0
9704,37,0
9705,34,0
9706,39,0
9707,200,0
9708,47,0
9709,18,0
9710,53,1
9711,86,0
9712,33,1
9713,23,0
9714,87,0
9715,32,0
9716,49,0
9717,89,1
9718,46,1
9719,19,0
9720,64,0
9721,89,0
9722,73,1
9723,12,0
9724,32,0
9725,94,0
9726,67,0
9727,56,0
9728,72,1
9729,158,0
9730,69,0
9731,29,0
9732,34,0
9733,37,1
9734,102,0
9735,50,0
9736,51,0
9737,35,0
9738,136,1
9739,30,1
9740,107,1
9741,28,0
9742,46,0
9743,32,0
9744,122,1
9745,93,1
9746,52,0
9747,64,1
9748,73,0
9749,70,1
9750,65,1
9751,109,0
9752,80,1
9753,39,0
9754,73,0
9755,160,0
9756,57,1
9757,51,0
9758,34,1
9759,112,0
9760,18,0
9761,61,0
9762,125,1
9763,62,0
9764,60,0
9765,77,0
9766,97,1
9767,69,0
9768,55,1
9769,46,1
9770,114,0
9771,96,0
9772,114,1
9773,47,1
9774,72,0
9775,52,0
9776,71,0
9777,168,0
9778,34,0
9779,44,0
9780,41,1
9781,43,0
9782,50,1
9783,83,0
9784,72,1
9785,43,1
9786,80,1
9787,63,1
9788,19,0
9789,78,0
9790,58,0
9791,50,0
9792,41,1
9793,28,0
9794,65,0
9795,34,0
9796,30,1
9797,48,0
9798,44,1
9799,79,1
9800,22,1
9801,43,0
9802,38,1
9803,71,0
9804,56,0
9805,111,0
9806,56,0
9807,41,1
9808,53,1
9809,43,1
9810,85,1
9811,179,0
9812,34,0
9813,78,1
9814,100,1
9815,45,0
9816,70,1
9817,63,1
9818,70,0
9819,31,0
9820,140,0
9821,55,0
9822,64,0
9823,43,1
9824,39,0
9825,47,0
9826,97,1
9827,44,1
9828,98,0
9829,78,0
9830,79,1
9831,39,1
9832,38,0
9833,27,1
9834,61,0
9835,43,0
9836,112,1
9837,87,0
9838,32,0
9839,80,1
9840,174,1
9841,63,0
9842,41,0
9843,65,1
9844,45,0
9845,100,0
9846,55,1
9847,44,0
9848,88,1
9849,73,1
9850,91,0
9851,70,1
9852,44,1
9853,70,1
9854,111,1
9855,30,0
9856,42,0
9857,104,0
9858,36,0
9859,20,0
9860,41,0
9861,79,0
9862,46,0
9863,51,0
9864,72,1
9865,64,0
9866,45,0
9867,44,0
9868,28,1
9869,127,1
9870,47,1
9871,57,0
9872,36,0
9873,38,0
9874,63,0
9875,40,1
9876,56,1
9877,46,1
9878,67,1
9879,46,0
9880,96,0
9881,128,0
9882,63,1
9883,46,1
9884,98,0
9885,77,0
9886,65,0
9887,78,0
9888,56,0
9889,72,0
9890,87,0
9891,78,1
9892,92,1
9893,72,0
9894,48,1
9895,120,0
9896,56,0
9897,45,0
9898,76,0
9899,29,1
9900,112,0
9901,46,1
9902,38,1
9903,37,1
9904,45,0
9905,33,0
9906,110,0
9907,29,1
9908,52,1
9909,74,1
9910,108,0
9911,75,0
9912,42,1
9913,53,0
9914,62,1
9915,68,1
9916,51,0
9917,48,0
9918,185,0
9919,35,0
9920,71,1
9921,46,0
9922,82,1
9923,83,0
9924,60,0
9925,23,0
9926,61,1
9927,57,1
9928,80,0
9929,54,0
9930,9,0
9931,56,0
9932,75,0
9933,50,0
9934,65,1
9935,72,1
9936,34,0
9937,45,1
9938,43,0
9939,60,1
9940,68,1
9941,95,0
9942,111,1
9943,56,1
9944,58,1
9945,85,0
9946,54,1
9947,26,0
9948,50,0
9949,116,1
9950,26,1
9951,68,1
9952,88,1
9953,107,1
9954,58,1
9955,61,0
9956,74,0
9957,49,0
9958,139,0
9959,42,0
9960,50,0
9961,85,0
9962,61,1
9963,59,0
9964,146,1
9965,76,0
9966,41,1
9967,78,0
9968,37,1
9969,47,0
9970,45,1
9971,70,1
9972,77,0
9973,42,0
9974,38,1
9975,57,0
9976,61,0
9977,130,0
9978,200,0
9979,28,0
9980,83,1
9981,83,1
9982,41,0
9983,111,0
9984,29,0
9985,79,0
9986,13,0
9987,52,1
9988,42,0
9989,62,1
9990,73,1
9991,85,1
9992,65,1
9993,72,1
9994,72,0
9995,72,1
9996,72,1
9997,35,1
9998,96,0
9999,65,0
