episode,steps,reward
0,77,0
1,59,0
2,19,0
3,34,0
4,27,0
5,15,0
6,10,0
7,25,0
8,33,0
9,41,0
10,46,0
11,22,0
12,26,0
13,9,0
14,91,0
15,59,0
16,84,0
17,13,0
18,37,0
19,37,0
20,47,0
21,33,0
22,24,0
23,13,0
24,32,0
25,40,0
26,27,0
27,19,0
28,134,0
29,29,0
30,16,0
31,9,0
32,7,0
33,18,0
34,15,0
35,10,0
36,28,0
37,7,0
38,13,0
39,30,0
40,13,0
41,13,0
42,30,0
43,26,0
44,31,0
45,24,0
46,28,0
47,16,0
48,25,0
49,21,0
50,20,0
51,58,0
52,21,0
53,28,0
54,39,0
55,9,0
56,7,0
57,12,0
58,31,0
59,19,0
60,8,0
61,47,0
62,27,0
63,26,0
64,10,0
65,15,0
66,9,0
67,31,0
68,20,0
69,20,0
70,11,0
71,21,0
72,24,0
73,30,0
74,19,0
75,25,0
76,21,0
77,8,0
78,19,0
79,7,0
80,9,0
81,12,0
82,18,0
83,30,0
84,19,0
85,10,0
86,9,0
87,44,0
88,38,0
89,21,0
90,16,0
91,28,0
92,32,0
93,18,0
94,11,0
95,42,0
96,21,0
97,23,0
98,42,0
99,12,0
100,6,0
101,12,0
102,10,0
103,45,0
104,6,0
105,11,0
106,15,0
107,34,0
108,83,0
109,29,0
110,21,0
111,9,0
112,9,0
113,8,0
114,13,0
115,21,0
116,18,0
117,16,0
118,10,0
119,20,0
120,13,0
121,17,0
122,7,0
123,8,0
124,15,0
125,12,0
126,40,0
127,7,0
128,11,0
129,9,0
130,22,0
131,12,0
132,11,0
133,8,0
134,45,0
135,5,0
136,8,0
137,9,0
138,25,0
139,11,0
140,14,0
141,21,0
142,75,0
143,20,0
144,11,0
145,27,0
146,48,0
147,11,0
148,10,0
149,20,0
150,23,0
151,12,0
152,6,0
153,13,0
154,22,0
155,8,0
156,9,0
157,9,0
158,12,0
159,29,0
160,17,0
161,13,0
162,19,0
163,12,0
164,7,0
165,10,0
166,17,0
167,34,0
168,15,0
169,36,0
170,32,0
171,14,0
172,44,0
173,11,0
174,13,0
175,13,0
176,50,0
177,39,0
178,10,0
179,14,0
180,41,0
181,7,0
182,27,0
183,23,0
184,32,0
185,19,0
186,26,0
187,29,0
188,59,0
189,11,0
190,10,0
191,9,0
192,20,0
193,17,0
194,25,0
195,8,0
196,9,0
197,14,0
198,33,0
199,13,0
200,24,0
201,22,0
202,22,0
203,12,0
204,15,0
205,14,0
206,25,0
207,40,0
208,17,0
209,13,0
210,13,0
211,19,0
212,33,0
213,7,0
214,24,0
215,19,0
216,41,0
217,15,0
218,15,0
219,10,0
220,16,0
221,20,0
222,11,0
223,27,0
224,10,0
225,23,0
226,17,0
227,31,0
228,25,0
229,15,0
230,11,0
231,10,0
232,10,0
233,10,0
234,30,0
235,15,0
236,17,0
237,10,0
238,22,0
239,12,0
240,23,0
241,17,0
242,7,0
243,10,0
244,34,0
245,14,0
246,11,0
247,14,0
248,23,0
249,40,0
250,9,0
251,37,0
252,107,0
253,9,0
254,17,0
255,17,0
256,9,0
257,45,0
258,28,0
259,16,0
260,12,0
261,32,0
262,36,0
263,16,0
264,16,0
265,24,0
266,26,0
267,24,0
268,31,0
269,35,0
270,16,0
271,20,0
272,52,0
273,11,0
274,15,0
275,63,1
276,18,0
277,49,0
278,18,0
279,35,0
280,35,0
281,15,0
282,21,0
283,27,0
284,32,0
285,19,0
286,19,0
287,12,0
288,21,0
289,24,0
290,23,0
291,17,0
292,60,0
293,31,0
294,7,0
295,10,0
296,19,0
297,30,0
298,45,0
299,16,0
300,20,0
301,65,0
302,7,0
303,15,0
304,20,0
305,32,0
306,38,0
307,30,0
308,21,0
309,42,0
310,20,0
311,24,0
312,29,0
313,20,0
314,12,0
315,27,0
316,49,0
317,9,0
318,36,0
319,11,0
320,45,1
321,24,0
322,21,0
323,10,0
324,15,0
325,37,0
326,16,0
327,25,0
328,7,0
329,16,0
330,16,0
331,15,0
332,23,0
333,11,0
334,14,0
335,16,0
336,114,0
337,28,0
338,61,0
339,16,0
340,16,0
341,36,0
342,27,0
343,12,0
344,34,0
345,22,0
346,27,0
347,19,0
348,38,0
349,78,0
350,46,0
351,41,0
352,22,0
353,8,0
354,22,0
355,9,0
356,85,0
357,32,0
358,14,0
359,9,0
360,26,0
361,7,0
362,45,0
363,42,0
364,16,0
365,10,0
366,13,0
367,18,0
368,101,0
369,13,0
370,21,0
371,17,0
372,42,0
373,9,0
374,9,0
375,42,0
376,15,0
377,16,0
378,25,0
379,32,0
380,37,0
381,104,0
382,19,0
383,75,0
384,26,0
385,9,0
386,26,0
387,61,0
388,36,0
389,38,0
390,58,0
391,55,0
392,30,0
393,48,0
394,27,0
395,28,0
396,32,0
397,16,0
398,42,0
399,24,0
400,25,0
401,22,0
402,22,0
403,49,0
404,45,0
405,28,0
406,48,0
407,30,0
408,35,0
409,26,0
410,46,0
411,21,0
412,51,0
413,20,0
414,17,0
415,47,0
416,9,0
417,8,0
418,54,0
419,15,0
420,25,0
421,95,0
422,24,0
423,42,0
424,24,0
425,41,0
426,15,0
427,47,0
428,25,0
429,19,0
430,21,0
431,17,0
432,53,0
433,13,0
434,21,0
435,13,0
436,31,0
437,29,0
438,13,0
439,38,0
440,24,0
441,23,0
442,23,0
443,30,0
444,17,0
445,44,0
446,27,0
447,43,0
448,15,0
449,42,0
450,53,0
451,13,0
452,39,0
453,48,0
454,26,0
455,49,0
456,28,0
457,103,0
458,14,0
459,21,0
460,72,0
461,15,0
462,61,0
463,58,0
464,22,0
465,63,0
466,53,0
467,70,0
468,18,0
469,47,0
470,39,0
471,75,0
472,47,0
473,60,0
474,59,0
475,47,0
476,108,0
477,16,0
478,19,0
479,35,0
480,22,0
481,39,0
482,64,0
483,8,0
484,30,0
485,60,0
486,45,0
487,71,0
488,63,0
489,27,0
490,28,0
491,39,0
492,39,0
493,16,0
494,28,0
495,15,0
496,86,0
497,63,0
498,34,0
499,46,0
500,20,0
501,53,0
502,37,0
503,51,0
504,67,0
505,32,0
506,28,0
507,42,0
508,35,0
509,44,0
510,42,0
511,25,0
512,59,0
513,35,0
514,52,0
515,68,0
516,75,0
517,38,0
518,33,0
519,45,0
520,26,0
521,17,0
522,49,0
523,66,0
524,29,0
525,34,0
526,28,0
527,39,0
528,59,0
529,65,0
530,49,1
531,56,0
532,88,0
533,33,0
534,84,0
535,78,0
536,95,0
537,57,1
538,52,0
539,55,0
540,29,0
541,22,0
542,38,0
543,31,0
544,49,0
545,23,0
546,38,0
547,62,0
548,70,0
549,35,0
550,16,0
551,46,0
552,44,0
553,33,0
554,58,0
555,72,0
556,35,1
557,8,0
558,43,0
559,29,0
560,52,0
561,99,0
562,45,0
563,32,0
564,15,0
565,42,0
566,21,0
567,37,0
568,54,0
569,14,0
570,51,0
571,69,0
572,88,0
573,70,0
574,36,0
575,45,1
576,15,0
577,40,1
578,32,0
579,68,0
580,64,1
581,33,0
582,56,1
583,35,0
584,23,0
585,115,1
586,34,1
587,53,0
588,76,1
589,59,0
590,19,0
591,24,0
592,50,0
593,39,0
594,98,0
595,23,0
596,46,0
597,52,0
598,82,0
599,59,0
600,64,0
601,72,1
602,170,0
603,25,0
604,93,0
605,56,0
606,25,1
607,84,0
608,29,0
609,88,1
610,40,0
611,74,1
612,55,1
613,33,1
614,65,0
615,51,0
616,15,0
617,28,0
618,29,0
619,38,1
620,50,0
621,49,0
622,67,0
623,55,0
624,42,1
625,40,0
626,46,0
627,56,1
628,107,1
629,50,1
630,61,0
631,66,1
632,27,1
633,83,0
634,22,0
635,108,1
636,28,0
637,61,0
638,34,1
639,35,1
640,28,1
641,47,0
642,32,0
643,21,1
644,59,0
645,27,0
646,95,0
647,36,0
648,200,0
649,55,0
650,72,0
651,31,0
652,13,0
653,37,0
654,37,0
655,165,0
656,32,0
657,59,0
658,107,0
659,37,0
660,93,0
661,51,0
662,15,0
663,24,0
664,190,0
665,29,0
666,50,0
667,58,0
668,98,0
669,76,0
670,29,0
671,28,0
672,36,0
673,43,0
674,37,0
675,54,0
676,35,0
677,110,0
678,107,0
679,74,0
680,34,0
681,27,0
682,33,0
683,17,0
684,151,0
685,111,0
686,55,0
687,21,0
688,42,0
689,88,0
690,16,0
691,61,0
692,54,0
693,125,0
694,53,0
695,88,0
696,33,0
697,92,0
698,89,0
699,26,0
700,48,0
701,169,0
702,72,0
703,123,0
704,17,0
705,111,0
706,48,0
707,69,0
708,18,0
709,33,0
710,26,0
711,99,0
712,62,0
713,11,0
714,143,0
715,52,0
716,78,0
717,97,0
718,31,0
719,44,0
720,10,0
721,92,0
722,64,0
723,24,0
724,172,0
725,123,0
726,118,0
727,23,0
728,76,0
729,104,0
730,112,0
731,34,0
732,71,0
733,20,0
734,149,0
735,51,0
736,41,0
737,74,0
738,7,0
739,38,0
740,53,0
741,78,0
742,26,0
743,31,0
744,100,0
745,16,0
746,27,0
747,77,0
748,170,0
749,97,0
750,57,0
751,31,0
752,30,0
753,45,0
754,41,0
755,37,0
756,26,0
757,39,0
758,123,0
759,46,0
760,52,0
761,148,0
762,113,0
763,22,0
764,79,0
765,66,0
766,33,0
767,59,0
768,39,0
769,122,0
770,69,0
771,30,0
772,63,0
773,24,0
774,33,0
775,70,0
776,64,0
777,111,0
778,68,0
779,59,0
780,55,0
781,150,0
782,23,0
783,33,0
784,28,0
785,67,0
786,90,0
787,69,0
788,135,0
789,45,0
790,85,0
791,24,0
792,96,0
793,130,0
794,125,0
795,64,0
796,48,0
797,62,0
798,47,0
799,69,0
800,86,0
801,36,0
802,74,0
803,77,0
804,30,0
805,119,0
806,37,0
807,44,0
808,67,0
809,54,0
810,164,0
811,50,0
812,49,0
813,36,0
814,73,0
815,168,0
816,46,0
817,78,0
818,43,0
819,46,0
820,86,0
821,17,0
822,155,0
823,83,0
824,34,0
825,74,0
826,19,0
827,38,0
828,44,0
829,45,0
830,27,0
831,20,0
832,89,0
833,113,0
834,110,0
835,27,0
836,20,0
837,65,0
838,79,0
839,31,0
840,121,0
841,124,0
842,92,0
843,57,0
844,73,0
845,56,0
846,61,0
847,51,0
848,29,0
849,35,0
850,150,0
851,108,0
852,188,1
853,111,0
854,27,0
855,168,0
856,79,0
857,55,0
858,115,0
859,45,0
860,158,0
861,48,0
862,60,0
863,53,0
864,54,0
865,145,0
866,70,0
867,18,0
868,67,0
869,138,0
870,93,0
871,61,0
872,139,0
873,165,0
874,22,0
875,24,0
876,26,0
877,100,0
878,200,0
879,46,0
880,101,0
881,71,0
882,69,0
883,151,0
884,32,0
885,145,0
886,65,0
887,81,0
888,98,0
889,63,0
890,72,0
891,18,0
892,90,0
893,78,0
894,29,0
895,156,0
896,91,0
897,102,0
898,101,0
899,53,0
900,75,0
901,36,0
902,61,0
903,40,0
904,148,0
905,112,0
906,24,0
907,200,0
908,128,1
909,141,0
910,97,0
911,55,0
912,200,0
913,89,0
914,187,0
915,97,0
916,76,0
917,39,0
918,74,0
919,60,0
920,94,0
921,163,0
922,56,0
923,49,0
924,22,0
925,41,0
926,33,0
927,19,0
928,46,0
929,174,0
930,74,0
931,78,0
932,57,0
933,46,0
934,116,0
935,73,0
936,76,0
937,29,0
938,80,0
939,184,0
940,70,0
941,93,0
942,48,0
943,53,0
944,21,0
945,85,0
946,19,0
947,102,0
948,154,0
949,200,0
950,95,0
951,46,0
952,28,0
953,54,0
954,37,0
955,36,0
956,63,0
957,99,0
958,99,0
959,66,0
960,69,0
961,28,0
962,115,0
963,162,0
964,57,0
965,28,0
966,143,0
967,61,0
968,31,0
969,51,0
970,46,0
971,136,0
972,18,0
973,88,0
974,48,0
975,142,0
976,73,0
977,200,0
978,108,0
979,58,0
980,19,0
981,42,0
982,32,0
983,48,0
984,134,0
985,30,0
986,85,0
987,71,0
988,9,0
989,39,0
990,56,0
991,78,0
992,45,0
993,12,0
994,114,1
995,185,1
996,60,0
997,183,0
998,49,0
999,84,0
1000,123,0
1001,30,0
1002,24,0
1003,107,0
1004,177,0
1005,13,0
1006,30,0
1007,42,0
1008,86,0
1009,45,0
1010,163,0
1011,57,0
1012,103,0
1013,89,0
1014,158,0
1015,200,0
1016,159,0
1017,128,0
1018,32,0
1019,28,0
1020,103,0
1021,90,0
1022,18,0
1023,71,0
1024,51,0
1025,69,0
1026,83,0
1027,17,0
1028,102,0
1029,82,0
1030,18,0
1031,103,0
1032,112,0
1033,90,0
1034,91,0
1035,200,0
1036,33,0
1037,13,0
1038,133,0
1039,175,0
1040,48,0
1041,124,1
1042,32,0
1043,68,0
1044,54,0
1045,67,0
1046,33,0
1047,48,0
1048,75,0
1049,18,0
1050,64,0
1051,21,0
1052,75,0
1053,78,0
1054,50,0
1055,55,0
1056,87,0
1057,48,0
1058,131,0
1059,74,0
1060,38,0
1061,71,0
1062,36,0
1063,61,0
1064,48,0
1065,158,0
1066,67,0
1067,46,0
1068,113,0
1069,192,0
1070,53,0
1071,58,0
1072,95,0
1073,200,0
1074,114,0
1075,124,0
1076,200,0
1077,138,0
1078,200,0
1079,26,0
1080,54,0
1081,96,0
1082,95,0
1083,21,0
1084,78,0
1085,95,0
1086,39,0
1087,124,0
1088,51,0
1089,106,0
1090,88,0
1091,51,0
1092,56,0
1093,96,0
1094,94,0
1095,66,0
1096,71,0
1097,43,0
1098,88,0
1099,31,0
1100,64,0
1101,61,0
1102,99,0
1103,14,0
1104,167,0
1105,40,0
1106,7,0
1107,27,0
1108,23,0
1109,21,0
1110,44,0
1111,17,0
1112,200,0
1113,68,0
1114,73,0
1115,43,0
1116,55,0
1117,57,0
1118,48,0
1119,27,0
1120,100,0
1121,46,0
1122,112,0
1123,29,0
1124,75,0
1125,74,0
1126,125,0
1127,73,0
1128,72,0
1129,59,0
1130,64,0
1131,52,0
1132,47,0
1133,30,0
1134,83,0
1135,102,0
1136,167,0
1137,62,0
1138,200,0
1139,76,0
1140,75,0
1141,60,0
1142,22,0
1143,150,0
1144,59,0
1145,100,0
1146,45,0
1147,56,0
1148,69,0
1149,127,0
1150,95,0
1151,116,0
1152,40,0
1153,46,0
1154,86,0
1155,108,0
1156,38,0
1157,124,0
1158,52,0
1159,109,0
1160,108,0
1161,50,0
1162,54,0
1163,80,0
1164,52,0
1165,36,0
1166,58,0
1167,200,0
1168,36,0
1169,100,0
1170,118,0
1171,26,0
1172,91,0
1173,65,0
1174,51,0
1175,89,0
1176,128,0
1177,76,0
1178,152,0
1179,37,0
1180,116,0
1181,117,0
1182,37,0
1183,16,0
1184,29,0
1185,70,0
1186,54,0
1187,60,0
1188,37,0
1189,35,0
1190,45,0
1191,20,0
1192,200,0
1193,172,0
1194,57,0
1195,106,0
1196,98,0
1197,54,0
1198,91,0
1199,82,0
1200,144,0
1201,200,0
1202,119,0
1203,38,0
1204,158,0
1205,98,0
1206,184,0
1207,100,0
1208,90,0
1209,39,0
1210,30,0
1211,68,0
1212,164,0
1213,93,0
1214,51,0
1215,200,0
1216,200,0
1217,74,0
1218,74,0
1219,158,0
1220,59,0
1221,103,0
1222,39,0
1223,130,0
1224,59,0
1225,132,0
1226,48,0
1227,200,0
1228,200,0
1229,38,0
1230,74,0
1231,127,0
1232,22,0
1233,40,0
1234,77,0
1235,29,0
1236,102,0
1237,131,0
1238,52,0
1239,90,0
1240,128,0
1241,54,0
1242,174,1
1243,45,0
1244,110,0
1245,177,0
1246,73,0
1247,76,0
1248,42,0
1249,63,0
1250,200,0
1251,133,0
1252,200,0
1253,61,0
1254,200,0
1255,122,0
1256,91,0
1257,21,0
1258,113,1
1259,26,0
1260,81,0
1261,16,0
1262,80,0
1263,130,0
1264,81,0
1265,65,0
1266,67,0
1267,136,0
1268,150,0
1269,116,0
1270,64,0
1271,179,0
1272,97,0
1273,14,0
1274,43,0
1275,12,0
1276,59,0
1277,169,0
1278,200,0
1279,47,0
1280,57,0
1281,43,0
1282,161,0
1283,200,0
1284,140,1
1285,92,0
1286,23,0
1287,65,0
1288,200,0
1289,126,0
1290,64,0
1291,23,0
1292,84,0
1293,200,0
1294,89,0
1295,129,0
1296,51,1
1297,59,0
1298,62,0
1299,125,0
1300,39,0
1301,56,0
1302,151,0
1303,67,0
1304,96,0
1305,64,0
1306,62,0
1307,46,0
1308,129,0
1309,79,0
1310,45,0
1311,118,0
1312,172,0
1313,73,0
1314,63,0
1315,153,0
1316,200,0
1317,94,0
1318,57,0
1319,161,1
1320,78,0
1321,66,0
1322,41,0
1323,47,0
1324,31,0
1325,105,0
1326,70,0
1327,122,0
1328,165,0
1329,200,0
1330,68,0
1331,200,0
1332,150,0
1333,127,0
1334,94,0
1335,73,0
1336,70,0
1337,141,0
1338,46,0
1339,90,0
1340,166,1
1341,68,0
1342,65,0
1343,52,1
1344,47,0
1345,22,0
1346,168,0
1347,23,0
1348,63,0
1349,146,0
1350,47,0
1351,134,1
1352,173,0
1353,63,0
1354,27,0
1355,113,0
1356,146,1
1357,45,0
1358,126,0
1359,200,0
1360,112,0
1361,95,0
1362,66,1
1363,74,1
1364,90,0
1365,27,0
1366,54,0
1367,62,0
1368,174,0
1369,96,0
1370,39,0
1371,149,1
1372,80,0
1373,200,0
1374,75,0
1375,38,0
1376,37,0
1377,54,0
1378,57,0
1379,44,0
1380,61,0
1381,81,0
1382,132,0
1383,102,0
1384,54,0
1385,78,0
1386,48,0
1387,51,0
1388,144,1
1389,31,0
1390,42,0
1391,138,0
1392,63,0
1393,200,0
1394,168,0
1395,19,0
1396,43,0
1397,144,0
1398,50,0
1399,94,0
1400,36,0
1401,119,0
1402,30,0
1403,147,0
1404,15,0
1405,200,0
1406,104,0
1407,200,0
1408,148,0
1409,73,0
1410,137,0
1411,75,0
1412,200,0
1413,43,1
1414,78,0
1415,66,0
1416,67,0
1417,83,1
1418,36,0
1419,90,0
1420,176,0
1421,38,0
1422,60,0
1423,65,0
1424,23,0
1425,104,0
1426,64,0
1427,60,0
1428,89,1
1429,68,0
1430,56,1
1431,200,0
1432,52,0
1433,167,0
1434,89,0
1435,152,0
1436,81,0
1437,93,0
1438,147,0
1439,113,0
1440,43,0
1441,96,1
1442,184,0
1443,165,0
1444,131,0
1445,189,0
1446,52,0
1447,100,0
1448,200,0
1449,36,0
1450,48,0
1451,130,0
1452,71,0
1453,200,0
1454,170,0
1455,103,0
1456,145,0
1457,15,0
1458,84,0
1459,156,0
1460,97,0
1461,165,0
1462,61,0
1463,40,0
1464,123,0
1465,200,1
1466,102,0
1467,200,0
1468,80,0
1469,55,0
1470,96,0
1471,159,0
1472,122,0
1473,148,0
1474,41,0
1475,178,0
1476,25,0
1477,200,0
1478,49,0
1479,140,0
1480,169,0
1481,82,0
1482,101,0
1483,100,0
1484,37,0
1485,81,0
1486,56,0
1487,59,0
1488,61,0
1489,38,0
1490,54,0
1491,133,0
1492,88,0
1493,112,0
1494,16,0
1495,98,0
1496,45,0
1497,200,0
1498,51,0
1499,69,0
1500,172,0
1501,69,0
1502,107,0
1503,163,0
1504,125,0
1505,181,0
1506,189,0
1507,96,0
1508,17,0
1509,98,0
1510,98,0
1511,104,0
1512,48,0
1513,76,0
1514,142,0
1515,63,0
1516,53,0
1517,112,0
1518,191,0
1519,49,0
1520,70,0
1521,153,0
1522,112,0
1523,74,0
1524,109,0
1525,83,0
1526,61,0
1527,46,0
1528,94,0
1529,176,0
1530,96,0
1531,72,0
1532,28,0
1533,47,0
1534,36,0
1535,65,0
1536,66,0
1537,88,0
1538,137,0
1539,67,0
1540,200,0
1541,72,0
1542,166,0
1543,125,0
1544,29,0
1545,60,0
1546,200,0
1547,42,0
1548,200,0
1549,44,0
1550,200,0
1551,47,0
1552,35,0
1553,27,0
1554,46,0
1555,200,0
1556,54,0
1557,24,0
1558,134,0
1559,94,0
1560,151,0
1561,69,0
1562,98,1
1563,192,0
1564,92,0
1565,139,0
1566,81,0
1567,39,0
1568,165,0
1569,32,1
1570,77,0
1571,51,0
1572,66,0
1573,52,0
1574,39,0
1575,133,0
1576,41,0
1577,93,0
1578,102,0
1579,51,0
1580,160,0
1581,111,0
1582,115,0
1583,47,0
1584,23,0
1585,200,0
1586,49,0
1587,130,0
1588,137,0
1589,24,0
1590,65,0
1591,90,0
1592,46,0
1593,139,0
1594,195,0
1595,88,0
1596,87,1
1597,41,0
1598,67,0
1599,103,0
1600,54,0
1601,119,0
1602,76,0
1603,72,0
1604,95,0
1605,56,0
1606,69,0
1607,66,0
1608,131,0
1609,78,0
1610,51,0
1611,116,0
1612,107,0
1613,200,0
1614,43,0
1615,99,0
1616,37,0
1617,152,0
1618,28,0
1619,97,0
1620,178,1
1621,79,0
1622,106,0
1623,41,0
1624,12,0
1625,83,0
1626,17,0
1627,115,0
1628,41,0
1629,104,0
1630,120,0
1631,200,0
1632,126,0
1633,10,0
1634,129,0
1635,81,0
1636,48,1
1637,96,0
1638,71,0
1639,30,0
1640,99,0
1641,200,0
1642,110,0
1643,200,0
1644,37,0
1645,43,0
1646,43,0
1647,155,0
1648,136,0
1649,44,0
1650,84,0
1651,74,0
1652,63,0
1653,35,0
1654,160,0
1655,151,0
1656,200,0
1657,79,0
1658,30,0
1659,91,0
1660,58,0
1661,41,0
1662,65,0
1663,106,0
1664,200,0
1665,135,0
1666,154,0
1667,16,0
1668,37,0
1669,16,0
1670,15,0
1671,96,1
1672,50,0
1673,47,0
1674,172,0
1675,92,0
1676,200,0
1677,57,0
1678,73,0
1679,85,0
1680,33,0
1681,65,0
1682,40,0
1683,32,0
1684,123,0
1685,200,0
1686,40,0
1687,172,0
1688,194,0
1689,174,0
1690,145,0
1691,191,0
1692,43,0
1693,50,0
1694,39,0
1695,116,0
1696,42,0
1697,147,0
1698,56,0
1699,56,1
1700,47,0
1701,34,1
1702,200,0
1703,62,0
1704,27,0
1705,40,0
1706,50,0
1707,47,0
1708,150,0
1709,41,0
1710,66,0
1711,31,0
1712,36,0
1713,99,0
1714,110,0
1715,97,0
1716,16,0
1717,112,0
1718,32,0
1719,27,0
1720,68,0
1721,140,0
1722,33,0
1723,20,0
1724,189,0
1725,28,0
1726,62,0
1727,47,0
1728,99,0
1729,104,0
1730,100,0
1731,53,0
1732,199,0
1733,87,0
1734,110,0
1735,74,0
1736,103,0
1737,90,0
1738,183,0
1739,39,0
1740,31,0
1741,114,0
1742,42,0
1743,47,0
1744,70,0
1745,116,0
1746,200,0
1747,59,0
1748,36,0
1749,120,0
1750,121,0
1751,56,0
1752,44,0
1753,169,0
1754,132,0
1755,200,0
1756,100,0
1757,56,0
1758,200,0
1759,179,0
1760,157,0
1761,160,0
1762,120,0
1763,112,0
1764,51,0
1765,110,1
1766,66,0
1767,200,0
1768,65,0
1769,85,0
1770,200,0
1771,77,0
1772,29,0
1773,200,0
1774,21,0
1775,98,0
1776,200,0
1777,51,0
1778,200,0
1779,200,0
1780,99,0
1781,9,0
1782,69,1
1783,139,0
1784,150,0
1785,174,0
1786,56,1
1787,56,1
1788,71,1
1789,56,1
1790,59,1
1791,75,1
1792,34,0
1793,66,0
1794,71,1
1795,53,1
1796,61,1
1797,50,1
1798,74,1
1799,65,1
1800,67,0
1801,87,1
1802,44,1
1803,200,0
1804,76,1
1805,33,1
1806,70,1
1807,96,1
1808,42,1
1809,68,1
1810,91,1
1811,36,0
1812,158,1
1813,42,1
1814,58,1
1815,46,1
1816,78,1
1817,28,0
1818,76,1
1819,115,1
1820,61,1
1821,76,0
1822,51,1
1823,41,1
1824,119,0
1825,30,1
1826,63,1
1827,49,1
1828,73,0
1829,100,1
1830,48,1
1831,54,1
1832,12,0
1833,41,1
1834,27,0
1835,44,0
1836,84,1
1837,69,1
1838,49,1
1839,44,1
1840,189,1
1841,35,0
1842,66,1
1843,73,1
1844,46,0
1845,33,1
1846,35,1
1847,77,1
1848,106,1
1849,61,1
1850,69,1
1851,47,1
1852,48,1
1853,35,1
1854,105,1
1855,38,1
1856,48,1
1857,55,1
1858,77,0
1859,54,1
1860,76,1
1861,144,1
1862,200,0
1863,32,1
1864,43,1
1865,47,0
1866,50,0
1867,80,1
1868,45,1
1869,62,1
1870,81,0
1871,24,1
1872,55,0
1873,94,1
1874,73,0
1875,151,1
1876,54,1
1877,69,1
1878,200,0
1879,161,1
1880,36,1
1881,110,1
1882,91,1
1883,161,1
1884,45,0
1885,55,1
1886,163,1
1887,142,1
1888,60,1
1889,79,1
1890,130,1
1891,71,1
1892,30,1
1893,71,1
1894,64,1
1895,69,1
1896,18,1
1897,76,1
1898,44,1
1899,43,1
1900,52,0
1901,75,1
1902,95,1
1903,35,1
1904,113,0
1905,92,1
1906,69,1
1907,81,1
1908,200,0
1909,68,1
1910,38,1
1911,134,1
1912,46,1
1913,51,0
1914,94,1
1915,99,1
1916,70,1
1917,58,1
1918,110,1
1919,56,1
1920,51,1
1921,81,1
1922,121,1
1923,113,1
1924,67,0
1925,73,1
1926,123,1
1927,75,1
1928,143,1
1929,45,1
1930,54,0
1931,56,1
1932,25,0
1933,58,0
1934,24,1
1935,129,1
1936,75,1
1937,41,1
1938,98,1
1939,62,1
1940,13,0
1941,36,1
1942,43,1
1943,37,1
1944,58,1
1945,95,1
1946,94,0
1947,53,1
1948,63,1
1949,58,1
1950,92,1
1951,61,0
1952,34,0
1953,48,1
1954,88,1
1955,34,0
1956,104,0
1957,99,1
1958,47,1
1959,92,1
1960,62,1
1961,43,1
1962,58,1
1963,124,1
1964,42,1
1965,62,0
1966,60,1
1967,72,0
1968,85,1
1969,69,0
1970,57,1
1971,96,1
1972,45,1
1973,74,1
1974,48,1
1975,15,0
1976,92,0
1977,114,1
1978,82,1
1979,103,0
1980,37,0
1981,48,1
1982,200,0
1983,55,1
1984,76,1
1985,25,0
1986,43,0
1987,33,1
1988,75,1
1989,62,1
1990,70,1
1991,53,1
1992,37,1
1993,51,1
1994,40,1
1995,166,1
1996,40,1
1997,67,1
1998,59,1
1999,76,1
2000,98,1
2001,48,1
2002,58,0
2003,42,1
2004,116,0
2005,58,1
2006,38,0
2007,57,1
2008,91,1
2009,79,0
2010,54,1
2011,40,1
2012,46,1
2013,45,1
2014,69,1
2015,97,1
2016,80,1
2017,48,1
2018,53,1
2019,136,1
2020,42,1
2021,147,1
2022,54,1
2023,102,0
2024,28,0
2025,69,1
2026,91,1
2027,48,1
2028,200,0
2029,140,1
2030,129,1
2031,19,0
2032,42,1
2033,85,1
2034,30,1
2035,39,1
2036,24,1
2037,76,1
2038,51,1
2039,11,0
2040,144,1
2041,108,1
2042,158,1
2043,85,1
2044,68,0
2045,40,0
2046,34,1
2047,173,1
2048,200,0
2049,54,1
2050,78,1
2051,122,1
2052,136,0
2053,69,0
2054,139,1
2055,84,1
2056,85,1
2057,78,1
2058,49,0
2059,38,1
2060,87,1
2061,64,1
2062,37,1
2063,30,0
2064,51,1
2065,128,1
2066,71,1
2067,200,0
2068,41,0
2069,60,0
2070,92,1
2071,154,1
2072,37,1
2073,47,1
2074,48,1
2075,28,0
2076,89,1
2077,133,1
2078,34,1
2079,84,0
2080,73,1
2081,29,1
2082,51,1
2083,14,0
2084,200,0
2085,54,0
2086,184,1
2087,62,1
2088,45,1
2089,70,0
2090,53,1
2091,85,0
2092,49,1
2093,146,0
2094,142,1
2095,11,0
2096,31,1
2097,65,1
2098,109,1
2099,45,1
2100,28,1
2101,79,1
2102,52,1
2103,56,1
2104,33,1
2105,173,0
2106,43,1
2107,77,1
2108,66,1
2109,98,1
2110,43,0
2111,65,0
2112,70,1
2113,60,1
2114,84,1
2115,120,1
2116,93,1
2117,52,1
2118,36,1
2119,34,1
2120,125,1
2121,16,0
2122,18,0
2123,85,1
2124,40,1
2125,44,0
2126,64,1
2127,98,1
2128,30,1
2129,46,1
2130,95,1
2131,41,1
2132,25,0
2133,60,1
2134,48,0
2135,173,1
2136,55,1
2137,73,1
2138,39,1
2139,95,1
2140,41,1
2141,10,0
2142,76,1
2143,78,1
2144,52,1
2145,200,0
2146,104,1
2147,124,1
2148,54,1
2149,113,1
2150,96,1
2151,21,0
2152,29,1
2153,49,1
2154,40,1
2155,104,1
2156,200,0
2157,41,0
2158,93,0
2159,41,0
2160,66,1
2161,131,1
2162,61,1
2163,130,1
2164,109,1
2165,49,0
2166,76,1
2167,124,1
2168,47,1
2169,33,1
2170,43,1
2171,120,0
2172,73,0
2173,64,1
2174,138,1
2175,89,1
2176,33,0
2177,145,1
2178,45,1
2179,145,1
2180,69,1
2181,30,0
2182,31,0
2183,58,0
2184,89,1
2185,50,0
2186,50,0
2187,43,1
2188,30,0
2189,50,1
2190,37,0
2191,56,1
2192,62,1
2193,86,1
2194,62,0
2195,129,1
2196,28,1
2197,55,1
2198,63,1
2199,76,0
2200,73,1
2201,56,1
2202,45,1
2203,68,1
2204,69,1
2205,55,0
2206,136,1
2207,22,0
2208,90,1
2209,52,0
2210,70,0
2211,47,0
2212,55,1
2213,55,1
2214,50,1
2215,37,0
2216,60,1
2217,59,1
2218,43,1
2219,146,1
2220,58,1
2221,124,1
2222,99,1
2223,61,0
2224,96,1
2225,59,1
2226,66,1
2227,56,0
2228,25,1
2229,86,1
2230,77,1
2231,90,1
2232,200,0
2233,74,1
2234,59,0
2235,109,1
2236,113,1
2237,86,1
2238,73,1
2239,34,1
2240,66,1
2241,63,1
2242,21,0
2243,54,1
2244,44,0
2245,59,1
2246,152,0
2247,96,1
2248,98,1
2249,38,0
2250,45,1
2251,57,0
2252,79,1
2253,48,1
2254,34,1
2255,24,1
2256,52,1
2257,58,1
2258,60,1
2259,47,1
2260,123,1
2261,80,1
2262,73,1
2263,101,1
2264,40,0
2265,119,1
2266,54,1
2267,35,1
2268,84,1
2269,151,1
2270,121,1
2271,29,0
2272,85,1
2273,32,1
2274,31,1
2275,28,1
2276,59,1
2277,175,1
2278,66,1
2279,117,1
2280,45,1
2281,58,1
2282,33,1
2283,139,1
2284,58,1
2285,92,1
2286,146,1
2287,70,1
2288,99,0
2289,18,0
2290,32,1
2291,72,1
2292,32,1
2293,137,1
2294,175,1
2295,16,0
2296,124,0
2297,53,1
2298,54,1
2299,48,1
2300,45,0
2301,52,1
2302,80,1
2303,75,1
2304,125,0
2305,109,1
2306,75,1
2307,63,1
2308,36,0
2309,25,1
2310,62,1
2311,31,1
2312,63,1
2313,46,1
2314,27,0
2315,34,0
2316,39,1
2317,56,0
2318,35,0
2319,103,1
2320,93,0
2321,36,1
2322,82,1
2323,49,1
2324,59,1
2325,51,1
2326,57,1
2327,154,0
2328,43,1
2329,64,1
2330,103,1
2331,82,1
2332,42,1
2333,63,1
2334,120,1
2335,96,1
2336,47,1
2337,45,0
2338,91,1
2339,55,1
2340,89,1
2341,36,1
2342,51,1
2343,38,1
2344,32,1
2345,73,0
2346,54,1
2347,66,0
2348,66,0
2349,86,1
2350,43,1
2351,93,1
2352,48,1
2353,200,0
2354,90,1
2355,78,1
2356,37,0
2357,64,1
2358,150,1
2359,54,1
2360,15,0
2361,44,1
2362,151,1
2363,64,1
2364,26,1
2365,87,1
2366,38,0
2367,115,1
2368,51,1
2369,31,1
2370,97,1
2371,24,0
2372,168,1
2373,139,1
2374,32,1
2375,104,1
2376,53,1
2377,158,0
2378,21,1
2379,74,1
2380,53,1
2381,179,0
2382,157,0
2383,76,0
2384,46,1
2385,34,1
2386,71,1
2387,49,1
2388,27,0
2389,136,1
2390,38,1
2391,51,1
2392,77,1
2393,26,0
2394,43,1
2395,87,1
2396,63,1
2397,67,1
2398,57,1
2399,83,0
2400,41,0
2401,28,1
2402,105,1
2403,27,1
2404,51,1
2405,36,1
2406,46,1
2407,54,1
2408,46,1
2409,81,1
2410,89,1
2411,44,1
2412,56,1
2413,72,1
2414,38,1
2415,36,1
2416,53,1
2417,17,0
2418,57,1
2419,86,0
2420,56,1
2421,105,1
2422,86,1
2423,53,1
2424,91,1
2425,57,1
2426,63,1
2427,39,1
2428,91,0
2429,48,1
2430,11,0
2431,45,1
2432,23,0
2433,23,0
2434,34,1
2435,186,0
2436,101,1
2437,49,1
2438,58,1
2439,73,0
2440,77,0
2441,72,1
2442,68,1
2443,83,1
2444,52,1
2445,85,1
2446,26,0
2447,17,0
2448,55,1
2449,79,1
2450,95,1
2451,92,1
2452,31,0
2453,58,0
2454,95,1
2455,117,1
2456,36,1
2457,28,0
2458,84,0
2459,41,1
2460,49,1
2461,64,1
2462,30,0
2463,122,1
2464,28,1
2465,34,1
2466,58,1
2467,42,1
2468,92,1
2469,68,1
2470,43,1
2471,63,1
2472,44,1
2473,124,1
2474,62,1
2475,62,1
2476,170,1
2477,71,1
2478,66,1
2479,21,0
2480,61,0
2481,41,0
2482,106,0
2483,112,1
2484,85,1
2485,70,1
2486,35,1
2487,56,1
2488,35,1
2489,51,0
2490,116,1
2491,42,0
2492,70,1
2493,40,1
2494,86,1
2495,91,0
2496,109,0
2497,98,1
2498,39,1
2499,70,1
2500,61,1
2501,48,1
2502,21,0
2503,96,1
2504,102,0
2505,24,0
2506,116,0
2507,142,1
2508,117,0
2509,136,0
2510,40,0
2511,46,1
2512,45,1
2513,67,1
2514,115,1
2515,9,0
2516,47,1
2517,49,1
2518,61,1
2519,55,1
2520,42,0
2521,12,0
2522,151,1
2523,21,0
2524,37,0
2525,57,1
2526,27,1
2527,73,0
2528,74,1
2529,98,1
2530,50,1
2531,86,1
2532,27,0
2533,56,1
2534,77,1
2535,39,1
2536,12,0
2537,21,0
2538,72,1
2539,107,1
2540,148,1
2541,185,0
2542,45,1
2543,54,0
2544,89,1
2545,85,1
2546,14,0
2547,54,1
2548,29,1
2549,67,1
2550,51,1
2551,62,1
2552,95,1
2553,50,1
2554,99,1
2555,46,1
2556,42,1
2557,60,1
2558,103,1
2559,49,1
2560,35,0
2561,78,1
2562,89,0
2563,113,1
2564,62,1
2565,65,1
2566,28,0
2567,80,1
2568,71,1
2569,31,1
2570,120,1
2571,155,1
2572,87,1
2573,77,0
2574,59,0
2575,189,1
2576,94,1
2577,115,1
2578,58,1
2579,168,1
2580,57,1
2581,58,1
2582,39,1
2583,200,0
2584,53,1
2585,70,1
2586,81,1
2587,92,1
2588,30,1
2589,200,0
2590,146,0
2591,134,1
2592,113,0
2593,66,1
2594,31,1
2595,43,1
2596,55,1
2597,200,0
2598,8,0
2599,51,0
2600,149,1
2601,29,0
2602,49,0
2603,127,0
2604,96,1
2605,82,1
2606,49,0
2607,31,0
2608,84,1
2609,71,1
2610,28,1
2611,45,1
2612,60,1
2613,37,1
2614,48,1
2615,82,1
2616,48,0
2617,53,1
2618,57,1
2619,82,0
2620,48,1
2621,125,1
2622,66,1
2623,39,1
2624,133,1
2625,78,1
2626,47,1
2627,44,1
2628,48,1
2629,53,1
2630,43,1
2631,52,1
2632,71,0
2633,144,1
2634,49,1
2635,90,1
2636,33,0
2637,34,1
2638,43,1
2639,27,0
2640,158,0
2641,61,1
2642,183,1
2643,180,1
2644,72,1
2645,170,0
2646,25,1
2647,63,1
2648,98,1
2649,47,1
2650,37,1
2651,55,1
2652,49,1
2653,15,0
2654,52,1
2655,41,1
2656,88,0
2657,88,1
2658,47,1
2659,50,1
2660,69,1
2661,184,1
2662,52,1
2663,44,1
2664,67,1
2665,30,1
2666,126,1
2667,50,1
2668,114,1
2669,42,0
2670,131,0
2671,75,1
2672,98,1
2673,56,1
2674,59,1
2675,55,1
2676,43,0
2677,81,0
2678,26,1
2679,88,1
2680,30,1
2681,41,1
2682,38,1
2683,40,0
2684,23,1
2685,84,0
2686,91,1
2687,37,1
2688,94,1
2689,84,1
2690,200,0
2691,111,1
2692,154,1
2693,62,0
2694,38,0
2695,28,1
2696,90,1
2697,146,1
2698,36,1
2699,73,0
2700,121,0
2701,43,0
2702,147,1
2703,25,0
2704,156,0
2705,48,1
2706,148,1
2707,50,1
2708,93,1
2709,57,0
2710,106,1
2711,98,1
2712,24,0
2713,56,1
2714,62,1
2715,60,1
2716,100,1
2717,88,1
2718,59,1
2719,122,1
2720,121,1
2721,45,1
2722,51,1
2723,116,1
2724,37,1
2725,200,0
2726,47,0
2727,61,1
2728,96,1
2729,11,0
2730,44,0
2731,57,1
2732,40,1
2733,105,1
2734,86,1
2735,56,0
2736,52,1
2737,64,1
2738,70,1
2739,73,1
2740,30,1
2741,42,1
2742,40,1
2743,156,1
2744,40,1
2745,77,1
2746,30,1
2747,50,1
2748,68,1
2749,45,1
2750,30,1
2751,76,1
2752,65,1
2753,51,1
2754,136,1
2755,84,1
2756,50,1
2757,27,0
2758,78,0
2759,52,0
2760,27,0
2761,156,1
2762,62,0
2763,72,1
2764,25,1
2765,67,1
2766,77,1
2767,113,1
2768,91,1
2769,61,1
2770,118,1
2771,30,1
2772,67,1
2773,121,1
2774,78,1
2775,127,1
2776,34,1
2777,47,1
2778,39,1
2779,48,1
2780,38,0
2781,38,1
2782,39,1
2783,139,1
2784,155,0
2785,69,0
2786,39,0
2787,43,1
2788,22,0
2789,101,1
2790,48,1
2791,37,1
2792,21,0
2793,53,1
2794,53,1
2795,62,1
2796,101,1
2797,51,0
2798,200,0
2799,117,1
2800,35,1
2801,178,1
2802,200,0
2803,66,1
2804,62,1
2805,48,1
2806,129,1
2807,9,0
2808,13,0
2809,28,1
2810,50,1
2811,52,0
2812,52,1
2813,64,0
2814,52,1
2815,44,0
2816,66,1
2817,47,1
2818,49,1
2819,36,0
2820,29,1
2821,54,1
2822,22,0
2823,87,0
2824,23,1
2825,136,1
2826,79,1
2827,98,0
2828,60,1
2829,40,1
2830,56,1
2831,150,0
2832,111,1
2833,27,1
2834,76,1
2835,61,1
2836,105,0
2837,81,1
2838,54,0
2839,124,0
2840,135,0
2841,44,1
2842,40,0
2843,200,0
2844,40,0
2845,124,1
2846,31,0
2847,13,0
2848,62,0
2849,38,1
2850,41,1
2851,61,1
2852,66,0
2853,67,1
2854,60,1
2855,41,1
2856,103,0
2857,46,1
2858,24,1
2859,99,1
2860,88,1
2861,55,1
2862,149,0
2863,39,1
2864,86,1
2865,65,1
2866,32,1
2867,99,1
2868,55,1
2869,39,1
2870,43,1
2871,51,1
2872,30,1
2873,47,1
2874,54,0
2875,53,1
2876,37,1
2877,51,1
2878,37,0
2879,116,1
2880,64,1
2881,20,0
2882,30,0
2883,77,0
2884,74,1
2885,64,1
2886,28,1
2887,60,1
2888,79,1
2889,17,0
2890,54,0
2891,63,1
2892,95,1
2893,105,1
2894,143,1
2895,27,1
2896,74,1
2897,58,1
2898,137,0
2899,34,1
2900,130,1
2901,89,1
2902,56,0
2903,102,0
2904,50,1
2905,34,1
2906,52,0
2907,85,1
2908,75,1
2909,41,1
2910,43,1
2911,136,1
2912,42,1
2913,59,1
2914,33,1
2915,47,0
2916,66,1
2917,23,0
2918,87,1
2919,53,1
2920,33,1
2921,53,1
2922,63,1
2923,74,0
2924,46,1
2925,66,0
2926,36,0
2927,38,1
2928,95,1
2929,127,1
2930,23,0
2931,51,1
2932,47,0
2933,37,1
2934,62,1
2935,48,0
2936,68,1
2937,44,1
2938,53,1
2939,54,1
2940,79,0
2941,60,1
2942,57,0
2943,38,1
2944,35,0
2945,104,1
2946,18,0
2947,121,1
2948,17,0
2949,97,1
2950,97,1
2951,60,0
2952,34,1
2953,68,1
2954,64,1
2955,76,1
2956,53,1
2957,44,1
2958,96,0
2959,54,1
2960,27,1
2961,9,0
2962,53,1
2963,37,0
2964,106,1
2965,35,1
2966,26,0
2967,24,1
2968,140,1
2969,147,1
2970,63,1
2971,99,1
2972,42,0
2973,50,1
2974,166,1
2975,43,0
2976,47,0
2977,80,0
2978,86,1
2979,71,1
2980,52,1
2981,84,1
2982,101,1
2983,112,0
2984,101,0
2985,32,1
2986,112,1
2987,104,1
2988,32,0
2989,47,0
2990,55,0
2991,37,0
2992,91,1
2993,140,1
2994,42,0
2995,52,1
2996,76,1
2997,62,1
2998,95,1
2999,107,1
3000,28,0
3001,51,1
3002,200,0
3003,100,1
3004,57,1
3005,77,1
3006,123,1
3007,56,1
3008,77,1
3009,163,1
3010,80,1
3011,33,0
3012,75,0
3013,85,1
3014,104,1
3015,115,1
3016,106,1
3017,200,0
3018,13,0
3019,29,1
3020,66,1
3021,29,1
3022,59,1
3023,84,1
3024,29,1
3025,91,1
3026,68,1
3027,49,1
3028,35,1
3029,31,1
3030,89,1
3031,90,1
3032,60,1
3033,46,0
3034,180,1
3035,170,1
3036,47,0
3037,81,1
3038,128,1
3039,82,1
3040,59,1
3041,94,1
3042,65,1
3043,36,1
3044,112,1
3045,69,0
3046,24,0
3047,117,1
3048,41,1
3049,67,1
3050,70,1
3051,71,1
3052,34,0
3053,56,1
3054,51,0
3055,71,0
3056,94,1
3057,116,1
3058,52,1
3059,50,1
3060,11,0
3061,63,1
3062,61,1
3063,58,1
3064,111,0
3065,37,0
3066,110,1
3067,129,1
3068,30,0
3069,54,1
3070,37,1
3071,127,1
3072,200,0
3073,71,0
3074,50,1
3075,32,1
3076,38,1
3077,60,1
3078,69,1
3079,74,1
3080,69,0
3081,121,1
3082,29,1
3083,120,1
3084,40,0
3085,109,0
3086,46,1
3087,66,1
3088,81,0
3089,52,1
3090,30,1
3091,56,1
3092,80,1
3093,182,1
3094,105,1
3095,122,1
3096,64,1
3097,24,0
3098,74,1
3099,31,0
3100,200,0
3101,41,0
3102,129,0
3103,35,1
3104,38,1
3105,85,1
3106,113,1
3107,67,1
3108,72,1
3109,166,0
3110,47,1
3111,39,1
3112,175,1
3113,34,1
3114,54,1
3115,32,1
3116,35,1
3117,66,1
3118,56,0
3119,59,1
3120,45,1
3121,94,1
3122,51,0
3123,53,1
3124,83,0
3125,80,1
3126,45,1
3127,43,1
3128,151,1
3129,15,0
3130,63,1
3131,11,0
3132,72,1
3133,110,0
3134,82,1
3135,51,1
3136,90,1
3137,82,1
3138,41,0
3139,41,1
3140,63,1
3141,38,1
3142,82,1
3143,47,1
3144,56,1
3145,41,0
3146,52,1
3147,127,1
3148,71,1
3149,70,1
3150,54,1
3151,52,1
3152,14,0
3153,94,1
3154,51,1
3155,111,1
3156,43,0
3157,53,1
3158,47,1
3159,48,0
3160,140,1
3161,183,1
3162,72,1
3163,89,0
3164,79,1
3165,34,1
3166,54,1
3167,111,1
3168,87,1
3169,108,1
3170,76,1
3171,46,1
3172,67,1
3173,157,1
3174,52,1
3175,34,1
3176,33,0
3177,43,0
3178,20,1
3179,45,1
3180,39,0
3181,23,1
3182,68,1
3183,75,0
3184,72,1
3185,40,1
3186,42,1
3187,44,0
3188,47,1
3189,40,1
3190,37,1
3191,147,1
3192,33,0
3193,189,0
3194,56,1
3195,44,1
3196,33,0
3197,94,1
3198,56,0
3199,84,1
3200,58,1
3201,79,0
3202,41,1
3203,134,0
3204,16,0
3205,54,1
3206,90,1
3207,54,1
3208,200,0
3209,91,1
3210,31,1
3211,89,1
3212,37,1
3213,104,1
3214,61,1
3215,74,1
3216,72,1
3217,90,1
3218,107,1
3219,35,1
3220,56,0
3221,98,1
3222,44,1
3223,42,1
3224,45,1
3225,58,1
3226,28,1
3227,82,1
3228,98,1
3229,184,1
3230,105,1
3231,40,1
3232,96,1
3233,45,1
3234,74,1
3235,32,1
3236,140,1
3237,38,1
3238,87,1
3239,65,1
3240,34,1
3241,46,1
3242,75,0
3243,56,1
3244,8,0
3245,74,0
3246,80,1
3247,117,1
3248,88,1
3249,23,0
3250,107,1
3251,49,0
3252,88,1
3253,75,1
3254,88,1
3255,118,1
3256,49,0
3257,46,0
3258,48,1
3259,48,1
3260,78,1
3261,38,1
3262,123,1
3263,137,0
3264,83,1
3265,52,1
3266,108,0
3267,46,1
3268,70,1
3269,117,0
3270,82,1
3271,53,1
3272,65,0
3273,73,1
3274,45,0
3275,34,0
3276,29,1
3277,22,0
3278,52,1
3279,50,1
3280,48,1
3281,61,1
3282,23,1
3283,120,1
3284,67,0
3285,75,1
3286,47,1
3287,93,1
3288,30,0
3289,49,1
3290,51,0
3291,88,1
3292,18,0
3293,23,0
3294,77,1
3295,97,1
3296,42,1
3297,82,0
3298,69,1
3299,95,0
3300,58,1
3301,76,1
3302,117,1
3303,40,1
3304,73,1
3305,42,1
3306,71,1
3307,95,1
3308,193,1
3309,85,0
3310,74,1
3311,37,1
3312,200,0
3313,110,0
3314,21,0
3315,64,1
3316,34,0
3317,15,0
3318,100,1
3319,135,0
3320,59,1
3321,58,1
3322,61,0
3323,161,1
3324,61,1
3325,200,0
3326,62,1
3327,29,0
3328,32,1
3329,112,1
3330,103,1
3331,97,0
3332,33,1
3333,63,1
3334,108,1
3335,43,1
3336,159,1
3337,116,1
3338,65,1
3339,51,1
3340,39,1
3341,19,0
3342,50,1
3343,45,0
3344,53,1
3345,54,1
3346,113,1
3347,45,1
3348,47,0
3349,64,1
3350,79,1
3351,33,0
3352,31,0
3353,45,1
3354,48,1
3355,56,1
3356,30,1
3357,36,0
3358,87,0
3359,22,1
3360,30,1
3361,54,1
3362,87,1
3363,173,1
3364,48,1
3365,39,0
3366,94,1
3367,48,1
3368,89,0
3369,56,1
3370,27,1
3371,99,1
3372,31,1
3373,151,1
3374,60,1
3375,84,1
3376,61,1
3377,40,0
3378,46,1
3379,68,1
3380,74,1
3381,39,1
3382,111,1
3383,48,1
3384,38,1
3385,25,0
3386,79,0
3387,39,1
3388,64,0
3389,83,1
3390,31,1
3391,46,1
3392,47,1
3393,35,1
3394,36,0
3395,86,0
3396,81,0
3397,72,1
3398,25,0
3399,13,0
3400,66,0
3401,32,1
3402,47,0
3403,66,1
3404,42,1
3405,200,0
3406,40,1
3407,76,1
3408,75,1
3409,67,0
3410,78,1
3411,57,1
3412,177,1
3413,51,1
3414,43,1
3415,38,1
3416,46,1
3417,57,1
3418,22,0
3419,34,1
3420,34,0
3421,124,1
3422,72,1
3423,43,1
3424,52,1
3425,57,0
3426,27,0
3427,42,1
3428,80,1
3429,50,0
3430,72,1
3431,78,1
3432,39,1
3433,46,1
3434,117,0
3435,59,0
3436,51,1
3437,74,1
3438,22,0
3439,119,0
3440,43,1
3441,49,1
3442,75,0
3443,59,1
3444,33,0
3445,126,1
3446,58,1
3447,24,0
3448,65,1
3449,23,0
3450,54,0
3451,82,0
3452,73,1
3453,76,0
3454,42,0
3455,140,1
3456,69,1
3457,36,1
3458,65,1
3459,38,0
3460,25,0
3461,63,1
3462,46,1
3463,77,1
3464,47,1
3465,67,1
3466,40,0
3467,96,1
3468,55,0
3469,20,1
3470,100,1
3471,56,0
3472,131,1
3473,30,1
3474,62,1
3475,27,0
3476,88,1
3477,144,1
3478,122,1
3479,65,0
3480,32,1
3481,74,1
3482,46,0
3483,49,0
3484,38,0
3485,119,1
3486,132,1
3487,53,1
3488,57,1
3489,39,1
3490,56,1
3491,49,1
3492,88,0
3493,83,1
3494,126,1
3495,94,1
3496,86,0
3497,61,1
3498,97,0
3499,185,1
3500,57,1
3501,46,1
3502,56,1
3503,74,1
3504,96,1
3505,72,1
3506,107,1
3507,13,0
3508,84,1
3509,50,1
3510,96,1
3511,55,1
3512,36,0
3513,92,1
3514,200,0
3515,79,1
3516,73,1
3517,51,1
3518,35,0
3519,70,1
3520,25,1
3521,44,1
3522,49,1
3523,188,1
3524,21,0
3525,109,1
3526,27,1
3527,47,1
3528,84,1
3529,50,1
3530,58,1
3531,56,1
3532,113,1
3533,33,1
3534,142,1
3535,81,1
3536,78,0
3537,23,0
3538,36,1
3539,80,1
3540,34,0
3541,42,1
3542,127,1
3543,17,0
3544,88,1
3545,64,1
3546,19,0
3547,55,0
3548,26,0
3549,54,0
3550,53,1
3551,175,1
3552,99,1
3553,57,1
3554,51,1
3555,103,1
3556,57,1
3557,67,1
3558,81,1
3559,89,1
3560,83,1
3561,38,0
3562,24,1
3563,36,1
3564,57,1
3565,64,1
3566,36,1
3567,63,1
3568,58,0
3569,53,1
3570,40,1
3571,200,0
3572,57,1
3573,141,1
3574,93,1
3575,63,1
3576,43,0
3577,32,0
3578,62,1
3579,167,1
3580,31,1
3581,73,1
3582,31,0
3583,90,0
3584,137,1
3585,121,1
3586,49,1
3587,44,0
3588,51,1
3589,42,0
3590,33,0
3591,91,1
3592,78,1
3593,64,0
3594,38,1
3595,73,1
3596,43,1
3597,95,1
3598,80,1
3599,53,0
3600,97,1
3601,101,1
3602,165,1
3603,48,0
3604,27,1
3605,30,0
3606,68,1
3607,90,0
3608,67,1
3609,103,1
3610,44,0
3611,136,0
3612,74,1
3613,69,1
3614,49,1
3615,92,1
3616,21,1
3617,109,1
3618,49,1
3619,40,1
3620,28,1
3621,37,1
3622,111,1
3623,92,1
3624,24,0
3625,157,1
3626,108,1
3627,47,1
3628,168,1
3629,41,1
3630,200,0
3631,74,1
3632,97,1
3633,51,1
3634,40,0
3635,82,1
3636,168,1
3637,100,1
3638,130,1
3639,129,1
3640,16,0
3641,41,0
3642,49,1
3643,105,1
3644,76,1
3645,116,1
3646,60,0
3647,107,0
3648,127,1
3649,32,1
3650,61,1
3651,93,0
3652,75,1
3653,88,1
3654,52,1
3655,31,1
3656,109,1
3657,28,0
3658,75,1
3659,131,1
3660,47,0
3661,64,0
3662,72,1
3663,47,1
3664,87,1
3665,54,1
3666,61,1
3667,63,0
3668,12,0
3669,59,0
3670,34,0
3671,40,1
3672,50,1
3673,16,0
3674,72,1
3675,48,1
3676,16,0
3677,156,1
3678,56,0
3679,45,0
3680,68,1
3681,45,1
3682,64,0
3683,66,1
3684,75,1
3685,62,0
3686,48,0
3687,16,0
3688,191,0
3689,37,1
3690,50,1
3691,32,0
3692,32,0
3693,35,1
3694,133,1
3695,121,0
3696,30,0
3697,124,1
3698,55,1
3699,39,1
3700,63,1
3701,143,1
3702,126,1
3703,81,1
3704,16,0
3705,63,1
3706,69,1
3707,77,1
3708,87,0
3709,37,1
3710,59,0
3711,76,1
3712,52,0
3713,45,1
3714,65,1
3715,116,1
3716,94,1
3717,73,1
3718,60,0
3719,105,1
3720,200,0
3721,31,1
3722,69,1
3723,53,0
3724,71,1
3725,51,1
3726,60,1
3727,31,0
3728,80,1
3729,131,1
3730,129,1
3731,53,1
3732,44,1
3733,82,1
3734,31,1
3735,48,1
3736,57,1
3737,86,1
3738,72,1
3739,166,1
3740,98,1
3741,81,1
3742,109,1
3743,50,1
3744,54,1
3745,32,0
3746,56,0
3747,69,0
3748,55,0
3749,76,0
3750,36,0
3751,64,1
3752,51,1
3753,88,1
3754,75,1
3755,47,0
3756,35,0
3757,79,1
3758,31,0
3759,49,0
3760,76,1
3761,60,1
3762,67,1
3763,147,1
3764,46,0
3765,71,1
3766,111,1
3767,42,0
3768,92,0
3769,77,0
3770,41,1
3771,75,1
3772,33,0
3773,54,1
3774,41,0
3775,150,1
3776,112,1
3777,80,1
3778,43,1
3779,58,1
3780,46,1
3781,80,1
3782,55,1
3783,86,1
3784,98,1
3785,125,0
3786,184,0
3787,92,1
3788,21,0
3789,76,1
3790,29,0
3791,69,1
3792,37,0
3793,102,1
3794,80,1
3795,61,1
3796,26,0
3797,58,1
3798,32,1
3799,46,1
3800,49,1
3801,45,1
3802,72,1
3803,29,1
3804,103,1
3805,21,0
3806,52,0
3807,74,1
3808,28,1
3809,92,1
3810,34,0
3811,54,1
3812,84,0
3813,74,1
3814,79,1
3815,41,0
3816,34,0
3817,52,1
3818,34,1
3819,104,1
3820,21,1
3821,86,1
3822,61,1
3823,50,1
3824,77,1
3825,127,1
3826,166,1
3827,19,0
3828,41,0
3829,47,0
3830,57,1
3831,84,1
3832,23,0
3833,53,1
3834,106,1
3835,200,0
3836,59,1
3837,55,1
3838,39,1
3839,83,1
3840,89,0
3841,121,1
3842,35,0
3843,41,1
3844,71,1
3845,200,0
3846,72,1
3847,57,0
3848,137,1
3849,16,0
3850,122,0
3851,49,1
3852,65,0
3853,46,1
3854,120,1
3855,110,0
3856,88,1
3857,81,1
3858,60,1
3859,62,1
3860,69,0
3861,26,0
3862,89,1
3863,39,1
3864,45,1
3865,73,1
3866,25,0
3867,51,1
3868,73,1
3869,71,0
3870,106,1
3871,43,1
3872,75,1
3873,63,1
3874,55,1
3875,61,1
3876,110,0
3877,105,1
3878,38,0
3879,94,1
3880,35,0
3881,131,1
3882,87,0
3883,65,1
3884,31,1
3885,69,1
3886,57,0
3887,89,1
3888,13,0
3889,71,1
3890,85,1
3891,38,1
3892,62,0
3893,39,1
3894,106,1
3895,42,1
3896,32,0
3897,55,1
3898,34,1
3899,54,1
3900,102,1
3901,93,1
3902,200,0
3903,94,0
3904,105,1
3905,93,1
3906,178,1
3907,59,0
3908,43,0
3909,81,1
3910,44,1
3911,41,0
3912,46,1
3913,53,1
3914,100,1
3915,68,1
3916,71,1
3917,122,1
3918,103,0
3919,13,0
3920,40,1
3921,39,0
3922,84,1
3923,77,1
3924,117,1
3925,164,0
3926,62,1
3927,38,0
3928,72,1
3929,63,1
3930,92,1
3931,194,1
3932,65,1
3933,200,0
3934,103,0
3935,88,1
3936,63,1
3937,42,1
3938,13,0
3939,130,1
3940,142,1
3941,77,1
3942,32,1
3943,43,1
3944,91,1
3945,81,0
3946,122,1
3947,125,1
3948,196,1
3949,30,1
3950,41,1
3951,50,0
3952,38,1
3953,82,0
3954,47,1
3955,114,1
3956,79,1
3957,48,0
3958,100,1
3959,45,0
3960,47,1
3961,46,0
3962,58,1
3963,26,1
3964,53,0
3965,37,0
3966,45,1
3967,43,1
3968,49,1
3969,14,0
3970,7,0
3971,106,1
3972,91,1
3973,65,1
3974,10,0
3975,47,1
3976,80,1
3977,92,0
3978,145,1
3979,30,1
3980,47,1
3981,59,1
3982,58,1
3983,137,1
3984,50,1
3985,39,0
3986,58,1
3987,62,1
3988,49,0
3989,133,1
3990,21,0
3991,67,1
3992,68,1
3993,107,1
3994,143,1
3995,29,0
3996,80,1
3997,83,1
3998,58,1
3999,86,1
4000,20,0
4001,45,1
4002,44,0
4003,59,1
4004,46,1
4005,41,1
4006,67,1
4007,114,1
4008,45,1
4009,82,0
4010,57,0
4011,29,0
4012,9,0
4013,200,0
4014,36,1
4015,80,1
4016,39,1
4017,26,0
4018,102,1
4019,55,1
4020,71,0
4021,200,0
4022,27,1
4023,32,1
4024,176,1
4025,36,0
4026,18,0
4027,59,1
4028,74,1
4029,29,0
4030,74,1
4031,47,1
4032,33,1
4033,25,0
4034,42,0
4035,132,0
4036,49,1
4037,88,1
4038,56,1
4039,200,0
4040,40,1
4041,52,1
4042,55,1
4043,25,0
4044,81,1
4045,86,0
4046,43,0
4047,95,1
4048,76,1
4049,67,1
4050,48,1
4051,180,1
4052,91,1
4053,28,1
4054,61,0
4055,20,1
4056,97,1
4057,72,1
4058,38,1
4059,41,1
4060,23,0
4061,147,1
4062,71,1
4063,49,1
4064,104,1
4065,27,1
4066,68,1
4067,48,1
4068,59,0
4069,63,1
4070,83,0
4071,105,1
4072,59,1
4073,57,1
4074,100,1
4075,19,0
4076,40,1
4077,51,0
4078,144,1
4079,103,1
4080,31,1
4081,25,0
4082,57,0
4083,168,0
4084,126,1
4085,45,1
4086,77,1
4087,57,1
4088,19,0
4089,141,1
4090,92,1
4091,52,1
4092,75,1
4093,45,1
4094,49,1
4095,140,0
4096,104,1
4097,137,0
4098,50,1
4099,56,1
4100,31,0
4101,52,1
4102,80,0
4103,94,1
4104,44,1
4105,113,1
4106,51,1
4107,80,1
4108,55,0
4109,61,1
4110,76,1
4111,74,1
4112,129,1
4113,20,0
4114,43,1
4115,52,1
4116,35,1
4117,118,0
4118,35,1
4119,200,0
4120,41,1
4121,46,1
4122,60,0
4123,57,1
4124,41,1
4125,111,0
4126,79,1
4127,27,0
4128,27,1
4129,52,1
4130,139,1
4131,53,1
4132,66,1
4133,121,0
4134,90,1
4135,120,0
4136,49,1
4137,20,0
4138,82,1
4139,44,1
4140,128,1
4141,49,1
4142,200,0
4143,66,0
4144,25,0
4145,96,1
4146,112,1
4147,56,1
4148,70,1
4149,143,0
4150,108,1
4151,55,1
4152,64,1
4153,127,1
4154,31,1
4155,57,1
4156,113,1
4157,113,1
4158,91,1
4159,109,1
4160,134,1
4161,86,0
4162,82,1
4163,72,0
4164,27,0
4165,70,1
4166,60,0
4167,44,1
4168,113,1
4169,64,1
4170,87,1
4171,66,1
4172,48,1
4173,37,1
4174,48,1
4175,47,1
4176,43,0
4177,100,1
4178,39,1
4179,36,1
4180,105,1
4181,79,1
4182,73,1
4183,44,1
4184,37,1
4185,131,1
4186,68,1
4187,39,0
4188,137,0
4189,18,0
4190,22,0
4191,51,1
4192,53,0
4193,80,1
4194,164,1
4195,27,0
4196,21,0
4197,119,0
4198,64,1
4199,85,1
4200,58,1
4201,93,1
4202,78,1
4203,70,1
4204,59,1
4205,36,1
4206,38,0
4207,65,1
4208,42,1
4209,124,1
4210,72,1
4211,123,1
4212,88,0
4213,123,1
4214,71,1
4215,88,1
4216,83,1
4217,30,1
4218,96,1
4219,31,0
4220,123,0
4221,109,0
4222,55,1
4223,42,0
4224,86,1
4225,79,1
4226,109,0
4227,37,1
4228,63,0
4229,45,1
4230,106,1
4231,68,0
4232,68,1
4233,42,0
4234,111,1
4235,58,0
4236,63,1
4237,35,1
4238,74,1
4239,41,1
4240,28,1
4241,44,1
4242,162,1
4243,55,0
4244,175,0
4245,65,0
4246,161,1
4247,128,1
4248,83,0
4249,47,1
4250,42,1
4251,15,0
4252,103,1
4253,83,1
4254,28,0
4255,80,1
4256,61,1
4257,48,1
4258,45,1
4259,57,0
4260,67,1
4261,106,1
4262,48,0
4263,57,1
4264,51,1
4265,200,0
4266,47,0
4267,39,1
4268,66,1
4269,63,1
4270,81,0
4271,78,0
4272,141,1
4273,94,1
4274,85,1
4275,61,1
4276,19,0
4277,43,0
4278,31,0
4279,60,0
4280,35,1
4281,99,1
4282,100,1
4283,105,0
4284,107,1
4285,59,0
4286,42,1
4287,57,1
4288,69,1
4289,59,1
4290,116,1
4291,55,1
4292,73,0
4293,54,1
4294,39,1
4295,119,1
4296,76,1
4297,52,0
4298,53,1
4299,65,0
4300,80,1
4301,78,1
4302,31,0
4303,68,1
4304,62,1
4305,37,1
4306,105,1
4307,57,0
4308,108,1
4309,35,1
4310,76,1
4311,34,1
4312,70,1
4313,68,1
4314,88,1
4315,41,1
4316,90,1
4317,37,0
4318,90,1
4319,36,0
4320,32,1
4321,153,1
4322,31,1
4323,29,1
4324,99,1
4325,75,1
4326,39,1
4327,109,1
4328,13,0
4329,43,1
4330,51,1
4331,55,0
4332,78,1
4333,96,1
4334,56,0
4335,51,0
4336,43,0
4337,52,0
4338,67,0
4339,25,0
4340,82,1
4341,58,1
4342,29,0
4343,107,1
4344,53,0
4345,34,0
4346,53,1
4347,51,1
4348,25,1
4349,55,0
4350,135,1
4351,133,0
4352,65,1
4353,42,1
4354,150,1
4355,44,1
4356,41,0
4357,89,1
4358,28,1
4359,30,1
4360,39,1
4361,96,1
4362,44,1
4363,61,1
4364,81,1
4365,200,0
4366,50,1
4367,70,1
4368,37,1
4369,34,1
4370,91,0
4371,43,1
4372,118,0
4373,63,1
4374,130,1
4375,34,0
4376,82,0
4377,18,0
4378,64,1
4379,49,1
4380,82,0
4381,47,1
4382,119,1
4383,70,1
4384,106,1
4385,175,1
4386,20,0
4387,84,1
4388,37,0
4389,45,1
4390,85,0
4391,132,1
4392,113,1
4393,68,0
4394,115,1
4395,46,1
4396,47,1
4397,65,1
4398,131,1
4399,87,0
4400,30,1
4401,112,1
4402,103,1
4403,73,1
4404,70,1
4405,170,0
4406,31,0
4407,179,1
4408,168,1
4409,55,0
4410,197,1
4411,152,1
4412,69,1
4413,61,1
4414,58,1
4415,29,1
4416,77,1
4417,78,0
4418,29,1
4419,103,1
4420,70,0
4421,21,0
4422,94,1
4423,121,1
4424,41,0
4425,68,1
4426,46,1
4427,70,1
4428,86,1
4429,30,1
4430,83,0
4431,19,0
4432,14,0
4433,51,0
4434,81,1
4435,81,0
4436,57,0
4437,88,1
4438,145,1
4439,93,1
4440,90,1
4441,84,1
4442,41,1
4443,42,0
4444,57,1
4445,63,1
4446,156,1
4447,66,1
4448,62,1
4449,59,1
4450,40,1
4451,200,0
4452,66,1
4453,51,1
4454,81,1
4455,37,0
4456,39,1
4457,32,1
4458,11,0
4459,71,1
4460,36,1
4461,19,0
4462,46,1
4463,21,0
4464,92,1
4465,85,1
4466,22,0
4467,81,1
4468,60,0
4469,52,1
4470,112,1
4471,143,1
4472,26,1
4473,65,1
4474,116,1
4475,33,1
4476,30,0
4477,50,0
4478,31,0
4479,200,0
4480,42,1
4481,53,0
4482,28,1
4483,34,0
4484,76,1
4485,106,1
4486,141,1
4487,48,0
4488,51,1
4489,166,1
4490,67,1
4491,64,1
4492,190,1
4493,41,1
4494,74,0
4495,14,0
4496,30,1
4497,56,1
4498,43,1
4499,32,1
4500,78,1
4501,53,1
4502,23,0
4503,69,0
4504,72,1
4505,29,0
4506,97,1
4507,47,1
4508,79,0
4509,72,1
4510,95,0
4511,63,1
4512,30,1
4513,43,0
4514,153,0
4515,52,1
4516,14,0
4517,52,1
4518,52,1
4519,66,1
4520,160,1
4521,37,0
4522,106,1
4523,56,0
4524,104,1
4525,59,1
4526,89,1
4527,44,1
4528,112,1
4529,200,0
4530,167,1
4531,59,1
4532,87,1
4533,152,1
4534,57,1
4535,128,0
4536,46,1
4537,48,1
4538,65,0
4539,104,1
4540,45,0
4541,108,1
4542,127,1
4543,92,1
4544,58,1
4545,53,1
4546,47,1
4547,41,1
4548,22,1
4549,90,1
4550,80,1
4551,72,1
4552,107,1
4553,39,1
4554,54,0
4555,51,1
4556,29,1
4557,57,1
4558,64,1
4559,53,0
4560,49,1
4561,83,1
4562,67,1
4563,57,1
4564,27,1
4565,114,1
4566,86,1
4567,62,1
4568,52,1
4569,43,1
4570,14,0
4571,74,0
4572,68,1
4573,40,1
4574,96,1
4575,200,0
4576,105,1
4577,71,1
4578,50,1
4579,113,1
4580,73,1
4581,62,1
4582,53,1
4583,50,1
4584,86,1
4585,95,1
4586,96,1
4587,86,1
4588,79,1
4589,70,0
4590,76,1
4591,57,1
4592,64,1
4593,34,0
4594,36,0
4595,31,1
4596,160,1
4597,43,1
4598,113,0
4599,22,0
4600,112,1
4601,62,1
4602,38,1
4603,101,1
4604,60,1
4605,139,0
4606,34,0
4607,37,1
4608,49,1
4609,55,0
4610,80,1
4611,48,0
4612,33,1
4613,117,0
4614,85,1
4615,54,1
4616,26,0
4617,63,0
4618,17,0
4619,30,1
4620,79,0
4621,38,1
4622,117,1
4623,71,1
4624,62,0
4625,45,1
4626,100,1
4627,22,0
4628,18,0
4629,75,1
4630,183,1
4631,65,1
4632,26,1
4633,155,1
4634,32,0
4635,85,1
4636,63,1
4637,74,1
4638,144,1
4639,113,1
4640,63,1
4641,56,1
4642,53,1
4643,61,1
4644,77,1
4645,14,0
4646,37,1
4647,89,0
4648,38,1
4649,37,0
4650,80,1
4651,200,0
4652,40,0
4653,138,1
4654,117,0
4655,21,1
4656,46,1
4657,24,0
4658,78,1
4659,36,1
4660,51,1
4661,45,1
4662,144,1
4663,106,1
4664,58,1
4665,169,1
4666,61,1
4667,61,1
4668,92,1
4669,141,1
4670,19,1
4671,49,0
4672,72,1
4673,141,1
4674,55,1
4675,67,1
4676,19,0
4677,86,1
4678,200,1
4679,20,1
4680,62,1
4681,38,1
4682,49,1
4683,69,1
4684,61,1
4685,126,1
4686,68,1
4687,77,1
4688,46,0
4689,57,1
4690,50,1
4691,61,1
4692,121,1
4693,95,1
4694,82,0
4695,94,1
4696,53,1
4697,67,1
4698,36,1
4699,81,1
4700,171,1
4701,109,0
4702,54,1
4703,74,0
4704,43,1
4705,79,1
4706,175,1
4707,68,1
4708,59,1
4709,86,0
4710,126,1
4711,57,1
4712,92,0
4713,85,1
4714,38,1
4715,64,1
4716,25,1
4717,47,0
4718,34,1
4719,84,1
4720,41,1
4721,55,1
4722,109,1
4723,80,1
4724,55,1
4725,30,1
4726,57,1
4727,49,1
4728,42,1
4729,28,1
4730,68,0
4731,62,1
4732,91,1
4733,95,0
4734,90,1
4735,95,1
4736,36,0
4737,69,1
4738,90,1
4739,44,1
4740,83,1
4741,130,1
4742,43,0
4743,71,1
4744,36,1
4745,29,1
4746,200,0
4747,46,0
4748,50,0
4749,28,1
4750,68,1
4751,51,1
4752,66,0
4753,50,1
4754,97,1
4755,49,1
4756,143,1
4757,18,1
4758,55,1
4759,18,0
4760,28,0
4761,69,1
4762,99,1
4763,126,1
4764,89,1
4765,62,1
4766,63,1
4767,70,0
4768,64,0
4769,200,0
4770,80,1
4771,71,1
4772,29,1
4773,85,1
4774,41,1
4775,52,1
4776,57,1
4777,74,1
4778,38,1
4779,37,1
4780,78,1
4781,99,1
4782,29,1
4783,110,1
4784,64,0
4785,167,1
4786,31,1
4787,200,0
4788,62,0
4789,54,1
4790,48,0
4791,117,1
4792,27,0
4793,57,1
4794,56,0
4795,41,1
4796,53,1
4797,61,1
4798,37,0
4799,86,1
4800,68,1
4801,39,1
4802,192,1
4803,34,1
4804,69,0
4805,47,1
4806,42,1
4807,42,1
4808,34,1
4809,45,1
4810,40,1
4811,40,0
4812,117,1
4813,45,1
4814,75,1
4815,58,1
4816,45,1
4817,36,1
4818,43,1
4819,129,1
4820,54,1
4821,97,1
4822,65,0
4823,45,1
4824,106,1
4825,91,1
4826,69,1
4827,97,0
4828,54,1
4829,29,0
4830,81,1
4831,92,1
4832,43,1
4833,19,0
4834,117,1
4835,97,0
4836,101,1
4837,67,1
4838,51,1
4839,55,1
4840,50,1
4841,68,1
4842,108,1
4843,80,1
4844,55,1
4845,85,1
4846,53,1
4847,58,1
4848,59,1
4849,52,1
4850,64,1
4851,78,1
4852,34,1
4853,61,0
4854,27,0
4855,41,1
4856,50,1
4857,41,1
4858,75,1
4859,89,1
4860,60,0
4861,50,1
4862,55,1
4863,62,1
4864,41,1
4865,30,1
4866,57,1
4867,45,1
4868,42,1
4869,70,1
4870,200,0
4871,57,1
4872,158,0
4873,64,1
4874,132,0
4875,33,0
4876,41,1
4877,38,0
4878,74,1
4879,191,1
4880,84,1
4881,42,0
4882,21,1
4883,68,1
4884,56,1
4885,25,0
4886,67,1
4887,75,1
4888,72,0
4889,45,0
4890,105,1
4891,36,1
4892,83,1
4893,65,1
4894,188,1
4895,97,0
4896,78,0
4897,42,0
4898,49,1
4899,78,1
4900,125,1
4901,39,1
4902,62,1
4903,85,1
4904,95,1
4905,63,1
4906,65,0
4907,57,1
4908,41,1
4909,33,1
4910,19,0
4911,57,1
4912,73,1
4913,117,1
4914,58,1
4915,77,1
4916,63,1
4917,63,1
4918,121,1
4919,41,1
4920,15,0
4921,19,0
4922,38,0
4923,120,1
4924,45,1
4925,48,1
4926,29,1
4927,55,1
4928,78,1
4929,67,0
4930,36,0
4931,57,0
4932,104,1
4933,45,1
4934,49,1
4935,41,1
4936,34,0
4937,82,1
4938,45,0
4939,90,1
4940,43,0
4941,63,1
4942,146,1
4943,127,1
4944,150,1
4945,60,0
4946,47,1
4947,58,1
4948,24,1
4949,115,1
4950,70,1
4951,90,0
4952,124,1
4953,80,1
4954,59,1
4955,70,1
4956,13,0
4957,54,1
4958,59,0
4959,30,1
4960,55,1
4961,46,1
4962,72,1
4963,71,1
4964,47,1
4965,28,0
4966,38,1
4967,72,1
4968,167,1
4969,115,0
4970,65,1
4971,66,1
4972,36,1
4973,47,1
4974,100,1
4975,56,1
4976,48,1
4977,53,1
4978,32,1
4979,32,0
4980,46,1
4981,51,0
4982,60,1
4983,50,1
4984,42,0
4985,47,0
4986,91,1
4987,91,1
4988,88,1
4989,60,1
4990,67,0
4991,197,1
4992,55,1
4993,66,0
4994,142,1
4995,43,1
4996,50,1
4997,127,0
4998,88,1
4999,157,1
5000,83,1
5001,179,1
5002,39,1
5003,76,0
5004,72,1
5005,30,0
5006,37,1
5007,57,1
5008,54,0
5009,69,1
5010,144,1
5011,123,1
5012,63,1
5013,50,1
5014,89,1
5015,49,0
5016,40,1
5017,61,1
5018,18,0
5019,63,1
5020,35,1
5021,29,1
5022,64,1
5023,9,0
5024,70,0
5025,54,1
5026,48,1
5027,85,1
5028,69,1
5029,60,1
5030,88,1
5031,65,0
5032,200,0
5033,131,1
5034,88,1
5035,45,0
5036,31,1
5037,52,0
5038,81,1
5039,42,1
5040,49,0
5041,30,1
5042,141,1
5043,61,1
5044,60,1
5045,20,0
5046,145,1
5047,107,0
5048,45,1
5049,103,1
5050,29,1
5051,111,1
5052,23,1
5053,77,1
5054,32,1
5055,69,1
5056,70,1
5057,123,0
5058,46,1
5059,47,0
5060,104,1
5061,102,1
5062,37,1
5063,49,1
5064,108,1
5065,63,1
5066,37,1
5067,79,1
5068,37,1
5069,83,1
5070,151,1
5071,39,0
5072,55,0
5073,160,0
5074,33,1
5075,72,1
5076,55,1
5077,51,1
5078,55,1
5079,64,1
5080,46,1
5081,9,0
5082,161,1
5083,34,0
5084,54,1
5085,64,1
5086,30,0
5087,200,0
5088,140,1
5089,200,0
5090,50,1
5091,32,0
5092,61,1
5093,138,0
5094,81,1
5095,50,1
5096,44,0
5097,32,1
5098,64,1
5099,18,1
5100,28,1
5101,30,1
5102,86,1
5103,89,1
5104,28,1
5105,75,1
5106,173,1
5107,81,1
5108,55,1
5109,24,1
5110,172,1
5111,69,1
5112,66,1
5113,16,0
5114,67,1
5115,51,1
5116,77,1
5117,50,1
5118,82,1
5119,148,1
5120,153,1
5121,84,1
5122,104,1
5123,158,1
5124,46,1
5125,19,0
5126,69,1
5127,26,1
5128,9,0
5129,39,1
5130,46,0
5131,28,0
5132,22,0
5133,32,0
5134,49,1
5135,101,1
5136,56,1
5137,52,1
5138,27,0
5139,25,1
5140,75,1
5141,97,1
5142,70,1
5143,43,1
5144,27,0
5145,32,1
5146,17,0
5147,22,0
5148,37,1
5149,93,1
5150,57,1
5151,113,1
5152,74,0
5153,60,1
5154,33,1
5155,87,0
5156,109,1
5157,59,1
5158,45,1
5159,21,0
5160,97,1
5161,51,1
5162,98,1
5163,77,1
5164,60,1
5165,110,1
5166,189,1
5167,54,1
5168,58,1
5169,75,1
5170,41,1
5171,93,1
5172,102,1
5173,52,1
5174,75,1
5175,25,0
5176,85,1
5177,67,1
5178,63,0
5179,35,1
5180,11,0
5181,167,1
5182,38,1
5183,27,0
5184,62,1
5185,41,1
5186,85,1
5187,59,1
5188,34,1
5189,29,1
5190,88,1
5191,45,1
5192,118,1
5193,41,1
5194,42,1
5195,26,0
5196,24,1
5197,65,1
5198,155,1
5199,97,1
5200,96,0
5201,18,0
5202,59,1
5203,65,0
5204,92,0
5205,34,1
5206,51,0
5207,33,0
5208,95,1
5209,72,1
5210,77,1
5211,44,1
5212,53,1
5213,34,1
5214,51,1
5215,65,1
5216,77,1
5217,33,0
5218,107,1
5219,71,1
5220,43,1
5221,44,1
5222,110,1
5223,41,1
5224,178,1
5225,57,0
5226,83,0
5227,200,0
5228,48,1
5229,40,1
5230,48,1
5231,121,1
5232,114,0
5233,103,1
5234,81,1
5235,69,1
5236,76,1
5237,87,0
5238,49,0
5239,92,1
5240,67,1
5241,73,0
5242,57,1
5243,48,1
5244,54,1
5245,41,1
5246,54,0
5247,50,1
5248,76,0
5249,70,1
5250,85,1
5251,46,1
5252,110,0
5253,56,1
5254,85,0
5255,15,0
5256,200,0
5257,31,0
5258,54,1
5259,76,1
5260,62,1
5261,49,0
5262,42,1
5263,37,0
5264,59,1
5265,142,1
5266,45,1
5267,57,1
5268,80,1
5269,54,0
5270,65,1
5271,60,1
5272,31,1
5273,71,1
5274,34,0
5275,94,1
5276,85,1
5277,81,1
5278,50,1
5279,83,1
5280,74,1
5281,43,1
5282,75,1
5283,39,1
5284,64,1
5285,60,1
5286,34,0
5287,79,0
5288,140,0
5289,79,1
5290,137,1
5291,43,1
5292,31,1
5293,31,0
5294,15,0
5295,59,0
5296,117,1
5297,93,1
5298,137,0
5299,24,1
5300,59,0
5301,36,1
5302,137,1
5303,96,1
5304,34,1
5305,68,1
5306,81,1
5307,46,0
5308,62,1
5309,85,1
5310,138,1
5311,13,0
5312,26,1
5313,31,0
5314,100,0
5315,149,1
5316,97,1
5317,64,1
5318,26,1
5319,25,0
5320,61,1
5321,98,1
5322,151,1
5323,48,1
5324,74,1
5325,92,1
5326,43,1
5327,62,1
5328,33,0
5329,63,1
5330,160,1
5331,97,1
5332,47,1
5333,21,1
5334,80,1
5335,131,0
5336,21,0
5337,53,0
5338,30,1
5339,172,1
5340,109,1
5341,53,1
5342,60,1
5343,38,1
5344,80,0
5345,77,1
5346,64,1
5347,64,1
5348,88,1
5349,110,1
5350,50,1
5351,77,1
5352,63,1
5353,46,1
5354,116,1
5355,33,1
5356,112,1
5357,69,1
5358,32,1
5359,17,0
5360,29,1
5361,18,0
5362,39,1
5363,70,1
5364,90,0
5365,47,1
5366,16,0
5367,73,0
5368,64,1
5369,118,1
5370,49,1
5371,113,1
5372,25,0
5373,23,0
5374,38,1
5375,79,0
5376,41,1
5377,30,1
5378,50,1
5379,66,1
5380,44,1
5381,64,1
5382,141,1
5383,96,0
5384,53,0
5385,120,1
5386,42,1
5387,124,1
5388,56,0
5389,74,1
5390,37,1
5391,101,0
5392,18,0
5393,31,1
5394,41,1
5395,88,1
5396,31,1
5397,88,1
5398,72,1
5399,55,0
5400,47,1
5401,41,1
5402,82,1
5403,91,0
5404,62,1
5405,31,0
5406,24,1
5407,42,1
5408,86,0
5409,48,1
5410,72,1
5411,67,1
5412,16,0
5413,26,0
5414,38,1
5415,87,1
5416,42,1
5417,48,1
5418,27,0
5419,87,0
5420,26,0
5421,130,1
5422,32,1
5423,83,1
5424,52,1
5425,63,1
5426,75,1
5427,86,1
5428,51,1
5429,88,1
5430,111,1
5431,82,1
5432,31,1
5433,53,1
5434,53,0
5435,46,1
5436,120,1
5437,52,1
5438,61,1
5439,31,0
5440,132,1
5441,53,1
5442,122,1
5443,86,0
5444,33,1
5445,90,0
5446,61,1
5447,60,1
5448,85,0
5449,86,0
5450,58,0
5451,84,1
5452,32,0
5453,162,0
5454,52,1
5455,19,0
5456,86,1
5457,124,1
5458,75,1
5459,145,1
5460,64,1
5461,184,1
5462,91,1
5463,120,1
5464,49,1
5465,102,1
5466,57,1
5467,70,1
5468,99,1
5469,52,1
5470,126,1
5471,52,1
5472,94,1
5473,83,1
5474,112,0
5475,70,1
5476,61,0
5477,40,1
5478,34,1
5479,124,1
5480,57,1
5481,141,1
5482,28,1
5483,26,1
5484,160,1
5485,133,0
5486,62,1
5487,43,1
5488,97,1
5489,51,0
5490,35,0
5491,161,1
5492,100,1
5493,24,0
5494,135,1
5495,139,1
5496,46,1
5497,46,0
5498,67,1
5499,80,0
5500,125,1
5501,27,1
5502,50,1
5503,96,0
5504,114,0
5505,80,1
5506,103,0
5507,200,0
5508,123,1
5509,112,1
5510,93,1
5511,47,1
5512,63,1
5513,118,1
5514,71,1
5515,87,1
5516,50,1
5517,64,1
5518,51,1
5519,69,0
5520,66,1
5521,31,1
5522,98,0
5523,70,1
5524,29,1
5525,82,1
5526,35,0
5527,53,1
5528,106,1
5529,72,1
5530,33,0
5531,54,1
5532,59,1
5533,46,1
5534,184,0
5535,77,0
5536,58,1
5537,123,1
5538,34,1
5539,95,1
5540,117,0
5541,33,0
5542,42,1
5543,41,1
5544,84,1
5545,23,0
5546,62,0
5547,43,1
5548,53,1
5549,98,1
5550,82,1
5551,35,1
5552,189,1
5553,36,0
5554,50,1
5555,32,1
5556,56,0
5557,137,0
5558,34,1
5559,50,1
5560,53,1
5561,39,0
5562,200,0
5563,87,1
5564,47,0
5565,62,1
5566,96,1
5567,95,1
5568,33,1
5569,43,0
5570,86,1
5571,76,1
5572,41,1
5573,66,1
5574,82,0
5575,84,1
5576,77,0
5577,25,1
5578,158,1
5579,54,1
5580,200,0
5581,58,1
5582,80,1
5583,91,1
5584,50,1
5585,95,1
5586,46,1
5587,40,1
5588,82,0
5589,92,1
5590,48,1
5591,38,1
5592,11,0
5593,48,1
5594,69,1
5595,50,1
5596,23,0
5597,77,1
5598,49,0
5599,77,0
5600,61,1
5601,71,1
5602,33,1
5603,68,1
5604,98,1
5605,109,1
5606,99,1
5607,81,1
5608,160,0
5609,47,0
5610,67,1
5611,137,1
5612,67,1
5613,87,0
5614,144,1
5615,42,1
5616,102,1
5617,19,0
5618,101,1
5619,61,1
5620,58,1
5621,165,1
5622,99,1
5623,48,0
5624,23,0
5625,72,1
5626,97,1
5627,61,1
5628,118,1
5629,89,1
5630,52,0
5631,69,0
5632,19,1
5633,88,1
5634,27,1
5635,81,0
5636,32,0
5637,100,1
5638,31,1
5639,11,0
5640,85,1
5641,89,1
5642,51,1
5643,21,0
5644,20,0
5645,39,1
5646,125,1
5647,46,1
5648,52,1
5649,36,0
5650,59,0
5651,147,0
5652,114,1
5653,77,0
5654,71,0
5655,31,1
5656,102,1
5657,60,0
5658,59,1
5659,29,0
5660,29,1
5661,33,0
5662,145,1
5663,87,1
5664,65,0
5665,78,1
5666,135,1
5667,34,1
5668,160,1
5669,130,1
5670,86,1
5671,20,1
5672,57,0
5673,80,1
5674,133,0
5675,152,1
5676,131,0
5677,46,1
5678,69,1
5679,16,0
5680,95,0
5681,51,0
5682,102,1
5683,96,1
5684,51,1
5685,79,0
5686,69,0
5687,42,0
5688,34,0
5689,67,1
5690,71,1
5691,24,0
5692,42,1
5693,69,1
5694,35,1
5695,31,0
5696,61,1
5697,40,1
5698,53,1
5699,32,1
5700,79,0
5701,130,1
5702,103,1
5703,45,1
5704,89,0
5705,28,1
5706,47,1
5707,106,1
5708,72,1
5709,81,1
5710,46,1
5711,37,1
5712,46,0
5713,77,1
5714,99,1
5715,70,1
5716,81,1
5717,65,1
5718,21,0
5719,151,0
5720,51,1
5721,78,0
5722,59,1
5723,73,0
5724,27,1
5725,73,1
5726,92,0
5727,35,1
5728,45,1
5729,145,1
5730,46,1
5731,72,1
5732,55,0
5733,108,1
5734,64,1
5735,41,1
5736,32,0
5737,123,1
5738,61,0
5739,71,1
5740,60,0
5741,66,1
5742,41,1
5743,59,0
5744,60,1
5745,51,1
5746,48,1
5747,52,1
5748,67,0
5749,153,1
5750,43,1
5751,49,1
5752,53,1
5753,40,1
5754,33,1
5755,103,0
5756,27,1
5757,78,1
5758,38,1
5759,21,1
5760,54,1
5761,32,0
5762,36,1
5763,70,0
5764,30,1
5765,38,1
5766,91,1
5767,73,0
5768,49,1
5769,144,1
5770,29,0
5771,114,1
5772,106,1
5773,62,1
5774,38,0
5775,65,0
5776,77,1
5777,67,0
5778,50,1
5779,40,0
5780,38,1
5781,42,1
5782,68,1
5783,103,0
5784,42,1
5785,51,1
5786,96,0
5787,107,1
5788,68,1
5789,86,1
5790,87,1
5791,19,0
5792,82,1
5793,37,1
5794,90,1
5795,31,1
5796,65,1
5797,114,1
5798,39,0
5799,88,1
5800,66,0
5801,22,1
5802,47,1
5803,37,1
5804,72,1
5805,55,1
5806,46,1
5807,73,1
5808,49,1
5809,98,1
5810,13,0
5811,185,0
5812,36,0
5813,84,1
5814,52,1
5815,45,1
5816,22,0
5817,62,1
5818,44,1
5819,85,1
5820,105,1
5821,98,0
5822,39,1
5823,73,1
5824,86,1
5825,139,0
5826,43,1
5827,20,0
5828,79,0
5829,53,1
5830,35,1
5831,70,1
5832,75,0
5833,26,1
5834,193,1
5835,68,1
5836,65,1
5837,26,0
5838,46,0
5839,51,1
5840,70,1
5841,137,1
5842,95,1
5843,41,0
5844,14,0
5845,63,1
5846,110,0
5847,101,1
5848,34,1
5849,135,1
5850,135,1
5851,39,1
5852,182,1
5853,41,1
5854,124,0
5855,20,0
5856,100,1
5857,165,1
5858,43,1
5859,47,1
5860,97,1
5861,57,1
5862,44,1
5863,18,0
5864,136,1
5865,69,1
5866,69,1
5867,107,1
5868,110,1
5869,40,1
5870,69,1
5871,52,0
5872,46,0
5873,72,1
5874,91,1
5875,26,0
5876,28,0
5877,44,1
5878,62,1
5879,65,1
5880,60,1
5881,37,1
5882,60,1
5883,32,0
5884,103,1
5885,116,1
5886,71,1
5887,79,1
5888,81,1
5889,58,1
5890,78,0
5891,92,1
5892,60,0
5893,12,0
5894,92,1
5895,196,1
5896,32,1
5897,81,1
5898,18,0
5899,40,1
5900,90,1
5901,74,1
5902,68,1
5903,72,1
5904,37,1
5905,136,1
5906,39,1
5907,19,0
5908,112,1
5909,146,0
5910,60,1
5911,99,1
5912,111,0
5913,96,1
5914,29,1
5915,36,1
5916,30,1
5917,83,1
5918,74,1
5919,97,1
5920,100,0
5921,46,1
5922,63,1
5923,67,1
5924,80,1
5925,21,1
5926,156,1
5927,26,0
5928,30,1
5929,34,0
5930,49,0
5931,130,1
5932,188,1
5933,52,1
5934,134,1
5935,74,1
5936,42,0
5937,65,1
5938,24,0
5939,62,1
5940,71,1
5941,80,0
5942,49,1
5943,31,0
5944,33,1
5945,64,1
5946,40,0
5947,68,1
5948,59,0
5949,41,1
5950,85,0
5951,68,0
5952,55,1
5953,115,1
5954,50,1
5955,107,1
5956,76,1
5957,67,1
5958,73,1
5959,34,0
5960,46,1
5961,44,1
5962,56,1
5963,27,0
5964,115,1
5965,31,0
5966,56,1
5967,73,1
5968,47,1
5969,93,0
5970,55,1
5971,30,1
5972,58,1
5973,36,1
5974,23,0
5975,85,1
5976,53,1
5977,139,0
5978,53,1
5979,58,1
5980,65,0
5981,60,1
5982,39,1
5983,27,0
5984,89,1
5985,64,0
5986,49,1
5987,48,0
5988,50,1
5989,100,1
5990,25,0
5991,158,1
5992,39,1
5993,39,0
5994,34,1
5995,85,1
5996,18,0
5997,29,1
5998,80,1
5999,99,1
6000,15,0
6001,28,1
6002,65,1
6003,22,0
6004,51,1
6005,77,0
6006,42,0
6007,101,1
6008,103,1
6009,63,1
6010,130,1
6011,134,1
6012,79,1
6013,41,1
6014,200,0
6015,44,1
6016,118,0
6017,13,0
6018,195,1
6019,40,0
6020,91,1
6021,78,1
6022,141,1
6023,102,1
6024,94,1
6025,68,0
6026,117,1
6027,28,1
6028,85,1
6029,65,1
6030,47,1
6031,71,1
6032,41,1
6033,50,1
6034,56,1
6035,32,1
6036,54,1
6037,68,1
6038,29,0
6039,103,1
6040,91,0
6041,55,0
6042,29,1
6043,47,1
6044,104,1
6045,66,0
6046,87,0
6047,89,1
6048,34,1
6049,38,1
6050,93,1
6051,70,1
6052,79,1
6053,55,1
6054,83,1
6055,200,0
6056,32,1
6057,64,1
6058,54,0
6059,45,0
6060,50,1
6061,48,1
6062,141,1
6063,190,0
6064,65,1
6065,43,1
6066,16,0
6067,120,1
6068,63,0
6069,124,1
6070,27,1
6071,66,1
6072,46,1
6073,141,1
6074,51,0
6075,101,0
6076,93,1
6077,52,1
6078,115,1
6079,32,1
6080,82,1
6081,21,0
6082,34,0
6083,43,1
6084,62,1
6085,60,1
6086,66,1
6087,67,1
6088,76,0
6089,60,1
6090,98,1
6091,44,1
6092,29,1
6093,76,1
6094,42,0
6095,66,1
6096,39,0
6097,200,0
6098,67,1
6099,57,1
6100,35,1
6101,129,1
6102,83,1
6103,72,1
6104,120,1
6105,57,0
6106,164,1
6107,92,1
6108,89,1
6109,100,0
6110,96,1
6111,73,1
6112,80,1
6113,68,1
6114,53,1
6115,44,1
6116,112,1
6117,35,1
6118,38,1
6119,68,1
6120,33,0
6121,90,1
6122,47,1
6123,49,1
6124,65,1
6125,66,0
6126,80,1
6127,40,1
6128,28,0
6129,118,0
6130,52,1
6131,85,1
6132,51,1
6133,98,1
6134,39,0
6135,65,1
6136,35,1
6137,21,0
6138,69,0
6139,103,1
6140,39,1
6141,85,1
6142,29,1
6143,54,0
6144,29,1
6145,95,1
6146,97,0
6147,125,1
6148,57,1
6149,40,1
6150,43,1
6151,125,1
6152,54,1
6153,36,1
6154,83,1
6155,37,1
6156,27,0
6157,131,1
6158,36,1
6159,55,1
6160,66,0
6161,94,1
6162,37,1
6163,61,1
6164,47,1
6165,47,1
6166,70,1
6167,73,1
6168,110,1
6169,98,1
6170,86,1
6171,63,1
6172,78,1
6173,54,1
6174,89,1
6175,68,1
6176,59,1
6177,55,0
6178,43,0
6179,59,1
6180,56,1
6181,78,0
6182,35,1
6183,46,1
6184,13,0
6185,39,1
6186,120,0
6187,89,1
6188,16,0
6189,55,1
6190,41,1
6191,80,1
6192,114,1
6193,119,1
6194,101,1
6195,14,0
6196,70,1
6197,85,1
6198,33,0
6199,63,1
6200,46,1
6201,75,1
6202,48,0
6203,52,1
6204,120,1
6205,34,1
6206,18,0
6207,107,1
6208,78,1
6209,52,0
6210,34,0
6211,45,0
6212,21,0
6213,56,1
6214,18,0
6215,58,1
6216,99,1
6217,101,1
6218,54,1
6219,152,0
6220,131,0
6221,87,1
6222,117,1
6223,73,1
6224,65,1
6225,47,1
6226,61,1
6227,84,0
6228,71,0
6229,81,1
6230,59,1
6231,102,1
6232,73,1
6233,66,0
6234,112,1
6235,71,1
6236,50,0
6237,31,0
6238,39,1
6239,27,1
6240,42,0
6241,65,1
6242,49,0
6243,93,1
6244,64,1
6245,54,1
6246,109,1
6247,48,1
6248,32,0
6249,35,1
6250,81,1
6251,39,0
6252,89,1
6253,48,0
6254,105,1
6255,37,1
6256,200,0
6257,70,1
6258,67,1
6259,74,1
6260,51,1
6261,43,1
6262,85,1
6263,101,1
6264,45,1
6265,70,1
6266,100,1
6267,43,1
6268,125,1
6269,74,1
6270,19,0
6271,61,1
6272,33,1
6273,169,1
6274,119,1
6275,181,1
6276,163,0
6277,116,1
6278,44,1
6279,64,1
6280,23,1
6281,99,1
6282,200,0
6283,36,1
6284,122,1
6285,71,1
6286,45,0
6287,62,1
6288,175,1
6289,72,1
6290,60,1
6291,37,0
6292,100,1
6293,57,0
6294,81,1
6295,83,1
6296,21,0
6297,69,1
6298,127,1
6299,166,1
6300,45,1
6301,75,0
6302,88,1
6303,29,1
6304,106,0
6305,47,0
6306,60,1
6307,23,0
6308,72,1
6309,80,1
6310,62,0
6311,102,1
6312,69,1
6313,57,0
6314,16,0
6315,95,1
6316,120,1
6317,61,1
6318,166,1
6319,24,0
6320,71,1
6321,65,1
6322,155,1
6323,92,1
6324,52,1
6325,68,1
6326,83,1
6327,61,1
6328,101,0
6329,137,1
6330,56,1
6331,74,1
6332,108,1
6333,73,0
6334,118,1
6335,33,0
6336,57,1
6337,104,1
6338,69,1
6339,102,1
6340,58,1
6341,32,1
6342,61,1
6343,68,0
6344,30,1
6345,18,0
6346,27,0
6347,68,1
6348,92,0
6349,83,1
6350,79,1
6351,8,0
6352,92,0
6353,68,0
6354,75,1
6355,65,1
6356,39,1
6357,118,0
6358,150,1
6359,71,1
6360,200,0
6361,51,1
6362,44,1
6363,64,1
6364,148,1
6365,119,1
6366,66,1
6367,52,1
6368,32,1
6369,40,1
6370,97,1
6371,110,1
6372,49,1
6373,51,1
6374,163,1
6375,108,0
6376,129,1
6377,50,1
6378,65,1
6379,52,1
6380,73,0
6381,62,1
6382,72,1
6383,68,1
6384,107,0
6385,80,0
6386,20,0
6387,94,1
6388,102,1
6389,200,0
6390,31,1
6391,35,1
6392,107,0
6393,55,1
6394,54,1
6395,43,1
6396,63,0
6397,50,1
6398,42,1
6399,83,1
6400,78,0
6401,47,1
6402,31,1
6403,87,0
6404,124,0
6405,39,1
6406,15,0
6407,75,1
6408,90,0
6409,65,1
6410,72,1
6411,33,1
6412,60,0
6413,81,1
6414,80,1
6415,90,1
6416,49,1
6417,36,0
6418,36,1
6419,53,1
6420,164,0
6421,63,1
6422,27,1
6423,48,0
6424,105,1
6425,61,0
6426,97,0
6427,34,1
6428,88,1
6429,89,0
6430,100,1
6431,83,1
6432,32,1
6433,55,1
6434,34,0
6435,64,1
6436,49,1
6437,24,1
6438,53,0
6439,46,0
6440,23,0
6441,64,1
6442,42,0
6443,127,1
6444,54,1
6445,44,1
6446,39,1
6447,60,1
6448,78,0
6449,66,1
6450,41,0
6451,54,0
6452,57,0
6453,20,0
6454,72,1
6455,54,0
6456,88,1
6457,39,0
6458,24,0
6459,67,1
6460,53,0
6461,97,1
6462,64,1
6463,68,0
6464,146,1
6465,140,1
6466,57,1
6467,129,1
6468,56,1
6469,39,0
6470,75,0
6471,165,0
6472,89,1
6473,54,1
6474,43,1
6475,112,1
6476,79,1
6477,29,0
6478,87,1
6479,78,0
6480,97,1
6481,86,1
6482,83,1
6483,75,1
6484,41,1
6485,132,1
6486,158,1
6487,40,1
6488,60,1
6489,42,1
6490,55,1
6491,15,0
6492,35,0
6493,45,0
6494,200,0
6495,40,0
6496,38,1
6497,98,1
6498,37,1
6499,102,0
6500,37,1
6501,72,1
6502,24,1
6503,74,1
6504,126,1
6505,123,1
6506,46,0
6507,45,1
6508,40,1
6509,158,1
6510,104,1
6511,82,1
6512,30,1
6513,57,1
6514,79,1
6515,83,1
6516,74,1
6517,41,0
6518,51,0
6519,31,1
6520,64,1
6521,50,0
6522,68,1
6523,63,1
6524,65,1
6525,36,0
6526,32,1
6527,15,0
6528,48,1
6529,134,1
6530,63,1
6531,60,0
6532,80,1
6533,41,1
6534,76,1
6535,112,1
6536,98,1
6537,95,1
6538,55,1
6539,61,1
6540,38,1
6541,44,1
6542,90,0
6543,146,1
6544,21,1
6545,40,0
6546,161,1
6547,65,1
6548,51,1
6549,61,1
6550,54,1
6551,40,0
6552,17,0
6553,61,0
6554,52,1
6555,85,0
6556,52,1
6557,31,1
6558,49,1
6559,81,1
6560,47,1
6561,44,0
6562,200,0
6563,48,1
6564,51,0
6565,140,1
6566,45,1
6567,29,1
6568,51,1
6569,59,0
6570,55,1
6571,21,0
6572,83,0
6573,51,1
6574,50,1
6575,33,1
6576,36,1
6577,26,1
6578,91,0
6579,66,1
6580,162,1
6581,60,0
6582,64,1
6583,54,0
6584,38,0
6585,65,0
6586,74,0
6587,148,1
6588,119,0
6589,71,1
6590,124,1
6591,22,0
6592,18,0
6593,49,1
6594,43,0
6595,77,1
6596,52,1
6597,165,1
6598,50,1
6599,71,1
6600,65,0
6601,42,1
6602,34,0
6603,53,1
6604,59,1
6605,82,0
6606,106,0
6607,152,1
6608,86,1
6609,21,0
6610,23,1
6611,14,0
6612,14,0
6613,53,0
6614,47,1
6615,70,1
6616,65,1
6617,57,1
6618,166,0
6619,64,1
6620,152,0
6621,23,0
6622,35,1
6623,47,1
6624,9,0
6625,58,1
6626,92,1
6627,60,1
6628,65,1
6629,45,1
6630,65,1
6631,46,1
6632,143,1
6633,51,1
6634,101,1
6635,75,1
6636,63,1
6637,108,1
6638,37,1
6639,86,0
6640,94,1
6641,144,1
6642,103,1
6643,91,1
6644,52,0
6645,71,1
6646,44,1
6647,36,1
6648,55,1
6649,69,1
6650,90,0
6651,14,0
6652,54,1
6653,96,1
6654,45,1
6655,36,1
6656,71,1
6657,36,0
6658,60,1
6659,56,1
6660,33,1
6661,65,1
6662,14,0
6663,62,1
6664,70,1
6665,84,0
6666,87,1
6667,64,1
6668,41,1
6669,31,0
6670,51,0
6671,80,1
6672,78,1
6673,39,1
6674,138,1
6675,59,0
6676,53,0
6677,99,1
6678,28,0
6679,88,0
6680,40,1
6681,127,0
6682,36,1
6683,166,1
6684,60,0
6685,49,1
6686,49,1
6687,106,0
6688,59,1
6689,88,1
6690,45,1
6691,102,1
6692,72,0
6693,59,1
6694,55,1
6695,174,1
6696,50,1
6697,68,1
6698,150,0
6699,31,1
6700,96,0
6701,30,1
6702,18,0
6703,60,0
6704,45,1
6705,34,1
6706,196,1
6707,160,0
6708,46,0
6709,53,0
6710,36,1
6711,82,1
6712,52,1
6713,86,1
6714,70,1
6715,43,1
6716,70,1
6717,15,0
6718,35,1
6719,31,0
6720,60,1
6721,86,0
6722,91,0
6723,31,1
6724,70,1
6725,106,1
6726,53,1
6727,28,1
6728,84,1
6729,62,1
6730,66,1
6731,48,1
6732,80,0
6733,29,0
6734,98,1
6735,54,1
6736,45,1
6737,57,1
6738,123,1
6739,44,0
6740,73,0
6741,48,1
6742,32,0
6743,39,1
6744,113,0
6745,34,0
6746,17,0
6747,39,0
6748,77,1
6749,38,0
6750,32,0
6751,54,1
6752,39,1
6753,44,0
6754,59,1
6755,100,0
6756,27,1
6757,109,1
6758,58,1
6759,176,1
6760,64,1
6761,90,1
6762,52,1
6763,58,1
6764,123,0
6765,80,1
6766,48,1
6767,116,1
6768,60,1
6769,42,1
6770,92,1
6771,112,0
6772,176,0
6773,111,1
6774,31,1
6775,101,1
6776,126,1
6777,94,1
6778,82,1
6779,54,1
6780,60,1
6781,106,1
6782,28,0
6783,20,0
6784,51,1
6785,19,0
6786,20,0
6787,144,0
6788,55,1
6789,63,1
6790,47,1
6791,117,1
6792,20,0
6793,45,1
6794,188,1
6795,56,1
6796,73,1
6797,42,0
6798,200,0
6799,133,1
6800,25,1
6801,95,1
6802,102,1
6803,19,0
6804,74,1
6805,52,0
6806,57,1
6807,62,1
6808,50,0
6809,84,1
6810,128,1
6811,93,1
6812,74,1
6813,57,1
6814,64,1
6815,76,1
6816,81,1
6817,15,1
6818,21,1
6819,138,1
6820,74,1
6821,82,1
6822,41,1
6823,75,1
6824,27,1
6825,22,1
6826,141,1
6827,26,0
6828,101,1
6829,82,0
6830,50,1
6831,66,1
6832,140,0
6833,33,1
6834,200,0
6835,31,1
6836,38,1
6837,80,0
6838,61,1
6839,189,1
6840,73,1
6841,104,1
6842,99,1
6843,32,1
6844,110,1
6845,76,1
6846,44,1
6847,104,1
6848,71,1
6849,24,1
6850,48,1
6851,57,0
6852,46,1
6853,26,1
6854,68,1
6855,54,1
6856,44,1
6857,17,0
6858,33,0
6859,62,1
6860,54,0
6861,46,1
6862,74,1
6863,90,1
6864,68,1
6865,61,0
6866,64,1
6867,49,1
6868,148,1
6869,114,1
6870,40,1
6871,86,0
6872,75,1
6873,30,1
6874,75,1
6875,41,1
6876,16,0
6877,86,1
6878,42,0
6879,28,0
6880,36,1
6881,14,0
6882,12,0
6883,38,1
6884,53,1
6885,53,0
6886,83,0
6887,54,0
6888,21,1
6889,87,0
6890,62,1
6891,32,1
6892,19,0
6893,43,1
6894,17,0
6895,88,1
6896,175,1
6897,30,0
6898,12,0
6899,27,0
6900,32,0
6901,41,0
6902,120,1
6903,62,1
6904,91,1
6905,65,1
6906,28,0
6907,72,1
6908,49,1
6909,88,1
6910,131,1
6911,25,0
6912,68,0
6913,40,1
6914,61,0
6915,84,0
6916,72,1
6917,45,1
6918,88,0
6919,22,0
6920,55,0
6921,46,1
6922,88,1
6923,78,0
6924,200,0
6925,97,1
6926,23,1
6927,37,1
6928,88,1
6929,46,1
6930,200,0
6931,32,1
6932,112,1
6933,49,0
6934,193,1
6935,70,1
6936,182,1
6937,105,1
6938,32,1
6939,135,0
6940,51,1
6941,76,0
6942,51,1
6943,67,0
6944,55,1
6945,41,1
6946,45,1
6947,65,0
6948,14,0
6949,175,1
6950,70,0
6951,54,1
6952,58,1
6953,70,1
6954,62,1
6955,49,1
6956,136,1
6957,62,1
6958,59,0
6959,39,1
6960,53,1
6961,45,1
6962,28,1
6963,46,1
6964,109,1
6965,64,1
6966,118,1
6967,87,1
6968,46,0
6969,71,1
6970,43,1
6971,61,1
6972,37,1
6973,59,1
6974,38,1
6975,22,0
6976,106,1
6977,30,1
6978,20,0
6979,56,1
6980,111,1
6981,41,1
6982,39,1
6983,200,0
6984,194,0
6985,87,1
6986,62,1
6987,36,0
6988,105,1
6989,200,0
6990,52,1
6991,101,1
6992,105,0
6993,121,1
6994,177,1
6995,113,1
6996,88,1
6997,64,1
6998,61,0
6999,79,1
7000,50,0
7001,66,0
7002,56,0
7003,133,1
7004,65,1
7005,57,1
7006,64,1
7007,135,0
7008,73,0
7009,95,1
7010,62,1
7011,61,0
7012,54,1
7013,144,1
7014,25,1
7015,108,1
7016,72,1
7017,106,1
7018,149,1
7019,77,1
7020,54,1
7021,145,1
7022,73,0
7023,200,1
7024,102,1
7025,167,1
7026,95,1
7027,32,1
7028,26,1
7029,59,1
7030,39,1
7031,63,1
7032,75,1
7033,138,1
7034,79,1
7035,13,0
7036,51,1
7037,83,1
7038,66,1
7039,60,1
7040,21,0
7041,176,1
7042,44,0
7043,72,0
7044,52,1
7045,123,1
7046,43,1
7047,99,1
7048,88,1
7049,104,1
7050,82,1
7051,104,1
7052,84,1
7053,50,1
7054,106,1
7055,27,0
7056,51,1
7057,38,1
7058,41,0
7059,143,1
7060,29,1
7061,65,1
7062,118,1
7063,52,0
7064,68,1
7065,32,1
7066,112,1
7067,25,0
7068,79,1
7069,48,1
7070,24,1
7071,73,0
7072,54,1
7073,140,1
7074,200,0
7075,97,1
7076,80,1
7077,36,0
7078,66,1
7079,143,0
7080,46,0
7081,200,0
7082,79,1
7083,31,1
7084,120,1
7085,28,0
7086,40,1
7087,69,1
7088,30,1
7089,26,1
7090,31,1
7091,49,0
7092,46,1
7093,44,0
7094,92,1
7095,171,1
7096,82,1
7097,40,1
7098,42,0
7099,58,1
7100,104,1
7101,76,1
7102,92,1
7103,67,0
7104,106,1
7105,46,1
7106,12,0
7107,40,1
7108,32,0
7109,106,1
7110,36,0
7111,102,1
7112,66,1
7113,14,0
7114,64,1
7115,126,1
7116,42,0
7117,73,0
7118,200,0
7119,46,1
7120,118,0
7121,173,1
7122,61,1
7123,17,0
7124,73,1
7125,48,1
7126,200,0
7127,73,0
7128,74,1
7129,57,0
7130,26,1
7131,83,1
7132,59,1
7133,125,1
7134,63,0
7135,200,0
7136,63,0
7137,59,1
7138,116,1
7139,74,1
7140,86,0
7141,35,0
7142,89,0
7143,25,0
7144,45,1
7145,49,0
7146,89,1
7147,59,1
7148,19,0
7149,125,1
7150,31,1
7151,91,1
7152,34,0
7153,39,0
7154,40,0
7155,74,1
7156,55,1
7157,67,0
7158,38,1
7159,78,0
7160,85,0
7161,105,0
7162,51,0
7163,70,1
7164,84,1
7165,135,1
7166,81,1
7167,82,1
7168,124,1
7169,200,0
7170,60,1
7171,80,1
7172,65,0
7173,98,0
7174,49,1
7175,131,1
7176,57,1
7177,36,1
7178,56,1
7179,46,0
7180,76,1
7181,91,1
7182,67,1
7183,41,1
7184,18,0
7185,77,1
7186,123,1
7187,74,1
7188,64,1
7189,38,0
7190,27,0
7191,58,1
7192,75,1
7193,39,1
7194,86,0
7195,76,1
7196,64,1
7197,47,0
7198,69,1
7199,12,0
7200,40,1
7201,96,1
7202,97,1
7203,51,1
7204,59,1
7205,43,0
7206,75,1
7207,118,1
7208,43,1
7209,120,1
7210,43,0
7211,45,1
7212,124,1
7213,26,0
7214,58,1
7215,61,1
7216,35,0
7217,37,0
7218,49,1
7219,41,0
7220,74,1
7221,26,1
7222,79,1
7223,134,1
7224,60,0
7225,71,0
7226,38,0
7227,178,1
7228,64,1
7229,40,1
7230,61,0
7231,130,1
7232,38,0
7233,53,1
7234,84,1
7235,27,0
7236,41,1
7237,82,1
7238,92,1
7239,42,0
7240,145,1
7241,39,1
7242,83,0
7243,119,1
7244,75,1
7245,54,1
7246,121,1
7247,89,1
7248,77,1
7249,56,1
7250,24,1
7251,73,1
7252,66,1
7253,41,1
7254,125,0
7255,59,0
7256,200,0
7257,43,1
7258,75,1
7259,69,0
7260,99,1
7261,51,1
7262,48,1
7263,140,1
7264,100,0
7265,199,1
7266,57,1
7267,152,1
7268,44,1
7269,53,1
7270,129,0
7271,92,1
7272,82,1
7273,62,1
7274,28,1
7275,54,1
7276,75,0
7277,126,1
7278,52,1
7279,55,0
7280,166,1
7281,76,1
7282,54,1
7283,62,0
7284,33,1
7285,30,0
7286,27,0
7287,41,1
7288,61,1
7289,75,1
7290,28,1
7291,45,0
7292,129,0
7293,72,1
7294,35,0
7295,60,1
7296,69,1
7297,174,1
7298,54,1
7299,72,0
7300,74,1
7301,54,1
7302,77,1
7303,48,0
7304,40,1
7305,53,1
7306,48,1
7307,157,1
7308,93,1
7309,43,1
7310,165,1
7311,59,1
7312,101,1
7313,63,1
7314,97,1
7315,120,1
7316,89,1
7317,68,1
7318,38,1
7319,72,1
7320,35,1
7321,13,0
7322,113,1
7323,85,1
7324,119,1
7325,13,0
7326,124,0
7327,40,0
7328,22,0
7329,169,1
7330,49,0
7331,85,1
7332,173,1
7333,35,1
7334,111,1
7335,33,0
7336,44,1
7337,123,1
7338,70,1
7339,77,0
7340,71,1
7341,47,1
7342,35,1
7343,45,1
7344,45,1
7345,64,1
7346,79,0
7347,78,1
7348,149,1
7349,117,1
7350,41,1
7351,21,1
7352,95,1
7353,151,0
7354,89,1
7355,70,0
7356,50,0
7357,24,0
7358,96,1
7359,26,1
7360,39,1
7361,54,1
7362,73,1
7363,78,1
7364,131,1
7365,40,0
7366,184,1
7367,124,0
7368,43,1
7369,44,0
7370,72,1
7371,116,1
7372,29,1
7373,68,1
7374,86,1
7375,59,1
7376,200,0
7377,12,0
7378,30,1
7379,93,1
7380,51,0
7381,185,1
7382,34,1
7383,50,1
7384,17,0
7385,13,0
7386,75,1
7387,79,1
7388,106,1
7389,88,1
7390,125,1
7391,21,1
7392,61,1
7393,50,1
7394,90,0
7395,44,0
7396,50,1
7397,77,1
7398,40,1
7399,31,1
7400,73,0
7401,65,1
7402,52,1
7403,52,0
7404,76,0
7405,96,1
7406,200,0
7407,39,1
7408,64,1
7409,97,1
7410,62,1
7411,89,1
7412,31,1
7413,50,1
7414,61,1
7415,85,1
7416,59,1
7417,79,1
7418,115,1
7419,49,1
7420,26,1
7421,44,0
7422,46,1
7423,36,1
7424,200,0
7425,47,1
7426,145,1
7427,12,0
7428,86,1
7429,71,1
7430,82,1
7431,40,1
7432,85,0
7433,16,0
7434,16,0
7435,111,1
7436,18,0
7437,31,0
7438,36,1
7439,106,1
7440,53,1
7441,65,1
7442,43,1
7443,46,0
7444,130,1
7445,34,1
7446,97,1
7447,86,0
7448,62,1
7449,41,1
7450,65,1
7451,59,1
7452,33,0
7453,78,0
7454,49,0
7455,98,1
7456,52,1
7457,64,1
7458,90,1
7459,138,0
7460,66,1
7461,16,0
7462,59,1
7463,135,1
7464,90,0
7465,84,1
7466,52,1
7467,107,1
7468,130,1
7469,36,1
7470,64,0
7471,105,1
7472,15,0
7473,200,0
7474,58,1
7475,131,1
7476,30,1
7477,55,1
7478,108,0
7479,62,1
7480,108,1
7481,47,1
7482,14,0
7483,67,1
7484,48,1
7485,53,1
7486,52,1
7487,56,1
7488,84,1
7489,69,1
7490,159,1
7491,26,0
7492,78,1
7493,40,1
7494,115,1
7495,45,0
7496,103,0
7497,57,1
7498,79,0
7499,61,1
7500,33,1
7501,50,1
7502,47,1
7503,62,1
7504,49,1
7505,106,0
7506,138,1
7507,82,1
7508,51,1
7509,82,1
7510,20,0
7511,58,0
7512,147,1
7513,17,0
7514,53,1
7515,47,0
7516,57,1
7517,110,1
7518,69,1
7519,35,1
7520,82,0
7521,84,1
7522,36,1
7523,69,1
7524,69,1
7525,162,1
7526,40,0
7527,68,1
7528,28,1
7529,59,1
7530,80,1
7531,32,1
7532,150,1
7533,31,0
7534,34,0
7535,31,0
7536,92,0
7537,88,1
7538,38,1
7539,125,1
7540,28,1
7541,83,1
7542,55,1
7543,85,1
7544,50,1
7545,52,1
7546,64,0
7547,70,1
7548,71,1
7549,50,0
7550,44,0
7551,65,0
7552,115,1
7553,68,1
7554,74,1
7555,59,1
7556,24,1
7557,60,1
7558,97,1
7559,128,1
7560,38,0
7561,58,1
7562,49,1
7563,144,0
7564,132,1
7565,126,0
7566,60,1
7567,70,1
7568,40,1
7569,128,1
7570,67,1
7571,175,1
7572,84,1
7573,151,1
7574,61,1
7575,36,1
7576,72,1
7577,58,1
7578,34,1
7579,42,1
7580,161,1
7581,71,0
7582,76,1
7583,46,1
7584,200,0
7585,68,1
7586,79,1
7587,42,0
7588,77,1
7589,33,1
7590,35,0
7591,56,1
7592,75,1
7593,159,1
7594,94,1
7595,37,1
7596,29,0
7597,139,1
7598,75,1
7599,56,1
7600,22,0
7601,43,1
7602,82,1
7603,19,0
7604,44,1
7605,49,1
7606,68,1
7607,47,1
7608,35,1
7609,108,1
7610,51,1
7611,90,1
7612,79,1
7613,50,1
7614,24,0
7615,23,0
7616,66,0
7617,42,1
7618,74,1
7619,76,1
7620,82,1
7621,158,1
7622,94,1
7623,59,1
7624,200,0
7625,63,1
7626,75,1
7627,48,1
7628,55,1
7629,85,1
7630,30,1
7631,172,0
7632,137,1
7633,38,0
7634,64,1
7635,77,1
7636,41,0
7637,20,1
7638,46,1
7639,36,1
7640,38,0
7641,67,1
7642,94,0
7643,77,0
7644,59,1
7645,94,1
7646,44,1
7647,117,1
7648,38,0
7649,72,1
7650,88,1
7651,55,0
7652,102,1
7653,43,0
7654,81,0
7655,97,1
7656,45,1
7657,100,1
7658,34,0
7659,140,1
7660,95,1
7661,23,1
7662,71,1
7663,60,0
7664,128,0
7665,21,0
7666,97,0
7667,95,0
7668,74,1
7669,48,1
7670,62,1
7671,102,0
7672,183,0
7673,74,0
7674,44,1
7675,61,1
7676,43,1
7677,54,1
7678,130,0
7679,140,1
7680,60,1
7681,97,1
7682,51,1
7683,44,1
7684,114,1
7685,43,1
7686,43,0
7687,34,0
7688,61,0
7689,144,1
7690,43,1
7691,48,1
7692,41,1
7693,113,0
7694,68,1
7695,46,1
7696,58,1
7697,65,1
7698,43,1
7699,147,1
7700,70,0
7701,26,0
7702,26,1
7703,102,1
7704,46,1
7705,35,1
7706,50,1
7707,63,0
7708,103,1
7709,27,0
7710,66,1
7711,102,1
7712,84,0
7713,20,0
7714,97,1
7715,86,1
7716,35,0
7717,160,1
7718,32,1
7719,31,0
7720,118,1
7721,77,1
7722,63,1
7723,147,1
7724,86,0
7725,53,1
7726,75,1
7727,100,1
7728,31,0
7729,52,1
7730,30,1
7731,36,1
7732,48,1
7733,85,1
7734,44,1
7735,57,1
7736,88,1
7737,45,0
7738,60,1
7739,169,1
7740,54,1
7741,90,1
7742,18,0
7743,60,0
7744,22,0
7745,88,1
7746,74,1
7747,65,1
7748,31,1
7749,65,1
7750,74,1
7751,143,1
7752,58,1
7753,49,1
7754,63,1
7755,70,0
7756,53,0
7757,26,1
7758,51,1
7759,153,1
7760,57,0
7761,27,0
7762,126,1
7763,21,0
7764,106,0
7765,73,1
7766,200,0
7767,67,1
7768,131,1
7769,39,1
7770,130,1
7771,39,1
7772,56,1
7773,44,1
7774,60,0
7775,42,1
7776,32,1
7777,67,1
7778,81,1
7779,46,0
7780,52,1
7781,38,1
7782,134,0
7783,52,1
7784,71,0
7785,84,1
7786,102,1
7787,40,0
7788,86,1
7789,47,1
7790,156,1
7791,101,1
7792,35,1
7793,66,1
7794,24,1
7795,63,1
7796,110,1
7797,200,0
7798,69,0
7799,43,0
7800,30,0
7801,85,1
7802,33,0
7803,75,0
7804,70,1
7805,29,0
7806,38,1
7807,31,0
7808,99,1
7809,74,1
7810,72,1
7811,10,0
7812,27,1
7813,99,0
7814,83,0
7815,46,1
7816,78,1
7817,78,1
7818,39,1
7819,82,1
7820,104,1
7821,81,1
7822,72,1
7823,39,1
7824,71,1
7825,48,0
7826,124,0
7827,81,0
7828,77,1
7829,113,0
7830,123,0
7831,52,1
7832,40,1
7833,77,0
7834,99,1
7835,67,0
7836,58,1
7837,92,0
7838,33,1
7839,115,1
7840,73,1
7841,44,1
7842,37,1
7843,40,1
7844,93,1
7845,95,1
7846,55,1
7847,67,1
7848,36,0
7849,48,1
7850,55,1
7851,38,1
7852,57,1
7853,31,1
7854,26,1
7855,49,1
7856,14,0
7857,60,1
7858,77,0
7859,29,1
7860,69,0
7861,56,0
7862,69,1
7863,42,0
7864,50,1
7865,112,1
7866,34,1
7867,30,0
7868,64,0
7869,43,1
7870,38,0
7871,50,1
7872,63,1
7873,36,0
7874,94,1
7875,55,1
7876,87,1
7877,41,0
7878,67,1
7879,133,1
7880,69,1
7881,103,1
7882,87,0
7883,35,1
7884,35,1
7885,52,1
7886,99,1
7887,35,1
7888,30,0
7889,47,1
7890,41,0
7891,158,0
7892,37,1
7893,72,0
7894,46,1
7895,164,1
7896,71,1
7897,37,1
7898,67,1
7899,47,1
7900,60,1
7901,84,1
7902,119,1
7903,48,1
7904,79,1
7905,80,1
7906,26,0
7907,49,0
7908,103,1
7909,26,0
7910,147,0
7911,200,0
7912,43,1
7913,99,0
7914,30,1
7915,65,1
7916,87,1
7917,46,1
7918,46,1
7919,59,0
7920,52,1
7921,151,1
7922,89,0
7923,116,1
7924,64,1
7925,46,1
7926,132,1
7927,113,0
7928,31,1
7929,39,0
7930,126,1
7931,27,0
7932,94,1
7933,60,0
7934,69,1
7935,54,1
7936,27,0
7937,145,0
7938,111,1
7939,63,1
7940,91,1
7941,74,0
7942,78,0
7943,46,1
7944,44,1
7945,88,1
7946,53,1
7947,40,1
7948,144,1
7949,64,1
7950,55,1
7951,9,0
7952,80,1
7953,26,0
7954,89,1
7955,106,1
7956,59,1
7957,46,1
7958,67,1
7959,41,0
7960,45,1
7961,35,1
7962,61,1
7963,38,1
7964,122,1
7965,53,1
7966,59,1
7967,56,1
7968,56,1
7969,77,0
7970,43,0
7971,52,1
7972,75,1
7973,117,1
7974,77,1
7975,76,1
7976,60,1
7977,63,1
7978,57,1
7979,38,0
7980,63,1
7981,131,1
7982,63,1
7983,54,1
7984,48,1
7985,67,1
7986,70,1
7987,88,0
7988,74,1
7989,58,1
7990,27,0
7991,56,0
7992,121,1
7993,59,1
7994,200,0
7995,40,1
7996,44,0
7997,62,1
7998,139,1
7999,73,1
8000,59,1
8001,162,1
8002,40,0
8003,25,0
8004,58,1
8005,95,1
8006,34,1
8007,78,0
8008,54,1
8009,60,1
8010,42,0
8011,48,1
8012,116,0
8013,55,1
8014,103,1
8015,167,1
8016,106,1
8017,135,1
8018,37,1
8019,90,1
8020,36,1
8021,79,1
8022,71,1
8023,63,1
8024,150,1
8025,60,1
8026,70,1
8027,64,0
8028,60,1
8029,14,0
8030,191,1
8031,82,1
8032,25,0
8033,32,0
8034,43,1
8035,35,1
8036,44,0
8037,12,0
8038,97,0
8039,157,1
8040,34,1
8041,68,1
8042,67,1
8043,80,1
8044,54,1
8045,121,1
8046,79,1
8047,71,1
8048,158,1
8049,93,1
8050,57,1
8051,30,1
8052,126,1
8053,67,1
8054,64,1
8055,40,0
8056,126,1
8057,120,1
8058,82,0
8059,198,0
8060,57,1
8061,73,0
8062,75,1
8063,80,1
8064,40,0
8065,67,1
8066,70,0
8067,65,1
8068,46,0
8069,50,0
8070,54,0
8071,58,1
8072,81,0
8073,46,1
8074,71,1
8075,22,1
8076,34,1
8077,61,1
8078,53,1
8079,51,1
8080,164,1
8081,28,1
8082,149,1
8083,65,1
8084,68,1
8085,28,1
8086,38,1
8087,24,0
8088,32,0
8089,33,1
8090,70,1
8091,181,1
8092,83,1
8093,30,0
8094,64,1
8095,81,1
8096,118,1
8097,59,0
8098,77,1
8099,71,1
8100,49,1
8101,102,1
8102,37,0
8103,51,1
8104,41,1
8105,24,0
8106,74,1
8107,29,1
8108,47,1
8109,43,0
8110,19,0
8111,125,1
8112,59,1
8113,58,1
8114,17,1
8115,70,0
8116,89,1
8117,90,1
8118,31,0
8119,55,0
8120,33,1
8121,63,1
8122,52,1
8123,56,1
8124,84,0
8125,138,1
8126,65,1
8127,44,1
8128,65,1
8129,70,1
8130,44,1
8131,30,1
8132,50,1
8133,27,0
8134,121,1
8135,53,1
8136,64,0
8137,59,1
8138,107,1
8139,138,0
8140,82,0
8141,27,1
8142,38,1
8143,111,0
8144,176,1
8145,94,1
8146,200,0
8147,98,1
8148,31,0
8149,110,1
8150,80,1
8151,26,1
8152,83,1
8153,50,1
8154,41,1
8155,36,1
8156,44,1
8157,90,1
8158,66,1
8159,17,0
8160,58,1
8161,40,1
8162,31,1
8163,79,1
8164,88,0
8165,88,1
8166,189,1
8167,37,1
8168,66,1
8169,62,0
8170,54,0
8171,41,1
8172,122,1
8173,95,1
8174,45,1
8175,41,1
8176,161,1
8177,57,1
8178,50,1
8179,59,0
8180,39,0
8181,48,1
8182,59,1
8183,87,1
8184,71,1
8185,30,1
8186,99,1
8187,42,1
8188,37,1
8189,43,0
8190,37,1
8191,56,0
8192,91,0
8193,26,1
8194,121,1
8195,32,0
8196,50,1
8197,35,1
8198,36,0
8199,104,1
8200,30,0
8201,86,1
8202,32,0
8203,29,1
8204,93,0
8205,42,0
8206,29,1
8207,73,1
8208,26,0
8209,22,1
8210,78,1
8211,37,0
8212,59,1
8213,93,0
8214,37,0
8215,41,1
8216,108,1
8217,46,1
8218,50,1
8219,38,1
8220,32,1
8221,200,0
8222,63,1
8223,56,1
8224,67,1
8225,54,0
8226,76,1
8227,81,1
8228,48,1
8229,63,1
8230,33,0
8231,26,1
8232,99,1
8233,64,0
8234,151,1
8235,123,1
8236,99,1
8237,28,1
8238,84,1
8239,63,1
8240,19,0
8241,197,1
8242,71,1
8243,86,1
8244,35,1
8245,132,1
8246,83,1
8247,68,1
8248,108,1
8249,70,1
8250,132,1
8251,17,0
8252,50,1
8253,12,0
8254,64,1
8255,63,0
8256,40,1
8257,36,0
8258,95,1
8259,36,0
8260,58,1
8261,27,0
8262,35,1
8263,68,1
8264,67,1
8265,104,1
8266,173,0
8267,80,0
8268,193,1
8269,58,1
8270,67,0
8271,38,1
8272,136,1
8273,97,1
8274,15,0
8275,102,1
8276,135,1
8277,26,0
8278,50,0
8279,55,1
8280,9,0
8281,118,1
8282,96,1
8283,59,1
8284,21,0
8285,94,1
8286,57,1
8287,70,1
8288,42,0
8289,86,1
8290,106,1
8291,84,1
8292,136,1
8293,89,1
8294,37,0
8295,59,1
8296,62,1
8297,29,0
8298,119,0
8299,28,0
8300,13,0
8301,59,1
8302,38,0
8303,39,1
8304,37,1
8305,56,0
8306,41,1
8307,27,0
8308,102,1
8309,65,1
8310,55,1
8311,88,1
8312,33,1
8313,33,1
8314,57,1
8315,130,1
8316,60,1
8317,167,1
8318,34,1
8319,17,0
8320,69,1
8321,66,0
8322,54,1
8323,40,1
8324,119,1
8325,52,0
8326,148,1
8327,100,1
8328,129,1
8329,38,0
8330,36,0
8331,55,1
8332,89,1
8333,161,1
8334,77,1
8335,185,0
8336,71,0
8337,72,1
8338,38,0
8339,54,0
8340,36,0
8341,200,0
8342,200,0
8343,42,1
8344,92,1
8345,71,1
8346,58,1
8347,42,1
8348,39,1
8349,63,1
8350,68,0
8351,36,0
8352,60,0
8353,80,1
8354,99,1
8355,34,1
8356,52,1
8357,34,1
8358,125,1
8359,62,1
8360,64,1
8361,53,1
8362,46,1
8363,87,1
8364,34,1
8365,139,1
8366,72,1
8367,27,0
8368,91,0
8369,56,1
8370,148,1
8371,89,1
8372,200,0
8373,99,1
8374,111,1
8375,69,1
8376,67,1
8377,69,0
8378,110,0
8379,134,1
8380,76,0
8381,100,1
8382,72,0
8383,143,1
8384,41,1
8385,49,0
8386,194,1
8387,66,1
8388,33,1
8389,37,1
8390,45,0
8391,59,1
8392,38,1
8393,47,1
8394,103,1
8395,76,1
8396,48,1
8397,93,1
8398,75,1
8399,42,1
8400,101,1
8401,73,1
8402,174,1
8403,45,0
8404,55,1
8405,25,0
8406,82,1
8407,128,1
8408,55,1
8409,180,1
8410,27,0
8411,43,1
8412,67,0
8413,119,0
8414,28,1
8415,28,1
8416,82,1
8417,33,0
8418,74,1
8419,61,1
8420,39,1
8421,66,0
8422,113,1
8423,40,1
8424,72,1
8425,97,0
8426,70,0
8427,70,1
8428,137,1
8429,103,0
8430,56,1
8431,39,1
8432,95,1
8433,77,0
8434,118,1
8435,9,0
8436,73,1
8437,73,1
8438,99,1
8439,64,1
8440,102,1
8441,56,1
8442,60,1
8443,49,1
8444,41,1
8445,101,0
8446,60,1
8447,99,0
8448,14,0
8449,172,0
8450,22,0
8451,48,1
8452,37,0
8453,60,1
8454,120,1
8455,73,1
8456,100,1
8457,63,0
8458,95,1
8459,31,0
8460,58,1
8461,28,0
8462,152,1
8463,93,1
8464,46,1
8465,9,0
8466,24,0
8467,41,0
8468,52,1
8469,42,1
8470,63,1
8471,51,1
8472,30,1
8473,88,1
8474,45,1
8475,32,0
8476,64,1
8477,79,0
8478,79,1
8479,141,1
8480,36,1
8481,103,1
8482,200,0
8483,24,0
8484,49,1
8485,44,1
8486,157,0
8487,78,1
8488,58,1
8489,85,1
8490,138,1
8491,36,1
8492,166,1
8493,50,1
8494,154,1
8495,48,1
8496,37,1
8497,69,1
8498,34,1
8499,92,1
8500,91,1
8501,36,0
8502,49,1
8503,54,1
8504,54,0
8505,32,0
8506,62,1
8507,88,1
8508,51,0
8509,38,1
8510,86,1
8511,57,1
8512,40,1
8513,35,1
8514,99,1
8515,30,1
8516,78,1
8517,44,0
8518,81,0
8519,74,1
8520,64,0
8521,86,1
8522,82,0
8523,89,1
8524,63,1
8525,163,0
8526,37,1
8527,200,0
8528,90,0
8529,46,1
8530,26,1
8531,55,1
8532,72,1
8533,81,1
8534,59,1
8535,145,1
8536,55,0
8537,114,1
8538,200,0
8539,58,1
8540,81,0
8541,68,0
8542,60,1
8543,57,1
8544,19,1
8545,19,0
8546,72,1
8547,43,1
8548,91,1
8549,51,1
8550,69,1
8551,66,0
8552,41,1
8553,43,1
8554,55,1
8555,32,0
8556,111,1
8557,90,1
8558,36,1
8559,44,0
8560,68,1
8561,76,1
8562,38,0
8563,16,0
8564,69,1
8565,66,1
8566,50,1
8567,59,1
8568,80,0
8569,37,1
8570,94,1
8571,71,1
8572,25,0
8573,41,1
8574,105,1
8575,49,0
8576,97,1
8577,24,0
8578,47,1
8579,8,0
8580,76,1
8581,51,1
8582,25,1
8583,67,1
8584,34,0
8585,85,1
8586,51,1
8587,83,0
8588,39,1
8589,72,1
8590,108,1
8591,28,1
8592,39,1
8593,47,1
8594,71,1
8595,10,0
8596,44,1
8597,85,1
8598,30,1
8599,93,1
8600,15,0
8601,18,0
8602,51,1
8603,60,1
8604,26,0
8605,66,1
8606,78,1
8607,103,1
8608,55,0
8609,32,0
8610,76,1
8611,55,1
8612,102,0
8613,25,0
8614,65,1
8615,55,1
8616,28,0
8617,77,1
8618,28,0
8619,103,1
8620,71,1
8621,45,1
8622,35,1
8623,31,1
8624,26,1
8625,72,1
8626,78,1
8627,91,1
8628,77,0
8629,117,1
8630,25,1
8631,79,1
8632,200,0
8633,158,1
8634,87,0
8635,31,0
8636,30,1
8637,40,1
8638,130,1
8639,57,1
8640,82,1
8641,25,0
8642,75,1
8643,53,1
8644,76,1
8645,66,1
8646,13,0
8647,34,1
8648,33,1
8649,19,0
8650,58,1
8651,64,1
8652,98,1
8653,56,0
8654,62,0
8655,81,1
8656,32,1
8657,19,0
8658,66,1
8659,23,0
8660,143,1
8661,64,0
8662,134,0
8663,59,1
8664,39,0
8665,20,0
8666,69,1
8667,58,1
8668,116,1
8669,113,1
8670,58,1
8671,79,1
8672,90,1
8673,31,1
8674,16,0
8675,31,1
8676,114,1
8677,55,1
8678,32,1
8679,41,1
8680,69,1
8681,69,1
8682,88,1
8683,48,1
8684,47,0
8685,77,1
8686,115,1
8687,54,0
8688,20,0
8689,54,1
8690,58,1
8691,75,0
8692,51,1
8693,44,0
8694,89,0
8695,45,1
8696,28,0
8697,108,1
8698,54,1
8699,104,1
8700,58,1
8701,98,1
8702,93,1
8703,49,1
8704,65,1
8705,21,0
8706,76,1
8707,48,1
8708,69,1
8709,35,0
8710,71,1
8711,124,1
8712,125,1
8713,97,1
8714,120,1
8715,100,1
8716,57,1
8717,65,1
8718,50,1
8719,121,1
8720,77,0
8721,141,1
8722,19,0
8723,74,1
8724,52,0
8725,71,0
8726,39,1
8727,63,1
8728,115,1
8729,100,1
8730,54,1
8731,58,1
8732,54,1
8733,35,0
8734,70,1
8735,118,1
8736,175,1
8737,116,1
8738,99,0
8739,51,1
8740,63,1
8741,68,1
8742,35,1
8743,124,0
8744,30,1
8745,15,0
8746,67,1
8747,95,1
8748,44,0
8749,56,1
8750,61,0
8751,43,1
8752,84,1
8753,56,1
8754,52,1
8755,58,1
8756,49,1
8757,60,1
8758,73,0
8759,20,0
8760,114,1
8761,87,1
8762,52,1
8763,91,1
8764,17,0
8765,37,1
8766,95,0
8767,92,1
8768,83,1
8769,40,1
8770,16,0
8771,120,0
8772,98,1
8773,200,0
8774,50,1
8775,16,0
8776,75,1
8777,31,1
8778,138,1
8779,59,1
8780,108,1
8781,132,1
8782,61,1
8783,36,1
8784,120,1
8785,75,1
8786,101,1
8787,88,1
8788,59,1
8789,34,1
8790,81,1
8791,37,1
8792,39,1
8793,44,0
8794,78,1
8795,55,0
8796,82,1
8797,200,0
8798,21,1
8799,50,1
8800,168,1
8801,14,0
8802,99,1
8803,35,0
8804,95,1
8805,45,1
8806,100,1
8807,17,0
8808,116,1
8809,97,1
8810,10,0
8811,86,1
8812,48,1
8813,94,0
8814,34,1
8815,46,1
8816,96,1
8817,76,1
8818,96,0
8819,41,1
8820,21,0
8821,35,1
8822,66,1
8823,66,0
8824,200,0
8825,38,1
8826,53,1
8827,72,1
8828,99,0
8829,196,1
8830,66,1
8831,24,0
8832,65,1
8833,68,1
8834,12,0
8835,55,1
8836,167,1
8837,139,1
8838,64,0
8839,123,1
8840,40,1
8841,126,1
8842,38,1
8843,83,0
8844,179,1
8845,27,0
8846,135,1
8847,58,0
8848,52,1
8849,71,1
8850,53,1
8851,38,1
8852,66,1
8853,30,1
8854,51,1
8855,66,1
8856,56,1
8857,17,0
8858,78,0
8859,44,1
8860,161,0
8861,20,0
8862,88,1
8863,122,1
8864,45,1
8865,130,1
8866,72,1
8867,58,1
8868,70,1
8869,31,1
8870,98,1
8871,27,1
8872,68,1
8873,52,1
8874,80,1
8875,61,1
8876,48,1
8877,53,1
8878,53,1
8879,76,1
8880,63,1
8881,100,0
8882,70,0
8883,50,1
8884,101,0
8885,165,1
8886,56,1
8887,112,1
8888,54,1
8889,84,1
8890,22,0
8891,62,0
8892,43,1
8893,11,0
8894,39,0
8895,200,0
8896,113,1
8897,56,1
8898,60,1
8899,39,1
8900,73,1
8901,75,1
8902,33,1
8903,109,0
8904,122,1
8905,45,1
8906,118,0
8907,93,0
8908,66,1
8909,52,1
8910,182,1
8911,138,0
8912,41,0
8913,76,1
8914,65,0
8915,71,1
8916,105,1
8917,40,1
8918,48,1
8919,26,0
8920,48,1
8921,55,1
8922,150,0
8923,45,0
8924,28,1
8925,125,1
8926,74,1
8927,66,1
8928,41,1
8929,31,1
8930,41,0
8931,137,0
8932,157,0
8933,24,0
8934,57,1
8935,109,1
8936,78,1
8937,44,1
8938,52,1
8939,100,1
8940,31,1
8941,109,1
8942,26,0
8943,29,1
8944,71,0
8945,102,0
8946,46,1
8947,18,0
8948,39,1
8949,178,1
8950,88,1
8951,115,1
8952,15,0
8953,191,1
8954,62,1
8955,56,0
8956,182,1
8957,74,1
8958,176,1
8959,142,1
8960,126,1
8961,55,1
8962,86,1
8963,106,1
8964,56,0
8965,66,1
8966,155,1
8967,42,1
8968,76,1
8969,55,1
8970,55,0
8971,129,1
8972,70,1
8973,102,1
8974,155,1
8975,157,1
8976,173,1
8977,69,1
8978,97,1
8979,41,1
8980,30,0
8981,35,0
8982,89,1
8983,17,0
8984,84,1
8985,75,1
8986,34,1
8987,200,0
8988,56,1
8989,38,0
8990,69,1
8991,85,1
8992,49,0
8993,35,0
8994,129,1
8995,46,1
8996,46,0
8997,51,0
8998,37,1
8999,58,1
9000,119,1
9001,56,1
9002,69,1
9003,71,1
9004,72,1
9005,73,1
9006,65,1
9007,53,0
9008,53,1
9009,63,1
9010,29,1
9011,66,1
9012,103,1
9013,39,1
9014,123,1
9015,31,1
9016,46,1
9017,32,0
9018,65,1
9019,73,1
9020,56,1
9021,67,1
9022,26,1
9023,32,0
9024,62,0
9025,54,0
9026,42,0
9027,126,1
9028,147,1
9029,47,1
9030,36,1
9031,85,1
9032,55,1
9033,116,1
9034,144,0
9035,92,1
9036,37,1
9037,39,1
9038,33,1
9039,52,1
9040,102,0
9041,73,1
9042,61,1
9043,67,1
9044,84,1
9045,47,0
9046,23,1
9047,34,1
9048,110,1
9049,36,1
9050,31,1
9051,166,0
9052,78,0
9053,121,0
9054,37,0
9055,23,0
9056,26,0
9057,45,1
9058,67,1
9059,21,0
9060,110,1
9061,51,0
9062,20,0
9063,98,0
9064,90,1
9065,72,1
9066,125,1
9067,55,1
9068,34,1
9069,136,0
9070,17,0
9071,32,1
9072,144,1
9073,92,1
9074,52,1
9075,51,1
9076,50,1
9077,51,0
9078,57,1
9079,46,1
9080,31,1
9081,143,1
9082,52,1
9083,79,1
9084,108,0
9085,53,1
9086,28,0
9087,43,1
9088,123,1
9089,52,1
9090,117,1
9091,83,1
9092,90,0
9093,53,1
9094,65,1
9095,100,1
9096,47,1
9097,180,1
9098,96,1
9099,86,1
9100,58,0
9101,70,1
9102,70,0
9103,56,1
9104,61,1
9105,21,0
9106,58,1
9107,17,0
9108,38,1
9109,66,1
9110,83,1
9111,200,0
9112,37,0
9113,35,1
9114,33,1
9115,106,1
9116,88,0
9117,92,1
9118,131,1
9119,156,1
9120,33,0
9121,34,1
9122,124,1
9123,73,1
9124,66,1
9125,173,1
9126,45,1
9127,59,1
9128,51,1
9129,23,0
9130,104,1
9131,71,1
9132,37,1
9133,68,0
9134,49,1
9135,56,0
9136,94,1
9137,54,1
9138,119,1
9139,70,0
9140,18,0
9141,60,1
9142,69,1
9143,62,1
9144,68,1
9145,51,0
9146,127,1
9147,60,1
9148,78,1
9149,69,1
9150,59,1
9151,62,1
9152,125,1
9153,59,1
9154,28,1
9155,47,1
9156,71,1
9157,34,1
9158,71,0
9159,48,1
9160,48,1
9161,31,1
9162,70,1
9163,46,1
9164,47,1
9165,127,1
9166,88,1
9167,39,1
9168,51,1
9169,40,1
9170,78,1
9171,31,1
9172,39,1
9173,93,1
9174,158,1
9175,58,0
9176,43,1
9177,58,1
9178,7,0
9179,54,1
9180,66,1
9181,145,0
9182,81,1
9183,50,1
9184,43,1
9185,61,0
9186,59,1
9187,29,1
9188,85,1
9189,43,1
9190,47,1
9191,83,1
9192,82,0
9193,44,1
9194,36,1
9195,55,1
9196,46,1
9197,78,1
9198,52,1
9199,27,0
9200,118,1
9201,69,1
9202,200,0
9203,84,1
9204,53,1
9205,123,1
9206,70,1
9207,84,1
9208,133,1
9209,200,0
9210,18,0
9211,66,1
9212,41,0
9213,109,1
9214,35,1
9215,24,1
9216,24,0
9217,147,0
9218,122,1
9219,69,1
9220,94,1
9221,21,1
9222,48,1
9223,66,1
9224,29,1
9225,60,1
9226,67,0
9227,123,1
9228,35,0
9229,46,0
9230,43,1
9231,57,1
9232,93,1
9233,15,0
9234,12,0
9235,40,1
9236,93,1
9237,45,1
9238,21,1
9239,15,0
9240,112,1
9241,82,1
9242,37,1
9243,78,1
9244,61,0
9245,16,0
9246,82,1
9247,55,1
9248,62,1
9249,68,1
9250,78,1
9251,85,1
9252,20,1
9253,130,1
9254,79,1
9255,38,1
9256,49,0
9257,69,1
9258,63,1
9259,32,0
9260,101,0
9261,152,1
9262,66,1
9263,96,1
9264,82,1
9265,137,1
9266,90,0
9267,88,1
9268,47,1
9269,51,0
9270,78,1
9271,25,0
9272,80,1
9273,67,1
9274,22,1
9275,111,1
9276,70,1
9277,101,1
9278,59,1
9279,84,1
9280,61,0
9281,41,1
9282,39,1
9283,111,1
9284,30,0
9285,47,1
9286,24,1
9287,33,0
9288,95,0
9289,57,1
9290,19,0
9291,46,0
9292,119,1
9293,49,1
9294,123,0
9295,100,1
9296,42,1
9297,75,1
9298,71,1
9299,23,0
9300,106,1
9301,60,1
9302,52,0
9303,31,1
9304,33,0
9305,47,0
9306,114,1
9307,50,0
9308,124,1
9309,60,1
9310,35,1
9311,58,1
9312,62,1
9313,125,1
9314,77,1
9315,109,1
9316,100,0
9317,30,1
9318,58,1
9319,99,1
9320,36,0
9321,105,1
9322,97,1
9323,166,1
9324,62,1
9325,79,1
9326,128,0
9327,101,1
9328,99,1
9329,151,1
9330,53,1
9331,42,1
9332,55,1
9333,64,1
9334,28,0
9335,184,1
9336,94,1
9337,55,1
9338,55,1
9339,86,0
9340,156,0
9341,97,1
9342,49,1
9343,50,1
9344,58,1
9345,7,0
9346,30,1
9347,50,1
9348,56,0
9349,58,1
9350,58,0
9351,26,0
9352,80,1
9353,102,1
9354,35,1
9355,103,1
9356,67,1
9357,54,0
9358,19,1
9359,87,0
9360,37,1
9361,79,1
9362,42,0
9363,26,1
9364,58,1
9365,140,1
9366,82,1
9367,51,1
9368,29,1
9369,64,0
9370,87,1
9371,60,1
9372,54,1
9373,111,0
9374,25,0
9375,38,1
9376,67,1
9377,75,1
9378,29,1
9379,120,1
9380,81,1
9381,49,0
9382,28,1
9383,15,0
9384,26,0
9385,71,1
9386,44,1
9387,72,0
9388,79,1
9389,40,1
9390,150,0
9391,101,0
9392,20,1
9393,37,1
9394,86,1
9395,52,1
9396,85,1
9397,54,1
9398,23,0
9399,40,1
9400,41,1
9401,74,1
9402,41,1
9403,32,1
9404,55,0
9405,54,0
9406,51,1
9407,51,1
9408,36,1
9409,72,1
9410,168,1
9411,115,0
9412,60,1
9413,42,1
9414,42,0
9415,111,1
9416,42,1
9417,123,0
9418,114,1
9419,68,1
9420,40,1
9421,46,0
9422,200,0
9423,108,1
9424,50,1
9425,41,1
9426,91,1
9427,66,0
9428,87,1
9429,73,1
9430,70,1
9431,77,1
9432,54,1
9433,134,1
9434,79,1
9435,20,0
9436,111,1
9437,106,1
9438,47,1
9439,88,0
9440,22,0
9441,91,1
9442,114,1
9443,34,0
9444,32,1
9445,51,1
9446,21,0
9447,100,1
9448,58,1
9449,125,1
9450,47,0
9451,143,1
9452,126,1
9453,46,1
9454,42,1
9455,27,1
9456,62,0
9457,200,0
9458,111,1
9459,54,0
9460,72,1
9461,41,1
9462,131,1
9463,82,1
9464,30,1
9465,83,1
9466,54,1
9467,56,1
9468,91,1
9469,26,1
9470,58,1
9471,94,0
9472,115,1
9473,59,0
9474,46,1
9475,128,1
9476,68,1
9477,51,1
9478,65,1
9479,14,0
9480,44,1
9481,31,0
9482,34,0
9483,126,0
9484,28,1
9485,200,0
9486,48,1
9487,18,0
9488,51,1
9489,32,1
9490,39,1
9491,24,1
9492,74,1
9493,30,0
9494,49,0
9495,92,1
9496,52,1
9497,19,0
9498,64,0
9499,90,1
9500,61,1
9501,12,0
9502,35,1
9503,90,1
9504,62,0
9505,39,1
9506,64,1
9507,184,1
9508,62,0
9509,29,0
9510,71,0
9511,65,1
9512,46,1
9513,51,0
9514,53,1
9515,35,0
9516,132,1
9517,109,0
9518,59,1
9519,111,1
9520,95,1
9521,32,0
9522,125,1
9523,98,1
9524,44,0
9525,24,0
9526,74,1
9527,67,1
9528,67,1
9529,93,1
9530,78,1
9531,39,0
9532,88,1
9533,41,1
9534,50,1
9535,37,1
9536,70,0
9537,122,1
9538,18,0
9539,74,1
9540,162,1
9541,59,1
9542,56,1
9543,79,1
9544,78,1
9545,75,1
9546,25,1
9547,29,1
9548,55,1
9549,96,0
9550,107,1
9551,109,1
9552,94,0
9553,19,0
9554,174,1
9555,85,1
9556,34,0
9557,44,0
9558,39,1
9559,36,1
9560,128,1
9561,87,1
9562,81,1
9563,105,1
9564,75,1
9565,55,1
9566,19,0
9567,65,1
9568,39,0
9569,64,1
9570,72,0
9571,82,1
9572,63,0
9573,22,0
9574,76,0
9575,57,1
9576,48,1
9577,28,1
9578,31,0
9579,81,1
9580,36,1
9581,68,0
9582,57,1
9583,56,0
9584,54,1
9585,47,1
9586,151,1
9587,47,1
9588,70,1
9589,119,1
9590,22,1
9591,85,1
9592,109,1
9593,54,1
9594,87,1
9595,61,1
9596,58,1
9597,28,1
9598,192,1
9599,50,0
9600,87,1
9601,192,1
9602,40,0
9603,83,1
9604,116,0
9605,51,1
9606,39,1
9607,107,1
9608,72,1
9609,52,1
9610,42,0
9611,21,1
9612,67,1
9613,156,1
9614,114,1
9615,20,0
9616,200,0
9617,175,0
9618,50,0
9619,23,0
9620,62,1
9621,68,1
9622,60,1
9623,107,0
9624,53,1
9625,72,1
9626,26,0
9627,122,1
9628,118,1
9629,68,1
9630,49,1
9631,72,1
9632,116,1
9633,31,1
9634,76,1
9635,105,1
9636,29,1
9637,20,0
9638,35,0
9639,79,0
9640,57,1
9641,54,1
9642,52,1
9643,47,1
9644,84,1
9645,49,1
9646,61,1
9647,28,0
9648,19,0
9649,57,0
9650,154,1
9651,39,1
9652,59,1
9653,200,0
9654,54,1
9655,44,1
9656,55,1
9657,34,0
9658,7,0
9659,126,1
9660,74,1
9661,44,1
9662,88,1
9663,78,1
9664,92,0
9665,74,1
9666,55,0
9667,16,0
9668,84,1
9669,97,1
9670,49,0
9671,68,1
9672,45,0
9673,48,1
9674,65,1
9675,52,1
9676,200,0
9677,33,1
9678,170,1
9679,144,1
9680,40,1
9681,53,1
9682,51,1
9683,16,0
9684,23,0
9685,32,1
9686,47,0
9687,65,1
9688,48,0
9689,84,0
9690,40,1
9691,28,0
9692,72,1
9693,55,1
9694,35,1
9695,24,1
9696,190,1
9697,42,0
9698,82,1
9699,47,1
9700,25,0
9701,60,1
9702,63,1
9703,21,1
9704,32,1
9705,60,1
9706,82,1
9707,49,0
9708,9,0
9709,49,1
9710,15,0
9711,49,0
9712,86,1
9713,71,0
9714,40,1
9715,107,1
9716,44,1
9717,176,1
9718,82,1
9719,28,1
9720,107,1
9721,129,1
9722,56,1
9723,121,1
9724,52,1
9725,67,1
9726,42,1
9727,127,0
9728,96,1
9729,141,1
9730,137,1
9731,93,1
9732,79,1
9733,61,0
9734,52,0
9735,111,1
9736,142,1
9737,11,0
9738,45,1
9739,64,1
9740,58,0
9741,60,1
9742,65,1
9743,77,1
9744,24,1
9745,112,1
9746,131,1
9747,87,1
9748,30,0
9749,67,1
9750,75,0
9751,79,1
9752,42,1
9753,61,1
9754,55,1
9755,132,1
9756,31,0
9757,26,0
9758,90,1
9759,101,0
9760,44,1
9761,42,1
9762,33,1
9763,71,1
9764,28,0
9765,54,1
9766,44,1
9767,81,1
9768,138,0
9769,63,1
9770,105,1
9771,94,0
9772,110,1
9773,93,1
9774,87,1
9775,63,0
9776,97,1
9777,67,0
9778,103,1
9779,148,1
9780,119,1
9781,74,1
9782,35,1
9783,112,1
9784,97,0
9785,32,1
9786,95,1
9787,25,1
9788,124,1
9789,47,1
9790,44,1
9791,57,1
9792,19,1
9793,111,1
9794,65,0
9795,53,0
9796,142,1
9797,106,1
9798,67,0
9799,188,1
9800,76,1
9801,57,1
9802,48,1
9803,197,1
9804,66,1
9805,88,0
9806,65,1
9807,31,1
9808,88,1
9809,38,1
9810,55,1
9811,72,1
9812,73,1
9813,72,1
9814,48,0
9815,88,0
9816,27,0
9817,62,1
9818,117,0
9819,43,0
9820,54,0
9821,63,1
9822,95,1
9823,40,1
9824,36,0
9825,90,1
9826,104,1
9827,84,1
9828,43,0
9829,63,1
9830,42,1
9831,42,0
9832,34,1
9833,59,1
9834,61,0
9835,53,1
9836,112,1
9837,108,1
9838,79,1
9839,47,1
9840,103,0
9841,59,1
9842,94,1
9843,24,1
9844,88,1
9845,36,0
9846,135,1
9847,15,0
9848,97,1
9849,46,1
9850,127,1
9851,84,0
9852,139,1
9853,47,1
9854,50,1
9855,94,0
9856,200,0
9857,76,1
9858,64,1
9859,33,0
9860,52,0
9861,189,1
9862,64,1
9863,24,0
9864,29,1
9865,19,0
9866,31,1
9867,59,1
9868,63,1
9869,57,1
9870,50,1
9871,30,0
9872,147,1
9873,112,1
9874,64,1
9875,161,1
9876,111,1
9877,69,0
9878,35,1
9879,18,0
9880,53,1
9881,49,0
9882,75,1
9883,85,0
9884,44,1
9885,72,1
9886,38,1
9887,59,0
9888,130,1
9889,36,1
9890,79,1
9891,46,0
9892,68,1
9893,48,0
9894,34,0
9895,70,1
9896,66,1
9897,200,0
9898,40,1
9899,48,1
9900,125,1
9901,44,1
9902,60,1
9903,46,1
9904,61,1
9905,194,1
9906,41,1
9907,52,1
9908,102,1
9909,78,0
9910,37,1
9911,23,0
9912,140,1
9913,62,1
9914,36,1
9915,39,1
9916,31,1
9917,23,0
9918,122,0
9919,46,0
9920,41,0
9921,74,1
9922,85,1
9923,43,0
9924,160,1
9925,63,1
9926,79,1
9927,99,0
9928,114,1
9929,106,1
9930,41,0
9931,87,1
9932,200,0
9933,68,1
9934,118,1
9935,66,1
9936,47,1
9937,139,0
9938,121,1
9939,125,1
9940,77,1
9941,45,1
9942,57,0
9943,169,1
9944,96,1
9945,63,0
9946,50,0
9947,160,1
9948,72,1
9949,84,1
9950,40,0
9951,35,0
9952,131,1
9953,41,0
9954,44,1
9955,40,1
9956,34,1
9957,43,1
9958,41,0
9959,32,1
9960,119,1
9961,45,1
9962,133,1
9963,11,0
9964,19,0
9965,48,1
9966,55,1
9967,86,1
9968,53,1
9969,61,1
9970,35,1
9971,36,1
9972,42,1
9973,62,0
9974,200,0
9975,40,1
9976,90,0
9977,44,1
9978,94,1
9979,28,0
9980,110,0
9981,67,1
9982,110,0
9983,45,0
9984,42,1
9985,67,0
9986,58,0
9987,200,0
9988,14,0
9989,148,0
9990,28,1
9991,23,0
9992,36,1
9993,115,0
9994,142,0
9995,42,1
9996,28,1
9997,81,1
9998,73,1
9999,55,1
