episode,steps,reward
0,68,0
1,15,0
2,18,0
3,50,0
4,26,0
5,24,0
6,33,0
7,19,0
8,39,0
9,11,0
10,39,0
11,40,0
12,45,0
13,32,0
14,7,0
15,20,0
16,14,0
17,7,0
18,9,0
19,42,0
20,23,0
21,11,0
22,34,0
23,31,0
24,27,0
25,43,0
26,25,0
27,11,0
28,17,0
29,37,0
30,45,0
31,16,0
32,71,0
33,32,0
34,54,0
35,6,0
36,21,0
37,47,0
38,9,0
39,33,0
40,13,0
41,34,0
42,15,0
43,16,0
44,48,0
45,36,0
46,59,0
47,25,0
48,59,0
49,22,0
50,27,0
51,16,0
52,15,0
53,47,1
54,10,0
55,31,0
56,17,0
57,31,0
58,23,0
59,52,0
60,37,0
61,34,0
62,36,0
63,15,0
64,38,0
65,8,0
66,16,0
67,5,0
68,17,0
69,25,0
70,42,0
71,19,0
72,8,0
73,17,0
74,16,0
75,18,0
76,12,0
77,57,0
78,32,0
79,32,0
80,35,0
81,18,0
82,34,1
83,21,0
84,14,0
85,34,0
86,44,1
87,43,0
88,38,0
89,6,0
90,19,0
91,59,1
92,12,0
93,9,0
94,30,0
95,22,0
96,43,0
97,42,0
98,7,0
99,117,0
100,13,0
101,29,0
102,15,0
103,49,0
104,11,0
105,22,0
106,99,0
107,17,0
108,20,0
109,88,1
110,23,0
111,54,1
112,29,0
113,42,0
114,64,1
115,14,0
116,64,0
117,15,0
118,16,0
119,94,0
120,26,0
121,28,0
122,45,0
123,79,0
124,29,0
125,26,0
126,30,0
127,14,0
128,16,0
129,19,0
130,13,0
131,53,0
132,24,0
133,55,1
134,18,0
135,7,0
136,47,1
137,49,1
138,23,0
139,23,0
140,20,0
141,15,0
142,25,0
143,94,1
144,56,0
145,95,1
146,33,0
147,40,0
148,15,0
149,16,0
150,9,0
151,20,0
152,30,1
153,11,0
154,16,0
155,10,0
156,39,0
157,16,0
158,124,1
159,17,0
160,46,0
161,16,0
162,34,0
163,32,1
164,25,0
165,81,0
166,32,1
167,49,1
168,9,0
169,33,0
170,36,1
171,26,0
172,64,0
173,26,0
174,10,0
175,39,0
176,31,0
177,25,0
178,49,0
179,17,0
180,14,0
181,14,0
182,10,0
183,13,0
184,20,0
185,100,0
186,23,0
187,17,0
188,19,0
189,66,0
190,31,0
191,25,0
192,19,0
193,110,0
194,59,0
195,24,0
196,15,0
197,12,0
198,30,0
199,52,0
200,45,0
201,44,0
202,121,0
203,88,1
204,107,0
205,42,0
206,14,0
207,34,1
208,39,1
209,38,0
210,25,0
211,95,0
212,16,0
213,24,0
214,79,0
215,47,1
216,107,0
217,59,0
218,48,0
219,25,1
220,35,1
221,29,0
222,15,0
223,24,0
224,36,0
225,16,0
226,46,1
227,72,0
228,55,0
229,62,0
230,24,0
231,69,0
232,64,1
233,62,0
234,56,0
235,72,1
236,56,0
237,7,0
238,13,0
239,94,0
240,39,1
241,42,0
242,24,0
243,99,1
244,11,0
245,33,0
246,133,0
247,16,0
248,73,1
249,120,0
250,53,1
251,35,1
252,44,1
253,75,1
254,36,1
255,200,0
256,25,0
257,30,1
258,109,0
259,30,0
260,15,0
261,74,0
262,61,1
263,57,1
264,82,1
265,19,0
266,27,0
267,59,1
268,45,1
269,102,1
270,86,1
271,79,1
272,130,1
273,26,0
274,18,0
275,15,0
276,48,1
277,36,1
278,14,0
279,22,0
280,43,0
281,38,0
282,91,1
283,53,1
284,113,1
285,124,1
286,83,1
287,45,1
288,95,1
289,78,0
290,43,1
291,64,1
292,14,0
293,48,0
294,99,0
295,43,0
296,87,1
297,53,1
298,39,0
299,143,1
300,50,1
301,86,1
302,24,0
303,73,1
304,158,1
305,18,0
306,115,1
307,59,1
308,18,0
309,34,0
310,22,0
311,75,1
312,59,0
313,86,1
314,159,1
315,10,0
316,40,0
317,20,0
318,86,0
319,128,1
320,17,0
321,66,0
322,67,0
323,11,0
324,39,0
325,62,1
326,113,1
327,53,1
328,68,1
329,80,1
330,12,0
331,78,1
332,146,1
333,113,1
334,107,1
335,107,1
336,62,1
337,12,0
338,100,1
339,100,1
340,44,1
341,170,0
342,21,0
343,100,0
344,125,1
345,27,1
346,105,1
347,10,0
348,55,1
349,90,1
350,146,1
351,43,0
352,81,1
353,54,1
354,50,0
355,105,1
356,38,0
357,48,1
358,66,1
359,111,1
360,47,0
361,108,1
362,96,1
363,7,0
364,107,0
365,33,1
366,88,1
367,8,0
368,90,0
369,27,0
370,47,0
371,90,1
372,128,1
373,84,1
374,106,1
375,23,0
376,96,0
377,28,1
378,60,0
379,57,0
380,43,1
381,47,1
382,133,1
383,96,0
384,25,1
385,200,0
386,30,0
387,46,0
388,46,1
389,69,1
390,78,1
391,200,0
392,129,1
393,19,0
394,21,0
395,39,0
396,67,1
397,67,0
398,66,1
399,88,1
400,63,1
401,18,0
402,120,0
403,29,1
404,83,1
405,188,1
406,80,1
407,70,0
408,132,1
409,13,0
410,75,1
411,19,0
412,61,1
413,52,1
414,66,1
415,67,1
416,17,0
417,100,1
418,89,1
419,49,1
420,123,1
421,35,0
422,46,1
423,7,0
424,45,1
425,89,1
426,31,1
427,143,1
428,89,1
429,24,0
430,24,0
431,107,1
432,115,1
433,33,0
434,73,1
435,52,1
436,59,1
437,77,0
438,43,0
439,29,1
440,79,1
441,113,0
442,198,1
443,105,0
444,37,1
445,62,1
446,44,1
447,57,1
448,30,0
449,60,0
450,85,1
451,200,0
452,85,1
453,60,1
454,56,1
455,99,1
456,65,1
457,122,1
458,70,1
459,103,1
460,37,0
461,83,1
462,200,0
463,99,1
464,22,0
465,51,1
466,31,0
467,42,0
468,105,1
469,21,0
470,42,1
471,11,0
472,85,1
473,64,0
474,100,1
475,80,1
476,30,1
477,63,1
478,38,1
479,131,1
480,65,1
481,40,1
482,61,0
483,51,1
484,21,0
485,133,1
486,86,1
487,69,1
488,64,1
489,57,1
490,62,1
491,66,1
492,90,1
493,60,1
494,28,1
495,60,0
496,59,0
497,41,0
498,41,0
499,57,1
500,76,1
501,62,0
502,67,1
503,35,0
504,111,1
505,33,1
506,58,1
507,64,1
508,13,0
509,68,1
510,82,1
511,92,0
512,124,1
513,71,0
514,61,1
515,74,1
516,99,1
517,88,1
518,200,0
519,49,1
520,109,1
521,19,0
522,99,1
523,120,1
524,78,1
525,104,1
526,30,0
527,63,0
528,23,0
529,109,1
530,69,1
531,43,1
532,77,1
533,22,0
534,90,1
535,110,1
536,92,1
537,60,1
538,80,1
539,24,0
540,134,1
541,105,1
542,37,0
543,32,0
544,132,1
545,28,0
546,17,0
547,193,0
548,61,1
549,80,1
550,118,1
551,98,1
552,54,1
553,34,0
554,68,0
555,200,0
556,73,1
557,33,1
558,101,0
559,28,0
560,29,0
561,129,1
562,43,0
563,140,0
564,61,1
565,22,0
566,97,1
567,40,1
568,59,0
569,88,0
570,41,0
571,66,1
572,56,1
573,61,1
574,45,1
575,35,1
576,7,0
577,23,0
578,13,0
579,58,1
580,132,0
581,25,0
582,73,1
583,85,1
584,133,0
585,96,1
586,44,1
587,66,1
588,32,0
589,54,0
590,22,0
591,27,0
592,35,0
593,72,1
594,61,0
595,87,1
596,45,1
597,113,1
598,94,1
599,67,1
600,200,0
601,124,0
602,100,1
603,20,0
604,69,1
605,66,1
606,88,1
607,84,1
608,50,1
609,50,1
610,59,1
611,187,1
612,79,1
613,105,1
614,80,1
615,78,1
616,17,0
617,92,0
618,130,1
619,135,1
620,42,0
621,107,1
622,82,1
623,62,1
624,34,1
625,75,0
626,80,1
627,61,0
628,63,1
629,46,1
630,25,0
631,40,0
632,29,1
633,90,1
634,74,1
635,94,1
636,157,1
637,39,0
638,47,1
639,87,1
640,21,0
641,61,1
642,22,1
643,24,0
644,47,1
645,113,1
646,62,0
647,32,1
648,82,1
649,50,1
650,137,0
651,88,1
652,176,1
653,62,1
654,196,1
655,54,0
656,33,1
657,69,0
658,72,1
659,32,1
660,51,1
661,98,1
662,58,0
663,57,0
664,200,0
665,85,1
666,129,1
667,17,0
668,81,1
669,55,1
670,136,1
671,126,1
672,85,1
673,101,1
674,119,1
675,38,1
676,96,0
677,200,0
678,19,0
679,200,0
680,35,1
681,153,1
682,107,1
683,96,1
684,17,0
685,39,0
686,16,0
687,67,0
688,126,1
689,72,1
690,43,1
691,127,1
692,123,0
693,35,1
694,104,1
695,52,1
696,61,1
697,163,1
698,14,0
699,106,1
700,23,0
701,82,1
702,56,0
703,98,1
704,200,0
705,24,0
706,30,0
707,58,1
708,78,1
709,16,0
710,38,0
711,37,1
712,36,1
713,16,0
714,42,1
715,71,0
716,101,1
717,105,1
718,109,1
719,149,1
720,180,1
721,105,1
722,108,1
723,29,1
724,83,1
725,33,0
726,67,1
727,200,0
728,90,1
729,60,1
730,24,0
731,83,1
732,58,0
733,82,1
734,12,0
735,200,0
736,55,1
737,33,0
738,72,1
739,55,1
740,80,1
741,200,0
742,147,0
743,87,1
744,99,1
745,70,0
746,110,0
747,108,1
748,75,1
749,38,1
750,34,0
751,9,0
752,34,0
753,43,1
754,128,0
755,54,1
756,57,1
757,43,0
758,99,1
759,63,0
760,136,1
761,44,0
762,137,0
763,84,1
764,31,0
765,40,0
766,29,0
767,31,0
768,67,1
769,32,1
770,53,1
771,52,1
772,152,1
773,200,0
774,22,0
775,87,0
776,92,1
777,37,0
778,65,1
779,48,1
780,26,1
781,31,0
782,128,1
783,27,0
784,45,1
785,150,1
786,25,0
787,96,1
788,146,1
789,24,0
790,158,1
791,42,1
792,59,1
793,67,0
794,36,1
795,17,0
796,67,1
797,19,0
798,112,0
799,41,0
800,30,0
801,14,0
802,51,1
803,77,0
804,190,1
805,57,0
806,24,0
807,109,1
808,184,1
809,88,1
810,65,1
811,75,1
812,17,0
813,50,1
814,38,0
815,56,1
816,65,1
817,71,1
818,115,1
819,87,0
820,117,0
821,63,0
822,57,1
823,58,0
824,73,1
825,42,1
826,84,1
827,85,1
828,64,1
829,11,0
830,42,1
831,32,1
832,67,1
833,38,1
834,42,0
835,28,0
836,38,0
837,54,1
838,37,0
839,80,1
840,61,1
841,16,0
842,70,1
843,103,1
844,200,0
845,25,1
846,60,0
847,67,1
848,97,1
849,83,1
850,23,1
851,19,0
852,119,1
853,15,0
854,33,1
855,49,1
856,41,1
857,142,0
858,62,1
859,67,1
860,128,1
861,43,0
862,200,0
863,61,1
864,79,1
865,25,0
866,55,0
867,70,1
868,34,0
869,73,1
870,46,0
871,109,1
872,13,0
873,200,0
874,37,0
875,32,1
876,35,0
877,117,1
878,104,1
879,116,1
880,72,1
881,40,0
882,82,1
883,23,0
884,105,1
885,30,1
886,112,1
887,93,1
888,60,1
889,94,1
890,64,1
891,26,0
892,33,1
893,38,1
894,47,1
895,59,1
896,185,1
897,49,1
898,73,1
899,120,1
900,26,0
901,89,1
902,140,0
903,35,0
904,44,1
905,58,1
906,21,0
907,200,0
908,60,1
909,22,0
910,79,1
911,27,0
912,35,0
913,83,1
914,82,1
915,49,1
916,106,1
917,100,1
918,35,0
919,156,1
920,58,1
921,73,1
922,39,1
923,91,1
924,24,1
925,127,1
926,119,1
927,41,0
928,70,0
929,62,0
930,72,1
931,173,1
932,71,0
933,32,1
934,117,1
935,50,0
936,41,1
937,54,1
938,68,1
939,129,1
940,70,0
941,200,0
942,9,0
943,132,1
944,21,0
945,70,1
946,36,1
947,98,1
948,66,1
949,27,0
950,58,0
951,15,0
952,39,0
953,178,1
954,17,0
955,73,1
956,41,1
957,58,1
958,72,0
959,142,0
960,44,0
961,90,1
962,51,1
963,123,1
964,123,1
965,43,1
966,88,1
967,45,0
968,50,1
969,97,1
970,69,1
971,48,1
972,59,0
973,90,0
974,107,1
975,89,1
976,13,0
977,72,1
978,166,0
979,50,1
980,43,1
981,13,0
982,21,0
983,22,1
984,86,1
985,136,0
986,200,0
987,32,0
988,9,0
989,21,0
990,72,1
991,51,1
992,130,1
993,51,0
994,101,1
995,50,1
996,80,1
997,63,1
998,51,1
999,68,1
1000,68,1
1001,146,1
1002,106,1
1003,200,0
1004,51,0
1005,81,1
1006,30,0
1007,16,0
1008,91,1
1009,82,1
1010,47,0
1011,121,1
1012,148,1
1013,64,0
1014,64,1
1015,89,1
1016,70,0
1017,52,1
1018,174,1
1019,28,0
1020,132,1
1021,25,1
1022,18,0
1023,149,0
1024,30,0
1025,22,0
1026,28,0
1027,45,1
1028,46,1
1029,27,0
1030,123,1
1031,133,0
1032,58,1
1033,74,0
1034,11,0
1035,19,0
1036,68,1
1037,11,0
1038,77,1
1039,31,1
1040,200,0
1041,47,0
1042,62,1
1043,45,1
1044,129,0
1045,21,0
1046,122,0
1047,45,0
1048,49,1
1049,9,0
1050,74,1
1051,14,0
1052,41,0
1053,30,1
1054,56,0
1055,38,1
1056,61,1
1057,96,1
1058,25,1
1059,129,1
1060,87,1
1061,36,1
1062,44,1
1063,100,0
1064,23,0
1065,16,0
1066,102,1
1067,48,1
1068,136,0
1069,74,1
1070,80,1
1071,200,0
1072,72,1
1073,96,1
1074,49,1
1075,127,0
1076,60,1
1077,46,1
1078,84,1
1079,61,0
1080,63,1
1081,112,1
1082,154,1
1083,28,0
1084,66,0
1085,91,0
1086,112,1
1087,58,0
1088,46,1
1089,85,1
1090,81,1
1091,94,1
1092,47,1
1093,64,1
1094,190,1
1095,39,0
1096,36,0
1097,53,1
1098,13,0
1099,26,0
1100,77,1
1101,50,1
1102,110,1
1103,103,1
1104,18,0
1105,87,1
1106,88,1
1107,141,0
1108,80,1
1109,91,1
1110,102,1
1111,82,1
1112,55,0
1113,105,0
1114,45,1
1115,37,1
1116,83,1
1117,42,1
1118,24,0
1119,49,1
1120,76,1
1121,146,1
1122,89,1
1123,43,0
1124,93,0
1125,28,0
1126,148,1
1127,31,1
1128,56,1
1129,200,0
1130,99,1
1131,70,1
1132,64,1
1133,25,1
1134,25,0
1135,66,1
1136,44,1
1137,122,1
1138,162,1
1139,82,1
1140,82,1
1141,55,1
1142,127,1
1143,34,0
1144,54,1
1145,96,1
1146,52,1
1147,64,0
1148,170,1
1149,21,0
1150,142,1
1151,32,0
1152,54,1
1153,63,1
1154,14,0
1155,83,1
1156,32,0
1157,44,1
1158,40,1
1159,80,0
1160,72,1
1161,23,0
1162,36,0
1163,115,1
1164,42,0
1165,74,1
1166,88,1
1167,55,0
1168,139,1
1169,117,0
1170,26,1
1171,19,0
1172,45,1
1173,21,0
1174,91,1
1175,45,1
1176,140,1
1177,41,1
1178,22,0
1179,172,0
1180,23,1
1181,32,0
1182,70,0
1183,32,0
1184,106,1
1185,29,1
1186,88,1
1187,137,1
1188,25,0
1189,29,0
1190,52,0
1191,19,0
1192,83,1
1193,67,1
1194,60,0
1195,16,0
1196,14,0
1197,49,0
1198,78,1
1199,48,1
1200,77,1
1201,8,0
1202,63,1
1203,46,0
1204,36,0
1205,79,1
1206,57,1
1207,157,1
1208,112,1
1209,10,0
1210,113,0
1211,41,0
1212,38,1
1213,55,0
1214,39,0
1215,11,0
1216,13,0
1217,19,0
1218,46,0
1219,120,1
1220,82,1
1221,47,0
1222,46,1
1223,41,0
1224,100,1
1225,25,1
1226,44,0
1227,60,1
1228,20,0
1229,127,1
1230,69,1
1231,34,1
1232,200,0
1233,76,1
1234,68,1
1235,39,1
1236,66,1
1237,123,0
1238,23,0
1239,81,1
1240,29,0
1241,11,0
1242,61,1
1243,48,1
1244,85,1
1245,122,1
1246,56,1
1247,45,1
1248,69,1
1249,35,1
1250,43,1
1251,200,0
1252,38,1
1253,25,1
1254,50,1
1255,63,1
1256,96,1
1257,23,0
1258,20,0
1259,39,0
1260,118,1
1261,46,1
1262,49,1
1263,46,0
1264,44,1
1265,41,1
1266,102,1
1267,33,1
1268,64,1
1269,31,0
1270,62,0
1271,53,1
1272,26,0
1273,14,0
1274,24,0
1275,12,0
1276,26,0
1277,74,1
1278,63,1
1279,120,1
1280,138,1
1281,99,1
1282,101,1
1283,146,1
1284,70,0
1285,187,1
1286,64,1
1287,33,0
1288,107,0
1289,25,1
1290,11,0
1291,94,1
1292,25,0
1293,33,1
1294,52,1
1295,27,0
1296,35,1
1297,21,0
1298,200,0
1299,92,1
1300,87,1
1301,83,1
1302,108,1
1303,28,1
1304,59,1
1305,149,1
1306,24,1
1307,46,1
1308,61,0
1309,51,1
1310,134,1
1311,67,1
1312,39,1
1313,12,0
1314,78,0
1315,200,0
1316,125,1
1317,195,1
1318,12,0
1319,75,0
1320,88,1
1321,93,0
1322,86,1
1323,85,0
1324,118,1
1325,50,1
1326,57,0
1327,94,1
1328,129,0
1329,94,1
1330,90,1
1331,41,1
1332,14,0
1333,80,1
1334,29,0
1335,99,1
1336,85,1
1337,33,1
1338,26,0
1339,69,1
1340,99,1
1341,34,1
1342,111,1
1343,123,1
1344,59,1
1345,50,1
1346,15,0
1347,20,0
1348,53,0
1349,81,0
1350,28,1
1351,32,0
1352,72,1
1353,129,1
1354,35,0
1355,108,1
1356,20,0
1357,67,1
1358,108,1
1359,46,0
1360,21,0
1361,9,0
1362,58,1
1363,61,0
1364,113,1
1365,21,0
1366,42,1
1367,29,0
1368,32,0
1369,72,1
1370,76,1
1371,62,0
1372,105,1
1373,42,1
1374,31,1
1375,33,0
1376,31,0
1377,120,1
1378,104,1
1379,13,0
1380,35,1
1381,48,1
1382,200,0
1383,72,0
1384,87,1
1385,45,0
1386,42,1
1387,68,0
1388,109,0
1389,25,0
1390,62,1
1391,69,1
1392,40,1
1393,46,1
1394,98,1
1395,107,0
1396,17,0
1397,34,1
1398,50,0
1399,35,0
1400,30,0
1401,21,0
1402,86,1
1403,61,1
1404,96,1
1405,46,1
1406,44,1
1407,71,1
1408,56,0
1409,68,1
1410,66,1
1411,127,1
1412,167,1
1413,12,0
1414,100,1
1415,37,0
1416,74,0
1417,64,1
1418,65,0
1419,35,0
1420,7,0
1421,41,0
1422,36,1
1423,54,0
1424,15,0
1425,48,0
1426,106,1
1427,31,0
1428,79,1
1429,136,1
1430,102,0
1431,118,1
1432,104,1
1433,34,0
1434,68,0
1435,95,1
1436,67,1
1437,104,1
1438,26,1
1439,34,0
1440,26,0
1441,49,1
1442,84,1
1443,65,1
1444,51,1
1445,17,0
1446,92,1
1447,47,1
1448,99,0
1449,27,0
1450,113,1
1451,156,0
1452,23,0
1453,30,1
1454,99,1
1455,152,1
1456,64,1
1457,15,0
1458,131,1
1459,105,1
1460,149,1
1461,37,1
1462,72,1
1463,26,1
1464,33,0
1465,55,1
1466,13,0
1467,46,0
1468,36,0
1469,42,0
1470,128,1
1471,126,1
1472,71,0
1473,111,1
1474,99,1
1475,62,0
1476,25,0
1477,101,1
1478,133,1
1479,40,0
1480,48,1
1481,30,1
1482,60,1
1483,134,1
1484,19,0
1485,66,1
1486,92,1
1487,59,0
1488,107,1
1489,38,0
1490,78,1
1491,187,1
1492,200,0
1493,118,1
1494,98,1
1495,80,1
1496,23,1
1497,22,1
1498,99,1
1499,35,1
1500,13,0
1501,19,0
1502,97,1
1503,133,1
1504,151,1
1505,31,1
1506,52,0
1507,58,1
1508,122,1
1509,98,0
1510,17,0
1511,32,0
1512,148,1
1513,80,0
1514,109,1
1515,56,1
1516,87,1
1517,54,1
1518,49,1
1519,23,0
1520,92,1
1521,113,1
1522,53,0
1523,32,0
1524,40,1
1525,125,1
1526,116,1
1527,71,1
1528,160,1
1529,53,0
1530,96,0
1531,72,0
1532,111,0
1533,106,1
1534,42,0
1535,66,1
1536,36,0
1537,22,0
1538,37,0
1539,63,1
1540,140,1
1541,70,0
1542,119,1
1543,13,0
1544,21,0
1545,31,0
1546,43,1
1547,70,1
1548,108,1
1549,69,1
1550,37,0
1551,59,1
1552,115,1
1553,124,1
1554,83,1
1555,99,1
1556,50,1
1557,157,1
1558,92,0
1559,20,0
1560,98,1
1561,48,0
1562,31,0
1563,42,1
1564,63,0
1565,56,1
1566,66,1
1567,162,1
1568,32,0
1569,26,0
1570,151,1
1571,43,0
1572,34,0
1573,55,1
1574,38,0
1575,195,1
1576,31,1
1577,8,0
1578,59,1
1579,71,1
1580,147,1
1581,82,1
1582,63,1
1583,57,0
1584,22,0
1585,32,0
1586,30,0
1587,71,1
1588,66,0
1589,24,0
1590,49,0
1591,88,1
1592,55,0
1593,53,0
1594,112,1
1595,36,0
1596,122,1
1597,73,1
1598,156,1
1599,17,0
1600,121,1
1601,52,1
1602,23,0
1603,66,1
1604,30,0
1605,100,1
1606,56,1
1607,51,1
1608,44,1
1609,152,1
1610,43,1
1611,42,1
1612,125,1
1613,56,1
1614,200,0
1615,45,0
1616,57,1
1617,18,0
1618,24,0
1619,35,1
1620,106,0
1621,71,1
1622,77,1
1623,30,1
1624,44,1
1625,42,1
1626,33,0
1627,100,1
1628,152,1
1629,15,0
1630,73,1
1631,24,1
1632,115,1
1633,40,0
1634,94,0
1635,99,1
1636,62,0
1637,114,1
1638,54,0
1639,118,1
1640,82,0
1641,71,1
1642,81,1
1643,149,1
1644,126,1
1645,125,1
1646,75,1
1647,53,0
1648,51,0
1649,200,0
1650,15,0
1651,95,1
1652,35,1
1653,81,1
1654,17,0
1655,110,1
1656,91,1
1657,71,0
1658,37,0
1659,8,0
1660,95,1
1661,128,0
1662,80,1
1663,40,1
1664,51,0
1665,62,1
1666,26,1
1667,33,1
1668,31,0
1669,17,0
1670,183,1
1671,46,1
1672,42,0
1673,132,1
1674,58,1
1675,100,1
1676,52,1
1677,45,0
1678,62,1
1679,39,1
1680,54,1
1681,16,0
1682,81,1
1683,23,1
1684,61,1
1685,22,0
1686,48,1
1687,193,1
1688,49,1
1689,32,1
1690,145,0
1691,71,1
1692,134,1
1693,45,0
1694,91,0
1695,32,0
1696,65,1
1697,141,1
1698,44,0
1699,113,1
1700,175,1
1701,58,1
1702,93,1
1703,122,0
1704,23,1
1705,65,1
1706,159,1
1707,68,1
1708,46,1
1709,31,0
1710,26,0
1711,62,1
1712,24,0
1713,49,1
1714,66,1
1715,124,1
1716,82,1
1717,67,1
1718,144,1
1719,30,1
1720,24,0
1721,50,1
1722,17,0
1723,48,1
1724,18,0
1725,46,1
1726,68,0
1727,28,0
1728,79,1
1729,15,0
1730,91,1
1731,52,1
1732,59,1
1733,53,1
1734,64,0
1735,200,0
1736,42,0
1737,21,0
1738,28,1
1739,57,1
1740,82,1
1741,97,1
1742,53,1
1743,26,0
1744,73,1
1745,74,0
1746,43,1
1747,18,0
1748,130,1
1749,123,1
1750,73,0
1751,29,0
1752,44,1
1753,67,1
1754,65,1
1755,137,1
1756,96,1
1757,53,1
1758,79,0
1759,38,1
1760,98,1
1761,78,1
1762,33,0
1763,77,1
1764,39,1
1765,118,1
1766,64,1
1767,69,1
1768,59,1
1769,41,1
1770,48,1
1771,147,1
1772,21,0
1773,36,0
1774,29,0
1775,31,0
1776,64,1
1777,27,0
1778,28,1
1779,40,0
1780,28,0
1781,72,1
1782,99,1
1783,101,0
1784,69,1
1785,86,1
1786,49,1
1787,44,0
1788,88,0
1789,102,1
1790,67,0
1791,99,0
1792,78,1
1793,98,1
1794,45,0
1795,152,1
1796,16,0
1797,50,1
1798,80,1
1799,56,1
1800,64,1
1801,136,1
1802,46,1
1803,79,0
1804,92,1
1805,29,1
1806,22,0
1807,76,0
1808,46,0
1809,86,1
1810,111,1
1811,30,0
1812,121,0
1813,43,1
1814,80,1
1815,195,1
1816,61,1
1817,17,0
1818,132,1
1819,51,0
1820,26,0
1821,87,1
1822,96,1
1823,47,1
1824,146,1
1825,49,1
1826,16,0
1827,56,1
1828,143,1
1829,43,0
1830,157,1
1831,68,1
1832,92,1
1833,68,1
1834,69,0
1835,108,1
1836,20,0
1837,70,1
1838,53,0
1839,45,1
1840,61,1
1841,141,1
1842,82,1
1843,73,1
1844,200,0
1845,39,0
1846,40,0
1847,184,1
1848,53,0
1849,56,1
1850,52,1
1851,129,1
1852,40,1
1853,18,0
1854,92,0
1855,38,1
1856,50,1
1857,47,0
1858,89,0
1859,9,0
1860,52,1
1861,108,1
1862,149,1
1863,17,0
1864,44,1
1865,14,0
1866,35,0
1867,94,1
1868,45,1
1869,90,1
1870,109,1
1871,59,1
1872,85,1
1873,42,1
1874,73,0
1875,184,1
1876,125,0
1877,19,0
1878,100,0
1879,189,1
1880,38,1
1881,125,1
1882,91,1
1883,62,1
1884,31,0
1885,34,1
1886,132,0
1887,12,0
1888,60,1
1889,79,1
1890,94,1
1891,21,0
1892,106,1
1893,49,1
1894,57,1
1895,80,1
1896,44,1
1897,28,0
1898,72,0
1899,8,0
1900,35,1
1901,121,1
1902,96,1
1903,165,1
1904,44,1
1905,61,0
1906,69,1
1907,83,1
1908,200,0
1909,68,1
1910,30,1
1911,135,1
1912,90,1
1913,47,1
1914,110,1
1915,94,1
1916,87,1
1917,26,0
1918,28,0
1919,20,1
1920,64,1
1921,109,1
1922,147,1
1923,41,1
1924,33,0
1925,35,1
1926,39,1
1927,134,0
1928,200,0
1929,51,1
1930,59,0
1931,58,1
1932,18,0
1933,44,1
1934,26,1
1935,50,1
1936,50,0
1937,63,1
1938,56,0
1939,82,0
1940,13,0
1941,62,1
1942,44,1
1943,82,1
1944,100,0
1945,110,0
1946,99,1
1947,103,1
1948,89,1
1949,58,1
1950,98,1
1951,122,1
1952,105,1
1953,49,1
1954,90,1
1955,100,1
1956,57,1
1957,81,1
1958,90,1
1959,18,0
1960,64,1
1961,44,1
1962,68,0
1963,53,0
1964,42,1
1965,83,1
1966,92,1
1967,48,1
1968,93,1
1969,111,0
1970,56,1
1971,97,1
1972,96,0
1973,119,1
1974,36,0
1975,116,1
1976,74,1
1977,81,1
1978,160,1
1979,181,1
1980,37,0
1981,49,1
1982,18,0
1983,63,1
1984,77,1
1985,54,1
1986,20,0
1987,107,0
1988,75,1
1989,64,1
1990,70,1
1991,71,1
1992,39,1
1993,84,1
1994,49,1
1995,89,1
1996,92,1
1997,119,1
1998,31,0
1999,69,1
2000,26,1
2001,35,0
2002,68,1
2003,48,0
2004,179,1
2005,156,1
2006,33,0
2007,58,1
2008,32,0
2009,38,0
2010,62,0
2011,38,0
2012,48,1
2013,15,0
2014,111,1
2015,128,1
2016,81,1
2017,51,1
2018,54,1
2019,91,0
2020,139,0
2021,23,1
2022,62,1
2023,98,0
2024,69,1
2025,76,1
2026,53,0
2027,81,1
2028,173,1
2029,140,1
2030,98,1
2031,41,1
2032,45,1
2033,80,0
2034,31,1
2035,106,1
2036,35,1
2037,45,0
2038,28,0
2039,11,0
2040,28,1
2041,109,1
2042,119,1
2043,140,1
2044,85,1
2045,97,1
2046,73,1
2047,77,1
2048,12,0
2049,35,0
2050,83,1
2051,20,0
2052,90,1
2053,100,1
2054,60,0
2055,127,1
2056,32,0
2057,29,1
2058,38,1
2059,138,1
2060,88,1
2061,58,0
2062,47,1
2063,48,1
2064,200,0
2065,50,1
2066,53,1
2067,200,1
2068,34,0
2069,36,1
2070,112,0
2071,105,1
2072,97,1
2073,44,0
2074,171,1
2075,106,1
2076,129,1
2077,134,1
2078,101,1
2079,84,0
2080,47,0
2081,18,0
2082,42,1
2083,120,1
2084,45,0
2085,100,0
2086,53,0
2087,63,1
2088,174,0
2089,59,1
2090,54,1
2091,200,0
2092,76,1
2093,114,1
2094,60,1
2095,32,1
2096,84,1
2097,22,0
2098,71,1
2099,135,1
2100,37,0
2101,58,1
2102,8,0
2103,62,1
2104,25,1
2105,11,0
2106,47,1
2107,63,1
2108,68,1
2109,99,0
2110,86,1
2111,137,0
2112,70,1
2113,67,1
2114,97,1
2115,109,1
2116,93,1
2117,145,1
2118,46,0
2119,40,1
2120,198,0
2121,147,1
2122,18,0
2123,47,0
2124,45,1
2125,53,0
2126,62,1
2127,99,1
2128,40,1
2129,7,0
2130,132,1
2131,69,1
2132,107,1
2133,41,0
2134,51,1
2135,49,1
2136,63,1
2137,30,0
2138,31,0
2139,35,1
2140,129,0
2141,46,0
2142,24,0
2143,57,1
2144,89,1
2145,200,0
2146,46,1
2147,20,0
2148,81,1
2149,116,1
2150,98,1
2151,57,1
2152,106,0
2153,83,1
2154,116,1
2155,39,0
2156,195,1
2157,41,0
2158,49,0
2159,146,1
2160,68,1
2161,72,1
2162,91,1
2163,48,0
2164,173,1
2165,56,0
2166,82,1
2167,96,0
2168,66,1
2169,37,0
2170,44,1
2171,132,1
2172,129,1
2173,66,1
2174,138,1
2175,36,0
2176,36,0
2177,65,0
2178,96,1
2179,40,0
2180,17,0
2181,39,0
2182,129,1
2183,45,1
2184,13,0
2185,59,1
2186,165,1
2187,44,1
2188,76,1
2189,28,1
2190,56,1
2191,139,1
2192,43,1
2193,114,1
2194,12,0
2195,26,0
2196,47,0
2197,56,1
2198,83,0
2199,32,0
2200,37,0
2201,56,1
2202,48,1
2203,70,1
2204,70,1
2205,45,1
2206,18,0
2207,52,1
2208,59,0
2209,95,1
2210,70,0
2211,100,1
2212,38,0
2213,13,0
2214,41,1
2215,64,1
2216,99,0
2217,60,1
2218,16,0
2219,27,1
2220,15,0
2221,107,1
2222,182,0
2223,43,1
2224,51,0
2225,62,1
2226,67,1
2227,40,1
2228,25,1
2229,27,0
2230,24,0
2231,13,0
2232,82,1
2233,128,1
2234,31,1
2235,123,1
2236,11,0
2237,19,0
2238,82,1
2239,100,1
2240,44,0
2241,64,1
2242,41,1
2243,63,1
2244,34,1
2245,60,1
2246,73,0
2247,34,1
2248,113,1
2249,96,1
2250,54,1
2251,51,1
2252,108,1
2253,13,0
2254,47,1
2255,43,1
2256,200,0
2257,48,0
2258,96,0
2259,49,0
2260,36,1
2261,12,0
2262,68,1
2263,128,1
2264,129,1
2265,98,1
2266,86,0
2267,43,1
2268,101,1
2269,96,1
2270,34,1
2271,89,1
2272,95,0
2273,132,1
2274,83,1
2275,37,0
2276,110,1
2277,132,1
2278,32,0
2279,66,0
2280,84,1
2281,96,1
2282,57,1
2283,29,0
2284,51,1
2285,15,0
2286,75,1
2287,71,1
2288,35,0
2289,18,0
2290,21,0
2291,75,1
2292,34,1
2293,19,0
2294,79,1
2295,31,0
2296,50,1
2297,54,1
2298,98,0
2299,50,1
2300,79,1
2301,65,0
2302,71,1
2303,31,1
2304,106,1
2305,50,1
2306,76,1
2307,83,1
2308,36,0
2309,67,1
2310,64,1
2311,37,1
2312,35,0
2313,52,1
2314,42,0
2315,8,0
2316,41,0
2317,13,0
2318,170,1
2319,104,1
2320,32,0
2321,20,0
2322,62,1
2323,104,1
2324,60,1
2325,87,1
2326,83,1
2327,200,0
2328,178,1
2329,35,1
2330,69,0
2331,87,0
2332,66,1
2333,63,1
2334,81,1
2335,97,1
2336,47,1
2337,11,0
2338,75,0
2339,57,1
2340,19,0
2341,37,1
2342,37,1
2343,57,1
2344,135,1
2345,99,1
2346,39,1
2347,72,1
2348,83,0
2349,123,1
2350,66,1
2351,93,0
2352,50,1
2353,169,1
2354,65,0
2355,61,1
2356,117,1
2357,62,1
2358,51,1
2359,100,1
2360,94,0
2361,40,1
2362,157,1
2363,70,1
2364,100,1
2365,33,0
2366,64,1
2367,91,0
2368,29,0
2369,50,1
2370,200,0
2371,65,0
2372,88,1
2373,40,1
2374,33,1
2375,112,1
2376,100,1
2377,117,1
2378,33,1
2379,118,0
2380,67,1
2381,42,0
2382,42,1
2383,132,1
2384,47,1
2385,138,1
2386,139,1
2387,52,1
2388,24,0
2389,49,0
2390,47,1
2391,66,1
2392,82,1
2393,32,1
2394,154,1
2395,54,0
2396,86,1
2397,141,1
2398,58,1
2399,40,0
2400,139,1
2401,190,1
2402,54,0
2403,167,1
2404,88,1
2405,95,1
2406,41,1
2407,132,1
2408,87,1
2409,28,1
2410,90,1
2411,67,1
2412,57,1
2413,76,1
2414,37,1
2415,10,0
2416,56,1
2417,77,1
2418,58,1
2419,40,0
2420,38,0
2421,105,1
2422,55,1
2423,93,1
2424,88,1
2425,29,0
2426,52,0
2427,44,1
2428,89,1
2429,18,0
2430,11,0
2431,50,1
2432,42,0
2433,75,1
2434,35,1
2435,134,1
2436,59,1
2437,67,1
2438,57,0
2439,145,1
2440,107,1
2441,35,0
2442,40,0
2443,84,1
2444,47,1
2445,59,0
2446,21,0
2447,17,0
2448,71,1
2449,80,1
2450,66,1
2451,59,1
2452,112,1
2453,103,0
2454,21,0
2455,123,1
2456,37,1
2457,19,0
2458,184,0
2459,47,0
2460,50,1
2461,65,1
2462,167,0
2463,84,0
2464,89,1
2465,19,0
2466,62,1
2467,28,0
2468,93,1
2469,125,1
2470,77,1
2471,64,1
2472,93,0
2473,29,1
2474,63,1
2475,63,1
2476,40,0
2477,180,1
2478,128,1
2479,27,0
2480,17,0
2481,10,0
2482,85,0
2483,184,1
2484,87,1
2485,73,1
2486,37,1
2487,72,1
2488,167,1
2489,34,1
2490,153,1
2491,11,0
2492,68,1
2493,7,0
2494,200,0
2495,15,0
2496,105,1
2497,31,0
2498,24,0
2499,76,1
2500,111,1
2501,38,0
2502,15,0
2503,37,1
2504,144,1
2505,87,1
2506,27,0
2507,165,1
2508,148,1
2509,87,0
2510,54,0
2511,47,1
2512,31,0
2513,72,1
2514,34,0
2515,36,0
2516,22,0
2517,48,0
2518,122,1
2519,95,1
2520,72,1
2521,76,1
2522,24,1
2523,24,0
2524,154,1
2525,33,0
2526,127,1
2527,31,0
2528,78,1
2529,105,1
2530,67,1
2531,68,1
2532,54,1
2533,91,1
2534,31,0
2535,66,1
2536,24,0
2537,34,0
2538,27,0
2539,18,0
2540,46,0
2541,42,0
2542,46,1
2543,13,0
2544,88,1
2545,34,1
2546,105,1
2547,65,1
2548,30,1
2549,15,0
2550,52,1
2551,50,0
2552,96,1
2553,117,0
2554,21,0
2555,25,0
2556,43,0
2557,64,1
2558,43,1
2559,103,1
2560,200,0
2561,133,1
2562,23,0
2563,32,0
2564,37,0
2565,39,1
2566,89,1
2567,81,1
2568,78,1
2569,32,1
2570,23,0
2571,154,1
2572,21,0
2573,39,0
2574,153,1
2575,100,0
2576,28,1
2577,117,1
2578,70,1
2579,169,1
2580,69,1
2581,63,0
2582,40,1
2583,66,0
2584,63,1
2585,71,1
2586,89,1
2587,91,0
2588,28,0
2589,17,0
2590,107,1
2591,125,1
2592,113,1
2593,54,1
2594,46,1
2595,25,0
2596,76,1
2597,200,0
2598,61,1
2599,48,1
2600,149,1
2601,32,1
2602,49,0
2603,196,0
2604,55,0
2605,52,1
2606,22,0
2607,89,1
2608,27,1
2609,77,1
2610,81,1
2611,96,1
2612,45,0
2613,38,1
2614,63,0
2615,83,1
2616,134,1
2617,27,0
2618,44,0
2619,87,1
2620,50,0
2621,70,1
2622,136,1
2623,51,1
2624,29,0
2625,86,1
2626,38,1
2627,46,1
2628,66,0
2629,92,0
2630,9,0
2631,99,1
2632,31,0
2633,65,1
2634,153,1
2635,95,0
2636,66,1
2637,53,0
2638,52,1
2639,26,0
2640,42,0
2641,26,0
2642,109,0
2643,47,1
2644,38,1
2645,144,1
2646,34,1
2647,64,1
2648,54,0
2649,64,0
2650,37,1
2651,35,0
2652,24,0
2653,115,0
2654,80,1
2655,110,1
2656,90,1
2657,83,1
2658,55,0
2659,64,1
2660,102,1
2661,185,1
2662,53,1
2663,46,1
2664,71,1
2665,200,0
2666,60,1
2667,29,0
2668,142,1
2669,14,0
2670,115,1
2671,99,1
2672,58,0
2673,119,1
2674,59,1
2675,171,1
2676,7,0
2677,109,1
2678,95,1
2679,51,1
2680,31,1
2681,29,0
2682,35,0
2683,97,0
2684,23,1
2685,134,0
2686,78,1
2687,45,1
2688,9,0
2689,70,0
2690,18,0
2691,87,1
2692,12,0
2693,72,1
2694,44,1
2695,29,1
2696,91,1
2697,32,0
2698,30,1
2699,69,0
2700,115,1
2701,100,1
2702,115,1
2703,63,0
2704,112,0
2705,15,0
2706,129,0
2707,28,0
2708,94,1
2709,166,1
2710,61,0
2711,173,1
2712,35,0
2713,41,1
2714,64,1
2715,93,1
2716,48,0
2717,53,0
2718,62,1
2719,118,1
2720,25,0
2721,68,1
2722,22,0
2723,200,0
2724,145,1
2725,200,0
2726,36,1
2727,43,0
2728,100,0
2729,44,0
2730,125,1
2731,57,1
2732,131,1
2733,38,1
2734,107,1
2735,74,1
2736,58,0
2737,65,1
2738,60,1
2739,74,1
2740,31,1
2741,81,1
2742,63,1
2743,13,0
2744,54,1
2745,100,1
2746,28,1
2747,17,0
2748,26,0
2749,89,1
2750,90,1
2751,48,0
2752,91,1
2753,116,1
2754,33,0
2755,20,0
2756,63,0
2757,12,0
2758,32,0
2759,11,0
2760,125,1
2761,49,0
2762,127,1
2763,44,1
2764,29,1
2765,68,1
2766,50,0
2767,114,1
2768,92,1
2769,61,1
2770,123,1
2771,90,1
2772,11,0
2773,15,0
2774,13,0
2775,62,0
2776,20,0
2777,47,1
2778,21,0
2779,27,0
2780,50,1
2781,132,1
2782,46,1
2783,140,1
2784,86,1
2785,71,0
2786,18,0
2787,32,0
2788,138,1
2789,73,1
2790,54,1
2791,74,1
2792,53,1
2793,41,1
2794,39,0
2795,34,1
2796,26,0
2797,8,0
2798,36,1
2799,133,1
2800,36,1
2801,61,1
2802,177,1
2803,66,1
2804,62,1
2805,45,0
2806,22,0
2807,81,1
2808,55,1
2809,64,1
2810,48,1
2811,65,1
2812,27,0
2813,73,1
2814,54,1
2815,28,0
2816,68,1
2817,200,0
2818,118,1
2819,86,1
2820,38,1
2821,57,1
2822,36,1
2823,55,0
2824,90,0
2825,55,1
2826,61,1
2827,92,1
2828,61,1
2829,48,1
2830,200,0
2831,80,0
2832,101,1
2833,31,1
2834,25,1
2835,72,1
2836,182,1
2837,140,1
2838,57,0
2839,160,1
2840,172,0
2841,35,0
2842,26,0
2843,155,0
2844,33,1
2845,36,1
2846,59,1
2847,27,0
2848,58,1
2849,35,1
2850,142,1
2851,106,1
2852,91,1
2853,68,1
2854,30,1
2855,45,0
2856,182,1
2857,37,0
2858,40,0
2859,59,1
2860,16,0
2861,40,0
2862,131,0
2863,139,1
2864,77,1
2865,68,1
2866,91,1
2867,200,0
2868,83,1
2869,48,1
2870,49,1
2871,77,1
2872,131,1
2873,37,0
2874,84,1
2875,25,1
2876,45,0
2877,38,0
2878,42,0
2879,123,1
2880,28,1
2881,153,0
2882,27,0
2883,157,1
2884,22,0
2885,21,0
2886,113,1
2887,44,0
2888,76,0
2889,38,1
2890,48,1
2891,64,1
2892,93,1
2893,77,0
2894,50,1
2895,200,0
2896,59,1
2897,72,1
2898,127,1
2899,37,1
2900,86,1
2901,91,1
2902,166,1
2903,61,1
2904,63,1
2905,14,0
2906,54,1
2907,89,0
2908,82,1
2909,42,1
2910,37,0
2911,22,0
2912,59,1
2913,60,1
2914,84,1
2915,46,0
2916,68,1
2917,23,0
2918,52,1
2919,42,1
2920,28,0
2921,56,1
2922,87,0
2923,27,0
2924,32,0
2925,36,1
2926,87,1
2927,61,0
2928,96,1
2929,59,0
2930,64,1
2931,108,1
2932,26,0
2933,76,1
2934,160,1
2935,48,0
2936,42,0
2937,97,1
2938,60,1
2939,76,1
2940,89,1
2941,14,0
2942,192,0
2943,52,1
2944,40,1
2945,105,1
2946,15,0
2947,82,0
2948,12,0
2949,55,0
2950,73,1
2951,43,0
2952,36,1
2953,68,1
2954,51,0
2955,34,0
2956,7,0
2957,63,0
2958,45,0
2959,14,0
2960,65,1
2961,38,0
2962,56,1
2963,111,1
2964,43,1
2965,49,0
2966,31,1
2967,58,1
2968,52,0
2969,36,1
2970,65,1
2971,105,1
2972,33,1
2973,39,0
2974,49,1
2975,45,0
2976,136,1
2977,112,1
2978,43,0
2979,77,1
2980,117,1
2981,109,1
2982,65,1
2983,73,0
2984,26,0
2985,38,1
2986,116,1
2987,65,1
2988,32,0
2989,46,1
2990,122,1
2991,24,0
2992,92,1
2993,150,1
2994,197,1
2995,53,1
2996,142,1
2997,39,1
2998,38,0
2999,15,0
3000,63,1
3001,34,1
3002,200,0
3003,84,1
3004,58,1
3005,100,1
3006,148,1
3007,75,1
3008,90,1
3009,169,1
3010,17,0
3011,92,0
3012,61,1
3013,53,0
3014,45,0
3015,60,1
3016,107,1
3017,200,0
3018,58,1
3019,87,1
3020,17,0
3021,29,1
3022,101,1
3023,18,0
3024,30,1
3025,127,1
3026,105,1
3027,9,0
3028,20,0
3029,31,1
3030,43,0
3031,49,0
3032,61,1
3033,43,1
3034,183,1
3035,76,1
3036,31,0
3037,84,0
3038,65,1
3039,85,1
3040,49,1
3041,96,1
3042,66,1
3043,41,1
3044,43,1
3045,69,0
3046,112,1
3047,122,1
3048,26,0
3049,27,0
3050,20,0
3051,23,0
3052,32,1
3053,58,1
3054,132,1
3055,142,1
3056,95,1
3057,85,1
3058,88,1
3059,52,1
3060,38,1
3061,68,1
3062,55,0
3063,121,1
3064,98,0
3065,37,0
3066,111,1
3067,135,1
3068,11,0
3069,15,0
3070,62,0
3071,43,0
3072,200,0
3073,128,0
3074,12,0
3075,153,1
3076,62,0
3077,48,0
3078,48,1
3079,75,1
3080,30,1
3081,61,1
3082,21,1
3083,120,1
3084,41,0
3085,57,1
3086,27,0
3087,76,0
3088,38,0
3089,39,1
3090,36,1
3091,87,1
3092,81,1
3093,71,0
3094,107,1
3095,48,1
3096,56,1
3097,22,0
3098,74,1
3099,33,0
3100,121,1
3101,80,1
3102,104,1
3103,68,0
3104,39,1
3105,200,0
3106,114,1
3107,38,1
3108,176,1
3109,167,1
3110,50,1
3111,27,0
3112,144,0
3113,92,0
3114,86,1
3115,34,1
3116,48,1
3117,66,1
3118,128,0
3119,93,1
3120,24,0
3121,40,0
3122,81,1
3123,57,1
3124,43,0
3125,30,1
3126,37,0
3127,78,1
3128,113,0
3129,67,0
3130,25,1
3131,46,0
3132,100,1
3133,59,0
3134,27,0
3135,73,1
3136,74,1
3137,58,0
3138,102,1
3139,42,1
3140,52,0
3141,87,1
3142,83,1
3143,93,1
3144,29,0
3145,42,1
3146,136,1
3147,95,1
3148,59,1
3149,24,0
3150,58,1
3151,21,0
3152,65,1
3153,20,0
3154,54,1
3155,111,1
3156,66,1
3157,95,1
3158,51,1
3159,180,1
3160,26,0
3161,124,1
3162,53,1
3163,87,0
3164,84,1
3165,39,1
3166,77,0
3167,42,1
3168,140,0
3169,94,1
3170,31,1
3171,52,1
3172,93,1
3173,20,0
3174,37,0
3175,58,0
3176,94,1
3177,55,1
3178,61,0
3179,21,0
3180,39,0
3181,23,1
3182,25,0
3183,69,1
3184,73,1
3185,24,1
3186,83,1
3187,85,0
3188,47,1
3189,35,1
3190,39,1
3191,148,1
3192,33,0
3193,106,0
3194,50,0
3195,46,1
3196,111,1
3197,62,1
3198,39,1
3199,85,1
3200,58,1
3201,43,1
3202,25,0
3203,115,0
3204,48,1
3205,62,1
3206,72,0
3207,28,0
3208,46,1
3209,45,1
3210,69,1
3211,90,1
3212,37,1
3213,52,1
3214,83,1
3215,75,1
3216,58,1
3217,91,1
3218,112,1
3219,19,0
3220,77,0
3221,24,0
3222,48,1
3223,63,1
3224,46,1
3225,21,0
3226,28,1
3227,83,1
3228,81,1
3229,184,0
3230,122,1
3231,43,1
3232,53,0
3233,33,1
3234,39,0
3235,26,0
3236,157,0
3237,29,1
3238,62,0
3239,69,0
3240,71,1
3241,48,1
3242,63,0
3243,39,0
3244,53,0
3245,51,0
3246,82,1
3247,22,0
3248,101,1
3249,72,1
3250,52,0
3251,83,0
3252,90,0
3253,77,1
3254,89,1
3255,51,1
3256,47,0
3257,20,0
3258,58,1
3259,49,1
3260,79,1
3261,70,1
3262,69,0
3263,149,1
3264,102,1
3265,53,1
3266,28,0
3267,54,1
3268,73,1
3269,120,0
3270,200,0
3271,54,1
3272,66,1
3273,41,0
3274,141,1
3275,99,1
3276,47,1
3277,103,1
3278,28,0
3279,59,0
3280,102,1
3281,74,1
3282,53,0
3283,121,1
3284,11,0
3285,76,1
3286,100,1
3287,54,1
3288,47,0
3289,106,1
3290,97,1
3291,19,0
3292,30,0
3293,84,0
3294,78,1
3295,83,1
3296,42,1
3297,19,0
3298,26,0
3299,145,1
3300,153,1
3301,77,1
3302,118,1
3303,32,1
3304,72,1
3305,43,1
3306,73,1
3307,99,1
3308,54,0
3309,65,0
3310,76,1
3311,40,0
3312,92,0
3313,28,0
3314,200,0
3315,66,1
3316,85,0
3317,58,1
3318,27,0
3319,43,0
3320,60,1
3321,61,1
3322,69,1
3323,118,0
3324,75,1
3325,145,1
3326,58,1
3327,165,1
3328,200,0
3329,21,0
3330,118,1
3331,200,0
3332,114,1
3333,64,1
3334,99,1
3335,26,1
3336,16,0
3337,8,0
3338,66,1
3339,71,0
3340,55,1
3341,62,0
3342,64,1
3343,113,1
3344,50,1
3345,54,1
3346,28,0
3347,71,0
3348,62,1
3349,66,1
3350,104,1
3351,21,0
3352,167,1
3353,11,0
3354,36,1
3355,77,0
3356,66,0
3357,34,0
3358,200,0
3359,54,0
3360,39,0
3361,46,1
3362,51,1
3363,166,1
3364,51,1
3365,93,0
3366,38,1
3367,28,0
3368,45,0
3369,139,1
3370,8,0
3371,101,1
3372,38,1
3373,154,1
3374,61,1
3375,85,1
3376,25,0
3377,35,1
3378,57,1
3379,94,1
3380,81,1
3381,56,1
3382,106,1
3383,58,1
3384,35,1
3385,124,1
3386,166,0
3387,69,0
3388,47,1
3389,46,1
3390,52,1
3391,47,1
3392,54,0
3393,38,1
3394,29,0
3395,119,1
3396,102,1
3397,72,1
3398,25,0
3399,52,0
3400,63,0
3401,72,1
3402,18,0
3403,67,1
3404,78,1
3405,107,1
3406,52,0
3407,70,1
3408,74,1
3409,58,0
3410,87,1
3411,62,1
3412,78,1
3413,51,1
3414,79,1
3415,81,1
3416,32,0
3417,58,1
3418,41,0
3419,37,0
3420,35,1
3421,78,1
3422,36,0
3423,77,0
3424,56,1
3425,62,1
3426,27,0
3427,99,1
3428,37,0
3429,27,0
3430,53,1
3431,47,0
3432,29,1
3433,46,1
3434,104,1
3435,20,0
3436,67,1
3437,44,1
3438,50,1
3439,85,0
3440,79,1
3441,177,1
3442,13,0
3443,60,1
3444,71,1
3445,44,0
3446,10,0
3447,56,0
3448,53,1
3449,43,1
3450,48,1
3451,9,0
3452,75,1
3453,47,1
3454,132,1
3455,21,0
3456,34,0
3457,37,1
3458,20,0
3459,71,0
3460,63,1
3461,84,1
3462,20,1
3463,80,1
3464,40,0
3465,41,1
3466,11,0
3467,90,1
3468,45,1
3469,44,1
3470,50,1
3471,69,1
3472,33,0
3473,84,1
3474,34,0
3475,18,0
3476,88,1
3477,92,0
3478,124,1
3479,18,0
3480,89,1
3481,74,1
3482,95,1
3483,20,0
3484,73,1
3485,56,1
3486,100,0
3487,53,1
3488,58,1
3489,40,1
3490,50,0
3491,50,1
3492,24,0
3493,83,1
3494,106,1
3495,81,1
3496,107,1
3497,37,0
3498,98,0
3499,48,0
3500,64,1
3501,72,1
3502,17,0
3503,89,1
3504,86,0
3505,73,0
3506,99,1
3507,13,0
3508,87,1
3509,49,1
3510,40,0
3511,56,1
3512,29,0
3513,61,0
3514,66,1
3515,34,0
3516,21,0
3517,54,1
3518,80,1
3519,48,0
3520,62,1
3521,33,0
3522,51,1
3523,104,0
3524,16,0
3525,160,1
3526,76,0
3527,53,1
3528,35,0
3529,79,1
3530,115,0
3531,57,1
3532,117,1
3533,34,1
3534,146,1
3535,56,1
3536,15,0
3537,69,1
3538,45,1
3539,107,0
3540,33,0
3541,25,1
3542,123,1
3543,67,0
3544,98,1
3545,56,1
3546,133,1
3547,60,1
3548,72,1
3549,14,0
3550,113,1
3551,140,0
3552,103,1
3553,58,1
3554,43,0
3555,41,1
3556,26,0
3557,69,1
3558,126,1
3559,21,0
3560,145,1
3561,73,1
3562,122,0
3563,12,0
3564,60,1
3565,82,1
3566,22,0
3567,42,0
3568,137,1
3569,84,1
3570,41,1
3571,176,0
3572,14,0
3573,56,0
3574,63,0
3575,50,0
3576,24,0
3577,17,0
3578,35,1
3579,61,0
3580,37,1
3581,25,0
3582,24,0
3583,200,0
3584,31,0
3585,24,0
3586,57,0
3587,36,1
3588,25,0
3589,152,0
3590,79,1
3591,126,1
3592,65,0
3593,82,1
3594,39,1
3595,36,0
3596,136,0
3597,96,1
3598,41,1
3599,41,0
3600,38,0
3601,106,1
3602,108,0
3603,128,1
3604,143,1
3605,23,0
3606,18,0
3607,84,0
3608,70,0
3609,89,1
3610,27,0
3611,109,0
3612,35,1
3613,70,1
3614,52,1
3615,68,0
3616,75,0
3617,112,1
3618,54,1
3619,41,1
3620,36,0
3621,37,1
3622,115,1
3623,108,1
3624,67,0
3625,49,1
3626,37,0
3627,34,0
3628,108,0
3629,130,0
3630,200,0
3631,44,1
3632,46,1
3633,110,1
3634,31,1
3635,28,0
3636,44,0
3637,64,1
3638,131,1
3639,187,1
3640,34,1
3641,34,0
3642,49,1
3643,82,1
3644,77,1
3645,117,1
3646,66,1
3647,135,1
3648,162,1
3649,37,1
3650,16,0
3651,36,0
3652,173,1
3653,18,0
3654,115,1
3655,143,0
3656,83,1
3657,118,1
3658,77,1
3659,79,0
3660,56,1
3661,51,1
3662,83,1
3663,48,1
3664,74,0
3665,114,1
3666,14,0
3667,58,1
3668,12,0
3669,102,1
3670,65,1
3671,111,1
3672,78,1
3673,78,1
3674,73,1
3675,30,0
3676,16,0
3677,36,1
3678,36,0
3679,42,1
3680,69,1
3681,53,1
3682,87,0
3683,12,0
3684,45,1
3685,60,0
3686,70,1
3687,15,0
3688,200,0
3689,38,1
3690,56,1
3691,128,1
3692,36,1
3693,131,1
3694,200,0
3695,59,0
3696,23,0
3697,85,1
3698,57,1
3699,42,1
3700,30,0
3701,143,1
3702,159,1
3703,80,0
3704,66,1
3705,68,1
3706,81,1
3707,78,1
3708,111,0
3709,14,0
3710,103,1
3711,78,1
3712,41,0
3713,50,1
3714,39,0
3715,37,0
3716,95,1
3717,67,1
3718,96,1
3719,76,1
3720,68,0
3721,32,1
3722,33,1
3723,90,1
3724,22,0
3725,51,1
3726,57,0
3727,104,1
3728,46,0
3729,68,1
3730,13,0
3731,185,1
3732,44,1
3733,41,1
3734,31,1
3735,52,1
3736,30,1
3737,38,0
3738,73,1
3739,64,0
3740,127,1
3741,156,1
3742,115,1
3743,51,1
3744,55,1
3745,158,1
3746,9,0
3747,37,0
3748,36,0
3749,25,0
3750,67,1
3751,150,1
3752,55,1
3753,94,1
3754,78,0
3755,52,1
3756,71,1
3757,77,1
3758,200,0
3759,27,0
3760,35,0
3761,48,0
3762,78,0
3763,96,1
3764,37,0
3765,85,1
3766,125,1
3767,111,1
3768,97,0
3769,70,0
3770,55,1
3771,79,1
3772,13,0
3773,39,1
3774,66,1
3775,158,1
3776,74,0
3777,81,1
3778,50,1
3779,171,1
3780,47,1
3781,12,0
3782,58,1
3783,135,1
3784,36,0
3785,121,1
3786,72,1
3787,35,1
3788,15,0
3789,58,0
3790,30,0
3791,62,1
3792,32,1
3793,72,0
3794,81,1
3795,63,1
3796,74,1
3797,62,1
3798,20,0
3799,126,1
3800,49,1
3801,75,1
3802,27,0
3803,33,0
3804,107,1
3805,49,1
3806,23,1
3807,47,1
3808,86,1
3809,64,1
3810,89,1
3811,42,0
3812,11,0
3813,74,1
3814,29,1
3815,42,1
3816,81,1
3817,55,0
3818,30,1
3819,108,1
3820,60,1
3821,90,1
3822,62,1
3823,110,1
3824,76,1
3825,75,0
3826,200,0
3827,110,1
3828,29,0
3829,29,0
3830,188,1
3831,100,1
3832,60,0
3833,90,1
3834,46,1
3835,53,1
3836,57,1
3837,159,1
3838,57,1
3839,83,1
3840,152,1
3841,44,0
3842,46,1
3843,42,1
3844,46,0
3845,50,0
3846,40,0
3847,13,0
3848,200,0
3849,171,1
3850,117,1
3851,49,1
3852,79,1
3853,47,1
3854,122,1
3855,64,0
3856,96,1
3857,43,0
3858,16,0
3859,22,0
3860,114,1
3861,58,0
3862,89,1
3863,43,1
3864,45,1
3865,95,0
3866,37,0
3867,25,0
3868,71,1
3869,81,1
3870,91,1
3871,50,1
3872,169,1
3873,127,0
3874,45,1
3875,17,0
3876,33,1
3877,14,0
3878,30,1
3879,95,1
3880,25,0
3881,88,0
3882,101,1
3883,67,1
3884,156,1
3885,33,0
3886,69,1
3887,107,0
3888,42,1
3889,58,1
3890,22,0
3891,139,1
3892,44,0
3893,41,1
3894,56,0
3895,48,1
3896,56,0
3897,65,0
3898,79,1
3899,54,1
3900,131,1
3901,12,0
3902,75,1
3903,62,1
3904,54,0
3905,176,1
3906,152,0
3907,42,1
3908,64,1
3909,64,0
3910,111,1
3911,66,0
3912,48,1
3913,47,1
3914,101,1
3915,72,1
3916,116,0
3917,131,1
3918,28,0
3919,51,1
3920,48,1
3921,108,0
3922,43,1
3923,79,1
3924,88,1
3925,139,1
3926,62,1
3927,120,1
3928,18,1
3929,35,1
3930,101,1
3931,39,0
3932,58,1
3933,90,0
3934,132,1
3935,39,0
3936,64,1
3937,45,1
3938,70,1
3939,131,1
3940,47,1
3941,22,0
3942,24,0
3943,101,1
3944,31,0
3945,46,1
3946,123,1
3947,61,0
3948,110,0
3949,200,0
3950,52,1
3951,86,0
3952,39,1
3953,83,1
3954,61,1
3955,28,0
3956,60,0
3957,93,1
3958,104,1
3959,53,1
3960,11,0
3961,99,0
3962,63,1
3963,33,1
3964,64,0
3965,76,1
3966,45,1
3967,98,1
3968,50,1
3969,131,1
3970,21,0
3971,131,1
3972,44,1
3973,68,1
3974,85,1
3975,114,0
3976,51,1
3977,16,0
3978,15,0
3979,93,0
3980,35,0
3981,151,1
3982,60,1
3983,136,1
3984,26,0
3985,61,1
3986,63,1
3987,66,1
3988,16,0
3989,30,1
3990,54,0
3991,72,1
3992,70,1
3993,55,0
3994,73,0
3995,29,0
3996,81,1
3997,115,1
3998,58,1
3999,92,1
4000,18,0
4001,52,1
4002,87,1
4003,36,1
4004,40,1
4005,42,1
4006,59,1
4007,200,0
4008,50,1
4009,13,0
4010,82,1
4011,27,1
4012,32,0
4013,37,1
4014,107,1
4015,116,0
4016,40,1
4017,87,1
4018,27,0
4019,38,1
4020,46,0
4021,44,1
4022,200,0
4023,182,1
4024,177,1
4025,46,1
4026,28,0
4027,66,1
4028,23,0
4029,115,1
4030,94,1
4031,34,1
4032,38,1
4033,119,1
4034,23,0
4035,11,0
4036,52,0
4037,39,1
4038,137,1
4039,35,0
4040,11,0
4041,35,0
4042,40,1
4043,110,1
4044,32,1
4045,50,1
4046,19,0
4047,61,0
4048,95,1
4049,93,1
4050,125,1
4051,25,0
4052,179,1
4053,51,0
4054,110,1
4055,179,0
4056,68,1
4057,26,1
4058,117,1
4059,37,0
4060,80,1
4061,152,1
4062,63,0
4063,55,1
4064,180,1
4065,24,1
4066,81,1
4067,49,1
4068,50,1
4069,76,1
4070,75,1
4071,53,1
4072,74,1
4073,83,0
4074,101,1
4075,75,1
4076,38,1
4077,24,0
4078,23,0
4079,71,0
4080,35,1
4081,98,1
4082,18,0
4083,200,0
4084,42,1
4085,48,1
4086,47,0
4087,59,1
4088,69,1
4089,142,1
4090,51,1
4091,53,1
4092,92,1
4093,7,0
4094,41,1
4095,11,0
4096,63,1
4097,85,0
4098,57,1
4099,129,1
4100,55,1
4101,59,1
4102,78,1
4103,27,0
4104,94,1
4105,114,1
4106,185,1
4107,92,1
4108,40,0
4109,98,1
4110,81,1
4111,43,1
4112,132,1
4113,72,1
4114,15,0
4115,15,0
4116,36,1
4117,179,1
4118,94,1
4119,38,1
4120,20,0
4121,49,1
4122,94,0
4123,9,0
4124,42,1
4125,37,0
4126,71,0
4127,55,1
4128,26,0
4129,85,1
4130,49,0
4131,26,0
4132,47,0
4133,48,0
4134,99,1
4135,153,1
4136,79,1
4137,94,1
4138,34,0
4139,45,1
4140,67,0
4141,93,1
4142,57,0
4143,39,0
4144,99,1
4145,110,1
4146,69,1
4147,60,1
4148,90,0
4149,32,0
4150,28,0
4151,113,1
4152,64,1
4153,28,1
4154,23,0
4155,29,0
4156,103,1
4157,108,1
4158,94,1
4159,35,1
4160,16,0
4161,43,0
4162,83,1
4163,77,1
4164,29,0
4165,73,1
4166,170,0
4167,100,1
4168,44,0
4169,47,1
4170,140,1
4171,30,1
4172,52,1
4173,27,0
4174,36,1
4175,51,1
4176,45,0
4177,18,0
4178,40,1
4179,200,0
4180,34,0
4181,200,0
4182,76,1
4183,105,1
4184,101,1
4185,93,1
4186,35,0
4187,42,1
4188,69,1
4189,37,0
4190,15,0
4191,53,1
4192,43,1
4193,81,1
4194,11,0
4195,162,1
4196,20,0
4197,27,0
4198,46,1
4199,105,0
4200,73,1
4201,90,1
4202,121,1
4203,71,1
4204,31,1
4205,83,1
4206,200,0
4207,66,1
4208,32,1
4209,125,1
4210,80,1
4211,130,1
4212,200,0
4213,103,0
4214,200,0
4215,75,1
4216,83,1
4217,48,1
4218,98,1
4219,20,0
4220,194,1
4221,153,1
4222,200,0
4223,58,1
4224,87,1
4225,81,1
4226,14,0
4227,51,1
4228,56,0
4229,41,1
4230,200,0
4231,85,0
4232,32,0
4233,58,1
4234,73,1
4235,48,1
4236,78,1
4237,47,1
4238,82,1
4239,14,0
4240,130,1
4241,73,1
4242,120,1
4243,83,1
4244,9,0
4245,51,1
4246,166,1
4247,40,1
4248,79,1
4249,51,1
4250,62,1
4251,19,0
4252,94,1
4253,86,1
4254,50,1
4255,14,0
4256,87,1
4257,49,1
4258,58,1
4259,21,0
4260,98,0
4261,45,1
4262,141,1
4263,73,0
4264,56,1
4265,19,0
4266,18,0
4267,31,1
4268,67,1
4269,165,0
4270,146,1
4271,20,0
4272,96,1
4273,143,0
4274,90,1
4275,24,0
4276,34,1
4277,39,1
4278,26,1
4279,80,0
4280,89,1
4281,48,1
4282,109,1
4283,81,1
4284,104,1
4285,39,0
4286,49,1
4287,153,1
4288,25,0
4289,21,0
4290,34,0
4291,55,1
4292,13,0
4293,64,1
4294,13,0
4295,9,0
4296,60,1
4297,46,0
4298,54,1
4299,55,1
4300,30,1
4301,79,1
4302,126,0
4303,32,0
4304,17,0
4305,138,0
4306,32,0
4307,30,0
4308,129,1
4309,21,0
4310,75,1
4311,34,1
4312,69,1
4313,67,1
4314,57,1
4315,34,0
4316,98,0
4317,27,0
4318,158,1
4319,14,0
4320,32,1
4321,159,1
4322,33,1
4323,54,1
4324,22,0
4325,83,1
4326,40,1
4327,32,0
4328,13,0
4329,34,1
4330,41,1
4331,54,0
4332,80,1
4333,127,1
4334,86,1
4335,94,1
4336,71,1
4337,101,1
4338,19,0
4339,54,1
4340,83,1
4341,83,1
4342,29,0
4343,200,0
4344,53,0
4345,86,1
4346,31,1
4347,57,1
4348,123,0
4349,37,0
4350,148,1
4351,127,1
4352,117,1
4353,28,0
4354,28,1
4355,106,1
4356,31,0
4357,85,1
4358,23,0
4359,36,1
4360,38,1
4361,94,0
4362,45,1
4363,130,1
4364,53,0
4365,174,0
4366,53,1
4367,13,0
4368,71,1
4369,114,1
4370,42,1
4371,146,1
4372,99,1
4373,64,1
4374,126,1
4375,139,1
4376,74,0
4377,9,0
4378,163,0
4379,48,1
4380,104,1
4381,128,1
4382,120,1
4383,66,1
4384,66,0
4385,80,0
4386,47,0
4387,12,0
4388,100,1
4389,50,1
4390,110,1
4391,174,1
4392,71,1
4393,36,1
4394,44,1
4395,30,0
4396,80,0
4397,66,1
4398,21,0
4399,64,0
4400,48,1
4401,118,1
4402,111,1
4403,33,1
4404,34,0
4405,200,0
4406,31,0
4407,68,1
4408,8,0
4409,33,1
4410,49,1
4411,117,1
4412,28,1
4413,28,1
4414,88,1
4415,20,1
4416,142,1
4417,23,0
4418,42,1
4419,54,1
4420,85,1
4421,17,0
4422,99,1
4423,52,0
4424,102,1
4425,68,1
4426,47,1
4427,69,0
4428,25,0
4429,20,0
4430,107,1
4431,19,0
4432,127,1
4433,14,0
4434,84,1
4435,50,1
4436,94,0
4437,67,1
4438,88,1
4439,89,1
4440,126,1
4441,81,1
4442,200,0
4443,45,1
4444,68,1
4445,64,1
4446,16,0
4447,70,1
4448,64,1
4449,59,1
4450,44,0
4451,9,0
4452,108,1
4453,57,1
4454,123,1
4455,17,0
4456,86,1
4457,59,1
4458,132,1
4459,56,1
4460,93,1
4461,53,1
4462,47,1
4463,49,0
4464,97,1
4465,112,1
4466,29,1
4467,81,1
4468,158,1
4469,53,1
4470,113,1
4471,35,0
4472,194,1
4473,18,0
4474,91,1
4475,57,1
4476,46,0
4477,63,1
4478,27,0
4479,81,0
4480,60,1
4481,48,0
4482,32,0
4483,80,0
4484,47,1
4485,141,1
4486,68,1
4487,37,1
4488,51,1
4489,63,0
4490,163,1
4491,66,1
4492,61,1
4493,42,1
4494,156,1
4495,61,0
4496,47,1
4497,111,1
4498,64,1
4499,33,1
4500,60,0
4501,38,1
4502,23,0
4503,99,1
4504,14,0
4505,56,1
4506,160,1
4507,54,1
4508,86,1
4509,72,1
4510,27,0
4511,63,1
4512,36,1
4513,94,1
4514,50,1
4515,94,0
4516,91,0
4517,25,0
4518,41,0
4519,74,0
4520,25,0
4521,28,1
4522,37,1
4523,17,0
4524,30,0
4525,59,1
4526,151,1
4527,61,1
4528,25,0
4529,47,0
4530,78,1
4531,41,1
4532,18,0
4533,161,1
4534,51,1
4535,148,1
4536,23,0
4537,57,1
4538,20,0
4539,144,0
4540,73,1
4541,79,0
4542,128,1
4543,61,1
4544,12,0
4545,54,1
4546,41,1
4547,61,1
4548,136,0
4549,91,1
4550,92,1
4551,57,0
4552,13,0
4553,48,0
4554,39,1
4555,53,1
4556,30,1
4557,30,1
4558,24,0
4559,37,0
4560,76,1
4561,148,1
4562,71,1
4563,11,0
4564,78,0
4565,7,0
4566,87,1
4567,29,0
4568,17,0
4569,44,1
4570,39,1
4571,62,0
4572,44,1
4573,100,1
4574,98,1
4575,44,1
4576,15,0
4577,128,0
4578,46,0
4579,153,1
4580,116,1
4581,64,1
4582,140,1
4583,67,1
4584,168,1
4585,98,1
4586,98,1
4587,86,1
4588,80,1
4589,53,1
4590,90,0
4591,45,1
4592,84,1
4593,96,1
4594,23,0
4595,34,0
4596,40,1
4597,82,1
4598,144,1
4599,39,1
4600,32,1
4601,48,0
4602,72,1
4603,75,0
4604,32,1
4605,100,1
4606,34,0
4607,79,1
4608,33,0
4609,138,1
4610,80,1
4611,43,0
4612,62,0
4613,113,0
4614,51,1
4615,111,1
4616,40,0
4617,132,0
4618,38,1
4619,43,1
4620,74,1
4621,55,1
4622,117,1
4623,78,1
4624,103,1
4625,47,1
4626,156,1
4627,27,0
4628,16,0
4629,58,0
4630,50,1
4631,64,1
4632,38,1
4633,41,0
4634,90,1
4635,38,0
4636,102,1
4637,75,1
4638,46,1
4639,50,1
4640,64,1
4641,49,1
4642,54,1
4643,72,1
4644,80,1
4645,83,1
4646,19,0
4647,71,1
4648,34,1
4649,90,1
4650,81,1
4651,58,0
4652,112,1
4653,135,1
4654,158,1
4655,51,1
4656,52,1
4657,63,1
4658,39,0
4659,36,1
4660,18,0
4661,21,0
4662,89,1
4663,109,1
4664,82,1
4665,74,1
4666,82,1
4667,105,1
4668,73,1
4669,120,0
4670,23,1
4671,89,1
4672,82,1
4673,67,1
4674,82,0
4675,68,1
4676,110,1
4677,154,1
4678,152,1
4679,38,1
4680,102,1
4681,33,1
4682,50,1
4683,31,1
4684,109,1
4685,64,1
4686,70,1
4687,72,1
4688,64,1
4689,101,1
4690,157,0
4691,63,1
4692,22,0
4693,67,1
4694,45,0
4695,42,0
4696,54,1
4697,92,1
4698,37,1
4699,103,1
4700,39,1
4701,154,1
4702,58,0
4703,14,0
4704,26,0
4705,102,1
4706,78,0
4707,69,1
4708,19,0
4709,109,1
4710,34,1
4711,42,1
4712,84,1
4713,30,0
4714,97,1
4715,65,1
4716,26,1
4717,63,1
4718,101,1
4719,78,0
4720,33,0
4721,56,1
4722,116,1
4723,79,1
4724,180,1
4725,111,1
4726,58,1
4727,42,0
4728,32,0
4729,29,1
4730,48,0
4731,63,1
4732,92,1
4733,151,0
4734,91,1
4735,37,1
4736,52,1
4737,69,1
4738,26,0
4739,44,1
4740,30,0
4741,13,0
4742,14,0
4743,72,1
4744,28,1
4745,86,1
4746,41,0
4747,33,0
4748,104,1
4749,35,1
4750,104,1
4751,79,1
4752,61,1
4753,40,0
4754,55,0
4755,162,1
4756,8,0
4757,11,0
4758,56,1
4759,21,0
4760,87,1
4761,86,0
4762,131,1
4763,92,0
4764,90,1
4765,43,1
4766,59,1
4767,171,1
4768,61,1
4769,127,1
4770,39,0
4771,92,1
4772,43,1
4773,113,1
4774,42,1
4775,28,0
4776,22,0
4777,80,1
4778,105,1
4779,137,1
4780,79,1
4781,102,1
4782,36,0
4783,89,0
4784,30,0
4785,67,0
4786,38,1
4787,25,0
4788,85,1
4789,28,0
4790,85,1
4791,33,1
4792,80,0
4793,60,1
4794,116,0
4795,41,1
4796,52,1
4797,62,1
4798,49,0
4799,37,1
4800,115,0
4801,43,1
4802,200,0
4803,67,1
4804,26,0
4805,19,0
4806,65,1
4807,43,1
4808,200,0
4809,73,1
4810,116,1
4811,53,0
4812,118,1
4813,176,1
4814,46,0
4815,53,1
4816,48,1
4817,155,1
4818,75,0
4819,145,1
4820,55,1
4821,130,1
4822,67,0
4823,49,1
4824,65,0
4825,94,1
4826,54,0
4827,52,0
4828,23,1
4829,70,0
4830,80,1
4831,94,1
4832,51,0
4833,84,1
4834,23,0
4835,196,0
4836,62,1
4837,118,1
4838,45,1
4839,98,1
4840,32,0
4841,111,1
4842,18,0
4843,81,1
4844,22,0
4845,197,1
4846,84,1
4847,32,0
4848,108,1
4849,7,0
4850,37,0
4851,11,0
4852,57,0
4853,55,1
4854,52,1
4855,43,1
4856,58,1
4857,41,1
4858,55,1
4859,70,1
4860,43,0
4861,91,1
4862,13,0
4863,63,1
4864,200,0
4865,182,1
4866,93,1
4867,17,0
4868,200,0
4869,61,0
4870,38,1
4871,30,1
4872,143,1
4873,66,1
4874,22,0
4875,22,0
4876,131,1
4877,75,1
4878,39,1
4879,139,0
4880,88,1
4881,95,1
4882,22,1
4883,69,1
4884,57,1
4885,34,0
4886,61,0
4887,35,1
4888,94,1
4889,56,1
4890,40,0
4891,102,1
4892,64,0
4893,29,1
4894,73,0
4895,23,0
4896,74,0
4897,45,0
4898,92,1
4899,200,0
4900,126,1
4901,24,0
4902,92,1
4903,31,0
4904,62,1
4905,22,0
4906,81,1
4907,79,1
4908,44,1
4909,66,1
4910,69,1
4911,43,0
4912,159,1
4913,111,0
4914,58,1
4915,78,1
4916,200,0
4917,63,1
4918,142,1
4919,43,0
4920,50,1
4921,48,0
4922,25,0
4923,200,0
4924,29,0
4925,85,1
4926,76,0
4927,65,1
4928,67,0
4929,48,0
4930,144,1
4931,45,1
4932,66,0
4933,46,1
4934,45,0
4935,98,1
4936,92,0
4937,52,1
4938,29,0
4939,92,1
4940,38,0
4941,84,1
4942,94,1
4943,166,0
4944,60,1
4945,106,1
4946,27,0
4947,82,1
4948,27,0
4949,123,1
4950,163,1
4951,83,1
4952,130,1
4953,44,0
4954,31,1
4955,71,1
4956,112,1
4957,55,1
4958,28,1
4959,98,1
4960,41,0
4961,75,0
4962,24,0
4963,58,1
4964,19,0
4965,41,1
4966,118,1
4967,45,0
4968,171,0
4969,109,1
4970,10,0
4971,37,1
4972,57,0
4973,48,1
4974,172,1
4975,97,0
4976,200,0
4977,47,1
4978,39,1
4979,61,1
4980,55,1
4981,43,1
4982,116,1
4983,93,1
4984,20,0
4985,36,1
4986,90,1
4987,87,0
4988,89,1
4989,61,1
4990,115,1
4991,16,0
4992,55,1
4993,53,0
4994,90,1
4995,44,1
4996,51,1
4997,47,1
4998,19,0
4999,139,1
5000,137,1
5001,123,1
5002,24,1
5003,111,1
5004,46,1
5005,200,0
5006,200,0
5007,42,0
5008,56,1
5009,70,1
5010,102,1
5011,115,0
5012,9,0
5013,51,1
5014,15,0
5015,45,0
5016,27,1
5017,31,1
5018,9,0
5019,82,1
5020,31,0
5021,124,1
5022,195,1
5023,36,1
5024,29,0
5025,14,0
5026,51,1
5027,40,1
5028,16,0
5029,35,1
5030,102,1
5031,186,1
5032,129,0
5033,132,1
5034,89,1
5035,44,0
5036,55,1
5037,104,1
5038,96,0
5039,43,1
5040,70,1
5041,92,1
5042,23,0
5043,51,1
5044,42,0
5045,42,1
5046,147,1
5047,200,0
5048,39,0
5049,104,1
5050,35,1
5051,144,1
5052,56,1
5053,44,1
5054,50,1
5055,87,1
5056,51,0
5057,24,0
5058,47,1
5059,52,0
5060,74,0
5061,103,1
5062,47,0
5063,49,1
5064,62,1
5065,68,1
5066,142,1
5067,147,1
5068,39,0
5069,200,0
5070,37,0
5071,77,1
5072,47,1
5073,200,0
5074,35,1
5075,42,0
5076,57,1
5077,52,1
5078,56,1
5079,65,1
5080,46,1
5081,78,0
5082,129,1
5083,27,0
5084,48,1
5085,82,0
5086,61,1
5087,17,0
5088,143,1
5089,180,1
5090,120,1
5091,32,0
5092,31,0
5093,31,0
5094,11,0
5095,50,1
5096,31,1
5097,33,1
5098,34,0
5099,66,1
5100,29,1
5101,59,0
5102,78,0
5103,154,0
5104,65,1
5105,137,0
5106,25,0
5107,56,1
5108,66,1
5109,75,1
5110,85,1
5111,11,0
5112,46,0
5113,70,0
5114,178,1
5115,29,0
5116,23,0
5117,51,1
5118,92,1
5119,159,1
5120,21,0
5121,131,1
5122,11,0
5123,160,1
5124,195,1
5125,136,1
5126,70,1
5127,41,1
5128,30,0
5129,69,1
5130,55,0
5131,74,1
5132,104,1
5133,180,1
5134,49,1
5135,62,1
5136,74,1
5137,55,1
5138,37,1
5139,11,0
5140,183,1
5141,97,1
5142,92,1
5143,88,1
5144,200,0
5145,57,1
5146,16,0
5147,87,1
5148,40,0
5149,23,0
5150,59,1
5151,119,1
5152,131,0
5153,176,1
5154,19,0
5155,44,0
5156,17,0
5157,45,1
5158,54,1
5159,62,1
5160,62,0
5161,53,1
5162,113,0
5163,80,1
5164,27,1
5165,43,1
5166,110,0
5167,46,1
5168,81,1
5169,75,1
5170,42,1
5171,109,1
5172,13,0
5173,52,1
5174,42,1
5175,160,1
5176,88,1
5177,119,1
5178,114,1
5179,64,1
5180,34,0
5181,113,1
5182,37,1
5183,126,1
5184,62,0
5185,44,1
5186,95,1
5187,48,0
5188,27,1
5189,35,1
5190,90,1
5191,46,1
5192,36,1
5193,23,0
5194,45,1
5195,17,0
5196,13,0
5197,65,1
5198,83,1
5199,101,1
5200,30,0
5201,200,0
5202,64,1
5203,92,1
5204,41,0
5205,57,0
5206,175,1
5207,129,1
5208,52,1
5209,73,1
5210,66,0
5211,77,0
5212,21,0
5213,25,0
5214,109,1
5215,63,1
5216,93,0
5217,29,0
5218,65,1
5219,71,1
5220,76,0
5221,26,0
5222,48,1
5223,126,0
5224,162,0
5225,81,1
5226,143,1
5227,186,1
5228,49,1
5229,42,1
5230,12,0
5231,26,1
5232,47,0
5233,15,0
5234,91,1
5235,68,1
5236,32,1
5237,19,0
5238,47,1
5239,80,1
5240,48,1
5241,30,0
5242,68,1
5243,75,0
5244,60,1
5245,44,1
5246,113,1
5247,58,0
5248,39,0
5249,71,1
5250,86,1
5251,100,1
5252,93,0
5253,98,1
5254,106,1
5255,74,1
5256,184,1
5257,24,1
5258,42,0
5259,77,1
5260,50,1
5261,50,1
5262,23,1
5263,35,0
5264,9,0
5265,157,1
5266,61,1
5267,196,0
5268,93,1
5269,30,0
5270,57,0
5271,19,0
5272,18,0
5273,74,0
5274,83,1
5275,73,1
5276,35,0
5277,71,1
5278,18,0
5279,200,0
5280,24,0
5281,50,1
5282,88,1
5283,60,1
5284,84,1
5285,61,1
5286,81,1
5287,59,1
5288,198,1
5289,75,1
5290,25,1
5291,44,1
5292,72,1
5293,20,0
5294,41,1
5295,117,1
5296,7,0
5297,96,1
5298,138,1
5299,61,0
5300,76,1
5301,61,1
5302,121,1
5303,53,0
5304,51,1
5305,25,0
5306,24,0
5307,37,1
5308,20,1
5309,100,1
5310,63,1
5311,106,1
5312,62,1
5313,85,1
5314,62,1
5315,113,1
5316,60,0
5317,39,0
5318,10,0
5319,35,1
5320,63,0
5321,29,0
5322,152,1
5323,49,1
5324,76,1
5325,94,1
5326,45,0
5327,76,0
5328,85,1
5329,29,1
5330,127,0
5331,60,1
5332,53,1
5333,114,1
5334,81,1
5335,142,1
5336,21,0
5337,89,1
5338,19,0
5339,20,0
5340,21,1
5341,57,1
5342,61,1
5343,41,1
5344,114,1
5345,48,0
5346,143,1
5347,69,0
5348,89,1
5349,73,1
5350,102,1
5351,65,1
5352,68,1
5353,69,1
5354,117,1
5355,54,0
5356,52,1
5357,34,1
5358,33,1
5359,14,0
5360,55,1
5361,66,1
5362,42,1
5363,128,0
5364,55,1
5365,36,1
5366,16,0
5367,26,0
5368,78,1
5369,124,1
5370,13,0
5371,36,1
5372,35,0
5373,16,0
5374,60,0
5375,43,1
5376,62,1
5377,89,1
5378,69,1
5379,17,0
5380,27,0
5381,71,1
5382,85,1
5383,83,0
5384,77,1
5385,80,0
5386,84,1
5387,36,0
5388,76,1
5389,55,0
5390,28,1
5391,44,1
5392,31,0
5393,30,1
5394,39,0
5395,17,0
5396,36,1
5397,89,1
5398,73,1
5399,21,0
5400,42,1
5401,41,1
5402,83,1
5403,90,0
5404,32,1
5405,186,1
5406,27,1
5407,43,1
5408,62,1
5409,81,1
5410,47,1
5411,57,1
5412,16,0
5413,24,0
5414,40,1
5415,200,0
5416,69,1
5417,59,1
5418,76,0
5419,71,1
5420,77,1
5421,46,0
5422,30,1
5423,59,1
5424,47,1
5425,64,1
5426,20,0
5427,52,1
5428,81,1
5429,89,1
5430,38,1
5431,83,1
5432,37,1
5433,110,1
5434,117,0
5435,47,1
5436,17,0
5437,60,1
5438,75,0
5439,150,1
5440,113,1
5441,95,1
5442,127,1
5443,19,0
5444,66,1
5445,27,0
5446,62,1
5447,17,0
5448,23,0
5449,54,0
5450,55,0
5451,73,1
5452,69,1
5453,98,1
5454,16,0
5455,43,0
5456,86,0
5457,70,0
5458,64,0
5459,178,1
5460,67,1
5461,79,1
5462,92,1
5463,10,0
5464,53,0
5465,12,0
5466,62,1
5467,35,1
5468,56,1
5469,108,1
5470,104,1
5471,31,1
5472,88,1
5473,41,1
5474,41,1
5475,33,1
5476,26,0
5477,12,0
5478,14,0
5479,44,1
5480,84,1
5481,25,0
5482,87,0
5483,67,1
5484,55,1
5485,105,0
5486,46,1
5487,31,0
5488,108,1
5489,18,0
5490,133,1
5491,127,1
5492,138,1
5493,64,0
5494,29,0
5495,181,1
5496,46,1
5497,42,0
5498,9,0
5499,40,1
5500,70,0
5501,28,1
5502,50,1
5503,95,0
5504,102,1
5505,200,0
5506,68,0
5507,146,1
5508,165,0
5509,88,0
5510,47,0
5511,84,1
5512,86,1
5513,86,0
5514,123,1
5515,107,1
5516,70,1
5517,65,1
5518,54,1
5519,103,1
5520,78,1
5521,30,1
5522,47,0
5523,75,0
5524,139,1
5525,93,0
5526,37,0
5527,54,1
5528,110,1
5529,59,0
5530,62,0
5531,55,1
5532,43,1
5533,19,0
5534,103,0
5535,95,1
5536,60,1
5537,139,1
5538,37,1
5539,75,1
5540,51,0
5541,111,1
5542,21,1
5543,61,1
5544,12,0
5545,107,1
5546,70,1
5547,19,0
5548,111,1
5549,193,0
5550,80,0
5551,45,0
5552,144,0
5553,128,1
5554,30,0
5555,200,0
5556,105,1
5557,165,1
5558,35,1
5559,52,1
5560,63,1
5561,50,1
5562,95,0
5563,71,0
5564,156,1
5565,63,1
5566,53,0
5567,96,1
5568,36,1
5569,89,1
5570,44,1
5571,76,1
5572,76,1
5573,64,1
5574,76,1
5575,21,0
5576,140,1
5577,93,1
5578,34,0
5579,55,1
5580,90,0
5581,59,1
5582,200,0
5583,45,1
5584,52,1
5585,106,0
5586,45,0
5587,158,0
5588,82,0
5589,75,1
5590,85,1
5591,85,1
5592,108,0
5593,61,1
5594,74,1
5595,52,1
5596,60,1
5597,61,1
5598,65,0
5599,45,1
5600,48,0
5601,73,1
5602,17,0
5603,68,1
5604,40,1
5605,191,1
5606,101,1
5607,31,1
5608,72,0
5609,63,1
5610,43,1
5611,85,1
5612,67,1
5613,67,0
5614,92,0
5615,77,1
5616,131,1
5617,17,0
5618,50,1
5619,140,1
5620,91,0
5621,13,0
5622,46,0
5623,43,1
5624,26,0
5625,54,1
5626,121,0
5627,198,0
5628,61,0
5629,64,1
5630,27,1
5631,116,1
5632,66,1
5633,35,1
5634,68,1
5635,105,1
5636,60,1
5637,80,0
5638,66,0
5639,107,1
5640,48,1
5641,157,1
5642,35,1
5643,44,1
5644,44,0
5645,38,0
5646,133,0
5647,49,1
5648,56,0
5649,28,1
5650,68,0
5651,143,0
5652,70,0
5653,146,1
5654,76,0
5655,60,1
5656,103,1
5657,23,0
5658,19,0
5659,88,1
5660,41,0
5661,49,1
5662,146,1
5663,61,1
5664,29,0
5665,63,1
5666,80,0
5667,35,1
5668,165,1
5669,34,1
5670,200,0
5671,36,0
5672,22,0
5673,37,0
5674,41,0
5675,200,0
5676,82,0
5677,39,1
5678,176,0
5679,95,1
5680,15,0
5681,69,1
5682,103,1
5683,138,1
5684,30,0
5685,131,1
5686,90,1
5687,60,0
5688,29,0
5689,200,0
5690,72,1
5691,22,0
5692,43,1
5693,72,1
5694,59,0
5695,56,1
5696,103,1
5697,66,1
5698,62,1
5699,33,1
5700,148,1
5701,30,0
5702,16,0
5703,74,1
5704,16,0
5705,180,1
5706,49,1
5707,101,0
5708,72,1
5709,141,1
5710,108,1
5711,72,0
5712,41,0
5713,43,1
5714,100,1
5715,55,1
5716,9,0
5717,70,1
5718,21,0
5719,72,1
5720,58,1
5721,102,1
5722,200,0
5723,34,0
5724,42,1
5725,78,1
5726,81,0
5727,126,1
5728,42,0
5729,79,1
5730,46,1
5731,73,1
5732,13,0
5733,113,1
5734,107,1
5735,28,1
5736,78,0
5737,178,1
5738,77,1
5739,57,1
5740,60,0
5741,76,1
5742,59,0
5743,187,1
5744,141,1
5745,52,1
5746,61,1
5747,56,1
5748,114,1
5749,153,1
5750,172,0
5751,50,1
5752,73,1
5753,107,1
5754,13,0
5755,133,1
5756,118,1
5757,68,1
5758,200,0
5759,118,0
5760,61,1
5761,31,0
5762,56,1
5763,77,0
5764,32,0
5765,27,0
5766,94,1
5767,68,1
5768,49,0
5769,147,1
5770,55,0
5771,200,1
5772,94,0
5773,89,1
5774,129,1
5775,63,0
5776,28,0
5777,21,0
5778,70,0
5779,78,1
5780,39,1
5781,45,0
5782,85,1
5783,24,0
5784,15,0
5785,18,0
5786,88,0
5787,43,1
5788,75,1
5789,91,0
5790,109,1
5791,44,0
5792,200,0
5793,132,1
5794,7,0
5795,53,1
5796,70,1
5797,122,1
5798,54,0
5799,95,1
5800,14,0
5801,42,1
5802,54,1
5803,67,1
5804,63,1
5805,54,1
5806,68,0
5807,46,0
5808,50,1
5809,76,1
5810,13,0
5811,134,0
5812,53,1
5813,86,1
5814,102,1
5815,78,1
5816,13,0
5817,109,1
5818,48,1
5819,102,0
5820,112,1
5821,96,1
5822,43,1
5823,35,0
5824,88,1
5825,142,1
5826,45,0
5827,79,1
5828,39,1
5829,40,1
5830,46,1
5831,70,1
5832,61,0
5833,119,1
5834,52,0
5835,73,1
5836,81,1
5837,82,1
5838,39,1
5839,37,0
5840,42,0
5841,44,1
5842,97,1
5843,39,0
5844,34,0
5845,58,1
5846,106,1
5847,46,1
5848,79,0
5849,136,1
5850,140,1
5851,21,0
5852,15,0
5853,99,1
5854,151,0
5855,54,0
5856,48,1
5857,46,0
5858,22,0
5859,26,0
5860,200,0
5861,57,1
5862,46,0
5863,155,1
5864,74,0
5865,60,0
5866,155,0
5867,66,1
5868,47,0
5869,129,1
5870,64,1
5871,22,0
5872,50,1
5873,65,1
5874,48,1
5875,60,1
5876,46,1
5877,45,1
5878,38,0
5879,40,1
5880,55,1
5881,37,1
5882,154,1
5883,23,0
5884,104,1
5885,125,1
5886,200,0
5887,38,0
5888,63,0
5889,61,1
5890,115,1
5891,133,1
5892,200,0
5893,49,0
5894,21,0
5895,151,1
5896,57,1
5897,22,0
5898,13,0
5899,42,1
5900,67,1
5901,33,0
5902,143,1
5903,14,0
5904,34,1
5905,57,0
5906,34,0
5907,132,1
5908,114,0
5909,200,0
5910,47,1
5911,18,0
5912,55,1
5913,58,0
5914,90,1
5915,60,1
5916,33,1
5917,41,1
5918,107,1
5919,28,1
5920,40,0
5921,118,1
5922,48,1
5923,85,0
5924,109,1
5925,42,0
5926,82,1
5927,100,1
5928,35,0
5929,65,1
5930,193,1
5931,146,1
5932,157,1
5933,34,1
5934,136,1
5935,39,0
5936,131,1
5937,14,0
5938,98,1
5939,109,0
5940,72,1
5941,106,1
5942,22,0
5943,54,0
5944,20,0
5945,65,1
5946,44,1
5947,69,1
5948,89,1
5949,54,1
5950,110,1
5951,112,0
5952,119,0
5953,116,1
5954,51,1
5955,58,1
5956,77,1
5957,66,1
5958,42,1
5959,126,1
5960,35,1
5961,69,1
5962,46,0
5963,89,1
5964,104,1
5965,86,1
5966,62,1
5967,73,1
5968,70,1
5969,43,0
5970,63,0
5971,31,1
5972,58,1
5973,40,1
5974,18,0
5975,86,1
5976,55,1
5977,16,0
5978,56,1
5979,23,0
5980,27,0
5981,147,1
5982,40,1
5983,25,0
5984,55,1
5985,104,0
5986,23,1
5987,128,1
5988,51,1
5989,42,0
5990,36,0
5991,81,0
5992,11,0
5993,49,1
5994,22,0
5995,63,1
5996,18,0
5997,18,0
5998,83,1
5999,84,1
6000,80,1
6001,29,1
6002,11,0
6003,22,0
6004,33,1
6005,17,0
6006,78,0
6007,46,1
6008,107,1
6009,123,1
6010,86,0
6011,141,1
6012,87,1
6013,42,1
6014,33,1
6015,42,1
6016,166,1
6017,146,0
6018,29,0
6019,43,0
6020,127,1
6021,119,1
6022,52,1
6023,49,1
6024,86,1
6025,96,1
6026,60,1
6027,10,0
6028,88,1
6029,91,1
6030,52,1
6031,16,0
6032,32,1
6033,176,0
6034,69,0
6035,34,0
6036,55,1
6037,27,0
6038,14,0
6039,37,0
6040,95,0
6041,43,0
6042,36,1
6043,39,0
6044,156,1
6045,42,1
6046,30,1
6047,68,1
6048,34,1
6049,113,1
6050,94,1
6051,56,1
6052,77,1
6053,89,1
6054,69,0
6055,107,0
6056,72,1
6057,87,0
6058,29,0
6059,27,0
6060,154,1
6061,37,0
6062,76,1
6063,200,0
6064,67,1
6065,17,0
6066,16,0
6067,200,0
6068,57,0
6069,33,1
6070,31,1
6071,36,1
6072,49,1
6073,26,0
6074,53,1
6075,142,1
6076,106,1
6077,56,1
6078,117,1
6079,21,0
6080,112,1
6081,27,1
6082,62,1
6083,44,1
6084,100,0
6085,109,1
6086,50,1
6087,68,1
6088,39,1
6089,146,1
6090,65,1
6091,72,1
6092,69,1
6093,77,1
6094,26,0
6095,74,0
6096,35,0
6097,160,1
6098,27,0
6099,58,1
6100,95,1
6101,39,1
6102,35,0
6103,161,1
6104,131,1
6105,34,0
6106,88,1
6107,92,1
6108,16,0
6109,33,0
6110,98,1
6111,76,1
6112,92,1
6113,48,1
6114,36,0
6115,37,1
6116,70,0
6117,36,1
6118,39,1
6119,25,0
6120,178,1
6121,115,1
6122,61,1
6123,50,1
6124,64,0
6125,60,1
6126,158,1
6127,35,1
6128,52,1
6129,34,0
6130,58,1
6131,66,0
6132,52,1
6133,38,0
6134,41,0
6135,37,0
6136,20,0
6137,38,1
6138,44,1
6139,69,0
6140,62,0
6141,86,1
6142,75,1
6143,165,1
6144,84,1
6145,12,0
6146,10,0
6147,117,1
6148,63,1
6149,18,0
6150,44,1
6151,72,1
6152,58,1
6153,43,1
6154,107,1
6155,71,0
6156,40,0
6157,17,0
6158,39,1
6159,16,0
6160,104,1
6161,100,1
6162,54,0
6163,105,1
6164,42,1
6165,37,1
6166,134,1
6167,60,0
6168,20,0
6169,98,0
6170,56,1
6171,70,1
6172,65,1
6173,93,1
6174,85,1
6175,69,1
6176,43,1
6177,9,0
6178,75,1
6179,30,1
6180,28,0
6181,53,1
6182,53,1
6183,40,1
6184,13,0
6185,15,0
6186,71,1
6187,15,0
6188,18,0
6189,27,0
6190,48,1
6191,59,1
6192,33,1
6193,114,0
6194,121,1
6195,39,0
6196,73,1
6197,86,1
6198,23,0
6199,129,1
6200,65,1
6201,47,0
6202,94,0
6203,30,0
6204,55,1
6205,26,0
6206,84,1
6207,65,1
6208,21,0
6209,23,0
6210,69,1
6211,45,0
6212,113,1
6213,22,0
6214,91,1
6215,58,1
6216,122,1
6217,40,0
6218,62,1
6219,141,0
6220,72,0
6221,112,1
6222,68,1
6223,75,1
6224,104,1
6225,76,1
6226,62,1
6227,25,0
6228,106,1
6229,81,1
6230,46,1
6231,143,1
6232,74,1
6233,53,1
6234,92,0
6235,54,0
6236,43,1
6237,28,0
6238,72,0
6239,24,1
6240,115,1
6241,63,1
6242,28,1
6243,66,1
6244,66,1
6245,50,1
6246,99,0
6247,49,1
6248,53,1
6249,82,0
6250,86,0
6251,26,0
6252,46,1
6253,34,1
6254,9,0
6255,38,1
6256,155,1
6257,31,0
6258,68,1
6259,162,1
6260,57,1
6261,14,0
6262,86,1
6263,102,1
6264,81,1
6265,12,0
6266,46,0
6267,45,0
6268,99,0
6269,61,1
6270,56,1
6271,66,1
6272,24,0
6273,22,0
6274,59,1
6275,142,1
6276,57,0
6277,119,1
6278,44,1
6279,65,1
6280,51,0
6281,100,1
6282,99,0
6283,36,1
6284,126,1
6285,102,1
6286,108,1
6287,32,1
6288,176,1
6289,74,1
6290,72,1
6291,29,1
6292,78,0
6293,46,1
6294,149,1
6295,82,1
6296,16,0
6297,75,0
6298,53,0
6299,128,0
6300,47,1
6301,97,1
6302,146,1
6303,200,0
6304,25,0
6305,39,1
6306,24,1
6307,95,0
6308,41,0
6309,80,1
6310,76,1
6311,103,1
6312,35,1
6313,112,1
6314,60,0
6315,15,0
6316,40,0
6317,130,0
6318,25,0
6319,43,1
6320,36,0
6321,73,1
6322,174,1
6323,36,1
6324,126,1
6325,68,1
6326,90,1
6327,51,1
6328,146,0
6329,137,0
6330,58,1
6331,38,1
6332,28,0
6333,31,1
6334,121,1
6335,94,1
6336,85,1
6337,33,0
6338,62,1
6339,39,0
6340,43,0
6341,32,1
6342,17,0
6343,101,1
6344,189,1
6345,21,0
6346,47,0
6347,200,0
6348,48,1
6349,21,0
6350,33,1
6351,82,1
6352,31,1
6353,16,0
6354,76,1
6355,16,0
6356,37,1
6357,29,1
6358,200,0
6359,33,0
6360,46,1
6361,52,1
6362,132,1
6363,32,0
6364,10,0
6365,46,0
6366,58,1
6367,118,1
6368,31,1
6369,63,1
6370,67,1
6371,108,1
6372,48,1
6373,116,1
6374,53,1
6375,31,0
6376,82,1
6377,51,1
6378,67,1
6379,21,0
6380,78,1
6381,31,0
6382,144,1
6383,68,1
6384,108,1
6385,41,0
6386,96,0
6387,109,1
6388,137,1
6389,158,1
6390,33,1
6391,39,1
6392,103,0
6393,156,1
6394,55,1
6395,43,1
6396,69,1
6397,76,1
6398,43,1
6399,9,0
6400,109,1
6401,48,1
6402,34,0
6403,142,1
6404,63,0
6405,47,1
6406,47,0
6407,92,1
6408,30,0
6409,101,1
6410,90,1
6411,112,0
6412,97,1
6413,104,1
6414,80,1
6415,91,1
6416,23,1
6417,52,1
6418,140,1
6419,54,1
6420,88,0
6421,62,1
6422,200,0
6423,50,0
6424,28,1
6425,17,0
6426,119,1
6427,61,1
6428,96,1
6429,55,0
6430,113,0
6431,35,0
6432,44,1
6433,75,1
6434,97,1
6435,65,1
6436,86,1
6437,23,1
6438,54,1
6439,37,0
6440,18,0
6441,110,1
6442,13,0
6443,104,0
6444,72,1
6445,46,1
6446,157,1
6447,57,0
6448,129,1
6449,67,1
6450,32,0
6451,72,1
6452,126,1
6453,104,1
6454,48,1
6455,50,1
6456,65,1
6457,74,0
6458,54,1
6459,36,0
6460,18,0
6461,87,1
6462,141,0
6463,161,0
6464,40,0
6465,26,0
6466,39,0
6467,93,1
6468,25,0
6469,22,0
6470,57,0
6471,99,0
6472,13,0
6473,55,1
6474,44,1
6475,97,1
6476,101,1
6477,83,1
6478,19,0
6479,90,1
6480,85,0
6481,88,1
6482,83,1
6483,42,1
6484,162,1
6485,106,1
6486,30,0
6487,46,1
6488,23,1
6489,110,1
6490,33,0
6491,15,0
6492,19,0
6493,31,1
6494,199,0
6495,33,0
6496,112,1
6497,21,0
6498,39,1
6499,118,1
6500,38,1
6501,73,1
6502,24,1
6503,75,1
6504,131,1
6505,159,1
6506,44,1
6507,43,1
6508,34,1
6509,176,1
6510,105,1
6511,94,1
6512,129,0
6513,58,1
6514,83,0
6515,78,1
6516,111,1
6517,19,0
6518,66,1
6519,171,1
6520,70,1
6521,83,1
6522,150,1
6523,50,0
6524,66,1
6525,18,0
6526,60,1
6527,164,1
6528,55,1
6529,200,0
6530,66,1
6531,19,0
6532,98,0
6533,44,1
6534,72,1
6535,134,1
6536,100,1
6537,101,1
6538,104,1
6539,24,0
6540,39,1
6541,68,1
6542,13,0
6543,54,0
6544,16,0
6545,28,0
6546,161,1
6547,55,0
6548,146,1
6549,46,0
6550,58,1
6551,32,1
6552,44,1
6553,78,0
6554,177,1
6555,78,0
6556,54,1
6557,33,0
6558,140,1
6559,40,0
6560,50,1
6561,13,0
6562,20,0
6563,73,1
6564,66,1
6565,58,0
6566,44,1
6567,22,0
6568,30,0
6569,47,0
6570,77,1
6571,30,1
6572,54,0
6573,55,1
6574,54,1
6575,42,0
6576,67,0
6577,55,1
6578,61,1
6579,197,1
6580,33,0
6581,67,1
6582,65,1
6583,12,0
6584,52,0
6585,153,1
6586,33,1
6587,200,0
6588,114,0
6589,15,0
6590,120,0
6591,80,0
6592,86,1
6593,50,1
6594,37,1
6595,78,1
6596,53,1
6597,61,1
6598,65,0
6599,68,0
6600,86,1
6601,98,1
6602,179,1
6603,53,1
6604,64,1
6605,99,1
6606,78,0
6607,70,1
6608,67,1
6609,50,1
6610,49,0
6611,51,1
6612,14,0
6613,94,1
6614,42,1
6615,71,1
6616,114,1
6617,57,1
6618,23,0
6619,99,1
6620,200,0
6621,23,0
6622,116,1
6623,161,1
6624,44,0
6625,101,1
6626,105,1
6627,93,1
6628,52,0
6629,28,0
6630,65,1
6631,9,0
6632,162,1
6633,31,0
6634,110,1
6635,79,1
6636,24,0
6637,89,1
6638,89,0
6639,83,1
6640,156,1
6641,41,0
6642,108,1
6643,93,1
6644,78,0
6645,70,1
6646,37,1
6647,150,1
6648,58,1
6649,70,1
6650,61,0
6651,200,0
6652,73,0
6653,85,1
6654,31,0
6655,37,1
6656,35,0
6657,121,1
6658,34,0
6659,38,1
6660,34,1
6661,66,1
6662,75,1
6663,66,0
6664,71,1
6665,87,1
6666,51,1
6667,58,1
6668,10,0
6669,67,1
6670,22,0
6671,54,0
6672,79,1
6673,22,1
6674,14,0
6675,54,0
6676,46,1
6677,23,0
6678,39,0
6679,200,0
6680,40,1
6681,132,1
6682,34,0
6683,44,0
6684,161,1
6685,65,1
6686,26,1
6687,113,1
6688,67,1
6689,122,0
6690,26,0
6691,22,0
6692,32,1
6693,55,1
6694,62,1
6695,200,0
6696,43,1
6697,68,1
6698,43,0
6699,122,1
6700,34,0
6701,64,1
6702,101,1
6703,69,0
6704,147,1
6705,40,1
6706,50,1
6707,200,0
6708,92,1
6709,71,0
6710,94,1
6711,83,1
6712,31,1
6713,92,1
6714,54,1
6715,44,1
6716,20,0
6717,89,1
6718,30,1
6719,20,0
6720,75,1
6721,93,1
6722,156,1
6723,42,1
6724,25,0
6725,21,0
6726,96,1
6727,17,0
6728,46,0
6729,47,0
6730,82,1
6731,96,1
6732,57,1
6733,71,0
6734,40,0
6735,200,0
6736,100,1
6737,54,1
6738,124,1
6739,37,1
6740,108,1
6741,53,0
6742,32,0
6743,39,1
6744,30,0
6745,18,0
6746,125,1
6747,61,0
6748,78,1
6749,40,0
6750,70,0
6751,200,0
6752,59,1
6753,34,1
6754,78,1
6755,125,0
6756,34,1
6757,114,1
6758,59,1
6759,88,1
6760,33,1
6761,115,1
6762,83,0
6763,66,1
6764,35,1
6765,81,1
6766,30,0
6767,108,0
6768,60,1
6769,97,1
6770,60,1
6771,15,0
6772,191,1
6773,128,1
6774,80,1
6775,129,1
6776,69,0
6777,97,1
6778,16,0
6779,49,1
6780,60,1
6781,43,0
6782,40,0
6783,37,1
6784,98,1
6785,79,1
6786,38,0
6787,46,1
6788,64,0
6789,131,1
6790,159,1
6791,121,1
6792,69,1
6793,46,1
6794,58,1
6795,33,0
6796,31,0
6797,52,1
6798,200,0
6799,64,1
6800,11,0
6801,75,1
6802,68,1
6803,9,0
6804,94,0
6805,91,1
6806,151,1
6807,58,0
6808,34,1
6809,93,1
6810,115,0
6811,13,0
6812,118,1
6813,90,1
6814,65,1
6815,29,0
6816,82,1
6817,28,1
6818,42,1
6819,139,1
6820,75,1
6821,82,1
6822,115,1
6823,79,1
6824,19,0
6825,72,1
6826,70,1
6827,14,0
6828,109,1
6829,60,1
6830,62,0
6831,67,1
6832,164,1
6833,34,1
6834,66,1
6835,51,0
6836,80,1
6837,89,1
6838,63,1
6839,48,0
6840,21,0
6841,12,0
6842,47,1
6843,36,1
6844,43,0
6845,105,1
6846,73,1
6847,112,1
6848,68,1
6849,28,0
6850,50,1
6851,12,0
6852,101,1
6853,28,1
6854,70,1
6855,62,0
6856,64,0
6857,155,1
6858,32,0
6859,18,0
6860,35,1
6861,50,1
6862,81,1
6863,17,0
6864,68,1
6865,37,1
6866,29,0
6867,63,1
6868,147,1
6869,24,0
6870,41,1
6871,37,0
6872,84,1
6873,33,1
6874,120,0
6875,79,0
6876,16,0
6877,26,0
6878,41,0
6879,95,0
6880,37,1
6881,90,1
6882,12,0
6883,48,1
6884,57,1
6885,40,1
6886,74,1
6887,45,0
6888,110,0
6889,38,1
6890,59,1
6891,87,1
6892,89,0
6893,37,1
6894,43,0
6895,44,1
6896,156,1
6897,30,0
6898,12,0
6899,27,0
6900,31,0
6901,60,1
6902,51,1
6903,82,1
6904,15,0
6905,90,1
6906,57,1
6907,89,0
6908,110,1
6909,200,0
6910,36,1
6911,24,0
6912,155,0
6913,76,1
6914,47,0
6915,36,0
6916,109,1
6917,74,1
6918,115,0
6919,39,1
6920,120,1
6921,47,1
6922,95,1
6923,65,1
6924,200,0
6925,100,1
6926,13,0
6927,49,1
6928,125,1
6929,31,1
6930,32,0
6931,81,1
6932,40,1
6933,156,0
6934,177,1
6935,63,1
6936,73,0
6937,108,1
6938,33,1
6939,83,1
6940,148,1
6941,50,1
6942,63,1
6943,29,0
6944,78,1
6945,48,1
6946,26,0
6947,200,0
6948,55,0
6949,176,1
6950,66,1
6951,57,1
6952,175,1
6953,71,1
6954,52,1
6955,80,1
6956,55,0
6957,110,1
6958,15,0
6959,114,1
6960,173,1
6961,8,0
6962,59,1
6963,82,1
6964,151,0
6965,114,1
6966,129,0
6967,88,1
6968,39,1
6969,121,0
6970,123,1
6971,53,1
6972,47,0
6973,13,0
6974,26,0
6975,124,1
6976,50,1
6977,11,0
6978,20,0
6979,39,1
6980,20,0
6981,45,1
6982,42,1
6983,42,1
6984,26,0
6985,60,0
6986,36,0
6987,27,1
6988,109,1
6989,78,1
6990,56,1
6991,106,1
6992,93,0
6993,26,0
6994,136,0
6995,25,1
6996,74,1
6997,70,1
6998,56,1
6999,82,1
7000,88,1
7001,160,0
7002,41,1
7003,17,0
7004,66,1
7005,18,0
7006,96,1
7007,159,0
7008,48,1
7009,43,0
7010,105,1
7011,59,1
7012,55,1
7013,152,1
7014,53,1
7015,91,1
7016,34,1
7017,37,1
7018,24,0
7019,120,0
7020,15,0
7021,77,0
7022,109,1
7023,113,1
7024,74,0
7025,30,0
7026,120,1
7027,62,1
7028,26,1
7029,59,1
7030,44,1
7031,69,1
7032,62,1
7033,29,0
7034,87,1
7035,96,1
7036,52,1
7037,64,1
7038,48,0
7039,139,1
7040,20,0
7041,182,1
7042,36,1
7043,79,0
7044,103,1
7045,15,0
7046,15,0
7047,60,1
7048,95,1
7049,200,0
7050,110,1
7051,45,1
7052,71,1
7053,45,0
7054,86,0
7055,57,1
7056,16,0
7057,73,0
7058,40,0
7059,200,0
7060,40,0
7061,30,0
7062,124,1
7063,85,1
7064,12,0
7065,36,1
7066,40,1
7067,87,1
7068,83,1
7069,60,1
7070,69,1
7071,75,1
7072,55,1
7073,59,1
7074,200,0
7075,116,1
7076,48,1
7077,31,0
7078,109,1
7079,74,0
7080,108,1
7081,155,1
7082,43,1
7083,27,1
7084,134,1
7085,25,1
7086,42,1
7087,21,0
7088,30,1
7089,109,1
7090,54,1
7091,121,1
7092,55,1
7093,52,0
7094,93,1
7095,107,1
7096,73,0
7097,42,1
7098,58,0
7099,58,1
7100,53,0
7101,54,0
7102,48,1
7103,83,1
7104,106,1
7105,51,1
7106,122,1
7107,35,0
7108,53,1
7109,15,0
7110,26,0
7111,28,0
7112,143,1
7113,200,0
7114,71,1
7115,110,1
7116,96,1
7117,72,0
7118,67,1
7119,76,1
7120,125,1
7121,132,0
7122,62,1
7123,43,1
7124,28,0
7125,127,1
7126,114,1
7127,168,1
7128,57,0
7129,85,1
7130,52,1
7131,84,1
7132,46,0
7133,125,1
7134,42,1
7135,49,1
7136,35,0
7137,87,1
7138,119,1
7139,135,1
7140,200,0
7141,35,0
7142,85,0
7143,18,0
7144,122,1
7145,54,0
7146,35,0
7147,111,1
7148,90,0
7149,125,1
7150,32,1
7151,32,0
7152,106,1
7153,65,0
7154,74,1
7155,45,1
7156,42,0
7157,112,1
7158,59,1
7159,129,1
7160,12,0
7161,68,0
7162,47,0
7163,72,1
7164,84,1
7165,67,1
7166,92,1
7167,200,0
7168,48,1
7169,103,0
7170,65,1
7171,47,0
7172,59,1
7173,69,0
7174,143,1
7175,34,0
7176,59,0
7177,127,1
7178,85,0
7179,19,0
7180,110,1
7181,45,0
7182,116,0
7183,84,1
7184,76,1
7185,59,0
7186,40,1
7187,100,1
7188,53,1
7189,39,0
7190,46,0
7191,200,0
7192,54,0
7193,89,0
7194,200,0
7195,21,0
7196,66,1
7197,72,1
7198,134,1
7199,55,1
7200,46,1
7201,80,1
7202,98,1
7203,52,1
7204,10,0
7205,79,1
7206,35,0
7207,38,1
7208,137,1
7209,32,1
7210,60,1
7211,152,1
7212,107,0
7213,161,1
7214,58,1
7215,62,1
7216,71,1
7217,69,1
7218,88,1
7219,12,0
7220,75,1
7221,114,1
7222,144,1
7223,45,0
7224,96,0
7225,89,1
7226,33,0
7227,12,0
7228,108,1
7229,139,0
7230,67,1
7231,200,0
7232,83,0
7233,58,1
7234,94,1
7235,27,0
7236,42,1
7237,21,0
7238,45,1
7239,32,1
7240,133,0
7241,47,1
7242,107,0
7243,123,1
7244,76,1
7245,52,1
7246,47,1
7247,90,1
7248,48,0
7249,49,0
7250,200,0
7251,76,1
7252,24,0
7253,46,1
7254,147,1
7255,49,0
7256,99,0
7257,26,1
7258,23,0
7259,19,0
7260,92,0
7261,37,0
7262,49,0
7263,60,1
7264,120,1
7265,98,0
7266,62,1
7267,17,0
7268,45,1
7269,26,0
7270,68,0
7271,85,1
7272,83,1
7273,63,1
7274,85,0
7275,79,0
7276,21,0
7277,79,1
7278,55,1
7279,63,1
7280,143,1
7281,77,1
7282,55,1
7283,55,0
7284,48,1
7285,22,0
7286,40,1
7287,38,1
7288,65,1
7289,76,1
7290,27,1
7291,92,1
7292,34,0
7293,29,0
7294,33,1
7295,113,1
7296,72,1
7297,113,1
7298,109,1
7299,200,0
7300,41,0
7301,39,0
7302,33,1
7303,78,1
7304,14,0
7305,55,1
7306,49,1
7307,15,0
7308,46,1
7309,23,0
7310,44,0
7311,69,0
7312,127,1
7313,11,0
7314,98,1
7315,130,1
7316,94,1
7317,82,0
7318,39,1
7319,76,0
7320,31,0
7321,13,0
7322,180,1
7323,87,1
7324,120,1
7325,23,0
7326,132,1
7327,35,0
7328,24,0
7329,59,0
7330,59,1
7331,75,1
7332,41,1
7333,39,1
7334,9,0
7335,112,1
7336,75,1
7337,72,1
7338,126,0
7339,13,0
7340,62,1
7341,115,0
7342,34,1
7343,26,0
7344,20,0
7345,44,1
7346,59,0
7347,35,0
7348,12,0
7349,73,1
7350,47,0
7351,28,1
7352,128,1
7353,158,1
7354,27,1
7355,127,1
7356,90,0
7357,24,0
7358,96,1
7359,63,1
7360,15,0
7361,134,1
7362,73,1
7363,18,0
7364,200,0
7365,48,0
7366,132,0
7367,171,1
7368,51,1
7369,97,1
7370,72,1
7371,56,1
7372,69,1
7373,98,1
7374,19,0
7375,78,0
7376,200,0
7377,57,0
7378,35,1
7379,19,0
7380,83,1
7381,36,0
7382,58,1
7383,70,1
7384,86,1
7385,155,1
7386,95,1
7387,34,1
7388,170,1
7389,22,0
7390,126,1
7391,42,0
7392,52,0
7393,41,0
7394,138,1
7395,131,0
7396,35,1
7397,182,1
7398,113,1
7399,96,1
7400,106,1
7401,200,0
7402,53,1
7403,112,1
7404,87,0
7405,96,1
7406,46,0
7407,42,1
7408,51,0
7409,109,1
7410,66,1
7411,82,1
7412,20,0
7413,43,1
7414,16,0
7415,96,1
7416,89,1
7417,38,1
7418,60,0
7419,50,1
7420,137,1
7421,59,1
7422,49,1
7423,27,0
7424,26,0
7425,50,1
7426,145,1
7427,12,0
7428,89,1
7429,73,1
7430,37,1
7431,41,1
7432,9,0
7433,49,1
7434,58,1
7435,24,0
7436,53,1
7437,46,1
7438,29,0
7439,35,0
7440,98,1
7441,57,1
7442,44,1
7443,23,0
7444,148,1
7445,36,1
7446,43,1
7447,115,0
7448,43,1
7449,120,1
7450,116,1
7451,92,1
7452,36,0
7453,10,0
7454,129,1
7455,132,0
7456,71,1
7457,70,1
7458,18,0
7459,34,0
7460,40,1
7461,16,0
7462,62,1
7463,13,0
7464,97,0
7465,84,1
7466,77,1
7467,108,1
7468,130,1
7469,37,1
7470,200,0
7471,39,0
7472,50,1
7473,14,0
7474,72,1
7475,133,1
7476,38,1
7477,55,1
7478,47,0
7479,63,1
7480,29,0
7481,54,1
7482,45,1
7483,69,1
7484,66,1
7485,57,1
7486,39,0
7487,59,1
7488,83,1
7489,157,0
7490,65,1
7491,80,1
7492,132,1
7493,40,1
7494,89,1
7495,75,1
7496,117,1
7497,63,1
7498,81,1
7499,114,1
7500,34,1
7501,140,1
7502,44,1
7503,63,1
7504,53,1
7505,12,0
7506,37,1
7507,88,1
7508,44,1
7509,86,1
7510,97,1
7511,168,1
7512,26,0
7513,30,0
7514,55,1
7515,51,0
7516,83,1
7517,200,0
7518,41,0
7519,84,1
7520,71,0
7521,59,1
7522,154,1
7523,79,1
7524,75,0
7525,164,1
7526,90,1
7527,70,1
7528,68,1
7529,62,1
7530,46,1
7531,128,1
7532,85,0
7533,17,0
7534,85,0
7535,192,1
7536,20,0
7537,33,0
7538,40,1
7539,58,1
7540,29,1
7541,38,0
7542,106,1
7543,200,0
7544,21,0
7545,115,1
7546,40,0
7547,84,1
7548,72,1
7549,45,1
7550,23,0
7551,21,0
7552,31,1
7553,68,1
7554,52,0
7555,60,1
7556,140,1
7557,64,1
7558,97,1
7559,96,1
7560,81,0
7561,41,0
7562,51,1
7563,108,1
7564,42,0
7565,195,1
7566,35,0
7567,71,1
7568,40,1
7569,67,1
7570,54,1
7571,21,0
7572,89,0
7573,22,0
7574,49,0
7575,51,1
7576,20,0
7577,60,1
7578,46,1
7579,35,0
7580,103,1
7581,57,1
7582,78,0
7583,194,0
7584,119,0
7585,68,0
7586,80,1
7587,17,0
7588,23,0
7589,42,1
7590,143,1
7591,38,0
7592,109,1
7593,159,1
7594,97,1
7595,55,1
7596,90,1
7597,78,1
7598,71,1
7599,63,1
7600,71,1
7601,40,1
7602,74,0
7603,137,1
7604,41,1
7605,10,0
7606,72,1
7607,66,1
7608,71,1
7609,136,0
7610,81,1
7611,43,0
7612,35,0
7613,56,0
7614,20,0
7615,148,1
7616,71,1
7617,31,0
7618,38,0
7619,83,1
7620,33,0
7621,169,1
7622,54,1
7623,64,1
7624,35,1
7625,64,1
7626,75,1
7627,51,1
7628,56,1
7629,101,0
7630,175,1
7631,48,1
7632,37,1
7633,52,1
7634,118,1
7635,23,1
7636,85,0
7637,102,0
7638,47,1
7639,49,0
7640,36,0
7641,39,0
7642,44,1
7643,59,1
7644,24,0
7645,107,1
7646,78,1
7647,199,1
7648,38,0
7649,88,1
7650,20,0
7651,79,1
7652,74,0
7653,25,0
7654,62,1
7655,101,0
7656,50,1
7657,121,1
7658,24,0
7659,81,0
7660,79,0
7661,40,1
7662,152,1
7663,53,1
7664,193,0
7665,53,1
7666,52,0
7667,85,0
7668,74,1
7669,53,0
7670,67,1
7671,97,0
7672,47,0
7673,49,1
7674,78,1
7675,56,0
7676,51,1
7677,56,1
7678,141,1
7679,200,0
7680,130,1
7681,84,0
7682,34,0
7683,45,1
7684,27,0
7685,112,0
7686,37,0
7687,44,1
7688,58,1
7689,126,1
7690,34,0
7691,49,1
7692,42,1
7693,8,0
7694,126,1
7695,84,0
7696,59,1
7697,40,1
7698,11,0
7699,135,1
7700,147,1
7701,46,1
7702,10,0
7703,111,1
7704,49,0
7705,28,0
7706,91,0
7707,175,0
7708,115,1
7709,60,1
7710,55,0
7711,55,1
7712,78,1
7713,139,1
7714,143,1
7715,44,0
7716,46,0
7717,121,1
7718,32,1
7719,110,1
7720,119,1
7721,60,0
7722,64,1
7723,149,1
7724,47,1
7725,35,0
7726,80,1
7727,97,0
7728,121,1
7729,20,0
7730,48,1
7731,200,0
7732,8,0
7733,88,1
7734,46,1
7735,57,1
7736,34,1
7737,66,1
7738,102,0
7739,51,1
7740,200,0
7741,48,1
7742,14,0
7743,200,1
7744,197,0
7745,91,1
7746,77,1
7747,68,1
7748,149,1
7749,118,1
7750,116,1
7751,149,1
7752,37,0
7753,51,1
7754,27,1
7755,82,1
7756,55,0
7757,200,0
7758,55,1
7759,200,0
7760,43,0
7761,200,0
7762,33,0
7763,36,0
7764,79,0
7765,74,1
7766,189,1
7767,68,1
7768,31,1
7769,41,1
7770,21,1
7771,49,1
7772,59,1
7773,141,1
7774,147,1
7775,21,0
7776,45,1
7777,132,1
7778,54,1
7779,37,1
7780,24,1
7781,22,0
7782,18,0
7783,22,0
7784,67,0
7785,187,1
7786,14,0
7787,146,1
7788,87,1
7789,94,1
7790,18,0
7791,65,0
7792,55,0
7793,67,1
7794,37,1
7795,96,1
7796,112,1
7797,30,0
7798,55,1
7799,79,1
7800,40,1
7801,95,0
7802,52,1
7803,107,1
7804,71,1
7805,31,0
7806,108,1
7807,16,0
7808,50,1
7809,155,1
7810,31,0
7811,74,1
7812,95,1
7813,81,1
7814,78,0
7815,46,1
7816,79,1
7817,105,1
7818,29,0
7819,161,0
7820,57,0
7821,82,1
7822,102,1
7823,41,1
7824,127,1
7825,25,1
7826,126,1
7827,61,0
7828,54,1
7829,107,1
7830,59,1
7831,53,1
7832,40,1
7833,57,0
7834,79,1
7835,126,1
7836,7,0
7837,123,1
7838,44,1
7839,27,0
7840,148,1
7841,52,1
7842,151,0
7843,31,0
7844,27,0
7845,89,1
7846,38,0
7847,9,0
7848,169,1
7849,28,1
7850,55,1
7851,42,0
7852,58,1
7853,133,1
7854,22,1
7855,47,1
7856,55,1
7857,75,1
7858,56,1
7859,34,0
7860,200,0
7861,110,1
7862,57,0
7863,38,1
7864,18,0
7865,68,0
7866,22,0
7867,22,1
7868,58,1
7869,44,1
7870,32,1
7871,73,1
7872,64,1
7873,76,1
7874,95,1
7875,56,1
7876,107,1
7877,199,0
7878,78,1
7879,39,1
7880,91,0
7881,13,0
7882,92,1
7883,34,1
7884,35,1
7885,151,1
7886,59,1
7887,24,0
7888,37,0
7889,33,0
7890,41,0
7891,151,1
7892,64,1
7893,82,1
7894,73,1
7895,100,0
7896,72,1
7897,42,1
7898,68,1
7899,106,1
7900,44,0
7901,44,1
7902,120,1
7903,74,1
7904,85,1
7905,87,1
7906,30,1
7907,51,0
7908,43,1
7909,24,0
7910,31,0
7911,48,1
7912,118,1
7913,30,0
7914,79,1
7915,28,0
7916,175,0
7917,53,0
7918,51,1
7919,84,1
7920,80,1
7921,68,1
7922,145,1
7923,45,0
7924,38,1
7925,84,1
7926,157,1
7927,111,0
7928,85,1
7929,200,0
7930,52,1
7931,44,1
7932,85,1
7933,66,1
7934,12,0
7935,80,1
7936,176,1
7937,144,1
7938,105,0
7939,27,0
7940,93,1
7941,74,0
7942,143,1
7943,30,1
7944,50,1
7945,69,1
7946,27,0
7947,41,1
7948,145,1
7949,82,1
7950,41,1
7951,9,0
7952,52,1
7953,64,0
7954,109,1
7955,102,1
7956,60,1
7957,87,1
7958,31,1
7959,55,1
7960,58,0
7961,77,1
7962,94,1
7963,45,1
7964,73,0
7965,121,1
7966,148,1
7967,42,1
7968,131,0
7969,139,1
7970,87,1
7971,53,1
7972,77,1
7973,78,1
7974,27,1
7975,176,1
7976,81,1
7977,125,1
7978,61,1
7979,105,1
7980,64,1
7981,157,1
7982,200,0
7983,32,0
7984,43,1
7985,69,1
7986,76,1
7987,118,1
7988,72,1
7989,59,1
7990,103,1
7991,40,1
7992,83,0
7993,36,0
7994,45,0
7995,29,1
7996,35,1
7997,24,0
7998,140,1
7999,25,1
8000,153,1
8001,151,1
8002,82,1
8003,103,1
8004,68,1
8005,99,1
8006,9,0
8007,80,0
8008,56,1
8009,143,1
8010,63,1
8011,48,1
8012,108,0
8013,149,1
8014,16,0
8015,200,0
8016,109,1
8017,72,0
8018,38,1
8019,16,0
8020,35,1
8021,80,1
8022,99,1
8023,155,1
8024,154,1
8025,17,0
8026,73,1
8027,108,1
8028,26,0
8029,53,0
8030,50,1
8031,31,0
8032,15,0
8033,32,0
8034,119,0
8035,23,1
8036,106,1
8037,21,0
8038,44,1
8039,62,1
8040,64,0
8041,60,1
8042,68,1
8043,96,1
8044,55,1
8045,49,1
8046,114,0
8047,29,0
8048,169,1
8049,19,0
8050,60,1
8051,73,1
8052,192,1
8053,124,1
8054,128,1
8055,103,1
8056,20,0
8057,62,0
8058,134,1
8059,189,0
8060,86,0
8061,35,1
8062,75,1
8063,101,1
8064,114,0
8065,71,1
8066,77,1
8067,65,1
8068,101,1
8069,22,0
8070,55,0
8071,183,1
8072,48,0
8073,40,0
8074,82,1
8075,7,0
8076,18,0
8077,73,1
8078,200,0
8079,40,1
8080,137,0
8081,42,1
8082,26,0
8083,79,1
8084,133,1
8085,76,1
8086,24,1
8087,66,1
8088,68,1
8089,58,1
8090,96,1
8091,45,1
8092,86,1
8093,27,0
8094,17,0
8095,85,1
8096,125,0
8097,72,1
8098,82,1
8099,80,1
8100,51,1
8101,107,1
8102,28,1
8103,38,1
8104,23,1
8105,72,1
8106,40,0
8107,26,1
8108,48,1
8109,54,1
8110,21,0
8111,123,1
8112,62,1
8113,20,0
8114,19,0
8115,38,0
8116,92,0
8117,57,0
8118,86,1
8119,41,0
8120,18,0
8121,64,1
8122,47,0
8123,34,1
8124,7,0
8125,172,0
8126,18,0
8127,46,1
8128,66,1
8129,102,1
8130,115,1
8131,102,1
8132,51,1
8133,20,0
8134,122,1
8135,54,1
8136,47,0
8137,60,1
8138,125,1
8139,40,0
8140,127,0
8141,45,1
8142,24,0
8143,34,1
8144,91,1
8145,111,1
8146,200,0
8147,88,1
8148,39,1
8149,101,0
8150,81,1
8151,66,1
8152,19,0
8153,31,1
8154,55,1
8155,46,1
8156,93,1
8157,29,0
8158,60,1
8159,17,0
8160,51,1
8161,101,1
8162,31,1
8163,80,1
8164,114,1
8165,200,0
8166,89,0
8167,17,0
8168,17,0
8169,9,0
8170,42,1
8171,41,1
8172,125,1
8173,62,1
8174,46,1
8175,69,1
8176,120,1
8177,35,0
8178,52,1
8179,28,0
8180,39,0
8181,88,1
8182,63,1
8183,72,1
8184,60,0
8185,74,1
8186,50,0
8187,69,1
8188,110,1
8189,96,1
8190,15,0
8191,101,1
8192,124,0
8193,33,0
8194,60,1
8195,12,0
8196,11,0
8197,36,1
8198,23,0
8199,102,1
8200,18,0
8201,61,1
8202,32,0
8203,90,1
8204,109,1
8205,31,1
8206,62,0
8207,188,1
8208,78,1
8209,22,1
8210,35,0
8211,69,1
8212,39,1
8213,88,1
8214,32,0
8215,20,1
8216,200,0
8217,84,1
8218,19,0
8219,39,1
8220,22,0
8221,32,1
8222,89,1
8223,123,1
8224,89,1
8225,43,1
8226,77,1
8227,84,1
8228,44,1
8229,27,1
8230,56,0
8231,59,1
8232,94,1
8233,90,1
8234,28,0
8235,129,1
8236,82,1
8237,33,0
8238,94,1
8239,65,1
8240,131,0
8241,200,0
8242,72,1
8243,22,0
8244,96,0
8245,133,1
8246,84,1
8247,156,1
8248,120,1
8249,74,1
8250,19,0
8251,17,0
8252,15,0
8253,108,1
8254,65,1
8255,80,1
8256,29,0
8257,58,1
8258,61,1
8259,31,0
8260,37,1
8261,21,0
8262,185,1
8263,46,1
8264,190,1
8265,130,1
8266,138,1
8267,47,0
8268,129,0
8269,141,1
8270,35,1
8271,41,1
8272,31,0
8273,92,1
8274,97,1
8275,62,0
8276,136,1
8277,15,0
8278,31,1
8279,82,1
8280,125,1
8281,83,1
8282,130,1
8283,30,1
8284,77,1
8285,94,1
8286,56,1
8287,73,1
8288,32,0
8289,33,1
8290,123,1
8291,85,1
8292,93,1
8293,23,0
8294,37,0
8295,63,1
8296,177,0
8297,22,0
8298,114,0
8299,91,1
8300,24,1
8301,54,0
8302,58,1
8303,91,1
8304,139,1
8305,86,1
8306,84,1
8307,68,1
8308,108,1
8309,29,0
8310,21,0
8311,23,1
8312,52,1
8313,39,1
8314,129,1
8315,80,0
8316,114,1
8317,149,1
8318,117,1
8319,17,0
8320,29,1
8321,62,1
8322,89,0
8323,46,1
8324,88,1
8325,50,1
8326,72,0
8327,103,1
8328,157,1
8329,65,1
8330,65,0
8331,96,1
8332,82,0
8333,13,0
8334,80,1
8335,15,0
8336,56,0
8337,74,1
8338,68,0
8339,200,0
8340,30,1
8341,43,1
8342,146,1
8343,152,1
8344,118,1
8345,146,1
8346,62,1
8347,43,1
8348,73,1
8349,90,1
8350,34,1
8351,36,0
8352,86,1
8353,63,0
8354,95,1
8355,36,1
8356,32,1
8357,145,1
8358,116,1
8359,122,1
8360,65,1
8361,54,1
8362,47,1
8363,63,1
8364,48,1
8365,59,1
8366,73,1
8367,99,1
8368,63,1
8369,69,1
8370,99,1
8371,90,1
8372,29,0
8373,10,0
8374,61,1
8375,73,0
8376,9,0
8377,51,0
8378,159,0
8379,40,0
8380,91,1
8381,200,0
8382,36,0
8383,34,1
8384,71,1
8385,101,1
8386,195,1
8387,67,1
8388,57,0
8389,35,1
8390,58,1
8391,100,1
8392,41,1
8393,76,1
8394,36,1
8395,59,1
8396,152,1
8397,77,1
8398,19,0
8399,54,1
8400,184,1
8401,80,0
8402,141,0
8403,33,0
8404,55,1
8405,178,1
8406,83,1
8407,36,0
8408,106,1
8409,122,1
8410,61,1
8411,75,1
8412,164,1
8413,24,0
8414,85,0
8415,37,1
8416,108,1
8417,13,0
8418,74,1
8419,63,1
8420,36,1
8421,77,1
8422,53,1
8423,52,1
8424,51,1
8425,89,1
8426,147,1
8427,51,1
8428,105,1
8429,83,0
8430,161,1
8431,66,1
8432,57,1
8433,109,1
8434,117,1
8435,9,0
8436,40,1
8437,76,1
8438,100,1
8439,99,1
8440,70,1
8441,65,0
8442,49,0
8443,41,1
8444,81,1
8445,36,0
8446,53,1
8447,42,0
8448,109,1
8449,40,0
8450,15,0
8451,7,0
8452,35,1
8453,101,1
8454,126,1
8455,40,1
8456,95,1
8457,56,1
8458,92,1
8459,34,0
8460,40,1
8461,23,0
8462,148,0
8463,95,1
8464,14,0
8465,85,1
8466,54,1
8467,29,1
8468,27,0
8469,168,1
8470,37,0
8471,71,0
8472,77,0
8473,42,1
8474,74,1
8475,105,1
8476,13,0
8477,30,0
8478,12,0
8479,83,1
8480,119,1
8481,102,1
8482,200,0
8483,52,1
8484,10,0
8485,60,1
8486,83,0
8487,42,1
8488,75,1
8489,81,1
8490,200,0
8491,26,1
8492,49,0
8493,25,0
8494,62,1
8495,86,1
8496,33,0
8497,77,1
8498,39,1
8499,93,1
8500,188,1
8501,40,0
8502,39,0
8503,91,0
8504,39,1
8505,27,0
8506,39,0
8507,18,0
8508,65,1
8509,39,1
8510,38,0
8511,60,1
8512,42,0
8513,25,0
8514,37,0
8515,24,0
8516,188,1
8517,20,0
8518,60,1
8519,82,1
8520,65,1
8521,10,0
8522,73,1
8523,119,1
8524,66,0
8525,140,1
8526,40,1
8527,104,0
8528,78,1
8529,65,1
8530,50,1
8531,69,1
8532,70,1
8533,82,1
8534,59,1
8535,82,1
8536,26,1
8537,24,0
8538,127,0
8539,24,1
8540,151,1
8541,107,1
8542,86,1
8543,41,1
8544,49,1
8545,77,1
8546,159,1
8547,27,0
8548,21,0
8549,34,1
8550,87,1
8551,200,0
8552,108,1
8553,43,1
8554,101,1
8555,46,1
8556,126,1
8557,83,1
8558,36,1
8559,31,0
8560,53,1
8561,72,1
8562,17,0
8563,64,0
8564,140,1
8565,67,1
8566,45,1
8567,37,1
8568,16,0
8569,38,0
8570,136,0
8571,80,1
8572,69,1
8573,84,1
8574,141,1
8575,11,0
8576,49,1
8577,25,0
8578,50,0
8579,75,0
8580,32,0
8581,41,0
8582,141,1
8583,49,1
8584,104,1
8585,41,0
8586,62,1
8587,28,0
8588,41,1
8589,22,0
8590,42,0
8591,51,0
8592,38,0
8593,48,1
8594,52,1
8595,15,0
8596,45,1
8597,86,1
8598,109,0
8599,94,1
8600,42,1
8601,55,1
8602,39,0
8603,200,0
8604,25,0
8605,76,1
8606,65,1
8607,26,0
8608,57,0
8609,146,1
8610,77,1
8611,92,1
8612,23,0
8613,62,0
8614,67,1
8615,53,1
8616,99,1
8617,22,0
8618,33,0
8619,104,1
8620,49,0
8621,69,1
8622,46,1
8623,31,1
8624,22,0
8625,73,1
8626,73,1
8627,92,1
8628,75,1
8629,118,1
8630,130,1
8631,79,0
8632,94,1
8633,89,0
8634,200,0
8635,56,1
8636,131,0
8637,29,0
8638,146,1
8639,142,1
8640,77,1
8641,165,1
8642,76,1
8643,54,1
8644,68,1
8645,108,0
8646,13,0
8647,19,0
8648,96,1
8649,20,0
8650,62,1
8651,47,1
8652,200,0
8653,66,0
8654,113,1
8655,82,1
8656,28,0
8657,19,0
8658,37,0
8659,23,0
8660,144,1
8661,58,1
8662,13,0
8663,98,1
8664,137,0
8665,82,1
8666,73,1
8667,56,1
8668,122,1
8669,92,1
8670,17,0
8671,59,1
8672,92,1
8673,25,0
8674,83,0
8675,116,1
8676,115,1
8677,55,1
8678,39,0
8679,61,1
8680,69,0
8681,71,1
8682,114,1
8683,48,1
8684,43,0
8685,99,1
8686,116,1
8687,20,0
8688,20,0
8689,65,1
8690,69,0
8691,42,0
8692,116,1
8693,141,1
8694,88,1
8695,45,1
8696,132,1
8697,109,1
8698,35,0
8699,131,1
8700,122,1
8701,100,1
8702,35,0
8703,97,1
8704,72,1
8705,22,0
8706,77,1
8707,72,1
8708,44,0
8709,19,0
8710,141,1
8711,139,1
8712,126,1
8713,106,1
8714,23,0
8715,93,1
8716,123,1
8717,93,1
8718,52,1
8719,122,1
8720,73,0
8721,54,1
8722,30,0
8723,140,0
8724,56,0
8725,62,1
8726,8,0
8727,24,0
8728,105,0
8729,41,0
8730,57,0
8731,57,1
8732,38,0
8733,72,1
8734,38,0
8735,45,1
8736,180,1
8737,104,1
8738,69,1
8739,53,1
8740,64,1
8741,69,1
8742,150,1
8743,28,0
8744,27,0
8745,15,0
8746,39,1
8747,101,1
8748,41,0
8749,30,1
8750,36,1
8751,30,1
8752,93,1
8753,9,0
8754,43,0
8755,65,1
8756,53,0
8757,61,1
8758,150,1
8759,20,0
8760,115,1
8761,81,1
8762,199,1
8763,64,1
8764,48,1
8765,32,0
8766,77,0
8767,101,1
8768,20,0
8769,41,1
8770,151,1
8771,75,1
8772,51,1
8773,92,1
8774,53,1
8775,74,1
8776,50,0
8777,200,0
8778,139,1
8779,60,1
8780,57,0
8781,49,1
8782,36,0
8783,98,1
8784,39,0
8785,66,1
8786,101,1
8787,80,0
8788,119,1
8789,38,1
8790,188,1
8791,37,1
8792,120,1
8793,93,1
8794,19,0
8795,90,1
8796,94,1
8797,77,0
8798,21,1
8799,59,1
8800,92,1
8801,65,1
8802,100,1
8803,69,0
8804,133,1
8805,36,0
8806,105,1
8807,114,1
8808,136,1
8809,38,0
8810,134,1
8811,135,1
8812,25,0
8813,85,0
8814,24,0
8815,28,0
8816,32,0
8817,24,1
8818,69,0
8819,42,1
8820,50,0
8821,105,1
8822,200,0
8823,99,0
8824,117,1
8825,43,0
8826,50,0
8827,93,1
8828,113,1
8829,46,1
8830,97,0
8831,38,0
8832,65,1
8833,69,1
8834,45,1
8835,181,1
8836,76,1
8837,18,0
8838,46,1
8839,61,0
8840,32,0
8841,15,0
8842,37,1
8843,154,1
8844,64,1
8845,48,0
8846,72,1
8847,51,0
8848,81,1
8849,63,1
8850,55,1
8851,36,1
8852,67,1
8853,34,1
8854,48,1
8855,34,1
8856,119,1
8857,24,0
8858,54,0
8859,47,1
8860,10,0
8861,63,1
8862,34,0
8863,69,1
8864,85,1
8865,200,0
8866,50,1
8867,37,1
8868,95,1
8869,110,1
8870,99,1
8871,119,1
8872,67,1
8873,23,0
8874,80,1
8875,34,0
8876,37,1
8877,58,1
8878,54,1
8879,31,0
8880,64,1
8881,54,0
8882,69,0
8883,25,0
8884,126,1
8885,80,0
8886,86,0
8887,113,1
8888,21,0
8889,28,1
8890,135,1
8891,141,1
8892,38,1
8893,63,0
8894,164,0
8895,24,0
8896,114,1
8897,53,0
8898,133,1
8899,112,1
8900,59,0
8901,110,1
8902,18,0
8903,56,0
8904,34,0
8905,55,0
8906,39,1
8907,40,0
8908,93,1
8909,29,0
8910,124,1
8911,200,0
8912,44,0
8913,58,1
8914,37,0
8915,73,1
8916,46,0
8917,36,0
8918,68,1
8919,124,1
8920,102,1
8921,70,1
8922,150,0
8923,171,1
8924,85,0
8925,126,1
8926,37,1
8927,67,1
8928,26,0
8929,78,1
8930,12,0
8931,173,0
8932,150,1
8933,55,1
8934,12,0
8935,54,1
8936,79,1
8937,45,1
8938,53,1
8939,123,1
8940,47,0
8941,110,1
8942,65,1
8943,17,0
8944,129,1
8945,146,1
8946,47,1
8947,18,0
8948,91,1
8949,179,1
8950,147,1
8951,41,1
8952,97,0
8953,59,0
8954,41,1
8955,27,0
8956,44,0
8957,75,1
8958,58,1
8959,144,1
8960,150,1
8961,109,1
8962,32,0
8963,71,0
8964,61,0
8965,33,1
8966,40,0
8967,27,1
8968,102,1
8969,68,1
8970,15,0
8971,143,1
8972,46,0
8973,35,1
8974,56,1
8975,79,0
8976,200,0
8977,70,1
8978,50,1
8979,29,0
8980,66,1
8981,16,0
8982,43,0
8983,17,0
8984,18,0
8985,76,1
8986,51,1
8987,177,1
8988,126,1
8989,44,0
8990,70,1
8991,64,0
8992,59,1
8993,22,0
8994,22,0
8995,19,0
8996,37,0
8997,33,1
8998,30,0
8999,59,1
9000,121,1
9001,67,1
9002,73,1
9003,51,0
9004,34,1
9005,47,0
9006,83,0
9007,43,0
9008,30,1
9009,89,1
9010,20,1
9011,55,0
9012,16,0
9013,82,0
9014,56,1
9015,97,1
9016,52,1
9017,99,1
9018,28,0
9019,77,1
9020,59,1
9021,92,1
9022,21,0
9023,34,0
9024,119,1
9025,74,1
9026,67,1
9027,97,0
9028,87,1
9029,51,1
9030,46,1
9031,94,1
9032,25,1
9033,107,1
9034,57,0
9035,31,0
9036,93,1
9037,15,0
9038,64,1
9039,65,1
9040,15,0
9041,31,0
9042,44,1
9043,111,1
9044,87,1
9045,42,0
9046,26,1
9047,30,0
9048,110,1
9049,114,1
9050,50,0
9051,35,1
9052,134,1
9053,122,1
9054,99,1
9055,23,0
9056,56,1
9057,26,0
9058,35,1
9059,43,1
9060,158,0
9061,37,0
9062,19,0
9063,139,1
9064,93,1
9065,42,0
9066,131,1
9067,56,1
9068,35,1
9069,31,0
9070,113,1
9071,45,0
9072,40,0
9073,45,0
9074,71,0
9075,42,0
9076,57,0
9077,35,1
9078,58,1
9079,120,1
9080,74,0
9081,63,1
9082,17,0
9083,90,1
9084,147,1
9085,104,1
9086,40,0
9087,77,1
9088,124,1
9089,56,1
9090,35,1
9091,89,1
9092,82,1
9093,125,1
9094,22,1
9095,100,0
9096,52,1
9097,186,1
9098,90,1
9099,83,1
9100,97,1
9101,71,1
9102,77,1
9103,36,0
9104,113,0
9105,22,0
9106,30,0
9107,131,1
9108,27,0
9109,67,1
9110,22,0
9111,191,0
9112,43,1
9113,35,1
9114,49,1
9115,102,0
9116,84,1
9117,100,1
9118,72,1
9119,88,1
9120,102,0
9121,40,1
9122,51,0
9123,84,1
9124,94,0
9125,34,0
9126,58,1
9127,45,1
9128,36,1
9129,200,0
9130,95,0
9131,41,1
9132,132,0
9133,23,0
9134,50,1
9135,95,0
9136,78,1
9137,55,1
9138,120,1
9139,107,1
9140,32,1
9141,76,1
9142,78,1
9143,65,1
9144,111,1
9145,52,1
9146,32,0
9147,61,1
9148,66,1
9149,75,1
9150,91,1
9151,42,0
9152,23,0
9153,61,1
9154,77,1
9155,48,1
9156,138,0
9157,36,1
9158,52,1
9159,54,1
9160,46,1
9161,78,1
9162,25,0
9163,134,1
9164,117,1
9165,114,0
9166,95,1
9167,100,1
9168,138,1
9169,124,0
9170,79,1
9171,62,0
9172,143,1
9173,38,0
9174,75,1
9175,91,1
9176,41,1
9177,39,1
9178,85,1
9179,55,1
9180,35,1
9181,103,0
9182,176,1
9183,28,1
9184,29,0
9185,76,1
9186,69,1
9187,35,0
9188,68,0
9189,36,0
9190,112,1
9191,84,1
9192,34,0
9193,62,1
9194,38,1
9195,58,1
9196,50,1
9197,48,1
9198,18,0
9199,45,1
9200,171,0
9201,75,1
9202,65,1
9203,51,1
9204,47,0
9205,124,1
9206,44,1
9207,29,1
9208,182,1
9209,200,0
9210,73,1
9211,120,1
9212,78,1
9213,23,0
9214,141,1
9215,200,0
9216,47,0
9217,68,0
9218,47,1
9219,72,1
9220,35,0
9221,17,0
9222,17,0
9223,58,1
9224,78,1
9225,61,1
9226,22,0
9227,117,0
9228,29,1
9229,77,1
9230,43,1
9231,64,0
9232,29,0
9233,52,1
9234,12,0
9235,49,1
9236,65,1
9237,48,1
9238,18,1
9239,99,0
9240,107,1
9241,39,0
9242,62,1
9243,54,0
9244,64,1
9245,27,0
9246,44,0
9247,13,0
9248,64,1
9249,36,0
9250,47,0
9251,55,0
9252,52,1
9253,182,1
9254,83,1
9255,91,1
9256,29,1
9257,72,1
9258,22,0
9259,168,1
9260,84,0
9261,36,1
9262,40,1
9263,41,0
9264,64,1
9265,96,0
9266,64,1
9267,25,0
9268,9,0
9269,13,0
9270,32,1
9271,40,1
9272,96,1
9273,56,1
9274,27,0
9275,35,0
9276,121,1
9277,88,1
9278,18,0
9279,84,1
9280,117,1
9281,72,1
9282,162,1
9283,105,1
9284,44,0
9285,27,0
9286,25,1
9287,117,1
9288,101,1
9289,88,0
9290,34,1
9291,155,1
9292,98,0
9293,59,0
9294,65,1
9295,40,1
9296,127,1
9297,46,0
9298,22,0
9299,71,1
9300,59,1
9301,100,1
9302,49,0
9303,70,1
9304,47,1
9305,94,1
9306,111,1
9307,79,1
9308,125,1
9309,61,1
9310,17,0
9311,59,1
9312,64,1
9313,156,1
9314,77,1
9315,54,1
9316,61,1
9317,37,1
9318,76,1
9319,46,0
9320,54,0
9321,66,1
9322,91,0
9323,53,1
9324,23,0
9325,63,0
9326,200,0
9327,103,1
9328,102,1
9329,39,1
9330,60,1
9331,80,1
9332,65,0
9333,77,0
9334,34,1
9335,57,0
9336,60,1
9337,44,0
9338,34,1
9339,99,1
9340,171,0
9341,69,1
9342,49,1
9343,52,1
9344,59,1
9345,20,0
9346,94,1
9347,47,0
9348,57,0
9349,83,1
9350,50,1
9351,22,0
9352,81,1
9353,64,1
9354,45,1
9355,93,1
9356,67,1
9357,68,0
9358,143,1
9359,19,0
9360,68,1
9361,73,0
9362,53,0
9363,44,0
9364,64,1
9365,46,0
9366,60,1
9367,65,1
9368,30,1
9369,57,0
9370,165,0
9371,60,1
9372,46,0
9373,182,1
9374,27,0
9375,132,0
9376,126,1
9377,77,1
9378,52,1
9379,16,0
9380,36,0
9381,45,1
9382,36,1
9383,55,0
9384,89,1
9385,60,0
9386,44,1
9387,34,1
9388,13,0
9389,78,1
9390,89,1
9391,81,1
9392,27,1
9393,41,1
9394,93,1
9395,86,1
9396,200,0
9397,58,1
9398,49,1
9399,71,1
9400,20,0
9401,37,0
9402,42,1
9403,74,1
9404,23,0
9405,59,1
9406,44,1
9407,75,1
9408,67,1
9409,73,1
9410,170,1
9411,103,1
9412,63,1
9413,69,1
9414,28,1
9415,184,1
9416,46,1
9417,92,0
9418,115,1
9419,69,1
9420,41,1
9421,118,1
9422,177,1
9423,63,1
9424,41,0
9425,93,1
9426,126,1
9427,42,1
9428,16,0
9429,75,1
9430,119,1
9431,77,1
9432,37,1
9433,156,1
9434,39,0
9435,200,0
9436,131,1
9437,40,0
9438,31,0
9439,49,1
9440,32,1
9441,156,0
9442,26,0
9443,113,1
9444,81,1
9445,200,0
9446,36,1
9447,60,0
9448,26,0
9449,77,0
9450,61,0
9451,47,1
9452,47,1
9453,50,1
9454,144,0
9455,77,1
9456,67,1
9457,48,1
9458,44,0
9459,38,1
9460,81,0
9461,44,1
9462,87,0
9463,74,1
9464,30,1
9465,54,1
9466,55,1
9467,62,1
9468,53,0
9469,67,1
9470,89,1
9471,86,1
9472,86,1
9473,52,1
9474,47,1
9475,154,1
9476,69,1
9477,55,1
9478,66,1
9479,123,1
9480,61,0
9481,92,0
9482,200,0
9483,110,1
9484,30,0
9485,120,0
9486,49,1
9487,132,1
9488,52,1
9489,200,0
9490,44,1
9491,22,1
9492,78,1
9493,14,0
9494,63,1
9495,93,1
9496,12,0
9497,56,0
9498,103,1
9499,77,1
9500,168,1
9501,111,1
9502,127,1
9503,63,0
9504,82,1
9505,200,0
9506,53,1
9507,200,0
9508,155,1
9509,26,0
9510,15,0
9511,13,0
9512,156,1
9513,79,1
9514,67,1
9515,124,1
9516,132,1
9517,82,1
9518,151,0
9519,189,1
9520,85,1
9521,94,1
9522,126,1
9523,109,1
9524,26,0
9525,63,1
9526,77,1
9527,66,1
9528,38,0
9529,93,1
9530,50,0
9531,23,0
9532,44,0
9533,21,0
9534,54,1
9535,50,1
9536,57,0
9537,93,0
9538,15,0
9539,64,0
9540,65,0
9541,45,0
9542,50,1
9543,136,1
9544,88,1
9545,77,1
9546,86,1
9547,12,0
9548,77,0
9549,66,0
9550,84,0
9551,32,0
9552,125,1
9553,64,1
9554,153,0
9555,75,1
9556,63,1
9557,54,1
9558,18,0
9559,92,1
9560,128,1
9561,90,1
9562,91,1
9563,106,1
9564,77,1
9565,32,0
9566,137,1
9567,31,0
9568,92,0
9569,36,1
9570,40,1
9571,54,0
9572,26,0
9573,13,0
9574,72,1
9575,35,0
9576,26,1
9577,78,1
9578,40,0
9579,36,0
9580,81,1
9581,62,1
9582,27,0
9583,81,0
9584,43,0
9585,94,1
9586,21,0
9587,82,0
9588,124,1
9589,182,1
9590,9,0
9591,139,0
9592,91,1
9593,49,1
9594,91,1
9595,62,1
9596,49,0
9597,43,1
9598,91,1
9599,33,0
9600,40,1
9601,13,0
9602,34,1
9603,12,0
9604,184,1
9605,20,0
9606,28,1
9607,70,1
9608,78,1
9609,55,1
9610,117,0
9611,24,0
9612,68,1
9613,147,1
9614,135,1
9615,20,0
9616,50,0
9617,158,1
9618,113,1
9619,23,0
9620,40,1
9621,73,1
9622,33,1
9623,104,0
9624,91,1
9625,123,1
9626,16,0
9627,123,1
9628,148,1
9629,66,1
9630,53,1
9631,73,1
9632,200,0
9633,63,1
9634,139,1
9635,36,1
9636,29,1
9637,61,0
9638,200,0
9639,74,1
9640,127,1
9641,56,1
9642,23,0
9643,46,1
9644,71,1
9645,50,1
9646,35,1
9647,146,1
9648,200,0
9649,31,0
9650,37,1
9651,41,1
9652,13,0
9653,139,1
9654,55,1
9655,45,1
9656,78,1
9657,78,1
9658,102,1
9659,52,0
9660,78,1
9661,70,0
9662,88,0
9663,43,1
9664,43,0
9665,22,0
9666,24,0
9667,133,1
9668,30,1
9669,42,1
9670,200,0
9671,39,0
9672,40,1
9673,50,1
9674,200,0
9675,57,1
9676,53,0
9677,74,0
9678,170,1
9679,13,0
9680,68,0
9681,54,1
9682,51,1
9683,16,0
9684,89,0
9685,119,0
9686,59,1
9687,73,1
9688,41,1
9689,89,1
9690,115,0
9691,26,0
9692,30,1
9693,81,1
9694,12,0
9695,72,0
9696,96,0
9697,47,0
9698,61,0
9699,48,1
9700,27,0
9701,66,1
9702,97,1
9703,144,0
9704,55,1
9705,61,1
9706,123,1
9707,86,1
9708,9,0
9709,49,1
9710,12,0
9711,48,0
9712,87,1
9713,45,1
9714,47,1
9715,108,1
9716,13,0
9717,39,0
9718,110,1
9719,67,1
9720,108,1
9721,39,1
9722,21,0
9723,136,1
9724,131,1
9725,71,1
9726,53,1
9727,48,0
9728,31,0
9729,124,0
9730,85,1
9731,45,1
9732,71,0
9733,176,1
9734,83,1
9735,114,1
9736,69,1
9737,126,0
9738,111,1
9739,80,1
9740,112,1
9741,62,1
9742,69,1
9743,73,1
9744,46,1
9745,48,1
9746,151,1
9747,31,0
9748,23,0
9749,100,1
9750,137,1
9751,113,0
9752,31,0
9753,21,0
9754,29,1
9755,200,0
9756,41,0
9757,99,0
9758,92,1
9759,43,1
9760,20,0
9761,43,1
9762,54,1
9763,78,1
9764,118,1
9765,104,1
9766,51,1
9767,59,0
9768,25,1
9769,122,0
9770,27,1
9771,55,1
9772,117,1
9773,39,0
9774,103,1
9775,30,1
9776,21,0
9777,74,1
9778,59,0
9779,118,1
9780,62,1
9781,97,1
9782,15,0
9783,118,1
9784,78,1
9785,33,1
9786,97,0
9787,30,1
9788,126,1
9789,49,1
9790,27,0
9791,163,1
9792,29,1
9793,28,1
9794,176,1
9795,66,1
9796,95,1
9797,28,0
9798,22,0
9799,41,0
9800,126,1
9801,60,1
9802,114,1
9803,59,0
9804,26,0
9805,200,0
9806,82,1
9807,57,1
9808,27,0
9809,108,1
9810,200,0
9811,67,1
9812,79,0
9813,68,1
9814,74,1
9815,52,1
9816,27,0
9817,71,1
9818,63,1
9819,71,1
9820,50,0
9821,98,1
9822,30,0
9823,71,0
9824,54,0
9825,92,1
9826,30,0
9827,85,1
9828,77,1
9829,54,1
9830,39,1
9831,62,1
9832,200,0
9833,19,0
9834,137,0
9835,24,0
9836,115,1
9837,49,1
9838,89,1
9839,48,1
9840,40,0
9841,67,1
9842,95,1
9843,40,1
9844,89,1
9845,50,0
9846,59,0
9847,62,1
9848,96,0
9849,49,1
9850,68,1
9851,116,0
9852,46,1
9853,71,1
9854,56,1
9855,108,1
9856,140,1
9857,83,1
9858,11,0
9859,70,1
9860,27,1
9861,75,1
9862,119,1
9863,95,1
9864,48,1
9865,132,1
9866,34,0
9867,29,0
9868,107,1
9869,79,1
9870,38,1
9871,57,0
9872,129,1
9873,18,0
9874,68,1
9875,165,1
9876,120,1
9877,75,1
9878,81,0
9879,61,1
9880,51,1
9881,92,1
9882,43,0
9883,14,0
9884,34,0
9885,73,1
9886,47,1
9887,75,1
9888,67,0
9889,86,1
9890,53,1
9891,64,1
9892,58,0
9893,80,1
9894,120,0
9895,10,0
9896,107,0
9897,200,0
9898,10,0
9899,46,1
9900,129,1
9901,56,1
9902,61,1
9903,162,1
9904,62,1
9905,16,0
9906,76,1
9907,79,1
9908,30,0
9909,51,0
9910,9,0
9911,23,0
9912,87,1
9913,50,1
9914,39,1
9915,40,1
9916,32,1
9917,68,0
9918,40,1
9919,48,1
9920,99,1
9921,35,1
9922,54,1
9923,20,0
9924,21,0
9925,91,1
9926,19,0
9927,92,1
9928,107,0
9929,31,0
9930,126,1
9931,133,1
9932,61,1
9933,77,0
9934,131,1
9935,67,1
9936,49,1
9937,13,0
9938,124,1
9939,144,1
9940,66,1
9941,103,1
9942,59,1
9943,157,1
9944,34,1
9945,28,0
9946,30,0
9947,73,1
9948,72,1
9949,90,1
9950,31,0
9951,197,1
9952,24,0
9953,22,0
9954,77,0
9955,41,1
9956,30,1
9957,55,1
9958,40,0
9959,111,0
9960,133,1
9961,54,1
9962,86,1
9963,20,0
9964,19,0
9965,54,0
9966,19,0
9967,89,1
9968,54,1
9969,16,0
9970,8,0
9971,56,1
9972,74,0
9973,179,1
9974,19,0
9975,28,0
9976,80,1
9977,79,0
9978,64,0
9979,45,0
9980,36,1
9981,60,1
9982,72,1
9983,176,0
9984,100,1
9985,39,1
9986,45,1
9987,31,1
9988,14,0
9989,42,0
9990,63,1
9991,118,1
9992,37,1
9993,59,1
9994,144,0
9995,43,1
9996,30,1
9997,75,0
9998,120,1
9999,57,1
