{"op_code":0,"worker_id":"7b0c5c8a-cc3c-48e1-9e36-68fd0d1ac08f-8380980864","study_name":"UCT_RBQL_Multi_Objective","directions":[2,1]}
{"op_code":4,"worker_id":"7b0c5c8a-cc3c-48e1-9e36-68fd0d1ac08f-6108327936","study_id":0,"datetime_start":"2026-05-18T20:39:48.645228"}
{"op_code":4,"worker_id":"7b0c5c8a-cc3c-48e1-9e36-68fd0d1ac08f-6293417984","study_id":0,"datetime_start":"2026-05-18T20:39:48.653697"}
{"op_code":4,"worker_id":"7b0c5c8a-cc3c-48e1-9e36-68fd0d1ac08f-6141980672","study_id":0,"datetime_start":"2026-05-18T20:39:48.653354"}
{"op_code":4,"worker_id":"7b0c5c8a-cc3c-48e1-9e36-68fd0d1ac08f-6125154304","study_id":0,"datetime_start":"2026-05-18T20:39:48.653399"}
{"op_code":4,"worker_id":"7b0c5c8a-cc3c-48e1-9e36-68fd0d1ac08f-6158807040","study_id":0,"datetime_start":"2026-05-18T20:39:48.653454"}
{"op_code":4,"worker_id":"7b0c5c8a-cc3c-48e1-9e36-68fd0d1ac08f-6175633408","study_id":0,"datetime_start":"2026-05-18T20:39:48.653492"}
{"op_code":4,"worker_id":"7b0c5c8a-cc3c-48e1-9e36-68fd0d1ac08f-6192459776","study_id":0,"datetime_start":"2026-05-18T20:39:48.653522"}
{"op_code":4,"worker_id":"7b0c5c8a-cc3c-48e1-9e36-68fd0d1ac08f-6209286144","study_id":0,"datetime_start":"2026-05-18T20:39:48.653551"}
{"op_code":4,"worker_id":"7b0c5c8a-cc3c-48e1-9e36-68fd0d1ac08f-6226112512","study_id":0,"datetime_start":"2026-05-18T20:39:48.653578"}
{"op_code":4,"worker_id":"7b0c5c8a-cc3c-48e1-9e36-68fd0d1ac08f-6242938880","study_id":0,"datetime_start":"2026-05-18T20:39:48.653606"}
{"op_code":4,"worker_id":"7b0c5c8a-cc3c-48e1-9e36-68fd0d1ac08f-6259765248","study_id":0,"datetime_start":"2026-05-18T20:39:48.653638"}
{"op_code":4,"worker_id":"7b0c5c8a-cc3c-48e1-9e36-68fd0d1ac08f-6276591616","study_id":0,"datetime_start":"2026-05-18T20:39:48.653665"}
{"op_code":9,"worker_id":"7b0c5c8a-cc3c-48e1-9e36-68fd0d1ac08f-6259765248","trial_id":10,"system_attr":{"NSGAIISampler:generation":0}}
{"op_code":9,"worker_id":"7b0c5c8a-cc3c-48e1-9e36-68fd0d1ac08f-6293417984","trial_id":1,"system_attr":{"NSGAIISampler:generation":0}}
{"op_code":5,"worker_id":"7b0c5c8a-cc3c-48e1-9e36-68fd0d1ac08f-6259765248","trial_id":10,"param_name":"exploration_constant_c","param_value_internal":0.04361035051160424,"distribution":"{\"name\": \"FloatDistribution\", \"attributes\": {\"step\": null, \"low\": 0.01, \"high\": 1.0, \"log\": true}}"}
{"op_code":5,"worker_id":"7b0c5c8a-cc3c-48e1-9e36-68fd0d1ac08f-6293417984","trial_id":1,"param_name":"exploration_constant_c","param_value_internal":0.3501347109369972,"distribution":"{\"name\": \"FloatDistribution\", \"attributes\": {\"step\": null, \"low\": 0.01, \"high\": 1.0, \"log\": true}}"}
{"op_code":9,"worker_id":"7b0c5c8a-cc3c-48e1-9e36-68fd0d1ac08f-6125154304","trial_id":3,"system_attr":{"NSGAIISampler:generation":0}}
{"op_code":9,"worker_id":"7b0c5c8a-cc3c-48e1-9e36-68fd0d1ac08f-6158807040","trial_id":4,"system_attr":{"NSGAIISampler:generation":0}}
{"op_code":9,"worker_id":"7b0c5c8a-cc3c-48e1-9e36-68fd0d1ac08f-6175633408","trial_id":5,"system_attr":{"NSGAIISampler:generation":0}}
{"op_code":9,"worker_id":"7b0c5c8a-cc3c-48e1-9e36-68fd0d1ac08f-6192459776","trial_id":6,"system_attr":{"NSGAIISampler:generation":0}}
{"op_code":9,"worker_id":"7b0c5c8a-cc3c-48e1-9e36-68fd0d1ac08f-6209286144","trial_id":7,"system_attr":{"NSGAIISampler:generation":0}}
{"op_code":9,"worker_id":"7b0c5c8a-cc3c-48e1-9e36-68fd0d1ac08f-6226112512","trial_id":8,"system_attr":{"NSGAIISampler:generation":0}}
{"op_code":9,"worker_id":"7b0c5c8a-cc3c-48e1-9e36-68fd0d1ac08f-6242938880","trial_id":9,"system_attr":{"NSGAIISampler:generation":0}}
{"op_code":9,"worker_id":"7b0c5c8a-cc3c-48e1-9e36-68fd0d1ac08f-6108327936","trial_id":0,"system_attr":{"NSGAIISampler:generation":0}}
{"op_code":5,"worker_id":"7b0c5c8a-cc3c-48e1-9e36-68fd0d1ac08f-6259765248","trial_id":10,"param_name":"discount_rate","param_value_internal":0.9179265148391321,"distribution":"{\"name\": \"FloatDistribution\", \"attributes\": {\"step\": null, \"low\": 0.9, \"high\": 0.999, \"log\": false}}"}
{"op_code":9,"worker_id":"7b0c5c8a-cc3c-48e1-9e36-68fd0d1ac08f-6141980672","trial_id":2,"system_attr":{"NSGAIISampler:generation":0}}
{"op_code":5,"worker_id":"7b0c5c8a-cc3c-48e1-9e36-68fd0d1ac08f-6293417984","trial_id":1,"param_name":"discount_rate","param_value_internal":0.9944354846232428,"distribution":"{\"name\": \"FloatDistribution\", \"attributes\": {\"step\": null, \"low\": 0.9, \"high\": 0.999, \"log\": false}}"}
{"op_code":5,"worker_id":"7b0c5c8a-cc3c-48e1-9e36-68fd0d1ac08f-6125154304","trial_id":3,"param_name":"exploration_constant_c","param_value_internal":0.3322383809568524,"distribution":"{\"name\": \"FloatDistribution\", \"attributes\": {\"step\": null, \"low\": 0.01, \"high\": 1.0, \"log\": true}}"}
{"op_code":5,"worker_id":"7b0c5c8a-cc3c-48e1-9e36-68fd0d1ac08f-6158807040","trial_id":4,"param_name":"exploration_constant_c","param_value_internal":0.019330895610809622,"distribution":"{\"name\": \"FloatDistribution\", \"attributes\": {\"step\": null, \"low\": 0.01, \"high\": 1.0, \"log\": true}}"}
{"op_code":5,"worker_id":"7b0c5c8a-cc3c-48e1-9e36-68fd0d1ac08f-6175633408","trial_id":5,"param_name":"exploration_constant_c","param_value_internal":0.5877737341247395,"distribution":"{\"name\": \"FloatDistribution\", \"attributes\": {\"step\": null, \"low\": 0.01, \"high\": 1.0, \"log\": true}}"}
{"op_code":5,"worker_id":"7b0c5c8a-cc3c-48e1-9e36-68fd0d1ac08f-6192459776","trial_id":6,"param_name":"exploration_constant_c","param_value_internal":0.5184059785606024,"distribution":"{\"name\": \"FloatDistribution\", \"attributes\": {\"step\": null, \"low\": 0.01, \"high\": 1.0, \"log\": true}}"}
{"op_code":5,"worker_id":"7b0c5c8a-cc3c-48e1-9e36-68fd0d1ac08f-6209286144","trial_id":7,"param_name":"exploration_constant_c","param_value_internal":0.02993525070656756,"distribution":"{\"name\": \"FloatDistribution\", \"attributes\": {\"step\": null, \"low\": 0.01, \"high\": 1.0, \"log\": true}}"}
{"op_code":5,"worker_id":"7b0c5c8a-cc3c-48e1-9e36-68fd0d1ac08f-6226112512","trial_id":8,"param_name":"exploration_constant_c","param_value_internal":0.21668124173915174,"distribution":"{\"name\": \"FloatDistribution\", \"attributes\": {\"step\": null, \"low\": 0.01, \"high\": 1.0, \"log\": true}}"}
{"op_code":5,"worker_id":"7b0c5c8a-cc3c-48e1-9e36-68fd0d1ac08f-6242938880","trial_id":9,"param_name":"exploration_constant_c","param_value_internal":0.15743375339212337,"distribution":"{\"name\": \"FloatDistribution\", \"attributes\": {\"step\": null, \"low\": 0.01, \"high\": 1.0, \"log\": true}}"}
{"op_code":9,"worker_id":"7b0c5c8a-cc3c-48e1-9e36-68fd0d1ac08f-6276591616","trial_id":11,"system_attr":{"NSGAIISampler:generation":0}}
{"op_code":5,"worker_id":"7b0c5c8a-cc3c-48e1-9e36-68fd0d1ac08f-6108327936","trial_id":0,"param_name":"exploration_constant_c","param_value_internal":0.48211353793244616,"distribution":"{\"name\": \"FloatDistribution\", \"attributes\": {\"step\": null, \"low\": 0.01, \"high\": 1.0, \"log\": true}}"}
{"op_code":5,"worker_id":"7b0c5c8a-cc3c-48e1-9e36-68fd0d1ac08f-6141980672","trial_id":2,"param_name":"exploration_constant_c","param_value_internal":0.28443047590455434,"distribution":"{\"name\": \"FloatDistribution\", \"attributes\": {\"step\": null, \"low\": 0.01, \"high\": 1.0, \"log\": true}}"}
{"op_code":5,"worker_id":"7b0c5c8a-cc3c-48e1-9e36-68fd0d1ac08f-6125154304","trial_id":3,"param_name":"discount_rate","param_value_internal":0.9009914703400838,"distribution":"{\"name\": \"FloatDistribution\", \"attributes\": {\"step\": null, \"low\": 0.9, \"high\": 0.999, \"log\": false}}"}
{"op_code":5,"worker_id":"7b0c5c8a-cc3c-48e1-9e36-68fd0d1ac08f-6158807040","trial_id":4,"param_name":"discount_rate","param_value_internal":0.9737530734425223,"distribution":"{\"name\": \"FloatDistribution\", \"attributes\": {\"step\": null, \"low\": 0.9, \"high\": 0.999, \"log\": false}}"}
{"op_code":5,"worker_id":"7b0c5c8a-cc3c-48e1-9e36-68fd0d1ac08f-6175633408","trial_id":5,"param_name":"discount_rate","param_value_internal":0.949375433872276,"distribution":"{\"name\": \"FloatDistribution\", \"attributes\": {\"step\": null, \"low\": 0.9, \"high\": 0.999, \"log\": false}}"}
{"op_code":5,"worker_id":"7b0c5c8a-cc3c-48e1-9e36-68fd0d1ac08f-6192459776","trial_id":6,"param_name":"discount_rate","param_value_internal":0.9969395151062214,"distribution":"{\"name\": \"FloatDistribution\", \"attributes\": {\"step\": null, \"low\": 0.9, \"high\": 0.999, \"log\": false}}"}
{"op_code":5,"worker_id":"7b0c5c8a-cc3c-48e1-9e36-68fd0d1ac08f-6209286144","trial_id":7,"param_name":"discount_rate","param_value_internal":0.9719416292314537,"distribution":"{\"name\": \"FloatDistribution\", \"attributes\": {\"step\": null, \"low\": 0.9, \"high\": 0.999, \"log\": false}}"}
{"op_code":5,"worker_id":"7b0c5c8a-cc3c-48e1-9e36-68fd0d1ac08f-6226112512","trial_id":8,"param_name":"discount_rate","param_value_internal":0.9504291528448924,"distribution":"{\"name\": \"FloatDistribution\", \"attributes\": {\"step\": null, \"low\": 0.9, \"high\": 0.999, \"log\": false}}"}
{"op_code":5,"worker_id":"7b0c5c8a-cc3c-48e1-9e36-68fd0d1ac08f-6242938880","trial_id":9,"param_name":"discount_rate","param_value_internal":0.9926714709783417,"distribution":"{\"name\": \"FloatDistribution\", \"attributes\": {\"step\": null, \"low\": 0.9, \"high\": 0.999, \"log\": false}}"}
{"op_code":5,"worker_id":"7b0c5c8a-cc3c-48e1-9e36-68fd0d1ac08f-6276591616","trial_id":11,"param_name":"exploration_constant_c","param_value_internal":0.15351895133626164,"distribution":"{\"name\": \"FloatDistribution\", \"attributes\": {\"step\": null, \"low\": 0.01, \"high\": 1.0, \"log\": true}}"}
{"op_code":5,"worker_id":"7b0c5c8a-cc3c-48e1-9e36-68fd0d1ac08f-6108327936","trial_id":0,"param_name":"discount_rate","param_value_internal":0.9120309143239619,"distribution":"{\"name\": \"FloatDistribution\", \"attributes\": {\"step\": null, \"low\": 0.9, \"high\": 0.999, \"log\": false}}"}
{"op_code":5,"worker_id":"7b0c5c8a-cc3c-48e1-9e36-68fd0d1ac08f-6141980672","trial_id":2,"param_name":"discount_rate","param_value_internal":0.9251574519662161,"distribution":"{\"name\": \"FloatDistribution\", \"attributes\": {\"step\": null, \"low\": 0.9, \"high\": 0.999, \"log\": false}}"}
{"op_code":5,"worker_id":"7b0c5c8a-cc3c-48e1-9e36-68fd0d1ac08f-6276591616","trial_id":11,"param_name":"discount_rate","param_value_internal":0.9095798011906816,"distribution":"{\"name\": \"FloatDistribution\", \"attributes\": {\"step\": null, \"low\": 0.9, \"high\": 0.999, \"log\": false}}"}
{"op_code":6,"worker_id":"7b0c5c8a-cc3c-48e1-9e36-68fd0d1ac08f-6259765248","trial_id":10,"state":1,"values":[0.4607,1460.3333],"datetime_complete":"2026-05-18T20:53:43.527819"}
{"op_code":4,"worker_id":"7b0c5c8a-cc3c-48e1-9e36-68fd0d1ac08f-6259765248","study_id":0,"datetime_start":"2026-05-18T20:53:51.409600"}
{"op_code":9,"worker_id":"7b0c5c8a-cc3c-48e1-9e36-68fd0d1ac08f-6259765248","trial_id":12,"system_attr":{"NSGAIISampler:generation":0}}
{"op_code":5,"worker_id":"7b0c5c8a-cc3c-48e1-9e36-68fd0d1ac08f-6259765248","trial_id":12,"param_name":"exploration_constant_c","param_value_internal":0.6996204989825671,"distribution":"{\"name\": \"FloatDistribution\", \"attributes\": {\"step\": null, \"low\": 0.01, \"high\": 1.0, \"log\": true}}"}
{"op_code":5,"worker_id":"7b0c5c8a-cc3c-48e1-9e36-68fd0d1ac08f-6259765248","trial_id":12,"param_name":"discount_rate","param_value_internal":0.9184963912535564,"distribution":"{\"name\": \"FloatDistribution\", \"attributes\": {\"step\": null, \"low\": 0.9, \"high\": 0.999, \"log\": false}}"}
{"op_code":6,"worker_id":"7b0c5c8a-cc3c-48e1-9e36-68fd0d1ac08f-6293417984","trial_id":1,"state":1,"values":[0.6807,1442.0],"datetime_complete":"2026-05-18T20:56:06.088539"}
{"op_code":4,"worker_id":"7b0c5c8a-cc3c-48e1-9e36-68fd0d1ac08f-6293417984","study_id":0,"datetime_start":"2026-05-18T20:56:29.337774"}
{"op_code":9,"worker_id":"7b0c5c8a-cc3c-48e1-9e36-68fd0d1ac08f-6293417984","trial_id":13,"system_attr":{"NSGAIISampler:generation":0}}
{"op_code":5,"worker_id":"7b0c5c8a-cc3c-48e1-9e36-68fd0d1ac08f-6293417984","trial_id":13,"param_name":"exploration_constant_c","param_value_internal":0.041613852183383516,"distribution":"{\"name\": \"FloatDistribution\", \"attributes\": {\"step\": null, \"low\": 0.01, \"high\": 1.0, \"log\": true}}"}
{"op_code":5,"worker_id":"7b0c5c8a-cc3c-48e1-9e36-68fd0d1ac08f-6293417984","trial_id":13,"param_name":"discount_rate","param_value_internal":0.976199370820431,"distribution":"{\"name\": \"FloatDistribution\", \"attributes\": {\"step\": null, \"low\": 0.9, \"high\": 0.999, \"log\": false}}"}
{"op_code":6,"worker_id":"7b0c5c8a-cc3c-48e1-9e36-68fd0d1ac08f-6226112512","trial_id":8,"state":1,"values":[0.6453,1503.3333],"datetime_complete":"2026-05-18T20:57:29.434191"}
{"op_code":4,"worker_id":"7b0c5c8a-cc3c-48e1-9e36-68fd0d1ac08f-6226112512","study_id":0,"datetime_start":"2026-05-18T20:57:46.215371"}
{"op_code":9,"worker_id":"7b0c5c8a-cc3c-48e1-9e36-68fd0d1ac08f-6226112512","trial_id":14,"system_attr":{"NSGAIISampler:generation":0}}
{"op_code":5,"worker_id":"7b0c5c8a-cc3c-48e1-9e36-68fd0d1ac08f-6226112512","trial_id":14,"param_name":"exploration_constant_c","param_value_internal":0.23936330151181712,"distribution":"{\"name\": \"FloatDistribution\", \"attributes\": {\"step\": null, \"low\": 0.01, \"high\": 1.0, \"log\": true}}"}
{"op_code":5,"worker_id":"7b0c5c8a-cc3c-48e1-9e36-68fd0d1ac08f-6226112512","trial_id":14,"param_name":"discount_rate","param_value_internal":0.9706603552889911,"distribution":"{\"name\": \"FloatDistribution\", \"attributes\": {\"step\": null, \"low\": 0.9, \"high\": 0.999, \"log\": false}}"}
{"op_code":6,"worker_id":"7b0c5c8a-cc3c-48e1-9e36-68fd0d1ac08f-6276591616","trial_id":11,"state":1,"values":[0.5107,1936.0],"datetime_complete":"2026-05-18T20:58:20.604552"}
{"op_code":4,"worker_id":"7b0c5c8a-cc3c-48e1-9e36-68fd0d1ac08f-6276591616","study_id":0,"datetime_start":"2026-05-18T20:58:33.999169"}
{"op_code":9,"worker_id":"7b0c5c8a-cc3c-48e1-9e36-68fd0d1ac08f-6276591616","trial_id":15,"system_attr":{"NSGAIISampler:generation":0}}
{"op_code":5,"worker_id":"7b0c5c8a-cc3c-48e1-9e36-68fd0d1ac08f-6276591616","trial_id":15,"param_name":"exploration_constant_c","param_value_internal":0.10509370538873236,"distribution":"{\"name\": \"FloatDistribution\", \"attributes\": {\"step\": null, \"low\": 0.01, \"high\": 1.0, \"log\": true}}"}
{"op_code":5,"worker_id":"7b0c5c8a-cc3c-48e1-9e36-68fd0d1ac08f-6276591616","trial_id":15,"param_name":"discount_rate","param_value_internal":0.969750618493812,"distribution":"{\"name\": \"FloatDistribution\", \"attributes\": {\"step\": null, \"low\": 0.9, \"high\": 0.999, \"log\": false}}"}
{"op_code":6,"worker_id":"7b0c5c8a-cc3c-48e1-9e36-68fd0d1ac08f-6192459776","trial_id":6,"state":1,"values":[0.5693,2000.0],"datetime_complete":"2026-05-18T21:00:30.572922"}
{"op_code":4,"worker_id":"7b0c5c8a-cc3c-48e1-9e36-68fd0d1ac08f-6192459776","study_id":0,"datetime_start":"2026-05-18T21:00:38.773289"}
{"op_code":6,"worker_id":"7b0c5c8a-cc3c-48e1-9e36-68fd0d1ac08f-6242938880","trial_id":9,"state":1,"values":[0.748,272.3333],"datetime_complete":"2026-05-18T21:00:56.768657"}
{"op_code":9,"worker_id":"7b0c5c8a-cc3c-48e1-9e36-68fd0d1ac08f-6192459776","trial_id":16,"system_attr":{"NSGAIISampler:generation":0}}
{"op_code":5,"worker_id":"7b0c5c8a-cc3c-48e1-9e36-68fd0d1ac08f-6192459776","trial_id":16,"param_name":"exploration_constant_c","param_value_internal":0.15427883664616945,"distribution":"{\"name\": \"FloatDistribution\", \"attributes\": {\"step\": null, \"low\": 0.01, \"high\": 1.0, \"log\": true}}"}
{"op_code":4,"worker_id":"7b0c5c8a-cc3c-48e1-9e36-68fd0d1ac08f-6242938880","study_id":0,"datetime_start":"2026-05-18T21:01:28.580786"}
{"op_code":5,"worker_id":"7b0c5c8a-cc3c-48e1-9e36-68fd0d1ac08f-6192459776","trial_id":16,"param_name":"discount_rate","param_value_internal":0.9418393470050338,"distribution":"{\"name\": \"FloatDistribution\", \"attributes\": {\"step\": null, \"low\": 0.9, \"high\": 0.999, \"log\": false}}"}
{"op_code":9,"worker_id":"7b0c5c8a-cc3c-48e1-9e36-68fd0d1ac08f-6242938880","trial_id":17,"system_attr":{"NSGAIISampler:generation":0}}
{"op_code":5,"worker_id":"7b0c5c8a-cc3c-48e1-9e36-68fd0d1ac08f-6242938880","trial_id":17,"param_name":"exploration_constant_c","param_value_internal":0.015436708464191883,"distribution":"{\"name\": \"FloatDistribution\", \"attributes\": {\"step\": null, \"low\": 0.01, \"high\": 1.0, \"log\": true}}"}
{"op_code":5,"worker_id":"7b0c5c8a-cc3c-48e1-9e36-68fd0d1ac08f-6242938880","trial_id":17,"param_name":"discount_rate","param_value_internal":0.9490169590755342,"distribution":"{\"name\": \"FloatDistribution\", \"attributes\": {\"step\": null, \"low\": 0.9, \"high\": 0.999, \"log\": false}}"}
{"op_code":6,"worker_id":"7b0c5c8a-cc3c-48e1-9e36-68fd0d1ac08f-6175633408","trial_id":5,"state":1,"values":[0.2467,2000.0],"datetime_complete":"2026-05-18T21:02:35.993564"}
{"op_code":4,"worker_id":"7b0c5c8a-cc3c-48e1-9e36-68fd0d1ac08f-6175633408","study_id":0,"datetime_start":"2026-05-18T21:02:42.225083"}
{"op_code":9,"worker_id":"7b0c5c8a-cc3c-48e1-9e36-68fd0d1ac08f-6175633408","trial_id":18,"system_attr":{"NSGAIISampler:generation":0}}
{"op_code":5,"worker_id":"7b0c5c8a-cc3c-48e1-9e36-68fd0d1ac08f-6175633408","trial_id":18,"param_name":"exploration_constant_c","param_value_internal":0.0532423538661976,"distribution":"{\"name\": \"FloatDistribution\", \"attributes\": {\"step\": null, \"low\": 0.01, \"high\": 1.0, \"log\": true}}"}
{"op_code":6,"worker_id":"7b0c5c8a-cc3c-48e1-9e36-68fd0d1ac08f-6141980672","trial_id":2,"state":1,"values":[0.33,2000.0],"datetime_complete":"2026-05-18T21:03:00.573351"}
{"op_code":5,"worker_id":"7b0c5c8a-cc3c-48e1-9e36-68fd0d1ac08f-6175633408","trial_id":18,"param_name":"discount_rate","param_value_internal":0.9983806966633451,"distribution":"{\"name\": \"FloatDistribution\", \"attributes\": {\"step\": null, \"low\": 0.9, \"high\": 0.999, \"log\": false}}"}
{"op_code":4,"worker_id":"7b0c5c8a-cc3c-48e1-9e36-68fd0d1ac08f-6141980672","study_id":0,"datetime_start":"2026-05-18T21:03:21.517990"}
{"op_code":9,"worker_id":"7b0c5c8a-cc3c-48e1-9e36-68fd0d1ac08f-6141980672","trial_id":19,"system_attr":{"NSGAIISampler:generation":0}}
{"op_code":5,"worker_id":"7b0c5c8a-cc3c-48e1-9e36-68fd0d1ac08f-6141980672","trial_id":19,"param_name":"exploration_constant_c","param_value_internal":0.7120688816555518,"distribution":"{\"name\": \"FloatDistribution\", \"attributes\": {\"step\": null, \"low\": 0.01, \"high\": 1.0, \"log\": true}}"}
{"op_code":5,"worker_id":"7b0c5c8a-cc3c-48e1-9e36-68fd0d1ac08f-6141980672","trial_id":19,"param_name":"discount_rate","param_value_internal":0.9095237746658215,"distribution":"{\"name\": \"FloatDistribution\", \"attributes\": {\"step\": null, \"low\": 0.9, \"high\": 0.999, \"log\": false}}"}
{"op_code":6,"worker_id":"7b0c5c8a-cc3c-48e1-9e36-68fd0d1ac08f-6108327936","trial_id":0,"state":1,"values":[0.1133,2000.0],"datetime_complete":"2026-05-18T21:04:47.937835"}
{"op_code":4,"worker_id":"7b0c5c8a-cc3c-48e1-9e36-68fd0d1ac08f-6108327936","study_id":0,"datetime_start":"2026-05-18T21:05:02.794291"}
{"op_code":9,"worker_id":"7b0c5c8a-cc3c-48e1-9e36-68fd0d1ac08f-6108327936","trial_id":20,"system_attr":{"NSGAIISampler:generation":0}}
{"op_code":5,"worker_id":"7b0c5c8a-cc3c-48e1-9e36-68fd0d1ac08f-6108327936","trial_id":20,"param_name":"exploration_constant_c","param_value_internal":0.09921567142193059,"distribution":"{\"name\": \"FloatDistribution\", \"attributes\": {\"step\": null, \"low\": 0.01, \"high\": 1.0, \"log\": true}}"}
{"op_code":5,"worker_id":"7b0c5c8a-cc3c-48e1-9e36-68fd0d1ac08f-6108327936","trial_id":20,"param_name":"discount_rate","param_value_internal":0.9578921135052624,"distribution":"{\"name\": \"FloatDistribution\", \"attributes\": {\"step\": null, \"low\": 0.9, \"high\": 0.999, \"log\": false}}"}
{"op_code":6,"worker_id":"7b0c5c8a-cc3c-48e1-9e36-68fd0d1ac08f-6158807040","trial_id":4,"state":1,"values":[0.5067,1378.0],"datetime_complete":"2026-05-18T21:07:15.025618"}
{"op_code":4,"worker_id":"7b0c5c8a-cc3c-48e1-9e36-68fd0d1ac08f-6158807040","study_id":0,"datetime_start":"2026-05-18T21:07:30.924840"}
{"op_code":9,"worker_id":"7b0c5c8a-cc3c-48e1-9e36-68fd0d1ac08f-6158807040","trial_id":21,"system_attr":{"NSGAIISampler:generation":0}}
{"op_code":5,"worker_id":"7b0c5c8a-cc3c-48e1-9e36-68fd0d1ac08f-6158807040","trial_id":21,"param_name":"exploration_constant_c","param_value_internal":0.4455263467791709,"distribution":"{\"name\": \"FloatDistribution\", \"attributes\": {\"step\": null, \"low\": 0.01, \"high\": 1.0, \"log\": true}}"}
{"op_code":5,"worker_id":"7b0c5c8a-cc3c-48e1-9e36-68fd0d1ac08f-6158807040","trial_id":21,"param_name":"discount_rate","param_value_internal":0.9281912642273863,"distribution":"{\"name\": \"FloatDistribution\", \"attributes\": {\"step\": null, \"low\": 0.9, \"high\": 0.999, \"log\": false}}"}
{"op_code":6,"worker_id":"7b0c5c8a-cc3c-48e1-9e36-68fd0d1ac08f-6125154304","trial_id":3,"state":1,"values":[0.1627,2000.0],"datetime_complete":"2026-05-18T21:10:47.121376"}
{"op_code":4,"worker_id":"7b0c5c8a-cc3c-48e1-9e36-68fd0d1ac08f-6125154304","study_id":0,"datetime_start":"2026-05-18T21:10:59.580724"}
{"op_code":9,"worker_id":"7b0c5c8a-cc3c-48e1-9e36-68fd0d1ac08f-6125154304","trial_id":22,"system_attr":{"NSGAIISampler:generation":0}}
{"op_code":5,"worker_id":"7b0c5c8a-cc3c-48e1-9e36-68fd0d1ac08f-6125154304","trial_id":22,"param_name":"exploration_constant_c","param_value_internal":0.05668031623736723,"distribution":"{\"name\": \"FloatDistribution\", \"attributes\": {\"step\": null, \"low\": 0.01, \"high\": 1.0, \"log\": true}}"}
{"op_code":5,"worker_id":"7b0c5c8a-cc3c-48e1-9e36-68fd0d1ac08f-6125154304","trial_id":22,"param_name":"discount_rate","param_value_internal":0.9367387670049366,"distribution":"{\"name\": \"FloatDistribution\", \"attributes\": {\"step\": null, \"low\": 0.9, \"high\": 0.999, \"log\": false}}"}
{"op_code":6,"worker_id":"7b0c5c8a-cc3c-48e1-9e36-68fd0d1ac08f-6226112512","trial_id":14,"state":1,"values":[0.6827,595.3333],"datetime_complete":"2026-05-18T21:15:19.511626"}
{"op_code":4,"worker_id":"7b0c5c8a-cc3c-48e1-9e36-68fd0d1ac08f-6226112512","study_id":0,"datetime_start":"2026-05-18T21:15:28.215821"}
{"op_code":9,"worker_id":"7b0c5c8a-cc3c-48e1-9e36-68fd0d1ac08f-6226112512","trial_id":23,"system_attr":{"NSGAIISampler:generation":0}}
{"op_code":5,"worker_id":"7b0c5c8a-cc3c-48e1-9e36-68fd0d1ac08f-6226112512","trial_id":23,"param_name":"exploration_constant_c","param_value_internal":0.015272752423848483,"distribution":"{\"name\": \"FloatDistribution\", \"attributes\": {\"step\": null, \"low\": 0.01, \"high\": 1.0, \"log\": true}}"}
{"op_code":5,"worker_id":"7b0c5c8a-cc3c-48e1-9e36-68fd0d1ac08f-6226112512","trial_id":23,"param_name":"discount_rate","param_value_internal":0.9734253875791994,"distribution":"{\"name\": \"FloatDistribution\", \"attributes\": {\"step\": null, \"low\": 0.9, \"high\": 0.999, \"log\": false}}"}
{"op_code":6,"worker_id":"7b0c5c8a-cc3c-48e1-9e36-68fd0d1ac08f-6192459776","trial_id":16,"state":1,"values":[0.6267,1243.3333],"datetime_complete":"2026-05-18T21:17:32.481580"}
{"op_code":4,"worker_id":"7b0c5c8a-cc3c-48e1-9e36-68fd0d1ac08f-6192459776","study_id":0,"datetime_start":"2026-05-18T21:17:38.892838"}
{"op_code":9,"worker_id":"7b0c5c8a-cc3c-48e1-9e36-68fd0d1ac08f-6192459776","trial_id":24,"system_attr":{"NSGAIISampler:generation":0}}
{"op_code":5,"worker_id":"7b0c5c8a-cc3c-48e1-9e36-68fd0d1ac08f-6192459776","trial_id":24,"param_name":"exploration_constant_c","param_value_internal":0.0490745994254302,"distribution":"{\"name\": \"FloatDistribution\", \"attributes\": {\"step\": null, \"low\": 0.01, \"high\": 1.0, \"log\": true}}"}
{"op_code":5,"worker_id":"7b0c5c8a-cc3c-48e1-9e36-68fd0d1ac08f-6192459776","trial_id":24,"param_name":"discount_rate","param_value_internal":0.9229824455099306,"distribution":"{\"name\": \"FloatDistribution\", \"attributes\": {\"step\": null, \"low\": 0.9, \"high\": 0.999, \"log\": false}}"}
{"op_code":6,"worker_id":"7b0c5c8a-cc3c-48e1-9e36-68fd0d1ac08f-6259765248","trial_id":12,"state":1,"values":[0.0473,2000.0],"datetime_complete":"2026-05-18T21:19:39.778857"}
{"op_code":4,"worker_id":"7b0c5c8a-cc3c-48e1-9e36-68fd0d1ac08f-6259765248","study_id":0,"datetime_start":"2026-05-18T21:19:54.330784"}
{"op_code":9,"worker_id":"7b0c5c8a-cc3c-48e1-9e36-68fd0d1ac08f-6259765248","trial_id":25,"system_attr":{"NSGAIISampler:generation":0}}
{"op_code":5,"worker_id":"7b0c5c8a-cc3c-48e1-9e36-68fd0d1ac08f-6259765248","trial_id":25,"param_name":"exploration_constant_c","param_value_internal":0.02418197112616062,"distribution":"{\"name\": \"FloatDistribution\", \"attributes\": {\"step\": null, \"low\": 0.01, \"high\": 1.0, \"log\": true}}"}
{"op_code":6,"worker_id":"7b0c5c8a-cc3c-48e1-9e36-68fd0d1ac08f-6276591616","trial_id":15,"state":1,"values":[0.7433,370.0],"datetime_complete":"2026-05-18T21:20:23.850305"}
{"op_code":5,"worker_id":"7b0c5c8a-cc3c-48e1-9e36-68fd0d1ac08f-6259765248","trial_id":25,"param_name":"discount_rate","param_value_internal":0.9030454911768446,"distribution":"{\"name\": \"FloatDistribution\", \"attributes\": {\"step\": null, \"low\": 0.9, \"high\": 0.999, \"log\": false}}"}
{"op_code":4,"worker_id":"7b0c5c8a-cc3c-48e1-9e36-68fd0d1ac08f-6276591616","study_id":0,"datetime_start":"2026-05-18T21:20:47.574417"}
{"op_code":9,"worker_id":"7b0c5c8a-cc3c-48e1-9e36-68fd0d1ac08f-6276591616","trial_id":26,"system_attr":{"NSGAIISampler:generation":0}}
{"op_code":5,"worker_id":"7b0c5c8a-cc3c-48e1-9e36-68fd0d1ac08f-6276591616","trial_id":26,"param_name":"exploration_constant_c","param_value_internal":0.13418782178196884,"distribution":"{\"name\": \"FloatDistribution\", \"attributes\": {\"step\": null, \"low\": 0.01, \"high\": 1.0, \"log\": true}}"}
{"op_code":5,"worker_id":"7b0c5c8a-cc3c-48e1-9e36-68fd0d1ac08f-6276591616","trial_id":26,"param_name":"discount_rate","param_value_internal":0.9664407628733208,"distribution":"{\"name\": \"FloatDistribution\", \"attributes\": {\"step\": null, \"low\": 0.9, \"high\": 0.999, \"log\": false}}"}
{"op_code":6,"worker_id":"7b0c5c8a-cc3c-48e1-9e36-68fd0d1ac08f-6175633408","trial_id":18,"state":1,"values":[0.7333,269.3333],"datetime_complete":"2026-05-18T21:21:55.548988"}
{"op_code":6,"worker_id":"7b0c5c8a-cc3c-48e1-9e36-68fd0d1ac08f-6108327936","trial_id":20,"state":1,"values":[0.728,428.6667],"datetime_complete":"2026-05-18T21:22:00.784765"}
{"op_code":4,"worker_id":"7b0c5c8a-cc3c-48e1-9e36-68fd0d1ac08f-6175633408","study_id":0,"datetime_start":"2026-05-18T21:22:06.448359"}
{"op_code":4,"worker_id":"7b0c5c8a-cc3c-48e1-9e36-68fd0d1ac08f-6108327936","study_id":0,"datetime_start":"2026-05-18T21:22:15.751988"}
{"op_code":9,"worker_id":"7b0c5c8a-cc3c-48e1-9e36-68fd0d1ac08f-6175633408","trial_id":27,"system_attr":{"NSGAIISampler:generation":0}}
{"op_code":5,"worker_id":"7b0c5c8a-cc3c-48e1-9e36-68fd0d1ac08f-6175633408","trial_id":27,"param_name":"exploration_constant_c","param_value_internal":0.13473802399191256,"distribution":"{\"name\": \"FloatDistribution\", \"attributes\": {\"step\": null, \"low\": 0.01, \"high\": 1.0, \"log\": true}}"}
{"op_code":9,"worker_id":"7b0c5c8a-cc3c-48e1-9e36-68fd0d1ac08f-6108327936","trial_id":28,"system_attr":{"NSGAIISampler:generation":0}}
{"op_code":5,"worker_id":"7b0c5c8a-cc3c-48e1-9e36-68fd0d1ac08f-6175633408","trial_id":27,"param_name":"discount_rate","param_value_internal":0.9895531241155231,"distribution":"{\"name\": \"FloatDistribution\", \"attributes\": {\"step\": null, \"low\": 0.9, \"high\": 0.999, \"log\": false}}"}
{"op_code":5,"worker_id":"7b0c5c8a-cc3c-48e1-9e36-68fd0d1ac08f-6108327936","trial_id":28,"param_name":"exploration_constant_c","param_value_internal":0.022963727496534837,"distribution":"{\"name\": \"FloatDistribution\", \"attributes\": {\"step\": null, \"low\": 0.01, \"high\": 1.0, \"log\": true}}"}
{"op_code":5,"worker_id":"7b0c5c8a-cc3c-48e1-9e36-68fd0d1ac08f-6108327936","trial_id":28,"param_name":"discount_rate","param_value_internal":0.9213667711474857,"distribution":"{\"name\": \"FloatDistribution\", \"attributes\": {\"step\": null, \"low\": 0.9, \"high\": 0.999, \"log\": false}}"}
{"op_code":6,"worker_id":"7b0c5c8a-cc3c-48e1-9e36-68fd0d1ac08f-6209286144","trial_id":7,"state":1,"values":[0.698,350.0],"datetime_complete":"2026-05-18T21:25:16.757319"}
{"op_code":4,"worker_id":"7b0c5c8a-cc3c-48e1-9e36-68fd0d1ac08f-6209286144","study_id":0,"datetime_start":"2026-05-18T21:25:30.908167"}
{"op_code":9,"worker_id":"7b0c5c8a-cc3c-48e1-9e36-68fd0d1ac08f-6209286144","trial_id":29,"system_attr":{"NSGAIISampler:generation":0}}
{"op_code":5,"worker_id":"7b0c5c8a-cc3c-48e1-9e36-68fd0d1ac08f-6209286144","trial_id":29,"param_name":"exploration_constant_c","param_value_internal":0.02499400967778317,"distribution":"{\"name\": \"FloatDistribution\", \"attributes\": {\"step\": null, \"low\": 0.01, \"high\": 1.0, \"log\": true}}"}
{"op_code":5,"worker_id":"7b0c5c8a-cc3c-48e1-9e36-68fd0d1ac08f-6209286144","trial_id":29,"param_name":"discount_rate","param_value_internal":0.9843205299768125,"distribution":"{\"name\": \"FloatDistribution\", \"attributes\": {\"step\": null, \"low\": 0.9, \"high\": 0.999, \"log\": false}}"}
{"op_code":6,"worker_id":"7b0c5c8a-cc3c-48e1-9e36-68fd0d1ac08f-6125154304","trial_id":22,"state":1,"values":[0.6573,893.6667],"datetime_complete":"2026-05-18T21:26:08.711176"}
{"op_code":4,"worker_id":"7b0c5c8a-cc3c-48e1-9e36-68fd0d1ac08f-6125154304","study_id":0,"datetime_start":"2026-05-18T21:26:22.193256"}
{"op_code":9,"worker_id":"7b0c5c8a-cc3c-48e1-9e36-68fd0d1ac08f-6125154304","trial_id":30,"system_attr":{"NSGAIISampler:generation":0}}
{"op_code":5,"worker_id":"7b0c5c8a-cc3c-48e1-9e36-68fd0d1ac08f-6125154304","trial_id":30,"param_name":"exploration_constant_c","param_value_internal":0.023035296230715995,"distribution":"{\"name\": \"FloatDistribution\", \"attributes\": {\"step\": null, \"low\": 0.01, \"high\": 1.0, \"log\": true}}"}
{"op_code":6,"worker_id":"7b0c5c8a-cc3c-48e1-9e36-68fd0d1ac08f-6242938880","trial_id":17,"state":1,"values":[0.4653,1523.3333],"datetime_complete":"2026-05-18T21:26:54.462497"}
{"op_code":5,"worker_id":"7b0c5c8a-cc3c-48e1-9e36-68fd0d1ac08f-6125154304","trial_id":30,"param_name":"discount_rate","param_value_internal":0.9358502435621397,"distribution":"{\"name\": \"FloatDistribution\", \"attributes\": {\"step\": null, \"low\": 0.9, \"high\": 0.999, \"log\": false}}"}
{"op_code":4,"worker_id":"7b0c5c8a-cc3c-48e1-9e36-68fd0d1ac08f-6242938880","study_id":0,"datetime_start":"2026-05-18T21:27:25.371522"}
{"op_code":9,"worker_id":"7b0c5c8a-cc3c-48e1-9e36-68fd0d1ac08f-6242938880","trial_id":31,"system_attr":{"NSGAIISampler:generation":0}}
{"op_code":5,"worker_id":"7b0c5c8a-cc3c-48e1-9e36-68fd0d1ac08f-6242938880","trial_id":31,"param_name":"exploration_constant_c","param_value_internal":0.03776186652713614,"distribution":"{\"name\": \"FloatDistribution\", \"attributes\": {\"step\": null, \"low\": 0.01, \"high\": 1.0, \"log\": true}}"}
{"op_code":5,"worker_id":"7b0c5c8a-cc3c-48e1-9e36-68fd0d1ac08f-6242938880","trial_id":31,"param_name":"discount_rate","param_value_internal":0.9341512817269155,"distribution":"{\"name\": \"FloatDistribution\", \"attributes\": {\"step\": null, \"low\": 0.9, \"high\": 0.999, \"log\": false}}"}
{"op_code":6,"worker_id":"7b0c5c8a-cc3c-48e1-9e36-68fd0d1ac08f-6141980672","trial_id":19,"state":1,"values":[0.0573,2000.0],"datetime_complete":"2026-05-18T21:31:19.031459"}
{"op_code":4,"worker_id":"7b0c5c8a-cc3c-48e1-9e36-68fd0d1ac08f-6141980672","study_id":0,"datetime_start":"2026-05-18T21:31:29.612892"}
{"op_code":9,"worker_id":"7b0c5c8a-cc3c-48e1-9e36-68fd0d1ac08f-6141980672","trial_id":32,"system_attr":{"NSGAIISampler:generation":0}}
{"op_code":5,"worker_id":"7b0c5c8a-cc3c-48e1-9e36-68fd0d1ac08f-6141980672","trial_id":32,"param_name":"exploration_constant_c","param_value_internal":0.013136275007982999,"distribution":"{\"name\": \"FloatDistribution\", \"attributes\": {\"step\": null, \"low\": 0.01, \"high\": 1.0, \"log\": true}}"}
{"op_code":5,"worker_id":"7b0c5c8a-cc3c-48e1-9e36-68fd0d1ac08f-6141980672","trial_id":32,"param_name":"discount_rate","param_value_internal":0.909247512658229,"distribution":"{\"name\": \"FloatDistribution\", \"attributes\": {\"step\": null, \"low\": 0.9, \"high\": 0.999, \"log\": false}}"}
{"op_code":6,"worker_id":"7b0c5c8a-cc3c-48e1-9e36-68fd0d1ac08f-6259765248","trial_id":25,"state":1,"values":[0.2913,2000.0],"datetime_complete":"2026-05-18T21:33:16.660141"}
{"op_code":4,"worker_id":"7b0c5c8a-cc3c-48e1-9e36-68fd0d1ac08f-6259765248","study_id":0,"datetime_start":"2026-05-18T21:33:30.856594"}
{"op_code":6,"worker_id":"7b0c5c8a-cc3c-48e1-9e36-68fd0d1ac08f-6158807040","trial_id":21,"state":1,"values":[0.2507,2000.0],"datetime_complete":"2026-05-18T21:33:36.440418"}
{"op_code":9,"worker_id":"7b0c5c8a-cc3c-48e1-9e36-68fd0d1ac08f-6259765248","trial_id":33,"system_attr":{"NSGAIISampler:generation":0}}
{"op_code":5,"worker_id":"7b0c5c8a-cc3c-48e1-9e36-68fd0d1ac08f-6259765248","trial_id":33,"param_name":"exploration_constant_c","param_value_internal":0.013983267539889476,"distribution":"{\"name\": \"FloatDistribution\", \"attributes\": {\"step\": null, \"low\": 0.01, \"high\": 1.0, \"log\": true}}"}
{"op_code":4,"worker_id":"7b0c5c8a-cc3c-48e1-9e36-68fd0d1ac08f-6158807040","study_id":0,"datetime_start":"2026-05-18T21:33:52.659270"}
{"op_code":5,"worker_id":"7b0c5c8a-cc3c-48e1-9e36-68fd0d1ac08f-6259765248","trial_id":33,"param_name":"discount_rate","param_value_internal":0.9554351593514417,"distribution":"{\"name\": \"FloatDistribution\", \"attributes\": {\"step\": null, \"low\": 0.9, \"high\": 0.999, \"log\": false}}"}
{"op_code":9,"worker_id":"7b0c5c8a-cc3c-48e1-9e36-68fd0d1ac08f-6158807040","trial_id":34,"system_attr":{"NSGAIISampler:generation":0}}
{"op_code":5,"worker_id":"7b0c5c8a-cc3c-48e1-9e36-68fd0d1ac08f-6158807040","trial_id":34,"param_name":"exploration_constant_c","param_value_internal":0.13556234912333595,"distribution":"{\"name\": \"FloatDistribution\", \"attributes\": {\"step\": null, \"low\": 0.01, \"high\": 1.0, \"log\": true}}"}
{"op_code":5,"worker_id":"7b0c5c8a-cc3c-48e1-9e36-68fd0d1ac08f-6158807040","trial_id":34,"param_name":"discount_rate","param_value_internal":0.9179202146962855,"distribution":"{\"name\": \"FloatDistribution\", \"attributes\": {\"step\": null, \"low\": 0.9, \"high\": 0.999, \"log\": false}}"}
{"op_code":6,"worker_id":"7b0c5c8a-cc3c-48e1-9e36-68fd0d1ac08f-6192459776","trial_id":24,"state":1,"values":[0.7007,736.6667],"datetime_complete":"2026-05-18T21:35:06.735435"}
{"op_code":4,"worker_id":"7b0c5c8a-cc3c-48e1-9e36-68fd0d1ac08f-6192459776","study_id":0,"datetime_start":"2026-05-18T21:35:28.980588"}
{"op_code":9,"worker_id":"7b0c5c8a-cc3c-48e1-9e36-68fd0d1ac08f-6192459776","trial_id":35,"system_attr":{"NSGAIISampler:generation":0}}
{"op_code":5,"worker_id":"7b0c5c8a-cc3c-48e1-9e36-68fd0d1ac08f-6192459776","trial_id":35,"param_name":"exploration_constant_c","param_value_internal":0.21390234102587874,"distribution":"{\"name\": \"FloatDistribution\", \"attributes\": {\"step\": null, \"low\": 0.01, \"high\": 1.0, \"log\": true}}"}
{"op_code":5,"worker_id":"7b0c5c8a-cc3c-48e1-9e36-68fd0d1ac08f-6192459776","trial_id":35,"param_name":"discount_rate","param_value_internal":0.9135633844016491,"distribution":"{\"name\": \"FloatDistribution\", \"attributes\": {\"step\": null, \"low\": 0.9, \"high\": 0.999, \"log\": false}}"}
{"op_code":6,"worker_id":"7b0c5c8a-cc3c-48e1-9e36-68fd0d1ac08f-6276591616","trial_id":26,"state":1,"values":[0.7347,392.3333],"datetime_complete":"2026-05-18T21:36:13.692714"}
{"op_code":4,"worker_id":"7b0c5c8a-cc3c-48e1-9e36-68fd0d1ac08f-6276591616","study_id":0,"datetime_start":"2026-05-18T21:36:33.202596"}
{"op_code":9,"worker_id":"7b0c5c8a-cc3c-48e1-9e36-68fd0d1ac08f-6276591616","trial_id":36,"system_attr":{"NSGAIISampler:generation":0}}
{"op_code":5,"worker_id":"7b0c5c8a-cc3c-48e1-9e36-68fd0d1ac08f-6276591616","trial_id":36,"param_name":"exploration_constant_c","param_value_internal":0.24856771155310042,"distribution":"{\"name\": \"FloatDistribution\", \"attributes\": {\"step\": null, \"low\": 0.01, \"high\": 1.0, \"log\": true}}"}
{"op_code":5,"worker_id":"7b0c5c8a-cc3c-48e1-9e36-68fd0d1ac08f-6276591616","trial_id":36,"param_name":"discount_rate","param_value_internal":0.9858481299116162,"distribution":"{\"name\": \"FloatDistribution\", \"attributes\": {\"step\": null, \"low\": 0.9, \"high\": 0.999, \"log\": false}}"}
{"op_code":6,"worker_id":"7b0c5c8a-cc3c-48e1-9e36-68fd0d1ac08f-6108327936","trial_id":28,"state":1,"values":[0.5293,1277.3333],"datetime_complete":"2026-05-18T21:38:42.011518"}
{"op_code":4,"worker_id":"7b0c5c8a-cc3c-48e1-9e36-68fd0d1ac08f-6108327936","study_id":0,"datetime_start":"2026-05-18T21:38:56.141795"}
{"op_code":9,"worker_id":"7b0c5c8a-cc3c-48e1-9e36-68fd0d1ac08f-6108327936","trial_id":37,"system_attr":{"NSGAIISampler:generation":0}}
{"op_code":5,"worker_id":"7b0c5c8a-cc3c-48e1-9e36-68fd0d1ac08f-6108327936","trial_id":37,"param_name":"exploration_constant_c","param_value_internal":0.1265443954189615,"distribution":"{\"name\": \"FloatDistribution\", \"attributes\": {\"step\": null, \"low\": 0.01, \"high\": 1.0, \"log\": true}}"}
{"op_code":5,"worker_id":"7b0c5c8a-cc3c-48e1-9e36-68fd0d1ac08f-6108327936","trial_id":37,"param_name":"discount_rate","param_value_internal":0.9466292690224631,"distribution":"{\"name\": \"FloatDistribution\", \"attributes\": {\"step\": null, \"low\": 0.9, \"high\": 0.999, \"log\": false}}"}
{"op_code":6,"worker_id":"7b0c5c8a-cc3c-48e1-9e36-68fd0d1ac08f-6293417984","trial_id":13,"state":1,"values":[0.7047,760.0],"datetime_complete":"2026-05-18T21:41:51.206429"}
{"op_code":4,"worker_id":"7b0c5c8a-cc3c-48e1-9e36-68fd0d1ac08f-6293417984","study_id":0,"datetime_start":"2026-05-18T21:41:59.105547"}
{"op_code":9,"worker_id":"7b0c5c8a-cc3c-48e1-9e36-68fd0d1ac08f-6293417984","trial_id":38,"system_attr":{"NSGAIISampler:generation":0}}
{"op_code":5,"worker_id":"7b0c5c8a-cc3c-48e1-9e36-68fd0d1ac08f-6293417984","trial_id":38,"param_name":"exploration_constant_c","param_value_internal":0.19921376974949784,"distribution":"{\"name\": \"FloatDistribution\", \"attributes\": {\"step\": null, \"low\": 0.01, \"high\": 1.0, \"log\": true}}"}
{"op_code":5,"worker_id":"7b0c5c8a-cc3c-48e1-9e36-68fd0d1ac08f-6293417984","trial_id":38,"param_name":"discount_rate","param_value_internal":0.9946072680773383,"distribution":"{\"name\": \"FloatDistribution\", \"attributes\": {\"step\": null, \"low\": 0.9, \"high\": 0.999, \"log\": false}}"}
{"op_code":6,"worker_id":"7b0c5c8a-cc3c-48e1-9e36-68fd0d1ac08f-6242938880","trial_id":31,"state":1,"values":[0.516,1042.6667],"datetime_complete":"2026-05-18T21:47:24.806303"}
{"op_code":4,"worker_id":"7b0c5c8a-cc3c-48e1-9e36-68fd0d1ac08f-6242938880","study_id":0,"datetime_start":"2026-05-18T21:47:35.098379"}
{"op_code":9,"worker_id":"7b0c5c8a-cc3c-48e1-9e36-68fd0d1ac08f-6242938880","trial_id":39,"system_attr":{"NSGAIISampler:generation":0}}
{"op_code":5,"worker_id":"7b0c5c8a-cc3c-48e1-9e36-68fd0d1ac08f-6242938880","trial_id":39,"param_name":"exploration_constant_c","param_value_internal":0.2866262089236391,"distribution":"{\"name\": \"FloatDistribution\", \"attributes\": {\"step\": null, \"low\": 0.01, \"high\": 1.0, \"log\": true}}"}
{"op_code":5,"worker_id":"7b0c5c8a-cc3c-48e1-9e36-68fd0d1ac08f-6242938880","trial_id":39,"param_name":"discount_rate","param_value_internal":0.9173535395845754,"distribution":"{\"name\": \"FloatDistribution\", \"attributes\": {\"step\": null, \"low\": 0.9, \"high\": 0.999, \"log\": false}}"}
{"op_code":6,"worker_id":"7b0c5c8a-cc3c-48e1-9e36-68fd0d1ac08f-6158807040","trial_id":34,"state":1,"values":[0.5627,1880.6667],"datetime_complete":"2026-05-18T21:50:39.590907"}
{"op_code":4,"worker_id":"7b0c5c8a-cc3c-48e1-9e36-68fd0d1ac08f-6158807040","study_id":0,"datetime_start":"2026-05-18T21:50:56.346589"}
{"op_code":9,"worker_id":"7b0c5c8a-cc3c-48e1-9e36-68fd0d1ac08f-6158807040","trial_id":40,"system_attr":{"NSGAIISampler:generation":0}}
{"op_code":5,"worker_id":"7b0c5c8a-cc3c-48e1-9e36-68fd0d1ac08f-6158807040","trial_id":40,"param_name":"exploration_constant_c","param_value_internal":0.017244591441593585,"distribution":"{\"name\": \"FloatDistribution\", \"attributes\": {\"step\": null, \"low\": 0.01, \"high\": 1.0, \"log\": true}}"}
{"op_code":5,"worker_id":"7b0c5c8a-cc3c-48e1-9e36-68fd0d1ac08f-6158807040","trial_id":40,"param_name":"discount_rate","param_value_internal":0.9703951886453431,"distribution":"{\"name\": \"FloatDistribution\", \"attributes\": {\"step\": null, \"low\": 0.9, \"high\": 0.999, \"log\": false}}"}
{"op_code":6,"worker_id":"7b0c5c8a-cc3c-48e1-9e36-68fd0d1ac08f-6276591616","trial_id":36,"state":1,"values":[0.7353,557.6667],"datetime_complete":"2026-05-18T21:52:48.191629"}
{"op_code":4,"worker_id":"7b0c5c8a-cc3c-48e1-9e36-68fd0d1ac08f-6276591616","study_id":0,"datetime_start":"2026-05-18T21:53:01.234413"}
{"op_code":6,"worker_id":"7b0c5c8a-cc3c-48e1-9e36-68fd0d1ac08f-6108327936","trial_id":37,"state":1,"values":[0.6893,565.0],"datetime_complete":"2026-05-18T21:53:09.673167"}
{"op_code":9,"worker_id":"7b0c5c8a-cc3c-48e1-9e36-68fd0d1ac08f-6276591616","trial_id":41,"system_attr":{"NSGAIISampler:generation":0}}
{"op_code":5,"worker_id":"7b0c5c8a-cc3c-48e1-9e36-68fd0d1ac08f-6276591616","trial_id":41,"param_name":"exploration_constant_c","param_value_internal":0.13272672680641046,"distribution":"{\"name\": \"FloatDistribution\", \"attributes\": {\"step\": null, \"low\": 0.01, \"high\": 1.0, \"log\": true}}"}
{"op_code":4,"worker_id":"7b0c5c8a-cc3c-48e1-9e36-68fd0d1ac08f-6108327936","study_id":0,"datetime_start":"2026-05-18T21:53:19.990610"}
{"op_code":5,"worker_id":"7b0c5c8a-cc3c-48e1-9e36-68fd0d1ac08f-6276591616","trial_id":41,"param_name":"discount_rate","param_value_internal":0.9682823019458703,"distribution":"{\"name\": \"FloatDistribution\", \"attributes\": {\"step\": null, \"low\": 0.9, \"high\": 0.999, \"log\": false}}"}
{"op_code":6,"worker_id":"7b0c5c8a-cc3c-48e1-9e36-68fd0d1ac08f-6175633408","trial_id":27,"state":1,"values":[0.75,276.0],"datetime_complete":"2026-05-18T21:53:45.028937"}
{"op_code":9,"worker_id":"7b0c5c8a-cc3c-48e1-9e36-68fd0d1ac08f-6108327936","trial_id":42,"system_attr":{"NSGAIISampler:generation":0}}
{"op_code":5,"worker_id":"7b0c5c8a-cc3c-48e1-9e36-68fd0d1ac08f-6108327936","trial_id":42,"param_name":"exploration_constant_c","param_value_internal":0.010465758292248674,"distribution":"{\"name\": \"FloatDistribution\", \"attributes\": {\"step\": null, \"low\": 0.01, \"high\": 1.0, \"log\": true}}"}
{"op_code":4,"worker_id":"7b0c5c8a-cc3c-48e1-9e36-68fd0d1ac08f-6175633408","study_id":0,"datetime_start":"2026-05-18T21:54:10.460095"}
{"op_code":5,"worker_id":"7b0c5c8a-cc3c-48e1-9e36-68fd0d1ac08f-6108327936","trial_id":42,"param_name":"discount_rate","param_value_internal":0.9948166252828559,"distribution":"{\"name\": \"FloatDistribution\", \"attributes\": {\"step\": null, \"low\": 0.9, \"high\": 0.999, \"log\": false}}"}
{"op_code":9,"worker_id":"7b0c5c8a-cc3c-48e1-9e36-68fd0d1ac08f-6175633408","trial_id":43,"system_attr":{"NSGAIISampler:generation":0}}
{"op_code":5,"worker_id":"7b0c5c8a-cc3c-48e1-9e36-68fd0d1ac08f-6175633408","trial_id":43,"param_name":"exploration_constant_c","param_value_internal":0.08567294889783049,"distribution":"{\"name\": \"FloatDistribution\", \"attributes\": {\"step\": null, \"low\": 0.01, \"high\": 1.0, \"log\": true}}"}
{"op_code":5,"worker_id":"7b0c5c8a-cc3c-48e1-9e36-68fd0d1ac08f-6175633408","trial_id":43,"param_name":"discount_rate","param_value_internal":0.9054360576829502,"distribution":"{\"name\": \"FloatDistribution\", \"attributes\": {\"step\": null, \"low\": 0.9, \"high\": 0.999, \"log\": false}}"}
{"op_code":6,"worker_id":"7b0c5c8a-cc3c-48e1-9e36-68fd0d1ac08f-6192459776","trial_id":35,"state":1,"values":[0.3653,2000.0],"datetime_complete":"2026-05-18T21:55:41.883333"}
{"op_code":4,"worker_id":"7b0c5c8a-cc3c-48e1-9e36-68fd0d1ac08f-6192459776","study_id":0,"datetime_start":"2026-05-18T21:55:53.970282"}
{"op_code":9,"worker_id":"7b0c5c8a-cc3c-48e1-9e36-68fd0d1ac08f-6192459776","trial_id":44,"system_attr":{"NSGAIISampler:generation":0}}
{"op_code":5,"worker_id":"7b0c5c8a-cc3c-48e1-9e36-68fd0d1ac08f-6192459776","trial_id":44,"param_name":"exploration_constant_c","param_value_internal":0.1858354609584793,"distribution":"{\"name\": \"FloatDistribution\", \"attributes\": {\"step\": null, \"low\": 0.01, \"high\": 1.0, \"log\": true}}"}
{"op_code":5,"worker_id":"7b0c5c8a-cc3c-48e1-9e36-68fd0d1ac08f-6192459776","trial_id":44,"param_name":"discount_rate","param_value_internal":0.9866094065202002,"distribution":"{\"name\": \"FloatDistribution\", \"attributes\": {\"step\": null, \"low\": 0.9, \"high\": 0.999, \"log\": false}}"}
{"op_code":6,"worker_id":"7b0c5c8a-cc3c-48e1-9e36-68fd0d1ac08f-6293417984","trial_id":38,"state":1,"values":[0.7187,591.3333],"datetime_complete":"2026-05-18T21:58:42.251244"}
{"op_code":4,"worker_id":"7b0c5c8a-cc3c-48e1-9e36-68fd0d1ac08f-6293417984","study_id":0,"datetime_start":"2026-05-18T21:59:01.197090"}
{"op_code":9,"worker_id":"7b0c5c8a-cc3c-48e1-9e36-68fd0d1ac08f-6293417984","trial_id":45,"system_attr":{"NSGAIISampler:generation":0}}
{"op_code":5,"worker_id":"7b0c5c8a-cc3c-48e1-9e36-68fd0d1ac08f-6293417984","trial_id":45,"param_name":"exploration_constant_c","param_value_internal":0.021420494265355312,"distribution":"{\"name\": \"FloatDistribution\", \"attributes\": {\"step\": null, \"low\": 0.01, \"high\": 1.0, \"log\": true}}"}
{"op_code":5,"worker_id":"7b0c5c8a-cc3c-48e1-9e36-68fd0d1ac08f-6293417984","trial_id":45,"param_name":"discount_rate","param_value_internal":0.9266401637628856,"distribution":"{\"name\": \"FloatDistribution\", \"attributes\": {\"step\": null, \"low\": 0.9, \"high\": 0.999, \"log\": false}}"}
{"op_code":6,"worker_id":"7b0c5c8a-cc3c-48e1-9e36-68fd0d1ac08f-6226112512","trial_id":23,"state":1,"values":[0.7153,207.3333],"datetime_complete":"2026-05-18T22:01:04.178328"}
{"op_code":4,"worker_id":"7b0c5c8a-cc3c-48e1-9e36-68fd0d1ac08f-6226112512","study_id":0,"datetime_start":"2026-05-18T22:01:19.619271"}
{"op_code":9,"worker_id":"7b0c5c8a-cc3c-48e1-9e36-68fd0d1ac08f-6226112512","trial_id":46,"system_attr":{"NSGAIISampler:generation":0}}
{"op_code":5,"worker_id":"7b0c5c8a-cc3c-48e1-9e36-68fd0d1ac08f-6226112512","trial_id":46,"param_name":"exploration_constant_c","param_value_internal":0.010014863442840725,"distribution":"{\"name\": \"FloatDistribution\", \"attributes\": {\"step\": null, \"low\": 0.01, \"high\": 1.0, \"log\": true}}"}
{"op_code":5,"worker_id":"7b0c5c8a-cc3c-48e1-9e36-68fd0d1ac08f-6226112512","trial_id":46,"param_name":"discount_rate","param_value_internal":0.9433559028019776,"distribution":"{\"name\": \"FloatDistribution\", \"attributes\": {\"step\": null, \"low\": 0.9, \"high\": 0.999, \"log\": false}}"}
{"op_code":6,"worker_id":"7b0c5c8a-cc3c-48e1-9e36-68fd0d1ac08f-6259765248","trial_id":33,"state":1,"values":[0.5253,1196.6667],"datetime_complete":"2026-05-18T22:04:02.382351"}
{"op_code":4,"worker_id":"7b0c5c8a-cc3c-48e1-9e36-68fd0d1ac08f-6259765248","study_id":0,"datetime_start":"2026-05-18T22:04:09.340620"}
{"op_code":9,"worker_id":"7b0c5c8a-cc3c-48e1-9e36-68fd0d1ac08f-6259765248","trial_id":47,"system_attr":{"NSGAIISampler:generation":0}}
{"op_code":5,"worker_id":"7b0c5c8a-cc3c-48e1-9e36-68fd0d1ac08f-6259765248","trial_id":47,"param_name":"exploration_constant_c","param_value_internal":0.6482044186517977,"distribution":"{\"name\": \"FloatDistribution\", \"attributes\": {\"step\": null, \"low\": 0.01, \"high\": 1.0, \"log\": true}}"}
{"op_code":5,"worker_id":"7b0c5c8a-cc3c-48e1-9e36-68fd0d1ac08f-6259765248","trial_id":47,"param_name":"discount_rate","param_value_internal":0.9089820804054738,"distribution":"{\"name\": \"FloatDistribution\", \"attributes\": {\"step\": null, \"low\": 0.9, \"high\": 0.999, \"log\": false}}"}
{"op_code":6,"worker_id":"7b0c5c8a-cc3c-48e1-9e36-68fd0d1ac08f-6141980672","trial_id":32,"state":1,"values":[0.388,2000.0],"datetime_complete":"2026-05-18T22:05:43.989473"}
{"op_code":4,"worker_id":"7b0c5c8a-cc3c-48e1-9e36-68fd0d1ac08f-6141980672","study_id":0,"datetime_start":"2026-05-18T22:06:01.876401"}
{"op_code":9,"worker_id":"7b0c5c8a-cc3c-48e1-9e36-68fd0d1ac08f-6141980672","trial_id":48,"system_attr":{"NSGAIISampler:generation":0}}
{"op_code":5,"worker_id":"7b0c5c8a-cc3c-48e1-9e36-68fd0d1ac08f-6141980672","trial_id":48,"param_name":"exploration_constant_c","param_value_internal":0.04824334862125497,"distribution":"{\"name\": \"FloatDistribution\", \"attributes\": {\"step\": null, \"low\": 0.01, \"high\": 1.0, \"log\": true}}"}
{"op_code":5,"worker_id":"7b0c5c8a-cc3c-48e1-9e36-68fd0d1ac08f-6141980672","trial_id":48,"param_name":"discount_rate","param_value_internal":0.940895419285237,"distribution":"{\"name\": \"FloatDistribution\", \"attributes\": {\"step\": null, \"low\": 0.9, \"high\": 0.999, \"log\": false}}"}
{"op_code":6,"worker_id":"7b0c5c8a-cc3c-48e1-9e36-68fd0d1ac08f-6276591616","trial_id":41,"state":1,"values":[0.6947,670.3333],"datetime_complete":"2026-05-18T22:07:42.005243"}
{"op_code":4,"worker_id":"7b0c5c8a-cc3c-48e1-9e36-68fd0d1ac08f-6276591616","study_id":0,"datetime_start":"2026-05-18T22:07:47.808561"}
{"op_code":9,"worker_id":"7b0c5c8a-cc3c-48e1-9e36-68fd0d1ac08f-6276591616","trial_id":49,"system_attr":{"NSGAIISampler:generation":0}}
{"op_code":5,"worker_id":"7b0c5c8a-cc3c-48e1-9e36-68fd0d1ac08f-6276591616","trial_id":49,"param_name":"exploration_constant_c","param_value_internal":0.5677936840930743,"distribution":"{\"name\": \"FloatDistribution\", \"attributes\": {\"step\": null, \"low\": 0.01, \"high\": 1.0, \"log\": true}}"}
{"op_code":5,"worker_id":"7b0c5c8a-cc3c-48e1-9e36-68fd0d1ac08f-6276591616","trial_id":49,"param_name":"discount_rate","param_value_internal":0.9153184263362152,"distribution":"{\"name\": \"FloatDistribution\", \"attributes\": {\"step\": null, \"low\": 0.9, \"high\": 0.999, \"log\": false}}"}
{"op_code":6,"worker_id":"7b0c5c8a-cc3c-48e1-9e36-68fd0d1ac08f-6242938880","trial_id":39,"state":1,"values":[0.344,2000.0],"datetime_complete":"2026-05-18T22:10:33.412463"}
{"op_code":4,"worker_id":"7b0c5c8a-cc3c-48e1-9e36-68fd0d1ac08f-6242938880","study_id":0,"datetime_start":"2026-05-18T22:10:45.206131"}
{"op_code":6,"worker_id":"7b0c5c8a-cc3c-48e1-9e36-68fd0d1ac08f-6175633408","trial_id":43,"state":1,"values":[0.5553,1640.6667],"datetime_complete":"2026-05-18T22:10:48.980564"}
{"op_code":4,"worker_id":"7b0c5c8a-cc3c-48e1-9e36-68fd0d1ac08f-6175633408","study_id":0,"datetime_start":"2026-05-18T22:11:34.508218"}
{"op_code":9,"worker_id":"7b0c5c8a-cc3c-48e1-9e36-68fd0d1ac08f-6242938880","trial_id":50,"system_attr":{"NSGAIISampler:generation":0}}
{"op_code":5,"worker_id":"7b0c5c8a-cc3c-48e1-9e36-68fd0d1ac08f-6242938880","trial_id":50,"param_name":"exploration_constant_c","param_value_internal":0.9679428598671996,"distribution":"{\"name\": \"FloatDistribution\", \"attributes\": {\"step\": null, \"low\": 0.01, \"high\": 1.0, \"log\": true}}"}
{"op_code":6,"worker_id":"7b0c5c8a-cc3c-48e1-9e36-68fd0d1ac08f-6293417984","trial_id":45,"state":1,"values":[0.4627,1439.3333],"datetime_complete":"2026-05-18T22:12:02.203081"}
{"op_code":5,"worker_id":"7b0c5c8a-cc3c-48e1-9e36-68fd0d1ac08f-6242938880","trial_id":50,"param_name":"discount_rate","param_value_internal":0.9298828522972331,"distribution":"{\"name\": \"FloatDistribution\", \"attributes\": {\"step\": null, \"low\": 0.9, \"high\": 0.999, \"log\": false}}"}
{"op_code":9,"worker_id":"7b0c5c8a-cc3c-48e1-9e36-68fd0d1ac08f-6175633408","trial_id":51,"system_attr":{"NSGAIISampler:generation":0}}
{"op_code":5,"worker_id":"7b0c5c8a-cc3c-48e1-9e36-68fd0d1ac08f-6175633408","trial_id":51,"param_name":"exploration_constant_c","param_value_internal":0.3942267656646673,"distribution":"{\"name\": \"FloatDistribution\", \"attributes\": {\"step\": null, \"low\": 0.01, \"high\": 1.0, \"log\": true}}"}
{"op_code":4,"worker_id":"7b0c5c8a-cc3c-48e1-9e36-68fd0d1ac08f-6293417984","study_id":0,"datetime_start":"2026-05-18T22:12:47.225272"}
{"op_code":5,"worker_id":"7b0c5c8a-cc3c-48e1-9e36-68fd0d1ac08f-6175633408","trial_id":51,"param_name":"discount_rate","param_value_internal":0.9279491909912556,"distribution":"{\"name\": \"FloatDistribution\", \"attributes\": {\"step\": null, \"low\": 0.9, \"high\": 0.999, \"log\": false}}"}
{"op_code":9,"worker_id":"7b0c5c8a-cc3c-48e1-9e36-68fd0d1ac08f-6293417984","trial_id":52,"system_attr":{"NSGAIISampler:generation":0}}
{"op_code":5,"worker_id":"7b0c5c8a-cc3c-48e1-9e36-68fd0d1ac08f-6293417984","trial_id":52,"param_name":"exploration_constant_c","param_value_internal":0.021593485612540604,"distribution":"{\"name\": \"FloatDistribution\", \"attributes\": {\"step\": null, \"low\": 0.01, \"high\": 1.0, \"log\": true}}"}
{"op_code":5,"worker_id":"7b0c5c8a-cc3c-48e1-9e36-68fd0d1ac08f-6293417984","trial_id":52,"param_name":"discount_rate","param_value_internal":0.9410369050229143,"distribution":"{\"name\": \"FloatDistribution\", \"attributes\": {\"step\": null, \"low\": 0.9, \"high\": 0.999, \"log\": false}}"}
{"op_code":6,"worker_id":"7b0c5c8a-cc3c-48e1-9e36-68fd0d1ac08f-6209286144","trial_id":29,"state":1,"values":[0.6613,804.0],"datetime_complete":"2026-05-18T22:13:50.379383"}
{"op_code":4,"worker_id":"7b0c5c8a-cc3c-48e1-9e36-68fd0d1ac08f-6209286144","study_id":0,"datetime_start":"2026-05-18T22:13:53.111939"}
{"op_code":9,"worker_id":"7b0c5c8a-cc3c-48e1-9e36-68fd0d1ac08f-6209286144","trial_id":53,"system_attr":{"NSGAIISampler:generation":0}}
{"op_code":5,"worker_id":"7b0c5c8a-cc3c-48e1-9e36-68fd0d1ac08f-6209286144","trial_id":53,"param_name":"exploration_constant_c","param_value_internal":0.16598971187560868,"distribution":"{\"name\": \"FloatDistribution\", \"attributes\": {\"step\": null, \"low\": 0.01, \"high\": 1.0, \"log\": true}}"}
{"op_code":5,"worker_id":"7b0c5c8a-cc3c-48e1-9e36-68fd0d1ac08f-6209286144","trial_id":53,"param_name":"discount_rate","param_value_internal":0.986663536567982,"distribution":"{\"name\": \"FloatDistribution\", \"attributes\": {\"step\": null, \"low\": 0.9, \"high\": 0.999, \"log\": false}}"}
{"op_code":6,"worker_id":"7b0c5c8a-cc3c-48e1-9e36-68fd0d1ac08f-6226112512","trial_id":46,"state":1,"values":[0.344,1652.6667],"datetime_complete":"2026-05-18T22:14:11.626218"}
{"op_code":4,"worker_id":"7b0c5c8a-cc3c-48e1-9e36-68fd0d1ac08f-6226112512","study_id":0,"datetime_start":"2026-05-18T22:14:20.336670"}
{"op_code":9,"worker_id":"7b0c5c8a-cc3c-48e1-9e36-68fd0d1ac08f-6226112512","trial_id":54,"system_attr":{"NSGAIISampler:generation":0}}
{"op_code":5,"worker_id":"7b0c5c8a-cc3c-48e1-9e36-68fd0d1ac08f-6226112512","trial_id":54,"param_name":"exploration_constant_c","param_value_internal":0.5609958188557407,"distribution":"{\"name\": \"FloatDistribution\", \"attributes\": {\"step\": null, \"low\": 0.01, \"high\": 1.0, \"log\": true}}"}
{"op_code":6,"worker_id":"7b0c5c8a-cc3c-48e1-9e36-68fd0d1ac08f-6192459776","trial_id":44,"state":1,"values":[0.7387,414.0],"datetime_complete":"2026-05-18T22:14:37.479642"}
{"op_code":5,"worker_id":"7b0c5c8a-cc3c-48e1-9e36-68fd0d1ac08f-6226112512","trial_id":54,"param_name":"discount_rate","param_value_internal":0.9968798335032467,"distribution":"{\"name\": \"FloatDistribution\", \"attributes\": {\"step\": null, \"low\": 0.9, \"high\": 0.999, \"log\": false}}"}
{"op_code":6,"worker_id":"7b0c5c8a-cc3c-48e1-9e36-68fd0d1ac08f-6158807040","trial_id":40,"state":1,"values":[0.548,1523.3333],"datetime_complete":"2026-05-18T22:14:47.537209"}
{"op_code":4,"worker_id":"7b0c5c8a-cc3c-48e1-9e36-68fd0d1ac08f-6192459776","study_id":0,"datetime_start":"2026-05-18T22:15:14.998483"}
{"op_code":4,"worker_id":"7b0c5c8a-cc3c-48e1-9e36-68fd0d1ac08f-6158807040","study_id":0,"datetime_start":"2026-05-18T22:15:16.359292"}
{"op_code":9,"worker_id":"7b0c5c8a-cc3c-48e1-9e36-68fd0d1ac08f-6192459776","trial_id":55,"system_attr":{"NSGAIISampler:generation":0}}
{"op_code":9,"worker_id":"7b0c5c8a-cc3c-48e1-9e36-68fd0d1ac08f-6158807040","trial_id":56,"system_attr":{"NSGAIISampler:generation":0}}
{"op_code":5,"worker_id":"7b0c5c8a-cc3c-48e1-9e36-68fd0d1ac08f-6192459776","trial_id":55,"param_name":"exploration_constant_c","param_value_internal":0.021907723112892994,"distribution":"{\"name\": \"FloatDistribution\", \"attributes\": {\"step\": null, \"low\": 0.01, \"high\": 1.0, \"log\": true}}"}
{"op_code":5,"worker_id":"7b0c5c8a-cc3c-48e1-9e36-68fd0d1ac08f-6158807040","trial_id":56,"param_name":"exploration_constant_c","param_value_internal":0.03154381710105565,"distribution":"{\"name\": \"FloatDistribution\", \"attributes\": {\"step\": null, \"low\": 0.01, \"high\": 1.0, \"log\": true}}"}
{"op_code":5,"worker_id":"7b0c5c8a-cc3c-48e1-9e36-68fd0d1ac08f-6192459776","trial_id":55,"param_name":"discount_rate","param_value_internal":0.9354747513395478,"distribution":"{\"name\": \"FloatDistribution\", \"attributes\": {\"step\": null, \"low\": 0.9, \"high\": 0.999, \"log\": false}}"}
{"op_code":5,"worker_id":"7b0c5c8a-cc3c-48e1-9e36-68fd0d1ac08f-6158807040","trial_id":56,"param_name":"discount_rate","param_value_internal":0.9963664542816828,"distribution":"{\"name\": \"FloatDistribution\", \"attributes\": {\"step\": null, \"low\": 0.9, \"high\": 0.999, \"log\": false}}"}
{"op_code":6,"worker_id":"7b0c5c8a-cc3c-48e1-9e36-68fd0d1ac08f-6125154304","trial_id":30,"state":1,"values":[0.6913,486.3333],"datetime_complete":"2026-05-18T22:16:01.106112"}
{"op_code":4,"worker_id":"7b0c5c8a-cc3c-48e1-9e36-68fd0d1ac08f-6125154304","study_id":0,"datetime_start":"2026-05-18T22:16:06.289987"}
{"op_code":9,"worker_id":"7b0c5c8a-cc3c-48e1-9e36-68fd0d1ac08f-6125154304","trial_id":57,"system_attr":{"NSGAIISampler:generation":0}}
{"op_code":5,"worker_id":"7b0c5c8a-cc3c-48e1-9e36-68fd0d1ac08f-6125154304","trial_id":57,"param_name":"exploration_constant_c","param_value_internal":0.012686461024014014,"distribution":"{\"name\": \"FloatDistribution\", \"attributes\": {\"step\": null, \"low\": 0.01, \"high\": 1.0, \"log\": true}}"}
{"op_code":5,"worker_id":"7b0c5c8a-cc3c-48e1-9e36-68fd0d1ac08f-6125154304","trial_id":57,"param_name":"discount_rate","param_value_internal":0.9447272510659884,"distribution":"{\"name\": \"FloatDistribution\", \"attributes\": {\"step\": null, \"low\": 0.9, \"high\": 0.999, \"log\": false}}"}
{"op_code":6,"worker_id":"7b0c5c8a-cc3c-48e1-9e36-68fd0d1ac08f-6141980672","trial_id":48,"state":1,"values":[0.6847,1066.6667],"datetime_complete":"2026-05-18T22:24:02.970430"}
{"op_code":4,"worker_id":"7b0c5c8a-cc3c-48e1-9e36-68fd0d1ac08f-6141980672","study_id":0,"datetime_start":"2026-05-18T22:24:13.290776"}
{"op_code":9,"worker_id":"7b0c5c8a-cc3c-48e1-9e36-68fd0d1ac08f-6141980672","trial_id":58,"system_attr":{"NSGAIISampler:generation":0}}
{"op_code":5,"worker_id":"7b0c5c8a-cc3c-48e1-9e36-68fd0d1ac08f-6141980672","trial_id":58,"param_name":"exploration_constant_c","param_value_internal":0.3476097181322395,"distribution":"{\"name\": \"FloatDistribution\", \"attributes\": {\"step\": null, \"low\": 0.01, \"high\": 1.0, \"log\": true}}"}
{"op_code":5,"worker_id":"7b0c5c8a-cc3c-48e1-9e36-68fd0d1ac08f-6141980672","trial_id":58,"param_name":"discount_rate","param_value_internal":0.9563628368938544,"distribution":"{\"name\": \"FloatDistribution\", \"attributes\": {\"step\": null, \"low\": 0.9, \"high\": 0.999, \"log\": false}}"}
{"op_code":6,"worker_id":"7b0c5c8a-cc3c-48e1-9e36-68fd0d1ac08f-6259765248","trial_id":47,"state":1,"values":[0.092,2000.0],"datetime_complete":"2026-05-18T22:26:45.289643"}
{"op_code":4,"worker_id":"7b0c5c8a-cc3c-48e1-9e36-68fd0d1ac08f-6259765248","study_id":0,"datetime_start":"2026-05-18T22:27:01.814617"}
{"op_code":9,"worker_id":"7b0c5c8a-cc3c-48e1-9e36-68fd0d1ac08f-6259765248","trial_id":59,"system_attr":{"NSGAIISampler:generation":0}}
{"op_code":5,"worker_id":"7b0c5c8a-cc3c-48e1-9e36-68fd0d1ac08f-6259765248","trial_id":59,"param_name":"exploration_constant_c","param_value_internal":0.22905371795978002,"distribution":"{\"name\": \"FloatDistribution\", \"attributes\": {\"step\": null, \"low\": 0.01, \"high\": 1.0, \"log\": true}}"}
{"op_code":5,"worker_id":"7b0c5c8a-cc3c-48e1-9e36-68fd0d1ac08f-6259765248","trial_id":59,"param_name":"discount_rate","param_value_internal":0.9224224312370484,"distribution":"{\"name\": \"FloatDistribution\", \"attributes\": {\"step\": null, \"low\": 0.9, \"high\": 0.999, \"log\": false}}"}
{"op_code":6,"worker_id":"7b0c5c8a-cc3c-48e1-9e36-68fd0d1ac08f-6276591616","trial_id":49,"state":1,"values":[0.096,2000.0],"datetime_complete":"2026-05-18T22:28:35.023164"}
{"op_code":4,"worker_id":"7b0c5c8a-cc3c-48e1-9e36-68fd0d1ac08f-6276591616","study_id":0,"datetime_start":"2026-05-18T22:28:44.520301"}
{"op_code":9,"worker_id":"7b0c5c8a-cc3c-48e1-9e36-68fd0d1ac08f-6276591616","trial_id":60,"system_attr":{"NSGAIISampler:generation":0}}
{"op_code":5,"worker_id":"7b0c5c8a-cc3c-48e1-9e36-68fd0d1ac08f-6276591616","trial_id":60,"param_name":"exploration_constant_c","param_value_internal":0.13694461826037221,"distribution":"{\"name\": \"FloatDistribution\", \"attributes\": {\"step\": null, \"low\": 0.01, \"high\": 1.0, \"log\": true}}"}
{"op_code":5,"worker_id":"7b0c5c8a-cc3c-48e1-9e36-68fd0d1ac08f-6276591616","trial_id":60,"param_name":"discount_rate","param_value_internal":0.9846486490596781,"distribution":"{\"name\": \"FloatDistribution\", \"attributes\": {\"step\": null, \"low\": 0.9, \"high\": 0.999, \"log\": false}}"}
{"op_code":6,"worker_id":"7b0c5c8a-cc3c-48e1-9e36-68fd0d1ac08f-6226112512","trial_id":54,"state":1,"values":[0.548,2000.0],"datetime_complete":"2026-05-18T22:31:47.387889"}
{"op_code":4,"worker_id":"7b0c5c8a-cc3c-48e1-9e36-68fd0d1ac08f-6226112512","study_id":0,"datetime_start":"2026-05-18T22:31:57.751407"}
{"op_code":9,"worker_id":"7b0c5c8a-cc3c-48e1-9e36-68fd0d1ac08f-6226112512","trial_id":61,"system_attr":{"NSGAIISampler:generation":1}}
{"op_code":3,"worker_id":"7b0c5c8a-cc3c-48e1-9e36-68fd0d1ac08f-6226112512","study_id":0,"system_attr":{"NSGAIISampler:parent:1":[9,18,23,27,7,15,26,44,20,36,30,38,13,24,37,41,14,48,1,29,22,8,16,31,33,6,28,34,40,43,4,11,54,17,45,10,32,46,35,39,2,25,21,5,3,0,49,47,19,12]}}
{"op_code":5,"worker_id":"7b0c5c8a-cc3c-48e1-9e36-68fd0d1ac08f-6226112512","trial_id":61,"param_name":"exploration_constant_c","param_value_internal":0.5877737341247395,"distribution":"{\"name\": \"FloatDistribution\", \"attributes\": {\"step\": null, \"low\": 0.01, \"high\": 1.0, \"log\": true}}"}
{"op_code":6,"worker_id":"7b0c5c8a-cc3c-48e1-9e36-68fd0d1ac08f-6192459776","trial_id":55,"state":1,"values":[0.6467,871.3333],"datetime_complete":"2026-05-18T22:32:17.570689"}
{"op_code":5,"worker_id":"7b0c5c8a-cc3c-48e1-9e36-68fd0d1ac08f-6226112512","trial_id":61,"param_name":"discount_rate","param_value_internal":0.905543215909639,"distribution":"{\"name\": \"FloatDistribution\", \"attributes\": {\"step\": null, \"low\": 0.9, \"high\": 0.999, \"log\": false}}"}
{"op_code":6,"worker_id":"7b0c5c8a-cc3c-48e1-9e36-68fd0d1ac08f-6108327936","trial_id":42,"state":1,"values":[0.67,551.3333],"datetime_complete":"2026-05-18T22:32:46.844078"}
{"op_code":4,"worker_id":"7b0c5c8a-cc3c-48e1-9e36-68fd0d1ac08f-6192459776","study_id":0,"datetime_start":"2026-05-18T22:33:07.370065"}
{"op_code":4,"worker_id":"7b0c5c8a-cc3c-48e1-9e36-68fd0d1ac08f-6108327936","study_id":0,"datetime_start":"2026-05-18T22:33:21.224146"}
{"op_code":6,"worker_id":"7b0c5c8a-cc3c-48e1-9e36-68fd0d1ac08f-6242938880","trial_id":50,"state":1,"values":[0.072,2000.0],"datetime_complete":"2026-05-18T22:33:35.133713"}
{"op_code":9,"worker_id":"7b0c5c8a-cc3c-48e1-9e36-68fd0d1ac08f-6192459776","trial_id":62,"system_attr":{"NSGAIISampler:generation":1}}
{"op_code":6,"worker_id":"7b0c5c8a-cc3c-48e1-9e36-68fd0d1ac08f-6175633408","trial_id":51,"state":1,"values":[0.2447,2000.0],"datetime_complete":"2026-05-18T22:33:50.500688"}
{"op_code":9,"worker_id":"7b0c5c8a-cc3c-48e1-9e36-68fd0d1ac08f-6108327936","trial_id":63,"system_attr":{"NSGAIISampler:generation":1}}
{"op_code":4,"worker_id":"7b0c5c8a-cc3c-48e1-9e36-68fd0d1ac08f-6242938880","study_id":0,"datetime_start":"2026-05-18T22:33:53.566280"}
{"op_code":6,"worker_id":"7b0c5c8a-cc3c-48e1-9e36-68fd0d1ac08f-6293417984","trial_id":52,"state":1,"values":[0.608,851.0],"datetime_complete":"2026-05-18T22:33:57.793754"}
{"op_code":5,"worker_id":"7b0c5c8a-cc3c-48e1-9e36-68fd0d1ac08f-6192459776","trial_id":62,"param_name":"exploration_constant_c","param_value_internal":0.19921376974949784,"distribution":"{\"name\": \"FloatDistribution\", \"attributes\": {\"step\": null, \"low\": 0.01, \"high\": 1.0, \"log\": true}}"}
{"op_code":5,"worker_id":"7b0c5c8a-cc3c-48e1-9e36-68fd0d1ac08f-6192459776","trial_id":62,"param_name":"discount_rate","param_value_internal":0.9834183863940172,"distribution":"{\"name\": \"FloatDistribution\", \"attributes\": {\"step\": null, \"low\": 0.9, \"high\": 0.999, \"log\": false}}"}
{"op_code":4,"worker_id":"7b0c5c8a-cc3c-48e1-9e36-68fd0d1ac08f-6175633408","study_id":0,"datetime_start":"2026-05-18T22:34:09.069102"}
{"op_code":5,"worker_id":"7b0c5c8a-cc3c-48e1-9e36-68fd0d1ac08f-6108327936","trial_id":63,"param_name":"exploration_constant_c","param_value_internal":0.1752432319162198,"distribution":"{\"name\": \"FloatDistribution\", \"attributes\": {\"step\": null, \"low\": 0.01, \"high\": 1.0, \"log\": true}}"}
{"op_code":4,"worker_id":"7b0c5c8a-cc3c-48e1-9e36-68fd0d1ac08f-6293417984","study_id":0,"datetime_start":"2026-05-18T22:34:11.355161"}
{"op_code":5,"worker_id":"7b0c5c8a-cc3c-48e1-9e36-68fd0d1ac08f-6108327936","trial_id":63,"param_name":"discount_rate","param_value_internal":0.9664407628733208,"distribution":"{\"name\": \"FloatDistribution\", \"attributes\": {\"step\": null, \"low\": 0.9, \"high\": 0.999, \"log\": false}}"}
{"op_code":9,"worker_id":"7b0c5c8a-cc3c-48e1-9e36-68fd0d1ac08f-6242938880","trial_id":64,"system_attr":{"NSGAIISampler:generation":1}}
{"op_code":6,"worker_id":"7b0c5c8a-cc3c-48e1-9e36-68fd0d1ac08f-6209286144","trial_id":53,"state":1,"values":[0.746,310.3333],"datetime_complete":"2026-05-18T22:34:12.648547"}
{"op_code":9,"worker_id":"7b0c5c8a-cc3c-48e1-9e36-68fd0d1ac08f-6175633408","trial_id":65,"system_attr":{"NSGAIISampler:generation":1}}
{"op_code":5,"worker_id":"7b0c5c8a-cc3c-48e1-9e36-68fd0d1ac08f-6242938880","trial_id":64,"param_name":"exploration_constant_c","param_value_internal":0.3501347109369972,"distribution":"{\"name\": \"FloatDistribution\", \"attributes\": {\"step\": null, \"low\": 0.01, \"high\": 1.0, \"log\": true}}"}
{"op_code":4,"worker_id":"7b0c5c8a-cc3c-48e1-9e36-68fd0d1ac08f-6209286144","study_id":0,"datetime_start":"2026-05-18T22:34:21.833282"}
{"op_code":9,"worker_id":"7b0c5c8a-cc3c-48e1-9e36-68fd0d1ac08f-6293417984","trial_id":66,"system_attr":{"NSGAIISampler:generation":1}}
{"op_code":5,"worker_id":"7b0c5c8a-cc3c-48e1-9e36-68fd0d1ac08f-6242938880","trial_id":64,"param_name":"discount_rate","param_value_internal":0.9399773819561885,"distribution":"{\"name\": \"FloatDistribution\", \"attributes\": {\"step\": null, \"low\": 0.9, \"high\": 0.999, \"log\": false}}"}
{"op_code":5,"worker_id":"7b0c5c8a-cc3c-48e1-9e36-68fd0d1ac08f-6175633408","trial_id":65,"param_name":"exploration_constant_c","param_value_internal":0.2083312528931417,"distribution":"{\"name\": \"FloatDistribution\", \"attributes\": {\"step\": null, \"low\": 0.01, \"high\": 1.0, \"log\": true}}"}
{"op_code":5,"worker_id":"7b0c5c8a-cc3c-48e1-9e36-68fd0d1ac08f-6175633408","trial_id":65,"param_name":"discount_rate","param_value_internal":0.9232572312419938,"distribution":"{\"name\": \"FloatDistribution\", \"attributes\": {\"step\": null, \"low\": 0.9, \"high\": 0.999, \"log\": false}}"}
{"op_code":5,"worker_id":"7b0c5c8a-cc3c-48e1-9e36-68fd0d1ac08f-6293417984","trial_id":66,"param_name":"exploration_constant_c","param_value_internal":0.04824334862125497,"distribution":"{\"name\": \"FloatDistribution\", \"attributes\": {\"step\": null, \"low\": 0.01, \"high\": 1.0, \"log\": true}}"}
{"op_code":9,"worker_id":"7b0c5c8a-cc3c-48e1-9e36-68fd0d1ac08f-6209286144","trial_id":67,"system_attr":{"NSGAIISampler:generation":1}}
{"op_code":5,"worker_id":"7b0c5c8a-cc3c-48e1-9e36-68fd0d1ac08f-6293417984","trial_id":66,"param_name":"discount_rate","param_value_internal":0.940895419285237,"distribution":"{\"name\": \"FloatDistribution\", \"attributes\": {\"step\": null, \"low\": 0.9, \"high\": 0.999, \"log\": false}}"}
{"op_code":5,"worker_id":"7b0c5c8a-cc3c-48e1-9e36-68fd0d1ac08f-6209286144","trial_id":67,"param_name":"exploration_constant_c","param_value_internal":0.3501347109369972,"distribution":"{\"name\": \"FloatDistribution\", \"attributes\": {\"step\": null, \"low\": 0.01, \"high\": 1.0, \"log\": true}}"}
{"op_code":5,"worker_id":"7b0c5c8a-cc3c-48e1-9e36-68fd0d1ac08f-6209286144","trial_id":67,"param_name":"discount_rate","param_value_internal":0.9687573794918318,"distribution":"{\"name\": \"FloatDistribution\", \"attributes\": {\"step\": null, \"low\": 0.9, \"high\": 0.999, \"log\": false}}"}
{"op_code":6,"worker_id":"7b0c5c8a-cc3c-48e1-9e36-68fd0d1ac08f-6141980672","trial_id":58,"state":1,"values":[0.5633,1808.3333],"datetime_complete":"2026-05-18T22:37:32.748724"}
{"op_code":4,"worker_id":"7b0c5c8a-cc3c-48e1-9e36-68fd0d1ac08f-6141980672","study_id":0,"datetime_start":"2026-05-18T22:37:43.445666"}
{"op_code":9,"worker_id":"7b0c5c8a-cc3c-48e1-9e36-68fd0d1ac08f-6141980672","trial_id":68,"system_attr":{"NSGAIISampler:generation":1}}
{"op_code":5,"worker_id":"7b0c5c8a-cc3c-48e1-9e36-68fd0d1ac08f-6141980672","trial_id":68,"param_name":"exploration_constant_c","param_value_internal":0.015272752423848483,"distribution":"{\"name\": \"FloatDistribution\", \"attributes\": {\"step\": null, \"low\": 0.01, \"high\": 1.0, \"log\": true}}"}
{"op_code":5,"worker_id":"7b0c5c8a-cc3c-48e1-9e36-68fd0d1ac08f-6141980672","trial_id":68,"param_name":"discount_rate","param_value_internal":0.9518564477696072,"distribution":"{\"name\": \"FloatDistribution\", \"attributes\": {\"step\": null, \"low\": 0.9, \"high\": 0.999, \"log\": false}}"}
{"op_code":6,"worker_id":"7b0c5c8a-cc3c-48e1-9e36-68fd0d1ac08f-6259765248","trial_id":59,"state":1,"values":[0.444,2000.0],"datetime_complete":"2026-05-18T22:46:44.638793"}
{"op_code":4,"worker_id":"7b0c5c8a-cc3c-48e1-9e36-68fd0d1ac08f-6259765248","study_id":0,"datetime_start":"2026-05-18T22:46:47.330223"}
{"op_code":9,"worker_id":"7b0c5c8a-cc3c-48e1-9e36-68fd0d1ac08f-6259765248","trial_id":69,"system_attr":{"NSGAIISampler:generation":1}}
{"op_code":5,"worker_id":"7b0c5c8a-cc3c-48e1-9e36-68fd0d1ac08f-6259765248","trial_id":69,"param_name":"exploration_constant_c","param_value_internal":0.626562663422516,"distribution":"{\"name\": \"FloatDistribution\", \"attributes\": {\"step\": null, \"low\": 0.01, \"high\": 1.0, \"log\": true}}"}
{"op_code":5,"worker_id":"7b0c5c8a-cc3c-48e1-9e36-68fd0d1ac08f-6259765248","trial_id":69,"param_name":"discount_rate","param_value_internal":0.9719416292314537,"distribution":"{\"name\": \"FloatDistribution\", \"attributes\": {\"step\": null, \"low\": 0.9, \"high\": 0.999, \"log\": false}}"}
{"op_code":6,"worker_id":"7b0c5c8a-cc3c-48e1-9e36-68fd0d1ac08f-6192459776","trial_id":62,"state":1,"values":[0.7393,412.6667],"datetime_complete":"2026-05-18T22:51:18.126382"}
{"op_code":4,"worker_id":"7b0c5c8a-cc3c-48e1-9e36-68fd0d1ac08f-6192459776","study_id":0,"datetime_start":"2026-05-18T22:51:25.459459"}
{"op_code":9,"worker_id":"7b0c5c8a-cc3c-48e1-9e36-68fd0d1ac08f-6192459776","trial_id":70,"system_attr":{"NSGAIISampler:generation":1}}
{"op_code":5,"worker_id":"7b0c5c8a-cc3c-48e1-9e36-68fd0d1ac08f-6192459776","trial_id":70,"param_name":"exploration_constant_c","param_value_internal":0.15351895133626164,"distribution":"{\"name\": \"FloatDistribution\", \"attributes\": {\"step\": null, \"low\": 0.01, \"high\": 1.0, \"log\": true}}"}
{"op_code":6,"worker_id":"7b0c5c8a-cc3c-48e1-9e36-68fd0d1ac08f-6108327936","trial_id":63,"state":1,"values":[0.7153,538.0],"datetime_complete":"2026-05-18T22:51:43.313089"}
{"op_code":5,"worker_id":"7b0c5c8a-cc3c-48e1-9e36-68fd0d1ac08f-6192459776","trial_id":70,"param_name":"discount_rate","param_value_internal":0.9095798011906816,"distribution":"{\"name\": \"FloatDistribution\", \"attributes\": {\"step\": null, \"low\": 0.9, \"high\": 0.999, \"log\": false}}"}
{"op_code":4,"worker_id":"7b0c5c8a-cc3c-48e1-9e36-68fd0d1ac08f-6108327936","study_id":0,"datetime_start":"2026-05-18T22:52:08.202141"}
{"op_code":9,"worker_id":"7b0c5c8a-cc3c-48e1-9e36-68fd0d1ac08f-6108327936","trial_id":71,"system_attr":{"NSGAIISampler:generation":1}}
{"op_code":5,"worker_id":"7b0c5c8a-cc3c-48e1-9e36-68fd0d1ac08f-6108327936","trial_id":71,"param_name":"exploration_constant_c","param_value_internal":0.05668031623736723,"distribution":"{\"name\": \"FloatDistribution\", \"attributes\": {\"step\": null, \"low\": 0.01, \"high\": 1.0, \"log\": true}}"}
{"op_code":5,"worker_id":"7b0c5c8a-cc3c-48e1-9e36-68fd0d1ac08f-6108327936","trial_id":71,"param_name":"discount_rate","param_value_internal":0.9382318168083231,"distribution":"{\"name\": \"FloatDistribution\", \"attributes\": {\"step\": null, \"low\": 0.9, \"high\": 0.999, \"log\": false}}"}
{"op_code":6,"worker_id":"7b0c5c8a-cc3c-48e1-9e36-68fd0d1ac08f-6209286144","trial_id":67,"state":1,"values":[0.6053,1427.6667],"datetime_complete":"2026-05-18T22:54:05.328853"}
{"op_code":6,"worker_id":"7b0c5c8a-cc3c-48e1-9e36-68fd0d1ac08f-6226112512","trial_id":61,"state":1,"values":[0.0673,2000.0],"datetime_complete":"2026-05-18T22:54:12.383092"}
{"op_code":4,"worker_id":"7b0c5c8a-cc3c-48e1-9e36-68fd0d1ac08f-6209286144","study_id":0,"datetime_start":"2026-05-18T22:54:16.838679"}
{"op_code":4,"worker_id":"7b0c5c8a-cc3c-48e1-9e36-68fd0d1ac08f-6226112512","study_id":0,"datetime_start":"2026-05-18T22:54:23.239614"}
{"op_code":9,"worker_id":"7b0c5c8a-cc3c-48e1-9e36-68fd0d1ac08f-6209286144","trial_id":72,"system_attr":{"NSGAIISampler:generation":1}}
{"op_code":6,"worker_id":"7b0c5c8a-cc3c-48e1-9e36-68fd0d1ac08f-6276591616","trial_id":60,"state":1,"values":[0.7453,363.0],"datetime_complete":"2026-05-18T22:54:52.997882"}
{"op_code":9,"worker_id":"7b0c5c8a-cc3c-48e1-9e36-68fd0d1ac08f-6226112512","trial_id":73,"system_attr":{"NSGAIISampler:generation":1}}
{"op_code":5,"worker_id":"7b0c5c8a-cc3c-48e1-9e36-68fd0d1ac08f-6209286144","trial_id":72,"param_name":"exploration_constant_c","param_value_internal":0.0532423538661976,"distribution":"{\"name\": \"FloatDistribution\", \"attributes\": {\"step\": null, \"low\": 0.01, \"high\": 1.0, \"log\": true}}"}
{"op_code":5,"worker_id":"7b0c5c8a-cc3c-48e1-9e36-68fd0d1ac08f-6209286144","trial_id":72,"param_name":"discount_rate","param_value_internal":0.9983806966633451,"distribution":"{\"name\": \"FloatDistribution\", \"attributes\": {\"step\": null, \"low\": 0.9, \"high\": 0.999, \"log\": false}}"}
{"op_code":4,"worker_id":"7b0c5c8a-cc3c-48e1-9e36-68fd0d1ac08f-6276591616","study_id":0,"datetime_start":"2026-05-18T22:55:27.623303"}
{"op_code":5,"worker_id":"7b0c5c8a-cc3c-48e1-9e36-68fd0d1ac08f-6226112512","trial_id":73,"param_name":"exploration_constant_c","param_value_internal":0.02490584542039885,"distribution":"{\"name\": \"FloatDistribution\", \"attributes\": {\"step\": null, \"low\": 0.01, \"high\": 1.0, \"log\": true}}"}
{"op_code":5,"worker_id":"7b0c5c8a-cc3c-48e1-9e36-68fd0d1ac08f-6226112512","trial_id":73,"param_name":"discount_rate","param_value_internal":0.9173535395845754,"distribution":"{\"name\": \"FloatDistribution\", \"attributes\": {\"step\": null, \"low\": 0.9, \"high\": 0.999, \"log\": false}}"}
{"op_code":6,"worker_id":"7b0c5c8a-cc3c-48e1-9e36-68fd0d1ac08f-6293417984","trial_id":66,"state":1,"values":[0.71,436.3333],"datetime_complete":"2026-05-18T22:56:11.398041"}
{"op_code":6,"worker_id":"7b0c5c8a-cc3c-48e1-9e36-68fd0d1ac08f-6242938880","trial_id":64,"state":1,"values":[0.39,2000.0],"datetime_complete":"2026-05-18T22:56:15.139862"}
{"op_code":6,"worker_id":"7b0c5c8a-cc3c-48e1-9e36-68fd0d1ac08f-6141980672","trial_id":68,"state":1,"values":[0.5,1448.6667],"datetime_complete":"2026-05-18T22:56:17.609630"}
{"op_code":9,"worker_id":"7b0c5c8a-cc3c-48e1-9e36-68fd0d1ac08f-6276591616","trial_id":74,"system_attr":{"NSGAIISampler:generation":1}}
{"op_code":6,"worker_id":"7b0c5c8a-cc3c-48e1-9e36-68fd0d1ac08f-6175633408","trial_id":65,"state":1,"values":[0.494,1895.6667],"datetime_complete":"2026-05-18T22:56:32.215779"}
{"op_code":4,"worker_id":"7b0c5c8a-cc3c-48e1-9e36-68fd0d1ac08f-6293417984","study_id":0,"datetime_start":"2026-05-18T22:56:45.162463"}
{"op_code":4,"worker_id":"7b0c5c8a-cc3c-48e1-9e36-68fd0d1ac08f-6242938880","study_id":0,"datetime_start":"2026-05-18T22:56:51.218883"}
{"op_code":4,"worker_id":"7b0c5c8a-cc3c-48e1-9e36-68fd0d1ac08f-6141980672","study_id":0,"datetime_start":"2026-05-18T22:56:52.825294"}
{"op_code":5,"worker_id":"7b0c5c8a-cc3c-48e1-9e36-68fd0d1ac08f-6276591616","trial_id":74,"param_name":"exploration_constant_c","param_value_internal":0.059991060225751965,"distribution":"{\"name\": \"FloatDistribution\", \"attributes\": {\"step\": null, \"low\": 0.01, \"high\": 1.0, \"log\": true}}"}
{"op_code":4,"worker_id":"7b0c5c8a-cc3c-48e1-9e36-68fd0d1ac08f-6175633408","study_id":0,"datetime_start":"2026-05-18T22:57:16.951361"}
{"op_code":5,"worker_id":"7b0c5c8a-cc3c-48e1-9e36-68fd0d1ac08f-6276591616","trial_id":74,"param_name":"discount_rate","param_value_internal":0.9926714709783417,"distribution":"{\"name\": \"FloatDistribution\", \"attributes\": {\"step\": null, \"low\": 0.9, \"high\": 0.999, \"log\": false}}"}
{"op_code":9,"worker_id":"7b0c5c8a-cc3c-48e1-9e36-68fd0d1ac08f-6293417984","trial_id":75,"system_attr":{"NSGAIISampler:generation":1}}
{"op_code":9,"worker_id":"7b0c5c8a-cc3c-48e1-9e36-68fd0d1ac08f-6242938880","trial_id":76,"system_attr":{"NSGAIISampler:generation":1}}
{"op_code":9,"worker_id":"7b0c5c8a-cc3c-48e1-9e36-68fd0d1ac08f-6141980672","trial_id":77,"system_attr":{"NSGAIISampler:generation":1}}
{"op_code":9,"worker_id":"7b0c5c8a-cc3c-48e1-9e36-68fd0d1ac08f-6175633408","trial_id":78,"system_attr":{"NSGAIISampler:generation":1}}
{"op_code":5,"worker_id":"7b0c5c8a-cc3c-48e1-9e36-68fd0d1ac08f-6293417984","trial_id":75,"param_name":"exploration_constant_c","param_value_internal":0.0490745994254302,"distribution":"{\"name\": \"FloatDistribution\", \"attributes\": {\"step\": null, \"low\": 0.01, \"high\": 1.0, \"log\": true}}"}
{"op_code":5,"worker_id":"7b0c5c8a-cc3c-48e1-9e36-68fd0d1ac08f-6242938880","trial_id":76,"param_name":"exploration_constant_c","param_value_internal":0.041613852183383516,"distribution":"{\"name\": \"FloatDistribution\", \"attributes\": {\"step\": null, \"low\": 0.01, \"high\": 1.0, \"log\": true}}"}
{"op_code":5,"worker_id":"7b0c5c8a-cc3c-48e1-9e36-68fd0d1ac08f-6141980672","trial_id":77,"param_name":"exploration_constant_c","param_value_internal":0.05590305678578339,"distribution":"{\"name\": \"FloatDistribution\", \"attributes\": {\"step\": null, \"low\": 0.01, \"high\": 1.0, \"log\": true}}"}
{"op_code":5,"worker_id":"7b0c5c8a-cc3c-48e1-9e36-68fd0d1ac08f-6293417984","trial_id":75,"param_name":"discount_rate","param_value_internal":0.995214367548415,"distribution":"{\"name\": \"FloatDistribution\", \"attributes\": {\"step\": null, \"low\": 0.9, \"high\": 0.999, \"log\": false}}"}
{"op_code":5,"worker_id":"7b0c5c8a-cc3c-48e1-9e36-68fd0d1ac08f-6242938880","trial_id":76,"param_name":"discount_rate","param_value_internal":0.976199370820431,"distribution":"{\"name\": \"FloatDistribution\", \"attributes\": {\"step\": null, \"low\": 0.9, \"high\": 0.999, \"log\": false}}"}
{"op_code":5,"worker_id":"7b0c5c8a-cc3c-48e1-9e36-68fd0d1ac08f-6141980672","trial_id":77,"param_name":"discount_rate","param_value_internal":0.9367387670049366,"distribution":"{\"name\": \"FloatDistribution\", \"attributes\": {\"step\": null, \"low\": 0.9, \"high\": 0.999, \"log\": false}}"}
{"op_code":5,"worker_id":"7b0c5c8a-cc3c-48e1-9e36-68fd0d1ac08f-6175633408","trial_id":78,"param_name":"exploration_constant_c","param_value_internal":0.013136275007982999,"distribution":"{\"name\": \"FloatDistribution\", \"attributes\": {\"step\": null, \"low\": 0.01, \"high\": 1.0, \"log\": true}}"}
{"op_code":5,"worker_id":"7b0c5c8a-cc3c-48e1-9e36-68fd0d1ac08f-6175633408","trial_id":78,"param_name":"discount_rate","param_value_internal":0.909247512658229,"distribution":"{\"name\": \"FloatDistribution\", \"attributes\": {\"step\": null, \"low\": 0.9, \"high\": 0.999, \"log\": false}}"}
{"op_code":6,"worker_id":"7b0c5c8a-cc3c-48e1-9e36-68fd0d1ac08f-6259765248","trial_id":69,"state":1,"values":[0.422,1793.3333],"datetime_complete":"2026-05-18T23:06:33.467276"}
{"op_code":4,"worker_id":"7b0c5c8a-cc3c-48e1-9e36-68fd0d1ac08f-6259765248","study_id":0,"datetime_start":"2026-05-18T23:06:46.063032"}
{"op_code":9,"worker_id":"7b0c5c8a-cc3c-48e1-9e36-68fd0d1ac08f-6259765248","trial_id":79,"system_attr":{"NSGAIISampler:generation":1}}
{"op_code":5,"worker_id":"7b0c5c8a-cc3c-48e1-9e36-68fd0d1ac08f-6259765248","trial_id":79,"param_name":"exploration_constant_c","param_value_internal":0.011416419427970477,"distribution":"{\"name\": \"FloatDistribution\", \"attributes\": {\"step\": null, \"low\": 0.01, \"high\": 1.0, \"log\": true}}"}
{"op_code":5,"worker_id":"7b0c5c8a-cc3c-48e1-9e36-68fd0d1ac08f-6259765248","trial_id":79,"param_name":"discount_rate","param_value_internal":0.9433559028019776,"distribution":"{\"name\": \"FloatDistribution\", \"attributes\": {\"step\": null, \"low\": 0.9, \"high\": 0.999, \"log\": false}}"}
{"op_code":6,"worker_id":"7b0c5c8a-cc3c-48e1-9e36-68fd0d1ac08f-6108327936","trial_id":71,"state":1,"values":[0.5613,1447.0],"datetime_complete":"2026-05-18T23:07:44.041622"}
{"op_code":4,"worker_id":"7b0c5c8a-cc3c-48e1-9e36-68fd0d1ac08f-6108327936","study_id":0,"datetime_start":"2026-05-18T23:07:59.160818"}
{"op_code":9,"worker_id":"7b0c5c8a-cc3c-48e1-9e36-68fd0d1ac08f-6108327936","trial_id":80,"system_attr":{"NSGAIISampler:generation":1}}
{"op_code":5,"worker_id":"7b0c5c8a-cc3c-48e1-9e36-68fd0d1ac08f-6108327936","trial_id":80,"param_name":"exploration_constant_c","param_value_internal":0.041613852183383516,"distribution":"{\"name\": \"FloatDistribution\", \"attributes\": {\"step\": null, \"low\": 0.01, \"high\": 1.0, \"log\": true}}"}
{"op_code":5,"worker_id":"7b0c5c8a-cc3c-48e1-9e36-68fd0d1ac08f-6108327936","trial_id":80,"param_name":"discount_rate","param_value_internal":0.9824816731286609,"distribution":"{\"name\": \"FloatDistribution\", \"attributes\": {\"step\": null, \"low\": 0.9, \"high\": 0.999, \"log\": false}}"}
{"op_code":6,"worker_id":"7b0c5c8a-cc3c-48e1-9e36-68fd0d1ac08f-6192459776","trial_id":70,"state":1,"values":[0.4867,1868.0],"datetime_complete":"2026-05-18T23:09:34.342844"}
{"op_code":4,"worker_id":"7b0c5c8a-cc3c-48e1-9e36-68fd0d1ac08f-6192459776","study_id":0,"datetime_start":"2026-05-18T23:09:55.222654"}
{"op_code":9,"worker_id":"7b0c5c8a-cc3c-48e1-9e36-68fd0d1ac08f-6192459776","trial_id":81,"system_attr":{"NSGAIISampler:generation":1}}
{"op_code":5,"worker_id":"7b0c5c8a-cc3c-48e1-9e36-68fd0d1ac08f-6192459776","trial_id":81,"param_name":"exploration_constant_c","param_value_internal":0.016889422455795874,"distribution":"{\"name\": \"FloatDistribution\", \"attributes\": {\"step\": null, \"low\": 0.01, \"high\": 1.0, \"log\": true}}"}
{"op_code":5,"worker_id":"7b0c5c8a-cc3c-48e1-9e36-68fd0d1ac08f-6192459776","trial_id":81,"param_name":"discount_rate","param_value_internal":0.9829202894102964,"distribution":"{\"name\": \"FloatDistribution\", \"attributes\": {\"step\": null, \"low\": 0.9, \"high\": 0.999, \"log\": false}}"}
{"op_code":6,"worker_id":"7b0c5c8a-cc3c-48e1-9e36-68fd0d1ac08f-6209286144","trial_id":72,"state":1,"values":[0.718,415.6667],"datetime_complete":"2026-05-18T23:13:25.591871"}
{"op_code":6,"worker_id":"7b0c5c8a-cc3c-48e1-9e36-68fd0d1ac08f-6125154304","trial_id":57,"state":1,"values":[0.5507,1591.6667],"datetime_complete":"2026-05-18T23:13:29.517507"}
{"op_code":4,"worker_id":"7b0c5c8a-cc3c-48e1-9e36-68fd0d1ac08f-6209286144","study_id":0,"datetime_start":"2026-05-18T23:13:35.841636"}
{"op_code":4,"worker_id":"7b0c5c8a-cc3c-48e1-9e36-68fd0d1ac08f-6125154304","study_id":0,"datetime_start":"2026-05-18T23:13:41.232039"}
{"op_code":9,"worker_id":"7b0c5c8a-cc3c-48e1-9e36-68fd0d1ac08f-6209286144","trial_id":82,"system_attr":{"NSGAIISampler:generation":1}}
{"op_code":9,"worker_id":"7b0c5c8a-cc3c-48e1-9e36-68fd0d1ac08f-6125154304","trial_id":83,"system_attr":{"NSGAIISampler:generation":1}}
{"op_code":6,"worker_id":"7b0c5c8a-cc3c-48e1-9e36-68fd0d1ac08f-6158807040","trial_id":56,"state":1,"values":[0.7207,213.3333],"datetime_complete":"2026-05-18T23:14:00.683197"}
{"op_code":5,"worker_id":"7b0c5c8a-cc3c-48e1-9e36-68fd0d1ac08f-6209286144","trial_id":82,"param_name":"exploration_constant_c","param_value_internal":0.39761530209396084,"distribution":"{\"name\": \"FloatDistribution\", \"attributes\": {\"step\": null, \"low\": 0.01, \"high\": 1.0, \"log\": true}}"}
{"op_code":5,"worker_id":"7b0c5c8a-cc3c-48e1-9e36-68fd0d1ac08f-6209286144","trial_id":82,"param_name":"discount_rate","param_value_internal":0.9195718659558257,"distribution":"{\"name\": \"FloatDistribution\", \"attributes\": {\"step\": null, \"low\": 0.9, \"high\": 0.999, \"log\": false}}"}
{"op_code":5,"worker_id":"7b0c5c8a-cc3c-48e1-9e36-68fd0d1ac08f-6125154304","trial_id":83,"param_name":"exploration_constant_c","param_value_internal":0.04361035051160424,"distribution":"{\"name\": \"FloatDistribution\", \"attributes\": {\"step\": null, \"low\": 0.01, \"high\": 1.0, \"log\": true}}"}
{"op_code":5,"worker_id":"7b0c5c8a-cc3c-48e1-9e36-68fd0d1ac08f-6125154304","trial_id":83,"param_name":"discount_rate","param_value_internal":0.9923742605703116,"distribution":"{\"name\": \"FloatDistribution\", \"attributes\": {\"step\": null, \"low\": 0.9, \"high\": 0.999, \"log\": false}}"}
{"op_code":4,"worker_id":"7b0c5c8a-cc3c-48e1-9e36-68fd0d1ac08f-6158807040","study_id":0,"datetime_start":"2026-05-18T23:14:28.970925"}
{"op_code":9,"worker_id":"7b0c5c8a-cc3c-48e1-9e36-68fd0d1ac08f-6158807040","trial_id":84,"system_attr":{"NSGAIISampler:generation":1}}
{"op_code":6,"worker_id":"7b0c5c8a-cc3c-48e1-9e36-68fd0d1ac08f-6141980672","trial_id":77,"state":1,"values":[0.6393,1293.6667],"datetime_complete":"2026-05-18T23:14:42.927499"}
{"op_code":5,"worker_id":"7b0c5c8a-cc3c-48e1-9e36-68fd0d1ac08f-6158807040","trial_id":84,"param_name":"exploration_constant_c","param_value_internal":0.02499400967778317,"distribution":"{\"name\": \"FloatDistribution\", \"attributes\": {\"step\": null, \"low\": 0.01, \"high\": 1.0, \"log\": true}}"}
{"op_code":5,"worker_id":"7b0c5c8a-cc3c-48e1-9e36-68fd0d1ac08f-6158807040","trial_id":84,"param_name":"discount_rate","param_value_internal":0.9843205299768125,"distribution":"{\"name\": \"FloatDistribution\", \"attributes\": {\"step\": null, \"low\": 0.9, \"high\": 0.999, \"log\": false}}"}
{"op_code":4,"worker_id":"7b0c5c8a-cc3c-48e1-9e36-68fd0d1ac08f-6141980672","study_id":0,"datetime_start":"2026-05-18T23:14:52.533661"}
{"op_code":9,"worker_id":"7b0c5c8a-cc3c-48e1-9e36-68fd0d1ac08f-6141980672","trial_id":85,"system_attr":{"NSGAIISampler:generation":1}}
{"op_code":5,"worker_id":"7b0c5c8a-cc3c-48e1-9e36-68fd0d1ac08f-6141980672","trial_id":85,"param_name":"exploration_constant_c","param_value_internal":0.09220801400523011,"distribution":"{\"name\": \"FloatDistribution\", \"attributes\": {\"step\": null, \"low\": 0.01, \"high\": 1.0, \"log\": true}}"}
{"op_code":5,"worker_id":"7b0c5c8a-cc3c-48e1-9e36-68fd0d1ac08f-6141980672","trial_id":85,"param_name":"discount_rate","param_value_internal":0.9698325916186057,"distribution":"{\"name\": \"FloatDistribution\", \"attributes\": {\"step\": null, \"low\": 0.9, \"high\": 0.999, \"log\": false}}"}
{"op_code":6,"worker_id":"7b0c5c8a-cc3c-48e1-9e36-68fd0d1ac08f-6226112512","trial_id":73,"state":1,"values":[0.66,1035.6667],"datetime_complete":"2026-05-18T23:18:31.763279"}
{"op_code":4,"worker_id":"7b0c5c8a-cc3c-48e1-9e36-68fd0d1ac08f-6226112512","study_id":0,"datetime_start":"2026-05-18T23:18:36.341765"}
{"op_code":9,"worker_id":"7b0c5c8a-cc3c-48e1-9e36-68fd0d1ac08f-6226112512","trial_id":86,"system_attr":{"NSGAIISampler:generation":1}}
{"op_code":5,"worker_id":"7b0c5c8a-cc3c-48e1-9e36-68fd0d1ac08f-6226112512","trial_id":86,"param_name":"exploration_constant_c","param_value_internal":0.016594278452624574,"distribution":"{\"name\": \"FloatDistribution\", \"attributes\": {\"step\": null, \"low\": 0.01, \"high\": 1.0, \"log\": true}}"}
{"op_code":5,"worker_id":"7b0c5c8a-cc3c-48e1-9e36-68fd0d1ac08f-6226112512","trial_id":86,"param_name":"discount_rate","param_value_internal":0.9578921135052624,"distribution":"{\"name\": \"FloatDistribution\", \"attributes\": {\"step\": null, \"low\": 0.9, \"high\": 0.999, \"log\": false}}"}
{"op_code":6,"worker_id":"7b0c5c8a-cc3c-48e1-9e36-68fd0d1ac08f-6259765248","trial_id":79,"state":1,"values":[0.344,1439.3333],"datetime_complete":"2026-05-18T23:18:51.972713"}
{"op_code":4,"worker_id":"7b0c5c8a-cc3c-48e1-9e36-68fd0d1ac08f-6259765248","study_id":0,"datetime_start":"2026-05-18T23:18:57.822682"}
{"op_code":9,"worker_id":"7b0c5c8a-cc3c-48e1-9e36-68fd0d1ac08f-6259765248","trial_id":87,"system_attr":{"NSGAIISampler:generation":1}}
{"op_code":5,"worker_id":"7b0c5c8a-cc3c-48e1-9e36-68fd0d1ac08f-6259765248","trial_id":87,"param_name":"exploration_constant_c","param_value_internal":0.24856771155310042,"distribution":"{\"name\": \"FloatDistribution\", \"attributes\": {\"step\": null, \"low\": 0.01, \"high\": 1.0, \"log\": true}}"}
{"op_code":5,"worker_id":"7b0c5c8a-cc3c-48e1-9e36-68fd0d1ac08f-6259765248","trial_id":87,"param_name":"discount_rate","param_value_internal":0.9858481299116162,"distribution":"{\"name\": \"FloatDistribution\", \"attributes\": {\"step\": null, \"low\": 0.9, \"high\": 0.999, \"log\": false}}"}
{"op_code":6,"worker_id":"7b0c5c8a-cc3c-48e1-9e36-68fd0d1ac08f-6175633408","trial_id":78,"state":1,"values":[0.39,1514.6667],"datetime_complete":"2026-05-18T23:22:55.839137"}
{"op_code":4,"worker_id":"7b0c5c8a-cc3c-48e1-9e36-68fd0d1ac08f-6175633408","study_id":0,"datetime_start":"2026-05-18T23:23:01.810711"}
{"op_code":9,"worker_id":"7b0c5c8a-cc3c-48e1-9e36-68fd0d1ac08f-6175633408","trial_id":88,"system_attr":{"NSGAIISampler:generation":1}}
{"op_code":5,"worker_id":"7b0c5c8a-cc3c-48e1-9e36-68fd0d1ac08f-6175633408","trial_id":88,"param_name":"exploration_constant_c","param_value_internal":0.44517765785138713,"distribution":"{\"name\": \"FloatDistribution\", \"attributes\": {\"step\": null, \"low\": 0.01, \"high\": 1.0, \"log\": true}}"}
{"op_code":5,"worker_id":"7b0c5c8a-cc3c-48e1-9e36-68fd0d1ac08f-6175633408","trial_id":88,"param_name":"discount_rate","param_value_internal":0.9640106222729231,"distribution":"{\"name\": \"FloatDistribution\", \"attributes\": {\"step\": null, \"low\": 0.9, \"high\": 0.999, \"log\": false}}"}
{"op_code":6,"worker_id":"7b0c5c8a-cc3c-48e1-9e36-68fd0d1ac08f-6141980672","trial_id":85,"state":1,"values":[0.686,494.3333],"datetime_complete":"2026-05-18T23:24:56.383653"}
{"op_code":4,"worker_id":"7b0c5c8a-cc3c-48e1-9e36-68fd0d1ac08f-6141980672","study_id":0,"datetime_start":"2026-05-18T23:25:01.245225"}
{"op_code":9,"worker_id":"7b0c5c8a-cc3c-48e1-9e36-68fd0d1ac08f-6141980672","trial_id":89,"system_attr":{"NSGAIISampler:generation":1}}
{"op_code":5,"worker_id":"7b0c5c8a-cc3c-48e1-9e36-68fd0d1ac08f-6141980672","trial_id":89,"param_name":"exploration_constant_c","param_value_internal":0.13418782178196884,"distribution":"{\"name\": \"FloatDistribution\", \"attributes\": {\"step\": null, \"low\": 0.01, \"high\": 1.0, \"log\": true}}"}
{"op_code":5,"worker_id":"7b0c5c8a-cc3c-48e1-9e36-68fd0d1ac08f-6141980672","trial_id":89,"param_name":"discount_rate","param_value_internal":0.9664407628733208,"distribution":"{\"name\": \"FloatDistribution\", \"attributes\": {\"step\": null, \"low\": 0.9, \"high\": 0.999, \"log\": false}}"}
{"op_code":6,"worker_id":"7b0c5c8a-cc3c-48e1-9e36-68fd0d1ac08f-6259765248","trial_id":87,"state":1,"values":[0.732,578.3333],"datetime_complete":"2026-05-18T23:31:17.431050"}
{"op_code":4,"worker_id":"7b0c5c8a-cc3c-48e1-9e36-68fd0d1ac08f-6259765248","study_id":0,"datetime_start":"2026-05-18T23:31:19.201381"}
{"op_code":9,"worker_id":"7b0c5c8a-cc3c-48e1-9e36-68fd0d1ac08f-6259765248","trial_id":90,"system_attr":{"NSGAIISampler:generation":1}}
{"op_code":5,"worker_id":"7b0c5c8a-cc3c-48e1-9e36-68fd0d1ac08f-6259765248","trial_id":90,"param_name":"exploration_constant_c","param_value_internal":0.022963727496534837,"distribution":"{\"name\": \"FloatDistribution\", \"attributes\": {\"step\": null, \"low\": 0.01, \"high\": 1.0, \"log\": true}}"}
{"op_code":5,"worker_id":"7b0c5c8a-cc3c-48e1-9e36-68fd0d1ac08f-6259765248","trial_id":90,"param_name":"discount_rate","param_value_internal":0.9213667711474857,"distribution":"{\"name\": \"FloatDistribution\", \"attributes\": {\"step\": null, \"low\": 0.9, \"high\": 0.999, \"log\": false}}"}
{"op_code":6,"worker_id":"7b0c5c8a-cc3c-48e1-9e36-68fd0d1ac08f-6209286144","trial_id":82,"state":1,"values":[0.2093,2000.0],"datetime_complete":"2026-05-18T23:32:40.221828"}
{"op_code":4,"worker_id":"7b0c5c8a-cc3c-48e1-9e36-68fd0d1ac08f-6209286144","study_id":0,"datetime_start":"2026-05-18T23:32:50.051318"}
{"op_code":9,"worker_id":"7b0c5c8a-cc3c-48e1-9e36-68fd0d1ac08f-6209286144","trial_id":91,"system_attr":{"NSGAIISampler:generation":1}}
{"op_code":5,"worker_id":"7b0c5c8a-cc3c-48e1-9e36-68fd0d1ac08f-6209286144","trial_id":91,"param_name":"exploration_constant_c","param_value_internal":0.13418782178196884,"distribution":"{\"name\": \"FloatDistribution\", \"attributes\": {\"step\": null, \"low\": 0.01, \"high\": 1.0, \"log\": true}}"}
{"op_code":5,"worker_id":"7b0c5c8a-cc3c-48e1-9e36-68fd0d1ac08f-6209286144","trial_id":91,"param_name":"discount_rate","param_value_internal":0.9281912642273863,"distribution":"{\"name\": \"FloatDistribution\", \"attributes\": {\"step\": null, \"low\": 0.9, \"high\": 0.999, \"log\": false}}"}
{"op_code":6,"worker_id":"7b0c5c8a-cc3c-48e1-9e36-68fd0d1ac08f-6175633408","trial_id":88,"state":1,"values":[0.4287,2000.0],"datetime_complete":"2026-05-18T23:35:44.653484"}
{"op_code":4,"worker_id":"7b0c5c8a-cc3c-48e1-9e36-68fd0d1ac08f-6175633408","study_id":0,"datetime_start":"2026-05-18T23:35:56.253682"}
{"op_code":9,"worker_id":"7b0c5c8a-cc3c-48e1-9e36-68fd0d1ac08f-6175633408","trial_id":92,"system_attr":{"NSGAIISampler:generation":1}}
{"op_code":5,"worker_id":"7b0c5c8a-cc3c-48e1-9e36-68fd0d1ac08f-6175633408","trial_id":92,"param_name":"exploration_constant_c","param_value_internal":0.09900852192118169,"distribution":"{\"name\": \"FloatDistribution\", \"attributes\": {\"step\": null, \"low\": 0.01, \"high\": 1.0, \"log\": true}}"}
{"op_code":5,"worker_id":"7b0c5c8a-cc3c-48e1-9e36-68fd0d1ac08f-6175633408","trial_id":92,"param_name":"discount_rate","param_value_internal":0.9843205299768125,"distribution":"{\"name\": \"FloatDistribution\", \"attributes\": {\"step\": null, \"low\": 0.9, \"high\": 0.999, \"log\": false}}"}
{"op_code":6,"worker_id":"7b0c5c8a-cc3c-48e1-9e36-68fd0d1ac08f-6141980672","trial_id":89,"state":1,"values":[0.7393,430.3333],"datetime_complete":"2026-05-18T23:37:29.615655"}
{"op_code":4,"worker_id":"7b0c5c8a-cc3c-48e1-9e36-68fd0d1ac08f-6141980672","study_id":0,"datetime_start":"2026-05-18T23:37:35.009798"}
{"op_code":9,"worker_id":"7b0c5c8a-cc3c-48e1-9e36-68fd0d1ac08f-6141980672","trial_id":93,"system_attr":{"NSGAIISampler:generation":1}}
{"op_code":5,"worker_id":"7b0c5c8a-cc3c-48e1-9e36-68fd0d1ac08f-6141980672","trial_id":93,"param_name":"exploration_constant_c","param_value_internal":0.09921567142193059,"distribution":"{\"name\": \"FloatDistribution\", \"attributes\": {\"step\": null, \"low\": 0.01, \"high\": 1.0, \"log\": true}}"}
{"op_code":5,"worker_id":"7b0c5c8a-cc3c-48e1-9e36-68fd0d1ac08f-6141980672","trial_id":93,"param_name":"discount_rate","param_value_internal":0.9578921135052624,"distribution":"{\"name\": \"FloatDistribution\", \"attributes\": {\"step\": null, \"low\": 0.9, \"high\": 0.999, \"log\": false}}"}
{"op_code":6,"worker_id":"7b0c5c8a-cc3c-48e1-9e36-68fd0d1ac08f-6293417984","trial_id":75,"state":1,"values":[0.7507,447.0],"datetime_complete":"2026-05-18T23:41:02.934510"}
{"op_code":4,"worker_id":"7b0c5c8a-cc3c-48e1-9e36-68fd0d1ac08f-6293417984","study_id":0,"datetime_start":"2026-05-18T23:41:06.316951"}
{"op_code":9,"worker_id":"7b0c5c8a-cc3c-48e1-9e36-68fd0d1ac08f-6293417984","trial_id":94,"system_attr":{"NSGAIISampler:generation":1}}
{"op_code":5,"worker_id":"7b0c5c8a-cc3c-48e1-9e36-68fd0d1ac08f-6293417984","trial_id":94,"param_name":"exploration_constant_c","param_value_internal":0.28443047590455434,"distribution":"{\"name\": \"FloatDistribution\", \"attributes\": {\"step\": null, \"low\": 0.01, \"high\": 1.0, \"log\": true}}"}
{"op_code":5,"worker_id":"7b0c5c8a-cc3c-48e1-9e36-68fd0d1ac08f-6293417984","trial_id":94,"param_name":"discount_rate","param_value_internal":0.9179265148391321,"distribution":"{\"name\": \"FloatDistribution\", \"attributes\": {\"step\": null, \"low\": 0.9, \"high\": 0.999, \"log\": false}}"}
{"op_code":6,"worker_id":"7b0c5c8a-cc3c-48e1-9e36-68fd0d1ac08f-6209286144","trial_id":91,"state":1,"values":[0.6207,1583.0],"datetime_complete":"2026-05-18T23:43:16.638233"}
{"op_code":4,"worker_id":"7b0c5c8a-cc3c-48e1-9e36-68fd0d1ac08f-6209286144","study_id":0,"datetime_start":"2026-05-18T23:43:17.709266"}
{"op_code":6,"worker_id":"7b0c5c8a-cc3c-48e1-9e36-68fd0d1ac08f-6192459776","trial_id":81,"state":1,"values":[0.7567,212.6667],"datetime_complete":"2026-05-18T23:43:18.829739"}
{"op_code":9,"worker_id":"7b0c5c8a-cc3c-48e1-9e36-68fd0d1ac08f-6209286144","trial_id":95,"system_attr":{"NSGAIISampler:generation":1}}
{"op_code":4,"worker_id":"7b0c5c8a-cc3c-48e1-9e36-68fd0d1ac08f-6192459776","study_id":0,"datetime_start":"2026-05-18T23:43:22.827280"}
{"op_code":5,"worker_id":"7b0c5c8a-cc3c-48e1-9e36-68fd0d1ac08f-6209286144","trial_id":95,"param_name":"exploration_constant_c","param_value_internal":0.8524044312926882,"distribution":"{\"name\": \"FloatDistribution\", \"attributes\": {\"step\": null, \"low\": 0.01, \"high\": 1.0, \"log\": true}}"}
{"op_code":5,"worker_id":"7b0c5c8a-cc3c-48e1-9e36-68fd0d1ac08f-6209286144","trial_id":95,"param_name":"discount_rate","param_value_internal":0.969750618493812,"distribution":"{\"name\": \"FloatDistribution\", \"attributes\": {\"step\": null, \"low\": 0.9, \"high\": 0.999, \"log\": false}}"}
{"op_code":9,"worker_id":"7b0c5c8a-cc3c-48e1-9e36-68fd0d1ac08f-6192459776","trial_id":96,"system_attr":{"NSGAIISampler:generation":1}}
{"op_code":5,"worker_id":"7b0c5c8a-cc3c-48e1-9e36-68fd0d1ac08f-6192459776","trial_id":96,"param_name":"exploration_constant_c","param_value_internal":0.015436708464191883,"distribution":"{\"name\": \"FloatDistribution\", \"attributes\": {\"step\": null, \"low\": 0.01, \"high\": 1.0, \"log\": true}}"}
{"op_code":5,"worker_id":"7b0c5c8a-cc3c-48e1-9e36-68fd0d1ac08f-6192459776","trial_id":96,"param_name":"discount_rate","param_value_internal":0.9091193274358927,"distribution":"{\"name\": \"FloatDistribution\", \"attributes\": {\"step\": null, \"low\": 0.9, \"high\": 0.999, \"log\": false}}"}
{"op_code":6,"worker_id":"7b0c5c8a-cc3c-48e1-9e36-68fd0d1ac08f-6259765248","trial_id":90,"state":1,"values":[0.528,1417.3333],"datetime_complete":"2026-05-18T23:45:25.383488"}
{"op_code":4,"worker_id":"7b0c5c8a-cc3c-48e1-9e36-68fd0d1ac08f-6259765248","study_id":0,"datetime_start":"2026-05-18T23:45:38.194934"}
{"op_code":9,"worker_id":"7b0c5c8a-cc3c-48e1-9e36-68fd0d1ac08f-6259765248","trial_id":97,"system_attr":{"NSGAIISampler:generation":1}}
{"op_code":5,"worker_id":"7b0c5c8a-cc3c-48e1-9e36-68fd0d1ac08f-6259765248","trial_id":97,"param_name":"exploration_constant_c","param_value_internal":0.19921376974949784,"distribution":"{\"name\": \"FloatDistribution\", \"attributes\": {\"step\": null, \"low\": 0.01, \"high\": 1.0, \"log\": true}}"}
{"op_code":5,"worker_id":"7b0c5c8a-cc3c-48e1-9e36-68fd0d1ac08f-6259765248","trial_id":97,"param_name":"discount_rate","param_value_internal":0.9229824455099306,"distribution":"{\"name\": \"FloatDistribution\", \"attributes\": {\"step\": null, \"low\": 0.9, \"high\": 0.999, \"log\": false}}"}
{"op_code":6,"worker_id":"7b0c5c8a-cc3c-48e1-9e36-68fd0d1ac08f-6141980672","trial_id":93,"state":1,"values":[0.7247,443.6667],"datetime_complete":"2026-05-18T23:46:05.335726"}
{"op_code":4,"worker_id":"7b0c5c8a-cc3c-48e1-9e36-68fd0d1ac08f-6141980672","study_id":0,"datetime_start":"2026-05-18T23:46:15.020803"}
{"op_code":9,"worker_id":"7b0c5c8a-cc3c-48e1-9e36-68fd0d1ac08f-6141980672","trial_id":98,"system_attr":{"NSGAIISampler:generation":1}}
{"op_code":5,"worker_id":"7b0c5c8a-cc3c-48e1-9e36-68fd0d1ac08f-6141980672","trial_id":98,"param_name":"exploration_constant_c","param_value_internal":0.4215333188646501,"distribution":"{\"name\": \"FloatDistribution\", \"attributes\": {\"step\": null, \"low\": 0.01, \"high\": 1.0, \"log\": true}}"}
{"op_code":5,"worker_id":"7b0c5c8a-cc3c-48e1-9e36-68fd0d1ac08f-6141980672","trial_id":98,"param_name":"discount_rate","param_value_internal":0.9135633844016491,"distribution":"{\"name\": \"FloatDistribution\", \"attributes\": {\"step\": null, \"low\": 0.9, \"high\": 0.999, \"log\": false}}"}
{"op_code":6,"worker_id":"7b0c5c8a-cc3c-48e1-9e36-68fd0d1ac08f-6242938880","trial_id":76,"state":1,"values":[0.7167,271.0],"datetime_complete":"2026-05-18T23:46:46.740683"}
{"op_code":4,"worker_id":"7b0c5c8a-cc3c-48e1-9e36-68fd0d1ac08f-6242938880","study_id":0,"datetime_start":"2026-05-18T23:46:50.860268"}
{"op_code":9,"worker_id":"7b0c5c8a-cc3c-48e1-9e36-68fd0d1ac08f-6242938880","trial_id":99,"system_attr":{"NSGAIISampler:generation":1}}
{"op_code":5,"worker_id":"7b0c5c8a-cc3c-48e1-9e36-68fd0d1ac08f-6242938880","trial_id":99,"param_name":"exploration_constant_c","param_value_internal":0.13473802399191256,"distribution":"{\"name\": \"FloatDistribution\", \"attributes\": {\"step\": null, \"low\": 0.01, \"high\": 1.0, \"log\": true}}"}
{"op_code":5,"worker_id":"7b0c5c8a-cc3c-48e1-9e36-68fd0d1ac08f-6242938880","trial_id":99,"param_name":"discount_rate","param_value_internal":0.991061113099099,"distribution":"{\"name\": \"FloatDistribution\", \"attributes\": {\"step\": null, \"low\": 0.9, \"high\": 0.999, \"log\": false}}"}
{"op_code":6,"worker_id":"7b0c5c8a-cc3c-48e1-9e36-68fd0d1ac08f-6158807040","trial_id":84,"state":1,"values":[0.7013,433.3333],"datetime_complete":"2026-05-18T23:47:11.710042"}
{"op_code":6,"worker_id":"7b0c5c8a-cc3c-48e1-9e36-68fd0d1ac08f-6125154304","trial_id":83,"state":1,"values":[0.704,446.0],"datetime_complete":"2026-05-18T23:52:21.026469"}
{"op_code":6,"worker_id":"7b0c5c8a-cc3c-48e1-9e36-68fd0d1ac08f-6226112512","trial_id":86,"state":1,"values":[0.5233,978.3333],"datetime_complete":"2026-05-18T23:52:53.360097"}
{"op_code":6,"worker_id":"7b0c5c8a-cc3c-48e1-9e36-68fd0d1ac08f-6276591616","trial_id":74,"state":1,"values":[0.75,159.6667],"datetime_complete":"2026-05-18T23:53:55.861673"}
{"op_code":6,"worker_id":"7b0c5c8a-cc3c-48e1-9e36-68fd0d1ac08f-6293417984","trial_id":94,"state":1,"values":[0.3447,2000.0],"datetime_complete":"2026-05-18T23:54:13.166333"}
{"op_code":6,"worker_id":"7b0c5c8a-cc3c-48e1-9e36-68fd0d1ac08f-6209286144","trial_id":95,"state":1,"values":[0.272,2000.0],"datetime_complete":"2026-05-18T23:55:59.571898"}
{"op_code":6,"worker_id":"7b0c5c8a-cc3c-48e1-9e36-68fd0d1ac08f-6192459776","trial_id":96,"state":1,"values":[0.504,888.6667],"datetime_complete":"2026-05-18T23:56:06.164997"}
{"op_code":6,"worker_id":"7b0c5c8a-cc3c-48e1-9e36-68fd0d1ac08f-6259765248","trial_id":97,"state":1,"values":[0.442,1838.3333],"datetime_complete":"2026-05-18T23:56:17.546461"}
{"op_code":6,"worker_id":"7b0c5c8a-cc3c-48e1-9e36-68fd0d1ac08f-6141980672","trial_id":98,"state":1,"values":[0.194,2000.0],"datetime_complete":"2026-05-18T23:57:16.301600"}
{"op_code":6,"worker_id":"7b0c5c8a-cc3c-48e1-9e36-68fd0d1ac08f-6108327936","trial_id":80,"state":1,"values":[0.6887,460.0],"datetime_complete":"2026-05-18T23:58:29.321054"}
{"op_code":6,"worker_id":"7b0c5c8a-cc3c-48e1-9e36-68fd0d1ac08f-6242938880","trial_id":99,"state":1,"values":[0.74,308.0],"datetime_complete":"2026-05-18T23:58:33.762935"}
{"op_code":6,"worker_id":"7b0c5c8a-cc3c-48e1-9e36-68fd0d1ac08f-6175633408","trial_id":92,"state":1,"values":[0.76,205.0],"datetime_complete":"2026-05-18T23:58:35.657531"}
