episode,steps,reward
0,20,0
1,42,0
2,40,0
3,15,0
4,86,0
5,62,0
6,38,0
7,52,0
8,14,0
9,28,0
10,6,0
11,9,0
12,97,0
13,29,0
14,35,0
15,21,0
16,38,0
17,33,0
18,18,0
19,67,0
20,7,0
21,18,0
22,15,0
23,19,0
24,36,0
25,20,0
26,26,0
27,10,0
28,7,0
29,14,0
30,35,0
31,34,0
32,20,0
33,67,0
34,53,0
35,28,0
36,51,0
37,11,0
38,14,0
39,10,0
40,71,0
41,32,0
42,29,0
43,15,0
44,28,0
45,43,0
46,19,0
47,33,0
48,16,0
49,29,0
50,16,0
51,40,0
52,40,0
53,16,0
54,26,0
55,78,0
56,61,0
57,37,0
58,15,0
59,20,0
60,13,0
61,49,0
62,27,0
63,22,0
64,48,0
65,10,0
66,38,0
67,51,0
68,39,0
69,15,0
70,14,0
71,9,0
72,29,0
73,21,0
74,73,0
75,13,0
76,27,0
77,6,0
78,36,0
79,14,0
80,42,0
81,40,0
82,14,0
83,9,0
84,13,0
85,22,0
86,48,0
87,19,0
88,24,0
89,24,0
90,26,0
91,24,0
92,44,0
93,120,0
94,32,0
95,18,0
96,51,0
97,5,0
98,25,0
99,40,0
100,20,0
101,47,0
102,33,0
103,12,0
104,12,0
105,42,0
106,28,0
107,20,0
108,36,0
109,19,0
110,86,0
111,18,0
112,48,0
113,37,0
114,92,0
115,31,0
116,27,0
117,92,0
118,62,0
119,22,0
120,14,0
121,29,0
122,35,0
123,34,0
124,51,0
125,48,0
126,56,0
127,12,0
128,62,0
129,15,0
130,18,0
131,18,0
132,23,0
133,64,0
134,81,0
135,53,0
136,72,0
137,14,0
138,33,0
139,8,0
140,24,0
141,30,0
142,12,0
143,13,0
144,45,0
145,24,0
146,12,0
147,24,0
148,53,0
149,79,0
150,16,0
151,38,0
152,17,0
153,9,0
154,15,0
155,26,0
156,31,0
157,17,0
158,158,0
159,26,0
160,17,0
161,58,0
162,57,0
163,30,0
164,20,0
165,42,0
166,15,0
167,39,0
168,20,0
169,20,0
170,15,0
171,76,0
172,73,0
173,21,0
174,39,0
175,37,0
176,8,0
177,14,0
178,73,0
179,25,0
180,46,0
181,139,0
182,22,0
183,18,0
184,55,0
185,21,0
186,38,0
187,14,0
188,9,0
189,38,0
190,54,0
191,18,0
192,91,0
193,12,0
194,28,0
195,17,0
196,15,0
197,30,0
198,14,0
199,29,0
200,75,0
201,9,0
202,143,0
203,21,0
204,6,0
205,22,0
206,41,0
207,11,0
208,29,0
209,25,0
210,45,0
211,16,0
212,27,0
213,7,0
214,9,0
215,26,0
216,29,0
217,34,0
218,17,0
219,24,0
220,26,0
221,10,0
222,11,0
223,41,0
224,43,0
225,75,0
226,24,0
227,16,0
228,30,0
229,37,0
230,20,0
231,54,0
232,49,0
233,34,0
234,30,0
235,46,0
236,31,0
237,25,0
238,10,0
239,27,0
240,18,0
241,16,0
242,47,0
243,35,0
244,41,0
245,23,0
246,11,0
247,35,0
248,28,0
249,111,0
250,9,0
251,11,0
252,11,0
253,11,0
254,27,0
255,109,0
256,10,0
257,11,0
258,20,0
259,33,0
260,17,0
261,13,0
262,52,0
263,43,0
264,66,0
265,18,0
266,48,0
267,31,0
268,50,0
269,15,0
270,51,0
271,45,0
272,45,0
273,33,0
274,73,0
275,8,0
276,19,0
277,29,0
278,10,0
279,16,0
280,63,0
281,13,0
282,92,0
283,44,0
284,51,0
285,25,0
286,18,0
287,33,0
288,19,0
289,13,0
290,50,0
291,48,0
292,74,0
293,34,0
294,12,0
295,35,0
296,26,0
297,44,0
298,40,0
299,15,0
300,15,0
301,52,0
302,8,0
303,21,0
304,10,0
305,37,0
306,27,0
307,24,0
308,120,0
309,15,0
310,23,0
311,20,0
312,10,0
313,29,0
314,11,0
315,7,0
316,24,0
317,44,0
318,22,0
319,15,0
320,17,0
321,59,0
322,14,0
323,57,0
324,32,0
325,25,0
326,11,0
327,26,0
328,36,0
329,26,0
330,27,0
331,18,0
332,31,0
333,22,0
334,21,0
335,23,0
336,15,0
337,64,0
338,29,0
339,18,0
340,25,0
341,13,0
342,42,0
343,8,0
344,55,0
345,19,0
346,8,0
347,27,0
348,15,0
349,91,0
350,23,0
351,20,0
352,33,0
353,29,0
354,64,0
355,13,0
356,11,0
357,36,0
358,27,0
359,31,0
360,38,0
361,25,0
362,17,0
363,59,0
364,17,0
365,8,0
366,19,0
367,14,0
368,21,0
369,16,0
370,78,0
371,42,0
372,15,0
373,46,0
374,10,0
375,9,0
376,30,0
377,48,0
378,73,0
379,23,0
380,32,0
381,36,0
382,13,0
383,27,0
384,67,0
385,29,0
386,13,0
387,38,0
388,31,0
389,57,0
390,40,0
391,55,0
392,14,0
393,53,0
394,28,0
395,9,0
396,12,0
397,8,0
398,36,0
399,25,0
400,19,0
401,23,0
402,9,0
403,31,0
404,84,0
405,24,0
406,52,0
407,17,0
408,13,0
409,54,0
410,14,0
411,18,0
412,40,0
413,28,0
414,12,0
415,9,0
416,21,0
417,32,0
418,75,0
419,29,0
420,12,0
421,42,0
422,15,0
423,64,0
424,33,0
425,15,0
426,39,0
427,12,0
428,27,0
429,45,0
430,11,0
431,17,0
432,9,0
433,29,0
434,29,0
435,51,0
436,27,0
437,14,0
438,22,0
439,9,0
440,20,0
441,111,0
442,34,0
443,36,0
444,58,0
445,24,0
446,17,0
447,10,0
448,72,0
449,21,0
450,13,0
451,41,0
452,31,0
453,32,0
454,42,0
455,36,0
456,11,0
457,8,0
458,75,0
459,23,0
460,31,0
461,7,0
462,9,0
463,33,0
464,26,0
465,39,0
466,32,0
467,7,0
468,16,0
469,48,0
470,10,0
471,30,0
472,58,0
473,12,0
474,39,0
475,5,0
476,13,0
477,5,0
478,18,0
479,36,0
480,34,0
481,45,0
482,51,0
483,35,0
484,17,0
485,12,0
486,30,0
487,40,0
488,25,0
489,14,0
490,39,0
491,42,0
492,6,0
493,78,0
494,19,0
495,51,0
496,24,0
497,31,0
498,11,0
499,94,0
500,11,0
501,51,0
502,47,0
503,19,0
504,14,0
505,50,0
506,24,0
507,18,0
508,13,0
509,22,0
510,62,0
511,53,1
512,64,0
513,43,0
514,97,1
515,35,0
516,71,1
517,63,0
518,17,0
519,30,1
520,54,1
521,20,0
522,99,0
523,36,0
524,43,1
525,48,0
526,102,1
527,38,0
528,44,1
529,81,0
530,35,1
531,69,1
532,82,1
533,32,0
534,55,0
535,44,0
536,146,0
537,23,0
538,28,1
539,59,0
540,49,1
541,86,1
542,59,0
543,39,0
544,52,0
545,33,1
546,69,1
547,34,1
548,34,0
549,50,0
550,54,1
551,200,0
552,62,0
553,76,1
554,95,0
555,92,0
556,63,0
557,43,0
558,30,1
559,85,0
560,128,0
561,27,0
562,48,1
563,84,1
564,48,0
565,79,0
566,142,1
567,25,0
568,40,0
569,43,0
570,61,1
571,168,0
572,39,0
573,42,0
574,95,0
575,85,1
576,61,0
577,99,1
578,97,0
579,73,0
580,19,1
581,98,0
582,57,1
583,147,0
584,64,0
585,82,0
586,185,0
587,146,1
588,70,0
589,55,1
590,23,0
591,20,1
592,56,0
593,56,0
594,65,0
595,86,1
596,43,1
597,152,1
598,115,0
599,54,0
600,39,0
601,56,0
602,74,1
603,43,0
604,84,0
605,84,1
606,77,0
607,73,0
608,37,0
609,46,1
610,66,0
611,33,0
612,200,0
613,103,0
614,57,1
615,98,0
616,147,1
617,110,0
618,58,1
619,29,0
620,58,0
621,24,1
622,21,0
623,132,1
624,42,1
625,79,0
626,28,0
627,73,0
628,84,1
629,179,0
630,89,0
631,54,0
632,59,1
633,54,1
634,40,1
635,122,1
636,62,0
637,67,0
638,51,0
639,41,0
640,200,0
641,45,1
642,57,0
643,70,0
644,99,0
645,71,1
646,25,1
647,40,0
648,48,1
649,48,0
650,20,0
651,30,0
652,34,0
653,39,1
654,70,1
655,39,0
656,102,1
657,106,1
658,56,1
659,75,1
660,36,1
661,95,0
662,82,1
663,66,1
664,57,1
665,37,1
666,35,1
667,60,0
668,61,1
669,92,0
670,33,0
671,39,1
672,39,0
673,59,0
674,146,0
675,37,1
676,81,0
677,32,1
678,129,1
679,83,0
680,143,0
681,40,0
682,23,0
683,57,1
684,67,1
685,27,0
686,60,0
687,88,0
688,78,1
689,57,1
690,40,0
691,40,0
692,82,0
693,68,0
694,80,1
695,53,0
696,55,0
697,120,0
698,58,0
699,75,1
700,40,0
701,67,1
702,70,1
703,39,1
704,49,0
705,44,0
706,62,1
707,69,0
708,59,0
709,93,1
710,102,0
711,82,0
712,97,0
713,61,1
714,37,1
715,52,1
716,67,0
717,129,0
718,74,1
719,37,1
720,140,1
721,51,0
722,89,0
723,70,0
724,26,0
725,61,0
726,65,1
727,87,1
728,62,0
729,15,0
730,72,0
731,177,1
732,83,1
733,61,1
734,41,0
735,91,0
736,22,0
737,133,0
738,21,0
739,58,1
740,59,0
741,36,1
742,96,1
743,179,0
744,46,0
745,48,1
746,53,0
747,99,1
748,14,0
749,79,0
750,104,1
751,131,0
752,164,0
753,92,0
754,70,1
755,69,1
756,43,0
757,73,0
758,154,0
759,121,0
760,49,1
761,98,0
762,86,0
763,130,0
764,137,0
765,144,1
766,48,0
767,82,1
768,71,1
769,51,0
770,35,1
771,30,1
772,98,1
773,72,0
774,50,1
775,67,1
776,55,0
777,66,1
778,54,0
779,67,1
780,76,0
781,60,1
782,69,0
783,60,0
784,131,1
785,28,1
786,90,1
787,84,0
788,56,0
789,111,0
790,84,1
791,62,0
792,63,1
793,178,0
794,70,0
795,96,0
796,171,0
797,67,1
798,56,1
799,24,1
800,56,0
801,176,0
802,83,1
803,43,0
804,90,1
805,48,0
806,84,0
807,45,0
808,116,0
809,150,0
810,72,0
811,20,0
812,54,0
813,176,1
814,78,0
815,46,1
816,48,0
817,34,0
818,200,0
819,76,1
820,73,1
821,40,0
822,98,0
823,53,1
824,57,1
825,87,0
826,49,0
827,120,1
828,39,0
829,48,1
830,60,0
831,31,1
832,36,0
833,125,0
834,58,1
835,91,1
836,43,1
837,83,0
838,35,1
839,51,1
840,43,1
841,57,1
842,105,0
843,40,1
844,91,0
845,45,0
846,48,0
847,74,0
848,57,1
849,63,1
850,30,1
851,42,1
852,45,1
853,129,1
854,62,0
855,45,0
856,76,1
857,47,1
858,79,1
859,34,1
860,104,0
861,55,1
862,112,1
863,84,0
864,112,0
865,102,0
866,32,0
867,86,0
868,53,0
869,65,1
870,83,1
871,108,0
872,79,1
873,64,0
874,185,1
875,61,1
876,37,0
877,55,0
878,84,0
879,46,1
880,76,1
881,148,0
882,62,0
883,26,0
884,52,1
885,62,1
886,79,1
887,91,0
888,64,1
889,11,0
890,200,0
891,60,1
892,45,0
893,93,0
894,88,1
895,37,1
896,63,1
897,50,1
898,44,0
899,154,0
900,170,1
901,94,0
902,102,0
903,21,0
904,72,0
905,32,0
906,84,0
907,66,0
908,30,1
909,72,1
910,66,1
911,110,1
912,31,0
913,78,0
914,70,0
915,74,1
916,89,0
917,95,1
918,82,0
919,53,1
920,93,1
921,34,0
922,54,0
923,96,0
924,74,0
925,64,0
926,20,1
927,17,0
928,53,0
929,105,0
930,53,0
931,63,0
932,43,1
933,51,0
934,70,0
935,25,0
936,21,1
937,60,1
938,36,1
939,22,0
940,52,1
941,63,1
942,144,0
943,74,0
944,86,1
945,51,1
946,82,0
947,75,1
948,28,1
949,24,0
950,45,0
951,94,0
952,118,1
953,45,0
954,57,1
955,34,0
956,103,0
957,82,0
958,36,0
959,26,0
960,135,1
961,200,0
962,114,1
963,52,0
964,86,1
965,52,1
966,200,0
967,107,0
968,54,0
969,62,0
970,50,1
971,51,1
972,60,0
973,60,0
974,78,0
975,44,1
976,47,0
977,159,1
978,71,1
979,73,1
980,38,0
981,52,0
982,29,1
983,80,0
984,50,1
985,149,1
986,26,0
987,11,0
988,153,0
989,56,1
990,59,0
991,48,1
992,40,0
993,82,1
994,136,1
995,51,0
996,68,1
997,120,0
998,40,0
999,46,0
1000,33,1
1001,87,0
1002,100,0
1003,27,0
1004,43,0
1005,60,0
1006,116,1
1007,93,1
1008,80,1
1009,46,0
1010,22,0
1011,74,1
1012,96,0
1013,38,1
1014,66,0
1015,127,1
1016,133,0
1017,118,0
1018,51,1
1019,27,0
1020,63,1
1021,40,0
1022,55,1
1023,93,0
1024,47,1
1025,150,1
1026,60,1
1027,78,0
1028,39,1
1029,82,0
1030,38,0
1031,50,0
1032,37,0
1033,39,1
1034,89,1
1035,121,1
1036,123,0
1037,84,0
1038,89,0
1039,46,0
1040,39,0
1041,67,1
1042,78,0
1043,27,0
1044,102,0
1045,144,1
1046,67,0
1047,57,0
1048,172,1
1049,53,0
1050,66,0
1051,113,0
1052,20,0
1053,58,0
1054,134,0
1055,72,0
1056,63,0
1057,20,0
1058,126,1
1059,98,0
1060,37,0
1061,45,1
1062,87,0
1063,74,1
1064,44,0
1065,41,1
1066,105,1
1067,70,1
1068,77,0
1069,38,1
1070,52,0
1071,38,0
1072,47,1
1073,34,1
1074,43,1
1075,18,0
1076,58,1
1077,32,1
1078,31,0
1079,77,1
1080,123,0
1081,64,1
1082,19,0
1083,26,1
1084,23,1
1085,26,1
1086,67,1
1087,51,0
1088,117,1
1089,55,1
1090,55,0
1091,107,0
1092,31,0
1093,172,1
1094,37,1
1095,147,0
1096,59,0
1097,56,1
1098,76,1
1099,135,1
1100,85,1
1101,57,1
1102,110,1
1103,77,1
1104,53,1
1105,88,1
1106,122,0
1107,93,1
1108,80,1
1109,42,1
1110,117,1
1111,78,1
1112,39,0
1113,98,0
1114,85,0
1115,32,1
1116,49,0
1117,29,0
1118,99,0
1119,33,1
1120,43,1
1121,86,1
1122,55,1
1123,17,0
1124,48,1
1125,27,1
1126,95,1
1127,71,0
1128,28,0
1129,78,0
1130,68,0
1131,98,0
1132,60,1
1133,40,0
1134,81,1
1135,67,0
1136,96,0
1137,101,1
1138,46,1
1139,47,0
1140,45,1
1141,91,0
1142,37,0
1143,35,0
1144,40,0
1145,70,1
1146,62,1
1147,29,0
1148,76,0
1149,131,1
1150,51,1
1151,102,0
1152,49,0
1153,47,0
1154,57,0
1155,47,0
1156,100,1
1157,33,0
1158,35,0
1159,48,0
1160,171,0
1161,43,0
1162,72,0
1163,42,0
1164,46,0
1165,55,0
1166,182,0
1167,55,1
1168,31,1
1169,69,0
1170,40,0
1171,113,1
1172,35,0
1173,101,0
1174,51,0
1175,36,0
1176,96,0
1177,71,0
1178,85,0
1179,60,1
1180,20,0
1181,61,0
1182,96,0
1183,43,1
1184,53,0
1185,71,0
1186,146,1
1187,64,1
1188,60,0
1189,66,0
1190,56,1
1191,166,1
1192,63,1
1193,68,0
1194,52,1
1195,60,1
1196,72,0
1197,58,1
1198,89,1
1199,49,0
1200,33,1
1201,115,1
1202,78,1
1203,103,0
1204,68,0
1205,43,0
1206,79,0
1207,135,0
1208,149,0
1209,39,0
1210,51,0
1211,85,0
1212,154,0
1213,97,1
1214,67,0
1215,104,0
1216,46,0
1217,37,0
1218,32,0
1219,49,0
1220,37,0
1221,63,1
1222,10,0
1223,21,0
1224,89,1
1225,200,0
1226,121,1
1227,73,0
1228,31,1
1229,44,1
1230,31,0
1231,31,1
1232,96,0
1233,60,0
1234,53,1
1235,15,0
1236,86,1
1237,105,0
1238,100,1
1239,31,0
1240,95,1
1241,27,1
1242,66,1
1243,45,0
1244,53,1
1245,40,1
1246,43,1
1247,40,0
1248,125,1
1249,125,0
1250,65,0
1251,30,0
1252,73,1
1253,85,0
1254,49,0
1255,101,0
1256,24,0
1257,129,1
1258,91,1
1259,27,0
1260,44,1
1261,116,1
1262,24,0
1263,64,1
1264,91,1
1265,68,1
1266,26,1
1267,48,1
1268,51,0
1269,40,1
1270,200,0
1271,126,0
1272,16,0
1273,51,0
1274,23,0
1275,107,0
1276,44,0
1277,84,1
1278,23,0
1279,36,0
1280,94,1
1281,44,0
1282,41,1
1283,32,1
1284,38,0
1285,56,1
1286,46,1
1287,98,0
1288,49,0
1289,23,0
1290,121,1
1291,54,0
1292,48,0
1293,20,0
1294,55,0
1295,54,0
1296,47,1
1297,77,1
1298,29,1
1299,52,1
1300,73,1
1301,38,0
1302,40,0
1303,75,0
1304,59,1
1305,76,0
1306,192,1
1307,49,0
1308,81,0
1309,36,1
1310,28,0
1311,100,1
1312,150,0
1313,57,0
1314,35,0
1315,132,0
1316,70,0
1317,61,0
1318,25,0
1319,85,0
1320,28,0
1321,180,1
1322,29,0
1323,56,0
1324,56,1
1325,68,0
1326,114,1
1327,40,0
1328,97,1
1329,47,1
1330,51,0
1331,120,1
1332,34,1
1333,53,1
1334,90,0
1335,131,0
1336,125,0
1337,48,0
1338,98,0
1339,28,1
1340,64,1
1341,41,1
1342,63,0
1343,57,0
1344,66,0
1345,69,1
1346,118,0
1347,28,0
1348,150,1
1349,95,1
1350,55,0
1351,55,0
1352,31,0
1353,90,0
1354,179,1
1355,73,1
1356,74,0
1357,71,0
1358,130,1
1359,81,0
1360,57,1
1361,32,0
1362,61,0
1363,114,0
1364,84,0
1365,49,0
1366,76,0
1367,60,1
1368,55,0
1369,40,0
1370,63,0
1371,167,1
1372,116,1
1373,61,1
1374,114,1
1375,50,1
1376,174,0
1377,83,0
1378,50,0
1379,64,0
1380,36,1
1381,65,0
1382,66,1
1383,61,1
1384,54,0
1385,51,0
1386,64,0
1387,43,1
1388,43,0
1389,43,1
1390,121,1
1391,56,0
1392,169,1
1393,33,1
1394,57,0
1395,77,0
1396,58,0
1397,25,0
1398,117,1
1399,96,1
1400,47,0
1401,39,0
1402,39,0
1403,17,0
1404,17,0
1405,34,0
1406,38,1
1407,47,0
1408,69,1
1409,24,0
1410,65,0
1411,144,0
1412,37,1
1413,52,1
1414,32,0
1415,111,1
1416,79,1
1417,117,0
1418,179,0
1419,65,1
1420,80,1
1421,21,0
1422,113,0
1423,121,1
1424,39,0
1425,50,1
1426,94,1
1427,62,1
1428,54,0
1429,47,1
1430,21,0
1431,92,0
1432,75,0
1433,31,0
1434,91,0
1435,84,1
1436,29,1
1437,51,1
1438,47,0
1439,148,0
1440,80,0
1441,40,0
1442,69,0
1443,63,0
1444,30,0
1445,16,0
1446,39,0
1447,47,0
1448,31,0
1449,46,0
1450,65,1
1451,53,0
1452,40,1
1453,53,0
1454,62,0
1455,43,1
1456,62,0
1457,29,0
1458,51,1
1459,61,1
1460,119,1
1461,76,0
1462,60,1
1463,101,0
1464,29,0
1465,180,0
1466,49,0
1467,72,0
1468,154,0
1469,58,0
1470,75,1
1471,30,0
1472,116,0
1473,15,0
1474,49,1
1475,39,0
1476,40,1
1477,31,0
1478,88,1
1479,45,1
1480,66,1
1481,176,0
1482,91,1
1483,19,0
1484,113,0
1485,28,0
1486,39,1
1487,101,0
1488,31,0
1489,59,0
1490,31,0
1491,48,0
1492,46,0
1493,124,0
1494,37,1
1495,68,0
1496,133,0
1497,35,0
1498,50,1
1499,91,1
1500,133,1
1501,49,1
1502,108,1
1503,46,0
1504,113,1
1505,21,0
1506,46,0
1507,51,0
1508,91,0
1509,57,0
1510,58,1
1511,52,1
1512,60,1
1513,53,0
1514,55,0
1515,99,1
1516,28,0
1517,56,0
1518,52,0
1519,115,0
1520,151,0
1521,65,1
1522,73,0
1523,46,0
1524,50,1
1525,47,0
1526,62,0
1527,102,1
1528,76,0
1529,72,0
1530,76,1
1531,90,1
1532,63,1
1533,51,1
1534,96,0
1535,51,0
1536,73,0
1537,54,0
1538,98,0
1539,173,0
1540,99,0
1541,30,0
1542,37,1
1543,110,1
1544,64,0
1545,57,1
1546,49,1
1547,42,0
1548,106,0
1549,42,1
1550,55,1
1551,79,0
1552,41,1
1553,94,1
1554,63,1
1555,15,0
1556,28,0
1557,33,0
1558,40,1
1559,123,0
1560,96,1
1561,151,0
1562,65,0
1563,85,1
1564,49,0
1565,57,0
1566,98,1
1567,28,0
1568,60,0
1569,76,1
1570,40,1
1571,59,0
1572,55,1
1573,90,0
1574,62,0
1575,34,0
1576,76,1
1577,65,0
1578,64,0
1579,89,0
1580,45,1
1581,200,0
1582,77,1
1583,34,0
1584,48,1
1585,113,0
1586,43,1
1587,52,0
1588,92,1
1589,102,0
1590,105,0
1591,43,0
1592,59,1
1593,64,0
1594,54,0
1595,80,1
1596,48,0
1597,153,0
1598,62,1
1599,87,0
1600,93,0
1601,43,0
1602,146,0
1603,31,0
1604,64,1
1605,50,1
1606,96,1
1607,46,0
1608,49,0
1609,59,0
1610,25,0
1611,30,1
1612,29,0
1613,67,0
1614,28,0
1615,70,0
1616,38,0
1617,45,0
1618,61,0
1619,23,0
1620,67,1
1621,50,1
1622,52,0
1623,34,1
1624,82,1
1625,99,1
1626,107,0
1627,32,1
1628,52,0
1629,49,1
1630,40,0
1631,40,1
1632,72,0
1633,39,1
1634,27,1
1635,50,1
1636,118,1
1637,55,0
1638,96,0
1639,108,0
1640,104,1
1641,34,0
1642,51,0
1643,131,0
1644,34,1
1645,45,0
1646,45,0
1647,92,0
1648,108,0
1649,15,0
1650,66,1
1651,34,1
1652,95,0
1653,123,0
1654,55,1
1655,70,1
1656,200,0
1657,162,1
1658,98,0
1659,30,1
1660,30,1
1661,62,0
1662,25,1
1663,17,1
1664,155,1
1665,25,0
1666,95,0
1667,80,1
1668,89,0
1669,34,0
1670,28,0
1671,98,0
1672,56,1
1673,74,1
1674,44,0
1675,77,1
1676,40,1
1677,48,1
1678,99,0
1679,122,1
1680,54,1
1681,165,0
1682,43,1
1683,94,0
1684,49,0
1685,80,1
1686,200,0
1687,69,0
1688,42,0
1689,135,0
1690,34,0
1691,70,1
1692,81,1
1693,86,1
1694,71,0
1695,99,1
1696,52,0
1697,57,1
1698,52,1
1699,45,0
1700,32,1
1701,114,0
1702,57,1
1703,35,0
1704,39,0
1705,76,1
1706,80,1
1707,94,1
1708,62,1
1709,57,1
1710,94,1
1711,149,1
1712,117,0
1713,92,0
1714,78,0
1715,42,0
1716,48,0
1717,78,1
1718,97,1
1719,34,0
1720,44,0
1721,38,0
1722,60,1
1723,134,1
1724,99,0
1725,50,1
1726,107,1
1727,57,0
1728,94,1
1729,85,0
1730,105,0
1731,49,0
1732,89,1
1733,29,0
1734,43,1
1735,72,0
1736,77,0
1737,77,0
1738,63,1
1739,44,0
1740,55,0
1741,94,1
1742,108,1
1743,80,1
1744,61,1
1745,36,0
1746,87,1
1747,34,0
1748,57,0
1749,97,0
1750,46,1
1751,76,1
1752,67,1
1753,15,0
1754,61,1
1755,48,1
1756,83,1
1757,176,1
1758,47,0
1759,49,0
1760,138,0
1761,114,0
1762,77,0
1763,49,1
1764,103,0
1765,41,1
1766,78,1
1767,63,0
1768,73,1
1769,72,0
1770,54,0
1771,54,0
1772,42,1
1773,167,1
1774,61,1
1775,66,1
1776,60,0
1777,22,0
1778,28,0
1779,39,0
1780,65,1
1781,63,1
1782,112,0
1783,95,1
1784,66,1
1785,30,1
1786,15,0
1787,67,1
1788,55,0
1789,46,1
1790,20,0
1791,19,0
1792,71,1
1793,60,1
1794,81,0
1795,49,1
1796,43,0
1797,138,0
1798,159,0
1799,22,1
1800,55,1
1801,40,1
1802,28,0
1803,35,0
1804,80,1
1805,81,0
1806,69,0
1807,37,0
1808,53,1
1809,92,1
1810,44,0
1811,88,0
1812,31,0
1813,200,0
1814,54,0
1815,49,0
1816,53,0
1817,36,1
1818,26,0
1819,109,0
1820,110,1
1821,140,0
1822,63,0
1823,37,1
1824,35,1
1825,174,1
1826,52,1
1827,83,0
1828,79,1
1829,83,1
1830,90,0
1831,200,0
1832,117,0
1833,56,1
1834,42,0
1835,79,1
1836,60,0
1837,19,0
1838,17,0
1839,24,0
1840,38,1
1841,48,0
1842,22,0
1843,48,0
1844,47,1
1845,200,0
1846,58,0
1847,38,1
1848,95,0
1849,68,1
1850,191,1
1851,48,0
1852,161,1
1853,98,1
1854,92,0
1855,134,0
1856,48,0
1857,122,1
1858,93,1
1859,60,0
1860,46,1
1861,117,0
1862,164,0
1863,101,1
1864,185,1
1865,63,0
1866,65,0
1867,33,0
1868,126,0
1869,144,1
1870,75,1
1871,141,0
1872,58,1
1873,48,0
1874,32,1
1875,66,1
1876,74,0
1877,46,0
1878,36,1
1879,24,0
1880,42,0
1881,45,0
1882,66,1
1883,35,1
1884,103,1
1885,77,0
1886,161,0
1887,33,0
1888,69,1
1889,147,0
1890,62,0
1891,61,1
1892,47,0
1893,119,0
1894,92,0
1895,45,0
1896,41,0
1897,21,0
1898,180,0
1899,28,0
1900,94,1
1901,42,0
1902,45,0
1903,178,1
1904,71,1
1905,99,0
1906,32,0
1907,47,0
1908,43,1
1909,47,0
1910,107,0
1911,44,0
1912,114,0
1913,69,0
1914,69,1
1915,36,1
1916,66,1
1917,88,0
1918,57,0
1919,28,0
1920,57,0
1921,56,1
1922,90,1
1923,69,0
1924,45,1
1925,104,0
1926,56,1
1927,114,1
1928,104,0
1929,43,1
1930,102,1
1931,50,0
1932,79,0
1933,70,1
1934,66,0
1935,73,1
1936,80,1
1937,80,1
1938,67,1
1939,68,1
1940,134,0
1941,108,0
1942,110,0
1943,66,0
1944,33,1
1945,108,0
1946,48,1
1947,64,1
1948,44,0
1949,62,1
1950,82,0
1951,52,1
1952,96,1
1953,64,1
1954,37,0
1955,110,1
1956,33,1
1957,120,1
1958,73,0
1959,16,0
1960,41,0
1961,52,0
1962,29,1
1963,34,0
1964,95,1
1965,52,0
1966,73,1
1967,25,1
1968,55,1
1969,58,1
1970,96,1
1971,112,1
1972,103,0
1973,78,0
1974,29,0
1975,56,0
1976,34,1
1977,103,1
1978,82,0
1979,72,0
1980,137,0
1981,69,1
1982,79,1
1983,44,1
1984,95,1
1985,51,1
1986,60,0
1987,93,0
1988,111,0
1989,37,1
1990,57,0
1991,13,0
1992,41,0
1993,119,1
1994,200,0
1995,60,0
1996,44,1
1997,147,1
1998,46,0
1999,107,0
2000,101,1
2001,47,1
2002,35,1
2003,60,1
2004,67,0
2005,200,0
2006,25,0
2007,88,1
2008,58,0
2009,30,1
2010,125,1
2011,60,0
2012,42,0
2013,110,1
2014,115,1
2015,65,0
2016,74,1
2017,100,0
2018,67,0
2019,64,0
2020,43,0
2021,57,0
2022,62,1
2023,60,0
2024,129,0
2025,21,1
2026,99,1
2027,40,0
2028,47,1
2029,37,1
2030,107,1
2031,50,0
2032,46,1
2033,27,1
2034,54,1
2035,63,1
2036,114,0
2037,27,0
2038,125,1
2039,36,0
2040,36,0
2041,46,0
2042,125,1
2043,200,0
2044,107,0
2045,57,0
2046,101,0
2047,98,0
2048,52,0
2049,88,1
2050,104,1
2051,33,1
2052,83,0
2053,35,1
2054,51,1
2055,132,0
2056,21,0
2057,71,0
2058,46,1
2059,59,0
2060,57,0
2061,34,0
2062,40,0
2063,59,1
2064,75,0
2065,71,0
2066,135,1
2067,44,1
2068,25,0
2069,73,1
2070,67,0
2071,138,0
2072,176,0
2073,103,0
2074,50,0
2075,74,1
2076,55,0
2077,49,1
2078,78,1
2079,90,0
2080,66,1
2081,70,0
2082,49,0
2083,110,0
2084,106,1
2085,82,1
2086,147,0
2087,25,0
2088,24,1
2089,39,0
2090,36,0
2091,43,0
2092,135,1
2093,21,1
2094,44,1
2095,42,1
2096,38,0
2097,104,0
2098,92,0
2099,121,0
2100,61,1
2101,50,1
2102,60,0
2103,40,1
2104,71,0
2105,200,0
2106,33,0
2107,33,1
2108,31,1
2109,90,0
2110,39,0
2111,64,0
2112,79,0
2113,57,0
2114,48,0
2115,63,1
2116,92,1
2117,56,1
2118,76,1
2119,37,0
2120,51,0
2121,40,1
2122,135,0
2123,36,0
2124,50,0
2125,70,1
2126,53,0
2127,168,0
2128,44,1
2129,95,1
2130,52,0
2131,121,0
2132,69,0
2133,60,0
2134,83,1
2135,67,0
2136,151,0
2137,83,1
2138,102,1
2139,39,1
2140,153,0
2141,65,1
2142,32,1
2143,33,0
2144,33,1
2145,124,1
2146,53,1
2147,34,0
2148,101,0
2149,48,0
2150,65,1
2151,127,0
2152,33,0
2153,105,1
2154,52,0
2155,115,1
2156,28,0
2157,76,0
2158,52,0
2159,36,0
2160,37,1
2161,79,1
2162,49,1
2163,38,1
2164,135,1
2165,65,1
2166,52,1
2167,133,1
2168,39,1
2169,52,1
2170,80,0
2171,31,0
2172,44,0
2173,75,0
2174,65,1
2175,130,1
2176,58,0
2177,45,0
2178,22,0
2179,31,1
2180,56,0
2181,28,1
2182,77,1
2183,95,0
2184,39,0
2185,74,0
2186,25,0
2187,82,0
2188,55,0
2189,68,1
2190,57,0
2191,73,1
2192,38,0
2193,39,0
2194,54,0
2195,67,0
2196,58,0
2197,48,1
2198,35,0
2199,104,1
2200,54,0
2201,54,0
2202,88,0
2203,39,1
2204,51,0
2205,56,0
2206,87,1
2207,49,1
2208,11,0
2209,47,0
2210,42,0
2211,70,0
2212,35,0
2213,135,1
2214,77,0
2215,50,1
2216,64,1
2217,39,0
2218,40,1
2219,68,0
2220,67,1
2221,84,0
2222,49,0
2223,86,0
2224,38,1
2225,61,0
2226,57,1
2227,60,0
2228,66,0
2229,58,1
2230,45,0
2231,165,0
2232,21,0
2233,48,0
2234,37,0
2235,26,0
2236,107,0
2237,69,1
2238,22,1
2239,64,0
2240,36,1
2241,131,1
2242,39,1
2243,70,1
2244,60,1
2245,29,0
2246,130,1
2247,69,1
2248,47,0
2249,67,0
2250,100,0
2251,125,1
2252,120,0
2253,63,0
2254,101,1
2255,73,1
2256,67,1
2257,31,1
2258,70,1
2259,57,0
2260,83,1
2261,65,1
2262,86,1
2263,71,1
2264,36,1
2265,58,1
2266,36,0
2267,35,0
2268,121,1
2269,141,1
2270,64,0
2271,43,0
2272,80,0
2273,101,0
2274,104,1
2275,99,1
2276,26,0
2277,71,1
2278,25,0
2279,49,0
2280,60,1
2281,37,0
2282,141,1
2283,24,0
2284,27,0
2285,143,1
2286,34,1
2287,190,0
2288,40,1
2289,47,0
2290,76,0
2291,111,1
2292,66,1
2293,44,0
2294,48,1
2295,50,0
2296,63,0
2297,43,0
2298,71,1
2299,29,1
2300,200,0
2301,21,0
2302,129,1
2303,58,1
2304,112,1
2305,76,0
2306,69,0
2307,84,1
2308,12,0
2309,23,0
2310,114,0
2311,62,0
2312,78,1
2313,22,0
2314,35,1
2315,40,0
2316,42,0
2317,108,1
2318,50,0
2319,190,0
2320,46,0
2321,109,1
2322,72,0
2323,88,0
2324,84,0
2325,36,0
2326,92,0
2327,49,0
2328,67,1
2329,63,1
2330,96,0
2331,56,0
2332,34,0
2333,63,0
2334,39,0
2335,51,1
2336,44,0
2337,51,1
2338,80,1
2339,79,1
2340,171,1
2341,114,1
2342,60,1
2343,39,0
2344,89,0
2345,81,0
2346,79,1
2347,32,0
2348,84,1
2349,34,0
2350,88,0
2351,68,1
2352,47,1
2353,190,1
2354,38,1
2355,68,1
2356,73,1
2357,60,1
2358,33,1
2359,29,0
2360,40,0
2361,80,0
2362,45,1
2363,71,0
2364,76,0
2365,82,0
2366,109,1
2367,200,0
2368,106,1
2369,62,0
2370,54,1
2371,123,0
2372,44,1
2373,54,0
2374,58,1
2375,200,0
2376,37,0
2377,80,0
2378,153,0
2379,32,0
2380,60,0
2381,144,1
2382,45,1
2383,83,0
2384,60,1
2385,89,0
2386,86,1
2387,150,0
2388,42,0
2389,30,0
2390,61,0
2391,38,0
2392,48,0
2393,83,0
2394,160,0
2395,54,1
2396,58,1
2397,89,1
2398,50,0
2399,69,1
2400,69,1
2401,51,0
2402,101,1
2403,79,1
2404,48,1
2405,45,1
2406,93,1
2407,55,1
2408,43,0
2409,53,1
2410,141,0
2411,145,0
2412,51,1
2413,115,1
2414,43,1
2415,70,0
2416,46,0
2417,77,0
2418,66,0
2419,62,1
2420,87,1
2421,128,0
2422,49,1
2423,68,0
2424,159,0
2425,64,0
2426,100,0
2427,52,1
2428,38,0
2429,43,0
2430,39,0
2431,56,0
2432,79,1
2433,40,0
2434,89,1
2435,87,1
2436,48,0
2437,52,1
2438,66,0
2439,44,1
2440,53,0
2441,121,0
2442,69,1
2443,32,0
2444,127,1
2445,51,0
2446,60,0
2447,20,0
2448,110,1
2449,77,1
2450,71,0
2451,59,0
2452,61,1
2453,35,0
2454,86,1
2455,77,1
2456,95,0
2457,53,1
2458,44,0
2459,42,0
2460,99,0
2461,49,0
2462,21,0
2463,200,0
2464,92,1
2465,31,0
2466,95,0
2467,82,0
2468,57,1
2469,87,0
2470,124,0
2471,36,1
2472,53,0
2473,29,0
2474,91,0
2475,32,0
2476,49,1
2477,44,1
2478,115,0
2479,60,1
2480,114,1
2481,97,1
2482,200,0
2483,46,0
2484,149,0
2485,52,1
2486,44,0
2487,165,1
2488,108,1
2489,100,0
2490,40,1
2491,40,1
2492,200,0
2493,61,1
2494,118,1
2495,37,1
2496,39,1
2497,53,0
2498,71,0
2499,47,1
2500,23,0
2501,118,1
2502,95,1
2503,200,0
2504,61,0
2505,72,1
2506,43,0
2507,27,1
2508,125,0
2509,49,1
2510,42,1
2511,106,1
2512,89,1
2513,65,1
2514,54,0
2515,65,0
2516,66,0
2517,74,0
2518,31,0
2519,43,1
2520,63,0
2521,44,0
2522,61,0
2523,68,1
2524,31,1
2525,83,1
2526,158,1
2527,46,1
2528,181,0
2529,53,0
2530,91,0
2531,130,0
2532,73,1
2533,73,0
2534,51,0
2535,77,0
2536,32,0
2537,113,1
2538,70,1
2539,117,1
2540,86,0
2541,76,0
2542,26,1
2543,68,0
2544,43,1
2545,114,0
2546,92,0
2547,54,0
2548,39,1
2549,38,0
2550,62,0
2551,53,0
2552,127,1
2553,54,0
2554,121,1
2555,44,1
2556,26,1
2557,50,0
2558,27,0
2559,40,1
2560,54,1
2561,34,0
2562,15,0
2563,73,0
2564,62,1
2565,24,0
2566,40,1
2567,102,1
2568,51,1
2569,33,0
2570,38,1
2571,28,1
2572,54,0
2573,33,1
2574,99,0
2575,98,0
2576,200,0
2577,119,1
2578,36,0
2579,42,0
2580,176,1
2581,37,0
2582,87,0
2583,53,0
2584,130,1
2585,81,0
2586,28,0
2587,29,0
2588,94,1
2589,46,1
2590,53,1
2591,80,0
2592,53,1
2593,84,0
2594,34,0
2595,121,1
2596,60,0
2597,24,0
2598,49,0
2599,56,0
2600,51,1
2601,114,0
2602,25,0
2603,35,0
2604,56,0
2605,87,1
2606,107,0
2607,92,1
2608,59,1
2609,63,0
2610,100,1
2611,29,0
2612,77,0
2613,39,0
2614,136,1
2615,84,0
2616,56,1
2617,95,0
2618,128,1
2619,45,1
2620,61,1
2621,200,0
2622,67,1
2623,127,0
2624,45,1
2625,43,1
2626,51,1
2627,81,1
2628,138,1
2629,44,1
2630,90,1
2631,68,0
2632,29,1
2633,42,0
2634,31,0
2635,28,0
2636,26,0
2637,100,0
2638,55,0
2639,56,0
2640,132,0
2641,70,1
2642,77,0
2643,67,0
2644,47,1
2645,130,0
2646,46,0
2647,40,0
2648,86,1
2649,52,1
2650,63,1
2651,48,0
2652,81,1
2653,55,0
2654,89,0
2655,43,0
2656,87,1
2657,118,0
2658,35,0
2659,95,1
2660,98,0
2661,153,0
2662,75,1
2663,65,0
2664,48,1
2665,37,0
2666,24,0
2667,36,1
2668,42,0
2669,64,0
2670,70,0
2671,77,0
2672,144,0
2673,105,0
2674,58,1
2675,59,1
2676,42,0
2677,43,1
2678,86,0
2679,90,1
2680,42,1
2681,72,0
2682,52,0
2683,39,1
2684,60,1
2685,87,1
2686,76,1
2687,42,0
2688,45,1
2689,137,0
2690,29,0
2691,60,0
2692,33,0
2693,127,1
2694,69,1
2695,58,0
2696,89,0
2697,39,0
2698,33,0
2699,54,1
2700,35,0
2701,44,0
2702,32,0
2703,34,1
2704,200,0
2705,150,0
2706,96,0
2707,94,1
2708,28,0
2709,54,1
2710,54,1
2711,25,0
2712,121,0
2713,56,0
2714,40,0
2715,45,1
2716,55,0
2717,58,1
2718,72,0
2719,52,0
2720,200,0
2721,55,0
2722,110,0
2723,105,0
2724,111,0
2725,96,0
2726,89,0
2727,137,0
2728,69,1
2729,34,0
2730,50,0
2731,68,0
2732,65,1
2733,34,0
2734,23,0
2735,36,0
2736,105,1
2737,138,1
2738,101,0
2739,35,1
2740,118,1
2741,105,0
2742,91,0
2743,38,1
2744,41,1
2745,32,0
2746,113,0
2747,149,0
2748,64,1
2749,41,0
2750,198,1
2751,51,1
2752,43,1
2753,68,1
2754,200,0
2755,145,0
2756,41,1
2757,72,1
2758,25,0
2759,108,1
2760,64,1
2761,67,0
2762,20,1
2763,39,1
2764,33,1
2765,65,0
2766,38,0
2767,43,1
2768,83,1
2769,53,0
2770,92,0
2771,58,0
2772,38,0
2773,117,0
2774,66,1
2775,39,0
2776,105,1
2777,108,1
2778,63,0
2779,162,1
2780,94,1
2781,37,1
2782,58,0
2783,42,1
2784,47,1
2785,59,0
2786,79,0
2787,124,1
2788,76,0
2789,24,0
2790,104,0
2791,86,0
2792,26,1
2793,117,0
2794,107,0
2795,59,1
2796,14,0
2797,49,0
2798,200,0
2799,37,1
2800,60,1
2801,58,1
2802,45,0
2803,94,1
2804,69,1
2805,50,1
2806,38,0
2807,39,0
2808,38,0
2809,93,1
2810,61,0
2811,43,0
2812,181,0
2813,74,0
2814,111,1
2815,29,0
2816,72,0
2817,83,1
2818,46,1
2819,55,1
2820,67,1
2821,92,1
2822,114,0
2823,200,0
2824,111,0
2825,119,0
2826,44,1
2827,68,1
2828,25,1
2829,21,1
2830,25,0
2831,51,0
2832,42,1
2833,107,1
2834,95,0
2835,42,0
2836,88,0
2837,51,1
2838,39,0
2839,47,1
2840,72,1
2841,60,0
2842,140,0
2843,50,0
2844,111,0
2845,144,0
2846,80,0
2847,55,0
2848,21,0
2849,128,1
2850,200,0
2851,198,1
2852,76,0
2853,28,0
2854,39,1
2855,61,0
2856,44,1
2857,43,0
2858,77,0
2859,61,0
2860,25,0
2861,120,0
2862,84,1
2863,57,0
2864,41,0
2865,130,1
2866,42,0
2867,39,0
2868,36,0
2869,76,1
2870,81,0
2871,184,0
2872,151,0
2873,45,1
2874,56,0
2875,34,0
2876,63,0
2877,50,1
2878,67,0
2879,80,0
2880,53,1
2881,36,0
2882,39,0
2883,89,1
2884,63,1
2885,59,1
2886,73,1
2887,155,1
2888,47,0
2889,41,0
2890,98,0
2891,44,0
2892,55,1
2893,33,1
2894,36,1
2895,179,1
2896,70,0
2897,61,1
2898,48,1
2899,69,0
2900,65,0
2901,54,1
2902,118,1
2903,31,1
2904,46,1
2905,57,1
2906,152,1
2907,162,0
2908,24,0
2909,68,0
2910,74,1
2911,133,0
2912,79,0
2913,52,0
2914,94,0
2915,83,1
2916,100,1
2917,69,0
2918,61,0
2919,108,0
2920,83,0
2921,90,0
2922,57,0
2923,51,1
2924,53,1
2925,83,0
2926,72,0
2927,72,1
2928,95,0
2929,54,0
2930,68,1
2931,64,0
2932,52,0
2933,111,0
2934,200,0
2935,56,0
2936,123,1
2937,70,1
2938,86,1
2939,128,0
2940,62,0
2941,116,0
2942,80,1
2943,35,1
2944,55,1
2945,49,0
2946,88,1
2947,111,0
2948,36,0
2949,47,0
2950,36,1
2951,35,1
2952,53,1
2953,37,1
2954,63,0
2955,55,0
2956,19,1
2957,32,1
2958,113,0
2959,24,1
2960,70,1
2961,107,0
2962,73,0
2963,37,0
2964,85,1
2965,76,0
2966,46,1
2967,33,0
2968,38,1
2969,114,0
2970,59,1
2971,200,0
2972,57,1
2973,74,0
2974,110,1
2975,62,0
2976,164,1
2977,153,0
2978,97,1
2979,83,0
2980,84,1
2981,125,0
2982,16,0
2983,55,1
2984,92,0
2985,54,0
2986,138,0
2987,39,1
2988,68,1
2989,90,0
2990,91,1
2991,50,1
2992,102,0
2993,43,1
2994,58,0
2995,91,0
2996,109,1
2997,28,0
2998,43,1
2999,114,0
3000,92,0
3001,52,1
3002,65,0
3003,47,1
3004,29,1
3005,83,0
3006,99,0
3007,191,0
3008,85,1
3009,58,1
3010,171,0
3011,79,1
3012,75,1
3013,29,0
3014,73,1
3015,69,1
3016,83,0
3017,66,1
3018,37,0
3019,47,1
3020,40,1
3021,38,1
3022,111,1
3023,73,1
3024,81,1
3025,120,1
3026,89,1
3027,200,0
3028,112,0
3029,58,1
3030,85,1
3031,76,1
3032,111,1
3033,50,1
3034,60,0
3035,78,0
3036,14,0
3037,49,0
3038,79,0
3039,70,0
3040,137,0
3041,142,0
3042,84,0
3043,53,0
3044,44,0
3045,48,0
3046,102,0
3047,138,0
3048,66,1
3049,54,0
3050,66,0
3051,74,0
3052,77,1
3053,98,1
3054,32,0
3055,100,1
3056,70,1
3057,54,1
3058,49,1
3059,73,1
3060,39,1
3061,66,1
3062,122,0
3063,76,0
3064,36,0
3065,99,1
3066,95,1
3067,44,0
3068,89,1
3069,44,0
3070,41,0
3071,25,0
3072,78,0
3073,120,1
3074,45,1
3075,35,1
3076,57,0
3077,143,1
3078,149,0
3079,77,0
3080,67,0
3081,47,0
3082,93,1
3083,57,0
3084,63,0
3085,88,1
3086,78,1
3087,126,1
3088,44,0
3089,33,1
3090,183,0
3091,78,1
3092,99,0
3093,66,0
3094,83,1
3095,66,0
3096,163,1
3097,47,1
3098,65,0
3099,57,0
3100,69,0
3101,126,0
3102,28,0
3103,145,0
3104,30,0
3105,38,1
3106,89,0
3107,113,0
3108,107,1
3109,200,0
3110,34,1
3111,64,0
3112,39,1
3113,46,0
3114,140,0
3115,41,1
3116,50,0
3117,53,0
3118,84,1
3119,58,1
3120,56,0
3121,67,1
3122,50,0
3123,93,0
3124,101,0
3125,48,1
3126,86,1
3127,65,1
3128,33,0
3129,23,0
3130,121,1
3131,46,1
3132,41,0
3133,115,0
3134,31,1
3135,66,0
3136,58,0
3137,45,1
3138,60,1
3139,44,1
3140,77,1
3141,159,1
3142,128,1
3143,175,1
3144,98,1
3145,49,1
3146,48,0
3147,57,1
3148,58,0
3149,100,1
3150,80,0
3151,155,1
3152,84,1
3153,85,0
3154,168,1
3155,73,0
3156,54,0
3157,101,0
3158,75,1
3159,40,0
3160,91,0
3161,49,1
3162,34,0
3163,58,0
3164,60,1
3165,35,1
3166,47,0
3167,85,0
3168,32,1
3169,167,0
3170,32,0
3171,36,1
3172,37,1
3173,100,0
3174,102,0
3175,62,0
3176,20,1
3177,31,0
3178,115,0
3179,32,0
3180,132,1
3181,67,0
3182,50,1
3183,83,0
3184,42,1
3185,43,0
3186,127,1
3187,60,0
3188,81,0
3189,59,1
3190,79,1
3191,52,1
3192,90,1
3193,88,0
3194,102,1
3195,45,0
3196,62,0
3197,113,0
3198,66,0
3199,48,0
3200,33,1
3201,71,1
3202,55,0
3203,63,1
3204,60,0
3205,43,1
3206,98,0
3207,96,1
3208,54,1
3209,80,0
3210,41,1
3211,29,1
3212,96,1
3213,68,1
3214,67,0
3215,75,0
3216,47,1
3217,162,0
3218,36,0
3219,50,1
3220,76,0
3221,60,0
3222,55,0
3223,70,1
3224,61,1
3225,54,0
3226,51,1
3227,17,0
3228,48,0
3229,95,1
3230,37,1
3231,54,0
3232,132,0
3233,141,0
3234,29,1
3235,37,0
3236,45,1
3237,94,0
3238,56,0
3239,64,1
3240,47,1
3241,27,0
3242,48,1
3243,41,0
3244,42,0
3245,97,0
3246,48,0
3247,22,1
3248,71,0
3249,47,0
3250,97,0
3251,27,0
3252,73,1
3253,89,1
3254,97,0
3255,145,1
3256,123,1
3257,92,1
3258,79,0
3259,72,1
3260,72,1
3261,76,1
3262,68,1
3263,98,1
3264,133,1
3265,34,1
3266,58,0
3267,114,1
3268,57,0
3269,50,0
3270,109,0
3271,86,1
3272,24,1
3273,97,1
3274,66,0
3275,62,1
3276,162,0
3277,156,1
3278,58,1
3279,47,1
3280,57,1
3281,72,1
3282,98,0
3283,73,0
3284,111,0
3285,69,0
3286,86,0
3287,48,0
3288,59,0
3289,56,0
3290,62,1
3291,67,0
3292,66,0
3293,79,0
3294,73,0
3295,53,0
3296,59,1
3297,51,0
3298,62,0
3299,45,1
3300,50,1
3301,105,0
3302,58,0
3303,110,1
3304,28,1
3305,49,0
3306,79,0
3307,51,1
3308,59,1
3309,28,0
3310,115,0
3311,115,0
3312,143,1
3313,55,1
3314,67,0
3315,56,1
3316,37,1
3317,81,1
3318,33,0
3319,43,1
3320,112,1
3321,68,0
3322,89,1
3323,56,0
3324,29,1
3325,61,1
3326,66,1
3327,72,0
3328,48,0
3329,94,0
3330,101,1
3331,58,0
3332,48,0
3333,134,0
3334,47,0
3335,68,1
3336,125,1
3337,94,1
3338,155,0
3339,66,0
3340,18,1
3341,37,1
3342,59,0
3343,42,1
3344,37,1
3345,63,0
3346,70,1
3347,54,0
3348,41,0
3349,200,0
3350,46,1
3351,142,0
3352,94,0
3353,79,1
3354,119,0
3355,28,0
3356,73,0
3357,133,0
3358,32,1
3359,36,0
3360,68,1
3361,112,1
3362,138,1
3363,124,0
3364,50,0
3365,47,0
3366,59,0
3367,173,0
3368,105,1
3369,93,0
3370,60,0
3371,112,1
3372,39,0
3373,21,1
3374,62,1
3375,96,0
3376,81,0
3377,41,0
3378,98,1
3379,102,1
3380,118,1
3381,72,0
3382,28,1
3383,62,0
3384,101,0
3385,84,0
3386,69,0
3387,104,0
3388,35,0
3389,186,0
3390,75,1
3391,80,1
3392,51,0
3393,200,0
3394,75,0
3395,47,0
3396,50,1
3397,41,0
3398,31,0
3399,38,1
3400,112,1
3401,94,1
3402,121,0
3403,57,1
3404,109,1
3405,48,0
3406,169,1
3407,44,1
3408,105,1
3409,44,0
3410,117,0
3411,55,1
3412,32,1
3413,83,1
3414,18,0
3415,60,0
3416,49,0
3417,131,0
3418,37,0
3419,136,0
3420,35,1
3421,81,0
3422,77,0
3423,117,0
3424,65,1
3425,55,0
3426,119,0
3427,37,0
3428,62,1
3429,138,1
3430,77,1
3431,49,0
3432,34,0
3433,33,1
3434,83,0
3435,51,0
3436,76,1
3437,41,1
3438,28,0
3439,56,0
3440,74,1
3441,187,1
3442,93,0
3443,56,0
3444,54,0
3445,118,0
3446,72,1
3447,90,0
3448,67,1
3449,41,1
3450,54,0
3451,31,0
3452,73,0
3453,49,1
3454,95,1
3455,157,0
3456,107,1
3457,86,1
3458,69,0
3459,47,0
3460,36,0
3461,67,1
3462,72,0
3463,173,1
3464,66,0
3465,28,0
3466,200,0
3467,38,0
3468,51,0
3469,128,0
3470,30,0
3471,43,1
3472,138,1
3473,66,0
3474,49,1
3475,125,1
3476,60,0
3477,58,1
3478,148,0
3479,119,0
3480,127,0
3481,80,0
3482,61,1
3483,66,0
3484,32,0
3485,78,0
3486,124,0
3487,63,0
3488,103,0
3489,77,1
3490,97,1
3491,51,0
3492,56,0
3493,78,0
3494,32,0
3495,71,0
3496,93,0
3497,75,0
3498,77,0
3499,32,0
3500,49,1
3501,71,1
3502,73,0
3503,50,0
3504,52,0
3505,23,0
3506,84,0
3507,68,0
3508,131,1
3509,176,1
3510,44,0
3511,68,0
3512,90,1
3513,90,1
3514,27,0
3515,88,0
3516,73,0
3517,79,0
3518,99,1
3519,109,1
3520,53,0
3521,51,0
3522,55,0
3523,100,0
3524,112,0
3525,100,0
3526,40,0
3527,42,1
3528,144,1
3529,149,1
3530,52,1
3531,89,1
3532,112,0
3533,42,0
3534,71,0
3535,77,0
3536,80,0
3537,39,1
3538,31,0
3539,61,0
3540,69,0
3541,60,0
3542,82,1
3543,64,0
3544,65,1
3545,107,0
3546,118,1
3547,50,1
3548,36,0
3549,77,1
3550,51,1
3551,65,1
3552,47,0
3553,152,1
3554,34,0
3555,81,0
3556,77,0
3557,62,1
3558,47,0
3559,53,0
3560,56,1
3561,47,0
3562,99,1
3563,116,1
3564,70,1
3565,42,1
3566,143,0
3567,66,0
3568,38,1
3569,95,0
3570,146,0
3571,103,1
3572,42,0
3573,23,0
3574,74,0
3575,59,1
3576,45,0
3577,55,1
3578,48,1
3579,53,1
3580,73,0
3581,28,1
3582,104,1
3583,51,0
3584,22,0
3585,77,1
3586,32,0
3587,44,1
3588,79,0
3589,45,0
3590,64,0
3591,69,1
3592,49,0
3593,71,0
3594,65,1
3595,53,0
3596,33,1
3597,106,1
3598,24,0
3599,87,1
3600,62,0
3601,32,1
3602,76,0
3603,53,1
3604,200,0
3605,101,1
3606,38,0
3607,31,0
3608,58,1
3609,33,0
3610,32,0
3611,90,0
3612,107,1
3613,47,1
3614,61,1
3615,57,1
3616,40,1
3617,78,1
3618,131,1
3619,122,0
3620,40,0
3621,42,0
3622,72,0
3623,51,1
3624,35,1
3625,47,0
3626,61,0
3627,64,0
3628,22,0
3629,50,1
3630,98,0
3631,47,0
3632,121,1
3633,84,0
3634,90,0
3635,82,1
3636,62,0
3637,37,1
3638,114,0
3639,49,0
3640,92,0
3641,41,0
3642,46,1
3643,44,1
3644,55,0
3645,69,0
3646,36,0
3647,63,0
3648,86,0
3649,44,1
3650,95,1
3651,76,0
3652,45,0
3653,71,1
3654,104,0
3655,100,1
3656,71,0
3657,95,0
3658,58,0
3659,45,1
3660,101,0
3661,66,1
3662,86,0
3663,58,1
3664,49,0
3665,90,1
3666,35,1
3667,83,1
3668,65,0
3669,40,1
3670,46,0
3671,45,0
3672,107,1
3673,43,1
3674,100,1
3675,41,0
3676,35,0
3677,51,1
3678,106,0
3679,94,1
3680,79,0
3681,55,1
3682,55,0
3683,95,1
3684,200,0
3685,54,1
3686,60,0
3687,82,1
3688,45,0
3689,87,1
3690,84,1
3691,50,0
3692,88,1
3693,88,1
3694,57,1
3695,61,1
3696,113,0
3697,13,0
3698,42,1
3699,17,0
3700,85,1
3701,78,1
3702,85,1
3703,127,1
3704,62,0
3705,64,0
3706,39,0
3707,65,0
3708,93,1
3709,28,1
3710,62,0
3711,126,0
3712,119,0
3713,91,1
3714,64,0
3715,43,1
3716,71,1
3717,189,0
3718,67,0
3719,78,1
3720,32,0
3721,44,0
3722,45,1
3723,108,1
3724,123,0
3725,75,1
3726,119,0
3727,52,1
3728,42,1
3729,36,0
3730,28,1
3731,75,1
3732,73,1
3733,103,0
3734,42,1
3735,64,0
3736,38,1
3737,52,1
3738,48,0
3739,97,0
3740,59,1
3741,27,1
3742,36,0
3743,50,0
3744,46,1
3745,94,1
3746,50,0
3747,75,1
3748,71,1
3749,109,1
3750,69,0
3751,28,1
3752,36,0
3753,115,0
3754,82,1
3755,64,1
3756,97,0
3757,33,1
3758,94,0
3759,60,0
3760,27,1
3761,138,0
3762,56,0
3763,43,0
3764,68,1
3765,64,0
3766,44,0
3767,16,0
3768,118,1
3769,71,1
3770,69,1
3771,109,0
3772,76,0
3773,69,1
3774,81,0
3775,84,0
3776,59,1
3777,88,0
3778,115,0
3779,46,1
3780,56,0
3781,60,0
3782,47,0
3783,49,1
3784,52,0
3785,116,0
3786,46,1
3787,145,1
3788,69,1
3789,58,0
3790,77,1
3791,172,0
3792,39,0
3793,149,1
3794,58,1
3795,81,1
3796,65,0
3797,57,1
3798,68,0
3799,46,1
3800,95,0
3801,32,0
3802,34,1
3803,46,0
3804,65,0
3805,69,0
3806,34,0
3807,44,1
3808,77,0
3809,58,0
3810,34,1
3811,48,0
3812,38,1
3813,180,0
3814,51,0
3815,90,0
3816,58,1
3817,200,0
3818,52,1
3819,72,0
3820,56,1
3821,63,1
3822,36,0
3823,52,0
3824,107,0
3825,56,0
3826,35,0
3827,86,1
3828,29,1
3829,131,0
3830,92,1
3831,71,1
3832,109,1
3833,21,0
3834,71,0
3835,75,1
3836,59,1
3837,145,1
3838,96,0
3839,143,1
3840,74,1
3841,51,1
3842,137,1
3843,27,0
3844,70,1
3845,49,0
3846,56,0
3847,64,1
3848,72,1
3849,154,0
3850,62,0
3851,59,0
3852,39,1
3853,70,1
3854,36,0
3855,47,0
3856,104,0
3857,91,0
3858,33,0
3859,28,0
3860,27,0
3861,51,0
3862,128,1
3863,89,0
3864,78,0
3865,58,1
3866,69,0
3867,142,0
3868,51,0
3869,53,0
3870,37,0
3871,48,0
3872,160,0
3873,149,0
3874,57,0
3875,130,1
3876,51,1
3877,125,0
3878,54,1
3879,48,0
3880,36,0
3881,95,1
3882,46,0
3883,114,0
3884,62,1
3885,81,1
3886,43,1
3887,89,1
3888,77,1
3889,58,1
3890,33,1
3891,60,1
3892,71,1
3893,53,0
3894,36,0
3895,179,0
3896,36,1
3897,39,0
3898,116,1
3899,48,0
3900,90,0
3901,58,1
3902,42,0
3903,150,0
3904,76,1
3905,57,1
3906,42,0
3907,53,0
3908,133,1
3909,104,0
3910,67,1
3911,118,1
3912,91,1
3913,128,0
3914,52,0
3915,90,1
3916,55,1
3917,42,1
3918,129,1
3919,32,0
3920,56,0
3921,113,1
3922,43,0
3923,37,1
3924,69,0
3925,57,1
3926,75,0
3927,31,0
3928,71,0
3929,57,1
3930,64,0
3931,57,0
3932,32,0
3933,89,0
3934,107,0
3935,101,1
3936,57,0
3937,110,0
3938,99,0
3939,118,1
3940,83,0
3941,30,0
3942,38,1
3943,52,0
3944,57,0
3945,45,1
3946,114,1
3947,48,1
3948,23,0
3949,69,1
3950,52,0
3951,41,1
3952,49,0
3953,49,0
3954,131,1
3955,67,0
3956,45,1
3957,182,1
3958,96,1
3959,31,1
3960,74,1
3961,45,1
3962,91,1
3963,92,0
3964,72,0
3965,56,1
3966,197,1
3967,54,0
3968,85,0
3969,106,1
3970,53,1
3971,81,0
3972,173,0
3973,91,0
3974,66,1
3975,105,0
3976,65,1
3977,54,1
3978,27,1
3979,22,1
3980,75,0
3981,71,0
3982,60,0
3983,83,0
3984,31,0
3985,63,0
3986,44,1
3987,125,0
3988,75,1
3989,44,1
3990,171,1
3991,107,0
3992,75,0
3993,49,0
3994,84,0
3995,49,1
3996,32,0
3997,75,0
3998,102,0
3999,117,0
4000,56,1
4001,58,0
4002,87,0
4003,80,1
4004,52,0
4005,51,0
4006,35,1
4007,41,0
4008,101,1
4009,86,0
4010,69,1
4011,58,0
4012,103,0
4013,47,1
4014,65,1
4015,37,1
4016,75,1
4017,42,1
4018,29,1
4019,45,1
4020,84,0
4021,178,0
4022,31,1
4023,81,0
4024,163,1
4025,51,0
4026,38,1
4027,48,0
4028,43,1
4029,71,1
4030,107,1
4031,84,1
4032,35,0
4033,97,0
4034,20,1
4035,51,0
4036,48,1
4037,94,1
4038,200,0
4039,34,0
4040,48,0
4041,28,1
4042,52,1
4043,81,0
4044,46,0
4045,35,1
4046,42,1
4047,65,0
4048,135,1
4049,80,1
4050,142,1
4051,110,0
4052,107,1
4053,62,0
4054,65,0
4055,155,0
4056,27,1
4057,46,0
4058,36,1
4059,102,1
4060,87,1
4061,106,0
4062,98,1
4063,50,0
4064,43,0
4065,58,0
4066,70,0
4067,61,0
4068,50,0
4069,56,0
4070,93,1
4071,55,1
4072,40,0
4073,142,1
4074,37,1
4075,66,1
4076,54,0
4077,50,0
4078,44,1
4079,79,0
4080,45,1
4081,69,1
4082,94,0
4083,38,0
4084,200,0
4085,116,0
4086,109,0
4087,25,0
4088,74,1
4089,91,0
4090,69,0
4091,131,0
4092,47,0
4093,27,0
4094,46,0
4095,58,0
4096,150,1
4097,65,0
4098,77,0
4099,154,1
4100,72,0
4101,53,0
4102,98,1
4103,108,1
4104,63,1
4105,48,0
4106,36,0
4107,45,1
4108,41,0
4109,65,0
4110,30,0
4111,42,1
4112,86,0
4113,94,0
4114,135,1
4115,57,0
4116,22,0
4117,54,0
4118,83,0
4119,60,1
4120,84,0
4121,109,1
4122,93,0
4123,39,0
4124,33,1
4125,55,0
4126,26,0
4127,26,1
4128,136,1
4129,130,0
4130,66,1
4131,45,0
4132,70,1
4133,55,1
4134,70,1
4135,57,0
4136,29,0
4137,33,0
4138,154,1
4139,110,1
4140,45,0
4141,43,0
4142,50,1
4143,25,1
4144,52,0
4145,56,0
4146,43,0
4147,37,1
4148,98,0
4149,45,1
4150,98,1
4151,64,0
4152,99,0
4153,42,0
4154,44,1
4155,97,1
4156,65,1
4157,47,1
4158,102,0
4159,81,0
4160,120,0
4161,66,0
4162,70,0
4163,82,0
4164,29,1
4165,25,1
4166,95,0
4167,127,0
4168,109,1
4169,174,0
4170,75,0
4171,35,0
4172,116,1
4173,75,1
4174,50,1
4175,66,0
4176,55,0
4177,95,1
4178,50,1
4179,115,0
4180,105,0
4181,34,0
4182,71,0
4183,157,1
4184,22,1
4185,69,0
4186,152,1
4187,32,0
4188,48,0
4189,153,0
4190,30,1
4191,28,0
4192,41,1
4193,95,1
4194,27,1
4195,88,0
4196,42,0
4197,104,1
4198,99,0
4199,80,0
4200,96,1
4201,122,0
4202,102,0
4203,62,1
4204,47,0
4205,72,0
4206,87,0
4207,31,0
4208,107,0
4209,112,1
4210,50,0
4211,43,1
4212,39,1
4213,71,0
4214,94,0
4215,67,0
4216,120,1
4217,59,0
4218,92,0
4219,63,1
4220,45,1
4221,45,0
4222,61,1
4223,64,0
4224,158,0
4225,68,1
4226,63,1
4227,60,1
4228,42,0
4229,32,1
4230,44,0
4231,60,1
4232,123,0
4233,80,0
4234,57,1
4235,34,0
4236,132,0
4237,58,0
4238,89,1
4239,45,0
4240,47,0
4241,28,1
4242,93,0
4243,113,0
4244,200,0
4245,65,1
4246,84,0
4247,53,0
4248,113,0
4249,200,0
4250,29,1
4251,18,0
4252,90,1
4253,57,0
4254,67,0
4255,50,0
4256,67,0
4257,84,0
4258,43,0
4259,62,0
4260,29,0
4261,104,1
4262,46,0
4263,83,1
4264,45,1
4265,82,1
4266,50,1
4267,28,0
4268,68,1
4269,45,0
4270,93,1
4271,59,1
4272,37,0
4273,33,0
4274,47,0
4275,57,0
4276,84,1
4277,33,0
4278,39,0
4279,44,1
4280,177,0
4281,90,1
4282,76,1
4283,27,0
4284,100,0
4285,54,0
4286,88,0
4287,74,0
4288,117,1
4289,65,0
4290,36,0
4291,89,1
4292,52,1
4293,53,0
4294,34,1
4295,53,0
4296,126,0
4297,59,1
4298,161,1
4299,67,0
4300,109,0
4301,68,1
4302,67,1
4303,135,0
4304,91,1
4305,61,0
4306,113,0
4307,78,1
4308,72,0
4309,68,0
4310,88,1
4311,153,1
4312,58,0
4313,92,1
4314,47,1
4315,50,0
4316,67,1
4317,170,0
4318,55,1
4319,109,0
4320,107,1
4321,53,1
4322,57,0
4323,33,0
4324,44,1
4325,128,1
4326,48,1
4327,91,0
4328,81,1
4329,61,0
4330,108,0
4331,41,1
4332,40,0
4333,52,1
4334,30,0
4335,33,1
4336,80,1
4337,48,1
4338,73,0
4339,144,1
4340,69,0
4341,58,1
4342,28,1
4343,115,0
4344,87,0
4345,51,0
4346,130,1
4347,77,0
4348,14,0
4349,65,0
4350,42,1
4351,29,1
4352,44,0
4353,99,0
4354,109,1
4355,73,1
4356,85,0
4357,99,0
4358,78,1
4359,62,0
4360,41,1
4361,36,1
4362,84,1
4363,95,0
4364,90,1
4365,67,0
4366,73,1
4367,50,0
4368,76,0
4369,74,0
4370,55,1
4371,92,1
4372,23,0
4373,32,0
4374,160,0
4375,45,1
4376,142,1
4377,100,1
4378,55,1
4379,63,0
4380,39,0
4381,74,0
4382,61,1
4383,92,1
4384,163,1
4385,79,0
4386,40,0
4387,138,0
4388,43,0
4389,44,0
4390,34,0
4391,119,0
4392,90,1
4393,37,1
4394,67,0
4395,133,0
4396,95,1
4397,45,1
4398,72,0
4399,39,0
4400,177,1
4401,72,1
4402,101,1
4403,72,0
4404,25,0
4405,39,0
4406,51,0
4407,93,0
4408,50,0
4409,41,0
4410,37,1
4411,51,1
4412,45,0
4413,78,1
4414,47,1
4415,75,0
4416,181,1
4417,107,1
4418,64,0
4419,53,0
4420,54,0
4421,60,0
4422,78,1
4423,70,1
4424,89,1
4425,57,1
4426,40,0
4427,90,0
4428,61,1
4429,200,0
4430,121,0
4431,136,1
4432,156,1
4433,51,0
4434,39,1
4435,56,1
4436,34,0
4437,51,0
4438,41,1
4439,48,0
4440,113,0
4441,48,1
4442,81,0
4443,74,0
4444,63,0
4445,49,1
4446,72,1
4447,124,0
4448,36,1
4449,53,0
4450,85,0
4451,51,0
4452,56,0
4453,198,0
4454,64,0
4455,150,1
4456,59,1
4457,37,1
4458,97,1
4459,67,1
4460,50,0
4461,84,0
4462,28,0
4463,102,0
4464,39,1
4465,60,1
4466,24,0
4467,70,0
4468,53,0
4469,66,1
4470,45,1
4471,96,1
4472,41,1
4473,42,0
4474,32,1
4475,69,1
4476,37,0
4477,82,1
4478,37,0
4479,146,1
4480,40,0
4481,67,0
4482,47,0
4483,81,1
4484,177,1
4485,43,0
4486,67,1
4487,101,0
4488,111,1
4489,58,1
4490,94,0
4491,58,0
4492,31,0
4493,37,0
4494,35,1
4495,63,0
4496,58,1
4497,85,1
4498,62,0
4499,56,0
4500,43,0
4501,79,0
4502,56,1
4503,27,1
4504,41,0
4505,50,1
4506,43,0
4507,29,0
4508,58,0
4509,63,0
4510,92,0
4511,56,0
4512,70,1
4513,94,0
4514,51,1
4515,54,1
4516,74,0
4517,44,0
4518,56,0
4519,100,1
4520,55,1
4521,72,0
4522,38,0
4523,25,0
4524,38,0
4525,86,1
4526,47,0
4527,29,1
4528,69,1
4529,52,0
4530,60,1
4531,29,0
4532,98,0
4533,28,0
4534,144,0
4535,36,0
4536,56,0
4537,94,1
4538,115,1
4539,31,0
4540,103,1
4541,113,1
4542,90,0
4543,39,0
4544,58,0
4545,140,0
4546,60,0
4547,122,1
4548,46,1
4549,72,1
4550,32,1
4551,111,1
4552,43,1
4553,34,0
4554,64,0
4555,76,0
4556,39,1
4557,38,0
4558,79,0
4559,57,1
4560,38,0
4561,111,0
4562,69,0
4563,166,1
4564,33,1
4565,78,1
4566,85,0
4567,56,0
4568,58,1
4569,118,1
4570,24,0
4571,58,1
4572,149,1
4573,65,0
4574,35,1
4575,62,0
4576,165,0
4577,36,0
4578,117,0
4579,40,0
4580,130,1
4581,51,0
4582,88,1
4583,48,1
4584,21,0
4585,43,0
4586,89,1
4587,46,1
4588,43,1
4589,35,0
4590,60,1
4591,46,0
4592,76,1
4593,54,1
4594,21,0
4595,43,1
4596,44,1
4597,67,1
4598,38,1
4599,130,0
4600,48,0
4601,47,1
4602,92,1
4603,92,1
4604,70,0
4605,43,1
4606,55,1
4607,95,0
4608,79,1
4609,93,1
4610,45,0
4611,39,0
4612,119,0
4613,106,0
4614,62,0
4615,60,0
4616,45,0
4617,61,0
4618,58,0
4619,69,1
4620,119,0
4621,81,0
4622,41,0
4623,87,1
4624,64,1
4625,31,0
4626,61,0
4627,53,1
4628,65,1
4629,27,1
4630,35,1
4631,80,1
4632,49,1
4633,42,1
4634,52,0
4635,42,1
4636,39,1
4637,72,0
4638,66,1
4639,51,1
4640,25,0
4641,63,0
4642,42,0
4643,70,1
4644,40,1
4645,46,0
4646,47,1
4647,72,0
4648,162,1
4649,27,1
4650,127,1
4651,99,1
4652,127,0
4653,27,0
4654,93,1
4655,42,0
4656,47,0
4657,192,1
4658,30,1
4659,95,0
4660,38,1
4661,52,0
4662,64,0
4663,51,0
4664,44,1
4665,76,1
4666,94,0
4667,55,1
4668,33,0
4669,51,1
4670,65,1
4671,42,1
4672,129,0
4673,114,0
4674,140,1
4675,66,1
4676,86,1
4677,79,1
4678,35,1
4679,33,0
4680,66,1
4681,86,1
4682,67,0
4683,69,1
4684,81,0
4685,39,1
4686,55,1
4687,38,0
4688,58,1
4689,34,0
4690,74,1
4691,98,0
4692,179,0
4693,78,0
4694,116,1
4695,64,0
4696,63,1
4697,116,0
4698,50,0
4699,82,1
4700,97,0
4701,121,1
4702,72,1
4703,49,1
4704,117,1
4705,56,1
4706,61,1
4707,61,0
4708,200,0
4709,112,1
4710,77,1
4711,46,0
4712,50,1
4713,32,1
4714,41,0
4715,52,0
4716,103,1
4717,91,1
4718,76,0
4719,31,0
4720,71,1
4721,130,1
4722,59,1
4723,105,1
4724,59,0
4725,61,1
4726,17,0
4727,52,1
4728,71,0
4729,82,1
4730,125,1
4731,38,0
4732,98,0
4733,66,0
4734,59,1
4735,55,0
4736,60,0
4737,31,1
4738,80,1
4739,157,1
4740,97,0
4741,57,1
4742,49,1
4743,45,0
4744,41,1
4745,80,1
4746,95,0
4747,59,1
4748,54,0
4749,34,0
4750,39,0
4751,24,0
4752,101,1
4753,58,1
4754,184,0
4755,49,1
4756,34,1
4757,32,0
4758,53,1
4759,63,0
4760,68,1
4761,35,0
4762,72,1
4763,35,1
4764,38,0
4765,92,1
4766,89,0
4767,61,0
4768,75,0
4769,37,1
4770,89,0
4771,47,0
4772,90,0
4773,44,0
4774,51,0
4775,47,0
4776,89,0
4777,139,0
4778,21,1
4779,180,0
4780,24,0
4781,28,0
4782,46,0
4783,25,0
4784,81,0
4785,58,1
4786,107,1
4787,71,1
4788,145,0
4789,39,0
4790,99,0
4791,51,0
4792,91,1
4793,38,1
4794,43,1
4795,62,1
4796,11,0
4797,28,0
4798,36,0
4799,30,0
4800,69,0
4801,38,0
4802,50,1
4803,78,0
4804,49,1
4805,86,0
4806,54,1
4807,37,1
4808,89,0
4809,108,1
4810,83,1
4811,90,1
4812,48,0
4813,62,1
4814,32,0
4815,104,0
4816,82,0
4817,43,0
4818,34,1
4819,88,1
4820,79,0
4821,61,0
4822,44,0
4823,44,1
4824,146,1
4825,68,1
4826,46,0
4827,51,1
4828,38,0
4829,112,1
4830,31,0
4831,79,0
4832,88,0
4833,39,1
4834,71,0
4835,143,1
4836,38,0
4837,86,1
4838,105,0
4839,103,0
4840,93,0
4841,51,1
4842,99,1
4843,64,1
4844,65,1
4845,80,1
4846,38,1
4847,85,0
4848,95,0
4849,64,0
4850,87,0
4851,96,1
4852,31,1
4853,41,0
4854,56,1
4855,52,0
4856,56,0
4857,62,1
4858,46,0
4859,77,0
4860,118,1
4861,89,1
4862,48,0
4863,67,1
4864,42,1
4865,87,1
4866,40,1
4867,122,0
4868,53,1
4869,85,1
4870,61,0
4871,47,0
4872,27,0
4873,48,1
4874,39,1
4875,70,1
4876,42,0
4877,67,1
4878,68,0
4879,25,0
4880,72,0
4881,91,1
4882,42,1
4883,51,1
4884,175,1
4885,25,0
4886,57,1
4887,65,1
4888,83,1
4889,70,1
4890,175,0
4891,44,0
4892,70,1
4893,52,1
4894,78,1
4895,51,0
4896,84,1
4897,38,0
4898,155,0
4899,130,0
4900,105,1
4901,52,1
4902,157,1
4903,49,1
4904,70,0
4905,27,1
4906,71,0
4907,23,1
4908,61,0
4909,74,0
4910,68,1
4911,36,0
4912,49,0
4913,44,1
4914,57,1
4915,122,1
4916,91,1
4917,98,0
4918,67,1
4919,95,1
4920,91,0
4921,44,0
4922,79,1
4923,33,1
4924,34,1
4925,86,1
4926,38,0
4927,94,1
4928,58,1
4929,85,1
4930,112,0
4931,53,1
4932,36,0
4933,36,1
4934,111,1
4935,59,0
4936,46,0
4937,31,0
4938,65,0
4939,52,1
4940,85,0
4941,56,0
4942,61,0
4943,55,1
4944,141,1
4945,44,1
4946,59,1
4947,66,1
4948,42,0
4949,94,1
4950,30,0
4951,55,1
4952,39,1
4953,35,1
4954,53,0
4955,115,1
4956,39,1
4957,36,0
4958,22,1
4959,108,1
4960,65,1
4961,126,0
4962,63,0
4963,51,0
4964,86,1
4965,60,0
4966,35,0
4967,30,1
4968,89,1
4969,66,1
4970,72,0
4971,127,0
4972,30,1
4973,25,0
4974,27,0
4975,65,0
4976,86,1
4977,98,1
4978,39,1
4979,48,0
4980,60,1
4981,89,0
4982,125,1
4983,37,0
4984,98,0
4985,31,1
4986,54,1
4987,73,0
4988,131,0
4989,86,1
4990,54,1
4991,43,1
4992,46,1
4993,53,0
4994,32,1
4995,72,1
4996,108,1
4997,64,0
4998,34,1
4999,46,1
5000,47,0
5001,24,0
5002,182,0
5003,71,1
5004,73,0
5005,185,0
5006,106,0
5007,43,1
5008,67,1
5009,29,0
5010,88,1
5011,104,0
5012,54,0
5013,74,1
5014,77,1
5015,68,0
5016,64,0
5017,42,0
5018,54,0
5019,108,1
5020,58,1
5021,49,1
5022,54,0
5023,50,0
5024,35,0
5025,93,0
5026,94,0
5027,71,0
5028,34,0
5029,47,1
5030,123,0
5031,96,1
5032,93,1
5033,74,0
5034,196,0
5035,55,0
5036,44,0
5037,33,0
5038,63,0
5039,71,0
5040,90,1
5041,57,0
5042,80,0
5043,144,1
5044,70,0
5045,112,0
5046,81,1
5047,117,1
5048,73,1
5049,61,0
5050,84,0
5051,46,1
5052,89,1
5053,28,0
5054,46,1
5055,28,0
5056,26,1
5057,48,0
5058,75,0
5059,53,1
5060,77,1
5061,36,0
5062,66,1
5063,61,0
5064,81,0
5065,58,1
5066,110,0
5067,84,0
5068,33,1
5069,44,0
5070,74,1
5071,91,0
5072,41,0
5073,27,1
5074,93,1
5075,94,1
5076,138,0
5077,25,1
5078,112,1
5079,25,0
5080,116,1
5081,97,0
5082,35,1
5083,69,1
5084,65,0
5085,44,0
5086,63,0
5087,86,1
5088,139,1
5089,65,1
5090,27,1
5091,114,0
5092,105,0
5093,130,0
5094,103,1
5095,64,0
5096,89,1
5097,52,1
5098,55,0
5099,44,0
5100,105,1
5101,63,1
5102,45,1
5103,59,1
5104,66,0
5105,64,0
5106,31,0
5107,27,0
5108,141,0
5109,60,0
5110,49,1
5111,113,1
5112,38,0
5113,176,1
5114,61,0
5115,108,0
5116,31,1
5117,39,1
5118,92,1
5119,55,0
5120,61,0
5121,40,0
5122,86,0
5123,137,1
5124,65,1
5125,65,0
5126,89,0
5127,111,1
5128,51,0
5129,65,0
5130,42,0
5131,47,0
5132,46,1
5133,36,1
5134,50,0
5135,72,1
5136,50,0
5137,27,1
5138,30,1
5139,33,0
5140,40,1
5141,21,0
5142,125,1
5143,48,0
5144,31,1
5145,117,0
5146,67,0
5147,89,1
5148,50,0
5149,114,0
5150,83,0
5151,42,0
5152,37,1
5153,38,1
5154,43,1
5155,38,0
5156,51,1
5157,54,1
5158,87,1
5159,66,0
5160,80,1
5161,80,0
5162,77,0
5163,84,0
5164,46,0
5165,110,1
5166,49,0
5167,57,0
5168,31,0
5169,49,0
5170,35,1
5171,31,0
5172,129,1
5173,37,0
5174,144,1
5175,89,0
5176,73,0
5177,47,0
5178,49,1
5179,42,0
5180,27,0
5181,156,0
5182,46,1
5183,79,1
5184,26,0
5185,43,0
5186,60,1
5187,109,0
5188,73,1
5189,68,1
5190,52,1
5191,69,1
5192,81,0
5193,176,1
5194,68,1
5195,49,1
5196,145,0
5197,120,0
5198,31,0
5199,45,0
5200,32,0
5201,84,0
5202,50,0
5203,85,0
5204,67,0
5205,55,0
5206,53,1
5207,89,0
5208,112,0
5209,83,0
5210,78,1
5211,118,1
5212,140,0
5213,47,0
5214,53,0
5215,46,1
5216,62,0
5217,53,0
5218,88,0
5219,42,0
5220,123,1
5221,84,0
5222,44,0
5223,49,0
5224,34,0
5225,84,1
5226,143,1
5227,99,1
5228,64,0
5229,72,1
5230,40,1
5231,66,0
5232,200,0
5233,101,1
5234,56,1
5235,80,0
5236,66,0
5237,178,0
5238,89,1
5239,75,0
5240,92,0
5241,121,0
5242,51,0
5243,48,1
5244,58,1
5245,141,0
5246,55,1
5247,53,1
5248,129,1
5249,55,1
5250,41,0
5251,73,1
5252,132,0
5253,57,0
5254,152,0
5255,40,0
5256,38,1
5257,200,0
5258,59,0
5259,39,0
5260,102,1
5261,25,1
5262,79,0
5263,145,0
5264,58,0
5265,44,1
5266,99,1
5267,42,1
5268,108,0
5269,41,1
5270,101,1
5271,79,0
5272,107,0
5273,78,1
5274,66,1
5275,26,1
5276,69,1
5277,40,0
5278,101,1
5279,28,0
5280,50,0
5281,81,1
5282,41,1
5283,81,1
5284,107,1
5285,165,1
5286,27,0
5287,113,1
5288,91,1
5289,84,0
5290,65,1
5291,119,0
5292,119,1
5293,89,0
5294,26,1
5295,65,0
5296,52,1
5297,103,0
5298,68,1
5299,31,0
5300,103,0
5301,72,1
5302,30,0
5303,149,0
5304,47,0
5305,54,0
5306,108,1
5307,55,0
5308,71,0
5309,55,0
5310,35,0
5311,48,0
5312,109,0
5313,77,0
5314,59,1
5315,73,1
5316,36,0
5317,70,0
5318,48,0
5319,200,0
5320,106,0
5321,57,1
5322,92,0
5323,107,0
5324,55,1
5325,28,0
5326,109,1
5327,100,1
5328,85,0
5329,37,0
5330,116,0
5331,52,0
5332,81,0
5333,42,1
5334,79,0
5335,31,0
5336,35,0
5337,54,0
5338,58,0
5339,49,1
5340,57,1
5341,97,0
5342,98,1
5343,63,0
5344,97,1
5345,96,0
5346,35,0
5347,89,0
5348,44,0
5349,62,0
5350,43,0
5351,64,0
5352,91,1
5353,55,0
5354,80,0
5355,29,1
5356,87,1
5357,55,0
5358,53,1
5359,59,0
5360,45,1
5361,45,0
5362,36,0
5363,97,1
5364,46,0
5365,41,1
5366,82,0
5367,68,1
5368,51,0
5369,39,1
5370,135,0
5371,50,0
5372,70,1
5373,51,1
5374,80,1
5375,80,0
5376,47,0
5377,44,1
5378,76,0
5379,102,0
5380,34,0
5381,130,0
5382,38,0
5383,45,0
5384,100,1
5385,139,1
5386,72,0
5387,37,0
5388,67,0
5389,85,0
5390,68,0
5391,77,0
5392,124,0
5393,71,0
5394,105,0
5395,101,0
5396,64,0
5397,45,0
5398,59,1
5399,166,0
5400,69,1
5401,93,0
5402,74,0
5403,57,0
5404,130,0
5405,62,0
5406,120,1
5407,64,0
5408,49,0
5409,112,1
5410,36,0
5411,89,0
5412,54,0
5413,41,0
5414,29,0
5415,77,0
5416,38,0
5417,20,1
5418,86,1
5419,92,0
5420,52,0
5421,19,0
5422,98,0
5423,41,0
5424,82,1
5425,47,1
5426,54,1
5427,161,0
5428,99,1
5429,194,0
5430,115,1
5431,148,0
5432,200,0
5433,23,1
5434,31,0
5435,130,0
5436,69,0
5437,88,0
5438,55,1
5439,118,0
5440,146,0
5441,88,0
5442,44,1
5443,79,1
5444,161,0
5445,35,0
5446,101,1
5447,43,1
5448,87,1
5449,82,1
5450,28,0
5451,81,0
5452,64,0
5453,155,1
5454,153,1
5455,48,0
5456,70,0
5457,82,1
5458,84,0
5459,62,0
5460,30,0
5461,135,1
5462,53,1
5463,79,0
5464,87,0
5465,153,1
5466,77,1
5467,47,1
5468,72,0
5469,33,0
5470,61,1
5471,70,1
5472,36,1
5473,33,0
5474,67,0
5475,32,0
5476,65,0
5477,98,1
5478,77,1
5479,131,1
5480,98,1
5481,75,0
5482,78,1
5483,30,0
5484,48,1
5485,40,1
5486,63,0
5487,64,0
5488,108,0
5489,39,0
5490,104,1
5491,79,1
5492,100,0
5493,71,0
5494,82,0
5495,56,1
5496,78,1
5497,72,0
5498,54,0
5499,54,1
5500,199,1
5501,68,0
5502,60,1
5503,76,0
5504,85,0
5505,36,0
5506,84,0
5507,79,0
5508,26,0
5509,73,0
5510,139,1
5511,110,1
5512,68,1
5513,27,1
5514,74,1
5515,127,0
5516,77,0
5517,57,0
5518,56,0
5519,43,0
5520,53,1
5521,25,0
5522,141,0
5523,52,0
5524,79,1
5525,36,1
5526,114,0
5527,70,0
5528,45,0
5529,50,0
5530,97,0
5531,71,0
5532,34,0
5533,115,0
5534,28,0
5535,32,0
5536,99,1
5537,148,1
5538,55,1
5539,148,1
5540,38,1
5541,137,1
5542,32,0
5543,40,0
5544,92,1
5545,68,0
5546,50,0
5547,146,0
5548,55,0
5549,63,1
5550,108,1
5551,63,0
5552,34,0
5553,55,0
5554,33,0
5555,33,0
5556,34,0
5557,30,1
5558,39,0
5559,44,0
5560,117,0
5561,112,0
5562,43,0
5563,100,0
5564,91,0
5565,61,0
5566,55,0
5567,66,0
5568,89,0
5569,56,0
5570,107,0
5571,29,1
5572,94,0
5573,32,1
5574,66,1
5575,116,0
5576,137,0
5577,90,1
5578,132,0
5579,23,0
5580,49,1
5581,38,1
5582,73,1
5583,28,1
5584,47,1
5585,75,1
5586,50,0
5587,92,1
5588,47,1
5589,172,0
5590,53,0
5591,38,0
5592,54,1
5593,53,0
5594,40,0
5595,109,0
5596,32,0
5597,87,0
5598,106,1
5599,91,0
5600,40,0
5601,74,1
5602,87,1
5603,142,0
5604,32,1
5605,31,1
5606,54,0
5607,40,0
5608,67,1
5609,21,1
5610,65,0
5611,119,0
5612,93,0
5613,82,1
5614,68,0
5615,82,0
5616,47,0
5617,52,1
5618,71,0
5619,132,1
5620,96,1
5621,41,0
5622,34,0
5623,57,1
5624,85,1
5625,100,1
5626,102,1
5627,25,1
5628,136,1
5629,41,0
5630,21,0
5631,84,1
5632,200,0
5633,85,0
5634,200,0
5635,142,1
5636,44,1
5637,48,0
5638,80,0
5639,58,1
5640,36,1
5641,160,1
5642,138,1
5643,70,0
5644,46,0
5645,66,0
5646,51,0
5647,43,0
5648,62,1
5649,42,0
5650,37,1
5651,42,1
5652,92,0
5653,74,1
5654,47,0
5655,45,0
5656,50,1
5657,66,1
5658,58,0
5659,42,0
5660,61,1
5661,120,1
5662,83,0
5663,119,1
5664,200,0
5665,38,0
5666,82,1
5667,59,1
5668,74,0
5669,95,1
5670,94,1
5671,37,1
5672,29,0
5673,154,0
5674,33,1
5675,38,1
5676,17,0
5677,41,1
5678,91,1
5679,57,1
5680,69,1
5681,73,1
5682,38,0
5683,137,1
5684,41,0
5685,131,1
5686,31,1
5687,141,1
5688,60,0
5689,101,0
5690,112,1
5691,105,0
5692,90,0
5693,24,1
5694,40,0
5695,44,1
5696,79,1
5697,86,1
5698,38,0
5699,50,0
5700,64,1
5701,85,0
5702,84,0
5703,25,1
5704,24,0
5705,104,0
5706,44,0
5707,53,1
5708,190,1
5709,90,1
5710,157,0
5711,53,1
5712,135,1
5713,113,0
5714,32,1
5715,56,0
5716,98,0
5717,65,1
5718,72,0
5719,78,1
5720,52,0
5721,37,1
5722,25,1
5723,37,0
5724,31,1
5725,69,0
5726,88,1
5727,53,1
5728,108,1
5729,95,1
5730,56,1
5731,84,1
5732,51,0
5733,58,0
5734,77,0
5735,52,1
5736,74,0
5737,68,0
5738,68,1
5739,45,1
5740,51,0
5741,88,1
5742,85,0
5743,64,1
5744,56,0
5745,63,0
5746,80,1
5747,87,1
5748,57,1
5749,74,1
5750,59,1
5751,39,1
5752,22,0
5753,31,0
5754,48,0
5755,21,0
5756,54,1
5757,59,0
5758,30,0
5759,61,1
5760,40,0
5761,65,1
5762,103,0
5763,87,0
5764,77,0
5765,43,1
5766,58,0
5767,70,0
5768,72,0
5769,31,0
5770,41,1
5771,45,0
5772,71,0
5773,37,0
5774,137,0
5775,30,0
5776,82,0
5777,79,0
5778,48,0
5779,21,1
5780,61,1
5781,143,0
5782,86,1
5783,69,0
5784,95,0
5785,102,1
5786,152,1
5787,24,0
5788,35,0
5789,136,1
5790,80,1
5791,42,0
5792,39,1
5793,47,0
5794,130,0
5795,141,0
5796,118,1
5797,116,0
5798,88,0
5799,102,0
5800,51,1
5801,61,0
5802,83,1
5803,65,0
5804,61,1
5805,29,1
5806,86,1
5807,69,1
5808,49,1
5809,74,0
5810,84,0
5811,46,1
5812,92,0
5813,45,1
5814,133,1
5815,72,1
5816,69,0
5817,105,0
5818,114,0
5819,54,1
5820,39,1
5821,49,1
5822,57,1
5823,41,1
5824,20,1
5825,90,1
5826,32,0
5827,75,1
5828,94,0
5829,54,1
5830,80,1
5831,57,1
5832,77,1
5833,200,0
5834,33,1
5835,70,1
5836,63,1
5837,61,1
5838,60,0
5839,133,0
5840,58,0
5841,200,0
5842,66,1
5843,22,1
5844,88,0
5845,27,0
5846,58,0
5847,46,0
5848,44,0
5849,98,1
5850,58,1
5851,57,0
5852,51,1
5853,142,0
5854,95,0
5855,39,1
5856,70,0
5857,41,0
5858,41,1
5859,29,1
5860,28,0
5861,88,1
5862,63,1
5863,62,1
5864,73,1
5865,68,0
5866,39,0
5867,34,0
5868,33,0
5869,32,1
5870,30,1
5871,77,0
5872,99,1
5873,68,0
5874,100,0
5875,28,0
5876,68,1
5877,58,0
5878,37,0
5879,129,0
5880,85,1
5881,77,1
5882,122,1
5883,32,1
5884,153,1
5885,91,1
5886,85,1
5887,39,1
5888,97,1
5889,74,0
5890,81,1
5891,48,0
5892,55,0
5893,36,0
5894,113,1
5895,36,0
5896,39,0
5897,69,0
5898,52,1
5899,88,0
5900,49,0
5901,50,0
5902,46,1
5903,175,0
5904,82,1
5905,40,0
5906,40,1
5907,35,1
5908,54,1
5909,67,0
5910,52,0
5911,99,1
5912,36,0
5913,40,0
5914,40,0
5915,32,0
5916,79,1
5917,104,0
5918,42,0
5919,86,0
5920,57,1
5921,58,1
5922,30,0
5923,40,0
5924,81,1
5925,117,0
5926,59,1
5927,41,0
5928,44,0
5929,75,0
5930,56,1
5931,45,1
5932,85,0
5933,29,0
5934,184,0
5935,23,1
5936,38,0
5937,56,1
5938,72,0
5939,97,0
5940,38,0
5941,30,0
5942,53,0
5943,37,0
5944,31,1
5945,75,1
5946,127,0
5947,20,0
5948,87,1
5949,53,1
5950,197,0
5951,34,1
5952,81,1
5953,49,1
5954,49,0
5955,42,0
5956,62,1
5957,29,1
5958,57,0
5959,82,0
5960,64,0
5961,47,0
5962,34,0
5963,23,1
5964,52,1
5965,76,1
5966,54,0
5967,56,0
5968,44,0
5969,92,0
5970,115,1
5971,121,0
5972,102,1
5973,25,0
5974,71,1
5975,55,1
5976,79,0
5977,65,0
5978,36,1
5979,44,0
5980,94,0
5981,28,1
5982,52,0
5983,34,0
5984,28,1
5985,66,0
5986,21,0
5987,97,0
5988,55,1
5989,75,0
5990,113,0
5991,57,0
5992,34,0
5993,50,1
5994,102,1
5995,104,0
5996,56,1
5997,113,0
5998,89,1
5999,39,1
6000,70,1
6001,74,1
6002,66,1
6003,49,1
6004,29,0
6005,96,0
6006,106,0
6007,81,0
6008,56,0
6009,143,0
6010,84,0
6011,57,1
6012,114,1
6013,59,1
6014,38,0
6015,87,0
6016,28,1
6017,71,0
6018,78,0
6019,52,0
6020,29,0
6021,59,1
6022,65,1
6023,55,1
6024,35,0
6025,49,0
6026,52,1
6027,83,0
6028,31,1
6029,200,0
6030,77,1
6031,36,1
6032,80,1
6033,43,0
6034,200,0
6035,36,0
6036,45,0
6037,75,0
6038,41,0
6039,44,1
6040,86,0
6041,102,0
6042,77,1
6043,71,1
6044,43,1
6045,40,0
6046,99,0
6047,75,1
6048,42,1
6049,62,1
6050,24,0
6051,33,0
6052,53,0
6053,47,0
6054,57,0
6055,118,0
6056,40,0
6057,65,0
6058,20,0
6059,69,1
6060,200,0
6061,39,0
6062,114,1
6063,73,0
6064,107,1
6065,45,1
6066,176,0
6067,34,0
6068,61,1
6069,30,1
6070,101,0
6071,55,0
6072,86,0
6073,82,0
6074,21,0
6075,71,0
6076,56,0
6077,167,1
6078,46,1
6079,91,0
6080,62,0
6081,30,0
6082,131,0
6083,34,0
6084,62,0
6085,73,1
6086,73,1
6087,48,1
6088,75,1
6089,103,0
6090,70,0
6091,47,0
6092,56,1
6093,54,0
6094,98,0
6095,63,1
6096,25,0
6097,66,1
6098,68,1
6099,67,1
6100,160,0
6101,93,0
6102,116,0
6103,57,0
6104,85,0
6105,62,0
6106,153,0
6107,133,0
6108,57,1
6109,38,0
6110,79,0
6111,70,0
6112,120,0
6113,94,0
6114,79,1
6115,105,1
6116,62,0
6117,48,1
6118,78,1
6119,34,1
6120,55,0
6121,43,1
6122,43,1
6123,82,1
6124,26,0
6125,189,0
6126,200,0
6127,32,0
6128,80,1
6129,31,0
6130,107,1
6131,15,0
6132,76,0
6133,36,0
6134,71,1
6135,31,0
6136,150,0
6137,72,1
6138,200,0
6139,69,0
6140,45,1
6141,60,0
6142,103,0
6143,32,1
6144,52,1
6145,42,0
6146,36,1
6147,74,1
6148,39,0
6149,111,0
6150,48,0
6151,114,1
6152,51,0
6153,67,0
6154,82,0
6155,51,0
6156,66,1
6157,39,0
6158,47,0
6159,32,0
6160,76,1
6161,96,1
6162,108,0
6163,115,1
6164,20,0
6165,107,1
6166,103,1
6167,51,0
6168,33,0
6169,55,0
6170,126,1
6171,56,1
6172,26,1
6173,30,0
6174,15,0
6175,41,1
6176,43,0
6177,84,1
6178,99,0
6179,48,0
6180,27,1
6181,68,0
6182,95,1
6183,40,1
6184,81,0
6185,53,1
6186,104,0
6187,96,1
6188,73,1
6189,18,0
6190,73,0
6191,47,0
6192,80,0
6193,42,1
6194,43,1
6195,52,0
6196,37,1
6197,54,0
6198,119,1
6199,61,1
6200,44,0
6201,43,0
6202,104,1
6203,23,1
6204,107,1
6205,84,0
6206,92,0
6207,71,1
6208,102,0
6209,84,0
6210,44,0
6211,79,0
6212,26,0
6213,65,0
6214,41,0
6215,27,1
6216,51,0
6217,51,0
6218,66,0
6219,84,0
6220,73,0
6221,133,0
6222,55,1
6223,46,0
6224,40,1
6225,49,0
6226,128,0
6227,67,0
6228,67,0
6229,72,0
6230,60,1
6231,70,1
6232,73,0
6233,60,0
6234,65,0
6235,77,1
6236,54,0
6237,68,0
6238,42,1
6239,96,0
6240,69,1
6241,154,0
6242,133,1
6243,28,0
6244,58,1
6245,89,1
6246,58,1
6247,48,1
6248,70,0
6249,86,0
6250,87,0
6251,103,1
6252,19,0
6253,95,0
6254,80,1
6255,33,0
6256,27,0
6257,200,0
6258,98,1
6259,60,1
6260,65,1
6261,42,0
6262,42,1
6263,121,1
6264,66,1
6265,41,1
6266,63,0
6267,43,1
6268,45,0
6269,83,1
6270,19,0
6271,73,0
6272,200,0
6273,40,0
6274,27,0
6275,100,0
6276,36,0
6277,53,1
6278,38,0
6279,73,0
6280,24,0
6281,75,0
6282,53,0
6283,89,1
6284,53,0
6285,41,1
6286,35,1
6287,159,1
6288,16,0
6289,43,1
6290,34,1
6291,58,0
6292,80,1
6293,78,0
6294,108,0
6295,32,0
6296,63,1
6297,32,1
6298,144,0
6299,148,0
6300,150,0
6301,31,0
6302,66,0
6303,99,1
6304,32,0
6305,15,0
6306,57,1
6307,200,0
6308,65,0
6309,22,1
6310,78,1
6311,42,1
6312,96,1
6313,77,1
6314,101,1
6315,120,0
6316,42,1
6317,30,0
6318,40,0
6319,69,0
6320,45,1
6321,40,0
6322,19,0
6323,144,1
6324,87,1
6325,123,0
6326,52,0
6327,44,0
6328,59,0
6329,135,0
6330,148,0
6331,59,1
6332,104,1
6333,83,0
6334,55,0
6335,58,0
6336,57,1
6337,84,1
6338,93,1
6339,39,1
6340,57,0
6341,74,1
6342,65,1
6343,81,0
6344,49,1
6345,31,0
6346,53,1
6347,57,0
6348,56,1
6349,31,1
6350,139,0
6351,42,0
6352,55,0
6353,183,0
6354,65,1
6355,23,0
6356,23,1
6357,60,1
6358,28,0
6359,68,1
6360,28,1
6361,61,0
6362,46,0
6363,49,0
6364,37,0
6365,150,0
6366,119,0
6367,47,1
6368,142,0
6369,37,1
6370,18,0
6371,50,0
6372,39,1
6373,81,1
6374,55,0
6375,65,1
6376,53,1
6377,72,0
6378,87,1
6379,100,0
6380,166,1
6381,55,1
6382,97,1
6383,98,1
6384,122,1
6385,39,1
6386,66,1
6387,21,0
6388,33,0
6389,45,0
6390,49,0
6391,67,0
6392,44,1
6393,71,0
6394,70,0
6395,54,1
6396,29,1
6397,66,1
6398,51,1
6399,23,0
6400,30,0
6401,163,1
6402,88,0
6403,97,1
6404,95,0
6405,61,1
6406,41,0
6407,130,1
6408,66,0
6409,46,0
6410,145,0
6411,52,0
6412,59,0
6413,77,1
6414,64,0
6415,110,0
6416,75,1
6417,83,0
6418,97,0
6419,26,0
6420,42,1
6421,58,1
6422,93,1
6423,53,1
6424,47,1
6425,95,0
6426,56,1
6427,51,0
6428,30,1
6429,83,1
6430,55,1
6431,99,0
6432,51,1
6433,47,1
6434,139,0
6435,121,0
6436,65,1
6437,57,1
6438,34,0
6439,66,0
6440,14,0
6441,32,0
6442,71,0
6443,77,1
6444,60,1
6445,58,0
6446,42,0
6447,46,0
6448,48,1
6449,81,1
6450,79,0
6451,40,0
6452,106,1
6453,58,1
6454,59,1
6455,101,0
6456,32,0
6457,100,1
6458,41,1
6459,58,0
6460,23,1
6461,180,0
6462,161,0
6463,51,1
6464,28,0
6465,113,0
6466,61,1
6467,49,0
6468,32,1
6469,103,0
6470,77,1
6471,55,0
6472,53,1
6473,176,0
6474,51,1
6475,68,0
6476,200,0
6477,33,1
6478,44,0
6479,52,1
6480,18,0
6481,60,0
6482,48,1
6483,20,0
6484,39,0
6485,200,0
6486,65,1
6487,66,0
6488,39,1
6489,83,0
6490,53,1
6491,71,0
6492,53,1
6493,44,0
6494,87,1
6495,15,0
6496,29,0
6497,50,1
6498,61,0
6499,92,0
6500,155,1
6501,45,1
6502,13,0
6503,107,1
6504,38,0
6505,40,1
6506,166,1
6507,63,0
6508,81,1
6509,32,1
6510,117,1
6511,38,1
6512,86,0
6513,54,0
6514,99,1
6515,58,1
6516,124,0
6517,37,0
6518,69,1
6519,52,0
6520,47,1
6521,40,1
6522,58,1
6523,100,0
6524,116,1
6525,24,1
6526,78,0
6527,31,0
6528,139,0
6529,116,1
6530,44,0
6531,80,1
6532,58,1
6533,79,1
6534,41,0
6535,111,0
6536,59,0
6537,177,0
6538,110,0
6539,90,0
6540,34,0
6541,61,0
6542,38,1
6543,81,0
6544,41,0
6545,123,0
6546,96,0
6547,31,1
6548,108,1
6549,99,1
6550,187,1
6551,112,0
6552,32,1
6553,101,0
6554,127,1
6555,96,0
6556,83,1
6557,55,1
6558,60,0
6559,107,1
6560,18,0
6561,64,1
6562,80,1
6563,32,1
6564,133,0
6565,48,1
6566,57,0
6567,127,0
6568,123,1
6569,118,1
6570,65,1
6571,46,0
6572,190,1
6573,58,0
6574,78,1
6575,50,1
6576,46,0
6577,65,0
6578,74,1
6579,75,0
6580,68,0
6581,95,1
6582,75,1
6583,87,1
6584,147,1
6585,53,1
6586,67,1
6587,33,1
6588,36,1
6589,94,1
6590,88,1
6591,61,1
6592,65,0
6593,26,0
6594,82,0
6595,18,0
6596,39,0
6597,139,0
6598,53,1
6599,51,0
6600,43,1
6601,74,1
6602,37,0
6603,28,0
6604,46,1
6605,26,0
6606,102,1
6607,58,0
6608,52,1
6609,67,0
6610,151,0
6611,74,0
6612,105,1
6613,32,0
6614,39,1
6615,88,1
6616,62,1
6617,55,0
6618,74,0
6619,105,1
6620,99,0
6621,33,1
6622,112,0
6623,49,1
6624,73,0
6625,105,1
6626,33,1
6627,33,1
6628,57,0
6629,46,1
6630,106,0
6631,29,1
6632,69,1
6633,136,1
6634,47,1
6635,129,1
6636,39,0
6637,26,0
6638,36,0
6639,30,0
6640,75,1
6641,61,1
6642,117,0
6643,31,0
6644,65,0
6645,49,0
6646,66,1
6647,118,1
6648,41,0
6649,143,1
6650,78,0
6651,31,1
6652,76,1
6653,42,1
6654,56,0
6655,47,0
6656,69,1
6657,43,1
6658,37,0
6659,87,1
6660,61,0
6661,54,1
6662,55,1
6663,44,1
6664,118,1
6665,58,0
6666,104,0
6667,109,0
6668,50,1
6669,87,0
6670,38,0
6671,46,1
6672,65,1
6673,58,1
6674,63,0
6675,32,1
6676,37,1
6677,63,1
6678,70,0
6679,55,1
6680,122,1
6681,163,0
6682,43,0
6683,67,0
6684,61,0
6685,67,0
6686,51,1
6687,200,0
6688,32,0
6689,193,0
6690,175,0
6691,63,1
6692,48,1
6693,103,1
6694,73,0
6695,50,0
6696,200,0
6697,200,0
6698,67,0
6699,47,0
6700,90,0
6701,44,0
6702,200,0
6703,99,0
6704,114,1
6705,38,1
6706,57,0
6707,47,1
6708,200,0
6709,34,1
6710,55,1
6711,147,1
6712,81,0
6713,61,0
6714,102,0
6715,112,1
6716,40,0
6717,36,0
6718,55,0
6719,50,0
6720,53,0
6721,54,1
6722,78,0
6723,46,1
6724,27,0
6725,48,0
6726,116,1
6727,52,1
6728,172,0
6729,55,1
6730,24,1
6731,71,0
6732,52,0
6733,48,1
6734,112,0
6735,65,1
6736,58,0
6737,40,0
6738,55,0
6739,49,0
6740,58,1
6741,78,1
6742,110,1
6743,92,1
6744,112,1
6745,88,0
6746,110,1
6747,60,0
6748,44,1
6749,53,0
6750,37,0
6751,60,1
6752,86,0
6753,120,0
6754,47,0
6755,31,0
6756,74,0
6757,114,1
6758,46,1
6759,47,0
6760,40,1
6761,41,1
6762,64,0
6763,131,1
6764,63,0
6765,25,0
6766,107,0
6767,78,0
6768,53,1
6769,102,1
6770,160,0
6771,88,0
6772,138,0
6773,114,0
6774,86,0
6775,76,0
6776,43,1
6777,80,1
6778,87,1
6779,144,1
6780,157,1
6781,24,1
6782,66,0
6783,55,0
6784,65,1
6785,161,0
6786,114,1
6787,96,1
6788,64,0
6789,28,0
6790,55,0
6791,88,1
6792,52,0
6793,109,0
6794,33,1
6795,38,1
6796,150,1
6797,78,0
6798,26,0
6799,133,1
6800,109,0
6801,132,0
6802,74,0
6803,168,0
6804,135,1
6805,36,0
6806,24,1
6807,61,0
6808,50,0
6809,64,0
6810,76,0
6811,143,1
6812,80,1
6813,27,1
6814,68,1
6815,54,1
6816,68,1
6817,61,1
6818,32,0
6819,42,0
6820,73,0
6821,78,0
6822,107,0
6823,125,1
6824,46,0
6825,64,0
6826,90,0
6827,107,1
6828,38,1
6829,105,0
6830,71,0
6831,51,0
6832,92,0
6833,38,1
6834,54,1
6835,88,0
6836,48,1
6837,148,0
6838,31,1
6839,60,0
6840,178,0
6841,85,0
6842,71,0
6843,42,0
6844,114,0
6845,87,0
6846,130,0
6847,79,1
6848,21,0
6849,24,0
6850,55,0
6851,28,0
6852,200,0
6853,98,1
6854,45,0
6855,67,0
6856,67,1
6857,75,0
6858,42,1
6859,186,0
6860,115,1
6861,27,0
6862,121,0
6863,72,1
6864,41,1
6865,70,1
6866,28,1
6867,107,1
6868,54,0
6869,66,0
6870,48,1
6871,68,0
6872,93,0
6873,34,1
6874,82,0
6875,31,1
6876,88,0
6877,50,0
6878,125,0
6879,80,1
6880,141,1
6881,128,1
6882,107,0
6883,24,0
6884,12,0
6885,120,1
6886,57,0
6887,108,1
6888,63,0
6889,74,0
6890,83,0
6891,88,0
6892,65,1
6893,128,1
6894,96,0
6895,152,1
6896,90,1
6897,48,1
6898,57,0
6899,100,0
6900,62,0
6901,43,0
6902,32,0
6903,43,0
6904,63,1
6905,145,1
6906,45,0
6907,76,0
6908,21,1
6909,51,0
6910,60,1
6911,60,0
6912,45,0
6913,69,1
6914,67,1
6915,51,0
6916,75,1
6917,42,0
6918,119,1
6919,62,1
6920,108,0
6921,34,0
6922,46,1
6923,58,0
6924,44,1
6925,62,0
6926,100,0
6927,126,1
6928,41,0
6929,93,1
6930,80,0
6931,119,1
6932,91,1
6933,68,1
6934,39,0
6935,112,0
6936,39,1
6937,77,0
6938,137,0
6939,72,0
6940,111,1
6941,71,1
6942,81,1
6943,44,1
6944,35,1
6945,83,0
6946,125,1
6947,101,0
6948,62,1
6949,43,1
6950,94,0
6951,101,0
6952,43,0
6953,98,0
6954,65,0
6955,37,1
6956,63,1
6957,48,1
6958,26,0
6959,142,1
6960,144,1
6961,44,1
6962,70,1
6963,80,0
6964,24,0
6965,69,0
6966,52,1
6967,64,1
6968,67,1
6969,132,1
6970,51,0
6971,44,1
6972,82,0
6973,35,0
6974,65,1
6975,40,1
6976,37,0
6977,12,0
6978,41,1
6979,77,0
6980,98,0
6981,52,0
6982,73,0
6983,43,0
6984,32,0
6985,40,0
6986,50,1
6987,46,0
6988,60,0
6989,141,1
6990,119,0
6991,45,1
6992,91,0
6993,62,0
6994,90,1
6995,87,0
6996,50,1
6997,128,0
6998,75,0
6999,82,0
7000,81,1
7001,54,1
7002,49,0
7003,89,0
7004,49,0
7005,55,0
7006,105,1
7007,42,1
7008,59,1
7009,132,1
7010,36,1
7011,55,1
7012,85,1
7013,63,0
7014,70,0
7015,85,0
7016,36,0
7017,37,0
7018,146,1
7019,74,0
7020,156,0
7021,121,1
7022,76,0
7023,54,0
7024,52,1
7025,90,0
7026,158,0
7027,77,1
7028,25,0
7029,74,1
7030,166,1
7031,52,1
7032,130,0
7033,43,1
7034,132,0
7035,44,1
7036,76,0
7037,130,0
7038,100,0
7039,100,0
7040,50,1
7041,133,1
7042,38,1
7043,77,1
7044,58,1
7045,200,0
7046,45,0
7047,55,1
7048,59,0
7049,85,0
7050,83,0
7051,63,0
7052,29,1
7053,59,0
7054,43,1
7055,119,0
7056,54,0
7057,42,0
7058,138,1
7059,77,0
7060,55,0
7061,78,0
7062,34,0
7063,107,1
7064,30,0
7065,42,0
7066,60,0
7067,76,0
7068,30,1
7069,92,0
7070,92,0
7071,74,1
7072,123,1
7073,48,1
7074,70,1
7075,84,0
7076,56,1
7077,86,1
7078,72,0
7079,44,0
7080,78,0
7081,42,1
7082,70,1
7083,54,1
7084,49,0
7085,73,0
7086,94,1
7087,45,0
7088,48,0
7089,60,0
7090,106,1
7091,65,1
7092,26,0
7093,121,0
7094,70,0
7095,48,0
7096,39,0
7097,74,1
7098,54,1
7099,13,0
7100,115,1
7101,86,1
7102,120,0
7103,18,0
7104,108,0
7105,55,1
7106,44,0
7107,76,0
7108,59,0
7109,86,0
7110,41,0
7111,76,0
7112,112,1
7113,35,0
7114,46,0
7115,62,1
7116,71,1
7117,56,0
7118,92,0
7119,113,1
7120,35,0
7121,47,0
7122,46,1
7123,44,0
7124,77,1
7125,79,1
7126,36,0
7127,41,0
7128,159,1
7129,22,1
7130,91,1
7131,55,1
7132,90,1
7133,50,1
7134,122,1
7135,24,0
7136,96,0
7137,61,1
7138,40,1
7139,56,1
7140,74,1
7141,80,0
7142,52,1
7143,110,1
7144,128,0
7145,171,0
7146,23,0
7147,38,0
7148,53,0
7149,55,1
7150,37,0
7151,66,0
7152,31,0
7153,60,1
7154,146,0
7155,12,0
7156,45,0
7157,184,0
7158,79,0
7159,117,1
7160,49,1
7161,52,1
7162,79,1
7163,96,0
7164,102,0
7165,26,1
7166,168,1
7167,67,0
7168,60,1
7169,45,0
7170,52,0
7171,33,0
7172,132,1
7173,16,0
7174,35,0
7175,145,1
7176,41,0
7177,32,0
7178,69,0
7179,70,1
7180,34,1
7181,45,1
7182,72,1
7183,97,1
7184,137,0
7185,40,1
7186,49,1
7187,98,0
7188,63,1
7189,63,1
7190,55,0
7191,50,0
7192,18,0
7193,97,0
7194,62,0
7195,80,0
7196,52,0
7197,34,1
7198,27,1
7199,42,1
7200,47,0
7201,29,1
7202,37,1
7203,49,0
7204,145,0
7205,122,0
7206,88,0
7207,72,1
7208,84,0
7209,32,0
7210,61,0
7211,16,0
7212,58,0
7213,35,0
7214,52,1
7215,49,1
7216,37,1
7217,67,0
7218,54,0
7219,52,1
7220,44,0
7221,51,0
7222,132,0
7223,35,1
7224,21,0
7225,24,0
7226,63,0
7227,44,0
7228,69,0
7229,60,1
7230,53,1
7231,60,0
7232,96,1
7233,65,0
7234,38,1
7235,33,1
7236,44,0
7237,58,1
7238,55,1
7239,27,0
7240,95,1
7241,137,0
7242,96,1
7243,85,1
7244,77,0
7245,51,0
7246,26,0
7247,37,0
7248,72,0
7249,52,0
7250,15,0
7251,64,0
7252,60,1
7253,132,1
7254,69,0
7255,55,0
7256,49,0
7257,63,0
7258,109,1
7259,49,1
7260,44,1
7261,68,1
7262,50,1
7263,54,1
7264,51,1
7265,58,0
7266,86,0
7267,70,1
7268,71,1
7269,26,0
7270,79,1
7271,49,0
7272,34,0
7273,77,1
7274,39,0
7275,37,0
7276,80,1
7277,55,0
7278,34,0
7279,28,0
7280,62,0
7281,63,0
7282,50,0
7283,93,1
7284,44,0
7285,83,1
7286,51,0
7287,84,1
7288,42,0
7289,133,1
7290,123,0
7291,52,1
7292,54,1
7293,134,0
7294,83,0
7295,161,1
7296,76,0
7297,33,0
7298,77,0
7299,45,1
7300,38,1
7301,22,1
7302,71,0
7303,47,0
7304,89,1
7305,69,1
7306,29,1
7307,31,1
7308,27,0
7309,33,1
7310,106,0
7311,37,1
7312,124,0
7313,180,1
7314,22,0
7315,43,1
7316,39,1
7317,68,0
7318,29,0
7319,36,0
7320,56,0
7321,36,1
7322,52,1
7323,50,0
7324,114,0
7325,83,1
7326,75,0
7327,67,0
7328,66,0
7329,35,0
7330,35,0
7331,61,0
7332,75,1
7333,41,1
7334,35,0
7335,61,1
7336,34,0
7337,87,1
7338,30,1
7339,59,1
7340,64,0
7341,136,1
7342,134,1
7343,125,0
7344,21,1
7345,71,0
7346,40,0
7347,26,1
7348,70,0
7349,48,0
7350,79,0
7351,19,0
7352,54,0
7353,38,1
7354,53,1
7355,59,1
7356,35,1
7357,21,0
7358,102,0
7359,74,0
7360,65,0
7361,48,1
7362,127,1
7363,69,0
7364,76,1
7365,22,0
7366,54,1
7367,117,1
7368,53,1
7369,96,0
7370,105,1
7371,103,0
7372,95,1
7373,52,1
7374,28,0
7375,78,0
7376,71,0
7377,58,0
7378,22,0
7379,35,1
7380,78,0
7381,129,1
7382,38,0
7383,28,1
7384,69,1
7385,49,1
7386,37,1
7387,133,1
7388,52,1
7389,91,0
7390,23,0
7391,47,0
7392,24,0
7393,61,1
7394,60,0
7395,31,0
7396,75,0
7397,43,0
7398,42,0
7399,43,0
7400,97,1
7401,61,1
7402,42,0
7403,64,0
7404,57,0
7405,49,1
7406,56,0
7407,41,1
7408,33,0
7409,101,1
7410,70,0
7411,38,1
7412,65,1
7413,23,0
7414,171,1
7415,25,0
7416,47,0
7417,33,0
7418,79,0
7419,139,1
7420,137,1
7421,53,1
7422,60,1
7423,96,1
7424,77,0
7425,147,1
7426,43,1
7427,73,1
7428,34,0
7429,73,1
7430,70,0
7431,75,1
7432,37,0
7433,84,0
7434,46,1
7435,42,1
7436,45,0
7437,36,0
7438,54,0
7439,39,1
7440,72,1
7441,59,0
7442,109,0
7443,63,0
7444,91,0
7445,51,0
7446,73,1
7447,67,0
7448,57,0
7449,158,1
7450,181,0
7451,76,0
7452,45,0
7453,48,1
7454,113,0
7455,47,1
7456,138,1
7457,121,1
7458,40,1
7459,81,0
7460,27,0
7461,19,1
7462,23,1
7463,44,0
7464,24,1
7465,45,1
7466,27,0
7467,124,0
7468,45,1
7469,49,0
7470,42,0
7471,200,0
7472,70,1
7473,50,1
7474,73,1
7475,66,1
7476,44,1
7477,53,1
7478,97,0
7479,32,0
7480,27,1
7481,107,1
7482,52,1
7483,52,1
7484,44,1
7485,54,0
7486,105,0
7487,36,1
7488,65,1
7489,103,1
7490,80,1
7491,43,0
7492,94,0
7493,67,0
7494,28,0
7495,119,1
7496,33,1
7497,65,1
7498,119,0
7499,78,1
7500,64,0
7501,148,1
7502,103,0
7503,54,0
7504,56,1
7505,104,0
7506,50,1
7507,53,0
7508,31,0
7509,49,0
7510,41,0
7511,86,1
7512,45,1
7513,52,1
7514,90,0
7515,37,0
7516,44,0
7517,90,0
7518,55,0
7519,48,0
7520,52,0
7521,200,0
7522,117,0
7523,75,0
7524,124,0
7525,67,0
7526,33,1
7527,66,1
7528,98,0
7529,146,0
7530,59,1
7531,50,1
7532,64,1
7533,55,0
7534,68,0
7535,25,1
7536,77,0
7537,154,1
7538,85,1
7539,89,1
7540,43,1
7541,48,0
7542,158,1
7543,21,0
7544,150,1
7545,68,0
7546,32,1
7547,143,1
7548,131,1
7549,43,0
7550,59,0
7551,109,1
7552,88,1
7553,43,1
7554,46,0
7555,36,1
7556,48,1
7557,36,1
7558,29,0
7559,23,0
7560,88,0
7561,22,0
7562,86,0
7563,85,1
7564,103,1
7565,126,0
7566,87,0
7567,73,1
7568,94,0
7569,102,0
7570,60,0
7571,67,0
7572,25,1
7573,67,1
7574,111,1
7575,120,1
7576,31,1
7577,63,0
7578,53,0
7579,44,0
7580,56,1
7581,47,0
7582,71,0
7583,53,1
7584,40,1
7585,115,1
7586,49,0
7587,77,1
7588,63,0
7589,72,1
7590,29,0
7591,53,0
7592,85,0
7593,46,0
7594,115,0
7595,81,1
7596,64,1
7597,84,1
7598,65,0
7599,95,0
7600,122,1
7601,41,0
7602,49,0
7603,91,1
7604,105,1
7605,112,0
7606,116,0
7607,100,1
7608,59,0
7609,53,0
7610,41,0
7611,80,0
7612,100,0
7613,123,1
7614,59,0
7615,78,1
7616,54,1
7617,95,1
7618,148,0
7619,46,1
7620,31,1
7621,41,0
7622,95,0
7623,89,0
7624,56,0
7625,46,0
7626,122,0
7627,26,1
7628,57,1
7629,66,1
7630,58,0
7631,33,1
7632,27,0
7633,48,0
7634,52,0
7635,73,1
7636,68,0
7637,53,0
7638,168,0
7639,40,1
7640,34,0
7641,111,0
7642,51,1
7643,32,0
7644,65,1
7645,54,0
7646,41,1
7647,44,0
7648,34,1
7649,72,1
7650,64,0
7651,23,0
7652,42,0
7653,43,0
7654,88,1
7655,70,0
7656,76,1
7657,105,0
7658,70,1
7659,103,0
7660,91,0
7661,35,0
7662,35,0
7663,53,0
7664,58,1
7665,56,0
7666,56,1
7667,36,0
7668,70,0
7669,147,0
7670,61,0
7671,39,0
7672,48,0
7673,31,0
7674,79,0
7675,39,1
7676,68,0
7677,90,1
7678,62,1
7679,86,0
7680,120,0
7681,74,0
7682,80,1
7683,48,1
7684,200,0
7685,94,0
7686,63,0
7687,59,0
7688,154,1
7689,82,0
7690,113,0
7691,158,0
7692,30,0
7693,67,1
7694,62,0
7695,48,1
7696,28,1
7697,45,1
7698,55,0
7699,52,1
7700,100,1
7701,43,1
7702,65,0
7703,87,0
7704,135,1
7705,127,1
7706,33,0
7707,16,0
7708,112,0
7709,49,0
7710,84,1
7711,54,1
7712,70,1
7713,43,1
7714,148,0
7715,144,0
7716,91,0
7717,64,1
7718,92,1
7719,75,0
7720,115,0
7721,33,0
7722,57,1
7723,67,1
7724,54,0
7725,41,0
7726,145,0
7727,70,1
7728,32,0
7729,22,0
7730,52,0
7731,74,1
7732,90,1
7733,91,1
7734,60,0
7735,33,1
7736,87,0
7737,44,1
7738,46,0
7739,33,1
7740,63,1
7741,47,0
7742,96,1
7743,55,1
7744,37,1
7745,58,0
7746,39,1
7747,124,1
7748,86,0
7749,130,0
7750,76,1
7751,78,0
7752,45,0
7753,91,1
7754,81,0
7755,40,0
7756,61,0
7757,105,0
7758,94,1
7759,157,0
7760,60,1
7761,35,0
7762,51,1
7763,68,1
7764,28,1
7765,113,0
7766,85,0
7767,59,0
7768,49,1
7769,119,1
7770,99,0
7771,49,1
7772,74,0
7773,42,1
7774,85,0
7775,52,1
7776,96,0
7777,33,0
7778,61,1
7779,105,1
7780,33,1
7781,27,0
7782,59,1
7783,149,0
7784,35,1
7785,55,1
7786,55,1
7787,61,0
7788,59,0
7789,49,1
7790,62,1
7791,148,1
7792,38,1
7793,168,1
7794,108,0
7795,117,1
7796,38,0
7797,72,1
7798,35,0
7799,80,0
7800,72,1
7801,65,0
7802,145,0
7803,61,1
7804,75,0
7805,70,0
7806,52,0
7807,123,1
7808,73,1
7809,83,0
7810,16,0
7811,77,0
7812,47,0
7813,36,1
7814,41,0
7815,46,0
7816,178,1
7817,158,0
7818,95,0
7819,61,0
7820,68,0
7821,82,1
7822,55,0
7823,48,1
7824,81,1
7825,30,0
7826,159,1
7827,66,0
7828,113,0
7829,31,0
7830,33,0
7831,70,0
7832,128,0
7833,55,0
7834,127,1
7835,65,0
7836,117,0
7837,142,1
7838,87,1
7839,71,1
7840,70,1
7841,57,1
7842,89,0
7843,69,1
7844,39,1
7845,33,0
7846,78,1
7847,59,0
7848,63,0
7849,31,0
7850,60,0
7851,46,0
7852,103,0
7853,22,0
7854,32,0
7855,68,1
7856,54,1
7857,41,0
7858,135,0
7859,45,1
7860,164,1
7861,67,1
7862,29,0
7863,35,1
7864,36,1
7865,63,1
7866,30,0
7867,51,1
7868,71,1
7869,52,0
7870,85,0
7871,138,0
7872,29,1
7873,82,1
7874,119,1
7875,68,0
7876,37,1
7877,72,1
7878,50,1
7879,56,1
7880,28,0
7881,33,0
7882,22,1
7883,77,0
7884,93,1
7885,64,0
7886,49,1
7887,48,0
7888,41,1
7889,30,1
7890,34,0
7891,59,1
7892,48,1
7893,120,1
7894,61,1
7895,83,0
7896,52,0
7897,47,1
7898,34,1
7899,64,0
7900,55,1
7901,41,1
7902,97,1
7903,141,1
7904,66,0
7905,45,0
7906,31,1
7907,71,0
7908,75,0
7909,31,1
7910,51,0
7911,69,0
7912,122,0
7913,45,0
7914,87,1
7915,60,0
7916,108,1
7917,80,1
7918,83,0
7919,28,0
7920,40,0
7921,74,0
7922,133,0
7923,95,1
7924,200,0
7925,99,1
7926,38,1
7927,111,1
7928,81,0
7929,64,1
7930,84,0
7931,31,0
7932,43,0
7933,200,0
7934,44,0
7935,87,1
7936,62,1
7937,50,0
7938,38,0
7939,42,1
7940,118,1
7941,80,0
7942,68,1
7943,113,0
7944,97,1
7945,34,1
7946,47,1
7947,57,1
7948,44,1
7949,43,1
7950,76,0
7951,62,0
7952,46,0
7953,40,0
7954,120,0
7955,127,1
7956,70,1
7957,103,1
7958,61,0
7959,77,1
7960,60,1
7961,67,1
7962,73,0
7963,70,1
7964,63,1
7965,43,1
7966,61,1
7967,78,1
7968,42,1
7969,78,1
7970,86,1
7971,80,1
7972,64,0
7973,57,0
7974,52,1
7975,36,0
7976,57,1
7977,86,0
7978,33,0
7979,58,0
7980,36,0
7981,40,0
7982,44,1
7983,49,1
7984,64,0
7985,74,0
7986,33,1
7987,22,0
7988,61,1
7989,55,1
7990,74,0
7991,200,0
7992,100,0
7993,41,0
7994,110,1
7995,48,1
7996,49,1
7997,39,0
7998,27,1
7999,49,1
8000,55,0
8001,84,0
8002,99,1
8003,59,1
8004,48,1
8005,83,0
8006,46,0
8007,65,0
8008,47,1
8009,27,1
8010,96,0
8011,128,0
8012,50,0
8013,125,0
8014,85,0
8015,158,0
8016,85,0
8017,64,1
8018,60,0
8019,73,1
8020,42,1
8021,87,1
8022,36,0
8023,133,0
8024,24,0
8025,78,1
8026,37,1
8027,72,0
8028,65,1
8029,82,0
8030,50,0
8031,12,0
8032,65,0
8033,57,0
8034,47,0
8035,61,1
8036,28,0
8037,31,0
8038,49,1
8039,93,0
8040,41,1
8041,69,1
8042,55,1
8043,109,1
8044,168,0
8045,82,0
8046,89,0
8047,73,0
8048,36,1
8049,39,1
8050,138,0
8051,22,0
8052,69,1
8053,104,0
8054,136,0
8055,46,1
8056,42,1
8057,57,0
8058,42,0
8059,39,1
8060,98,1
8061,63,0
8062,36,1
8063,94,0
8064,36,1
8065,71,0
8066,16,0
8067,88,0
8068,108,1
8069,85,0
8070,78,0
8071,67,0
8072,62,1
8073,61,0
8074,63,1
8075,27,0
8076,86,1
8077,88,1
8078,24,0
8079,60,0
8080,58,0
8081,88,1
8082,84,0
8083,85,0
8084,83,1
8085,70,1
8086,103,1
8087,67,1
8088,43,1
8089,80,0
8090,34,1
8091,34,1
8092,62,0
8093,77,0
8094,110,0
8095,36,0
8096,38,1
8097,41,0
8098,70,1
8099,62,0
8100,144,0
8101,47,1
8102,85,1
8103,58,0
8104,89,1
8105,77,1
8106,34,0
8107,61,1
8108,114,0
8109,94,1
8110,42,1
8111,85,0
8112,68,1
8113,41,0
8114,95,1
8115,73,1
8116,126,1
8117,80,0
8118,29,0
8119,68,0
8120,148,0
8121,152,0
8122,93,1
8123,139,1
8124,60,0
8125,44,1
8126,72,1
8127,64,1
8128,29,1
8129,34,1
8130,91,0
8131,81,1
8132,93,0
8133,89,0
8134,47,0
8135,38,1
8136,106,1
8137,63,0
8138,58,1
8139,26,0
8140,47,0
8141,63,0
8142,36,1
8143,74,0
8144,73,0
8145,114,0
8146,124,1
8147,68,1
8148,54,1
8149,90,0
8150,167,0
8151,63,0
8152,25,0
8153,71,1
8154,68,0
8155,52,1
8156,123,1
8157,136,0
8158,53,0
8159,191,1
8160,107,1
8161,198,0
8162,78,0
8163,70,0
8164,195,0
8165,67,0
8166,34,0
8167,32,0
8168,53,1
8169,63,1
8170,38,0
8171,82,1
8172,103,0
8173,45,1
8174,173,0
8175,55,0
8176,79,0
8177,44,1
8178,26,0
8179,66,0
8180,30,0
8181,55,1
8182,56,1
8183,48,0
8184,83,0
8185,41,1
8186,58,1
8187,46,0
8188,64,1
8189,44,0
8190,55,1
8191,67,1
8192,30,1
8193,29,1
8194,84,0
8195,102,1
8196,54,1
8197,54,1
8198,38,0
8199,68,1
8200,114,0
8201,43,1
8202,73,0
8203,88,0
8204,125,0
8205,73,1
8206,105,0
8207,85,1
8208,58,1
8209,28,0
8210,56,1
8211,55,0
8212,59,0
8213,78,0
8214,78,0
8215,75,0
8216,100,0
8217,59,0
8218,68,0
8219,57,1
8220,56,1
8221,50,1
8222,42,1
8223,70,0
8224,60,0
8225,117,0
8226,159,1
8227,46,1
8228,25,0
8229,51,1
8230,29,0
8231,63,1
8232,28,0
8233,74,1
8234,48,1
8235,57,0
8236,82,1
8237,149,1
8238,38,0
8239,56,0
8240,101,0
8241,94,1
8242,43,1
8243,85,0
8244,45,1
8245,102,0
8246,53,0
8247,43,1
8248,144,0
8249,53,1
8250,81,0
8251,54,1
8252,50,0
8253,68,1
8254,69,1
8255,62,0
8256,40,1
8257,142,0
8258,37,1
8259,102,0
8260,170,1
8261,38,1
8262,69,1
8263,45,1
8264,87,1
8265,40,1
8266,61,0
8267,87,0
8268,57,1
8269,60,0
8270,35,0
8271,51,0
8272,58,0
8273,50,0
8274,38,0
8275,70,1
8276,35,1
8277,45,0
8278,37,1
8279,37,0
8280,165,1
8281,55,0
8282,39,0
8283,98,1
8284,64,0
8285,89,1
8286,65,0
8287,41,1
8288,88,0
8289,58,1
8290,106,0
8291,52,0
8292,71,0
8293,73,1
8294,79,0
8295,86,0
8296,161,0
8297,75,0
8298,126,1
8299,69,0
8300,73,0
8301,92,0
8302,65,0
8303,51,0
8304,173,1
8305,200,0
8306,77,1
8307,50,1
8308,27,1
8309,31,1
8310,74,1
8311,58,0
8312,56,0
8313,82,0
8314,31,1
8315,110,1
8316,118,1
8317,60,0
8318,62,0
8319,57,0
8320,30,1
8321,58,1
8322,49,0
8323,78,1
8324,75,1
8325,32,0
8326,91,0
8327,52,1
8328,73,0
8329,67,0
8330,43,0
8331,44,0
8332,50,0
8333,76,0
8334,75,1
8335,85,0
8336,40,0
8337,37,0
8338,73,0
8339,72,0
8340,34,0
8341,44,0
8342,72,0
8343,67,0
8344,45,0
8345,53,0
8346,47,0
8347,38,0
8348,96,1
8349,65,0
8350,69,0
8351,44,1
8352,106,1
8353,41,0
8354,99,0
8355,109,0
8356,60,1
8357,44,0
8358,77,0
8359,54,0
8360,25,0
8361,68,0
8362,80,0
8363,45,1
8364,44,0
8365,114,1
8366,118,0
8367,33,1
8368,80,0
8369,27,1
8370,50,1
8371,195,0
8372,72,1
8373,37,1
8374,45,0
8375,86,0
8376,60,1
8377,94,0
8378,41,1
8379,54,1
8380,52,1
8381,62,1
8382,31,0
8383,69,1
8384,66,0
8385,26,0
8386,120,0
8387,27,0
8388,77,0
8389,57,1
8390,44,0
8391,47,1
8392,66,1
8393,60,1
8394,95,0
8395,78,0
8396,24,1
8397,104,0
8398,72,1
8399,80,1
8400,105,0
8401,32,0
8402,77,0
8403,73,0
8404,73,0
8405,92,0
8406,51,0
8407,128,0
8408,127,1
8409,77,0
8410,90,0
8411,74,1
8412,25,1
8413,55,0
8414,27,0
8415,41,0
8416,134,0
8417,50,1
8418,85,1
8419,113,1
8420,76,0
8421,54,0
8422,62,1
8423,35,1
8424,65,0
8425,25,0
8426,77,1
8427,58,0
8428,59,1
8429,65,1
8430,33,0
8431,26,0
8432,71,1
8433,82,0
8434,69,1
8435,58,0
8436,119,1
8437,79,1
8438,144,0
8439,58,0
8440,113,0
8441,60,1
8442,172,0
8443,101,1
8444,31,1
8445,55,1
8446,118,0
8447,93,0
8448,32,1
8449,57,1
8450,91,1
8451,32,0
8452,69,0
8453,138,0
8454,115,0
8455,56,1
8456,34,0
8457,42,0
8458,71,1
8459,70,1
8460,114,0
8461,174,1
8462,49,0
8463,115,1
8464,116,0
8465,31,0
8466,61,1
8467,100,1
8468,74,1
8469,200,0
8470,95,0
8471,103,0
8472,91,0
8473,40,0
8474,79,1
8475,109,0
8476,83,1
8477,127,1
8478,59,0
8479,99,1
8480,94,1
8481,32,1
8482,67,0
8483,43,1
8484,77,0
8485,49,1
8486,71,0
8487,122,1
8488,72,1
8489,125,1
8490,90,0
8491,98,1
8492,121,1
8493,200,0
8494,58,0
8495,65,0
8496,51,1
8497,149,0
8498,77,0
8499,52,1
8500,60,0
8501,76,1
8502,73,0
8503,61,1
8504,40,1
8505,46,0
8506,114,1
8507,56,0
8508,41,1
8509,56,1
8510,44,1
8511,61,0
8512,70,0
8513,48,0
8514,176,1
8515,119,0
8516,162,0
8517,33,0
8518,64,0
8519,126,0
8520,44,0
8521,30,0
8522,31,1
8523,51,0
8524,38,1
8525,97,1
8526,163,0
8527,39,1
8528,35,0
8529,31,0
8530,85,0
8531,101,0
8532,52,0
8533,39,0
8534,51,1
8535,61,0
8536,81,1
8537,81,1
8538,115,0
8539,80,1
8540,101,1
8541,62,0
8542,64,1
8543,92,0
8544,62,1
8545,56,0
8546,84,0
8547,45,0
8548,27,0
8549,32,1
8550,99,1
8551,92,0
8552,51,1
8553,39,1
8554,79,1
8555,34,0
8556,139,0
8557,60,0
8558,88,0
8559,54,1
8560,62,0
8561,39,0
8562,69,1
8563,77,0
8564,101,0
8565,83,0
8566,62,0
8567,35,1
8568,106,1
8569,38,0
8570,118,1
8571,39,0
8572,48,0
8573,100,1
8574,91,1
8575,62,1
8576,89,1
8577,51,1
8578,84,1
8579,72,0
8580,100,0
8581,35,0
8582,96,0
8583,75,0
8584,102,0
8585,114,0
8586,117,1
8587,104,0
8588,58,0
8589,48,1
8590,49,1
8591,88,0
8592,42,1
8593,47,1
8594,97,0
8595,77,0
8596,82,1
8597,42,0
8598,29,0
8599,45,1
8600,158,1
8601,78,0
8602,200,0
8603,32,0
8604,63,0
8605,39,0
8606,148,0
8607,46,0
8608,67,1
8609,43,0
8610,62,1
8611,69,0
8612,12,0
8613,107,0
8614,75,1
8615,140,1
8616,31,0
8617,56,0
8618,50,0
8619,76,1
8620,38,0
8621,82,1
8622,88,1
8623,24,0
8624,63,0
8625,58,0
8626,17,0
8627,63,0
8628,54,1
8629,30,1
8630,67,0
8631,42,0
8632,53,0
8633,67,0
8634,55,0
8635,61,1
8636,69,0
8637,69,0
8638,117,0
8639,50,0
8640,77,1
8641,68,1
8642,47,1
8643,75,1
8644,73,1
8645,61,1
8646,48,1
8647,33,0
8648,99,0
8649,98,1
8650,42,0
8651,62,1
8652,59,0
8653,27,0
8654,57,0
8655,35,1
8656,124,0
8657,51,0
8658,43,0
8659,29,1
8660,41,0
8661,15,0
8662,77,0
8663,35,1
8664,147,1
8665,88,0
8666,58,0
8667,100,0
8668,22,0
8669,36,1
8670,129,0
8671,11,0
8672,36,0
8673,155,0
8674,55,1
8675,128,1
8676,30,1
8677,39,0
8678,78,0
8679,65,0
8680,54,0
8681,99,1
8682,80,0
8683,42,1
8684,68,0
8685,30,0
8686,45,0
8687,51,1
8688,20,0
8689,143,0
8690,48,1
8691,66,0
8692,65,0
8693,72,1
8694,39,1
8695,39,1
8696,48,0
8697,21,0
8698,47,1
8699,55,0
8700,152,0
8701,87,0
8702,54,1
8703,58,0
8704,74,0
8705,66,0
8706,41,0
8707,77,0
8708,41,0
8709,54,1
8710,32,0
8711,56,1
8712,45,1
8713,38,0
8714,76,1
8715,71,0
8716,52,0
8717,103,0
8718,36,1
8719,59,1
8720,26,0
8721,44,0
8722,40,1
8723,26,0
8724,28,0
8725,18,0
8726,52,0
8727,77,0
8728,177,0
8729,35,1
8730,107,0
8731,185,1
8732,26,0
8733,159,0
8734,96,0
8735,75,0
8736,62,1
8737,143,1
8738,128,1
8739,57,0
8740,101,1
8741,107,1
8742,84,0
8743,87,1
8744,67,1
8745,75,1
8746,77,0
8747,55,0
8748,81,0
8749,130,1
8750,71,1
8751,35,0
8752,60,0
8753,31,1
8754,124,0
8755,88,1
8756,25,0
8757,42,1
8758,63,1
8759,43,0
8760,84,0
8761,76,1
8762,86,0
8763,41,0
8764,35,1
8765,75,1
8766,59,0
8767,45,0
8768,16,0
8769,57,0
8770,58,1
8771,39,0
8772,51,0
8773,55,1
8774,72,0
8775,32,1
8776,72,1
8777,43,0
8778,121,0
8779,64,1
8780,128,0
8781,72,0
8782,74,0
8783,66,0
8784,66,0
8785,63,0
8786,54,0
8787,68,0
8788,77,1
8789,38,0
8790,39,1
8791,42,1
8792,61,0
8793,33,1
8794,48,0
8795,43,0
8796,53,0
8797,85,1
8798,58,0
8799,69,1
8800,27,1
8801,150,1
8802,55,1
8803,16,0
8804,30,0
8805,31,1
8806,147,0
8807,47,0
8808,35,1
8809,83,0
8810,38,1
8811,116,0
8812,76,0
8813,92,0
8814,43,1
8815,39,0
8816,33,0
8817,52,0
8818,102,0
8819,71,0
8820,55,1
8821,67,0
8822,81,0
8823,50,0
8824,22,1
8825,34,0
8826,110,0
8827,27,0
8828,30,1
8829,109,0
8830,98,1
8831,113,0
8832,37,0
8833,23,0
8834,26,0
8835,37,1
8836,67,0
8837,26,0
8838,109,1
8839,52,1
8840,20,0
8841,37,0
8842,49,1
8843,57,1
8844,72,1
8845,55,0
8846,34,0
8847,200,0
8848,17,0
8849,32,0
8850,144,0
8851,89,1
8852,51,0
8853,41,0
8854,50,0
8855,75,0
8856,23,1
8857,39,1
8858,29,1
8859,79,1
8860,52,0
8861,39,1
8862,116,0
8863,24,1
8864,28,0
8865,40,0
8866,118,0
8867,57,1
8868,37,0
8869,83,0
8870,90,0
8871,26,0
8872,63,1
8873,46,0
8874,39,0
8875,117,1
8876,28,1
8877,77,1
8878,55,1
8879,31,1
8880,42,1
8881,56,0
8882,35,0
8883,53,1
8884,59,0
8885,130,1
8886,38,0
8887,67,0
8888,84,0
8889,48,0
8890,37,0
8891,35,0
8892,34,0
8893,54,1
8894,84,0
8895,94,1
8896,25,0
8897,32,0
8898,37,1
8899,17,0
8900,125,1
8901,76,0
8902,67,0
8903,138,0
8904,46,1
8905,52,0
8906,58,1
8907,23,0
8908,108,1
8909,55,1
8910,87,1
8911,89,0
8912,50,0
8913,172,1
8914,78,0
8915,55,0
8916,120,0
8917,70,1
8918,33,1
8919,64,0
8920,71,0
8921,64,0
8922,70,1
8923,50,1
8924,130,0
8925,45,0
8926,43,1
8927,70,1
8928,60,1
8929,63,0
8930,131,1
8931,33,1
8932,29,1
8933,48,0
8934,72,1
8935,104,0
8936,52,0
8937,24,0
8938,45,1
8939,78,0
8940,34,0
8941,49,1
8942,46,0
8943,29,0
8944,90,0
8945,39,0
8946,51,0
8947,40,0
8948,68,1
8949,31,0
8950,38,1
8951,93,0
8952,158,0
8953,91,0
8954,43,0
8955,48,1
8956,7,0
8957,55,0
8958,52,1
8959,132,1
8960,82,1
8961,27,1
8962,44,1
8963,61,0
8964,50,0
8965,30,0
8966,66,1
8967,46,1
8968,144,0
8969,33,0
8970,36,0
8971,45,1
8972,37,1
8973,56,1
8974,47,1
8975,47,1
8976,53,1
8977,27,0
8978,119,1
8979,70,1
8980,74,1
8981,57,1
8982,54,1
8983,124,0
8984,43,1
8985,43,1
8986,135,1
8987,89,0
8988,18,0
8989,50,0
8990,51,1
8991,68,0
8992,139,1
8993,61,0
8994,36,0
8995,112,1
8996,42,1
8997,32,1
8998,96,0
8999,85,1
9000,33,0
9001,67,0
9002,78,0
9003,69,1
9004,35,0
9005,52,1
9006,101,1
9007,34,1
9008,28,0
9009,58,0
9010,95,1
9011,58,1
9012,39,1
9013,40,0
9014,65,0
9015,47,0
9016,32,0
9017,69,1
9018,115,1
9019,64,0
9020,39,1
9021,93,1
9022,65,0
9023,51,0
9024,83,0
9025,40,1
9026,63,1
9027,93,0
9028,79,1
9029,86,1
9030,20,0
9031,132,0
9032,80,1
9033,39,0
9034,37,0
9035,71,0
9036,64,1
9037,32,0
9038,107,1
9039,153,1
9040,40,0
9041,77,0
9042,83,0
9043,102,0
9044,64,0
9045,66,0
9046,48,0
9047,59,0
9048,79,1
9049,25,0
9050,44,1
9051,64,0
9052,25,0
9053,45,0
9054,74,1
9055,87,0
9056,36,0
9057,82,0
9058,54,0
9059,42,1
9060,40,0
9061,103,0
9062,95,0
9063,49,0
9064,25,0
9065,117,0
9066,123,1
9067,90,0
9068,19,0
9069,45,1
9070,137,0
9071,79,1
9072,65,0
9073,37,0
9074,44,1
9075,37,0
9076,72,1
9077,23,0
9078,100,0
9079,81,1
9080,79,1
9081,32,0
9082,47,0
9083,47,0
9084,56,1
9085,78,1
9086,56,1
9087,58,0
9088,23,1
9089,154,1
9090,63,1
9091,140,0
9092,48,0
9093,54,0
9094,60,0
9095,31,1
9096,61,1
9097,101,1
9098,44,1
9099,106,1
9100,98,0
9101,167,0
9102,58,1
9103,80,1
9104,117,1
9105,96,0
9106,100,1
9107,111,1
9108,54,1
9109,79,1
9110,59,0
9111,44,0
9112,46,1
9113,185,1
9114,49,1
9115,80,1
9116,56,1
9117,99,0
9118,39,0
9119,53,0
9120,51,0
9121,51,1
9122,59,0
9123,36,1
9124,32,1
9125,43,1
9126,55,0
9127,38,1
9128,59,0
9129,26,0
9130,34,1
9131,61,1
9132,38,0
9133,158,1
9134,69,0
9135,36,0
9136,54,0
9137,45,1
9138,48,0
9139,80,1
9140,42,0
9141,27,1
9142,44,1
9143,141,1
9144,48,1
9145,52,1
9146,30,0
9147,60,0
9148,133,1
9149,60,0
9150,52,0
9151,44,1
9152,86,0
9153,41,0
9154,96,1
9155,76,1
9156,52,0
9157,61,0
9158,83,0
9159,63,1
9160,38,1
9161,53,0
9162,86,1
9163,54,0
9164,42,1
9165,37,0
9166,82,1
9167,78,0
9168,88,1
9169,77,1
9170,27,0
9171,39,1
9172,95,0
9173,53,1
9174,155,0
9175,43,1
9176,43,1
9177,66,0
9178,42,0
9179,71,0
9180,42,0
9181,70,1
9182,130,0
9183,124,0
9184,61,0
9185,54,1
9186,27,1
9187,66,1
9188,44,0
9189,98,0
9190,59,1
9191,69,0
9192,41,0
9193,31,1
9194,24,0
9195,32,0
9196,70,0
9197,69,0
9198,41,0
9199,38,1
9200,173,1
9201,123,1
9202,62,0
9203,45,0
9204,94,1
9205,33,1
9206,90,0
9207,85,0
9208,71,1
9209,53,0
9210,42,1
9211,133,0
9212,77,1
9213,48,1
9214,115,1
9215,39,0
9216,41,0
9217,64,0
9218,20,0
9219,92,1
9220,42,0
9221,163,0
9222,33,1
9223,52,0
9224,21,0
9225,55,1
9226,49,0
9227,68,0
9228,77,0
9229,40,0
9230,98,1
9231,48,1
9232,37,1
9233,28,1
9234,57,1
9235,47,1
9236,107,0
9237,35,1
9238,73,1
9239,42,1
9240,106,0
9241,83,0
9242,31,1
9243,25,0
9244,55,0
9245,58,0
9246,55,1
9247,67,0
9248,61,1
9249,87,1
9250,86,0
9251,57,0
9252,47,0
9253,154,0
9254,69,0
9255,52,1
9256,25,1
9257,41,0
9258,47,1
9259,31,0
9260,118,0
9261,110,0
9262,37,0
9263,83,0
9264,49,0
9265,130,1
9266,52,0
9267,60,1
9268,115,1
9269,23,1
9270,76,1
9271,22,0
9272,48,1
9273,93,0
9274,53,0
9275,26,1
9276,30,0
9277,77,0
9278,35,0
9279,99,1
9280,36,1
9281,91,1
9282,44,0
9283,31,0
9284,51,1
9285,186,1
9286,123,1
9287,34,0
9288,89,1
9289,66,0
9290,104,1
9291,50,0
9292,81,0
9293,74,0
9294,59,0
9295,35,0
9296,61,1
9297,113,1
9298,84,1
9299,53,1
9300,108,0
9301,91,0
9302,77,1
9303,95,1
9304,76,0
9305,68,1
9306,109,0
9307,93,0
9308,64,0
9309,32,0
9310,108,1
9311,42,0
9312,51,1
9313,39,0
9314,57,0
9315,123,1
9316,18,0
9317,76,0
9318,163,0
9319,60,1
9320,60,0
9321,80,1
9322,79,1
9323,76,1
9324,65,1
9325,30,1
9326,63,0
9327,134,1
9328,46,0
9329,110,0
9330,70,1
9331,49,0
9332,167,0
9333,170,0
9334,34,0
9335,44,0
9336,43,1
9337,40,1
9338,128,0
9339,88,1
9340,82,1
9341,106,0
9342,76,1
9343,51,1
9344,58,0
9345,68,1
9346,49,0
9347,44,1
9348,102,0
9349,83,0
9350,30,0
9351,34,0
9352,71,1
9353,44,0
9354,200,0
9355,29,1
9356,29,0
9357,70,1
9358,37,0
9359,62,0
9360,58,0
9361,84,0
9362,16,0
9363,95,1
9364,102,0
9365,50,0
9366,89,1
9367,120,1
9368,37,0
9369,86,1
9370,93,0
9371,48,0
9372,38,0
9373,136,1
9374,79,1
9375,29,0
9376,90,1
9377,49,0
9378,88,1
9379,50,0
9380,32,0
9381,47,0
9382,92,0
9383,53,0
9384,41,0
9385,69,1
9386,73,1
9387,54,0
9388,38,0
9389,23,0
9390,68,0
9391,147,0
9392,117,0
9393,85,1
9394,52,1
9395,47,1
9396,59,0
9397,30,0
9398,33,1
9399,70,1
9400,37,1
9401,117,0
9402,54,0
9403,73,1
9404,26,0
9405,123,0
9406,122,1
9407,52,0
9408,50,1
9409,73,0
9410,85,1
9411,26,1
9412,49,0
9413,40,1
9414,27,0
9415,20,0
9416,110,1
9417,85,0
9418,59,0
9419,25,0
9420,78,0
9421,48,0
9422,48,0
9423,50,0
9424,34,0
9425,131,1
9426,91,1
9427,42,1
9428,39,0
9429,68,1
9430,60,0
9431,43,0
9432,55,0
9433,45,0
9434,78,0
9435,73,1
9436,29,0
9437,102,1
9438,75,1
9439,136,1
9440,90,0
9441,68,0
9442,63,0
9443,75,0
9444,58,0
9445,16,0
9446,33,1
9447,19,0
9448,95,1
9449,69,1
9450,36,1
9451,49,1
9452,67,0
9453,54,0
9454,50,0
9455,18,0
9456,131,1
9457,51,1
9458,41,0
9459,54,0
9460,47,1
9461,38,0
9462,26,0
9463,65,1
9464,59,0
9465,62,0
9466,71,1
9467,85,0
9468,41,0
9469,70,0
9470,73,0
9471,57,1
9472,32,0
9473,44,1
9474,62,1
9475,22,1
9476,83,0
9477,48,0
9478,23,0
9479,63,1
9480,64,1
9481,181,1
9482,33,1
9483,48,0
9484,89,1
9485,54,0
9486,26,1
9487,53,0
9488,43,1
9489,50,0
9490,87,0
9491,50,0
9492,41,0
9493,108,0
9494,45,0
9495,66,1
9496,114,0
9497,18,0
9498,56,1
9499,130,1
9500,58,0
9501,125,1
9502,53,0
9503,68,1
9504,43,1
9505,45,0
9506,95,0
9507,62,0
9508,85,0
9509,96,0
9510,53,0
9511,130,0
9512,83,0
9513,55,1
9514,69,0
9515,30,0
9516,46,0
9517,66,1
9518,56,1
9519,61,1
9520,66,0
9521,97,1
9522,32,0
9523,113,1
9524,149,1
9525,48,0
9526,30,0
9527,68,1
9528,137,0
9529,141,0
9530,58,0
9531,64,0
9532,57,1
9533,135,1
9534,134,1
9535,100,0
9536,91,1
9537,63,0
9538,60,0
9539,43,0
9540,28,0
9541,73,1
9542,25,0
9543,55,1
9544,46,0
9545,66,0
9546,24,1
9547,64,1
9548,106,1
9549,52,0
9550,27,0
9551,74,0
9552,88,1
9553,170,1
9554,99,1
9555,50,1
9556,104,1
9557,200,0
9558,122,1
9559,75,1
9560,29,0
9561,115,1
9562,42,1
9563,33,0
9564,110,0
9565,31,0
9566,125,1
9567,48,1
9568,35,0
9569,60,0
9570,41,0
9571,55,1
9572,164,1
9573,66,0
9574,72,1
9575,32,1
9576,58,0
9577,83,1
9578,80,0
9579,58,1
9580,49,1
9581,44,0
9582,39,0
9583,94,1
9584,67,1
9585,57,0
9586,90,1
9587,39,1
9588,56,1
9589,67,0
9590,79,0
9591,52,1
9592,27,1
9593,53,0
9594,27,0
9595,64,0
9596,62,1
9597,69,0
9598,42,1
9599,97,0
9600,98,1
9601,41,0
9602,46,0
9603,91,1
9604,35,0
9605,85,0
9606,73,1
9607,54,0
9608,39,0
9609,53,0
9610,36,1
9611,47,1
9612,89,1
9613,35,0
9614,113,1
9615,49,0
9616,37,1
9617,27,0
9618,73,0
9619,109,0
9620,59,1
9621,26,0
9622,89,0
9623,36,0
9624,90,0
9625,38,1
9626,52,0
9627,48,0
9628,68,0
9629,135,1
9630,45,1
9631,48,0
9632,52,1
9633,103,1
9634,23,1
9635,78,1
9636,45,0
9637,70,0
9638,49,0
9639,61,0
9640,66,1
9641,24,0
9642,30,0
9643,19,0
9644,20,0
9645,61,0
9646,101,1
9647,67,0
9648,38,0
9649,52,1
9650,38,0
9651,40,1
9652,65,1
9653,30,1
9654,41,1
9655,141,1
9656,36,1
9657,83,0
9658,39,1
9659,47,0
9660,32,0
9661,190,0
9662,44,0
9663,73,0
9664,40,1
9665,22,0
9666,118,0
9667,38,1
9668,38,0
9669,64,0
9670,69,1
9671,51,0
9672,84,1
9673,71,0
9674,53,1
9675,59,0
9676,41,0
9677,51,0
9678,126,1
9679,45,1
9680,61,0
9681,48,0
9682,64,1
9683,120,0
9684,31,1
9685,53,0
9686,44,1
9687,78,1
9688,38,1
9689,32,0
9690,55,0
9691,200,0
9692,122,1
9693,36,1
9694,32,0
9695,23,0
9696,40,0
9697,49,1
9698,41,0
9699,75,1
9700,38,1
9701,41,1
9702,32,0
9703,64,0
9704,80,1
9705,90,0
9706,109,1
9707,52,0
9708,107,1
9709,50,0
9710,61,0
9711,73,0
9712,39,0
9713,67,0
9714,48,1
9715,132,0
9716,123,0
9717,144,0
9718,77,0
9719,47,1
9720,57,0
9721,155,1
9722,45,0
9723,38,0
9724,23,0
9725,73,0
9726,64,1
9727,87,1
9728,30,0
9729,117,1
9730,82,1
9731,41,0
9732,32,0
9733,41,0
9734,42,0
9735,45,0
9736,43,0
9737,34,1
9738,58,0
9739,65,1
9740,86,0
9741,11,0
9742,19,0
9743,49,0
9744,18,0
9745,88,0
9746,54,0
9747,40,0
9748,36,0
9749,29,0
9750,44,0
9751,153,0
9752,43,0
9753,46,1
9754,38,0
9755,57,1
9756,69,1
9757,61,1
9758,36,0
9759,60,0
9760,54,1
9761,41,1
9762,43,1
9763,40,1
9764,47,0
9765,61,0
9766,47,0
9767,189,0
9768,52,0
9769,43,1
9770,40,1
9771,62,1
9772,47,0
9773,43,0
9774,24,0
9775,32,0
9776,43,0
9777,80,0
9778,90,0
9779,94,0
9780,47,0
9781,57,0
9782,200,0
9783,120,1
9784,72,0
9785,195,1
9786,48,0
9787,58,0
9788,23,0
9789,36,0
9790,41,0
9791,102,0
9792,60,1
9793,97,1
9794,57,1
9795,26,0
9796,127,1
9797,47,1
9798,57,0
9799,56,1
9800,56,0
9801,42,1
9802,92,1
9803,141,1
9804,63,1
9805,49,0
9806,43,1
9807,85,0
9808,33,0
9809,44,1
9810,200,0
9811,68,1
9812,48,1
9813,72,1
9814,30,0
9815,109,1
9816,50,1
9817,69,1
9818,41,0
9819,115,0
9820,47,1
9821,45,0
9822,175,0
9823,129,1
9824,46,1
9825,88,0
9826,20,0
9827,14,0
9828,108,0
9829,52,1
9830,81,0
9831,61,0
9832,67,0
9833,16,0
9834,38,1
9835,118,1
9836,38,1
9837,37,0
9838,65,0
9839,110,1
9840,42,1
9841,42,0
9842,35,1
9843,82,1
9844,52,0
9845,109,0
9846,51,0
9847,80,1
9848,120,0
9849,89,0
9850,19,1
9851,46,0
9852,41,1
9853,74,1
9854,41,0
9855,75,0
9856,62,1
9857,200,0
9858,54,0
9859,24,1
9860,42,0
9861,38,1
9862,40,0
9863,47,0
9864,135,1
9865,73,0
9866,39,0
9867,45,0
9868,60,0
9869,49,1
9870,50,1
9871,67,0
9872,108,0
9873,74,1
9874,38,0
9875,99,1
9876,47,0
9877,19,0
9878,54,1
9879,26,0
9880,119,1
9881,24,0
9882,26,1
9883,34,0
9884,45,1
9885,64,1
9886,56,0
9887,50,1
9888,61,0
9889,23,0
9890,59,1
9891,85,1
9892,29,0
9893,55,0
9894,77,1
9895,39,0
9896,39,1
9897,104,1
9898,46,0
9899,144,0
9900,29,1
9901,41,1
9902,107,0
9903,85,0
9904,81,0
9905,39,1
9906,82,0
9907,15,0
9908,63,0
9909,65,0
9910,50,1
9911,103,0
9912,104,1
9913,45,0
9914,98,0
9915,29,0
9916,45,0
9917,51,0
9918,140,0
9919,85,0
9920,47,0
9921,96,0
9922,30,0
9923,61,0
9924,31,0
9925,29,0
9926,40,0
9927,41,0
9928,82,1
9929,57,0
9930,38,0
9931,76,0
9932,115,1
9933,110,0
9934,43,0
9935,40,0
9936,45,0
9937,79,0
9938,166,0
9939,173,0
9940,119,0
9941,39,0
9942,42,0
9943,30,1
9944,86,0
9945,137,0
9946,41,0
9947,22,0
9948,100,1
9949,32,0
9950,59,1
9951,46,0
9952,68,1
9953,96,0
9954,71,1
9955,47,0
9956,35,0
9957,36,1
9958,90,1
9959,130,1
9960,50,1
9961,117,0
9962,73,1
9963,119,1
9964,51,0
9965,80,1
9966,57,0
9967,79,0
9968,27,1
9969,66,0
9970,96,0
9971,80,1
9972,97,1
9973,94,0
9974,48,0
9975,39,0
9976,56,0
9977,103,1
9978,134,1
9979,101,1
9980,79,0
9981,74,1
9982,32,0
9983,75,0
9984,69,1
9985,110,0
9986,55,1
9987,49,1
9988,67,1
9989,116,0
9990,54,0
9991,55,0
9992,60,0
9993,34,1
9994,29,0
9995,97,0
9996,62,1
9997,51,1
9998,69,0
9999,104,0
