episode,steps,reward
0,81,0
1,70,0
2,11,0
3,37,0
4,10,0
5,17,0
6,21,0
7,91,0
8,48,0
9,27,0
10,25,0
11,8,0
12,30,0
13,64,0
14,181,0
15,22,0
16,8,0
17,26,0
18,64,0
19,21,0
20,114,0
21,28,0
22,9,0
23,7,0
24,16,0
25,25,0
26,12,0
27,46,0
28,20,0
29,35,0
30,23,0
31,28,0
32,24,0
33,7,0
34,22,0
35,9,0
36,20,0
37,13,0
38,29,0
39,7,0
40,33,0
41,8,0
42,12,0
43,6,0
44,9,0
45,48,0
46,11,0
47,12,0
48,18,0
49,46,0
50,24,0
51,34,0
52,10,0
53,18,0
54,11,0
55,33,0
56,12,0
57,9,0
58,68,0
59,19,0
60,5,0
61,17,0
62,58,0
63,13,0
64,9,0
65,16,0
66,10,0
67,19,0
68,27,0
69,9,0
70,9,0
71,60,0
72,11,0
73,17,0
74,89,0
75,17,0
76,25,0
77,12,0
78,22,0
79,15,0
80,14,0
81,16,0
82,31,0
83,13,0
84,10,0
85,14,0
86,15,0
87,13,0
88,65,0
89,21,0
90,17,0
91,12,0
92,24,0
93,11,0
94,22,0
95,10,0
96,15,0
97,9,0
98,11,0
99,13,0
100,28,0
101,62,0
102,14,0
103,24,0
104,29,0
105,14,0
106,13,0
107,9,0
108,10,0
109,19,0
110,24,0
111,45,0
112,28,0
113,30,0
114,24,0
115,20,0
116,19,0
117,25,0
118,33,0
119,11,0
120,17,0
121,19,0
122,13,0
123,54,0
124,10,0
125,77,0
126,14,0
127,10,0
128,9,0
129,31,0
130,12,0
131,22,0
132,18,0
133,12,0
134,31,0
135,49,0
136,22,0
137,21,0
138,44,0
139,24,0
140,29,0
141,28,0
142,22,0
143,32,0
144,25,0
145,23,0
146,31,0
147,40,1
148,17,0
149,21,0
150,14,0
151,48,0
152,21,0
153,14,0
154,22,0
155,43,0
156,34,0
157,88,0
158,41,0
159,26,0
160,20,0
161,14,0
162,72,0
163,44,0
164,18,0
165,42,0
166,70,0
167,30,0
168,11,0
169,118,0
170,46,0
171,22,0
172,164,0
173,84,0
174,109,0
175,61,0
176,24,1
177,67,0
178,37,0
179,36,0
180,37,0
181,68,0
182,48,0
183,45,0
184,39,0
185,16,0
186,45,1
187,44,0
188,53,0
189,14,0
190,31,0
191,23,0
192,13,0
193,25,0
194,69,0
195,24,0
196,17,0
197,69,0
198,50,0
199,21,0
200,14,0
201,82,0
202,9,0
203,7,0
204,39,0
205,35,0
206,20,0
207,57,0
208,40,0
209,9,0
210,15,0
211,34,0
212,76,0
213,41,0
214,17,0
215,20,0
216,32,0
217,40,0
218,58,0
219,13,0
220,17,0
221,18,0
222,32,0
223,28,0
224,10,0
225,17,0
226,50,0
227,34,0
228,47,0
229,23,0
230,22,0
231,20,0
232,92,0
233,71,0
234,40,0
235,80,1
236,31,0
237,58,0
238,52,0
239,141,0
240,14,0
241,64,0
242,35,0
243,50,0
244,44,0
245,31,0
246,99,1
247,64,0
248,11,0
249,28,0
250,33,0
251,40,0
252,11,0
253,32,0
254,21,0
255,19,0
256,65,0
257,68,0
258,12,0
259,19,0
260,59,0
261,62,1
262,44,0
263,50,0
264,18,0
265,69,0
266,34,0
267,19,0
268,99,0
269,17,0
270,63,0
271,9,0
272,15,0
273,34,0
274,33,1
275,55,0
276,24,0
277,75,0
278,64,0
279,72,0
280,16,0
281,77,0
282,30,0
283,13,0
284,31,1
285,36,0
286,9,0
287,47,0
288,22,0
289,47,0
290,50,1
291,93,0
292,17,0
293,11,0
294,63,0
295,51,0
296,36,0
297,39,0
298,60,0
299,57,0
300,27,0
301,54,0
302,10,0
303,26,0
304,25,0
305,17,0
306,19,0
307,29,0
308,51,1
309,15,0
310,36,0
311,32,1
312,50,0
313,44,1
314,78,0
315,40,0
316,65,1
317,42,0
318,29,0
319,18,0
320,20,0
321,24,0
322,16,0
323,29,0
324,25,0
325,8,0
326,23,0
327,23,0
328,37,0
329,81,0
330,23,0
331,7,0
332,55,0
333,35,0
334,31,0
335,46,0
336,18,0
337,67,0
338,153,0
339,33,0
340,12,0
341,200,0
342,50,0
343,156,0
344,70,0
345,53,0
346,78,0
347,20,0
348,23,0
349,31,0
350,39,0
351,162,1
352,24,0
353,109,0
354,54,0
355,29,0
356,123,0
357,75,0
358,37,0
359,22,0
360,64,0
361,45,0
362,16,0
363,29,0
364,97,0
365,115,0
366,56,0
367,65,0
368,16,0
369,49,0
370,121,0
371,69,0
372,121,0
373,40,0
374,48,0
375,60,0
376,29,0
377,177,0
378,40,0
379,58,0
380,9,0
381,200,0
382,25,0
383,123,0
384,131,0
385,51,0
386,16,0
387,170,0
388,91,0
389,77,0
390,18,0
391,13,0
392,125,0
393,43,0
394,55,0
395,9,0
396,72,0
397,27,0
398,52,0
399,16,0
400,16,0
401,84,0
402,75,0
403,69,0
404,41,0
405,132,0
406,34,0
407,85,0
408,32,0
409,67,0
410,51,0
411,173,1
412,45,0
413,116,0
414,35,0
415,79,0
416,9,0
417,54,0
418,39,0
419,20,0
420,94,0
421,21,0
422,125,0
423,78,0
424,17,0
425,200,0
426,40,0
427,53,0
428,39,0
429,82,0
430,48,0
431,86,0
432,181,0
433,49,0
434,17,0
435,118,0
436,81,0
437,52,0
438,111,0
439,31,0
440,56,0
441,29,0
442,28,0
443,136,0
444,8,0
445,126,0
446,78,0
447,101,0
448,95,0
449,80,0
450,148,0
451,39,0
452,45,0
453,51,0
454,44,0
455,46,0
456,91,0
457,50,0
458,19,0
459,43,0
460,78,0
461,15,0
462,20,0
463,65,0
464,13,0
465,79,0
466,200,0
467,64,0
468,49,0
469,128,0
470,7,0
471,65,0
472,16,0
473,65,0
474,24,0
475,24,0
476,89,0
477,26,0
478,63,0
479,182,0
480,32,0
481,52,0
482,23,0
483,30,0
484,127,0
485,99,0
486,25,0
487,151,0
488,120,0
489,90,0
490,80,0
491,21,0
492,11,0
493,77,0
494,111,0
495,44,0
496,180,0
497,75,0
498,119,0
499,18,0
500,181,0
501,12,0
502,12,0
503,60,0
504,25,0
505,62,0
506,7,0
507,79,0
508,26,0
509,200,0
510,57,0
511,149,0
512,27,0
513,17,0
514,17,0
515,52,0
516,14,0
517,69,0
518,10,0
519,17,0
520,15,0
521,138,0
522,200,0
523,144,0
524,49,0
525,34,0
526,68,0
527,57,0
528,21,0
529,52,0
530,18,0
531,18,0
532,15,0
533,118,0
534,49,0
535,133,0
536,61,0
537,15,0
538,56,0
539,29,0
540,45,0
541,116,0
542,143,0
543,16,0
544,20,0
545,35,0
546,9,0
547,69,0
548,104,0
549,10,0
550,24,0
551,51,0
552,40,0
553,37,0
554,21,0
555,75,0
556,90,0
557,14,0
558,25,0
559,17,0
560,69,0
561,22,0
562,31,0
563,95,0
564,66,0
565,83,0
566,108,0
567,101,0
568,65,0
569,31,0
570,61,0
571,55,0
572,27,0
573,29,0
574,30,0
575,16,0
576,69,0
577,95,0
578,148,0
579,56,0
580,44,1
581,60,0
582,99,0
583,32,0
584,47,0
585,31,0
586,28,0
587,15,0
588,200,0
589,84,0
590,34,0
591,76,0
592,134,0
593,33,0
594,177,0
595,23,0
596,200,0
597,200,0
598,63,0
599,16,0
600,47,0
601,54,0
602,29,0
603,196,0
604,111,0
605,15,0
606,20,0
607,43,0
608,11,0
609,124,0
610,62,1
611,71,0
612,9,0
613,48,0
614,91,1
615,8,0
616,92,0
617,51,0
618,72,1
619,25,0
620,49,0
621,63,0
622,106,0
623,63,0
624,42,0
625,118,1
626,32,0
627,136,0
628,37,0
629,59,0
630,77,0
631,57,0
632,62,0
633,98,0
634,82,0
635,19,0
636,37,0
637,113,0
638,16,0
639,61,0
640,28,0
641,61,0
642,45,0
643,126,0
644,27,0
645,140,1
646,46,0
647,8,0
648,120,0
649,200,0
650,120,0
651,32,0
652,13,0
653,15,0
654,92,0
655,166,0
656,132,0
657,39,0
658,58,0
659,71,0
660,60,0
661,137,0
662,42,0
663,65,0
664,24,0
665,179,0
666,47,0
667,71,0
668,17,0
669,67,0
670,150,0
671,37,0
672,27,0
673,27,0
674,40,0
675,41,0
676,50,0
677,66,1
678,45,0
679,32,1
680,77,1
681,27,0
682,27,0
683,36,1
684,67,0
685,40,0
686,97,1
687,40,0
688,142,0
689,34,1
690,69,1
691,79,0
692,77,0
693,30,0
694,150,0
695,108,0
696,60,1
697,102,0
698,24,0
699,61,1
700,40,1
701,70,1
702,45,1
703,106,1
704,83,0
705,61,1
706,67,1
707,34,0
708,86,0
709,76,0
710,56,1
711,66,1
712,39,0
713,66,0
714,66,1
715,63,1
716,76,1
717,39,0
718,63,1
719,51,0
720,56,1
721,63,1
722,32,1
723,27,0
724,65,1
725,107,1
726,41,0
727,104,1
728,54,0
729,9,0
730,16,0
731,45,1
732,44,1
733,86,1
734,49,0
735,40,1
736,50,0
737,58,0
738,133,0
739,152,1
740,23,0
741,61,1
742,22,0
743,27,0
744,67,1
745,51,0
746,37,0
747,60,1
748,17,0
749,49,1
750,38,1
751,71,1
752,44,1
753,80,1
754,27,1
755,84,0
756,54,0
757,27,1
758,30,0
759,51,0
760,107,1
761,50,0
762,130,0
763,26,0
764,34,0
765,79,0
766,47,0
767,58,0
768,33,1
769,65,0
770,21,0
771,82,1
772,53,0
773,62,0
774,46,1
775,90,0
776,92,0
777,60,1
778,67,0
779,52,0
780,54,1
781,73,1
782,128,0
783,68,1
784,58,1
785,37,1
786,13,0
787,62,1
788,50,0
789,124,1
790,76,1
791,30,1
792,30,0
793,26,1
794,53,1
795,57,1
796,35,1
797,34,0
798,59,1
799,51,0
800,65,1
801,57,1
802,82,1
803,68,1
804,59,1
805,52,0
806,25,0
807,36,0
808,47,1
809,70,0
810,11,0
811,37,1
812,29,0
813,22,0
814,64,0
815,43,0
816,19,0
817,36,1
818,173,0
819,28,0
820,200,0
821,57,0
822,46,0
823,47,0
824,49,0
825,33,1
826,27,0
827,46,0
828,64,1
829,36,1
830,48,1
831,61,0
832,58,0
833,29,0
834,75,0
835,19,0
836,34,0
837,157,1
838,117,0
839,65,0
840,46,0
841,84,1
842,32,0
843,35,1
844,45,1
845,39,1
846,30,0
847,90,1
848,30,0
849,60,1
850,28,0
851,76,1
852,33,1
853,49,0
854,28,0
855,58,0
856,61,0
857,34,0
858,45,1
859,83,0
860,75,1
861,18,0
862,88,0
863,49,0
864,36,0
865,58,1
866,104,0
867,79,0
868,58,0
869,19,0
870,51,0
871,29,0
872,90,0
873,69,0
874,30,0
875,110,0
876,83,1
877,9,0
878,84,1
879,52,0
880,56,1
881,45,0
882,60,0
883,63,1
884,39,1
885,61,0
886,103,0
887,39,1
888,63,1
889,35,0
890,30,0
891,24,0
892,45,0
893,39,0
894,55,0
895,30,0
896,16,0
897,151,1
898,87,0
899,151,0
900,97,0
901,56,0
902,64,0
903,74,1
904,61,1
905,66,1
906,133,0
907,46,1
908,28,0
909,68,0
910,28,1
911,73,0
912,80,0
913,41,1
914,34,1
915,37,1
916,34,1
917,81,1
918,27,0
919,23,0
920,153,0
921,74,1
922,140,1
923,48,1
924,97,1
925,43,0
926,14,0
927,110,1
928,128,1
929,48,0
930,29,1
931,169,0
932,102,0
933,82,0
934,56,1
935,91,1
936,36,0
937,52,0
938,57,1
939,68,1
940,21,0
941,35,0
942,29,1
943,106,0
944,121,0
945,29,1
946,38,1
947,131,0
948,111,1
949,121,1
950,34,0
951,79,1
952,141,1
953,48,0
954,56,1
955,67,0
956,39,1
957,143,0
958,120,1
959,28,0
960,43,0
961,32,1
962,37,1
963,44,1
964,85,0
965,44,1
966,51,1
967,90,1
968,54,0
969,37,0
970,81,0
971,47,1
972,61,0
973,70,0
974,50,0
975,48,0
976,15,0
977,22,1
978,108,0
979,43,1
980,39,0
981,44,1
982,104,0
983,114,0
984,36,1
985,63,0
986,77,1
987,34,0
988,44,1
989,90,0
990,46,0
991,71,1
992,96,0
993,178,0
994,44,0
995,50,1
996,41,1
997,60,0
998,38,0
999,12,0
1000,62,1
1001,50,0
1002,39,1
1003,111,1
1004,38,1
1005,61,1
1006,57,0
1007,29,0
1008,36,1
1009,53,0
1010,85,1
1011,89,1
1012,64,0
1013,101,0
1014,36,0
1015,42,1
1016,130,1
1017,54,1
1018,75,0
1019,56,1
1020,50,0
1021,58,1
1022,46,1
1023,12,0
1024,104,0
1025,63,0
1026,49,1
1027,60,0
1028,92,1
1029,29,0
1030,50,1
1031,43,0
1032,113,1
1033,67,1
1034,200,0
1035,74,0
1036,162,1
1037,22,0
1038,24,1
1039,13,0
1040,26,1
1041,55,1
1042,63,1
1043,77,1
1044,86,1
1045,119,1
1046,157,0
1047,98,1
1048,133,1
1049,38,0
1050,17,1
1051,128,0
1052,115,1
1053,44,1
1054,74,1
1055,88,1
1056,48,1
1057,139,1
1058,65,0
1059,29,0
1060,23,0
1061,158,0
1062,21,0
1063,91,1
1064,45,1
1065,105,1
1066,40,1
1067,38,1
1068,131,0
1069,44,1
1070,20,0
1071,80,1
1072,66,0
1073,200,0
1074,51,1
1075,25,1
1076,86,1
1077,25,0
1078,80,0
1079,41,0
1080,20,0
1081,149,1
1082,50,1
1083,32,1
1084,144,1
1085,126,1
1086,45,1
1087,62,0
1088,47,1
1089,78,1
1090,72,1
1091,36,1
1092,68,1
1093,34,0
1094,50,0
1095,106,1
1096,65,1
1097,24,1
1098,39,0
1099,40,1
1100,55,1
1101,36,1
1102,46,1
1103,67,1
1104,63,0
1105,132,1
1106,47,0
1107,81,1
1108,102,0
1109,115,0
1110,44,1
1111,49,1
1112,86,1
1113,50,0
1114,49,1
1115,55,0
1116,59,1
1117,77,0
1118,33,1
1119,68,1
1120,45,1
1121,22,0
1122,42,0
1123,61,1
1124,22,1
1125,65,1
1126,189,1
1127,28,1
1128,61,1
1129,75,0
1130,38,1
1131,60,1
1132,31,1
1133,39,1
1134,91,1
1135,65,0
1136,43,1
1137,58,1
1138,77,1
1139,85,0
1140,28,1
1141,47,1
1142,96,1
1143,36,1
1144,64,1
1145,56,1
1146,21,0
1147,52,1
1148,26,0
1149,36,1
1150,16,0
1151,46,1
1152,66,1
1153,76,1
1154,73,1
1155,101,1
1156,41,0
1157,85,1
1158,56,1
1159,64,0
1160,72,1
1161,105,1
1162,14,0
1163,43,0
1164,12,0
1165,132,1
1166,70,1
1167,62,1
1168,30,0
1169,88,1
1170,38,1
1171,73,1
1172,41,1
1173,109,1
1174,73,1
1175,23,0
1176,101,0
1177,68,0
1178,51,0
1179,108,0
1180,23,0
1181,77,1
1182,63,0
1183,46,1
1184,108,1
1185,97,1
1186,50,1
1187,51,0
1188,91,1
1189,65,1
1190,84,1
1191,67,0
1192,59,1
1193,28,0
1194,140,0
1195,22,1
1196,53,1
1197,65,1
1198,50,1
1199,45,0
1200,52,1
1201,54,1
1202,93,0
1203,170,1
1204,139,0
1205,167,1
1206,49,1
1207,51,0
1208,55,1
1209,58,0
1210,83,0
1211,84,1
1212,99,0
1213,31,0
1214,37,1
1215,61,0
1216,130,1
1217,127,1
1218,192,1
1219,90,1
1220,119,1
1221,41,1
1222,77,1
1223,39,1
1224,125,0
1225,29,1
1226,31,1
1227,75,1
1228,67,1
1229,98,1
1230,32,1
1231,151,1
1232,66,0
1233,58,1
1234,22,0
1235,35,0
1236,23,0
1237,46,0
1238,120,0
1239,23,0
1240,77,1
1241,104,1
1242,65,0
1243,27,0
1244,107,1
1245,83,1
1246,38,1
1247,93,1
1248,123,1
1249,107,1
1250,39,1
1251,125,0
1252,67,0
1253,81,1
1254,27,0
1255,41,1
1256,69,1
1257,35,1
1258,60,0
1259,27,1
1260,191,1
1261,45,1
1262,44,1
1263,48,1
1264,49,0
1265,37,0
1266,46,1
1267,99,1
1268,30,1
1269,47,1
1270,16,1
1271,169,1
1272,36,1
1273,69,1
1274,102,1
1275,73,1
1276,46,1
1277,108,0
1278,31,0
1279,21,0
1280,68,1
1281,69,1
1282,41,1
1283,97,1
1284,19,0
1285,47,0
1286,94,1
1287,50,0
1288,43,1
1289,92,1
1290,15,1
1291,30,0
1292,48,0
1293,15,0
1294,42,1
1295,41,1
1296,70,1
1297,108,0
1298,70,1
1299,149,1
1300,75,0
1301,54,1
1302,200,1
1303,42,1
1304,67,1
1305,51,1
1306,59,1
1307,36,0
1308,61,1
1309,142,1
1310,40,1
1311,60,0
1312,56,0
1313,23,0
1314,39,0
1315,61,0
1316,53,0
1317,78,1
1318,78,0
1319,59,0
1320,73,1
1321,64,0
1322,85,0
1323,90,1
1324,72,0
1325,121,1
1326,42,0
1327,26,1
1328,39,1
1329,43,0
1330,117,1
1331,172,1
1332,62,1
1333,58,1
1334,63,1
1335,101,0
1336,200,0
1337,102,0
1338,36,0
1339,33,0
1340,62,0
1341,62,0
1342,29,1
1343,94,1
1344,100,0
1345,50,1
1346,15,0
1347,82,1
1348,104,1
1349,98,1
1350,23,1
1351,94,1
1352,61,1
1353,109,1
1354,56,1
1355,51,1
1356,68,0
1357,42,1
1358,38,1
1359,123,1
1360,123,1
1361,63,1
1362,53,0
1363,94,1
1364,139,1
1365,25,0
1366,100,1
1367,44,1
1368,101,0
1369,58,1
1370,60,1
1371,43,1
1372,115,1
1373,41,1
1374,186,1
1375,100,0
1376,59,0
1377,86,0
1378,63,1
1379,48,1
1380,183,1
1381,52,1
1382,62,1
1383,16,0
1384,52,1
1385,22,1
1386,85,0
1387,67,1
1388,35,1
1389,200,0
1390,38,1
1391,78,1
1392,96,0
1393,135,1
1394,31,1
1395,138,1
1396,59,1
1397,17,0
1398,98,0
1399,49,1
1400,34,1
1401,58,0
1402,39,0
1403,42,0
1404,59,0
1405,200,0
1406,53,1
1407,41,0
1408,96,1
1409,101,1
1410,112,1
1411,66,1
1412,32,0
1413,97,1
1414,81,0
1415,57,0
1416,70,1
1417,160,1
1418,63,1
1419,43,0
1420,181,1
1421,28,0
1422,63,0
1423,62,0
1424,55,1
1425,99,1
1426,130,1
1427,78,0
1428,63,1
1429,139,1
1430,62,0
1431,93,0
1432,188,0
1433,29,0
1434,39,0
1435,54,1
1436,42,0
1437,37,1
1438,38,1
1439,80,0
1440,45,1
1441,56,0
1442,124,1
1443,33,1
1444,123,0
1445,52,0
1446,24,0
1447,88,1
1448,91,1
1449,151,0
1450,26,1
1451,78,1
1452,170,1
1453,43,1
1454,86,1
1455,103,1
1456,39,0
1457,86,1
1458,42,1
1459,107,0
1460,43,1
1461,34,0
1462,54,1
1463,186,1
1464,133,0
1465,39,0
1466,72,1
1467,44,1
1468,51,0
1469,103,1
1470,79,1
1471,55,1
1472,57,1
1473,23,0
1474,50,1
1475,42,1
1476,106,1
1477,68,1
1478,57,1
1479,51,0
1480,60,1
1481,63,0
1482,158,0
1483,52,0
1484,70,1
1485,36,0
1486,41,0
1487,200,0
1488,82,1
1489,44,1
1490,200,0
1491,34,1
1492,45,0
1493,93,0
1494,60,1
1495,64,1
1496,50,1
1497,65,1
1498,138,1
1499,200,0
1500,30,1
1501,120,1
1502,55,1
1503,110,0
1504,54,0
1505,45,1
1506,76,1
1507,28,0
1508,168,1
1509,56,0
1510,84,1
1511,66,0
1512,38,1
1513,12,0
1514,49,1
1515,17,0
1516,97,1
1517,41,0
1518,86,1
1519,50,1
1520,23,1
1521,69,0
1522,10,0
1523,35,1
1524,78,0
1525,124,1
1526,150,1
1527,127,1
1528,30,0
1529,27,1
1530,64,1
1531,42,1
1532,55,0
1533,37,0
1534,43,0
1535,31,0
1536,52,1
1537,136,0
1538,200,0
1539,71,1
1540,118,1
1541,33,1
1542,70,0
1543,74,1
1544,109,1
1545,90,1
1546,83,1
1547,32,0
1548,85,1
1549,69,0
1550,82,0
1551,79,1
1552,44,1
1553,57,0
1554,62,1
1555,39,1
1556,16,0
1557,40,0
1558,16,0
1559,15,0
1560,79,1
1561,50,0
1562,52,1
1563,122,1
1564,200,0
1565,49,0
1566,40,1
1567,61,1
1568,38,1
1569,22,0
1570,87,1
1571,76,0
1572,29,1
1573,59,1
1574,108,0
1575,53,0
1576,135,0
1577,48,1
1578,112,1
1579,200,0
1580,37,0
1581,66,1
1582,80,1
1583,43,0
1584,41,1
1585,55,0
1586,108,0
1587,58,0
1588,47,0
1589,87,1
1590,33,1
1591,65,1
1592,200,0
1593,148,0
1594,40,0
1595,128,0
1596,54,1
1597,37,1
1598,42,1
1599,68,1
1600,83,0
1601,25,0
1602,25,0
1603,45,1
1604,123,1
1605,16,0
1606,67,1
1607,32,0
1608,27,0
1609,48,1
1610,43,1
1611,85,1
1612,20,0
1613,73,1
1614,45,1
1615,54,1
1616,70,0
1617,51,0
1618,89,0
1619,200,0
1620,43,0
1621,57,1
1622,51,1
1623,75,0
1624,46,0
1625,63,1
1626,79,1
1627,45,1
1628,54,1
1629,31,0
1630,83,1
1631,47,1
1632,56,0
1633,95,0
1634,96,1
1635,38,1
1636,46,1
1637,73,1
1638,54,1
1639,62,1
1640,56,0
1641,48,0
1642,66,0
1643,138,1
1644,50,1
1645,153,1
1646,53,1
1647,115,0
1648,36,0
1649,97,1
1650,172,1
1651,105,0
1652,88,1
1653,35,1
1654,104,1
1655,51,1
1656,56,1
1657,38,1
1658,102,1
1659,58,1
1660,70,1
1661,29,0
1662,69,1
1663,21,0
1664,90,1
1665,32,1
1666,52,1
1667,27,1
1668,69,1
1669,83,1
1670,9,0
1671,94,1
1672,150,1
1673,68,1
1674,90,1
1675,56,1
1676,32,1
1677,71,1
1678,56,1
1679,68,0
1680,75,1
1681,34,0
1682,54,0
1683,48,1
1684,53,1
1685,61,1
1686,55,0
1687,53,0
1688,72,1
1689,78,0
1690,89,0
1691,44,1
1692,110,1
1693,76,1
1694,33,1
1695,84,1
1696,128,0
1697,32,0
1698,68,1
1699,118,1
1700,33,0
1701,126,0
1702,42,1
1703,58,1
1704,130,1
1705,52,1
1706,28,0
1707,76,1
1708,85,1
1709,61,1
1710,86,1
1711,51,1
1712,51,0
1713,102,1
1714,30,1
1715,63,1
1716,61,0
1717,72,0
1718,112,1
1719,48,1
1720,54,1
1721,12,0
1722,67,1
1723,73,0
1724,50,0
1725,125,0
1726,43,0
1727,79,1
1728,44,1
1729,46,1
1730,35,0
1731,66,1
1732,73,1
1733,24,0
1734,154,1
1735,133,1
1736,77,1
1737,28,0
1738,25,1
1739,51,1
1740,24,0
1741,47,1
1742,35,1
1743,120,1
1744,108,1
1745,33,0
1746,35,0
1747,101,1
1748,92,0
1749,75,0
1750,84,0
1751,165,0
1752,51,1
1753,43,1
1754,47,0
1755,53,1
1756,131,0
1757,44,1
1758,62,1
1759,81,0
1760,24,1
1761,53,1
1762,41,1
1763,33,1
1764,52,0
1765,77,1
1766,69,1
1767,200,0
1768,92,0
1769,36,1
1770,28,1
1771,97,0
1772,62,1
1773,37,0
1774,30,1
1775,84,0
1776,36,0
1777,60,1
1778,87,1
1779,171,0
1780,109,1
1781,91,1
1782,129,0
1783,64,1
1784,152,0
1785,20,1
1786,69,1
1787,44,1
1788,76,0
1789,59,1
1790,37,1
1791,176,1
1792,69,1
1793,44,1
1794,92,1
1795,71,1
1796,104,1
1797,200,0
1798,70,1
1799,38,1
1800,134,1
1801,68,0
1802,50,0
1803,173,1
1804,99,1
1805,61,0
1806,46,0
1807,110,1
1808,56,1
1809,74,1
1810,21,0
1811,121,1
1812,113,1
1813,45,0
1814,73,1
1815,123,1
1816,82,0
1817,143,1
1818,45,1
1819,81,1
1820,128,1
1821,25,0
1822,58,0
1823,24,1
1824,110,0
1825,57,0
1826,31,1
1827,98,1
1828,75,1
1829,13,0
1830,36,1
1831,97,1
1832,37,1
1833,69,0
1834,115,1
1835,102,1
1836,63,0
1837,63,1
1838,55,1
1839,30,1
1840,84,1
1841,98,0
1842,48,1
1843,196,1
1844,56,1
1845,31,1
1846,157,1
1847,89,1
1848,32,0
1849,91,0
1850,48,0
1851,58,1
1852,124,1
1853,173,1
1854,79,1
1855,60,1
1856,33,1
1857,59,0
1858,68,0
1859,56,1
1860,96,1
1861,45,1
1862,74,1
1863,65,1
1864,15,0
1865,60,1
1866,114,1
1867,45,1
1868,103,0
1869,37,0
1870,77,1
1871,100,1
1872,113,1
1873,76,1
1874,25,0
1875,42,0
1876,49,1
1877,75,1
1878,70,0
1879,96,1
1880,53,1
1881,44,1
1882,51,1
1883,40,1
1884,58,0
1885,40,1
1886,67,1
1887,59,1
1888,76,1
1889,103,1
1890,48,1
1891,58,0
1892,42,1
1893,200,0
1894,43,0
1895,64,1
1896,57,1
1897,98,0
1898,76,1
1899,196,1
1900,56,1
1901,134,0
1902,45,1
1903,69,1
1904,49,0
1905,40,0
1906,150,1
1907,73,0
1908,136,1
1909,42,1
1910,200,0
1911,54,1
1912,29,0
1913,28,0
1914,119,0
1915,200,0
1916,48,1
1917,19,1
1918,102,0
1919,51,1
1920,19,1
1921,42,1
1922,193,1
1923,30,1
1924,47,0
1925,24,1
1926,200,0
1927,54,1
1928,11,0
1929,92,1
1930,200,0
1931,158,1
1932,157,0
1933,83,1
1934,138,0
1935,34,1
1936,200,0
1937,77,0
1938,99,0
1939,78,1
1940,161,1
1941,89,1
1942,35,0
1943,62,0
1944,121,1
1945,81,1
1946,78,1
1947,35,1
1948,46,0
1949,87,1
1950,64,1
1951,29,0
1952,47,1
1953,51,1
1954,50,1
1955,71,1
1956,191,0
1957,56,1
1958,41,0
1959,116,1
1960,150,1
1961,84,1
1962,39,1
1963,39,1
1964,24,0
1965,127,1
1966,133,1
1967,45,0
1968,84,0
1969,94,1
1970,95,1
1971,40,0
1972,14,0
1973,95,0
1974,54,0
1975,184,1
1976,187,1
1977,45,1
1978,72,0
1979,78,0
1980,143,1
1981,37,0
1982,101,1
1983,56,1
1984,11,0
1985,76,1
1986,65,1
1987,83,1
1988,56,0
1989,28,1
1990,56,1
1991,52,1
1992,48,1
1993,35,0
1994,105,0
1995,43,1
1996,43,0
1997,66,1
1998,31,1
1999,82,1
2000,80,1
2001,104,0
2002,87,1
2003,71,1
2004,100,1
2005,167,1
2006,52,1
2007,36,1
2008,41,1
2009,197,0
2010,16,0
2011,18,0
2012,85,1
2013,40,1
2014,44,0
2015,150,0
2016,98,1
2017,44,1
2018,46,1
2019,39,0
2020,132,1
2021,25,0
2022,60,1
2023,46,0
2024,49,1
2025,55,1
2026,90,1
2027,65,1
2028,54,0
2029,54,1
2030,10,0
2031,112,1
2032,55,1
2033,52,1
2034,70,0
2035,104,1
2036,124,1
2037,54,1
2038,58,0
2039,96,1
2040,21,0
2041,41,1
2042,54,0
2043,105,1
2044,39,0
2045,96,1
2046,71,1
2047,95,1
2048,76,1
2049,66,1
2050,69,0
2051,116,0
2052,87,0
2053,109,1
2054,122,1
2055,76,1
2056,103,0
2057,47,1
2058,33,1
2059,43,1
2060,126,0
2061,74,0
2062,64,1
2063,112,1
2064,89,1
2065,36,1
2066,45,1
2067,45,1
2068,19,0
2069,69,1
2070,91,1
2071,67,0
2072,44,1
2073,89,1
2074,50,0
2075,135,0
2076,43,1
2077,30,0
2078,39,1
2079,54,1
2080,35,0
2081,94,1
2082,86,1
2083,62,0
2084,104,1
2085,28,1
2086,38,0
2087,63,1
2088,73,0
2089,29,0
2090,69,1
2091,122,1
2092,68,1
2093,155,0
2094,87,0
2095,49,0
2096,21,0
2097,90,1
2098,43,0
2099,106,1
2100,35,1
2101,55,1
2102,55,1
2103,50,1
2104,37,0
2105,60,1
2106,59,1
2107,93,1
2108,26,1
2109,58,1
2110,124,1
2111,31,0
2112,41,0
2113,96,1
2114,59,1
2115,66,1
2116,56,1
2117,35,1
2118,86,1
2119,77,1
2120,90,1
2121,97,0
2122,140,1
2123,75,1
2124,162,1
2125,113,1
2126,90,1
2127,84,1
2128,38,0
2129,45,0
2130,63,1
2131,20,0
2132,36,0
2133,33,0
2134,96,1
2135,200,0
2136,34,1
2137,49,0
2138,40,0
2139,45,1
2140,35,1
2141,64,0
2142,48,1
2143,52,1
2144,43,1
2145,52,1
2146,49,0
2147,54,0
2148,174,1
2149,123,1
2150,80,1
2151,61,1
2152,176,1
2153,40,0
2154,96,1
2155,54,1
2156,43,1
2157,84,1
2158,200,0
2159,121,1
2160,29,0
2161,37,0
2162,32,1
2163,102,1
2164,28,1
2165,109,1
2166,50,0
2167,24,1
2168,82,1
2169,45,1
2170,58,1
2171,33,1
2172,159,1
2173,40,0
2174,92,1
2175,74,1
2176,54,1
2177,55,0
2178,18,0
2179,37,1
2180,72,1
2181,32,1
2182,137,1
2183,115,0
2184,16,0
2185,132,0
2186,53,1
2187,54,1
2188,48,1
2189,67,1
2190,89,1
2191,80,1
2192,75,1
2193,86,0
2194,69,0
2195,52,0
2196,53,1
2197,64,1
2198,56,1
2199,38,0
2200,37,1
2201,63,1
2202,40,0
2203,27,0
2204,34,0
2205,39,1
2206,50,1
2207,64,1
2208,103,1
2209,90,1
2210,36,1
2211,65,0
2212,49,1
2213,87,1
2214,51,1
2215,57,1
2216,200,0
2217,124,1
2218,64,1
2219,41,1
2220,82,1
2221,35,1
2222,62,1
2223,120,1
2224,96,1
2225,85,1
2226,28,0
2227,72,1
2228,55,1
2229,89,1
2230,124,1
2231,58,1
2232,38,1
2233,32,1
2234,95,1
2235,38,1
2236,73,1
2237,52,1
2238,86,1
2239,39,0
2240,53,0
2241,48,1
2242,81,0
2243,125,0
2244,55,1
2245,37,0
2246,63,1
2247,50,1
2248,54,1
2249,15,0
2250,44,1
2251,98,0
2252,64,1
2253,95,1
2254,96,1
2255,63,1
2256,49,1
2257,122,1
2258,140,0
2259,97,1
2260,36,1
2261,64,1
2262,61,1
2263,32,1
2264,104,1
2265,58,1
2266,114,1
2267,30,1
2268,99,0
2269,53,1
2270,121,0
2271,153,1
2272,78,0
2273,72,1
2274,96,1
2275,50,0
2276,75,1
2277,23,0
2278,131,1
2279,38,1
2280,66,1
2281,78,0
2282,26,0
2283,27,0
2284,87,1
2285,63,1
2286,61,0
2287,58,1
2288,38,1
2289,132,1
2290,48,1
2291,105,1
2292,35,1
2293,63,0
2294,109,0
2295,38,0
2296,95,1
2297,46,1
2298,79,1
2299,103,1
2300,44,1
2301,56,1
2302,34,0
2303,155,1
2304,36,1
2305,56,1
2306,47,0
2307,57,1
2308,81,1
2309,56,1
2310,86,1
2311,76,1
2312,71,1
2313,167,1
2314,60,1
2315,63,1
2316,51,1
2317,91,0
2318,48,1
2319,11,0
2320,45,1
2321,21,0
2322,23,0
2323,33,1
2324,177,0
2325,101,1
2326,49,1
2327,79,1
2328,74,0
2329,39,1
2330,65,1
2331,66,1
2332,83,1
2333,47,1
2334,94,1
2335,89,1
2336,17,0
2337,55,1
2338,84,0
2339,95,1
2340,41,0
2341,31,0
2342,169,0
2343,48,0
2344,117,1
2345,36,1
2346,31,0
2347,106,1
2348,67,1
2349,49,1
2350,69,0
2351,25,0
2352,122,1
2353,28,1
2354,160,0
2355,34,0
2356,29,0
2357,92,1
2358,68,1
2359,75,1
2360,63,1
2361,110,0
2362,182,1
2363,62,1
2364,62,1
2365,100,1
2366,71,1
2367,31,0
2368,21,0
2369,61,0
2370,41,0
2371,100,1
2372,112,1
2373,64,0
2374,70,1
2375,35,1
2376,56,1
2377,35,1
2378,68,0
2379,116,1
2380,31,0
2381,44,0
2382,40,1
2383,114,1
2384,100,1
2385,112,0
2386,50,0
2387,54,1
2388,31,0
2389,46,0
2390,127,1
2391,21,0
2392,36,1
2393,140,1
2394,24,0
2395,174,1
2396,114,0
2397,124,1
2398,188,1
2399,60,1
2400,46,1
2401,200,0
2402,67,1
2403,115,1
2404,9,0
2405,21,0
2406,84,1
2407,44,1
2408,58,1
2409,70,1
2410,12,0
2411,57,1
2412,21,0
2413,37,0
2414,34,0
2415,27,1
2416,63,0
2417,74,1
2418,145,1
2419,50,1
2420,46,1
2421,27,0
2422,41,0
2423,64,0
2424,39,1
2425,12,0
2426,45,1
2427,44,0
2428,107,1
2429,39,1
2430,52,1
2431,45,1
2432,37,0
2433,89,1
2434,33,1
2435,14,0
2436,200,0
2437,56,0
2438,67,1
2439,42,0
2440,62,1
2441,95,1
2442,125,1
2443,99,1
2444,46,1
2445,58,1
2446,48,1
2447,28,1
2448,49,1
2449,24,0
2450,45,0
2451,43,1
2452,35,1
2453,68,0
2454,41,1
2455,28,0
2456,65,1
2457,43,0
2458,34,1
2459,35,0
2460,69,0
2461,87,1
2462,70,0
2463,59,0
2464,189,1
2465,25,1
2466,144,1
2467,41,1
2468,130,1
2469,57,1
2470,29,0
2471,22,0
2472,79,1
2473,53,1
2474,70,1
2475,78,0
2476,92,1
2477,30,1
2478,122,0
2479,105,1
2480,35,0
2481,143,1
2482,175,0
2483,42,1
2484,35,0
2485,56,0
2486,200,0
2487,8,0
2488,49,1
2489,149,1
2490,29,0
2491,83,1
2492,84,1
2493,96,1
2494,82,1
2495,49,0
2496,31,0
2497,84,1
2498,39,0
2499,66,0
2500,32,0
2501,84,0
2502,37,1
2503,67,1
2504,82,1
2505,200,0
2506,21,1
2507,37,1
2508,77,1
2509,35,1
2510,68,1
2511,66,1
2512,39,1
2513,97,1
2514,156,1
2515,61,1
2516,44,1
2517,46,0
2518,53,1
2519,42,1
2520,52,1
2521,189,0
2522,64,1
2523,149,0
2524,80,0
2525,33,0
2526,87,0
2527,43,1
2528,27,0
2529,78,0
2530,138,1
2531,170,0
2532,127,1
2533,63,0
2534,74,1
2535,25,1
2536,63,1
2537,98,1
2538,47,1
2539,44,0
2540,86,0
2541,26,0
2542,15,0
2543,46,1
2544,41,1
2545,88,1
2546,80,1
2547,39,1
2548,50,1
2549,69,1
2550,164,0
2551,52,1
2552,62,1
2553,48,1
2554,43,0
2555,29,0
2556,23,1
2557,200,0
2558,57,1
2559,108,1
2560,184,1
2561,58,0
2562,56,1
2563,122,1
2564,55,1
2565,43,0
2566,44,0
2567,45,0
2568,88,1
2569,40,1
2570,59,0
2571,47,0
2572,44,0
2573,23,1
2574,84,0
2575,77,1
2576,37,1
2577,94,1
2578,84,1
2579,81,1
2580,200,0
2581,43,1
2582,34,1
2583,38,0
2584,59,1
2585,85,0
2586,85,0
2587,32,1
2588,51,0
2589,197,1
2590,97,1
2591,147,1
2592,25,0
2593,157,0
2594,34,1
2595,148,1
2596,88,1
2597,42,1
2598,170,0
2599,34,1
2600,98,1
2601,24,1
2602,56,1
2603,62,1
2604,200,0
2605,102,1
2606,36,1
2607,64,1
2608,52,1
2609,89,1
2610,66,1
2611,47,0
2612,198,0
2613,94,1
2614,161,1
2615,87,1
2616,69,1
2617,135,0
2618,11,0
2619,124,1
2620,46,1
2621,84,0
2622,59,1
2623,86,1
2624,62,0
2625,94,1
2626,64,1
2627,68,1
2628,73,1
2629,23,0
2630,48,0
2631,40,1
2632,122,0
2633,102,1
2634,99,1
2635,42,0
2636,144,1
2637,68,1
2638,45,1
2639,30,1
2640,34,0
2641,84,0
2642,42,0
2643,136,1
2644,152,1
2645,50,1
2646,31,1
2647,78,0
2648,51,0
2649,50,0
2650,52,0
2651,93,1
2652,124,1
2653,38,0
2654,62,0
2655,42,1
2656,58,0
2657,91,1
2658,78,0
2659,83,0
2660,45,0
2661,60,1
2662,52,1
2663,126,1
2664,53,1
2665,34,1
2666,43,1
2667,39,1
2668,32,0
2669,22,0
2670,38,1
2671,39,1
2672,128,0
2673,125,1
2674,72,1
2675,43,0
2676,43,1
2677,39,1
2678,68,1
2679,48,1
2680,33,1
2681,21,0
2682,53,1
2683,25,1
2684,46,1
2685,101,1
2686,48,1
2687,35,1
2688,117,1
2689,18,1
2690,111,1
2691,105,0
2692,66,1
2693,88,0
2694,93,1
2695,56,1
2696,9,0
2697,13,0
2698,28,1
2699,200,0
2700,22,0
2701,52,1
2702,71,1
2703,52,1
2704,41,0
2705,66,1
2706,47,1
2707,49,1
2708,68,0
2709,41,1
2710,110,1
2711,20,0
2712,103,1
2713,89,1
2714,136,1
2715,79,1
2716,98,0
2717,60,1
2718,40,1
2719,63,0
2720,49,1
2721,111,1
2722,27,1
2723,76,1
2724,61,1
2725,105,0
2726,112,0
2727,55,1
2728,124,0
2729,135,0
2730,31,1
2731,59,1
2732,129,0
2733,39,0
2734,35,1
2735,31,0
2736,13,0
2737,78,0
2738,80,1
2739,146,0
2740,61,1
2741,66,0
2742,47,0
2743,96,1
2744,78,1
2745,109,0
2746,130,1
2747,88,1
2748,59,1
2749,28,0
2750,120,1
2751,139,1
2752,39,1
2753,86,1
2754,65,1
2755,32,1
2756,128,1
2757,55,1
2758,39,1
2759,43,1
2760,71,1
2761,30,1
2762,116,1
2763,55,0
2764,24,1
2765,88,1
2766,41,1
2767,37,0
2768,57,0
2769,46,1
2770,20,0
2771,29,0
2772,150,1
2773,74,1
2774,64,1
2775,28,1
2776,60,1
2777,67,0
2778,17,0
2779,54,0
2780,81,0
2781,62,0
2782,105,1
2783,143,1
2784,37,1
2785,74,1
2786,58,1
2787,100,0
2788,107,0
2789,146,0
2790,89,1
2791,52,0
2792,60,1
2793,66,1
2794,109,1
2795,56,0
2796,85,1
2797,75,1
2798,116,0
2799,38,0
2800,150,0
2801,31,1
2802,29,0
2803,22,0
2804,45,0
2805,68,1
2806,23,0
2807,87,1
2808,53,1
2809,41,0
2810,53,1
2811,34,1
2812,77,0
2813,31,1
2814,33,1
2815,54,1
2816,149,1
2817,32,0
2818,49,0
2819,26,0
2820,51,1
2821,47,0
2822,68,1
2823,62,1
2824,118,1
2825,68,1
2826,95,1
2827,53,1
2828,54,1
2829,78,0
2830,45,0
2831,56,0
2832,26,1
2833,32,0
2834,104,1
2835,18,0
2836,105,1
2837,17,0
2838,70,1
2839,153,1
2840,60,0
2841,34,1
2842,68,1
2843,43,1
2844,34,0
2845,96,1
2846,44,1
2847,179,1
2848,54,1
2849,27,1
2850,9,0
2851,119,1
2852,24,0
2853,106,1
2854,35,1
2855,26,0
2856,24,1
2857,200,0
2858,147,1
2859,63,1
2860,142,1
2861,41,0
2862,50,1
2863,110,1
2864,43,0
2865,47,0
2866,38,1
2867,58,0
2868,111,1
2869,43,0
2870,73,0
2871,35,0
2872,63,0
2873,28,1
2874,32,1
2875,112,1
2876,123,1
2877,32,0
2878,36,0
2879,54,0
2880,73,1
2881,91,1
2882,29,1
2883,200,0
2884,52,1
2885,155,1
2886,72,0
2887,39,0
2888,107,1
2889,28,0
2890,42,1
2891,71,0
2892,35,1
2893,45,0
2894,77,1
2895,25,1
2896,56,1
2897,48,0
2898,163,1
2899,80,1
2900,24,0
2901,59,1
2902,85,1
2903,104,1
2904,54,1
2905,73,1
2906,90,1
2907,13,0
2908,48,1
2909,194,0
2910,73,0
2911,100,1
2912,57,1
2913,43,1
2914,39,1
2915,68,1
2916,53,1
2917,35,1
2918,47,1
2919,89,1
2920,90,1
2921,60,1
2922,46,0
2923,45,0
2924,99,0
2925,24,1
2926,81,1
2927,128,1
2928,49,0
2929,45,1
2930,54,1
2931,65,1
2932,22,1
2933,112,1
2934,66,0
2935,24,0
2936,86,0
2937,134,0
2938,119,1
2939,70,1
2940,84,1
2941,135,1
2942,100,1
2943,51,0
2944,200,0
2945,94,1
2946,161,1
2947,52,1
2948,50,1
2949,11,0
2950,63,1
2951,61,1
2952,66,0
2953,70,0
2954,37,0
2955,111,1
2956,129,1
2957,30,0
2958,39,1
2959,21,0
2960,200,0
2961,200,0
2962,53,1
2963,50,1
2964,51,1
2965,38,1
2966,60,1
2967,69,1
2968,74,1
2969,75,0
2970,140,0
2971,48,0
2972,110,0
2973,37,0
2974,110,0
2975,43,0
2976,66,1
2977,106,1
2978,38,1
2979,35,1
2980,73,0
2981,80,1
2982,75,1
2983,163,1
2984,122,1
2985,183,1
2986,66,1
2987,135,1
2988,45,1
2989,200,0
2990,79,1
2991,52,1
2992,47,1
2993,38,1
2994,85,1
2995,113,1
2996,58,1
2997,126,1
2998,41,0
2999,47,1
3000,39,1
3001,96,1
3002,89,0
3003,51,0
3004,65,0
3005,35,1
3006,58,1
3007,69,1
3008,59,1
3009,60,0
3010,68,1
3011,95,0
3012,53,1
3013,83,0
3014,71,1
3015,71,1
3016,39,0
3017,139,1
3018,106,0
3019,24,1
3020,11,0
3021,72,1
3022,106,0
3023,78,1
3024,58,0
3025,71,1
3026,110,1
3027,113,1
3028,162,1
3029,45,0
3030,80,1
3031,200,1
3032,47,1
3033,56,1
3034,41,1
3035,122,1
3036,132,1
3037,52,1
3038,55,0
3039,54,1
3040,52,1
3041,14,0
3042,100,1
3043,54,1
3044,193,1
3045,63,1
3046,28,1
3047,116,0
3048,60,0
3049,77,0
3050,123,1
3051,62,1
3052,90,0
3053,79,1
3054,27,1
3055,84,0
3056,87,1
3057,67,1
3058,79,0
3059,76,1
3060,46,1
3061,67,1
3062,61,0
3063,52,1
3064,175,1
3065,64,1
3066,33,1
3067,32,1
3068,45,1
3069,85,1
3070,53,1
3071,68,1
3072,69,1
3073,72,1
3074,40,1
3075,90,1
3076,48,0
3077,69,1
3078,40,1
3079,37,1
3080,59,1
3081,33,0
3082,200,0
3083,40,1
3084,44,1
3085,21,1
3086,27,1
3087,29,0
3088,84,1
3089,44,1
3090,38,0
3091,43,0
3092,183,0
3093,16,0
3094,54,1
3095,142,1
3096,54,1
3097,45,1
3098,91,1
3099,46,1
3100,54,0
3101,37,1
3102,104,1
3103,61,1
3104,74,1
3105,57,1
3106,60,0
3107,107,1
3108,35,1
3109,37,0
3110,112,1
3111,44,1
3112,165,0
3113,39,1
3114,44,1
3115,21,0
3116,82,1
3117,117,0
3118,96,0
3119,105,1
3120,57,1
3121,61,1
3122,78,1
3123,74,1
3124,128,1
3125,103,0
3126,76,1
3127,82,1
3128,119,1
3129,66,1
3130,118,1
3131,66,0
3132,56,1
3133,8,0
3134,74,0
3135,80,1
3136,77,0
3137,88,1
3138,22,0
3139,53,1
3140,41,0
3141,102,1
3142,75,1
3143,172,1
3144,83,0
3145,68,1
3146,25,1
3147,41,0
3148,48,1
3149,78,1
3150,69,1
3151,107,1
3152,141,1
3153,83,1
3154,52,1
3155,110,1
3156,73,1
3157,70,1
3158,41,1
3159,142,1
3160,53,1
3161,37,0
3162,87,0
3163,75,1
3164,34,1
3165,116,0
3166,36,0
3167,52,1
3168,50,1
3169,48,1
3170,61,1
3171,38,1
3172,120,1
3173,62,0
3174,67,1
3175,64,0
3176,86,1
3177,51,0
3178,105,1
3179,200,0
3180,200,0
3181,18,0
3182,25,0
3183,77,1
3184,97,1
3185,30,1
3186,46,0
3187,69,1
3188,41,0
3189,58,1
3190,64,0
3191,117,1
3192,32,1
3193,71,1
3194,53,0
3195,64,1
3196,127,0
3197,200,0
3198,85,0
3199,52,1
3200,49,1
3201,44,0
3202,55,0
3203,19,0
3204,64,1
3205,129,1
3206,15,0
3207,100,1
3208,101,0
3209,59,1
3210,74,0
3211,61,0
3212,71,1
3213,61,1
3214,37,0
3215,43,1
3216,130,1
3217,28,1
3218,147,1
3219,103,1
3220,95,0
3221,120,1
3222,63,1
3223,129,1
3224,48,1
3225,139,1
3226,116,1
3227,30,1
3228,51,1
3229,81,1
3230,19,0
3231,41,0
3232,65,1
3233,49,1
3234,68,0
3235,95,1
3236,45,1
3237,85,1
3238,49,1
3239,37,0
3240,33,0
3241,31,0
3242,45,1
3243,81,0
3244,56,1
3245,59,0
3246,74,0
3247,56,1
3248,22,1
3249,75,1
3250,55,1
3251,49,0
3252,158,1
3253,48,1
3254,39,0
3255,37,1
3256,88,1
3257,89,0
3258,133,1
3259,27,1
3260,94,0
3261,78,1
3262,151,1
3263,127,1
3264,144,1
3265,61,1
3266,40,0
3267,52,1
3268,68,1
3269,74,1
3270,55,1
3271,89,1
3272,158,1
3273,37,0
3274,25,0
3275,84,0
3276,55,1
3277,46,1
3278,42,1
3279,31,1
3280,46,1
3281,77,1
3282,86,1
3283,53,0
3284,200,0
3285,81,0
3286,53,0
3287,25,0
3288,13,0
3289,113,1
3290,32,1
3291,48,0
3292,66,1
3293,42,1
3294,189,1
3295,125,1
3296,68,1
3297,75,1
3298,41,0
3299,70,1
3300,73,0
3301,200,0
3302,36,1
3303,43,1
3304,33,1
3305,46,1
3306,113,0
3307,21,0
3308,34,1
3309,34,0
3310,55,1
3311,72,1
3312,85,1
3313,52,1
3314,43,0
3315,49,0
3316,42,1
3317,102,0
3318,114,1
3319,61,1
3320,49,0
3321,64,0
3322,63,1
3323,113,0
3324,59,0
3325,66,1
3326,42,1
3327,22,0
3328,80,1
3329,68,0
3330,65,1
3331,53,0
3332,34,1
3333,33,0
3334,91,0
3335,130,1
3336,24,0
3337,194,1
3338,113,1
3339,87,1
3340,94,1
3341,73,1
3342,139,1
3343,42,0
3344,140,1
3345,43,0
3346,20,0
3347,174,0
3348,91,1
3349,25,0
3350,63,1
3351,25,0
3352,77,1
3353,46,1
3354,67,1
3355,40,0
3356,96,1
3357,146,1
3358,20,1
3359,148,1
3360,50,0
3361,60,0
3362,30,1
3363,168,1
3364,27,0
3365,65,1
3366,83,1
3367,48,0
3368,90,1
3369,36,0
3370,66,0
3371,46,0
3372,49,0
3373,37,0
3374,59,0
3375,103,0
3376,54,1
3377,57,1
3378,38,1
3379,56,1
3380,103,1
3381,108,1
3382,82,1
3383,105,1
3384,78,1
3385,83,0
3386,109,1
3387,64,0
3388,127,1
3389,55,0
3390,71,1
3391,170,1
3392,84,0
3393,166,1
3394,72,1
3395,93,1
3396,13,0
3397,84,1
3398,127,1
3399,42,1
3400,55,1
3401,35,0
3402,47,1
3403,66,1
3404,79,1
3405,147,1
3406,51,1
3407,34,0
3408,61,0
3409,24,1
3410,44,1
3411,49,1
3412,163,1
3413,20,0
3414,159,1
3415,54,0
3416,47,1
3417,84,1
3418,78,1
3419,151,0
3420,56,1
3421,53,0
3422,33,1
3423,200,1
3424,81,1
3425,88,0
3426,79,1
3427,105,1
3428,80,1
3429,75,1
3430,73,0
3431,50,1
3432,17,0
3433,66,1
3434,87,0
3435,19,0
3436,33,0
3437,26,0
3438,127,0
3439,45,1
3440,59,0
3441,132,1
3442,58,1
3443,48,0
3444,41,1
3445,45,1
3446,94,1
3447,81,1
3448,89,1
3449,137,0
3450,38,0
3451,45,1
3452,36,1
3453,57,1
3454,163,1
3455,35,1
3456,100,1
3457,56,0
3458,122,1
3459,40,1
3460,100,0
3461,45,1
3462,168,1
3463,93,1
3464,63,1
3465,77,0
3466,32,0
3467,47,1
3468,167,1
3469,31,1
3470,84,0
3471,31,0
3472,90,0
3473,137,1
3474,103,0
3475,49,1
3476,47,1
3477,51,1
3478,108,0
3479,31,0
3480,113,1
3481,77,1
3482,64,0
3483,38,1
3484,73,1
3485,60,1
3486,95,1
3487,39,1
3488,53,0
3489,37,0
3490,119,1
3491,143,1
3492,45,0
3493,27,1
3494,32,0
3495,27,1
3496,80,1
3497,67,1
3498,88,1
3499,44,0
3500,132,0
3501,64,0
3502,69,1
3503,89,1
3504,63,1
3505,77,1
3506,46,1
3507,49,1
3508,59,0
3509,46,1
3510,73,0
3511,111,1
3512,113,1
3513,24,0
3514,158,1
3515,108,1
3516,47,1
3517,119,1
3518,41,1
3519,70,1
3520,43,1
3521,45,1
3522,51,1
3523,56,1
3524,28,0
3525,108,1
3526,58,1
3527,130,1
3528,129,1
3529,16,0
3530,38,0
3531,34,1
3532,105,1
3533,76,1
3534,116,1
3535,60,0
3536,53,1
3537,59,0
3538,75,1
3539,61,1
3540,157,0
3541,75,1
3542,88,1
3543,33,1
3544,111,0
3545,109,1
3546,28,0
3547,75,1
3548,137,0
3549,49,0
3550,54,1
3551,63,0
3552,47,1
3553,105,0
3554,54,1
3555,61,1
3556,56,0
3557,12,0
3558,59,0
3559,113,1
3560,77,1
3561,50,1
3562,18,0
3563,72,1
3564,48,1
3565,16,0
3566,144,0
3567,56,0
3568,44,0
3569,68,1
3570,45,1
3571,44,0
3572,88,0
3573,25,1
3574,188,1
3575,48,0
3576,16,0
3577,200,0
3578,37,1
3579,30,0
3580,127,1
3581,200,0
3582,42,1
3583,133,1
3584,132,1
3585,60,1
3586,81,1
3587,58,1
3588,57,1
3589,63,1
3590,72,0
3591,126,1
3592,81,1
3593,16,0
3594,63,1
3595,72,0
3596,23,1
3597,87,0
3598,33,1
3599,59,0
3600,76,1
3601,99,0
3602,45,1
3603,104,1
3604,32,0
3605,65,0
3606,41,0
3607,83,0
3608,27,0
3609,111,0
3610,55,1
3611,32,1
3612,41,1
3613,128,1
3614,51,1
3615,101,1
3616,112,1
3617,80,1
3618,85,1
3619,129,1
3620,133,0
3621,49,0
3622,82,1
3623,88,1
3624,21,0
3625,57,1
3626,133,1
3627,72,1
3628,166,1
3629,128,1
3630,75,0
3631,52,1
3632,50,1
3633,54,1
3634,77,0
3635,109,0
3636,94,1
3637,51,1
3638,81,0
3639,101,0
3640,155,1
3641,35,1
3642,88,1
3643,54,0
3644,56,0
3645,35,0
3646,76,1
3647,77,1
3648,49,0
3649,76,1
3650,60,1
3651,67,1
3652,98,1
3653,43,0
3654,31,0
3655,53,0
3656,42,0
3657,163,0
3658,161,1
3659,52,0
3660,75,1
3661,31,1
3662,54,1
3663,41,0
3664,150,1
3665,112,1
3666,80,1
3667,43,1
3668,169,1
3669,46,1
3670,74,1
3671,55,1
3672,141,1
3673,65,0
3674,127,0
3675,38,1
3676,135,1
3677,32,1
3678,76,1
3679,17,0
3680,69,1
3681,36,0
3682,144,1
3683,65,1
3684,61,1
3685,26,0
3686,68,1
3687,32,1
3688,46,1
3689,47,1
3690,51,1
3691,32,0
3692,33,0
3693,48,0
3694,37,0
3695,76,1
3696,74,1
3697,46,1
3698,38,1
3699,33,0
3700,94,1
3701,101,1
3702,74,1
3703,70,1
3704,39,0
3705,46,0
3706,52,1
3707,57,0
3708,104,1
3709,21,1
3710,86,1
3711,61,1
3712,109,1
3713,75,1
3714,127,1
3715,90,1
3716,19,0
3717,78,1
3718,48,0
3719,30,0
3720,200,0
3721,23,0
3722,89,1
3723,59,0
3724,44,1
3725,41,1
3726,162,0
3727,32,0
3728,70,0
3729,89,0
3730,121,1
3731,122,0
3732,41,1
3733,71,1
3734,200,0
3735,72,1
3736,130,1
3737,200,0
3738,16,0
3739,116,1
3740,64,0
3741,97,1
3742,46,1
3743,120,1
3744,101,0
3745,94,0
3746,81,1
3747,27,1
3748,139,0
3749,69,0
3750,48,1
3751,80,1
3752,44,1
3753,147,1
3754,43,1
3755,24,0
3756,51,1
3757,63,1
3758,43,1
3759,87,0
3760,26,1
3761,160,1
3762,61,0
3763,44,1
3764,61,1
3765,94,0
3766,150,0
3767,38,0
3768,94,1
3769,35,0
3770,131,1
3771,87,0
3772,103,0
3773,31,1
3774,134,1
3775,40,1
3776,115,1
3777,13,0
3778,71,1
3779,108,1
3780,42,0
3781,62,0
3782,39,1
3783,106,1
3784,111,1
3785,32,0
3786,55,1
3787,97,1
3788,36,0
3789,102,1
3790,43,0
3791,69,1
3792,94,0
3793,64,0
3794,39,0
3795,97,0
3796,47,1
3797,70,0
3798,81,1
3799,44,1
3800,69,1
3801,101,1
3802,68,1
3803,100,1
3804,68,1
3805,71,1
3806,26,1
3807,118,1
3808,13,0
3809,40,1
3810,41,0
3811,84,1
3812,122,0
3813,117,1
3814,54,0
3815,61,1
3816,63,1
3817,72,1
3818,71,0
3819,171,1
3820,200,0
3821,57,1
3822,39,1
3823,145,0
3824,65,0
3825,95,1
3826,42,1
3827,13,0
3828,190,1
3829,45,0
3830,77,1
3831,88,0
3832,97,1
3833,143,0
3834,50,0
3835,122,1
3836,121,1
3837,38,1
3838,30,1
3839,47,1
3840,98,1
3841,39,1
3842,74,1
3843,47,1
3844,79,0
3845,79,1
3846,59,1
3847,25,1
3848,49,0
3849,33,1
3850,77,0
3851,63,1
3852,87,0
3853,52,0
3854,77,1
3855,44,1
3856,73,1
3857,87,1
3858,14,0
3859,7,0
3860,130,1
3861,91,1
3862,65,1
3863,10,0
3864,106,0
3865,80,1
3866,63,1
3867,153,1
3868,30,1
3869,47,1
3870,59,1
3871,126,1
3872,173,0
3873,120,1
3874,66,0
3875,58,1
3876,62,1
3877,49,0
3878,29,1
3879,21,0
3880,67,1
3881,74,1
3882,37,0
3883,100,1
3884,29,0
3885,80,1
3886,83,1
3887,94,1
3888,86,1
3889,47,1
3890,45,1
3891,44,0
3892,50,1
3893,81,0
3894,41,1
3895,67,1
3896,114,1
3897,45,1
3898,82,0
3899,56,0
3900,24,0
3901,9,0
3902,169,1
3903,65,1
3904,67,0
3905,47,1
3906,27,0
3907,61,1
3908,55,1
3909,68,0
3910,91,0
3911,147,0
3912,200,0
3913,30,1
3914,36,0
3915,18,0
3916,59,1
3917,165,0
3918,29,0
3919,74,1
3920,47,1
3921,200,0
3922,25,0
3923,70,1
3924,127,1
3925,98,1
3926,88,1
3927,21,0
3928,95,0
3929,92,1
3930,99,1
3931,47,1
3932,24,0
3933,39,0
3934,84,0
3935,40,0
3936,95,1
3937,56,1
3938,51,1
3939,21,0
3940,70,0
3941,91,1
3942,68,1
3943,200,0
3944,20,1
3945,67,1
3946,28,1
3947,56,1
3948,41,1
3949,23,0
3950,55,0
3951,84,1
3952,49,1
3953,89,0
3954,25,1
3955,68,1
3956,48,1
3957,200,0
3958,108,0
3959,95,1
3960,52,1
3961,59,1
3962,57,1
3963,100,1
3964,19,0
3965,40,1
3966,62,1
3967,94,0
3968,54,0
3969,31,1
3970,25,0
3971,52,1
3972,122,0
3973,126,1
3974,45,1
3975,21,0
3976,37,0
3977,19,0
3978,141,1
3979,92,1
3980,52,1
3981,75,1
3982,140,1
3983,49,1
3984,59,0
3985,69,0
3986,85,0
3987,132,1
3988,119,0
3989,31,0
3990,52,1
3991,80,0
3992,94,1
3993,44,1
3994,46,1
3995,61,1
3996,38,0
3997,36,0
3998,61,1
3999,76,1
4000,74,1
4001,129,1
4002,20,0
4003,43,1
4004,52,1
4005,35,1
4006,36,0
4007,30,1
4008,67,1
4009,115,1
4010,21,1
4011,58,0
4012,53,0
4013,41,1
4014,59,0
4015,57,1
4016,26,0
4017,43,0
4018,52,1
4019,75,1
4020,43,0
4021,51,0
4022,121,0
4023,62,0
4024,68,0
4025,64,1
4026,22,0
4027,82,1
4028,44,1
4029,128,1
4030,69,0
4031,143,1
4032,68,0
4033,25,0
4034,121,1
4035,112,1
4036,152,1
4037,70,1
4038,86,0
4039,107,1
4040,47,0
4041,72,1
4042,89,1
4043,24,0
4044,57,1
4045,78,0
4046,113,1
4047,91,1
4048,109,1
4049,184,0
4050,41,1
4051,112,1
4052,72,0
4053,20,1
4054,70,1
4055,69,1
4056,97,0
4057,62,0
4058,106,1
4059,55,0
4060,66,1
4061,36,0
4062,32,0
4063,97,1
4064,58,0
4065,58,0
4066,100,1
4067,107,1
4068,180,1
4069,89,0
4070,85,0
4071,73,1
4072,44,1
4073,34,0
4074,90,1
4075,35,0
4076,55,1
4077,135,0
4078,18,0
4079,22,0
4080,58,0
4081,53,0
4082,80,1
4083,153,1
4084,27,0
4085,21,0
4086,102,1
4087,41,1
4088,128,1
4089,25,0
4090,93,1
4091,78,1
4092,70,1
4093,26,0
4094,36,1
4095,116,1
4096,135,1
4097,42,1
4098,158,1
4099,72,1
4100,92,0
4101,93,0
4102,64,0
4103,123,0
4104,88,1
4105,64,0
4106,30,1
4107,131,1
4108,33,0
4109,107,0
4110,109,0
4111,55,1
4112,57,1
4113,86,1
4114,79,1
4115,105,1
4116,32,0
4117,122,0
4118,90,1
4119,106,1
4120,68,0
4121,103,1
4122,42,0
4123,66,0
4124,46,1
4125,82,0
4126,99,0
4127,74,1
4128,200,0
4129,28,1
4130,68,1
4131,80,0
4132,66,1
4133,175,0
4134,80,1
4135,161,1
4136,43,1
4137,75,0
4138,57,0
4139,42,1
4140,15,0
4141,93,1
4142,38,0
4143,27,0
4144,80,1
4145,86,1
4146,61,1
4147,29,1
4148,122,1
4149,67,1
4150,135,0
4151,155,0
4152,27,1
4153,46,0
4154,56,1
4155,47,0
4156,39,1
4157,47,0
4158,63,1
4159,81,0
4160,59,1
4161,100,0
4162,161,0
4163,85,1
4164,103,0
4165,19,0
4166,45,0
4167,34,0
4168,56,1
4169,88,1
4170,53,0
4171,173,1
4172,73,1
4173,101,1
4174,122,1
4175,60,1
4176,75,1
4177,69,1
4178,59,1
4179,116,1
4180,54,1
4181,200,0
4182,54,1
4183,33,1
4184,85,0
4185,36,1
4186,35,0
4187,53,1
4188,62,1
4189,43,0
4190,78,1
4191,31,0
4192,68,1
4193,59,1
4194,64,1
4195,91,0
4196,81,1
4197,108,1
4198,35,1
4199,73,1
4200,136,1
4201,68,1
4202,86,0
4203,46,1
4204,53,1
4205,54,0
4206,70,1
4207,136,1
4208,37,0
4209,67,1
4210,176,0
4211,120,1
4212,29,1
4213,24,0
4214,75,1
4215,39,1
4216,37,0
4217,13,0
4218,108,1
4219,94,1
4220,57,0
4221,78,1
4222,96,1
4223,85,1
4224,93,1
4225,70,1
4226,58,0
4227,66,0
4228,25,0
4229,51,1
4230,83,1
4231,29,0
4232,107,1
4233,100,0
4234,50,0
4235,108,1
4236,134,1
4237,25,1
4238,142,1
4239,78,1
4240,116,0
4241,36,1
4242,70,1
4243,150,1
4244,100,1
4245,140,1
4246,62,1
4247,28,1
4248,30,1
4249,153,1
4250,96,1
4251,42,0
4252,61,1
4253,60,0
4254,200,0
4255,141,1
4256,66,0
4257,75,1
4258,34,1
4259,91,0
4260,200,0
4261,25,1
4262,94,0
4263,130,1
4264,69,1
4265,155,1
4266,18,0
4267,64,1
4268,49,1
4269,46,0
4270,49,0
4271,119,1
4272,65,1
4273,106,1
4274,99,0
4275,20,0
4276,75,1
4277,56,0
4278,176,1
4279,124,1
4280,87,0
4281,52,0
4282,59,0
4283,126,1
4284,54,0
4285,47,1
4286,66,1
4287,131,1
4288,93,0
4289,89,1
4290,75,0
4291,103,1
4292,73,1
4293,102,1
4294,177,0
4295,31,0
4296,79,1
4297,69,0
4298,177,1
4299,196,1
4300,200,0
4301,69,1
4302,27,1
4303,107,0
4304,29,1
4305,36,0
4306,87,1
4307,41,1
4308,103,1
4309,70,0
4310,20,0
4311,45,1
4312,54,0
4313,46,0
4314,68,1
4315,46,1
4316,70,1
4317,82,0
4318,62,1
4319,82,0
4320,19,0
4321,14,0
4322,51,0
4323,40,0
4324,70,1
4325,57,0
4326,88,1
4327,77,1
4328,42,1
4329,88,0
4330,62,1
4331,41,1
4332,34,1
4333,57,1
4334,63,1
4335,200,0
4336,66,1
4337,114,0
4338,59,1
4339,49,1
4340,30,1
4341,66,1
4342,51,1
4343,81,1
4344,37,0
4345,39,1
4346,56,0
4347,11,0
4348,71,1
4349,36,1
4350,19,0
4351,46,1
4352,21,0
4353,96,1
4354,136,1
4355,47,1
4356,128,1
4357,83,1
4358,52,1
4359,112,1
4360,101,1
4361,26,1
4362,65,1
4363,59,0
4364,33,1
4365,25,0
4366,56,1
4367,31,0
4368,200,0
4369,42,1
4370,59,1
4371,41,0
4372,75,1
4373,44,1
4374,112,0
4375,141,1
4376,36,1
4377,177,0
4378,166,1
4379,151,0
4380,64,1
4381,190,1
4382,18,1
4383,64,0
4384,14,0
4385,37,0
4386,56,1
4387,43,1
4388,22,0
4389,60,1
4390,53,1
4391,23,0
4392,67,0
4393,200,0
4394,35,0
4395,103,1
4396,47,1
4397,85,1
4398,102,0
4399,115,1
4400,63,1
4401,30,1
4402,42,0
4403,70,0
4404,86,1
4405,14,0
4406,52,1
4407,52,1
4408,96,0
4409,123,0
4410,36,0
4411,70,0
4412,67,1
4413,104,1
4414,56,1
4415,64,0
4416,92,1
4417,112,1
4418,47,0
4419,37,1
4420,104,1
4421,175,1
4422,85,1
4423,57,1
4424,82,1
4425,46,1
4426,59,1
4427,66,0
4428,92,1
4429,45,0
4430,108,1
4431,105,1
4432,93,1
4433,85,1
4434,31,1
4435,47,1
4436,38,0
4437,46,1
4438,90,1
4439,80,1
4440,112,1
4441,120,0
4442,34,0
4443,39,1
4444,51,1
4445,29,1
4446,57,1
4447,55,0
4448,70,1
4449,49,1
4450,83,1
4451,33,0
4452,57,1
4453,122,0
4454,80,1
4455,65,0
4456,62,1
4457,52,1
4458,43,1
4459,14,0
4460,67,0
4461,41,1
4462,36,0
4463,84,0
4464,100,1
4465,121,1
4466,51,0
4467,47,0
4468,113,1
4469,85,0
4470,62,1
4471,53,1
4472,55,0
4473,86,1
4474,126,1
4475,96,1
4476,85,1
4477,39,0
4478,40,1
4479,49,0
4480,44,1
4481,80,1
4482,76,0
4483,32,0
4484,69,1
4485,138,1
4486,115,1
4487,115,0
4488,22,0
4489,128,0
4490,62,1
4491,92,1
4492,49,0
4493,62,1
4494,98,0
4495,34,0
4496,88,1
4497,39,0
4498,67,0
4499,95,1
4500,56,1
4501,40,0
4502,200,0
4503,85,1
4504,63,1
4505,26,0
4506,65,0
4507,17,0
4508,107,1
4509,82,1
4510,54,1
4511,68,0
4512,71,1
4513,93,0
4514,68,0
4515,97,1
4516,22,0
4517,50,1
4518,162,0
4519,63,1
4520,71,0
4521,26,1
4522,72,0
4523,27,0
4524,164,0
4525,63,1
4526,74,1
4527,71,0
4528,46,1
4529,25,0
4530,76,1
4531,57,1
4532,71,1
4533,51,1
4534,14,0
4535,37,1
4536,55,1
4537,84,1
4538,34,0
4539,80,1
4540,200,0
4541,39,0
4542,135,1
4543,101,1
4544,50,1
4545,43,1
4546,24,0
4547,93,1
4548,36,1
4549,50,1
4550,45,1
4551,86,0
4552,106,1
4553,58,1
4554,85,0
4555,81,1
4556,48,1
4557,92,1
4558,127,0
4559,19,1
4560,26,0
4561,82,1
4562,200,0
4563,52,1
4564,67,1
4565,19,0
4566,72,0
4567,151,1
4568,36,1
4569,66,0
4570,44,1
4571,49,1
4572,69,1
4573,61,1
4574,100,1
4575,23,1
4576,100,1
4577,46,0
4578,57,1
4579,95,0
4580,61,1
4581,121,1
4582,66,1
4583,136,0
4584,82,1
4585,53,1
4586,67,1
4587,36,1
4588,136,0
4589,125,1
4590,144,1
4591,118,1
4592,30,0
4593,33,0
4594,57,1
4595,169,0
4596,68,1
4597,39,0
4598,99,1
4599,126,1
4600,57,1
4601,35,0
4602,85,1
4603,30,1
4604,65,1
4605,123,1
4606,89,0
4607,34,1
4608,77,0
4609,110,1
4610,55,1
4611,57,0
4612,78,1
4613,43,0
4614,31,1
4615,41,0
4616,119,1
4617,33,0
4618,28,1
4619,104,1
4620,92,1
4621,32,1
4622,91,0
4623,102,1
4624,33,1
4625,36,0
4626,53,1
4627,90,1
4628,44,1
4629,83,1
4630,170,1
4631,54,1
4632,100,0
4633,36,1
4634,47,0
4635,200,0
4636,46,0
4637,102,1
4638,28,1
4639,95,1
4640,51,1
4641,71,0
4642,50,1
4643,97,1
4644,38,0
4645,85,0
4646,18,1
4647,71,1
4648,18,0
4649,28,0
4650,69,1
4651,99,1
4652,95,0
4653,43,0
4654,90,1
4655,96,1
4656,77,1
4657,60,0
4658,200,0
4659,80,1
4660,91,1
4661,47,1
4662,83,0
4663,41,1
4664,85,1
4665,57,1
4666,74,1
4667,104,1
4668,39,1
4669,78,1
4670,59,0
4671,29,1
4672,94,1
4673,75,1
4674,200,0
4675,31,1
4676,149,0
4677,28,0
4678,54,1
4679,57,1
4680,31,1
4681,27,0
4682,31,0
4683,47,1
4684,54,1
4685,51,0
4686,61,1
4687,180,1
4688,120,1
4689,83,0
4690,39,1
4691,200,0
4692,33,1
4693,78,1
4694,47,1
4695,42,1
4696,76,0
4697,77,0
4698,45,1
4699,40,1
4700,71,0
4701,59,1
4702,43,1
4703,75,1
4704,106,1
4705,66,1
4706,117,1
4707,54,1
4708,26,1
4709,51,0
4710,74,0
4711,165,0
4712,45,1
4713,106,1
4714,91,1
4715,69,1
4716,54,0
4717,54,1
4718,30,0
4719,81,1
4720,92,1
4721,43,1
4722,17,0
4723,117,1
4724,71,1
4725,101,1
4726,80,1
4727,50,0
4728,55,1
4729,33,0
4730,68,1
4731,108,1
4732,80,1
4733,55,1
4734,85,1
4735,53,1
4736,58,1
4737,64,0
4738,75,1
4739,64,1
4740,78,1
4741,100,1
4742,53,1
4743,27,0
4744,41,1
4745,72,0
4746,41,1
4747,36,1
4748,142,0
4749,60,0
4750,50,1
4751,87,1
4752,62,1
4753,51,1
4754,30,1
4755,67,0
4756,73,1
4757,42,1
4758,51,1
4759,200,0
4760,103,0
4761,200,0
4762,64,1
4763,75,0
4764,25,1
4765,41,1
4766,48,0
4767,29,0
4768,187,0
4769,32,0
4770,40,0
4771,21,1
4772,86,0
4773,56,1
4774,61,0
4775,67,1
4776,108,1
4777,42,0
4778,117,1
4779,42,1
4780,36,1
4781,62,1
4782,65,1
4783,185,1
4784,93,0
4785,145,1
4786,34,1
4787,49,1
4788,162,0
4789,125,1
4790,38,0
4791,56,0
4792,85,1
4793,95,1
4794,61,0
4795,80,1
4796,38,1
4797,19,0
4798,52,1
4799,19,0
4800,147,1
4801,73,1
4802,115,0
4803,71,1
4804,77,1
4805,52,1
4806,46,0
4807,121,1
4808,86,0
4809,15,0
4810,19,0
4811,38,0
4812,72,0
4813,45,1
4814,48,1
4815,28,1
4816,55,1
4817,78,1
4818,43,0
4819,36,0
4820,57,0
4821,104,1
4822,58,1
4823,51,1
4824,29,1
4825,118,0
4826,58,0
4827,43,0
4828,73,0
4829,37,1
4830,76,0
4831,77,1
4832,131,0
4833,76,0
4834,60,0
4835,59,1
4836,58,1
4837,18,0
4838,58,0
4839,70,1
4840,90,0
4841,61,1
4842,39,0
4843,52,1
4844,55,0
4845,13,0
4846,31,1
4847,53,0
4848,58,1
4849,55,1
4850,124,1
4851,166,1
4852,86,0
4853,91,1
4854,109,1
4855,50,0
4856,72,1
4857,139,0
4858,51,1
4859,65,1
4860,95,1
4861,133,1
4862,23,1
4863,65,0
4864,56,1
4865,101,1
4866,53,1
4867,32,1
4868,32,0
4869,37,1
4870,67,1
4871,60,1
4872,50,1
4873,40,0
4874,78,0
4875,87,1
4876,108,1
4877,88,1
4878,60,1
4879,83,1
4880,35,1
4881,48,1
4882,44,1
4883,142,1
4884,49,1
4885,82,1
4886,51,1
4887,88,1
4888,157,1
4889,81,0
4890,52,0
4891,39,1
4892,76,0
4893,72,1
4894,200,0
4895,37,1
4896,101,1
4897,58,0
4898,44,0
4899,144,1
4900,49,0
4901,63,1
4902,56,0
4903,89,1
4904,87,1
4905,50,1
4906,97,1
4907,17,0
4908,63,1
4909,32,0
4910,29,1
4911,200,0
4912,9,0
4913,56,1
4914,54,1
4915,52,1
4916,80,0
4917,52,1
4918,60,1
4919,102,1
4920,185,1
4921,182,1
4922,49,0
4923,120,1
4924,45,0
4925,49,1
4926,56,0
4927,81,1
4928,42,1
4929,69,1
4930,24,1
4931,136,1
4932,60,1
4933,71,0
4934,22,0
4935,41,0
4936,58,1
4937,120,0
4938,185,0
4939,29,1
4940,111,1
4941,23,1
4942,43,1
4943,50,1
4944,69,1
4945,47,0
4946,140,1
4947,51,1
4948,47,0
4949,104,1
4950,188,1
4951,165,0
4952,99,1
4953,139,1
4954,63,1
4955,67,0
4956,124,1
4957,37,1
4958,17,0
4959,79,1
4960,62,1
4961,86,1
4962,65,0
4963,33,1
4964,72,1
4965,52,0
4966,51,1
4967,55,1
4968,94,1
4969,46,1
4970,9,0
4971,117,1
4972,34,0
4973,101,1
4974,64,1
4975,30,0
4976,200,0
4977,136,0
4978,200,0
4979,50,1
4980,32,0
4981,61,1
4982,85,0
4983,81,1
4984,90,1
4985,40,0
4986,34,1
4987,64,1
4988,41,1
4989,95,1
4990,30,1
4991,97,1
4992,89,1
4993,28,1
4994,45,1
4995,170,0
4996,81,1
4997,55,1
4998,24,1
4999,172,1
5000,69,1
5001,82,1
5002,16,0
5003,67,1
5004,24,1
5005,77,1
5006,30,0
5007,82,1
5008,107,0
5009,108,1
5010,83,1
5011,104,1
5012,84,0
5013,28,0
5014,19,0
5015,124,1
5016,56,1
5017,9,0
5018,66,1
5019,66,0
5020,28,0
5021,22,0
5022,32,0
5023,87,1
5024,101,1
5025,73,1
5026,52,1
5027,27,0
5028,53,1
5029,75,1
5030,94,1
5031,70,1
5032,127,0
5033,40,1
5034,32,1
5035,17,0
5036,22,0
5037,37,1
5038,64,1
5039,57,1
5040,103,1
5041,188,0
5042,176,1
5043,33,1
5044,122,1
5045,96,0
5046,59,1
5047,45,1
5048,21,0
5049,64,0
5050,69,0
5051,46,0
5052,67,0
5053,60,1
5054,53,1
5055,140,1
5056,39,0
5057,80,1
5058,64,0
5059,41,1
5060,47,0
5061,40,1
5062,52,1
5063,38,1
5064,25,0
5065,52,1
5066,70,1
5067,106,1
5068,166,1
5069,11,0
5070,62,1
5071,49,0
5072,27,0
5073,96,1
5074,41,1
5075,85,1
5076,79,1
5077,27,1
5078,21,0
5079,88,1
5080,63,1
5081,68,1
5082,41,1
5083,47,1
5084,23,0
5085,86,1
5086,91,1
5087,94,0
5088,60,0
5089,173,0
5090,17,0
5091,111,1
5092,111,1
5093,97,1
5094,192,1
5095,96,1
5096,27,1
5097,95,1
5098,35,0
5099,128,1
5100,44,1
5101,53,1
5102,51,0
5103,97,1
5104,56,0
5105,77,1
5106,39,0
5107,107,1
5108,78,0
5109,50,0
5110,81,1
5111,110,1
5112,76,0
5113,70,0
5114,65,1
5115,56,0
5116,84,1
5117,48,1
5118,48,1
5119,35,0
5120,24,1
5121,107,1
5122,89,0
5123,81,1
5124,200,0
5125,76,1
5126,67,1
5127,59,0
5128,92,1
5129,85,0
5130,147,0
5131,57,1
5132,48,1
5133,61,0
5134,41,1
5135,35,0
5136,64,0
5137,200,0
5138,71,1
5139,85,1
5140,45,1
5141,42,1
5142,52,0
5143,83,0
5144,15,0
5145,27,0
5146,53,1
5147,63,1
5148,84,0
5149,46,1
5150,52,0
5151,56,0
5152,59,0
5153,79,1
5154,142,1
5155,45,1
5156,56,0
5157,110,1
5158,56,1
5159,59,0
5160,60,1
5161,31,0
5162,75,0
5163,42,0
5164,70,1
5165,36,0
5166,64,0
5167,45,1
5168,77,1
5169,74,1
5170,81,1
5171,75,1
5172,58,1
5173,64,1
5174,60,1
5175,80,1
5176,44,0
5177,174,1
5178,79,1
5179,46,0
5180,43,1
5181,38,0
5182,23,0
5183,15,0
5184,19,0
5185,165,1
5186,60,0
5187,81,0
5188,24,1
5189,57,0
5190,36,1
5191,82,0
5192,55,1
5193,34,1
5194,68,1
5195,72,1
5196,107,1
5197,91,1
5198,103,1
5199,57,1
5200,13,0
5201,26,1
5202,97,1
5203,92,0
5204,129,0
5205,97,1
5206,58,0
5207,26,1
5208,25,0
5209,68,1
5210,66,0
5211,151,1
5212,48,1
5213,74,1
5214,92,1
5215,78,1
5216,82,0
5217,46,1
5218,128,0
5219,135,0
5220,97,1
5221,65,1
5222,182,1
5223,45,1
5224,175,1
5225,21,0
5226,53,0
5227,95,0
5228,172,1
5229,109,1
5230,89,1
5231,60,1
5232,49,0
5233,74,1
5234,129,1
5235,59,0
5236,124,1
5237,72,1
5238,48,1
5239,50,1
5240,158,0
5241,94,1
5242,70,1
5243,44,1
5244,100,1
5245,112,1
5246,66,0
5247,33,1
5248,17,0
5249,60,1
5250,18,0
5251,67,1
5252,20,1
5253,70,0
5254,47,1
5255,16,0
5256,116,1
5257,63,1
5258,200,0
5259,49,1
5260,113,1
5261,25,0
5262,23,0
5263,36,1
5264,99,0
5265,60,1
5266,33,1
5267,50,1
5268,66,1
5269,44,1
5270,64,1
5271,79,1
5272,97,1
5273,53,0
5274,101,0
5275,82,1
5276,124,1
5277,83,0
5278,74,1
5279,26,1
5280,58,1
5281,18,0
5282,54,1
5283,128,1
5284,88,1
5285,143,1
5286,44,1
5287,160,0
5288,55,0
5289,76,0
5290,23,1
5291,23,1
5292,78,1
5293,45,1
5294,78,1
5295,37,0
5296,42,1
5297,86,0
5298,48,1
5299,47,1
5300,49,1
5301,16,0
5302,28,0
5303,89,1
5304,69,0
5305,37,0
5306,48,1
5307,27,0
5308,100,1
5309,26,0
5310,32,0
5311,29,1
5312,83,1
5313,52,1
5314,113,1
5315,157,1
5316,37,0
5317,46,1
5318,67,0
5319,37,1
5320,82,1
5321,31,1
5322,48,1
5323,65,0
5324,46,1
5325,50,1
5326,64,1
5327,61,1
5328,31,0
5329,200,0
5330,94,1
5331,36,1
5332,83,1
5333,33,1
5334,102,1
5335,61,1
5336,122,0
5337,91,1
5338,48,0
5339,59,1
5340,105,0
5341,54,0
5342,43,1
5343,101,1
5344,24,0
5345,101,1
5346,65,0
5347,75,1
5348,145,1
5349,64,1
5350,53,0
5351,91,1
5352,120,1
5353,49,1
5354,64,0
5355,57,1
5356,70,1
5357,131,1
5358,39,1
5359,101,1
5360,200,0
5361,108,1
5362,94,0
5363,43,1
5364,56,1
5365,59,0
5366,40,1
5367,46,1
5368,45,1
5369,77,1
5370,56,0
5371,28,1
5372,26,1
5373,116,1
5374,142,0
5375,62,1
5376,113,1
5377,92,0
5378,41,1
5379,35,0
5380,108,1
5381,100,1
5382,24,0
5383,69,0
5384,116,1
5385,48,0
5386,41,0
5387,33,0
5388,33,0
5389,55,1
5390,81,1
5391,122,0
5392,91,0
5393,85,1
5394,26,0
5395,106,0
5396,164,1
5397,21,0
5398,99,1
5399,200,0
5400,83,1
5401,63,1
5402,118,1
5403,117,1
5404,87,1
5405,50,1
5406,64,1
5407,51,1
5408,57,0
5409,66,1
5410,88,1
5411,92,1
5412,30,0
5413,129,0
5414,82,1
5415,35,0
5416,53,1
5417,78,0
5418,67,0
5419,62,0
5420,65,1
5421,40,0
5422,46,1
5423,97,1
5424,76,0
5425,58,1
5426,123,1
5427,34,1
5428,52,0
5429,71,0
5430,81,0
5431,105,1
5432,33,1
5433,57,0
5434,23,0
5435,65,0
5436,79,1
5437,53,1
5438,98,1
5439,82,1
5440,35,1
5441,103,1
5442,50,1
5443,95,1
5444,159,1
5445,56,0
5446,36,0
5447,66,0
5448,63,1
5449,75,1
5450,38,0
5451,200,0
5452,86,1
5453,97,1
5454,46,1
5455,200,0
5456,95,1
5457,37,1
5458,47,0
5459,40,0
5460,74,1
5461,41,1
5462,139,1
5463,58,1
5464,127,1
5465,78,1
5466,25,1
5467,158,1
5468,187,1
5469,43,0
5470,64,0
5471,86,1
5472,69,0
5473,50,1
5474,36,0
5475,45,1
5476,40,1
5477,67,0
5478,92,1
5479,84,1
5480,82,1
5481,11,0
5482,48,1
5483,52,0
5484,50,1
5485,23,0
5486,60,0
5487,60,0
5488,43,1
5489,61,1
5490,71,1
5491,65,1
5492,70,1
5493,71,0
5494,82,0
5495,99,1
5496,41,0
5497,96,0
5498,62,1
5499,43,1
5500,137,1
5501,44,0
5502,93,1
5503,123,1
5504,42,1
5505,102,1
5506,27,0
5507,101,1
5508,61,1
5509,58,1
5510,48,1
5511,57,0
5512,46,0
5513,23,0
5514,50,1
5515,97,1
5516,44,0
5517,180,1
5518,89,1
5519,200,0
5520,110,1
5521,80,1
5522,88,1
5523,74,0
5524,51,0
5525,42,1
5526,87,0
5527,31,1
5528,11,0
5529,44,1
5530,45,1
5531,51,1
5532,23,0
5533,20,0
5534,39,1
5535,68,0
5536,46,1
5537,52,1
5538,70,0
5539,56,0
5540,66,0
5541,59,1
5542,74,0
5543,200,0
5544,31,1
5545,90,0
5546,60,0
5547,76,0
5548,29,0
5549,54,1
5550,33,0
5551,145,1
5552,87,1
5553,47,1
5554,62,1
5555,79,0
5556,34,1
5557,160,1
5558,103,1
5559,86,1
5560,81,1
5561,57,0
5562,80,1
5563,174,1
5564,25,1
5565,131,0
5566,38,1
5567,72,1
5568,16,0
5569,43,1
5570,61,1
5571,102,1
5572,96,1
5573,134,1
5574,71,0
5575,90,1
5576,42,0
5577,31,0
5578,70,1
5579,71,1
5580,161,1
5581,42,1
5582,69,1
5583,200,0
5584,40,0
5585,198,0
5586,40,1
5587,75,1
5588,79,1
5589,78,0
5590,85,0
5591,97,1
5592,45,1
5593,27,0
5594,70,0
5595,47,1
5596,34,1
5597,110,0
5598,81,1
5599,46,1
5600,118,1
5601,46,0
5602,77,1
5603,57,1
5604,152,1
5605,73,1
5606,182,1
5607,21,0
5608,71,1
5609,51,1
5610,78,0
5611,200,0
5612,113,0
5613,27,1
5614,159,1
5615,80,0
5616,42,1
5617,93,0
5618,130,1
5619,35,0
5620,72,1
5621,65,0
5622,108,1
5623,104,1
5624,24,1
5625,32,0
5626,62,1
5627,63,0
5628,56,1
5629,83,1
5630,44,0
5631,97,1
5632,56,0
5633,60,1
5634,51,1
5635,48,1
5636,39,0
5637,67,0
5638,131,0
5639,43,1
5640,49,1
5641,53,1
5642,70,1
5643,55,1
5644,103,0
5645,26,1
5646,67,1
5647,38,1
5648,61,0
5649,36,0
5650,101,1
5651,36,1
5652,72,0
5653,134,1
5654,117,1
5655,91,1
5656,71,0
5657,58,0
5658,124,0
5659,29,0
5660,88,0
5661,167,1
5662,81,1
5663,37,0
5664,75,1
5665,90,0
5666,50,0
5667,33,1
5668,35,0
5669,45,1
5670,59,1
5671,68,1
5672,53,1
5673,42,1
5674,100,1
5675,148,1
5676,74,1
5677,52,1
5678,110,1
5679,89,0
5680,19,0
5681,82,1
5682,37,1
5683,90,1
5684,31,1
5685,65,1
5686,66,1
5687,54,0
5688,88,1
5689,66,0
5690,22,1
5691,74,1
5692,37,1
5693,61,1
5694,55,1
5695,46,1
5696,73,1
5697,49,1
5698,73,1
5699,13,0
5700,192,0
5701,24,1
5702,84,1
5703,52,1
5704,149,1
5705,15,0
5706,62,1
5707,56,0
5708,107,1
5709,134,1
5710,82,1
5711,131,1
5712,31,1
5713,26,1
5714,141,1
5715,56,1
5716,20,0
5717,79,0
5718,53,1
5719,35,1
5720,41,0
5721,109,0
5722,118,1
5723,200,0
5724,68,1
5725,65,1
5726,26,0
5727,69,1
5728,42,1
5729,44,0
5730,137,1
5731,46,0
5732,69,1
5733,14,0
5734,65,1
5735,83,1
5736,45,1
5737,34,1
5738,80,0
5739,135,1
5740,39,1
5741,76,0
5742,80,1
5743,124,0
5744,23,0
5745,100,1
5746,134,0
5747,75,0
5748,47,1
5749,97,1
5750,57,1
5751,98,1
5752,18,0
5753,64,1
5754,69,1
5755,42,1
5756,107,1
5757,130,0
5758,128,1
5759,74,1
5760,76,0
5761,36,1
5762,33,0
5763,91,1
5764,26,0
5765,33,0
5766,44,1
5767,120,1
5768,75,0
5769,59,1
5770,200,0
5771,165,1
5772,22,0
5773,103,1
5774,84,0
5775,200,0
5776,79,1
5777,81,1
5778,58,1
5779,81,0
5780,32,0
5781,64,0
5782,12,0
5783,54,0
5784,145,0
5785,32,1
5786,81,1
5787,15,0
5788,40,1
5789,66,1
5790,115,1
5791,68,1
5792,72,1
5793,31,1
5794,99,1
5795,61,0
5796,19,0
5797,58,1
5798,200,0
5799,46,1
5800,31,0
5801,111,1
5802,96,1
5803,29,1
5804,36,1
5805,30,1
5806,64,1
5807,78,1
5808,40,0
5809,137,1
5810,46,1
5811,43,1
5812,102,1
5813,104,1
5814,21,1
5815,35,0
5816,26,0
5817,122,1
5818,34,0
5819,51,0
5820,89,1
5821,200,0
5822,36,0
5823,134,1
5824,44,1
5825,53,1
5826,90,1
5827,24,0
5828,62,1
5829,71,1
5830,77,1
5831,49,1
5832,31,0
5833,33,1
5834,34,1
5835,43,1
5836,68,1
5837,95,1
5838,142,1
5839,59,0
5840,60,1
5841,55,1
5842,79,1
5843,50,1
5844,70,1
5845,76,1
5846,67,1
5847,64,0
5848,53,0
5849,46,1
5850,59,0
5851,53,0
5852,27,0
5853,98,1
5854,31,0
5855,56,1
5856,73,1
5857,78,1
5858,92,0
5859,55,1
5860,39,0
5861,47,1
5862,82,1
5863,20,0
5864,85,1
5865,47,1
5866,37,1
5867,30,0
5868,23,0
5869,71,0
5870,145,1
5871,113,0
5872,27,0
5873,81,0
5874,67,0
5875,38,0
5876,54,1
5877,50,1
5878,164,1
5879,25,0
5880,76,1
5881,39,1
5882,43,1
5883,34,1
5884,85,1
5885,18,0
5886,29,1
5887,80,1
5888,99,1
5889,15,0
5890,28,1
5891,106,0
5892,22,0
5893,32,1
5894,82,0
5895,38,0
5896,101,1
5897,161,0
5898,63,1
5899,34,1
5900,61,1
5901,79,1
5902,41,1
5903,38,1
5904,44,1
5905,161,0
5906,13,0
5907,62,0
5908,36,1
5909,95,0
5910,78,1
5911,141,1
5912,46,1
5913,94,1
5914,68,0
5915,54,1
5916,28,1
5917,89,1
5918,65,1
5919,47,1
5920,44,0
5921,70,0
5922,50,1
5923,46,1
5924,43,1
5925,62,1
5926,68,1
5927,29,0
5928,103,1
5929,92,0
5930,59,0
5931,71,1
5932,47,1
5933,104,1
5934,57,0
5935,22,1
5936,89,1
5937,68,1
5938,53,0
5939,93,1
5940,86,0
5941,70,1
5942,55,1
5943,104,0
5944,49,0
5945,32,1
5946,64,1
5947,52,0
5948,44,0
5949,50,1
5950,72,0
5951,141,1
5952,190,0
5953,65,1
5954,45,0
5955,16,0
5956,35,1
5957,69,0
5958,63,1
5959,33,0
5960,87,1
5961,46,1
5962,62,0
5963,51,0
5964,200,0
5965,98,0
5966,52,1
5967,115,1
5968,32,1
5969,129,1
5970,21,0
5971,34,0
5972,43,1
5973,62,1
5974,107,1
5975,45,1
5976,59,0
5977,76,0
5978,60,1
5979,41,1
5980,29,1
5981,29,1
5982,122,1
5983,25,0
5984,151,1
5985,39,0
5986,115,0
5987,40,0
5988,57,1
5989,102,0
5990,26,1
5991,57,0
5992,45,0
5993,21,1
5994,50,0
5995,83,1
5996,92,1
5997,150,1
5998,38,1
5999,96,1
6000,33,1
6001,80,1
6002,97,0
6003,118,1
6004,44,1
6005,112,1
6006,35,1
6007,39,1
6008,68,1
6009,49,1
6010,90,1
6011,47,1
6012,50,1
6013,65,1
6014,114,1
6015,63,0
6016,70,1
6017,28,0
6018,28,0
6019,52,1
6020,200,0
6021,28,1
6022,98,1
6023,39,0
6024,71,1
6025,20,0
6026,26,1
6027,69,0
6028,127,1
6029,148,1
6030,85,1
6031,29,1
6032,57,1
6033,91,0
6034,95,1
6035,94,1
6036,71,1
6037,57,1
6038,107,0
6039,43,1
6040,135,0
6041,100,1
6042,43,1
6043,83,1
6044,200,0
6045,80,0
6046,36,1
6047,36,1
6048,182,1
6049,126,1
6050,109,1
6051,37,1
6052,61,1
6053,112,1
6054,47,1
6055,130,0
6056,42,1
6057,37,0
6058,44,0
6059,86,1
6060,25,1
6061,96,0
6062,44,1
6063,126,0
6064,68,1
6065,80,1
6066,46,0
6067,41,0
6068,61,0
6069,56,1
6070,50,1
6071,35,1
6072,67,1
6073,13,0
6074,69,1
6075,40,0
6076,75,1
6077,15,0
6078,32,0
6079,41,1
6080,80,1
6081,114,1
6082,119,1
6083,114,0
6084,14,0
6085,42,1
6086,54,1
6087,87,0
6088,63,1
6089,46,1
6090,66,1
6091,116,1
6092,110,1
6093,83,1
6094,58,1
6095,26,1
6096,142,1
6097,71,1
6098,24,0
6099,33,0
6100,74,1
6101,21,0
6102,35,0
6103,18,0
6104,48,1
6105,121,1
6106,103,1
6107,54,1
6108,82,1
6109,95,0
6110,35,1
6111,117,1
6112,66,0
6113,65,1
6114,28,1
6115,61,1
6116,31,0
6117,105,1
6118,40,1
6119,45,0
6120,104,0
6121,102,1
6122,176,0
6123,112,1
6124,52,0
6125,57,1
6126,31,0
6127,70,0
6128,71,1
6129,111,1
6130,65,1
6131,73,0
6132,122,1
6133,30,1
6134,65,0
6135,109,1
6136,92,0
6137,32,0
6138,59,0
6139,75,0
6140,152,0
6141,89,1
6142,47,0
6143,105,1
6144,37,1
6145,200,0
6146,146,0
6147,47,1
6148,93,0
6149,51,1
6150,43,1
6151,85,1
6152,101,1
6153,71,0
6154,72,1
6155,46,1
6156,114,1
6157,91,0
6158,55,0
6159,19,0
6160,61,1
6161,96,0
6162,94,1
6163,119,1
6164,102,1
6165,163,0
6166,116,1
6167,59,1
6168,64,1
6169,42,0
6170,68,1
6171,68,0
6172,32,1
6173,193,1
6174,71,1
6175,36,1
6176,44,1
6177,175,1
6178,44,0
6179,60,1
6180,114,1
6181,100,1
6182,46,1
6183,81,1
6184,83,1
6185,21,0
6186,69,1
6187,112,1
6188,124,0
6189,25,0
6190,140,1
6191,61,1
6192,62,1
6193,107,0
6194,46,0
6195,60,1
6196,23,0
6197,72,1
6198,80,0
6199,87,1
6200,87,0
6201,69,1
6202,81,1
6203,16,0
6204,95,1
6205,42,1
6206,61,1
6207,127,0
6208,139,0
6209,67,1
6210,103,1
6211,56,0
6212,55,0
6213,57,0
6214,68,1
6215,104,1
6216,31,0
6217,159,1
6218,130,1
6219,56,1
6220,86,1
6221,74,0
6222,94,1
6223,118,1
6224,33,0
6225,67,0
6226,95,1
6227,129,1
6228,102,1
6229,58,1
6230,107,1
6231,49,1
6232,68,0
6233,30,1
6234,80,1
6235,25,0
6236,68,1
6237,85,1
6238,100,0
6239,79,1
6240,8,0
6241,92,0
6242,55,1
6243,117,1
6244,110,1
6245,39,1
6246,110,1
6247,162,1
6248,161,0
6249,163,0
6250,51,1
6251,98,1
6252,64,1
6253,148,1
6254,53,1
6255,86,1
6256,51,1
6257,33,1
6258,40,1
6259,146,1
6260,94,1
6261,49,1
6262,104,1
6263,105,1
6264,55,0
6265,91,1
6266,43,0
6267,65,1
6268,37,1
6269,69,0
6270,137,1
6271,200,0
6272,75,1
6273,130,0
6274,92,1
6275,20,0
6276,47,0
6277,102,1
6278,200,0
6279,31,1
6280,56,1
6281,125,1
6282,55,1
6283,54,1
6284,39,1
6285,63,0
6286,48,0
6287,42,1
6288,83,1
6289,62,0
6290,120,0
6291,25,1
6292,87,1
6293,125,0
6294,39,1
6295,15,0
6296,51,1
6297,62,0
6298,24,0
6299,111,1
6300,45,1
6301,44,0
6302,46,1
6303,80,1
6304,90,1
6305,51,1
6306,26,0
6307,36,1
6308,53,1
6309,118,1
6310,63,1
6311,133,1
6312,43,0
6313,105,1
6314,53,1
6315,67,0
6316,34,1
6317,88,1
6318,55,0
6319,200,0
6320,83,1
6321,32,1
6322,55,1
6323,87,0
6324,64,1
6325,69,0
6326,24,1
6327,40,0
6328,52,0
6329,23,0
6330,41,0
6331,42,0
6332,192,1
6333,54,1
6334,44,1
6335,35,1
6336,61,1
6337,78,0
6338,137,1
6339,70,1
6340,54,0
6341,58,1
6342,20,0
6343,72,1
6344,54,0
6345,107,1
6346,39,1
6347,24,0
6348,130,1
6349,15,0
6350,91,1
6351,64,1
6352,125,1
6353,59,0
6354,200,0
6355,63,1
6356,95,1
6357,116,0
6358,47,1
6359,73,0
6360,91,0
6361,104,1
6362,54,1
6363,43,1
6364,142,1
6365,132,1
6366,69,0
6367,58,0
6368,165,1
6369,97,1
6370,86,1
6371,94,1
6372,41,1
6373,41,1
6374,101,1
6375,90,0
6376,38,0
6377,55,0
6378,34,0
6379,126,1
6380,15,0
6381,48,1
6382,45,0
6383,200,0
6384,40,0
6385,37,1
6386,27,0
6387,28,1
6388,97,1
6389,37,1
6390,50,1
6391,24,1
6392,43,0
6393,20,0
6394,83,0
6395,46,0
6396,74,0
6397,33,1
6398,200,0
6399,104,1
6400,64,1
6401,22,0
6402,57,1
6403,79,1
6404,83,1
6405,74,1
6406,75,1
6407,62,1
6408,31,1
6409,64,1
6410,50,0
6411,64,0
6412,31,0
6413,79,1
6414,98,1
6415,32,1
6416,15,0
6417,48,1
6418,134,1
6419,191,0
6420,60,0
6421,200,0
6422,45,1
6423,57,0
6424,71,1
6425,158,1
6426,141,1
6427,55,1
6428,124,1
6429,38,1
6430,66,1
6431,43,1
6432,146,1
6433,18,0
6434,56,0
6435,161,1
6436,65,1
6437,51,1
6438,159,1
6439,54,1
6440,66,1
6441,17,0
6442,72,0
6443,52,1
6444,59,0
6445,52,1
6446,31,1
6447,65,1
6448,26,0
6449,38,1
6450,44,0
6451,54,1
6452,110,1
6453,46,1
6454,140,1
6455,41,1
6456,22,0
6457,29,0
6458,62,0
6459,85,0
6460,21,0
6461,48,1
6462,51,1
6463,50,1
6464,110,1
6465,59,1
6466,23,0
6467,85,0
6468,106,0
6469,32,0
6470,25,1
6471,64,1
6472,54,0
6473,44,1
6474,35,0
6475,76,0
6476,164,1
6477,35,0
6478,41,0
6479,200,0
6480,19,1
6481,18,0
6482,49,1
6483,85,0
6484,77,1
6485,52,1
6486,124,1
6487,97,1
6488,68,0
6489,65,0
6490,42,1
6491,20,1
6492,77,1
6493,70,1
6494,82,0
6495,32,0
6496,152,1
6497,65,1
6498,21,0
6499,84,0
6500,14,0
6501,14,0
6502,50,0
6503,41,1
6504,70,1
6505,65,1
6506,17,0
6507,48,0
6508,94,1
6509,61,0
6510,23,0
6511,191,1
6512,65,0
6513,9,0
6514,152,0
6515,92,1
6516,60,1
6517,65,1
6518,43,0
6519,65,1
6520,51,0
6521,70,0
6522,26,1
6523,101,1
6524,49,0
6525,63,1
6526,50,1
6527,19,1
6528,86,0
6529,22,0
6530,91,0
6531,103,1
6532,56,1
6533,52,0
6534,83,0
6535,60,1
6536,35,0
6537,161,1
6538,50,1
6539,65,0
6540,14,0
6541,54,1
6542,61,0
6543,45,1
6544,36,1
6545,138,1
6546,120,1
6547,45,0
6548,40,0
6549,77,0
6550,65,1
6551,17,0
6552,62,1
6553,70,1
6554,72,0
6555,51,1
6556,50,0
6557,47,1
6558,29,0
6559,95,1
6560,80,1
6561,127,1
6562,43,1
6563,105,1
6564,59,0
6565,53,0
6566,140,1
6567,36,1
6568,198,1
6569,77,1
6570,127,0
6571,21,1
6572,69,0
6573,58,0
6574,48,0
6575,24,0
6576,112,1
6577,63,0
6578,88,1
6579,133,0
6580,57,0
6581,64,0
6582,44,0
6583,96,1
6584,29,1
6585,62,1
6586,68,1
6587,77,1
6588,31,1
6589,87,1
6590,48,1
6591,18,0
6592,60,0
6593,45,1
6594,34,1
6595,35,1
6596,94,0
6597,81,1
6598,70,0
6599,36,1
6600,82,1
6601,52,1
6602,86,1
6603,70,1
6604,43,1
6605,98,0
6606,15,0
6607,34,1
6608,31,0
6609,60,1
6610,107,0
6611,29,1
6612,31,1
6613,70,1
6614,74,0
6615,35,1
6616,28,1
6617,134,1
6618,38,0
6619,66,1
6620,55,0
6621,116,1
6622,52,1
6623,39,0
6624,189,1
6625,43,0
6626,57,1
6627,123,1
6628,44,0
6629,67,1
6630,48,1
6631,32,0
6632,63,1
6633,154,0
6634,39,0
6635,17,0
6636,60,1
6637,77,1
6638,38,0
6639,77,1
6640,78,1
6641,39,1
6642,42,0
6643,66,0
6644,44,1
6645,27,1
6646,40,1
6647,58,1
6648,105,0
6649,121,1
6650,89,1
6651,69,1
6652,85,1
6653,32,1
6654,80,1
6655,69,0
6656,155,1
6657,60,1
6658,42,1
6659,78,1
6660,147,0
6661,81,0
6662,111,1
6663,60,0
6664,100,1
6665,133,0
6666,178,1
6667,92,1
6668,48,1
6669,88,1
6670,106,1
6671,28,0
6672,20,0
6673,51,1
6674,26,0
6675,29,0
6676,38,1
6677,55,1
6678,63,1
6679,20,0
6680,117,1
6681,20,0
6682,45,1
6683,186,1
6684,200,0
6685,56,1
6686,42,0
6687,200,0
6688,97,1
6689,37,1
6690,95,1
6691,27,0
6692,19,0
6693,98,1
6694,86,1
6695,92,1
6696,62,1
6697,54,0
6698,84,1
6699,128,1
6700,93,1
6701,74,1
6702,57,1
6703,64,1
6704,76,1
6705,128,1
6706,129,1
6707,41,1
6708,57,1
6709,74,1
6710,50,1
6711,41,1
6712,69,0
6713,27,1
6714,22,1
6715,45,1
6716,26,0
6717,137,1
6718,56,1
6719,50,1
6720,140,1
6721,140,0
6722,64,1
6723,141,1
6724,31,1
6725,78,1
6726,80,0
6727,61,1
6728,189,1
6729,73,1
6730,104,1
6731,71,0
6732,57,0
6733,110,1
6734,76,1
6735,48,0
6736,46,1
6737,34,0
6738,24,1
6739,36,1
6740,81,1
6741,46,1
6742,26,1
6743,37,0
6744,54,1
6745,28,0
6746,17,0
6747,33,0
6748,36,0
6749,54,0
6750,46,1
6751,38,0
6752,90,1
6753,66,1
6754,52,0
6755,64,1
6756,62,1
6757,63,1
6758,114,1
6759,128,1
6760,87,0
6761,95,1
6762,43,0
6763,131,1
6764,41,1
6765,16,0
6766,142,1
6767,42,0
6768,29,0
6769,123,1
6770,14,0
6771,12,0
6772,70,1
6773,53,1
6774,102,0
6775,63,1
6776,59,0
6777,21,1
6778,37,1
6779,31,1
6780,86,1
6781,19,0
6782,152,1
6783,17,0
6784,88,1
6785,173,1
6786,30,0
6787,12,0
6788,29,0
6789,32,0
6790,41,0
6791,114,0
6792,62,1
6793,30,0
6794,65,1
6795,28,0
6796,62,1
6797,50,0
6798,126,0
6799,73,0
6800,25,0
6801,170,1
6802,85,1
6803,46,0
6804,98,1
6805,104,1
6806,117,1
6807,88,0
6808,22,0
6809,55,0
6810,44,1
6811,88,1
6812,65,1
6813,89,0
6814,132,0
6815,42,0
6816,37,1
6817,88,1
6818,26,1
6819,200,0
6820,50,1
6821,43,0
6822,50,0
6823,200,0
6824,70,1
6825,88,1
6826,138,1
6827,37,0
6828,81,1
6829,51,1
6830,43,1
6831,51,1
6832,68,1
6833,77,1
6834,41,1
6835,87,0
6836,47,1
6837,14,0
6838,51,1
6839,65,1
6840,54,1
6841,45,0
6842,70,1
6843,62,1
6844,78,1
6845,136,1
6846,62,1
6847,126,0
6848,40,1
6849,71,0
6850,110,1
6851,34,0
6852,32,0
6853,181,1
6854,48,0
6855,118,1
6856,200,0
6857,69,1
6858,106,0
6859,43,1
6860,61,1
6861,76,0
6862,59,1
6863,38,1
6864,22,0
6865,82,1
6866,30,1
6867,20,0
6868,113,1
6869,99,0
6870,41,1
6871,39,1
6872,40,1
6873,200,0
6874,87,1
6875,62,1
6876,26,1
6877,108,1
6878,200,0
6879,52,1
6880,101,1
6881,167,0
6882,96,1
6883,177,1
6884,108,1
6885,49,0
6886,64,1
6887,53,0
6888,79,1
6889,80,1
6890,66,0
6891,39,1
6892,90,0
6893,65,1
6894,51,0
6895,64,1
6896,162,1
6897,76,0
6898,92,0
6899,62,1
6900,45,1
6901,54,1
6902,200,0
6903,51,1
6904,200,0
6905,32,1
6906,36,1
6907,40,0
6908,138,1
6909,34,0
6910,132,1
6911,80,1
6912,106,1
6913,102,1
6914,30,0
6915,95,1
6916,32,1
6917,94,1
6918,59,1
6919,39,1
6920,142,0
6921,52,1
6922,138,1
6923,62,0
6924,13,0
6925,47,1
6926,53,1
6927,66,1
6928,110,0
6929,21,0
6930,176,1
6931,39,0
6932,74,0
6933,57,0
6934,123,1
6935,43,1
6936,60,1
6937,76,1
6938,123,0
6939,81,1
6940,104,1
6941,37,0
6942,50,1
6943,163,0
6944,27,0
6945,186,1
6946,87,1
6947,41,0
6948,200,0
6949,29,0
6950,33,1
6951,118,1
6952,62,0
6953,68,1
6954,32,1
6955,112,1
6956,25,0
6957,65,0
6958,32,0
6959,48,1
6960,46,1
6961,54,1
6962,110,1
6963,125,1
6964,14,0
6965,43,1
6966,36,0
6967,137,0
6968,83,1
6969,65,1
6970,48,0
6971,49,0
6972,95,1
6973,133,1
6974,28,0
6975,119,1
6976,69,1
6977,43,1
6978,37,1
6979,31,1
6980,39,1
6981,46,1
6982,47,0
6983,92,1
6984,171,1
6985,82,1
6986,43,1
6987,74,0
6988,39,1
6989,106,0
6990,76,1
6991,77,0
6992,55,1
6993,85,1
6994,100,1
6995,12,0
6996,41,0
6997,50,0
6998,86,1
6999,36,0
7000,102,1
7001,66,1
7002,14,0
7003,87,1
7004,119,0
7005,42,0
7006,73,0
7007,200,0
7008,82,1
7009,55,1
7010,56,1
7011,81,1
7012,17,0
7013,90,0
7014,197,1
7015,200,0
7016,167,1
7017,35,1
7018,84,1
7019,26,1
7020,136,1
7021,40,1
7022,92,0
7023,80,1
7024,48,1
7025,33,0
7026,59,1
7027,38,0
7028,74,1
7029,161,0
7030,73,0
7031,103,0
7032,25,0
7033,41,1
7034,68,0
7035,43,1
7036,59,1
7037,19,0
7038,80,0
7039,31,1
7040,41,0
7041,33,0
7042,63,1
7043,40,0
7044,74,1
7045,101,0
7046,133,1
7047,38,1
7048,128,1
7049,83,0
7050,162,0
7051,129,0
7052,61,0
7053,49,1
7054,94,1
7055,82,1
7056,97,0
7057,66,1
7058,192,1
7059,60,1
7060,42,1
7061,58,1
7062,101,0
7063,91,1
7064,105,1
7065,74,0
7066,24,0
7067,56,1
7068,42,0
7069,48,0
7070,124,0
7071,67,1
7072,41,1
7073,18,0
7074,99,1
7075,43,0
7076,74,1
7077,51,1
7078,37,0
7079,27,0
7080,58,1
7081,50,1
7082,39,1
7083,96,0
7084,46,0
7085,83,1
7086,37,1
7087,60,0
7088,12,0
7089,40,1
7090,79,0
7091,97,1
7092,51,1
7093,152,1
7094,43,0
7095,161,0
7096,31,1
7097,31,0
7098,101,1
7099,50,0
7100,45,1
7101,124,1
7102,26,0
7103,46,0
7104,79,0
7105,35,0
7106,66,1
7107,49,1
7108,44,0
7109,74,1
7110,113,1
7111,79,1
7112,182,1
7113,60,0
7114,90,1
7115,35,0
7116,24,0
7117,64,1
7118,158,1
7119,55,1
7120,87,0
7121,76,0
7122,53,1
7123,93,1
7124,24,0
7125,41,1
7126,103,1
7127,37,1
7128,128,1
7129,63,0
7130,73,1
7131,83,0
7132,119,1
7133,33,1
7134,136,1
7135,121,1
7136,89,1
7137,97,0
7138,56,1
7139,39,1
7140,56,0
7141,66,1
7142,41,1
7143,108,0
7144,44,1
7145,28,1
7146,43,1
7147,75,1
7148,67,1
7149,72,0
7150,93,1
7151,62,0
7152,125,0
7153,104,1
7154,113,0
7155,38,0
7156,152,1
7157,44,1
7158,53,1
7159,58,1
7160,92,1
7161,82,1
7162,62,1
7163,98,1
7164,119,1
7165,76,1
7166,115,1
7167,131,0
7168,54,0
7169,74,1
7170,34,0
7171,54,1
7172,53,0
7173,33,1
7174,30,0
7175,25,0
7176,85,1
7177,61,1
7178,76,1
7179,28,1
7180,91,1
7181,28,0
7182,28,0
7183,46,0
7184,57,0
7185,198,1
7186,55,1
7187,52,0
7188,85,1
7189,41,0
7190,54,1
7191,74,0
7192,49,0
7193,70,0
7194,80,1
7195,48,1
7196,146,0
7197,134,1
7198,26,1
7199,119,1
7200,147,0
7201,126,1
7202,179,0
7203,97,1
7204,120,1
7205,89,1
7206,32,0
7207,51,1
7208,38,0
7209,43,0
7210,13,0
7211,117,0
7212,85,1
7213,119,1
7214,13,0
7215,124,0
7216,53,1
7217,22,0
7218,62,0
7219,58,1
7220,71,1
7221,95,0
7222,35,1
7223,57,1
7224,110,1
7225,44,1
7226,61,1
7227,137,1
7228,59,0
7229,141,1
7230,47,1
7231,32,0
7232,134,0
7233,47,1
7234,64,1
7235,76,1
7236,92,0
7237,152,1
7238,94,0
7239,193,0
7240,21,1
7241,51,1
7242,71,1
7243,64,0
7244,56,0
7245,158,1
7246,24,0
7247,95,1
7248,60,1
7249,75,1
7250,54,1
7251,56,1
7252,78,1
7253,98,1
7254,40,0
7255,135,1
7256,126,0
7257,43,1
7258,71,1
7259,73,1
7260,116,1
7261,52,0
7262,68,1
7263,35,0
7264,91,1
7265,84,1
7266,12,0
7267,48,1
7268,115,0
7269,32,0
7270,200,0
7271,59,1
7272,50,1
7273,17,0
7274,13,0
7275,75,1
7276,79,1
7277,34,0
7278,88,1
7279,57,1
7280,21,1
7281,35,0
7282,50,1
7283,54,1
7284,46,0
7285,50,0
7286,144,1
7287,40,1
7288,89,1
7289,72,0
7290,80,0
7291,33,1
7292,119,1
7293,38,1
7294,80,1
7295,200,0
7296,39,1
7297,28,0
7298,97,1
7299,62,1
7300,79,1
7301,22,0
7302,62,1
7303,43,0
7304,96,1
7305,59,1
7306,44,0
7307,200,0
7308,49,1
7309,26,1
7310,51,1
7311,50,1
7312,27,0
7313,44,1
7314,47,1
7315,127,1
7316,12,0
7317,67,1
7318,28,0
7319,82,1
7320,68,1
7321,50,0
7322,16,0
7323,97,1
7324,20,1
7325,18,0
7326,31,0
7327,49,1
7328,78,1
7329,84,1
7330,104,1
7331,43,1
7332,46,0
7333,148,1
7334,24,0
7335,43,1
7336,125,0
7337,183,1
7338,162,1
7339,44,1
7340,59,1
7341,74,1
7342,108,0
7343,49,0
7344,200,0
7345,49,0
7346,64,1
7347,43,1
7348,57,1
7349,94,1
7350,16,0
7351,56,0
7352,135,1
7353,107,0
7354,84,1
7355,22,0
7356,70,0
7357,114,1
7358,36,1
7359,185,1
7360,67,0
7361,21,0
7362,72,1
7363,58,1
7364,61,0
7365,30,1
7366,55,1
7367,23,1
7368,40,1
7369,57,1
7370,101,1
7371,14,0
7372,67,1
7373,48,1
7374,81,1
7375,62,0
7376,31,0
7377,88,0
7378,121,0
7379,64,1
7380,26,0
7381,75,0
7382,39,1
7383,106,1
7384,43,0
7385,31,0
7386,57,1
7387,79,1
7388,82,1
7389,110,1
7390,28,0
7391,42,1
7392,62,1
7393,31,0
7394,91,1
7395,114,0
7396,82,1
7397,40,1
7398,82,1
7399,20,0
7400,58,0
7401,110,1
7402,17,0
7403,53,1
7404,50,0
7405,57,1
7406,37,1
7407,71,1
7408,35,1
7409,72,0
7410,115,0
7411,68,1
7412,82,1
7413,75,0
7414,162,1
7415,40,0
7416,99,1
7417,67,1
7418,29,1
7419,63,1
7420,36,1
7421,113,0
7422,29,0
7423,34,0
7424,178,1
7425,72,1
7426,88,1
7427,38,1
7428,67,1
7429,19,0
7430,83,1
7431,55,1
7432,85,1
7433,50,1
7434,52,1
7435,145,1
7436,41,0
7437,100,1
7438,66,1
7439,80,1
7440,59,0
7441,115,1
7442,32,1
7443,74,1
7444,59,1
7445,24,1
7446,60,1
7447,33,1
7448,95,1
7449,38,1
7450,27,1
7451,49,1
7452,108,1
7453,168,1
7454,194,1
7455,135,1
7456,70,1
7457,64,1
7458,128,1
7459,53,1
7460,71,0
7461,98,0
7462,200,0
7463,74,0
7464,82,1
7465,151,1
7466,33,0
7467,91,1
7468,42,1
7469,100,1
7470,71,0
7471,76,1
7472,46,1
7473,28,0
7474,127,0
7475,73,1
7476,42,0
7477,87,1
7478,53,0
7479,35,0
7480,56,1
7481,75,1
7482,159,1
7483,94,1
7484,37,1
7485,28,0
7486,77,1
7487,70,1
7488,56,1
7489,22,0
7490,34,1
7491,36,0
7492,18,0
7493,37,1
7494,49,1
7495,72,1
7496,47,1
7497,35,1
7498,108,1
7499,51,1
7500,90,1
7501,22,1
7502,50,1
7503,24,0
7504,59,1
7505,58,1
7506,42,1
7507,163,1
7508,43,1
7509,82,1
7510,125,1
7511,49,1
7512,45,1
7513,148,0
7514,63,1
7515,61,1
7516,48,1
7517,55,1
7518,40,1
7519,30,1
7520,91,0
7521,34,1
7522,38,0
7523,64,1
7524,80,1
7525,95,0
7526,20,1
7527,46,1
7528,42,0
7529,57,0
7530,67,1
7531,40,0
7532,77,0
7533,59,1
7534,48,0
7535,75,1
7536,117,1
7537,38,0
7538,47,0
7539,29,1
7540,55,0
7541,68,1
7542,85,1
7543,74,0
7544,97,1
7545,45,1
7546,82,0
7547,82,1
7548,104,1
7549,38,1
7550,23,1
7551,147,1
7552,85,1
7553,175,0
7554,21,0
7555,90,1
7556,131,1
7557,84,1
7558,48,1
7559,59,1
7560,127,0
7561,177,0
7562,87,0
7563,64,1
7564,29,1
7565,43,1
7566,153,0
7567,89,1
7568,119,1
7569,33,1
7570,47,0
7571,35,0
7572,44,1
7573,200,0
7574,43,1
7575,41,0
7576,26,0
7577,128,1
7578,121,1
7579,43,1
7580,34,1
7581,83,1
7582,59,0
7583,68,1
7584,46,1
7585,58,1
7586,65,1
7587,43,1
7588,83,0
7589,42,0
7590,26,0
7591,26,1
7592,127,1
7593,48,0
7594,35,1
7595,51,1
7596,63,0
7597,52,0
7598,27,0
7599,54,1
7600,62,1
7601,66,1
7602,20,0
7603,130,1
7604,47,1
7605,21,0
7606,70,0
7607,46,1
7608,34,0
7609,118,1
7610,77,1
7611,63,1
7612,147,1
7613,86,0
7614,111,1
7615,118,0
7616,100,1
7617,19,1
7618,200,0
7619,94,0
7620,48,1
7621,37,1
7622,79,0
7623,44,1
7624,57,1
7625,88,1
7626,45,0
7627,85,0
7628,86,1
7629,100,1
7630,47,1
7631,18,0
7632,170,1
7633,22,0
7634,88,1
7635,59,0
7636,65,1
7637,31,1
7638,65,1
7639,50,1
7640,86,1
7641,58,1
7642,63,1
7643,100,1
7644,61,1
7645,64,1
7646,26,1
7647,51,1
7648,200,0
7649,78,1
7650,27,0
7651,126,1
7652,21,0
7653,79,1
7654,73,1
7655,72,0
7656,67,1
7657,31,1
7658,71,0
7659,37,0
7660,39,1
7661,67,0
7662,44,1
7663,81,0
7664,191,1
7665,32,1
7666,67,1
7667,113,1
7668,102,0
7669,24,1
7670,23,0
7671,26,0
7672,52,1
7673,63,0
7674,84,1
7675,102,1
7676,64,1
7677,88,1
7678,71,1
7679,106,1
7680,31,0
7681,35,1
7682,66,1
7683,51,0
7684,63,1
7685,110,1
7686,71,1
7687,73,0
7688,59,0
7689,29,0
7690,46,0
7691,33,0
7692,45,1
7693,70,1
7694,28,0
7695,38,1
7696,31,0
7697,99,1
7698,74,1
7699,72,1
7700,10,0
7701,27,1
7702,34,0
7703,97,1
7704,185,0
7705,78,1
7706,78,1
7707,38,1
7708,82,1
7709,104,1
7710,81,1
7711,72,1
7712,39,1
7713,93,0
7714,29,0
7715,129,0
7716,31,0
7717,53,1
7718,116,0
7719,200,0
7720,85,0
7721,124,1
7722,46,0
7723,83,0
7724,69,0
7725,58,1
7726,31,0
7727,33,1
7728,91,0
7729,62,1
7730,44,1
7731,137,1
7732,40,1
7733,53,0
7734,69,0
7735,53,1
7736,41,0
7737,102,0
7738,48,1
7739,55,1
7740,38,1
7741,57,1
7742,31,1
7743,21,1
7744,38,0
7745,14,0
7746,60,1
7747,31,0
7748,52,1
7749,74,1
7750,55,0
7751,47,0
7752,70,1
7753,64,1
7754,64,0
7755,107,1
7756,30,0
7757,38,1
7758,43,1
7759,55,1
7760,50,1
7761,63,1
7762,25,0
7763,128,1
7764,55,1
7765,87,1
7766,48,0
7767,166,0
7768,104,1
7769,194,1
7770,114,0
7771,37,1
7772,59,0
7773,48,1
7774,78,0
7775,105,0
7776,99,0
7777,60,0
7778,48,1
7779,41,0
7780,150,0
7781,59,1
7782,81,0
7783,46,1
7784,50,0
7785,71,1
7786,37,1
7787,68,1
7788,89,1
7789,60,1
7790,84,1
7791,119,1
7792,52,1
7793,49,0
7794,80,1
7795,27,0
7796,92,1
7797,103,1
7798,70,1
7799,105,0
7800,57,1
7801,43,1
7802,46,1
7803,37,1
7804,65,1
7805,95,0
7806,46,1
7807,46,1
7808,150,0
7809,79,1
7810,50,1
7811,107,0
7812,102,0
7813,35,1
7814,101,0
7815,132,1
7816,114,0
7817,31,1
7818,24,0
7819,122,0
7820,27,0
7821,83,1
7822,82,0
7823,69,1
7824,54,1
7825,78,0
7826,121,0
7827,111,1
7828,28,0
7829,91,1
7830,73,0
7831,114,1
7832,46,1
7833,44,1
7834,85,0
7835,53,1
7836,40,1
7837,144,1
7838,64,1
7839,55,1
7840,9,0
7841,93,1
7842,26,0
7843,89,1
7844,90,1
7845,59,1
7846,51,0
7847,67,1
7848,46,0
7849,53,1
7850,35,1
7851,61,1
7852,46,1
7853,122,1
7854,37,0
7855,78,1
7856,57,1
7857,56,1
7858,82,1
7859,43,0
7860,52,1
7861,129,1
7862,104,1
7863,68,1
7864,76,1
7865,80,1
7866,39,1
7867,57,1
7868,104,1
7869,51,0
7870,131,1
7871,100,1
7872,60,1
7873,42,1
7874,67,1
7875,70,1
7876,88,0
7877,109,1
7878,58,1
7879,27,0
7880,115,1
7881,121,1
7882,59,1
7883,200,0
7884,50,0
7885,34,1
7886,40,1
7887,38,0
7888,52,0
7889,59,1
7890,195,1
7891,40,0
7892,23,0
7893,58,1
7894,41,1
7895,27,0
7896,34,1
7897,98,1
7898,29,0
7899,46,0
7900,106,1
7901,60,1
7902,150,0
7903,67,1
7904,167,1
7905,106,1
7906,45,1
7907,76,1
7908,43,0
7909,34,1
7910,79,1
7911,86,0
7912,19,1
7913,153,0
7914,20,1
7915,58,0
7916,61,0
7917,48,0
7918,14,0
7919,196,1
7920,121,0
7921,23,0
7922,73,1
7923,81,0
7924,35,1
7925,91,1
7926,12,0
7927,43,1
7928,175,0
7929,117,0
7930,39,1
7931,67,1
7932,56,1
7933,92,1
7934,47,1
7935,79,1
7936,71,1
7937,75,1
7938,193,1
7939,57,1
7940,32,1
7941,67,0
7942,57,0
7943,138,1
7944,40,0
7945,75,0
7946,120,1
7947,64,1
7948,167,1
7949,57,1
7950,100,1
7951,113,1
7952,54,1
7953,33,1
7954,45,0
7955,38,1
7956,47,0
7957,55,1
7958,184,0
7959,79,0
7960,58,1
7961,81,0
7962,107,0
7963,44,1
7964,36,1
7965,134,1
7966,67,1
7967,95,1
7968,33,0
7969,164,1
7970,28,1
7971,153,0
7972,121,1
7973,50,1
7974,28,1
7975,50,1
7976,20,0
7977,105,1
7978,33,1
7979,30,0
7980,67,1
7981,83,1
7982,29,0
7983,78,0
7984,61,0
7985,108,0
7986,78,0
7987,67,1
7988,71,1
7989,49,1
7990,81,0
7991,27,1
7992,72,1
7993,41,1
7994,28,1
7995,75,1
7996,63,1
7997,144,1
7998,71,0
7999,19,0
8000,114,1
8001,59,1
8002,54,0
8003,17,1
8004,70,1
8005,107,0
8006,90,1
8007,39,0
8008,54,0
8009,44,1
8010,63,1
8011,39,1
8012,56,1
8013,96,1
8014,70,0
8015,31,0
8016,44,1
8017,36,1
8018,65,1
8019,111,1
8020,30,1
8021,50,1
8022,27,0
8023,121,1
8024,49,1
8025,64,1
8026,59,1
8027,107,1
8028,78,1
8029,80,0
8030,27,1
8031,38,1
8032,82,1
8033,113,0
8034,94,1
8035,200,0
8036,70,0
8037,31,0
8038,119,1
8039,170,0
8040,49,0
8041,83,1
8042,30,1
8043,65,1
8044,36,1
8045,44,1
8046,90,1
8047,200,0
8048,17,0
8049,90,0
8050,40,1
8051,31,1
8052,79,1
8053,88,0
8054,88,1
8055,85,1
8056,26,0
8057,45,1
8058,55,0
8059,64,1
8060,75,0
8061,72,1
8062,200,0
8063,56,1
8064,39,1
8065,119,1
8066,126,1
8067,50,1
8068,59,0
8069,39,0
8070,76,1
8071,82,1
8072,172,1
8073,187,1
8074,30,1
8075,99,1
8076,42,1
8077,60,1
8078,43,0
8079,37,1
8080,76,0
8081,200,0
8082,79,1
8083,200,0
8084,96,1
8085,50,1
8086,35,1
8087,36,0
8088,58,0
8089,24,0
8090,66,0
8091,38,0
8092,110,1
8093,100,1
8094,42,0
8095,40,1
8096,48,1
8097,38,1
8098,28,0
8099,21,0
8100,54,1
8101,37,0
8102,55,1
8103,37,0
8104,17,1
8105,108,1
8106,171,1
8107,50,1
8108,38,1
8109,32,1
8110,48,1
8111,63,1
8112,56,1
8113,67,1
8114,51,0
8115,47,1
8116,110,1
8117,48,1
8118,197,1
8119,33,0
8120,31,0
8121,81,0
8122,67,1
8123,49,1
8124,82,0
8125,81,1
8126,24,1
8127,69,0
8128,86,1
8129,19,0
8130,54,0
8131,39,1
8132,98,1
8133,35,1
8134,132,1
8135,83,1
8136,49,0
8137,116,1
8138,70,1
8139,63,1
8140,17,0
8141,74,1
8142,12,0
8143,80,0
8144,57,0
8145,46,1
8146,76,0
8147,35,1
8148,59,1
8149,51,0
8150,26,0
8151,139,0
8152,68,1
8153,54,1
8154,69,1
8155,133,1
8156,22,0
8157,84,0
8158,132,1
8159,67,0
8160,38,1
8161,41,1
8162,61,1
8163,15,0
8164,76,0
8165,122,0
8166,24,0
8167,50,0
8168,55,1
8169,9,0
8170,118,1
8171,57,0
8172,59,1
8173,21,0
8174,42,1
8175,33,1
8176,71,1
8177,33,0
8178,86,1
8179,34,0
8180,84,1
8181,92,1
8182,67,0
8183,37,0
8184,59,1
8185,62,1
8186,24,1
8187,169,1
8188,28,0
8189,13,0
8190,68,1
8191,170,0
8192,64,0
8193,56,1
8194,83,1
8195,82,1
8196,27,0
8197,102,1
8198,65,1
8199,42,1
8200,50,1
8201,105,0
8202,33,1
8203,110,0
8204,42,0
8205,108,1
8206,132,1
8207,34,1
8208,17,0
8209,46,1
8210,61,1
8211,143,1
8212,40,1
8213,108,0
8214,57,1
8215,47,1
8216,76,1
8217,156,1
8218,60,1
8219,68,0
8220,95,1
8221,74,1
8222,46,0
8223,66,1
8224,142,1
8225,62,0
8226,72,1
8227,36,0
8228,54,0
8229,42,0
8230,76,1
8231,138,1
8232,151,1
8233,92,1
8234,71,1
8235,38,1
8236,28,1
8237,39,1
8238,63,1
8239,68,0
8240,46,1
8241,35,1
8242,49,0
8243,92,0
8244,44,0
8245,52,1
8246,34,1
8247,104,1
8248,62,1
8249,65,1
8250,104,0
8251,46,1
8252,43,1
8253,74,0
8254,56,1
8255,72,1
8256,57,0
8257,123,1
8258,49,1
8259,98,1
8260,89,1
8261,165,1
8262,94,1
8263,89,1
8264,124,0
8265,67,1
8266,51,1
8267,110,0
8268,110,0
8269,93,0
8270,100,1
8271,39,0
8272,200,0
8273,65,1
8274,49,0
8275,99,1
8276,66,1
8277,37,1
8278,77,0
8279,51,1
8280,59,1
8281,29,0
8282,81,1
8283,102,1
8284,76,1
8285,48,1
8286,109,1
8287,75,1
8288,42,1
8289,72,1
8290,71,0
8291,173,1
8292,170,1
8293,124,0
8294,25,0
8295,82,1
8296,178,1
8297,55,1
8298,62,0
8299,27,0
8300,43,1
8301,59,0
8302,65,1
8303,28,1
8304,28,1
8305,75,0
8306,33,0
8307,82,1
8308,60,1
8309,40,1
8310,67,0
8311,113,1
8312,40,1
8313,59,0
8314,102,0
8315,96,1
8316,70,1
8317,34,0
8318,33,1
8319,156,1
8320,40,1
8321,55,1
8322,78,0
8323,64,1
8324,9,0
8325,73,1
8326,73,1
8327,99,1
8328,98,1
8329,106,0
8330,79,1
8331,68,0
8332,49,1
8333,41,1
8334,99,0
8335,60,1
8336,96,0
8337,14,0
8338,189,0
8339,21,0
8340,48,1
8341,37,0
8342,192,1
8343,120,1
8344,73,1
8345,100,1
8346,59,0
8347,80,1
8348,31,0
8349,28,0
8350,28,0
8351,98,1
8352,119,1
8353,18,0
8354,9,0
8355,24,0
8356,28,1
8357,153,1
8358,42,1
8359,63,1
8360,51,1
8361,84,0
8362,108,1
8363,45,1
8364,32,0
8365,64,1
8366,120,0
8367,38,1
8368,131,0
8369,36,1
8370,103,1
8371,168,1
8372,22,0
8373,94,0
8374,75,1
8375,79,0
8376,67,0
8377,32,0
8378,57,0
8379,138,1
8380,187,1
8381,78,1
8382,57,1
8383,154,1
8384,57,0
8385,113,1
8386,30,1
8387,34,1
8388,124,0
8389,54,0
8390,58,0
8391,36,1
8392,75,0
8393,86,0
8394,26,0
8395,62,1
8396,88,1
8397,51,0
8398,38,1
8399,129,0
8400,41,1
8401,40,1
8402,35,1
8403,48,0
8404,30,1
8405,78,1
8406,41,0
8407,58,1
8408,81,1
8409,47,1
8410,67,1
8411,22,0
8412,89,1
8413,63,1
8414,56,0
8415,37,1
8416,200,0
8417,83,0
8418,89,0
8419,26,1
8420,55,1
8421,69,1
8422,126,0
8423,38,1
8424,81,1
8425,47,1
8426,24,0
8427,66,0
8428,58,1
8429,81,0
8430,106,1
8431,60,1
8432,41,1
8433,48,1
8434,28,0
8435,72,1
8436,47,0
8437,91,1
8438,26,1
8439,69,1
8440,106,0
8441,19,0
8442,61,1
8443,55,1
8444,35,0
8445,91,0
8446,64,0
8447,90,0
8448,58,1
8449,52,1
8450,76,1
8451,32,1
8452,16,0
8453,69,1
8454,79,1
8455,44,1
8456,103,0
8457,80,0
8458,38,1
8459,94,1
8460,80,1
8461,25,0
8462,51,1
8463,87,0
8464,134,0
8465,48,1
8466,24,0
8467,47,1
8468,8,0
8469,42,1
8470,22,1
8471,79,1
8472,101,0
8473,34,0
8474,44,1
8475,51,1
8476,50,1
8477,39,1
8478,46,0
8479,108,1
8480,40,0
8481,31,0
8482,31,1
8483,82,1
8484,10,0
8485,200,1
8486,85,1
8487,30,1
8488,30,1
8489,15,0
8490,23,0
8491,44,0
8492,60,1
8493,26,0
8494,66,1
8495,65,1
8496,103,1
8497,67,1
8498,32,1
8499,84,1
8500,55,1
8501,127,0
8502,25,0
8503,65,1
8504,49,0
8505,31,0
8506,127,1
8507,73,1
8508,103,1
8509,71,1
8510,45,1
8511,35,1
8512,133,0
8513,26,1
8514,39,0
8515,73,1
8516,91,1
8517,111,1
8518,117,1
8519,126,1
8520,38,0
8521,86,1
8522,46,0
8523,162,1
8524,37,0
8525,42,0
8526,40,1
8527,51,0
8528,38,0
8529,71,1
8530,25,0
8531,75,1
8532,53,1
8533,61,1
8534,89,1
8535,13,0
8536,54,1
8537,45,0
8538,17,0
8539,58,1
8540,62,1
8541,110,0
8542,200,0
8543,57,0
8544,55,0
8545,77,1
8546,19,0
8547,82,0
8548,23,0
8549,57,1
8550,192,1
8551,132,0
8552,67,1
8553,170,1
8554,20,0
8555,29,1
8556,58,1
8557,116,1
8558,91,1
8559,42,0
8560,40,1
8561,90,1
8562,33,1
8563,16,0
8564,115,1
8565,114,1
8566,30,1
8567,32,1
8568,41,1
8569,52,0
8570,69,1
8571,56,1
8572,48,1
8573,42,0
8574,77,1
8575,32,1
8576,37,0
8577,20,0
8578,151,1
8579,44,0
8580,44,0
8581,101,0
8582,42,0
8583,200,0
8584,55,0
8585,28,0
8586,32,0
8587,54,1
8588,23,0
8589,58,1
8590,98,1
8591,164,0
8592,49,1
8593,65,1
8594,21,0
8595,76,1
8596,73,1
8597,38,1
8598,35,0
8599,71,1
8600,124,1
8601,125,1
8602,97,1
8603,120,1
8604,110,0
8605,57,1
8606,65,1
8607,50,1
8608,121,1
8609,94,1
8610,141,1
8611,19,0
8612,74,1
8613,71,1
8614,140,0
8615,45,0
8616,45,1
8617,82,0
8618,146,1
8619,53,1
8620,63,0
8621,54,1
8622,35,0
8623,70,1
8624,135,1
8625,39,0
8626,116,1
8627,99,0
8628,108,1
8629,63,1
8630,125,1
8631,43,1
8632,39,1
8633,57,1
8634,15,0
8635,37,1
8636,95,1
8637,66,0
8638,111,0
8639,32,1
8640,28,0
8641,84,1
8642,54,1
8643,52,1
8644,46,1
8645,49,1
8646,60,1
8647,40,1
8648,20,0
8649,103,0
8650,105,1
8651,52,1
8652,50,1
8653,45,1
8654,37,1
8655,86,1
8656,57,0
8657,20,0
8658,82,1
8659,16,0
8660,108,0
8661,121,1
8662,91,1
8663,50,1
8664,16,0
8665,52,1
8666,31,1
8667,86,1
8668,59,1
8669,89,1
8670,200,0
8671,96,0
8672,36,1
8673,91,0
8674,100,1
8675,170,1
8676,88,1
8677,82,1
8678,34,1
8679,81,1
8680,79,1
8681,42,0
8682,44,0
8683,78,1
8684,115,1
8685,82,1
8686,112,0
8687,29,0
8688,50,1
8689,168,1
8690,14,0
8691,140,1
8692,53,1
8693,35,1
8694,45,1
8695,100,1
8696,113,1
8697,116,1
8698,111,1
8699,10,0
8700,47,1
8701,48,1
8702,94,0
8703,34,1
8704,46,1
8705,83,0
8706,76,1
8707,96,0
8708,41,1
8709,21,0
8710,60,1
8711,66,1
8712,63,0
8713,200,0
8714,31,1
8715,49,0
8716,72,1
8717,99,0
8718,111,0
8719,66,1
8720,43,1
8721,65,1
8722,68,1
8723,12,0
8724,180,1
8725,164,0
8726,117,1
8727,46,1
8728,68,1
8729,56,0
8730,74,0
8731,157,1
8732,77,0
8733,200,0
8734,22,0
8735,135,1
8736,150,0
8737,133,1
8738,62,1
8739,150,1
8740,38,1
8741,66,1
8742,35,1
8743,51,1
8744,30,1
8745,116,1
8746,17,0
8747,87,1
8748,44,1
8749,168,1
8750,20,0
8751,88,1
8752,91,1
8753,45,1
8754,130,1
8755,49,1
8756,83,1
8757,47,1
8758,31,1
8759,98,1
8760,27,1
8761,60,0
8762,52,1
8763,92,1
8764,35,0
8765,82,1
8766,34,1
8767,69,1
8768,76,1
8769,78,1
8770,58,1
8771,68,0
8772,50,1
8773,79,1
8774,165,1
8775,79,1
8776,77,1
8777,43,1
8778,75,0
8779,22,0
8780,61,0
8781,37,1
8782,11,0
8783,36,0
8784,200,0
8785,113,1
8786,197,0
8787,70,1
8788,39,1
8789,106,1
8790,75,1
8791,33,1
8792,54,0
8793,122,1
8794,45,1
8795,108,1
8796,89,1
8797,66,1
8798,112,0
8799,126,1
8800,102,1
8801,51,1
8802,57,1
8803,65,0
8804,38,0
8805,134,1
8806,34,1
8807,75,1
8808,21,0
8809,48,1
8810,55,1
8811,149,0
8812,43,0
8813,43,0
8814,125,1
8815,74,1
8816,74,1
8817,41,1
8818,31,1
8819,51,1
8820,137,0
8821,93,0
8822,24,0
8823,54,1
8824,46,0
8825,78,1
8826,44,1
8827,58,1
8828,72,1
8829,38,1
8830,109,1
8831,26,0
8832,23,0
8833,51,0
8834,42,0
8835,46,1
8836,18,0
8837,89,1
8838,64,1
8839,171,1
8840,34,1
8841,103,0
8842,40,0
8843,62,1
8844,158,1
8845,122,0
8846,74,1
8847,152,0
8848,103,1
8849,200,0
8850,57,0
8851,86,1
8852,97,0
8853,119,0
8854,68,0
8855,200,0
8856,42,1
8857,103,1
8858,59,1
8859,63,0
8860,129,1
8861,159,1
8862,102,1
8863,54,1
8864,200,0
8865,31,0
8866,45,1
8867,97,1
8868,41,1
8869,26,0
8870,45,0
8871,37,0
8872,17,0
8873,70,1
8874,67,0
8875,98,1
8876,72,1
8877,56,1
8878,56,1
8879,16,0
8880,85,1
8881,52,0
8882,24,0
8883,120,1
8884,46,1
8885,36,0
8886,54,1
8887,59,1
8888,58,1
8889,119,1
8890,63,1
8891,55,0
8892,45,0
8893,72,1
8894,65,1
8895,65,1
8896,42,0
8897,53,1
8898,87,1
8899,89,1
8900,56,0
8901,103,1
8902,161,1
8903,62,1
8904,31,1
8905,64,1
8906,30,0
8907,65,1
8908,81,1
8909,56,1
8910,67,1
8911,41,1
8912,67,0
8913,64,1
8914,69,1
8915,31,1
8916,72,0
8917,51,0
8918,47,1
8919,36,1
8920,73,0
8921,41,0
8922,45,0
8923,48,1
8924,92,1
8925,37,1
8926,68,1
8927,96,0
8928,34,0
8929,102,0
8930,73,1
8931,41,1
8932,67,1
8933,84,1
8934,50,0
8935,23,1
8936,34,1
8937,125,0
8938,36,1
8939,31,1
8940,34,1
8941,55,1
8942,113,0
8943,79,1
8944,23,0
8945,26,0
8946,46,0
8947,87,0
8948,26,0
8949,85,0
8950,58,0
8951,20,0
8952,170,0
8953,90,1
8954,109,1
8955,90,0
8956,55,1
8957,63,0
8958,200,0
8959,17,0
8960,53,1
8961,41,0
8962,92,1
8963,52,1
8964,51,1
8965,71,1
8966,141,1
8967,57,1
8968,46,1
8969,31,1
8970,62,1
8971,155,1
8972,79,1
8973,89,1
8974,19,1
8975,28,0
8976,84,0
8977,123,1
8978,58,1
8979,94,0
8980,83,1
8981,89,0
8982,114,0
8983,65,1
8984,87,0
8985,47,1
8986,55,0
8987,76,0
8988,96,0
8989,53,1
8990,70,1
8991,45,0
8992,56,1
8993,108,0
8994,21,0
8995,58,1
8996,17,0
8997,34,1
8998,66,1
8999,43,0
9000,45,1
9001,37,0
9002,116,1
9003,33,1
9004,49,1
9005,77,0
9006,92,1
9007,40,0
9008,143,1
9009,36,0
9010,46,1
9011,87,0
9012,71,0
9013,66,1
9014,77,1
9015,70,0
9016,59,1
9017,51,1
9018,23,0
9019,63,0
9020,125,1
9021,39,0
9022,65,0
9023,22,0
9024,48,0
9025,77,1
9026,54,1
9027,119,1
9028,104,1
9029,18,0
9030,48,1
9031,69,1
9032,84,1
9033,68,1
9034,51,0
9035,127,1
9036,60,1
9037,52,0
9038,69,1
9039,59,1
9040,62,1
9041,50,1
9042,56,0
9043,28,1
9044,123,0
9045,123,0
9046,39,0
9047,119,1
9048,23,1
9049,34,0
9050,71,0
9051,52,0
9052,75,1
9053,115,1
9054,24,1
9055,88,1
9056,39,1
9057,53,1
9058,93,0
9059,78,1
9060,110,1
9061,63,0
9062,93,1
9063,74,1
9064,57,0
9065,59,0
9066,63,1
9067,7,0
9068,85,1
9069,103,1
9070,102,0
9071,44,0
9072,38,1
9073,174,1
9074,61,0
9075,59,1
9076,29,1
9077,85,1
9078,155,1
9079,47,1
9080,83,1
9081,49,1
9082,112,0
9083,50,1
9084,55,1
9085,54,1
9086,80,0
9087,72,1
9088,18,1
9089,70,1
9090,69,1
9091,31,0
9092,73,1
9093,56,1
9094,123,1
9095,69,1
9096,42,1
9097,133,1
9098,74,0
9099,18,0
9100,52,1
9101,77,1
9102,67,1
9103,35,1
9104,65,0
9105,35,1
9106,68,0
9107,41,1
9108,31,1
9109,187,0
9110,21,1
9111,34,1
9112,107,1
9113,61,0
9114,36,1
9115,31,1
9116,81,1
9117,28,1
9118,40,0
9119,43,1
9120,71,0
9121,93,1
9122,15,0
9123,12,0
9124,40,1
9125,65,1
9126,45,1
9127,19,1
9128,15,0
9129,107,1
9130,191,1
9131,46,1
9132,78,1
9133,71,0
9134,16,0
9135,82,1
9136,48,0
9137,62,1
9138,79,1
9139,48,0
9140,85,1
9141,51,1
9142,129,1
9143,79,1
9144,36,1
9145,43,0
9146,69,1
9147,25,1
9148,32,0
9149,100,0
9150,36,1
9151,95,1
9152,39,0
9153,62,1
9154,137,1
9155,59,0
9156,195,1
9157,47,1
9158,51,0
9159,78,1
9160,25,0
9161,75,1
9162,75,0
9163,28,0
9164,111,1
9165,26,0
9166,73,1
9167,59,1
9168,80,1
9169,40,1
9170,58,1
9171,65,1
9172,111,1
9173,64,1
9174,47,1
9175,24,1
9176,116,1
9177,101,1
9178,43,0
9179,19,0
9180,200,0
9181,113,1
9182,76,1
9183,123,0
9184,36,1
9185,68,1
9186,37,1
9187,35,1
9188,23,0
9189,58,1
9190,79,1
9191,103,0
9192,31,1
9193,32,0
9194,82,1
9195,73,1
9196,77,1
9197,55,1
9198,57,1
9199,126,1
9200,58,1
9201,62,1
9202,109,0
9203,45,1
9204,53,1
9205,58,1
9206,30,1
9207,58,1
9208,65,1
9209,77,1
9210,51,0
9211,97,1
9212,51,1
9213,80,0
9214,78,0
9215,200,0
9216,101,1
9217,99,1
9218,124,1
9219,53,1
9220,42,1
9221,57,0
9222,64,1
9223,28,0
9224,153,0
9225,127,1
9226,101,1
9227,82,1
9228,85,0
9229,47,0
9230,97,1
9231,51,1
9232,39,1
9233,58,1
9234,7,0
9235,52,0
9236,39,1
9237,55,0
9238,82,1
9239,69,1
9240,26,0
9241,80,1
9242,102,1
9243,112,1
9244,104,1
9245,67,1
9246,106,0
9247,142,1
9248,21,1
9249,37,1
9250,67,1
9251,42,0
9252,26,1
9253,58,1
9254,140,1
9255,82,1
9256,51,1
9257,29,1
9258,114,1
9259,170,1
9260,60,1
9261,65,1
9262,54,0
9263,25,0
9264,71,0
9265,94,1
9266,47,1
9267,40,1
9268,49,0
9269,81,1
9270,55,1
9271,28,1
9272,15,0
9273,26,0
9274,71,1
9275,78,1
9276,101,0
9277,90,1
9278,40,1
9279,87,1
9280,117,0
9281,20,1
9282,37,1
9283,93,1
9284,52,1
9285,200,0
9286,54,1
9287,23,0
9288,70,1
9289,62,1
9290,64,1
9291,24,1
9292,32,1
9293,55,0
9294,59,1
9295,40,1
9296,51,1
9297,62,1
9298,72,1
9299,115,0
9300,65,1
9301,60,1
9302,30,1
9303,74,1
9304,75,1
9305,42,1
9306,47,0
9307,66,1
9308,68,1
9309,58,1
9310,37,1
9311,200,0
9312,108,1
9313,33,1
9314,90,1
9315,101,1
9316,32,1
9317,65,0
9318,73,1
9319,89,0
9320,58,1
9321,113,1
9322,58,1
9323,76,1
9324,20,0
9325,111,1
9326,67,0
9327,47,1
9328,62,1
9329,35,0
9330,198,0
9331,54,0
9332,34,0
9333,32,1
9334,66,1
9335,21,0
9336,67,1
9337,58,1
9338,119,1
9339,47,0
9340,39,1
9341,126,1
9342,46,1
9343,54,0
9344,25,1
9345,62,0
9346,45,1
9347,101,1
9348,68,1
9349,72,1
9350,49,0
9351,105,1
9352,69,1
9353,30,1
9354,83,1
9355,54,1
9356,56,1
9357,53,1
9358,18,0
9359,58,1
9360,75,1
9361,43,0
9362,57,0
9363,46,1
9364,105,1
9365,68,1
9366,51,1
9367,28,1
9368,14,0
9369,156,1
9370,31,0
9371,34,0
9372,20,0
9373,37,1
9374,196,1
9375,31,1
9376,18,0
9377,51,1
9378,59,1
9379,64,1
9380,106,1
9381,74,1
9382,29,0
9383,49,0
9384,25,1
9385,52,1
9386,19,0
9387,70,1
9388,90,1
9389,61,1
9390,12,0
9391,137,0
9392,200,0
9393,59,0
9394,113,0
9395,78,0
9396,110,0
9397,62,0
9398,29,0
9399,69,0
9400,65,1
9401,85,0
9402,50,0
9403,53,1
9404,35,0
9405,131,1
9406,77,1
9407,79,0
9408,111,1
9409,95,1
9410,32,0
9411,59,0
9412,98,1
9413,52,0
9414,24,0
9415,74,1
9416,67,1
9417,45,0
9418,93,1
9419,96,1
9420,31,1
9421,73,0
9422,172,1
9423,128,1
9424,37,1
9425,70,0
9426,82,0
9427,18,0
9428,61,0
9429,58,0
9430,59,1
9431,49,1
9432,79,1
9433,78,1
9434,75,1
9435,37,1
9436,112,1
9437,55,1
9438,96,0
9439,62,1
9440,32,0
9441,71,0
9442,19,0
9443,90,1
9444,135,0
9445,34,0
9446,44,0
9447,65,1
9448,34,0
9449,160,1
9450,87,1
9451,101,1
9452,69,1
9453,75,1
9454,66,1
9455,19,0
9456,56,0
9457,56,1
9458,34,1
9459,38,1
9460,82,1
9461,64,0
9462,34,0
9463,76,0
9464,57,1
9465,36,0
9466,28,1
9467,29,0
9468,48,0
9469,200,0
9470,61,1
9471,57,1
9472,29,0
9473,54,1
9474,34,0
9475,99,1
9476,47,1
9477,70,1
9478,166,1
9479,36,1
9480,177,0
9481,109,1
9482,118,1
9483,87,1
9484,61,1
9485,58,1
9486,117,0
9487,122,1
9488,65,1
9489,32,1
9490,200,0
9491,39,0
9492,83,1
9493,116,0
9494,85,1
9495,39,1
9496,68,1
9497,36,1
9498,52,1
9499,105,0
9500,47,1
9501,86,1
9502,156,1
9503,114,1
9504,20,0
9505,75,1
9506,155,0
9507,59,0
9508,23,0
9509,62,1
9510,73,1
9511,60,1
9512,116,1
9513,53,1
9514,72,1
9515,26,0
9516,40,0
9517,118,1
9518,50,1
9519,49,1
9520,72,1
9521,157,1
9522,31,1
9523,138,1
9524,31,1
9525,162,1
9526,20,0
9527,76,1
9528,76,0
9529,125,1
9530,54,1
9531,52,1
9532,33,1
9533,79,1
9534,49,1
9535,61,1
9536,28,0
9537,19,0
9538,102,0
9539,154,1
9540,45,1
9541,59,1
9542,131,1
9543,54,1
9544,44,1
9545,77,1
9546,72,1
9547,7,0
9548,182,1
9549,74,1
9550,44,1
9551,88,1
9552,45,0
9553,115,1
9554,75,1
9555,86,1
9556,16,0
9557,84,1
9558,41,1
9559,53,0
9560,34,1
9561,33,1
9562,48,1
9563,31,1
9564,52,1
9565,138,1
9566,200,0
9567,184,0
9568,144,1
9569,41,1
9570,53,1
9571,55,0
9572,16,0
9573,21,0
9574,27,0
9575,118,1
9576,65,1
9577,75,0
9578,99,1
9579,51,1
9580,28,0
9581,73,1
9582,55,1
9583,58,1
9584,24,1
9585,54,0
9586,34,0
9587,84,1
9588,47,1
9589,23,0
9590,66,1
9591,83,0
9592,21,1
9593,40,0
9594,60,1
9595,96,1
9596,44,1
9597,9,0
9598,107,0
9599,15,0
9600,152,1
9601,46,1
9602,58,0
9603,85,1
9604,107,1
9605,44,1
9606,176,1
9607,82,1
9608,67,1
9609,55,1
9610,129,1
9611,84,0
9612,79,0
9613,52,1
9614,67,1
9615,42,1
9616,59,0
9617,96,1
9618,59,1
9619,33,1
9620,93,1
9621,79,1
9622,128,1
9623,82,1
9624,54,0
9625,132,0
9626,11,0
9627,49,1
9628,64,1
9629,109,1
9630,60,1
9631,65,1
9632,72,1
9633,45,1
9634,112,1
9635,200,0
9636,87,1
9637,30,0
9638,67,1
9639,138,1
9640,68,0
9641,70,0
9642,156,1
9643,55,1
9644,132,1
9645,30,0
9646,26,0
9647,51,0
9648,81,1
9649,44,1
9650,42,1
9651,53,1
9652,38,0
9653,28,0
9654,68,0
9655,44,1
9656,77,1
9657,34,1
9658,102,0
9659,105,1
9660,179,1
9661,110,1
9662,50,0
9663,87,1
9664,43,0
9665,54,0
9666,122,1
9667,103,1
9668,41,0
9669,61,1
9670,74,1
9671,58,0
9672,83,1
9673,119,0
9674,55,1
9675,45,0
9676,25,1
9677,124,1
9678,47,1
9679,44,1
9680,53,0
9681,140,1
9682,111,1
9683,65,0
9684,65,1
9685,84,0
9686,62,1
9687,54,1
9688,32,1
9689,89,0
9690,57,1
9691,48,1
9692,43,1
9693,138,1
9694,89,1
9695,65,1
9696,31,1
9697,51,0
9698,84,1
9699,55,1
9700,66,1
9701,69,0
9702,70,1
9703,47,0
9704,81,0
9705,27,0
9706,62,1
9707,135,1
9708,66,1
9709,54,0
9710,63,1
9711,95,1
9712,34,0
9713,46,0
9714,90,1
9715,104,1
9716,68,0
9717,43,0
9718,53,1
9719,136,1
9720,68,1
9721,34,1
9722,61,0
9723,61,0
9724,59,0
9725,41,1
9726,108,1
9727,79,1
9728,47,1
9729,75,0
9730,106,1
9731,103,0
9732,54,1
9733,34,0
9734,31,1
9735,135,1
9736,15,0
9737,97,1
9738,46,1
9739,127,1
9740,91,1
9741,147,0
9742,70,1
9743,50,1
9744,102,1
9745,176,1
9746,76,1
9747,44,1
9748,33,0
9749,22,1
9750,132,1
9751,110,1
9752,24,0
9753,28,1
9754,19,0
9755,31,1
9756,77,0
9757,49,1
9758,57,1
9759,52,1
9760,30,0
9761,118,1
9762,104,1
9763,64,1
9764,161,1
9765,40,1
9766,86,0
9767,56,0
9768,18,0
9769,51,1
9770,150,1
9771,51,1
9772,85,0
9773,24,1
9774,82,0
9775,24,1
9776,59,0
9777,130,1
9778,36,1
9779,42,0
9780,46,0
9781,60,0
9782,79,1
9783,34,0
9784,70,1
9785,39,0
9786,105,0
9787,40,1
9788,78,1
9789,125,1
9790,35,1
9791,60,1
9792,46,1
9793,61,1
9794,106,0
9795,41,1
9796,52,1
9797,102,1
9798,50,0
9799,37,1
9800,23,0
9801,59,0
9802,133,0
9803,36,1
9804,39,1
9805,56,1
9806,23,0
9807,36,0
9808,46,0
9809,107,0
9810,31,1
9811,35,1
9812,79,1
9813,160,1
9814,63,1
9815,108,0
9816,89,0
9817,114,1
9818,106,1
9819,106,1
9820,60,1
9821,57,0
9822,70,1
9823,87,1
9824,66,1
9825,47,1
9826,84,0
9827,200,0
9828,125,1
9829,59,1
9830,32,0
9831,51,1
9832,97,1
9833,21,0
9834,77,1
9835,53,0
9836,72,1
9837,72,1
9838,84,1
9839,37,0
9840,40,0
9841,81,1
9842,50,1
9843,44,1
9844,40,1
9845,29,1
9846,43,1
9847,47,1
9848,32,1
9849,45,0
9850,45,1
9851,90,1
9852,11,0
9853,19,0
9854,55,1
9855,55,1
9856,185,1
9857,53,1
9858,61,1
9859,48,1
9860,28,1
9861,43,0
9862,54,0
9863,47,1
9864,123,1
9865,70,0
9866,43,1
9867,200,0
9868,77,1
9869,110,0
9870,59,1
9871,52,1
9872,34,0
9873,42,1
9874,39,1
9875,51,1
9876,106,1
9877,14,0
9878,103,1
9879,23,1
9880,30,1
9881,40,0
9882,53,1
9883,141,0
9884,42,1
9885,32,1
9886,125,1
9887,28,0
9888,55,1
9889,192,0
9890,36,0
9891,69,1
9892,77,0
9893,90,1
9894,138,1
9895,31,0
9896,72,1
9897,69,1
9898,53,0
9899,91,0
9900,91,1
9901,57,1
9902,118,1
9903,35,1
9904,66,0
9905,69,1
9906,134,1
9907,126,1
9908,52,1
9909,114,0
9910,55,1
9911,116,1
9912,41,1
9913,36,0
9914,43,1
9915,64,0
9916,48,1
9917,58,1
9918,56,1
9919,32,1
9920,43,1
9921,12,0
9922,67,1
9923,47,1
9924,71,1
9925,37,0
9926,139,1
9927,47,1
9928,68,1
9929,40,1
9930,19,0
9931,46,1
9932,75,0
9933,76,0
9934,200,0
9935,20,1
9936,15,0
9937,36,1
9938,14,0
9939,107,1
9940,91,0
9941,80,1
9942,33,1
9943,41,0
9944,16,0
9945,31,1
9946,71,1
9947,91,1
9948,74,1
9949,89,1
9950,73,0
9951,80,1
9952,40,1
9953,58,1
9954,29,1
9955,68,0
9956,76,1
9957,34,0
9958,129,0
9959,94,0
9960,75,0
9961,38,1
9962,42,0
9963,40,1
9964,113,1
9965,40,1
9966,76,1
9967,64,1
9968,45,1
9969,38,0
9970,75,0
9971,91,0
9972,36,1
9973,58,1
9974,19,1
9975,163,0
9976,50,0
9977,38,1
9978,99,0
9979,73,1
9980,74,1
9981,19,0
9982,121,0
9983,62,0
9984,52,0
9985,30,0
9986,152,1
9987,170,0
9988,18,1
9989,26,0
9990,77,1
9991,109,1
9992,30,0
9993,147,0
9994,34,0
9995,44,1
9996,75,1
9997,109,0
9998,80,1
9999,32,0
