episode,steps,reward
0,23,0
1,20,0
2,25,0
3,40,0
4,30,0
5,79,0
6,105,0
7,23,0
8,16,0
9,37,0
10,16,0
11,12,0
12,70,0
13,18,0
14,82,0
15,7,0
16,14,0
17,30,0
18,17,0
19,93,0
20,12,0
21,29,0
22,32,0
23,17,0
24,21,0
25,21,0
26,11,0
27,6,0
28,71,0
29,8,0
30,10,0
31,32,0
32,7,0
33,12,0
34,14,0
35,10,0
36,9,0
37,17,0
38,18,0
39,19,0
40,14,0
41,43,0
42,29,0
43,15,0
44,25,0
45,7,0
46,20,0
47,51,0
48,14,0
49,11,0
50,33,0
51,13,0
52,12,0
53,16,0
54,16,0
55,57,0
56,35,0
57,14,0
58,93,0
59,11,0
60,19,0
61,12,0
62,69,0
63,15,0
64,30,0
65,51,0
66,8,0
67,28,0
68,21,0
69,22,0
70,31,0
71,23,0
72,26,0
73,24,0
74,25,0
75,32,0
76,15,0
77,26,0
78,31,0
79,68,0
80,34,0
81,7,0
82,20,0
83,14,0
84,34,0
85,10,0
86,19,0
87,30,0
88,23,0
89,15,0
90,12,0
91,42,0
92,17,0
93,33,0
94,35,0
95,19,0
96,34,0
97,15,0
98,22,0
99,15,0
100,14,0
101,38,0
102,40,0
103,15,0
104,42,0
105,26,0
106,35,0
107,16,0
108,21,0
109,53,0
110,19,0
111,22,0
112,42,0
113,8,0
114,45,0
115,60,0
116,37,0
117,35,0
118,29,0
119,10,0
120,23,0
121,10,0
122,56,0
123,18,0
124,39,0
125,19,0
126,57,0
127,33,0
128,35,1
129,45,0
130,45,1
131,38,1
132,43,0
133,23,0
134,109,0
135,67,0
136,16,0
137,95,1
138,24,0
139,30,0
140,38,0
141,26,1
142,74,0
143,66,0
144,32,0
145,18,0
146,35,0
147,22,0
148,48,0
149,28,0
150,62,0
151,22,0
152,53,0
153,34,0
154,98,0
155,11,0
156,33,0
157,61,0
158,74,0
159,56,0
160,21,0
161,31,0
162,57,0
163,35,0
164,56,0
165,33,0
166,79,0
167,65,0
168,72,1
169,47,0
170,83,0
171,19,0
172,94,0
173,33,1
174,44,0
175,9,0
176,14,0
177,19,0
178,40,0
179,50,0
180,40,0
181,26,0
182,72,1
183,41,0
184,29,0
185,33,1
186,74,0
187,33,0
188,28,0
189,74,0
190,54,1
191,74,0
192,38,0
193,23,0
194,22,0
195,64,0
196,31,0
197,99,0
198,133,0
199,17,0
200,74,0
201,43,0
202,200,0
203,32,0
204,183,0
205,47,0
206,85,0
207,200,0
208,83,0
209,38,0
210,38,0
211,73,1
212,27,0
213,38,0
214,34,0
215,40,0
216,175,0
217,106,0
218,83,0
219,33,0
220,48,0
221,41,0
222,38,0
223,55,0
224,44,0
225,24,0
226,80,0
227,15,0
228,17,0
229,46,0
230,200,0
231,74,0
232,71,0
233,47,0
234,43,0
235,25,0
236,32,0
237,38,0
238,148,0
239,29,0
240,14,0
241,45,0
242,133,0
243,27,0
244,107,0
245,21,0
246,34,0
247,29,0
248,144,0
249,139,0
250,91,0
251,66,0
252,50,0
253,93,0
254,52,0
255,18,0
256,54,0
257,49,0
258,110,0
259,13,0
260,87,0
261,20,0
262,73,0
263,57,0
264,60,0
265,94,0
266,78,0
267,81,0
268,200,0
269,45,0
270,31,0
271,86,0
272,118,0
273,121,0
274,20,0
275,12,0
276,51,0
277,75,0
278,27,0
279,42,0
280,79,0
281,156,0
282,46,0
283,93,0
284,27,0
285,54,0
286,75,0
287,52,0
288,89,0
289,16,0
290,51,0
291,75,0
292,73,0
293,29,0
294,121,0
295,28,0
296,69,0
297,70,0
298,13,0
299,105,0
300,162,0
301,29,0
302,52,0
303,53,0
304,93,0
305,9,0
306,75,0
307,23,0
308,12,0
309,22,0
310,42,0
311,125,0
312,72,0
313,17,0
314,200,0
315,35,0
316,37,0
317,48,0
318,70,0
319,38,0
320,86,0
321,153,0
322,9,0
323,42,0
324,116,0
325,60,0
326,95,0
327,48,0
328,71,0
329,55,0
330,48,1
331,87,0
332,35,0
333,87,0
334,108,1
335,149,0
336,101,0
337,34,0
338,78,0
339,61,1
340,11,0
341,45,0
342,93,0
343,46,0
344,23,1
345,32,1
346,63,0
347,49,1
348,32,1
349,41,1
350,50,1
351,45,1
352,118,0
353,76,0
354,118,1
355,29,0
356,13,0
357,49,0
358,85,0
359,34,0
360,56,1
361,43,1
362,56,0
363,116,1
364,51,0
365,109,1
366,74,0
367,47,0
368,19,0
369,32,0
370,155,0
371,7,0
372,17,0
373,81,1
374,82,1
375,108,1
376,100,0
377,52,0
378,46,1
379,47,0
380,122,0
381,90,0
382,65,1
383,14,0
384,63,1
385,89,0
386,187,0
387,104,0
388,40,0
389,109,0
390,59,0
391,66,1
392,24,0
393,26,0
394,155,0
395,87,1
396,181,1
397,48,0
398,95,0
399,70,1
400,25,0
401,81,0
402,31,0
403,90,0
404,99,0
405,96,0
406,49,0
407,38,1
408,40,0
409,52,1
410,33,1
411,46,0
412,37,1
413,50,0
414,28,0
415,75,0
416,20,1
417,45,0
418,43,0
419,61,0
420,18,0
421,128,1
422,43,1
423,49,0
424,93,0
425,100,0
426,53,0
427,8,0
428,48,0
429,17,0
430,47,0
431,57,1
432,52,1
433,30,1
434,29,1
435,9,0
436,116,0
437,103,0
438,49,1
439,83,0
440,86,1
441,53,1
442,112,1
443,59,0
444,76,0
445,40,0
446,106,0
447,31,0
448,43,0
449,60,1
450,121,1
451,24,0
452,85,1
453,198,1
454,37,0
455,35,0
456,19,0
457,131,0
458,78,0
459,30,0
460,49,0
461,38,1
462,191,0
463,115,0
464,16,0
465,47,1
466,30,1
467,66,1
468,59,0
469,76,1
470,26,0
471,45,0
472,35,0
473,49,0
474,112,0
475,95,0
476,44,0
477,118,0
478,66,1
479,34,0
480,60,0
481,27,1
482,200,0
483,78,0
484,29,0
485,42,1
486,56,1
487,71,0
488,77,0
489,44,0
490,24,0
491,33,1
492,42,1
493,42,1
494,15,0
495,103,1
496,76,0
497,11,0
498,46,0
499,143,0
500,68,0
501,116,0
502,59,0
503,55,0
504,200,0
505,82,0
506,124,0
507,69,0
508,113,0
509,7,0
510,41,0
511,90,0
512,39,0
513,49,0
514,113,0
515,134,1
516,31,0
517,64,0
518,42,0
519,27,1
520,77,1
521,59,0
522,48,1
523,53,0
524,43,0
525,45,1
526,33,0
527,18,0
528,74,0
529,20,0
530,44,0
531,100,1
532,47,0
533,44,1
534,54,1
535,27,0
536,130,0
537,73,1
538,70,1
539,13,0
540,19,0
541,69,0
542,26,1
543,93,0
544,54,0
545,35,1
546,50,0
547,26,0
548,64,0
549,36,0
550,49,1
551,71,0
552,38,0
553,26,0
554,31,0
555,34,0
556,37,0
557,59,0
558,69,0
559,89,1
560,57,0
561,57,0
562,27,0
563,49,0
564,41,0
565,71,0
566,64,0
567,98,0
568,32,1
569,39,0
570,18,0
571,72,0
572,47,0
573,11,0
574,40,0
575,33,0
576,53,0
577,81,1
578,34,1
579,69,1
580,12,0
581,21,0
582,63,1
583,50,1
584,90,0
585,60,1
586,61,0
587,187,1
588,38,0
589,40,1
590,97,1
591,23,0
592,106,1
593,85,1
594,61,1
595,67,1
596,18,0
597,89,0
598,72,1
599,26,1
600,47,1
601,43,0
602,29,1
603,66,1
604,63,1
605,27,1
606,60,1
607,66,0
608,43,1
609,52,0
610,46,0
611,32,1
612,93,1
613,18,1
614,105,0
615,52,1
616,43,1
617,57,1
618,9,0
619,16,0
620,45,1
621,44,1
622,86,1
623,46,0
624,88,1
625,49,1
626,62,0
627,85,0
628,152,1
629,22,0
630,61,1
631,127,0
632,27,0
633,46,0
634,56,0
635,40,0
636,94,1
637,17,0
638,25,0
639,120,0
640,122,1
641,61,0
642,80,1
643,27,1
644,85,0
645,59,1
646,27,1
647,24,0
648,71,1
649,44,1
650,82,0
651,84,1
652,84,1
653,48,0
654,62,0
655,54,0
656,54,0
657,33,1
658,77,0
659,73,1
660,11,0
661,105,1
662,143,0
663,46,1
664,15,0
665,88,0
666,88,1
667,40,0
668,119,0
669,54,1
670,24,0
671,22,0
672,35,1
673,34,0
674,91,0
675,13,0
676,59,0
677,22,0
678,21,1
679,46,0
680,30,1
681,31,0
682,40,1
683,12,0
684,57,1
685,20,0
686,15,0
687,59,1
688,7,0
689,65,1
690,46,1
691,38,1
692,68,1
693,36,1
694,79,1
695,52,0
696,36,0
697,47,1
698,70,0
699,67,1
700,37,1
701,40,0
702,22,0
703,96,1
704,52,1
705,53,0
706,36,1
707,79,0
708,38,0
709,75,1
710,11,0
711,79,1
712,23,0
713,64,0
714,43,1
715,27,0
716,39,1
717,11,0
718,36,1
719,48,1
720,19,0
721,89,0
722,71,0
723,75,0
724,81,1
725,34,0
726,79,0
727,59,0
728,95,0
729,52,0
730,30,0
731,42,0
732,35,1
733,43,1
734,88,1
735,49,0
736,79,0
737,23,0
738,123,0
739,57,1
740,58,0
741,118,1
742,107,0
743,25,0
744,65,0
745,19,0
746,26,0
747,96,1
748,74,1
749,48,1
750,156,1
751,66,1
752,45,0
753,122,0
754,165,1
755,133,0
756,63,1
757,54,0
758,71,1
759,118,1
760,72,0
761,30,1
762,106,0
763,32,1
764,15,0
765,106,0
766,26,1
767,21,0
768,28,0
769,44,0
770,131,0
771,71,1
772,102,1
773,54,0
774,108,1
775,103,0
776,111,0
777,61,0
778,60,0
779,62,1
780,52,0
781,40,0
782,88,1
783,80,1
784,30,0
785,76,1
786,72,1
787,94,0
788,52,0
789,121,1
790,134,0
791,99,0
792,58,0
793,19,0
794,104,1
795,51,0
796,46,1
797,113,1
798,51,1
799,28,1
800,58,0
801,117,1
802,34,0
803,77,1
804,37,1
805,75,1
806,106,1
807,44,1
808,68,0
809,114,0
810,77,0
811,42,0
812,109,1
813,125,0
814,92,1
815,16,0
816,110,1
817,65,1
818,200,0
819,54,1
820,59,1
821,40,0
822,71,0
823,56,1
824,49,0
825,65,0
826,48,1
827,42,0
828,60,0
829,46,1
830,161,1
831,78,0
832,34,1
833,46,1
834,93,1
835,38,1
836,118,1
837,21,0
838,121,1
839,181,0
840,99,0
841,73,0
842,67,0
843,73,1
844,74,1
845,39,1
846,34,1
847,112,0
848,70,0
849,51,1
850,22,0
851,70,1
852,72,1
853,12,0
854,47,0
855,32,1
856,95,0
857,34,0
858,137,0
859,67,1
860,89,0
861,118,1
862,67,1
863,55,0
864,180,0
865,58,0
866,71,1
867,67,0
868,32,0
869,114,0
870,35,1
871,62,0
872,114,0
873,56,1
874,38,0
875,54,1
876,35,0
877,26,0
878,56,0
879,43,0
880,71,1
881,90,0
882,121,0
883,42,0
884,24,1
885,33,0
886,28,0
887,64,1
888,94,0
889,60,0
890,78,0
891,50,1
892,76,0
893,40,0
894,96,1
895,30,1
896,18,1
897,44,1
898,78,1
899,85,1
900,45,0
901,91,1
902,87,1
903,66,1
904,72,1
905,92,1
906,54,1
907,92,0
908,56,1
909,44,1
910,47,0
911,146,0
912,93,1
913,74,1
914,68,0
915,66,0
916,69,1
917,92,1
918,47,1
919,58,0
920,63,1
921,54,0
922,53,1
923,36,1
924,108,1
925,88,1
926,38,1
927,19,0
928,82,0
929,32,0
930,41,0
931,54,1
932,47,1
933,35,0
934,65,1
935,72,1
936,38,1
937,20,0
938,70,1
939,73,1
940,39,0
941,39,1
942,39,0
943,44,1
944,9,0
945,43,1
946,77,1
947,16,0
948,62,1
949,144,0
950,68,0
951,21,0
952,41,0
953,50,0
954,66,0
955,50,1
956,30,0
957,43,0
958,43,1
959,25,1
960,61,1
961,66,0
962,116,0
963,30,1
964,34,0
965,78,0
966,33,0
967,33,0
968,38,1
969,36,0
970,68,0
971,38,1
972,41,1
973,76,0
974,52,0
975,30,1
976,62,0
977,101,0
978,32,1
979,80,1
980,35,1
981,46,0
982,34,0
983,66,0
984,137,0
985,28,0
986,50,0
987,11,0
988,47,1
989,53,1
990,45,1
991,82,0
992,42,0
993,80,1
994,44,1
995,55,1
996,67,1
997,117,1
998,48,0
999,64,0
1000,45,0
1001,49,1
1002,102,0
1003,48,1
1004,54,0
1005,60,1
1006,114,1
1007,33,1
1008,51,1
1009,44,1
1010,32,1
1011,51,1
1012,50,0
1013,33,0
1014,92,0
1015,126,0
1016,145,0
1017,39,0
1018,98,0
1019,44,1
1020,65,0
1021,43,1
1022,35,1
1023,94,0
1024,52,1
1025,24,0
1026,49,1
1027,70,1
1028,48,1
1029,161,0
1030,53,1
1031,59,0
1032,42,1
1033,41,0
1034,55,1
1035,94,0
1036,86,1
1037,63,1
1038,56,1
1039,58,1
1040,65,0
1041,65,1
1042,75,1
1043,71,1
1044,111,0
1045,86,0
1046,38,1
1047,45,1
1048,156,0
1049,44,1
1050,82,0
1051,68,0
1052,46,0
1053,80,1
1054,64,1
1055,69,1
1056,200,0
1057,25,1
1058,97,0
1059,37,1
1060,76,1
1061,74,1
1062,64,0
1063,127,1
1064,34,0
1065,25,0
1066,42,0
1067,28,1
1068,101,1
1069,45,0
1070,70,1
1071,58,0
1072,45,1
1073,75,1
1074,94,0
1075,80,0
1076,46,1
1077,63,1
1078,90,1
1079,73,1
1080,73,1
1081,25,1
1082,21,0
1083,54,1
1084,57,0
1085,25,1
1086,48,1
1087,38,1
1088,26,1
1089,79,1
1090,52,1
1091,65,0
1092,92,0
1093,49,1
1094,60,1
1095,21,0
1096,46,0
1097,54,1
1098,85,1
1099,62,1
1100,54,1
1101,54,1
1102,31,0
1103,36,1
1104,34,0
1105,80,0
1106,70,0
1107,24,0
1108,90,1
1109,41,1
1110,53,0
1111,60,1
1112,79,0
1113,103,0
1114,83,1
1115,116,1
1116,69,1
1117,66,1
1118,110,0
1119,50,1
1120,59,0
1121,46,0
1122,138,1
1123,22,0
1124,46,1
1125,23,0
1126,49,1
1127,134,0
1128,26,1
1129,114,1
1130,75,0
1131,80,0
1132,27,0
1133,63,1
1134,121,0
1135,41,1
1136,102,0
1137,91,1
1138,22,0
1139,19,0
1140,52,1
1141,22,0
1142,36,0
1143,28,0
1144,33,1
1145,96,1
1146,108,1
1147,34,0
1148,115,0
1149,66,0
1150,78,0
1151,200,0
1152,79,0
1153,74,0
1154,76,1
1155,56,1
1156,58,1
1157,93,1
1158,47,1
1159,85,0
1160,66,0
1161,45,0
1162,64,0
1163,45,0
1164,17,0
1165,51,0
1166,42,1
1167,37,0
1168,27,1
1169,122,0
1170,56,1
1171,78,1
1172,24,1
1173,115,0
1174,38,0
1175,33,1
1176,50,0
1177,77,0
1178,93,1
1179,24,0
1180,70,0
1181,75,1
1182,108,1
1183,41,1
1184,85,1
1185,122,0
1186,79,0
1187,62,1
1188,57,0
1189,66,0
1190,52,1
1191,33,1
1192,59,1
1193,161,0
1194,56,0
1195,64,1
1196,20,0
1197,61,1
1198,97,0
1199,40,0
1200,40,1
1201,30,1
1202,23,0
1203,94,1
1204,67,1
1205,41,1
1206,50,1
1207,36,0
1208,50,0
1209,47,0
1210,77,0
1211,102,1
1212,163,1
1213,65,1
1214,63,1
1215,36,1
1216,117,1
1217,35,1
1218,68,1
1219,78,0
1220,37,0
1221,61,1
1222,10,0
1223,40,1
1224,71,1
1225,131,0
1226,41,0
1227,47,1
1228,61,1
1229,39,1
1230,60,1
1231,58,0
1232,79,1
1233,44,1
1234,47,1
1235,15,0
1236,88,0
1237,39,0
1238,63,0
1239,29,1
1240,57,1
1241,31,1
1242,98,0
1243,45,0
1244,13,0
1245,38,1
1246,36,0
1247,95,1
1248,150,0
1249,111,1
1250,133,0
1251,42,1
1252,53,1
1253,107,1
1254,83,1
1255,99,1
1256,65,0
1257,135,0
1258,88,1
1259,45,0
1260,26,1
1261,45,1
1262,69,0
1263,35,0
1264,76,0
1265,134,1
1266,37,0
1267,50,0
1268,47,1
1269,54,0
1270,61,1
1271,73,0
1272,72,0
1273,39,1
1274,31,1
1275,20,0
1276,54,1
1277,36,1
1278,23,0
1279,24,0
1280,75,1
1281,35,1
1282,37,1
1283,86,1
1284,63,1
1285,63,1
1286,17,0
1287,79,0
1288,48,1
1289,93,1
1290,48,0
1291,46,0
1292,42,0
1293,110,1
1294,58,1
1295,52,1
1296,57,1
1297,74,1
1298,101,1
1299,37,1
1300,76,0
1301,32,0
1302,57,1
1303,30,0
1304,13,0
1305,83,1
1306,109,0
1307,48,0
1308,145,0
1309,65,1
1310,28,0
1311,94,1
1312,46,1
1313,28,0
1314,32,1
1315,78,0
1316,48,1
1317,58,1
1318,28,0
1319,42,0
1320,25,1
1321,25,0
1322,99,1
1323,65,1
1324,53,1
1325,140,1
1326,29,1
1327,51,0
1328,130,0
1329,37,1
1330,34,0
1331,114,1
1332,48,0
1333,59,1
1334,53,0
1335,24,0
1336,137,0
1337,52,1
1338,165,1
1339,73,0
1340,146,1
1341,38,1
1342,36,0
1343,51,1
1344,65,1
1345,67,1
1346,70,1
1347,30,0
1348,148,1
1349,35,0
1350,85,1
1351,49,1
1352,90,0
1353,168,0
1354,31,1
1355,76,1
1356,41,1
1357,55,0
1358,48,0
1359,27,0
1360,135,1
1361,36,0
1362,23,0
1363,113,1
1364,25,1
1365,70,0
1366,47,0
1367,73,1
1368,54,0
1369,53,1
1370,102,0
1371,28,1
1372,118,0
1373,103,0
1374,59,0
1375,45,0
1376,112,0
1377,68,1
1378,56,0
1379,92,1
1380,40,0
1381,120,0
1382,85,1
1383,200,0
1384,72,0
1385,105,1
1386,113,0
1387,49,1
1388,94,1
1389,64,0
1390,20,1
1391,71,1
1392,16,0
1393,43,0
1394,29,1
1395,61,1
1396,49,1
1397,105,1
1398,75,1
1399,65,0
1400,49,0
1401,35,1
1402,12,0
1403,121,1
1404,33,0
1405,34,0
1406,46,0
1407,85,0
1408,67,1
1409,39,1
1410,98,0
1411,76,0
1412,47,0
1413,76,0
1414,48,0
1415,61,0
1416,50,0
1417,40,0
1418,25,1
1419,56,1
1420,55,1
1421,61,1
1422,10,0
1423,43,0
1424,43,0
1425,36,0
1426,148,1
1427,59,1
1428,52,1
1429,63,1
1430,42,1
1431,37,1
1432,72,1
1433,62,1
1434,48,1
1435,100,0
1436,30,0
1437,100,0
1438,78,0
1439,61,0
1440,36,0
1441,40,1
1442,110,1
1443,74,1
1444,27,1
1445,65,0
1446,37,0
1447,16,0
1448,170,0
1449,76,1
1450,63,1
1451,187,1
1452,47,1
1453,97,0
1454,36,1
1455,108,1
1456,61,1
1457,99,0
1458,85,1
1459,59,1
1460,58,1
1461,73,1
1462,58,1
1463,45,0
1464,48,1
1465,58,1
1466,30,1
1467,34,1
1468,79,1
1469,86,0
1470,51,0
1471,146,1
1472,95,1
1473,20,0
1474,42,1
1475,36,1
1476,69,0
1477,76,1
1478,137,1
1479,43,1
1480,89,1
1481,76,1
1482,29,1
1483,128,0
1484,179,1
1485,28,1
1486,34,1
1487,31,0
1488,25,0
1489,69,0
1490,31,1
1491,25,0
1492,60,1
1493,63,0
1494,56,1
1495,121,1
1496,32,0
1497,29,1
1498,52,1
1499,42,1
1500,81,0
1501,24,1
1502,43,0
1503,81,1
1504,72,0
1505,47,0
1506,105,1
1507,47,0
1508,200,0
1509,53,0
1510,45,0
1511,61,1
1512,117,0
1513,42,0
1514,30,1
1515,61,0
1516,34,1
1517,28,1
1518,30,0
1519,114,0
1520,53,1
1521,20,0
1522,62,0
1523,43,0
1524,43,1
1525,33,1
1526,36,0
1527,41,1
1528,44,0
1529,58,1
1530,102,0
1531,69,1
1532,102,0
1533,49,1
1534,60,1
1535,91,1
1536,49,1
1537,38,1
1538,155,1
1539,77,1
1540,103,0
1541,90,0
1542,34,1
1543,47,0
1544,51,1
1545,55,1
1546,37,1
1547,42,1
1548,98,1
1549,40,1
1550,53,1
1551,95,0
1552,21,0
1553,48,0
1554,42,0
1555,29,1
1556,28,1
1557,29,0
1558,36,1
1559,9,0
1560,82,1
1561,72,0
1562,66,1
1563,34,0
1564,49,1
1565,48,1
1566,37,1
1567,80,0
1568,32,0
1569,132,0
1570,38,0
1571,63,1
1572,50,0
1573,42,0
1574,60,1
1575,75,1
1576,50,1
1577,113,0
1578,37,1
1579,87,1
1580,61,1
1581,89,1
1582,75,1
1583,41,1
1584,84,1
1585,69,1
1586,55,0
1587,67,1
1588,107,1
1589,27,0
1590,38,0
1591,37,1
1592,107,0
1593,86,0
1594,38,0
1595,44,0
1596,96,1
1597,83,1
1598,60,1
1599,70,0
1600,44,0
1601,39,1
1602,28,0
1603,29,1
1604,61,1
1605,56,1
1606,65,1
1607,50,0
1608,47,1
1609,92,0
1610,12,0
1611,23,0
1612,69,0
1613,32,1
1614,71,1
1615,92,0
1616,36,0
1617,52,0
1618,129,1
1619,63,1
1620,72,0
1621,66,0
1622,130,1
1623,88,0
1624,74,1
1625,52,1
1626,103,1
1627,78,1
1628,67,1
1629,46,1
1630,60,1
1631,103,0
1632,52,0
1633,67,1
1634,44,1
1635,63,1
1636,57,1
1637,9,0
1638,53,0
1639,65,0
1640,124,1
1641,26,0
1642,50,1
1643,128,1
1644,52,1
1645,113,0
1646,44,1
1647,98,1
1648,155,1
1649,29,0
1650,194,0
1651,64,0
1652,33,1
1653,96,0
1654,100,1
1655,50,1
1656,72,1
1657,59,0
1658,50,0
1659,45,0
1660,32,0
1661,60,1
1662,39,0
1663,28,1
1664,63,1
1665,147,0
1666,59,1
1667,45,1
1668,103,0
1669,79,1
1670,30,1
1671,75,0
1672,102,0
1673,77,1
1674,41,1
1675,48,1
1676,23,0
1677,46,0
1678,115,0
1679,69,0
1680,160,0
1681,66,1
1682,42,1
1683,81,1
1684,72,1
1685,54,1
1686,87,1
1687,64,1
1688,36,1
1689,121,1
1690,37,1
1691,51,0
1692,34,1
1693,174,0
1694,24,1
1695,64,1
1696,34,1
1697,54,1
1698,74,1
1699,79,1
1700,65,1
1701,87,0
1702,47,0
1703,59,0
1704,36,1
1705,128,0
1706,58,1
1707,15,1
1708,44,1
1709,58,1
1710,32,0
1711,72,1
1712,49,0
1713,61,1
1714,37,1
1715,31,1
1716,118,0
1717,74,1
1718,63,1
1719,33,0
1720,87,1
1721,36,1
1722,157,1
1723,79,0
1724,61,1
1725,89,1
1726,73,1
1727,55,1
1728,37,0
1729,36,0
1730,34,0
1731,72,0
1732,106,0
1733,54,1
1734,29,1
1735,56,0
1736,58,0
1737,77,1
1738,57,0
1739,73,1
1740,76,0
1741,76,0
1742,81,1
1743,50,0
1744,138,1
1745,48,0
1746,37,1
1747,33,1
1748,47,1
1749,54,1
1750,96,0
1751,63,1
1752,61,1
1753,37,1
1754,85,0
1755,112,1
1756,24,1
1757,103,0
1758,37,0
1759,53,0
1760,66,1
1761,106,1
1762,60,1
1763,36,0
1764,43,0
1765,37,1
1766,77,0
1767,72,0
1768,70,1
1769,50,1
1770,111,1
1771,49,1
1772,38,1
1773,41,0
1774,52,1
1775,82,1
1776,60,1
1777,122,1
1778,28,0
1779,39,0
1780,41,0
1781,35,0
1782,124,0
1783,114,0
1784,56,0
1785,113,1
1786,82,0
1787,38,0
1788,82,1
1789,45,1
1790,45,1
1791,29,0
1792,74,1
1793,101,1
1794,63,0
1795,141,1
1796,45,0
1797,45,0
1798,37,1
1799,59,0
1800,53,1
1801,138,1
1802,200,0
1803,62,1
1804,142,1
1805,48,1
1806,53,0
1807,95,0
1808,114,1
1809,65,0
1810,41,1
1811,84,1
1812,26,1
1813,136,0
1814,71,1
1815,63,1
1816,29,0
1817,25,1
1818,115,0
1819,98,1
1820,52,1
1821,82,0
1822,85,1
1823,31,0
1824,31,1
1825,76,0
1826,71,1
1827,135,1
1828,96,1
1829,112,1
1830,136,0
1831,43,1
1832,133,1
1833,50,1
1834,73,0
1835,41,1
1836,32,1
1837,154,0
1838,111,0
1839,29,1
1840,47,1
1841,45,1
1842,50,1
1843,94,0
1844,106,1
1845,44,0
1846,41,0
1847,60,0
1848,44,0
1849,144,1
1850,47,1
1851,82,0
1852,45,1
1853,28,0
1854,76,0
1855,86,0
1856,59,0
1857,25,0
1858,72,1
1859,76,0
1860,32,0
1861,14,0
1862,100,0
1863,59,0
1864,65,0
1865,61,1
1866,40,1
1867,34,0
1868,52,1
1869,86,0
1870,93,1
1871,53,0
1872,64,0
1873,11,0
1874,83,1
1875,61,0
1876,194,1
1877,48,0
1878,61,1
1879,46,1
1880,56,0
1881,43,1
1882,53,1
1883,43,0
1884,33,0
1885,108,0
1886,60,1
1887,47,0
1888,80,1
1889,84,1
1890,43,0
1891,41,0
1892,71,1
1893,126,0
1894,30,0
1895,117,0
1896,102,1
1897,43,0
1898,36,1
1899,8,0
1900,69,0
1901,63,1
1902,47,0
1903,44,0
1904,56,0
1905,91,0
1906,48,0
1907,129,1
1908,118,0
1909,41,1
1910,25,0
1911,67,1
1912,53,0
1913,104,0
1914,44,0
1915,50,1
1916,82,1
1917,31,1
1918,36,0
1919,10,0
1920,31,1
1921,68,1
1922,38,1
1923,68,0
1924,44,0
1925,165,1
1926,79,1
1927,110,1
1928,90,1
1929,67,1
1930,24,1
1931,80,1
1932,76,1
1933,103,1
1934,32,0
1935,52,1
1936,59,1
1937,163,1
1938,65,1
1939,27,1
1940,99,0
1941,37,1
1942,92,0
1943,51,0
1944,64,1
1945,120,1
1946,41,1
1947,30,1
1948,42,1
1949,92,1
1950,71,0
1951,51,1
1952,111,0
1953,36,0
1954,35,0
1955,51,1
1956,27,1
1957,76,1
1958,68,1
1959,24,0
1960,21,0
1961,58,0
1962,33,1
1963,72,0
1964,190,1
1965,70,1
1966,30,0
1967,23,1
1968,43,1
1969,145,0
1970,52,0
1971,103,0
1972,90,0
1973,161,1
1974,94,0
1975,40,1
1976,62,1
1977,23,1
1978,52,0
1979,20,0
1980,58,1
1981,88,1
1982,130,0
1983,40,1
1984,157,1
1985,64,1
1986,37,1
1987,21,0
1988,73,0
1989,41,0
1990,72,0
1991,52,1
1992,39,1
1993,38,0
1994,194,1
1995,75,0
1996,72,0
1997,48,0
1998,57,1
1999,100,1
2000,34,1
2001,53,1
2002,93,1
2003,58,1
2004,67,1
2005,56,0
2006,29,1
2007,92,0
2008,51,0
2009,89,1
2010,37,0
2011,53,1
2012,74,1
2013,140,1
2014,80,1
2015,52,0
2016,46,1
2017,41,1
2018,87,1
2019,60,1
2020,61,0
2021,61,1
2022,121,0
2023,41,0
2024,73,0
2025,40,0
2026,112,0
2027,96,1
2028,58,0
2029,39,1
2030,68,1
2031,29,1
2032,29,1
2033,35,1
2034,26,0
2035,49,0
2036,87,0
2037,69,1
2038,56,1
2039,12,0
2040,36,0
2041,55,0
2042,40,0
2043,125,1
2044,43,1
2045,34,1
2046,61,1
2047,92,0
2048,49,1
2049,31,1
2050,53,1
2051,51,1
2052,37,1
2053,23,1
2054,19,0
2055,74,0
2056,27,0
2057,32,0
2058,85,0
2059,47,0
2060,65,1
2061,122,1
2062,40,0
2063,81,1
2064,32,0
2065,105,1
2066,135,0
2067,18,0
2068,31,1
2069,26,1
2070,41,1
2071,72,0
2072,48,0
2073,94,0
2074,78,1
2075,73,0
2076,43,1
2077,114,1
2078,62,1
2079,51,1
2080,37,0
2081,67,1
2082,70,0
2083,52,0
2084,48,1
2085,80,1
2086,36,0
2087,44,1
2088,70,1
2089,44,0
2090,35,1
2091,54,0
2092,27,0
2093,44,1
2094,35,1
2095,13,0
2096,56,1
2097,77,1
2098,46,0
2099,97,0
2100,47,0
2101,44,1
2102,78,1
2103,78,0
2104,69,1
2105,59,1
2106,51,1
2107,35,1
2108,128,0
2109,72,1
2110,37,1
2111,62,1
2112,53,0
2113,55,1
2114,112,1
2115,61,1
2116,64,1
2117,9,0
2118,86,0
2119,89,0
2120,75,1
2121,38,1
2122,39,0
2123,62,0
2124,58,0
2125,58,1
2126,50,1
2127,75,1
2128,102,1
2129,60,0
2130,31,1
2131,95,0
2132,7,0
2133,61,1
2134,47,0
2135,33,0
2136,82,0
2137,53,1
2138,15,0
2139,41,1
2140,92,0
2141,86,1
2142,50,0
2143,56,0
2144,35,0
2145,120,1
2146,49,1
2147,59,1
2148,69,0
2149,33,1
2150,62,1
2151,38,0
2152,31,1
2153,75,1
2154,69,1
2155,65,1
2156,87,1
2157,52,0
2158,50,1
2159,95,1
2160,200,0
2161,84,0
2162,37,0
2163,33,0
2164,29,0
2165,96,0
2166,61,0
2167,108,0
2168,36,1
2169,59,1
2170,34,1
2171,10,0
2172,36,0
2173,43,0
2174,129,1
2175,41,0
2176,58,1
2177,183,1
2178,30,0
2179,59,1
2180,22,0
2181,55,0
2182,127,1
2183,33,1
2184,36,0
2185,25,0
2186,27,0
2187,56,0
2188,53,1
2189,87,1
2190,55,0
2191,66,1
2192,51,0
2193,35,1
2194,106,1
2195,157,0
2196,52,1
2197,72,0
2198,41,0
2199,66,1
2200,55,1
2201,82,0
2202,152,0
2203,43,1
2204,72,1
2205,55,0
2206,107,1
2207,72,0
2208,112,0
2209,45,1
2210,23,0
2211,82,0
2212,33,1
2213,74,1
2214,45,0
2215,79,0
2216,53,0
2217,30,0
2218,33,1
2219,68,1
2220,15,0
2221,38,1
2222,55,0
2223,45,0
2224,29,1
2225,136,0
2226,53,1
2227,76,1
2228,98,1
2229,55,0
2230,31,0
2231,60,0
2232,150,0
2233,107,1
2234,35,1
2235,83,1
2236,99,0
2237,115,1
2238,37,0
2239,82,0
2240,81,1
2241,23,1
2242,124,1
2243,156,0
2244,57,1
2245,78,0
2246,88,1
2247,36,1
2248,71,1
2249,62,0
2250,191,1
2251,110,1
2252,132,0
2253,63,1
2254,63,0
2255,76,0
2256,45,0
2257,38,1
2258,59,1
2259,41,0
2260,46,1
2261,71,0
2262,113,0
2263,68,1
2264,31,1
2265,73,1
2266,32,1
2267,49,0
2268,93,0
2269,57,1
2270,59,1
2271,37,1
2272,29,0
2273,66,1
2274,134,1
2275,95,0
2276,60,1
2277,65,1
2278,67,0
2279,126,1
2280,73,0
2281,73,0
2282,38,1
2283,24,0
2284,27,0
2285,93,0
2286,74,0
2287,86,0
2288,121,1
2289,44,1
2290,66,0
2291,74,0
2292,119,1
2293,38,0
2294,106,0
2295,35,1
2296,60,1
2297,54,1
2298,91,1
2299,23,1
2300,31,0
2301,54,1
2302,29,0
2303,38,1
2304,116,1
2305,39,0
2306,59,1
2307,46,0
2308,41,1
2309,115,0
2310,148,0
2311,32,1
2312,62,1
2313,37,0
2314,96,1
2315,25,1
2316,71,1
2317,18,0
2318,47,1
2319,45,0
2320,61,0
2321,36,1
2322,85,1
2323,34,1
2324,14,0
2325,112,1
2326,52,1
2327,160,1
2328,66,1
2329,76,0
2330,86,1
2331,62,0
2332,25,1
2333,20,1
2334,87,1
2335,49,1
2336,52,0
2337,39,1
2338,35,0
2339,81,1
2340,59,0
2341,55,1
2342,44,0
2343,74,1
2344,89,1
2345,37,1
2346,61,1
2347,56,1
2348,81,1
2349,39,0
2350,96,1
2351,158,1
2352,13,0
2353,98,0
2354,137,1
2355,54,1
2356,65,1
2357,99,0
2358,73,0
2359,113,0
2360,38,1
2361,55,0
2362,39,1
2363,53,0
2364,70,0
2365,200,0
2366,29,1
2367,45,0
2368,59,0
2369,103,1
2370,112,1
2371,44,0
2372,83,0
2373,70,1
2374,112,0
2375,192,0
2376,8,0
2377,123,0
2378,110,0
2379,48,1
2380,82,1
2381,55,1
2382,86,1
2383,96,0
2384,49,0
2385,81,1
2386,24,0
2387,65,1
2388,20,0
2389,44,1
2390,45,0
2391,23,0
2392,75,0
2393,54,0
2394,48,1
2395,51,0
2396,36,1
2397,53,0
2398,95,0
2399,51,0
2400,112,1
2401,49,1
2402,55,0
2403,76,1
2404,46,1
2405,38,1
2406,92,1
2407,52,1
2408,36,1
2409,103,0
2410,47,1
2411,44,1
2412,32,0
2413,89,1
2414,17,0
2415,32,1
2416,36,0
2417,27,0
2418,110,1
2419,60,1
2420,152,0
2421,49,0
2422,71,1
2423,70,0
2424,80,0
2425,101,0
2426,72,1
2427,117,1
2428,22,0
2429,30,1
2430,52,0
2431,53,0
2432,60,1
2433,97,1
2434,78,0
2435,56,1
2436,73,0
2437,49,1
2438,102,1
2439,107,0
2440,52,1
2441,61,1
2442,45,0
2443,82,1
2444,47,0
2445,72,1
2446,122,0
2447,42,0
2448,48,1
2449,76,0
2450,70,1
2451,65,0
2452,54,1
2453,116,0
2454,43,0
2455,86,1
2456,42,1
2457,68,1
2458,48,0
2459,40,1
2460,41,0
2461,61,0
2462,42,0
2463,101,0
2464,26,0
2465,33,1
2466,64,0
2467,76,1
2468,93,1
2469,27,0
2470,92,0
2471,41,0
2472,200,0
2473,27,1
2474,115,0
2475,136,0
2476,87,0
2477,165,0
2478,64,1
2479,43,0
2480,104,1
2481,25,0
2482,37,1
2483,64,0
2484,54,0
2485,28,0
2486,28,0
2487,17,0
2488,80,0
2489,200,0
2490,19,0
2491,31,1
2492,92,0
2493,62,1
2494,82,0
2495,87,1
2496,70,0
2497,58,1
2498,109,1
2499,68,1
2500,39,0
2501,70,1
2502,93,1
2503,56,1
2504,33,0
2505,61,1
2506,58,0
2507,171,1
2508,88,1
2509,55,1
2510,74,0
2511,43,0
2512,93,1
2513,39,1
2514,58,0
2515,63,1
2516,87,1
2517,59,1
2518,35,0
2519,67,0
2520,32,0
2521,156,1
2522,60,1
2523,98,1
2524,136,1
2525,114,1
2526,41,0
2527,16,0
2528,34,0
2529,71,1
2530,149,0
2531,129,0
2532,62,1
2533,104,0
2534,35,1
2535,29,0
2536,99,1
2537,103,0
2538,48,0
2539,69,0
2540,81,0
2541,71,1
2542,35,0
2543,84,1
2544,28,0
2545,46,1
2546,48,1
2547,33,1
2548,178,0
2549,49,1
2550,97,0
2551,39,1
2552,92,1
2553,43,0
2554,33,1
2555,49,0
2556,21,0
2557,68,1
2558,113,0
2559,47,1
2560,38,1
2561,84,0
2562,23,1
2563,39,1
2564,23,0
2565,52,1
2566,36,1
2567,100,1
2568,60,1
2569,139,0
2570,58,1
2571,27,0
2572,24,1
2573,34,1
2574,114,0
2575,96,0
2576,43,0
2577,66,1
2578,42,0
2579,151,1
2580,51,0
2581,40,1
2582,78,0
2583,52,1
2584,76,0
2585,9,0
2586,13,0
2587,27,1
2588,66,1
2589,61,1
2590,28,0
2591,10,0
2592,51,1
2593,67,0
2594,27,0
2595,46,1
2596,68,1
2597,22,1
2598,112,0
2599,32,0
2600,16,0
2601,60,0
2602,131,1
2603,90,0
2604,78,1
2605,57,1
2606,47,0
2607,37,1
2608,12,0
2609,119,0
2610,98,1
2611,26,1
2612,85,0
2613,53,0
2614,59,0
2615,117,0
2616,38,0
2617,105,1
2618,179,0
2619,37,1
2620,56,1
2621,83,1
2622,30,1
2623,116,1
2624,66,0
2625,24,0
2626,62,0
2627,40,1
2628,17,1
2629,46,0
2630,84,1
2631,25,0
2632,25,1
2633,77,1
2634,36,1
2635,26,1
2636,39,0
2637,59,1
2638,88,1
2639,31,1
2640,58,0
2641,59,0
2642,128,0
2643,64,1
2644,64,0
2645,43,1
2646,56,0
2647,70,0
2648,42,1
2649,54,1
2650,26,1
2651,110,0
2652,49,1
2653,43,0
2654,65,1
2655,44,0
2656,37,0
2657,186,1
2658,49,1
2659,20,0
2660,30,0
2661,34,1
2662,69,1
2663,62,1
2664,108,1
2665,42,0
2666,72,0
2667,17,0
2668,49,1
2669,78,0
2670,62,1
2671,111,0
2672,35,0
2673,59,1
2674,63,0
2675,71,1
2676,129,0
2677,53,0
2678,63,1
2679,88,1
2680,32,1
2681,69,0
2682,52,0
2683,29,1
2684,52,1
2685,63,0
2686,103,1
2687,85,1
2688,43,1
2689,116,0
2690,32,1
2691,54,1
2692,30,1
2693,79,1
2694,57,1
2695,23,0
2696,60,0
2697,36,1
2698,61,1
2699,48,1
2700,46,1
2701,108,1
2702,33,0
2703,94,0
2704,34,0
2705,48,0
2706,72,0
2707,117,1
2708,17,0
2709,53,0
2710,47,0
2711,25,0
2712,54,1
2713,70,0
2714,130,1
2715,41,1
2716,89,1
2717,84,0
2718,155,0
2719,59,1
2720,155,1
2721,31,0
2722,35,0
2723,67,1
2724,76,0
2725,69,0
2726,17,0
2727,70,1
2728,38,0
2729,61,0
2730,61,0
2731,67,1
2732,30,0
2733,34,0
2734,40,0
2735,72,0
2736,73,1
2737,31,1
2738,116,0
2739,9,0
2740,51,1
2741,112,1
2742,35,0
2743,42,1
2744,87,1
2745,23,1
2746,136,1
2747,120,1
2748,34,1
2749,81,1
2750,45,0
2751,72,1
2752,41,1
2753,43,0
2754,66,0
2755,52,0
2756,48,0
2757,9,0
2758,23,1
2759,68,0
2760,99,1
2761,90,0
2762,28,1
2763,94,1
2764,39,0
2765,55,1
2766,75,1
2767,41,1
2768,79,1
2769,51,1
2770,45,1
2771,55,0
2772,121,1
2773,43,1
2774,77,0
2775,40,0
2776,41,0
2777,160,1
2778,31,1
2779,50,1
2780,49,1
2781,31,1
2782,55,1
2783,19,0
2784,149,1
2785,111,0
2786,89,1
2787,60,0
2788,62,0
2789,41,0
2790,200,0
2791,53,0
2792,31,1
2793,63,0
2794,87,0
2795,77,0
2796,89,0
2797,30,1
2798,51,0
2799,35,1
2800,62,0
2801,18,0
2802,42,1
2803,53,1
2804,67,1
2805,125,1
2806,73,0
2807,43,1
2808,113,1
2809,85,1
2810,15,0
2811,96,1
2812,63,0
2813,98,0
2814,75,1
2815,82,0
2816,137,0
2817,85,1
2818,107,0
2819,156,1
2820,61,1
2821,69,0
2822,62,1
2823,95,0
2824,52,1
2825,68,0
2826,51,1
2827,113,1
2828,23,1
2829,29,0
2830,63,0
2831,22,0
2832,57,1
2833,200,0
2834,58,1
2835,99,0
2836,76,1
2837,30,0
2838,11,0
2839,91,1
2840,17,0
2841,56,1
2842,54,0
2843,37,0
2844,44,1
2845,83,1
2846,30,0
2847,15,0
2848,84,0
2849,169,0
2850,64,0
2851,200,0
2852,150,1
2853,37,1
2854,37,1
2855,81,1
2856,54,1
2857,25,0
2858,77,1
2859,32,1
2860,59,1
2861,146,1
2862,65,1
2863,99,1
2864,114,0
2865,55,0
2866,23,0
2867,161,1
2868,55,0
2869,50,1
2870,81,1
2871,115,0
2872,129,1
2873,74,0
2874,69,1
2875,44,1
2876,34,0
2877,33,1
2878,126,0
2879,21,0
2880,114,0
2881,77,0
2882,37,1
2883,69,1
2884,99,1
2885,38,1
2886,37,0
2887,56,0
2888,46,1
2889,84,1
2890,101,0
2891,30,1
2892,74,1
2893,50,1
2894,34,1
2895,126,0
2896,45,0
2897,29,0
2898,47,0
2899,93,1
2900,43,0
2901,27,1
2902,113,1
2903,46,1
2904,44,1
2905,54,1
2906,53,1
2907,38,0
2908,22,1
2909,73,1
2910,16,0
2911,127,1
2912,78,1
2913,44,1
2914,85,1
2915,23,0
2916,50,0
2917,40,1
2918,72,0
2919,38,1
2920,101,1
2921,38,1
2922,57,1
2923,43,0
2924,87,0
2925,129,1
2926,107,0
2927,93,1
2928,96,0
2929,51,1
2930,64,1
2931,77,0
2932,51,1
2933,137,0
2934,34,0
2935,114,0
2936,72,0
2937,68,0
2938,95,1
2939,200,0
2940,65,0
2941,86,0
2942,181,1
2943,27,1
2944,50,1
2945,41,1
2946,66,1
2947,114,1
2948,107,1
2949,31,0
2950,47,1
2951,52,0
2952,51,1
2953,147,1
2954,94,1
2955,62,1
2956,41,1
2957,31,0
2958,84,1
2959,20,0
2960,56,1
2961,68,0
2962,56,1
2963,45,0
2964,41,1
2965,81,0
2966,68,1
2967,40,1
2968,36,1
2969,73,0
2970,33,0
2971,106,0
2972,44,0
2973,93,0
2974,43,0
2975,62,1
2976,30,1
2977,48,0
2978,95,1
2979,100,0
2980,95,0
2981,111,0
2982,69,1
2983,96,0
2984,44,1
2985,39,0
2986,91,0
2987,13,0
2988,79,0
2989,45,0
2990,39,0
2991,63,0
2992,42,0
2993,200,0
2994,33,1
2995,87,1
2996,97,1
2997,109,1
2998,21,1
2999,28,0
3000,102,1
3001,40,1
3002,123,1
3003,27,1
3004,27,1
3005,69,1
3006,79,0
3007,32,1
3008,50,0
3009,76,0
3010,60,0
3011,46,0
3012,39,0
3013,50,0
3014,13,0
3015,56,1
3016,81,1
3017,58,1
3018,23,1
3019,74,0
3020,75,1
3021,130,1
3022,8,0
3023,51,0
3024,47,0
3025,71,0
3026,74,0
3027,60,0
3028,132,1
3029,200,0
3030,161,0
3031,50,1
3032,171,1
3033,53,1
3034,107,1
3035,61,1
3036,39,0
3037,68,0
3038,54,1
3039,35,1
3040,44,1
3041,42,1
3042,54,1
3043,52,1
3044,101,0
3045,41,1
3046,68,1
3047,28,1
3048,17,0
3049,31,1
3050,64,1
3051,86,1
3052,45,0
3053,26,0
3054,36,1
3055,139,0
3056,28,0
3057,39,1
3058,68,0
3059,78,1
3060,32,1
3061,73,0
3062,135,0
3063,14,0
3064,47,0
3065,85,1
3066,103,1
3067,83,1
3068,70,1
3069,74,1
3070,42,0
3071,23,0
3072,75,1
3073,70,0
3074,41,1
3075,56,0
3076,73,0
3077,78,1
3078,64,0
3079,32,0
3080,42,1
3081,78,1
3082,76,0
3083,121,1
3084,105,0
3085,66,0
3086,188,1
3087,67,0
3088,38,0
3089,84,1
3090,46,1
3091,66,0
3092,128,1
3093,63,1
3094,65,0
3095,15,0
3096,39,0
3097,180,0
3098,53,1
3099,68,1
3100,31,1
3101,75,1
3102,145,0
3103,85,0
3104,24,1
3105,36,1
3106,25,0
3107,109,1
3108,48,1
3109,61,0
3110,53,0
3111,81,1
3112,51,1
3113,43,1
3114,43,1
3115,56,0
3116,28,1
3117,35,0
3118,45,0
3119,45,0
3120,77,0
3121,66,0
3122,53,1
3123,54,1
3124,67,0
3125,59,0
3126,200,0
3127,27,1
3128,28,1
3129,53,0
3130,31,0
3131,44,1
3132,24,0
3133,26,0
3134,66,0
3135,36,0
3136,132,0
3137,61,0
3138,122,0
3139,67,1
3140,124,0
3141,62,0
3142,47,1
3143,39,0
3144,65,0
3145,33,0
3146,80,0
3147,83,1
3148,24,0
3149,76,1
3150,50,0
3151,49,1
3152,58,1
3153,200,0
3154,27,0
3155,94,0
3156,44,0
3157,65,1
3158,73,1
3159,95,1
3160,84,1
3161,66,0
3162,36,0
3163,38,0
3164,12,0
3165,33,1
3166,23,1
3167,66,1
3168,37,1
3169,55,1
3170,35,1
3171,28,1
3172,36,0
3173,153,0
3174,54,1
3175,127,1
3176,25,0
3177,13,0
3178,68,0
3179,41,1
3180,123,0
3181,200,0
3182,38,0
3183,78,1
3184,44,1
3185,36,0
3186,139,0
3187,65,1
3188,75,0
3189,55,1
3190,119,1
3191,50,1
3192,42,1
3193,32,1
3194,42,1
3195,58,1
3196,85,1
3197,55,1
3198,75,0
3199,56,1
3200,111,0
3201,91,1
3202,57,0
3203,24,0
3204,65,1
3205,43,0
3206,65,0
3207,56,0
3208,166,0
3209,54,1
3210,76,0
3211,27,1
3212,110,1
3213,67,0
3214,48,0
3215,53,0
3216,22,0
3217,83,0
3218,43,1
3219,43,1
3220,145,1
3221,144,0
3222,88,1
3223,100,1
3224,79,1
3225,65,0
3226,82,0
3227,48,0
3228,34,0
3229,57,0
3230,67,1
3231,53,0
3232,44,0
3233,61,1
3234,20,0
3235,47,1
3236,90,0
3237,84,1
3238,13,0
3239,85,0
3240,55,1
3241,72,1
3242,78,1
3243,117,0
3244,22,0
3245,23,0
3246,146,1
3247,25,0
3248,78,0
3249,42,1
3250,40,1
3251,34,0
3252,60,0
3253,27,0
3254,76,1
3255,38,0
3256,78,0
3257,65,1
3258,42,0
3259,75,1
3260,13,0
3261,51,1
3262,32,0
3263,56,1
3264,106,0
3265,52,0
3266,82,1
3267,32,1
3268,121,1
3269,67,0
3270,109,1
3271,64,0
3272,16,0
3273,48,1
3274,200,1
3275,76,1
3276,52,0
3277,28,0
3278,69,1
3279,32,0
3280,42,1
3281,108,0
3282,64,0
3283,66,0
3284,82,0
3285,13,0
3286,59,0
3287,57,0
3288,168,1
3289,118,0
3290,36,0
3291,56,0
3292,124,0
3293,78,1
3294,92,0
3295,77,1
3296,35,0
3297,53,0
3298,49,1
3299,33,0
3300,33,1
3301,55,1
3302,25,0
3303,45,1
3304,78,0
3305,22,0
3306,127,0
3307,66,1
3308,57,1
3309,24,0
3310,51,0
3311,32,1
3312,57,0
3313,63,1
3314,49,0
3315,96,0
3316,49,0
3317,29,1
3318,93,1
3319,76,1
3320,42,0
3321,17,0
3322,83,1
3323,49,1
3324,117,0
3325,23,0
3326,24,1
3327,40,0
3328,35,0
3329,73,1
3330,94,1
3331,89,0
3332,22,0
3333,36,0
3334,86,0
3335,48,1
3336,62,1
3337,129,1
3338,89,1
3339,26,0
3340,19,0
3341,41,1
3342,96,0
3343,55,1
3344,90,0
3345,93,0
3346,54,1
3347,84,1
3348,47,1
3349,178,1
3350,56,1
3351,113,1
3352,65,0
3353,98,0
3354,43,0
3355,32,0
3356,33,1
3357,89,1
3358,29,1
3359,20,1
3360,38,0
3361,59,1
3362,78,0
3363,97,1
3364,46,1
3365,34,1
3366,50,1
3367,42,0
3368,33,0
3369,91,1
3370,65,0
3371,64,0
3372,44,1
3373,72,1
3374,80,1
3375,91,0
3376,41,1
3377,67,1
3378,70,0
3379,37,0
3380,40,1
3381,21,0
3382,26,1
3383,23,0
3384,40,0
3385,90,0
3386,87,0
3387,38,0
3388,62,1
3389,200,0
3390,73,1
3391,68,1
3392,42,1
3393,91,1
3394,64,0
3395,117,0
3396,29,0
3397,48,1
3398,78,0
3399,35,1
3400,42,1
3401,113,1
3402,120,0
3403,78,1
3404,148,1
3405,18,1
3406,58,1
3407,72,0
3408,128,0
3409,42,1
3410,114,1
3411,49,1
3412,37,0
3413,139,0
3414,23,1
3415,26,0
3416,129,0
3417,44,1
3418,29,0
3419,31,0
3420,46,0
3421,23,0
3422,75,1
3423,77,1
3424,62,1
3425,52,1
3426,65,0
3427,110,1
3428,71,0
3429,64,0
3430,55,0
3431,130,0
3432,32,1
3433,44,1
3434,109,1
3435,32,1
3436,75,1
3437,46,1
3438,38,0
3439,54,1
3440,71,1
3441,71,1
3442,26,0
3443,113,1
3444,58,0
3445,56,1
3446,65,0
3447,55,0
3448,28,0
3449,58,0
3450,39,0
3451,80,0
3452,71,1
3453,47,0
3454,44,0
3455,81,1
3456,56,0
3457,45,0
3458,67,1
3459,68,1
3460,34,1
3461,73,1
3462,90,0
3463,29,0
3464,64,1
3465,16,0
3466,51,0
3467,15,0
3468,57,1
3469,118,1
3470,73,1
3471,77,0
3472,121,1
3473,59,0
3474,30,0
3475,86,0
3476,57,1
3477,44,1
3478,74,1
3479,79,0
3480,41,0
3481,77,0
3482,16,0
3483,81,0
3484,23,0
3485,32,0
3486,95,1
3487,53,1
3488,197,1
3489,75,1
3490,52,0
3491,35,1
3492,50,0
3493,40,0
3494,28,0
3495,57,1
3496,39,0
3497,25,0
3498,33,1
3499,52,1
3500,30,1
3501,37,1
3502,42,1
3503,60,1
3504,57,0
3505,43,0
3506,46,0
3507,48,1
3508,81,0
3509,50,1
3510,56,1
3511,200,0
3512,30,1
3513,46,1
3514,55,1
3515,111,1
3516,44,0
3517,90,1
3518,70,0
3519,141,1
3520,15,0
3521,47,1
3522,30,1
3523,57,0
3524,43,0
3525,35,0
3526,40,0
3527,28,0
3528,27,0
3529,200,0
3530,27,0
3531,151,1
3532,53,0
3533,47,0
3534,35,0
3535,47,0
3536,33,1
3537,30,0
3538,18,0
3539,57,1
3540,29,0
3541,66,0
3542,81,1
3543,85,1
3544,64,1
3545,96,0
3546,67,1
3547,72,0
3548,64,0
3549,31,1
3550,75,0
3551,53,1
3552,46,0
3553,37,0
3554,26,0
3555,74,1
3556,101,1
3557,68,1
3558,45,1
3559,58,0
3560,35,1
3561,60,0
3562,55,0
3563,93,0
3564,102,1
3565,33,1
3566,59,1
3567,69,0
3568,27,0
3569,88,1
3570,34,0
3571,62,0
3572,92,1
3573,22,0
3574,85,0
3575,63,0
3576,65,1
3577,52,1
3578,11,0
3579,51,1
3580,24,0
3581,40,1
3582,102,1
3583,47,1
3584,70,1
3585,41,0
3586,47,0
3587,40,1
3588,73,1
3589,53,1
3590,112,1
3591,60,1
3592,36,0
3593,41,0
3594,14,0
3595,108,1
3596,51,1
3597,72,0
3598,20,1
3599,56,1
3600,69,0
3601,45,1
3602,90,1
3603,98,0
3604,165,0
3605,19,0
3606,41,0
3607,34,0
3608,30,0
3609,100,1
3610,114,1
3611,49,1
3612,66,1
3613,65,1
3614,41,1
3615,54,1
3616,38,1
3617,161,0
3618,35,0
3619,24,0
3620,32,0
3621,44,0
3622,65,1
3623,122,0
3624,52,1
3625,23,0
3626,141,0
3627,16,0
3628,28,0
3629,67,0
3630,70,0
3631,57,0
3632,102,1
3633,149,1
3634,38,0
3635,46,0
3636,83,0
3637,35,1
3638,113,1
3639,47,1
3640,80,1
3641,29,0
3642,32,1
3643,37,1
3644,54,1
3645,48,1
3646,58,1
3647,124,1
3648,65,1
3649,138,1
3650,103,0
3651,68,0
3652,85,0
3653,76,1
3654,198,0
3655,94,0
3656,187,1
3657,69,0
3658,37,1
3659,86,0
3660,115,0
3661,52,1
3662,89,0
3663,62,1
3664,49,1
3665,69,1
3666,50,1
3667,54,1
3668,51,0
3669,29,1
3670,43,0
3671,29,0
3672,76,1
3673,14,0
3674,32,0
3675,30,0
3676,77,1
3677,65,1
3678,100,1
3679,81,1
3680,123,1
3681,97,1
3682,42,0
3683,87,1
3684,86,0
3685,59,0
3686,43,0
3687,114,0
3688,43,1
3689,60,0
3690,80,1
3691,66,1
3692,42,0
3693,78,0
3694,50,0
3695,167,1
3696,57,0
3697,13,0
3698,48,1
3699,111,0
3700,75,1
3701,176,1
3702,109,1
3703,36,1
3704,101,1
3705,59,1
3706,71,1
3707,83,0
3708,88,1
3709,46,0
3710,66,1
3711,38,1
3712,61,1
3713,35,0
3714,17,0
3715,40,1
3716,86,1
3717,54,1
3718,61,0
3719,82,1
3720,100,1
3721,79,1
3722,90,1
3723,44,1
3724,96,1
3725,61,0
3726,113,0
3727,154,1
3728,58,1
3729,96,1
3730,23,0
3731,41,0
3732,45,1
3733,100,1
3734,67,1
3735,61,0
3736,33,1
3737,147,1
3738,48,1
3739,39,0
3740,39,1
3741,32,1
3742,33,1
3743,89,0
3744,55,1
3745,47,1
3746,45,1
3747,136,0
3748,7,0
3749,54,1
3750,66,1
3751,103,0
3752,69,1
3753,37,1
3754,69,1
3755,24,0
3756,57,1
3757,38,0
3758,46,1
3759,115,1
3760,57,1
3761,36,0
3762,55,1
3763,53,0
3764,51,0
3765,78,0
3766,63,1
3767,32,0
3768,54,0
3769,80,0
3770,41,1
3771,43,1
3772,38,1
3773,59,1
3774,101,0
3775,36,1
3776,48,0
3777,78,1
3778,70,0
3779,63,1
3780,67,1
3781,24,0
3782,51,1
3783,37,1
3784,49,1
3785,74,1
3786,44,1
3787,76,0
3788,39,1
3789,29,0
3790,9,0
3791,181,1
3792,35,1
3793,79,1
3794,38,1
3795,90,1
3796,61,1
3797,54,1
3798,99,1
3799,41,0
3800,25,1
3801,94,1
3802,117,1
3803,118,1
3804,18,0
3805,46,1
3806,22,0
3807,38,1
3808,53,1
3809,53,1
3810,63,0
3811,97,1
3812,63,1
3813,47,0
3814,48,1
3815,198,1
3816,81,0
3817,89,0
3818,71,1
3819,43,0
3820,47,1
3821,141,0
3822,151,1
3823,50,1
3824,43,0
3825,91,1
3826,49,0
3827,64,1
3828,21,0
3829,84,1
3830,90,1
3831,33,0
3832,61,0
3833,52,0
3834,41,0
3835,42,0
3836,54,1
3837,38,1
3838,23,0
3839,147,1
3840,59,0
3841,38,0
3842,95,0
3843,35,0
3844,68,1
3845,59,1
3846,10,0
3847,69,0
3848,68,1
3849,70,0
3850,54,1
3851,40,0
3852,34,0
3853,19,0
3854,92,1
3855,44,0
3856,26,0
3857,108,1
3858,28,1
3859,32,1
3860,50,0
3861,200,0
3862,98,0
3863,40,1
3864,21,0
3865,55,1
3866,51,1
3867,68,1
3868,71,0
3869,29,1
3870,73,1
3871,44,1
3872,75,0
3873,161,1
3874,48,1
3875,60,0
3876,94,0
3877,123,1
3878,116,1
3879,24,0
3880,74,1
3881,18,0
3882,43,1
3883,62,1
3884,23,0
3885,56,1
3886,107,1
3887,67,0
3888,88,1
3889,60,0
3890,35,0
3891,86,0
3892,22,0
3893,61,1
3894,34,1
3895,21,0
3896,18,0
3897,21,0
3898,54,0
3899,45,1
3900,66,0
3901,73,0
3902,92,1
3903,31,0
3904,101,1
3905,74,0
3906,26,1
3907,51,1
3908,49,0
3909,25,0
3910,55,0
3911,121,0
3912,78,0
3913,60,1
3914,47,1
3915,20,0
3916,81,1
3917,41,1
3918,65,0
3919,91,0
3920,144,1
3921,82,0
3922,9,0
3923,84,1
3924,9,0
3925,55,1
3926,36,0
3927,113,1
3928,55,0
3929,63,0
3930,63,1
3931,126,1
3932,24,0
3933,50,1
3934,59,1
3935,97,1
3936,38,1
3937,77,1
3938,93,1
3939,83,0
3940,98,1
3941,69,1
3942,125,1
3943,51,0
3944,60,0
3945,97,0
3946,200,0
3947,64,1
3948,113,0
3949,65,1
3950,30,0
3951,48,0
3952,94,1
3953,167,0
3954,17,0
3955,19,0
3956,35,0
3957,28,0
3958,89,0
3959,37,1
3960,106,1
3961,103,0
3962,35,0
3963,93,1
3964,141,1
3965,39,0
3966,50,0
3967,18,0
3968,87,0
3969,43,1
3970,60,1
3971,43,1
3972,109,0
3973,55,0
3974,87,0
3975,21,0
3976,35,0
3977,123,1
3978,45,0
3979,34,0
3980,72,1
3981,69,1
3982,124,1
3983,35,1
3984,21,0
3985,39,1
3986,40,1
3987,85,0
3988,60,1
3989,131,1
3990,126,1
3991,38,0
3992,70,1
3993,86,1
3994,179,0
3995,170,1
3996,36,0
3997,23,0
3998,83,0
3999,58,1
4000,45,0
4001,56,1
4002,54,0
4003,91,0
4004,36,0
4005,55,1
4006,44,1
4007,68,0
4008,51,1
4009,71,0
4010,29,0
4011,170,0
4012,33,0
4013,52,1
4014,81,0
4015,114,1
4016,113,0
4017,63,0
4018,43,1
4019,60,1
4020,21,1
4021,53,0
4022,29,1
4023,47,0
4024,78,0
4025,49,1
4026,70,0
4027,55,0
4028,41,1
4029,15,0
4030,101,0
4031,68,1
4032,28,0
4033,101,0
4034,59,1
4035,49,1
4036,44,1
4037,120,1
4038,74,0
4039,31,1
4040,54,0
4041,129,1
4042,57,1
4043,87,1
4044,47,0
4045,70,0
4046,41,0
4047,60,1
4048,61,0
4049,71,1
4050,94,1
4051,54,0
4052,84,1
4053,52,0
4054,69,1
4055,43,0
4056,27,0
4057,71,1
4058,48,0
4059,47,0
4060,103,1
4061,58,1
4062,115,0
4063,34,0
4064,30,0
4065,56,1
4066,74,0
4067,61,0
4068,54,0
4069,65,0
4070,88,1
4071,37,1
4072,38,0
4073,135,0
4074,21,0
4075,44,0
4076,54,1
4077,65,0
4078,55,1
4079,91,0
4080,22,0
4081,67,1
4082,59,1
4083,45,0
4084,60,0
4085,27,1
4086,107,1
4087,25,0
4088,75,1
4089,39,0
4090,92,0
4091,104,1
4092,60,0
4093,59,1
4094,96,0
4095,46,1
4096,25,0
4097,14,0
4098,89,0
4099,41,0
4100,85,1
4101,61,0
4102,26,0
4103,73,1
4104,37,1
4105,50,0
4106,13,0
4107,40,1
4108,49,1
4109,17,0
4110,95,1
4111,141,0
4112,81,1
4113,49,0
4114,43,0
4115,162,1
4116,32,1
4117,25,0
4118,41,0
4119,57,1
4120,35,0
4121,106,1
4122,98,0
4123,34,0
4124,36,0
4125,64,1
4126,47,1
4127,121,1
4128,45,1
4129,35,1
4130,64,1
4131,118,0
4132,39,1
4133,64,1
4134,40,0
4135,43,0
4136,58,0
4137,62,0
4138,36,1
4139,98,0
4140,93,0
4141,47,0
4142,45,0
4143,66,0
4144,54,0
4145,70,1
4146,54,1
4147,31,1
4148,52,0
4149,85,0
4150,62,1
4151,97,0
4152,38,0
4153,34,0
4154,68,0
4155,18,0
4156,51,1
4157,45,1
4158,57,0
4159,65,0
4160,29,0
4161,61,0
4162,70,0
4163,113,1
4164,24,1
4165,88,0
4166,130,1
4167,36,1
4168,107,1
4169,65,1
4170,108,1
4171,28,0
4172,114,1
4173,45,1
4174,116,0
4175,57,1
4176,102,1
4177,54,0
4178,45,0
4179,62,0
4180,89,1
4181,67,1
4182,36,1
4183,200,0
4184,87,0
4185,39,1
4186,64,1
4187,35,0
4188,58,0
4189,62,0
4190,32,1
4191,59,1
4192,52,1
4193,39,1
4194,30,0
4195,76,1
4196,47,0
4197,154,0
4198,58,1
4199,21,0
4200,99,1
4201,169,0
4202,41,0
4203,53,1
4204,39,0
4205,50,0
4206,42,0
4207,42,1
4208,102,1
4209,52,1
4210,48,1
4211,58,0
4212,63,1
4213,49,1
4214,105,1
4215,65,1
4216,79,0
4217,26,0
4218,96,0
4219,58,1
4220,38,1
4221,27,0
4222,56,1
4223,59,1
4224,29,0
4225,65,1
4226,61,1
4227,58,1
4228,55,1
4229,9,0
4230,81,1
4231,31,0
4232,41,1
4233,32,0
4234,68,1
4235,95,0
4236,11,0
4237,200,0
4238,26,0
4239,40,0
4240,44,1
4241,21,0
4242,96,1
4243,61,0
4244,22,0
4245,136,1
4246,183,1
4247,34,1
4248,109,1
4249,102,1
4250,24,1
4251,102,1
4252,68,1
4253,55,1
4254,31,0
4255,50,0
4256,31,0
4257,130,0
4258,55,1
4259,56,0
4260,17,0
4261,81,0
4262,50,1
4263,85,0
4264,56,0
4265,48,1
4266,76,1
4267,58,0
4268,48,1
4269,30,1
4270,128,0
4271,39,1
4272,74,1
4273,14,0
4274,29,1
4275,67,1
4276,42,1
4277,27,1
4278,39,0
4279,53,1
4280,23,0
4281,68,1
4282,200,0
4283,29,0
4284,160,1
4285,54,0
4286,94,1
4287,86,0
4288,27,0
4289,27,0
4290,48,0
4291,82,1
4292,84,1
4293,42,0
4294,14,0
4295,33,1
4296,63,1
4297,61,0
4298,43,1
4299,94,0
4300,99,1
4301,42,0
4302,65,1
4303,38,0
4304,44,1
4305,65,1
4306,33,1
4307,83,1
4308,54,0
4309,97,1
4310,85,1
4311,85,0
4312,55,1
4313,86,0
4314,45,1
4315,57,1
4316,81,0
4317,110,1
4318,58,1
4319,80,0
4320,97,0
4321,49,0
4322,62,0
4323,45,1
4324,51,0
4325,113,1
4326,117,0
4327,138,0
4328,103,0
4329,69,0
4330,187,1
4331,53,1
4332,38,1
4333,37,1
4334,27,1
4335,42,1
4336,75,1
4337,47,0
4338,70,1
4339,105,0
4340,41,0
4341,81,0
4342,135,0
4343,165,1
4344,76,1
4345,24,0
4346,76,0
4347,57,0
4348,63,0
4349,106,1
4350,111,0
4351,39,1
4352,23,0
4353,86,0
4354,37,0
4355,122,1
4356,84,1
4357,84,1
4358,57,0
4359,62,1
4360,52,1
4361,32,1
4362,70,0
4363,42,1
4364,102,0
4365,91,1
4366,25,0
4367,57,0
4368,49,1
4369,92,1
4370,52,1
4371,34,0
4372,28,0
4373,37,0
4374,88,0
4375,42,1
4376,79,1
4377,66,1
4378,105,0
4379,58,1
4380,39,1
4381,78,0
4382,57,1
4383,43,1
4384,167,1
4385,57,1
4386,71,0
4387,48,1
4388,38,0
4389,46,0
4390,39,0
4391,72,1
4392,37,1
4393,52,1
4394,27,0
4395,127,1
4396,17,0
4397,47,1
4398,108,1
4399,37,1
4400,104,0
4401,41,0
4402,75,0
4403,149,1
4404,103,0
4405,34,0
4406,18,0
4407,74,1
4408,32,0
4409,49,0
4410,52,1
4411,27,1
4412,49,0
4413,28,0
4414,36,0
4415,36,0
4416,62,0
4417,43,0
4418,82,0
4419,75,1
4420,54,1
4421,83,1
4422,87,1
4423,57,1
4424,36,1
4425,73,0
4426,68,0
4427,37,0
4428,59,1
4429,139,0
4430,85,1
4431,105,0
4432,92,1
4433,40,1
4434,43,1
4435,50,0
4436,87,1
4437,89,0
4438,50,1
4439,108,0
4440,138,1
4441,60,1
4442,62,1
4443,110,1
4444,53,1
4445,59,1
4446,61,1
4447,123,0
4448,77,1
4449,47,0
4450,72,1
4451,59,0
4452,88,0
4453,66,1
4454,19,0
4455,67,1
4456,90,1
4457,200,0
4458,60,1
4459,161,1
4460,48,1
4461,104,0
4462,22,0
4463,55,1
4464,30,1
4465,50,0
4466,46,0
4467,96,1
4468,70,1
4469,47,1
4470,43,1
4471,76,1
4472,200,0
4473,93,1
4474,26,1
4475,66,1
4476,35,1
4477,59,0
4478,24,0
4479,56,1
4480,32,0
4481,66,0
4482,88,0
4483,93,1
4484,83,0
4485,53,0
4486,49,1
4487,59,1
4488,19,0
4489,63,1
4490,44,0
4491,107,1
4492,38,0
4493,41,1
4494,63,1
4495,94,0
4496,27,1
4497,78,0
4498,57,1
4499,52,1
4500,37,1
4501,69,0
4502,104,1
4503,138,1
4504,41,0
4505,45,0
4506,32,0
4507,40,1
4508,45,0
4509,60,1
4510,55,0
4511,65,1
4512,78,0
4513,117,1
4514,43,1
4515,51,1
4516,70,0
4517,37,1
4518,54,0
4519,13,0
4520,40,0
4521,62,1
4522,57,0
4523,33,1
4524,46,0
4525,37,0
4526,36,1
4527,73,0
4528,47,1
4529,48,0
4530,78,0
4531,29,1
4532,32,1
4533,26,1
4534,118,1
4535,11,0
4536,54,1
4537,62,0
4538,28,0
4539,59,1
4540,29,0
4541,110,1
4542,51,1
4543,81,1
4544,80,1
4545,72,1
4546,36,0
4547,103,0
4548,83,0
4549,51,0
4550,40,1
4551,64,1
4552,70,1
4553,84,1
4554,103,1
4555,120,0
4556,77,1
4557,36,1
4558,41,0
4559,43,1
4560,35,0
4561,61,0
4562,73,1
4563,180,1
4564,29,1
4565,139,0
4566,65,1
4567,54,1
4568,45,1
4569,34,1
4570,105,0
4571,49,1
4572,60,0
4573,38,1
4574,52,1
4575,15,0
4576,48,0
4577,60,1
4578,169,0
4579,43,1
4580,58,0
4581,70,0
4582,106,1
4583,53,0
4584,21,0
4585,36,1
4586,39,0
4587,42,1
4588,29,0
4589,40,0
4590,44,1
4591,44,1
4592,35,0
4593,30,0
4594,52,0
4595,55,0
4596,55,0
4597,30,1
4598,54,1
4599,113,1
4600,67,1
4601,33,1
4602,45,0
4603,60,1
4604,145,0
4605,57,0
4606,31,1
4607,24,0
4608,92,0
4609,135,1
4610,74,0
4611,40,1
4612,86,0
4613,68,0
4614,100,1
4615,81,1
4616,59,0
4617,54,1
4618,111,1
4619,105,1
4620,21,0
4621,89,1
4622,49,1
4623,83,1
4624,41,0
4625,94,0
4626,50,1
4627,44,0
4628,161,1
4629,61,0
4630,20,0
4631,42,0
4632,79,0
4633,40,1
4634,48,1
4635,47,1
4636,55,1
4637,54,1
4638,56,1
4639,43,1
4640,51,0
4641,52,1
4642,41,1
4643,69,1
4644,55,1
4645,51,0
4646,63,0
4647,77,1
4648,129,0
4649,68,1
4650,63,0
4651,54,1
4652,29,0
4653,40,0
4654,76,0
4655,60,0
4656,74,1
4657,56,1
4658,26,0
4659,42,0
4660,67,1
4661,54,0
4662,50,1
4663,102,0
4664,20,0
4665,46,1
4666,74,1
4667,19,0
4668,42,1
4669,27,1
4670,59,0
4671,56,1
4672,81,0
4673,88,0
4674,68,0
4675,74,0
4676,135,0
4677,38,1
4678,20,0
4679,48,0
4680,50,0
4681,41,0
4682,166,1
4683,67,1
4684,80,1
4685,66,1
4686,50,1
4687,33,1
4688,55,1
4689,41,0
4690,68,0
4691,103,0
4692,39,0
4693,75,1
4694,96,0
4695,103,1
4696,39,0
4697,56,0
4698,15,0
4699,19,0
4700,49,1
4701,62,1
4702,64,1
4703,74,1
4704,58,0
4705,52,1
4706,72,0
4707,72,1
4708,125,1
4709,87,0
4710,66,0
4711,32,0
4712,38,1
4713,40,1
4714,91,0
4715,159,1
4716,48,0
4717,81,1
4718,167,1
4719,104,1
4720,83,0
4721,67,1
4722,35,0
4723,50,0
4724,58,1
4725,56,1
4726,129,0
4727,116,0
4728,67,1
4729,66,1
4730,33,1
4731,32,1
4732,58,1
4733,64,0
4734,92,1
4735,42,1
4736,25,1
4737,82,1
4738,41,0
4739,161,0
4740,68,1
4741,79,0
4742,21,0
4743,40,1
4744,45,0
4745,63,1
4746,175,1
4747,54,1
4748,29,0
4749,41,0
4750,34,1
4751,46,1
4752,36,1
4753,200,0
4754,34,0
4755,47,1
4756,31,1
4757,32,0
4758,41,0
4759,41,1
4760,52,0
4761,71,0
4762,43,0
4763,76,1
4764,101,1
4765,97,1
4766,78,1
4767,41,1
4768,74,0
4769,88,0
4770,64,0
4771,53,0
4772,30,1
4773,44,1
4774,38,1
4775,100,1
4776,80,0
4777,105,0
4778,124,0
4779,86,0
4780,58,0
4781,43,1
4782,82,0
4783,35,0
4784,35,1
4785,106,1
4786,50,0
4787,55,1
4788,108,0
4789,132,0
4790,45,1
4791,95,1
4792,88,1
4793,54,0
4794,33,1
4795,98,1
4796,62,1
4797,95,1
4798,23,1
4799,28,1
4800,95,0
4801,40,0
4802,37,0
4803,35,0
4804,44,1
4805,139,1
4806,56,0
4807,54,1
4808,106,0
4809,50,0
4810,56,0
4811,42,0
4812,87,1
4813,45,0
4814,48,1
4815,50,0
4816,46,1
4817,41,1
4818,52,1
4819,29,1
4820,40,0
4821,60,1
4822,83,1
4823,47,0
4824,107,0
4825,67,1
4826,55,1
4827,47,1
4828,40,0
4829,92,1
4830,72,0
4831,82,0
4832,40,0
4833,117,0
4834,53,0
4835,129,1
4836,59,0
4837,80,1
4838,57,1
4839,72,0
4840,76,0
4841,45,0
4842,74,1
4843,27,0
4844,70,0
4845,39,1
4846,34,1
4847,39,0
4848,35,0
4849,28,1
4850,72,1
4851,89,0
4852,30,1
4853,51,1
4854,64,0
4855,40,1
4856,64,0
4857,42,1
4858,43,1
4859,105,1
4860,115,1
4861,34,0
4862,46,1
4863,58,1
4864,40,1
4865,52,0
4866,64,1
4867,103,1
4868,41,1
4869,32,0
4870,60,1
4871,200,0
4872,44,1
4873,69,1
4874,44,0
4875,48,1
4876,57,0
4877,104,0
4878,36,1
4879,129,1
4880,64,1
4881,88,1
4882,24,1
4883,26,1
4884,179,0
4885,49,0
4886,113,1
4887,33,1
4888,74,0
4889,56,1
4890,34,0
4891,16,0
4892,96,1
4893,45,0
4894,24,0
4895,55,0
4896,16,0
4897,37,1
4898,33,0
4899,100,0
4900,41,0
4901,72,0
4902,42,1
4903,200,0
4904,55,0
4905,54,1
4906,9,0
4907,58,0
4908,46,0
4909,28,0
4910,22,0
4911,32,0
4912,24,0
4913,63,1
4914,46,0
4915,51,1
4916,127,1
4917,41,0
4918,9,0
4919,94,1
4920,64,0
4921,31,0
4922,27,0
4923,54,1
4924,16,0
4925,65,1
4926,45,1
4927,57,1
4928,55,1
4929,56,0
4930,47,0
4931,54,0
4932,20,0
4933,41,1
4934,40,0
4935,28,0
4936,108,0
4937,25,1
4938,27,1
4939,50,1
4940,32,0
4941,52,0
4942,76,1
4943,60,0
4944,137,1
4945,35,0
4946,74,1
4947,57,1
4948,76,1
4949,67,0
4950,26,1
4951,65,1
4952,48,0
4953,25,0
4954,95,0
4955,63,0
4956,75,0
4957,51,0
4958,11,0
4959,91,0
4960,33,0
4961,30,1
4962,105,1
4963,119,0
4964,84,1
4965,58,1
4966,32,1
4967,94,1
4968,32,0
4969,72,1
4970,62,0
4971,200,0
4972,46,1
4973,20,0
4974,74,0
4975,64,1
4976,70,0
4977,62,0
4978,96,1
4979,85,0
4980,136,0
4981,45,0
4982,69,0
4983,56,1
4984,95,1
4985,72,0
4986,10,0
4987,35,0
4988,132,0
4989,75,0
4990,19,0
4991,56,0
4992,54,0
4993,79,0
4994,42,1
4995,33,0
4996,16,0
4997,19,0
4998,32,1
4999,51,1
5000,39,1
5001,93,0
5002,34,1
5003,32,0
5004,27,1
5005,102,1
5006,54,0
5007,23,1
5008,44,1
5009,87,0
5010,68,0
5011,52,0
5012,52,1
5013,56,0
5014,60,1
5015,92,0
5016,53,1
5017,163,0
5018,58,0
5019,31,1
5020,38,0
5021,44,1
5022,40,0
5023,93,0
5024,124,1
5025,154,1
5026,124,1
5027,27,0
5028,32,1
5029,97,1
5030,50,0
5031,92,1
5032,199,0
5033,15,0
5034,47,0
5035,62,0
5036,42,0
5037,91,0
5038,42,1
5039,48,0
5040,31,0
5041,35,0
5042,65,0
5043,123,0
5044,24,0
5045,200,0
5046,141,1
5047,124,0
5048,135,1
5049,28,1
5050,31,1
5051,43,1
5052,32,1
5053,80,0
5054,17,0
5055,178,1
5056,54,0
5057,77,1
5058,36,1
5059,82,1
5060,66,1
5061,57,1
5062,52,1
5063,59,1
5064,105,1
5065,87,0
5066,181,1
5067,179,1
5068,37,0
5069,126,0
5070,35,0
5071,31,0
5072,112,0
5073,57,0
5074,109,1
5075,76,1
5076,126,0
5077,100,0
5078,55,1
5079,36,1
5080,61,1
5081,51,1
5082,33,1
5083,77,1
5084,56,0
5085,65,1
5086,79,0
5087,47,1
5088,40,0
5089,26,1
5090,34,0
5091,33,0
5092,44,0
5093,86,0
5094,89,1
5095,75,1
5096,56,1
5097,59,1
5098,24,1
5099,53,1
5100,146,1
5101,81,1
5102,47,1
5103,38,0
5104,40,1
5105,25,0
5106,24,1
5107,42,1
5108,66,1
5109,75,1
5110,53,1
5111,91,1
5112,67,1
5113,119,0
5114,21,0
5115,22,0
5116,45,0
5117,66,1
5118,34,1
5119,52,1
5120,58,1
5121,32,1
5122,20,0
5123,48,0
5124,63,1
5125,19,0
5126,95,1
5127,94,1
5128,37,0
5129,49,0
5130,20,1
5131,38,1
5132,59,1
5133,32,1
5134,81,0
5135,103,1
5136,32,1
5137,30,1
5138,62,1
5139,75,1
5140,39,1
5141,80,0
5142,94,0
5143,80,0
5144,63,1
5145,73,0
5146,72,0
5147,63,0
5148,62,1
5149,125,0
5150,41,0
5151,65,1
5152,59,0
5153,73,0
5154,58,1
5155,29,1
5156,71,0
5157,53,1
5158,43,1
5159,47,0
5160,72,1
5161,120,1
5162,86,0
5163,85,0
5164,44,0
5165,66,1
5166,94,1
5167,26,1
5168,74,1
5169,62,0
5170,18,0
5171,74,1
5172,49,1
5173,93,0
5174,96,1
5175,32,0
5176,80,1
5177,38,0
5178,43,1
5179,66,0
5180,36,0
5181,57,0
5182,98,1
5183,77,1
5184,31,0
5185,40,1
5186,62,1
5187,73,0
5188,106,0
5189,57,1
5190,35,0
5191,26,0
5192,64,0
5193,73,1
5194,66,1
5195,32,0
5196,40,0
5197,40,0
5198,82,0
5199,111,0
5200,67,1
5201,15,0
5202,45,1
5203,82,1
5204,67,0
5205,200,0
5206,29,1
5207,53,1
5208,33,1
5209,81,1
5210,43,0
5211,61,0
5212,142,0
5213,51,0
5214,54,1
5215,52,1
5216,113,1
5217,132,0
5218,122,0
5219,37,0
5220,73,0
5221,57,1
5222,87,1
5223,30,0
5224,42,1
5225,81,1
5226,58,0
5227,49,0
5228,50,0
5229,70,1
5230,68,1
5231,56,0
5232,51,1
5233,43,0
5234,43,0
5235,122,1
5236,60,0
5237,138,0
5238,33,0
5239,42,0
5240,70,1
5241,76,1
5242,43,1
5243,46,1
5244,56,1
5245,137,0
5246,173,1
5247,51,1
5248,89,0
5249,63,1
5250,93,1
5251,42,0
5252,117,0
5253,172,1
5254,61,1
5255,39,1
5256,46,1
5257,42,1
5258,54,1
5259,99,0
5260,63,1
5261,22,1
5262,40,1
5263,106,0
5264,69,0
5265,111,1
5266,111,1
5267,51,0
5268,104,1
5269,148,0
5270,63,0
5271,24,0
5272,65,0
5273,129,0
5274,54,0
5275,42,0
5276,77,1
5277,20,0
5278,29,0
5279,44,1
5280,29,1
5281,94,0
5282,88,0
5283,49,1
5284,63,0
5285,59,0
5286,81,0
5287,39,0
5288,112,0
5289,104,1
5290,50,1
5291,69,1
5292,59,0
5293,56,0
5294,43,1
5295,72,0
5296,86,1
5297,107,0
5298,65,1
5299,30,1
5300,103,1
5301,117,1
5302,36,1
5303,164,0
5304,35,0
5305,57,1
5306,29,1
5307,16,0
5308,28,0
5309,51,1
5310,61,1
5311,43,1
5312,137,1
5313,47,1
5314,56,1
5315,102,0
5316,30,1
5317,64,0
5318,27,0
5319,33,0
5320,93,1
5321,50,1
5322,56,0
5323,23,0
5324,41,1
5325,94,0
5326,62,1
5327,20,0
5328,53,0
5329,27,1
5330,88,0
5331,10,0
5332,49,1
5333,54,1
5334,72,1
5335,30,0
5336,39,0
5337,53,1
5338,14,0
5339,71,1
5340,94,0
5341,38,1
5342,68,1
5343,55,1
5344,69,1
5345,177,0
5346,35,0
5347,60,1
5348,49,0
5349,65,1
5350,78,1
5351,67,1
5352,76,1
5353,99,1
5354,107,1
5355,24,1
5356,81,1
5357,54,1
5358,103,0
5359,192,1
5360,42,1
5361,66,0
5362,33,0
5363,45,0
5364,82,1
5365,55,0
5366,82,0
5367,33,1
5368,81,1
5369,36,1
5370,11,0
5371,47,1
5372,62,0
5373,82,1
5374,45,1
5375,94,0
5376,49,0
5377,98,0
5378,87,1
5379,76,1
5380,47,1
5381,67,1
5382,95,1
5383,45,1
5384,87,0
5385,101,1
5386,33,0
5387,35,1
5388,71,0
5389,69,1
5390,48,0
5391,53,0
5392,41,1
5393,33,0
5394,76,1
5395,24,0
5396,75,1
5397,48,0
5398,66,0
5399,106,0
5400,19,0
5401,106,0
5402,44,0
5403,62,0
5404,53,1
5405,128,1
5406,9,0
5407,153,1
5408,21,0
5409,95,1
5410,80,1
5411,54,1
5412,73,0
5413,41,1
5414,20,1
5415,54,0
5416,36,1
5417,46,0
5418,181,0
5419,79,1
5420,31,1
5421,21,0
5422,51,0
5423,17,1
5424,49,0
5425,82,1
5426,83,1
5427,36,0
5428,50,1
5429,40,0
5430,59,1
5431,47,1
5432,143,0
5433,31,1
5434,101,1
5435,133,0
5436,65,0
5437,29,0
5438,44,1
5439,64,0
5440,46,1
5441,45,1
5442,35,0
5443,82,1
5444,102,0
5445,41,1
5446,60,0
5447,85,0
5448,85,1
5449,67,0
5450,39,1
5451,70,0
5452,133,0
5453,115,0
5454,150,1
5455,42,1
5456,73,0
5457,60,1
5458,53,1
5459,70,0
5460,53,0
5461,99,0
5462,55,0
5463,83,0
5464,19,0
5465,26,0
5466,83,1
5467,75,0
5468,71,1
5469,43,0
5470,39,1
5471,65,1
5472,61,0
5473,31,0
5474,105,1
5475,32,0
5476,84,0
5477,29,1
5478,73,1
5479,129,1
5480,91,1
5481,60,1
5482,89,0
5483,33,0
5484,46,1
5485,53,0
5486,106,1
5487,129,0
5488,44,0
5489,99,0
5490,40,0
5491,55,1
5492,76,1
5493,68,1
5494,26,1
5495,49,1
5496,64,0
5497,15,0
5498,49,1
5499,52,1
5500,57,0
5501,81,1
5502,42,1
5503,26,0
5504,81,0
5505,48,1
5506,86,0
5507,130,0
5508,67,1
5509,153,1
5510,55,0
5511,64,1
5512,32,0
5513,57,0
5514,63,0
5515,61,1
5516,77,1
5517,33,1
5518,35,0
5519,113,0
5520,68,1
5521,92,1
5522,53,1
5523,61,0
5524,42,0
5525,22,0
5526,64,0
5527,87,1
5528,52,0
5529,109,0
5530,70,1
5531,49,1
5532,37,0
5533,66,0
5534,45,0
5535,66,1
5536,37,1
5537,78,0
5538,36,0
5539,89,0
5540,33,1
5541,102,0
5542,41,0
5543,68,1
5544,49,1
5545,73,0
5546,52,0
5547,109,0
5548,29,0
5549,173,1
5550,35,1
5551,40,1
5552,38,0
5553,63,0
5554,86,1
5555,90,1
5556,58,0
5557,28,0
5558,31,1
5559,41,1
5560,66,1
5561,183,1
5562,83,1
5563,48,1
5564,96,0
5565,21,0
5566,105,0
5567,75,0
5568,38,1
5569,19,0
5570,46,0
5571,200,0
5572,33,1
5573,30,1
5574,62,1
5575,65,1
5576,34,0
5577,83,1
5578,69,0
5579,21,1
5580,54,1
5581,36,1
5582,70,1
5583,107,0
5584,43,1
5585,51,0
5586,45,1
5587,54,0
5588,13,0
5589,47,0
5590,36,0
5591,102,1
5592,88,0
5593,68,0
5594,40,0
5595,76,0
5596,52,0
5597,51,0
5598,61,0
5599,91,1
5600,74,0
5601,52,1
5602,81,0
5603,165,1
5604,35,0
5605,64,1
5606,52,0
5607,36,1
5608,34,1
5609,25,0
5610,65,0
5611,41,0
5612,131,0
5613,71,0
5614,56,0
5615,58,0
5616,62,1
5617,37,0
5618,69,1
5619,16,0
5620,44,0
5621,26,1
5622,14,0
5623,59,1
5624,56,1
5625,45,1
5626,28,1
5627,42,1
5628,134,1
5629,38,1
5630,116,0
5631,61,0
5632,142,1
5633,54,0
5634,48,1
5635,140,1
5636,42,1
5637,28,0
5638,94,1
5639,57,0
5640,67,0
5641,43,0
5642,54,0
5643,45,1
5644,101,1
5645,47,1
5646,107,0
5647,41,0
5648,103,1
5649,56,1
5650,22,0
5651,26,1
5652,18,0
5653,26,0
5654,46,1
5655,47,0
5656,49,0
5657,61,0
5658,82,0
5659,57,1
5660,56,1
5661,115,1
5662,50,1
5663,63,1
5664,96,1
5665,32,1
5666,111,1
5667,55,1
5668,53,1
5669,37,0
5670,56,0
5671,45,1
5672,40,0
5673,48,0
5674,67,1
5675,85,0
5676,91,1
5677,38,1
5678,89,1
5679,72,1
5680,37,0
5681,15,0
5682,88,0
5683,134,0
5684,53,1
5685,32,1
5686,49,0
5687,75,0
5688,59,1
5689,22,0
5690,53,1
5691,116,0
5692,27,0
5693,56,1
5694,74,1
5695,41,1
5696,74,1
5697,28,1
5698,104,1
5699,53,0
5700,62,1
5701,95,0
5702,65,0
5703,28,1
5704,24,1
5705,26,0
5706,37,0
5707,34,0
5708,80,0
5709,111,0
5710,28,1
5711,45,0
5712,40,1
5713,41,1
5714,119,0
5715,50,1
5716,97,1
5717,35,1
5718,69,1
5719,97,0
5720,39,1
5721,64,0
5722,20,0
5723,54,0
5724,59,1
5725,32,0
5726,50,0
5727,39,1
5728,58,0
5729,58,1
5730,49,0
5731,114,1
5732,89,1
5733,69,1
5734,62,1
5735,66,1
5736,90,1
5737,34,0
5738,34,1
5739,37,0
5740,64,1
5741,39,0
5742,102,1
5743,86,0
5744,42,0
5745,48,1
5746,100,0
5747,93,0
5748,54,1
5749,125,0
5750,57,1
5751,40,1
5752,23,0
5753,64,0
5754,64,1
5755,79,1
5756,25,1
5757,66,1
5758,65,0
5759,75,0
5760,54,0
5761,61,1
5762,73,0
5763,64,0
5764,82,0
5765,35,0
5766,58,0
5767,77,1
5768,26,0
5769,41,0
5770,44,1
5771,72,1
5772,77,1
5773,81,1
5774,74,0
5775,67,0
5776,53,0
5777,99,0
5778,61,0
5779,56,1
5780,136,0
5781,23,0
5782,33,1
5783,46,0
5784,42,0
5785,48,0
5786,139,0
5787,36,0
5788,104,1
5789,71,0
5790,46,1
5791,29,0
5792,32,0
5793,50,1
5794,48,1
5795,39,1
5796,17,0
5797,35,1
5798,127,1
5799,79,1
5800,53,1
5801,65,0
5802,109,1
5803,32,1
5804,50,1
5805,22,0
5806,67,0
5807,62,1
5808,39,1
5809,58,0
5810,71,0
5811,28,1
5812,22,0
5813,65,0
5814,53,1
5815,34,0
5816,29,0
5817,61,0
5818,154,0
5819,52,1
5820,41,1
5821,48,0
5822,68,1
5823,43,1
5824,75,0
5825,66,1
5826,28,0
5827,36,1
5828,98,0
5829,46,0
5830,90,1
5831,48,1
5832,85,0
5833,39,1
5834,49,0
5835,128,0
5836,54,0
5837,44,1
5838,47,0
5839,130,1
5840,31,1
5841,43,0
5842,64,1
5843,49,1
5844,100,1
5845,31,1
5846,64,0
5847,63,1
5848,75,1
5849,113,0
5850,70,1
5851,154,1
5852,54,0
5853,43,1
5854,64,1
5855,49,1
5856,93,1
5857,39,1
5858,38,1
5859,21,0
5860,63,0
5861,40,1
5862,57,1
5863,126,0
5864,44,1
5865,20,0
5866,85,0
5867,39,1
5868,40,1
5869,45,1
5870,49,1
5871,55,0
5872,27,0
5873,65,1
5874,39,0
5875,62,1
5876,40,0
5877,56,1
5878,112,1
5879,59,0
5880,78,1
5881,30,0
5882,74,0
5883,34,0
5884,46,1
5885,68,1
5886,90,1
5887,133,1
5888,95,1
5889,62,0
5890,90,1
5891,95,0
5892,39,0
5893,113,0
5894,58,0
5895,33,1
5896,38,1
5897,62,1
5898,41,0
5899,19,0
5900,46,1
5901,49,1
5902,48,0
5903,66,0
5904,46,0
5905,49,1
5906,64,1
5907,54,1
5908,51,1
5909,36,0
5910,36,1
5911,92,1
5912,120,0
5913,39,0
5914,32,1
5915,23,0
5916,99,1
5917,103,1
5918,68,0
5919,47,0
5920,48,0
5921,163,1
5922,49,0
5923,44,0
5924,103,0
5925,148,0
5926,56,1
5927,51,1
5928,62,1
5929,72,1
5930,61,0
5931,47,1
5932,36,0
5933,32,0
5934,48,1
5935,61,1
5936,35,1
5937,54,1
5938,58,1
5939,100,1
5940,43,0
5941,98,1
5942,33,0
5943,46,1
5944,46,1
5945,55,0
5946,41,1
5947,41,0
5948,26,1
5949,28,1
5950,54,1
5951,47,1
5952,96,1
5953,27,1
5954,43,1
5955,53,1
5956,22,0
5957,44,1
5958,52,1
5959,65,1
5960,61,1
5961,46,1
5962,31,1
5963,37,1
5964,42,0
5965,15,0
5966,16,0
5967,77,0
5968,32,1
5969,73,0
5970,69,0
5971,114,0
5972,37,1
5973,161,1
5974,51,0
5975,167,1
5976,106,1
5977,53,1
5978,45,1
5979,59,1
5980,36,0
5981,30,0
5982,99,0
5983,33,1
5984,35,1
5985,129,0
5986,29,0
5987,49,1
5988,139,1
5989,85,0
5990,88,0
5991,54,1
5992,18,0
5993,59,0
5994,34,0
5995,45,0
5996,57,0
5997,61,1
5998,108,1
5999,34,1
6000,72,1
6001,52,0
6002,42,0
6003,41,1
6004,67,1
6005,29,0
6006,103,1
6007,35,0
6008,26,0
6009,85,0
6010,83,0
6011,49,1
6012,20,1
6013,56,0
6014,38,1
6015,25,0
6016,35,1
6017,41,0
6018,72,1
6019,150,0
6020,56,1
6021,81,0
6022,159,1
6023,50,1
6024,188,1
6025,49,1
6026,104,0
6027,147,1
6028,68,0
6029,74,0
6030,51,1
6031,38,0
6032,65,0
6033,34,1
6034,63,0
6035,43,0
6036,45,1
6037,89,1
6038,49,1
6039,38,1
6040,40,0
6041,109,1
6042,59,0
6043,50,0
6044,200,0
6045,40,1
6046,123,1
6047,27,0
6048,39,1
6049,47,1
6050,24,0
6051,64,0
6052,118,1
6053,113,1
6054,55,1
6055,33,0
6056,65,0
6057,62,1
6058,29,1
6059,68,1
6060,84,1
6061,42,0
6062,90,0
6063,21,0
6064,55,0
6065,79,1
6066,94,0
6067,38,0
6068,56,1
6069,33,0
6070,78,0
6071,52,1
6072,50,0
6073,80,1
6074,28,0
6075,66,1
6076,103,1
6077,97,1
6078,67,0
6079,37,1
6080,43,1
6081,72,0
6082,36,0
6083,29,0
6084,68,1
6085,23,0
6086,71,1
6087,110,1
6088,57,1
6089,88,0
6090,96,1
6091,40,0
6092,60,0
6093,126,0
6094,95,0
6095,49,1
6096,43,0
6097,27,1
6098,85,1
6099,66,0
6100,42,1
6101,36,1
6102,38,1
6103,44,0
6104,87,0
6105,50,0
6106,108,1
6107,60,1
6108,56,1
6109,86,1
6110,55,0
6111,49,0
6112,110,0
6113,33,0
6114,65,1
6115,122,1
6116,84,0
6117,123,1
6118,69,0
6119,61,1
6120,27,1
6121,45,1
6122,58,0
6123,45,0
6124,72,0
6125,149,0
6126,34,0
6127,106,1
6128,78,1
6129,39,0
6130,96,0
6131,54,1
6132,74,1
6133,29,1
6134,40,1
6135,81,0
6136,67,0
6137,117,0
6138,68,0
6139,40,1
6140,154,0
6141,59,1
6142,127,1
6143,34,1
6144,83,1
6145,51,1
6146,32,1
6147,41,0
6148,54,1
6149,50,0
6150,33,1
6151,108,1
6152,50,1
6153,93,0
6154,94,1
6155,86,1
6156,41,0
6157,21,0
6158,58,0
6159,53,0
6160,70,1
6161,64,1
6162,106,1
6163,40,0
6164,70,1
6165,92,0
6166,48,1
6167,129,0
6168,32,1
6169,21,0
6170,109,0
6171,28,0
6172,55,1
6173,62,1
6174,104,1
6175,43,1
6176,25,1
6177,126,1
6178,200,0
6179,69,0
6180,74,0
6181,72,1
6182,67,0
6183,20,1
6184,78,1
6185,49,1
6186,105,0
6187,57,1
6188,104,1
6189,18,0
6190,60,0
6191,89,0
6192,71,1
6193,28,1
6194,25,1
6195,49,1
6196,103,0
6197,52,1
6198,135,1
6199,59,1
6200,139,1
6201,41,0
6202,58,1
6203,90,0
6204,101,0
6205,82,0
6206,64,0
6207,57,0
6208,98,0
6209,82,1
6210,91,0
6211,54,1
6212,30,1
6213,87,1
6214,83,1
6215,23,1
6216,47,0
6217,88,0
6218,23,0
6219,39,0
6220,42,0
6221,87,0
6222,28,1
6223,88,1
6224,44,1
6225,55,1
6226,200,0
6227,72,1
6228,41,0
6229,54,0
6230,57,0
6231,56,0
6232,59,1
6233,30,1
6234,55,0
6235,62,0
6236,27,0
6237,32,0
6238,18,0
6239,70,1
6240,76,0
6241,48,0
6242,9,0
6243,30,0
6244,132,0
6245,37,0
6246,88,0
6247,93,1
6248,54,0
6249,134,1
6250,55,0
6251,52,1
6252,34,1
6253,58,0
6254,87,1
6255,162,1
6256,70,0
6257,59,1
6258,38,0
6259,84,1
6260,93,1
6261,58,1
6262,93,0
6263,118,0
6264,76,1
6265,66,1
6266,50,0
6267,80,1
6268,33,0
6269,15,0
6270,31,1
6271,48,0
6272,77,0
6273,69,0
6274,54,0
6275,82,1
6276,43,1
6277,42,1
6278,36,1
6279,79,1
6280,58,0
6281,31,0
6282,52,0
6283,61,0
6284,36,0
6285,63,1
6286,38,1
6287,77,1
6288,31,0
6289,41,1
6290,59,0
6291,17,0
6292,104,0
6293,78,1
6294,116,0
6295,26,0
6296,49,0
6297,47,1
6298,26,1
6299,30,0
6300,49,1
6301,40,1
6302,30,0
6303,200,0
6304,41,0
6305,15,0
6306,40,1
6307,111,1
6308,56,1
6309,56,1
6310,85,0
6311,44,1
6312,59,0
6313,44,1
6314,115,0
6315,94,1
6316,34,0
6317,25,1
6318,34,1
6319,69,1
6320,64,1
6321,17,1
6322,28,1
6323,76,0
6324,112,0
6325,60,1
6326,62,1
6327,61,1
6328,169,0
6329,83,0
6330,17,0
6331,163,1
6332,42,1
6333,23,1
6334,37,1
6335,68,0
6336,55,1
6337,54,0
6338,38,1
6339,106,1
6340,71,0
6341,79,0
6342,66,1
6343,61,0
6344,60,0
6345,22,0
6346,30,0
6347,50,0
6348,13,0
6349,21,0
6350,28,1
6351,53,1
6352,55,1
6353,180,1
6354,43,1
6355,40,1
6356,69,1
6357,182,1
6358,63,0
6359,39,1
6360,61,1
6361,56,0
6362,28,1
6363,35,0
6364,58,0
6365,103,0
6366,127,1
6367,30,1
6368,138,0
6369,22,0
6370,69,0
6371,67,0
6372,60,1
6373,63,0
6374,51,1
6375,39,0
6376,39,1
6377,56,0
6378,71,1
6379,42,1
6380,39,0
6381,42,0
6382,67,0
6383,82,0
6384,120,1
6385,200,0
6386,72,1
6387,21,0
6388,54,0
6389,92,0
6390,58,0
6391,51,1
6392,200,0
6393,87,0
6394,64,1
6395,79,0
6396,24,0
6397,47,1
6398,62,0
6399,23,0
6400,114,1
6401,44,0
6402,9,0
6403,90,1
6404,60,1
6405,26,1
6406,68,1
6407,59,0
6408,66,1
6409,45,1
6410,112,0
6411,23,0
6412,27,1
6413,40,1
6414,53,1
6415,47,1
6416,61,0
6417,88,1
6418,50,1
6419,37,0
6420,122,0
6421,137,0
6422,105,1
6423,48,0
6424,58,1
6425,56,1
6426,25,0
6427,96,0
6428,104,0
6429,14,0
6430,73,0
6431,63,0
6432,41,1
6433,35,1
6434,71,1
6435,33,0
6436,59,1
6437,43,1
6438,80,1
6439,32,0
6440,70,1
6441,99,1
6442,45,1
6443,55,0
6444,49,1
6445,53,0
6446,76,0
6447,31,0
6448,53,0
6449,58,0
6450,77,1
6451,52,0
6452,129,1
6453,69,0
6454,82,1
6455,96,1
6456,97,0
6457,88,0
6458,57,0
6459,113,0
6460,52,0
6461,92,0
6462,84,0
6463,40,0
6464,140,0
6465,47,1
6466,45,0
6467,23,0
6468,29,1
6469,53,0
6470,65,0
6471,123,1
6472,52,1
6473,35,0
6474,81,0
6475,67,1
6476,85,0
6477,88,1
6478,115,0
6479,47,1
6480,43,0
6481,63,1
6482,46,1
6483,34,1
6484,34,1
6485,109,0
6486,61,1
6487,44,0
6488,79,1
6489,67,0
6490,35,0
6491,31,1
6492,69,1
6493,72,1
6494,121,0
6495,15,0
6496,48,1
6497,47,1
6498,88,0
6499,11,0
6500,48,0
6501,28,0
6502,18,0
6503,93,1
6504,52,1
6505,38,1
6506,67,1
6507,59,0
6508,61,1
6509,48,1
6510,115,1
6511,171,1
6512,40,0
6513,200,0
6514,115,1
6515,74,1
6516,35,0
6517,35,0
6518,83,1
6519,55,0
6520,133,0
6521,87,1
6522,56,1
6523,97,0
6524,92,1
6525,76,1
6526,41,0
6527,31,1
6528,136,1
6529,137,1
6530,47,0
6531,31,0
6532,50,1
6533,100,0
6534,26,1
6535,42,0
6536,30,1
6537,174,1
6538,36,0
6539,22,0
6540,80,0
6541,31,0
6542,32,1
6543,70,1
6544,44,0
6545,117,0
6546,59,1
6547,42,1
6548,57,1
6549,48,1
6550,47,0
6551,110,1
6552,49,1
6553,70,1
6554,66,0
6555,33,1
6556,35,1
6557,58,0
6558,79,0
6559,85,1
6560,21,0
6561,20,0
6562,77,1
6563,53,1
6564,95,1
6565,58,0
6566,82,0
6567,85,1
6568,200,0
6569,47,0
6570,20,0
6571,39,0
6572,53,0
6573,83,0
6574,60,1
6575,42,0
6576,73,1
6577,50,0
6578,23,0
6579,111,1
6580,44,1
6581,9,0
6582,77,1
6583,105,0
6584,38,0
6585,61,0
6586,46,0
6587,83,1
6588,112,1
6589,51,1
6590,70,0
6591,39,1
6592,49,1
6593,30,0
6594,79,1
6595,55,0
6596,29,0
6597,140,0
6598,80,1
6599,64,0
6600,55,1
6601,89,1
6602,62,1
6603,27,1
6604,41,1
6605,93,0
6606,98,1
6607,24,1
6608,53,0
6609,187,0
6610,21,0
6611,144,1
6612,74,0
6613,30,1
6614,40,1
6615,89,1
6616,94,0
6617,48,0
6618,44,1
6619,93,1
6620,73,1
6621,70,1
6622,131,1
6623,64,1
6624,56,1
6625,38,0
6626,79,1
6627,64,1
6628,86,0
6629,44,1
6630,34,0
6631,200,0
6632,19,0
6633,53,1
6634,21,0
6635,17,0
6636,33,0
6637,35,0
6638,32,1
6639,45,1
6640,28,0
6641,75,1
6642,96,1
6643,54,0
6644,39,1
6645,48,1
6646,72,0
6647,24,0
6648,45,0
6649,40,0
6650,51,1
6651,28,1
6652,74,1
6653,32,1
6654,27,0
6655,46,1
6656,109,1
6657,91,0
6658,63,0
6659,75,1
6660,12,0
6661,63,0
6662,57,1
6663,51,0
6664,74,1
6665,41,0
6666,116,1
6667,90,1
6668,59,1
6669,40,1
6670,109,1
6671,43,1
6672,17,0
6673,67,0
6674,109,0
6675,14,0
6676,44,1
6677,27,0
6678,32,0
6679,39,0
6680,61,1
6681,54,0
6682,86,1
6683,68,0
6684,28,0
6685,87,1
6686,68,0
6687,83,0
6688,129,1
6689,25,0
6690,34,1
6691,52,1
6692,61,0
6693,80,1
6694,13,0
6695,45,1
6696,88,0
6697,54,0
6698,63,1
6699,54,0
6700,79,0
6701,42,0
6702,72,0
6703,98,0
6704,196,0
6705,36,1
6706,48,0
6707,40,1
6708,10,0
6709,36,0
6710,125,1
6711,45,0
6712,35,1
6713,66,1
6714,176,1
6715,129,0
6716,11,0
6717,43,0
6718,46,1
6719,56,0
6720,97,1
6721,67,0
6722,87,1
6723,22,1
6724,91,1
6725,41,0
6726,14,0
6727,50,1
6728,34,0
6729,44,1
6730,60,0
6731,64,1
6732,51,1
6733,34,1
6734,102,1
6735,56,1
6736,101,1
6737,84,1
6738,90,1
6739,107,1
6740,64,0
6741,136,1
6742,15,0
6743,57,1
6744,125,0
6745,90,0
6746,200,1
6747,56,1
6748,118,1
6749,66,1
6750,32,0
6751,58,1
6752,70,0
6753,24,1
6754,104,1
6755,127,0
6756,71,0
6757,88,0
6758,19,0
6759,100,0
6760,38,1
6761,39,1
6762,77,1
6763,86,1
6764,44,0
6765,48,1
6766,64,0
6767,43,0
6768,56,1
6769,56,1
6770,151,1
6771,95,0
6772,71,0
6773,106,1
6774,71,1
6775,69,1
6776,83,0
6777,79,1
6778,25,0
6779,80,0
6780,47,1
6781,32,0
6782,163,0
6783,67,0
6784,61,1
6785,48,1
6786,33,0
6787,47,0
6788,42,1
6789,18,0
6790,49,1
6791,75,0
6792,51,1
6793,121,0
6794,77,0
6795,36,1
6796,32,1
6797,67,1
6798,29,1
6799,148,0
6800,19,0
6801,98,0
6802,59,0
6803,27,0
6804,54,0
6805,30,1
6806,73,1
6807,70,0
6808,38,1
6809,62,1
6810,16,0
6811,77,0
6812,30,0
6813,53,1
6814,61,1
6815,48,1
6816,45,1
6817,42,1
6818,21,0
6819,62,0
6820,44,0
6821,48,1
6822,51,1
6823,98,0
6824,59,0
6825,50,0
6826,96,1
6827,80,1
6828,69,0
6829,102,1
6830,36,0
6831,74,0
6832,33,1
6833,57,1
6834,14,0
6835,67,0
6836,41,0
6837,56,1
6838,32,0
6839,58,1
6840,117,1
6841,67,1
6842,67,1
6843,38,1
6844,44,0
6845,25,0
6846,57,0
6847,81,1
6848,19,1
6849,117,1
6850,37,0
6851,27,1
6852,167,1
6853,139,1
6854,42,1
6855,83,0
6856,106,1
6857,23,1
6858,34,1
6859,85,0
6860,118,1
6861,56,0
6862,65,0
6863,49,0
6864,38,1
6865,89,0
6866,58,1
6867,24,1
6868,52,1
6869,70,0
6870,45,1
6871,32,1
6872,25,0
6873,63,1
6874,73,1
6875,99,0
6876,36,1
6877,199,1
6878,77,1
6879,37,0
6880,139,1
6881,130,1
6882,103,1
6883,65,1
6884,71,0
6885,38,0
6886,93,1
6887,77,1
6888,37,0
6889,30,0
6890,43,1
6891,14,0
6892,62,1
6893,166,1
6894,35,0
6895,85,0
6896,115,0
6897,55,1
6898,101,0
6899,71,1
6900,80,1
6901,53,0
6902,57,1
6903,76,1
6904,28,0
6905,65,1
6906,60,1
6907,59,0
6908,48,1
6909,200,0
6910,97,1
6911,105,0
6912,60,0
6913,87,1
6914,63,0
6915,48,0
6916,63,0
6917,64,0
6918,199,1
6919,59,1
6920,63,1
6921,153,1
6922,53,1
6923,85,0
6924,38,0
6925,26,1
6926,78,0
6927,70,0
6928,29,1
6929,60,1
6930,77,1
6931,115,0
6932,40,0
6933,53,0
6934,103,1
6935,94,0
6936,55,1
6937,65,1
6938,89,1
6939,46,1
6940,51,0
6941,46,1
6942,80,1
6943,47,0
6944,13,0
6945,67,1
6946,54,0
6947,12,0
6948,56,1
6949,49,0
6950,58,1
6951,141,1
6952,57,1
6953,39,0
6954,160,0
6955,21,0
6956,55,1
6957,46,0
6958,31,0
6959,71,1
6960,157,0
6961,65,0
6962,42,0
6963,63,0
6964,35,0
6965,41,1
6966,61,0
6967,23,0
6968,64,0
6969,52,0
6970,75,1
6971,57,0
6972,48,0
6973,42,0
6974,37,1
6975,68,1
6976,46,1
6977,79,0
6978,39,1
6979,73,1
6980,41,1
6981,47,1
6982,55,1
6983,61,1
6984,37,1
6985,35,0
6986,46,0
6987,45,1
6988,40,0
6989,45,1
6990,19,1
6991,26,0
6992,56,1
6993,45,1
6994,97,0
6995,40,0
6996,48,1
6997,47,0
6998,73,1
6999,78,1
7000,149,0
7001,94,1
7002,79,1
7003,71,0
7004,32,0
7005,24,0
7006,59,1
7007,34,0
7008,54,1
7009,70,0
7010,107,1
7011,58,1
7012,31,0
7013,61,1
7014,40,1
7015,81,1
7016,112,1
7017,47,1
7018,56,0
7019,33,1
7020,48,1
7021,52,0
7022,90,0
7023,69,0
7024,47,1
7025,84,1
7026,100,0
7027,31,0
7028,22,1
7029,126,0
7030,80,0
7031,105,1
7032,128,1
7033,53,0
7034,47,1
7035,43,1
7036,73,1
7037,73,1
7038,31,0
7039,49,1
7040,85,0
7041,97,0
7042,40,1
7043,87,0
7044,63,1
7045,146,0
7046,54,1
7047,44,1
7048,62,0
7049,72,1
7050,75,1
7051,61,1
7052,41,0
7053,75,0
7054,45,0
7055,106,1
7056,69,0
7057,103,0
7058,76,0
7059,77,1
7060,53,1
7061,62,0
7062,32,1
7063,30,0
7064,26,0
7065,140,1
7066,52,0
7067,71,1
7068,85,0
7069,30,0
7070,26,0
7071,177,0
7072,35,0
7073,81,0
7074,41,0
7075,30,0
7076,58,0
7077,63,0
7078,49,1
7079,47,0
7080,48,1
7081,157,1
7082,83,0
7083,66,0
7084,102,1
7085,96,0
7086,156,1
7087,133,1
7088,51,1
7089,65,1
7090,34,1
7091,30,0
7092,83,1
7093,104,0
7094,80,0
7095,32,0
7096,50,1
7097,70,1
7098,56,1
7099,50,0
7100,17,0
7101,84,1
7102,110,1
7103,41,1
7104,62,1
7105,31,0
7106,66,0
7107,167,1
7108,56,1
7109,77,1
7110,45,1
7111,12,0
7112,43,1
7113,77,1
7114,87,1
7115,60,1
7116,83,1
7117,108,0
7118,70,0
7119,43,1
7120,140,0
7121,52,0
7122,56,0
7123,78,1
7124,79,0
7125,150,0
7126,43,0
7127,59,1
7128,118,0
7129,31,0
7130,51,1
7131,120,1
7132,111,1
7133,57,0
7134,120,0
7135,24,0
7136,153,1
7137,57,1
7138,47,1
7139,53,1
7140,72,1
7141,88,0
7142,57,0
7143,115,0
7144,31,1
7145,11,0
7146,78,1
7147,65,0
7148,87,0
7149,121,0
7150,68,1
7151,149,1
7152,50,1
7153,73,0
7154,109,0
7155,54,0
7156,39,0
7157,118,0
7158,76,1
7159,35,0
7160,58,1
7161,41,1
7162,112,0
7163,114,0
7164,73,0
7165,23,1
7166,138,0
7167,87,1
7168,115,1
7169,78,0
7170,200,0
7171,43,0
7172,73,0
7173,40,0
7174,31,0
7175,25,0
7176,48,1
7177,40,0
7178,75,0
7179,66,1
7180,40,0
7181,47,0
7182,58,0
7183,21,0
7184,85,1
7185,38,1
7186,32,0
7187,53,1
7188,101,0
7189,47,0
7190,48,0
7191,100,1
7192,34,1
7193,105,0
7194,58,1
7195,44,0
7196,89,0
7197,44,1
7198,35,1
7199,60,0
7200,67,0
7201,40,1
7202,35,1
7203,58,1
7204,81,1
7205,61,0
7206,65,0
7207,54,0
7208,77,1
7209,38,1
7210,55,0
7211,16,0
7212,22,0
7213,25,1
7214,42,0
7215,31,0
7216,29,0
7217,64,1
7218,59,1
7219,54,0
7220,41,1
7221,59,1
7222,128,1
7223,65,0
7224,41,0
7225,84,1
7226,64,0
7227,133,1
7228,42,0
7229,67,1
7230,33,0
7231,63,0
7232,49,0
7233,38,0
7234,36,1
7235,46,0
7236,25,0
7237,23,0
7238,67,0
7239,65,0
7240,58,1
7241,109,0
7242,97,0
7243,83,1
7244,49,1
7245,77,0
7246,90,0
7247,33,1
7248,64,0
7249,95,0
7250,15,0
7251,160,1
7252,57,1
7253,92,1
7254,29,1
7255,26,0
7256,104,0
7257,109,1
7258,63,0
7259,30,1
7260,64,1
7261,64,1
7262,27,0
7263,70,0
7264,52,1
7265,36,1
7266,36,0
7267,62,1
7268,113,1
7269,18,0
7270,53,0
7271,55,0
7272,86,0
7273,33,0
7274,77,1
7275,74,0
7276,66,0
7277,82,1
7278,88,1
7279,53,0
7280,89,1
7281,73,1
7282,55,0
7283,111,0
7284,45,0
7285,77,1
7286,50,1
7287,47,1
7288,90,1
7289,65,0
7290,115,0
7291,17,0
7292,53,1
7293,47,0
7294,78,1
7295,57,1
7296,77,0
7297,43,0
7298,82,0
7299,42,1
7300,35,1
7301,35,0
7302,37,1
7303,166,1
7304,86,0
7305,98,0
7306,26,1
7307,46,0
7308,40,0
7309,35,1
7310,61,0
7311,26,0
7312,128,0
7313,31,0
7314,32,0
7315,70,1
7316,37,1
7317,26,0
7318,26,1
7319,29,1
7320,54,1
7321,75,1
7322,47,1
7323,61,0
7324,30,0
7325,51,0
7326,97,1
7327,64,1
7328,82,0
7329,200,0
7330,65,1
7331,106,1
7332,80,1
7333,39,0
7334,41,0
7335,59,1
7336,99,1
7337,45,0
7338,36,1
7339,26,1
7340,81,0
7341,26,0
7342,96,0
7343,78,0
7344,32,0
7345,69,1
7346,37,1
7347,28,1
7348,66,1
7349,39,0
7350,112,1
7351,88,1
7352,25,0
7353,40,1
7354,101,1
7355,66,1
7356,34,1
7357,67,0
7358,82,0
7359,45,0
7360,93,1
7361,32,0
7362,100,1
7363,110,0
7364,31,0
7365,42,0
7366,86,1
7367,95,1
7368,77,1
7369,40,0
7370,44,1
7371,50,1
7372,69,1
7373,32,1
7374,29,0
7375,119,1
7376,40,0
7377,99,0
7378,22,0
7379,95,1
7380,55,1
7381,114,1
7382,41,1
7383,54,0
7384,122,0
7385,48,0
7386,52,0
7387,47,0
7388,64,0
7389,87,1
7390,33,0
7391,38,0
7392,24,0
7393,52,1
7394,72,0
7395,67,0
7396,79,0
7397,74,1
7398,48,0
7399,34,0
7400,59,1
7401,52,1
7402,31,1
7403,138,1
7404,15,0
7405,47,1
7406,84,0
7407,65,1
7408,80,0
7409,37,1
7410,41,0
7411,32,0
7412,57,1
7413,45,0
7414,86,0
7415,31,0
7416,91,0
7417,28,0
7418,44,1
7419,54,1
7420,50,0
7421,92,1
7422,52,1
7423,46,0
7424,43,1
7425,85,1
7426,62,1
7427,43,0
7428,45,1
7429,99,1
7430,65,1
7431,97,0
7432,67,0
7433,116,0
7434,22,0
7435,45,0
7436,46,1
7437,56,1
7438,100,0
7439,58,1
7440,154,1
7441,49,1
7442,103,1
7443,21,0
7444,88,0
7445,70,0
7446,20,0
7447,98,1
7448,107,1
7449,55,1
7450,32,0
7451,85,1
7452,63,1
7453,58,0
7454,30,0
7455,174,1
7456,199,0
7457,20,0
7458,44,1
7459,154,0
7460,48,1
7461,16,1
7462,83,1
7463,68,0
7464,31,1
7465,18,0
7466,78,1
7467,63,0
7468,56,0
7469,23,1
7470,40,1
7471,57,0
7472,67,1
7473,45,1
7474,66,1
7475,64,1
7476,49,0
7477,75,0
7478,43,0
7479,26,0
7480,24,1
7481,72,0
7482,30,1
7483,11,0
7484,50,1
7485,103,1
7486,56,0
7487,48,0
7488,133,1
7489,52,1
7490,106,1
7491,73,1
7492,49,0
7493,89,1
7494,32,0
7495,65,0
7496,45,1
7497,74,1
7498,111,0
7499,58,0
7500,62,1
7501,17,0
7502,71,1
7503,47,1
7504,59,0
7505,100,0
7506,31,0
7507,110,1
7508,99,0
7509,34,1
7510,26,1
7511,171,1
7512,43,1
7513,50,1
7514,51,0
7515,63,1
7516,62,1
7517,81,1
7518,37,1
7519,100,1
7520,51,1
7521,67,0
7522,61,1
7523,133,0
7524,62,0
7525,57,1
7526,35,0
7527,60,1
7528,164,1
7529,41,0
7530,54,1
7531,200,0
7532,62,1
7533,80,1
7534,28,1
7535,37,1
7536,66,0
7537,100,1
7538,57,0
7539,65,1
7540,100,0
7541,21,0
7542,104,0
7543,66,1
7544,102,0
7545,91,1
7546,67,1
7547,89,0
7548,108,0
7549,27,1
7550,68,0
7551,36,0
7552,68,0
7553,60,1
7554,53,1
7555,75,0
7556,121,0
7557,37,1
7558,30,0
7559,23,0
7560,53,0
7561,78,1
7562,55,1
7563,57,1
7564,37,1
7565,110,0
7566,39,1
7567,45,1
7568,40,1
7569,88,0
7570,20,0
7571,62,1
7572,34,1
7573,63,1
7574,77,1
7575,37,1
7576,44,0
7577,121,0
7578,115,1
7579,41,1
7580,43,1
7581,95,1
7582,42,0
7583,58,1
7584,28,1
7585,113,1
7586,50,1
7587,57,1
7588,69,0
7589,70,1
7590,26,1
7591,91,0
7592,78,0
7593,100,0
7594,22,1
7595,21,1
7596,59,1
7597,79,1
7598,69,1
7599,66,1
7600,89,0
7601,56,1
7602,51,0
7603,87,1
7604,54,1
7605,104,0
7606,59,0
7607,92,0
7608,162,0
7609,57,0
7610,51,1
7611,19,0
7612,75,0
7613,65,1
7614,96,1
7615,66,0
7616,32,1
7617,59,1
7618,68,0
7619,25,0
7620,36,1
7621,39,1
7622,92,1
7623,96,1
7624,149,0
7625,66,1
7626,70,0
7627,47,1
7628,119,0
7629,78,1
7630,57,1
7631,66,1
7632,31,1
7633,67,0
7634,51,0
7635,129,1
7636,61,1
7637,95,1
7638,60,1
7639,29,0
7640,53,1
7641,42,0
7642,49,1
7643,102,1
7644,57,1
7645,54,0
7646,55,1
7647,40,1
7648,71,1
7649,70,1
7650,76,1
7651,41,0
7652,54,1
7653,54,1
7654,86,1
7655,46,0
7656,92,1
7657,52,0
7658,30,1
7659,112,0
7660,67,1
7661,24,1
7662,41,0
7663,148,1
7664,56,1
7665,111,1
7666,30,0
7667,53,0
7668,77,0
7669,50,0
7670,35,0
7671,37,0
7672,45,1
7673,28,1
7674,70,1
7675,122,0
7676,62,1
7677,193,1
7678,55,1
7679,48,0
7680,104,1
7681,89,1
7682,78,1
7683,52,0
7684,156,1
7685,22,0
7686,36,1
7687,26,0
7688,59,0
7689,52,0
7690,112,0
7691,104,1
7692,57,0
7693,64,1
7694,142,1
7695,28,1
7696,26,1
7697,28,0
7698,51,1
7699,102,1
7700,52,1
7701,22,0
7702,31,1
7703,65,1
7704,67,1
7705,34,0
7706,43,1
7707,60,1
7708,69,1
7709,27,0
7710,44,0
7711,64,0
7712,57,0
7713,143,1
7714,65,1
7715,9,0
7716,82,1
7717,66,1
7718,80,1
7719,54,1
7720,57,0
7721,37,0
7722,50,1
7723,21,1
7724,45,0
7725,39,1
7726,110,0
7727,62,1
7728,32,0
7729,45,1
7730,39,0
7731,119,1
7732,52,1
7733,44,0
7734,64,1
7735,53,1
7736,102,1
7737,31,0
7738,41,1
7739,34,1
7740,65,0
7741,44,0
7742,29,0
7743,70,0
7744,32,1
7745,31,1
7746,49,1
7747,68,1
7748,200,0
7749,51,1
7750,47,0
7751,45,1
7752,46,0
7753,45,0
7754,188,0
7755,65,0
7756,60,1
7757,62,1
7758,48,0
7759,154,1
7760,61,0
7761,29,1
7762,41,1
7763,66,1
7764,60,1
7765,46,0
7766,75,1
7767,91,0
7768,96,0
7769,56,0
7770,104,1
7771,87,1
7772,29,1
7773,38,1
7774,46,1
7775,94,1
7776,71,0
7777,55,1
7778,63,0
7779,41,0
7780,40,0
7781,34,0
7782,69,0
7783,82,1
7784,90,0
7785,46,0
7786,16,0
7787,71,0
7788,38,0
7789,41,1
7790,64,0
7791,94,1
7792,17,0
7793,127,1
7794,136,0
7795,46,1
7796,36,1
7797,44,0
7798,27,1
7799,55,0
7800,39,0
7801,57,1
7802,200,0
7803,172,0
7804,57,1
7805,64,0
7806,82,0
7807,14,0
7808,67,1
7809,133,0
7810,80,1
7811,72,1
7812,50,0
7813,76,1
7814,36,1
7815,51,0
7816,52,0
7817,10,0
7818,77,0
7819,61,1
7820,66,1
7821,38,0
7822,34,0
7823,47,1
7824,75,1
7825,45,1
7826,66,0
7827,96,0
7828,47,1
7829,67,1
7830,21,0
7831,52,1
7832,60,0
7833,47,1
7834,36,0
7835,17,0
7836,82,0
7837,90,1
7838,51,1
7839,59,1
7840,72,1
7841,28,0
7842,36,0
7843,71,1
7844,35,0
7845,26,1
7846,38,0
7847,189,1
7848,47,1
7849,39,0
7850,62,1
7851,62,1
7852,39,0
7853,36,1
7854,41,0
7855,61,1
7856,116,1
7857,37,0
7858,138,0
7859,41,1
7860,133,0
7861,78,1
7862,50,1
7863,41,1
7864,73,1
7865,24,0
7866,13,0
7867,32,1
7868,40,0
7869,33,1
7870,62,1
7871,30,0
7872,55,0
7873,99,0
7874,78,1
7875,167,0
7876,22,0
7877,70,1
7878,48,1
7879,53,1
7880,30,0
7881,71,1
7882,40,1
7883,61,0
7884,90,1
7885,92,1
7886,109,1
7887,35,0
7888,90,1
7889,55,1
7890,74,1
7891,48,0
7892,34,1
7893,17,0
7894,64,0
7895,16,0
7896,49,0
7897,48,1
7898,55,0
7899,62,1
7900,94,1
7901,36,0
7902,76,1
7903,39,0
7904,86,1
7905,35,1
7906,35,1
7907,48,0
7908,35,1
7909,65,0
7910,42,1
7911,74,0
7912,26,1
7913,38,1
7914,85,0
7915,58,1
7916,120,0
7917,77,1
7918,71,0
7919,57,1
7920,36,1
7921,71,1
7922,82,0
7923,61,1
7924,79,1
7925,135,0
7926,33,0
7927,49,0
7928,87,0
7929,69,0
7930,147,0
7931,29,1
7932,29,1
7933,106,0
7934,41,1
7935,26,0
7936,49,1
7937,47,1
7938,67,0
7939,45,0
7940,44,1
7941,40,0
7942,51,1
7943,37,0
7944,108,0
7945,17,0
7946,42,1
7947,27,0
7948,48,0
7949,45,0
7950,139,1
7951,25,1
7952,40,1
7953,45,0
7954,137,1
7955,75,0
7956,49,1
7957,88,0
7958,39,0
7959,43,1
7960,55,1
7961,71,1
7962,91,1
7963,51,1
7964,89,1
7965,80,1
7966,57,0
7967,43,0
7968,37,1
7969,56,0
7970,73,1
7971,70,1
7972,29,0
7973,98,0
7974,42,1
7975,135,1
7976,51,1
7977,68,0
7978,54,1
7979,81,0
7980,29,0
7981,30,1
7982,90,0
7983,42,0
7984,25,1
7985,200,0
7986,39,0
7987,64,1
7988,68,1
7989,41,1
7990,65,1
7991,91,0
7992,133,1
7993,49,0
7994,105,1
7995,15,0
7996,74,1
7997,64,0
7998,42,1
7999,30,0
8000,51,0
8001,106,1
8002,89,1
8003,45,0
8004,77,1
8005,65,1
8006,43,1
8007,181,1
8008,33,0
8009,44,1
8010,47,0
8011,68,0
8012,88,0
8013,79,0
8014,44,0
8015,47,0
8016,48,1
8017,65,1
8018,33,0
8019,89,1
8020,40,0
8021,40,0
8022,25,1
8023,131,1
8024,73,1
8025,46,0
8026,29,1
8027,161,1
8028,67,0
8029,17,0
8030,15,0
8031,76,0
8032,63,1
8033,71,1
8034,24,0
8035,36,0
8036,34,0
8037,139,1
8038,46,1
8039,157,1
8040,36,0
8041,98,1
8042,67,1
8043,59,0
8044,77,1
8045,76,0
8046,82,0
8047,70,1
8048,50,1
8049,40,0
8050,38,0
8051,20,1
8052,15,0
8053,59,0
8054,68,1
8055,159,0
8056,50,0
8057,14,0
8058,28,0
8059,55,1
8060,77,1
8061,59,1
8062,77,1
8063,103,1
8064,35,1
8065,139,0
8066,14,0
8067,50,1
8068,70,1
8069,23,0
8070,52,1
8071,19,0
8072,119,0
8073,123,0
8074,66,1
8075,36,0
8076,64,1
8077,89,1
8078,13,0
8079,51,1
8080,61,0
8081,29,1
8082,52,0
8083,120,0
8084,77,1
8085,27,0
8086,102,1
8087,53,0
8088,50,1
8089,87,1
8090,31,1
8091,32,1
8092,41,0
8093,40,0
8094,86,0
8095,8,0
8096,57,0
8097,33,0
8098,130,1
8099,68,1
8100,120,0
8101,36,1
8102,11,0
8103,40,1
8104,53,1
8105,75,1
8106,40,1
8107,137,1
8108,41,1
8109,67,1
8110,34,1
8111,136,1
8112,66,1
8113,40,0
8114,39,1
8115,60,0
8116,38,0
8117,54,0
8118,36,1
8119,60,0
8120,122,1
8121,46,1
8122,38,1
8123,44,0
8124,68,0
8125,28,1
8126,55,0
8127,48,1
8128,96,1
8129,42,0
8130,57,0
8131,86,1
8132,107,1
8133,38,0
8134,30,1
8135,30,1
8136,125,1
8137,31,1
8138,44,0
8139,32,0
8140,58,1
8141,87,1
8142,30,1
8143,112,0
8144,48,1
8145,27,0
8146,87,1
8147,46,0
8148,37,1
8149,97,0
8150,126,0
8151,109,1
8152,100,1
8153,41,1
8154,46,1
8155,53,1
8156,52,1
8157,42,0
8158,58,0
8159,53,1
8160,200,0
8161,35,1
8162,71,1
8163,55,1
8164,47,1
8165,93,1
8166,72,1
8167,43,0
8168,44,0
8169,94,1
8170,37,1
8171,43,1
8172,100,1
8173,74,1
8174,58,0
8175,48,0
8176,55,0
8177,55,1
8178,34,0
8179,63,1
8180,89,1
8181,37,1
8182,64,1
8183,73,0
8184,94,1
8185,68,1
8186,141,0
8187,65,0
8188,61,1
8189,73,1
8190,119,1
8191,37,0
8192,24,1
8193,131,1
8194,62,0
8195,40,0
8196,82,1
8197,83,1
8198,36,1
8199,60,0
8200,72,0
8201,60,1
8202,71,1
8203,200,0
8204,39,1
8205,90,1
8206,83,0
8207,75,0
8208,55,1
8209,30,0
8210,54,1
8211,100,1
8212,56,1
8213,9,0
8214,36,1
8215,72,0
8216,97,1
8217,50,0
8218,83,0
8219,55,1
8220,58,0
8221,66,0
8222,40,1
8223,107,0
8224,103,1
8225,109,0
8226,80,0
8227,41,0
8228,105,1
8229,65,1
8230,68,0
8231,101,1
8232,41,0
8233,59,1
8234,150,1
8235,24,0
8236,58,0
8237,31,0
8238,146,0
8239,17,0
8240,146,0
8241,118,1
8242,45,1
8243,9,0
8244,24,0
8245,90,0
8246,63,0
8247,41,1
8248,118,1
8249,71,0
8250,51,1
8251,89,1
8252,134,0
8253,32,0
8254,54,0
8255,68,0
8256,43,0
8257,89,0
8258,46,0
8259,27,0
8260,81,0
8261,62,1
8262,118,1
8263,71,1
8264,160,0
8265,51,1
8266,67,1
8267,52,1
8268,100,0
8269,37,1
8270,115,1
8271,76,0
8272,80,0
8273,46,1
8274,148,1
8275,77,1
8276,33,1
8277,104,1
8278,45,1
8279,50,1
8280,70,0
8281,52,1
8282,52,0
8283,111,1
8284,15,0
8285,141,0
8286,57,0
8287,38,1
8288,116,0
8289,53,1
8290,94,0
8291,15,0
8292,18,0
8293,27,1
8294,63,1
8295,36,0
8296,28,0
8297,68,0
8298,68,0
8299,71,0
8300,32,1
8301,89,1
8302,62,1
8303,114,0
8304,42,0
8305,18,0
8306,68,0
8307,45,1
8308,67,1
8309,63,0
8310,86,1
8311,139,1
8312,50,0
8313,12,0
8314,52,0
8315,24,0
8316,76,0
8317,57,1
8318,48,0
8319,63,1
8320,46,1
8321,56,1
8322,18,1
8323,33,0
8324,134,1
8325,43,0
8326,182,0
8327,46,1
8328,102,0
8329,55,1
8330,199,0
8331,49,0
8332,114,1
8333,55,0
8334,27,1
8335,66,0
8336,86,1
8337,51,0
8338,67,0
8339,70,1
8340,42,0
8341,25,0
8342,138,1
8343,36,1
8344,86,1
8345,99,1
8346,27,0
8347,58,1
8348,46,1
8349,30,0
8350,28,1
8351,25,0
8352,77,1
8353,59,1
8354,109,0
8355,24,0
8356,77,0
8357,73,0
8358,75,1
8359,41,0
8360,99,1
8361,58,0
8362,102,0
8363,99,1
8364,61,1
8365,85,0
8366,39,1
8367,63,1
8368,32,0
8369,27,0
8370,73,1
8371,41,1
8372,94,1
8373,27,0
8374,49,0
8375,62,0
8376,54,1
8377,132,1
8378,15,0
8379,63,0
8380,87,0
8381,55,1
8382,200,0
8383,63,1
8384,81,1
8385,30,1
8386,37,1
8387,74,0
8388,88,0
8389,51,1
8390,23,0
8391,25,0
8392,87,0
8393,49,0
8394,24,0
8395,112,0
8396,33,1
8397,58,0
8398,67,1
8399,96,1
8400,45,1
8401,43,1
8402,21,0
8403,112,0
8404,65,1
8405,95,0
8406,51,0
8407,113,1
8408,163,0
8409,69,1
8410,107,1
8411,19,0
8412,87,0
8413,31,0
8414,30,1
8415,75,0
8416,22,0
8417,43,1
8418,97,0
8419,25,0
8420,71,1
8421,95,0
8422,29,1
8423,14,0
8424,71,1
8425,53,1
8426,31,0
8427,15,0
8428,69,0
8429,47,1
8430,153,0
8431,63,1
8432,68,1
8433,176,1
8434,19,0
8435,19,0
8436,73,0
8437,23,0
8438,75,1
8439,33,0
8440,136,1
8441,40,0
8442,61,1
8443,22,0
8444,63,1
8445,58,1
8446,91,0
8447,137,1
8448,57,1
8449,55,1
8450,32,0
8451,44,0
8452,126,0
8453,80,0
8454,29,1
8455,45,1
8456,33,0
8457,51,0
8458,52,0
8459,68,1
8460,53,0
8461,41,1
8462,47,0
8463,45,0
8464,59,0
8465,119,0
8466,96,1
8467,78,0
8468,76,1
8469,75,0
8470,32,0
8471,44,0
8472,42,1
8473,36,0
8474,20,0
8475,75,0
8476,35,0
8477,48,1
8478,36,0
8479,78,0
8480,27,0
8481,53,1
8482,50,1
8483,71,0
8484,75,1
8485,47,0
8486,97,1
8487,70,0
8488,70,1
8489,200,0
8490,59,0
8491,50,0
8492,76,1
8493,93,1
8494,64,0
8495,64,1
8496,79,0
8497,54,1
8498,93,1
8499,86,1
8500,19,0
8501,74,1
8502,55,0
8503,92,1
8504,38,1
8505,48,0
8506,52,0
8507,62,1
8508,73,0
8509,71,0
8510,53,1
8511,33,0
8512,75,0
8513,43,1
8514,104,1
8515,65,0
8516,118,1
8517,45,1
8518,64,1
8519,57,1
8520,49,0
8521,31,0
8522,82,0
8523,28,1
8524,39,1
8525,45,0
8526,92,1
8527,51,0
8528,36,1
8529,24,1
8530,84,1
8531,84,0
8532,43,0
8533,44,0
8534,15,0
8535,59,1
8536,50,1
8537,19,0
8538,55,0
8539,91,0
8540,33,1
8541,154,0
8542,42,1
8543,52,0
8544,64,0
8545,155,0
8546,20,0
8547,39,1
8548,16,0
8549,76,1
8550,146,1
8551,121,0
8552,58,1
8553,41,0
8554,72,1
8555,30,1
8556,59,0
8557,74,1
8558,106,1
8559,50,1
8560,91,0
8561,37,0
8562,87,0
8563,41,1
8564,67,0
8565,57,0
8566,65,0
8567,70,1
8568,103,1
8569,84,0
8570,70,1
8571,39,0
8572,83,0
8573,112,0
8574,93,1
8575,118,0
8576,24,0
8577,64,0
8578,32,0
8579,41,0
8580,98,1
8581,52,1
8582,67,0
8583,73,0
8584,66,1
8585,17,0
8586,108,1
8587,77,0
8588,10,0
8589,108,0
8590,63,0
8591,74,0
8592,81,1
8593,36,0
8594,77,0
8595,58,0
8596,63,0
8597,40,1
8598,114,0
8599,59,1
8600,63,0
8601,48,0
8602,77,0
8603,177,1
8604,27,0
8605,33,0
8606,44,0
8607,53,0
8608,22,1
8609,32,1
8610,34,0
8611,62,1
8612,45,1
8613,168,1
8614,35,0
8615,40,1
8616,56,0
8617,154,0
8618,36,1
8619,107,0
8620,28,0
8621,126,0
8622,140,1
8623,49,0
8624,16,0
8625,51,0
8626,58,0
8627,68,1
8628,48,1
8629,80,1
8630,50,1
8631,34,1
8632,34,0
8633,51,1
8634,57,0
8635,17,0
8636,66,0
8637,42,1
8638,25,1
8639,39,1
8640,60,1
8641,142,1
8642,44,1
8643,73,1
8644,52,0
8645,75,1
8646,69,1
8647,38,0
8648,63,1
8649,176,0
8650,25,0
8651,29,0
8652,61,0
8653,58,1
8654,79,1
8655,67,0
8656,88,0
8657,26,0
8658,62,1
8659,58,0
8660,65,1
8661,40,1
8662,82,0
8663,36,1
8664,78,1
8665,33,0
8666,42,1
8667,68,0
8668,42,1
8669,66,0
8670,63,1
8671,89,0
8672,108,0
8673,155,0
8674,60,0
8675,127,1
8676,131,1
8677,65,1
8678,97,1
8679,108,0
8680,147,0
8681,76,0
8682,78,1
8683,81,1
8684,66,1
8685,12,0
8686,26,0
8687,30,0
8688,124,1
8689,76,0
8690,38,1
8691,58,1
8692,35,0
8693,70,1
8694,73,1
8695,118,0
8696,47,1
8697,60,0
8698,46,1
8699,49,0
8700,119,0
8701,30,1
8702,43,0
8703,56,1
8704,61,1
8705,110,0
8706,40,1
8707,93,0
8708,104,0
8709,50,1
8710,63,0
8711,24,0
8712,12,0
8713,74,0
8714,87,1
8715,64,0
8716,55,0
8717,70,0
8718,31,1
8719,45,1
8720,24,0
8721,42,0
8722,69,0
8723,69,1
8724,43,1
8725,44,1
8726,38,0
8727,64,1
8728,179,1
8729,94,1
8730,91,1
8731,80,0
8732,27,0
8733,52,1
8734,37,1
8735,34,0
8736,34,0
8737,145,0
8738,62,0
8739,109,1
8740,57,1
8741,105,0
8742,56,1
8743,69,0
8744,61,1
8745,37,0
8746,170,1
8747,58,1
8748,52,0
8749,91,1
8750,132,1
8751,42,0
8752,63,0
8753,117,1
8754,38,1
8755,59,1
8756,30,1
8757,40,1
8758,23,0
8759,48,0
8760,139,0
8761,69,1
8762,110,0
8763,39,1
8764,76,1
8765,45,0
8766,32,0
8767,172,1
8768,68,1
8769,108,1
8770,18,1
8771,29,0
8772,53,0
8773,39,1
8774,63,1
8775,42,0
8776,52,1
8777,94,0
8778,119,1
8779,76,0
8780,30,0
8781,86,0
8782,48,0
8783,58,1
8784,63,1
8785,108,0
8786,43,1
8787,93,1
8788,39,1
8789,36,1
8790,73,1
8791,38,1
8792,39,0
8793,80,0
8794,54,0
8795,32,0
8796,54,0
8797,68,1
8798,55,1
8799,85,0
8800,25,1
8801,7,0
8802,18,0
8803,70,0
8804,36,1
8805,35,0
8806,84,1
8807,47,1
8808,34,1
8809,64,0
8810,42,0
8811,91,0
8812,53,0
8813,139,1
8814,27,1
8815,83,1
8816,82,1
8817,51,1
8818,65,0
8819,95,0
8820,70,0
8821,109,1
8822,143,0
8823,66,1
8824,64,0
8825,21,0
8826,120,0
8827,25,1
8828,29,1
8829,64,1
8830,42,1
8831,140,1
8832,78,1
8833,23,0
8834,26,0
8835,55,0
8836,82,0
8837,21,0
8838,108,1
8839,59,0
8840,20,0
8841,35,1
8842,69,1
8843,42,0
8844,71,1
8845,71,1
8846,33,1
8847,93,0
8848,18,0
8849,91,0
8850,158,1
8851,103,1
8852,83,0
8853,60,0
8854,69,1
8855,83,0
8856,63,0
8857,53,0
8858,76,0
8859,31,0
8860,90,1
8861,43,0
8862,29,1
8863,24,0
8864,28,0
8865,54,1
8866,116,1
8867,21,0
8868,111,1
8869,52,0
8870,92,0
8871,56,0
8872,118,0
8873,127,1
8874,34,0
8875,87,1
8876,38,1
8877,56,1
8878,98,0
8879,65,1
8880,67,0
8881,101,0
8882,65,0
8883,21,0
8884,53,1
8885,17,0
8886,57,0
8887,65,1
8888,60,1
8889,39,0
8890,91,1
8891,78,0
8892,31,1
8893,57,1
8894,134,1
8895,92,1
8896,78,1
8897,63,0
8898,77,0
8899,40,1
8900,118,1
8901,82,1
8902,92,1
8903,112,1
8904,42,1
8905,34,1
8906,51,0
8907,60,0
8908,80,0
8909,18,0
8910,108,1
8911,34,1
8912,58,1
8913,96,0
8914,79,0
8915,54,1
8916,104,0
8917,44,1
8918,18,0
8919,44,1
8920,91,0
8921,59,1
8922,32,1
8923,51,0
8924,34,1
8925,24,1
8926,66,1
8927,65,1
8928,26,0
8929,30,1
8930,84,0
8931,59,1
8932,165,1
8933,38,0
8934,27,0
8935,43,1
8936,89,0
8937,55,1
8938,57,1
8939,94,1
8940,125,1
8941,18,0
8942,44,0
8943,31,0
8944,60,0
8945,38,1
8946,81,0
8947,34,1
8948,51,0
8949,30,1
8950,53,0
8951,76,1
8952,64,1
8953,61,0
8954,49,0
8955,50,1
8956,7,0
8957,94,0
8958,131,0
8959,71,1
8960,62,1
8961,36,0
8962,97,1
8963,35,0
8964,38,0
8965,28,1
8966,68,0
8967,61,0
8968,36,1
8969,25,0
8970,127,0
8971,52,1
8972,67,1
8973,154,1
8974,14,0
8975,64,1
8976,69,1
8977,27,0
8978,140,0
8979,37,0
8980,153,0
8981,40,1
8982,36,0
8983,42,0
8984,36,1
8985,84,1
8986,105,0
8987,159,1
8988,18,0
8989,60,0
8990,41,0
8991,31,1
8992,56,0
8993,58,1
8994,26,1
8995,75,1
8996,27,0
8997,68,1
8998,82,0
8999,52,0
9000,58,1
9001,90,1
9002,85,1
9003,81,0
9004,88,1
9005,66,1
9006,55,1
9007,66,1
9008,28,0
9009,52,0
9010,93,1
9011,45,0
9012,39,0
9013,39,1
9014,39,1
9015,30,1
9016,26,1
9017,15,0
9018,88,1
9019,81,1
9020,24,1
9021,91,0
9022,18,1
9023,118,0
9024,11,0
9025,13,0
9026,49,1
9027,44,1
9028,52,0
9029,133,0
9030,55,0
9031,139,0
9032,50,0
9033,43,0
9034,49,0
9035,24,0
9036,31,1
9037,59,0
9038,24,0
9039,139,0
9040,55,1
9041,33,0
9042,129,1
9043,68,1
9044,52,1
9045,25,0
9046,19,0
9047,13,0
9048,75,1
9049,87,0
9050,97,0
9051,56,1
9052,54,1
9053,61,0
9054,46,0
9055,78,0
9056,34,0
9057,21,0
9058,48,0
9059,50,1
9060,57,0
9061,29,0
9062,52,1
9063,45,1
9064,134,1
9065,81,0
9066,87,0
9067,79,1
9068,29,1
9069,26,1
9070,58,1
9071,81,1
9072,64,1
9073,40,1
9074,40,1
9075,46,0
9076,34,1
9077,23,0
9078,107,0
9079,70,0
9080,64,0
9081,99,0
9082,70,1
9083,54,1
9084,84,1
9085,60,0
9086,54,1
9087,120,1
9088,59,1
9089,97,0
9090,57,1
9091,62,1
9092,71,1
9093,95,1
9094,38,0
9095,65,0
9096,54,1
9097,56,0
9098,36,0
9099,63,0
9100,64,1
9101,50,1
9102,64,0
9103,60,0
9104,74,1
9105,52,0
9106,80,1
9107,65,1
9108,52,1
9109,41,1
9110,38,1
9111,67,0
9112,77,0
9113,86,0
9114,74,1
9115,76,0
9116,32,1
9117,86,0
9118,42,1
9119,57,1
9120,47,1
9121,33,0
9122,59,1
9123,7,0
9124,99,0
9125,38,1
9126,166,0
9127,42,0
9128,69,1
9129,23,0
9130,60,1
9131,39,0
9132,34,1
9133,91,1
9134,58,1
9135,45,1
9136,37,0
9137,47,0
9138,184,0
9139,73,0
9140,102,0
9141,25,1
9142,57,1
9143,20,0
9144,76,1
9145,45,1
9146,36,1
9147,64,0
9148,100,0
9149,58,1
9150,52,0
9151,91,0
9152,25,0
9153,56,1
9154,95,0
9155,61,1
9156,46,1
9157,40,1
9158,98,0
9159,47,0
9160,27,1
9161,15,0
9162,84,1
9163,69,1
9164,45,1
9165,38,0
9166,35,0
9167,38,1
9168,94,1
9169,71,1
9170,44,0
9171,35,1
9172,38,1
9173,51,1
9174,80,1
9175,74,0
9176,23,0
9177,40,1
9178,40,0
9179,72,0
9180,59,0
9181,155,1
9182,35,0
9183,79,1
9184,38,0
9185,71,0
9186,106,0
9187,45,0
9188,115,0
9189,157,1
9190,40,1
9191,34,1
9192,42,0
9193,68,0
9194,41,1
9195,22,0
9196,37,1
9197,67,1
9198,71,0
9199,56,1
9200,42,1
9201,67,0
9202,69,0
9203,61,0
9204,35,1
9205,31,1
9206,49,1
9207,64,0
9208,79,0
9209,81,0
9210,46,0
9211,149,1
9212,44,0
9213,93,0
9214,82,1
9215,74,1
9216,30,0
9217,57,1
9218,114,0
9219,68,1
9220,73,1
9221,28,0
9222,75,1
9223,60,0
9224,135,0
9225,60,0
9226,170,1
9227,65,1
9228,51,0
9229,39,1
9230,69,1
9231,43,1
9232,68,0
9233,45,0
9234,37,1
9235,45,1
9236,200,0
9237,41,0
9238,66,0
9239,39,1
9240,79,0
9241,44,0
9242,48,0
9243,35,1
9244,45,1
9245,55,1
9246,129,1
9247,54,0
9248,57,1
9249,97,1
9250,83,1
9251,118,1
9252,42,1
9253,74,1
9254,45,1
9255,30,0
9256,55,1
9257,118,1
9258,56,0
9259,27,0
9260,200,0
9261,27,1
9262,37,1
9263,40,0
9264,83,1
9265,18,0
9266,45,1
9267,58,1
9268,46,1
9269,43,1
9270,126,1
9271,51,0
9272,200,0
9273,31,0
9274,55,0
9275,134,1
9276,63,0
9277,74,1
9278,103,1
9279,12,0
9280,31,1
9281,169,0
9282,67,0
9283,38,1
9284,90,0
9285,71,0
9286,57,0
9287,29,0
9288,83,1
9289,145,1
9290,106,0
9291,51,0
9292,50,1
9293,43,1
9294,46,1
9295,101,0
9296,58,1
9297,27,1
9298,45,1
9299,32,0
9300,125,1
9301,85,0
9302,44,0
9303,61,1
9304,49,0
9305,92,1
9306,64,1
9307,54,0
9308,22,0
9309,22,0
9310,50,0
9311,42,1
9312,49,1
9313,55,0
9314,61,0
9315,80,0
9316,92,0
9317,51,1
9318,65,0
9319,58,1
9320,55,1
9321,60,0
9322,53,0
9323,47,0
9324,41,0
9325,75,1
9326,43,0
9327,66,0
9328,50,0
9329,62,1
9330,77,1
9331,19,0
9332,54,0
9333,167,1
9334,200,0
9335,57,0
9336,40,1
9337,37,0
9338,127,1
9339,82,1
9340,71,1
9341,91,0
9342,74,1
9343,50,1
9344,40,0
9345,32,0
9346,55,1
9347,59,0
9348,145,1
9349,32,0
9350,83,0
9351,22,0
9352,25,1
9353,82,1
9354,11,0
9355,27,1
9356,32,1
9357,52,1
9358,25,1
9359,146,0
9360,55,1
9361,49,1
9362,16,0
9363,51,0
9364,53,0
9365,84,0
9366,125,0
9367,59,1
9368,51,1
9369,52,1
9370,70,0
9371,52,0
9372,139,0
9373,60,1
9374,57,1
9375,52,1
9376,200,0
9377,40,1
9378,63,1
9379,20,0
9380,54,0
9381,90,1
9382,96,1
9383,53,0
9384,49,0
9385,50,0
9386,78,1
9387,115,0
9388,64,0
9389,20,1
9390,123,1
9391,42,1
9392,111,1
9393,20,0
9394,54,0
9395,81,0
9396,56,0
9397,26,0
9398,59,1
9399,112,0
9400,44,1
9401,65,0
9402,89,0
9403,71,1
9404,71,1
9405,72,1
9406,135,0
9407,62,0
9408,54,0
9409,34,0
9410,74,0
9411,29,1
9412,40,0
9413,39,0
9414,35,1
9415,64,0
9416,35,0
9417,52,1
9418,65,0
9419,63,0
9420,50,1
9421,74,0
9422,68,1
9423,61,0
9424,61,1
9425,28,0
9426,35,0
9427,78,1
9428,121,0
9429,78,1
9430,71,0
9431,38,1
9432,71,0
9433,57,1
9434,14,0
9435,63,1
9436,7,0
9437,52,0
9438,85,0
9439,29,0
9440,91,0
9441,73,0
9442,60,1
9443,74,1
9444,55,1
9445,16,0
9446,96,1
9447,19,0
9448,49,0
9449,81,1
9450,112,1
9451,37,0
9452,55,1
9453,29,1
9454,65,0
9455,18,0
9456,96,0
9457,101,1
9458,47,0
9459,36,1
9460,44,1
9461,106,0
9462,89,0
9463,27,0
9464,63,0
9465,65,1
9466,17,0
9467,84,1
9468,50,1
9469,28,0
9470,29,0
9471,67,1
9472,12,0
9473,85,0
9474,150,0
9475,43,1
9476,88,0
9477,45,1
9478,102,0
9479,65,1
9480,56,0
9481,30,0
9482,40,1
9483,60,1
9484,79,1
9485,42,0
9486,24,1
9487,84,1
9488,61,1
9489,49,0
9490,118,0
9491,56,0
9492,47,1
9493,48,0
9494,25,1
9495,38,0
9496,67,1
9497,51,1
9498,24,0
9499,94,1
9500,87,1
9501,65,0
9502,136,0
9503,102,0
9504,38,0
9505,173,0
9506,97,0
9507,54,0
9508,92,0
9509,53,1
9510,30,0
9511,65,0
9512,92,0
9513,77,0
9514,64,1
9515,50,1
9516,44,1
9517,76,0
9518,70,0
9519,83,1
9520,44,1
9521,37,1
9522,34,0
9523,69,1
9524,36,1
9525,94,1
9526,44,1
9527,54,0
9528,53,0
9529,41,1
9530,81,0
9531,21,0
9532,36,0
9533,111,0
9534,139,0
9535,116,0
9536,53,0
9537,43,1
9538,20,0
9539,41,1
9540,53,1
9541,70,1
9542,34,0
9543,51,1
9544,106,0
9545,77,1
9546,45,1
9547,62,1
9548,59,0
9549,71,1
9550,71,1
9551,103,1
9552,65,0
9553,79,0
9554,76,0
9555,52,0
9556,96,0
9557,22,1
9558,147,1
9559,47,1
9560,34,1
9561,36,1
9562,38,0
9563,35,0
9564,58,0
9565,46,1
9566,53,0
9567,39,0
9568,37,0
9569,44,0
9570,69,0
9571,44,1
9572,131,0
9573,73,0
9574,77,0
9575,43,1
9576,52,1
9577,71,0
9578,75,1
9579,56,1
9580,46,1
9581,50,0
9582,38,0
9583,84,0
9584,45,1
9585,55,1
9586,76,0
9587,37,1
9588,72,0
9589,72,0
9590,79,0
9591,41,1
9592,42,1
9593,51,1
9594,120,1
9595,60,1
9596,134,1
9597,62,1
9598,74,1
9599,38,1
9600,94,0
9601,49,0
9602,33,0
9603,66,1
9604,26,1
9605,64,1
9606,55,0
9607,36,0
9608,43,1
9609,34,0
9610,77,0
9611,45,0
9612,32,1
9613,45,1
9614,47,0
9615,47,1
9616,62,1
9617,27,0
9618,135,0
9619,58,1
9620,101,0
9621,37,1
9622,70,0
9623,36,0
9624,135,1
9625,28,1
9626,27,0
9627,69,0
9628,39,0
9629,120,0
9630,10,0
9631,69,1
9632,48,1
9633,31,1
9634,38,0
9635,77,0
9636,43,1
9637,74,0
9638,52,0
9639,140,1
9640,16,0
9641,63,1
9642,29,1
9643,101,1
9644,28,1
9645,64,0
9646,48,1
9647,80,1
9648,49,1
9649,50,0
9650,42,0
9651,108,1
9652,34,1
9653,55,0
9654,126,0
9655,77,0
9656,164,0
9657,68,1
9658,50,1
9659,15,0
9660,50,1
9661,61,0
9662,31,1
9663,67,1
9664,34,1
9665,48,1
9666,54,0
9667,43,0
9668,60,0
9669,42,1
9670,136,1
9671,45,0
9672,34,0
9673,50,0
9674,58,0
9675,72,1
9676,85,0
9677,113,1
9678,94,0
9679,42,1
9680,59,1
9681,69,1
9682,38,0
9683,77,0
9684,53,0
9685,66,0
9686,31,0
9687,76,0
9688,114,0
9689,23,0
9690,65,1
9691,47,0
9692,43,0
9693,72,1
9694,30,1
9695,23,0
9696,47,0
9697,76,1
9698,127,0
9699,170,1
9700,84,1
9701,20,0
9702,198,1
9703,60,1
9704,55,0
9705,107,0
9706,96,0
9707,31,0
9708,44,1
9709,85,1
9710,62,0
9711,34,1
9712,59,1
9713,56,1
9714,46,1
9715,200,0
9716,124,1
9717,87,1
9718,76,1
9719,35,0
9720,21,1
9721,147,0
9722,45,0
9723,76,1
9724,44,0
9725,52,0
9726,112,1
9727,82,1
9728,62,1
9729,62,0
9730,74,0
9731,33,0
9732,47,1
9733,39,1
9734,99,1
9735,49,0
9736,52,1
9737,31,1
9738,62,0
9739,42,1
9740,106,1
9741,43,1
9742,27,0
9743,59,0
9744,54,1
9745,45,1
9746,35,1
9747,83,1
9748,52,0
9749,43,0
9750,33,0
9751,68,1
9752,43,1
9753,56,0
9754,74,1
9755,43,1
9756,32,0
9757,71,1
9758,71,1
9759,64,0
9760,31,1
9761,28,1
9762,31,1
9763,63,1
9764,45,1
9765,29,0
9766,41,0
9767,96,1
9768,50,1
9769,23,0
9770,52,1
9771,160,1
9772,50,1
9773,54,1
9774,52,1
9775,43,1
9776,48,0
9777,48,1
9778,23,0
9779,125,1
9780,64,0
9781,40,0
9782,36,0
9783,57,0
9784,43,0
9785,33,0
9786,34,1
9787,76,0
9788,97,0
9789,24,0
9790,54,1
9791,49,0
9792,40,0
9793,85,0
9794,47,1
9795,45,1
9796,38,1
9797,80,0
9798,18,0
9799,53,1
9800,65,0
9801,40,1
9802,39,0
9803,53,1
9804,179,1
9805,103,0
9806,59,0
9807,104,0
9808,181,1
9809,40,1
9810,200,0
9811,72,1
9812,107,1
9813,70,1
9814,40,0
9815,142,0
9816,46,1
9817,40,0
9818,56,1
9819,90,0
9820,64,1
9821,33,0
9822,44,1
9823,35,0
9824,44,1
9825,15,0
9826,35,0
9827,14,0
9828,105,1
9829,74,0
9830,73,0
9831,31,0
9832,58,1
9833,56,0
9834,66,0
9835,88,0
9836,57,0
9837,61,1
9838,70,0
9839,80,0
9840,70,1
9841,33,1
9842,50,0
9843,48,0
9844,133,0
9845,88,1
9846,51,0
9847,44,0
9848,138,1
9849,64,1
9850,37,1
9851,33,0
9852,37,1
9853,29,1
9854,49,1
9855,47,1
9856,84,0
9857,86,0
9858,43,0
9859,62,0
9860,30,0
9861,110,1
9862,53,1
9863,40,1
9864,59,0
9865,67,1
9866,66,0
9867,140,0
9868,56,0
9869,66,1
9870,78,1
9871,77,1
9872,42,0
9873,78,1
9874,60,1
9875,51,1
9876,118,0
9877,78,0
9878,153,0
9879,88,1
9880,102,1
9881,24,0
9882,86,0
9883,73,0
9884,57,1
9885,107,0
9886,66,0
9887,42,1
9888,91,0
9889,88,0
9890,100,1
9891,83,1
9892,51,0
9893,57,0
9894,103,1
9895,68,1
9896,53,1
9897,74,1
9898,57,1
9899,100,0
9900,30,1
9901,35,1
9902,93,0
9903,107,1
9904,77,1
9905,140,0
9906,36,0
9907,46,0
9908,77,1
9909,79,1
9910,56,0
9911,54,1
9912,170,1
9913,41,1
9914,39,1
9915,38,0
9916,65,1
9917,67,0
9918,85,1
9919,35,0
9920,84,1
9921,110,0
9922,49,1
9923,97,1
9924,33,0
9925,93,1
9926,61,1
9927,45,0
9928,41,1
9929,90,0
9930,46,0
9931,74,1
9932,94,0
9933,60,0
9934,40,1
9935,109,1
9936,32,1
9937,86,0
9938,42,1
9939,34,0
9940,101,0
9941,37,1
9942,46,0
9943,27,0
9944,44,1
9945,59,0
9946,42,0
9947,44,0
9948,50,1
9949,34,0
9950,19,1
9951,143,1
9952,90,1
9953,43,1
9954,87,1
9955,44,1
9956,33,1
9957,60,1
9958,100,1
9959,92,1
9960,47,1
9961,99,0
9962,67,0
9963,80,1
9964,44,1
9965,51,1
9966,61,0
9967,76,0
9968,68,0
9969,35,1
9970,62,1
9971,77,1
9972,49,1
9973,90,0
9974,48,1
9975,44,1
9976,37,1
9977,114,1
9978,136,0
9979,77,0
9980,78,1
9981,35,0
9982,41,0
9983,46,0
9984,124,1
9985,63,1
9986,53,1
9987,42,1
9988,34,1
9989,103,0
9990,32,0
9991,55,1
9992,65,1
9993,12,0
9994,54,0
9995,26,1
9996,79,1
9997,134,1
9998,54,0
9999,94,1
