episode,steps,reward
0,13,0
1,123,0
2,36,0
3,11,0
4,43,0
5,36,0
6,29,0
7,40,0
8,8,0
9,19,0
10,23,0
11,14,0
12,15,0
13,51,0
14,39,0
15,56,0
16,42,0
17,19,0
18,22,0
19,56,0
20,8,0
21,27,0
22,11,0
23,20,0
24,46,0
25,11,0
26,43,0
27,10,0
28,23,0
29,24,0
30,34,0
31,24,0
32,9,0
33,17,0
34,45,0
35,52,0
36,47,0
37,18,0
38,12,0
39,39,0
40,14,0
41,15,0
42,9,0
43,22,0
44,28,0
45,27,0
46,10,0
47,10,0
48,34,0
49,16,0
50,62,0
51,23,0
52,87,0
53,10,0
54,36,0
55,13,0
56,40,0
57,39,0
58,11,0
59,14,0
60,39,0
61,26,0
62,23,0
63,27,0
64,10,0
65,25,0
66,17,0
67,55,0
68,131,0
69,7,0
70,43,0
71,18,0
72,49,0
73,38,0
74,57,0
75,95,0
76,55,0
77,28,0
78,42,0
79,49,0
80,33,1
81,25,0
82,7,0
83,96,0
84,71,0
85,75,0
86,46,0
87,33,0
88,43,0
89,9,0
90,57,0
91,64,0
92,44,1
93,91,1
94,56,0
95,72,0
96,26,0
97,51,1
98,22,0
99,51,0
100,69,0
101,24,0
102,76,0
103,19,0
104,19,0
105,70,1
106,48,0
107,78,1
108,49,0
109,14,0
110,21,0
111,27,0
112,79,0
113,48,0
114,41,0
115,63,0
116,57,0
117,18,0
118,28,1
119,137,0
120,109,0
121,200,0
122,54,0
123,7,0
124,191,0
125,58,0
126,113,0
127,98,0
128,87,0
129,14,0
130,26,0
131,133,0
132,57,0
133,34,0
134,8,0
135,21,0
136,58,0
137,16,0
138,48,0
139,44,0
140,142,0
141,37,0
142,37,0
143,176,0
144,36,0
145,21,0
146,33,0
147,39,0
148,42,0
149,62,0
150,84,0
151,9,0
152,56,0
153,133,0
154,59,0
155,26,0
156,57,0
157,114,0
158,60,0
159,43,0
160,33,0
161,200,0
162,10,0
163,141,0
164,58,1
165,21,0
166,18,0
167,21,0
168,32,0
169,15,0
170,35,0
171,143,0
172,88,0
173,71,0
174,50,0
175,144,0
176,19,0
177,28,0
178,74,0
179,13,0
180,42,0
181,153,0
182,75,0
183,19,0
184,18,0
185,33,0
186,46,0
187,77,0
188,33,0
189,15,0
190,57,0
191,65,0
192,70,0
193,73,0
194,168,0
195,19,0
196,91,0
197,78,0
198,33,0
199,59,0
200,129,0
201,70,0
202,77,0
203,24,0
204,13,0
205,105,0
206,74,0
207,114,0
208,52,0
209,46,0
210,133,0
211,55,0
212,102,0
213,125,0
214,29,0
215,121,0
216,40,0
217,66,0
218,12,0
219,89,0
220,42,0
221,157,0
222,88,0
223,200,0
224,80,0
225,200,0
226,135,0
227,130,0
228,64,0
229,128,0
230,127,0
231,84,0
232,173,0
233,200,0
234,61,0
235,18,0
236,59,0
237,145,0
238,97,0
239,78,0
240,133,0
241,50,0
242,168,0
243,86,0
244,68,0
245,134,0
246,98,0
247,86,0
248,143,0
249,77,0
250,112,0
251,11,0
252,53,0
253,200,0
254,77,0
255,41,0
256,63,0
257,45,0
258,116,0
259,29,1
260,27,0
261,44,0
262,160,0
263,54,0
264,57,0
265,76,0
266,128,0
267,49,0
268,69,0
269,46,0
270,181,0
271,76,0
272,41,0
273,200,0
274,73,0
275,145,0
276,158,0
277,68,0
278,35,0
279,146,0
280,118,0
281,162,0
282,66,0
283,110,0
284,94,0
285,136,1
286,151,0
287,100,0
288,86,0
289,140,0
290,115,0
291,74,0
292,71,0
293,76,1
294,62,0
295,97,0
296,114,0
297,59,0
298,150,0
299,47,0
300,120,0
301,139,0
302,61,0
303,71,1
304,113,0
305,101,0
306,186,0
307,32,0
308,157,0
309,200,0
310,93,0
311,46,1
312,133,1
313,74,0
314,88,1
315,46,0
316,46,1
317,68,1
318,54,1
319,115,1
320,86,1
321,58,1
322,96,1
323,105,1
324,185,1
325,64,1
326,48,1
327,120,0
328,71,1
329,54,1
330,41,1
331,200,0
332,114,1
333,119,1
334,62,1
335,108,1
336,66,1
337,70,1
338,32,1
339,200,0
340,40,1
341,27,1
342,140,1
343,64,1
344,65,0
345,69,1
346,72,1
347,112,0
348,109,0
349,63,0
350,133,1
351,38,1
352,136,1
353,80,1
354,99,1
355,49,1
356,41,1
357,140,0
358,73,1
359,75,1
360,200,0
361,48,1
362,58,1
363,44,1
364,53,1
365,36,1
366,200,0
367,155,1
368,70,1
369,158,1
370,92,1
371,122,0
372,76,1
373,61,1
374,57,1
375,82,1
376,21,1
377,103,1
378,60,1
379,45,1
380,102,1
381,87,1
382,79,1
383,130,1
384,131,1
385,38,0
386,75,1
387,74,1
388,31,1
389,42,1
390,33,1
391,59,1
392,114,1
393,23,1
394,53,1
395,113,1
396,59,1
397,83,1
398,45,1
399,95,1
400,124,1
401,48,0
402,64,1
403,83,1
404,175,0
405,104,0
406,171,1
407,87,1
408,33,1
409,42,1
410,143,1
411,69,1
412,86,1
413,65,1
414,62,1
415,39,1
416,141,1
417,86,0
418,19,0
419,102,1
420,60,1
421,52,1
422,75,1
423,55,1
424,86,1
425,159,1
426,111,1
427,83,1
428,41,1
429,200,0
430,128,1
431,51,1
432,98,1
433,52,1
434,61,0
435,124,1
436,62,1
437,76,1
438,53,1
439,104,1
440,80,1
441,82,1
442,78,1
443,57,1
444,30,1
445,114,1
446,107,1
447,108,1
448,66,1
449,122,1
450,100,1
451,42,1
452,170,0
453,73,0
454,174,1
455,69,0
456,33,1
457,90,1
458,46,1
459,55,1
460,90,1
461,130,1
462,63,1
463,81,1
464,93,1
465,51,1
466,105,1
467,83,1
468,48,1
469,56,0
470,55,1
471,132,1
472,108,1
473,96,1
474,86,1
475,68,1
476,33,1
477,88,1
478,52,1
479,102,1
480,150,1
481,48,1
482,47,1
483,128,1
484,84,1
485,106,1
486,69,1
487,88,1
488,26,1
489,61,0
490,55,0
491,43,1
492,45,1
493,36,1
494,200,0
495,95,1
496,200,0
497,75,1
498,86,1
499,37,1
500,69,1
501,88,1
502,48,0
503,103,1
504,90,1
505,57,1
506,150,0
507,132,1
508,107,1
509,68,1
510,93,0
511,63,1
512,128,1
513,128,1
514,45,1
515,39,1
516,42,1
517,80,1
518,60,1
519,132,1
520,100,1
521,107,0
522,90,1
523,61,1
524,53,1
525,66,1
526,47,1
527,50,1
528,73,1
529,155,1
530,84,1
531,114,0
532,43,1
533,170,1
534,112,0
535,45,1
536,89,1
537,32,1
538,21,0
539,165,1
540,49,1
541,48,1
542,107,1
543,115,1
544,78,1
545,84,1
546,52,1
547,119,1
548,148,1
549,182,1
550,55,0
551,158,0
552,172,1
553,172,1
554,75,1
555,85,1
556,62,1
557,62,0
558,57,1
559,200,0
560,62,1
561,31,1
562,200,0
563,85,1
564,60,1
565,56,1
566,128,1
567,65,1
568,88,1
569,70,1
570,103,1
571,45,1
572,83,1
573,30,1
574,99,1
575,115,1
576,51,1
577,143,1
578,69,1
579,28,1
580,97,1
581,119,1
582,118,1
583,77,1
584,35,1
585,100,1
586,108,1
587,150,1
588,32,0
589,83,1
590,131,1
591,62,1
592,22,0
593,76,1
594,51,1
595,98,1
596,33,1
597,86,1
598,83,1
599,64,1
600,67,1
601,118,1
602,43,0
603,90,1
604,90,1
605,66,1
606,89,1
607,65,1
608,29,1
609,200,0
610,124,1
611,32,1
612,36,1
613,67,1
614,184,1
615,58,1
616,99,0
617,93,1
618,65,1
619,126,1
620,68,1
621,83,1
622,66,1
623,36,0
624,81,1
625,52,1
626,71,1
627,99,1
628,96,1
629,198,1
630,52,1
631,109,1
632,73,1
633,108,1
634,120,1
635,71,1
636,116,1
637,56,1
638,38,1
639,181,1
640,109,1
641,66,1
642,119,1
643,77,1
644,86,1
645,90,1
646,63,0
647,99,1
648,60,1
649,80,1
650,64,0
651,89,0
652,42,1
653,59,1
654,140,1
655,132,1
656,80,1
657,57,1
658,200,0
659,153,1
660,80,1
661,74,1
662,98,1
663,54,1
664,51,0
665,70,0
666,177,1
667,73,1
668,34,1
669,200,0
670,35,1
671,35,0
672,141,1
673,45,1
674,42,1
675,51,0
676,40,1
677,124,1
678,101,1
679,59,1
680,122,1
681,71,1
682,66,1
683,36,1
684,122,1
685,22,1
686,59,1
687,62,1
688,42,1
689,152,0
690,58,1
691,156,1
692,47,1
693,73,1
694,85,1
695,139,1
696,99,1
697,200,0
698,111,1
699,66,1
700,98,0
701,57,1
702,200,0
703,35,0
704,26,1
705,181,1
706,29,1
707,85,1
708,113,1
709,133,1
710,67,1
711,200,0
712,43,1
713,40,1
714,54,1
715,69,1
716,66,1
717,88,1
718,84,1
719,50,1
720,92,1
721,59,1
722,157,1
723,79,1
724,70,1
725,80,1
726,78,1
727,29,1
728,86,1
729,123,1
730,43,0
731,180,1
732,107,1
733,89,1
734,63,0
735,130,1
736,79,1
737,60,1
738,160,1
739,130,1
740,46,1
741,65,0
742,55,1
743,90,1
744,44,1
745,56,1
746,94,1
747,157,1
748,122,1
749,47,1
750,87,1
751,23,0
752,61,1
753,91,1
754,25,1
755,65,1
756,113,1
757,113,0
758,77,0
759,82,1
760,38,1
761,117,1
762,88,1
763,176,1
764,59,1
765,165,0
766,44,0
767,93,1
768,89,1
769,136,1
770,166,1
771,51,1
772,42,1
773,200,0
774,64,1
775,200,0
776,85,1
777,79,1
778,114,1
779,36,1
780,31,0
781,75,1
782,126,1
783,78,1
784,38,1
785,120,1
786,38,1
787,40,0
788,200,0
789,34,1
790,53,1
791,76,0
792,147,1
793,107,1
794,96,1
795,200,0
796,42,0
797,133,1
798,68,1
799,126,1
800,140,1
801,110,1
802,82,1
803,81,1
804,35,1
805,87,1
806,114,1
807,61,1
808,163,1
809,39,1
810,83,1
811,69,1
812,82,1
813,102,0
814,98,1
815,200,0
816,86,1
817,72,0
818,58,1
819,83,1
820,103,1
821,69,1
822,146,1
823,76,1
824,46,1
825,42,1
826,69,0
827,101,1
828,95,0
829,109,1
830,149,1
831,180,1
832,105,1
833,149,1
834,29,1
835,67,1
836,104,1
837,68,1
838,55,1
839,24,1
840,60,1
841,59,1
842,33,1
843,111,1
844,185,1
845,76,1
846,200,0
847,200,0
848,63,1
849,72,1
850,99,1
851,33,1
852,32,1
853,60,1
854,87,1
855,99,1
856,97,0
857,131,1
858,108,1
859,75,1
860,38,1
861,45,1
862,81,1
863,68,1
864,93,1
865,200,0
866,65,1
867,99,1
868,48,0
869,97,1
870,118,1
871,66,0
872,31,1
873,158,1
874,84,1
875,49,0
876,96,0
877,50,1
878,31,1
879,114,0
880,42,1
881,60,1
882,55,1
883,78,1
884,200,0
885,68,1
886,165,1
887,92,1
888,56,1
889,65,1
890,43,1
891,36,1
892,43,0
893,128,1
894,45,1
895,45,1
896,150,1
897,52,1
898,96,1
899,146,1
900,47,1
901,36,1
902,42,1
903,59,1
904,65,1
905,49,1
906,42,1
907,67,1
908,97,1
909,40,0
910,103,1
911,162,1
912,76,1
913,51,1
914,99,1
915,64,1
916,52,1
917,59,1
918,87,0
919,184,1
920,65,1
921,27,1
922,75,1
923,101,1
924,49,1
925,56,1
926,56,1
927,65,1
928,126,1
929,115,1
930,89,0
931,137,0
932,68,0
933,76,1
934,134,1
935,73,1
936,43,1
937,84,1
938,85,1
939,64,1
940,73,1
941,42,1
942,27,1
943,64,1
944,33,1
945,54,1
946,103,1
947,78,1
948,98,1
949,148,1
950,80,1
951,61,1
952,62,1
953,70,1
954,30,1
955,200,0
956,140,1
957,102,1
958,126,1
959,97,1
960,73,1
961,82,1
962,68,1
963,119,1
964,75,1
965,22,0
966,53,1
967,41,1
968,153,0
969,62,1
970,200,0
971,51,1
972,24,1
973,200,0
974,46,1
975,29,1
976,70,1
977,88,0
978,55,0
979,26,1
980,73,1
981,38,1
982,109,1
983,20,0
984,200,0
985,77,1
986,119,1
987,101,1
988,50,1
989,129,1
990,116,1
991,92,0
992,51,1
993,82,1
994,95,1
995,90,1
996,42,0
997,71,1
998,93,1
999,33,0
1000,36,1
1001,64,1
1002,92,1
1003,151,1
1004,40,1
1005,47,1
1006,86,1
1007,185,1
1008,49,1
1009,81,1
1010,47,0
1011,175,1
1012,89,1
1013,146,0
1014,59,1
1015,28,1
1016,58,1
1017,135,1
1018,27,1
1019,59,1
1020,125,1
1021,79,1
1022,122,1
1023,49,0
1024,40,1
1025,82,1
1026,134,1
1027,106,1
1028,65,1
1029,55,1
1030,49,1
1031,58,1
1032,84,1
1033,39,1
1034,69,1
1035,122,1
1036,127,1
1037,119,1
1038,44,1
1039,60,1
1040,68,1
1041,56,0
1042,90,1
1043,95,1
1044,81,1
1045,117,1
1046,60,1
1047,41,1
1048,63,1
1049,42,1
1050,129,1
1051,111,1
1052,45,1
1053,78,1
1054,53,0
1055,67,1
1056,70,1
1057,93,1
1058,100,0
1059,66,1
1060,78,1
1061,63,0
1062,66,1
1063,21,1
1064,178,1
1065,100,1
1066,65,1
1067,57,0
1068,93,1
1069,75,0
1070,153,1
1071,51,1
1072,57,1
1073,80,1
1074,123,1
1075,55,1
1076,43,1
1077,88,1
1078,19,0
1079,125,1
1080,97,1
1081,23,0
1082,78,1
1083,84,0
1084,88,0
1085,165,1
1086,116,1
1087,126,0
1088,72,1
1089,40,1
1090,71,1
1091,155,1
1092,120,1
1093,195,1
1094,187,0
1095,86,1
1096,131,1
1097,137,1
1098,41,1
1099,34,1
1100,83,1
1101,72,1
1102,49,1
1103,21,0
1104,32,1
1105,101,1
1106,50,1
1107,54,1
1108,63,1
1109,51,1
1110,68,1
1111,68,1
1112,72,1
1113,48,1
1114,200,0
1115,59,0
1116,42,0
1117,132,1
1118,71,1
1119,91,1
1120,119,1
1121,66,0
1122,65,1
1123,85,1
1124,74,0
1125,93,1
1126,89,1
1127,31,1
1128,35,1
1129,174,1
1130,134,1
1131,132,1
1132,62,1
1133,74,1
1134,195,1
1135,75,1
1136,71,1
1137,94,1
1138,83,1
1139,113,1
1140,45,1
1141,123,1
1142,156,0
1143,77,0
1144,131,1
1145,62,1
1146,180,1
1147,87,0
1148,168,1
1149,45,1
1150,61,1
1151,200,0
1152,64,1
1153,48,1
1154,38,1
1155,98,1
1156,54,1
1157,198,1
1158,31,1
1159,50,1
1160,141,1
1161,128,1
1162,49,1
1163,125,1
1164,48,1
1165,37,1
1166,124,1
1167,61,1
1168,96,1
1169,44,1
1170,82,1
1171,39,1
1172,61,1
1173,47,1
1174,146,1
1175,26,0
1176,58,1
1177,102,1
1178,27,1
1179,85,1
1180,74,1
1181,59,1
1182,200,0
1183,34,1
1184,97,1
1185,49,1
1186,130,1
1187,81,0
1188,200,0
1189,84,1
1190,110,1
1191,200,0
1192,33,1
1193,109,1
1194,59,1
1195,114,1
1196,89,0
1197,140,1
1198,148,1
1199,36,1
1200,86,1
1201,137,1
1202,94,1
1203,47,1
1204,64,1
1205,114,0
1206,64,1
1207,54,1
1208,84,1
1209,39,1
1210,77,1
1211,77,1
1212,49,1
1213,64,1
1214,190,0
1215,62,1
1216,87,1
1217,88,1
1218,59,1
1219,80,1
1220,91,1
1221,65,1
1222,82,1
1223,200,0
1224,70,1
1225,45,1
1226,100,1
1227,142,1
1228,42,1
1229,41,1
1230,59,1
1231,76,1
1232,66,1
1233,171,1
1234,101,1
1235,101,0
1236,37,0
1237,71,1
1238,88,0
1239,56,1
1240,200,0
1241,123,1
1242,70,1
1243,64,1
1244,200,0
1245,54,1
1246,36,1
1247,70,1
1248,75,1
1249,90,1
1250,138,1
1251,82,1
1252,55,1
1253,127,1
1254,43,1
1255,71,1
1256,96,1
1257,61,1
1258,200,0
1259,170,1
1260,33,0
1261,142,1
1262,105,1
1263,175,1
1264,63,1
1265,77,1
1266,83,1
1267,58,0
1268,63,1
1269,98,1
1270,129,1
1271,29,0
1272,200,0
1273,54,0
1274,115,1
1275,92,0
1276,74,1
1277,88,1
1278,48,1
1279,139,1
1280,141,0
1281,130,0
1282,91,1
1283,45,1
1284,94,1
1285,119,1
1286,50,0
1287,58,1
1288,53,1
1289,107,1
1290,172,1
1291,75,1
1292,33,1
1293,132,1
1294,127,0
1295,106,1
1296,52,1
1297,34,0
1298,54,1
1299,26,0
1300,107,1
1301,96,1
1302,26,1
1303,54,1
1304,70,1
1305,47,1
1306,66,1
1307,78,1
1308,43,1
1309,54,0
1310,88,1
1311,77,1
1312,109,1
1313,66,1
1314,97,0
1315,45,1
1316,80,1
1317,48,1
1318,157,1
1319,112,1
1320,75,1
1321,157,1
1322,18,0
1323,59,1
1324,56,1
1325,47,0
1326,195,1
1327,200,0
1328,51,1
1329,81,1
1330,120,1
1331,48,0
1332,49,1
1333,36,1
1334,87,1
1335,100,1
1336,27,1
1337,109,1
1338,60,1
1339,124,1
1340,127,1
1341,69,1
1342,46,1
1343,45,1
1344,76,1
1345,96,1
1346,21,1
1347,66,1
1348,105,1
1349,133,1
1350,81,1
1351,41,1
1352,106,1
1353,69,0
1354,39,1
1355,85,1
1356,122,1
1357,51,1
1358,148,1
1359,65,1
1360,78,1
1361,43,1
1362,82,1
1363,46,1
1364,123,1
1365,46,1
1366,48,1
1367,96,1
1368,125,1
1369,124,0
1370,83,1
1371,89,1
1372,46,1
1373,52,1
1374,68,1
1375,79,1
1376,27,1
1377,102,1
1378,145,1
1379,64,1
1380,73,1
1381,195,1
1382,41,0
1383,39,1
1384,58,1
1385,35,1
1386,58,1
1387,137,1
1388,74,1
1389,63,1
1390,19,1
1391,127,1
1392,99,1
1393,80,1
1394,46,1
1395,88,1
1396,79,1
1397,35,1
1398,49,1
1399,179,1
1400,87,1
1401,28,1
1402,62,1
1403,139,1
1404,167,1
1405,52,1
1406,36,1
1407,35,1
1408,197,1
1409,65,1
1410,47,0
1411,87,1
1412,83,1
1413,108,1
1414,60,1
1415,59,1
1416,149,1
1417,99,1
1418,54,1
1419,74,1
1420,51,1
1421,155,0
1422,67,1
1423,40,1
1424,185,1
1425,63,0
1426,200,0
1427,43,1
1428,52,1
1429,59,1
1430,111,1
1431,88,1
1432,105,1
1433,86,1
1434,161,1
1435,118,1
1436,72,1
1437,69,1
1438,94,1
1439,122,0
1440,91,1
1441,90,1
1442,47,1
1443,118,1
1444,80,1
1445,48,1
1446,71,0
1447,85,1
1448,96,1
1449,48,1
1450,69,1
1451,99,1
1452,74,1
1453,111,1
1454,123,1
1455,31,1
1456,192,1
1457,50,1
1458,53,1
1459,98,1
1460,67,1
1461,26,1
1462,78,1
1463,69,1
1464,45,1
1465,64,1
1466,40,1
1467,174,1
1468,67,1
1469,108,1
1470,61,0
1471,155,1
1472,47,1
1473,47,1
1474,150,1
1475,113,1
1476,58,1
1477,40,1
1478,71,1
1479,35,1
1480,55,1
1481,76,1
1482,136,1
1483,105,1
1484,104,1
1485,49,1
1486,28,1
1487,52,1
1488,73,1
1489,104,1
1490,93,1
1491,35,1
1492,48,1
1493,200,0
1494,135,1
1495,134,0
1496,54,1
1497,42,1
1498,96,1
1499,182,1
1500,64,1
1501,48,1
1502,69,1
1503,40,1
1504,46,1
1505,34,1
1506,200,0
1507,51,1
1508,36,1
1509,96,1
1510,71,1
1511,85,1
1512,37,1
1513,27,1
1514,61,1
1515,96,1
1516,46,1
1517,44,1
1518,71,1
1519,50,1
1520,68,1
1521,196,1
1522,38,1
1523,84,0
1524,199,1
1525,128,1
1526,68,1
1527,51,1
1528,64,1
1529,57,1
1530,57,1
1531,88,1
1532,98,1
1533,36,1
1534,155,1
1535,89,1
1536,117,1
1537,106,1
1538,32,0
1539,79,1
1540,136,1
1541,200,0
1542,39,1
1543,129,0
1544,87,1
1545,85,1
1546,95,1
1547,67,1
1548,104,1
1549,147,1
1550,37,1
1551,39,1
1552,49,1
1553,84,1
1554,65,1
1555,53,1
1556,200,0
1557,92,1
1558,200,0
1559,124,1
1560,73,1
1561,80,0
1562,200,0
1563,37,1
1564,42,1
1565,99,1
1566,157,0
1567,64,1
1568,37,1
1569,132,1
1570,105,1
1571,149,1
1572,29,1
1573,153,1
1574,87,1
1575,92,1
1576,55,1
1577,60,1
1578,63,1
1579,54,1
1580,46,1
1581,128,1
1582,126,1
1583,69,1
1584,107,1
1585,99,1
1586,165,0
1587,96,1
1588,101,1
1589,183,1
1590,200,0
1591,59,1
1592,90,1
1593,60,1
1594,134,1
1595,162,1
1596,66,1
1597,92,1
1598,76,1
1599,107,1
1600,47,1
1601,78,1
1602,187,1
1603,200,0
1604,138,0
1605,108,0
1606,54,1
1607,33,1
1608,107,1
1609,99,1
1610,36,1
1611,75,1
1612,74,1
1613,97,1
1614,44,1
1615,151,1
1616,66,1
1617,38,1
1618,58,1
1619,59,1
1620,166,1
1621,105,1
1622,84,1
1623,148,1
1624,92,1
1625,109,1
1626,31,1
1627,87,1
1628,54,1
1629,46,1
1630,100,1
1631,200,0
1632,113,1
1633,59,1
1634,30,1
1635,40,1
1636,75,1
1637,33,1
1638,71,1
1639,200,0
1640,46,0
1641,130,1
1642,76,0
1643,74,1
1644,41,0
1645,151,1
1646,66,1
1647,111,1
1648,153,1
1649,70,1
1650,63,1
1651,140,1
1652,33,1
1653,119,0
1654,182,1
1655,101,1
1656,106,1
1657,46,1
1658,70,1
1659,108,1
1660,36,1
1661,102,1
1662,59,1
1663,53,0
1664,124,1
1665,60,1
1666,46,1
1667,108,1
1668,157,1
1669,125,0
1670,100,1
1671,145,1
1672,127,1
1673,80,1
1674,171,1
1675,73,0
1676,48,1
1677,66,1
1678,119,1
1679,156,1
1680,20,1
1681,151,1
1682,167,1
1683,93,1
1684,55,1
1685,88,1
1686,90,0
1687,200,0
1688,76,1
1689,99,0
1690,71,1
1691,147,1
1692,82,1
1693,63,1
1694,42,1
1695,56,1
1696,53,1
1697,84,1
1698,71,1
1699,144,1
1700,68,1
1701,55,1
1702,53,1
1703,70,1
1704,80,1
1705,112,1
1706,66,1
1707,122,1
1708,51,1
1709,174,1
1710,48,1
1711,50,1
1712,200,0
1713,71,1
1714,66,1
1715,67,1
1716,62,1
1717,45,1
1718,51,1
1719,127,1
1720,78,0
1721,43,1
1722,78,1
1723,125,1
1724,56,1
1725,200,0
1726,109,1
1727,57,1
1728,77,1
1729,58,1
1730,31,1
1731,118,1
1732,180,1
1733,200,0
1734,95,1
1735,39,1
1736,41,1
1737,125,1
1738,100,1
1739,36,1
1740,88,1
1741,59,1
1742,62,1
1743,64,0
1744,147,1
1745,169,1
1746,53,1
1747,25,0
1748,114,1
1749,86,1
1750,118,1
1751,200,1
1752,71,1
1753,81,1
1754,64,1
1755,94,0
1756,125,1
1757,37,1
1758,53,1
1759,100,1
1760,31,1
1761,54,1
1762,119,1
1763,38,1
1764,83,1
1765,75,1
1766,110,1
1767,91,1
1768,91,1
1769,117,1
1770,174,1
1771,95,1
1772,145,0
1773,80,1
1774,40,1
1775,41,1
1776,166,1
1777,81,1
1778,33,1
1779,200,0
1780,47,1
1781,31,1
1782,46,1
1783,67,1
1784,53,1
1785,49,1
1786,53,0
1787,52,1
1788,115,0
1789,62,1
1790,19,1
1791,50,1
1792,63,1
1793,124,1
1794,78,1
1795,61,1
1796,102,1
1797,82,0
1798,193,1
1799,36,0
1800,30,1
1801,200,0
1802,25,1
1803,136,1
1804,30,1
1805,76,0
1806,36,0
1807,65,1
1808,38,1
1809,57,1
1810,113,1
1811,175,1
1812,47,1
1813,93,1
1814,176,1
1815,100,1
1816,65,1
1817,172,1
1818,28,1
1819,46,1
1820,102,1
1821,28,0
1822,71,1
1823,31,1
1824,49,1
1825,46,1
1826,124,1
1827,38,1
1828,68,1
1829,133,1
1830,41,1
1831,49,1
1832,122,1
1833,146,1
1834,39,1
1835,39,1
1836,46,1
1837,114,1
1838,130,1
1839,48,1
1840,95,1
1841,91,1
1842,52,1
1843,60,0
1844,60,1
1845,64,1
1846,53,1
1847,55,1
1848,130,1
1849,27,1
1850,57,1
1851,82,1
1852,116,0
1853,152,1
1854,67,1
1855,73,1
1856,76,0
1857,76,1
1858,47,1
1859,76,1
1860,123,1
1861,76,0
1862,74,1
1863,151,1
1864,87,0
1865,65,1
1866,137,1
1867,96,1
1868,43,0
1869,69,1
1870,54,0
1871,98,1
1872,173,1
1873,99,1
1874,30,1
1875,39,1
1876,118,1
1877,64,1
1878,34,1
1879,39,1
1880,64,1
1881,91,1
1882,98,1
1883,56,1
1884,79,1
1885,47,1
1886,178,0
1887,64,1
1888,65,1
1889,171,1
1890,98,1
1891,39,1
1892,120,0
1893,99,1
1894,151,1
1895,66,1
1896,127,1
1897,49,1
1898,57,1
1899,107,1
1900,30,1
1901,86,0
1902,77,1
1903,57,1
1904,55,0
1905,59,1
1906,152,1
1907,62,1
1908,39,1
1909,80,1
1910,65,1
1911,64,1
1912,136,1
1913,71,0
1914,103,1
1915,92,1
1916,59,0
1917,65,1
1918,96,1
1919,44,1
1920,52,1
1921,53,1
1922,36,0
1923,114,0
1924,128,1
1925,114,1
1926,35,1
1927,61,1
1928,35,1
1929,66,1
1930,153,1
1931,115,1
1932,87,1
1933,96,1
1934,188,0
1935,146,1
1936,31,1
1937,65,1
1938,86,1
1939,139,1
1940,74,1
1941,49,1
1942,136,1
1943,92,1
1944,41,1
1945,27,0
1946,108,1
1947,131,1
1948,70,1
1949,36,0
1950,45,1
1951,81,1
1952,44,1
1953,72,1
1954,152,1
1955,200,0
1956,35,1
1957,35,1
1958,105,1
1959,107,1
1960,83,1
1961,52,1
1962,129,1
1963,40,1
1964,46,1
1965,72,1
1966,40,1
1967,141,1
1968,52,1
1969,87,0
1970,55,1
1971,108,1
1972,108,1
1973,149,1
1974,145,1
1975,44,1
1976,88,1
1977,39,1
1978,45,1
1979,182,1
1980,31,1
1981,109,1
1982,15,0
1983,200,0
1984,42,1
1985,69,0
1986,123,1
1987,118,0
1988,36,0
1989,200,0
1990,189,1
1991,38,1
1992,25,1
1993,91,1
1994,62,1
1995,51,0
1996,57,1
1997,163,1
1998,196,1
1999,95,1
2000,87,1
2001,91,0
2002,73,1
2003,13,0
2004,98,1
2005,57,1
2006,80,1
2007,44,1
2008,184,1
2009,41,1
2010,44,1
2011,99,1
2012,123,1
2013,96,1
2014,165,1
2015,103,1
2016,97,1
2017,49,1
2018,39,0
2019,200,0
2020,68,1
2021,39,1
2022,135,1
2023,90,1
2024,124,1
2025,110,1
2026,104,1
2027,71,1
2028,39,1
2029,37,1
2030,178,1
2031,62,1
2032,44,1
2033,36,1
2034,114,1
2035,62,1
2036,35,1
2037,39,1
2038,77,1
2039,200,0
2040,46,1
2041,67,1
2042,58,1
2043,95,1
2044,151,1
2045,117,1
2046,115,1
2047,142,0
2048,47,1
2049,48,0
2050,140,1
2051,121,1
2052,167,1
2053,44,1
2054,39,1
2055,90,1
2056,141,1
2057,99,1
2058,38,1
2059,135,1
2060,175,1
2061,31,1
2062,85,1
2063,105,1
2064,200,0
2065,90,1
2066,100,1
2067,44,1
2068,81,1
2069,77,1
2070,87,1
2071,62,1
2072,44,1
2073,69,0
2074,95,1
2075,110,1
2076,83,1
2077,63,1
2078,51,0
2079,93,1
2080,26,0
2081,57,1
2082,97,1
2083,28,1
2084,119,1
2085,71,1
2086,23,1
2087,63,1
2088,81,1
2089,160,1
2090,181,1
2091,42,0
2092,49,1
2093,138,1
2094,114,1
2095,77,1
2096,25,0
2097,27,0
2098,49,1
2099,95,1
2100,63,1
2101,42,1
2102,72,1
2103,43,1
2104,84,1
2105,49,1
2106,89,1
2107,92,1
2108,67,1
2109,60,1
2110,69,1
2111,96,1
2112,39,0
2113,68,1
2114,39,0
2115,112,0
2116,156,1
2117,78,1
2118,58,1
2119,17,0
2120,122,1
2121,55,1
2122,55,1
2123,74,0
2124,130,0
2125,102,1
2126,76,1
2127,94,1
2128,51,1
2129,40,1
2130,173,1
2131,27,0
2132,150,1
2133,62,1
2134,96,1
2135,76,0
2136,39,0
2137,81,1
2138,81,1
2139,173,1
2140,37,1
2141,98,1
2142,70,0
2143,118,1
2144,90,1
2145,31,1
2146,40,1
2147,32,1
2148,101,1
2149,54,1
2150,78,1
2151,27,1
2152,109,1
2153,119,1
2154,140,1
2155,67,0
2156,34,1
2157,36,1
2158,77,1
2159,92,1
2160,71,1
2161,30,1
2162,84,1
2163,90,1
2164,200,0
2165,140,1
2166,127,1
2167,51,0
2168,148,1
2169,105,1
2170,200,0
2171,18,0
2172,63,1
2173,47,1
2174,142,1
2175,146,0
2176,200,0
2177,53,1
2178,200,1
2179,181,1
2180,60,1
2181,127,0
2182,105,1
2183,97,1
2184,76,1
2185,34,1
2186,106,1
2187,95,0
2188,134,1
2189,34,1
2190,136,1
2191,69,0
2192,59,1
2193,51,1
2194,114,1
2195,159,0
2196,158,1
2197,190,1
2198,63,1
2199,200,0
2200,110,0
2201,99,1
2202,200,0
2203,76,1
2204,114,1
2205,169,1
2206,48,1
2207,31,1
2208,70,1
2209,106,1
2210,63,1
2211,47,1
2212,58,1
2213,42,1
2214,56,1
2215,67,1
2216,32,1
2217,79,1
2218,77,1
2219,68,1
2220,37,1
2221,86,1
2222,141,1
2223,47,1
2224,49,0
2225,44,1
2226,109,1
2227,93,1
2228,49,0
2229,43,1
2230,35,1
2231,198,0
2232,147,1
2233,102,1
2234,41,1
2235,45,1
2236,92,1
2237,62,1
2238,99,1
2239,38,1
2240,46,1
2241,132,1
2242,69,1
2243,107,1
2244,65,1
2245,50,1
2246,105,1
2247,63,1
2248,77,1
2249,33,0
2250,87,1
2251,131,0
2252,94,1
2253,25,1
2254,57,1
2255,200,0
2256,200,0
2257,99,1
2258,104,1
2259,81,1
2260,116,1
2261,98,1
2262,57,1
2263,113,0
2264,111,1
2265,28,1
2266,128,1
2267,32,1
2268,41,0
2269,95,1
2270,146,1
2271,68,1
2272,72,1
2273,200,0
2274,200,0
2275,110,1
2276,49,0
2277,82,1
2278,200,0
2279,66,1
2280,54,1
2281,44,1
2282,66,1
2283,82,1
2284,66,1
2285,116,0
2286,86,1
2287,33,0
2288,147,1
2289,32,1
2290,150,1
2291,79,1
2292,16,1
2293,49,1
2294,71,1
2295,30,1
2296,59,1
2297,165,1
2298,56,0
2299,76,1
2300,28,1
2301,56,1
2302,139,1
2303,49,1
2304,114,1
2305,104,1
2306,84,1
2307,29,1
2308,56,1
2309,80,0
2310,116,1
2311,158,0
2312,63,1
2313,44,1
2314,70,1
2315,141,1
2316,65,0
2317,138,1
2318,52,1
2319,69,1
2320,95,1
2321,109,0
2322,100,1
2323,58,1
2324,109,1
2325,41,1
2326,187,1
2327,106,0
2328,60,1
2329,159,1
2330,148,1
2331,62,1
2332,107,1
2333,103,1
2334,48,1
2335,37,1
2336,62,1
2337,67,1
2338,152,0
2339,29,1
2340,119,1
2341,58,1
2342,34,1
2343,128,1
2344,60,1
2345,110,1
2346,122,1
2347,152,1
2348,65,1
2349,82,1
2350,43,1
2351,67,1
2352,75,1
2353,45,0
2354,63,1
2355,66,1
2356,96,1
2357,129,1
2358,23,1
2359,113,1
2360,96,1
2361,54,1
2362,45,1
2363,70,1
2364,51,1
2365,47,1
2366,35,1
2367,28,0
2368,61,1
2369,42,1
2370,52,1
2371,165,1
2372,91,1
2373,74,1
2374,48,0
2375,129,1
2376,98,1
2377,107,0
2378,47,0
2379,101,1
2380,96,1
2381,77,1
2382,89,1
2383,95,1
2384,65,1
2385,37,1
2386,122,0
2387,110,1
2388,132,1
2389,28,1
2390,82,0
2391,48,1
2392,59,1
2393,57,1
2394,31,1
2395,51,1
2396,101,1
2397,68,1
2398,71,1
2399,152,1
2400,29,1
2401,25,1
2402,75,1
2403,34,1
2404,138,1
2405,176,1
2406,104,0
2407,50,1
2408,54,1
2409,55,1
2410,50,1
2411,79,1
2412,90,1
2413,175,1
2414,73,1
2415,64,1
2416,50,1
2417,76,1
2418,57,1
2419,76,1
2420,67,1
2421,64,1
2422,38,1
2423,64,1
2424,64,1
2425,200,0
2426,61,1
2427,74,1
2428,44,1
2429,35,0
2430,104,1
2431,94,0
2432,23,1
2433,62,1
2434,112,1
2435,175,1
2436,87,1
2437,113,1
2438,200,0
2439,178,1
2440,44,1
2441,71,1
2442,90,1
2443,37,1
2444,63,1
2445,124,1
2446,57,1
2447,48,1
2448,65,1
2449,67,0
2450,57,1
2451,79,1
2452,37,1
2453,51,1
2454,24,1
2455,135,1
2456,94,1
2457,87,1
2458,101,1
2459,91,1
2460,168,1
2461,43,1
2462,126,1
2463,53,1
2464,31,1
2465,74,0
2466,29,1
2467,117,1
2468,161,1
2469,151,1
2470,100,1
2471,103,1
2472,84,1
2473,157,1
2474,75,1
2475,28,1
2476,89,1
2477,64,1
2478,116,1
2479,102,1
2480,69,1
2481,90,0
2482,24,0
2483,73,1
2484,141,1
2485,33,1
2486,112,1
2487,47,0
2488,117,1
2489,200,0
2490,77,1
2491,72,0
2492,173,1
2493,116,1
2494,84,1
2495,54,1
2496,46,1
2497,71,1
2498,72,1
2499,90,1
2500,136,1
2501,47,1
2502,34,1
2503,82,1
2504,51,1
2505,44,1
2506,84,0
2507,86,1
2508,131,1
2509,58,1
2510,81,1
2511,23,1
2512,30,1
2513,56,0
2514,29,1
2515,99,1
2516,95,1
2517,47,0
2518,86,0
2519,25,1
2520,82,1
2521,90,1
2522,160,1
2523,57,1
2524,39,0
2525,58,1
2526,45,1
2527,52,1
2528,21,0
2529,58,1
2530,47,0
2531,63,1
2532,105,1
2533,55,1
2534,54,1
2535,88,1
2536,58,1
2537,51,1
2538,58,0
2539,89,1
2540,89,1
2541,114,1
2542,59,1
2543,43,1
2544,75,1
2545,26,1
2546,144,1
2547,132,1
2548,67,1
2549,151,1
2550,27,1
2551,89,1
2552,68,1
2553,61,1
2554,84,1
2555,49,1
2556,86,1
2557,37,1
2558,66,1
2559,71,1
2560,40,1
2561,66,1
2562,59,1
2563,60,1
2564,171,1
2565,26,1
2566,59,1
2567,159,1
2568,106,1
2569,107,1
2570,33,0
2571,21,1
2572,64,1
2573,155,1
2574,22,1
2575,89,1
2576,71,1
2577,62,1
2578,44,1
2579,93,1
2580,149,1
2581,71,1
2582,107,1
2583,107,0
2584,126,1
2585,129,0
2586,63,1
2587,102,1
2588,147,0
2589,128,1
2590,94,1
2591,72,1
2592,43,0
2593,89,1
2594,192,1
2595,87,1
2596,73,1
2597,173,1
2598,63,1
2599,167,1
2600,45,1
2601,200,0
2602,31,0
2603,29,1
2604,50,1
2605,200,0
2606,101,1
2607,105,1
2608,121,1
2609,55,1
2610,76,1
2611,47,1
2612,49,1
2613,62,1
2614,99,1
2615,144,1
2616,49,1
2617,200,0
2618,165,1
2619,148,1
2620,83,0
2621,80,1
2622,96,1
2623,77,1
2624,117,1
2625,59,1
2626,33,1
2627,50,1
2628,50,1
2629,122,1
2630,38,1
2631,42,0
2632,44,1
2633,200,0
2634,29,1
2635,154,1
2636,60,1
2637,115,1
2638,76,1
2639,57,0
2640,104,1
2641,67,1
2642,68,1
2643,120,1
2644,91,1
2645,94,1
2646,55,0
2647,92,1
2648,41,0
2649,200,0
2650,111,1
2651,75,1
2652,195,0
2653,46,1
2654,110,1
2655,75,0
2656,34,1
2657,78,0
2658,200,0
2659,63,1
2660,68,1
2661,71,1
2662,64,1
2663,15,0
2664,131,1
2665,34,1
2666,63,1
2667,48,0
2668,64,1
2669,44,1
2670,143,0
2671,142,0
2672,80,1
2673,104,1
2674,121,1
2675,45,1
2676,39,1
2677,89,1
2678,81,1
2679,78,1
2680,32,1
2681,162,1
2682,200,0
2683,88,1
2684,71,1
2685,153,1
2686,62,1
2687,95,1
2688,117,1
2689,70,1
2690,169,1
2691,56,1
2692,74,1
2693,22,0
2694,80,1
2695,53,1
2696,71,1
2697,76,1
2698,85,0
2699,116,1
2700,200,0
2701,107,1
2702,125,1
2703,128,0
2704,123,1
2705,46,1
2706,44,1
2707,68,1
2708,200,0
2709,62,1
2710,48,1
2711,153,1
2712,48,1
2713,47,1
2714,155,1
2715,95,1
2716,83,1
2717,63,1
2718,89,1
2719,53,0
2720,79,1
2721,42,1
2722,92,1
2723,47,0
2724,46,1
2725,48,1
2726,83,1
2727,56,0
2728,55,1
2729,45,1
2730,90,1
2731,148,1
2732,70,1
2733,42,0
2734,40,1
2735,151,1
2736,86,1
2737,66,1
2738,46,1
2739,83,0
2740,92,0
2741,43,1
2742,123,1
2743,141,1
2744,65,1
2745,80,1
2746,104,1
2747,66,1
2748,66,0
2749,52,1
2750,53,1
2751,145,0
2752,159,1
2753,200,0
2754,47,1
2755,75,1
2756,171,1
2757,90,0
2758,183,0
2759,33,0
2760,200,0
2761,20,1
2762,32,1
2763,69,1
2764,117,1
2765,80,1
2766,110,1
2767,90,1
2768,83,1
2769,60,1
2770,21,1
2771,68,1
2772,185,1
2773,53,1
2774,46,1
2775,71,1
2776,61,1
2777,81,0
2778,20,0
2779,142,1
2780,57,1
2781,115,1
2782,99,1
2783,71,1
2784,119,1
2785,123,1
2786,56,1
2787,87,1
2788,83,1
2789,95,1
2790,51,1
2791,31,1
2792,40,1
2793,112,1
2794,49,1
2795,94,1
2796,66,1
2797,106,1
2798,28,0
2799,95,1
2800,75,0
2801,58,1
2802,87,1
2803,155,1
2804,72,1
2805,52,1
2806,29,1
2807,91,1
2808,36,0
2809,50,1
2810,152,1
2811,115,1
2812,100,1
2813,115,1
2814,127,1
2815,110,0
2816,38,1
2817,149,1
2818,88,1
2819,94,1
2820,166,1
2821,200,0
2822,173,1
2823,51,1
2824,24,0
2825,64,1
2826,62,1
2827,93,1
2828,58,1
2829,62,1
2830,53,1
2831,26,1
2832,68,1
2833,51,1
2834,200,0
2835,39,1
2836,200,0
2837,57,0
2838,69,1
2839,104,1
2840,53,1
2841,44,0
2842,115,1
2843,131,1
2844,109,1
2845,107,1
2846,74,1
2847,69,1
2848,65,1
2849,60,1
2850,48,1
2851,31,1
2852,81,1
2853,62,1
2854,157,1
2855,61,1
2856,63,1
2857,200,0
2858,84,1
2859,74,1
2860,47,1
2861,181,1
2862,53,1
2863,91,1
2864,131,1
2865,138,1
2866,66,0
2867,65,0
2868,77,1
2869,30,0
2870,114,1
2871,139,1
2872,118,1
2873,97,0
2874,141,1
2875,25,1
2876,68,1
2877,44,1
2878,52,1
2879,92,1
2880,61,1
2881,92,1
2882,90,1
2883,162,0
2884,53,1
2885,120,1
2886,54,1
2887,123,1
2888,47,1
2889,22,1
2890,51,1
2891,200,0
2892,132,1
2893,71,1
2894,34,1
2895,23,1
2896,107,1
2897,64,1
2898,88,1
2899,46,1
2900,103,1
2901,54,1
2902,74,1
2903,53,1
2904,33,0
2905,31,1
2906,34,1
2907,99,1
2908,98,1
2909,200,0
2910,133,1
2911,101,1
2912,72,1
2913,177,1
2914,86,1
2915,76,0
2916,30,1
2917,200,0
2918,81,1
2919,28,1
2920,29,1
2921,107,1
2922,39,1
2923,58,1
2924,86,1
2925,54,1
2926,16,0
2927,68,1
2928,199,1
2929,48,1
2930,37,1
2931,76,1
2932,57,1
2933,77,1
2934,114,1
2935,88,0
2936,26,0
2937,61,1
2938,92,1
2939,113,1
2940,195,1
2941,200,0
2942,91,0
2943,101,1
2944,76,1
2945,77,1
2946,110,1
2947,143,1
2948,140,1
2949,63,1
2950,101,1
2951,59,1
2952,71,1
2953,59,1
2954,153,0
2955,33,1
2956,151,1
2957,95,1
2958,57,1
2959,58,1
2960,82,1
2961,142,1
2962,90,1
2963,91,1
2964,68,1
2965,30,1
2966,42,1
2967,182,1
2968,197,1
2969,50,1
2970,100,1
2971,55,1
2972,56,1
2973,133,0
2974,95,1
2975,77,1
2976,68,1
2977,91,1
2978,200,0
2979,47,0
2980,40,1
2981,49,1
2982,53,1
2983,33,1
2984,48,1
2985,84,1
2986,133,1
2987,27,1
2988,65,1
2989,88,1
2990,123,1
2991,65,1
2992,200,0
2993,98,1
2994,157,1
2995,87,1
2996,65,1
2997,49,1
2998,37,1
2999,25,0
3000,38,1
3001,48,1
3002,64,1
3003,62,1
3004,124,1
3005,144,1
3006,37,1
3007,133,1
3008,72,1
3009,127,1
3010,81,1
3011,86,1
3012,91,1
3013,166,1
3014,60,1
3015,63,1
3016,42,1
3017,61,1
3018,91,1
3019,82,1
3020,42,1
3021,53,1
3022,137,1
3023,32,1
3024,60,1
3025,32,1
3026,200,0
3027,68,1
3028,151,1
3029,56,0
3030,42,1
3031,34,1
3032,56,1
3033,35,1
3034,107,1
3035,47,1
3036,89,1
3037,50,1
3038,38,1
3039,96,1
3040,95,1
3041,64,1
3042,108,1
3043,28,0
3044,121,1
3045,160,1
3046,62,1
3047,40,1
3048,97,1
3049,60,1
3050,76,1
3051,69,0
3052,52,1
3053,200,0
3054,27,1
3055,40,1
3056,40,1
3057,113,1
3058,121,1
3059,89,1
3060,60,0
3061,73,1
3062,94,1
3063,57,1
3064,68,1
3065,106,1
3066,136,1
3067,52,1
3068,36,1
3069,106,1
3070,152,1
3071,115,1
3072,39,1
3073,119,1
3074,109,1
3075,106,1
3076,43,1
3077,47,1
3078,33,0
3079,141,1
3080,194,1
3081,65,1
3082,41,1
3083,33,1
3084,95,1
3085,49,1
3086,200,0
3087,200,0
3088,145,1
3089,53,1
3090,77,1
3091,25,1
3092,109,1
3093,65,1
3094,67,1
3095,147,1
3096,189,1
3097,34,1
3098,65,1
3099,124,1
3100,184,1
3101,174,1
3102,53,1
3103,92,1
3104,150,1
3105,62,0
3106,144,1
3107,67,1
3108,39,1
3109,159,1
3110,112,1
3111,22,1
3112,170,1
3113,200,0
3114,84,1
3115,58,1
3116,29,1
3117,148,1
3118,75,1
3119,90,1
3120,61,0
3121,145,0
3122,114,1
3123,104,1
3124,53,0
3125,105,1
3126,119,1
3127,107,1
3128,60,1
3129,58,1
3130,49,1
3131,200,0
3132,35,1
3133,101,1
3134,59,1
3135,46,1
3136,127,1
3137,105,1
3138,52,1
3139,104,1
3140,39,1
3141,93,1
3142,173,0
3143,76,1
3144,43,1
3145,181,1
3146,61,1
3147,112,1
3148,79,0
3149,71,0
3150,37,1
3151,49,1
3152,96,1
3153,152,1
3154,99,1
3155,120,1
3156,67,0
3157,112,1
3158,122,1
3159,130,1
3160,71,1
3161,88,1
3162,33,1
3163,56,1
3164,51,1
3165,57,1
3166,142,1
3167,95,1
3168,43,1
3169,40,0
3170,52,1
3171,60,1
3172,126,1
3173,92,1
3174,121,1
3175,140,1
3176,37,0
3177,43,1
3178,118,0
3179,80,1
3180,55,1
3181,40,1
3182,129,1
3183,200,0
3184,200,0
3185,76,1
3186,26,1
3187,85,1
3188,61,1
3189,48,1
3190,39,0
3191,77,1
3192,61,1
3193,31,1
3194,120,1
3195,48,1
3196,25,0
3197,61,1
3198,137,1
3199,52,0
3200,161,1
3201,36,1
3202,87,1
3203,81,1
3204,185,1
3205,107,1
3206,48,1
3207,185,1
3208,129,0
3209,62,1
3210,53,1
3211,73,0
3212,80,1
3213,104,1
3214,30,1
3215,39,1
3216,200,0
3217,114,1
3218,64,1
3219,115,1
3220,167,1
3221,47,1
3222,100,1
3223,148,0
3224,110,1
3225,56,1
3226,34,1
3227,116,1
3228,67,1
3229,70,1
3230,93,1
3231,136,1
3232,69,1
3233,81,1
3234,57,1
3235,139,1
3236,82,1
3237,50,1
3238,58,1
3239,153,1
3240,167,1
3241,25,1
3242,80,1
3243,100,1
3244,200,0
3245,79,1
3246,52,1
3247,81,0
3248,39,0
3249,102,1
3250,42,1
3251,64,0
3252,87,1
3253,83,1
3254,93,1
3255,70,1
3256,52,1
3257,62,1
3258,95,1
3259,71,1
3260,93,1
3261,105,1
3262,100,1
3263,82,1
3264,72,0
3265,52,1
3266,111,1
3267,200,0
3268,95,1
3269,51,1
3270,184,1
3271,97,1
3272,148,1
3273,72,1
3274,117,1
3275,84,1
3276,34,1
3277,79,0
3278,111,1
3279,96,1
3280,114,1
3281,33,0
3282,47,1
3283,93,1
3284,61,0
3285,54,1
3286,69,1
3287,80,1
3288,55,1
3289,20,1
3290,31,0
3291,40,1
3292,58,1
3293,72,1
3294,69,1
3295,73,1
3296,45,0
3297,87,1
3298,103,1
3299,55,1
3300,33,1
3301,39,1
3302,114,1
3303,65,1
3304,106,0
3305,62,1
3306,75,1
3307,111,1
3308,62,1
3309,58,0
3310,85,1
3311,34,0
3312,43,1
3313,34,0
3314,111,0
3315,96,1
3316,62,1
3317,102,1
3318,54,1
3319,46,1
3320,45,1
3321,69,1
3322,90,1
3323,37,1
3324,105,1
3325,175,1
3326,44,1
3327,58,1
3328,91,1
3329,112,1
3330,38,1
3331,100,0
3332,103,1
3333,105,1
3334,48,1
3335,65,1
3336,63,1
3337,42,1
3338,83,1
3339,99,1
3340,48,1
3341,99,1
3342,67,1
3343,171,1
3344,27,0
3345,85,1
3346,37,0
3347,74,1
3348,94,1
3349,83,1
3350,123,1
3351,26,1
3352,48,1
3353,41,1
3354,57,1
3355,114,1
3356,60,1
3357,82,1
3358,139,1
3359,101,1
3360,166,1
3361,146,1
3362,158,1
3363,86,1
3364,77,1
3365,89,1
3366,100,1
3367,49,0
3368,78,1
3369,58,1
3370,49,1
3371,79,1
3372,70,1
3373,133,1
3374,142,1
3375,84,1
3376,53,1
3377,44,1
3378,57,1
3379,73,1
3380,138,1
3381,200,0
3382,54,1
3383,66,1
3384,74,1
3385,141,1
3386,35,1
3387,138,1
3388,103,1
3389,54,1
3390,106,1
3391,50,1
3392,74,1
3393,149,1
3394,68,1
3395,122,1
3396,133,1
3397,42,1
3398,54,1
3399,75,1
3400,50,1
3401,97,1
3402,45,1
3403,97,1
3404,144,1
3405,78,1
3406,200,0
3407,141,1
3408,36,1
3409,186,0
3410,145,1
3411,72,0
3412,77,1
3413,90,1
3414,42,0
3415,113,1
3416,109,1
3417,70,0
3418,94,1
3419,50,1
3420,128,1
3421,44,1
3422,35,1
3423,200,0
3424,32,0
3425,200,0
3426,66,1
3427,101,1
3428,49,1
3429,200,0
3430,48,1
3431,63,1
3432,57,1
3433,69,1
3434,130,0
3435,75,1
3436,41,1
3437,90,1
3438,165,1
3439,70,1
3440,113,1
3441,118,1
3442,200,0
3443,35,1
3444,92,1
3445,46,1
3446,47,1
3447,140,1
3448,47,1
3449,66,1
3450,83,0
3451,138,1
3452,66,1
3453,64,1
3454,54,0
3455,50,1
3456,97,1
3457,33,0
3458,57,1
3459,200,0
3460,66,1
3461,33,1
3462,23,0
3463,167,1
3464,78,1
3465,31,1
3466,67,1
3467,41,1
3468,35,0
3469,125,1
3470,48,1
3471,75,1
3472,56,1
3473,89,1
3474,131,0
3475,135,1
3476,200,0
3477,105,1
3478,55,1
3479,48,1
3480,59,1
3481,58,1
3482,101,1
3483,38,1
3484,173,1
3485,61,1
3486,96,0
3487,177,1
3488,73,1
3489,62,1
3490,110,0
3491,81,1
3492,40,1
3493,106,1
3494,61,1
3495,44,1
3496,56,0
3497,62,1
3498,23,1
3499,47,1
3500,132,1
3501,57,1
3502,167,1
3503,32,1
3504,38,1
3505,42,1
3506,100,1
3507,102,1
3508,63,1
3509,45,1
3510,29,0
3511,120,1
3512,32,1
3513,134,1
3514,67,1
3515,104,1
3516,83,1
3517,44,1
3518,200,0
3519,74,1
3520,67,0
3521,78,1
3522,62,1
3523,178,1
3524,107,1
3525,46,1
3526,81,1
3527,48,1
3528,45,1
3529,88,1
3530,200,0
3531,58,1
3532,41,1
3533,73,1
3534,85,1
3535,44,1
3536,74,1
3537,60,1
3538,44,1
3539,100,1
3540,98,1
3541,53,1
3542,81,1
3543,35,1
3544,48,1
3545,104,1
3546,32,0
3547,44,0
3548,75,1
3549,46,1
3550,200,0
3551,86,1
3552,63,1
3553,76,1
3554,60,1
3555,71,1
3556,106,1
3557,64,0
3558,145,1
3559,53,1
3560,67,1
3561,48,1
3562,134,0
3563,75,1
3564,61,0
3565,132,1
3566,200,0
3567,72,1
3568,119,1
3569,50,1
3570,120,1
3571,63,1
3572,84,1
3573,48,1
3574,80,1
3575,149,1
3576,41,1
3577,42,1
3578,97,1
3579,96,1
3580,39,1
3581,102,1
3582,69,1
3583,133,1
3584,84,1
3585,194,1
3586,100,1
3587,100,1
3588,43,1
3589,124,1
3590,90,1
3591,87,1
3592,74,1
3593,70,1
3594,79,1
3595,73,1
3596,145,0
3597,134,1
3598,53,1
3599,27,1
3600,131,1
3601,57,1
3602,50,1
3603,109,1
3604,89,1
3605,26,1
3606,133,1
3607,66,1
3608,110,1
3609,162,1
3610,104,0
3611,102,1
3612,72,1
3613,142,0
3614,94,1
3615,98,1
3616,68,0
3617,117,1
3618,74,0
3619,124,1
3620,163,1
3621,160,1
3622,56,1
3623,32,1
3624,68,1
3625,66,1
3626,79,1
3627,43,1
3628,101,1
3629,92,0
3630,136,0
3631,62,1
3632,113,1
3633,51,1
3634,110,0
3635,58,1
3636,160,1
3637,29,1
3638,53,1
3639,92,0
3640,79,1
3641,37,1
3642,57,1
3643,153,1
3644,115,1
3645,146,1
3646,56,1
3647,67,0
3648,69,1
3649,111,1
3650,82,1
3651,79,1
3652,47,1
3653,123,1
3654,69,0
3655,98,1
3656,56,1
3657,129,1
3658,21,1
3659,135,1
3660,72,1
3661,53,1
3662,84,1
3663,133,1
3664,109,1
3665,51,1
3666,32,1
3667,49,1
3668,69,1
3669,126,1
3670,134,1
3671,181,1
3672,200,0
3673,123,1
3674,44,1
3675,60,1
3676,140,1
3677,103,1
3678,63,1
3679,152,1
3680,54,1
3681,41,1
3682,174,0
3683,58,1
3684,142,1
3685,94,1
3686,91,1
3687,73,1
3688,45,1
3689,78,1
3690,124,0
3691,55,1
3692,36,1
3693,37,1
3694,200,0
3695,139,1
3696,145,1
3697,50,1
3698,44,0
3699,80,1
3700,188,1
3701,83,1
3702,126,1
3703,92,1
3704,82,1
3705,39,1
3706,74,1
3707,105,1
3708,96,1
3709,41,1
3710,63,1
3711,99,1
3712,106,1
3713,200,0
3714,72,1
3715,140,1
3716,103,1
3717,101,1
3718,90,0
3719,70,1
3720,104,1
3721,63,0
3722,186,1
3723,106,1
3724,70,1
3725,52,1
3726,101,1
3727,180,1
3728,47,1
3729,54,1
3730,41,1
3731,47,1
3732,37,1
3733,115,1
3734,108,1
3735,122,1
3736,60,1
3737,138,1
3738,47,1
3739,171,1
3740,200,0
3741,121,1
3742,44,1
3743,118,1
3744,200,0
3745,56,1
3746,65,0
3747,78,0
3748,64,1
3749,42,1
3750,187,1
3751,79,1
3752,59,1
3753,139,1
3754,82,1
3755,77,1
3756,117,1
3757,57,0
3758,135,1
3759,124,0
3760,37,1
3761,63,1
3762,141,1
3763,173,1
3764,72,1
3765,96,1
3766,71,0
3767,83,1
3768,118,1
3769,86,1
3770,66,1
3771,28,1
3772,56,0
3773,83,1
3774,198,1
3775,82,1
3776,122,1
3777,58,0
3778,58,1
3779,86,1
3780,91,1
3781,25,1
3782,78,1
3783,73,1
3784,78,1
3785,73,1
3786,62,1
3787,102,1
3788,157,1
3789,71,1
3790,88,1
3791,69,1
3792,73,1
3793,52,1
3794,70,1
3795,45,1
3796,174,1
3797,100,1
3798,90,1
3799,200,0
3800,38,1
3801,51,1
3802,126,0
3803,33,1
3804,184,1
3805,200,0
3806,66,1
3807,60,1
3808,129,1
3809,64,1
3810,44,1
3811,154,1
3812,119,1
3813,127,1
3814,84,1
3815,64,1
3816,68,1
3817,80,1
3818,78,1
3819,124,1
3820,66,1
3821,103,1
3822,78,1
3823,51,0
3824,50,1
3825,44,1
3826,30,1
3827,32,1
3828,91,1
3829,96,1
3830,76,1
3831,138,1
3832,38,0
3833,33,1
3834,90,1
3835,76,1
3836,51,1
3837,58,0
3838,104,1
3839,49,1
3840,68,1
3841,14,0
3842,185,1
3843,68,1
3844,42,1
3845,31,1
3846,91,1
3847,66,0
3848,90,1
3849,73,1
3850,79,1
3851,127,1
3852,156,1
3853,53,1
3854,51,1
3855,55,1
3856,110,1
3857,136,0
3858,89,0
3859,40,0
3860,74,1
3861,157,1
3862,150,1
3863,55,1
3864,94,1
3865,112,1
3866,50,1
3867,71,1
3868,77,1
3869,31,0
3870,38,1
3871,31,1
3872,61,1
3873,183,1
3874,64,1
3875,90,0
3876,71,1
3877,200,0
3878,107,1
3879,115,1
3880,94,0
3881,55,1
3882,51,0
3883,44,1
3884,72,1
3885,43,1
3886,158,1
3887,88,1
3888,170,1
3889,50,1
3890,168,1
3891,47,1
3892,41,0
3893,58,1
3894,47,1
3895,38,0
3896,121,1
3897,72,1
3898,111,1
3899,141,0
3900,77,1
3901,81,1
3902,57,0
3903,200,0
3904,104,1
3905,121,1
3906,63,1
3907,74,1
3908,62,1
3909,103,1
3910,128,1
3911,49,1
3912,54,1
3913,159,0
3914,98,1
3915,107,1
3916,52,1
3917,77,1
3918,86,1
3919,97,1
3920,93,1
3921,89,1
3922,45,1
3923,68,0
3924,74,1
3925,51,0
3926,42,1
3927,158,1
3928,53,1
3929,65,1
3930,108,1
3931,20,1
3932,90,1
3933,62,1
3934,106,1
3935,76,1
3936,70,1
3937,200,0
3938,110,1
3939,37,1
3940,33,0
3941,128,1
3942,31,1
3943,24,1
3944,53,1
3945,117,1
3946,53,1
3947,42,1
3948,200,0
3949,57,1
3950,83,1
3951,152,1
3952,122,1
3953,40,1
3954,42,1
3955,72,1
3956,52,1
3957,168,1
3958,55,1
3959,61,1
3960,64,1
3961,122,0
3962,51,1
3963,98,1
3964,47,1
3965,122,1
3966,114,1
3967,96,1
3968,83,1
3969,63,1
3970,56,1
3971,114,1
3972,49,1
3973,194,0
3974,43,1
3975,47,1
3976,135,0
3977,106,1
3978,52,1
3979,71,1
3980,63,1
3981,111,1
3982,50,1
3983,169,1
3984,64,1
3985,45,1
3986,62,1
3987,34,1
3988,105,1
3989,71,1
3990,95,1
3991,59,1
3992,111,1
3993,101,1
3994,67,1
3995,149,1
3996,61,1
3997,52,0
3998,91,1
3999,42,1
4000,189,1
4001,58,1
4002,86,1
4003,82,1
4004,41,1
4005,147,1
4006,47,1
4007,126,1
4008,49,0
4009,35,1
4010,54,1
4011,131,1
4012,96,1
4013,79,1
4014,62,1
4015,104,1
4016,176,1
4017,165,1
4018,16,0
4019,43,0
4020,86,1
4021,45,1
4022,74,0
4023,30,1
4024,91,1
4025,101,1
4026,72,1
4027,79,1
4028,131,1
4029,135,1
4030,51,1
4031,48,1
4032,89,0
4033,86,1
4034,79,1
4035,88,1
4036,139,1
4037,62,1
4038,64,1
4039,73,1
4040,66,1
4041,154,1
4042,32,1
4043,62,1
4044,126,1
4045,132,1
4046,158,1
4047,64,1
4048,45,1
4049,130,1
4050,189,1
4051,65,1
4052,79,1
4053,40,0
4054,44,1
4055,97,1
4056,46,1
4057,123,1
4058,58,0
4059,126,0
4060,200,0
4061,52,1
4062,36,1
4063,33,1
4064,83,1
4065,61,1
4066,29,0
4067,80,1
4068,93,1
4069,35,1
4070,93,1
4071,36,1
4072,75,0
4073,69,1
4074,100,1
4075,117,0
4076,56,0
4077,75,0
4078,47,1
4079,89,1
4080,103,1
4081,77,1
4082,131,1
4083,175,1
4084,35,1
4085,36,1
4086,48,1
4087,86,1
4088,78,1
4089,156,1
4090,32,1
4091,94,1
4092,60,1
4093,58,1
4094,138,1
4095,51,1
4096,43,0
4097,63,1
4098,27,1
4099,47,1
4100,134,1
4101,56,0
4102,72,1
4103,70,1
4104,110,1
4105,104,1
4106,133,1
4107,81,1
4108,84,1
4109,80,1
4110,92,1
4111,115,1
4112,52,1
4113,56,1
4114,60,1
4115,121,1
4116,42,1
4117,59,1
4118,200,0
4119,56,1
4120,85,0
4121,82,1
4122,33,0
4123,65,0
4124,200,0
4125,35,1
4126,119,0
4127,86,1
4128,87,1
4129,103,1
4130,62,1
4131,94,1
4132,92,1
4133,200,0
4134,182,1
4135,177,1
4136,46,1
4137,30,1
4138,66,1
4139,69,0
4140,142,1
4141,94,1
4142,53,1
4143,38,1
4144,23,1
4145,36,1
4146,180,1
4147,100,1
4148,109,1
4149,200,0
4150,178,1
4151,41,1
4152,100,1
4153,91,1
4154,21,1
4155,164,1
4156,105,1
4157,107,1
4158,109,1
4159,136,1
4160,69,1
4161,125,1
4162,131,1
4163,173,1
4164,95,1
4165,110,1
4166,78,0
4167,100,1
4168,93,1
4169,112,1
4170,159,1
4171,80,1
4172,147,1
4173,88,1
4174,55,1
4175,180,1
4176,31,1
4177,81,1
4178,49,1
4179,87,1
4180,76,1
4181,75,1
4182,53,1
4183,74,1
4184,90,0
4185,101,1
4186,143,1
4187,36,1
4188,44,0
4189,145,1
4190,116,1
4191,167,1
4192,98,1
4193,57,1
4194,200,0
4195,132,1
4196,76,0
4197,78,1
4198,59,1
4199,69,1
4200,142,1
4201,51,1
4202,53,1
4203,92,1
4204,45,1
4205,161,1
4206,149,1
4207,63,1
4208,139,1
4209,55,1
4210,120,0
4211,55,1
4212,59,0
4213,36,1
4214,96,1
4215,94,1
4216,114,1
4217,63,1
4218,101,1
4219,46,1
4220,98,1
4221,39,1
4222,120,1
4223,132,1
4224,72,1
4225,44,1
4226,53,1
4227,36,1
4228,179,1
4229,94,1
4230,39,1
4231,98,0
4232,49,1
4233,98,0
4234,59,1
4235,42,1
4236,150,1
4237,77,1
4238,71,1
4239,42,1
4240,53,1
4241,134,1
4242,27,0
4243,113,1
4244,126,1
4245,147,1
4246,153,1
4247,80,1
4248,20,0
4249,71,1
4250,45,1
4251,130,1
4252,32,1
4253,181,1
4254,200,0
4255,27,1
4256,40,1
4257,69,1
4258,72,1
4259,95,1
4260,85,1
4261,75,0
4262,113,1
4263,64,1
4264,91,1
4265,34,1
4266,89,1
4267,132,1
4268,108,1
4269,96,1
4270,110,1
4271,154,1
4272,47,1
4273,83,1
4274,77,1
4275,27,0
4276,83,1
4277,70,1
4278,48,1
4279,124,1
4280,49,1
4281,140,1
4282,30,1
4283,52,1
4284,59,1
4285,98,1
4286,51,1
4287,57,1
4288,87,0
4289,108,1
4290,200,0
4291,105,1
4292,37,1
4293,76,1
4294,62,1
4295,101,1
4296,93,1
4297,96,1
4298,57,1
4299,200,0
4300,45,0
4301,85,1
4302,109,1
4303,43,1
4304,81,1
4305,186,1
4306,162,1
4307,71,1
4308,133,1
4309,67,1
4310,128,1
4311,73,1
4312,32,1
4313,75,1
4314,71,1
4315,60,1
4316,83,1
4317,200,0
4318,66,1
4319,71,1
4320,125,1
4321,80,1
4322,45,1
4323,200,0
4324,107,1
4325,200,0
4326,75,1
4327,83,1
4328,55,1
4329,32,1
4330,75,1
4331,102,0
4332,153,1
4333,200,0
4334,58,1
4335,87,1
4336,81,1
4337,52,1
4338,51,1
4339,60,0
4340,144,1
4341,106,1
4342,126,1
4343,200,0
4344,58,1
4345,118,1
4346,48,1
4347,81,0
4348,136,1
4349,82,1
4350,52,1
4351,45,1
4352,73,1
4353,162,1
4354,190,1
4355,133,1
4356,81,1
4357,166,1
4358,52,1
4359,79,1
4360,49,1
4361,102,1
4362,121,1
4363,111,1
4364,86,1
4365,50,1
4366,93,1
4367,46,1
4368,51,1
4369,58,1
4370,128,1
4371,200,0
4372,36,1
4373,48,0
4374,132,1
4375,56,1
4376,81,1
4377,91,1
4378,38,1
4379,67,1
4380,139,1
4381,146,1
4382,99,1
4383,145,1
4384,110,0
4385,118,1
4386,62,1
4387,65,1
4388,86,1
4389,98,1
4390,56,1
4391,37,1
4392,109,1
4393,89,1
4394,106,1
4395,99,1
4396,50,1
4397,43,1
4398,58,1
4399,70,1
4400,200,0
4401,50,1
4402,113,1
4403,200,0
4404,98,1
4405,40,1
4406,126,1
4407,60,1
4408,103,1
4409,54,1
4410,65,0
4411,40,1
4412,79,1
4413,52,1
4414,88,1
4415,95,1
4416,38,1
4417,200,0
4418,172,1
4419,200,0
4420,111,1
4421,75,1
4422,26,1
4423,69,1
4424,54,0
4425,47,1
4426,132,1
4427,46,1
4428,58,1
4429,158,1
4430,65,1
4431,77,1
4432,159,1
4433,72,1
4434,54,1
4435,28,0
4436,128,1
4437,91,1
4438,83,1
4439,93,1
4440,47,1
4441,49,1
4442,65,1
4443,30,1
4444,97,1
4445,86,1
4446,94,1
4447,88,0
4448,52,0
4449,97,1
4450,54,1
4451,83,1
4452,83,1
4453,89,1
4454,200,0
4455,166,0
4456,25,1
4457,55,1
4458,55,1
4459,143,1
4460,27,1
4461,56,1
4462,134,0
4463,37,1
4464,166,1
4465,184,1
4466,57,1
4467,156,1
4468,85,1
4469,56,1
4470,35,1
4471,38,1
4472,112,1
4473,45,1
4474,43,1
4475,51,1
4476,24,1
4477,53,1
4478,130,1
4479,72,1
4480,114,1
4481,98,1
4482,133,1
4483,99,1
4484,64,1
4485,99,1
4486,139,1
4487,50,1
4488,189,1
4489,200,0
4490,26,1
4491,104,1
4492,128,1
4493,120,1
4494,66,1
4495,70,0
4496,179,1
4497,24,1
4498,26,1
4499,100,1
4500,126,0
4501,110,1
4502,174,1
4503,75,1
4504,36,1
4505,44,1
4506,47,1
4507,75,0
4508,66,1
4509,59,1
4510,31,1
4511,97,0
4512,118,1
4513,111,1
4514,168,1
4515,71,1
4516,200,0
4517,59,1
4518,69,1
4519,158,1
4520,65,1
4521,44,0
4522,153,1
4523,31,1
4524,28,1
4525,88,1
4526,96,1
4527,26,1
4528,88,1
4529,42,1
4530,54,1
4531,90,1
4532,80,1
4533,27,0
4534,122,1
4535,102,1
4536,68,1
4537,47,1
4538,76,1
4539,87,1
4540,66,1
4541,107,1
4542,139,1
4543,50,1
4544,200,0
4545,38,1
4546,71,1
4547,117,1
4548,67,1
4549,148,1
4550,66,1
4551,99,1
4552,64,1
4553,200,0
4554,45,1
4555,68,1
4556,66,1
4557,200,0
4558,70,1
4559,64,1
4560,61,1
4561,51,1
4562,144,0
4563,44,1
4564,40,0
4565,123,1
4566,141,1
4567,86,1
4568,39,1
4569,132,1
4570,129,1
4571,92,1
4572,48,0
4573,47,1
4574,166,1
4575,93,1
4576,88,1
4577,200,0
4578,81,1
4579,84,1
4580,53,1
4581,113,1
4582,200,0
4583,194,1
4584,80,1
4585,91,1
4586,43,1
4587,200,0
4588,27,0
4589,67,1
4590,132,1
4591,43,1
4592,62,1
4593,42,1
4594,68,0
4595,77,1
4596,141,1
4597,68,1
4598,37,1
4599,51,1
4600,73,1
4601,166,1
4602,45,1
4603,200,0
4604,42,1
4605,37,1
4606,33,1
4607,47,1
4608,57,1
4609,148,1
4610,33,1
4611,48,1
4612,53,1
4613,177,1
4614,99,1
4615,200,0
4616,37,1
4617,162,1
4618,54,1
4619,88,1
4620,105,1
4621,137,1
4622,69,1
4623,36,1
4624,94,1
4625,76,1
4626,53,1
4627,41,1
4628,53,1
4629,200,0
4630,66,1
4631,165,1
4632,39,1
4633,173,1
4634,46,0
4635,101,1
4636,138,0
4637,151,1
4638,81,1
4639,113,1
4640,82,1
4641,168,1
4642,33,1
4643,89,1
4644,161,1
4645,58,1
4646,97,1
4647,111,1
4648,57,1
4649,136,1
4650,104,1
4651,59,1
4652,109,1
4653,128,1
4654,61,1
4655,57,1
4656,33,1
4657,95,1
4658,45,1
4659,200,1
4660,91,1
4661,92,1
4662,61,0
4663,108,1
4664,31,1
4665,40,1
4666,53,1
4667,42,1
4668,59,1
4669,73,1
4670,50,1
4671,76,1
4672,84,1
4673,71,1
4674,70,1
4675,188,1
4676,115,1
4677,87,1
4678,57,0
4679,48,1
4680,77,1
4681,63,0
4682,111,1
4683,44,1
4684,41,1
4685,98,1
4686,200,0
4687,129,1
4688,119,0
4689,85,1
4690,153,1
4691,116,1
4692,64,1
4693,60,1
4694,67,1
4695,91,1
4696,98,1
4697,98,1
4698,40,1
4699,80,1
4700,39,0
4701,131,1
4702,69,1
4703,84,1
4704,96,1
4705,33,0
4706,35,1
4707,200,0
4708,48,1
4709,144,1
4710,39,1
4711,78,1
4712,85,1
4713,39,1
4714,74,1
4715,32,1
4716,100,1
4717,38,1
4718,79,1
4719,100,1
4720,138,1
4721,43,1
4722,44,1
4723,34,1
4724,21,0
4725,131,0
4726,63,1
4727,80,1
4728,141,0
4729,179,0
4730,46,1
4731,74,1
4732,39,1
4733,118,1
4734,78,1
4735,103,1
4736,72,0
4737,49,1
4738,36,1
4739,51,1
4740,19,0
4741,50,1
4742,91,1
4743,38,1
4744,52,1
4745,124,1
4746,79,1
4747,71,1
4748,75,1
4749,46,1
4750,61,1
4751,64,1
4752,78,1
4753,54,1
4754,80,0
4755,80,1
4756,83,1
4757,91,1
4758,58,1
4759,63,1
4760,90,1
4761,81,1
4762,61,1
4763,134,0
4764,138,1
4765,158,1
4766,51,1
4767,69,1
4768,63,1
4769,34,1
4770,106,1
4771,44,1
4772,105,1
4773,147,1
4774,60,1
4775,81,1
4776,54,0
4777,82,1
4778,105,1
4779,73,1
4780,138,1
4781,23,1
4782,18,1
4783,126,1
4784,56,0
4785,56,1
4786,68,1
4787,64,1
4788,154,1
4789,154,1
4790,38,1
4791,63,1
4792,39,1
4793,50,1
4794,70,1
4795,62,1
4796,104,1
4797,24,1
4798,69,1
4799,74,1
4800,61,1
4801,55,1
4802,63,1
4803,159,1
4804,67,1
4805,63,1
4806,71,1
4807,54,1
4808,92,1
4809,37,1
4810,103,1
4811,37,1
4812,109,0
4813,40,1
4814,127,1
4815,120,1
4816,65,1
4817,190,1
4818,43,1
4819,71,1
4820,103,1
4821,128,1
4822,152,1
4823,94,1
4824,92,1
4825,31,1
4826,37,1
4827,62,1
4828,63,1
4829,101,1
4830,87,1
4831,200,0
4832,56,1
4833,50,1
4834,79,1
4835,180,1
4836,30,1
4837,175,1
4838,100,1
4839,43,1
4840,29,1
4841,186,1
4842,63,1
4843,33,1
4844,58,1
4845,91,1
4846,94,1
4847,52,1
4848,69,1
4849,70,0
4850,44,1
4851,56,1
4852,119,1
4853,33,1
4854,72,1
4855,28,1
4856,29,1
4857,32,1
4858,97,1
4859,50,0
4860,35,1
4861,104,1
4862,52,1
4863,61,1
4864,29,1
4865,98,1
4866,162,1
4867,144,1
4868,36,1
4869,56,1
4870,105,1
4871,87,1
4872,31,1
4873,131,1
4874,62,0
4875,90,1
4876,28,0
4877,59,1
4878,142,1
4879,61,1
4880,33,1
4881,45,1
4882,73,1
4883,43,1
4884,113,1
4885,42,1
4886,65,1
4887,58,1
4888,80,1
4889,105,1
4890,38,1
4891,79,1
4892,29,1
4893,76,1
4894,111,1
4895,64,0
4896,167,1
4897,85,1
4898,200,0
4899,32,0
4900,57,1
4901,61,1
4902,200,0
4903,134,1
4904,60,1
4905,168,1
4906,41,1
4907,42,1
4908,62,1
4909,33,0
4910,86,1
4911,184,1
4912,32,0
4913,200,0
4914,63,1
4915,113,1
4916,61,1
4917,72,0
4918,43,1
4919,71,1
4920,47,1
4921,101,1
4922,47,0
4923,118,1
4924,46,1
4925,83,1
4926,58,1
4927,48,1
4928,40,1
4929,88,1
4930,145,1
4931,55,1
4932,130,1
4933,87,0
4934,49,1
4935,26,0
4936,94,1
4937,33,1
4938,90,1
4939,79,1
4940,78,0
4941,200,0
4942,94,1
4943,49,0
4944,40,1
4945,122,1
4946,98,1
4947,105,1
4948,67,1
4949,143,1
4950,60,1
4951,50,1
4952,24,0
4953,119,1
4954,81,1
4955,53,1
4956,197,1
4957,61,1
4958,58,1
4959,72,1
4960,104,1
4961,66,1
4962,79,1
4963,60,0
4964,101,1
4965,52,1
4966,43,1
4967,58,1
4968,58,1
4969,38,1
4970,54,1
4971,121,1
4972,91,1
4973,56,1
4974,63,1
4975,42,1
4976,182,1
4977,44,1
4978,46,1
4979,200,0
4980,64,1
4981,200,0
4982,30,1
4983,143,1
4984,101,1
4985,127,1
4986,27,1
4987,98,1
4988,40,1
4989,90,1
4990,198,1
4991,88,1
4992,95,1
4993,46,1
4994,55,0
4995,75,1
4996,70,1
4997,45,1
4998,34,1
4999,94,1
5000,56,1
5001,106,1
5002,102,1
5003,76,1
5004,66,1
5005,129,1
5006,116,1
5007,142,1
5008,69,1
5009,162,1
5010,200,0
5011,126,1
5012,31,1
5013,199,1
5014,92,1
5015,54,1
5016,47,1
5017,81,1
5018,41,1
5019,43,1
5020,66,1
5021,69,1
5022,62,1
5023,159,1
5024,107,0
5025,58,1
5026,78,1
5027,200,0
5028,53,1
5029,142,1
5030,46,1
5031,50,1
5032,108,1
5033,41,0
5034,200,0
5035,46,1
5036,85,1
5037,121,1
5038,65,1
5039,59,0
5040,67,1
5041,200,0
5042,45,1
5043,73,0
5044,45,1
5045,51,1
5046,30,1
5047,34,0
5048,52,1
5049,113,1
5050,92,1
5051,82,0
5052,100,1
5053,74,1
5054,200,0
5055,60,1
5056,106,1
5057,80,1
5058,82,1
5059,140,1
5060,53,1
5061,71,1
5062,83,1
5063,42,0
5064,42,0
5065,51,1
5066,70,1
5067,98,1
5068,54,1
5069,15,0
5070,67,1
5071,65,1
5072,164,1
5073,101,1
5074,58,1
5075,92,1
5076,28,0
5077,118,1
5078,84,1
5079,167,1
5080,61,1
5081,54,1
5082,67,1
5083,36,1
5084,49,1
5085,172,1
5086,112,1
5087,200,0
5088,53,1
5089,39,1
5090,64,1
5091,140,1
5092,43,1
5093,116,1
5094,81,1
5095,75,1
5096,63,1
5097,98,1
5098,111,1
5099,89,1
5100,61,1
5101,80,1
5102,39,1
5103,89,1
5104,137,1
5105,90,1
5106,44,1
5107,51,1
5108,47,1
5109,89,1
5110,139,1
5111,137,1
5112,180,1
5113,24,1
5114,111,1
5115,46,1
5116,20,1
5117,165,0
5118,59,1
5119,65,1
5120,80,1
5121,145,1
5122,125,0
5123,55,0
5124,200,0
5125,97,1
5126,89,1
5127,75,1
5128,66,1
5129,62,1
5130,28,1
5131,36,1
5132,30,1
5133,70,0
5134,38,1
5135,32,1
5136,106,1
5137,70,1
5138,40,1
5139,87,0
5140,77,1
5141,89,1
5142,166,1
5143,180,1
5144,132,1
5145,32,0
5146,55,1
5147,32,1
5148,104,1
5149,82,1
5150,43,1
5151,70,1
5152,92,1
5153,79,1
5154,51,1
5155,49,0
5156,42,1
5157,91,0
5158,200,0
5159,46,1
5160,104,1
5161,38,1
5162,192,1
5163,56,1
5164,109,1
5165,200,0
5166,41,1
5167,71,1
5168,200,0
5169,47,1
5170,69,0
5171,105,1
5172,103,1
5173,93,1
5174,99,1
5175,106,1
5176,68,1
5177,142,1
5178,147,1
5179,115,1
5180,198,0
5181,35,0
5182,77,1
5183,87,1
5184,200,0
5185,33,1
5186,42,1
5187,52,0
5188,52,1
5189,56,1
5190,65,1
5191,46,1
5192,78,1
5193,129,1
5194,91,1
5195,48,1
5196,101,1
5197,61,1
5198,37,1
5199,44,1
5200,123,1
5201,122,0
5202,157,1
5203,61,1
5204,190,1
5205,27,0
5206,50,1
5207,44,1
5208,75,1
5209,43,0
5210,70,1
5211,83,1
5212,34,1
5213,68,0
5214,200,0
5215,65,1
5216,200,0
5217,178,1
5218,53,1
5219,66,1
5220,33,1
5221,85,1
5222,78,1
5223,175,1
5224,44,1
5225,139,1
5226,92,1
5227,82,1
5228,51,1
5229,92,1
5230,38,1
5231,187,1
5232,131,1
5233,106,1
5234,160,1
5235,195,1
5236,136,1
5237,70,1
5238,151,1
5239,71,1
5240,27,1
5241,58,0
5242,74,1
5243,104,1
5244,186,0
5245,160,0
5246,105,1
5247,60,1
5248,55,1
5249,118,1
5250,94,0
5251,70,1
5252,97,1
5253,91,1
5254,44,1
5255,81,1
5256,57,1
5257,52,1
5258,39,1
5259,38,1
5260,64,1
5261,120,1
5262,119,1
5263,137,0
5264,43,1
5265,73,1
5266,38,1
5267,113,1
5268,45,1
5269,57,1
5270,31,1
5271,66,0
5272,53,1
5273,88,0
5274,80,1
5275,61,1
5276,56,1
5277,190,1
5278,57,0
5279,81,1
5280,105,1
5281,80,1
5282,67,0
5283,59,1
5284,75,1
5285,117,1
5286,96,1
5287,53,1
5288,119,1
5289,50,1
5290,27,1
5291,25,1
5292,130,1
5293,75,1
5294,138,1
5295,63,1
5296,44,1
5297,95,1
5298,60,1
5299,24,1
5300,35,1
5301,90,1
5302,46,1
5303,75,1
5304,60,1
5305,50,1
5306,28,0
5307,91,1
5308,83,1
5309,97,1
5310,101,1
5311,200,0
5312,48,1
5313,64,1
5314,92,1
5315,188,1
5316,64,1
5317,175,1
5318,129,1
5319,100,1
5320,100,1
5321,200,0
5322,84,1
5323,68,1
5324,61,1
5325,48,1
5326,65,1
5327,78,1
5328,87,1
5329,109,1
5330,64,1
5331,78,1
5332,47,1
5333,48,1
5334,51,0
5335,191,0
5336,81,1
5337,73,1
5338,186,1
5339,116,1
5340,48,1
5341,49,1
5342,138,1
5343,107,1
5344,104,1
5345,52,1
5346,155,0
5347,82,1
5348,68,1
5349,63,1
5350,72,1
5351,66,1
5352,159,1
5353,68,1
5354,121,1
5355,54,1
5356,157,1
5357,124,1
5358,52,1
5359,94,1
5360,71,1
5361,34,1
5362,46,1
5363,43,1
5364,98,1
5365,106,1
5366,74,1
5367,154,1
5368,55,1
5369,50,0
5370,77,1
5371,63,1
5372,71,1
5373,31,0
5374,57,1
5375,80,1
5376,157,1
5377,94,1
5378,60,0
5379,113,1
5380,122,1
5381,97,1
5382,61,1
5383,84,1
5384,48,1
5385,90,1
5386,28,0
5387,47,1
5388,31,0
5389,51,1
5390,200,0
5391,95,1
5392,51,1
5393,88,1
5394,60,1
5395,84,1
5396,68,1
5397,81,1
5398,59,1
5399,110,1
5400,75,1
5401,37,1
5402,44,1
5403,76,1
5404,91,1
5405,41,1
5406,56,1
5407,106,1
5408,96,1
5409,138,1
5410,97,1
5411,119,1
5412,30,1
5413,124,1
5414,97,1
5415,51,1
5416,70,1
5417,89,1
5418,37,1
5419,63,1
5420,89,1
5421,63,1
5422,106,1
5423,30,1
5424,33,0
5425,105,1
5426,132,0
5427,176,1
5428,66,1
5429,46,0
5430,36,1
5431,24,0
5432,106,1
5433,56,1
5434,49,1
5435,47,1
5436,81,1
5437,59,0
5438,43,1
5439,121,1
5440,22,1
5441,160,1
5442,100,1
5443,72,1
5444,200,0
5445,81,1
5446,177,1
5447,123,1
5448,89,1
5449,58,1
5450,40,1
5451,114,1
5452,57,1
5453,61,1
5454,41,1
5455,81,0
5456,50,1
5457,143,1
5458,65,1
5459,89,1
5460,83,1
5461,102,1
5462,65,1
5463,95,1
5464,31,1
5465,117,1
5466,40,1
5467,170,1
5468,82,1
5469,50,1
5470,28,1
5471,43,1
5472,40,1
5473,73,1
5474,124,1
5475,127,1
5476,50,1
5477,68,1
5478,72,0
5479,78,1
5480,101,1
5481,50,1
5482,114,1
5483,83,1
5484,42,1
5485,62,1
5486,43,1
5487,60,1
5488,30,1
5489,54,1
5490,60,1
5491,88,1
5492,71,1
5493,85,1
5494,88,0
5495,105,1
5496,95,0
5497,84,1
5498,147,0
5499,76,1
5500,57,0
5501,37,1
5502,94,1
5503,101,1
5504,31,1
5505,42,1
5506,95,1
5507,36,1
5508,89,1
5509,73,1
5510,47,1
5511,113,1
5512,42,1
5513,38,1
5514,156,1
5515,65,1
5516,169,0
5517,59,0
5518,43,1
5519,62,1
5520,109,1
5521,77,1
5522,200,0
5523,51,1
5524,138,1
5525,81,1
5526,200,0
5527,69,1
5528,59,1
5529,33,1
5530,136,1
5531,77,1
5532,131,1
5533,109,1
5534,84,1
5535,47,1
5536,64,1
5537,43,1
5538,30,1
5539,60,1
5540,43,1
5541,38,1
5542,83,1
5543,37,1
5544,119,1
5545,54,0
5546,47,1
5547,98,0
5548,52,1
5549,137,0
5550,140,1
5551,88,0
5552,64,1
5553,127,1
5554,84,1
5555,44,1
5556,91,0
5557,34,1
5558,113,1
5559,144,1
5560,103,1
5561,59,1
5562,73,1
5563,69,1
5564,43,1
5565,149,1
5566,149,1
5567,143,1
5568,80,1
5569,82,1
5570,46,0
5571,90,1
5572,79,1
5573,92,1
5574,121,1
5575,57,1
5576,50,1
5577,62,1
5578,78,1
5579,56,1
5580,108,1
5581,200,0
5582,66,1
5583,102,1
5584,78,1
5585,75,0
5586,57,1
5587,152,1
5588,40,1
5589,48,1
5590,156,0
5591,84,1
5592,39,1
5593,160,1
5594,26,1
5595,122,1
5596,116,0
5597,50,0
5598,45,1
5599,103,1
5600,58,1
5601,133,1
5602,43,1
5603,137,1
5604,79,1
5605,108,0
5606,181,1
5607,67,1
5608,46,1
5609,84,1
5610,93,1
5611,128,1
5612,28,1
5613,50,1
5614,84,1
5615,42,1
5616,200,0
5617,110,1
5618,200,0
5619,23,0
5620,115,1
5621,92,1
5622,84,1
5623,86,1
5624,25,0
5625,123,1
5626,107,1
5627,70,1
5628,65,1
5629,54,1
5630,103,1
5631,78,1
5632,31,1
5633,105,1
5634,117,1
5635,139,1
5636,107,1
5637,80,1
5638,54,1
5639,110,1
5640,120,1
5641,98,1
5642,31,1
5643,59,1
5644,49,1
5645,104,1
5646,104,1
5647,60,1
5648,129,1
5649,37,1
5650,75,1
5651,50,0
5652,200,0
5653,106,1
5654,50,1
5655,78,0
5656,107,1
5657,70,1
5658,53,1
5659,111,1
5660,197,0
5661,84,0
5662,46,1
5663,197,1
5664,80,1
5665,53,1
5666,27,1
5667,105,1
5668,32,0
5669,34,1
5670,52,1
5671,58,1
5672,50,1
5673,55,1
5674,98,1
5675,156,1
5676,55,1
5677,78,0
5678,96,1
5679,31,1
5680,89,1
5681,88,1
5682,76,1
5683,92,1
5684,64,1
5685,76,1
5686,127,1
5687,140,1
5688,27,1
5689,160,1
5690,90,1
5691,163,1
5692,59,1
5693,81,1
5694,45,1
5695,52,1
5696,200,0
5697,46,1
5698,200,0
5699,107,1
5700,54,0
5701,85,1
5702,40,1
5703,135,1
5704,61,1
5705,74,1
5706,52,1
5707,50,1
5708,83,0
5709,43,1
5710,64,1
5711,94,1
5712,73,1
5713,108,1
5714,69,1
5715,40,1
5716,45,1
5717,101,1
5718,143,1
5719,147,1
5720,37,1
5721,67,1
5722,85,1
5723,69,1
5724,98,1
5725,162,1
5726,77,1
5727,180,1
5728,105,1
5729,79,1
5730,46,1
5731,60,1
5732,166,1
5733,200,0
5734,93,1
5735,50,1
5736,54,1
5737,130,1
5738,62,1
5739,64,0
5740,64,1
5741,74,1
5742,69,0
5743,61,1
5744,89,1
5745,54,1
5746,58,1
5747,32,0
5748,80,1
5749,36,1
5750,36,0
5751,87,1
5752,157,1
5753,52,1
5754,45,1
5755,99,1
5756,70,1
5757,123,0
5758,49,1
5759,76,1
5760,200,0
5761,51,1
5762,194,1
5763,117,1
5764,150,1
5765,200,0
5766,51,1
5767,28,1
5768,135,0
5769,59,1
5770,88,1
5771,69,1
5772,123,0
5773,146,1
5774,63,0
5775,47,1
5776,80,1
5777,161,1
5778,35,1
5779,165,1
5780,133,1
5781,200,0
5782,39,0
5783,61,1
5784,81,1
5785,64,1
5786,200,0
5787,170,1
5788,50,1
5789,70,1
5790,95,1
5791,53,1
5792,62,1
5793,103,1
5794,138,1
5795,84,1
5796,79,0
5797,90,1
5798,157,1
5799,78,1
5800,69,1
5801,160,1
5802,200,0
5803,43,1
5804,72,1
5805,37,1
5806,55,1
5807,103,1
5808,57,1
5809,62,1
5810,101,1
5811,148,1
5812,132,1
5813,103,1
5814,99,1
5815,80,1
5816,75,1
5817,45,1
5818,36,1
5819,63,1
5820,62,1
5821,108,1
5822,42,1
5823,55,0
5824,192,1
5825,117,1
5826,71,1
5827,82,1
5828,58,1
5829,80,1
5830,72,1
5831,58,1
5832,110,1
5833,200,0
5834,76,0
5835,102,1
5836,78,1
5837,81,0
5838,34,1
5839,88,0
5840,79,1
5841,51,0
5842,73,1
5843,143,1
5844,113,1
5845,107,1
5846,28,1
5847,103,1
5848,82,0
5849,77,1
5850,57,1
5851,62,0
5852,76,1
5853,43,1
5854,60,0
5855,141,1
5856,52,1
5857,81,1
5858,56,1
5859,114,1
5860,137,1
5861,69,1
5862,50,1
5863,22,0
5864,71,1
5865,50,1
5866,115,1
5867,42,1
5868,80,1
5869,180,1
5870,176,1
5871,36,0
5872,44,0
5873,56,1
5874,200,0
5875,38,1
5876,42,1
5877,94,1
5878,68,1
5879,74,1
5880,147,1
5881,32,1
5882,200,1
5883,111,1
5884,63,1
5885,73,1
5886,75,1
5887,29,0
5888,61,1
5889,34,1
5890,78,1
5891,39,1
5892,64,1
5893,85,1
5894,158,1
5895,43,1
5896,100,1
5897,92,0
5898,83,1
5899,101,1
5900,66,1
5901,109,1
5902,56,1
5903,107,1
5904,33,1
5905,200,0
5906,41,1
5907,70,1
5908,122,1
5909,137,1
5910,95,1
5911,132,1
5912,23,1
5913,77,1
5914,67,1
5915,63,1
5916,54,1
5917,48,1
5918,154,1
5919,93,1
5920,149,1
5921,200,0
5922,200,0
5923,53,1
5924,41,1
5925,102,1
5926,53,0
5927,117,0
5928,109,1
5929,48,1
5930,51,0
5931,200,0
5932,91,1
5933,153,1
5934,80,1
5935,88,1
5936,142,1
5937,43,1
5938,26,1
5939,118,1
5940,54,1
5941,148,1
5942,106,1
5943,65,0
5944,72,0
5945,93,1
5946,78,1
5947,81,1
5948,82,1
5949,43,1
5950,77,1
5951,71,1
5952,137,1
5953,97,1
5954,41,0
5955,35,0
5956,58,1
5957,113,1
5958,101,1
5959,107,1
5960,136,1
5961,140,1
5962,200,0
5963,78,1
5964,99,1
5965,200,0
5966,56,1
5967,200,0
5968,143,1
5969,46,1
5970,137,1
5971,58,1
5972,61,1
5973,44,1
5974,193,1
5975,100,1
5976,70,1
5977,70,1
5978,48,1
5979,49,0
5980,129,1
5981,64,1
5982,100,1
5983,58,1
5984,72,1
5985,92,1
5986,111,0
5987,48,1
5988,62,1
5989,42,1
5990,67,1
5991,55,1
5992,42,1
5993,138,1
5994,37,1
5995,83,1
5996,125,1
5997,200,0
5998,131,1
5999,113,1
6000,61,1
6001,115,1
6002,133,1
6003,200,0
6004,40,1
6005,40,0
6006,153,0
6007,57,1
6008,39,1
6009,99,1
6010,42,1
6011,100,1
6012,200,0
6013,74,1
6014,24,0
6015,34,1
6016,138,1
6017,200,0
6018,33,1
6019,58,1
6020,200,0
6021,47,1
6022,102,1
6023,55,1
6024,93,1
6025,90,1
6026,56,1
6027,40,1
6028,65,1
6029,107,1
6030,97,1
6031,50,0
6032,118,1
6033,145,1
6034,88,0
6035,88,1
6036,148,1
6037,24,1
6038,104,1
6039,44,0
6040,89,1
6041,193,1
6042,146,1
6043,157,1
6044,99,1
6045,136,1
6046,76,1
6047,131,1
6048,56,1
6049,39,1
6050,106,1
6051,72,1
6052,106,1
6053,54,1
6054,42,1
6055,36,1
6056,90,1
6057,44,1
6058,29,1
6059,89,1
6060,51,1
6061,110,1
6062,200,0
6063,121,1
6064,92,1
6065,52,1
6066,58,1
6067,93,1
6068,66,1
6069,74,1
6070,126,1
6071,47,1
6072,69,1
6073,63,1
6074,32,0
6075,87,1
6076,86,1
6077,56,1
6078,131,1
6079,86,1
6080,50,0
6081,66,1
6082,75,1
6083,68,1
6084,71,1
6085,140,1
6086,31,1
6087,48,1
6088,63,0
6089,56,1
6090,59,1
6091,30,1
6092,74,1
6093,73,1
6094,66,1
6095,103,1
6096,87,1
6097,200,0
6098,127,1
6099,51,1
6100,145,1
6101,72,1
6102,31,1
6103,43,0
6104,49,1
6105,71,1
6106,63,1
6107,137,1
6108,40,1
6109,83,1
6110,84,1
6111,48,1
6112,29,1
6113,63,1
6114,147,1
6115,97,1
6116,200,0
6117,83,0
6118,68,0
6119,155,1
6120,71,1
6121,35,1
6122,141,1
6123,89,1
6124,42,1
6125,40,1
6126,158,1
6127,126,1
6128,153,1
6129,164,0
6130,169,1
6131,127,1
6132,127,1
6133,52,1
6134,156,1
6135,86,1
6136,65,1
6137,65,1
6138,22,0
6139,88,1
6140,91,1
6141,52,1
6142,73,1
6143,41,1
6144,49,1
6145,31,1
6146,49,1
6147,55,1
6148,114,1
6149,88,1
6150,109,1
6151,114,1
6152,55,1
6153,40,1
6154,159,1
6155,58,1
6156,42,1
6157,68,1
6158,91,1
6159,32,1
6160,128,1
6161,94,1
6162,56,1
6163,108,1
6164,89,1
6165,81,1
6166,29,0
6167,72,1
6168,82,1
6169,58,1
6170,33,1
6171,65,0
6172,133,1
6173,71,1
6174,200,0
6175,67,1
6176,44,1
6177,88,1
6178,27,1
6179,200,0
6180,37,1
6181,95,1
6182,36,1
6183,49,1
6184,58,1
6185,53,1
6186,69,1
6187,106,1
6188,49,1
6189,117,1
6190,82,1
6191,112,1
6192,27,1
6193,28,0
6194,44,1
6195,190,1
6196,64,1
6197,174,1
6198,68,1
6199,84,1
6200,63,1
6201,33,1
6202,46,1
6203,31,1
6204,77,1
6205,100,1
6206,72,1
6207,39,0
6208,200,0
6209,69,1
6210,104,1
6211,95,1
6212,129,1
6213,93,1
6214,164,1
6215,131,1
6216,45,1
6217,200,0
6218,92,1
6219,90,1
6220,40,1
6221,98,1
6222,74,1
6223,84,1
6224,48,1
6225,37,1
6226,36,1
6227,141,1
6228,36,1
6229,39,1
6230,69,1
6231,19,0
6232,94,0
6233,61,1
6234,95,1
6235,41,1
6236,175,1
6237,67,1
6238,46,1
6239,49,1
6240,48,0
6241,58,1
6242,77,1
6243,52,1
6244,101,1
6245,24,1
6246,57,1
6247,71,1
6248,27,1
6249,80,1
6250,104,1
6251,54,1
6252,86,1
6253,71,1
6254,59,1
6255,30,1
6256,44,0
6257,95,1
6258,117,1
6259,65,1
6260,41,1
6261,102,1
6262,29,1
6263,58,1
6264,47,1
6265,107,1
6266,79,1
6267,184,1
6268,25,1
6269,39,1
6270,97,1
6271,72,1
6272,100,1
6273,38,1
6274,64,1
6275,30,0
6276,48,1
6277,134,1
6278,140,0
6279,127,1
6280,88,1
6281,99,1
6282,58,1
6283,197,1
6284,57,1
6285,82,1
6286,69,1
6287,59,1
6288,42,1
6289,54,1
6290,59,1
6291,56,1
6292,91,1
6293,41,1
6294,40,1
6295,48,1
6296,37,1
6297,88,1
6298,83,1
6299,58,1
6300,56,1
6301,43,1
6302,81,1
6303,33,1
6304,122,1
6305,103,1
6306,37,0
6307,73,1
6308,86,1
6309,91,0
6310,129,1
6311,65,1
6312,58,1
6313,89,0
6314,121,1
6315,127,1
6316,34,1
6317,27,1
6318,66,1
6319,77,1
6320,98,1
6321,88,0
6322,75,1
6323,113,1
6324,57,1
6325,34,1
6326,58,1
6327,122,1
6328,104,1
6329,70,0
6330,117,1
6331,126,0
6332,112,1
6333,71,1
6334,75,1
6335,104,1
6336,76,1
6337,62,1
6338,124,1
6339,106,1
6340,85,1
6341,49,1
6342,143,1
6343,71,1
6344,58,1
6345,93,0
6346,58,1
6347,43,1
6348,87,1
6349,39,1
6350,39,1
6351,89,1
6352,54,1
6353,121,1
6354,66,1
6355,77,1
6356,64,1
6357,53,1
6358,49,1
6359,142,1
6360,84,0
6361,116,0
6362,200,0
6363,98,1
6364,200,0
6365,81,1
6366,34,1
6367,200,0
6368,26,0
6369,86,1
6370,162,1
6371,57,1
6372,45,1
6373,88,1
6374,102,1
6375,81,1
6376,72,1
6377,182,1
6378,40,1
6379,92,0
6380,76,1
6381,48,1
6382,66,1
6383,35,1
6384,170,1
6385,54,1
6386,140,0
6387,65,0
6388,119,1
6389,48,1
6390,65,1
6391,24,1
6392,70,1
6393,80,0
6394,140,1
6395,115,1
6396,81,1
6397,108,1
6398,50,1
6399,176,1
6400,74,1
6401,72,1
6402,83,1
6403,101,1
6404,102,1
6405,150,1
6406,82,1
6407,50,0
6408,73,1
6409,45,0
6410,169,1
6411,47,1
6412,92,1
6413,62,1
6414,148,1
6415,131,1
6416,34,1
6417,63,1
6418,135,1
6419,111,1
6420,80,1
6421,62,0
6422,103,1
6423,35,1
6424,47,0
6425,124,1
6426,74,1
6427,97,1
6428,132,1
6429,95,0
6430,105,0
6431,69,1
6432,73,1
6433,200,0
6434,93,1
6435,93,0
6436,68,1
6437,90,1
6438,62,1
6439,168,1
6440,143,0
6441,58,1
6442,86,1
6443,76,1
6444,70,1
6445,121,1
6446,94,1
6447,85,1
6448,106,1
6449,62,1
6450,58,1
6451,83,1
6452,37,1
6453,131,1
6454,45,1
6455,47,1
6456,81,1
6457,55,1
6458,200,0
6459,90,0
6460,153,1
6461,136,1
6462,82,1
6463,110,1
6464,94,1
6465,76,1
6466,106,1
6467,37,1
6468,31,1
6469,150,1
6470,73,1
6471,28,0
6472,52,1
6473,132,1
6474,60,1
6475,103,1
6476,33,1
6477,89,1
6478,42,1
6479,53,1
6480,31,1
6481,67,1
6482,111,1
6483,48,1
6484,116,1
6485,58,1
6486,79,1
6487,82,1
6488,51,1
6489,67,1
6490,53,1
6491,59,0
6492,65,1
6493,109,1
6494,87,1
6495,108,1
6496,157,1
6497,143,1
6498,109,1
6499,137,1
6500,158,1
6501,33,1
6502,39,1
6503,154,1
6504,156,1
6505,63,1
6506,40,1
6507,83,1
6508,51,1
6509,43,1
6510,100,1
6511,98,1
6512,48,1
6513,72,1
6514,116,1
6515,106,1
6516,42,1
6517,81,1
6518,92,1
6519,111,0
6520,101,1
6521,118,1
6522,64,0
6523,95,1
6524,47,1
6525,80,1
6526,91,1
6527,25,1
6528,52,1
6529,38,1
6530,54,1
6531,135,1
6532,62,1
6533,156,1
6534,158,1
6535,105,1
6536,86,1
6537,119,1
6538,140,1
6539,96,1
6540,147,1
6541,106,1
6542,84,1
6543,34,1
6544,56,1
6545,97,1
6546,65,1
6547,51,1
6548,39,0
6549,21,1
6550,44,1
6551,66,1
6552,110,1
6553,124,1
6554,196,1
6555,75,1
6556,45,1
6557,44,1
6558,49,1
6559,129,1
6560,71,1
6561,176,0
6562,72,1
6563,126,1
6564,57,1
6565,73,1
6566,161,1
6567,65,1
6568,78,1
6569,55,1
6570,68,1
6571,43,1
6572,168,1
6573,200,0
6574,200,0
6575,155,1
6576,65,1
6577,41,1
6578,93,1
6579,144,1
6580,109,1
6581,200,0
6582,200,0
6583,139,1
6584,55,1
6585,44,1
6586,97,1
6587,82,1
6588,146,1
6589,200,0
6590,200,0
6591,79,1
6592,88,1
6593,83,1
6594,83,1
6595,47,1
6596,124,1
6597,119,1
6598,42,1
6599,100,1
6600,72,1
6601,184,1
6602,107,1
6603,49,1
6604,73,1
6605,200,0
6606,43,1
6607,87,1
6608,109,1
6609,39,1
6610,118,1
6611,52,1
6612,73,1
6613,150,1
6614,75,1
6615,131,1
6616,158,1
6617,133,1
6618,43,1
6619,36,1
6620,176,1
6621,105,1
6622,58,1
6623,170,1
6624,58,1
6625,84,1
6626,78,1
6627,75,0
6628,32,1
6629,66,1
6630,33,1
6631,144,1
6632,155,1
6633,150,1
6634,44,1
6635,66,1
6636,100,1
6637,36,1
6638,37,0
6639,72,1
6640,200,0
6641,66,1
6642,71,1
6643,88,1
6644,43,1
6645,95,1
6646,72,1
6647,100,1
6648,101,1
6649,53,1
6650,33,1
6651,39,1
6652,68,1
6653,44,1
6654,147,1
6655,18,0
6656,139,1
6657,161,1
6658,76,1
6659,52,1
6660,44,1
6661,58,1
6662,133,1
6663,80,1
6664,57,1
6665,177,1
6666,97,1
6667,54,1
6668,57,1
6669,56,1
6670,82,1
6671,50,1
6672,200,0
6673,55,1
6674,73,1
6675,51,0
6676,59,1
6677,88,0
6678,82,1
6679,52,1
6680,34,1
6681,77,1
6682,69,0
6683,50,1
6684,41,1
6685,59,1
6686,40,1
6687,200,0
6688,26,1
6689,61,1
6690,42,1
6691,26,1
6692,67,1
6693,65,1
6694,56,0
6695,53,1
6696,200,0
6697,81,0
6698,149,1
6699,129,1
6700,46,1
6701,142,1
6702,36,1
6703,86,1
6704,50,1
6705,37,1
6706,78,1
6707,53,1
6708,64,1
6709,57,0
6710,72,1
6711,94,1
6712,98,1
6713,200,0
6714,53,1
6715,60,1
6716,99,1
6717,124,1
6718,66,1
6719,67,1
6720,29,1
6721,57,1
6722,51,1
6723,42,1
6724,182,1
6725,52,1
6726,71,1
6727,41,0
6728,57,1
6729,84,1
6730,99,1
6731,54,1
6732,200,0
6733,45,1
6734,185,1
6735,88,1
6736,101,1
6737,105,1
6738,62,1
6739,67,1
6740,132,1
6741,66,1
6742,47,1
6743,162,1
6744,52,1
6745,55,1
6746,79,1
6747,74,0
6748,89,1
6749,31,0
6750,83,1
6751,30,1
6752,92,0
6753,46,1
6754,93,1
6755,46,1
6756,70,1
6757,76,1
6758,95,1
6759,58,1
6760,70,1
6761,35,1
6762,93,1
6763,68,1
6764,101,1
6765,188,1
6766,37,1
6767,139,1
6768,121,1
6769,99,1
6770,58,1
6771,86,1
6772,66,1
6773,159,0
6774,77,1
6775,71,1
6776,87,1
6777,51,1
6778,64,1
6779,42,1
6780,46,1
6781,57,1
6782,82,1
6783,79,1
6784,40,1
6785,141,1
6786,60,1
6787,95,1
6788,103,1
6789,37,1
6790,102,1
6791,49,1
6792,62,1
6793,64,1
6794,184,1
6795,161,1
6796,53,1
6797,49,1
6798,113,1
6799,64,1
6800,49,1
6801,42,1
6802,103,1
6803,82,1
6804,66,1
6805,62,1
6806,100,1
6807,53,1
6808,68,1
6809,200,0
6810,122,1
6811,40,1
6812,64,1
6813,101,1
6814,84,1
6815,46,1
6816,43,1
6817,197,0
6818,200,0
6819,92,1
6820,78,0
6821,94,1
6822,24,1
6823,54,1
6824,92,1
6825,54,1
6826,76,1
6827,71,1
6828,89,1
6829,58,1
6830,51,1
6831,29,0
6832,92,1
6833,156,1
6834,62,1
6835,79,1
6836,110,1
6837,58,1
6838,37,1
6839,185,1
6840,63,1
6841,67,1
6842,34,1
6843,129,1
6844,37,1
6845,86,1
6846,54,1
6847,23,1
6848,51,1
6849,161,1
6850,43,0
6851,108,1
6852,66,1
6853,56,1
6854,63,1
6855,59,1
6856,102,1
6857,125,1
6858,64,0
6859,78,1
6860,95,1
6861,141,1
6862,200,0
6863,59,1
6864,88,1
6865,59,1
6866,184,1
6867,57,1
6868,113,1
6869,59,1
6870,177,1
6871,67,1
6872,90,1
6873,76,1
6874,66,1
6875,35,1
6876,81,1
6877,35,0
6878,95,0
6879,60,1
6880,97,1
6881,200,0
6882,100,1
6883,191,1
6884,112,1
6885,50,1
6886,101,1
6887,128,1
6888,99,1
6889,110,1
6890,49,1
6891,60,1
6892,117,1
6893,51,0
6894,37,1
6895,98,1
6896,36,1
6897,133,1
6898,200,0
6899,58,1
6900,53,1
6901,159,1
6902,121,1
6903,68,1
6904,46,1
6905,35,0
6906,153,1
6907,167,1
6908,52,1
6909,50,0
6910,101,1
6911,84,1
6912,75,1
6913,171,1
6914,125,1
6915,158,1
6916,39,1
6917,44,0
6918,51,1
6919,98,1
6920,38,1
6921,129,1
6922,55,1
6923,118,1
6924,130,1
6925,65,1
6926,77,1
6927,82,1
6928,88,1
6929,39,1
6930,139,1
6931,52,1
6932,51,1
6933,115,1
6934,75,1
6935,37,1
6936,23,1
6937,70,1
6938,66,1
6939,103,1
6940,60,1
6941,56,1
6942,67,1
6943,164,1
6944,64,1
6945,162,1
6946,98,1
6947,40,1
6948,89,1
6949,63,1
6950,118,1
6951,74,1
6952,106,1
6953,99,1
6954,43,0
6955,132,1
6956,105,1
6957,73,1
6958,107,1
6959,79,1
6960,66,1
6961,37,1
6962,47,1
6963,70,1
6964,82,1
6965,70,1
6966,152,1
6967,73,1
6968,155,1
6969,39,1
6970,30,1
6971,41,0
6972,46,1
6973,81,1
6974,57,1
6975,117,0
6976,31,1
6977,65,1
6978,56,1
6979,147,1
6980,200,0
6981,81,1
6982,60,0
6983,84,1
6984,62,1
6985,178,1
6986,43,1
6987,56,1
6988,68,1
6989,73,1
6990,44,1
6991,128,1
6992,90,1
6993,61,1
6994,57,1
6995,27,0
6996,45,1
6997,153,0
6998,58,1
6999,107,0
7000,109,1
7001,59,1
7002,87,1
7003,17,1
7004,43,1
7005,66,1
7006,59,1
7007,63,1
7008,53,1
7009,66,1
7010,33,0
7011,70,1
7012,57,1
7013,133,1
7014,82,1
7015,92,1
7016,90,1
7017,61,1
7018,80,1
7019,110,1
7020,200,0
7021,80,1
7022,193,1
7023,175,1
7024,41,1
7025,53,1
7026,168,1
7027,73,1
7028,74,1
7029,124,1
7030,43,0
7031,115,1
7032,46,1
7033,95,1
7034,65,1
7035,200,0
7036,100,1
7037,148,1
7038,41,1
7039,57,1
7040,54,1
7041,188,0
7042,21,1
7043,56,1
7044,151,1
7045,177,1
7046,108,1
7047,186,1
7048,46,1
7049,53,1
7050,43,0
7051,148,1
7052,91,1
7053,63,1
7054,74,1
7055,78,1
7056,41,1
7057,43,0
7058,38,0
7059,117,1
7060,176,1
7061,172,1
7062,57,1
7063,175,1
7064,71,1
7065,52,1
7066,49,1
7067,123,0
7068,110,1
7069,84,1
7070,28,1
7071,173,1
7072,59,1
7073,59,1
7074,82,1
7075,86,1
7076,114,1
7077,113,1
7078,88,1
7079,119,1
7080,60,1
7081,123,1
7082,40,0
7083,91,1
7084,62,1
7085,88,0
7086,124,1
7087,59,0
7088,31,1
7089,110,1
7090,115,1
7091,50,1
7092,45,1
7093,42,1
7094,42,1
7095,59,0
7096,58,0
7097,63,1
7098,28,1
7099,108,1
7100,78,1
7101,101,1
7102,106,1
7103,160,1
7104,89,1
7105,139,0
7106,114,1
7107,88,1
7108,70,1
7109,118,1
7110,82,1
7111,88,1
7112,200,0
7113,198,1
7114,135,1
7115,66,1
7116,60,1
7117,96,1
7118,162,0
7119,116,1
7120,97,1
7121,39,0
7122,26,1
7123,55,1
7124,152,1
7125,52,1
7126,109,1
7127,34,1
7128,110,1
7129,152,1
7130,78,1
7131,62,1
7132,135,1
7133,81,0
7134,117,0
7135,80,1
7136,168,1
7137,155,1
7138,62,1
7139,95,1
7140,133,1
7141,44,1
7142,70,1
7143,193,1
7144,200,0
7145,87,1
7146,84,1
7147,46,1
7148,85,0
7149,73,1
7150,65,1
7151,32,1
7152,182,1
7153,73,1
7154,78,0
7155,128,1
7156,200,0
7157,52,1
7158,100,1
7159,95,1
7160,186,1
7161,40,1
7162,45,1
7163,71,1
7164,51,1
7165,92,1
7166,50,1
7167,57,1
7168,95,1
7169,46,1
7170,200,0
7171,44,0
7172,60,1
7173,180,1
7174,85,1
7175,155,1
7176,131,1
7177,125,1
7178,87,1
7179,83,1
7180,60,1
7181,21,1
7182,75,1
7183,87,1
7184,59,1
7185,200,0
7186,104,1
7187,46,1
7188,67,1
7189,113,1
7190,77,0
7191,108,1
7192,155,1
7193,43,1
7194,82,1
7195,121,1
7196,186,1
7197,42,1
7198,130,0
7199,44,1
7200,109,1
7201,121,1
7202,139,1
7203,55,1
7204,74,1
7205,93,1
7206,44,1
7207,71,0
7208,27,1
7209,169,1
7210,128,1
7211,105,1
7212,81,1
7213,30,0
7214,122,0
7215,106,1
7216,51,1
7217,102,1
7218,124,1
7219,44,1
7220,115,1
7221,62,1
7222,74,1
7223,143,1
7224,182,0
7225,71,1
7226,133,1
7227,96,1
7228,153,1
7229,200,0
7230,76,1
7231,125,1
7232,174,1
7233,62,1
7234,43,1
7235,46,1
7236,97,1
7237,41,1
7238,167,1
7239,65,1
7240,85,1
7241,52,1
7242,36,1
7243,61,1
7244,103,0
7245,110,1
7246,163,0
7247,91,1
7248,60,0
7249,119,1
7250,42,1
7251,200,0
7252,36,1
7253,108,1
7254,46,1
7255,122,1
7256,58,1
7257,38,0
7258,111,1
7259,100,1
7260,127,1
7261,32,1
7262,43,0
7263,106,1
7264,120,1
7265,113,0
7266,101,1
7267,58,1
7268,112,1
7269,59,1
7270,129,1
7271,89,0
7272,77,1
7273,152,1
7274,72,1
7275,84,1
7276,58,1
7277,82,1
7278,83,1
7279,129,1
7280,200,0
7281,101,1
7282,93,1
7283,59,1
7284,79,0
7285,143,1
7286,134,1
7287,65,1
7288,52,1
7289,95,1
7290,55,1
7291,100,0
7292,92,1
7293,148,1
7294,115,1
7295,19,0
7296,82,1
7297,160,0
7298,75,1
7299,53,1
7300,81,1
7301,38,1
7302,192,1
7303,137,1
7304,75,1
7305,153,1
7306,36,1
7307,66,1
7308,72,1
7309,43,0
7310,55,1
7311,99,1
7312,80,1
7313,98,1
7314,131,1
7315,66,1
7316,79,1
7317,77,1
7318,38,1
7319,127,1
7320,46,1
7321,86,0
7322,152,1
7323,107,0
7324,161,1
7325,60,1
7326,62,1
7327,94,1
7328,69,1
7329,31,0
7330,130,1
7331,75,1
7332,113,1
7333,144,1
7334,135,1
7335,74,1
7336,89,1
7337,91,1
7338,55,1
7339,108,1
7340,36,1
7341,67,1
7342,200,0
7343,38,0
7344,58,1
7345,92,1
7346,63,1
7347,70,1
7348,90,1
7349,162,1
7350,38,1
7351,157,1
7352,74,1
7353,173,1
7354,123,1
7355,76,1
7356,54,1
7357,60,1
7358,90,1
7359,49,1
7360,93,1
7361,159,1
7362,76,1
7363,67,1
7364,89,1
7365,130,1
7366,96,1
7367,132,1
7368,55,1
7369,76,1
7370,69,0
7371,17,1
7372,131,1
7373,119,1
7374,60,1
7375,37,1
7376,78,1
7377,62,1
7378,153,1
7379,45,1
7380,66,1
7381,38,1
7382,85,1
7383,83,1
7384,63,1
7385,143,1
7386,53,1
7387,54,1
7388,125,1
7389,55,1
7390,97,0
7391,143,1
7392,77,1
7393,55,1
7394,78,1
7395,33,1
7396,200,0
7397,77,1
7398,66,0
7399,65,1
7400,76,1
7401,159,1
7402,92,1
7403,97,0
7404,129,1
7405,46,0
7406,61,0
7407,59,1
7408,113,1
7409,109,1
7410,200,0
7411,76,0
7412,105,1
7413,78,1
7414,37,0
7415,65,1
7416,55,1
7417,31,1
7418,67,0
7419,50,1
7420,25,1
7421,44,0
7422,60,1
7423,127,1
7424,73,1
7425,33,0
7426,121,1
7427,80,0
7428,77,1
7429,39,1
7430,200,0
7431,32,1
7432,97,1
7433,180,1
7434,87,1
7435,120,1
7436,51,1
7437,132,1
7438,109,1
7439,87,0
7440,170,1
7441,59,1
7442,86,1
7443,121,0
7444,39,1
7445,142,1
7446,112,1
7447,69,1
7448,195,1
7449,72,1
7450,31,1
7451,142,1
7452,127,1
7453,38,1
7454,49,1
7455,48,1
7456,44,1
7457,93,1
7458,169,1
7459,44,1
7460,73,1
7461,160,1
7462,131,0
7463,92,1
7464,158,1
7465,93,1
7466,127,1
7467,27,1
7468,30,1
7469,96,1
7470,27,1
7471,68,1
7472,103,1
7473,76,1
7474,82,1
7475,200,0
7476,34,1
7477,134,1
7478,171,1
7479,46,1
7480,47,1
7481,155,1
7482,56,1
7483,111,1
7484,50,1
7485,87,1
7486,67,1
7487,200,0
7488,33,1
7489,74,1
7490,184,1
7491,100,1
7492,42,1
7493,58,1
7494,70,1
7495,86,1
7496,114,0
7497,102,1
7498,30,1
7499,170,1
7500,63,1
7501,126,1
7502,110,1
7503,62,1
7504,35,1
7505,138,1
7506,133,1
7507,99,1
7508,149,1
7509,41,1
7510,32,1
7511,113,1
7512,200,0
7513,200,0
7514,112,1
7515,74,1
7516,99,1
7517,140,0
7518,42,1
7519,86,1
7520,53,1
7521,66,1
7522,68,1
7523,73,1
7524,50,1
7525,62,1
7526,85,1
7527,89,1
7528,80,1
7529,125,1
7530,200,0
7531,137,1
7532,59,1
7533,70,1
7534,63,0
7535,38,1
7536,50,1
7537,145,1
7538,122,1
7539,89,1
7540,73,1
7541,88,1
7542,41,1
7543,20,0
7544,49,1
7545,58,1
7546,25,1
7547,53,1
7548,47,1
7549,39,1
7550,87,1
7551,53,1
7552,57,1
7553,62,1
7554,122,1
7555,148,1
7556,74,1
7557,43,1
7558,111,0
7559,80,1
7560,120,1
7561,97,0
7562,92,1
7563,57,1
7564,62,0
7565,128,0
7566,116,1
7567,71,1
7568,70,1
7569,44,1
7570,60,1
7571,66,1
7572,135,1
7573,173,1
7574,138,1
7575,100,1
7576,90,1
7577,77,1
7578,108,1
7579,49,1
7580,37,1
7581,72,1
7582,130,1
7583,35,1
7584,200,0
7585,72,1
7586,133,1
7587,38,1
7588,59,1
7589,82,1
7590,63,1
7591,116,1
7592,142,1
7593,67,1
7594,69,1
7595,66,1
7596,81,1
7597,52,1
7598,59,1
7599,102,1
7600,200,0
7601,74,1
7602,75,1
7603,80,1
7604,46,0
7605,34,1
7606,79,1
7607,117,1
7608,64,1
7609,81,1
7610,62,1
7611,34,1
7612,28,1
7613,62,1
7614,63,1
7615,50,1
7616,101,1
7617,138,1
7618,92,1
7619,51,1
7620,86,1
7621,72,1
7622,96,0
7623,200,1
7624,66,1
7625,55,1
7626,60,1
7627,83,1
7628,200,0
7629,70,1
7630,36,1
7631,77,1
7632,85,1
7633,83,1
7634,70,1
7635,72,1
7636,164,1
7637,90,1
7638,70,1
7639,30,1
7640,62,1
7641,27,1
7642,34,1
7643,118,1
7644,27,0
7645,128,0
7646,192,1
7647,81,1
7648,44,1
7649,40,1
7650,68,1
7651,73,1
7652,131,1
7653,56,1
7654,38,1
7655,56,1
7656,115,1
7657,72,1
7658,84,1
7659,86,1
7660,67,1
7661,24,0
7662,55,1
7663,120,1
7664,30,1
7665,76,1
7666,62,1
7667,35,1
7668,64,1
7669,139,1
7670,95,1
7671,103,1
7672,61,1
7673,37,0
7674,137,1
7675,171,1
7676,195,1
7677,33,0
7678,71,1
7679,42,1
7680,27,1
7681,106,1
7682,143,1
7683,113,0
7684,152,1
7685,68,1
7686,51,1
7687,75,1
7688,60,1
7689,36,1
7690,44,0
7691,103,1
7692,58,1
7693,69,1
7694,32,0
7695,129,1
7696,69,1
7697,49,1
7698,125,0
7699,72,1
7700,119,1
7701,135,1
7702,42,0
7703,109,1
7704,103,1
7705,97,1
7706,40,1
7707,89,1
7708,78,1
7709,71,1
7710,63,1
7711,30,1
7712,44,1
7713,84,0
7714,137,1
7715,109,0
7716,52,1
7717,72,1
7718,51,1
7719,67,1
7720,182,1
7721,56,1
7722,91,1
7723,80,1
7724,61,1
7725,51,1
7726,150,1
7727,71,1
7728,43,1
7729,75,1
7730,43,1
7731,41,0
7732,131,1
7733,98,1
7734,64,1
7735,42,1
7736,64,1
7737,75,1
7738,51,1
7739,56,1
7740,88,1
7741,175,1
7742,49,1
7743,136,1
7744,23,0
7745,118,1
7746,80,1
7747,193,1
7748,31,0
7749,47,1
7750,114,1
7751,92,1
7752,110,1
7753,44,1
7754,52,1
7755,61,1
7756,107,1
7757,78,1
7758,199,1
7759,82,1
7760,92,1
7761,70,0
7762,79,1
7763,71,1
7764,26,1
7765,37,1
7766,91,1
7767,50,1
7768,121,1
7769,131,1
7770,101,1
7771,54,1
7772,40,1
7773,152,1
7774,53,1
7775,93,1
7776,63,1
7777,73,1
7778,78,1
7779,74,1
7780,67,1
7781,57,1
7782,161,1
7783,183,1
7784,39,0
7785,45,1
7786,29,1
7787,51,1
7788,56,1
7789,141,1
7790,200,0
7791,44,1
7792,88,0
7793,52,1
7794,45,1
7795,58,1
7796,44,1
7797,51,1
7798,46,1
7799,27,1
7800,126,1
7801,148,0
7802,103,0
7803,42,1
7804,200,0
7805,200,0
7806,101,1
7807,173,1
7808,71,1
7809,45,1
7810,135,1
7811,147,1
7812,36,1
7813,24,1
7814,111,1
7815,124,1
7816,59,1
7817,50,1
7818,63,0
7819,112,1
7820,42,1
7821,67,1
7822,55,1
7823,24,1
7824,43,1
7825,143,1
7826,141,1
7827,28,1
7828,65,0
7829,51,1
7830,66,1
7831,119,1
7832,79,1
7833,64,1
7834,149,1
7835,47,1
7836,54,1
7837,80,1
7838,159,1
7839,18,1
7840,53,1
7841,48,1
7842,49,1
7843,41,1
7844,88,1
7845,83,1
7846,57,1
7847,92,1
7848,66,1
7849,44,1
7850,173,1
7851,55,1
7852,48,1
7853,52,1
7854,200,1
7855,117,1
7856,87,1
7857,127,1
7858,68,1
7859,149,1
7860,118,1
7861,116,1
7862,149,1
7863,60,1
7864,51,1
7865,101,1
7866,55,1
7867,47,1
7868,27,1
7869,77,1
7870,157,1
7871,88,1
7872,200,0
7873,48,1
7874,64,1
7875,160,1
7876,74,1
7877,187,0
7878,68,1
7879,33,1
7880,200,0
7881,132,1
7882,63,0
7883,59,1
7884,141,1
7885,147,1
7886,64,1
7887,46,1
7888,33,1
7889,54,1
7890,46,0
7891,71,1
7892,23,0
7893,88,1
7894,22,0
7895,69,1
7896,186,1
7897,130,1
7898,126,1
7899,87,1
7900,94,1
7901,46,1
7902,102,1
7903,125,1
7904,67,1
7905,37,1
7906,96,1
7907,112,1
7908,105,0
7909,55,1
7910,65,0
7911,109,0
7912,52,1
7913,35,0
7914,38,0
7915,71,1
7916,59,0
7917,200,0
7918,116,1
7919,50,1
7920,155,1
7921,66,0
7922,74,1
7923,95,1
7924,112,1
7925,86,0
7926,46,1
7927,172,0
7928,109,1
7929,38,1
7930,200,0
7931,74,0
7932,82,1
7933,123,1
7934,40,1
7935,42,1
7936,94,1
7937,126,1
7938,31,0
7939,119,1
7940,107,1
7941,116,1
7942,67,1
7943,115,0
7944,75,0
7945,100,1
7946,126,1
7947,59,1
7948,123,1
7949,44,1
7950,117,1
7951,148,1
7952,67,1
7953,38,1
7954,41,1
7955,48,1
7956,89,1
7957,200,0
7958,67,1
7959,169,1
7960,49,1
7961,96,1
7962,39,1
7963,58,1
7964,133,1
7965,27,1
7966,48,1
7967,55,1
7968,133,1
7969,68,1
7970,34,0
7971,200,0
7972,61,0
7973,41,1
7974,200,0
7975,52,1
7976,65,0
7977,67,1
7978,84,0
7979,58,1
7980,43,1
7981,106,1
7982,52,1
7983,64,1
7984,52,1
7985,79,0
7986,56,1
7987,107,1
7988,70,1
7989,75,1
7990,105,1
7991,82,1
7992,103,1
7993,92,1
7994,52,1
7995,35,1
7996,53,1
7997,115,1
7998,62,0
7999,200,0
8000,36,1
8001,70,1
8002,151,1
8003,65,1
8004,39,1
8005,49,1
8006,200,0
8007,85,1
8008,42,1
8009,68,1
8010,106,1
8011,71,1
8012,75,0
8013,120,1
8014,34,1
8015,85,1
8016,87,1
8017,200,0
8018,95,1
8019,76,1
8020,60,1
8021,167,1
8022,82,1
8023,118,1
8024,34,0
8025,79,1
8026,82,1
8027,169,1
8028,53,1
8029,27,1
8030,30,0
8031,55,1
8032,102,1
8033,145,1
8034,114,1
8035,54,1
8036,47,1
8037,157,1
8038,131,1
8039,33,1
8040,31,1
8041,112,1
8042,50,1
8043,85,1
8044,66,1
8045,200,0
8046,59,1
8047,176,1
8048,142,0
8049,31,0
8050,66,1
8051,93,1
8052,111,1
8053,115,1
8054,200,0
8055,50,1
8056,69,1
8057,85,1
8058,41,1
8059,145,1
8060,82,1
8061,103,1
8062,51,1
8063,52,1
8064,49,1
8065,107,1
8066,102,1
8067,60,1
8068,32,1
8069,164,0
8070,45,1
8071,46,1
8072,34,1
8073,94,1
8074,45,1
8075,184,1
8076,57,1
8077,148,1
8078,58,1
8079,49,1
8080,139,1
8081,87,1
8082,53,1
8083,77,1
8084,78,1
8085,87,1
8086,88,1
8087,81,1
8088,40,1
8089,61,1
8090,28,1
8091,96,1
8092,70,0
8093,61,1
8094,35,1
8095,156,1
8096,69,1
8097,76,1
8098,136,0
8099,72,1
8100,59,1
8101,103,1
8102,153,1
8103,98,1
8104,51,1
8105,74,1
8106,55,1
8107,85,1
8108,61,1
8109,96,0
8110,63,1
8111,154,1
8112,114,1
8113,32,1
8114,88,1
8115,68,1
8116,41,1
8117,27,0
8118,57,1
8119,16,0
8120,143,1
8121,63,1
8122,196,1
8123,116,0
8124,149,1
8125,70,1
8126,200,0
8127,108,1
8128,136,1
8129,96,1
8130,90,1
8131,35,1
8132,80,1
8133,96,1
8134,105,1
8135,137,0
8136,75,1
8137,73,1
8138,70,1
8139,60,1
8140,61,1
8141,144,1
8142,83,1
8143,183,0
8144,187,1
8145,54,1
8146,37,1
8147,41,1
8148,102,1
8149,57,1
8150,64,1
8151,94,1
8152,61,1
8153,68,1
8154,87,1
8155,92,1
8156,49,1
8157,112,1
8158,77,0
8159,169,1
8160,105,1
8161,60,1
8162,31,1
8163,15,1
8164,59,0
8165,128,1
8166,103,1
8167,24,0
8168,64,1
8169,123,1
8170,150,1
8171,95,1
8172,111,1
8173,75,1
8174,101,1
8175,135,1
8176,71,1
8177,77,1
8178,38,1
8179,84,1
8180,59,1
8181,67,1
8182,39,0
8183,55,0
8184,46,1
8185,103,1
8186,32,1
8187,105,1
8188,73,1
8189,121,1
8190,60,1
8191,134,0
8192,42,1
8193,165,1
8194,79,1
8195,41,0
8196,27,1
8197,24,1
8198,26,1
8199,32,0
8200,35,1
8201,96,1
8202,44,1
8203,86,1
8204,68,1
8205,64,1
8206,85,1
8207,131,1
8208,69,0
8209,82,1
8210,80,1
8211,51,1
8212,124,1
8213,45,1
8214,52,1
8215,23,1
8216,132,1
8217,94,1
8218,64,1
8219,155,1
8220,48,0
8221,55,1
8222,117,1
8223,62,1
8224,60,1
8225,33,1
8226,170,1
8227,76,0
8228,57,0
8229,86,1
8230,48,1
8231,124,1
8232,64,1
8233,51,1
8234,63,1
8235,100,1
8236,172,0
8237,66,1
8238,45,1
8239,36,1
8240,71,1
8241,75,1
8242,40,1
8243,51,1
8244,118,1
8245,122,1
8246,60,0
8247,124,1
8248,60,1
8249,125,1
8250,136,1
8251,83,1
8252,28,1
8253,20,0
8254,79,1
8255,133,1
8256,111,1
8257,200,0
8258,88,1
8259,26,1
8260,114,1
8261,81,1
8262,66,1
8263,84,1
8264,31,1
8265,76,1
8266,200,0
8267,44,1
8268,89,1
8269,31,0
8270,51,1
8271,58,1
8272,101,1
8273,155,1
8274,80,1
8275,114,1
8276,113,0
8277,200,0
8278,36,1
8279,55,1
8280,58,1
8281,42,1
8282,71,1
8283,76,1
8284,28,1
8285,46,1
8286,31,0
8287,120,1
8288,59,1
8289,77,1
8290,122,1
8291,68,1
8292,88,1
8293,29,0
8294,69,1
8295,188,1
8296,74,1
8297,67,1
8298,45,1
8299,110,1
8300,135,1
8301,38,1
8302,176,1
8303,133,1
8304,81,1
8305,122,1
8306,93,1
8307,56,1
8308,36,1
8309,54,1
8310,102,1
8311,166,1
8312,61,1
8313,51,0
8314,111,1
8315,109,1
8316,200,0
8317,75,0
8318,32,1
8319,78,1
8320,41,1
8321,78,1
8322,69,1
8323,81,1
8324,200,0
8325,127,1
8326,44,1
8327,200,0
8328,84,1
8329,50,1
8330,39,1
8331,30,1
8332,200,0
8333,56,0
8334,108,1
8335,175,1
8336,62,1
8337,77,1
8338,84,1
8339,102,1
8340,65,1
8341,49,1
8342,28,1
8343,96,1
8344,90,1
8345,50,1
8346,129,1
8347,85,1
8348,200,0
8349,85,1
8350,65,1
8351,60,1
8352,189,0
8353,72,1
8354,48,1
8355,20,0
8356,133,1
8357,84,1
8358,89,1
8359,82,1
8360,74,1
8361,70,1
8362,77,0
8363,50,1
8364,89,1
8365,82,0
8366,80,1
8367,40,1
8368,62,1
8369,29,0
8370,17,1
8371,37,1
8372,94,1
8373,58,1
8374,74,1
8375,67,1
8376,130,1
8377,182,1
8378,82,0
8379,94,1
8380,140,1
8381,32,0
8382,53,1
8383,139,1
8384,87,1
8385,97,1
8386,176,1
8387,136,1
8388,65,1
8389,36,0
8390,82,1
8391,42,1
8392,83,1
8393,130,1
8394,87,1
8395,77,1
8396,94,1
8397,57,1
8398,106,0
8399,60,0
8400,89,1
8401,115,1
8402,85,1
8403,93,1
8404,67,1
8405,63,1
8406,63,1
8407,64,1
8408,83,0
8409,64,1
8410,89,1
8411,41,0
8412,60,1
8413,58,1
8414,39,1
8415,139,1
8416,38,1
8417,84,1
8418,33,1
8419,108,1
8420,71,1
8421,38,1
8422,170,1
8423,52,1
8424,39,1
8425,129,1
8426,137,1
8427,114,1
8428,36,1
8429,117,1
8430,41,1
8431,71,1
8432,62,1
8433,144,1
8434,46,1
8435,88,1
8436,58,1
8437,92,1
8438,103,1
8439,34,1
8440,65,1
8441,36,0
8442,95,1
8443,43,1
8444,91,1
8445,77,1
8446,191,0
8447,139,1
8448,74,1
8449,87,1
8450,80,1
8451,168,1
8452,200,0
8453,148,1
8454,152,1
8455,113,1
8456,146,1
8457,62,1
8458,43,1
8459,63,0
8460,90,1
8461,34,1
8462,46,1
8463,54,1
8464,200,0
8465,94,1
8466,75,1
8467,47,1
8468,39,1
8469,116,1
8470,63,1
8471,64,1
8472,88,1
8473,47,1
8474,63,1
8475,48,1
8476,70,1
8477,73,1
8478,115,1
8479,127,1
8480,69,1
8481,58,1
8482,90,1
8483,172,1
8484,63,1
8485,61,1
8486,75,1
8487,68,1
8488,103,1
8489,200,0
8490,141,1
8491,61,1
8492,192,1
8493,118,1
8494,34,1
8495,97,1
8496,70,1
8497,195,1
8498,96,1
8499,33,1
8500,33,1
8501,58,1
8502,100,1
8503,41,1
8504,86,1
8505,36,1
8506,59,1
8507,49,1
8508,77,1
8509,100,1
8510,54,1
8511,167,1
8512,90,0
8513,40,1
8514,67,1
8515,57,1
8516,50,1
8517,83,1
8518,72,1
8519,89,1
8520,42,0
8521,61,1
8522,44,1
8523,30,1
8524,113,1
8525,65,1
8526,37,1
8527,108,1
8528,49,1
8529,75,1
8530,83,1
8531,40,1
8532,77,1
8533,53,1
8534,60,1
8535,73,1
8536,89,1
8537,147,1
8538,114,1
8539,105,1
8540,86,1
8541,133,1
8542,41,1
8543,57,1
8544,55,1
8545,117,1
8546,97,0
8547,78,1
8548,76,1
8549,100,1
8550,64,1
8551,70,1
8552,58,1
8553,60,1
8554,56,1
8555,43,1
8556,69,1
8557,63,1
8558,113,0
8559,109,1
8560,200,0
8561,91,1
8562,57,1
8563,32,1
8564,101,1
8565,126,1
8566,78,1
8567,56,1
8568,102,0
8569,92,1
8570,155,1
8571,40,1
8572,56,1
8573,107,1
8574,95,1
8575,45,1
8576,85,1
8577,54,1
8578,91,0
8579,53,1
8580,114,0
8581,144,1
8582,73,0
8583,31,1
8584,89,1
8585,200,0
8586,69,1
8587,109,1
8588,62,0
8589,57,1
8590,84,1
8591,41,1
8592,34,0
8593,200,0
8594,39,1
8595,50,1
8596,58,1
8597,88,1
8598,32,0
8599,75,1
8600,89,1
8601,200,0
8602,64,1
8603,46,0
8604,51,1
8605,184,1
8606,53,1
8607,38,1
8608,77,1
8609,39,1
8610,93,1
8611,188,1
8612,106,1
8613,41,0
8614,43,1
8615,94,0
8616,109,1
8617,67,1
8618,90,1
8619,65,1
8620,102,1
8621,93,1
8622,60,1
8623,117,1
8624,61,1
8625,101,1
8626,74,1
8627,79,1
8628,86,1
8629,105,1
8630,75,1
8631,84,1
8632,90,1
8633,73,1
8634,136,1
8635,141,1
8636,54,1
8637,110,1
8638,200,0
8639,78,1
8640,55,0
8641,50,1
8642,56,1
8643,86,1
8644,82,1
8645,172,1
8646,82,1
8647,33,1
8648,114,1
8649,120,1
8650,86,1
8651,153,1
8652,107,1
8653,86,1
8654,41,1
8655,49,1
8656,82,1
8657,159,1
8658,57,0
8659,91,1
8660,34,1
8661,87,1
8662,142,1
8663,50,1
8664,44,1
8665,50,1
8666,76,1
8667,61,1
8668,29,0
8669,71,1
8670,197,1
8671,71,1
8672,72,1
8673,33,1
8674,90,1
8675,140,1
8676,36,1
8677,45,1
8678,53,0
8679,47,1
8680,60,1
8681,145,0
8682,74,0
8683,69,1
8684,84,1
8685,141,1
8686,42,1
8687,63,1
8688,89,1
8689,48,1
8690,79,1
8691,77,1
8692,54,1
8693,75,0
8694,68,1
8695,80,1
8696,81,1
8697,51,1
8698,81,1
8699,69,1
8700,73,1
8701,134,1
8702,46,1
8703,48,1
8704,48,1
8705,52,1
8706,41,1
8707,45,1
8708,86,1
8709,133,0
8710,84,1
8711,42,1
8712,94,1
8713,40,1
8714,200,0
8715,200,0
8716,76,1
8717,66,1
8718,119,1
8719,188,1
8720,28,0
8721,77,1
8722,118,1
8723,44,1
8724,51,1
8725,67,1
8726,139,1
8727,99,1
8728,78,1
8729,73,1
8730,104,1
8731,75,1
8732,69,1
8733,174,1
8734,32,1
8735,118,1
8736,73,1
8737,80,1
8738,92,1
8739,73,1
8740,118,1
8741,27,1
8742,94,1
8743,94,1
8744,200,0
8745,28,1
8746,56,1
8747,110,1
8748,41,1
8749,146,1
8750,38,0
8751,111,1
8752,125,1
8753,78,1
8754,79,1
8755,68,1
8756,64,0
8757,100,1
8758,37,0
8759,96,1
8760,58,1
8761,62,1
8762,66,1
8763,33,1
8764,117,1
8765,167,1
8766,82,1
8767,74,1
8768,58,1
8769,158,1
8770,36,0
8771,144,1
8772,58,1
8773,138,1
8774,61,1
8775,173,1
8776,82,1
8777,35,1
8778,56,1
8779,45,0
8780,93,1
8781,34,1
8782,41,1
8783,30,0
8784,31,1
8785,69,1
8786,138,1
8787,20,1
8788,55,1
8789,22,0
8790,50,1
8791,153,1
8792,71,1
8793,26,0
8794,57,1
8795,47,0
8796,99,1
8797,36,1
8798,112,0
8799,62,1
8800,41,1
8801,62,0
8802,40,1
8803,118,1
8804,141,1
8805,90,0
8806,40,1
8807,132,1
8808,109,1
8809,62,1
8810,131,1
8811,59,1
8812,100,1
8813,95,1
8814,33,1
8815,72,1
8816,45,1
8817,77,1
8818,94,1
8819,72,1
8820,119,1
8821,141,1
8822,139,1
8823,126,1
8824,106,1
8825,122,1
8826,21,0
8827,58,1
8828,65,1
8829,52,1
8830,149,1
8831,77,0
8832,54,1
8833,72,1
8834,168,0
8835,75,1
8836,62,1
8837,41,1
8838,46,1
8839,115,1
8840,56,1
8841,53,1
8842,59,1
8843,54,1
8844,61,1
8845,70,1
8846,45,1
8847,180,1
8848,121,1
8849,162,1
8850,109,1
8851,64,1
8852,31,1
8853,36,1
8854,35,0
8855,59,1
8856,54,1
8857,71,1
8858,101,1
8859,55,1
8860,66,1
8861,41,1
8862,119,1
8863,85,1
8864,103,0
8865,51,0
8866,39,1
8867,80,1
8868,61,1
8869,84,1
8870,89,1
8871,115,1
8872,81,1
8873,117,1
8874,62,1
8875,80,1
8876,94,1
8877,58,1
8878,98,1
8879,84,1
8880,45,1
8881,28,1
8882,158,1
8883,126,1
8884,92,1
8885,54,1
8886,74,1
8887,80,1
8888,42,1
8889,139,1
8890,60,1
8891,97,0
8892,136,1
8893,62,1
8894,98,1
8895,71,1
8896,132,1
8897,88,0
8898,91,0
8899,85,1
8900,38,1
8901,188,1
8902,37,1
8903,120,1
8904,32,0
8905,85,1
8906,90,1
8907,89,1
8908,163,1
8909,90,1
8910,116,1
8911,92,1
8912,80,1
8913,100,1
8914,101,1
8915,96,1
8916,76,1
8917,105,1
8918,114,1
8919,123,1
8920,114,0
8921,58,1
8922,135,1
8923,52,1
8924,98,0
8925,96,1
8926,104,1
8927,97,1
8928,77,1
8929,92,0
8930,42,1
8931,29,1
8932,105,1
8933,33,1
8934,78,1
8935,200,0
8936,32,1
8937,116,1
8938,93,1
8939,148,1
8940,88,1
8941,68,1
8942,119,1
8943,65,1
8944,26,1
8945,45,1
8946,46,1
8947,76,1
8948,80,1
8949,31,1
8950,68,1
8951,127,1
8952,11,0
8953,40,1
8954,154,1
8955,66,1
8956,51,1
8957,151,1
8958,111,1
8959,81,1
8960,98,0
8961,130,1
8962,36,1
8963,67,1
8964,66,1
8965,76,1
8966,67,1
8967,200,0
8968,79,1
8969,69,1
8970,47,1
8971,120,1
8972,49,1
8973,199,1
8974,69,1
8975,85,1
8976,200,0
8977,113,1
8978,84,1
8979,64,0
8980,110,1
8981,99,1
8982,119,1
8983,110,1
8984,70,1
8985,80,1
8986,105,1
8987,116,1
8988,36,1
8989,54,1
8990,40,0
8991,64,1
8992,126,1
8993,41,0
8994,200,0
8995,126,1
8996,166,1
8997,110,1
8998,113,1
8999,62,1
9000,167,0
9001,67,0
9002,141,1
9003,38,1
9004,41,1
9005,200,0
9006,151,1
9007,114,1
9008,56,1
9009,133,1
9010,100,1
9011,74,1
9012,92,1
9013,58,1
9014,56,1
9015,124,1
9016,46,1
9017,39,1
9018,41,1
9019,93,1
9020,53,1
9021,124,1
9022,102,1
9023,35,1
9024,81,0
9025,70,0
9026,73,1
9027,128,1
9028,31,1
9029,75,0
9030,124,1
9031,102,1
9032,70,1
9033,146,1
9034,171,1
9035,33,1
9036,126,1
9037,61,1
9038,67,1
9039,138,1
9040,33,1
9041,101,1
9042,165,0
9043,33,1
9044,55,1
9045,50,1
9046,44,0
9047,79,1
9048,45,1
9049,53,1
9050,123,1
9051,69,1
9052,110,1
9053,64,1
9054,57,1
9055,90,1
9056,146,1
9057,47,1
9058,48,1
9059,67,1
9060,179,1
9061,81,1
9062,41,1
9063,68,0
9064,20,0
9065,26,0
9066,200,0
9067,54,1
9068,75,1
9069,58,1
9070,144,1
9071,150,1
9072,55,1
9073,87,1
9074,73,0
9075,65,0
9076,124,1
9077,76,1
9078,200,0
9079,77,1
9080,57,1
9081,82,1
9082,143,1
9083,72,1
9084,103,1
9085,110,0
9086,82,0
9087,126,0
9088,70,1
9089,51,1
9090,40,1
9091,66,1
9092,30,0
9093,84,1
9094,91,1
9095,87,1
9096,76,1
9097,36,1
9098,177,1
9099,126,1
9100,33,1
9101,16,0
9102,174,1
9103,83,1
9104,25,0
9105,121,1
9106,119,1
9107,157,1
9108,33,1
9109,59,1
9110,59,1
9111,121,1
9112,67,1
9113,128,1
9114,72,1
9115,76,1
9116,66,1
9117,66,1
9118,63,1
9119,54,1
9120,89,1
9121,89,1
9122,38,1
9123,91,0
9124,162,1
9125,56,1
9126,63,1
9127,52,1
9128,113,1
9129,66,1
9130,95,1
9131,59,1
9132,92,1
9133,44,1
9134,32,0
9135,131,1
9136,74,1
9137,42,0
9138,111,1
9139,101,1
9140,122,1
9141,46,1
9142,63,1
9143,88,1
9144,107,1
9145,100,0
9146,90,1
9147,38,1
9148,39,1
9149,64,1
9150,65,1
9151,191,1
9152,83,1
9153,98,1
9154,111,1
9155,87,1
9156,124,1
9157,59,1
9158,40,1
9159,110,1
9160,78,1
9161,59,1
9162,200,0
9163,59,1
9164,94,0
9165,80,1
9166,130,1
9167,117,1
9168,52,0
9169,67,1
9170,43,1
9171,158,1
9172,62,1
9173,153,1
9174,139,1
9175,93,1
9176,73,1
9177,131,1
9178,77,1
9179,76,1
9180,136,0
9181,46,1
9182,56,1
9183,143,1
9184,53,0
9185,64,1
9186,69,1
9187,41,1
9188,142,1
9189,58,1
9190,47,1
9191,88,1
9192,33,0
9193,71,1
9194,77,1
9195,146,1
9196,104,1
9197,28,0
9198,60,1
9199,124,1
9200,53,1
9201,30,1
9202,89,1
9203,49,1
9204,25,1
9205,70,1
9206,132,0
9207,52,1
9208,126,1
9209,90,1
9210,83,1
9211,66,1
9212,71,1
9213,77,1
9214,56,1
9215,35,1
9216,55,1
9217,59,1
9218,131,1
9219,40,1
9220,67,1
9221,94,1
9222,200,0
9223,105,1
9224,35,1
9225,34,1
9226,158,1
9227,84,1
9228,100,1
9229,78,1
9230,144,1
9231,105,0
9232,94,1
9233,155,1
9234,58,1
9235,67,1
9236,138,0
9237,58,1
9238,63,1
9239,36,1
9240,44,1
9241,192,1
9242,41,1
9243,115,1
9244,101,1
9245,200,0
9246,97,0
9247,78,1
9248,94,0
9249,34,1
9250,72,1
9251,32,1
9252,76,1
9253,78,1
9254,65,1
9255,133,1
9256,140,1
9257,135,1
9258,160,1
9259,66,1
9260,75,1
9261,91,1
9262,63,1
9263,136,1
9264,61,1
9265,165,1
9266,48,1
9267,140,0
9268,36,1
9269,52,1
9270,54,1
9271,46,1
9272,78,1
9273,68,0
9274,38,1
9275,117,1
9276,116,0
9277,95,1
9278,100,1
9279,154,0
9280,149,1
9281,148,0
9282,30,1
9283,41,1
9284,93,1
9285,200,0
9286,91,1
9287,50,0
9288,63,1
9289,31,0
9290,55,1
9291,44,1
9292,149,1
9293,176,1
9294,60,1
9295,29,0
9296,74,1
9297,69,1
9298,30,1
9299,113,1
9300,154,1
9301,144,1
9302,35,0
9303,164,0
9304,62,1
9305,38,1
9306,58,1
9307,25,1
9308,48,1
9309,57,1
9310,157,1
9311,120,1
9312,75,1
9313,65,1
9314,70,1
9315,200,0
9316,124,1
9317,155,1
9318,94,1
9319,182,1
9320,200,0
9321,73,1
9322,120,1
9323,78,1
9324,68,1
9325,141,1
9326,61,1
9327,42,0
9328,200,0
9329,47,1
9330,72,1
9331,97,1
9332,86,1
9333,63,1
9334,67,1
9335,78,1
9336,61,1
9337,37,1
9338,126,1
9339,104,1
9340,32,1
9341,62,1
9342,58,1
9343,98,1
9344,112,1
9345,61,0
9346,59,1
9347,108,1
9348,48,1
9349,45,1
9350,150,1
9351,131,1
9352,198,1
9353,62,1
9354,94,1
9355,102,1
9356,35,1
9357,83,1
9358,44,1
9359,64,1
9360,81,0
9361,80,1
9362,87,1
9363,52,1
9364,141,1
9365,83,1
9366,48,0
9367,38,1
9368,72,1
9369,66,1
9370,168,1
9371,109,0
9372,155,1
9373,53,0
9374,29,1
9375,83,1
9376,111,1
9377,64,1
9378,104,1
9379,68,1
9380,63,1
9381,87,1
9382,34,1
9383,47,1
9384,60,1
9385,41,1
9386,151,1
9387,113,1
9388,88,1
9389,36,1
9390,106,1
9391,54,1
9392,72,1
9393,45,0
9394,105,1
9395,95,1
9396,52,1
9397,88,1
9398,117,1
9399,124,1
9400,92,0
9401,42,1
9402,155,1
9403,167,1
9404,85,1
9405,65,1
9406,37,1
9407,71,1
9408,75,0
9409,74,1
9410,71,1
9411,97,0
9412,100,1
9413,85,1
9414,32,1
9415,47,1
9416,47,0
9417,74,1
9418,50,0
9419,125,1
9420,58,1
9421,39,1
9422,155,1
9423,64,1
9424,140,0
9425,78,1
9426,112,1
9427,61,1
9428,61,1
9429,76,1
9430,106,1
9431,46,1
9432,108,1
9433,98,1
9434,167,1
9435,62,1
9436,81,1
9437,200,0
9438,103,1
9439,102,1
9440,39,1
9441,60,1
9442,80,1
9443,66,0
9444,200,0
9445,34,1
9446,186,1
9447,60,1
9448,107,1
9449,58,1
9450,99,1
9451,42,1
9452,53,0
9453,51,1
9454,52,1
9455,59,1
9456,38,1
9457,43,1
9458,132,1
9459,75,0
9460,39,1
9461,65,1
9462,39,1
9463,81,1
9464,103,1
9465,115,1
9466,171,1
9467,70,1
9468,36,1
9469,20,1
9470,41,1
9471,38,1
9472,94,1
9473,147,1
9474,28,1
9475,45,1
9476,142,1
9477,86,1
9478,65,1
9479,200,0
9480,115,1
9481,200,0
9482,60,1
9483,52,0
9484,200,0
9485,86,1
9486,43,1
9487,126,1
9488,77,1
9489,118,1
9490,119,1
9491,84,1
9492,66,1
9493,99,1
9494,91,1
9495,89,1
9496,54,1
9497,61,1
9498,53,0
9499,91,1
9500,78,1
9501,89,1
9502,81,1
9503,27,1
9504,41,1
9505,109,1
9506,56,1
9507,200,0
9508,58,1
9509,49,1
9510,63,0
9511,32,0
9512,38,1
9513,104,1
9514,74,1
9515,130,1
9516,59,1
9517,56,1
9518,133,1
9519,67,1
9520,76,0
9521,44,0
9522,98,1
9523,45,1
9524,140,1
9525,66,1
9526,184,1
9527,76,0
9528,83,1
9529,77,1
9530,69,1
9531,41,1
9532,58,1
9533,177,1
9534,109,1
9535,200,0
9536,93,1
9537,22,0
9538,132,1
9539,98,1
9540,75,1
9541,119,1
9542,77,1
9543,46,1
9544,133,1
9545,79,1
9546,200,0
9547,131,1
9548,74,1
9549,48,1
9550,64,1
9551,32,1
9552,200,0
9553,64,1
9554,177,1
9555,37,1
9556,52,1
9557,86,1
9558,56,1
9559,49,1
9560,68,1
9561,77,1
9562,41,1
9563,133,1
9564,50,1
9565,42,1
9566,29,1
9567,74,1
9568,126,1
9569,111,1
9570,141,1
9571,77,1
9572,43,1
9573,106,1
9574,83,1
9575,59,1
9576,35,1
9577,55,1
9578,62,1
9579,93,1
9580,67,1
9581,94,1
9582,90,1
9583,86,1
9584,43,1
9585,47,1
9586,154,1
9587,69,1
9588,55,1
9589,26,1
9590,41,1
9591,159,1
9592,128,1
9593,200,0
9594,110,1
9595,152,1
9596,83,1
9597,49,1
9598,23,0
9599,116,1
9600,37,1
9601,65,1
9602,24,1
9603,78,1
9604,47,1
9605,63,1
9606,93,1
9607,13,0
9608,108,1
9609,108,1
9610,77,1
9611,158,1
9612,111,1
9613,138,1
9614,93,1
9615,29,0
9616,200,0
9617,71,1
9618,200,0
9619,155,1
9620,96,1
9621,105,1
9622,66,1
9623,156,1
9624,83,1
9625,42,0
9626,124,1
9627,59,1
9628,114,1
9629,200,0
9630,189,1
9631,85,1
9632,61,1
9633,108,1
9634,92,0
9635,78,1
9636,37,0
9637,77,1
9638,75,0
9639,155,1
9640,93,1
9641,65,1
9642,59,1
9643,137,1
9644,175,1
9645,71,1
9646,59,1
9647,67,1
9648,124,1
9649,84,1
9650,63,0
9651,163,1
9652,46,0
9653,142,1
9654,136,1
9655,88,1
9656,102,1
9657,86,1
9658,116,1
9659,57,1
9660,200,0
9661,106,1
9662,110,1
9663,125,1
9664,49,1
9665,155,0
9666,75,1
9667,67,1
9668,55,1
9669,40,1
9670,92,1
9671,128,1
9672,90,1
9673,91,1
9674,106,1
9675,77,1
9676,53,1
9677,58,1
9678,77,1
9679,70,0
9680,143,1
9681,103,1
9682,83,1
9683,53,1
9684,24,0
9685,72,1
9686,54,1
9687,200,0
9688,28,1
9689,62,1
9690,75,1
9691,37,1
9692,62,1
9693,58,1
9694,88,1
9695,55,1
9696,157,0
9697,104,1
9698,139,1
9699,118,1
9700,182,1
9701,37,1
9702,87,1
9703,94,1
9704,49,1
9705,38,1
9706,139,1
9707,49,0
9708,29,1
9709,91,1
9710,66,1
9711,128,1
9712,61,1
9713,34,1
9714,60,0
9715,97,0
9716,43,1
9717,100,1
9718,70,1
9719,78,1
9720,103,1
9721,42,1
9722,48,1
9723,69,1
9724,147,1
9725,135,1
9726,86,1
9727,74,1
9728,111,1
9729,173,1
9730,51,1
9731,93,1
9732,72,1
9733,61,1
9734,117,1
9735,54,1
9736,123,1
9737,141,1
9738,123,1
9739,148,1
9740,66,1
9741,53,1
9742,73,1
9743,86,1
9744,28,1
9745,62,0
9746,36,1
9747,190,1
9748,34,1
9749,200,0
9750,74,1
9751,135,1
9752,56,1
9753,78,1
9754,63,1
9755,71,1
9756,50,1
9757,35,1
9758,37,1
9759,200,0
9760,49,1
9761,41,1
9762,70,1
9763,30,0
9764,200,0
9765,155,1
9766,45,1
9767,78,1
9768,78,1
9769,97,1
9770,107,1
9771,78,1
9772,45,1
9773,148,1
9774,78,1
9775,64,1
9776,77,1
9777,98,1
9778,23,1
9779,101,1
9780,42,1
9781,200,0
9782,71,1
9783,40,1
9784,50,1
9785,200,0
9786,57,1
9787,200,0
9788,70,1
9789,190,1
9790,53,1
9791,41,1
9792,54,1
9793,49,1
9794,32,0
9795,43,1
9796,56,1
9797,73,1
9798,62,1
9799,106,0
9800,85,1
9801,41,1
9802,70,1
9803,73,1
9804,81,1
9805,62,1
9806,33,1
9807,200,0
9808,49,1
9809,83,1
9810,48,1
9811,133,1
9812,101,1
9813,68,1
9814,200,0
9815,55,1
9816,48,1
9817,123,1
9818,49,0
9819,17,0
9820,53,0
9821,73,1
9822,24,1
9823,87,1
9824,45,1
9825,41,1
9826,108,1
9827,45,1
9828,65,1
9829,110,1
9830,31,0
9831,108,1
9832,131,1
9833,33,1
9834,136,1
9835,53,1
9836,71,1
9837,53,1
9838,164,0
9839,95,1
9840,54,0
9841,85,1
9842,173,1
9843,200,0
9844,176,1
9845,83,1
9846,114,1
9847,148,1
9848,38,1
9849,46,1
9850,80,1
9851,112,1
9852,62,1
9853,66,1
9854,73,1
9855,28,1
9856,116,1
9857,151,1
9858,88,1
9859,76,1
9860,69,1
9861,137,1
9862,141,1
9863,56,1
9864,38,1
9865,60,1
9866,200,0
9867,142,1
9868,158,1
9869,92,1
9870,47,0
9871,45,1
9872,43,1
9873,33,1
9874,78,1
9875,103,1
9876,127,1
9877,51,1
9878,66,1
9879,29,0
9880,114,1
9881,175,1
9882,55,1
9883,117,1
9884,112,1
9885,103,1
9886,171,1
9887,127,1
9888,91,1
9889,106,1
9890,200,0
9891,139,1
9892,97,1
9893,39,1
9894,118,1
9895,78,1
9896,161,0
9897,133,1
9898,30,1
9899,126,1
9900,49,1
9901,139,1
9902,163,1
9903,200,0
9904,56,1
9905,176,1
9906,66,1
9907,94,1
9908,34,1
9909,94,1
9910,113,1
9911,126,1
9912,60,1
9913,50,1
9914,44,1
9915,68,1
9916,200,0
9917,82,1
9918,57,1
9919,92,1
9920,43,1
9921,200,0
9922,67,1
9923,79,0
9924,68,1
9925,55,1
9926,53,1
9927,74,1
9928,71,1
9929,117,1
9930,71,1
9931,68,1
9932,129,1
9933,116,1
9934,49,0
9935,78,1
9936,92,1
9937,35,1
9938,85,1
9939,63,1
9940,87,0
9941,39,1
9942,42,0
9943,180,1
9944,56,1
9945,159,0
9946,70,1
9947,115,1
9948,132,1
9949,89,1
9950,48,1
9951,91,1
9952,67,1
9953,61,1
9954,34,0
9955,89,1
9956,36,0
9957,90,1
9958,34,1
9959,98,1
9960,49,1
9961,68,1
9962,136,1
9963,46,1
9964,48,1
9965,67,1
9966,108,1
9967,141,1
9968,83,1
9969,129,1
9970,200,0
9971,45,1
9972,61,1
9973,119,1
9974,124,1
9975,51,1
9976,101,1
9977,66,1
9978,66,1
9979,107,1
9980,79,1
9981,52,1
9982,200,0
9983,131,1
9984,42,1
9985,68,1
9986,116,1
9987,119,1
9988,75,1
9989,37,1
9990,141,0
9991,53,1
9992,50,0
9993,76,1
9994,200,0
9995,170,0
9996,73,1
9997,47,1
9998,75,1
9999,127,1
