episode,steps,reward
0,95,0
1,28,0
2,20,0
3,23,0
4,36,0
5,19,0
6,15,0
7,48,0
8,10,0
9,31,0
10,39,0
11,43,0
12,51,0
13,19,0
14,29,0
15,16,0
16,19,0
17,41,0
18,40,0
19,22,0
20,34,0
21,32,0
22,33,0
23,20,0
24,16,0
25,11,0
26,95,0
27,26,0
28,12,0
29,5,0
30,43,0
31,22,0
32,62,0
33,13,0
34,10,0
35,22,0
36,7,0
37,53,0
38,24,0
39,21,0
40,12,0
41,9,0
42,15,0
43,15,0
44,26,0
45,16,0
46,14,0
47,36,0
48,37,0
49,25,0
50,7,0
51,54,0
52,18,0
53,5,0
54,10,0
55,37,0
56,23,0
57,13,0
58,26,0
59,6,0
60,67,0
61,5,0
62,15,0
63,25,0
64,37,0
65,38,0
66,25,0
67,45,0
68,16,0
69,25,0
70,15,0
71,32,0
72,10,0
73,66,0
74,46,0
75,26,0
76,28,0
77,34,0
78,27,0
79,55,0
80,8,0
81,26,0
82,7,0
83,8,0
84,21,0
85,13,0
86,30,0
87,25,0
88,48,0
89,11,0
90,19,0
91,17,0
92,51,0
93,14,0
94,8,0
95,9,0
96,12,0
97,10,0
98,24,0
99,6,0
100,40,0
101,76,0
102,92,0
103,13,0
104,21,0
105,17,0
106,20,0
107,129,0
108,18,0
109,8,0
110,13,0
111,14,0
112,9,0
113,6,0
114,26,0
115,67,0
116,11,0
117,14,0
118,37,0
119,21,0
120,6,0
121,7,0
122,5,0
123,7,0
124,16,0
125,19,0
126,12,0
127,9,0
128,15,0
129,27,0
130,64,0
131,9,0
132,10,0
133,80,0
134,23,0
135,7,0
136,10,0
137,17,0
138,14,0
139,24,0
140,5,0
141,10,0
142,24,0
143,9,0
144,10,0
145,14,0
146,18,0
147,32,0
148,18,0
149,12,0
150,34,0
151,17,0
152,11,0
153,13,0
154,14,0
155,10,0
156,11,0
157,41,0
158,11,0
159,14,0
160,44,0
161,11,0
162,14,0
163,71,0
164,12,0
165,13,0
166,10,0
167,11,0
168,18,0
169,10,0
170,48,0
171,24,0
172,5,0
173,74,0
174,12,0
175,7,0
176,10,0
177,9,0
178,34,0
179,13,0
180,20,0
181,29,0
182,7,0
183,11,0
184,9,0
185,23,0
186,32,0
187,50,0
188,12,0
189,19,0
190,39,0
191,7,0
192,10,0
193,13,0
194,16,0
195,15,0
196,20,0
197,18,0
198,16,0
199,19,0
200,17,0
201,10,0
202,10,0
203,12,0
204,7,0
205,42,0
206,14,0
207,36,0
208,14,0
209,21,0
210,80,0
211,21,0
212,10,0
213,20,0
214,11,0
215,11,0
216,12,0
217,10,0
218,9,0
219,16,0
220,27,0
221,13,0
222,23,0
223,20,0
224,12,0
225,8,0
226,17,0
227,19,0
228,32,0
229,28,0
230,45,0
231,42,0
232,77,0
233,39,0
234,18,0
235,21,0
236,12,0
237,24,0
238,15,0
239,21,0
240,13,0
241,11,0
242,30,0
243,54,0
244,10,0
245,14,0
246,9,0
247,19,0
248,38,0
249,58,0
250,11,0
251,17,0
252,10,0
253,22,0
254,8,0
255,37,0
256,17,0
257,27,0
258,26,0
259,41,0
260,64,0
261,39,0
262,7,0
263,12,0
264,70,0
265,13,0
266,20,0
267,28,0
268,12,0
269,12,0
270,13,0
271,18,0
272,57,0
273,27,0
274,15,0
275,8,0
276,11,0
277,25,0
278,13,0
279,10,0
280,44,0
281,33,0
282,46,0
283,23,0
284,37,0
285,33,0
286,24,0
287,27,0
288,10,0
289,23,0
290,8,0
291,17,0
292,10,0
293,10,0
294,21,0
295,16,0
296,16,0
297,18,0
298,73,0
299,15,0
300,23,0
301,28,0
302,49,0
303,18,0
304,24,0
305,16,0
306,12,0
307,27,0
308,84,0
309,25,0
310,16,0
311,8,0
312,18,0
313,11,0
314,17,0
315,14,0
316,8,0
317,9,0
318,24,0
319,9,0
320,22,0
321,20,0
322,15,0
323,34,0
324,16,0
325,9,0
326,14,0
327,21,0
328,13,0
329,55,0
330,9,0
331,26,0
332,18,0
333,8,0
334,26,0
335,93,0
336,30,0
337,12,0
338,14,0
339,18,0
340,18,0
341,26,0
342,42,0
343,8,0
344,15,0
345,19,0
346,11,0
347,18,0
348,25,0
349,25,0
350,17,0
351,76,0
352,19,0
353,37,0
354,11,0
355,15,0
356,14,0
357,16,0
358,25,0
359,38,0
360,25,0
361,51,0
362,7,0
363,15,0
364,19,0
365,31,0
366,33,0
367,21,0
368,17,0
369,17,0
370,18,0
371,80,0
372,32,0
373,10,0
374,24,0
375,15,0
376,19,0
377,27,0
378,26,0
379,34,0
380,8,0
381,42,0
382,19,0
383,10,0
384,54,0
385,23,0
386,10,0
387,34,0
388,9,0
389,15,0
390,26,0
391,21,0
392,31,0
393,16,0
394,15,0
395,9,0
396,27,0
397,6,0
398,17,0
399,21,0
400,8,0
401,10,0
402,20,0
403,29,0
404,16,0
405,53,0
406,18,0
407,14,0
408,21,0
409,19,0
410,20,0
411,13,0
412,7,0
413,23,0
414,12,0
415,18,0
416,13,0
417,15,0
418,21,0
419,21,0
420,12,0
421,29,0
422,28,0
423,20,0
424,13,0
425,57,0
426,32,0
427,29,0
428,24,0
429,10,0
430,18,0
431,27,0
432,22,0
433,52,0
434,10,0
435,9,0
436,31,0
437,11,0
438,28,0
439,46,0
440,59,0
441,38,0
442,41,0
443,23,0
444,18,0
445,34,0
446,37,0
447,37,0
448,37,0
449,17,0
450,30,0
451,26,0
452,27,0
453,22,0
454,10,0
455,23,0
456,20,0
457,13,0
458,16,0
459,26,0
460,15,0
461,30,0
462,37,0
463,9,0
464,9,0
465,18,0
466,16,0
467,11,0
468,23,0
469,34,0
470,36,0
471,24,0
472,21,0
473,11,0
474,21,0
475,12,0
476,40,0
477,20,0
478,87,0
479,20,0
480,16,0
481,44,0
482,40,0
483,24,0
484,23,0
485,22,0
486,18,0
487,24,0
488,17,0
489,17,0
490,11,0
491,11,0
492,25,0
493,28,0
494,14,0
495,44,0
496,15,0
497,42,0
498,40,0
499,13,0
500,30,0
501,14,0
502,35,0
503,12,0
504,52,0
505,16,0
506,33,0
507,48,0
508,23,0
509,31,0
510,14,0
511,17,0
512,16,0
513,54,1
514,20,0
515,46,0
516,28,0
517,17,0
518,28,0
519,31,0
520,55,0
521,35,0
522,48,0
523,26,0
524,24,0
525,34,0
526,17,0
527,93,0
528,34,1
529,50,0
530,78,0
531,33,0
532,24,0
533,30,0
534,32,0
535,34,0
536,80,0
537,58,0
538,22,0
539,118,0
540,31,0
541,12,0
542,26,0
543,35,0
544,28,0
545,35,0
546,38,0
547,25,0
548,73,1
549,51,0
550,70,0
551,24,0
552,23,0
553,61,0
554,63,0
555,121,0
556,84,0
557,26,0
558,31,0
559,41,0
560,50,0
561,85,0
562,24,0
563,28,0
564,67,0
565,15,0
566,23,0
567,104,0
568,18,0
569,61,0
570,29,0
571,72,0
572,23,0
573,27,0
574,27,0
575,7,0
576,67,0
577,30,0
578,44,0
579,12,0
580,10,0
581,105,0
582,53,0
583,40,0
584,43,0
585,57,0
586,60,0
587,17,0
588,18,0
589,21,0
590,44,0
591,36,0
592,32,0
593,26,0
594,17,0
595,31,0
596,27,1
597,42,0
598,9,0
599,19,0
600,25,0
601,25,0
602,26,0
603,24,0
604,59,0
605,14,0
606,53,0
607,38,0
608,40,0
609,38,0
610,40,0
611,21,0
612,23,0
613,24,0
614,22,0
615,48,0
616,42,0
617,58,0
618,47,0
619,22,0
620,57,0
621,21,0
622,46,0
623,36,0
624,41,0
625,49,0
626,21,0
627,25,0
628,41,0
629,28,0
630,34,0
631,25,0
632,28,0
633,23,0
634,69,0
635,61,0
636,25,0
637,36,0
638,67,0
639,24,0
640,12,0
641,28,0
642,63,0
643,79,0
644,51,0
645,35,0
646,12,0
647,14,0
648,38,0
649,42,0
650,75,0
651,32,0
652,77,0
653,24,0
654,53,0
655,30,0
656,15,0
657,67,0
658,34,0
659,53,1
660,29,0
661,43,0
662,45,0
663,47,0
664,30,0
665,41,0
666,76,0
667,42,0
668,70,0
669,41,1
670,34,0
671,96,0
672,27,0
673,19,0
674,59,0
675,15,0
676,25,0
677,42,0
678,16,0
679,37,0
680,19,0
681,15,0
682,35,0
683,45,0
684,51,0
685,36,0
686,25,0
687,63,0
688,35,0
689,52,0
690,14,0
691,25,0
692,34,0
693,52,0
694,52,0
695,57,0
696,35,0
697,101,0
698,17,0
699,16,0
700,42,0
701,23,0
702,55,0
703,65,0
704,99,0
705,33,0
706,36,0
707,27,0
708,25,0
709,23,0
710,19,0
711,25,0
712,27,0
713,26,0
714,15,0
715,17,0
716,75,0
717,41,0
718,32,0
719,18,0
720,66,0
721,22,0
722,35,0
723,63,0
724,77,0
725,20,0
726,51,0
727,70,0
728,30,0
729,70,0
730,17,0
731,37,0
732,21,0
733,30,0
734,27,0
735,28,0
736,71,1
737,13,0
738,18,0
739,48,0
740,23,0
741,52,0
742,83,0
743,27,0
744,39,1
745,48,0
746,45,0
747,19,0
748,14,0
749,86,0
750,28,0
751,13,0
752,51,0
753,31,0
754,8,0
755,10,0
756,11,0
757,13,0
758,79,0
759,31,0
760,47,0
761,68,0
762,72,0
763,37,0
764,40,0
765,57,0
766,33,0
767,56,0
768,30,0
769,63,0
770,57,0
771,33,0
772,21,0
773,44,1
774,45,1
775,31,0
776,23,0
777,53,0
778,51,0
779,34,0
780,36,0
781,39,0
782,29,0
783,23,0
784,56,1
785,41,0
786,27,0
787,51,0
788,87,0
789,61,0
790,30,0
791,35,0
792,12,0
793,99,0
794,27,0
795,49,0
796,26,0
797,64,0
798,37,0
799,51,0
800,21,0
801,14,0
802,12,0
803,35,0
804,51,0
805,30,0
806,59,0
807,82,0
808,32,0
809,37,0
810,40,0
811,46,0
812,29,0
813,66,0
814,23,0
815,58,1
816,50,0
817,35,0
818,33,0
819,92,1
820,25,0
821,7,0
822,50,0
823,26,1
824,15,0
825,42,0
826,17,0
827,27,0
828,78,0
829,48,0
830,23,0
831,118,0
832,55,0
833,28,0
834,111,0
835,32,0
836,48,0
837,72,0
838,26,0
839,7,0
840,12,0
841,88,0
842,22,0
843,36,0
844,27,0
845,27,0
846,35,0
847,31,0
848,22,0
849,61,0
850,13,0
851,33,0
852,27,0
853,47,0
854,59,1
855,54,0
856,46,0
857,15,0
858,45,0
859,43,0
860,71,0
861,25,0
862,8,0
863,98,0
864,66,0
865,24,0
866,37,0
867,53,0
868,35,0
869,47,0
870,89,0
871,20,0
872,51,0
873,32,0
874,115,0
875,58,0
876,85,0
877,9,0
878,51,0
879,74,0
880,37,0
881,83,0
882,51,0
883,176,0
884,18,0
885,68,1
886,60,0
887,32,0
888,42,0
889,31,0
890,35,0
891,24,0
892,38,0
893,51,0
894,51,0
895,30,0
896,16,0
897,108,0
898,110,0
899,52,0
900,19,0
901,38,1
902,20,0
903,40,0
904,50,1
905,44,0
906,27,0
907,17,0
908,30,1
909,25,0
910,61,0
911,18,0
912,53,0
913,49,1
914,78,0
915,37,1
916,22,0
917,27,0
918,27,0
919,19,0
920,81,1
921,20,0
922,58,1
923,48,0
924,33,0
925,40,0
926,45,0
927,149,0
928,60,1
929,40,0
930,47,0
931,65,1
932,39,0
933,25,0
934,27,0
935,39,0
936,72,1
937,54,1
938,45,0
939,55,0
940,46,1
941,50,1
942,43,0
943,136,0
944,66,0
945,156,0
946,55,0
947,33,0
948,96,1
949,103,0
950,64,0
951,28,0
952,25,1
953,71,0
954,78,0
955,81,0
956,76,0
957,85,0
958,56,1
959,11,0
960,63,0
961,32,1
962,63,0
963,42,0
964,33,0
965,44,0
966,51,0
967,61,1
968,54,0
969,84,0
970,78,0
971,58,0
972,177,0
973,56,0
974,31,0
975,48,0
976,36,0
977,36,0
978,73,0
979,46,0
980,108,1
981,11,0
982,60,0
983,111,0
984,50,0
985,9,0
986,19,0
987,47,0
988,44,0
989,41,0
990,21,0
991,63,0
992,19,0
993,37,0
994,18,0
995,24,1
996,34,0
997,38,0
998,21,0
999,12,0
1000,62,0
1001,59,0
1002,65,0
1003,13,0
1004,35,0
1005,96,1
1006,79,0
1007,18,0
1008,108,0
1009,48,0
1010,70,1
1011,50,0
1012,43,0
1013,49,0
1014,200,0
1015,43,0
1016,28,0
1017,33,0
1018,57,0
1019,55,0
1020,41,0
1021,47,0
1022,54,0
1023,12,0
1024,20,0
1025,75,0
1026,55,0
1027,52,0
1028,59,0
1029,45,0
1030,40,0
1031,27,0
1032,22,0
1033,42,0
1034,73,0
1035,109,1
1036,79,0
1037,24,0
1038,36,0
1039,112,0
1040,64,0
1041,25,0
1042,60,0
1043,14,0
1044,54,0
1045,33,0
1046,70,0
1047,38,1
1048,53,0
1049,34,0
1050,67,0
1051,73,1
1052,81,0
1053,42,0
1054,49,0
1055,52,0
1056,26,0
1057,31,0
1058,26,0
1059,38,1
1060,46,0
1061,63,0
1062,71,0
1063,43,0
1064,34,0
1065,47,0
1066,24,0
1067,8,0
1068,31,0
1069,42,1
1070,37,0
1071,60,1
1072,37,0
1073,17,0
1074,57,0
1075,18,0
1076,68,0
1077,17,0
1078,38,0
1079,78,0
1080,57,1
1081,39,0
1082,37,1
1083,73,0
1084,16,0
1085,14,0
1086,8,0
1087,12,0
1088,24,0
1089,146,0
1090,71,0
1091,49,0
1092,23,0
1093,8,0
1094,32,0
1095,35,0
1096,46,0
1097,23,0
1098,25,0
1099,26,0
1100,91,0
1101,93,0
1102,143,0
1103,18,0
1104,23,0
1105,86,0
1106,79,0
1107,103,0
1108,106,0
1109,22,0
1110,36,0
1111,63,0
1112,49,0
1113,32,0
1114,60,0
1115,133,0
1116,22,0
1117,41,0
1118,24,0
1119,55,0
1120,33,0
1121,103,0
1122,28,0
1123,74,0
1124,28,0
1125,38,0
1126,74,0
1127,128,0
1128,54,0
1129,20,0
1130,55,0
1131,14,0
1132,18,0
1133,95,0
1134,27,0
1135,75,0
1136,24,0
1137,40,0
1138,46,0
1139,30,0
1140,24,0
1141,53,0
1142,36,0
1143,170,0
1144,47,0
1145,114,0
1146,22,0
1147,59,0
1148,65,0
1149,17,0
1150,13,0
1151,57,0
1152,45,0
1153,35,0
1154,26,0
1155,57,0
1156,29,0
1157,101,0
1158,135,0
1159,72,0
1160,77,0
1161,21,0
1162,35,0
1163,89,0
1164,81,0
1165,19,0
1166,18,0
1167,141,0
1168,75,0
1169,24,0
1170,72,0
1171,38,0
1172,36,0
1173,40,0
1174,50,0
1175,34,0
1176,73,0
1177,35,0
1178,52,0
1179,55,0
1180,55,0
1181,26,0
1182,69,0
1183,85,0
1184,97,0
1185,47,0
1186,17,0
1187,188,0
1188,61,0
1189,42,0
1190,21,0
1191,54,0
1192,41,0
1193,80,0
1194,41,0
1195,46,0
1196,75,0
1197,8,0
1198,98,0
1199,39,0
1200,43,0
1201,82,0
1202,82,0
1203,48,0
1204,60,0
1205,33,0
1206,40,0
1207,49,0
1208,200,0
1209,49,0
1210,41,0
1211,22,0
1212,12,0
1213,14,0
1214,45,0
1215,77,0
1216,53,0
1217,31,0
1218,36,0
1219,66,0
1220,69,0
1221,45,0
1222,27,0
1223,73,0
1224,40,0
1225,42,0
1226,103,0
1227,19,0
1228,76,0
1229,93,0
1230,80,0
1231,24,0
1232,53,0
1233,47,0
1234,86,0
1235,21,0
1236,23,0
1237,45,0
1238,33,0
1239,157,0
1240,67,0
1241,47,0
1242,68,0
1243,56,0
1244,50,0
1245,23,0
1246,52,0
1247,10,0
1248,11,0
1249,31,0
1250,80,0
1251,67,0
1252,23,0
1253,73,0
1254,25,0
1255,33,0
1256,59,0
1257,28,0
1258,80,0
1259,86,0
1260,38,0
1261,50,0
1262,25,0
1263,30,0
1264,31,0
1265,33,0
1266,12,0
1267,38,0
1268,30,0
1269,99,1
1270,32,0
1271,34,0
1272,17,0
1273,68,0
1274,37,0
1275,81,0
1276,59,0
1277,58,0
1278,82,0
1279,59,0
1280,88,1
1281,31,0
1282,200,0
1283,20,0
1284,54,0
1285,25,0
1286,33,0
1287,45,0
1288,26,0
1289,51,0
1290,32,0
1291,66,0
1292,17,0
1293,84,0
1294,23,0
1295,70,0
1296,15,0
1297,45,0
1298,63,0
1299,24,0
1300,24,0
1301,59,0
1302,43,0
1303,78,0
1304,67,0
1305,110,0
1306,101,0
1307,40,0
1308,68,0
1309,40,0
1310,134,0
1311,53,0
1312,89,0
1313,104,0
1314,79,0
1315,17,0
1316,81,0
1317,15,0
1318,23,0
1319,37,0
1320,27,0
1321,40,0
1322,61,0
1323,14,0
1324,60,0
1325,40,0
1326,120,0
1327,75,0
1328,7,0
1329,26,0
1330,40,0
1331,101,0
1332,119,0
1333,158,0
1334,17,0
1335,165,0
1336,12,0
1337,41,0
1338,102,0
1339,75,0
1340,108,0
1341,73,0
1342,102,0
1343,30,0
1344,82,0
1345,24,0
1346,15,0
1347,99,0
1348,129,0
1349,27,0
1350,75,0
1351,61,0
1352,52,0
1353,24,0
1354,30,0
1355,13,0
1356,51,0
1357,29,0
1358,68,0
1359,19,0
1360,88,0
1361,49,0
1362,9,0
1363,32,0
1364,37,0
1365,34,0
1366,122,0
1367,24,0
1368,54,0
1369,16,0
1370,43,0
1371,43,0
1372,33,0
1373,33,0
1374,10,0
1375,32,0
1376,75,0
1377,59,0
1378,55,0
1379,52,0
1380,57,0
1381,50,0
1382,30,0
1383,16,0
1384,48,0
1385,31,0
1386,77,0
1387,51,0
1388,66,0
1389,47,0
1390,31,0
1391,31,0
1392,170,0
1393,30,0
1394,55,0
1395,58,0
1396,93,0
1397,97,0
1398,79,0
1399,16,0
1400,43,0
1401,14,0
1402,51,0
1403,40,0
1404,49,0
1405,39,0
1406,9,0
1407,35,0
1408,66,0
1409,54,1
1410,32,0
1411,71,0
1412,13,0
1413,88,0
1414,47,0
1415,13,0
1416,39,0
1417,16,0
1418,59,0
1419,39,0
1420,28,0
1421,85,0
1422,192,0
1423,36,0
1424,10,0
1425,64,1
1426,26,0
1427,139,0
1428,62,0
1429,102,0
1430,43,0
1431,81,0
1432,59,0
1433,20,0
1434,200,0
1435,9,0
1436,22,0
1437,8,0
1438,48,0
1439,198,0
1440,44,0
1441,18,0
1442,87,0
1443,147,0
1444,46,0
1445,21,0
1446,61,0
1447,83,0
1448,61,0
1449,15,0
1450,67,0
1451,15,0
1452,70,1
1453,63,0
1454,38,0
1455,76,0
1456,77,0
1457,161,0
1458,18,0
1459,48,0
1460,25,0
1461,60,0
1462,89,0
1463,29,0
1464,84,0
1465,49,0
1466,58,0
1467,13,0
1468,27,0
1469,37,0
1470,94,0
1471,29,0
1472,18,0
1473,67,0
1474,38,1
1475,39,0
1476,26,0
1477,25,0
1478,57,0
1479,37,0
1480,88,0
1481,61,0
1482,45,0
1483,51,0
1484,30,0
1485,84,0
1486,65,0
1487,140,1
1488,43,0
1489,64,0
1490,65,0
1491,72,0
1492,45,0
1493,100,0
1494,27,0
1495,61,0
1496,58,0
1497,41,0
1498,117,0
1499,28,0
1500,63,0
1501,105,0
1502,200,0
1503,7,0
1504,83,0
1505,19,0
1506,13,0
1507,41,0
1508,19,0
1509,11,0
1510,92,0
1511,104,0
1512,38,0
1513,42,0
1514,35,0
1515,59,0
1516,59,1
1517,127,0
1518,45,0
1519,7,0
1520,28,0
1521,39,0
1522,36,0
1523,40,0
1524,20,0
1525,62,0
1526,10,0
1527,47,1
1528,97,0
1529,25,0
1530,105,0
1531,7,0
1532,200,0
1533,28,0
1534,13,0
1535,45,0
1536,151,0
1537,136,0
1538,17,0
1539,75,0
1540,99,0
1541,58,0
1542,66,0
1543,10,0
1544,53,0
1545,60,0
1546,34,0
1547,79,0
1548,25,0
1549,59,0
1550,41,0
1551,22,0
1552,200,0
1553,74,0
1554,23,0
1555,200,0
1556,43,0
1557,33,0
1558,194,0
1559,69,0
1560,95,0
1561,55,0
1562,44,0
1563,42,0
1564,162,0
1565,86,0
1566,20,0
1567,68,0
1568,87,0
1569,27,0
1570,165,0
1571,76,0
1572,200,0
1573,121,0
1574,36,0
1575,65,0
1576,58,0
1577,175,0
1578,25,0
1579,126,0
1580,39,0
1581,22,0
1582,41,0
1583,22,0
1584,20,0
1585,14,0
1586,108,0
1587,200,0
1588,60,1
1589,31,0
1590,85,0
1591,77,0
1592,24,0
1593,127,0
1594,22,0
1595,44,0
1596,49,0
1597,72,0
1598,82,0
1599,96,0
1600,42,0
1601,141,0
1602,147,0
1603,19,0
1604,34,0
1605,61,0
1606,51,0
1607,32,0
1608,200,0
1609,21,0
1610,30,0
1611,56,0
1612,81,0
1613,98,0
1614,34,0
1615,62,0
1616,11,0
1617,200,0
1618,8,0
1619,17,0
1620,110,0
1621,14,0
1622,26,0
1623,39,0
1624,27,0
1625,71,0
1626,63,0
1627,80,0
1628,74,0
1629,27,0
1630,35,0
1631,22,0
1632,28,0
1633,60,0
1634,125,0
1635,105,0
1636,18,0
1637,127,0
1638,123,0
1639,26,0
1640,137,0
1641,48,0
1642,104,0
1643,60,0
1644,61,0
1645,41,0
1646,56,0
1647,43,0
1648,19,0
1649,44,0
1650,65,0
1651,171,0
1652,33,0
1653,49,0
1654,75,0
1655,112,0
1656,138,0
1657,17,0
1658,81,0
1659,41,0
1660,27,0
1661,75,0
1662,200,0
1663,93,0
1664,27,0
1665,15,0
1666,35,0
1667,70,0
1668,60,0
1669,25,0
1670,38,0
1671,68,1
1672,141,0
1673,53,0
1674,31,0
1675,200,0
1676,132,0
1677,27,0
1678,134,0
1679,36,0
1680,200,0
1681,98,0
1682,37,0
1683,147,0
1684,29,0
1685,74,0
1686,75,0
1687,200,0
1688,200,0
1689,29,0
1690,200,0
1691,36,0
1692,67,0
1693,33,0
1694,112,0
1695,40,0
1696,61,0
1697,91,0
1698,54,0
1699,145,0
1700,49,0
1701,47,0
1702,32,0
1703,186,0
1704,51,0
1705,134,0
1706,86,0
1707,27,0
1708,96,0
1709,111,0
1710,64,0
1711,47,0
1712,61,0
1713,45,0
1714,56,0
1715,72,0
1716,27,0
1717,41,0
1718,63,0
1719,73,0
1720,76,0
1721,51,0
1722,114,1
1723,21,0
1724,54,0
1725,60,0
1726,42,0
1727,67,0
1728,67,0
1729,20,0
1730,43,0
1731,52,0
1732,37,0
1733,157,0
1734,71,0
1735,74,1
1736,52,1
1737,116,0
1738,42,0
1739,25,0
1740,46,1
1741,36,0
1742,33,1
1743,49,0
1744,31,1
1745,44,1
1746,91,0
1747,57,1
1748,9,0
1749,53,0
1750,21,0
1751,83,0
1752,32,1
1753,54,0
1754,99,0
1755,86,1
1756,49,1
1757,44,1
1758,41,1
1759,119,0
1760,45,0
1761,26,1
1762,134,0
1763,42,0
1764,53,0
1765,100,1
1766,50,1
1767,37,1
1768,58,0
1769,45,1
1770,42,0
1771,39,0
1772,154,0
1773,25,0
1774,70,0
1775,92,1
1776,113,0
1777,59,1
1778,200,0
1779,88,0
1780,39,0
1781,47,1
1782,30,1
1783,17,0
1784,19,0
1785,17,1
1786,41,0
1787,38,1
1788,48,0
1789,58,0
1790,26,0
1791,24,0
1792,33,1
1793,42,1
1794,81,1
1795,138,0
1796,43,1
1797,85,0
1798,64,1
1799,50,1
1800,167,0
1801,84,1
1802,95,1
1803,69,0
1804,98,0
1805,53,0
1806,35,1
1807,34,1
1808,37,0
1809,33,0
1810,21,0
1811,102,0
1812,102,0
1813,200,0
1814,112,0
1815,52,0
1816,70,0
1817,149,0
1818,108,0
1819,52,0
1820,81,1
1821,148,0
1822,82,0
1823,134,0
1824,57,0
1825,54,0
1826,15,0
1827,64,0
1828,34,0
1829,13,0
1830,41,1
1831,97,0
1832,55,0
1833,35,0
1834,94,0
1835,81,0
1836,118,0
1837,143,0
1838,115,0
1839,45,0
1840,148,0
1841,104,0
1842,14,0
1843,18,0
1844,36,0
1845,79,1
1846,63,0
1847,45,0
1848,193,0
1849,121,0
1850,200,0
1851,90,0
1852,131,0
1853,190,1
1854,46,0
1855,200,0
1856,85,0
1857,36,0
1858,52,0
1859,53,0
1860,46,0
1861,87,0
1862,68,0
1863,80,0
1864,15,0
1865,122,0
1866,52,1
1867,58,0
1868,45,0
1869,37,0
1870,146,1
1871,67,0
1872,111,0
1873,99,0
1874,78,0
1875,62,0
1876,200,0
1877,152,0
1878,48,0
1879,200,0
1880,44,0
1881,113,0
1882,33,0
1883,160,0
1884,129,0
1885,70,0
1886,35,0
1887,20,0
1888,197,0
1889,25,0
1890,177,0
1891,58,0
1892,73,0
1893,80,0
1894,111,0
1895,187,0
1896,39,0
1897,98,0
1898,173,0
1899,41,0
1900,200,0
1901,27,0
1902,82,0
1903,200,0
1904,136,0
1905,40,0
1906,37,0
1907,33,0
1908,12,0
1909,27,0
1910,137,0
1911,165,0
1912,200,0
1913,99,0
1914,150,0
1915,128,0
1916,200,0
1917,37,0
1918,12,0
1919,142,0
1920,24,1
1921,49,0
1922,98,0
1923,8,0
1924,122,0
1925,80,0
1926,47,0
1927,12,0
1928,11,0
1929,19,0
1930,35,0
1931,57,0
1932,30,0
1933,129,0
1934,31,0
1935,54,0
1936,114,0
1937,38,0
1938,136,0
1939,137,0
1940,23,0
1941,200,0
1942,158,0
1943,65,0
1944,91,0
1945,11,0
1946,103,0
1947,37,0
1948,81,0
1949,111,0
1950,103,0
1951,126,0
1952,64,0
1953,19,0
1954,42,0
1955,78,0
1956,187,0
1957,33,0
1958,41,0
1959,200,0
1960,112,0
1961,91,0
1962,27,0
1963,53,0
1964,119,0
1965,110,0
1966,200,0
1967,57,0
1968,24,0
1969,66,0
1970,23,0
1971,32,0
1972,113,0
1973,84,0
1974,29,0
1975,34,0
1976,122,0
1977,60,0
1978,78,0
1979,87,0
1980,141,0
1981,200,0
1982,200,0
1983,200,0
1984,11,0
1985,33,0
1986,93,0
1987,12,0
1988,34,0
1989,70,0
1990,180,0
1991,24,0
1992,177,0
1993,46,0
1994,90,0
1995,68,0
1996,86,0
1997,154,0
1998,80,0
1999,80,0
2000,76,0
2001,43,0
2002,35,0
2003,117,0
2004,129,0
2005,167,0
2006,37,0
2007,65,0
2008,53,0
2009,34,0
2010,16,0
2011,24,0
2012,145,0
2013,60,1
2014,59,0
2015,56,1
2016,74,0
2017,90,0
2018,114,0
2019,147,0
2020,56,1
2021,41,0
2022,20,0
2023,23,0
2024,98,0
2025,45,0
2026,149,0
2027,139,0
2028,54,0
2029,58,0
2030,45,0
2031,142,0
2032,19,0
2033,60,0
2034,73,0
2035,119,0
2036,33,0
2037,88,0
2038,58,0
2039,154,0
2040,86,0
2041,109,0
2042,69,0
2043,85,0
2044,200,0
2045,40,0
2046,41,0
2047,136,0
2048,49,0
2049,73,0
2050,69,0
2051,199,0
2052,50,0
2053,47,0
2054,49,0
2055,120,0
2056,165,0
2057,47,0
2058,64,0
2059,48,0
2060,40,0
2061,86,0
2062,124,0
2063,200,0
2064,55,0
2065,108,0
2066,70,0
2067,52,0
2068,21,0
2069,110,0
2070,82,1
2071,21,0
2072,87,0
2073,13,0
2074,50,0
2075,124,1
2076,84,0
2077,24,0
2078,26,0
2079,87,0
2080,61,0
2081,76,0
2082,22,0
2083,13,0
2084,140,0
2085,80,0
2086,54,0
2087,200,0
2088,73,0
2089,41,0
2090,42,0
2091,164,0
2092,35,0
2093,23,0
2094,30,0
2095,28,0
2096,153,0
2097,132,0
2098,25,0
2099,70,0
2100,150,0
2101,29,0
2102,70,0
2103,20,0
2104,141,0
2105,179,0
2106,22,0
2107,153,0
2108,137,0
2109,15,0
2110,53,0
2111,200,0
2112,122,0
2113,72,0
2114,107,0
2115,17,0
2116,43,0
2117,69,0
2118,38,0
2119,34,0
2120,112,1
2121,97,0
2122,116,0
2123,95,0
2124,36,0
2125,87,0
2126,89,0
2127,51,0
2128,58,0
2129,48,0
2130,62,0
2131,112,0
2132,62,0
2133,140,0
2134,200,0
2135,25,0
2136,76,0
2137,26,0
2138,40,0
2139,76,0
2140,17,0
2141,64,0
2142,200,0
2143,198,0
2144,104,0
2145,93,0
2146,48,0
2147,90,0
2148,69,0
2149,200,0
2150,167,0
2151,36,0
2152,170,0
2153,174,0
2154,104,1
2155,43,1
2156,68,0
2157,61,1
2158,112,0
2159,29,0
2160,29,0
2161,200,0
2162,51,1
2163,128,0
2164,23,1
2165,58,1
2166,200,0
2167,73,0
2168,114,1
2169,195,0
2170,175,0
2171,68,0
2172,200,0
2173,60,1
2174,53,1
2175,39,0
2176,110,0
2177,119,0
2178,51,0
2179,194,0
2180,71,1
2181,31,1
2182,18,0
2183,126,1
2184,125,0
2185,78,1
2186,95,0
2187,167,0
2188,82,0
2189,66,0
2190,51,1
2191,21,1
2192,67,1
2193,32,0
2194,35,0
2195,48,1
2196,63,1
2197,36,0
2198,44,1
2199,70,1
2200,17,0
2201,129,0
2202,33,0
2203,14,0
2204,8,0
2205,35,1
2206,13,0
2207,56,1
2208,96,1
2209,48,0
2210,88,0
2211,47,0
2212,17,0
2213,78,1
2214,65,0
2215,60,1
2216,59,1
2217,35,0
2218,53,0
2219,59,0
2220,32,0
2221,140,0
2222,47,0
2223,72,0
2224,49,0
2225,60,0
2226,60,0
2227,64,0
2228,9,0
2229,93,0
2230,175,0
2231,133,0
2232,175,0
2233,36,0
2234,45,0
2235,76,1
2236,66,0
2237,17,0
2238,59,0
2239,50,0
2240,63,0
2241,200,0
2242,95,0
2243,69,0
2244,61,1
2245,57,0
2246,170,0
2247,63,0
2248,132,0
2249,87,0
2250,161,0
2251,20,0
2252,41,0
2253,18,0
2254,102,0
2255,66,0
2256,41,0
2257,104,0
2258,196,0
2259,79,0
2260,129,0
2261,38,0
2262,37,0
2263,54,0
2264,54,1
2265,17,0
2266,84,0
2267,21,0
2268,158,0
2269,85,0
2270,80,1
2271,165,0
2272,60,1
2273,60,0
2274,109,0
2275,24,0
2276,200,0
2277,60,0
2278,79,0
2279,101,0
2280,71,0
2281,84,0
2282,22,0
2283,63,0
2284,53,0
2285,200,0
2286,97,1
2287,76,0
2288,24,1
2289,30,0
2290,100,0
2291,51,0
2292,84,0
2293,34,0
2294,145,0
2295,60,0
2296,28,0
2297,67,0
2298,188,0
2299,200,0
2300,58,0
2301,59,0
2302,73,0
2303,74,0
2304,48,0
2305,67,0
2306,183,0
2307,181,0
2308,115,0
2309,54,0
2310,200,0
2311,60,0
2312,23,0
2313,14,0
2314,48,0
2315,62,0
2316,46,0
2317,41,0
2318,54,0
2319,21,0
2320,29,1
2321,21,0
2322,167,0
2323,200,0
2324,108,0
2325,41,0
2326,79,0
2327,32,0
2328,193,0
2329,61,0
2330,55,0
2331,23,0
2332,46,0
2333,139,0
2334,56,0
2335,15,0
2336,145,0
2337,130,1
2338,110,0
2339,77,0
2340,110,0
2341,122,0
2342,158,0
2343,21,0
2344,164,0
2345,81,0
2346,113,0
2347,115,0
2348,63,0
2349,54,0
2350,45,0
2351,123,0
2352,76,0
2353,46,0
2354,200,0
2355,128,0
2356,35,0
2357,102,0
2358,200,0
2359,119,0
2360,115,0
2361,59,0
2362,200,0
2363,45,0
2364,52,0
2365,31,0
2366,200,0
2367,31,0
2368,21,0
2369,28,0
2370,19,0
2371,85,0
2372,200,0
2373,51,0
2374,119,0
2375,50,0
2376,60,0
2377,27,0
2378,63,0
2379,78,0
2380,157,0
2381,74,0
2382,134,0
2383,158,0
2384,88,0
2385,112,0
2386,115,0
2387,77,0
2388,157,0
2389,71,0
2390,117,0
2391,181,0
2392,98,0
2393,150,0
2394,24,0
2395,64,0
2396,78,0
2397,109,0
2398,60,0
2399,56,0
2400,38,0
2401,44,0
2402,88,0
2403,129,0
2404,9,0
2405,19,0
2406,71,0
2407,36,0
2408,98,0
2409,164,0
2410,12,0
2411,34,0
2412,18,0
2413,95,0
2414,150,0
2415,126,0
2416,43,0
2417,144,0
2418,197,0
2419,64,0
2420,36,0
2421,97,0
2422,79,0
2423,61,0
2424,130,0
2425,12,0
2426,92,0
2427,15,0
2428,118,0
2429,88,0
2430,176,0
2431,98,0
2432,80,0
2433,76,0
2434,94,0
2435,14,0
2436,49,0
2437,36,0
2438,15,0
2439,143,0
2440,33,0
2441,15,0
2442,61,0
2443,83,0
2444,68,0
2445,59,0
2446,53,0
2447,89,0
2448,60,0
2449,72,0
2450,73,0
2451,61,1
2452,34,0
2453,44,0
2454,147,0
2455,200,0
2456,80,0
2457,95,0
2458,66,0
2459,29,0
2460,39,0
2461,21,0
2462,174,0
2463,59,0
2464,78,0
2465,69,1
2466,44,0
2467,109,0
2468,104,0
2469,122,0
2470,27,0
2471,200,0
2472,75,1
2473,39,1
2474,35,0
2475,179,0
2476,65,0
2477,25,0
2478,51,0
2479,60,0
2480,25,0
2481,61,0
2482,200,0
2483,41,1
2484,11,0
2485,116,0
2486,190,0
2487,8,0
2488,44,0
2489,106,0
2490,48,1
2491,82,1
2492,84,1
2493,86,1
2494,96,0
2495,146,0
2496,133,1
2497,46,0
2498,47,0
2499,25,1
2500,71,0
2501,108,0
2502,50,0
2503,88,0
2504,92,0
2505,48,0
2506,27,0
2507,19,0
2508,51,0
2509,38,1
2510,122,1
2511,129,1
2512,117,1
2513,95,0
2514,56,0
2515,53,0
2516,38,1
2517,37,0
2518,52,1
2519,9,0
2520,132,0
2521,41,0
2522,11,0
2523,39,0
2524,82,0
2525,33,0
2526,17,0
2527,55,1
2528,23,0
2529,110,1
2530,37,0
2531,30,0
2532,134,1
2533,47,1
2534,170,0
2535,84,0
2536,58,1
2537,38,1
2538,111,0
2539,31,1
2540,28,0
2541,73,0
2542,48,0
2543,50,1
2544,26,0
2545,80,0
2546,56,1
2547,46,0
2548,80,1
2549,47,1
2550,107,0
2551,52,1
2552,42,1
2553,17,0
2554,45,0
2555,46,0
2556,27,0
2557,176,1
2558,92,0
2559,34,0
2560,67,1
2561,66,1
2562,55,1
2563,39,0
2564,78,0
2565,80,0
2566,81,0
2567,22,1
2568,59,1
2569,54,1
2570,74,0
2571,63,1
2572,79,0
2573,49,0
2574,97,1
2575,62,0
2576,33,1
2577,49,0
2578,69,0
2579,56,1
2580,27,0
2581,92,0
2582,150,1
2583,200,0
2584,36,1
2585,89,1
2586,146,0
2587,35,1
2588,45,1
2589,30,0
2590,88,1
2591,111,1
2592,25,0
2593,76,1
2594,73,0
2595,45,0
2596,93,0
2597,92,1
2598,105,1
2599,105,1
2600,28,1
2601,83,1
2602,54,1
2603,102,1
2604,62,1
2605,101,1
2606,66,0
2607,61,0
2608,46,0
2609,29,0
2610,43,1
2611,61,0
2612,70,1
2613,36,1
2614,36,1
2615,39,0
2616,102,1
2617,109,0
2618,37,1
2619,88,1
2620,55,1
2621,60,0
2622,100,1
2623,93,1
2624,39,1
2625,63,0
2626,63,1
2627,18,0
2628,72,1
2629,29,1
2630,61,1
2631,75,0
2632,156,1
2633,60,1
2634,61,0
2635,53,0
2636,114,1
2637,67,1
2638,48,1
2639,29,1
2640,66,1
2641,106,0
2642,121,0
2643,62,1
2644,66,0
2645,35,1
2646,27,0
2647,40,1
2648,30,0
2649,40,0
2650,40,0
2651,83,0
2652,47,0
2653,38,0
2654,82,0
2655,75,1
2656,51,1
2657,83,0
2658,55,1
2659,140,0
2660,28,1
2661,200,0
2662,121,1
2663,51,0
2664,57,0
2665,33,1
2666,53,0
2667,82,0
2668,43,0
2669,22,0
2670,42,0
2671,38,1
2672,93,1
2673,15,0
2674,63,0
2675,69,0
2676,52,1
2677,22,0
2678,46,0
2679,60,1
2680,143,0
2681,50,1
2682,30,0
2683,69,0
2684,34,1
2685,142,1
2686,50,0
2687,60,0
2688,66,1
2689,99,1
2690,51,0
2691,105,0
2692,81,0
2693,117,0
2694,31,0
2695,76,0
2696,30,1
2697,30,0
2698,27,1
2699,64,0
2700,103,1
2701,50,1
2702,64,0
2703,67,1
2704,131,1
2705,34,0
2706,77,1
2707,63,0
2708,35,0
2709,115,0
2710,51,1
2711,22,0
2712,106,1
2713,88,0
2714,47,0
2715,78,1
2716,84,1
2717,81,0
2718,37,1
2719,72,0
2720,146,0
2721,55,1
2722,26,1
2723,110,0
2724,65,0
2725,138,0
2726,122,0
2727,87,0
2728,24,1
2729,31,1
2730,27,0
2731,56,1
2732,62,1
2733,62,0
2734,116,1
2735,42,1
2736,38,0
2737,64,0
2738,37,0
2739,84,0
2740,66,1
2741,58,0
2742,29,1
2743,30,1
2744,77,1
2745,44,1
2746,73,1
2747,41,1
2748,59,1
2749,88,1
2750,78,0
2751,21,0
2752,61,0
2753,135,0
2754,64,1
2755,38,1
2756,43,1
2757,52,0
2758,38,1
2759,97,0
2760,50,1
2761,26,1
2762,135,1
2763,46,0
2764,32,1
2765,65,1
2766,51,0
2767,96,0
2768,57,0
2769,81,1
2770,20,0
2771,96,0
2772,34,1
2773,41,0
2774,90,0
2775,45,1
2776,47,0
2777,67,0
2778,17,0
2779,49,1
2780,62,1
2781,55,0
2782,113,1
2783,35,0
2784,27,1
2785,62,0
2786,42,0
2787,121,1
2788,63,1
2789,63,1
2790,88,1
2791,68,1
2792,98,1
2793,170,0
2794,128,0
2795,52,0
2796,80,0
2797,103,1
2798,40,1
2799,40,1
2800,116,0
2801,32,1
2802,111,1
2803,22,0
2804,49,1
2805,46,1
2806,39,1
2807,87,1
2808,30,1
2809,30,1
2810,78,0
2811,45,0
2812,73,0
2813,45,1
2814,69,0
2815,34,0
2816,44,0
2817,107,0
2818,117,1
2819,48,1
2820,91,0
2821,51,1
2822,33,0
2823,124,0
2824,60,0
2825,130,1
2826,53,1
2827,89,1
2828,49,1
2829,69,0
2830,77,0
2831,120,0
2832,31,0
2833,65,1
2834,74,0
2835,116,1
2836,87,0
2837,94,1
2838,70,1
2839,67,1
2840,44,0
2841,47,1
2842,67,1
2843,59,1
2844,75,1
2845,23,0
2846,71,0
2847,103,1
2848,40,1
2849,26,1
2850,99,1
2851,106,0
2852,120,1
2853,110,1
2854,16,0
2855,87,1
2856,38,1
2857,136,1
2858,120,1
2859,61,1
2860,81,1
2861,47,0
2862,49,1
2863,179,1
2864,43,0
2865,158,1
2866,141,1
2867,58,0
2868,111,1
2869,48,1
2870,45,1
2871,37,1
2872,112,0
2873,63,0
2874,37,1
2875,48,0
2876,76,0
2877,56,0
2878,41,1
2879,55,0
2880,71,0
2881,77,0
2882,55,0
2883,56,0
2884,31,0
2885,72,0
2886,40,0
2887,39,0
2888,121,0
2889,28,0
2890,50,1
2891,49,1
2892,111,0
2893,55,1
2894,55,1
2895,114,1
2896,35,0
2897,89,1
2898,59,0
2899,116,0
2900,112,1
2901,200,0
2902,56,0
2903,93,1
2904,47,0
2905,90,1
2906,61,1
2907,104,1
2908,30,1
2909,53,1
2910,33,0
2911,48,0
2912,55,1
2913,67,1
2914,89,0
2915,67,1
2916,46,1
2917,73,0
2918,43,1
2919,78,0
2920,85,1
2921,82,1
2922,85,0
2923,65,0
2924,57,1
2925,72,0
2926,79,0
2927,71,0
2928,85,1
2929,30,1
2930,156,1
2931,49,0
2932,147,0
2933,111,1
2934,91,0
2935,30,1
2936,52,1
2937,51,1
2938,35,0
2939,54,1
2940,27,0
2941,30,0
2942,49,1
2943,51,0
2944,39,1
2945,58,1
2946,53,0
2947,50,1
2948,49,1
2949,47,1
2950,65,0
2951,75,0
2952,66,0
2953,29,0
2954,113,1
2955,44,1
2956,83,1
2957,78,1
2958,46,1
2959,31,1
2960,73,0
2961,72,0
2962,116,0
2963,91,1
2964,37,1
2965,101,1
2966,60,0
2967,54,1
2968,35,0
2969,77,1
2970,113,1
2971,29,1
2972,16,0
2973,18,0
2974,99,1
2975,59,0
2976,53,0
2977,49,1
2978,115,0
2979,30,1
2980,50,1
2981,81,1
2982,119,0
2983,100,1
2984,56,0
2985,91,1
2986,81,0
2987,34,0
2988,31,0
2989,46,1
2990,70,0
2991,79,0
2992,58,0
2993,37,1
2994,69,1
2995,62,1
2996,38,1
2997,46,1
2998,48,0
2999,46,1
3000,38,1
3001,98,0
3002,134,1
3003,54,1
3004,50,1
3005,46,1
3006,133,0
3007,51,0
3008,36,1
3009,53,0
3010,93,1
3011,74,0
3012,50,1
3013,164,1
3014,46,1
3015,44,1
3016,54,1
3017,109,0
3018,87,1
3019,22,1
3020,11,0
3021,67,1
3022,140,0
3023,56,1
3024,44,1
3025,81,0
3026,52,0
3027,33,1
3028,54,1
3029,63,1
3030,53,1
3031,76,0
3032,67,1
3033,67,0
3034,41,0
3035,200,0
3036,69,1
3037,162,1
3038,93,1
3039,53,1
3040,40,0
3041,14,0
3042,81,0
3043,51,1
3044,115,1
3045,47,0
3046,112,0
3047,72,0
3048,146,0
3049,54,0
3050,36,1
3051,53,1
3052,89,0
3053,94,1
3054,27,1
3055,41,0
3056,29,0
3057,39,1
3058,103,1
3059,52,0
3060,61,1
3061,58,0
3062,90,0
3063,51,1
3064,28,1
3065,33,0
3066,53,1
3067,66,1
3068,41,1
3069,39,0
3070,52,0
3071,56,1
3072,90,0
3073,56,1
3074,44,0
3075,41,1
3076,76,0
3077,41,0
3078,40,1
3079,36,1
3080,138,1
3081,33,0
3082,115,0
3083,52,0
3084,93,0
3085,40,0
3086,59,1
3087,38,1
3088,83,1
3089,90,0
3090,103,0
3091,40,1
3092,62,1
3093,94,1
3094,79,0
3095,44,1
3096,53,1
3097,133,1
3098,159,0
3099,28,1
3100,27,1
3101,132,0
3102,61,0
3103,80,0
3104,200,0
3105,94,0
3106,87,1
3107,89,0
3108,134,1
3109,132,0
3110,111,1
3111,43,1
3112,40,1
3113,123,1
3114,119,1
3115,27,1
3116,69,1
3117,105,1
3118,157,0
3119,96,1
3120,73,0
3121,94,1
3122,37,0
3123,42,1
3124,33,1
3125,125,1
3126,37,1
3127,78,0
3128,105,1
3129,79,0
3130,88,0
3131,66,0
3132,54,1
3133,14,0
3134,31,1
3135,61,1
3136,108,1
3137,74,0
3138,22,0
3139,67,1
3140,45,0
3141,70,0
3142,102,1
3143,105,0
3144,59,0
3145,54,0
3146,35,0
3147,14,0
3148,44,0
3149,43,0
3150,68,1
3151,44,1
3152,69,1
3153,82,1
3154,52,1
3155,44,1
3156,41,1
3157,68,1
3158,58,0
3159,81,1
3160,52,1
3161,64,1
3162,86,1
3163,90,1
3164,34,0
3165,28,1
3166,36,0
3167,51,1
3168,39,1
3169,80,0
3170,59,1
3171,31,0
3172,80,1
3173,121,1
3174,45,0
3175,68,1
3176,200,0
3177,106,0
3178,44,0
3179,70,1
3180,70,0
3181,18,0
3182,56,1
3183,41,1
3184,200,0
3185,41,1
3186,46,0
3187,75,1
3188,80,0
3189,78,0
3190,57,0
3191,94,0
3192,63,1
3193,80,1
3194,127,0
3195,69,0
3196,74,0
3197,129,1
3198,46,0
3199,52,1
3200,60,1
3201,92,0
3202,112,0
3203,19,0
3204,63,1
3205,80,1
3206,96,1
3207,45,1
3208,200,0
3209,65,0
3210,68,1
3211,100,0
3212,97,0
3213,156,0
3214,82,0
3215,82,1
3216,36,1
3217,74,0
3218,39,0
3219,48,1
3220,74,0
3221,43,0
3222,49,0
3223,51,1
3224,55,0
3225,43,1
3226,54,0
3227,138,0
3228,48,1
3229,98,0
3230,19,0
3231,110,1
3232,45,0
3233,68,0
3234,37,1
3235,79,1
3236,43,1
3237,47,0
3238,64,1
3239,66,0
3240,53,0
3241,31,0
3242,44,1
3243,48,1
3244,74,0
3245,28,1
3246,43,0
3247,129,0
3248,33,0
3249,75,1
3250,67,1
3251,196,1
3252,123,1
3253,47,1
3254,113,1
3255,68,1
3256,47,1
3257,48,1
3258,55,1
3259,27,1
3260,168,1
3261,76,1
3262,84,0
3263,58,1
3264,92,0
3265,108,1
3266,84,1
3267,107,1
3268,65,1
3269,73,1
3270,25,1
3271,79,0
3272,68,0
3273,35,1
3274,58,0
3275,58,1
3276,38,1
3277,38,0
3278,66,1
3279,29,1
3280,46,0
3281,35,1
3282,28,1
3283,195,1
3284,68,1
3285,73,0
3286,83,0
3287,60,1
3288,13,0
3289,123,1
3290,41,1
3291,121,0
3292,110,0
3293,40,0
3294,47,1
3295,44,1
3296,39,0
3297,67,1
3298,67,0
3299,75,0
3300,55,1
3301,119,1
3302,50,1
3303,42,1
3304,48,1
3305,42,1
3306,64,0
3307,21,0
3308,55,1
3309,91,0
3310,56,1
3311,106,0
3312,84,1
3313,54,0
3314,52,1
3315,27,0
3316,38,1
3317,123,0
3318,94,1
3319,86,0
3320,119,1
3321,60,1
3322,48,1
3323,110,1
3324,61,0
3325,51,1
3326,73,1
3327,19,0
3328,121,1
3329,43,1
3330,43,1
3331,60,0
3332,47,0
3333,52,1
3334,62,0
3335,64,0
3336,142,1
3337,48,1
3338,27,0
3339,27,0
3340,50,1
3341,52,0
3342,60,0
3343,51,1
3344,200,0
3345,68,1
3346,31,0
3347,50,1
3348,38,0
3349,51,1
3350,81,1
3351,40,1
3352,53,1
3353,101,1
3354,55,0
3355,22,0
3356,31,1
3357,146,1
3358,89,1
3359,54,1
3360,66,1
3361,62,0
3362,36,1
3363,56,1
3364,76,1
3365,100,1
3366,41,0
3367,115,1
3368,31,0
3369,36,0
3370,33,1
3371,81,0
3372,88,1
3373,70,1
3374,30,0
3375,131,1
3376,50,1
3377,33,1
3378,32,1
3379,162,0
3380,171,1
3381,59,0
3382,68,0
3383,57,1
3384,48,1
3385,86,0
3386,76,1
3387,151,1
3388,32,0
3389,50,1
3390,129,1
3391,55,1
3392,70,1
3393,94,0
3394,72,0
3395,102,1
3396,69,0
3397,101,0
3398,168,1
3399,50,1
3400,115,0
3401,72,1
3402,92,1
3403,73,0
3404,118,1
3405,131,1
3406,57,0
3407,34,0
3408,61,0
3409,49,1
3410,43,1
3411,33,1
3412,48,0
3413,20,0
3414,45,1
3415,74,0
3416,27,1
3417,100,1
3418,36,1
3419,142,0
3420,55,1
3421,69,0
3422,86,0
3423,63,0
3424,63,1
3425,67,0
3426,54,0
3427,131,0
3428,76,1
3429,33,0
3430,97,1
3431,22,0
3432,48,1
3433,83,1
3434,49,1
3435,19,0
3436,45,1
3437,114,0
3438,40,0
3439,87,1
3440,73,1
3441,94,1
3442,83,0
3443,80,0
3444,50,0
3445,90,0
3446,48,1
3447,62,1
3448,129,1
3449,75,1
3450,26,0
3451,23,1
3452,97,1
3453,56,1
3454,35,1
3455,95,0
3456,72,0
3457,49,0
3458,84,1
3459,93,1
3460,96,1
3461,57,1
3462,91,1
3463,92,1
3464,98,0
3465,55,1
3466,32,0
3467,60,1
3468,68,1
3469,29,1
3470,71,1
3471,31,0
3472,59,1
3473,106,1
3474,198,1
3475,46,1
3476,49,0
3477,115,0
3478,42,0
3479,97,0
3480,91,1
3481,126,1
3482,109,1
3483,64,1
3484,82,0
3485,43,1
3486,91,0
3487,76,0
3488,50,0
3489,93,1
3490,81,0
3491,36,1
3492,21,0
3493,26,1
3494,97,1
3495,77,1
3496,66,1
3497,62,0
3498,99,1
3499,44,0
3500,78,0
3501,73,1
3502,68,1
3503,48,1
3504,91,1
3505,94,0
3506,116,0
3507,37,0
3508,48,1
3509,23,1
3510,35,1
3511,42,1
3512,87,1
3513,114,0
3514,60,1
3515,107,1
3516,31,0
3517,48,0
3518,39,1
3519,42,1
3520,42,1
3521,117,0
3522,49,1
3523,39,0
3524,136,0
3525,187,1
3526,56,1
3527,30,0
3528,67,1
3529,94,1
3530,116,0
3531,75,1
3532,55,0
3533,75,1
3534,75,0
3535,62,1
3536,52,1
3537,84,1
3538,35,1
3539,64,1
3540,90,1
3541,66,1
3542,57,0
3543,32,1
3544,35,0
3545,100,0
3546,28,0
3547,75,1
3548,38,1
3549,47,1
3550,58,0
3551,71,1
3552,46,1
3553,143,1
3554,52,1
3555,58,0
3556,139,1
3557,75,1
3558,94,1
3559,65,1
3560,65,1
3561,42,1
3562,59,1
3563,85,1
3564,41,0
3565,200,0
3566,105,0
3567,159,1
3568,36,0
3569,67,1
3570,68,1
3571,34,1
3572,115,1
3573,22,0
3574,31,0
3575,48,0
3576,16,0
3577,54,1
3578,64,0
3579,116,1
3580,23,0
3581,68,0
3582,35,1
3583,35,0
3584,77,1
3585,33,0
3586,115,1
3587,62,0
3588,44,1
3589,54,1
3590,121,0
3591,47,1
3592,105,0
3593,97,1
3594,84,0
3595,25,0
3596,34,0
3597,87,0
3598,53,1
3599,47,0
3600,75,1
3601,89,1
3602,35,1
3603,49,0
3604,102,1
3605,46,0
3606,41,0
3607,116,0
3608,36,0
3609,66,0
3610,52,1
3611,96,0
3612,53,0
3613,71,1
3614,109,1
3615,189,0
3616,108,0
3617,79,1
3618,65,1
3619,128,1
3620,69,1
3621,43,1
3622,60,1
3623,30,1
3624,48,0
3625,55,1
3626,108,0
3627,71,1
3628,90,1
3629,97,1
3630,81,1
3631,69,0
3632,47,1
3633,53,1
3634,37,0
3635,83,0
3636,93,1
3637,20,0
3638,106,1
3639,60,0
3640,200,0
3641,26,0
3642,41,0
3643,75,1
3644,61,1
3645,114,1
3646,44,0
3647,63,0
3648,30,0
3649,33,0
3650,57,1
3651,82,0
3652,57,0
3653,106,1
3654,46,1
3655,74,0
3656,117,0
3657,67,1
3658,69,0
3659,52,0
3660,102,1
3661,33,0
3662,53,1
3663,41,0
3664,101,0
3665,49,0
3666,74,1
3667,53,1
3668,54,1
3669,45,1
3670,32,0
3671,35,1
3672,31,1
3673,125,1
3674,114,1
3675,72,0
3676,111,1
3677,32,1
3678,161,0
3679,29,0
3680,88,1
3681,37,0
3682,62,0
3683,110,0
3684,64,1
3685,87,0
3686,51,0
3687,65,1
3688,52,1
3689,50,1
3690,44,1
3691,144,0
3692,27,1
3693,127,1
3694,106,1
3695,70,1
3696,32,0
3697,28,1
3698,91,1
3699,73,1
3700,33,1
3701,74,0
3702,87,0
3703,69,1
3704,39,0
3705,26,1
3706,135,1
3707,32,1
3708,145,1
3709,43,1
3710,56,1
3711,104,1
3712,45,1
3713,28,1
3714,126,1
3715,51,1
3716,127,0
3717,95,0
3718,60,0
3719,33,1
3720,100,1
3721,114,1
3722,38,0
3723,61,0
3724,81,0
3725,41,1
3726,30,0
3727,38,1
3728,70,0
3729,36,0
3730,122,1
3731,35,1
3732,46,1
3733,65,1
3734,156,0
3735,72,1
3736,54,0
3737,35,1
3738,61,0
3739,130,1
3740,58,1
3741,84,0
3742,55,0
3743,102,1
3744,110,0
3745,51,0
3746,66,1
3747,74,1
3748,35,1
3749,113,1
3750,47,1
3751,80,1
3752,35,1
3753,45,1
3754,51,1
3755,71,1
3756,66,1
3757,30,0
3758,122,0
3759,65,1
3760,43,1
3761,69,1
3762,132,0
3763,55,1
3764,53,1
3765,117,0
3766,98,0
3767,176,1
3768,120,0
3769,35,0
3770,130,1
3771,49,0
3772,52,1
3773,200,0
3774,62,1
3775,134,0
3776,115,1
3777,13,0
3778,54,1
3779,42,0
3780,43,0
3781,58,0
3782,38,1
3783,76,1
3784,25,0
3785,59,0
3786,58,1
3787,77,1
3788,65,1
3789,100,1
3790,43,0
3791,123,1
3792,53,1
3793,90,0
3794,87,1
3795,85,1
3796,116,0
3797,43,0
3798,93,1
3799,43,1
3800,41,0
3801,80,1
3802,84,0
3803,86,1
3804,58,1
3805,37,1
3806,169,0
3807,115,0
3808,47,1
3809,39,1
3810,41,0
3811,75,1
3812,129,1
3813,109,1
3814,57,1
3815,101,1
3816,57,0
3817,71,1
3818,68,0
3819,88,1
3820,32,1
3821,38,0
3822,68,0
3823,61,1
3824,155,1
3825,78,0
3826,40,1
3827,86,1
3828,95,0
3829,56,0
3830,82,1
3831,39,0
3832,42,1
3833,110,1
3834,96,1
3835,49,0
3836,85,0
3837,110,0
3838,42,0
3839,48,0
3840,96,1
3841,38,1
3842,73,1
3843,79,1
3844,138,1
3845,58,0
3846,63,1
3847,155,1
3848,36,0
3849,45,1
3850,93,0
3851,39,1
3852,25,1
3853,72,1
3854,39,0
3855,55,1
3856,47,1
3857,52,0
3858,49,0
3859,69,1
3860,28,1
3861,112,0
3862,50,1
3863,82,1
3864,80,1
3865,69,1
3866,53,0
3867,88,0
3868,58,0
3869,39,0
3870,150,0
3871,57,1
3872,98,1
3873,55,1
3874,51,0
3875,49,0
3876,89,0
3877,49,0
3878,34,1
3879,21,0
3880,52,1
3881,41,1
3882,100,0
3883,38,1
3884,29,0
3885,127,0
3886,36,1
3887,74,1
3888,78,1
3889,46,1
3890,63,1
3891,84,0
3892,93,1
3893,92,1
3894,48,1
3895,59,1
3896,74,1
3897,25,1
3898,79,0
3899,39,1
3900,24,0
3901,67,0
3902,181,1
3903,35,1
3904,79,1
3905,38,1
3906,90,1
3907,99,1
3908,54,1
3909,87,1
3910,41,0
3911,39,1
3912,31,1
3913,27,1
3914,59,0
3915,18,0
3916,46,1
3917,69,0
3918,38,1
3919,53,1
3920,53,1
3921,61,0
3922,97,1
3923,55,0
3924,92,0
3925,66,0
3926,69,0
3927,69,0
3928,174,1
3929,71,1
3930,52,1
3931,52,0
3932,153,0
3933,40,0
3934,50,1
3935,155,1
3936,91,1
3937,75,1
3938,64,1
3939,35,1
3940,84,1
3941,90,1
3942,35,0
3943,57,0
3944,19,1
3945,43,0
3946,15,0
3947,33,1
3948,38,1
3949,23,0
3950,69,1
3951,200,0
3952,48,1
3953,54,0
3954,113,0
3955,68,1
3956,49,1
3957,79,0
3958,62,1
3959,68,1
3960,70,0
3961,54,1
3962,75,0
3963,31,0
3964,19,0
3965,92,1
3966,48,0
3967,26,0
3968,54,0
3969,28,1
3970,25,0
3971,44,1
3972,138,0
3973,81,0
3974,61,0
3975,37,0
3976,55,1
3977,19,0
3978,68,1
3979,37,0
3980,49,1
3981,73,1
3982,44,1
3983,48,1
3984,99,0
3985,48,1
3986,96,1
3987,37,0
3988,119,0
3989,55,1
3990,48,1
3991,80,0
3992,55,0
3993,43,1
3994,62,1
3995,41,1
3996,52,0
3997,42,1
3998,67,0
3999,49,0
4000,59,0
4001,33,0
4002,20,0
4003,96,1
4004,29,0
4005,34,1
4006,65,0
4007,34,1
4008,32,0
4009,51,1
4010,45,1
4011,68,0
4012,54,1
4013,40,1
4014,108,1
4015,74,1
4016,73,0
4017,61,0
4018,51,1
4019,53,0
4020,50,1
4021,63,1
4022,121,0
4023,97,1
4024,90,1
4025,47,1
4026,22,0
4027,81,1
4028,41,1
4029,65,0
4030,49,1
4031,190,0
4032,29,0
4033,26,1
4034,66,1
4035,22,1
4036,55,1
4037,66,1
4038,113,1
4039,64,0
4040,46,0
4041,64,1
4042,158,1
4043,27,1
4044,118,0
4045,59,1
4046,97,1
4047,35,0
4048,77,1
4049,60,1
4050,153,1
4051,52,0
4052,69,1
4053,27,0
4054,57,0
4055,57,0
4056,175,0
4057,30,0
4058,46,0
4059,126,1
4060,28,1
4061,118,1
4062,44,0
4063,44,0
4064,39,0
4065,105,0
4066,28,0
4067,35,0
4068,50,1
4069,113,0
4070,71,1
4071,34,1
4072,56,1
4073,34,0
4074,48,0
4075,152,0
4076,39,0
4077,155,0
4078,39,1
4079,92,0
4080,62,1
4081,56,1
4082,75,1
4083,116,0
4084,27,0
4085,21,0
4086,94,0
4087,35,0
4088,83,1
4089,42,0
4090,61,1
4091,91,0
4092,69,1
4093,40,0
4094,59,0
4095,113,1
4096,39,1
4097,49,0
4098,61,0
4099,60,1
4100,45,1
4101,126,1
4102,53,0
4103,70,1
4104,48,0
4105,59,1
4106,44,1
4107,29,1
4108,27,0
4109,79,0
4110,58,1
4111,68,0
4112,56,1
4113,97,1
4114,109,1
4115,113,0
4116,56,0
4117,63,1
4118,68,0
4119,95,0
4120,68,0
4121,67,1
4122,46,0
4123,52,1
4124,62,0
4125,63,1
4126,34,1
4127,37,1
4128,60,1
4129,21,1
4130,60,1
4131,21,1
4132,90,0
4133,119,1
4134,88,0
4135,158,1
4136,153,1
4137,70,0
4138,32,1
4139,41,1
4140,15,0
4141,53,1
4142,29,0
4143,27,0
4144,146,0
4145,92,0
4146,28,1
4147,44,1
4148,75,0
4149,67,1
4150,40,0
4151,32,0
4152,129,1
4153,57,1
4154,87,1
4155,36,1
4156,70,0
4157,30,1
4158,60,1
4159,85,0
4160,89,1
4161,94,1
4162,56,0
4163,132,1
4164,87,1
4165,19,0
4166,45,0
4167,26,1
4168,49,0
4169,32,1
4170,66,0
4171,135,0
4172,49,0
4173,150,1
4174,32,0
4175,90,0
4176,36,1
4177,57,1
4178,66,1
4179,47,1
4180,93,0
4181,88,1
4182,53,1
4183,13,0
4184,132,0
4185,34,1
4186,133,1
4187,64,1
4188,174,0
4189,79,1
4190,90,0
4191,106,0
4192,67,1
4193,81,0
4194,44,0
4195,91,0
4196,57,0
4197,107,1
4198,33,1
4199,75,1
4200,31,1
4201,88,0
4202,90,0
4203,43,0
4204,40,1
4205,48,0
4206,58,1
4207,100,0
4208,32,0
4209,92,0
4210,33,0
4211,50,0
4212,28,1
4213,122,0
4214,73,1
4215,37,1
4216,44,0
4217,114,1
4218,40,1
4219,49,1
4220,45,0
4221,95,1
4222,122,1
4223,56,0
4224,51,0
4225,41,0
4226,21,0
4227,32,1
4228,34,0
4229,51,1
4230,57,1
4231,32,0
4232,106,1
4233,93,1
4234,36,0
4235,47,0
4236,55,1
4237,34,1
4238,71,1
4239,109,1
4240,35,1
4241,64,1
4242,39,1
4243,39,1
4244,88,0
4245,43,0
4246,70,1
4247,54,0
4248,98,0
4249,36,1
4250,102,1
4251,102,0
4252,50,1
4253,43,0
4254,74,1
4255,57,0
4256,51,1
4257,54,1
4258,44,0
4259,96,1
4260,83,0
4261,62,1
4262,148,0
4263,126,1
4264,33,0
4265,38,0
4266,91,1
4267,31,0
4268,26,1
4269,54,0
4270,41,1
4271,115,1
4272,54,1
4273,103,1
4274,113,1
4275,137,1
4276,53,1
4277,22,0
4278,126,0
4279,91,0
4280,58,1
4281,75,1
4282,54,1
4283,92,1
4284,45,1
4285,46,1
4286,57,1
4287,58,0
4288,91,1
4289,97,0
4290,103,1
4291,87,0
4292,59,0
4293,152,1
4294,30,1
4295,31,0
4296,114,1
4297,64,1
4298,39,1
4299,72,0
4300,76,0
4301,32,1
4302,59,1
4303,107,0
4304,98,1
4305,25,1
4306,76,1
4307,51,0
4308,62,1
4309,58,1
4310,20,0
4311,45,1
4312,108,0
4313,127,0
4314,61,1
4315,46,0
4316,83,0
4317,64,1
4318,42,1
4319,102,1
4320,19,0
4321,14,0
4322,60,1
4323,63,1
4324,49,1
4325,131,1
4326,65,1
4327,44,0
4328,66,1
4329,53,1
4330,60,0
4331,38,1
4332,42,0
4333,56,1
4334,59,1
4335,58,0
4336,65,1
4337,47,0
4338,58,1
4339,46,0
4340,28,0
4341,81,1
4342,57,1
4343,41,1
4344,47,0
4345,55,1
4346,67,0
4347,92,0
4348,63,0
4349,31,1
4350,63,1
4351,44,1
4352,60,1
4353,85,1
4354,174,0
4355,37,0
4356,19,1
4357,140,1
4358,100,0
4359,118,1
4360,113,1
4361,33,1
4362,65,1
4363,68,1
4364,55,1
4365,49,0
4366,27,0
4367,31,0
4368,158,0
4369,41,1
4370,46,0
4371,38,0
4372,77,0
4373,50,1
4374,60,0
4375,56,0
4376,48,1
4377,52,1
4378,56,0
4379,63,1
4380,124,1
4381,106,0
4382,39,1
4383,51,0
4384,31,1
4385,65,1
4386,55,1
4387,46,0
4388,22,0
4389,105,1
4390,49,0
4391,23,0
4392,68,1
4393,129,0
4394,35,0
4395,36,0
4396,42,1
4397,92,0
4398,88,0
4399,99,0
4400,54,1
4401,35,1
4402,43,0
4403,67,1
4404,50,1
4405,38,0
4406,39,1
4407,51,1
4408,84,0
4409,43,1
4410,43,0
4411,99,1
4412,124,0
4413,41,1
4414,56,1
4415,44,1
4416,74,1
4417,68,0
4418,83,1
4419,54,0
4420,28,1
4421,85,1
4422,111,1
4423,55,1
4424,85,0
4425,45,1
4426,45,1
4427,85,0
4428,125,0
4429,58,1
4430,80,0
4431,99,0
4432,53,0
4433,45,1
4434,45,1
4435,49,0
4436,71,0
4437,117,0
4438,159,0
4439,95,0
4440,61,0
4441,36,0
4442,37,1
4443,58,1
4444,34,0
4445,27,1
4446,42,1
4447,92,0
4448,53,0
4449,70,1
4450,60,0
4451,83,1
4452,53,1
4453,24,1
4454,40,1
4455,76,1
4456,36,0
4457,27,1
4458,40,1
4459,14,0
4460,63,1
4461,38,0
4462,39,1
4463,90,1
4464,93,0
4465,52,0
4466,62,1
4467,84,1
4468,99,0
4469,71,1
4470,62,1
4471,52,1
4472,32,1
4473,86,1
4474,94,1
4475,117,1
4476,91,1
4477,72,0
4478,39,0
4479,25,0
4480,92,1
4481,79,1
4482,70,0
4483,36,0
4484,41,0
4485,58,0
4486,42,1
4487,90,1
4488,41,0
4489,62,1
4490,58,1
4491,39,1
4492,100,0
4493,57,1
4494,43,1
4495,178,1
4496,37,1
4497,49,1
4498,82,0
4499,97,0
4500,48,0
4501,39,0
4502,33,1
4503,63,0
4504,111,1
4505,80,0
4506,83,0
4507,57,0
4508,47,1
4509,102,1
4510,37,1
4511,90,1
4512,53,1
4513,57,0
4514,87,0
4515,166,1
4516,46,0
4517,49,1
4518,97,1
4519,48,1
4520,60,0
4521,75,0
4522,56,0
4523,80,0
4524,138,0
4525,44,1
4526,71,1
4527,41,1
4528,43,0
4529,99,1
4530,135,0
4531,64,1
4532,83,1
4533,103,0
4534,14,0
4535,96,1
4536,65,1
4537,41,1
4538,112,0
4539,59,1
4540,83,0
4541,85,1
4542,132,0
4543,70,0
4544,25,0
4545,52,1
4546,24,0
4547,87,1
4548,82,0
4549,37,1
4550,40,0
4551,147,1
4552,60,1
4553,62,1
4554,73,1
4555,53,1
4556,59,1
4557,61,1
4558,38,1
4559,77,1
4560,40,0
4561,62,0
4562,56,0
4563,117,0
4564,66,1
4565,19,0
4566,67,1
4567,55,0
4568,21,1
4569,93,1
4570,42,0
4571,48,1
4572,68,1
4573,41,1
4574,112,0
4575,30,1
4576,29,1
4577,46,0
4578,51,0
4579,64,0
4580,106,1
4581,59,0
4582,116,1
4583,47,1
4584,93,1
4585,26,1
4586,88,1
4587,35,1
4588,73,0
4589,50,1
4590,56,1
4591,34,0
4592,59,1
4593,65,0
4594,93,1
4595,188,1
4596,65,1
4597,98,0
4598,59,1
4599,123,1
4600,42,1
4601,49,0
4602,54,1
4603,36,0
4604,41,1
4605,39,1
4606,71,1
4607,63,1
4608,78,0
4609,91,1
4610,52,1
4611,131,1
4612,47,0
4613,47,1
4614,25,1
4615,41,0
4616,45,0
4617,41,1
4618,40,1
4619,41,0
4620,80,0
4621,64,0
4622,80,0
4623,73,0
4624,94,1
4625,43,1
4626,51,1
4627,72,0
4628,37,1
4629,104,1
4630,57,0
4631,64,1
4632,62,1
4633,34,1
4634,33,1
4635,54,0
4636,104,0
4637,59,0
4638,89,0
4639,47,1
4640,46,1
4641,78,0
4642,35,0
4643,32,1
4644,43,1
4645,162,0
4646,17,1
4647,35,0
4648,18,0
4649,28,0
4650,105,0
4651,29,0
4652,110,1
4653,51,1
4654,56,1
4655,80,1
4656,41,1
4657,79,1
4658,191,1
4659,83,0
4660,62,1
4661,40,1
4662,64,1
4663,51,1
4664,51,1
4665,68,1
4666,73,0
4667,77,1
4668,36,1
4669,65,0
4670,73,0
4671,27,1
4672,52,1
4673,64,0
4674,88,0
4675,29,1
4676,99,1
4677,65,1
4678,59,0
4679,68,0
4680,34,1
4681,105,0
4682,49,1
4683,43,0
4684,38,1
4685,42,1
4686,132,1
4687,150,1
4688,150,1
4689,64,0
4690,38,1
4691,105,0
4692,33,1
4693,67,0
4694,53,0
4695,40,1
4696,36,1
4697,86,1
4698,40,0
4699,39,1
4700,40,0
4701,44,1
4702,50,1
4703,74,1
4704,53,1
4705,49,1
4706,40,1
4707,38,1
4708,65,1
4709,45,1
4710,36,0
4711,65,0
4712,33,1
4713,105,1
4714,70,1
4715,48,0
4716,55,0
4717,54,1
4718,30,0
4719,55,1
4720,90,1
4721,49,0
4722,29,1
4723,96,0
4724,89,0
4725,100,1
4726,67,1
4727,59,0
4728,37,0
4729,60,0
4730,24,0
4731,39,1
4732,89,1
4733,60,0
4734,73,1
4735,100,1
4736,139,0
4737,50,1
4738,39,0
4739,37,0
4740,37,0
4741,32,1
4742,53,0
4743,27,0
4744,40,1
4745,48,1
4746,47,1
4747,55,1
4748,72,0
4749,24,0
4750,87,1
4751,54,1
4752,52,1
4753,41,1
4754,69,1
4755,55,1
4756,40,1
4757,62,0
4758,77,1
4759,78,0
4760,26,1
4761,77,0
4762,101,1
4763,131,0
4764,39,1
4765,40,1
4766,40,1
4767,20,0
4768,33,0
4769,26,0
4770,40,0
4771,20,1
4772,49,0
4773,43,0
4774,25,0
4775,66,1
4776,46,1
4777,72,0
4778,39,1
4779,95,1
4780,51,0
4781,56,0
4782,56,1
4783,66,1
4784,93,0
4785,67,0
4786,54,0
4787,48,1
4788,38,1
4789,38,0
4790,33,0
4791,67,0
4792,60,0
4793,31,0
4794,67,1
4795,79,1
4796,55,0
4797,76,1
4798,186,0
4799,55,1
4800,37,1
4801,32,1
4802,111,1
4803,80,1
4804,75,1
4805,63,1
4806,62,1
4807,92,1
4808,56,0
4809,15,0
4810,97,0
4811,84,0
4812,62,1
4813,64,1
4814,38,1
4815,47,0
4816,52,1
4817,30,0
4818,72,1
4819,125,1
4820,46,1
4821,63,0
4822,63,0
4823,36,0
4824,40,1
4825,34,0
4826,28,0
4827,49,0
4828,89,1
4829,52,0
4830,60,1
4831,37,0
4832,67,1
4833,57,1
4834,42,0
4835,58,1
4836,56,1
4837,24,1
4838,129,0
4839,48,1
4840,92,1
4841,42,0
4842,42,0
4843,58,1
4844,59,0
4845,99,1
4846,42,1
4847,70,1
4848,53,0
4849,55,0
4850,127,0
4851,92,0
4852,70,1
4853,115,0
4854,32,1
4855,32,1
4856,63,1
4857,70,0
4858,65,0
4859,73,1
4860,46,0
4861,34,1
4862,46,1
4863,31,0
4864,50,1
4865,151,1
4866,47,1
4867,40,1
4868,32,0
4869,51,1
4870,63,0
4871,60,1
4872,38,0
4873,41,0
4874,47,0
4875,101,1
4876,97,1
4877,65,0
4878,41,1
4879,72,1
4880,80,0
4881,50,0
4882,59,1
4883,30,1
4884,48,1
4885,38,1
4886,100,1
4887,87,1
4888,110,0
4889,83,1
4890,121,1
4891,53,1
4892,43,1
4893,55,0
4894,69,1
4895,40,1
4896,82,0
4897,200,0
4898,55,1
4899,132,1
4900,140,0
4901,89,1
4902,122,1
4903,88,1
4904,32,1
4905,48,0
4906,98,1
4907,17,0
4908,37,1
4909,61,1
4910,43,1
4911,53,0
4912,57,0
4913,64,0
4914,53,1
4915,44,1
4916,78,0
4917,69,1
4918,54,1
4919,105,0
4920,52,0
4921,58,0
4922,48,0
4923,87,1
4924,70,1
4925,31,1
4926,77,1
4927,39,0
4928,41,1
4929,52,1
4930,29,1
4931,160,0
4932,60,1
4933,47,1
4934,22,0
4935,91,0
4936,52,1
4937,55,1
4938,33,0
4939,45,0
4940,92,1
4941,79,0
4942,80,0
4943,23,1
4944,69,1
4945,47,0
4946,123,0
4947,53,0
4948,63,1
4949,78,1
4950,75,0
4951,74,0
4952,53,0
4953,71,0
4954,32,1
4955,37,1
4956,37,0
4957,34,1
4958,34,0
4959,94,1
4960,39,0
4961,62,0
4962,92,0
4963,57,1
4964,59,1
4965,45,0
4966,40,1
4967,63,0
4968,42,1
4969,43,1
4970,80,0
4971,115,1
4972,34,0
4973,46,1
4974,106,0
4975,75,0
4976,54,0
4977,71,0
4978,27,0
4979,49,1
4980,81,1
4981,54,1
4982,46,0
4983,27,0
4984,27,0
4985,92,0
4986,44,0
4987,46,0
4988,18,1
4989,65,1
4990,30,1
4991,42,0
4992,49,1
4993,24,1
4994,43,0
4995,113,0
4996,61,1
4997,54,1
4998,33,1
4999,110,0
5000,88,0
5001,75,1
5002,32,1
5003,64,1
5004,48,1
5005,76,1
5006,45,0
5007,61,1
5008,37,1
5009,88,0
5010,100,0
5011,101,1
5012,75,0
5013,69,0
5014,142,1
5015,57,0
5016,25,1
5017,37,0
5018,26,0
5019,51,1
5020,28,0
5021,22,0
5022,58,0
5023,76,1
5024,63,1
5025,68,0
5026,51,1
5027,85,1
5028,30,1
5029,47,0
5030,71,1
5031,66,1
5032,42,1
5033,40,1
5034,54,1
5035,17,0
5036,100,0
5037,36,1
5038,39,0
5039,55,1
5040,50,0
5041,94,1
5042,50,1
5043,63,0
5044,70,1
5045,38,0
5046,58,1
5047,99,0
5048,36,1
5049,68,0
5050,50,1
5051,44,1
5052,39,1
5053,76,1
5054,63,0
5055,40,1
5056,198,1
5057,53,1
5058,57,1
5059,76,1
5060,108,1
5061,101,1
5062,65,1
5063,149,0
5064,41,1
5065,75,1
5066,61,0
5067,101,1
5068,50,0
5069,11,0
5070,91,0
5071,55,1
5072,27,0
5073,81,1
5074,68,0
5075,141,1
5076,58,1
5077,51,1
5078,27,1
5079,35,0
5080,115,0
5081,61,0
5082,49,1
5083,46,1
5084,25,0
5085,86,0
5086,64,1
5087,72,0
5088,53,0
5089,93,0
5090,75,1
5091,56,1
5092,67,0
5093,45,1
5094,56,1
5095,87,1
5096,72,0
5097,94,1
5098,66,0
5099,64,0
5100,75,0
5101,41,0
5102,34,1
5103,92,0
5104,63,1
5105,82,1
5106,38,0
5107,35,0
5108,124,0
5109,50,0
5110,51,1
5111,39,1
5112,49,0
5113,115,1
5114,38,0
5115,98,1
5116,200,0
5117,44,1
5118,59,0
5119,44,1
5120,100,1
5121,70,0
5122,36,0
5123,73,0
5124,39,0
5125,46,0
5126,35,1
5127,63,1
5128,45,0
5129,67,1
5130,89,0
5131,33,0
5132,44,1
5133,60,1
5134,53,0
5135,55,0
5136,112,1
5137,124,1
5138,45,1
5139,56,1
5140,97,1
5141,54,0
5142,92,1
5143,97,1
5144,15,0
5145,40,0
5146,31,0
5147,200,0
5148,86,0
5149,42,1
5150,71,1
5151,36,1
5152,37,0
5153,75,1
5154,80,0
5155,44,1
5156,56,0
5157,79,1
5158,53,0
5159,90,1
5160,76,1
5161,30,1
5162,107,1
5163,88,1
5164,85,0
5165,44,1
5166,34,0
5167,99,0
5168,92,0
5169,55,0
5170,50,1
5171,47,1
5172,38,1
5173,81,0
5174,59,1
5175,53,0
5176,88,0
5177,125,1
5178,69,1
5179,30,0
5180,126,0
5181,37,0
5182,24,0
5183,39,1
5184,49,0
5185,105,1
5186,76,1
5187,121,0
5188,48,0
5189,57,0
5190,29,1
5191,114,1
5192,51,1
5193,33,1
5194,77,1
5195,81,1
5196,65,1
5197,88,0
5198,23,0
5199,145,1
5200,46,0
5201,25,1
5202,36,1
5203,55,1
5204,95,0
5205,66,0
5206,63,1
5207,24,1
5208,51,1
5209,37,0
5210,137,1
5211,146,1
5212,52,0
5213,200,0
5214,59,0
5215,59,0
5216,57,1
5217,31,0
5218,13,0
5219,66,1
5220,52,0
5221,32,1
5222,116,0
5223,67,1
5224,125,0
5225,92,0
5226,36,0
5227,36,0
5228,171,1
5229,34,1
5230,52,1
5231,58,1
5232,79,1
5233,142,1
5234,54,1
5235,63,1
5236,63,1
5237,95,1
5238,146,1
5239,156,1
5240,51,0
5241,46,0
5242,44,1
5243,59,1
5244,32,1
5245,71,1
5246,103,1
5247,31,0
5248,50,1
5249,62,1
5250,39,0
5251,39,1
5252,75,0
5253,96,0
5254,142,0
5255,16,0
5256,104,0
5257,94,0
5258,111,1
5259,48,1
5260,70,1
5261,73,1
5262,42,1
5263,82,1
5264,43,1
5265,49,0
5266,47,1
5267,47,1
5268,53,1
5269,43,1
5270,49,1
5271,72,1
5272,120,1
5273,53,0
5274,84,0
5275,48,1
5276,34,0
5277,48,1
5278,57,0
5279,74,1
5280,58,1
5281,18,0
5282,74,1
5283,34,1
5284,80,0
5285,28,1
5286,50,0
5287,69,1
5288,56,0
5289,43,1
5290,40,1
5291,32,0
5292,41,1
5293,67,0
5294,77,1
5295,29,0
5296,81,0
5297,27,0
5298,113,0
5299,106,0
5300,57,1
5301,16,0
5302,117,1
5303,64,0
5304,51,0
5305,66,1
5306,36,0
5307,96,0
5308,52,0
5309,26,0
5310,111,0
5311,51,0
5312,89,0
5313,54,0
5314,61,1
5315,76,1
5316,200,0
5317,38,1
5318,53,1
5319,55,0
5320,149,0
5321,39,0
5322,53,1
5323,153,0
5324,53,0
5325,90,1
5326,45,1
5327,60,1
5328,39,1
5329,88,0
5330,50,1
5331,121,1
5332,20,0
5333,76,0
5334,90,0
5335,42,0
5336,81,1
5337,51,0
5338,16,0
5339,54,0
5340,38,0
5341,32,0
5342,63,1
5343,147,1
5344,24,0
5345,79,0
5346,65,1
5347,75,1
5348,46,0
5349,88,1
5350,54,0
5351,62,0
5352,57,1
5353,78,0
5354,46,1
5355,147,0
5356,147,1
5357,53,1
5358,197,1
5359,200,0
5360,52,1
5361,60,0
5362,35,0
5363,89,1
5364,69,1
5365,61,0
5366,50,1
5367,46,1
5368,146,1
5369,59,0
5370,25,0
5371,93,0
5372,27,1
5373,38,0
5374,104,0
5375,50,0
5376,61,1
5377,99,0
5378,50,0
5379,104,1
5380,141,0
5381,137,1
5382,112,1
5383,40,0
5384,137,1
5385,48,0
5386,25,1
5387,58,1
5388,93,1
5389,36,0
5390,44,1
5391,130,0
5392,92,0
5393,34,0
5394,79,1
5395,143,1
5396,55,1
5397,117,0
5398,91,0
5399,112,0
5400,46,1
5401,59,1
5402,69,1
5403,58,0
5404,141,0
5405,30,1
5406,78,1
5407,38,1
5408,100,1
5409,76,1
5410,30,1
5411,103,1
5412,30,0
5413,36,1
5414,200,0
5415,54,0
5416,57,1
5417,29,1
5418,106,1
5419,37,1
5420,51,0
5421,61,1
5422,43,1
5423,21,0
5424,53,0
5425,56,1
5426,119,0
5427,30,1
5428,88,1
5429,129,0
5430,151,0
5431,26,1
5432,50,1
5433,94,1
5434,69,0
5435,57,1
5436,132,1
5437,64,0
5438,78,0
5439,100,0
5440,27,1
5441,60,1
5442,36,0
5443,49,1
5444,24,0
5445,72,1
5446,86,0
5447,42,0
5448,53,1
5449,98,1
5450,38,0
5451,98,1
5452,20,0
5453,48,0
5454,55,1
5455,166,1
5456,95,1
5457,36,1
5458,47,0
5459,56,0
5460,87,1
5461,41,0
5462,67,1
5463,112,1
5464,52,1
5465,77,0
5466,31,0
5467,81,1
5468,54,1
5469,134,0
5470,30,0
5471,94,1
5472,42,1
5473,36,0
5474,99,0
5475,42,1
5476,79,0
5477,77,0
5478,61,1
5479,105,1
5480,81,1
5481,46,0
5482,169,1
5483,56,1
5484,82,1
5485,78,1
5486,55,1
5487,31,0
5488,72,0
5489,61,1
5490,98,0
5491,32,1
5492,135,0
5493,70,1
5494,109,1
5495,98,0
5496,101,1
5497,83,1
5498,20,0
5499,81,0
5500,51,1
5501,66,1
5502,53,0
5503,87,1
5504,67,1
5505,90,1
5506,36,0
5507,69,1
5508,138,1
5509,54,1
5510,66,0
5511,98,1
5512,43,1
5513,83,0
5514,65,0
5515,53,1
5516,62,1
5517,52,0
5518,76,1
5519,21,0
5520,69,0
5521,30,1
5522,54,1
5523,52,1
5524,96,1
5525,32,0
5526,60,1
5527,36,1
5528,11,0
5529,82,1
5530,79,1
5531,31,1
5532,41,1
5533,20,0
5534,33,1
5535,124,1
5536,100,0
5537,51,1
5538,65,0
5539,65,1
5540,78,1
5541,79,0
5542,51,0
5543,69,0
5544,31,1
5545,48,1
5546,71,1
5547,49,0
5548,33,0
5549,39,0
5550,87,1
5551,81,1
5552,67,0
5553,35,0
5554,82,1
5555,155,1
5556,29,1
5557,48,0
5558,94,0
5559,164,0
5560,39,0
5561,26,1
5562,62,0
5563,62,1
5564,151,1
5565,40,1
5566,42,1
5567,38,0
5568,60,1
5569,80,1
5570,54,0
5571,40,0
5572,95,1
5573,200,0
5574,54,0
5575,33,0
5576,31,1
5577,41,0
5578,28,0
5579,72,1
5580,115,0
5581,39,1
5582,49,0
5583,37,1
5584,41,0
5585,105,1
5586,31,0
5587,40,0
5588,102,1
5589,78,0
5590,129,1
5591,116,1
5592,53,0
5593,44,0
5594,33,0
5595,37,0
5596,125,1
5597,136,0
5598,58,0
5599,104,1
5600,74,0
5601,40,0
5602,36,0
5603,130,1
5604,79,1
5605,26,1
5606,49,1
5607,81,1
5608,49,0
5609,49,1
5610,52,1
5611,40,0
5612,82,1
5613,42,1
5614,51,1
5615,80,0
5616,34,1
5617,138,1
5618,88,0
5619,23,0
5620,76,1
5621,80,0
5622,64,1
5623,34,0
5624,31,1
5625,66,0
5626,61,1
5627,54,0
5628,29,0
5629,76,0
5630,51,1
5631,51,0
5632,108,0
5633,53,1
5634,75,0
5635,57,1
5636,51,1
5637,61,0
5638,49,0
5639,46,1
5640,46,1
5641,70,1
5642,57,1
5643,39,0
5644,40,1
5645,44,0
5646,82,1
5647,49,0
5648,18,1
5649,60,1
5650,30,0
5651,33,1
5652,136,0
5653,97,1
5654,36,1
5655,41,1
5656,79,1
5657,48,0
5658,151,1
5659,38,0
5660,14,0
5661,105,1
5662,40,1
5663,37,0
5664,67,0
5665,86,1
5666,90,1
5667,73,1
5668,40,0
5669,64,1
5670,58,1
5671,83,1
5672,103,0
5673,41,1
5674,89,1
5675,110,1
5676,60,1
5677,63,1
5678,89,0
5679,200,0
5680,39,0
5681,81,1
5682,36,1
5683,22,0
5684,41,0
5685,62,1
5686,92,1
5687,30,1
5688,83,1
5689,73,1
5690,21,1
5691,54,1
5692,36,1
5693,70,1
5694,134,0
5695,16,0
5696,71,1
5697,45,1
5698,54,0
5699,22,0
5700,138,1
5701,35,0
5702,75,1
5703,51,1
5704,42,1
5705,15,0
5706,37,0
5707,135,1
5708,85,1
5709,127,1
5710,49,0
5711,81,1
5712,54,0
5713,32,0
5714,40,0
5715,31,1
5716,20,0
5717,61,1
5718,83,1
5719,34,1
5720,99,1
5721,91,1
5722,43,0
5723,130,0
5724,71,0
5725,51,1
5726,26,0
5727,46,0
5728,74,1
5729,69,1
5730,100,1
5731,64,1
5732,48,0
5733,24,0
5734,59,1
5735,111,1
5736,61,0
5737,94,0
5738,42,1
5739,84,0
5740,177,1
5741,28,0
5742,60,0
5743,142,1
5744,51,1
5745,35,1
5746,157,1
5747,155,0
5748,51,1
5749,90,0
5750,144,0
5751,34,1
5752,79,0
5753,95,0
5754,35,1
5755,101,1
5756,47,1
5757,106,0
5758,37,0
5759,137,0
5760,25,0
5761,46,0
5762,65,1
5763,71,1
5764,26,0
5765,54,0
5766,41,0
5767,59,1
5768,74,0
5769,94,0
5770,57,1
5771,56,1
5772,22,0
5773,17,0
5774,63,1
5775,96,1
5776,58,1
5777,111,1
5778,45,1
5779,53,1
5780,32,0
5781,81,1
5782,12,0
5783,43,1
5784,26,1
5785,37,0
5786,36,1
5787,15,0
5788,38,1
5789,89,1
5790,72,1
5791,35,0
5792,88,1
5793,36,1
5794,200,0
5795,61,1
5796,76,1
5797,55,0
5798,87,0
5799,111,1
5800,38,1
5801,111,0
5802,114,0
5803,29,1
5804,56,1
5805,58,1
5806,41,1
5807,63,1
5808,28,1
5809,50,0
5810,53,0
5811,62,1
5812,31,1
5813,45,1
5814,102,1
5815,22,0
5816,26,0
5817,37,0
5818,57,1
5819,122,0
5820,102,1
5821,61,0
5822,60,1
5823,40,1
5824,84,0
5825,150,1
5826,31,0
5827,97,1
5828,80,1
5829,24,0
5830,70,1
5831,58,0
5832,42,1
5833,32,1
5834,42,0
5835,40,0
5836,65,1
5837,52,0
5838,59,0
5839,56,0
5840,98,0
5841,49,0
5842,114,1
5843,40,0
5844,69,1
5845,62,1
5846,50,1
5847,90,1
5848,42,1
5849,50,1
5850,37,0
5851,55,1
5852,27,0
5853,75,0
5854,62,1
5855,59,0
5856,54,1
5857,160,1
5858,50,0
5859,54,1
5860,29,1
5861,57,1
5862,35,1
5863,20,0
5864,180,1
5865,52,1
5866,100,1
5867,36,1
5868,108,0
5869,34,1
5870,34,1
5871,36,1
5872,61,1
5873,79,0
5874,102,0
5875,127,1
5876,67,1
5877,49,1
5878,66,0
5879,60,0
5880,200,0
5881,38,0
5882,88,0
5883,33,1
5884,95,1
5885,136,1
5886,28,1
5887,37,0
5888,79,0
5889,55,1
5890,80,1
5891,32,0
5892,176,1
5893,50,1
5894,200,0
5895,93,0
5896,91,1
5897,39,0
5898,61,1
5899,104,1
5900,70,0
5901,53,0
5902,37,0
5903,73,0
5904,43,1
5905,61,1
5906,200,0
5907,123,1
5908,56,1
5909,127,1
5910,61,0
5911,47,0
5912,110,0
5913,109,1
5914,91,1
5915,74,1
5916,34,0
5917,83,1
5918,62,1
5919,39,1
5920,29,1
5921,36,1
5922,50,1
5923,26,0
5924,31,1
5925,53,1
5926,104,1
5927,29,0
5928,178,0
5929,127,0
5930,24,0
5931,41,1
5932,45,0
5933,68,1
5934,43,1
5935,21,1
5936,113,0
5937,26,0
5938,53,0
5939,93,1
5940,48,1
5941,36,0
5942,71,0
5943,97,1
5944,19,0
5945,68,1
5946,70,0
5947,94,1
5948,43,0
5949,114,1
5950,43,1
5951,62,1
5952,47,1
5953,26,1
5954,49,1
5955,62,1
5956,31,1
5957,67,0
5958,118,1
5959,38,1
5960,64,1
5961,56,1
5962,62,1
5963,32,0
5964,35,0
5965,59,0
5966,30,0
5967,93,1
5968,81,1
5969,82,1
5970,51,1
5971,34,0
5972,86,1
5973,57,1
5974,63,0
5975,174,1
5976,93,0
5977,37,1
5978,34,0
5979,40,1
5980,45,1
5981,49,1
5982,130,0
5983,96,0
5984,65,1
5985,39,0
5986,62,1
5987,40,0
5988,30,0
5989,45,1
5990,57,0
5991,78,1
5992,151,0
5993,77,0
5994,38,0
5995,46,1
5996,160,0
5997,82,1
5998,12,0
5999,39,0
6000,58,0
6001,90,1
6002,46,1
6003,50,0
6004,53,0
6005,46,1
6006,45,1
6007,33,1
6008,62,1
6009,33,0
6010,94,0
6011,46,1
6012,49,1
6013,44,0
6014,124,1
6015,145,0
6016,46,1
6017,64,1
6018,54,1
6019,51,1
6020,34,1
6021,36,1
6022,92,1
6023,69,0
6024,57,1
6025,32,1
6026,31,1
6027,99,1
6028,100,0
6029,32,0
6030,56,1
6031,28,1
6032,54,0
6033,49,0
6034,52,0
6035,97,0
6036,23,0
6037,56,1
6038,51,1
6039,42,1
6040,31,0
6041,53,1
6042,35,1
6043,82,1
6044,37,1
6045,27,0
6046,77,1
6047,98,1
6048,54,1
6049,66,0
6050,93,1
6051,65,1
6052,98,1
6053,28,0
6054,59,0
6055,62,1
6056,71,1
6057,98,1
6058,57,1
6059,79,1
6060,28,1
6061,77,1
6062,38,0
6063,171,0
6064,27,1
6065,103,0
6066,53,1
6067,43,0
6068,58,1
6069,52,1
6070,109,0
6071,76,1
6072,138,1
6073,54,1
6074,37,1
6075,71,1
6076,103,0
6077,15,0
6078,54,1
6079,125,0
6080,144,0
6081,61,0
6082,118,1
6083,69,1
6084,23,1
6085,54,0
6086,167,1
6087,61,0
6088,61,1
6089,45,1
6090,70,0
6091,85,0
6092,115,1
6093,98,0
6094,33,1
6095,18,0
6096,46,1
6097,94,0
6098,94,1
6099,48,1
6100,89,0
6101,83,0
6102,54,1
6103,28,0
6104,62,0
6105,76,0
6106,74,0
6107,57,0
6108,71,1
6109,83,1
6110,34,1
6111,56,0
6112,57,0
6113,64,1
6114,41,1
6115,38,0
6116,84,0
6117,65,1
6118,153,0
6119,63,0
6120,92,0
6121,80,1
6122,49,1
6123,132,0
6124,89,1
6125,50,0
6126,56,0
6127,95,0
6128,60,0
6129,200,0
6130,200,0
6131,38,1
6132,95,0
6133,40,1
6134,50,1
6135,80,1
6136,46,1
6137,50,1
6138,200,0
6139,67,0
6140,38,0
6141,61,1
6142,32,1
6143,104,1
6144,34,1
6145,108,1
6146,71,1
6147,65,1
6148,70,1
6149,49,1
6150,35,0
6151,38,0
6152,136,1
6153,74,1
6154,65,0
6155,128,0
6156,77,0
6157,108,1
6158,36,1
6159,39,1
6160,47,1
6161,32,1
6162,64,0
6163,118,1
6164,50,0
6165,83,1
6166,52,1
6167,53,0
6168,62,1
6169,34,1
6170,68,1
6171,49,1
6172,45,0
6173,99,0
6174,171,1
6175,62,1
6176,41,0
6177,43,0
6178,48,1
6179,68,1
6180,33,0
6181,109,1
6182,52,1
6183,53,1
6184,80,1
6185,50,0
6186,21,0
6187,56,0
6188,97,1
6189,43,1
6190,37,1
6191,56,1
6192,68,0
6193,129,1
6194,51,1
6195,59,1
6196,39,0
6197,71,1
6198,44,1
6199,62,0
6200,88,0
6201,65,0
6202,57,0
6203,82,1
6204,72,1
6205,99,0
6206,49,1
6207,34,0
6208,93,1
6209,85,1
6210,59,1
6211,124,0
6212,50,1
6213,38,1
6214,43,0
6215,51,0
6216,48,0
6217,101,0
6218,60,1
6219,56,1
6220,42,1
6221,62,1
6222,125,0
6223,117,1
6224,33,0
6225,139,0
6226,102,1
6227,69,1
6228,63,0
6229,34,0
6230,61,1
6231,97,1
6232,45,1
6233,41,0
6234,85,1
6235,70,0
6236,167,1
6237,69,1
6238,70,1
6239,72,0
6240,80,1
6241,99,1
6242,98,0
6243,86,1
6244,29,1
6245,40,1
6246,28,0
6247,119,1
6248,139,1
6249,142,0
6250,32,0
6251,51,1
6252,48,1
6253,127,1
6254,30,0
6255,50,1
6256,51,1
6257,31,1
6258,108,0
6259,54,1
6260,54,1
6261,72,0
6262,108,1
6263,89,0
6264,108,0
6265,41,0
6266,86,1
6267,91,1
6268,81,0
6269,73,1
6270,34,0
6271,70,1
6272,82,1
6273,128,1
6274,81,0
6275,20,0
6276,125,0
6277,48,1
6278,61,1
6279,32,1
6280,35,1
6281,112,1
6282,46,1
6283,62,1
6284,48,0
6285,65,1
6286,43,1
6287,25,1
6288,79,1
6289,78,0
6290,65,0
6291,69,1
6292,107,1
6293,90,1
6294,36,1
6295,15,0
6296,49,1
6297,82,0
6298,57,1
6299,43,1
6300,32,1
6301,45,0
6302,38,1
6303,71,1
6304,39,1
6305,49,1
6306,47,0
6307,24,1
6308,52,1
6309,29,1
6310,23,0
6311,139,1
6312,48,0
6313,58,1
6314,100,1
6315,129,1
6316,33,1
6317,86,1
6318,91,0
6319,85,1
6320,82,1
6321,42,0
6322,54,1
6323,36,0
6324,87,1
6325,41,0
6326,23,1
6327,54,1
6328,52,1
6329,58,1
6330,39,0
6331,109,0
6332,41,0
6333,53,1
6334,88,1
6335,86,0
6336,54,0
6337,96,0
6338,54,1
6339,53,0
6340,70,1
6341,55,0
6342,54,0
6343,132,1
6344,54,0
6345,77,0
6346,75,1
6347,49,1
6348,128,0
6349,15,0
6350,70,1
6351,78,0
6352,68,0
6353,37,1
6354,71,0
6355,79,1
6356,47,0
6357,55,1
6358,181,0
6359,120,1
6360,57,1
6361,135,1
6362,119,1
6363,34,1
6364,70,0
6365,44,0
6366,66,1
6367,85,1
6368,59,1
6369,156,0
6370,84,1
6371,62,1
6372,58,1
6373,40,1
6374,109,0
6375,76,1
6376,22,0
6377,54,0
6378,41,1
6379,84,1
6380,47,1
6381,19,0
6382,45,0
6383,200,0
6384,32,0
6385,38,1
6386,82,1
6387,36,1
6388,42,1
6389,36,1
6390,79,1
6391,30,1
6392,68,1
6393,54,1
6394,25,1
6395,108,0
6396,63,1
6397,38,1
6398,75,0
6399,56,1
6400,85,1
6401,29,1
6402,17,0
6403,101,0
6404,43,1
6405,72,1
6406,56,1
6407,51,0
6408,29,1
6409,26,1
6410,39,0
6411,43,0
6412,55,0
6413,79,0
6414,200,0
6415,29,1
6416,15,0
6417,70,0
6418,103,1
6419,56,1
6420,84,1
6421,99,0
6422,32,1
6423,61,0
6424,125,0
6425,127,0
6426,122,0
6427,49,0
6428,33,1
6429,34,1
6430,69,1
6431,39,0
6432,49,0
6433,36,0
6434,25,0
6435,126,0
6436,34,1
6437,50,1
6438,57,1
6439,61,0
6440,83,0
6441,69,1
6442,61,0
6443,42,1
6444,54,0
6445,37,1
6446,65,0
6447,55,1
6448,28,0
6449,53,1
6450,62,0
6451,77,0
6452,88,0
6453,97,1
6454,93,1
6455,51,0
6456,46,0
6457,52,1
6458,62,0
6459,72,1
6460,84,1
6461,134,0
6462,46,1
6463,55,1
6464,29,0
6465,43,1
6466,40,1
6467,93,0
6468,63,1
6469,65,0
6470,60,0
6471,61,1
6472,53,0
6473,38,0
6474,75,0
6475,51,1
6476,98,1
6477,82,1
6478,41,0
6479,55,1
6480,47,1
6481,18,0
6482,79,1
6483,62,0
6484,76,0
6485,51,1
6486,62,1
6487,60,1
6488,56,0
6489,71,1
6490,42,1
6491,34,0
6492,53,1
6493,78,1
6494,82,0
6495,120,1
6496,173,0
6497,72,1
6498,21,0
6499,67,0
6500,31,1
6501,64,0
6502,51,1
6503,47,1
6504,34,1
6505,37,0
6506,25,1
6507,49,0
6508,47,1
6509,54,1
6510,23,0
6511,114,1
6512,68,1
6513,38,1
6514,84,1
6515,57,0
6516,60,1
6517,68,1
6518,113,0
6519,66,1
6520,30,0
6521,116,0
6522,58,1
6523,123,0
6524,63,1
6525,61,1
6526,95,1
6527,66,0
6528,88,1
6529,50,1
6530,41,0
6531,39,0
6532,68,1
6533,77,0
6534,47,1
6535,43,1
6536,56,1
6537,62,1
6538,51,1
6539,117,0
6540,42,1
6541,78,1
6542,122,1
6543,86,1
6544,35,1
6545,71,1
6546,144,0
6547,41,0
6548,147,0
6549,80,1
6550,29,0
6551,17,0
6552,37,1
6553,69,1
6554,129,1
6555,49,1
6556,56,1
6557,74,0
6558,36,0
6559,200,0
6560,144,0
6561,77,1
6562,31,1
6563,101,1
6564,149,0
6565,57,1
6566,96,0
6567,85,0
6568,62,0
6569,62,0
6570,55,1
6571,151,0
6572,134,1
6573,153,0
6574,86,0
6575,167,1
6576,47,1
6577,54,1
6578,47,1
6579,45,1
6580,66,1
6581,55,0
6582,109,1
6583,53,0
6584,96,0
6585,49,1
6586,47,1
6587,117,1
6588,88,1
6589,29,1
6590,47,1
6591,18,0
6592,72,1
6593,46,1
6594,20,0
6595,143,1
6596,200,0
6597,62,0
6598,36,0
6599,79,1
6600,41,0
6601,37,0
6602,81,1
6603,69,1
6604,49,0
6605,134,0
6606,51,1
6607,48,1
6608,60,1
6609,90,0
6610,48,1
6611,91,0
6612,42,1
6613,68,1
6614,86,0
6615,38,0
6616,38,1
6617,57,0
6618,31,0
6619,79,1
6620,48,1
6621,80,0
6622,171,1
6623,39,0
6624,91,1
6625,96,1
6626,74,1
6627,82,1
6628,101,1
6629,63,0
6630,47,1
6631,33,0
6632,39,1
6633,42,0
6634,55,0
6635,17,0
6636,39,1
6637,151,1
6638,39,0
6639,40,0
6640,54,1
6641,32,1
6642,127,1
6643,76,1
6644,93,1
6645,64,0
6646,86,1
6647,41,1
6648,88,1
6649,39,1
6650,70,0
6651,34,0
6652,65,0
6653,96,1
6654,150,1
6655,48,1
6656,78,0
6657,59,1
6658,42,1
6659,78,1
6660,94,0
6661,81,0
6662,110,1
6663,49,1
6664,70,1
6665,65,0
6666,33,1
6667,81,1
6668,44,1
6669,47,1
6670,86,0
6671,28,0
6672,20,0
6673,50,1
6674,53,1
6675,154,0
6676,82,1
6677,66,0
6678,62,1
6679,48,0
6680,75,0
6681,20,0
6682,15,0
6683,68,0
6684,102,1
6685,51,0
6686,67,1
6687,35,0
6688,98,1
6689,25,1
6690,111,1
6691,102,1
6692,19,0
6693,63,1
6694,96,1
6695,57,1
6696,45,1
6697,54,0
6698,83,1
6699,44,1
6700,79,0
6701,52,1
6702,39,1
6703,49,1
6704,81,0
6705,42,1
6706,40,0
6707,31,0
6708,56,0
6709,34,0
6710,62,0
6711,38,1
6712,89,1
6713,26,1
6714,61,0
6715,41,1
6716,26,0
6717,56,0
6718,50,0
6719,32,1
6720,139,1
6721,44,1
6722,144,1
6723,69,0
6724,62,0
6725,31,1
6726,73,1
6727,35,0
6728,114,0
6729,68,1
6730,139,1
6731,107,1
6732,34,1
6733,46,1
6734,64,1
6735,71,1
6736,31,0
6737,12,0
6738,64,1
6739,126,0
6740,44,1
6741,53,1
6742,100,1
6743,67,1
6744,53,1
6745,35,1
6746,85,0
6747,33,0
6748,57,1
6749,54,0
6750,45,1
6751,71,1
6752,38,1
6753,69,1
6754,46,1
6755,39,1
6756,48,1
6757,71,0
6758,110,0
6759,51,0
6760,62,1
6761,29,0
6762,28,1
6763,152,1
6764,33,1
6765,66,1
6766,100,1
6767,93,0
6768,28,0
6769,37,1
6770,75,1
6771,55,1
6772,36,1
6773,57,1
6774,53,1
6775,74,1
6776,66,0
6777,17,1
6778,58,1
6779,59,1
6780,40,1
6781,75,0
6782,43,1
6783,17,0
6784,71,1
6785,127,1
6786,30,0
6787,35,1
6788,61,1
6789,77,1
6790,41,0
6791,135,1
6792,50,1
6793,86,1
6794,67,0
6795,72,1
6796,87,1
6797,104,0
6798,94,1
6799,129,1
6800,107,0
6801,34,1
6802,69,1
6803,53,0
6804,80,1
6805,76,0
6806,35,1
6807,99,1
6808,70,1
6809,63,1
6810,52,1
6811,52,0
6812,78,0
6813,18,0
6814,79,0
6815,42,0
6816,36,1
6817,67,1
6818,40,1
6819,48,1
6820,19,1
6821,47,0
6822,101,0
6823,46,0
6824,72,1
6825,122,1
6826,42,1
6827,33,1
6828,56,0
6829,46,1
6830,105,0
6831,42,0
6832,63,0
6833,98,1
6834,30,0
6835,31,1
6836,38,0
6837,14,0
6838,116,1
6839,47,1
6840,35,0
6841,156,1
6842,64,1
6843,51,1
6844,34,1
6845,102,1
6846,56,1
6847,54,1
6848,39,1
6849,71,0
6850,68,1
6851,49,0
6852,136,1
6853,181,0
6854,111,1
6855,23,0
6856,17,1
6857,124,0
6858,56,1
6859,42,1
6860,66,1
6861,37,0
6862,58,1
6863,90,0
6864,22,0
6865,104,1
6866,80,0
6867,100,0
6868,66,1
6869,81,1
6870,64,1
6871,38,1
6872,53,0
6873,45,1
6874,86,1
6875,97,0
6876,44,0
6877,72,0
6878,61,0
6879,56,1
6880,56,1
6881,105,0
6882,59,1
6883,25,1
6884,106,1
6885,71,1
6886,63,1
6887,40,1
6888,79,1
6889,83,0
6890,89,0
6891,47,1
6892,79,0
6893,151,1
6894,51,1
6895,61,1
6896,95,1
6897,40,0
6898,93,1
6899,39,0
6900,18,0
6901,49,1
6902,113,0
6903,50,1
6904,43,1
6905,68,0
6906,85,0
6907,61,0
6908,118,0
6909,17,0
6910,148,0
6911,67,0
6912,97,0
6913,58,1
6914,65,0
6915,85,1
6916,30,1
6917,40,1
6918,110,0
6919,38,1
6920,62,1
6921,62,1
6922,75,0
6923,78,1
6924,13,0
6925,56,0
6926,48,1
6927,64,1
6928,42,1
6929,28,1
6930,66,0
6931,66,0
6932,48,1
6933,51,1
6934,106,1
6935,88,1
6936,60,1
6937,59,1
6938,172,1
6939,39,0
6940,95,1
6941,47,1
6942,51,1
6943,66,1
6944,57,1
6945,56,1
6946,85,1
6947,65,0
6948,56,1
6949,25,1
6950,88,1
6951,117,1
6952,67,1
6953,67,1
6954,38,1
6955,123,1
6956,73,0
6957,59,0
6958,41,0
6959,29,1
6960,117,1
6961,52,0
6962,49,0
6963,200,0
6964,42,1
6965,42,1
6966,169,1
6967,106,1
6968,20,0
6969,46,0
6970,87,1
6971,118,1
6972,92,1
6973,75,1
6974,28,0
6975,38,1
6976,120,0
6977,40,1
6978,36,1
6979,29,1
6980,50,0
6981,36,1
6982,19,0
6983,36,0
6984,63,1
6985,71,0
6986,39,1
6987,36,1
6988,142,0
6989,135,1
6990,72,1
6991,139,1
6992,91,1
6993,147,1
6994,154,1
6995,12,0
6996,41,0
6997,63,1
6998,122,0
6999,52,0
7000,51,0
7001,51,1
7002,14,0
7003,86,1
7004,200,0
7005,42,0
7006,90,0
7007,115,0
7008,45,1
7009,69,0
7010,31,0
7011,60,1
7012,17,0
7013,57,1
7014,46,0
7015,51,1
7016,73,0
7017,66,1
7018,70,1
7019,48,1
7020,82,1
7021,118,1
7022,49,0
7023,62,0
7024,36,0
7025,53,1
7026,53,0
7027,101,1
7028,42,1
7029,199,1
7030,31,1
7031,55,0
7032,34,0
7033,105,1
7034,46,0
7035,16,0
7036,51,1
7037,19,0
7038,77,0
7039,29,1
7040,86,1
7041,33,0
7042,54,1
7043,113,0
7044,73,1
7045,135,1
7046,88,0
7047,37,1
7048,72,0
7049,51,0
7050,63,0
7051,49,0
7052,46,1
7053,80,1
7054,57,1
7055,42,1
7056,67,1
7057,82,1
7058,83,1
7059,56,1
7060,56,0
7061,127,1
7062,62,1
7063,57,1
7064,79,0
7065,159,0
7066,24,0
7067,55,1
7068,42,0
7069,105,0
7070,71,1
7071,41,1
7072,59,0
7073,55,0
7074,73,1
7075,33,0
7076,73,1
7077,62,0
7078,37,0
7079,36,0
7080,114,0
7081,75,1
7082,59,0
7083,75,1
7084,40,1
7085,37,1
7086,47,0
7087,98,0
7088,12,0
7089,39,1
7090,88,1
7091,41,1
7092,47,1
7093,64,0
7094,61,1
7095,32,0
7096,53,0
7097,45,1
7098,45,1
7099,43,0
7100,31,0
7101,39,1
7102,26,0
7103,56,1
7104,45,1
7105,88,1
7106,37,0
7107,48,1
7108,38,0
7109,64,0
7110,48,1
7111,200,0
7112,48,1
7113,58,0
7114,109,1
7115,84,0
7116,22,0
7117,90,1
7118,39,1
7119,54,1
7120,61,0
7121,38,0
7122,136,0
7123,92,1
7124,30,0
7125,68,0
7126,81,1
7127,89,1
7128,34,0
7129,122,0
7130,47,1
7131,48,1
7132,64,0
7133,47,0
7134,52,1
7135,47,1
7136,158,0
7137,78,1
7138,60,0
7139,22,1
7140,11,0
7141,70,1
7142,85,1
7143,83,0
7144,43,0
7145,31,0
7146,33,1
7147,73,1
7148,64,0
7149,72,0
7150,49,1
7151,48,1
7152,86,0
7153,72,0
7154,55,0
7155,57,1
7156,79,1
7157,54,1
7158,44,1
7159,39,0
7160,72,1
7161,75,1
7162,61,1
7163,51,1
7164,88,0
7165,75,0
7166,94,0
7167,64,1
7168,58,0
7169,78,0
7170,77,1
7171,23,1
7172,54,0
7173,45,0
7174,152,1
7175,25,0
7176,42,1
7177,49,0
7178,71,1
7179,27,1
7180,45,0
7181,80,0
7182,177,0
7183,35,0
7184,57,0
7185,52,0
7186,54,1
7187,56,0
7188,84,1
7189,49,1
7190,57,1
7191,52,0
7192,70,1
7193,81,0
7194,76,1
7195,45,1
7196,67,0
7197,124,0
7198,45,0
7199,38,1
7200,86,0
7201,34,1
7202,62,0
7203,33,0
7204,155,1
7205,78,0
7206,46,1
7207,50,1
7208,70,1
7209,56,1
7210,64,1
7211,111,1
7212,60,1
7213,120,1
7214,13,0
7215,62,1
7216,40,0
7217,42,1
7218,167,1
7219,73,0
7220,65,1
7221,45,1
7222,63,0
7223,110,1
7224,55,0
7225,80,0
7226,85,0
7227,61,1
7228,112,0
7229,79,0
7230,111,1
7231,99,0
7232,78,1
7233,56,0
7234,78,1
7235,82,1
7236,160,0
7237,36,0
7238,90,0
7239,124,0
7240,18,1
7241,140,1
7242,52,1
7243,70,0
7244,56,0
7245,135,0
7246,24,0
7247,153,1
7248,57,1
7249,149,0
7250,53,1
7251,72,1
7252,106,1
7253,69,0
7254,113,1
7255,200,0
7256,62,0
7257,33,0
7258,34,0
7259,62,1
7260,51,1
7261,29,1
7262,149,1
7263,28,1
7264,88,0
7265,200,0
7266,12,0
7267,89,1
7268,53,1
7269,76,1
7270,53,1
7271,74,1
7272,41,1
7273,128,0
7274,161,1
7275,69,0
7276,19,0
7277,59,0
7278,87,1
7279,200,0
7280,26,0
7281,56,1
7282,50,1
7283,111,0
7284,44,0
7285,50,1
7286,61,0
7287,48,1
7288,30,1
7289,75,0
7290,80,0
7291,107,1
7292,43,1
7293,76,0
7294,94,1
7295,85,1
7296,62,1
7297,64,1
7298,53,1
7299,61,1
7300,88,1
7301,27,0
7302,181,1
7303,61,0
7304,91,1
7305,58,1
7306,44,0
7307,46,0
7308,44,1
7309,35,1
7310,44,0
7311,44,1
7312,47,1
7313,103,0
7314,58,1
7315,81,1
7316,93,0
7317,66,1
7318,66,1
7319,51,0
7320,41,1
7321,69,0
7322,69,0
7323,44,0
7324,35,0
7325,35,0
7326,102,1
7327,135,1
7328,64,1
7329,59,1
7330,65,0
7331,41,1
7332,46,0
7333,60,0
7334,33,1
7335,58,1
7336,52,0
7337,58,1
7338,71,1
7339,87,0
7340,66,0
7341,33,0
7342,62,0
7343,62,0
7344,98,1
7345,40,0
7346,129,1
7347,75,1
7348,23,0
7349,57,0
7350,46,1
7351,86,0
7352,31,0
7353,58,1
7354,78,0
7355,76,1
7356,34,0
7357,26,0
7358,33,1
7359,62,0
7360,82,0
7361,21,0
7362,76,0
7363,57,1
7364,92,1
7365,39,1
7366,115,1
7367,72,0
7368,70,0
7369,73,1
7370,54,1
7371,38,1
7372,64,1
7373,45,1
7374,66,1
7375,146,1
7376,95,1
7377,36,0
7378,62,1
7379,113,1
7380,18,0
7381,102,0
7382,52,0
7383,30,0
7384,75,1
7385,77,1
7386,69,0
7387,65,0
7388,82,1
7389,32,1
7390,28,0
7391,60,1
7392,73,1
7393,63,0
7394,70,0
7395,54,1
7396,77,1
7397,50,1
7398,124,1
7399,20,0
7400,125,1
7401,82,1
7402,97,1
7403,36,1
7404,50,0
7405,103,1
7406,57,1
7407,76,0
7408,58,1
7409,100,1
7410,197,1
7411,42,0
7412,56,1
7413,37,1
7414,166,1
7415,70,0
7416,122,1
7417,26,1
7418,31,0
7419,25,1
7420,35,1
7421,100,1
7422,60,1
7423,72,0
7424,104,0
7425,35,1
7426,70,1
7427,37,1
7428,122,0
7429,26,1
7430,98,0
7431,53,0
7432,75,1
7433,47,1
7434,70,1
7435,114,0
7436,55,0
7437,97,1
7438,64,1
7439,79,0
7440,200,0
7441,90,1
7442,106,1
7443,80,1
7444,66,0
7445,59,1
7446,59,1
7447,32,1
7448,200,0
7449,38,0
7450,38,1
7451,37,0
7452,117,0
7453,148,1
7454,81,1
7455,75,1
7456,69,1
7457,200,0
7458,77,1
7459,66,1
7460,58,1
7461,97,1
7462,65,0
7463,54,0
7464,40,0
7465,55,0
7466,66,1
7467,34,1
7468,34,1
7469,43,1
7470,37,0
7471,62,1
7472,26,1
7473,100,1
7474,117,1
7475,36,0
7476,42,0
7477,86,1
7478,49,1
7479,77,1
7480,43,1
7481,42,0
7482,50,1
7483,69,1
7484,70,1
7485,60,1
7486,138,1
7487,86,1
7488,98,0
7489,22,0
7490,65,0
7491,53,0
7492,18,0
7493,41,1
7494,57,0
7495,41,0
7496,49,0
7497,34,1
7498,130,1
7499,161,1
7500,87,1
7501,33,0
7502,61,1
7503,24,0
7504,94,0
7505,52,1
7506,38,0
7507,66,0
7508,74,1
7509,70,1
7510,105,0
7511,118,1
7512,59,1
7513,73,0
7514,138,1
7515,57,0
7516,47,1
7517,50,1
7518,65,1
7519,92,0
7520,34,0
7521,107,0
7522,36,0
7523,57,1
7524,45,0
7525,84,0
7526,30,0
7527,87,0
7528,97,1
7529,79,0
7530,75,0
7531,45,1
7532,73,0
7533,52,1
7534,36,0
7535,43,1
7536,85,1
7537,38,0
7538,69,1
7539,45,1
7540,79,1
7541,117,0
7542,41,0
7543,34,1
7544,85,1
7545,54,1
7546,45,0
7547,46,1
7548,36,0
7549,65,1
7550,36,1
7551,127,1
7552,49,1
7553,30,1
7554,50,0
7555,83,1
7556,70,0
7557,50,1
7558,60,0
7559,107,1
7560,114,1
7561,61,0
7562,85,1
7563,63,1
7564,65,0
7565,61,0
7566,171,0
7567,51,0
7568,35,1
7569,55,1
7570,96,0
7571,27,0
7572,43,1
7573,83,1
7574,39,1
7575,70,1
7576,75,1
7577,78,1
7578,62,0
7579,42,1
7580,43,1
7581,40,1
7582,24,0
7583,67,1
7584,66,1
7585,59,0
7586,64,1
7587,35,0
7588,78,0
7589,37,1
7590,26,0
7591,30,1
7592,83,1
7593,66,1
7594,130,0
7595,50,1
7596,63,0
7597,101,0
7598,87,1
7599,73,1
7600,91,0
7601,106,1
7602,73,1
7603,148,0
7604,89,1
7605,51,1
7606,58,0
7607,45,1
7608,63,1
7609,111,0
7610,64,0
7611,84,1
7612,48,1
7613,71,1
7614,47,1
7615,74,1
7616,122,1
7617,48,1
7618,50,1
7619,97,0
7620,90,0
7621,38,1
7622,46,0
7623,87,1
7624,64,0
7625,55,1
7626,63,1
7627,44,0
7628,123,0
7629,97,1
7630,46,1
7631,51,1
7632,89,1
7633,78,1
7634,171,1
7635,73,1
7636,68,1
7637,127,1
7638,60,1
7639,33,0
7640,41,0
7641,54,1
7642,62,1
7643,62,1
7644,80,1
7645,112,0
7646,24,1
7647,56,1
7648,100,1
7649,111,1
7650,27,0
7651,39,1
7652,21,0
7653,147,1
7654,74,1
7655,102,0
7656,60,1
7657,130,1
7658,38,1
7659,128,1
7660,27,1
7661,77,0
7662,147,0
7663,74,1
7664,34,1
7665,44,1
7666,41,1
7667,52,0
7668,37,1
7669,29,0
7670,35,1
7671,39,0
7672,22,0
7673,55,1
7674,82,0
7675,37,1
7676,99,0
7677,83,1
7678,77,0
7679,45,0
7680,88,0
7681,28,0
7682,62,1
7683,34,1
7684,63,1
7685,77,1
7686,101,0
7687,46,1
7688,43,0
7689,29,0
7690,33,0
7691,52,1
7692,70,0
7693,69,1
7694,28,0
7695,111,0
7696,53,1
7697,45,1
7698,69,0
7699,68,1
7700,10,0
7701,93,1
7702,138,0
7703,81,0
7704,106,0
7705,88,1
7706,93,0
7707,59,1
7708,79,1
7709,66,0
7710,66,1
7711,93,1
7712,56,1
7713,121,1
7714,48,0
7715,48,0
7716,134,0
7717,62,0
7718,98,1
7719,142,1
7720,51,1
7721,115,0
7722,101,1
7723,97,1
7724,69,0
7725,58,0
7726,70,0
7727,52,1
7728,81,1
7729,96,0
7730,72,0
7731,36,1
7732,39,1
7733,187,1
7734,71,1
7735,53,1
7736,66,1
7737,67,0
7738,47,1
7739,52,1
7740,66,0
7741,57,1
7742,30,1
7743,120,1
7744,40,1
7745,48,1
7746,193,1
7747,75,0
7748,26,1
7749,60,1
7750,36,0
7751,53,1
7752,200,0
7753,49,1
7754,64,0
7755,57,1
7756,81,0
7757,53,0
7758,40,1
7759,38,0
7760,51,0
7761,62,1
7762,25,0
7763,54,1
7764,54,1
7765,104,1
7766,55,0
7767,92,1
7768,59,0
7769,30,1
7770,112,0
7771,72,0
7772,59,0
7773,29,1
7774,148,1
7775,73,0
7776,34,1
7777,60,0
7778,46,1
7779,80,1
7780,119,0
7781,59,1
7782,37,0
7783,45,1
7784,36,0
7785,93,0
7786,42,1
7787,62,1
7788,46,1
7789,55,1
7790,76,1
7791,104,1
7792,89,1
7793,78,1
7794,35,0
7795,148,0
7796,85,1
7797,59,1
7798,53,1
7799,105,0
7800,65,1
7801,92,1
7802,34,0
7803,37,1
7804,60,0
7805,58,1
7806,43,1
7807,34,1
7808,28,0
7809,150,1
7810,68,1
7811,52,1
7812,54,1
7813,63,1
7814,85,1
7815,132,0
7816,34,0
7817,26,1
7818,24,0
7819,69,1
7820,32,1
7821,40,1
7822,63,0
7823,118,1
7824,50,1
7825,144,1
7826,125,0
7827,80,0
7828,12,0
7829,80,1
7830,54,1
7831,43,0
7832,46,1
7833,43,1
7834,124,1
7835,44,1
7836,39,1
7837,112,0
7838,62,1
7839,32,0
7840,9,0
7841,61,0
7842,172,0
7843,52,1
7844,102,1
7845,74,1
7846,53,1
7847,53,0
7848,41,0
7849,41,1
7850,34,1
7851,64,0
7852,45,1
7853,86,0
7854,96,0
7855,32,1
7856,42,1
7857,49,1
7858,47,1
7859,200,0
7860,154,1
7861,45,0
7862,75,0
7863,47,0
7864,76,1
7865,60,1
7866,91,1
7867,60,1
7868,38,0
7869,64,1
7870,68,0
7871,48,0
7872,11,0
7873,48,1
7874,66,1
7875,60,1
7876,139,0
7877,75,1
7878,58,1
7879,99,0
7880,110,0
7881,97,1
7882,29,0
7883,37,0
7884,187,1
7885,63,0
7886,94,1
7887,95,0
7888,72,1
7889,48,1
7890,114,1
7891,40,0
7892,23,0
7893,48,1
7894,82,1
7895,33,1
7896,46,0
7897,53,1
7898,59,1
7899,37,0
7900,50,1
7901,74,0
7902,94,1
7903,60,1
7904,31,1
7905,35,0
7906,52,0
7907,36,1
7908,41,0
7909,27,1
7910,55,0
7911,44,1
7912,57,1
7913,200,0
7914,43,0
7915,70,1
7916,61,0
7917,106,1
7918,58,0
7919,48,1
7920,82,1
7921,23,0
7922,72,1
7923,54,0
7924,33,1
7925,43,0
7926,36,0
7927,55,0
7928,80,0
7929,33,1
7930,61,1
7931,66,1
7932,56,0
7933,43,0
7934,30,0
7935,36,1
7936,45,1
7937,53,1
7938,56,0
7939,99,1
7940,31,1
7941,39,1
7942,52,1
7943,100,1
7944,47,1
7945,125,0
7946,52,0
7947,82,0
7948,76,0
7949,51,1
7950,59,1
7951,72,1
7952,79,1
7953,59,1
7954,71,1
7955,46,0
7956,26,1
7957,55,1
7958,50,0
7959,18,0
7960,74,1
7961,55,0
7962,45,1
7963,75,0
7964,36,1
7965,34,1
7966,61,1
7967,47,0
7968,55,0
7969,134,0
7970,41,1
7971,177,1
7972,110,0
7973,61,0
7974,20,0
7975,104,1
7976,49,0
7977,49,0
7978,53,0
7979,30,0
7980,52,1
7981,50,0
7982,56,1
7983,20,0
7984,31,0
7985,78,1
7986,55,0
7987,35,1
7988,70,0
7989,48,1
7990,117,0
7991,23,1
7992,50,1
7993,19,1
7994,85,0
7995,90,1
7996,28,1
7997,44,1
7998,58,0
7999,19,0
8000,32,0
8001,76,0
8002,93,0
8003,34,1
8004,23,0
8005,59,0
8006,54,0
8007,110,0
8008,48,1
8009,42,1
8010,29,0
8011,94,1
8012,40,1
8013,76,1
8014,42,0
8015,55,1
8016,35,1
8017,35,1
8018,59,0
8019,35,1
8020,39,1
8021,47,1
8022,27,0
8023,41,1
8024,130,0
8025,71,0
8026,38,1
8027,177,0
8028,77,1
8029,53,0
8030,26,1
8031,71,1
8032,71,1
8033,113,0
8034,61,1
8035,58,0
8036,200,0
8037,31,0
8038,55,1
8039,78,1
8040,25,1
8041,145,0
8042,29,1
8043,39,1
8044,70,1
8045,43,1
8046,121,0
8047,31,0
8048,30,0
8049,61,0
8050,62,0
8051,44,1
8052,77,1
8053,45,0
8054,103,0
8055,188,1
8056,60,1
8057,23,0
8058,49,1
8059,63,1
8060,55,0
8061,180,1
8062,81,1
8063,40,1
8064,33,1
8065,140,0
8066,73,1
8067,49,1
8068,60,0
8069,39,0
8070,43,1
8071,15,0
8072,71,1
8073,61,1
8074,51,1
8075,82,0
8076,80,1
8077,57,1
8078,92,1
8079,37,1
8080,37,0
8081,68,0
8082,70,1
8083,106,0
8084,51,1
8085,42,1
8086,135,1
8087,63,1
8088,70,0
8089,24,0
8090,46,0
8091,38,0
8092,30,1
8093,41,1
8094,58,1
8095,25,1
8096,55,0
8097,26,0
8098,60,0
8099,21,0
8100,65,1
8101,37,0
8102,88,1
8103,133,1
8104,40,1
8105,16,0
8106,99,1
8107,43,1
8108,50,0
8109,42,1
8110,69,0
8111,48,0
8112,106,1
8113,65,1
8114,54,0
8115,77,1
8116,65,1
8117,44,1
8118,58,1
8119,33,0
8120,31,0
8121,47,0
8122,99,0
8123,84,0
8124,118,0
8125,103,0
8126,27,1
8127,83,0
8128,75,1
8129,39,0
8130,53,1
8131,149,1
8132,40,0
8133,25,1
8134,98,0
8135,38,0
8136,48,0
8137,40,0
8138,77,0
8139,79,1
8140,54,0
8141,58,1
8142,12,0
8143,63,1
8144,63,0
8145,79,0
8146,151,0
8147,40,0
8148,24,0
8149,46,1
8150,26,0
8151,43,1
8152,98,1
8153,105,1
8154,74,1
8155,77,1
8156,49,1
8157,135,0
8158,80,1
8159,26,0
8160,82,0
8161,200,0
8162,20,1
8163,93,1
8164,68,0
8165,68,1
8166,24,0
8167,36,0
8168,64,0
8169,122,1
8170,55,1
8171,42,0
8172,59,1
8173,21,0
8174,62,1
8175,77,1
8176,101,1
8177,94,1
8178,50,1
8179,65,0
8180,83,1
8181,52,1
8182,113,1
8183,30,0
8184,58,1
8185,62,1
8186,29,0
8187,64,1
8188,28,0
8189,13,0
8190,51,1
8191,141,1
8192,89,0
8193,135,1
8194,89,0
8195,77,1
8196,28,0
8197,102,1
8198,55,0
8199,50,1
8200,87,1
8201,31,1
8202,32,1
8203,57,1
8204,44,1
8205,108,0
8206,36,1
8207,59,0
8208,39,1
8209,130,1
8210,37,1
8211,122,0
8212,73,0
8213,83,1
8214,82,1
8215,51,0
8216,52,1
8217,47,1
8218,97,0
8219,49,0
8220,52,1
8221,26,1
8222,33,0
8223,42,1
8224,45,0
8225,68,0
8226,56,0
8227,137,0
8228,72,0
8229,34,0
8230,55,0
8231,82,0
8232,91,0
8233,91,1
8234,134,0
8235,114,1
8236,42,1
8237,49,0
8238,60,1
8239,54,1
8240,36,0
8241,63,0
8242,79,1
8243,107,1
8244,82,1
8245,30,1
8246,30,1
8247,125,1
8248,58,0
8249,57,1
8250,40,0
8251,58,1
8252,58,0
8253,30,1
8254,109,0
8255,68,1
8256,27,0
8257,123,1
8258,48,0
8259,115,1
8260,128,0
8261,69,1
8262,55,0
8263,51,1
8264,41,1
8265,46,1
8266,45,0
8267,52,1
8268,28,0
8269,30,1
8270,51,0
8271,72,0
8272,69,1
8273,45,0
8274,55,1
8275,47,1
8276,93,1
8277,67,1
8278,50,0
8279,44,0
8280,55,1
8281,37,1
8282,87,1
8283,100,1
8284,36,1
8285,60,0
8286,42,0
8287,34,1
8288,39,1
8289,83,1
8290,63,0
8291,89,1
8292,37,1
8293,21,0
8294,25,0
8295,91,0
8296,108,1
8297,37,1
8298,116,1
8299,45,1
8300,36,1
8301,47,1
8302,37,0
8303,34,1
8304,27,1
8305,81,1
8306,196,0
8307,82,1
8308,83,1
8309,36,1
8310,66,0
8311,64,0
8312,33,1
8313,71,1
8314,137,1
8315,39,1
8316,90,1
8317,78,0
8318,63,0
8319,55,1
8320,39,1
8321,94,1
8322,53,1
8323,68,0
8324,72,1
8325,86,1
8326,30,1
8327,32,1
8328,50,0
8329,109,0
8330,44,1
8331,85,1
8332,35,1
8333,151,1
8334,107,0
8335,42,0
8336,115,1
8337,140,1
8338,60,0
8339,21,0
8340,47,1
8341,25,1
8342,148,0
8343,34,0
8344,59,1
8345,111,1
8346,56,1
8347,60,0
8348,163,1
8349,118,0
8350,62,1
8351,146,0
8352,92,1
8353,53,0
8354,95,1
8355,24,0
8356,127,0
8357,55,0
8358,41,1
8359,118,1
8360,46,0
8361,51,1
8362,89,1
8363,200,0
8364,32,0
8365,57,1
8366,33,0
8367,75,1
8368,96,0
8369,102,1
8370,99,1
8371,85,0
8372,22,0
8373,92,0
8374,60,1
8375,44,1
8376,62,0
8377,95,0
8378,52,1
8379,31,1
8380,37,1
8381,115,1
8382,45,1
8383,92,1
8384,46,1
8385,19,0
8386,77,1
8387,33,1
8388,86,0
8389,45,1
8390,50,1
8391,53,1
8392,64,1
8393,54,0
8394,165,1
8395,48,0
8396,64,0
8397,53,0
8398,36,1
8399,103,1
8400,53,1
8401,34,1
8402,57,0
8403,85,1
8404,72,1
8405,95,1
8406,98,1
8407,47,1
8408,55,0
8409,64,0
8410,34,0
8411,15,1
8412,89,1
8413,62,1
8414,129,0
8415,68,1
8416,92,1
8417,46,1
8418,57,1
8419,23,1
8420,54,1
8421,66,0
8422,79,1
8423,63,1
8424,48,0
8425,62,1
8426,74,1
8427,95,1
8428,57,1
8429,48,0
8430,42,0
8431,104,0
8432,49,1
8433,18,1
8434,28,0
8435,134,1
8436,43,1
8437,90,1
8438,46,1
8439,200,0
8440,115,0
8441,41,1
8442,61,0
8443,48,1
8444,41,1
8445,64,0
8446,71,0
8447,99,0
8448,61,0
8449,79,0
8450,70,1
8451,32,1
8452,37,0
8453,54,0
8454,36,1
8455,80,0
8456,37,1
8457,26,0
8458,82,1
8459,46,1
8460,99,1
8461,51,0
8462,49,1
8463,77,1
8464,49,0
8465,68,0
8466,66,1
8467,82,1
8468,48,1
8469,42,1
8470,33,1
8471,25,1
8472,22,0
8473,34,0
8474,99,1
8475,30,1
8476,99,1
8477,97,1
8478,63,1
8479,200,0
8480,29,1
8481,31,0
8482,41,1
8483,47,1
8484,27,0
8485,70,1
8486,40,0
8487,54,1
8488,30,1
8489,15,0
8490,23,0
8491,86,0
8492,97,0
8493,50,0
8494,63,1
8495,141,0
8496,43,1
8497,70,1
8498,32,0
8499,73,1
8500,51,1
8501,42,1
8502,52,1
8503,92,1
8504,144,0
8505,28,0
8506,117,1
8507,81,0
8508,132,1
8509,67,1
8510,130,0
8511,33,1
8512,25,1
8513,91,1
8514,42,0
8515,34,1
8516,89,0
8517,53,0
8518,113,1
8519,125,0
8520,69,1
8521,19,1
8522,89,1
8523,29,1
8524,77,1
8525,30,1
8526,33,1
8527,58,1
8528,56,1
8529,100,0
8530,25,0
8531,71,1
8532,71,1
8533,52,1
8534,33,1
8535,65,0
8536,53,1
8537,45,0
8538,27,0
8539,73,0
8540,57,0
8541,159,0
8542,56,0
8543,68,1
8544,38,1
8545,23,1
8546,122,1
8547,112,1
8548,79,0
8549,75,1
8550,55,1
8551,136,1
8552,85,1
8553,58,0
8554,72,1
8555,35,1
8556,53,1
8557,45,0
8558,52,1
8559,28,1
8560,55,1
8561,30,0
8562,75,1
8563,29,0
8564,33,1
8565,29,1
8566,45,1
8567,22,0
8568,40,1
8569,50,0
8570,68,1
8571,88,1
8572,63,0
8573,37,0
8574,112,1
8575,29,1
8576,110,0
8577,96,1
8578,46,0
8579,47,1
8580,191,1
8581,40,0
8582,107,0
8583,148,0
8584,115,1
8585,74,1
8586,105,1
8587,52,1
8588,48,1
8589,105,1
8590,76,0
8591,66,1
8592,53,1
8593,50,1
8594,68,0
8595,75,1
8596,77,1
8597,57,1
8598,44,0
8599,70,1
8600,156,1
8601,89,0
8602,40,1
8603,70,0
8604,93,1
8605,51,1
8606,64,1
8607,39,0
8608,54,1
8609,77,0
8610,35,0
8611,100,1
8612,74,1
8613,52,0
8614,92,1
8615,38,1
8616,44,0
8617,55,0
8618,62,1
8619,39,1
8620,104,1
8621,53,1
8622,59,1
8623,52,0
8624,164,0
8625,104,1
8626,63,0
8627,83,0
8628,45,1
8629,64,1
8630,57,1
8631,42,1
8632,30,0
8633,70,0
8634,31,1
8635,39,1
8636,47,1
8637,92,1
8638,91,1
8639,49,0
8640,42,1
8641,84,1
8642,115,0
8643,45,0
8644,57,0
8645,52,0
8646,59,1
8647,47,0
8648,79,1
8649,16,0
8650,97,0
8651,65,1
8652,62,1
8653,17,0
8654,54,1
8655,41,0
8656,146,0
8657,42,1
8658,39,1
8659,16,0
8660,80,0
8661,118,1
8662,51,1
8663,37,1
8664,46,1
8665,81,1
8666,30,1
8667,61,0
8668,74,1
8669,84,0
8670,64,1
8671,55,0
8672,36,1
8673,33,1
8674,74,1
8675,56,1
8676,91,0
8677,70,1
8678,32,1
8679,58,0
8680,38,1
8681,70,1
8682,32,0
8683,44,0
8684,86,0
8685,93,1
8686,111,0
8687,21,1
8688,76,0
8689,100,0
8690,84,0
8691,56,1
8692,52,1
8693,72,0
8694,45,1
8695,66,1
8696,64,0
8697,92,1
8698,90,1
8699,42,0
8700,85,1
8701,42,1
8702,72,0
8703,50,1
8704,45,1
8705,46,0
8706,53,0
8707,62,0
8708,40,1
8709,191,0
8710,59,1
8711,147,1
8712,46,0
8713,164,0
8714,177,1
8715,52,0
8716,46,1
8717,44,0
8718,59,1
8719,44,1
8720,32,0
8721,81,1
8722,62,1
8723,12,0
8724,168,1
8725,42,1
8726,116,1
8727,31,1
8728,56,1
8729,36,1
8730,125,1
8731,75,1
8732,77,0
8733,92,0
8734,24,0
8735,101,1
8736,58,0
8737,17,0
8738,95,0
8739,48,1
8740,142,0
8741,50,1
8742,42,0
8743,36,0
8744,115,0
8745,60,0
8746,40,1
8747,80,0
8748,42,1
8749,61,0
8750,20,0
8751,60,1
8752,75,0
8753,44,1
8754,73,1
8755,108,1
8756,96,0
8757,47,1
8758,78,1
8759,63,1
8760,27,1
8761,108,1
8762,65,0
8763,80,1
8764,35,0
8765,79,1
8766,116,1
8767,200,0
8768,51,1
8769,43,0
8770,98,0
8771,65,1
8772,44,0
8773,94,0
8774,36,1
8775,78,1
8776,76,1
8777,53,1
8778,43,1
8779,97,1
8780,76,0
8781,132,1
8782,11,0
8783,100,1
8784,172,0
8785,28,0
8786,127,1
8787,68,0
8788,48,0
8789,97,1
8790,114,0
8791,58,1
8792,74,0
8793,75,0
8794,41,1
8795,66,1
8796,30,0
8797,47,1
8798,52,1
8799,200,0
8800,67,0
8801,38,1
8802,64,1
8803,65,0
8804,70,1
8805,42,1
8806,117,0
8807,68,1
8808,21,0
8809,46,1
8810,49,0
8811,118,0
8812,93,0
8813,53,1
8814,56,1
8815,61,1
8816,62,0
8817,40,1
8818,59,0
8819,41,0
8820,50,1
8821,31,1
8822,55,1
8823,67,0
8824,173,0
8825,87,1
8826,71,0
8827,58,1
8828,57,0
8829,31,1
8830,131,0
8831,26,0
8832,54,1
8833,113,0
8834,69,1
8835,43,1
8836,18,0
8837,38,0
8838,164,1
8839,177,0
8840,94,1
8841,71,1
8842,89,1
8843,26,0
8844,142,0
8845,62,1
8846,73,1
8847,200,0
8848,136,0
8849,130,0
8850,57,0
8851,128,0
8852,65,0
8853,56,1
8854,68,0
8855,29,1
8856,42,1
8857,54,0
8858,58,1
8859,50,0
8860,91,1
8861,68,1
8862,71,1
8863,60,0
8864,39,0
8865,31,0
8866,59,1
8867,136,0
8868,40,1
8869,55,1
8870,142,1
8871,135,1
8872,199,1
8873,83,1
8874,39,1
8875,76,1
8876,54,1
8877,85,1
8878,38,0
8879,16,0
8880,57,0
8881,85,0
8882,29,0
8883,51,0
8884,79,1
8885,63,1
8886,30,1
8887,94,0
8888,43,0
8889,119,1
8890,56,1
8891,28,0
8892,75,0
8893,70,1
8894,58,1
8895,63,1
8896,42,0
8897,82,1
8898,93,1
8899,39,1
8900,36,1
8901,91,0
8902,46,1
8903,56,1
8904,75,1
8905,45,1
8906,144,0
8907,64,0
8908,68,1
8909,55,1
8910,65,1
8911,25,1
8912,32,0
8913,62,0
8914,45,0
8915,42,0
8916,29,1
8917,84,1
8918,54,0
8919,34,1
8920,32,1
8921,44,0
8922,58,1
8923,76,0
8924,139,1
8925,36,1
8926,38,1
8927,80,0
8928,51,1
8929,67,0
8930,47,0
8931,67,0
8932,109,1
8933,78,1
8934,66,1
8935,62,0
8936,85,0
8937,110,1
8938,64,0
8939,29,1
8940,64,1
8941,98,0
8942,137,0
8943,78,1
8944,23,0
8945,26,0
8946,66,0
8947,122,1
8948,26,0
8949,108,1
8950,51,0
8951,20,0
8952,98,0
8953,48,1
8954,106,1
8955,71,1
8956,54,1
8957,33,1
8958,100,0
8959,42,0
8960,122,1
8961,47,0
8962,48,0
8963,80,1
8964,56,1
8965,56,0
8966,54,1
8967,55,1
8968,38,1
8969,76,0
8970,45,0
8971,62,0
8972,58,0
8973,29,1
8974,23,1
8975,28,0
8976,37,1
8977,116,1
8978,56,1
8979,111,1
8980,60,0
8981,90,0
8982,55,0
8983,58,1
8984,66,0
8985,42,0
8986,87,1
8987,38,1
8988,54,0
8989,92,0
8990,55,0
8991,42,0
8992,44,1
8993,64,0
8994,70,1
8995,53,1
8996,99,0
8997,62,0
8998,65,1
8999,103,1
9000,58,0
9001,37,0
9002,92,1
9003,49,1
9004,57,1
9005,94,0
9006,91,1
9007,25,0
9008,29,1
9009,33,0
9010,17,0
9011,118,1
9012,67,1
9013,92,1
9014,152,1
9015,42,1
9016,52,0
9017,56,1
9018,74,0
9019,111,1
9020,58,0
9021,67,1
9022,34,1
9023,58,1
9024,52,1
9025,68,0
9026,54,1
9027,109,1
9028,93,0
9029,67,0
9030,44,1
9031,181,1
9032,74,0
9033,32,1
9034,53,1
9035,103,0
9036,56,0
9037,39,1
9038,65,1
9039,58,1
9040,44,1
9041,41,1
9042,59,1
9043,27,1
9044,64,0
9045,70,1
9046,93,1
9047,49,1
9048,55,1
9049,47,1
9050,94,1
9051,67,1
9052,18,0
9053,47,1
9054,102,1
9055,60,0
9056,38,1
9057,41,0
9058,67,1
9059,53,1
9060,41,0
9061,37,1
9062,76,1
9063,92,0
9064,88,1
9065,48,0
9066,132,0
9067,23,0
9068,103,0
9069,50,1
9070,143,0
9071,46,0
9072,48,1
9073,97,1
9074,95,0
9075,50,0
9076,28,1
9077,84,1
9078,64,1
9079,97,1
9080,33,0
9081,37,1
9082,24,1
9083,31,1
9084,62,1
9085,50,1
9086,54,1
9087,57,1
9088,27,0
9089,117,1
9090,60,1
9091,70,0
9092,55,1
9093,65,1
9094,44,1
9095,36,1
9096,163,1
9097,126,1
9098,86,1
9099,18,0
9100,58,0
9101,41,0
9102,96,1
9103,103,1
9104,58,1
9105,50,1
9106,59,0
9107,92,1
9108,68,1
9109,84,0
9110,81,1
9111,48,1
9112,58,1
9113,85,1
9114,57,0
9115,49,0
9116,108,0
9117,104,1
9118,57,1
9119,28,0
9120,50,0
9121,72,0
9122,15,0
9123,61,0
9124,39,1
9125,154,0
9126,30,1
9127,26,1
9128,15,0
9129,88,1
9130,64,0
9131,39,0
9132,50,0
9133,71,0
9134,123,0
9135,68,1
9136,77,0
9137,52,0
9138,44,1
9139,61,1
9140,119,0
9141,30,0
9142,200,0
9143,72,1
9144,63,1
9145,33,1
9146,33,1
9147,60,1
9148,32,0
9149,65,1
9150,54,1
9151,50,0
9152,129,0
9153,60,0
9154,68,1
9155,52,1
9156,96,0
9157,62,0
9158,200,0
9159,75,1
9160,25,0
9161,41,1
9162,64,0
9163,20,1
9164,60,1
9165,39,1
9166,67,0
9167,30,1
9168,80,0
9169,53,1
9170,40,1
9171,45,0
9172,32,1
9173,64,1
9174,67,1
9175,134,1
9176,103,0
9177,89,0
9178,64,0
9179,51,1
9180,46,0
9181,58,1
9182,65,1
9183,87,1
9184,48,0
9185,40,1
9186,75,0
9187,69,0
9188,23,0
9189,97,0
9190,71,0
9191,47,0
9192,30,1
9193,32,0
9194,47,0
9195,38,0
9196,59,0
9197,54,1
9198,120,1
9199,34,1
9200,200,0
9201,57,1
9202,62,1
9203,71,1
9204,95,1
9205,67,0
9206,27,1
9207,54,1
9208,55,0
9209,76,1
9210,147,0
9211,60,0
9212,72,1
9213,73,1
9214,91,1
9215,74,1
9216,92,1
9217,52,1
9218,65,1
9219,52,1
9220,28,0
9221,48,0
9222,73,0
9223,116,0
9224,113,1
9225,74,1
9226,50,0
9227,80,1
9228,108,1
9229,42,1
9230,55,0
9231,50,1
9232,73,1
9233,56,1
9234,51,1
9235,38,0
9236,87,1
9237,101,0
9238,62,0
9239,64,1
9240,37,1
9241,60,1
9242,96,1
9243,34,1
9244,91,1
9245,88,1
9246,45,1
9247,45,0
9248,52,1
9249,75,1
9250,28,0
9251,45,1
9252,29,1
9253,57,1
9254,20,0
9255,57,1
9256,45,1
9257,22,0
9258,41,1
9259,102,1
9260,73,1
9261,95,1
9262,91,0
9263,84,1
9264,51,0
9265,86,0
9266,61,1
9267,65,0
9268,81,0
9269,92,0
9270,49,0
9271,64,1
9272,63,0
9273,36,0
9274,52,1
9275,60,0
9276,52,0
9277,34,0
9278,76,1
9279,99,1
9280,71,1
9281,30,0
9282,35,1
9283,81,1
9284,51,1
9285,80,1
9286,38,1
9287,54,0
9288,40,1
9289,34,1
9290,71,0
9291,57,0
9292,49,0
9293,57,0
9294,54,0
9295,36,0
9296,46,1
9297,35,1
9298,59,0
9299,44,0
9300,94,0
9301,40,1
9302,41,1
9303,45,0
9304,29,1
9305,41,1
9306,111,0
9307,47,1
9308,67,1
9309,33,1
9310,43,1
9311,170,1
9312,200,0
9313,61,1
9314,61,0
9315,35,1
9316,31,1
9317,49,1
9318,91,0
9319,110,1
9320,85,0
9321,44,0
9322,149,1
9323,88,0
9324,187,0
9325,180,1
9326,37,1
9327,151,1
9328,69,0
9329,20,0
9330,47,1
9331,48,1
9332,103,0
9333,75,1
9334,49,1
9335,39,0
9336,67,1
9337,61,0
9338,65,1
9339,47,0
9340,32,1
9341,69,1
9342,34,1
9343,68,0
9344,30,1
9345,37,1
9346,198,1
9347,84,0
9348,200,0
9349,64,0
9350,39,1
9351,44,1
9352,44,0
9353,53,0
9354,35,1
9355,58,1
9356,55,1
9357,101,1
9358,26,1
9359,46,0
9360,94,0
9361,83,1
9362,84,1
9363,42,1
9364,74,1
9365,45,1
9366,50,1
9367,27,1
9368,71,1
9369,148,0
9370,31,0
9371,34,0
9372,47,1
9373,27,1
9374,200,0
9375,49,1
9376,163,0
9377,63,1
9378,58,1
9379,111,0
9380,22,1
9381,78,1
9382,29,0
9383,200,0
9384,88,1
9385,47,0
9386,185,0
9387,54,0
9388,88,1
9389,103,1
9390,64,0
9391,31,1
9392,89,1
9393,50,1
9394,38,1
9395,63,1
9396,157,1
9397,59,0
9398,41,1
9399,83,1
9400,58,0
9401,108,0
9402,50,0
9403,81,0
9404,35,0
9405,25,0
9406,45,0
9407,58,1
9408,27,1
9409,45,1
9410,38,0
9411,121,1
9412,107,1
9413,52,0
9414,44,0
9415,108,1
9416,66,1
9417,64,1
9418,54,0
9419,43,0
9420,39,0
9421,62,0
9422,100,0
9423,49,1
9424,36,1
9425,33,1
9426,111,1
9427,18,0
9428,169,0
9429,65,0
9430,58,1
9431,60,0
9432,76,1
9433,77,1
9434,115,1
9435,45,0
9436,25,1
9437,58,1
9438,69,0
9439,85,0
9440,46,1
9441,71,0
9442,96,1
9443,59,1
9444,167,1
9445,34,0
9446,44,0
9447,40,1
9448,42,1
9449,89,1
9450,82,1
9451,71,1
9452,37,0
9453,74,1
9454,66,1
9455,19,0
9456,66,1
9457,55,1
9458,50,0
9459,35,1
9460,28,0
9461,53,1
9462,34,0
9463,39,0
9464,44,0
9465,41,0
9466,27,1
9467,25,0
9468,103,0
9469,56,0
9470,55,1
9471,55,1
9472,29,0
9473,53,1
9474,55,0
9475,46,0
9476,42,1
9477,61,1
9478,99,0
9479,25,0
9480,77,1
9481,91,1
9482,54,1
9483,47,0
9484,60,1
9485,52,0
9486,52,1
9487,139,1
9488,49,0
9489,63,1
9490,42,1
9491,39,0
9492,47,0
9493,60,0
9494,43,1
9495,81,0
9496,78,0
9497,44,0
9498,99,1
9499,38,0
9500,20,1
9501,67,1
9502,127,1
9503,111,1
9504,134,1
9505,34,0
9506,84,1
9507,197,1
9508,66,0
9509,59,1
9510,39,0
9511,44,1
9512,74,0
9513,53,1
9514,71,1
9515,52,0
9516,72,1
9517,115,1
9518,65,0
9519,46,0
9520,105,1
9521,154,0
9522,29,1
9523,65,0
9524,45,0
9525,43,0
9526,20,0
9527,76,1
9528,73,0
9529,46,0
9530,63,0
9531,81,0
9532,70,0
9533,101,0
9534,48,1
9535,32,1
9536,117,0
9537,76,1
9538,51,0
9539,137,0
9540,86,1
9541,71,0
9542,54,0
9543,65,1
9544,57,1
9545,66,1
9546,46,0
9547,29,0
9548,173,0
9549,60,0
9550,43,1
9551,42,1
9552,68,0
9553,60,1
9554,74,1
9555,55,0
9556,75,0
9557,96,1
9558,77,1
9559,152,1
9560,81,1
9561,45,0
9562,42,0
9563,55,1
9564,44,1
9565,51,0
9566,64,0
9567,129,1
9568,49,1
9569,37,1
9570,36,1
9571,44,1
9572,33,0
9573,104,1
9574,50,0
9575,51,1
9576,63,0
9577,52,0
9578,116,0
9579,50,1
9580,52,0
9581,73,1
9582,54,1
9583,34,1
9584,42,1
9585,96,1
9586,46,1
9587,200,0
9588,45,1
9589,74,0
9590,65,1
9591,55,0
9592,21,1
9593,40,1
9594,58,0
9595,121,1
9596,47,1
9597,9,0
9598,55,1
9599,75,0
9600,59,1
9601,120,0
9602,50,0
9603,33,0
9604,47,0
9605,44,1
9606,161,1
9607,67,1
9608,131,1
9609,54,0
9610,55,1
9611,56,1
9612,84,1
9613,51,1
9614,122,1
9615,50,0
9616,51,0
9617,25,1
9618,48,0
9619,64,1
9620,81,0
9621,68,0
9622,61,0
9623,73,1
9624,42,1
9625,134,0
9626,41,0
9627,44,1
9628,43,0
9629,60,1
9630,58,1
9631,64,1
9632,140,1
9633,23,1
9634,104,1
9635,36,1
9636,47,0
9637,44,1
9638,66,1
9639,113,0
9640,79,1
9641,56,1
9642,61,1
9643,95,1
9644,111,0
9645,107,1
9646,28,0
9647,51,0
9648,127,0
9649,40,1
9650,61,0
9651,28,1
9652,70,1
9653,13,0
9654,51,1
9655,116,1
9656,61,1
9657,53,1
9658,62,1
9659,57,1
9660,71,1
9661,71,1
9662,103,1
9663,65,0
9664,43,0
9665,39,0
9666,65,0
9667,160,0
9668,59,0
9669,102,0
9670,87,1
9671,34,1
9672,36,1
9673,116,0
9674,59,0
9675,74,1
9676,46,1
9677,66,0
9678,59,0
9679,35,0
9680,42,1
9681,34,0
9682,38,1
9683,133,1
9684,64,0
9685,91,0
9686,39,1
9687,67,0
9688,55,0
9689,80,0
9690,56,1
9691,57,0
9692,41,1
9693,138,1
9694,119,0
9695,64,1
9696,31,1
9697,36,1
9698,67,1
9699,40,1
9700,44,0
9701,72,1
9702,41,1
9703,65,1
9704,44,0
9705,72,1
9706,50,0
9707,128,0
9708,62,1
9709,28,1
9710,38,1
9711,94,0
9712,49,0
9713,78,0
9714,64,0
9715,34,1
9716,64,1
9717,71,1
9718,41,0
9719,43,1
9720,58,0
9721,74,0
9722,60,1
9723,63,0
9724,59,0
9725,65,0
9726,47,1
9727,62,1
9728,74,0
9729,81,1
9730,43,0
9731,105,0
9732,37,1
9733,86,1
9734,36,0
9735,135,1
9736,15,0
9737,57,0
9738,65,0
9739,95,1
9740,79,1
9741,55,1
9742,55,1
9743,48,1
9744,75,0
9745,129,1
9746,172,1
9747,43,1
9748,159,1
9749,49,0
9750,49,0
9751,48,0
9752,24,0
9753,29,1
9754,101,1
9755,28,1
9756,65,0
9757,97,1
9758,80,1
9759,67,0
9760,52,0
9761,169,0
9762,64,0
9763,60,1
9764,86,0
9765,200,0
9766,69,0
9767,166,0
9768,18,0
9769,37,1
9770,92,1
9771,200,0
9772,61,0
9773,44,1
9774,67,1
9775,34,1
9776,64,0
9777,72,1
9778,42,0
9779,150,0
9780,42,1
9781,136,1
9782,44,0
9783,52,0
9784,37,0
9785,39,0
9786,72,1
9787,39,1
9788,85,0
9789,90,0
9790,62,0
9791,59,1
9792,69,1
9793,61,1
9794,76,0
9795,38,1
9796,64,0
9797,71,1
9798,70,0
9799,48,1
9800,32,0
9801,55,0
9802,42,0
9803,119,1
9804,113,1
9805,30,1
9806,23,0
9807,76,1
9808,48,1
9809,41,0
9810,90,0
9811,84,1
9812,62,0
9813,198,1
9814,60,1
9815,54,0
9816,107,0
9817,143,1
9818,51,1
9819,55,0
9820,85,1
9821,53,1
9822,68,1
9823,59,1
9824,56,1
9825,56,1
9826,46,0
9827,124,1
9828,49,1
9829,76,1
9830,77,1
9831,57,0
9832,135,0
9833,45,0
9834,42,0
9835,50,0
9836,59,0
9837,72,1
9838,82,1
9839,30,0
9840,40,0
9841,56,0
9842,45,0
9843,32,0
9844,27,1
9845,99,1
9846,40,1
9847,41,0
9848,89,0
9849,75,1
9850,42,1
9851,68,0
9852,11,0
9853,95,1
9854,65,0
9855,18,0
9856,64,0
9857,35,1
9858,83,1
9859,39,1
9860,36,1
9861,125,1
9862,68,1
9863,37,0
9864,32,0
9865,37,1
9866,65,0
9867,38,0
9868,71,1
9869,39,1
9870,62,0
9871,69,0
9872,44,0
9873,31,1
9874,66,0
9875,45,1
9876,29,0
9877,14,0
9878,90,0
9879,28,1
9880,29,1
9881,36,1
9882,86,0
9883,50,1
9884,42,1
9885,61,1
9886,43,1
9887,41,0
9888,36,1
9889,38,1
9890,140,0
9891,47,0
9892,181,0
9893,81,1
9894,56,0
9895,31,0
9896,71,1
9897,66,1
9898,73,0
9899,21,1
9900,36,0
9901,54,1
9902,53,0
9903,36,1
9904,94,0
9905,47,1
9906,45,1
9907,38,1
9908,45,1
9909,49,0
9910,53,1
9911,55,1
9912,40,1
9913,122,1
9914,69,0
9915,142,1
9916,99,0
9917,54,0
9918,69,1
9919,31,1
9920,52,0
9921,29,0
9922,36,0
9923,43,1
9924,70,1
9925,40,0
9926,118,1
9927,46,1
9928,102,1
9929,38,1
9930,31,0
9931,137,0
9932,20,0
9933,103,1
9934,59,1
9935,44,1
9936,85,1
9937,40,0
9938,14,0
9939,105,1
9940,47,1
9941,63,0
9942,33,1
9943,58,1
9944,16,0
9945,80,1
9946,90,0
9947,37,1
9948,37,0
9949,62,1
9950,90,0
9951,45,0
9952,70,1
9953,51,1
9954,108,1
9955,131,0
9956,88,1
9957,48,1
9958,78,1
9959,60,0
9960,59,0
9961,21,1
9962,88,1
9963,37,1
9964,56,0
9965,49,1
9966,47,1
9967,48,1
9968,127,1
9969,54,0
9970,48,0
9971,29,0
9972,32,1
9973,39,1
9974,40,1
9975,86,0
9976,67,1
9977,73,1
9978,45,0
9979,51,1
9980,34,1
9981,78,1
9982,117,1
9983,137,1
9984,68,1
9985,48,0
9986,51,1
9987,37,1
9988,80,0
9989,52,1
9990,22,1
9991,115,1
9992,24,0
9993,134,1
9994,34,0
9995,57,1
9996,117,1
9997,53,1
9998,70,0
9999,94,0
