episode,steps,reward
0,20,0
1,42,0
2,40,0
3,15,0
4,86,0
5,62,0
6,38,0
7,52,0
8,14,0
9,28,0
10,6,0
11,9,0
12,97,0
13,29,0
14,35,0
15,21,0
16,38,0
17,33,0
18,18,0
19,67,0
20,7,0
21,18,0
22,15,0
23,19,0
24,36,0
25,20,0
26,26,0
27,10,0
28,7,0
29,14,0
30,35,0
31,34,0
32,20,0
33,67,0
34,53,0
35,28,0
36,51,0
37,11,0
38,14,0
39,10,0
40,71,0
41,32,0
42,29,0
43,15,0
44,28,0
45,43,0
46,19,0
47,33,0
48,16,0
49,29,0
50,16,0
51,40,0
52,40,0
53,16,0
54,26,0
55,78,0
56,61,0
57,37,0
58,15,0
59,20,0
60,13,0
61,49,0
62,27,0
63,22,0
64,48,0
65,10,0
66,38,0
67,51,0
68,39,0
69,15,0
70,14,0
71,9,0
72,29,0
73,21,0
74,73,0
75,13,0
76,27,0
77,6,0
78,36,0
79,14,0
80,42,0
81,40,0
82,14,0
83,9,0
84,13,0
85,22,0
86,48,0
87,19,0
88,24,0
89,24,0
90,26,0
91,24,0
92,44,0
93,120,0
94,32,0
95,18,0
96,51,0
97,5,0
98,25,0
99,40,0
100,20,0
101,47,0
102,33,0
103,12,0
104,12,0
105,42,0
106,28,0
107,20,0
108,36,0
109,19,0
110,86,0
111,18,0
112,48,0
113,37,0
114,92,0
115,31,0
116,27,0
117,92,0
118,62,0
119,22,0
120,14,0
121,29,0
122,35,0
123,34,0
124,51,0
125,48,0
126,56,0
127,12,0
128,62,0
129,15,0
130,18,0
131,18,0
132,23,0
133,64,0
134,81,0
135,53,0
136,72,0
137,14,0
138,33,0
139,8,0
140,24,0
141,30,0
142,13,0
143,13,0
144,45,0
145,24,0
146,12,0
147,24,0
148,53,0
149,79,0
150,16,0
151,38,0
152,17,0
153,9,0
154,15,0
155,26,0
156,31,0
157,17,0
158,158,0
159,26,0
160,17,0
161,58,0
162,57,0
163,30,0
164,20,0
165,42,0
166,15,0
167,39,0
168,20,0
169,20,0
170,15,0
171,76,0
172,73,0
173,21,0
174,39,0
175,37,0
176,8,0
177,14,0
178,73,0
179,25,0
180,46,0
181,139,0
182,22,0
183,18,0
184,55,0
185,21,0
186,38,0
187,14,0
188,9,0
189,38,0
190,54,0
191,18,0
192,91,0
193,12,0
194,28,0
195,17,0
196,15,0
197,30,0
198,14,0
199,29,0
200,75,0
201,9,0
202,143,0
203,21,0
204,6,0
205,22,0
206,41,0
207,11,0
208,29,0
209,25,0
210,45,0
211,16,0
212,27,0
213,7,0
214,9,0
215,26,0
216,29,0
217,34,0
218,17,0
219,24,0
220,26,0
221,10,0
222,11,0
223,41,0
224,43,0
225,75,0
226,24,0
227,16,0
228,30,0
229,37,0
230,20,0
231,54,0
232,49,0
233,34,0
234,30,0
235,46,0
236,31,0
237,25,0
238,10,0
239,27,0
240,18,0
241,16,0
242,47,0
243,35,0
244,41,0
245,23,0
246,11,0
247,35,0
248,28,0
249,111,0
250,9,0
251,11,0
252,11,0
253,11,0
254,27,0
255,109,0
256,10,0
257,11,0
258,20,0
259,33,0
260,17,0
261,13,0
262,52,0
263,43,0
264,66,0
265,18,0
266,48,0
267,31,0
268,50,0
269,15,0
270,51,0
271,45,0
272,45,0
273,33,0
274,73,0
275,8,0
276,19,0
277,29,0
278,10,0
279,16,0
280,63,0
281,13,0
282,92,0
283,44,0
284,51,0
285,25,0
286,18,0
287,33,0
288,19,0
289,13,0
290,50,0
291,48,0
292,74,0
293,34,0
294,12,0
295,35,0
296,26,0
297,44,0
298,40,0
299,15,0
300,15,0
301,52,0
302,8,0
303,21,0
304,10,0
305,37,0
306,27,0
307,24,0
308,120,0
309,15,0
310,23,0
311,20,0
312,10,0
313,29,0
314,11,0
315,7,0
316,24,0
317,44,0
318,22,0
319,15,0
320,17,0
321,60,0
322,14,0
323,57,0
324,32,0
325,25,0
326,11,0
327,26,0
328,36,0
329,26,0
330,27,0
331,18,0
332,31,0
333,22,0
334,21,0
335,23,0
336,15,0
337,64,0
338,29,0
339,18,0
340,25,0
341,13,0
342,42,0
343,8,0
344,55,0
345,19,0
346,8,0
347,27,0
348,15,0
349,91,0
350,23,0
351,20,0
352,33,0
353,29,0
354,64,0
355,13,0
356,11,0
357,36,0
358,27,0
359,31,0
360,38,0
361,25,0
362,17,0
363,59,0
364,17,0
365,8,0
366,19,0
367,14,0
368,21,0
369,16,0
370,78,0
371,43,1
372,98,0
373,25,1
374,56,0
375,52,0
376,33,0
377,143,1
378,48,0
379,47,0
380,47,1
381,51,0
382,105,1
383,161,0
384,78,1
385,96,1
386,52,1
387,131,0
388,200,0
389,153,0
390,200,0
391,72,1
392,83,1
393,78,1
394,175,1
395,200,0
396,29,0
397,40,0
398,179,1
399,107,1
400,200,0
401,200,0
402,196,1
403,200,0
404,80,1
405,127,1
406,70,1
407,103,0
408,200,0
409,200,0
410,200,0
411,131,0
412,89,0
413,200,0
414,200,0
415,200,0
416,100,1
417,200,0
418,124,0
419,122,1
420,25,1
421,37,1
422,77,1
423,78,0
424,105,1
425,200,0
426,200,0
427,153,0
428,75,0
429,181,1
430,200,0
431,119,1
432,181,1
433,200,0
434,147,0
435,181,1
436,200,0
437,35,0
438,151,1
439,42,1
440,169,1
441,200,0
442,105,1
443,84,0
444,129,1
445,116,1
446,200,0
447,138,1
448,72,1
449,89,1
450,77,1
451,46,1
452,90,0
453,68,1
454,33,1
455,46,0
456,90,1
457,85,0
458,61,0
459,170,1
460,127,1
461,113,1
462,121,1
463,200,0
464,86,0
465,200,0
466,200,0
467,118,0
468,158,1
469,127,1
470,81,1
471,35,1
472,106,1
473,104,1
474,200,0
475,51,1
476,200,0
477,105,1
478,200,0
479,166,1
480,163,1
481,106,1
482,82,0
483,200,0
484,181,0
485,59,0
486,200,0
487,60,0
488,66,1
489,200,0
490,154,1
491,45,0
492,200,0
493,200,0
494,200,0
495,104,1
496,45,0
497,200,0
498,200,0
499,200,0
500,165,1
501,200,0
502,67,1
503,104,1
504,56,0
505,139,1
506,177,1
507,55,1
508,46,1
509,24,1
510,109,1
511,191,1
512,76,1
513,200,0
514,151,1
515,105,1
516,94,0
517,89,1
518,28,0
519,200,0
520,133,1
521,200,0
522,135,1
523,200,0
524,200,0
525,108,1
526,200,0
527,200,0
528,49,1
529,80,1
530,200,0
531,79,0
532,134,0
533,96,0
534,55,1
535,86,1
536,96,1
537,117,1
538,72,0
539,76,1
540,200,0
541,189,1
542,93,1
543,144,1
544,51,1
545,36,1
546,113,1
547,44,1
548,60,1
549,129,1
550,152,1
551,200,0
552,58,1
553,200,0
554,92,1
555,200,0
556,160,1
557,48,1
558,66,1
559,32,1
560,157,0
561,77,1
562,200,0
563,192,0
564,200,0
565,96,1
566,32,0
567,83,1
568,200,0
569,196,1
570,99,1
571,95,1
572,51,1
573,41,1
574,153,1
575,141,1
576,200,0
577,200,0
578,162,1
579,186,1
580,158,1
581,99,1
582,11,0
583,200,0
584,22,0
585,142,1
586,33,0
587,88,1
588,199,1
589,200,0
590,77,0
591,194,1
592,149,1
593,200,0
594,141,1
595,72,0
596,79,0
597,200,0
598,132,1
599,97,1
600,127,0
601,66,0
602,118,1
603,108,1
604,46,0
605,200,0
606,192,1
607,70,1
608,37,1
609,49,1
610,99,1
611,31,1
612,200,0
613,103,1
614,78,1
615,98,1
616,143,1
617,114,1
618,200,0
619,52,1
620,49,1
621,30,1
622,200,0
623,200,0
624,200,0
625,174,1
626,182,1
627,200,0
628,82,1
629,42,0
630,200,0
631,44,1
632,142,1
633,125,1
634,200,0
635,155,1
636,17,0
637,200,0
638,105,1
639,92,1
640,200,0
641,83,1
642,38,1
643,71,1
644,114,1
645,57,0
646,115,1
647,131,1
648,182,1
649,200,0
650,200,0
651,200,0
652,200,0
653,200,0
654,175,1
655,200,0
656,103,1
657,101,1
658,200,0
659,76,1
660,104,1
661,200,0
662,105,1
663,67,1
664,200,0
665,32,0
666,110,1
667,94,1
668,64,1
669,200,0
670,178,1
671,200,0
672,47,1
673,176,0
674,188,1
675,70,1
676,200,0
677,47,1
678,200,0
679,103,1
680,140,1
681,135,0
682,50,1
683,12,0
684,26,0
685,182,0
686,200,0
687,200,0
688,200,0
689,70,1
690,95,1
691,169,0
692,168,1
693,200,0
694,111,1
695,200,0
696,55,1
697,156,1
698,74,1
699,194,1
700,39,1
701,168,1
702,42,0
703,200,0
704,200,0
705,74,1
706,200,0
707,156,1
708,116,1
709,171,1
710,142,1
711,163,1
712,114,1
713,113,1
714,43,1
715,40,1
716,42,1
717,200,0
718,111,1
719,200,0
720,137,1
721,200,0
722,89,1
723,200,0
724,200,0
725,200,0
726,200,0
727,79,1
728,60,0
729,200,0
730,101,1
731,99,0
732,200,0
733,200,0
734,120,1
735,104,1
736,129,1
737,200,0
738,53,1
739,104,1
740,187,1
741,123,1
742,45,1
743,50,0
744,189,1
745,139,1
746,112,0
747,139,1
748,79,1
749,200,0
750,200,0
751,110,1
752,117,1
753,178,1
754,168,1
755,144,1
756,111,0
757,50,1
758,162,1
759,119,1
760,91,0
761,98,1
762,99,1
763,200,0
764,200,0
765,176,1
766,200,0
767,132,1
768,110,1
769,200,0
770,23,0
771,126,1
772,102,1
773,200,0
774,92,1
775,123,1
776,108,1
777,74,1
778,68,1
779,72,1
780,81,1
781,183,1
782,105,0
783,83,1
784,200,0
785,81,1
786,194,1
787,164,0
788,156,1
789,111,1
790,72,0
791,200,0
792,62,1
793,179,1
794,35,1
795,51,1
796,176,1
797,134,1
798,27,0
799,103,1
800,200,0
801,200,0
802,82,1
803,41,1
804,113,1
805,94,0
806,113,1
807,45,1
808,123,1
809,134,0
810,142,1
811,131,1
812,101,1
813,75,1
814,84,1
815,185,1
816,56,0
817,66,1
818,200,0
819,200,0
820,200,0
821,38,1
822,101,1
823,60,1
824,161,1
825,200,0
826,54,1
827,200,0
828,80,1
829,50,1
830,161,1
831,43,1
832,81,1
833,45,1
834,62,1
835,103,1
836,118,1
837,82,1
838,91,1
839,48,1
840,150,1
841,141,1
842,149,1
843,26,1
844,103,1
845,41,1
846,85,1
847,97,1
848,61,1
849,200,0
850,200,0
851,180,1
852,82,0
853,131,1
854,200,0
855,44,1
856,90,1
857,142,1
858,200,0
859,39,1
860,200,0
861,176,1
862,53,1
863,200,0
864,141,1
865,184,1
866,111,1
867,200,0
868,137,1
869,143,0
870,138,1
871,110,1
872,191,1
873,70,1
874,200,0
875,188,1
876,112,1
877,77,1
878,103,1
879,55,0
880,200,0
881,186,1
882,114,1
883,110,1
884,54,1
885,200,0
886,97,1
887,91,1
888,65,1
889,81,1
890,200,0
891,32,0
892,111,1
893,177,1
894,161,1
895,49,1
896,195,1
897,61,1
898,81,1
899,200,0
900,192,1
901,101,1
902,43,0
903,22,1
904,180,1
905,191,1
906,97,1
907,200,0
908,137,1
909,131,1
910,70,0
911,61,1
912,54,0
913,198,1
914,70,1
915,200,0
916,200,0
917,200,0
918,85,1
919,200,0
920,136,1
921,12,0
922,200,0
923,200,0
924,166,1
925,200,0
926,170,1
927,119,1
928,200,0
929,65,1
930,175,1
931,180,0
932,186,1
933,44,1
934,189,1
935,200,0
936,24,0
937,200,0
938,48,1
939,121,1
940,131,1
941,200,0
942,169,1
943,157,1
944,88,1
945,48,1
946,139,1
947,174,1
948,88,0
949,200,0
950,200,0
951,76,1
952,154,1
953,94,1
954,140,1
955,53,1
956,107,0
957,43,0
958,76,1
959,110,1
960,124,1
961,135,0
962,200,0
963,101,1
964,113,1
965,95,1
966,116,1
967,200,0
968,138,1
969,182,1
970,200,0
971,128,1
972,132,1
973,200,0
974,138,1
975,200,0
976,200,0
977,200,0
978,72,0
979,195,1
980,108,0
981,91,0
982,200,0
983,200,0
984,131,1
985,163,1
986,169,1
987,154,1
988,171,1
989,38,1
990,58,1
991,56,1
992,169,1
993,81,1
994,200,0
995,51,1
996,67,1
997,120,1
998,185,1
999,151,1
1000,45,1
1001,87,1
1002,158,1
1003,28,1
1004,200,0
1005,193,1
1006,77,0
1007,20,0
1008,146,1
1009,140,1
1010,200,0
1011,99,1
1012,171,1
1013,44,1
1014,149,1
1015,105,1
1016,130,1
1017,186,1
1018,200,0
1019,107,1
1020,164,1
1021,68,1
1022,82,1
1023,200,0
1024,156,1
1025,153,1
1026,112,1
1027,44,0
1028,200,0
1029,200,0
1030,129,1
1031,114,1
1032,134,1
1033,62,1
1034,134,1
1035,125,1
1036,199,1
1037,121,1
1038,200,0
1039,200,0
1040,46,1
1041,29,0
1042,85,1
1043,42,1
1044,198,1
1045,199,1
1046,67,1
1047,200,0
1048,200,0
1049,116,0
1050,39,1
1051,200,0
1052,40,1
1053,65,1
1054,200,0
1055,200,0
1056,64,1
1057,200,0
1058,51,0
1059,111,1
1060,101,1
1061,152,0
1062,88,1
1063,200,0
1064,86,1
1065,120,1
1066,177,1
1067,111,1
1068,200,0
1069,93,1
1070,139,1
1071,144,1
1072,53,1
1073,46,1
1074,200,0
1075,54,0
1076,66,1
1077,169,1
1078,87,1
1079,101,1
1080,200,0
1081,60,1
1082,119,1
1083,7,0
1084,49,1
1085,121,1
1086,74,1
1087,51,1
1088,134,1
1089,67,1
1090,55,1
1091,95,0
1092,99,1
1093,200,0
1094,167,1
1095,200,0
1096,89,1
1097,76,1
1098,88,1
1099,140,1
1100,94,1
1101,169,1
1102,134,1
1103,50,1
1104,117,1
1105,149,1
1106,125,1
1107,200,0
1108,90,1
1109,200,0
1110,124,1
1111,82,1
1112,200,0
1113,200,0
1114,56,0
1115,130,1
1116,200,0
1117,185,0
1118,200,0
1119,72,1
1120,171,1
1121,178,1
1122,141,1
1123,80,1
1124,74,1
1125,159,1
1126,110,1
1127,85,1
1128,28,1
1129,78,1
1130,104,1
1131,130,1
1132,69,1
1133,111,1
1134,131,0
1135,111,0
1136,116,1
1137,148,1
1138,21,0
1139,17,0
1140,54,1
1141,200,0
1142,116,1
1143,189,1
1144,43,1
1145,87,1
1146,83,1
1147,200,0
1148,78,1
1149,137,1
1150,50,1
1151,41,1
1152,36,1
1153,46,1
1154,84,1
1155,74,1
1156,105,1
1157,101,1
1158,107,1
1159,44,0
1160,200,0
1161,200,0
1162,99,1
1163,102,1
1164,48,0
1165,96,1
1166,109,0
1167,68,1
1168,148,1
1169,152,1
1170,69,1
1171,97,1
1172,54,1
1173,74,1
1174,126,1
1175,34,1
1176,102,1
1177,138,1
1178,134,1
1179,39,1
1180,80,1
1181,75,1
1182,172,1
1183,70,1
1184,52,1
1185,129,1
1186,62,1
1187,174,1
1188,66,1
1189,101,1
1190,145,1
1191,199,1
1192,128,1
1193,83,1
1194,200,0
1195,66,1
1196,90,1
1197,61,1
1198,200,0
1199,42,1
1200,200,0
1201,30,1
1202,89,1
1203,117,1
1204,106,1
1205,76,1
1206,115,1
1207,200,0
1208,144,0
1209,153,1
1210,109,0
1211,197,1
1212,200,0
1213,187,1
1214,93,1
1215,103,1
1216,48,1
1217,21,0
1218,175,1
1219,50,1
1220,200,0
1221,65,1
1222,200,0
1223,26,1
1224,173,1
1225,200,0
1226,124,1
1227,23,0
1228,200,0
1229,200,0
1230,56,1
1231,120,1
1232,200,0
1233,163,1
1234,59,1
1235,161,1
1236,200,0
1237,130,1
1238,67,0
1239,90,1
1240,169,1
1241,97,1
1242,13,0
1243,52,0
1244,69,1
1245,200,0
1246,65,1
1247,50,1
1248,89,1
1249,139,1
1250,161,1
1251,111,1
1252,161,1
1253,121,1
1254,49,1
1255,111,1
1256,60,1
1257,200,0
1258,65,1
1259,35,0
1260,200,0
1261,200,0
1262,163,1
1263,200,0
1264,102,1
1265,95,0
1266,183,1
1267,134,1
1268,84,1
1269,200,0
1270,200,0
1271,200,0
1272,98,1
1273,55,1
1274,200,0
1275,200,0
1276,200,0
1277,88,1
1278,80,1
1279,111,1
1280,200,0
1281,136,1
1282,151,1
1283,91,0
1284,200,0
1285,86,1
1286,200,0
1287,191,1
1288,103,1
1289,200,0
1290,175,1
1291,54,1
1292,61,0
1293,45,1
1294,93,1
1295,64,1
1296,57,1
1297,200,0
1298,200,0
1299,147,1
1300,97,1
1301,187,1
1302,58,1
1303,76,1
1304,126,1
1305,73,1
1306,191,1
1307,200,0
1308,200,0
1309,154,1
1310,139,1
1311,177,1
1312,177,1
1313,200,0
1314,18,0
1315,153,1
1316,131,0
1317,200,0
1318,200,0
1319,65,1
1320,138,1
1321,182,1
1322,200,0
1323,83,1
1324,82,1
1325,70,1
1326,108,1
1327,36,1
1328,95,1
1329,59,1
1330,115,1
1331,124,1
1332,60,1
1333,60,1
1334,108,1
1335,157,1
1336,80,0
1337,200,0
1338,99,1
1339,101,1
1340,78,1
1341,173,1
1342,64,1
1343,118,0
1344,77,1
1345,162,1
1346,169,1
1347,105,1
1348,46,1
1349,88,0
1350,105,1
1351,68,1
1352,106,1
1353,197,1
1354,200,0
1355,77,1
1356,68,1
1357,81,1
1358,200,0
1359,107,1
1360,97,1
1361,43,1
1362,86,1
1363,53,1
1364,83,1
1365,132,1
1366,135,1
1367,154,1
1368,111,1
1369,59,1
1370,70,1
1371,176,1
1372,134,1
1373,66,1
1374,122,1
1375,36,1
1376,174,1
1377,83,1
1378,121,1
1379,67,1
1380,200,0
1381,114,1
1382,79,1
1383,200,0
1384,142,1
1385,95,1
1386,127,1
1387,97,0
1388,200,0
1389,78,1
1390,200,0
1391,84,1
1392,200,0
1393,190,0
1394,66,1
1395,81,1
1396,123,1
1397,169,1
1398,141,1
1399,181,1
1400,92,1
1401,93,1
1402,200,0
1403,33,1
1404,120,1
1405,101,1
1406,161,1
1407,88,1
1408,88,1
1409,182,0
1410,65,0
1411,87,1
1412,200,0
1413,69,1
1414,120,1
1415,150,1
1416,130,1
1417,164,1
1418,200,0
1419,95,1
1420,86,1
1421,85,1
1422,113,1
1423,125,1
1424,91,1
1425,70,1
1426,177,1
1427,127,1
1428,79,1
1429,149,1
1430,42,1
1431,94,1
1432,192,1
1433,136,1
1434,95,1
1435,83,1
1436,194,1
1437,87,1
1438,95,1
1439,125,1
1440,87,1
1441,40,1
1442,135,1
1443,74,1
1444,38,0
1445,173,0
1446,200,0
1447,200,0
1448,105,0
1449,152,0
1450,136,0
1451,127,1
1452,122,1
1453,200,0
1454,76,1
1455,90,0
1456,37,0
1457,38,1
1458,162,0
1459,167,1
1460,76,0
1461,78,1
1462,61,1
1463,112,1
1464,200,0
1465,193,1
1466,103,1
1467,72,1
1468,200,0
1469,90,1
1470,71,1
1471,116,1
1472,116,0
1473,32,0
1474,200,0
1475,182,1
1476,69,1
1477,127,1
1478,200,0
1479,98,1
1480,63,1
1481,163,1
1482,182,0
1483,80,1
1484,119,1
1485,95,0
1486,200,0
1487,153,1
1488,37,1
1489,66,1
1490,52,1
1491,200,0
1492,45,1
1493,200,0
1494,79,1
1495,77,1
1496,145,1
1497,41,1
1498,52,1
1499,116,1
1500,175,1
1501,114,1
1502,122,1
1503,174,1
1504,127,1
1505,200,0
1506,47,1
1507,61,1
1508,126,1
1509,115,1
1510,122,1
1511,61,1
1512,73,1
1513,200,0
1514,36,0
1515,131,1
1516,37,1
1517,57,1
1518,23,1
1519,98,1
1520,155,1
1521,68,1
1522,149,1
1523,107,1
1524,77,1
1525,48,1
1526,134,1
1527,125,1
1528,136,1
1529,111,1
1530,167,1
1531,186,1
1532,178,1
1533,137,1
1534,96,1
1535,73,0
1536,138,1
1537,155,1
1538,98,1
1539,175,1
1540,94,1
1541,77,1
1542,120,1
1543,118,1
1544,74,1
1545,34,1
1546,133,1
1547,166,1
1548,70,0
1549,98,1
1550,54,1
1551,79,1
1552,77,1
1553,178,0
1554,59,1
1555,66,1
1556,41,0
1557,98,1
1558,185,1
1559,122,1
1560,108,1
1561,161,1
1562,66,1
1563,96,1
1564,66,1
1565,167,1
1566,140,1
1567,106,1
1568,64,1
1569,87,0
1570,57,1
1571,55,0
1572,69,1
1573,153,1
1574,61,1
1575,31,1
1576,81,1
1577,115,1
1578,93,1
1579,137,1
1580,46,1
1581,110,1
1582,132,1
1583,36,1
1584,66,1
1585,121,1
1586,126,1
1587,88,1
1588,58,1
1589,47,0
1590,164,1
1591,130,1
1592,77,1
1593,200,0
1594,200,0
1595,76,1
1596,200,0
1597,200,0
1598,118,1
1599,186,1
1600,106,1
1601,200,0
1602,158,1
1603,83,1
1604,66,1
1605,172,1
1606,139,1
1607,55,1
1608,84,1
1609,145,1
1610,117,1
1611,200,0
1612,71,0
1613,175,1
1614,200,0
1615,200,0
1616,50,1
1617,181,1
1618,106,1
1619,141,1
1620,200,0
1621,200,0
1622,200,0
1623,160,1
1624,84,1
1625,90,1
1626,108,1
1627,148,1
1628,148,0
1629,200,0
1630,75,1
1631,183,1
1632,192,1
1633,109,1
1634,157,1
1635,55,1
1636,102,1
1637,71,1
1638,130,1
1639,109,1
1640,155,1
1641,170,1
1642,114,1
1643,200,0
1644,52,1
1645,109,1
1646,184,1
1647,101,1
1648,123,1
1649,61,1
1650,53,1
1651,41,1
1652,105,1
1653,178,0
1654,141,1
1655,89,1
1656,200,0
1657,200,0
1658,65,1
1659,189,1
1660,153,1
1661,64,0
1662,48,1
1663,77,1
1664,170,1
1665,200,0
1666,95,1
1667,89,1
1668,178,1
1669,87,1
1670,30,1
1671,23,0
1672,64,1
1673,59,1
1674,50,1
1675,89,1
1676,47,1
1677,42,1
1678,100,1
1679,61,1
1680,112,1
1681,166,1
1682,46,1
1683,98,1
1684,72,1
1685,79,1
1686,200,0
1687,83,1
1688,50,1
1689,140,1
1690,200,0
1691,157,1
1692,131,1
1693,94,1
1694,157,1
1695,123,1
1696,111,1
1697,200,0
1698,66,1
1699,144,1
1700,87,1
1701,200,0
1702,134,1
1703,75,1
1704,91,1
1705,77,1
1706,200,0
1707,47,1
1708,142,1
1709,59,1
1710,45,1
1711,147,1
1712,124,1
1713,104,0
1714,200,0
1715,47,1
1716,106,1
1717,147,1
1718,124,1
1719,63,1
1720,35,1
1721,44,1
1722,161,1
1723,200,0
1724,200,0
1725,38,1
1726,139,1
1727,65,1
1728,37,0
1729,200,0
1730,105,1
1731,53,1
1732,106,1
1733,200,0
1734,140,1
1735,127,1
1736,107,1
1737,156,1
1738,157,1
1739,62,0
1740,192,1
1741,95,1
1742,28,0
1743,88,1
1744,89,1
1745,51,1
1746,60,1
1747,78,1
1748,47,1
1749,96,1
1750,200,0
1751,30,0
1752,141,0
1753,200,0
1754,74,1
1755,85,1
1756,162,1
1757,186,1
1758,37,0
1759,157,1
1760,137,1
1761,134,1
1762,67,1
1763,70,1
1764,200,0
1765,52,1
1766,110,1
1767,64,1
1768,167,1
1769,113,1
1770,111,1
1771,86,1
1772,17,1
1773,95,1
1774,200,0
1775,131,1
1776,153,1
1777,193,1
1778,98,1
1779,79,1
1780,114,1
1781,65,1
1782,121,1
1783,155,1
1784,86,1
1785,200,0
1786,200,0
1787,49,1
1788,200,0
1789,59,0
1790,200,0
1791,130,0
1792,102,1
1793,175,1
1794,130,1
1795,200,0
1796,117,1
1797,176,1
1798,200,0
1799,200,0
1800,123,1
1801,95,1
1802,84,1
1803,200,0
1804,200,0
1805,99,1
1806,200,0
1807,36,1
1808,115,1
1809,200,0
1810,64,1
1811,200,0
1812,173,1
1813,74,1
1814,200,0
1815,91,1
1816,56,0
1817,85,1
1818,55,1
1819,109,1
1820,164,1
1821,200,0
1822,88,1
1823,170,1
1824,182,1
1825,81,0
1826,91,1
1827,82,1
1828,72,1
1829,173,1
1830,48,1
1831,200,0
1832,168,1
1833,55,1
1834,85,1
1835,105,1
1836,121,1
1837,104,1
1838,92,1
1839,146,1
1840,39,1
1841,132,1
1842,200,0
1843,200,0
1844,50,1
1845,200,0
1846,181,1
1847,114,1
1848,26,0
1849,105,1
1850,192,1
1851,48,1
1852,171,1
1853,106,1
1854,87,1
1855,134,1
1856,34,1
1857,136,1
1858,200,0
1859,55,1
1860,92,1
1861,14,0
1862,200,0
1863,173,1
1864,125,1
1865,63,1
1866,200,0
1867,67,1
1868,99,1
1869,200,0
1870,76,1
1871,72,1
1872,151,0
1873,92,1
1874,30,1
1875,64,1
1876,51,0
1877,63,1
1878,49,1
1879,45,1
1880,28,1
1881,48,1
1882,35,0
1883,188,1
1884,121,1
1885,132,1
1886,70,1
1887,131,1
1888,43,0
1889,189,1
1890,81,1
1891,200,0
1892,78,1
1893,114,1
1894,94,1
1895,44,0
1896,127,1
1897,37,1
1898,125,1
1899,147,1
1900,103,1
1901,191,1
1902,30,1
1903,92,1
1904,85,1
1905,200,0
1906,125,1
1907,148,1
1908,97,1
1909,165,1
1910,118,1
1911,67,1
1912,31,1
1913,106,1
1914,102,1
1915,107,1
1916,64,1
1917,96,1
1918,127,1
1919,53,1
1920,82,1
1921,82,1
1922,88,1
1923,200,0
1924,46,1
1925,103,1
1926,90,1
1927,136,1
1928,109,1
1929,68,1
1930,117,1
1931,200,0
1932,88,1
1933,200,0
1934,97,1
1935,37,1
1936,13,0
1937,181,1
1938,200,0
1939,89,1
1940,200,0
1941,200,0
1942,173,1
1943,151,1
1944,200,0
1945,101,1
1946,157,1
1947,88,1
1948,25,0
1949,66,1
1950,79,1
1951,189,1
1952,149,1
1953,73,1
1954,78,1
1955,148,1
1956,87,1
1957,151,1
1958,84,1
1959,118,1
1960,99,0
1961,59,0
1962,100,1
1963,200,0
1964,51,0
1965,49,0
1966,80,1
1967,38,1
1968,114,1
1969,164,1
1970,179,1
1971,115,1
1972,131,1
1973,82,1
1974,102,1
1975,92,1
1976,149,1
1977,131,1
1978,180,1
1979,69,1
1980,149,1
1981,68,1
1982,78,1
1983,49,1
1984,39,1
1985,143,1
1986,88,1
1987,96,1
1988,113,1
1989,102,1
1990,59,1
1991,151,1
1992,40,1
1993,195,1
1994,200,0
1995,62,1
1996,200,0
1997,200,0
1998,62,1
1999,107,1
2000,157,1
2001,46,1
2002,52,1
2003,38,0
2004,131,1
2005,33,1
2006,47,0
2007,127,1
2008,77,1
2009,93,1
2010,200,0
2011,159,1
2012,84,1
2013,123,1
2014,152,1
2015,67,1
2016,200,0
2017,99,1
2018,78,1
2019,142,1
2020,200,0
2021,92,1
2022,67,1
2023,83,1
2024,180,1
2025,178,1
2026,151,1
2027,96,1
2028,142,1
2029,51,1
2030,130,1
2031,53,1
2032,52,1
2033,43,1
2034,56,1
2035,192,1
2036,141,1
2037,200,0
2038,200,0
2039,91,1
2040,187,1
2041,198,1
2042,130,1
2043,200,0
2044,105,1
2045,200,0
2046,200,0
2047,148,1
2048,138,1
2049,93,1
2050,145,1
2051,141,1
2052,87,1
2053,200,0
2054,168,1
2055,139,1
2056,42,1
2057,121,1
2058,200,0
2059,164,1
2060,71,1
2061,92,1
2062,143,1
2063,140,1
2064,200,0
2065,91,1
2066,134,1
2067,15,0
2068,69,1
2069,75,1
2070,34,1
2071,63,1
2072,75,1
2073,16,0
2074,50,1
2075,93,1
2076,200,0
2077,54,1
2078,79,1
2079,153,1
2080,79,1
2081,68,1
2082,151,1
2083,193,1
2084,195,1
2085,84,1
2086,76,1
2087,67,1
2088,96,1
2089,105,1
2090,191,1
2091,141,1
2092,200,0
2093,28,1
2094,144,1
2095,44,1
2096,109,0
2097,200,0
2098,94,0
2099,200,0
2100,40,1
2101,49,1
2102,200,0
2103,87,1
2104,156,1
2105,200,0
2106,94,1
2107,66,1
2108,71,1
2109,98,1
2110,191,1
2111,28,0
2112,124,1
2113,57,1
2114,123,1
2115,65,1
2116,67,0
2117,124,1
2118,90,1
2119,93,1
2120,35,1
2121,180,1
2122,200,0
2123,95,1
2124,93,1
2125,105,1
2126,117,1
2127,200,0
2128,66,1
2129,134,1
2130,50,1
2131,108,0
2132,74,1
2133,62,1
2134,119,1
2135,162,1
2136,151,1
2137,102,1
2138,109,1
2139,83,1
2140,158,1
2141,86,1
2142,50,0
2143,124,1
2144,94,1
2145,25,0
2146,121,1
2147,69,1
2148,200,0
2149,88,1
2150,90,1
2151,139,1
2152,40,1
2153,151,1
2154,100,1
2155,198,1
2156,200,0
2157,44,1
2158,76,1
2159,150,1
2160,157,0
2161,192,1
2162,55,1
2163,35,1
2164,200,0
2165,72,1
2166,89,1
2167,156,1
2168,50,1
2169,200,0
2170,90,1
2171,45,1
2172,49,1
2173,88,1
2174,63,1
2175,129,1
2176,109,1
2177,119,0
2178,148,1
2179,58,1
2180,180,1
2181,168,1
2182,89,1
2183,97,1
2184,56,1
2185,132,1
2186,89,1
2187,200,0
2188,96,1
2189,87,1
2190,92,1
2191,84,1
2192,59,1
2193,133,1
2194,83,1
2195,110,1
2196,200,0
2197,98,1
2198,64,1
2199,108,1
2200,183,1
2201,93,1
2202,88,1
2203,21,0
2204,167,1
2205,159,1
2206,199,1
2207,185,1
2208,121,1
2209,88,1
2210,68,0
2211,20,0
2212,200,0
2213,12,0
2214,126,0
2215,67,1
2216,151,1
2217,145,1
2218,89,1
2219,159,1
2220,85,0
2221,200,0
2222,49,1
2223,85,1
2224,50,1
2225,17,0
2226,12,0
2227,80,1
2228,86,1
2229,59,1
2230,41,1
2231,181,1
2232,26,1
2233,200,0
2234,37,1
2235,43,0
2236,130,1
2237,74,1
2238,52,1
2239,64,1
2240,163,1
2241,147,0
2242,100,1
2243,200,0
2244,76,1
2245,74,1
2246,95,1
2247,200,0
2248,75,1
2249,113,1
2250,108,0
2251,129,1
2252,131,1
2253,66,1
2254,200,0
2255,71,1
2256,200,0
2257,99,0
2258,179,1
2259,200,0
2260,77,1
2261,133,1
2262,83,1
2263,83,1
2264,93,1
2265,101,1
2266,40,0
2267,42,1
2268,154,1
2269,128,1
2270,70,1
2271,52,1
2272,88,1
2273,132,1
2274,103,1
2275,98,1
2276,27,1
2277,131,1
2278,45,0
2279,200,0
2280,139,1
2281,118,1
2282,39,0
2283,51,1
2284,200,0
2285,170,1
2286,141,1
2287,200,0
2288,54,1
2289,97,1
2290,77,1
2291,74,0
2292,126,1
2293,111,1
2294,62,1
2295,56,1
2296,124,1
2297,38,1
2298,106,1
2299,61,1
2300,200,0
2301,29,1
2302,162,1
2303,62,1
2304,116,1
2305,127,1
2306,87,1
2307,200,0
2308,74,1
2309,106,1
2310,198,1
2311,146,1
2312,97,1
2313,33,1
2314,97,1
2315,47,1
2316,200,0
2317,111,1
2318,80,0
2319,194,1
2320,51,1
2321,200,0
2322,91,1
2323,98,1
2324,151,1
2325,68,1
2326,200,0
2327,79,1
2328,66,1
2329,62,1
2330,100,1
2331,131,1
2332,99,1
2333,63,1
2334,200,0
2335,49,1
2336,81,1
2337,138,1
2338,200,0
2339,133,1
2340,200,0
2341,121,1
2342,45,0
2343,74,1
2344,104,1
2345,89,1
2346,97,1
2347,151,1
2348,162,1
2349,155,1
2350,185,1
2351,200,0
2352,155,1
2353,95,1
2354,95,1
2355,95,1
2356,200,0
2357,200,0
2358,56,1
2359,157,1
2360,64,1
2361,79,1
2362,200,0
2363,120,1
2364,96,1
2365,168,1
2366,107,1
2367,200,0
2368,174,1
2369,125,1
2370,200,0
2371,200,0
2372,51,1
2373,50,0
2374,90,1
2375,200,0
2376,194,1
2377,49,1
2378,151,1
2379,59,1
2380,97,1
2381,188,1
2382,96,1
2383,108,1
2384,115,1
2385,89,1
2386,165,1
2387,79,1
2388,83,1
2389,132,1
2390,82,1
2391,32,0
2392,68,1
2393,83,1
2394,161,1
2395,55,1
2396,107,1
2397,90,1
2398,48,1
2399,126,1
2400,136,1
2401,40,1
2402,135,1
2403,160,1
2404,66,1
2405,46,1
2406,68,0
2407,97,0
2408,65,1
2409,65,1
2410,172,1
2411,145,1
2412,80,1
2413,104,1
2414,66,1
2415,68,0
2416,55,1
2417,66,1
2418,82,1
2419,155,1
2420,172,1
2421,180,1
2422,75,1
2423,95,1
2424,67,1
2425,131,1
2426,177,1
2427,158,1
2428,38,1
2429,118,1
2430,69,1
2431,157,1
2432,47,1
2433,110,1
2434,90,1
2435,83,1
2436,186,1
2437,64,1
2438,106,1
2439,57,1
2440,53,1
2441,62,1
2442,67,1
2443,57,1
2444,35,1
2445,55,1
2446,114,1
2447,20,0
2448,200,0
2449,74,0
2450,71,1
2451,119,1
2452,187,1
2453,56,1
2454,160,1
2455,109,1
2456,95,1
2457,200,0
2458,33,1
2459,30,0
2460,112,1
2461,49,1
2462,134,1
2463,82,1
2464,109,1
2465,132,1
2466,200,0
2467,200,0
2468,83,1
2469,87,1
2470,200,0
2471,72,1
2472,200,0
2473,55,1
2474,91,1
2475,57,1
2476,149,1
2477,71,0
2478,114,1
2479,66,0
2480,163,1
2481,128,1
2482,200,0
2483,200,0
2484,200,0
2485,101,0
2486,160,1
2487,167,1
2488,200,0
2489,173,1
2490,92,1
2491,65,1
2492,200,0
2493,63,1
2494,102,1
2495,97,1
2496,168,1
2497,160,1
2498,200,0
2499,89,1
2500,45,1
2501,200,0
2502,154,1
2503,200,0
2504,57,0
2505,177,1
2506,200,0
2507,191,1
2508,125,1
2509,119,1
2510,133,1
2511,137,1
2512,108,1
2513,76,1
2514,87,1
2515,117,1
2516,65,1
2517,156,1
2518,48,1
2519,200,0
2520,64,1
2521,200,0
2522,65,1
2523,64,1
2524,200,0
2525,84,1
2526,175,1
2527,48,1
2528,175,1
2529,57,1
2530,93,1
2531,124,1
2532,139,1
2533,76,1
2534,51,1
2535,78,1
2536,116,1
2537,200,0
2538,136,1
2539,122,1
2540,96,1
2541,150,1
2542,200,0
2543,69,1
2544,66,1
2545,115,1
2546,92,1
2547,200,0
2548,98,0
2549,98,1
2550,198,1
2551,62,1
2552,200,0
2553,132,1
2554,88,0
2555,57,1
2556,73,1
2557,169,1
2558,51,1
2559,133,1
2560,71,1
2561,34,1
2562,23,1
2563,110,1
2564,65,1
2565,64,1
2566,52,1
2567,200,0
2568,54,1
2569,111,1
2570,58,1
2571,55,1
2572,54,1
2573,133,1
2574,101,1
2575,145,1
2576,200,0
2577,133,1
2578,75,1
2579,57,0
2580,177,1
2581,75,1
2582,91,1
2583,53,1
2584,200,0
2585,81,1
2586,42,1
2587,125,1
2588,52,1
2589,66,1
2590,58,1
2591,77,1
2592,108,1
2593,138,1
2594,68,1
2595,158,0
2596,48,1
2597,200,0
2598,92,1
2599,72,1
2600,200,0
2601,115,1
2602,149,1
2603,54,1
2604,96,1
2605,189,0
2606,61,1
2607,112,1
2608,93,0
2609,200,0
2610,109,1
2611,76,1
2612,76,1
2613,77,1
2614,143,1
2615,178,1
2616,39,0
2617,200,0
2618,200,1
2619,79,1
2620,200,0
2621,200,0
2622,146,1
2623,200,0
2624,145,1
2625,39,0
2626,93,1
2627,88,1
2628,142,1
2629,37,1
2630,96,1
2631,185,1
2632,62,1
2633,58,1
2634,182,1
2635,156,1
2636,102,1
2637,108,1
2638,94,1
2639,200,0
2640,118,1
2641,113,1
2642,82,1
2643,71,1
2644,102,1
2645,121,1
2646,88,1
2647,46,1
2648,186,1
2649,81,1
2650,51,1
2651,200,0
2652,148,1
2653,133,1
2654,89,1
2655,42,1
2656,141,1
2657,168,1
2658,29,1
2659,200,0
2660,97,1
2661,158,1
2662,61,1
2663,68,1
2664,126,1
2665,130,1
2666,200,0
2667,89,1
2668,49,1
2669,78,1
2670,95,1
2671,77,1
2672,174,1
2673,200,0
2674,84,0
2675,107,1
2676,200,0
2677,85,1
2678,89,1
2679,200,0
2680,200,0
2681,91,1
2682,103,1
2683,140,1
2684,200,0
2685,175,1
2686,82,1
2687,132,1
2688,123,1
2689,200,0
2690,39,1
2691,95,1
2692,200,0
2693,200,0
2694,192,1
2695,200,0
2696,105,1
2697,93,1
2698,75,1
2699,61,1
2700,129,1
2701,56,1
2702,38,0
2703,182,1
2704,54,1
2705,160,1
2706,99,1
2707,157,1
2708,78,1
2709,154,1
2710,57,1
2711,68,1
2712,200,0
2713,62,1
2714,39,1
2715,200,0
2716,60,1
2717,76,1
2718,89,1
2719,59,1
2720,200,0
2721,53,1
2722,114,1
2723,67,1
2724,123,1
2725,102,1
2726,90,1
2727,141,1
2728,98,1
2729,106,1
2730,68,1
2731,109,1
2732,107,1
2733,137,1
2734,79,1
2735,87,1
2736,108,1
2737,168,1
2738,200,0
2739,172,1
2740,119,1
2741,107,1
2742,88,1
2743,51,1
2744,33,1
2745,58,1
2746,156,1
2747,200,0
2748,66,1
2749,36,1
2750,34,1
2751,66,1
2752,41,1
2753,200,0
2754,200,0
2755,178,1
2756,142,1
2757,111,1
2758,123,1
2759,110,1
2760,66,1
2761,136,1
2762,200,0
2763,38,1
2764,56,1
2765,104,1
2766,49,1
2767,52,1
2768,176,1
2769,200,0
2770,94,1
2771,152,1
2772,42,0
2773,143,1
2774,133,1
2775,50,1
2776,147,1
2777,130,1
2778,169,1
2779,200,0
2780,200,0
2781,129,1
2782,150,1
2783,200,0
2784,160,1
2785,77,1
2786,129,1
2787,174,1
2788,86,1
2789,112,1
2790,133,1
2791,53,0
2792,112,1
2793,55,1
2794,168,1
2795,61,1
2796,122,1
2797,86,1
2798,74,1
2799,101,1
2800,200,0
2801,113,1
2802,57,1
2803,130,1
2804,179,1
2805,62,1
2806,104,1
2807,38,1
2808,116,1
2809,200,0
2810,64,1
2811,116,1
2812,182,1
2813,76,1
2814,112,1
2815,81,1
2816,200,0
2817,200,0
2818,52,1
2819,97,1
2820,146,1
2821,172,1
2822,120,1
2823,81,1
2824,113,1
2825,125,1
2826,35,1
2827,112,1
2828,192,1
2829,74,1
2830,55,1
2831,57,1
2832,105,0
2833,200,0
2834,198,1
2835,44,1
2836,95,1
2837,76,1
2838,62,1
2839,68,1
2840,92,1
2841,121,1
2842,105,1
2843,122,1
2844,110,1
2845,113,1
2846,85,1
2847,55,1
2848,63,1
2849,137,1
2850,182,1
2851,51,1
2852,188,1
2853,52,1
2854,200,0
2855,62,1
2856,69,1
2857,75,1
2858,90,1
2859,61,1
2860,61,1
2861,120,1
2862,44,0
2863,87,1
2864,165,1
2865,142,1
2866,150,1
2867,64,1
2868,200,0
2869,24,0
2870,93,1
2871,147,1
2872,169,1
2873,50,1
2874,186,1
2875,127,1
2876,64,1
2877,56,1
2878,200,0
2879,121,1
2880,159,1
2881,64,1
2882,46,1
2883,200,0
2884,115,1
2885,64,1
2886,116,1
2887,200,0
2888,48,1
2889,174,1
2890,196,1
2891,134,1
2892,154,1
2893,77,1
2894,175,1
2895,200,0
2896,135,1
2897,109,1
2898,200,0
2899,42,0
2900,186,1
2901,58,1
2902,143,1
2903,170,1
2904,158,1
2905,200,0
2906,198,1
2907,200,0
2908,68,1
2909,103,1
2910,16,0
2911,200,0
2912,98,1
2913,58,0
2914,90,1
2915,200,0
2916,144,1
2917,200,0
2918,122,1
2919,200,0
2920,80,1
2921,101,1
2922,65,1
2923,52,1
2924,52,1
2925,94,1
2926,188,1
2927,147,1
2928,95,1
2929,168,1
2930,55,1
2931,140,1
2932,48,1
2933,112,1
2934,200,0
2935,96,1
2936,104,1
2937,182,1
2938,159,1
2939,128,1
2940,61,1
2941,114,1
2942,88,1
2943,43,1
2944,200,0
2945,39,1
2946,115,1
2947,94,1
2948,110,1
2949,47,1
2950,94,1
2951,107,0
2952,54,1
2953,69,1
2954,59,1
2955,200,0
2956,32,1
2957,77,1
2958,113,1
2959,82,1
2960,72,1
2961,77,1
2962,73,1
2963,41,1
2964,87,1
2965,103,1
2966,47,1
2967,33,1
2968,87,1
2969,148,1
2970,200,0
2971,115,0
2972,92,1
2973,61,0
2974,200,0
2975,96,1
2976,166,1
2977,153,1
2978,157,0
2979,74,1
2980,105,1
2981,111,0
2982,86,1
2983,123,1
2984,102,1
2985,113,1
2986,145,1
2987,200,0
2988,69,1
2989,95,1
2990,156,1
2991,62,1
2992,84,1
2993,47,1
2994,59,1
2995,194,1
2996,165,1
2997,68,1
2998,47,1
2999,200,0
3000,106,1
3001,62,1
3002,46,1
3003,69,1
3004,98,1
3005,83,1
3006,99,1
3007,177,0
3008,119,1
3009,41,1
3010,124,1
3011,37,0
3012,90,1
3013,29,1
3014,83,1
3015,56,1
3016,132,1
3017,131,1
3018,75,1
3019,78,1
3020,79,1
3021,122,1
3022,115,1
3023,71,1
3024,88,1
3025,35,0
3026,107,1
3027,93,1
3028,200,0
3029,148,1
3030,86,1
3031,112,1
3032,200,0
3033,61,1
3034,136,1
3035,93,1
3036,109,1
3037,51,1
3038,174,1
3039,73,1
3040,137,1
3041,146,1
3042,93,1
3043,52,1
3044,180,1
3045,136,1
3046,200,0
3047,138,1
3048,200,0
3049,56,1
3050,134,1
3051,124,1
3052,148,1
3053,74,1
3054,53,1
3055,104,1
3056,73,1
3057,115,1
3058,104,1
3059,72,1
3060,156,1
3061,69,1
3062,200,0
3063,71,1
3064,54,1
3065,93,1
3066,194,1
3067,121,1
3068,98,1
3069,103,1
3070,30,0
3071,148,1
3072,112,1
3073,87,1
3074,147,1
3075,79,1
3076,200,0
3077,200,0
3078,155,1
3079,133,1
3080,200,0
3081,200,0
3082,114,1
3083,200,0
3084,153,1
3085,114,1
3086,149,1
3087,200,0
3088,52,1
3089,43,1
3090,200,0
3091,148,1
3092,200,0
3093,67,1
3094,130,1
3095,97,1
3096,200,0
3097,46,1
3098,154,1
3099,57,1
3100,69,1
3101,187,1
3102,94,1
3103,164,1
3104,87,1
3105,170,1
3106,84,1
3107,117,1
3108,163,1
3109,184,1
3110,113,1
3111,92,1
3112,53,1
3113,74,1
3114,140,1
3115,40,0
3116,67,1
3117,154,1
3118,172,1
3119,142,1
3120,63,1
3121,200,0
3122,54,1
3123,53,1
3124,156,1
3125,71,1
3126,200,0
3127,74,1
3128,132,1
3129,54,1
3130,200,0
3131,79,1
3132,36,1
3133,116,1
3134,200,0
3135,34,0
3136,123,1
3137,76,1
3138,59,1
3139,56,1
3140,200,0
3141,173,1
3142,72,1
3143,200,0
3144,60,1
3145,58,1
3146,112,1
3147,168,1
3148,163,1
3149,200,0
3150,119,1
3151,200,0
3152,81,1
3153,84,1
3154,200,0
3155,73,1
3156,200,0
3157,110,1
3158,92,1
3159,57,1
3160,165,1
3161,86,1
3162,38,1
3163,38,1
3164,62,1
3165,38,1
3166,48,1
3167,133,1
3168,56,1
3169,185,1
3170,55,1
3171,104,1
3172,44,1
3173,120,1
3174,103,1
3175,72,1
3176,46,1
3177,91,1
3178,122,1
3179,53,1
3180,32,1
3181,164,1
3182,85,0
3183,83,1
3184,44,1
3185,200,0
3186,138,1
3187,64,1
3188,200,0
3189,136,1
3190,101,1
3191,91,1
3192,84,1
3193,87,1
3194,27,1
3195,57,1
3196,62,1
3197,113,1
3198,35,1
3199,56,1
3200,48,1
3201,104,1
3202,42,1
3203,75,1
3204,65,1
3205,50,1
3206,103,1
3207,106,1
3208,56,1
3209,101,1
3210,29,1
3211,40,1
3212,117,1
3213,87,1
3214,92,1
3215,83,1
3216,69,1
3217,147,1
3218,86,1
3219,63,1
3220,80,1
3221,59,1
3222,179,1
3223,200,0
3224,51,1
3225,156,1
3226,65,1
3227,44,1
3228,49,1
3229,200,0
3230,177,1
3231,150,1
3232,146,1
3233,150,1
3234,32,1
3235,38,1
3236,53,1
3237,68,1
3238,113,1
3239,131,1
3240,38,0
3241,80,1
3242,200,0
3243,68,1
3244,43,1
3245,138,1
3246,146,1
3247,39,1
3248,102,1
3249,93,1
3250,133,1
3251,75,1
3252,200,0
3253,88,1
3254,108,1
3255,83,1
3256,200,0
3257,90,1
3258,76,1
3259,74,1
3260,73,1
3261,88,1
3262,71,1
3263,200,0
3264,180,1
3265,61,1
3266,59,1
3267,39,1
3268,58,1
3269,56,1
3270,200,0
3271,105,1
3272,25,1
3273,182,1
3274,78,1
3275,109,1
3276,59,1
3277,177,1
3278,98,1
3279,78,1
3280,105,1
3281,103,1
3282,86,1
3283,91,1
3284,108,1
3285,69,0
3286,47,0
3287,190,1
3288,168,1
3289,57,1
3290,72,1
3291,172,1
3292,200,0
3293,80,1
3294,187,1
3295,123,1
3296,117,1
3297,106,1
3298,68,1
3299,130,1
3300,135,1
3301,105,1
3302,72,1
3303,200,1
3304,43,1
3305,138,1
3306,100,1
3307,200,0
3308,39,1
3309,200,0
3310,172,1
3311,114,1
3312,156,1
3313,53,1
3314,104,1
3315,79,1
3316,45,1
3317,101,1
3318,86,1
3319,83,1
3320,109,1
3321,106,1
3322,99,1
3323,69,1
3324,122,1
3325,75,1
3326,63,1
3327,92,1
3328,117,1
3329,173,1
3330,103,1
3331,109,1
3332,186,1
3333,137,1
3334,88,0
3335,74,1
3336,141,1
3337,91,1
3338,153,1
3339,74,1
3340,124,1
3341,97,1
3342,130,1
3343,82,1
3344,106,1
3345,200,0
3346,200,0
3347,54,1
3348,47,1
3349,200,0
3350,119,1
3351,101,1
3352,102,1
3353,91,1
3354,200,0
3355,28,1
3356,34,1
3357,168,1
3358,96,1
3359,130,1
3360,42,1
3361,200,0
3362,141,1
3363,174,1
3364,52,1
3365,46,1
3366,66,1
3367,200,0
3368,84,1
3369,77,1
3370,131,1
3371,200,0
3372,49,1
3373,76,1
3374,106,1
3375,110,1
3376,82,1
3377,66,1
3378,103,1
3379,107,1
3380,110,1
3381,72,1
3382,143,1
3383,106,1
3384,68,1
3385,176,1
3386,71,1
3387,92,1
3388,44,0
3389,200,0
3390,106,1
3391,125,1
3392,61,1
3393,45,1
3394,179,1
3395,200,0
3396,74,1
3397,77,1
3398,47,1
3399,92,1
3400,115,1
3401,108,1
3402,122,1
3403,71,1
3404,138,1
3405,22,1
3406,200,0
3407,182,1
3408,96,0
3409,74,1
3410,56,1
3411,200,0
3412,33,1
3413,200,0
3414,118,1
3415,115,1
3416,139,1
3417,200,0
3418,57,1
3419,141,1
3420,34,1
3421,200,0
3422,98,1
3423,132,1
3424,126,1
3425,137,1
3426,119,1
3427,36,1
3428,64,1
3429,90,1
3430,200,0
3431,178,1
3432,35,1
3433,182,1
3434,184,1
3435,130,1
3436,109,1
3437,142,1
3438,139,1
3439,51,1
3440,87,1
3441,199,1
3442,80,1
3443,174,1
3444,63,1
3445,145,1
3446,12,0
3447,137,1
3448,66,1
3449,187,1
3450,75,1
3451,90,1
3452,41,1
3453,197,1
3454,105,1
3455,153,1
3456,134,1
3457,92,1
3458,75,1
3459,68,1
3460,200,0
3461,72,1
3462,195,1
3463,188,1
3464,155,0
3465,155,1
3466,200,0
3467,48,1
3468,51,1
3469,125,0
3470,200,0
3471,200,0
3472,200,0
3473,70,1
3474,82,1
3475,94,1
3476,150,1
3477,60,1
3478,146,1
3479,129,1
3480,134,1
3481,132,1
3482,168,1
3483,76,1
3484,82,1
3485,65,1
3486,107,1
3487,61,1
3488,200,0
3489,79,1
3490,98,1
3491,51,1
3492,57,0
3493,137,1
3494,89,1
3495,68,1
3496,97,1
3497,145,1
3498,185,1
3499,59,1
3500,40,1
3501,97,1
3502,84,1
3503,55,1
3504,60,1
3505,110,1
3506,135,1
3507,48,1
3508,151,1
3509,188,1
3510,69,1
3511,82,1
3512,138,1
3513,103,1
3514,200,0
3515,159,1
3516,77,1
3517,81,1
3518,200,0
3519,148,1
3520,56,1
3521,52,1
3522,58,1
3523,110,1
3524,107,1
3525,104,1
3526,23,1
3527,74,1
3528,157,1
3529,156,1
3530,55,1
3531,96,1
3532,115,1
3533,106,1
3534,71,1
3535,86,1
3536,200,0
3537,177,1
3538,129,1
3539,50,0
3540,75,1
3541,99,1
3542,121,1
3543,71,1
3544,115,1
3545,105,1
3546,115,1
3547,133,1
3548,13,0
3549,200,0
3550,53,1
3551,57,1
3552,200,0
3553,158,1
3554,83,1
3555,170,1
3556,71,1
3557,169,1
3558,68,1
3559,50,0
3560,58,1
3561,47,1
3562,102,1
3563,121,1
3564,65,1
3565,135,1
3566,60,1
3567,91,1
3568,82,1
3569,78,1
3570,116,1
3571,159,1
3572,82,1
3573,63,1
3574,90,1
3575,62,1
3576,109,1
3577,48,1
3578,49,1
3579,76,1
3580,200,0
3581,98,1
3582,121,1
3583,52,1
3584,196,1
3585,200,0
3586,87,1
3587,91,0
3588,177,1
3589,104,1
3590,181,1
3591,75,1
3592,200,0
3593,42,1
3594,153,1
3595,45,1
3596,59,1
3597,200,0
3598,133,1
3599,135,1
3600,64,1
3601,118,1
3602,86,1
3603,52,1
3604,166,1
3605,110,1
3606,88,1
3607,185,1
3608,120,1
3609,99,1
3610,36,1
3611,200,0
3612,136,1
3613,59,1
3614,89,1
3615,159,1
3616,200,0
3617,199,1
3618,164,1
3619,194,1
3620,44,1
3621,42,1
3622,96,1
3623,200,0
3624,173,1
3625,181,1
3626,200,0
3627,170,1
3628,168,1
3629,48,1
3630,49,1
3631,43,1
3632,96,1
3633,127,1
3634,124,1
3635,166,1
3636,157,1
3637,142,0
3638,163,1
3639,49,1
3640,200,0
3641,123,1
3642,47,1
3643,151,1
3644,114,1
3645,61,1
3646,73,1
3647,23,0
3648,91,1
3649,70,1
3650,185,1
3651,81,1
3652,200,0
3653,95,1
3654,145,1
3655,139,1
3656,69,1
3657,101,1
3658,60,1
3659,111,1
3660,136,1
3661,67,1
3662,156,1
3663,38,1
3664,69,1
3665,102,1
3666,50,1
3667,71,1
3668,63,1
3669,139,1
3670,46,1
3671,45,1
3672,200,0
3673,49,1
3674,127,1
3675,48,1
3676,110,1
3677,65,1
3678,157,1
3679,97,1
3680,174,1
3681,104,1
3682,142,1
3683,180,1
3684,200,0
3685,200,0
3686,200,0
3687,94,1
3688,46,1
3689,76,0
3690,48,1
3691,53,1
3692,200,0
3693,92,1
3694,154,1
3695,136,1
3696,113,1
3697,101,1
3698,114,1
3699,88,1
3700,144,1
3701,133,1
3702,48,1
3703,48,1
3704,110,1
3705,64,1
3706,188,1
3707,54,1
3708,158,1
3709,55,1
3710,59,1
3711,200,0
3712,134,1
3713,164,1
3714,71,1
3715,51,1
3716,93,0
3717,200,0
3718,67,1
3719,77,1
3720,61,1
3721,44,1
3722,118,1
3723,97,1
3724,124,1
3725,126,1
3726,38,1
3727,200,0
3728,192,1
3729,200,0
3730,171,1
3731,116,1
3732,63,1
3733,113,1
3734,86,1
3735,98,1
3736,107,1
3737,124,1
3738,56,1
3739,200,0
3740,69,1
3741,200,0
3742,34,1
3743,39,0
3744,74,0
3745,93,1
3746,106,1
3747,74,1
3748,186,1
3749,155,1
3750,84,1
3751,32,1
3752,141,1
3753,136,1
3754,105,1
3755,79,1
3756,111,1
3757,200,0
3758,94,1
3759,146,1
3760,200,0
3761,139,1
3762,48,1
3763,68,1
3764,108,1
3765,113,1
3766,200,0
3767,140,1
3768,123,1
3769,85,1
3770,71,1
3771,142,1
3772,200,0
3773,62,1
3774,81,1
3775,86,1
3776,113,1
3777,94,1
3778,47,1
3779,60,1
3780,67,1
3781,61,1
3782,47,1
3783,48,1
3784,62,1
3785,200,0
3786,56,1
3787,108,1
3788,82,1
3789,59,1
3790,119,1
3791,200,0
3792,35,1
3793,125,0
3794,86,1
3795,87,1
3796,103,1
3797,200,0
3798,101,1
3799,110,1
3800,200,0
3801,200,0
3802,178,1
3803,50,1
3804,30,1
3805,80,1
3806,76,1
3807,139,1
3808,164,1
3809,93,1
3810,92,0
3811,42,1
3812,110,1
3813,200,0
3814,115,1
3815,99,1
3816,134,1
3817,179,1
3818,54,1
3819,101,1
3820,93,1
3821,126,1
3822,165,1
3823,53,1
3824,111,1
3825,112,1
3826,40,1
3827,94,1
3828,125,1
3829,139,1
3830,177,1
3831,115,1
3832,110,1
3833,65,1
3834,73,1
3835,28,1
3836,121,1
3837,161,1
3838,95,1
3839,147,1
3840,94,1
3841,61,1
3842,195,1
3843,38,1
3844,200,0
3845,120,1
3846,87,1
3847,111,1
3848,109,1
3849,113,0
3850,124,1
3851,121,1
3852,30,1
3853,81,1
3854,40,1
3855,62,1
3856,149,1
3857,88,1
3858,68,1
3859,99,1
3860,44,1
3861,200,0
3862,153,1
3863,99,1
3864,156,1
3865,72,1
3866,187,1
3867,150,1
3868,98,1
3869,200,0
3870,106,1
3871,7,0
3872,62,0
3873,187,1
3874,70,1
3875,126,1
3876,132,1
3877,127,1
3878,55,1
3879,59,1
3880,160,1
3881,200,0
3882,95,1
3883,123,1
3884,53,1
3885,119,1
3886,200,0
3887,98,1
3888,76,1
3889,121,1
3890,189,1
3891,75,1
3892,78,1
3893,200,0
3894,185,1
3895,67,0
3896,111,1
3897,38,1
3898,51,1
3899,57,1
3900,200,0
3901,187,1
3902,200,0
3903,128,1
3904,77,1
3905,80,1
3906,79,1
3907,71,1
3908,158,1
3909,104,1
3910,131,1
3911,155,1
3912,106,1
3913,194,1
3914,150,1
3915,103,1
3916,72,1
3917,51,1
3918,134,1
3919,40,1
3920,200,0
3921,200,0
3922,27,1
3923,111,1
3924,72,1
3925,68,1
3926,102,1
3927,28,1
3928,109,1
3929,37,1
3930,57,1
3931,200,0
3932,35,1
3933,90,1
3934,80,1
3935,113,1
3936,95,1
3937,147,1
3938,119,0
3939,130,1
3940,87,1
3941,31,1
3942,59,1
3943,74,1
3944,76,1
3945,122,1
3946,127,1
3947,49,1
3948,141,1
3949,82,1
3950,54,1
3951,36,1
3952,104,1
3953,200,0
3954,43,0
3955,142,1
3956,47,0
3957,200,0
3958,180,1
3959,200,0
3960,123,1
3961,108,1
3962,150,1
3963,149,1
3964,140,1
3965,37,0
3966,200,0
3967,81,1
3968,200,0
3969,109,1
3970,66,1
3971,81,1
3972,153,1
3973,88,1
3974,101,1
3975,84,1
3976,99,1
3977,93,1
3978,193,1
3979,61,1
3980,78,1
3981,117,1
3982,108,1
3983,51,1
3984,200,0
3985,173,1
3986,157,1
3987,126,1
3988,83,1
3989,131,1
3990,200,0
3991,108,1
3992,200,0
3993,101,1
3994,84,1
3995,68,0
3996,194,1
3997,75,1
3998,114,1
3999,200,0
4000,200,0
4001,96,1
4002,130,1
4003,118,1
4004,56,1
4005,51,1
4006,118,1
4007,190,1
4008,107,1
4009,101,1
4010,200,0
4011,35,1
4012,103,1
4013,100,0
4014,114,1
4015,140,1
4016,110,1
4017,59,1
4018,200,0
4019,84,1
4020,162,1
4021,80,1
4022,137,1
4023,79,0
4024,166,1
4025,54,1
4026,121,1
4027,49,1
4028,63,1
4029,180,1
4030,200,0
4031,200,0
4032,106,1
4033,123,1
4034,87,1
4035,49,1
4036,63,1
4037,92,1
4038,200,0
4039,200,0
4040,50,1
4041,200,0
4042,57,1
4043,59,1
4044,81,1
4045,38,1
4046,77,1
4047,118,1
4048,147,1
4049,64,1
4050,145,1
4051,98,1
4052,120,1
4053,200,0
4054,110,1
4055,114,1
4056,86,0
4057,64,1
4058,144,1
4059,134,1
4060,89,1
4061,88,1
4062,101,1
4063,53,1
4064,48,1
4065,57,1
4066,139,1
4067,100,1
4068,86,1
4069,60,1
4070,200,0
4071,64,1
4072,87,1
4073,134,1
4074,77,1
4075,200,0
4076,68,1
4077,119,1
4078,88,1
4079,79,1
4080,138,1
4081,88,1
4082,95,1
4083,67,1
4084,200,0
4085,35,1
4086,156,1
4087,111,1
4088,78,1
4089,91,1
4090,70,1
4091,200,0
4092,47,1
4093,25,1
4094,96,0
4095,59,1
4096,158,1
4097,69,1
4098,78,1
4099,160,1
4100,31,1
4101,105,1
4102,99,1
4103,89,1
4104,64,1
4105,83,1
4106,93,1
4107,43,1
4108,40,1
4109,164,1
4110,90,1
4111,114,1
4112,200,0
4113,200,0
4114,97,0
4115,100,1
4116,66,0
4117,89,1
4118,98,1
4119,58,1
4120,94,0
4121,107,1
4122,124,1
4123,86,1
4124,53,1
4125,65,1
4126,40,0
4127,56,1
4128,148,1
4129,200,0
4130,117,1
4131,172,1
4132,66,1
4133,52,1
4134,150,1
4135,71,1
4136,29,1
4137,56,1
4138,36,1
4139,141,1
4140,45,1
4141,61,1
4142,46,1
4143,171,1
4144,50,1
4145,130,1
4146,87,1
4147,114,1
4148,64,1
4149,146,1
4150,99,1
4151,64,1
4152,134,1
4153,139,1
4154,43,1
4155,189,1
4156,200,0
4157,24,1
4158,78,1
4159,128,1
4160,120,1
4161,71,1
4162,200,0
4163,175,1
4164,155,1
4165,200,0
4166,124,1
4167,200,0
4168,106,1
4169,123,0
4170,138,1
4171,35,1
4172,119,1
4173,76,1
4174,73,0
4175,66,1
4176,59,1
4177,53,0
4178,53,1
4179,118,1
4180,111,1
4181,69,1
4182,71,1
4183,200,0
4184,59,1
4185,68,1
4186,158,1
4187,84,1
4188,53,0
4189,153,1
4190,31,1
4191,30,1
4192,89,1
4193,98,1
4194,37,1
4195,89,1
4196,43,1
4197,109,1
4198,90,1
4199,82,1
4200,92,1
4201,77,1
4202,116,1
4203,131,1
4204,167,1
4205,61,1
4206,160,1
4207,66,1
4208,107,1
4209,139,1
4210,50,1
4211,200,0
4212,200,0
4213,71,1
4214,117,1
4215,67,1
4216,32,1
4217,200,0
4218,107,1
4219,64,1
4220,200,0
4221,45,1
4222,68,1
4223,67,1
4224,200,0
4225,70,1
4226,36,1
4227,100,0
4228,46,0
4229,200,0
4230,107,1
4231,78,1
4232,84,1
4233,142,1
4234,54,1
4235,56,0
4236,99,0
4237,129,1
4238,86,1
4239,54,1
4240,83,1
4241,96,1
4242,95,1
4243,151,1
4244,53,1
4245,93,1
4246,108,1
4247,117,1
4248,119,1
4249,200,0
4250,178,1
4251,85,1
4252,128,1
4253,58,1
4254,200,0
4255,58,1
4256,78,1
4257,200,0
4258,57,1
4259,61,1
4260,29,1
4261,79,1
4262,49,1
4263,81,1
4264,103,1
4265,50,1
4266,52,1
4267,167,1
4268,149,1
4269,79,1
4270,60,1
4271,81,1
4272,110,1
4273,93,0
4274,74,1
4275,57,1
4276,34,1
4277,46,0
4278,27,1
4279,146,1
4280,177,1
4281,99,1
4282,200,0
4283,200,0
4284,122,0
4285,200,0
4286,117,1
4287,105,1
4288,193,1
4289,63,1
4290,28,1
4291,37,1
4292,163,1
4293,53,1
4294,76,0
4295,53,1
4296,52,1
4297,66,1
4298,165,1
4299,51,1
4300,173,1
4301,66,1
4302,101,1
4303,138,0
4304,151,1
4305,90,1
4306,114,1
4307,82,1
4308,80,1
4309,100,1
4310,89,1
4311,164,1
4312,57,1
4313,91,1
4314,111,1
4315,198,1
4316,135,1
4317,104,1
4318,41,1
4319,114,1
4320,129,1
4321,92,1
4322,85,1
4323,54,1
4324,95,1
4325,73,1
4326,200,1
4327,90,1
4328,80,1
4329,79,1
4330,108,1
4331,187,1
4332,39,1
4333,51,1
4334,49,1
4335,32,1
4336,120,1
4337,53,0
4338,200,0
4339,92,1
4340,116,1
4341,116,1
4342,45,1
4343,128,1
4344,88,1
4345,20,0
4346,52,1
4347,103,1
4348,73,1
4349,68,1
4350,58,1
4351,130,1
4352,35,1
4353,200,0
4354,60,0
4355,200,0
4356,50,1
4357,64,1
4358,200,0
4359,64,1
4360,61,1
4361,97,1
4362,92,1
4363,128,1
4364,110,1
4365,38,1
4366,132,1
4367,69,1
4368,136,1
4369,68,1
4370,92,1
4371,200,0
4372,108,1
4373,98,1
4374,115,1
4375,81,1
4376,147,1
4377,64,1
4378,80,1
4379,174,1
4380,93,1
4381,103,1
4382,65,1
4383,106,1
4384,178,1
4385,80,1
4386,101,1
4387,200,0
4388,47,1
4389,200,0
4390,74,1
4391,119,1
4392,136,1
4393,63,1
4394,200,0
4395,163,1
4396,69,1
4397,58,1
4398,103,1
4399,118,1
4400,117,1
4401,82,1
4402,104,1
4403,122,1
4404,49,1
4405,31,1
4406,187,1
4407,92,1
4408,67,1
4409,67,1
4410,44,1
4411,55,1
4412,200,0
4413,86,1
4414,95,1
4415,150,1
4416,200,0
4417,113,1
4418,64,1
4419,152,1
4420,54,1
4421,82,1
4422,95,1
4423,200,0
4424,88,1
4425,58,1
4426,64,1
4427,91,1
4428,86,1
4429,200,0
4430,200,0
4431,200,0
4432,170,1
4433,54,1
4434,63,1
4435,50,0
4436,99,1
4437,37,1
4438,200,0
4439,111,1
4440,103,1
4441,155,1
4442,63,1
4443,83,1
4444,108,1
4445,102,1
4446,76,1
4447,128,1
4448,81,1
4449,117,1
4450,140,1
4451,67,1
4452,200,0
4453,101,1
4454,64,1
4455,161,1
4456,154,1
4457,39,1
4458,105,1
4459,32,1
4460,49,1
4461,72,1
4462,199,1
4463,107,1
4464,84,1
4465,73,1
4466,82,1
4467,67,1
4468,157,1
4469,97,1
4470,121,1
4471,84,0
4472,80,1
4473,82,1
4474,200,0
4475,59,1
4476,45,1
4477,81,1
4478,37,1
4479,105,1
4480,62,1
4481,153,1
4482,155,1
4483,69,1
4484,197,1
4485,72,1
4486,124,1
4487,171,1
4488,109,1
4489,182,1
4490,94,1
4491,93,1
4492,99,1
4493,68,1
4494,62,1
4495,64,1
4496,200,0
4497,66,1
4498,43,1
4499,57,1
4500,52,1
4501,80,1
4502,193,1
4503,31,1
4504,200,0
4505,100,1
4506,17,0
4507,76,1
4508,170,1
4509,66,1
4510,47,1
4511,200,0
4512,91,1
4513,96,1
4514,87,1
4515,125,1
4516,43,1
4517,67,1
4518,87,1
4519,98,1
4520,65,1
4521,109,1
4522,36,1
4523,25,1
4524,38,1
4525,82,1
4526,150,1
4527,60,1
4528,104,1
4529,52,1
4530,152,1
4531,29,1
4532,130,1
4533,181,1
4534,200,0
4535,37,1
4536,62,1
4537,106,1
4538,120,1
4539,83,1
4540,134,1
4541,110,1
4542,90,1
4543,69,1
4544,61,1
4545,171,1
4546,62,1
4547,200,0
4548,95,1
4549,95,1
4550,47,1
4551,163,1
4552,79,1
4553,57,1
4554,179,0
4555,200,0
4556,116,1
4557,51,1
4558,80,1
4559,200,0
4560,59,1
4561,98,1
4562,60,1
4563,193,1
4564,75,1
4565,74,1
4566,120,1
4567,130,1
4568,87,1
4569,34,1
4570,145,1
4571,146,1
4572,168,1
4573,43,1
4574,42,1
4575,110,1
4576,181,1
4577,100,1
4578,186,1
4579,46,1
4580,200,0
4581,49,1
4582,200,0
4583,181,1
4584,42,1
4585,42,1
4586,200,0
4587,51,1
4588,104,1
4589,200,0
4590,119,1
4591,200,0
4592,69,1
4593,104,1
4594,49,1
4595,69,1
4596,88,1
4597,193,1
4598,58,1
4599,98,1
4600,152,1
4601,83,1
4602,85,1
4603,161,1
4604,70,1
4605,91,1
4606,81,1
4607,101,1
4608,176,1
4609,95,1
4610,140,1
4611,113,1
4612,165,1
4613,200,0
4614,100,1
4615,69,1
4616,159,1
4617,102,1
4618,61,1
4619,112,1
4620,118,1
4621,200,0
4622,200,0
4623,199,1
4624,63,1
4625,58,1
4626,158,1
4627,164,1
4628,32,1
4629,200,0
4630,127,1
4631,56,1
4632,46,1
4633,43,1
4634,200,0
4635,58,1
4636,83,1
4637,79,1
4638,147,1
4639,200,0
4640,74,1
4641,200,0
4642,69,1
4643,195,1
4644,65,1
4645,113,1
4646,200,0
4647,77,1
4648,133,1
4649,132,1
4650,149,1
4651,103,1
4652,15,0
4653,53,1
4654,98,1
4655,139,1
4656,98,1
4657,172,1
4658,92,1
4659,200,0
4660,200,0
4661,93,1
4662,101,1
4663,152,1
4664,48,1
4665,118,1
4666,105,1
4667,57,1
4668,149,1
4669,45,1
4670,83,1
4671,67,1
4672,144,1
4673,135,1
4674,108,1
4675,64,1
4676,200,0
4677,200,0
4678,158,1
4679,72,0
4680,199,1
4681,163,0
4682,68,1
4683,117,1
4684,92,1
4685,81,1
4686,200,0
4687,87,1
4688,71,1
4689,103,1
4690,121,1
4691,200,0
4692,179,1
4693,79,1
4694,200,0
4695,84,1
4696,171,1
4697,200,0
4698,118,0
4699,54,0
4700,115,1
4701,200,0
4702,200,0
4703,87,1
4704,130,1
4705,55,1
4706,88,1
4707,61,1
4708,145,1
4709,113,1
4710,146,1
4711,46,1
4712,87,1
4713,40,1
4714,141,1
4715,52,1
4716,121,1
4717,100,1
4718,79,0
4719,178,1
4720,80,1
4721,200,0
4722,63,1
4723,106,1
4724,81,1
4725,92,1
4726,158,1
4727,60,1
4728,200,0
4729,102,1
4730,180,1
4731,92,1
4732,65,1
4733,70,1
4734,99,1
4735,200,0
4736,129,1
4737,77,1
4738,57,1
4739,165,1
4740,101,1
4741,156,1
4742,98,1
4743,56,1
4744,119,1
4745,85,1
4746,165,1
4747,61,1
4748,82,1
4749,85,1
4750,167,1
4751,64,1
4752,200,0
4753,113,1
4754,200,0
4755,164,1
4756,121,1
4757,56,1
4758,144,1
4759,51,0
4760,116,1
4761,88,1
4762,83,1
4763,74,1
4764,90,1
4765,102,1
4766,179,1
4767,66,1
4768,104,1
4769,200,0
4770,88,1
4771,200,0
4772,142,1
4773,144,1
4774,56,1
4775,49,1
4776,105,1
4777,140,1
4778,143,1
4779,181,1
4780,39,1
4781,200,0
4782,71,1
4783,23,1
4784,73,1
4785,69,1
4786,65,1
4787,80,1
4788,200,0
4789,124,1
4790,200,0
4791,139,1
4792,102,1
4793,89,1
4794,113,1
4795,99,1
4796,121,1
4797,80,1
4798,38,1
4799,39,1
4800,200,0
4801,37,1
4802,84,1
4803,176,1
4804,52,1
4805,41,1
4806,120,1
4807,148,1
4808,102,1
4809,186,1
4810,182,1
4811,169,1
4812,149,1
4813,44,0
4814,133,1
4815,114,0
4816,91,1
4817,200,0
4818,74,1
4819,190,1
4820,82,1
4821,60,1
4822,60,1
4823,73,1
4824,185,1
4825,67,1
4826,44,1
4827,200,0
4828,37,1
4829,200,0
4830,42,1
4831,126,1
4832,57,1
4833,200,0
4834,76,1
4835,200,0
4836,185,1
4837,80,1
4838,103,1
4839,164,1
4840,98,1
4841,84,0
4842,108,1
4843,68,1
4844,64,1
4845,147,1
4846,200,0
4847,200,0
4848,200,0
4849,123,1
4850,92,1
4851,200,0
4852,25,1
4853,52,1
4854,63,1
4855,200,0
4856,121,1
4857,107,1
4858,46,1
4859,78,1
4860,180,1
4861,91,1
4862,60,1
4863,89,1
4864,77,1
4865,89,1
4866,143,1
4867,49,0
4868,117,1
4869,167,1
4870,62,1
4871,43,1
4872,50,1
4873,70,1
4874,36,1
4875,137,1
4876,186,1
4877,70,1
4878,66,1
4879,34,1
4880,97,1
4881,50,1
4882,123,1
4883,54,1
4884,200,0
4885,56,1
4886,67,1
4887,76,1
4888,85,1
4889,80,1
4890,200,0
4891,72,1
4892,178,1
4893,59,1
4894,107,1
4895,53,1
4896,96,1
4897,43,1
4898,200,0
4899,134,1
4900,147,1
4901,171,1
4902,200,0
4903,137,1
4904,73,1
4905,54,1
4906,162,1
4907,38,1
4908,70,1
4909,76,1
4910,112,1
4911,181,1
4912,48,1
4913,107,1
4914,74,1
4915,159,1
4916,37,1
4917,87,0
4918,200,0
4919,108,1
4920,200,0
4921,150,1
4922,200,0
4923,58,1
4924,94,1
4925,43,1
4926,45,1
4927,26,1
4928,141,1
4929,106,1
4930,135,1
4931,61,1
4932,76,1
4933,104,1
4934,109,1
4935,58,1
4936,61,1
4937,40,1
4938,200,1
4939,131,1
4940,195,1
4941,200,0
4942,63,1
4943,177,1
4944,200,0
4945,50,1
4946,89,1
4947,114,1
4948,86,1
4949,107,1
4950,60,1
4951,80,1
4952,120,1
4953,99,1
4954,84,1
4955,126,1
4956,125,1
4957,36,1
4958,25,1
4959,130,1
4960,81,1
4961,139,1
4962,77,1
4963,50,1
4964,156,1
4965,84,1
4966,63,1
4967,176,1
4968,99,1
4969,181,1
4970,109,0
4971,63,1
4972,47,1
4973,164,1
4974,36,1
4975,64,1
4976,97,1
4977,113,1
4978,200,0
4979,55,1
4980,59,1
4981,95,1
4982,65,1
4983,34,1
4984,200,0
4985,27,1
4986,172,1
4987,200,0
4988,129,1
4989,200,0
4990,68,1
4991,45,1
4992,111,1
4993,65,1
4994,82,1
4995,87,1
4996,200,0
4997,129,1
4998,92,1
4999,52,1
5000,48,1
5001,42,1
5002,178,1
5003,92,1
5004,52,1
5005,200,0
5006,200,0
5007,48,1
5008,66,1
5009,111,0
5010,109,1
5011,102,1
5012,92,1
5013,68,1
5014,83,1
5015,45,1
5016,47,1
5017,80,1
5018,168,1
5019,163,1
5020,73,1
5021,172,1
5022,60,1
5023,47,1
5024,124,1
5025,107,1
5026,93,1
5027,84,1
5028,200,0
5029,48,1
5030,123,1
5031,106,1
5032,191,1
5033,122,1
5034,200,0
5035,54,1
5036,77,1
5037,140,1
5038,128,1
5039,82,1
5040,200,0
5041,56,1
5042,9,0
5043,162,1
5044,68,1
5045,200,0
5046,128,1
5047,149,1
5048,200,0
5049,162,1
5050,84,1
5051,48,1
5052,87,1
5053,186,1
5054,44,1
5055,81,1
5056,52,1
5057,200,0
5058,90,1
5059,46,1
5060,47,1
5061,72,1
5062,87,1
5063,64,1
5064,89,1
5065,191,1
5066,198,1
5067,200,0
5068,39,1
5069,44,1
5070,134,1
5071,141,1
5072,119,1
5073,56,1
5074,106,1
5075,93,1
5076,137,1
5077,98,1
5078,119,1
5079,40,1
5080,124,1
5081,97,1
5082,54,1
5083,149,0
5084,81,1
5085,37,1
5086,65,1
5087,83,1
5088,142,1
5089,200,0
5090,67,1
5091,117,1
5092,162,0
5093,91,1
5094,99,1
5095,114,1
5096,42,1
5097,41,1
5098,61,1
5099,155,1
5100,185,1
5101,200,0
5102,83,1
5103,92,1
5104,126,1
5105,77,1
5106,85,1
5107,29,1
5108,160,1
5109,120,1
5110,69,1
5111,197,0
5112,50,0
5113,143,1
5114,84,1
5115,129,1
5116,58,1
5117,178,1
5118,21,1
5119,143,1
5120,63,1
5121,51,0
5122,105,1
5123,178,1
5124,148,1
5125,65,1
5126,95,1
5127,119,1
5128,102,1
5129,200,0
5130,200,0
5131,73,1
5132,119,1
5133,42,1
5134,136,1
5135,34,1
5136,101,1
5137,50,1
5138,44,1
5139,40,1
5140,38,1
5141,136,1
5142,138,1
5143,48,1
5144,26,1
5145,129,1
5146,152,1
5147,101,1
5148,28,1
5149,115,1
5150,89,1
5151,65,1
5152,62,1
5153,44,1
5154,62,1
5155,48,1
5156,54,1
5157,66,1
5158,158,1
5159,127,1
5160,98,1
5161,107,1
5162,82,1
5163,172,1
5164,85,1
5165,158,1
5166,40,1
5167,117,1
5168,81,1
5169,200,0
5170,62,1
5171,31,1
5172,43,1
5173,98,1
5174,200,0
5175,90,1
5176,112,1
5177,80,1
5178,117,1
5179,43,1
5180,86,1
5181,162,1
5182,68,1
5183,175,0
5184,32,0
5185,67,1
5186,200,0
5187,109,1
5188,47,1
5189,200,0
5190,46,1
5191,200,0
5192,88,1
5193,200,0
5194,155,1
5195,61,1
5196,151,1
5197,200,0
5198,76,1
5199,56,0
5200,34,1
5201,99,1
5202,200,0
5203,146,1
5204,106,1
5205,69,1
5206,155,1
5207,104,1
5208,130,1
5209,200,0
5210,54,1
5211,200,0
5212,139,1
5213,56,1
5214,124,1
5215,64,1
5216,70,1
5217,150,1
5218,113,1
5219,63,1
5220,134,1
5221,84,1
5222,67,1
5223,91,1
5224,108,1
5225,121,1
5226,149,1
5227,151,1
5228,200,0
5229,76,1
5230,137,1
5231,137,1
5232,200,0
5233,151,1
5234,96,1
5235,80,1
5236,75,1
5237,179,1
5238,200,0
5239,200,0
5240,92,1
5241,120,1
5242,151,1
5243,108,1
5244,71,1
5245,78,1
5246,65,1
5247,120,1
5248,200,0
5249,44,1
5250,94,1
5251,80,1
5252,141,1
5253,71,1
5254,161,1
5255,109,1
5256,79,1
5257,200,0
5258,200,0
5259,60,1
5260,80,1
5261,200,0
5262,159,1
5263,117,1
5264,70,1
5265,45,1
5266,111,1
5267,200,0
5268,200,0
5269,136,1
5270,139,1
5271,105,1
5272,79,1
5273,188,1
5274,78,1
5275,59,0
5276,103,1
5277,94,1
5278,144,1
5279,52,1
5280,135,1
5281,125,1
5282,85,1
5283,200,0
5284,181,1
5285,146,1
5286,176,1
5287,142,1
5288,93,1
5289,84,1
5290,90,1
5291,192,1
5292,127,1
5293,113,1
5294,18,0
5295,66,1
5296,51,1
5297,200,0
5298,151,1
5299,36,1
5300,157,1
5301,146,1
5302,145,1
5303,181,1
5304,35,0
5305,59,1
5306,110,1
5307,75,1
5308,104,1
5309,56,1
5310,56,1
5311,53,1
5312,89,1
5313,83,1
5314,83,1
5315,133,1
5316,39,1
5317,159,1
5318,62,1
5319,96,1
5320,122,1
5321,56,1
5322,91,0
5323,200,0
5324,144,1
5325,54,1
5326,53,1
5327,200,0
5328,133,1
5329,133,1
5330,200,0
5331,92,1
5332,62,1
5333,54,1
5334,144,1
5335,200,0
5336,34,1
5337,63,1
5338,59,1
5339,52,1
5340,195,1
5341,87,1
5342,200,0
5343,55,1
5344,169,1
5345,93,1
5346,37,1
5347,90,1
5348,69,1
5349,200,0
5350,200,0
5351,68,1
5352,86,1
5353,84,1
5354,78,1
5355,55,1
5356,200,0
5357,93,1
5358,200,0
5359,57,1
5360,86,1
5361,52,1
5362,200,0
5363,200,0
5364,61,1
5365,199,1
5366,107,1
5367,113,1
5368,200,0
5369,87,1
5370,133,1
5371,70,1
5372,69,1
5373,63,1
5374,82,1
5375,80,1
5376,45,1
5377,68,1
5378,82,1
5379,106,1
5380,47,1
5381,70,1
5382,178,1
5383,96,1
5384,102,1
5385,191,1
5386,149,1
5387,130,1
5388,75,1
5389,86,1
5390,69,1
5391,99,1
5392,103,1
5393,120,1
5394,184,1
5395,135,1
5396,125,1
5397,144,1
5398,180,1
5399,164,1
5400,65,1
5401,100,1
5402,151,1
5403,165,1
5404,124,1
5405,58,1
5406,172,1
5407,67,1
5408,88,1
5409,117,1
5410,30,0
5411,188,1
5412,63,1
5413,67,1
5414,103,1
5415,127,1
5416,141,1
5417,40,1
5418,170,1
5419,160,1
5420,50,1
5421,74,1
5422,136,1
5423,78,1
5424,125,1
5425,51,1
5426,87,1
5427,182,1
5428,118,1
5429,194,1
5430,166,1
5431,146,1
5432,200,0
5433,58,1
5434,25,1
5435,100,1
5436,59,1
5437,89,1
5438,77,1
5439,58,1
5440,149,1
5441,102,1
5442,54,1
5443,77,1
5444,40,1
5445,34,1
5446,167,1
5447,130,1
5448,200,0
5449,173,1
5450,180,1
5451,85,1
5452,200,0
5453,152,1
5454,153,0
5455,127,1
5456,46,1
5457,146,1
5458,53,1
5459,66,1
5460,115,1
5461,200,0
5462,84,1
5463,129,1
5464,147,1
5465,169,1
5466,97,1
5467,200,0
5468,200,0
5469,46,1
5470,74,1
5471,113,1
5472,65,1
5473,83,1
5474,61,1
5475,65,1
5476,78,1
5477,97,1
5478,200,0
5479,151,1
5480,200,0
5481,30,0
5482,110,1
5483,146,1
5484,93,1
5485,107,1
5486,62,1
5487,81,1
5488,109,1
5489,86,1
5490,70,1
5491,200,0
5492,116,1
5493,79,1
5494,83,1
5495,70,1
5496,81,1
5497,76,0
5498,59,1
5499,104,1
5500,200,0
5501,178,1
5502,137,1
5503,188,1
5504,145,1
5505,128,1
5506,84,1
5507,79,1
5508,48,1
5509,73,1
5510,148,1
5511,77,1
5512,107,1
5513,41,1
5514,105,1
5515,200,0
5516,77,1
5517,57,1
5518,104,1
5519,76,1
5520,43,1
5521,47,1
5522,152,1
5523,57,1
5524,74,1
5525,200,0
5526,92,1
5527,164,1
5528,200,0
5529,78,1
5530,86,1
5531,72,1
5532,76,1
5533,114,1
5534,74,0
5535,80,1
5536,180,1
5537,173,1
5538,61,1
5539,63,1
5540,86,1
5541,200,0
5542,29,1
5543,200,0
5544,96,1
5545,73,1
5546,49,1
5547,153,1
5548,165,1
5549,200,0
5550,200,0
5551,67,1
5552,74,1
5553,119,1
5554,87,1
5555,61,1
5556,200,0
5557,195,1
5558,76,1
5559,200,0
5560,118,1
5561,29,0
5562,43,1
5563,93,1
5564,200,0
5565,60,1
5566,112,1
5567,81,1
5568,127,1
5569,42,1
5570,106,1
5571,37,1
5572,200,0
5573,82,1
5574,73,1
5575,124,1
5576,160,1
5577,103,1
5578,200,0
5579,63,1
5580,77,1
5581,68,1
5582,83,1
5583,80,1
5584,50,1
5585,175,1
5586,71,1
5587,77,1
5588,107,1
5589,200,0
5590,54,1
5591,86,1
5592,111,1
5593,46,1
5594,194,1
5595,115,1
5596,35,1
5597,109,1
5598,134,1
5599,95,0
5600,39,1
5601,187,1
5602,86,1
5603,185,1
5604,37,0
5605,26,1
5606,48,1
5607,54,1
5608,137,1
5609,103,1
5610,187,1
5611,124,1
5612,178,1
5613,177,1
5614,106,1
5615,107,1
5616,75,1
5617,141,1
5618,76,1
5619,138,1
5620,94,1
5621,59,1
5622,35,1
5623,62,1
5624,105,1
5625,99,1
5626,200,0
5627,24,1
5628,171,1
5629,200,0
5630,170,1
5631,200,0
5632,87,1
5633,189,1
5634,102,1
5635,96,1
5636,174,1
5637,140,1
5638,200,0
5639,57,1
5640,52,1
5641,152,1
5642,72,1
5643,78,1
5644,72,1
5645,66,1
5646,112,1
5647,55,1
5648,74,1
5649,67,1
5650,54,1
5651,200,1
5652,47,1
5653,64,1
5654,169,1
5655,63,1
5656,48,1
5657,168,1
5658,57,1
5659,150,1
5660,141,1
5661,119,1
5662,83,1
5663,132,1
5664,200,0
5665,84,1
5666,91,1
5667,109,1
5668,74,1
5669,154,1
5670,200,0
5671,25,1
5672,59,1
5673,200,0
5674,58,1
5675,40,1
5676,100,1
5677,43,1
5678,101,1
5679,200,0
5680,151,1
5681,83,1
5682,74,1
5683,140,1
5684,178,0
5685,36,1
5686,168,1
5687,200,0
5688,118,1
5689,65,1
5690,150,1
5691,200,0
5692,93,1
5693,57,1
5694,77,1
5695,64,1
5696,78,1
5697,142,1
5698,40,1
5699,185,1
5700,179,1
5701,200,0
5702,172,1
5703,149,1
5704,20,1
5705,104,1
5706,51,1
5707,128,1
5708,200,0
5709,149,1
5710,156,1
5711,200,0
5712,200,0
5713,88,1
5714,162,1
5715,65,1
5716,97,1
5717,168,1
5718,151,1
5719,150,1
5720,125,1
5721,75,1
5722,37,1
5723,194,1
5724,102,1
5725,200,0
5726,123,1
5727,54,1
5728,139,1
5729,200,0
5730,121,1
5731,176,1
5732,54,1
5733,61,1
5734,81,1
5735,67,1
5736,73,1
5737,127,1
5738,105,1
5739,71,1
5740,127,1
5741,129,1
5742,123,1
5743,87,1
5744,62,1
5745,134,1
5746,86,1
5747,107,1
5748,70,1
5749,77,1
5750,96,1
5751,71,1
5752,142,1
5753,104,1
5754,49,1
5755,106,1
5756,131,1
5757,108,0
5758,34,1
5759,52,1
5760,76,1
5761,67,1
5762,94,1
5763,99,1
5764,82,1
5765,127,1
5766,56,1
5767,144,1
5768,72,1
5769,70,1
5770,87,1
5771,63,1
5772,40,1
5773,100,1
5774,138,1
5775,29,1
5776,84,1
5777,87,1
5778,49,1
5779,101,1
5780,64,1
5781,150,1
5782,128,1
5783,200,0
5784,78,1
5785,139,1
5786,158,1
5787,68,1
5788,105,1
5789,139,1
5790,87,1
5791,53,1
5792,40,1
5793,50,1
5794,166,1
5795,153,1
5796,200,0
5797,117,1
5798,200,0
5799,127,1
5800,65,1
5801,57,1
5802,86,1
5803,140,1
5804,135,1
5805,32,1
5806,100,1
5807,92,1
5808,53,1
5809,74,1
5810,84,1
5811,194,0
5812,132,1
5813,49,1
5814,200,0
5815,69,1
5816,66,1
5817,200,0
5818,114,1
5819,55,1
5820,36,1
5821,162,1
5822,66,1
5823,46,1
5824,69,1
5825,173,1
5826,77,1
5827,39,1
5828,94,1
5829,61,1
5830,78,1
5831,107,1
5832,83,1
5833,200,0
5834,72,1
5835,124,1
5836,66,1
5837,33,1
5838,115,1
5839,134,1
5840,71,1
5841,200,0
5842,200,0
5843,46,0
5844,94,1
5845,153,1
5846,200,0
5847,46,1
5848,41,1
5849,200,0
5850,75,1
5851,161,1
5852,74,1
5853,86,1
5854,93,1
5855,56,1
5856,124,1
5857,41,1
5858,39,1
5859,36,1
5860,47,1
5861,102,1
5862,111,1
5863,200,0
5864,163,1
5865,78,1
5866,43,1
5867,159,1
5868,200,0
5869,73,1
5870,71,1
5871,78,1
5872,102,1
5873,75,1
5874,84,1
5875,200,0
5876,72,1
5877,59,1
5878,35,1
5879,132,1
5880,200,0
5881,165,1
5882,147,1
5883,51,1
5884,200,0
5885,178,1
5886,90,1
5887,43,1
5888,133,1
5889,162,1
5890,67,1
5891,135,1
5892,120,1
5893,37,1
5894,144,1
5895,36,1
5896,96,1
5897,74,1
5898,74,1
5899,115,1
5900,121,1
5901,96,1
5902,45,1
5903,116,1
5904,67,1
5905,40,1
5906,50,1
5907,138,1
5908,59,1
5909,200,0
5910,53,1
5911,102,1
5912,200,0
5913,66,1
5914,41,1
5915,32,1
5916,83,1
5917,133,1
5918,48,1
5919,109,1
5920,31,1
5921,63,1
5922,33,1
5923,98,1
5924,102,1
5925,118,1
5926,64,1
5927,200,0
5928,102,1
5929,200,0
5930,69,1
5931,54,1
5932,116,1
5933,163,1
5934,191,1
5935,179,1
5936,69,1
5937,135,1
5938,129,1
5939,100,1
5940,63,0
5941,47,1
5942,200,0
5943,128,1
5944,103,1
5945,140,0
5946,114,1
5947,88,1
5948,99,1
5949,60,1
5950,88,1
5951,57,1
5952,82,1
5953,44,1
5954,103,0
5955,83,0
5956,76,1
5957,81,1
5958,132,1
5959,35,1
5960,44,1
5961,42,1
5962,46,1
5963,39,1
5964,110,1
5965,88,1
5966,60,1
5967,200,0
5968,44,1
5969,200,0
5970,123,1
5971,122,1
5972,109,1
5973,91,1
5974,76,1
5975,88,1
5976,105,0
5977,149,1
5978,70,1
5979,99,1
5980,100,1
5981,126,1
5982,91,1
5983,35,1
5984,66,1
5985,61,1
5986,78,1
5987,120,1
5988,200,0
5989,75,1
5990,113,1
5991,74,1
5992,34,1
5993,62,0
5994,122,1
5995,104,1
5996,62,1
5997,117,1
5998,200,0
5999,113,1
6000,71,1
6001,75,1
6002,104,1
6003,89,1
6004,65,1
6005,124,1
6006,106,1
6007,85,1
6008,49,1
6009,143,1
6010,71,1
6011,59,1
6012,122,1
6013,141,1
6014,43,1
6015,87,1
6016,39,1
6017,71,1
6018,109,1
6019,200,0
6020,122,1
6021,92,1
6022,73,1
6023,57,1
6024,114,1
6025,162,1
6026,53,1
6027,94,1
6028,81,1
6029,200,0
6030,100,1
6031,200,0
6032,81,1
6033,62,1
6034,200,0
6035,193,1
6036,45,1
6037,200,0
6038,57,1
6039,133,0
6040,86,1
6041,200,0
6042,199,1
6043,66,1
6044,194,1
6045,174,1
6046,96,1
6047,66,1
6048,138,1
6049,48,1
6050,200,0
6051,39,0
6052,120,1
6053,183,1
6054,98,1
6055,119,1
6056,53,0
6057,65,1
6058,23,1
6059,71,1
6060,80,0
6061,140,1
6062,170,1
6063,81,1
6064,108,1
6065,75,1
6066,177,1
6067,30,1
6068,73,1
6069,31,1
6070,101,1
6071,99,1
6072,156,1
6073,83,1
6074,50,0
6075,119,1
6076,50,1
6077,170,1
6078,100,0
6079,95,1
6080,88,1
6081,38,1
6082,129,0
6083,43,1
6084,69,1
6085,146,1
6086,194,1
6087,82,1
6088,94,1
6089,107,1
6090,76,1
6091,163,1
6092,144,1
6093,107,1
6094,121,1
6095,133,1
6096,177,1
6097,103,1
6098,84,1
6099,103,1
6100,119,1
6101,186,1
6102,116,1
6103,74,1
6104,191,1
6105,158,1
6106,158,1
6107,130,1
6108,96,1
6109,93,1
6110,108,1
6111,162,1
6112,165,1
6113,93,1
6114,88,1
6115,195,1
6116,200,0
6117,47,1
6118,77,1
6119,200,0
6120,146,1
6121,90,1
6122,48,1
6123,23,1
6124,180,1
6125,200,0
6126,68,0
6127,200,0
6128,166,1
6129,81,1
6130,110,1
6131,55,1
6132,117,1
6133,106,1
6134,34,1
6135,107,1
6136,151,1
6137,55,0
6138,200,0
6139,71,1
6140,200,0
6141,60,1
6142,200,0
6143,53,1
6144,90,1
6145,42,1
6146,76,1
6147,82,1
6148,200,0
6149,130,1
6150,133,1
6151,112,1
6152,53,1
6153,77,1
6154,82,1
6155,51,1
6156,67,1
6157,55,1
6158,78,1
6159,65,1
6160,109,1
6161,87,1
6162,137,1
6163,106,1
6164,143,1
6165,109,1
6166,200,0
6167,160,1
6168,33,1
6169,40,1
6170,154,1
6171,156,1
6172,55,1
6173,73,1
6174,69,1
6175,51,1
6176,43,1
6177,100,1
6178,99,1
6179,48,1
6180,30,1
6181,116,1
6182,106,1
6183,42,1
6184,81,1
6185,92,1
6186,105,0
6187,101,1
6188,90,1
6189,64,0
6190,95,1
6191,119,0
6192,80,1
6193,94,1
6194,179,1
6195,74,1
6196,41,1
6197,58,1
6198,155,1
6199,60,1
6200,152,1
6201,53,1
6202,105,1
6203,95,1
6204,200,0
6205,138,1
6206,96,1
6207,77,1
6208,200,0
6209,92,1
6210,75,1
6211,56,1
6212,34,0
6213,148,1
6214,136,1
6215,86,1
6216,23,0
6217,61,1
6218,154,1
6219,155,1
6220,76,1
6221,200,0
6222,92,1
6223,48,1
6224,150,1
6225,76,1
6226,153,1
6227,82,1
6228,178,1
6229,119,1
6230,200,0
6231,64,1
6232,159,1
6233,161,1
6234,95,1
6235,58,1
6236,200,0
6237,72,1
6238,64,0
6239,90,1
6240,171,1
6241,200,0
6242,131,1
6243,65,1
6244,91,1
6245,95,1
6246,146,1
6247,132,1
6248,71,1
6249,200,0
6250,91,1
6251,57,1
6252,200,0
6253,200,0
6254,101,1
6255,40,1
6256,200,0
6257,200,0
6258,200,0
6259,90,1
6260,64,1
6261,48,1
6262,36,0
6263,120,1
6264,119,1
6265,54,1
6266,101,1
6267,100,1
6268,200,0
6269,200,0
6270,31,1
6271,77,1
6272,200,0
6273,61,1
6274,89,1
6275,200,0
6276,195,1
6277,200,0
6278,40,1
6279,118,1
6280,149,1
6281,200,0
6282,132,1
6283,103,0
6284,48,1
6285,200,0
6286,36,1
6287,101,1
6288,200,0
6289,41,1
6290,175,1
6291,116,1
6292,89,1
6293,77,1
6294,112,1
6295,28,1
6296,62,1
6297,200,0
6298,76,1
6299,200,0
6300,149,1
6301,66,1
6302,87,1
6303,36,0
6304,38,1
6305,168,1
6306,80,1
6307,138,1
6308,95,1
6309,84,1
6310,107,1
6311,166,1
6312,101,1
6313,74,1
6314,200,0
6315,117,1
6316,55,1
6317,32,1
6318,130,1
6319,71,1
6320,109,1
6321,45,1
6322,128,1
6323,136,1
6324,200,0
6325,192,1
6326,102,1
6327,44,1
6328,26,1
6329,138,1
6330,44,1
6331,70,1
6332,189,1
6333,84,1
6334,56,1
6335,63,1
6336,56,1
6337,28,0
6338,50,1
6339,200,0
6340,60,1
6341,25,1
6342,74,1
6343,114,1
6344,130,1
6345,36,1
6346,107,1
6347,42,1
6348,129,1
6349,64,1
6350,176,1
6351,100,1
6352,84,1
6353,200,0
6354,200,0
6355,55,1
6356,84,1
6357,51,1
6358,127,1
6359,98,1
6360,200,0
6361,54,0
6362,52,1
6363,60,1
6364,89,1
6365,150,1
6366,150,1
6367,52,1
6368,137,1
6369,47,1
6370,86,1
6371,200,0
6372,74,1
6373,153,1
6374,77,1
6375,61,1
6376,51,1
6377,86,1
6378,93,1
6379,133,1
6380,160,1
6381,88,1
6382,105,1
6383,114,1
6384,155,1
6385,200,0
6386,200,0
6387,71,1
6388,82,1
6389,118,1
6390,43,1
6391,99,1
6392,41,1
6393,73,1
6394,115,1
6395,58,1
6396,85,1
6397,108,1
6398,178,1
6399,83,1
6400,45,1
6401,138,0
6402,83,1
6403,103,1
6404,139,1
6405,100,1
6406,152,1
6407,106,1
6408,85,1
6409,47,1
6410,200,0
6411,58,1
6412,114,1
6413,81,1
6414,98,1
6415,108,1
6416,126,1
6417,84,1
6418,156,1
6419,101,1
6420,112,1
6421,197,1
6422,184,1
6423,85,1
6424,82,1
6425,73,1
6426,36,1
6427,71,1
6428,36,1
6429,105,1
6430,69,1
6431,96,1
6432,200,0
6433,46,1
6434,147,0
6435,126,1
6436,99,1
6437,54,1
6438,80,1
6439,127,1
6440,200,0
6441,91,1
6442,73,1
6443,113,1
6444,53,1
6445,60,1
6446,99,1
6447,41,1
6448,105,1
6449,141,1
6450,37,1
6451,45,1
6452,200,0
6453,54,1
6454,91,1
6455,112,1
6456,116,1
6457,99,1
6458,196,1
6459,75,1
6460,56,1
6461,124,1
6462,174,1
6463,123,1
6464,54,1
6465,112,1
6466,59,1
6467,141,1
6468,125,1
6469,189,1
6470,83,1
6471,56,1
6472,139,1
6473,200,0
6474,49,1
6475,166,1
6476,200,0
6477,128,1
6478,86,1
6479,64,1
6480,80,1
6481,85,1
6482,54,1
6483,43,1
6484,195,1
6485,200,0
6486,93,1
6487,102,1
6488,57,1
6489,152,1
6490,142,1
6491,122,1
6492,74,1
6493,65,0
6494,86,1
6495,111,1
6496,36,1
6497,54,1
6498,72,1
6499,91,1
6500,181,1
6501,66,1
6502,70,1
6503,116,1
6504,66,1
6505,97,1
6506,200,0
6507,52,1
6508,170,1
6509,95,1
6510,154,1
6511,18,1
6512,98,1
6513,53,1
6514,113,1
6515,74,1
6516,200,0
6517,124,1
6518,110,1
6519,66,1
6520,69,1
6521,63,1
6522,60,1
6523,97,1
6524,128,1
6525,62,1
6526,200,0
6527,99,1
6528,152,1
6529,200,0
6530,122,1
6531,200,0
6532,100,1
6533,200,0
6534,57,1
6535,121,1
6536,89,1
6537,80,1
6538,39,1
6539,142,1
6540,122,1
6541,55,1
6542,39,1
6543,106,1
6544,95,1
6545,150,1
6546,113,1
6547,98,1
6548,200,0
6549,102,1
6550,194,1
6551,117,1
6552,60,1
6553,100,1
6554,135,1
6555,99,1
6556,111,1
6557,160,1
6558,61,1
6559,79,1
6560,108,1
6561,70,1
6562,98,1
6563,42,1
6564,82,1
6565,47,1
6566,79,1
6567,133,1
6568,160,1
6569,140,1
6570,69,1
6571,47,1
6572,186,1
6573,172,1
6574,56,1
6575,62,1
6576,200,0
6577,65,1
6578,91,1
6579,77,1
6580,73,1
6581,138,1
6582,98,1
6583,91,1
6584,200,0
6585,67,1
6586,114,1
6587,101,1
6588,139,1
6589,121,1
6590,119,1
6591,28,0
6592,70,1
6593,26,1
6594,84,1
6595,86,1
6596,40,1
6597,165,1
6598,81,1
6599,132,1
6600,153,1
6601,73,1
6602,68,1
6603,28,1
6604,200,0
6605,149,1
6606,103,1
6607,62,1
6608,110,1
6609,115,1
6610,182,1
6611,65,1
6612,70,1
6613,200,0
6614,106,1
6615,136,1
6616,66,1
6617,160,1
6618,75,1
6619,109,1
6620,105,1
6621,138,0
6622,142,1
6623,200,0
6624,135,1
6625,111,1
6626,70,1
6627,72,1
6628,87,1
6629,47,1
6630,99,1
6631,103,1
6632,101,1
6633,200,0
6634,64,1
6635,154,1
6636,67,1
6637,30,1
6638,136,1
6639,46,1
6640,112,1
6641,60,1
6642,200,0
6643,42,1
6644,128,1
6645,56,1
6646,147,1
6647,200,0
6648,88,1
6649,118,1
6650,84,1
6651,57,1
6652,200,0
6653,45,1
6654,66,1
6655,122,0
6656,200,0
6657,124,1
6658,38,1
6659,90,1
6660,200,0
6661,57,1
6662,149,1
6663,200,0
6664,200,0
6665,117,1
6666,185,1
6667,90,1
6668,59,1
6669,97,1
6670,17,1
6671,40,1
6672,58,1
6673,57,1
6674,157,1
6675,57,1
6676,66,1
6677,200,0
6678,81,1
6679,60,1
6680,81,1
6681,102,0
6682,102,1
6683,200,0
6684,61,1
6685,120,1
6686,186,1
6687,174,1
6688,38,1
6689,200,0
6690,175,1
6691,41,1
6692,54,1
6693,200,0
6694,69,0
6695,78,1
6696,133,1
6697,118,1
6698,111,1
6699,49,1
6700,117,1
6701,69,1
6702,200,0
6703,135,1
6704,170,1
6705,47,1
6706,169,1
6707,168,1
6708,76,0
6709,77,1
6710,66,1
6711,188,1
6712,195,1
6713,70,1
6714,200,0
6715,60,1
6716,43,1
6717,90,1
6718,149,1
6719,105,0
6720,103,1
6721,195,1
6722,83,1
6723,48,1
6724,77,1
6725,200,0
6726,115,1
6727,175,1
6728,174,1
6729,88,1
6730,180,1
6731,84,1
6732,133,1
6733,125,1
6734,189,1
6735,132,1
6736,193,1
6737,40,1
6738,174,1
6739,92,1
6740,52,1
6741,143,1
6742,191,1
6743,117,1
6744,114,1
6745,200,0
6746,165,1
6747,83,1
6748,125,1
6749,66,1
6750,48,1
6751,140,1
6752,151,1
6753,145,1
6754,50,1
6755,29,1
6756,74,1
6757,121,1
6758,51,1
6759,53,1
6760,58,1
6761,200,0
6762,92,1
6763,200,0
6764,66,1
6765,28,1
6766,109,1
6767,200,0
6768,58,1
6769,109,1
6770,171,1
6771,96,1
6772,123,0
6773,114,1
6774,200,0
6775,141,1
6776,175,1
6777,77,1
6778,25,0
6779,143,1
6780,200,0
6781,145,1
6782,72,1
6783,59,1
6784,137,1
6785,167,1
6786,189,1
6787,95,1
6788,104,1
6789,140,1
6790,58,1
6791,151,1
6792,53,1
6793,109,1
6794,35,1
6795,39,1
6796,155,1
6797,200,0
6798,63,1
6799,136,1
6800,75,1
6801,188,1
6802,100,1
6803,171,1
6804,173,1
6805,189,1
6806,200,0
6807,59,1
6808,135,1
6809,68,1
6810,79,1
6811,200,0
6812,200,0
6813,87,1
6814,51,1
6815,156,1
6816,89,1
6817,66,1
6818,33,1
6819,188,1
6820,74,1
6821,83,1
6822,130,1
6823,200,0
6824,53,1
6825,101,1
6826,56,1
6827,181,1
6828,114,1
6829,106,1
6830,85,1
6831,90,1
6832,61,1
6833,52,1
6834,168,1
6835,95,1
6836,66,1
6837,200,0
6838,91,1
6839,62,1
6840,142,1
6841,200,0
6842,156,1
6843,38,1
6844,130,1
6845,88,1
6846,84,1
6847,87,0
6848,55,1
6849,83,1
6850,76,1
6851,67,1
6852,200,0
6853,16,0
6854,163,1
6855,79,1
6856,145,1
6857,200,0
6858,107,1
6859,200,0
6860,118,1
6861,85,1
6862,121,1
6863,119,1
6864,127,1
6865,101,1
6866,44,1
6867,165,1
6868,83,1
6869,121,1
6870,64,1
6871,76,1
6872,97,1
6873,45,1
6874,85,1
6875,45,1
6876,197,1
6877,77,1
6878,117,1
6879,44,0
6880,145,1
6881,135,1
6882,131,1
6883,143,1
6884,120,1
6885,140,1
6886,48,1
6887,125,1
6888,180,1
6889,168,1
6890,84,1
6891,133,1
6892,87,1
6893,133,1
6894,101,1
6895,155,1
6896,200,0
6897,85,1
6898,200,0
6899,173,1
6900,133,1
6901,94,1
6902,72,1
6903,77,1
6904,59,1
6905,167,1
6906,42,1
6907,86,1
6908,117,1
6909,68,1
6910,109,1
6911,139,1
6912,43,1
6913,52,1
6914,53,1
6915,59,1
6916,200,0
6917,85,1
6918,200,0
6919,30,1
6920,126,1
6921,127,1
6922,197,1
6923,62,1
6924,90,1
6925,132,1
6926,100,1
6927,127,1
6928,33,1
6929,170,1
6930,111,1
6931,61,1
6932,95,1
6933,102,1
6934,47,1
6935,137,1
6936,60,1
6937,148,1
6938,138,1
6939,200,0
6940,157,1
6941,73,1
6942,80,1
6943,92,1
6944,92,1
6945,83,1
6946,48,1
6947,200,0
6948,65,1
6949,129,1
6950,59,1
6951,168,1
6952,143,1
6953,138,0
6954,124,1
6955,57,1
6956,94,1
6957,61,1
6958,77,1
6959,94,1
6960,26,0
6961,85,1
6962,77,1
6963,84,1
6964,35,1
6965,68,1
6966,127,1
6967,54,1
6968,47,1
6969,200,0
6970,147,1
6971,82,1
6972,154,1
6973,40,1
6974,68,1
6975,118,1
6976,102,1
6977,56,1
6978,55,1
6979,60,0
6980,124,1
6981,53,1
6982,69,1
6983,80,1
6984,33,1
6985,121,1
6986,130,1
6987,39,1
6988,61,1
6989,154,1
6990,200,0
6991,162,1
6992,149,1
6993,45,1
6994,96,1
6995,96,1
6996,192,1
6997,90,1
6998,37,1
6999,109,1
7000,200,0
7001,200,0
7002,49,1
7003,90,1
7004,59,1
7005,200,0
7006,104,1
7007,130,0
7008,69,1
7009,130,1
7010,111,1
7011,115,1
7012,84,1
7013,146,1
7014,69,1
7015,99,1
7016,147,1
7017,131,1
7018,135,1
7019,199,1
7020,181,1
7021,126,1
7022,110,1
7023,53,1
7024,50,1
7025,91,1
7026,155,1
7027,94,1
7028,151,1
7029,194,1
7030,69,1
7031,91,1
7032,150,1
7033,56,1
7034,136,1
7035,157,1
7036,76,1
7037,139,1
7038,32,1
7039,95,1
7040,200,0
7041,112,1
7042,120,1
7043,79,1
7044,67,1
7045,56,1
7046,45,1
7047,80,1
7048,41,1
7049,99,1
7050,129,1
7051,78,1
7052,128,1
7053,88,0
7054,138,1
7055,113,1
7056,65,1
7057,67,1
7058,166,1
7059,76,1
7060,163,1
7061,113,1
7062,32,1
7063,200,0
7064,99,1
7065,91,1
7066,84,1
7067,87,1
7068,44,1
7069,94,1
7070,200,0
7071,72,1
7072,200,0
7073,98,1
7074,59,1
7075,142,1
7076,54,1
7077,200,0
7078,171,1
7079,122,1
7080,98,1
7081,89,1
7082,81,1
7083,199,1
7084,49,1
7085,168,1
7086,192,1
7087,86,1
7088,114,1
7089,200,0
7090,130,1
7091,74,1
7092,103,1
7093,122,1
7094,168,1
7095,180,1
7096,40,1
7097,200,1
7098,128,1
7099,102,1
7100,200,0
7101,122,1
7102,121,1
7103,109,1
7104,133,1
7105,110,1
7106,44,1
7107,173,1
7108,107,1
7109,125,1
7110,200,0
7111,54,1
7112,142,1
7113,112,1
7114,69,1
7115,72,1
7116,72,1
7117,60,1
7118,77,1
7119,115,0
7120,200,0
7121,49,1
7122,47,1
7123,83,0
7124,93,1
7125,169,1
7126,64,1
7127,79,1
7128,200,0
7129,141,1
7130,90,1
7131,152,1
7132,93,1
7133,200,0
7134,46,1
7135,159,1
7136,144,1
7137,129,1
7138,68,1
7139,116,1
7140,91,1
7141,82,1
7142,200,0
7143,105,1
7144,186,1
7145,200,0
7146,47,1
7147,46,1
7148,150,1
7149,120,1
7150,113,1
7151,78,1
7152,29,1
7153,138,1
7154,142,1
7155,33,1
7156,73,1
7157,150,1
7158,85,1
7159,39,1
7160,59,1
7161,200,0
7162,158,1
7163,90,0
7164,102,1
7165,34,1
7166,174,1
7167,200,0
7168,125,1
7169,129,1
7170,62,1
7171,200,0
7172,147,1
7173,50,0
7174,88,1
7175,192,1
7176,61,1
7177,95,1
7178,64,1
7179,68,1
7180,200,0
7181,99,1
7182,71,1
7183,52,1
7184,150,1
7185,56,1
7186,51,0
7187,98,1
7188,122,1
7189,68,1
7190,73,1
7191,69,1
7192,105,1
7193,83,1
7194,200,0
7195,166,1
7196,200,0
7197,73,1
7198,140,1
7199,83,1
7200,50,1
7201,62,1
7202,120,1
7203,112,1
7204,173,1
7205,123,1
7206,195,1
7207,76,1
7208,162,1
7209,40,1
7210,87,1
7211,55,1
7212,66,1
7213,73,1
7214,53,1
7215,81,1
7216,48,1
7217,106,1
7218,104,1
7219,73,1
7220,63,1
7221,90,1
7222,157,1
7223,74,1
7224,162,1
7225,69,1
7226,184,1
7227,47,1
7228,120,1
7229,98,1
7230,57,1
7231,141,1
7232,125,1
7233,63,1
7234,77,1
7235,84,1
7236,48,1
7237,188,1
7238,66,1
7239,117,1
7240,173,1
7241,200,0
7242,138,1
7243,200,0
7244,124,1
7245,108,1
7246,47,1
7247,142,1
7248,73,1
7249,50,1
7250,70,1
7251,160,1
7252,73,1
7253,135,1
7254,39,1
7255,124,1
7256,119,1
7257,64,1
7258,36,1
7259,143,1
7260,90,1
7261,75,1
7262,69,1
7263,66,1
7264,25,1
7265,72,1
7266,84,1
7267,200,0
7268,69,1
7269,22,1
7270,82,1
7271,52,0
7272,115,1
7273,83,1
7274,118,1
7275,66,1
7276,193,1
7277,115,1
7278,76,1
7279,51,1
7280,61,1
7281,200,0
7282,53,1
7283,128,1
7284,39,1
7285,93,1
7286,44,1
7287,158,1
7288,73,1
7289,125,1
7290,138,0
7291,200,0
7292,108,1
7293,84,1
7294,94,1
7295,47,1
7296,74,1
7297,46,1
7298,76,1
7299,88,1
7300,83,1
7301,78,1
7302,82,1
7303,48,1
7304,114,1
7305,109,1
7306,67,1
7307,131,1
7308,45,1
7309,132,1
7310,151,1
7311,67,1
7312,178,1
7313,200,0
7314,99,1
7315,108,1
7316,200,0
7317,68,1
7318,33,1
7319,160,1
7320,103,1
7321,85,1
7322,127,1
7323,59,0
7324,94,1
7325,200,0
7326,110,1
7327,43,1
7328,77,1
7329,101,1
7330,122,1
7331,57,1
7332,79,1
7333,60,1
7334,140,1
7335,91,1
7336,61,1
7337,96,1
7338,110,1
7339,76,1
7340,64,1
7341,135,1
7342,59,1
7343,199,1
7344,69,1
7345,81,1
7346,64,1
7347,200,0
7348,90,1
7349,156,1
7350,84,1
7351,152,1
7352,96,1
7353,61,1
7354,46,1
7355,82,1
7356,31,1
7357,59,1
7358,108,1
7359,73,1
7360,145,1
7361,200,0
7362,200,0
7363,70,1
7364,73,1
7365,200,0
7366,77,1
7367,150,1
7368,134,1
7369,117,1
7370,196,1
7371,161,1
7372,104,1
7373,49,1
7374,90,1
7375,119,1
7376,72,1
7377,116,1
7378,29,1
7379,41,1
7380,74,1
7381,200,0
7382,40,1
7383,96,1
7384,154,1
7385,57,1
7386,71,1
7387,200,0
7388,121,1
7389,96,1
7390,85,1
7391,65,1
7392,54,1
7393,151,1
7394,74,1
7395,129,1
7396,169,1
7397,84,1
7398,156,1
7399,126,1
7400,96,1
7401,64,1
7402,200,0
7403,66,1
7404,90,1
7405,52,1
7406,108,1
7407,89,1
7408,179,1
7409,136,1
7410,137,1
7411,52,1
7412,120,1
7413,93,0
7414,170,1
7415,57,1
7416,94,1
7417,118,1
7418,145,1
7419,109,0
7420,84,1
7421,75,1
7422,89,1
7423,196,1
7424,143,1
7425,195,1
7426,83,1
7427,97,1
7428,200,0
7429,79,1
7430,102,1
7431,96,1
7432,53,1
7433,46,1
7434,86,1
7435,125,1
7436,29,0
7437,156,1
7438,84,1
7439,43,1
7440,152,1
7441,70,0
7442,79,1
7443,63,1
7444,83,1
7445,78,1
7446,76,0
7447,200,0
7448,60,1
7449,178,1
7450,122,1
7451,77,1
7452,78,1
7453,53,1
7454,200,0
7455,157,1
7456,67,1
7457,119,1
7458,47,1
7459,126,1
7460,57,1
7461,72,1
7462,96,1
7463,129,1
7464,37,1
7465,47,1
7466,28,1
7467,126,1
7468,162,1
7469,25,1
7470,60,1
7471,200,0
7472,126,1
7473,200,0
7474,167,1
7475,57,1
7476,53,1
7477,140,1
7478,149,1
7479,35,1
7480,72,1
7481,127,1
7482,51,1
7483,200,0
7484,50,1
7485,55,1
7486,135,1
7487,43,1
7488,69,1
7489,125,1
7490,82,1
7491,146,1
7492,200,0
7493,109,1
7494,26,1
7495,200,0
7496,71,1
7497,129,1
7498,200,0
7499,176,1
7500,85,1
7501,13,0
7502,200,0
7503,72,1
7504,87,1
7505,160,1
7506,83,1
7507,57,1
7508,32,1
7509,200,0
7510,48,1
7511,106,1
7512,78,1
7513,101,1
7514,97,1
7515,81,1
7516,60,1
7517,87,1
7518,54,1
7519,101,1
7520,52,1
7521,200,0
7522,116,1
7523,91,1
7524,121,1
7525,75,1
7526,128,1
7527,118,1
7528,175,1
7529,96,1
7530,200,0
7531,58,1
7532,168,1
7533,61,1
7534,66,1
7535,27,1
7536,78,1
7537,200,0
7538,137,1
7539,200,0
7540,48,1
7541,72,1
7542,166,1
7543,79,1
7544,192,1
7545,107,1
7546,41,1
7547,55,1
7548,140,1
7549,52,1
7550,58,1
7551,108,1
7552,179,1
7553,63,1
7554,89,1
7555,55,1
7556,56,1
7557,110,1
7558,63,1
7559,47,1
7560,93,1
7561,24,1
7562,88,1
7563,153,1
7564,131,1
7565,128,1
7566,89,1
7567,97,1
7568,185,1
7569,187,1
7570,59,1
7571,135,1
7572,48,1
7573,63,1
7574,114,1
7575,178,1
7576,78,1
7577,64,1
7578,141,1
7579,200,0
7580,60,1
7581,110,1
7582,137,1
7583,82,1
7584,66,1
7585,114,1
7586,100,1
7587,175,1
7588,81,1
7589,117,1
7590,187,1
7591,82,1
7592,162,1
7593,200,0
7594,200,0
7595,109,1
7596,38,1
7597,200,0
7598,106,1
7599,94,1
7600,103,1
7601,41,1
7602,141,1
7603,94,1
7604,128,1
7605,152,1
7606,146,1
7607,108,1
7608,113,1
7609,93,1
7610,60,1
7611,200,0
7612,105,1
7613,121,1
7614,68,1
7615,75,1
7616,45,1
7617,159,1
7618,149,1
7619,58,1
7620,39,1
7621,42,1
7622,49,1
7623,90,1
7624,56,1
7625,68,1
7626,162,0
7627,20,0
7628,68,1
7629,39,1
7630,58,1
7631,200,0
7632,30,1
7633,200,0
7634,77,1
7635,77,1
7636,58,1
7637,58,1
7638,200,0
7639,46,1
7640,43,1
7641,136,1
7642,200,0
7643,79,1
7644,31,1
7645,139,1
7646,180,1
7647,44,1
7648,103,1
7649,200,0
7650,122,1
7651,30,1
7652,121,1
7653,104,1
7654,113,1
7655,71,1
7656,200,0
7657,196,1
7658,86,1
7659,105,1
7660,106,1
7661,33,1
7662,139,1
7663,151,1
7664,125,1
7665,141,1
7666,63,1
7667,36,1
7668,73,1
7669,144,1
7670,96,1
7671,82,1
7672,58,1
7673,40,1
7674,85,1
7675,44,1
7676,116,1
7677,89,1
7678,126,1
7679,44,1
7680,200,0
7681,127,1
7682,85,1
7683,98,1
7684,200,0
7685,122,1
7686,110,1
7687,65,1
7688,177,1
7689,89,1
7690,119,1
7691,152,1
7692,200,0
7693,97,1
7694,169,1
7695,54,1
7696,94,1
7697,64,1
7698,85,1
7699,124,1
7700,156,1
7701,114,1
7702,79,1
7703,88,1
7704,157,1
7705,153,1
7706,78,1
7707,200,0
7708,112,1
7709,51,1
7710,160,1
7711,73,1
7712,200,0
7713,60,1
7714,200,0
7715,164,1
7716,92,1
7717,69,1
7718,98,1
7719,112,1
7720,114,1
7721,50,1
7722,119,1
7723,72,1
7724,86,1
7725,46,1
7726,165,1
7727,200,0
7728,56,1
7729,60,1
7730,52,1
7731,83,1
7732,107,1
7733,107,1
7734,91,0
7735,36,1
7736,106,1
7737,49,1
7738,53,1
7739,40,1
7740,89,1
7741,78,1
7742,200,0
7743,121,1
7744,151,1
7745,58,1
7746,49,1
7747,58,1
7748,84,1
7749,120,1
7750,82,1
7751,110,1
7752,102,1
7753,175,1
7754,26,0
7755,49,1
7756,60,1
7757,200,0
7758,96,1
7759,162,1
7760,62,1
7761,35,1
7762,50,1
7763,80,1
7764,128,1
7765,116,1
7766,72,1
7767,62,1
7768,110,1
7769,55,1
7770,104,1
7771,58,1
7772,200,0
7773,68,1
7774,97,1
7775,161,1
7776,90,1
7777,73,1
7778,163,1
7779,156,1
7780,32,1
7781,121,1
7782,165,1
7783,170,1
7784,51,1
7785,39,1
7786,57,1
7787,67,1
7788,74,1
7789,197,1
7790,166,1
7791,161,1
7792,161,1
7793,200,0
7794,106,1
7795,200,0
7796,43,0
7797,90,1
7798,76,1
7799,80,1
7800,96,1
7801,105,1
7802,154,1
7803,75,1
7804,87,0
7805,70,1
7806,61,1
7807,98,1
7808,152,1
7809,83,1
7810,191,1
7811,200,0
7812,44,1
7813,40,1
7814,115,1
7815,55,1
7816,68,1
7817,99,1
7818,85,1
7819,159,1
7820,106,1
7821,97,1
7822,96,1
7823,44,1
7824,200,0
7825,112,1
7826,200,0
7827,113,1
7828,113,1
7829,33,1
7830,200,0
7831,79,1
7832,181,1
7833,115,1
7834,188,1
7835,139,1
7836,102,1
7837,150,1
7838,100,1
7839,138,1
7840,190,1
7841,112,1
7842,142,1
7843,200,0
7844,107,1
7845,48,1
7846,117,1
7847,187,1
7848,85,1
7849,61,1
7850,52,1
7851,174,1
7852,103,1
7853,22,1
7854,200,0
7855,97,1
7856,200,0
7857,52,1
7858,166,1
7859,49,1
7860,178,1
7861,80,1
7862,37,1
7863,76,1
7864,30,0
7865,69,1
7866,61,1
7867,47,1
7868,200,0
7869,55,1
7870,158,1
7871,76,1
7872,30,1
7873,86,1
7874,115,1
7875,68,0
7876,85,1
7877,145,1
7878,57,1
7879,124,1
7880,27,1
7881,80,1
7882,200,0
7883,72,1
7884,200,0
7885,103,1
7886,62,1
7887,144,1
7888,163,1
7889,116,1
7890,64,1
7891,60,1
7892,77,1
7893,200,0
7894,174,1
7895,92,1
7896,194,1
7897,90,1
7898,125,1
7899,68,1
7900,146,1
7901,63,1
7902,136,1
7903,199,1
7904,55,1
7905,73,1
7906,86,1
7907,64,1
7908,38,1
7909,124,1
7910,101,1
7911,34,1
7912,144,1
7913,42,1
7914,67,1
7915,121,1
7916,170,1
7917,84,1
7918,64,1
7919,45,1
7920,42,1
7921,34,1
7922,72,1
7923,66,0
7924,200,0
7925,123,1
7926,34,0
7927,114,1
7928,85,1
7929,66,1
7930,120,1
7931,200,0
7932,62,1
7933,199,1
7934,93,1
7935,90,1
7936,64,1
7937,34,1
7938,58,1
7939,161,1
7940,156,1
7941,200,0
7942,116,1
7943,200,0
7944,160,1
7945,33,1
7946,58,1
7947,76,1
7948,67,1
7949,157,1
7950,182,1
7951,66,1
7952,113,0
7953,52,1
7954,130,1
7955,92,1
7956,74,0
7957,136,1
7958,124,1
7959,110,1
7960,82,1
7961,90,1
7962,71,1
7963,77,1
7964,99,1
7965,118,1
7966,111,1
7967,139,1
7968,65,1
7969,105,0
7970,84,1
7971,84,1
7972,200,0
7973,96,1
7974,58,1
7975,39,1
7976,55,1
7977,26,0
7978,180,1
7979,91,1
7980,61,1
7981,200,0
7982,116,1
7983,200,0
7984,46,1
7985,73,1
7986,87,1
7987,41,1
7988,108,1
7989,97,1
7990,89,1
7991,200,0
7992,45,1
7993,84,1
7994,200,0
7995,173,1
7996,149,1
7997,45,1
7998,31,1
7999,200,0
8000,90,1
8001,117,1
8002,89,1
8003,200,0
8004,130,1
8005,109,1
8006,66,1
8007,119,1
8008,61,1
8009,55,1
8010,111,1
8011,200,0
8012,115,1
8013,159,1
8014,113,1
8015,200,0
8016,59,1
8017,92,1
8018,67,1
8019,200,0
8020,124,1
8021,53,1
8022,200,0
8023,87,1
8024,99,1
8025,200,0
8026,110,1
8027,110,1
8028,90,1
8029,163,1
8030,81,1
8031,90,1
8032,66,1
8033,80,1
8034,168,1
8035,58,1
8036,61,1
8037,80,1
8038,57,1
8039,94,1
8040,58,1
8041,109,1
8042,67,1
8043,130,1
8044,45,0
8045,130,1
8046,107,1
8047,141,1
8048,81,1
8049,33,0
8050,142,1
8051,97,1
8052,97,1
8053,69,1
8054,137,1
8055,113,1
8056,41,1
8057,27,1
8058,129,1
8059,101,1
8060,200,0
8061,95,1
8062,78,1
8063,117,1
8064,50,1
8065,73,1
8066,141,1
8067,34,1
8068,118,1
8069,123,1
8070,95,1
8071,89,1
8072,68,1
8073,79,1
8074,66,1
8075,118,1
8076,200,0
8077,200,0
8078,159,1
8079,67,1
8080,38,0
8081,91,1
8082,143,1
8083,58,1
8084,36,1
8085,92,1
8086,97,1
8087,75,1
8088,39,1
8089,90,1
8090,53,1
8091,51,1
8092,128,1
8093,138,1
8094,115,1
8095,41,1
8096,152,1
8097,33,0
8098,39,1
8099,112,1
8100,173,1
8101,64,1
8102,84,1
8103,57,1
8104,102,1
8105,104,1
8106,33,1
8107,72,1
8108,115,1
8109,99,1
8110,44,1
8111,89,1
8112,80,1
8113,200,0
8114,142,1
8115,79,1
8116,139,0
8117,80,1
8118,54,1
8119,43,1
8120,200,0
8121,165,1
8122,110,1
8123,200,0
8124,157,1
8125,58,1
8126,100,1
8127,192,1
8128,75,1
8129,56,1
8130,101,1
8131,200,0
8132,96,1
8133,82,1
8134,52,1
8135,62,1
8136,128,1
8137,66,1
8138,67,1
8139,53,1
8140,48,1
8141,87,1
8142,115,1
8143,169,1
8144,88,1
8145,112,1
8146,130,1
8147,56,1
8148,59,1
8149,93,1
8150,179,1
8151,103,1
8152,63,1
8153,69,1
8154,71,1
8155,200,0
8156,200,0
8157,140,1
8158,115,1
8159,101,1
8160,118,1
8161,200,0
8162,186,1
8163,82,1
8164,193,1
8165,80,1
8166,82,1
8167,34,1
8168,164,1
8169,103,1
8170,41,1
8171,86,1
8172,89,1
8173,76,1
8174,48,1
8175,132,1
8176,102,1
8177,56,1
8178,67,1
8179,77,1
8180,42,1
8181,67,1
8182,76,1
8183,51,1
8184,138,1
8185,37,1
8186,115,1
8187,42,0
8188,75,1
8189,45,1
8190,68,1
8191,126,1
8192,68,1
8193,110,1
8194,107,1
8195,39,1
8196,79,1
8197,200,0
8198,59,1
8199,79,1
8200,134,1
8201,59,1
8202,83,1
8203,90,1
8204,150,1
8205,115,1
8206,137,1
8207,89,1
8208,135,1
8209,41,1
8210,180,1
8211,150,1
8212,149,1
8213,200,0
8214,78,1
8215,76,1
8216,115,1
8217,69,1
8218,90,1
8219,59,1
8220,66,1
8221,58,1
8222,165,1
8223,112,1
8224,60,1
8225,85,1
8226,200,0
8227,200,0
8228,107,1
8229,57,1
8230,74,1
8231,200,0
8232,149,1
8233,82,1
8234,43,1
8235,200,0
8236,92,1
8237,156,1
8238,81,1
8239,51,1
8240,122,1
8241,120,1
8242,45,1
8243,85,1
8244,54,1
8245,91,0
8246,53,1
8247,168,1
8248,144,1
8249,73,0
8250,143,1
8251,89,1
8252,200,0
8253,85,1
8254,85,1
8255,64,1
8256,39,1
8257,142,1
8258,140,1
8259,103,1
8260,200,0
8261,39,1
8262,50,1
8263,58,1
8264,88,1
8265,43,1
8266,200,0
8267,116,1
8268,200,0
8269,66,1
8270,60,1
8271,133,1
8272,200,0
8273,53,1
8274,158,1
8275,77,1
8276,69,1
8277,93,1
8278,141,1
8279,115,1
8280,187,1
8281,39,1
8282,166,1
8283,111,1
8284,121,1
8285,200,0
8286,69,1
8287,50,0
8288,104,1
8289,60,1
8290,40,1
8291,50,1
8292,101,1
8293,200,0
8294,97,1
8295,90,1
8296,161,1
8297,92,1
8298,125,1
8299,188,1
8300,200,1
8301,120,1
8302,127,1
8303,43,1
8304,105,1
8305,200,0
8306,78,1
8307,65,1
8308,48,1
8309,68,1
8310,86,1
8311,115,1
8312,84,1
8313,182,1
8314,37,1
8315,107,1
8316,200,0
8317,112,1
8318,153,1
8319,190,1
8320,82,1
8321,89,1
8322,58,1
8323,82,1
8324,138,1
8325,37,1
8326,169,1
8327,35,1
8328,87,1
8329,200,0
8330,97,1
8331,45,1
8332,48,1
8333,82,1
8334,127,1
8335,133,1
8336,91,1
8337,94,1
8338,75,1
8339,76,1
8340,34,1
8341,90,1
8342,141,1
8343,44,1
8344,50,1
8345,41,1
8346,58,1
8347,39,1
8348,142,1
8349,71,1
8350,71,1
8351,124,1
8352,144,1
8353,42,1
8354,62,1
8355,110,1
8356,59,1
8357,98,1
8358,77,1
8359,60,0
8360,89,0
8361,51,1
8362,89,1
8363,84,1
8364,69,1
8365,94,1
8366,128,1
8367,76,1
8368,49,0
8369,46,1
8370,49,1
8371,31,1
8372,106,1
8373,127,1
8374,120,1
8375,89,1
8376,125,1
8377,95,1
8378,40,1
8379,170,1
8380,42,1
8381,200,0
8382,151,1
8383,123,1
8384,78,1
8385,119,1
8386,194,1
8387,20,1
8388,73,1
8389,121,1
8390,44,1
8391,69,1
8392,200,0
8393,125,1
8394,93,1
8395,79,1
8396,82,0
8397,118,1
8398,107,1
8399,79,1
8400,171,1
8401,36,1
8402,118,1
8403,73,1
8404,78,1
8405,149,1
8406,79,0
8407,117,1
8408,200,0
8409,83,1
8410,136,1
8411,93,1
8412,80,1
8413,62,1
8414,109,1
8415,50,1
8416,149,1
8417,153,1
8418,77,1
8419,200,0
8420,79,1
8421,98,1
8422,98,1
8423,66,1
8424,108,1
8425,67,1
8426,76,1
8427,80,1
8428,66,1
8429,66,1
8430,200,0
8431,130,1
8432,118,1
8433,168,1
8434,50,1
8435,200,0
8436,200,0
8437,155,1
8438,167,1
8439,103,1
8440,138,1
8441,67,1
8442,180,1
8443,100,1
8444,37,1
8445,60,1
8446,200,0
8447,95,1
8448,43,1
8449,82,1
8450,100,1
8451,35,1
8452,74,1
8453,33,1
8454,85,1
8455,67,1
8456,51,1
8457,66,1
8458,200,0
8459,112,1
8460,118,1
8461,57,1
8462,200,0
8463,116,1
8464,121,1
8465,32,1
8466,62,1
8467,156,1
8468,200,0
8469,200,0
8470,120,1
8471,142,1
8472,80,0
8473,39,1
8474,133,1
8475,200,0
8476,54,1
8477,135,1
8478,200,0
8479,119,1
8480,95,1
8481,49,1
8482,177,1
8483,76,1
8484,163,1
8485,73,1
8486,80,1
8487,123,1
8488,200,0
8489,141,1
8490,173,1
8491,106,1
8492,137,1
8493,200,0
8494,124,1
8495,66,1
8496,52,1
8497,149,1
8498,87,1
8499,62,1
8500,63,1
8501,140,1
8502,77,1
8503,64,1
8504,61,1
8505,58,0
8506,121,1
8507,131,1
8508,150,1
8509,58,1
8510,43,1
8511,68,1
8512,89,1
8513,117,1
8514,200,0
8515,116,1
8516,200,0
8517,122,1
8518,75,1
8519,142,1
8520,65,0
8521,47,1
8522,68,1
8523,39,1
8524,70,1
8525,101,1
8526,175,1
8527,63,1
8528,38,1
8529,36,1
8530,93,1
8531,101,1
8532,31,1
8533,87,1
8534,87,1
8535,62,1
8536,85,1
8537,97,1
8538,116,1
8539,87,1
8540,136,1
8541,66,1
8542,200,0
8543,94,1
8544,86,1
8545,101,1
8546,56,1
8547,42,1
8548,27,1
8549,115,1
8550,126,1
8551,106,1
8552,50,1
8553,75,1
8554,78,1
8555,200,0
8556,144,1
8557,63,1
8558,101,1
8559,50,1
8560,79,1
8561,99,1
8562,81,1
8563,67,1
8564,104,1
8565,103,0
8566,100,1
8567,187,1
8568,195,1
8569,39,1
8570,136,1
8571,95,1
8572,86,1
8573,97,1
8574,90,1
8575,185,1
8576,102,1
8577,119,1
8578,95,1
8579,90,1
8580,100,1
8581,124,1
8582,97,1
8583,76,1
8584,106,1
8585,117,1
8586,188,1
8587,90,1
8588,171,1
8589,138,1
8590,54,1
8591,134,1
8592,29,0
8593,104,1
8594,102,1
8595,104,1
8596,138,1
8597,130,1
8598,200,0
8599,146,1
8600,200,0
8601,42,1
8602,200,0
8603,38,1
8604,42,1
8605,92,1
8606,95,1
8607,48,1
8608,72,1
8609,119,1
8610,65,1
8611,82,1
8612,25,1
8613,189,1
8614,74,1
8615,60,1
8616,118,1
8617,115,1
8618,131,1
8619,133,1
8620,164,1
8621,159,1
8622,107,1
8623,200,0
8624,156,1
8625,94,1
8626,82,1
8627,64,1
8628,58,1
8629,82,1
8630,123,1
8631,67,1
8632,79,1
8633,71,1
8634,155,1
8635,130,1
8636,92,1
8637,52,1
8638,108,1
8639,60,1
8640,186,1
8641,70,1
8642,200,0
8643,200,0
8644,113,1
8645,85,1
8646,73,1
8647,91,0
8648,101,1
8649,132,1
8650,70,1
8651,130,1
8652,82,1
8653,105,1
8654,117,1
8655,74,1
8656,47,1
8657,185,1
8658,78,1
8659,127,1
8660,80,1
8661,28,0
8662,136,1
8663,167,1
8664,184,1
8665,119,1
8666,62,1
8667,140,1
8668,143,1
8669,155,1
8670,47,1
8671,42,1
8672,108,0
8673,156,1
8674,119,1
8675,48,1
8676,200,0
8677,40,1
8678,76,1
8679,136,1
8680,58,1
8681,32,1
8682,171,1
8683,56,1
8684,200,0
8685,91,1
8686,100,1
8687,65,1
8688,126,1
8689,118,1
8690,34,1
8691,62,1
8692,200,0
8693,110,1
8694,109,1
8695,31,1
8696,75,1
8697,128,1
8698,105,1
8699,200,0
8700,200,0
8701,200,0
8702,34,1
8703,108,1
8704,65,1
8705,68,1
8706,87,1
8707,91,1
8708,135,1
8709,186,1
8710,200,0
8711,200,0
8712,52,1
8713,108,1
8714,79,1
8715,52,1
8716,71,1
8717,200,0
8718,74,1
8719,45,1
8720,25,0
8721,57,1
8722,134,1
8723,200,0
8724,78,1
8725,196,1
8726,67,1
8727,200,0
8728,146,1
8729,110,1
8730,63,1
8731,191,1
8732,172,1
8733,158,1
8734,200,0
8735,159,1
8736,158,1
8737,166,1
8738,200,0
8739,116,1
8740,100,1
8741,106,1
8742,128,1
8743,81,1
8744,79,1
8745,200,0
8746,149,1
8747,58,1
8748,87,1
8749,166,1
8750,184,1
8751,106,1
8752,175,1
8753,200,0
8754,200,0
8755,71,1
8756,200,0
8757,48,1
8758,127,1
8759,50,0
8760,108,1
8761,94,1
8762,166,1
8763,39,1
8764,74,1
8765,200,0
8766,196,1
8767,48,0
8768,72,1
8769,182,1
8770,111,1
8771,185,1
8772,87,1
8773,123,1
8774,40,1
8775,45,1
8776,36,1
8777,149,1
8778,119,1
8779,165,1
8780,69,1
8781,83,1
8782,76,1
8783,200,0
8784,146,1
8785,73,1
8786,55,1
8787,143,1
8788,120,1
8789,200,0
8790,200,0
8791,200,0
8792,47,1
8793,71,1
8794,78,1
8795,145,0
8796,150,1
8797,95,1
8798,146,1
8799,98,1
8800,44,1
8801,164,1
8802,64,1
8803,200,0
8804,79,1
8805,98,1
8806,88,1
8807,69,1
8808,49,1
8809,62,1
8810,121,1
8811,115,1
8812,82,1
8813,90,1
8814,38,1
8815,68,1
8816,71,1
8817,67,1
8818,200,0
8819,65,1
8820,45,1
8821,87,1
8822,153,1
8823,125,1
8824,60,1
8825,40,1
8826,110,1
8827,169,1
8828,36,1
8829,200,0
8830,42,1
8831,128,1
8832,83,1
8833,170,1
8834,200,0
8835,191,1
8836,37,1
8837,58,1
8838,200,0
8839,69,1
8840,148,1
8841,140,1
8842,153,1
8843,76,1
8844,200,0
8845,85,1
8846,81,1
8847,23,0
8848,44,1
8849,56,1
8850,102,1
8851,53,0
8852,82,1
8853,50,1
8854,47,1
8855,56,1
8856,58,1
8857,61,1
8858,83,1
8859,78,1
8860,171,1
8861,79,1
8862,146,1
8863,87,1
8864,78,1
8865,67,1
8866,129,1
8867,58,1
8868,38,1
8869,200,0
8870,49,1
8871,28,1
8872,70,1
8873,122,1
8874,54,1
8875,200,0
8876,91,1
8877,86,1
8878,96,1
8879,77,1
8880,142,1
8881,44,1
8882,35,1
8883,56,1
8884,86,1
8885,131,1
8886,124,1
8887,68,1
8888,109,1
8889,200,0
8890,106,1
8891,40,1
8892,37,1
8893,159,1
8894,85,1
8895,100,1
8896,133,1
8897,146,1
8898,103,1
8899,180,1
8900,200,0
8901,81,1
8902,92,1
8903,182,1
8904,59,1
8905,66,1
8906,51,1
8907,200,0
8908,140,1
8909,51,1
8910,153,1
8911,82,1
8912,200,0
8913,95,1
8914,84,1
8915,92,1
8916,24,1
8917,77,1
8918,149,1
8919,85,1
8920,79,1
8921,68,1
8922,119,1
8923,52,1
8924,155,1
8925,38,1
8926,79,1
8927,75,1
8928,79,0
8929,83,1
8930,139,1
8931,60,1
8932,168,1
8933,120,1
8934,71,1
8935,36,1
8936,200,0
8937,55,1
8938,47,1
8939,133,1
8940,31,1
8941,38,1
8942,68,1
8943,27,1
8944,109,1
8945,106,1
8946,145,1
8947,169,1
8948,79,1
8949,132,1
8950,42,1
8951,121,1
8952,200,0
8953,116,1
8954,38,1
8955,64,1
8956,34,0
8957,58,1
8958,40,1
8959,200,0
8960,182,1
8961,60,1
8962,49,1
8963,74,1
8964,58,1
8965,30,1
8966,92,1
8967,156,1
8968,123,1
8969,100,1
8970,157,1
8971,131,1
8972,69,1
8973,62,1
8974,56,1
8975,54,1
8976,80,1
8977,160,1
8978,108,1
8979,75,1
8980,200,0
8981,70,1
8982,53,1
8983,125,1
8984,69,1
8985,84,1
8986,183,1
8987,200,0
8988,145,1
8989,133,1
8990,154,1
8991,83,1
8992,146,1
8993,200,0
8994,110,1
8995,200,0
8996,128,1
8997,90,1
8998,200,0
8999,86,1
9000,64,1
9001,66,1
9002,57,1
9003,91,1
9004,45,1
9005,190,1
9006,106,1
9007,74,1
9008,110,1
9009,62,1
9010,100,1
9011,121,1
9012,64,1
9013,67,1
9014,64,1
9015,94,1
9016,46,1
9017,156,1
9018,107,1
9019,200,0
9020,64,1
9021,99,1
9022,67,1
9023,58,1
9024,47,1
9025,44,1
9026,65,1
9027,31,1
9028,81,1
9029,92,1
9030,51,1
9031,142,1
9032,88,1
9033,41,1
9034,29,1
9035,72,1
9036,66,1
9037,168,1
9038,121,1
9039,36,1
9040,56,1
9041,97,1
9042,176,1
9043,102,0
9044,64,1
9045,88,1
9046,74,1
9047,63,1
9048,90,1
9049,40,1
9050,96,1
9051,61,1
9052,32,1
9053,111,1
9054,114,1
9055,90,1
9056,55,1
9057,91,1
9058,162,1
9059,84,1
9060,41,1
9061,111,1
9062,96,1
9063,52,1
9064,142,0
9065,119,1
9066,122,1
9067,105,0
9068,51,1
9069,157,1
9070,113,1
9071,85,1
9072,67,1
9073,39,1
9074,120,1
9075,200,0
9076,93,1
9077,71,1
9078,200,0
9079,76,1
9080,86,1
9081,69,1
9082,29,1
9083,44,1
9084,111,1
9085,50,0
9086,139,1
9087,61,1
9088,53,1
9089,200,0
9090,108,1
9091,113,1
9092,200,0
9093,127,1
9094,200,0
9095,145,1
9096,162,1
9097,106,1
9098,89,1
9099,122,1
9100,103,1
9101,88,1
9102,62,1
9103,130,1
9104,200,0
9105,109,1
9106,200,0
9107,112,1
9108,64,1
9109,137,1
9110,62,1
9111,200,0
9112,174,1
9113,45,0
9114,74,1
9115,131,1
9116,200,0
9117,110,1
9118,52,1
9119,69,1
9120,50,1
9121,102,1
9122,61,1
9123,38,1
9124,95,1
9125,165,1
9126,106,1
9127,87,1
9128,49,1
9129,81,1
9130,118,1
9131,64,1
9132,54,1
9133,172,1
9134,70,1
9135,108,1
9136,63,1
9137,43,1
9138,69,1
9139,124,1
9140,200,0
9141,106,1
9142,68,1
9143,140,1
9144,87,1
9145,67,1
9146,200,0
9147,161,1
9148,200,0
9149,61,1
9150,63,1
9151,200,0
9152,83,1
9153,168,1
9154,183,1
9155,81,1
9156,118,1
9157,78,1
9158,92,0
9159,50,1
9160,102,1
9161,91,1
9162,106,1
9163,71,1
9164,76,1
9165,73,1
9166,142,1
9167,83,1
9168,94,1
9169,82,1
9170,89,1
9171,71,1
9172,125,1
9173,57,1
9174,200,0
9175,84,1
9176,42,1
9177,122,1
9178,42,1
9179,72,0
9180,58,1
9181,69,1
9182,130,1
9183,127,1
9184,53,1
9185,157,1
9186,75,1
9187,73,1
9188,116,1
9189,101,1
9190,200,0
9191,71,1
9192,112,1
9193,197,1
9194,113,1
9195,61,1
9196,135,1
9197,72,1
9198,58,1
9199,58,1
9200,200,0
9201,116,1
9202,55,1
9203,40,1
9204,200,0
9205,137,1
9206,190,1
9207,84,1
9208,130,1
9209,78,1
9210,53,1
9211,133,1
9212,106,1
9213,200,0
9214,140,1
9215,158,1
9216,47,1
9217,159,1
9218,72,1
9219,200,0
9220,57,0
9221,113,1
9222,54,1
9223,135,1
9224,70,1
9225,109,1
9226,58,1
9227,134,1
9228,80,1
9229,47,1
9230,139,1
9231,149,1
9232,42,1
9233,96,1
9234,68,1
9235,76,1
9236,101,1
9237,61,1
9238,97,1
9239,54,1
9240,108,1
9241,83,1
9242,59,1
9243,36,1
9244,66,1
9245,74,1
9246,200,0
9247,68,1
9248,90,1
9249,200,0
9250,126,1
9251,47,1
9252,47,1
9253,154,1
9254,70,1
9255,200,0
9256,66,1
9257,41,1
9258,54,1
9259,128,1
9260,200,0
9261,110,1
9262,161,1
9263,83,1
9264,56,1
9265,135,1
9266,13,0
9267,200,0
9268,59,1
9269,25,1
9270,85,1
9271,49,1
9272,171,1
9273,94,1
9274,53,1
9275,200,1
9276,123,1
9277,76,1
9278,165,0
9279,112,1
9280,126,1
9281,200,0
9282,43,1
9283,200,0
9284,126,1
9285,184,1
9286,185,1
9287,113,1
9288,127,1
9289,63,1
9290,175,1
9291,80,1
9292,59,1
9293,125,1
9294,145,1
9295,109,1
9296,200,0
9297,104,0
9298,95,1
9299,48,1
9300,161,1
9301,100,1
9302,80,1
9303,86,1
9304,130,1
9305,66,1
9306,105,1
9307,114,1
9308,62,1
9309,115,1
9310,88,1
9311,200,0
9312,61,1
9313,60,1
9314,121,1
9315,72,1
9316,81,1
9317,74,1
9318,166,1
9319,188,1
9320,60,0
9321,59,1
9322,93,1
9323,200,0
9324,64,1
9325,146,1
9326,57,1
9327,200,0
9328,106,1
9329,200,0
9330,200,0
9331,54,1
9332,173,1
9333,82,1
9334,63,1
9335,56,1
9336,146,1
9337,200,0
9338,127,1
9339,95,1
9340,99,1
9341,112,1
9342,103,1
9343,48,1
9344,200,0
9345,79,1
9346,137,1
9347,41,1
9348,200,0
9349,164,1
9350,104,1
9351,200,0
9352,175,1
9353,200,0
9354,200,0
9355,81,1
9356,179,1
9357,95,1
9358,81,1
9359,62,1
9360,75,1
9361,93,1
9362,193,1
9363,194,1
9364,107,1
9365,200,0
9366,124,1
9367,200,0
9368,114,1
9369,94,1
9370,97,1
9371,46,1
9372,104,1
9373,134,1
9374,102,1
9375,49,1
9376,192,1
9377,36,1
9378,136,1
9379,196,1
9380,34,1
9381,165,1
9382,91,1
9383,65,1
9384,39,1
9385,119,0
9386,84,1
9387,78,1
9388,37,1
9389,25,1
9390,86,1
9391,145,1
9392,138,1
9393,134,1
9394,75,1
9395,111,1
9396,114,1
9397,58,1
9398,100,1
9399,73,1
9400,62,1
9401,112,0
9402,74,1
9403,137,1
9404,151,1
9405,124,1
9406,149,1
9407,200,0
9408,78,1
9409,74,1
9410,200,0
9411,71,1
9412,82,1
9413,73,0
9414,190,1
9415,176,1
9416,200,0
9417,80,1
9418,130,1
9419,116,1
9420,114,1
9421,158,1
9422,77,1
9423,55,1
9424,61,1
9425,47,1
9426,200,0
9427,52,1
9428,154,1
9429,55,1
9430,60,1
9431,146,1
9432,66,1
9433,58,1
9434,82,1
9435,161,1
9436,98,1
9437,101,1
9438,82,1
9439,128,1
9440,105,1
9441,54,1
9442,60,1
9443,74,1
9444,55,1
9445,139,1
9446,86,1
9447,42,1
9448,200,0
9449,71,1
9450,40,1
9451,83,1
9452,200,0
9453,57,1
9454,200,0
9455,70,1
9456,190,1
9457,54,1
9458,41,1
9459,54,1
9460,49,1
9461,175,1
9462,91,0
9463,56,1
9464,59,1
9465,62,1
9466,89,1
9467,106,1
9468,40,1
9469,70,1
9470,73,1
9471,81,1
9472,62,1
9473,33,1
9474,105,1
9475,35,0
9476,141,1
9477,105,1
9478,81,1
9479,108,0
9480,68,1
9481,200,0
9482,55,1
9483,48,1
9484,123,1
9485,200,0
9486,161,1
9487,128,1
9488,138,1
9489,133,1
9490,44,1
9491,52,1
9492,55,1
9493,108,1
9494,45,1
9495,65,1
9496,110,1
9497,67,1
9498,108,1
9499,131,1
9500,35,1
9501,136,1
9502,131,1
9503,71,1
9504,53,1
9505,164,0
9506,95,1
9507,179,1
9508,85,1
9509,173,1
9510,53,0
9511,176,1
9512,84,1
9513,114,1
9514,69,1
9515,200,0
9516,140,1
9517,162,1
9518,112,1
9519,62,1
9520,45,1
9521,193,1
9522,42,0
9523,116,1
9524,151,1
9525,88,1
9526,76,1
9527,187,1
9528,134,1
9529,141,1
9530,42,1
9531,68,1
9532,60,1
9533,200,0
9534,132,1
9535,158,1
9536,61,1
9537,43,1
9538,200,0
9539,188,1
9540,28,1
9541,71,1
9542,83,1
9543,10,0
9544,157,1
9545,200,0
9546,37,0
9547,65,1
9548,175,1
9549,55,1
9550,117,1
9551,112,1
9552,119,1
9553,30,1
9554,127,1
9555,74,1
9556,200,0
9557,200,0
9558,139,1
9559,98,1
9560,29,1
9561,118,1
9562,78,1
9563,33,1
9564,109,1
9565,38,1
9566,124,1
9567,30,0
9568,135,0
9569,163,1
9570,200,0
9571,56,1
9572,177,0
9573,31,1
9574,94,1
9575,34,1
9576,94,1
9577,113,1
9578,126,1
9579,186,1
9580,153,1
9581,41,1
9582,68,1
9583,25,1
9584,82,1
9585,69,1
9586,92,1
9587,43,1
9588,200,0
9589,67,1
9590,79,0
9591,73,1
9592,57,1
9593,54,1
9594,78,1
9595,79,1
9596,109,1
9597,158,1
9598,71,1
9599,112,1
9600,117,1
9601,53,1
9602,52,1
9603,96,1
9604,91,1
9605,88,1
9606,95,0
9607,82,1
9608,82,1
9609,63,1
9610,200,0
9611,59,1
9612,152,1
9613,33,1
9614,118,1
9615,49,1
9616,41,1
9617,48,1
9618,73,1
9619,67,1
9620,61,1
9621,40,1
9622,89,1
9623,30,1
9624,90,1
9625,62,1
9626,98,1
9627,49,1
9628,188,1
9629,136,1
9630,37,1
9631,120,1
9632,56,1
9633,108,1
9634,141,1
9635,83,1
9636,50,0
9637,85,1
9638,50,1
9639,75,1
9640,11,0
9641,95,1
9642,31,1
9643,101,1
9644,66,1
9645,66,1
9646,107,1
9647,79,1
9648,38,1
9649,70,1
9650,149,1
9651,42,1
9652,68,1
9653,116,1
9654,119,1
9655,144,1
9656,169,1
9657,141,0
9658,81,1
9659,46,1
9660,76,1
9661,135,1
9662,39,0
9663,112,1
9664,124,1
9665,74,1
9666,131,1
9667,75,1
9668,79,1
9669,187,1
9670,153,1
9671,86,1
9672,172,1
9673,99,1
9674,55,1
9675,75,1
9676,103,1
9677,48,1
9678,129,1
9679,56,1
9680,61,1
9681,60,1
9682,113,1
9683,178,1
9684,75,1
9685,78,1
9686,104,1
9687,94,1
9688,200,0
9689,67,1
9690,140,1
9691,50,1
9692,121,1
9693,156,1
9694,200,0
9695,64,1
9696,87,1
9697,155,1
9698,41,0
9699,76,1
9700,100,0
9701,152,1
9702,104,0
9703,101,1
9704,104,1
9705,199,1
9706,200,0
9707,54,1
9708,128,1
9709,56,1
9710,90,0
9711,68,1
9712,35,1
9713,76,1
9714,104,1
9715,160,1
9716,178,1
9717,122,1
9718,77,1
9719,169,1
9720,53,1
9721,158,1
9722,121,1
9723,53,1
9724,46,1
9725,157,1
9726,75,1
9727,90,1
9728,49,1
9729,197,1
9730,68,1
9731,31,1
9732,115,1
9733,75,1
9734,140,0
9735,56,1
9736,46,1
9737,41,1
9738,54,1
9739,54,1
9740,42,0
9741,25,0
9742,39,0
9743,55,1
9744,82,1
9745,91,1
9746,55,1
9747,83,1
9748,61,0
9749,30,1
9750,19,0
9751,195,1
9752,47,1
9753,24,0
9754,85,1
9755,62,1
9756,200,0
9757,83,1
9758,43,1
9759,78,1
9760,200,0
9761,56,1
9762,105,1
9763,142,1
9764,47,1
9765,54,1
9766,152,1
9767,67,1
9768,65,1
9769,71,1
9770,28,1
9771,147,1
9772,148,1
9773,85,1
9774,55,1
9775,123,1
9776,140,1
9777,58,1
9778,91,1
9779,154,1
9780,43,1
9781,53,1
9782,31,1
9783,49,1
9784,81,1
9785,197,1
9786,47,1
9787,64,1
9788,165,1
9789,104,1
9790,39,1
9791,104,1
9792,97,1
9793,156,1
9794,148,1
9795,77,0
9796,145,1
9797,63,1
9798,57,1
9799,74,1
9800,56,1
9801,109,1
9802,91,1
9803,146,1
9804,150,1
9805,23,0
9806,85,1
9807,200,0
9808,200,0
9809,117,1
9810,87,1
9811,72,1
9812,52,1
9813,78,1
9814,200,0
9815,112,1
9816,25,0
9817,174,1
9818,46,1
9819,116,1
9820,200,0
9821,132,1
9822,138,1
9823,143,1
9824,75,1
9825,115,1
9826,67,1
9827,42,1
9828,112,1
9829,142,1
9830,85,1
9831,182,1
9832,68,1
9833,111,1
9834,74,1
9835,54,1
9836,98,1
9837,62,1
9838,106,1
9839,107,1
9840,200,0
9841,49,1
9842,34,1
9843,129,1
9844,46,0
9845,125,1
9846,125,1
9847,73,1
9848,124,1
9849,75,1
9850,61,1
9851,192,1
9852,103,1
9853,73,1
9854,100,1
9855,144,1
9856,45,1
9857,47,0
9858,121,1
9859,36,1
9860,40,1
9861,119,1
9862,57,1
9863,24,1
9864,156,1
9865,77,1
9866,81,1
9867,124,1
9868,61,1
9869,52,1
9870,83,1
9871,61,0
9872,127,1
9873,100,1
9874,109,1
9875,173,1
9876,137,1
9877,33,1
9878,52,1
9879,177,1
9880,102,1
9881,63,1
9882,107,1
9883,37,1
9884,42,1
9885,120,1
9886,89,1
9887,47,1
9888,63,1
9889,73,1
9890,126,1
9891,189,1
9892,28,1
9893,85,1
9894,105,1
9895,42,1
9896,61,1
9897,140,1
9898,26,1
9899,145,1
9900,82,1
9901,76,1
9902,110,1
9903,86,1
9904,125,1
9905,53,1
9906,158,1
9907,80,1
9908,165,1
9909,66,1
9910,65,1
9911,93,1
9912,107,1
9913,197,1
9914,35,1
9915,119,0
9916,49,1
9917,75,1
9918,144,1
9919,143,1
9920,118,1
9921,96,1
9922,39,0
9923,62,1
9924,59,1
9925,95,1
9926,54,1
9927,47,1
9928,57,1
9929,124,1
9930,40,1
9931,161,1
9932,149,1
9933,26,1
9934,74,1
9935,48,1
9936,58,1
9937,80,1
9938,165,1
9939,191,1
9940,121,1
9941,71,1
9942,96,1
9943,61,1
9944,51,1
9945,120,1
9946,156,1
9947,86,1
9948,129,1
9949,54,1
9950,65,1
9951,149,1
9952,28,1
9953,139,1
9954,123,1
9955,140,1
9956,51,1
9957,85,1
9958,89,1
9959,134,1
9960,49,1
9961,112,1
9962,104,1
9963,194,1
9964,75,1
9965,78,1
9966,70,1
9967,200,0
9968,106,1
9969,200,0
9970,200,0
9971,84,1
9972,200,0
9973,140,1
9974,60,1
9975,39,1
9976,56,1
9977,155,1
9978,150,1
9979,143,0
9980,99,1
9981,188,1
9982,80,1
9983,96,1
9984,107,1
9985,125,1
9986,90,1
9987,56,1
9988,106,1
9989,117,1
9990,56,1
9991,156,1
9992,69,1
9993,38,1
9994,48,1
9995,99,1
9996,74,1
9997,85,0
9998,76,1
9999,46,1
