episode,steps,reward
0,28,0
1,114,0
2,27,0
3,25,0
4,12,0
5,24,0
6,23,0
7,17,0
8,25,0
9,9,0
10,22,0
11,17,0
12,16,0
13,43,0
14,10,0
15,16,0
16,19,0
17,11,0
18,20,0
19,45,0
20,28,0
21,105,0
22,22,0
23,11,0
24,21,0
25,47,0
26,5,0
27,38,0
28,24,0
29,9,0
30,20,0
31,94,0
32,7,0
33,68,0
34,29,0
35,23,0
36,6,0
37,12,0
38,11,0
39,25,0
40,8,0
41,51,0
42,70,0
43,12,0
44,20,0
45,10,0
46,24,0
47,24,0
48,7,0
49,45,0
50,15,0
51,37,0
52,10,0
53,9,0
54,11,0
55,10,0
56,43,0
57,16,0
58,95,0
59,5,0
60,28,0
61,17,0
62,8,0
63,19,0
64,7,0
65,54,0
66,13,0
67,29,0
68,19,0
69,11,0
70,56,0
71,53,0
72,7,0
73,7,0
74,17,0
75,53,0
76,15,0
77,27,0
78,29,0
79,23,0
80,12,0
81,13,0
82,19,0
83,17,0
84,20,0
85,14,0
86,22,0
87,14,0
88,45,0
89,11,0
90,10,0
91,5,0
92,20,0
93,34,0
94,9,0
95,25,0
96,15,0
97,9,0
98,12,0
99,14,0
100,18,0
101,20,0
102,12,0
103,10,0
104,53,0
105,36,0
106,21,0
107,28,0
108,73,0
109,9,0
110,12,0
111,25,0
112,11,0
113,18,0
114,99,0
115,40,0
116,29,0
117,13,0
118,27,0
119,49,0
120,13,0
121,17,0
122,9,0
123,24,0
124,10,0
125,34,0
126,16,0
127,44,0
128,43,0
129,23,0
130,21,0
131,17,0
132,33,0
133,15,0
134,23,0
135,21,0
136,12,0
137,11,0
138,41,0
139,33,0
140,13,0
141,18,0
142,18,0
143,19,0
144,9,0
145,66,0
146,8,0
147,35,0
148,20,0
149,65,0
150,66,0
151,11,0
152,8,0
153,18,0
154,19,0
155,15,0
156,24,0
157,11,0
158,20,0
159,27,0
160,15,0
161,19,0
162,86,0
163,12,0
164,33,0
165,16,0
166,23,0
167,12,0
168,17,0
169,37,0
170,16,0
171,37,0
172,36,0
173,8,0
174,26,0
175,7,0
176,12,0
177,19,0
178,9,0
179,23,0
180,12,0
181,24,0
182,22,0
183,53,1
184,18,0
185,12,0
186,12,0
187,11,0
188,16,0
189,20,0
190,19,0
191,33,0
192,28,0
193,42,0
194,17,0
195,24,0
196,15,0
197,24,0
198,19,0
199,30,0
200,13,0
201,13,0
202,27,0
203,18,0
204,49,0
205,18,0
206,15,0
207,18,0
208,21,0
209,76,0
210,14,0
211,16,0
212,13,0
213,19,0
214,37,0
215,49,0
216,22,0
217,18,0
218,35,0
219,12,0
220,42,0
221,27,0
222,38,0
223,12,0
224,19,0
225,20,0
226,19,0
227,16,0
228,27,0
229,16,0
230,38,0
231,41,0
232,14,0
233,47,0
234,20,0
235,21,0
236,27,0
237,18,0
238,8,0
239,8,0
240,22,0
241,35,0
242,9,0
243,35,0
244,18,0
245,35,0
246,9,0
247,13,0
248,12,0
249,31,0
250,23,0
251,49,0
252,39,0
253,21,0
254,45,0
255,26,0
256,114,0
257,26,0
258,49,0
259,38,0
260,25,0
261,8,0
262,23,0
263,38,0
264,14,0
265,62,0
266,12,0
267,11,0
268,34,0
269,66,0
270,70,0
271,29,0
272,36,1
273,27,0
274,32,0
275,31,0
276,44,0
277,21,0
278,19,0
279,86,0
280,84,0
281,22,0
282,24,0
283,40,1
284,29,0
285,40,0
286,80,0
287,38,0
288,27,0
289,33,0
290,54,0
291,27,0
292,34,0
293,59,0
294,19,0
295,57,0
296,51,0
297,135,0
298,35,0
299,65,0
300,34,0
301,39,0
302,31,0
303,26,0
304,49,0
305,38,0
306,31,0
307,40,0
308,16,0
309,22,0
310,18,0
311,46,0
312,159,0
313,64,0
314,15,0
315,32,0
316,200,0
317,66,0
318,184,0
319,30,0
320,9,0
321,33,0
322,42,0
323,16,0
324,73,0
325,33,0
326,9,0
327,50,0
328,66,0
329,37,0
330,44,0
331,46,1
332,50,0
333,63,0
334,60,0
335,86,0
336,20,0
337,43,0
338,55,0
339,45,0
340,30,0
341,49,0
342,48,0
343,72,0
344,19,0
345,30,0
346,63,0
347,28,0
348,32,0
349,83,0
350,66,0
351,84,0
352,87,0
353,50,0
354,26,0
355,84,0
356,56,0
357,135,0
358,55,0
359,22,0
360,89,0
361,32,0
362,28,0
363,66,0
364,34,0
365,44,0
366,77,0
367,13,0
368,65,0
369,49,0
370,9,0
371,13,0
372,29,0
373,57,0
374,39,0
375,40,0
376,62,0
377,38,1
378,48,0
379,28,0
380,68,0
381,43,0
382,22,0
383,42,0
384,67,1
385,15,0
386,31,0
387,78,0
388,44,0
389,45,0
390,16,0
391,48,0
392,61,0
393,58,0
394,47,0
395,50,0
396,45,0
397,23,0
398,34,0
399,29,0
400,35,0
401,42,1
402,31,0
403,31,0
404,20,0
405,70,0
406,47,0
407,33,0
408,43,0
409,86,1
410,77,1
411,120,0
412,84,1
413,57,0
414,17,0
415,12,0
416,33,0
417,31,0
418,68,1
419,36,0
420,77,0
421,38,0
422,47,0
423,63,0
424,67,0
425,18,0
426,70,0
427,17,0
428,28,1
429,37,0
430,87,0
431,39,0
432,27,0
433,34,1
434,17,0
435,57,0
436,45,0
437,35,1
438,36,0
439,64,0
440,41,0
441,80,1
442,79,1
443,52,0
444,56,0
445,40,1
446,93,0
447,58,0
448,26,0
449,37,0
450,28,0
451,40,0
452,32,0
453,66,0
454,8,0
455,86,0
456,12,0
457,45,0
458,53,0
459,49,0
460,43,0
461,200,0
462,111,0
463,28,0
464,26,0
465,88,0
466,44,1
467,46,0
468,22,0
469,36,0
470,19,0
471,33,0
472,68,0
473,59,1
474,45,0
475,62,1
476,20,0
477,49,0
478,35,0
479,74,0
480,17,0
481,51,0
482,13,0
483,13,0
484,45,0
485,117,0
486,54,0
487,118,0
488,35,0
489,63,0
490,19,0
491,132,0
492,49,0
493,91,0
494,66,0
495,55,0
496,37,0
497,29,0
498,36,0
499,125,0
500,65,0
501,58,0
502,93,0
503,62,0
504,56,0
505,57,0
506,57,0
507,64,0
508,118,0
509,128,0
510,24,0
511,117,0
512,19,0
513,33,0
514,20,0
515,138,0
516,34,0
517,62,0
518,42,0
519,48,0
520,71,0
521,67,0
522,26,0
523,62,0
524,33,0
525,170,0
526,63,0
527,200,0
528,19,0
529,37,0
530,100,0
531,132,0
532,50,0
533,38,0
534,117,0
535,106,0
536,11,0
537,173,0
538,38,0
539,108,0
540,114,0
541,52,0
542,112,0
543,52,0
544,69,0
545,71,0
546,43,0
547,17,0
548,51,0
549,25,0
550,119,0
551,49,0
552,23,0
553,39,0
554,55,0
555,95,0
556,160,0
557,29,0
558,30,0
559,16,0
560,36,0
561,56,0
562,83,0
563,132,0
564,31,0
565,136,0
566,180,0
567,39,0
568,25,0
569,42,0
570,23,0
571,84,0
572,11,0
573,43,0
574,36,0
575,132,0
576,29,0
577,29,0
578,61,0
579,45,0
580,34,0
581,116,0
582,33,0
583,45,0
584,16,0
585,62,0
586,93,0
587,119,0
588,60,0
589,58,0
590,46,0
591,17,0
592,84,0
593,80,0
594,47,0
595,70,0
596,179,0
597,62,0
598,107,0
599,15,0
600,65,0
601,91,0
602,12,0
603,45,0
604,49,0
605,61,0
606,142,0
607,58,0
608,64,0
609,64,0
610,91,0
611,86,0
612,16,0
613,51,0
614,34,0
615,100,0
616,95,0
617,40,0
618,61,0
619,45,0
620,30,0
621,87,0
622,41,0
623,25,0
624,39,0
625,67,0
626,43,0
627,178,0
628,20,0
629,55,0
630,191,0
631,66,0
632,45,0
633,37,0
634,29,0
635,116,0
636,47,0
637,76,0
638,200,0
639,22,0
640,69,0
641,122,0
642,76,0
643,48,0
644,33,0
645,38,0
646,200,0
647,70,0
648,79,0
649,74,0
650,54,0
651,122,0
652,29,0
653,86,0
654,61,0
655,62,0
656,23,0
657,118,0
658,45,0
659,56,0
660,107,1
661,16,0
662,62,0
663,17,0
664,61,0
665,136,0
666,28,0
667,131,0
668,8,0
669,32,0
670,92,0
671,90,0
672,63,0
673,36,0
674,130,0
675,22,0
676,29,0
677,101,0
678,35,0
679,50,0
680,14,0
681,77,0
682,75,0
683,63,0
684,58,0
685,133,0
686,132,0
687,33,0
688,119,0
689,13,0
690,51,0
691,122,0
692,200,0
693,27,0
694,57,0
695,65,0
696,147,0
697,62,0
698,89,0
699,32,0
700,76,0
701,27,0
702,96,0
703,73,0
704,83,0
705,88,0
706,44,0
707,99,0
708,66,0
709,151,0
710,66,0
711,24,0
712,114,0
713,87,0
714,60,0
715,46,0
716,77,0
717,46,0
718,49,0
719,32,0
720,16,0
721,75,0
722,53,0
723,41,0
724,59,0
725,36,0
726,71,0
727,89,0
728,63,0
729,68,0
730,46,0
731,47,0
732,109,0
733,21,0
734,25,0
735,200,0
736,55,0
737,69,0
738,49,0
739,28,0
740,36,0
741,96,0
742,20,0
743,44,0
744,46,0
745,142,0
746,57,0
747,34,0
748,140,0
749,71,0
750,81,0
751,103,0
752,49,0
753,71,0
754,24,0
755,92,0
756,200,0
757,41,0
758,44,0
759,56,0
760,200,0
761,29,0
762,39,0
763,17,0
764,51,0
765,186,0
766,200,0
767,59,0
768,69,0
769,149,0
770,98,0
771,71,0
772,47,0
773,89,0
774,42,0
775,93,0
776,66,0
777,156,0
778,17,0
779,43,0
780,39,0
781,74,0
782,172,0
783,50,0
784,109,1
785,60,0
786,181,0
787,43,0
788,108,0
789,58,0
790,199,0
791,53,1
792,76,0
793,200,0
794,108,0
795,37,1
796,67,0
797,65,0
798,75,0
799,98,0
800,168,0
801,48,0
802,74,0
803,119,0
804,16,0
805,15,0
806,62,1
807,100,0
808,95,0
809,15,0
810,26,0
811,66,0
812,66,0
813,142,0
814,174,0
815,67,0
816,129,0
817,30,0
818,79,0
819,148,0
820,71,0
821,91,0
822,47,0
823,90,0
824,30,0
825,152,0
826,51,0
827,200,0
828,161,0
829,15,0
830,61,1
831,108,1
832,72,0
833,42,0
834,55,0
835,52,0
836,43,0
837,84,0
838,82,0
839,125,0
840,69,0
841,115,0
842,22,0
843,11,0
844,86,0
845,90,0
846,55,0
847,29,0
848,49,0
849,176,0
850,49,0
851,69,0
852,23,0
853,57,0
854,34,0
855,36,0
856,48,0
857,49,0
858,81,0
859,189,0
860,16,0
861,60,0
862,87,0
863,58,0
864,127,0
865,37,0
866,96,0
867,113,0
868,28,0
869,49,0
870,62,0
871,78,0
872,81,0
873,126,0
874,22,0
875,34,0
876,98,0
877,32,0
878,164,0
879,39,0
880,51,0
881,77,1
882,50,0
883,40,0
884,51,0
885,80,1
886,24,0
887,188,0
888,47,0
889,79,0
890,28,0
891,117,0
892,19,0
893,157,0
894,27,0
895,10,0
896,43,0
897,41,0
898,139,0
899,200,0
900,45,0
901,55,0
902,38,0
903,27,0
904,19,0
905,131,0
906,70,0
907,40,0
908,180,0
909,65,0
910,75,0
911,92,0
912,39,0
913,122,0
914,77,0
915,30,0
916,78,0
917,99,0
918,101,0
919,200,0
920,180,0
921,40,0
922,78,0
923,192,0
924,196,0
925,133,0
926,168,0
927,35,0
928,101,0
929,94,0
930,42,0
931,81,0
932,35,0
933,104,0
934,51,0
935,90,0
936,50,0
937,32,0
938,102,1
939,28,0
940,200,0
941,30,0
942,62,0
943,78,0
944,70,1
945,181,0
946,143,0
947,34,0
948,142,0
949,37,0
950,120,0
951,200,0
952,95,0
953,74,0
954,103,0
955,81,0
956,82,0
957,67,1
958,185,1
959,26,0
960,107,0
961,198,0
962,23,0
963,183,0
964,22,0
965,173,0
966,133,0
967,79,0
968,145,0
969,150,0
970,17,0
971,159,0
972,98,0
973,43,0
974,29,0
975,108,0
976,52,0
977,40,0
978,200,0
979,83,0
980,138,0
981,94,0
982,55,0
983,28,0
984,170,1
985,26,0
986,155,0
987,141,0
988,63,1
989,135,0
990,54,0
991,103,0
992,71,0
993,59,0
994,119,0
995,174,0
996,79,0
997,171,0
998,65,0
999,46,0
1000,32,0
1001,72,0
1002,87,0
1003,48,0
1004,35,0
1005,62,0
1006,40,0
1007,93,0
1008,105,0
1009,43,0
1010,51,0
1011,95,0
1012,52,0
1013,93,0
1014,40,0
1015,130,0
1016,54,0
1017,34,0
1018,114,0
1019,34,0
1020,95,0
1021,97,0
1022,53,0
1023,200,0
1024,53,0
1025,194,0
1026,105,0
1027,75,0
1028,123,0
1029,72,0
1030,60,0
1031,94,0
1032,200,0
1033,157,0
1034,80,0
1035,22,0
1036,88,0
1037,35,0
1038,19,0
1039,45,0
1040,174,0
1041,40,0
1042,104,0
1043,53,0
1044,46,0
1045,117,0
1046,73,0
1047,76,0
1048,27,0
1049,79,0
1050,184,0
1051,180,0
1052,146,0
1053,171,0
1054,200,0
1055,21,0
1056,88,1
1057,19,0
1058,200,0
1059,94,0
1060,200,0
1061,46,0
1062,46,0
1063,28,0
1064,104,0
1065,50,0
1066,36,0
1067,63,0
1068,98,0
1069,104,0
1070,23,0
1071,69,0
1072,28,0
1073,128,0
1074,180,0
1075,108,0
1076,28,0
1077,58,0
1078,146,0
1079,31,0
1080,61,0
1081,46,0
1082,90,0
1083,23,0
1084,148,0
1085,144,0
1086,149,0
1087,47,0
1088,192,0
1089,48,0
1090,53,0
1091,20,0
1092,83,0
1093,27,0
1094,48,0
1095,125,0
1096,30,0
1097,62,0
1098,200,0
1099,9,0
1100,21,0
1101,56,0
1102,74,0
1103,45,0
1104,12,0
1105,200,0
1106,80,0
1107,175,0
1108,167,0
1109,108,0
1110,55,0
1111,31,0
1112,125,0
1113,24,0
1114,104,0
1115,39,0
1116,173,0
1117,26,0
1118,42,0
1119,146,1
1120,45,0
1121,165,0
1122,74,0
1123,59,0
1124,79,0
1125,200,0
1126,145,0
1127,157,0
1128,79,0
1129,112,0
1130,28,0
1131,174,0
1132,93,0
1133,18,0
1134,46,0
1135,89,0
1136,80,0
1137,28,0
1138,22,0
1139,73,0
1140,56,0
1141,21,0
1142,91,0
1143,97,0
1144,90,0
1145,166,0
1146,125,0
1147,101,0
1148,200,0
1149,200,0
1150,87,0
1151,48,0
1152,68,0
1153,135,0
1154,66,0
1155,29,0
1156,200,0
1157,200,0
1158,50,0
1159,52,0
1160,39,0
1161,79,0
1162,21,0
1163,78,0
1164,36,0
1165,200,0
1166,60,0
1167,98,1
1168,82,0
1169,52,0
1170,74,0
1171,50,0
1172,75,0
1173,200,0
1174,35,0
1175,25,0
1176,112,0
1177,67,0
1178,73,0
1179,115,0
1180,56,0
1181,25,0
1182,63,0
1183,22,0
1184,89,0
1185,115,0
1186,53,0
1187,200,0
1188,138,0
1189,128,0
1190,68,0
1191,54,0
1192,192,0
1193,57,0
1194,104,0
1195,78,0
1196,95,0
1197,76,0
1198,15,0
1199,51,0
1200,98,0
1201,92,0
1202,68,0
1203,200,0
1204,37,0
1205,70,0
1206,66,0
1207,142,0
1208,50,0
1209,35,0
1210,64,0
1211,156,0
1212,96,0
1213,172,0
1214,83,0
1215,150,0
1216,82,0
1217,70,0
1218,34,0
1219,131,0
1220,76,1
1221,12,0
1222,11,0
1223,200,0
1224,81,0
1225,55,0
1226,43,0
1227,72,0
1228,51,0
1229,29,0
1230,58,0
1231,44,0
1232,42,0
1233,96,0
1234,65,0
1235,150,0
1236,54,0
1237,200,0
1238,35,0
1239,89,0
1240,137,0
1241,135,0
1242,150,0
1243,156,1
1244,61,1
1245,54,1
1246,78,1
1247,70,1
1248,75,1
1249,162,1
1250,138,1
1251,82,1
1252,106,1
1253,127,1
1254,34,0
1255,54,1
1256,96,1
1257,110,1
1258,200,0
1259,170,1
1260,38,0
1261,46,1
1262,26,1
1263,54,1
1264,63,1
1265,22,1
1266,83,1
1267,58,0
1268,63,1
1269,40,1
1270,129,1
1271,50,0
1272,18,1
1273,54,0
1274,115,1
1275,169,1
1276,74,1
1277,88,1
1278,55,1
1279,139,1
1280,141,0
1281,37,1
1282,91,1
1283,45,1
1284,94,1
1285,119,1
1286,45,1
1287,58,1
1288,45,0
1289,61,1
1290,172,1
1291,20,0
1292,33,1
1293,132,1
1294,127,0
1295,106,1
1296,101,1
1297,88,1
1298,47,1
1299,75,1
1300,107,1
1301,96,1
1302,26,1
1303,83,1
1304,67,1
1305,34,0
1306,66,1
1307,78,1
1308,35,1
1309,78,1
1310,88,1
1311,77,1
1312,86,1
1313,63,1
1314,64,1
1315,45,1
1316,80,1
1317,200,0
1318,157,1
1319,112,1
1320,30,1
1321,157,1
1322,61,1
1323,45,1
1324,58,1
1325,53,1
1326,195,1
1327,200,0
1328,51,1
1329,67,1
1330,120,1
1331,82,1
1332,49,1
1333,46,1
1334,87,1
1335,158,1
1336,28,1
1337,109,1
1338,60,1
1339,124,1
1340,127,1
1341,69,1
1342,46,1
1343,22,0
1344,76,1
1345,96,1
1346,21,1
1347,66,1
1348,105,1
1349,133,1
1350,81,1
1351,38,0
1352,44,1
1353,119,1
1354,26,0
1355,85,1
1356,122,1
1357,56,1
1358,45,1
1359,65,1
1360,35,1
1361,43,1
1362,82,1
1363,38,1
1364,25,1
1365,46,1
1366,48,1
1367,96,1
1368,21,0
1369,195,1
1370,26,0
1371,89,1
1372,46,1
1373,51,1
1374,68,1
1375,79,1
1376,27,1
1377,102,1
1378,145,1
1379,64,1
1380,34,0
1381,195,1
1382,53,1
1383,39,1
1384,58,1
1385,35,1
1386,58,1
1387,137,1
1388,74,1
1389,63,1
1390,200,0
1391,127,1
1392,99,1
1393,30,1
1394,46,1
1395,88,1
1396,79,1
1397,35,1
1398,49,1
1399,179,1
1400,87,1
1401,11,0
1402,49,1
1403,139,1
1404,167,1
1405,52,1
1406,36,1
1407,99,1
1408,197,1
1409,65,1
1410,92,1
1411,87,1
1412,83,1
1413,108,1
1414,59,1
1415,83,1
1416,31,1
1417,99,1
1418,29,1
1419,74,1
1420,51,1
1421,155,0
1422,67,1
1423,55,1
1424,185,1
1425,31,0
1426,200,0
1427,38,1
1428,52,1
1429,59,1
1430,111,1
1431,88,1
1432,105,1
1433,86,1
1434,161,1
1435,118,1
1436,72,1
1437,69,1
1438,28,0
1439,122,0
1440,94,1
1441,90,1
1442,132,1
1443,118,1
1444,80,1
1445,39,1
1446,71,0
1447,85,1
1448,33,1
1449,49,1
1450,79,1
1451,99,1
1452,34,1
1453,111,1
1454,123,1
1455,56,1
1456,50,1
1457,50,1
1458,29,0
1459,98,1
1460,66,0
1461,28,1
1462,78,1
1463,69,1
1464,129,1
1465,69,1
1466,40,1
1467,174,1
1468,67,1
1469,108,1
1470,125,1
1471,155,1
1472,25,1
1473,46,1
1474,91,1
1475,113,1
1476,181,1
1477,40,1
1478,71,1
1479,81,1
1480,23,0
1481,76,1
1482,95,0
1483,63,1
1484,104,1
1485,31,1
1486,33,0
1487,52,1
1488,47,1
1489,104,1
1490,93,1
1491,35,1
1492,14,1
1493,200,0
1494,66,1
1495,87,1
1496,149,1
1497,42,1
1498,96,1
1499,182,1
1500,27,1
1501,48,1
1502,52,0
1503,40,1
1504,15,0
1505,35,1
1506,19,0
1507,51,1
1508,36,1
1509,96,1
1510,18,0
1511,85,1
1512,37,1
1513,86,1
1514,61,1
1515,96,1
1516,46,1
1517,32,0
1518,43,0
1519,50,1
1520,68,1
1521,60,1
1522,66,0
1523,143,1
1524,199,1
1525,100,1
1526,68,1
1527,53,1
1528,64,1
1529,72,1
1530,57,1
1531,88,1
1532,42,1
1533,36,1
1534,155,1
1535,89,1
1536,200,0
1537,106,1
1538,37,1
1539,79,1
1540,136,1
1541,32,0
1542,54,0
1543,129,0
1544,87,1
1545,85,1
1546,95,1
1547,67,1
1548,104,1
1549,27,1
1550,37,1
1551,34,1
1552,49,1
1553,92,0
1554,65,1
1555,53,1
1556,25,1
1557,92,1
1558,200,0
1559,124,1
1560,73,1
1561,80,0
1562,200,0
1563,39,1
1564,42,1
1565,99,1
1566,63,0
1567,85,1
1568,15,0
1569,132,1
1570,105,1
1571,149,1
1572,38,1
1573,72,1
1574,28,1
1575,92,1
1576,45,0
1577,57,1
1578,63,1
1579,54,1
1580,109,1
1581,128,1
1582,126,1
1583,96,1
1584,52,0
1585,99,1
1586,165,0
1587,49,1
1588,101,1
1589,66,0
1590,200,0
1591,48,1
1592,110,1
1593,60,1
1594,134,1
1595,41,1
1596,66,1
1597,92,1
1598,76,1
1599,107,1
1600,47,1
1601,78,1
1602,187,1
1603,200,0
1604,137,0
1605,109,0
1606,52,1
1607,23,1
1608,107,1
1609,33,0
1610,36,1
1611,75,1
1612,36,1
1613,97,1
1614,44,1
1615,42,1
1616,33,1
1617,37,1
1618,33,1
1619,59,1
1620,101,0
1621,49,1
1622,84,1
1623,16,0
1624,46,0
1625,49,1
1626,56,1
1627,87,1
1628,54,1
1629,46,1
1630,100,1
1631,200,0
1632,113,1
1633,59,1
1634,33,0
1635,40,1
1636,75,1
1637,35,0
1638,71,1
1639,200,0
1640,46,0
1641,130,1
1642,77,0
1643,28,0
1644,106,1
1645,151,1
1646,66,1
1647,49,1
1648,153,1
1649,70,1
1650,63,1
1651,140,1
1652,55,1
1653,94,1
1654,182,1
1655,101,1
1656,35,1
1657,46,1
1658,70,1
1659,51,1
1660,36,1
1661,102,1
1662,59,1
1663,51,1
1664,124,1
1665,61,1
1666,38,0
1667,50,1
1668,157,1
1669,80,0
1670,24,1
1671,98,1
1672,42,1
1673,80,1
1674,171,1
1675,112,1
1676,48,1
1677,66,1
1678,119,1
1679,200,0
1680,20,1
1681,151,1
1682,167,1
1683,57,1
1684,55,1
1685,88,1
1686,90,0
1687,200,0
1688,76,1
1689,59,1
1690,71,1
1691,147,1
1692,82,1
1693,63,1
1694,33,1
1695,56,1
1696,53,1
1697,84,1
1698,71,1
1699,144,1
1700,68,1
1701,55,1
1702,88,1
1703,70,1
1704,80,1
1705,112,1
1706,97,1
1707,122,1
1708,51,1
1709,174,1
1710,83,1
1711,49,1
1712,58,0
1713,71,1
1714,66,1
1715,67,1
1716,62,1
1717,56,1
1718,51,1
1719,63,1
1720,78,0
1721,200,0
1722,44,1
1723,125,1
1724,56,1
1725,200,0
1726,109,1
1727,57,1
1728,77,1
1729,28,0
1730,32,1
1731,118,1
1732,180,1
1733,47,1
1734,39,1
1735,69,1
1736,17,1
1737,17,0
1738,100,1
1739,36,1
1740,47,1
1741,59,1
1742,24,1
1743,64,0
1744,10,0
1745,169,1
1746,53,1
1747,25,0
1748,114,1
1749,86,1
1750,118,1
1751,200,1
1752,71,1
1753,81,1
1754,64,1
1755,94,0
1756,125,1
1757,75,1
1758,52,1
1759,100,1
1760,200,0
1761,54,1
1762,119,1
1763,38,1
1764,74,1
1765,75,1
1766,110,1
1767,91,1
1768,91,1
1769,117,1
1770,49,1
1771,53,0
1772,200,0
1773,80,1
1774,40,1
1775,58,1
1776,63,1
1777,31,1
1778,16,0
1779,34,0
1780,47,1
1781,31,1
1782,46,1
1783,67,1
1784,53,1
1785,49,1
1786,53,0
1787,52,1
1788,93,1
1789,62,1
1790,32,0
1791,54,1
1792,63,1
1793,124,1
1794,23,1
1795,61,1
1796,102,1
1797,42,1
1798,193,1
1799,36,0
1800,32,1
1801,200,0
1802,49,0
1803,136,1
1804,84,1
1805,34,0
1806,44,1
1807,65,1
1808,33,1
1809,69,1
1810,113,1
1811,175,1
1812,56,1
1813,93,1
1814,176,1
1815,100,1
1816,83,1
1817,172,1
1818,42,1
1819,34,1
1820,102,1
1821,37,1
1822,60,1
1823,52,1
1824,49,1
1825,46,1
1826,124,1
1827,16,0
1828,68,1
1829,133,1
1830,41,1
1831,49,1
1832,122,1
1833,23,1
1834,48,1
1835,46,0
1836,46,1
1837,114,1
1838,130,1
1839,46,1
1840,51,1
1841,91,1
1842,119,0
1843,59,1
1844,53,1
1845,64,1
1846,53,1
1847,71,0
1848,130,1
1849,28,1
1850,57,1
1851,82,1
1852,97,1
1853,152,1
1854,67,1
1855,73,1
1856,76,0
1857,43,1
1858,47,1
1859,26,1
1860,123,1
1861,76,0
1862,74,1
1863,151,1
1864,76,1
1865,65,1
1866,137,1
1867,96,1
1868,53,1
1869,69,1
1870,38,1
1871,98,1
1872,173,1
1873,99,1
1874,77,1
1875,39,1
1876,118,1
1877,64,1
1878,34,1
1879,39,1
1880,42,1
1881,52,0
1882,98,1
1883,56,1
1884,81,1
1885,21,0
1886,178,0
1887,64,1
1888,15,0
1889,171,1
1890,98,1
1891,84,1
1892,120,0
1893,99,1
1894,151,1
1895,66,1
1896,86,1
1897,49,1
1898,33,0
1899,90,1
1900,26,0
1901,60,1
1902,77,1
1903,57,1
1904,55,0
1905,59,1
1906,57,0
1907,48,1
1908,39,1
1909,80,1
1910,65,1
1911,64,1
1912,136,1
1913,46,1
1914,103,1
1915,92,1
1916,34,1
1917,30,0
1918,96,1
1919,44,1
1920,52,1
1921,111,1
1922,43,1
1923,114,0
1924,43,1
1925,71,1
1926,35,1
1927,61,1
1928,35,1
1929,47,1
1930,153,1
1931,115,1
1932,87,1
1933,96,1
1934,200,0
1935,146,1
1936,31,1
1937,57,0
1938,56,1
1939,139,1
1940,74,1
1941,157,1
1942,68,1
1943,12,0
1944,41,1
1945,29,0
1946,108,1
1947,131,1
1948,70,1
1949,36,0
1950,45,1
1951,61,1
1952,75,1
1953,72,1
1954,152,1
1955,52,0
1956,35,1
1957,79,1
1958,105,1
1959,107,1
1960,56,1
1961,52,1
1962,129,1
1963,48,1
1964,46,1
1965,72,1
1966,40,1
1967,50,1
1968,52,1
1969,87,0
1970,55,1
1971,102,0
1972,108,1
1973,149,1
1974,38,1
1975,51,1
1976,88,1
1977,49,1
1978,45,1
1979,44,1
1980,63,1
1981,109,1
1982,25,1
1983,200,0
1984,42,1
1985,104,1
1986,52,0
1987,118,0
1988,25,1
1989,200,0
1990,189,1
1991,38,1
1992,62,0
1993,91,1
1994,62,1
1995,40,0
1996,34,1
1997,163,1
1998,25,1
1999,95,1
2000,87,1
2001,91,0
2002,73,1
2003,21,1
2004,98,1
2005,57,1
2006,80,1
2007,19,1
2008,81,0
2009,41,1
2010,44,1
2011,49,0
2012,123,1
2013,96,1
2014,165,1
2015,44,1
2016,97,1
2017,63,0
2018,39,0
2019,200,0
2020,68,1
2021,49,1
2022,22,1
2023,90,1
2024,71,1
2025,110,1
2026,104,1
2027,71,1
2028,39,1
2029,37,1
2030,113,1
2031,62,1
2032,24,0
2033,36,1
2034,114,1
2035,62,1
2036,74,1
2037,39,1
2038,77,1
2039,200,0
2040,49,0
2041,67,1
2042,58,1
2043,25,0
2044,151,1
2045,26,1
2046,115,1
2047,84,1
2048,42,1
2049,104,1
2050,140,1
2051,121,1
2052,35,0
2053,45,1
2054,38,1
2055,90,1
2056,141,1
2057,99,1
2058,38,1
2059,64,1
2060,58,1
2061,98,1
2062,61,0
2063,105,1
2064,76,0
2065,90,1
2066,34,0
2067,44,1
2068,81,1
2069,77,1
2070,87,1
2071,62,1
2072,44,1
2073,69,0
2074,95,1
2075,110,1
2076,83,1
2077,63,1
2078,51,0
2079,93,1
2080,91,0
2081,57,1
2082,97,1
2083,124,1
2084,119,1
2085,48,1
2086,15,0
2087,68,1
2088,81,1
2089,160,1
2090,181,1
2091,47,1
2092,49,1
2093,138,1
2094,114,1
2095,77,1
2096,25,0
2097,101,0
2098,49,1
2099,95,1
2100,61,1
2101,161,1
2102,71,1
2103,39,1
2104,84,1
2105,49,1
2106,97,0
2107,92,1
2108,67,1
2109,60,1
2110,69,1
2111,96,1
2112,79,1
2113,68,1
2114,64,1
2115,112,0
2116,156,1
2117,38,0
2118,58,1
2119,34,0
2120,53,1
2121,55,1
2122,42,1
2123,48,1
2124,131,0
2125,102,1
2126,76,1
2127,50,1
2128,51,1
2129,40,1
2130,173,1
2131,27,0
2132,23,1
2133,62,1
2134,96,1
2135,28,0
2136,76,1
2137,81,1
2138,81,1
2139,173,1
2140,127,0
2141,98,1
2142,19,0
2143,45,1
2144,90,1
2145,23,1
2146,40,1
2147,32,1
2148,77,1
2149,54,1
2150,11,0
2151,55,1
2152,109,1
2153,119,1
2154,140,1
2155,68,1
2156,169,1
2157,36,1
2158,77,1
2159,92,1
2160,114,1
2161,40,0
2162,35,1
2163,40,1
2164,200,0
2165,27,0
2166,127,1
2167,47,1
2168,148,1
2169,38,1
2170,200,0
2171,88,1
2172,27,0
2173,47,1
2174,62,1
2175,146,0
2176,200,0
2177,53,1
2178,200,1
2179,181,1
2180,113,1
2181,127,0
2182,105,1
2183,97,1
2184,66,0
2185,48,1
2186,106,1
2187,87,1
2188,134,1
2189,34,1
2190,136,1
2191,69,0
2192,59,1
2193,42,1
2194,114,1
2195,159,0
2196,79,0
2197,190,1
2198,63,1
2199,65,0
2200,67,1
2201,14,0
2202,200,0
2203,76,1
2204,114,1
2205,169,1
2206,48,1
2207,91,1
2208,70,1
2209,106,1
2210,63,1
2211,29,1
2212,58,1
2213,28,1
2214,56,1
2215,29,1
2216,182,1
2217,47,1
2218,77,1
2219,72,1
2220,37,1
2221,86,1
2222,141,1
2223,47,1
2224,67,1
2225,44,1
2226,142,0
2227,93,1
2228,51,0
2229,43,1
2230,34,1
2231,198,0
2232,147,1
2233,41,0
2234,41,1
2235,58,0
2236,29,0
2237,62,1
2238,99,1
2239,38,1
2240,46,1
2241,132,1
2242,69,1
2243,107,1
2244,122,1
2245,31,1
2246,58,1
2247,63,1
2248,77,1
2249,33,0
2250,35,1
2251,134,0
2252,94,1
2253,31,1
2254,57,1
2255,40,1
2256,200,0
2257,46,1
2258,104,1
2259,81,1
2260,116,1
2261,98,1
2262,21,0
2263,127,0
2264,49,1
2265,28,1
2266,128,1
2267,194,1
2268,41,0
2269,54,1
2270,41,0
2271,68,1
2272,72,1
2273,200,0
2274,200,0
2275,110,1
2276,49,0
2277,82,1
2278,200,0
2279,66,1
2280,54,1
2281,44,1
2282,66,1
2283,82,1
2284,66,1
2285,116,0
2286,86,1
2287,33,0
2288,147,1
2289,80,1
2290,150,1
2291,79,1
2292,16,1
2293,31,0
2294,52,1
2295,30,1
2296,36,1
2297,165,1
2298,49,0
2299,76,1
2300,28,1
2301,56,1
2302,139,1
2303,99,1
2304,114,1
2305,104,1
2306,78,1
2307,29,1
2308,56,1
2309,80,0
2310,116,1
2311,150,0
2312,147,1
2313,149,1
2314,70,1
2315,141,1
2316,45,1
2317,138,1
2318,22,0
2319,68,1
2320,95,1
2321,109,0
2322,100,1
2323,58,1
2324,109,1
2325,41,1
2326,187,1
2327,200,0
2328,60,1
2329,35,0
2330,148,1
2331,62,1
2332,107,1
2333,103,1
2334,48,1
2335,37,1
2336,76,1
2337,67,1
2338,43,0
2339,25,1
2340,95,1
2341,58,1
2342,34,1
2343,128,1
2344,60,1
2345,76,1
2346,122,1
2347,152,1
2348,61,1
2349,82,1
2350,43,1
2351,67,1
2352,64,1
2353,21,0
2354,63,1
2355,34,0
2356,60,1
2357,30,1
2358,44,1
2359,113,1
2360,40,0
2361,54,1
2362,55,1
2363,70,1
2364,51,1
2365,47,1
2366,25,1
2367,56,1
2368,40,1
2369,42,1
2370,52,1
2371,165,1
2372,91,1
2373,36,0
2374,58,0
2375,129,1
2376,117,1
2377,107,0
2378,47,0
2379,101,1
2380,96,1
2381,77,1
2382,29,0
2383,95,1
2384,65,1
2385,37,1
2386,29,1
2387,110,1
2388,132,1
2389,28,1
2390,194,1
2391,48,1
2392,59,1
2393,57,1
2394,31,1
2395,106,1
2396,101,1
2397,70,0
2398,71,1
2399,152,1
2400,29,1
2401,25,1
2402,75,1
2403,34,1
2404,138,1
2405,176,1
2406,70,1
2407,50,1
2408,54,1
2409,55,1
2410,50,1
2411,79,1
2412,90,1
2413,175,1
2414,73,1
2415,64,1
2416,50,1
2417,76,1
2418,57,1
2419,76,1
2420,23,1
2421,64,1
2422,37,1
2423,31,0
2424,52,1
2425,200,0
2426,23,1
2427,74,1
2428,43,1
2429,84,1
2430,104,1
2431,95,0
2432,200,0
2433,62,1
2434,110,1
2435,60,1
2436,87,1
2437,59,1
2438,200,0
2439,74,1
2440,35,1
2441,152,1
2442,90,1
2443,37,1
2444,63,1
2445,124,1
2446,57,1
2447,30,0
2448,65,1
2449,67,0
2450,57,1
2451,52,0
2452,37,1
2453,51,1
2454,57,1
2455,135,1
2456,50,1
2457,87,1
2458,72,1
2459,91,1
2460,168,1
2461,58,1
2462,126,1
2463,50,1
2464,108,0
2465,71,0
2466,200,0
2467,117,1
2468,161,1
2469,151,1
2470,100,1
2471,103,1
2472,33,1
2473,157,1
2474,70,1
2475,28,1
2476,89,1
2477,37,1
2478,53,1
2479,102,1
2480,50,1
2481,90,0
2482,24,0
2483,73,1
2484,141,1
2485,33,1
2486,112,1
2487,47,0
2488,117,1
2489,200,0
2490,77,1
2491,53,1
2492,173,1
2493,46,1
2494,84,1
2495,35,1
2496,30,1
2497,64,0
2498,52,1
2499,55,1
2500,136,1
2501,47,1
2502,66,1
2503,82,1
2504,26,0
2505,44,1
2506,84,0
2507,86,1
2508,131,1
2509,58,1
2510,45,1
2511,23,1
2512,19,1
2513,56,0
2514,29,1
2515,88,1
2516,95,1
2517,48,0
2518,86,0
2519,49,1
2520,82,1
2521,55,1
2522,160,1
2523,57,1
2524,76,1
2525,38,1
2526,45,1
2527,52,1
2528,17,0
2529,58,1
2530,51,1
2531,44,0
2532,105,1
2533,55,1
2534,54,1
2535,88,1
2536,48,0
2537,51,1
2538,44,1
2539,89,1
2540,68,1
2541,11,0
2542,50,1
2543,42,0
2544,23,0
2545,26,1
2546,144,1
2547,132,1
2548,67,1
2549,151,1
2550,39,1
2551,89,1
2552,68,1
2553,68,1
2554,84,1
2555,49,1
2556,86,1
2557,39,1
2558,36,1
2559,71,1
2560,40,1
2561,66,1
2562,138,1
2563,41,1
2564,171,1
2565,102,1
2566,48,1
2567,37,1
2568,32,0
2569,107,1
2570,50,1
2571,50,1
2572,100,1
2573,27,0
2574,22,1
2575,30,1
2576,54,1
2577,62,1
2578,29,0
2579,93,1
2580,149,1
2581,71,1
2582,64,1
2583,107,0
2584,126,1
2585,61,1
2586,63,1
2587,102,1
2588,147,0
2589,128,1
2590,21,0
2591,72,1
2592,61,0
2593,89,1
2594,192,1
2595,87,1
2596,73,1
2597,37,1
2598,36,0
2599,167,1
2600,35,1
2601,153,1
2602,144,1
2603,68,1
2604,50,1
2605,200,0
2606,47,0
2607,105,1
2608,121,1
2609,55,1
2610,76,1
2611,47,1
2612,49,1
2613,21,0
2614,37,1
2615,144,1
2616,49,1
2617,200,0
2618,165,1
2619,148,1
2620,83,0
2621,80,1
2622,47,1
2623,74,1
2624,117,1
2625,118,1
2626,44,1
2627,50,1
2628,50,1
2629,122,1
2630,56,1
2631,42,0
2632,12,0
2633,200,0
2634,21,0
2635,154,1
2636,60,1
2637,40,1
2638,76,1
2639,57,0
2640,104,1
2641,67,1
2642,68,1
2643,27,0
2644,91,1
2645,94,1
2646,55,0
2647,12,0
2648,51,0
2649,76,1
2650,52,1
2651,200,0
2652,200,0
2653,25,1
2654,110,1
2655,75,0
2656,94,1
2657,78,0
2658,36,1
2659,59,1
2660,68,1
2661,71,1
2662,33,0
2663,96,1
2664,131,1
2665,34,1
2666,46,1
2667,51,0
2668,45,1
2669,44,1
2670,143,0
2671,142,0
2672,80,1
2673,104,1
2674,121,1
2675,45,0
2676,39,1
2677,28,0
2678,81,1
2679,78,1
2680,32,1
2681,28,0
2682,200,0
2683,88,1
2684,71,1
2685,46,1
2686,191,1
2687,28,1
2688,117,1
2689,70,1
2690,169,1
2691,56,1
2692,74,1
2693,32,1
2694,80,1
2695,53,1
2696,71,1
2697,76,1
2698,182,0
2699,116,1
2700,200,0
2701,107,1
2702,64,0
2703,128,0
2704,123,1
2705,42,1
2706,44,1
2707,64,1
2708,200,0
2709,62,1
2710,48,1
2711,153,1
2712,29,0
2713,60,1
2714,155,1
2715,46,1
2716,83,1
2717,63,1
2718,31,0
2719,165,1
2720,42,1
2721,24,1
2722,92,1
2723,47,0
2724,38,1
2725,49,1
2726,83,1
2727,27,1
2728,55,1
2729,45,1
2730,25,0
2731,148,1
2732,128,1
2733,42,0
2734,51,1
2735,151,1
2736,86,1
2737,47,1
2738,46,1
2739,36,0
2740,93,0
2741,43,1
2742,65,1
2743,26,0
2744,145,1
2745,67,1
2746,104,1
2747,66,1
2748,66,0
2749,52,1
2750,106,1
2751,66,1
2752,159,1
2753,200,0
2754,47,1
2755,75,1
2756,169,1
2757,34,1
2758,64,1
2759,136,0
2760,200,0
2761,38,1
2762,45,1
2763,50,1
2764,159,1
2765,52,1
2766,21,0
2767,90,1
2768,83,1
2769,48,1
2770,64,1
2771,98,1
2772,185,1
2773,53,1
2774,46,1
2775,71,1
2776,61,1
2777,129,1
2778,50,1
2779,142,1
2780,42,0
2781,115,1
2782,99,1
2783,71,1
2784,119,1
2785,29,0
2786,33,0
2787,87,1
2788,83,1
2789,95,1
2790,200,0
2791,58,1
2792,42,1
2793,112,1
2794,48,1
2795,21,1
2796,66,1
2797,106,1
2798,45,1
2799,51,0
2800,75,0
2801,58,1
2802,27,0
2803,155,1
2804,72,1
2805,200,0
2806,29,1
2807,91,1
2808,54,1
2809,36,1
2810,152,1
2811,115,1
2812,60,0
2813,115,1
2814,25,0
2815,110,0
2816,47,1
2817,62,0
2818,67,1
2819,94,1
2820,166,1
2821,200,0
2822,173,1
2823,51,1
2824,64,1
2825,64,1
2826,62,1
2827,141,1
2828,57,1
2829,62,1
2830,53,1
2831,29,0
2832,68,1
2833,51,1
2834,200,0
2835,39,1
2836,24,1
2837,36,1
2838,114,1
2839,103,1
2840,37,1
2841,125,1
2842,57,1
2843,56,1
2844,109,1
2845,107,1
2846,74,1
2847,69,1
2848,65,1
2849,60,1
2850,74,1
2851,31,1
2852,81,1
2853,63,1
2854,157,1
2855,54,1
2856,76,0
2857,200,0
2858,84,1
2859,74,1
2860,47,1
2861,181,1
2862,53,1
2863,91,1
2864,131,1
2865,138,1
2866,66,0
2867,67,0
2868,30,1
2869,30,0
2870,30,0
2871,139,1
2872,118,1
2873,83,0
2874,47,0
2875,28,1
2876,82,0
2877,78,1
2878,52,1
2879,92,1
2880,61,1
2881,92,1
2882,30,1
2883,200,0
2884,53,1
2885,120,1
2886,54,1
2887,36,1
2888,47,1
2889,32,1
2890,51,1
2891,23,0
2892,132,1
2893,46,1
2894,140,1
2895,15,0
2896,73,1
2897,64,1
2898,24,1
2899,33,0
2900,103,1
2901,54,1
2902,33,1
2903,39,1
2904,30,1
2905,54,1
2906,34,1
2907,99,1
2908,98,1
2909,200,0
2910,133,1
2911,36,1
2912,48,0
2913,177,1
2914,37,1
2915,91,1
2916,53,1
2917,200,0
2918,81,1
2919,27,1
2920,29,1
2921,64,0
2922,65,1
2923,58,1
2924,86,1
2925,54,1
2926,84,1
2927,68,1
2928,48,1
2929,48,1
2930,34,1
2931,38,1
2932,57,1
2933,77,1
2934,114,1
2935,23,1
2936,35,1
2937,61,1
2938,92,1
2939,113,1
2940,48,1
2941,200,0
2942,91,0
2943,101,1
2944,31,1
2945,77,1
2946,61,1
2947,143,1
2948,140,1
2949,63,1
2950,160,1
2951,26,0
2952,71,1
2953,40,0
2954,153,0
2955,76,1
2956,151,1
2957,47,1
2958,45,0
2959,58,1
2960,37,0
2961,41,1
2962,62,1
2963,91,1
2964,68,1
2965,30,1
2966,42,1
2967,182,1
2968,47,1
2969,26,1
2970,100,1
2971,55,1
2972,56,1
2973,21,0
2974,39,1
2975,77,1
2976,68,1
2977,32,1
2978,200,0
2979,83,1
2980,40,1
2981,88,1
2982,53,1
2983,33,1
2984,121,1
2985,46,0
2986,133,1
2987,89,1
2988,65,1
2989,88,1
2990,123,1
2991,65,1
2992,20,0
2993,98,1
2994,157,1
2995,87,1
2996,65,1
2997,49,1
2998,59,1
2999,200,0
3000,17,0
3001,48,1
3002,64,1
3003,61,0
3004,124,1
3005,58,0
3006,37,1
3007,59,1
3008,72,1
3009,127,1
3010,81,1
3011,86,1
3012,91,1
3013,46,1
3014,52,1
3015,64,1
3016,125,1
3017,61,1
3018,91,1
3019,82,1
3020,42,1
3021,53,1
3022,137,1
3023,29,1
3024,60,1
3025,22,0
3026,200,0
3027,68,1
3028,58,1
3029,92,1
3030,42,1
3031,34,1
3032,74,1
3033,35,1
3034,50,1
3035,31,1
3036,36,1
3037,36,0
3038,38,1
3039,96,1
3040,95,1
3041,64,1
3042,108,1
3043,56,1
3044,76,1
3045,160,1
3046,48,0
3047,40,1
3048,97,1
3049,60,1
3050,76,1
3051,69,0
3052,52,1
3053,200,0
3054,56,1
3055,41,1
3056,105,1
3057,113,1
3058,87,0
3059,89,1
3060,137,1
3061,73,1
3062,106,1
3063,36,1
3064,68,1
3065,106,1
3066,136,1
3067,52,1
3068,36,1
3069,106,1
3070,152,1
3071,65,1
3072,39,1
3073,119,1
3074,109,1
3075,106,1
3076,16,0
3077,43,0
3078,25,1
3079,141,1
3080,194,1
3081,65,1
3082,97,1
3083,200,0
3084,39,1
3085,49,1
3086,200,0
3087,200,0
3088,145,1
3089,53,1
3090,77,1
3091,25,1
3092,109,1
3093,65,1
3094,67,1
3095,147,1
3096,35,1
3097,34,1
3098,65,1
3099,31,0
3100,46,1
3101,55,0
3102,182,1
3103,92,1
3104,150,1
3105,58,0
3106,53,1
3107,67,1
3108,39,1
3109,159,1
3110,112,1
3111,22,1
3112,42,1
3113,200,0
3114,84,1
3115,58,1
3116,100,1
3117,50,1
3118,75,1
3119,90,1
3120,169,1
3121,90,0
3122,114,1
3123,104,1
3124,53,0
3125,56,1
3126,119,1
3127,107,1
3128,60,1
3129,58,1
3130,30,1
3131,62,0
3132,99,1
3133,101,1
3134,59,1
3135,113,1
3136,127,1
3137,105,1
3138,52,1
3139,104,1
3140,39,1
3141,38,0
3142,173,0
3143,76,1
3144,43,1
3145,181,1
3146,61,1
3147,112,1
3148,79,0
3149,71,0
3150,85,1
3151,49,1
3152,96,1
3153,68,1
3154,33,1
3155,43,1
3156,67,0
3157,112,1
3158,28,0
3159,41,1
3160,29,1
3161,88,1
3162,33,1
3163,34,0
3164,51,1
3165,57,1
3166,142,1
3167,95,1
3168,43,1
3169,88,1
3170,52,1
3171,39,1
3172,63,1
3173,92,1
3174,121,1
3175,140,1
3176,52,1
3177,111,1
3178,118,0
3179,80,1
3180,55,1
3181,40,1
3182,151,0
3183,200,0
3184,200,0
3185,76,1
3186,32,1
3187,85,1
3188,61,1
3189,48,1
3190,35,0
3191,77,1
3192,114,1
3193,31,1
3194,120,1
3195,73,1
3196,57,1
3197,61,1
3198,137,1
3199,53,1
3200,39,1
3201,19,1
3202,87,1
3203,81,1
3204,185,1
3205,107,1
3206,112,0
3207,56,1
3208,24,0
3209,62,1
3210,31,0
3211,76,0
3212,80,1
3213,104,1
3214,36,1
3215,39,1
3216,200,0
3217,114,1
3218,38,1
3219,115,1
3220,167,1
3221,47,1
3222,100,1
3223,163,1
3224,110,1
3225,56,1
3226,34,1
3227,48,1
3228,67,1
3229,70,1
3230,93,1
3231,45,1
3232,69,1
3233,81,1
3234,57,1
3235,139,1
3236,35,1
3237,50,1
3238,58,1
3239,153,1
3240,15,0
3241,24,1
3242,11,0
3243,100,1
3244,200,0
3245,79,1
3246,52,1
3247,105,1
3248,88,1
3249,102,1
3250,77,0
3251,64,0
3252,87,1
3253,83,1
3254,93,1
3255,70,1
3256,42,1
3257,62,1
3258,95,1
3259,72,1
3260,93,1
3261,58,1
3262,55,1
3263,14,0
3264,72,0
3265,52,1
3266,111,1
3267,66,1
3268,54,1
3269,51,1
3270,184,1
3271,97,1
3272,148,1
3273,62,1
3274,117,1
3275,84,1
3276,34,1
3277,83,1
3278,32,0
3279,96,1
3280,114,1
3281,31,1
3282,47,1
3283,93,1
3284,61,0
3285,54,1
3286,55,1
3287,80,1
3288,55,1
3289,68,1
3290,77,1
3291,39,0
3292,38,0
3293,72,1
3294,69,1
3295,73,1
3296,45,0
3297,87,1
3298,103,1
3299,47,1
3300,33,1
3301,39,1
3302,114,1
3303,33,0
3304,106,0
3305,62,1
3306,75,1
3307,111,1
3308,62,1
3309,42,1
3310,85,1
3311,126,1
3312,43,1
3313,42,1
3314,118,0
3315,96,1
3316,62,1
3317,102,1
3318,54,1
3319,46,1
3320,45,1
3321,31,1
3322,90,1
3323,37,1
3324,59,1
3325,83,1
3326,44,1
3327,58,1
3328,91,1
3329,112,1
3330,39,1
3331,44,1
3332,103,1
3333,48,1
3334,48,1
3335,136,1
3336,63,1
3337,42,1
3338,83,1
3339,99,1
3340,48,1
3341,99,1
3342,32,0
3343,171,1
3344,37,0
3345,41,0
3346,29,1
3347,74,1
3348,40,1
3349,83,1
3350,71,1
3351,71,1
3352,48,1
3353,68,1
3354,57,1
3355,14,0
3356,55,1
3357,82,1
3358,139,1
3359,101,1
3360,165,1
3361,146,1
3362,93,0
3363,86,1
3364,77,1
3365,190,1
3366,80,0
3367,49,0
3368,50,0
3369,14,0
3370,49,1
3371,79,1
3372,70,1
3373,140,0
3374,142,1
3375,33,1
3376,53,1
3377,44,1
3378,57,1
3379,73,1
3380,138,1
3381,200,0
3382,54,1
3383,66,1
3384,74,1
3385,141,1
3386,28,0
3387,47,1
3388,22,0
3389,54,1
3390,106,1
3391,50,1
3392,74,1
3393,23,1
3394,68,1
3395,122,1
3396,68,1
3397,42,1
3398,100,1
3399,75,1
3400,44,0
3401,97,1
3402,45,1
3403,18,0
3404,66,1
3405,78,1
3406,200,0
3407,141,1
3408,46,0
3409,186,0
3410,145,1
3411,58,1
3412,77,1
3413,90,1
3414,112,1
3415,113,1
3416,24,0
3417,70,0
3418,94,1
3419,54,0
3420,67,0
3421,44,1
3422,35,1
3423,51,0
3424,114,1
3425,20,0
3426,66,1
3427,101,1
3428,49,1
3429,200,0
3430,48,1
3431,63,1
3432,57,1
3433,69,1
3434,130,0
3435,31,0
3436,145,1
3437,47,1
3438,165,1
3439,70,1
3440,39,0
3441,118,1
3442,200,0
3443,35,1
3444,92,1
3445,47,1
3446,47,1
3447,140,1
3448,47,1
3449,66,1
3450,200,0
3451,138,1
3452,19,0
3453,64,1
3454,113,1
3455,50,1
3456,54,1
3457,96,1
3458,57,1
3459,200,0
3460,66,1
3461,104,1
3462,33,0
3463,31,0
3464,78,1
3465,36,1
3466,67,1
3467,21,1
3468,44,0
3469,125,1
3470,22,1
3471,75,1
3472,56,1
3473,89,1
3474,131,0
3475,51,1
3476,200,0
3477,105,1
3478,55,1
3479,48,1
3480,59,1
3481,27,0
3482,101,1
3483,119,1
3484,173,1
3485,61,1
3486,85,1
3487,177,1
3488,40,0
3489,57,1
3490,94,1
3491,81,1
3492,40,1
3493,106,1
3494,58,1
3495,35,1
3496,56,0
3497,59,1
3498,36,1
3499,47,1
3500,132,1
3501,52,1
3502,167,1
3503,32,1
3504,38,1
3505,97,1
3506,100,1
3507,102,1
3508,72,1
3509,45,1
3510,13,0
3511,120,1
3512,35,1
3513,134,1
3514,67,1
3515,104,1
3516,83,1
3517,44,1
3518,36,0
3519,74,1
3520,67,0
3521,78,1
3522,62,1
3523,178,1
3524,51,1
3525,46,1
3526,81,1
3527,48,1
3528,45,1
3529,22,0
3530,126,1
3531,35,1
3532,41,1
3533,73,1
3534,85,1
3535,44,1
3536,62,1
3537,27,0
3538,44,1
3539,100,1
3540,98,1
3541,53,1
3542,81,1
3543,35,1
3544,46,1
3545,104,1
3546,84,1
3547,67,1
3548,75,1
3549,52,0
3550,140,1
3551,36,1
3552,63,1
3553,76,1
3554,60,1
3555,71,1
3556,69,1
3557,131,1
3558,54,0
3559,53,1
3560,23,0
3561,27,0
3562,53,1
3563,75,1
3564,64,1
3565,132,1
3566,141,1
3567,72,1
3568,37,1
3569,50,1
3570,120,1
3571,63,1
3572,84,1
3573,40,1
3574,80,1
3575,149,1
3576,41,1
3577,40,0
3578,97,1
3579,50,1
3580,36,1
3581,102,1
3582,69,1
3583,27,1
3584,30,1
3585,194,1
3586,100,1
3587,100,1
3588,146,1
3589,124,1
3590,31,0
3591,32,1
3592,74,1
3593,70,1
3594,79,1
3595,97,1
3596,200,0
3597,134,1
3598,54,1
3599,27,1
3600,40,1
3601,60,1
3602,50,1
3603,109,1
3604,89,1
3605,150,1
3606,133,1
3607,65,1
3608,110,1
3609,162,1
3610,128,1
3611,64,1
3612,72,1
3613,142,0
3614,89,1
3615,98,1
3616,68,0
3617,117,1
3618,71,0
3619,87,1
3620,50,1
3621,160,1
3622,56,1
3623,64,1
3624,66,0
3625,66,1
3626,79,1
3627,73,1
3628,54,1
3629,80,1
3630,55,0
3631,62,1
3632,47,1
3633,51,1
3634,110,0
3635,35,0
3636,160,1
3637,27,1
3638,53,1
3639,92,0
3640,79,1
3641,79,1
3642,57,1
3643,153,1
3644,115,1
3645,146,1
3646,41,1
3647,67,0
3648,69,1
3649,38,1
3650,82,1
3651,35,0
3652,82,1
3653,123,1
3654,70,0
3655,98,1
3656,69,1
3657,19,0
3658,60,1
3659,26,0
3660,72,1
3661,113,1
3662,83,1
3663,103,1
3664,58,1
3665,51,1
3666,41,1
3667,49,1
3668,69,1
3669,126,1
3670,134,1
3671,181,1
3672,38,0
3673,20,1
3674,40,1
3675,60,1
3676,46,1
3677,103,1
3678,63,1
3679,152,1
3680,54,1
3681,77,1
3682,174,0
3683,49,1
3684,142,1
3685,94,1
3686,91,1
3687,73,1
3688,32,0
3689,78,1
3690,124,0
3691,37,1
3692,36,1
3693,31,0
3694,200,0
3695,139,1
3696,200,1
3697,50,1
3698,44,0
3699,71,1
3700,67,0
3701,83,1
3702,126,1
3703,70,1
3704,200,0
3705,39,1
3706,82,0
3707,105,1
3708,96,1
3709,76,0
3710,50,0
3711,99,1
3712,106,1
3713,200,0
3714,21,0
3715,140,1
3716,30,0
3717,101,1
3718,90,0
3719,70,1
3720,104,1
3721,44,0
3722,186,1
3723,93,1
3724,70,1
3725,52,1
3726,101,1
3727,180,1
3728,47,1
3729,24,1
3730,41,1
3731,43,1
3732,34,1
3733,115,1
3734,108,1
3735,24,0
3736,69,1
3737,138,1
3738,23,1
3739,171,1
3740,200,0
3741,121,1
3742,44,1
3743,118,1
3744,110,1
3745,33,1
3746,65,0
3747,23,0
3748,64,1
3749,131,1
3750,187,1
3751,56,1
3752,59,1
3753,49,1
3754,82,1
3755,77,1
3756,117,1
3757,66,1
3758,135,1
3759,124,0
3760,35,1
3761,63,1
3762,141,1
3763,173,1
3764,73,0
3765,34,1
3766,72,0
3767,83,1
3768,28,0
3769,77,1
3770,142,1
3771,56,1
3772,56,0
3773,83,1
3774,48,1
3775,95,1
3776,122,1
3777,58,0
3778,118,1
3779,73,1
3780,27,0
3781,62,1
3782,78,1
3783,50,1
3784,31,1
3785,73,1
3786,62,1
3787,40,1
3788,157,1
3789,116,1
3790,36,0
3791,69,1
3792,53,1
3793,52,1
3794,70,1
3795,45,1
3796,174,1
3797,48,0
3798,16,0
3799,200,0
3800,38,1
3801,56,1
3802,24,0
3803,30,1
3804,47,1
3805,200,0
3806,66,1
3807,30,0
3808,129,1
3809,57,1
3810,44,1
3811,154,1
3812,119,1
3813,127,1
3814,83,1
3815,59,1
3816,68,1
3817,28,0
3818,24,1
3819,124,1
3820,34,1
3821,103,1
3822,78,1
3823,98,1
3824,50,1
3825,44,1
3826,78,1
3827,32,1
3828,91,1
3829,96,1
3830,76,1
3831,138,1
3832,32,1
3833,73,1
3834,90,1
3835,76,1
3836,51,1
3837,53,1
3838,104,1
3839,48,0
3840,68,1
3841,150,1
3842,185,1
3843,44,1
3844,42,1
3845,31,1
3846,91,1
3847,200,0
3848,90,1
3849,73,1
3850,79,1
3851,127,1
3852,156,1
3853,53,1
3854,51,1
3855,55,1
3856,110,1
3857,136,0
3858,89,0
3859,20,0
3860,74,1
3861,32,1
3862,150,1
3863,31,1
3864,25,0
3865,112,1
3866,50,1
3867,71,1
3868,77,1
3869,200,0
3870,31,0
3871,31,1
3872,61,1
3873,76,1
3874,96,1
3875,85,1
3876,71,1
3877,200,0
3878,42,0
3879,115,1
3880,52,0
3881,55,1
3882,79,1
3883,44,1
3884,56,1
3885,43,1
3886,158,1
3887,113,1
3888,81,1
3889,50,1
3890,168,1
3891,47,1
3892,35,0
3893,58,1
3894,47,1
3895,102,1
3896,121,1
3897,72,1
3898,111,1
3899,21,0
3900,77,1
3901,49,1
3902,57,0
3903,37,0
3904,104,1
3905,121,1
3906,63,1
3907,74,1
3908,62,1
3909,50,1
3910,48,1
3911,49,1
3912,54,1
3913,159,0
3914,29,1
3915,107,1
3916,21,0
3917,77,1
3918,86,1
3919,29,1
3920,64,1
3921,34,0
3922,45,1
3923,102,1
3924,74,1
3925,51,0
3926,42,1
3927,28,1
3928,57,1
3929,34,1
3930,108,1
3931,60,1
3932,90,1
3933,62,1
3934,34,1
3935,76,1
3936,70,1
3937,200,0
3938,110,1
3939,37,1
3940,33,0
3941,128,1
3942,31,1
3943,23,0
3944,38,0
3945,117,1
3946,53,1
3947,42,1
3948,22,0
3949,57,1
3950,83,1
3951,33,0
3952,122,1
3953,40,1
3954,42,1
3955,72,1
3956,52,1
3957,168,1
3958,55,1
3959,61,1
3960,64,1
3961,122,0
3962,51,1
3963,98,1
3964,47,1
3965,122,1
3966,112,1
3967,96,1
3968,83,1
3969,63,1
3970,38,1
3971,114,1
3972,49,1
3973,194,0
3974,43,1
3975,47,1
3976,135,0
3977,26,0
3978,65,0
3979,24,0
3980,63,1
3981,108,1
3982,50,1
3983,169,1
3984,79,0
3985,49,1
3986,62,1
3987,138,1
3988,105,1
3989,30,1
3990,95,1
3991,35,0
3992,22,0
3993,101,1
3994,67,1
3995,149,1
3996,61,1
3997,52,0
3998,91,1
3999,13,0
4000,75,0
4001,42,0
4002,86,1
4003,46,1
4004,41,1
4005,147,1
4006,47,1
4007,126,1
4008,57,1
4009,79,1
4010,54,1
4011,131,1
4012,96,1
4013,79,1
4014,62,1
4015,47,1
4016,39,0
4017,200,0
4018,121,0
4019,43,0
4020,86,1
4021,45,1
4022,200,0
4023,48,1
4024,91,1
4025,101,1
4026,72,1
4027,79,1
4028,131,1
4029,113,1
4030,51,1
4031,48,1
4032,37,1
4033,86,1
4034,79,1
4035,88,1
4036,139,1
4037,62,1
4038,64,1
4039,73,1
4040,66,1
4041,101,1
4042,32,1
4043,62,1
4044,126,1
4045,132,1
4046,158,1
4047,64,1
4048,45,1
4049,70,1
4050,189,1
4051,65,1
4052,79,1
4053,32,1
4054,44,1
4055,97,1
4056,46,1
4057,123,1
4058,61,0
4059,121,1
4060,35,1
4061,52,1
4062,36,1
4063,39,1
4064,83,1
4065,74,1
4066,104,1
4067,80,1
4068,93,1
4069,104,1
4070,53,1
4071,36,1
4072,75,0
4073,60,1
4074,33,1
4075,200,0
4076,37,0
4077,49,1
4078,47,1
4079,49,1
4080,103,1
4081,34,1
4082,131,1
4083,175,1
4084,50,1
4085,36,1
4086,189,1
4087,86,1
4088,78,1
4089,97,0
4090,200,0
4091,94,1
4092,60,1
4093,58,1
4094,138,1
4095,51,1
4096,39,0
4097,63,1
4098,27,1
4099,49,0
4100,134,1
4101,21,0
4102,72,1
4103,70,1
4104,110,1
4105,98,0
4106,29,0
4107,81,1
4108,84,1
4109,80,1
4110,92,1
4111,20,0
4112,52,1
4113,44,0
4114,36,1
4115,47,1
4116,42,1
4117,59,1
4118,200,0
4119,50,1
4120,154,1
4121,82,1
4122,27,1
4123,65,0
4124,200,0
4125,35,1
4126,189,1
4127,40,1
4128,32,1
4129,103,1
4130,62,1
4131,94,1
4132,92,1
4133,200,0
4134,182,1
4135,177,1
4136,46,1
4137,18,0
4138,66,1
4139,69,0
4140,29,0
4141,94,1
4142,53,1
4143,38,1
4144,98,1
4145,72,1
4146,180,1
4147,100,1
4148,39,1
4149,200,0
4150,178,1
4151,41,1
4152,100,1
4153,91,1
4154,26,0
4155,164,1
4156,52,1
4157,107,1
4158,109,1
4159,95,1
4160,69,1
4161,30,1
4162,131,1
4163,173,1
4164,29,1
4165,57,0
4166,23,1
4167,100,1
4168,93,1
4169,112,1
4170,159,1
4171,23,0
4172,147,1
4173,84,1
4174,55,1
4175,54,0
4176,27,1
4177,81,1
4178,49,1
4179,87,1
4180,76,1
4181,75,1
4182,53,1
4183,74,1
4184,96,0
4185,66,1
4186,19,0
4187,36,1
4188,44,0
4189,145,1
4190,115,1
4191,35,1
4192,25,0
4193,56,1
4194,200,0
4195,132,1
4196,76,0
4197,78,1
4198,59,1
4199,19,0
4200,142,1
4201,37,0
4202,53,1
4203,92,1
4204,50,1
4205,44,1
4206,149,1
4207,63,1
4208,139,1
4209,37,0
4210,57,1
4211,55,1
4212,55,1
4213,36,1
4214,70,1
4215,94,1
4216,114,1
4217,52,1
4218,92,1
4219,46,1
4220,98,1
4221,81,1
4222,74,1
4223,132,1
4224,20,0
4225,44,1
4226,53,1
4227,36,1
4228,179,1
4229,94,1
4230,39,1
4231,42,1
4232,22,1
4233,21,1
4234,59,1
4235,42,1
4236,150,1
4237,77,1
4238,55,1
4239,77,0
4240,53,1
4241,134,1
4242,104,1
4243,68,1
4244,126,1
4245,99,1
4246,153,1
4247,54,1
4248,20,0
4249,71,1
4250,45,1
4251,130,1
4252,32,1
4253,181,1
4254,51,0
4255,27,1
4256,40,1
4257,69,1
4258,60,1
4259,94,1
4260,85,1
4261,71,0
4262,113,1
4263,64,1
4264,91,1
4265,32,1
4266,89,1
4267,132,1
4268,64,1
4269,94,1
4270,110,1
4271,154,1
4272,120,1
4273,83,1
4274,77,1
4275,27,0
4276,73,1
4277,62,1
4278,48,1
4279,30,0
4280,49,1
4281,140,1
4282,30,1
4283,51,1
4284,59,1
4285,45,0
4286,51,1
4287,57,1
4288,73,1
4289,40,1
4290,200,0
4291,105,1
4292,200,0
4293,76,1
4294,62,1
4295,29,1
4296,36,1
4297,96,1
4298,42,1
4299,200,0
4300,92,0
4301,85,1
4302,109,1
4303,56,1
4304,81,1
4305,186,1
4306,27,0
4307,21,0
4308,133,1
4309,67,1
4310,88,1
4311,73,1
4312,32,1
4313,121,1
4314,71,1
4315,60,1
4316,83,1
4317,200,0
4318,65,1
4319,32,1
4320,125,1
4321,80,1
4322,45,1
4323,200,0
4324,107,1
4325,200,0
4326,75,1
4327,83,1
4328,44,1
4329,32,1
4330,75,1
4331,102,0
4332,41,1
4333,200,0
4334,58,1
4335,87,1
4336,81,1
4337,41,0
4338,51,1
4339,60,0
4340,41,1
4341,106,1
4342,126,1
4343,200,0
4344,58,1
4345,103,1
4346,48,1
4347,78,1
4348,47,1
4349,82,1
4350,50,1
4351,44,1
4352,73,1
4353,162,1
4354,190,1
4355,133,1
4356,81,1
4357,166,1
4358,52,1
4359,79,1
4360,48,1
4361,62,1
4362,15,0
4363,111,1
4364,86,1
4365,106,1
4366,93,1
4367,46,1
4368,51,1
4369,58,1
4370,128,1
4371,200,0
4372,36,1
4373,48,0
4374,66,1
4375,56,1
4376,81,1
4377,47,0
4378,113,1
4379,40,1
4380,139,1
4381,146,1
4382,83,1
4383,145,1
4384,110,0
4385,118,1
4386,62,1
4387,19,0
4388,43,0
4389,29,1
4390,60,0
4391,37,1
4392,52,0
4393,89,1
4394,106,1
4395,99,1
4396,32,0
4397,43,1
4398,58,1
4399,70,1
4400,200,0
4401,50,1
4402,56,1
4403,200,0
4404,64,1
4405,13,0
4406,87,1
4407,16,1
4408,103,1
4409,54,1
4410,54,1
4411,40,1
4412,79,1
4413,31,0
4414,88,1
4415,95,1
4416,38,1
4417,200,0
4418,172,1
4419,129,1
4420,37,1
4421,75,1
4422,26,1
4423,69,1
4424,74,0
4425,47,1
4426,27,1
4427,46,1
4428,58,1
4429,158,1
4430,35,0
4431,77,1
4432,159,1
4433,33,1
4434,54,1
4435,99,1
4436,83,1
4437,40,1
4438,83,1
4439,36,1
4440,34,1
4441,25,1
4442,65,1
4443,30,1
4444,97,1
4445,86,1
4446,94,1
4447,42,0
4448,21,0
4449,97,1
4450,90,1
4451,83,1
4452,83,1
4453,29,0
4454,200,0
4455,166,0
4456,34,0
4457,55,1
4458,54,1
4459,26,1
4460,27,1
4461,63,0
4462,34,1
4463,117,1
4464,166,1
4465,184,1
4466,52,1
4467,156,1
4468,85,1
4469,28,1
4470,35,1
4471,38,1
4472,112,1
4473,45,1
4474,43,1
4475,51,1
4476,171,1
4477,53,1
4478,63,0
4479,71,1
4480,114,1
4481,98,1
4482,133,1
4483,99,1
4484,64,1
4485,99,1
4486,139,1
4487,50,1
4488,63,1
4489,200,0
4490,26,1
4491,104,1
4492,76,1
4493,120,1
4494,66,1
4495,70,0
4496,179,1
4497,20,0
4498,26,1
4499,22,0
4500,126,0
4501,110,1
4502,174,1
4503,75,1
4504,53,0
4505,44,1
4506,47,1
4507,75,0
4508,66,1
4509,69,0
4510,153,1
4511,53,1
4512,118,1
4513,111,1
4514,34,1
4515,71,1
4516,200,0
4517,31,0
4518,69,1
4519,158,1
4520,39,1
4521,49,1
4522,153,1
4523,31,1
4524,28,1
4525,88,1
4526,46,0
4527,28,1
4528,88,1
4529,42,1
4530,105,1
4531,90,1
4532,22,0
4533,99,1
4534,122,1
4535,102,1
4536,68,1
4537,47,1
4538,76,1
4539,87,1
4540,31,1
4541,107,1
4542,19,0
4543,14,0
4544,28,1
4545,84,1
4546,71,1
4547,117,1
4548,67,1
4549,123,1
4550,66,1
4551,99,1
4552,64,1
4553,200,0
4554,30,1
4555,68,1
4556,66,1
4557,200,0
4558,70,1
4559,64,1
4560,61,1
4561,48,1
4562,144,0
4563,44,1
4564,57,1
4565,123,1
4566,141,1
4567,86,1
4568,46,1
4569,132,1
4570,200,0
4571,92,1
4572,19,0
4573,47,1
4574,166,1
4575,93,1
4576,113,1
4577,22,0
4578,81,1
4579,84,1
4580,30,0
4581,113,1
4582,200,0
4583,194,1
4584,65,1
4585,93,1
4586,34,1
4587,200,0
4588,27,0
4589,31,0
4590,132,1
4591,43,1
4592,60,1
4593,29,1
4594,62,1
4595,47,1
4596,141,1
4597,68,1
4598,37,1
4599,130,1
4600,28,1
4601,166,1
4602,45,1
4603,200,0
4604,42,1
4605,37,1
4606,33,1
4607,31,1
4608,57,1
4609,79,0
4610,22,0
4611,43,1
4612,53,1
4613,23,0
4614,99,1
4615,200,0
4616,29,0
4617,102,1
4618,54,1
4619,88,1
4620,105,1
4621,137,1
4622,69,1
4623,35,1
4624,94,1
4625,76,1
4626,53,1
4627,41,1
4628,53,1
4629,52,1
4630,66,1
4631,165,1
4632,35,1
4633,106,1
4634,56,0
4635,104,1
4636,59,1
4637,89,1
4638,77,1
4639,112,1
4640,77,1
4641,167,1
4642,30,1
4643,87,1
4644,152,1
4645,57,1
4646,128,0
4647,46,1
4648,48,1
4649,61,0
4650,104,1
4651,59,1
4652,108,1
4653,127,1
4654,51,1
4655,58,1
4656,53,1
4657,47,1
4658,41,1
4659,22,1
4660,90,1
4661,80,1
4662,62,1
4663,107,1
4664,39,1
4665,39,1
4666,51,1
4667,29,1
4668,57,1
4669,160,1
4670,53,0
4671,49,1
4672,53,0
4673,67,1
4674,57,1
4675,27,1
4676,114,1
4677,57,1
4678,99,1
4679,28,1
4680,43,1
4681,14,0
4682,74,0
4683,41,1
4684,40,1
4685,41,1
4686,200,0
4687,105,1
4688,71,1
4689,50,1
4690,99,0
4691,73,1
4692,62,1
4693,53,1
4694,50,1
4695,86,1
4696,95,1
4697,96,1
4698,86,1
4699,79,1
4700,67,1
4701,76,1
4702,74,1
4703,80,1
4704,95,1
4705,38,0
4706,32,1
4707,160,1
4708,43,1
4709,116,0
4710,123,1
4711,53,1
4712,62,1
4713,38,1
4714,101,1
4715,60,1
4716,139,0
4717,159,1
4718,36,0
4719,90,1
4720,55,0
4721,42,1
4722,48,0
4723,33,1
4724,178,0
4725,85,1
4726,36,1
4727,83,1
4728,91,1
4729,93,1
4730,58,1
4731,79,0
4732,38,1
4733,117,1
4734,71,1
4735,75,0
4736,93,1
4737,46,1
4738,45,1
4739,18,0
4740,75,1
4741,49,1
4742,64,1
4743,26,1
4744,50,1
4745,80,0
4746,77,1
4747,45,1
4748,74,1
4749,46,1
4750,43,0
4751,63,1
4752,43,1
4753,57,1
4754,80,0
4755,77,1
4756,14,0
4757,58,0
4758,55,1
4759,38,1
4760,89,1
4761,80,1
4762,200,0
4763,200,0
4764,135,1
4765,186,1
4766,21,1
4767,46,1
4768,24,0
4769,79,0
4770,36,1
4771,40,1
4772,45,1
4773,131,1
4774,106,1
4775,58,1
4776,73,1
4777,61,1
4778,61,1
4779,92,1
4780,128,0
4781,19,1
4782,108,0
4783,72,1
4784,56,0
4785,184,1
4786,67,1
4787,19,0
4788,90,0
4789,200,1
4790,20,1
4791,95,1
4792,38,1
4793,49,1
4794,69,1
4795,61,1
4796,126,1
4797,32,1
4798,77,1
4799,46,0
4800,57,1
4801,64,0
4802,107,1
4803,121,1
4804,66,1
4805,54,1
4806,94,1
4807,27,1
4808,67,1
4809,36,1
4810,81,1
4811,171,1
4812,109,0
4813,34,0
4814,74,0
4815,43,1
4816,79,1
4817,175,1
4818,68,1
4819,79,1
4820,86,0
4821,126,1
4822,57,1
4823,126,0
4824,55,1
4825,38,1
4826,36,1
4827,42,1
4828,47,0
4829,153,1
4830,78,0
4831,41,1
4832,55,1
4833,109,1
4834,79,1
4835,55,1
4836,30,1
4837,41,0
4838,45,0
4839,42,1
4840,28,1
4841,43,0
4842,92,1
4843,91,1
4844,54,1
4845,67,0
4846,95,1
4847,36,0
4848,53,1
4849,90,1
4850,44,1
4851,58,0
4852,130,1
4853,54,1
4854,71,1
4855,36,1
4856,29,1
4857,50,1
4858,82,1
4859,50,0
4860,28,1
4861,68,1
4862,51,1
4863,65,1
4864,50,1
4865,97,1
4866,38,0
4867,78,0
4868,18,1
4869,64,0
4870,18,0
4871,28,0
4872,69,1
4873,90,0
4874,126,1
4875,89,1
4876,46,1
4877,63,1
4878,70,0
4879,58,1
4880,60,0
4881,80,1
4882,71,1
4883,29,1
4884,84,0
4885,52,1
4886,52,1
4887,57,1
4888,74,1
4889,38,1
4890,37,1
4891,78,1
4892,99,1
4893,29,1
4894,110,1
4895,75,1
4896,167,1
4897,31,1
4898,200,0
4899,62,0
4900,54,1
4901,48,0
4902,35,1
4903,128,1
4904,57,1
4905,64,0
4906,41,1
4907,53,1
4908,61,1
4909,180,1
4910,86,1
4911,67,0
4912,39,1
4913,192,1
4914,34,1
4915,71,0
4916,47,1
4917,42,1
4918,42,1
4919,87,1
4920,45,1
4921,40,1
4922,40,0
4923,117,1
4924,45,1
4925,75,1
4926,58,1
4927,45,1
4928,36,1
4929,43,1
4930,129,1
4931,54,1
4932,97,1
4933,65,0
4934,45,1
4935,106,1
4936,91,1
4937,59,0
4938,97,0
4939,54,1
4940,36,0
4941,81,1
4942,92,1
4943,43,1
4944,37,1
4945,117,1
4946,97,0
4947,101,1
4948,75,0
4949,44,1
4950,37,0
4951,62,1
4952,68,1
4953,108,1
4954,80,1
4955,122,1
4956,85,1
4957,63,1
4958,58,1
4959,59,1
4960,52,1
4961,37,0
4962,78,1
4963,34,1
4964,61,0
4965,27,0
4966,41,1
4967,50,1
4968,41,1
4969,75,1
4970,70,1
4971,74,1
4972,50,1
4973,55,1
4974,62,1
4975,41,1
4976,69,1
4977,39,1
4978,45,1
4979,42,1
4980,70,1
4981,200,0
4982,30,1
4983,155,0
4984,98,1
4985,137,0
4986,30,1
4987,41,1
4988,40,1
4989,74,1
4990,191,1
4991,84,1
4992,53,0
4993,21,1
4994,68,1
4995,56,1
4996,25,0
4997,43,1
4998,75,1
4999,72,0
5000,54,1
5001,48,0
5002,102,1
5003,83,1
5004,65,1
5005,188,1
5006,92,1
5007,78,0
5008,42,0
5009,49,1
5010,78,1
5011,33,1
5012,33,0
5013,62,1
5014,85,1
5015,112,1
5016,68,1
5017,80,1
5018,57,1
5019,109,0
5020,52,0
5021,56,1
5022,57,1
5023,73,1
5024,130,0
5025,77,0
5026,77,1
5027,61,1
5028,63,1
5029,121,1
5030,114,1
5031,15,0
5032,24,0
5033,84,0
5034,120,1
5035,45,1
5036,48,1
5037,29,1
5038,55,1
5039,200,0
5040,156,1
5041,129,0
5042,123,0
5043,77,0
5044,45,1
5045,49,1
5046,41,1
5047,34,0
5048,28,0
5049,63,0
5050,90,1
5051,80,0
5052,63,1
5053,40,1
5054,127,1
5055,58,1
5056,60,0
5057,59,1
5058,58,1
5059,38,0
5060,51,1
5061,70,1
5062,91,0
5063,121,0
5064,42,0
5065,59,1
5066,70,1
5067,56,1
5068,32,1
5069,126,1
5070,30,1
5071,55,1
5072,165,1
5073,149,0
5074,71,1
5075,52,0
5076,44,1
5077,38,1
5078,72,1
5079,167,1
5080,67,0
5081,65,1
5082,41,0
5083,36,1
5084,23,1
5085,31,0
5086,56,1
5087,180,1
5088,53,1
5089,32,1
5090,32,0
5091,52,1
5092,51,0
5093,59,0
5094,31,0
5095,48,0
5096,47,0
5097,142,0
5098,91,1
5099,88,1
5100,36,0
5101,67,0
5102,35,1
5103,55,1
5104,116,1
5105,142,1
5106,43,1
5107,50,1
5108,51,1
5109,88,1
5110,157,1
5111,88,0
5112,179,1
5113,39,1
5114,76,0
5115,83,0
5116,33,0
5117,37,1
5118,57,1
5119,104,1
5120,69,1
5121,144,1
5122,123,1
5123,91,1
5124,50,1
5125,89,1
5126,37,1
5127,68,1
5128,61,1
5129,25,0
5130,63,1
5131,39,1
5132,29,1
5133,64,1
5134,64,1
5135,70,0
5136,54,1
5137,48,1
5138,39,1
5139,69,1
5140,60,1
5141,88,1
5142,65,0
5143,192,1
5144,131,1
5145,88,1
5146,82,1
5147,31,1
5148,103,1
5149,81,1
5150,42,1
5151,49,0
5152,30,1
5153,40,0
5154,60,1
5155,60,1
5156,20,0
5157,200,0
5158,63,1
5159,45,1
5160,103,1
5161,29,1
5162,111,1
5163,86,1
5164,108,1
5165,32,1
5166,69,0
5167,47,0
5168,123,0
5169,40,0
5170,63,0
5171,105,1
5172,103,1
5173,80,0
5174,77,1
5175,106,1
5176,68,1
5177,142,1
5178,147,1
5179,115,1
5180,198,0
5181,95,1
5182,39,0
5183,87,1
5184,200,0
5185,33,1
5186,123,1
5187,55,1
5188,51,1
5189,55,1
5190,64,1
5191,46,1
5192,75,1
5193,161,1
5194,34,0
5195,47,1
5196,64,1
5197,30,0
5198,200,0
5199,140,1
5200,44,1
5201,50,1
5202,52,0
5203,61,1
5204,46,0
5205,27,0
5206,50,1
5207,44,1
5208,69,1
5209,46,0
5210,19,0
5211,83,1
5212,30,1
5213,86,1
5214,89,1
5215,28,1
5216,45,1
5217,173,1
5218,56,1
5219,55,1
5220,62,0
5221,172,1
5222,69,1
5223,82,1
5224,43,1
5225,67,1
5226,51,1
5227,77,1
5228,55,0
5229,82,1
5230,37,1
5231,153,1
5232,146,0
5233,104,1
5234,158,1
5235,146,0
5236,19,0
5237,69,1
5238,26,1
5239,70,1
5240,39,1
5241,46,0
5242,28,0
5243,22,0
5244,174,0
5245,49,1
5246,101,1
5247,56,1
5248,52,1
5249,88,1
5250,25,1
5251,182,1
5252,97,1
5253,70,1
5254,43,1
5255,27,0
5256,32,1
5257,17,0
5258,75,1
5259,37,1
5260,58,1
5261,57,1
5262,113,1
5263,74,0
5264,51,1
5265,33,1
5266,35,1
5267,109,1
5268,59,1
5269,45,1
5270,30,1
5271,97,1
5272,51,1
5273,130,0
5274,77,1
5275,60,1
5276,110,1
5277,168,0
5278,54,1
5279,58,1
5280,65,1
5281,77,1
5282,93,1
5283,102,1
5284,52,1
5285,38,1
5286,95,1
5287,85,1
5288,67,1
5289,106,1
5290,54,0
5291,11,0
5292,113,1
5293,64,1
5294,27,0
5295,66,0
5296,51,1
5297,66,1
5298,59,1
5299,74,0
5300,29,1
5301,88,1
5302,117,0
5303,81,0
5304,41,1
5305,42,1
5306,29,0
5307,18,0
5308,65,1
5309,155,1
5310,97,1
5311,96,0
5312,113,1
5313,59,1
5314,87,1
5315,72,0
5316,34,1
5317,96,1
5318,103,1
5319,95,1
5320,72,1
5321,74,0
5322,44,1
5323,101,0
5324,34,1
5325,97,1
5326,65,1
5327,77,1
5328,33,0
5329,107,1
5330,71,1
5331,43,1
5332,47,1
5333,110,1
5334,51,0
5335,178,1
5336,57,0
5337,80,0
5338,200,0
5339,48,1
5340,48,1
5341,48,1
5342,121,1
5343,114,0
5344,103,1
5345,41,1
5346,37,1
5347,76,1
5348,36,1
5349,64,1
5350,79,1
5351,67,1
5352,97,1
5353,57,1
5354,48,1
5355,54,1
5356,53,0
5357,107,0
5358,61,1
5359,76,0
5360,70,1
5361,33,1
5362,45,1
5363,110,0
5364,95,1
5365,91,1
5366,15,0
5367,200,0
5368,31,0
5369,81,1
5370,76,1
5371,46,1
5372,70,1
5373,25,1
5374,44,0
5375,79,1
5376,142,1
5377,45,1
5378,54,1
5379,80,1
5380,55,0
5381,200,0
5382,60,1
5383,31,1
5384,71,1
5385,90,1
5386,97,1
5387,85,1
5388,122,1
5389,50,1
5390,77,1
5391,74,1
5392,51,1
5393,75,1
5394,39,1
5395,81,0
5396,60,1
5397,80,1
5398,57,1
5399,140,0
5400,87,1
5401,31,0
5402,43,1
5403,72,1
5404,33,0
5405,40,1
5406,55,1
5407,106,1
5408,93,1
5409,117,0
5410,65,1
5411,58,0
5412,30,1
5413,66,1
5414,96,1
5415,34,1
5416,68,1
5417,88,1
5418,42,1
5419,62,1
5420,85,1
5421,57,1
5422,62,1
5423,26,1
5424,38,1
5425,100,0
5426,149,1
5427,97,1
5428,64,1
5429,26,1
5430,25,0
5431,61,1
5432,98,1
5433,151,1
5434,48,1
5435,114,1
5436,92,1
5437,59,0
5438,34,1
5439,33,0
5440,33,0
5441,131,1
5442,59,1
5443,47,1
5444,178,0
5445,80,1
5446,192,1
5447,169,1
5448,53,0
5449,30,1
5450,172,1
5451,109,1
5452,53,1
5453,60,1
5454,51,0
5455,81,0
5456,55,0
5457,64,1
5458,64,1
5459,67,1
5460,110,1
5461,50,1
5462,77,1
5463,63,1
5464,46,1
5465,116,1
5466,33,1
5467,49,1
5468,69,1
5469,32,1
5470,17,0
5471,29,1
5472,101,1
5473,39,1
5474,70,1
5475,94,0
5476,47,1
5477,16,0
5478,116,1
5479,64,1
5480,118,1
5481,49,1
5482,113,1
5483,82,1
5484,45,1
5485,38,1
5486,37,1
5487,51,0
5488,38,1
5489,50,1
5490,60,1
5491,44,1
5492,83,0
5493,200,0
5494,97,1
5495,53,0
5496,120,1
5497,42,1
5498,124,1
5499,56,0
5500,74,1
5501,37,1
5502,96,1
5503,18,0
5504,31,1
5505,41,1
5506,88,1
5507,31,1
5508,88,1
5509,72,1
5510,59,1
5511,47,1
5512,41,1
5513,82,1
5514,90,0
5515,62,1
5516,78,1
5517,24,1
5518,42,1
5519,86,0
5520,108,1
5521,72,1
5522,67,1
5523,16,0
5524,117,1
5525,80,1
5526,58,1
5527,42,1
5528,48,1
5529,94,1
5530,87,0
5531,31,0
5532,130,1
5533,32,1
5534,129,1
5535,52,1
5536,83,1
5537,71,1
5538,86,1
5539,46,1
5540,88,1
5541,111,1
5542,82,1
5543,37,1
5544,62,0
5545,62,1
5546,46,1
5547,120,1
5548,52,1
5549,61,1
5550,50,1
5551,88,0
5552,53,1
5553,122,1
5554,20,0
5555,44,1
5556,91,0
5557,52,0
5558,82,1
5559,85,0
5560,86,0
5561,56,0
5562,39,0
5563,32,0
5564,64,1
5565,52,1
5566,19,0
5567,53,1
5568,124,1
5569,41,1
5570,177,1
5571,90,1
5572,184,1
5573,91,1
5574,120,1
5575,94,1
5576,47,1
5577,57,1
5578,83,0
5579,54,1
5580,90,0
5581,126,1
5582,53,1
5583,94,1
5584,83,1
5585,39,1
5586,120,1
5587,95,0
5588,39,1
5589,48,1
5590,200,0
5591,57,1
5592,25,0
5593,100,1
5594,35,1
5595,54,1
5596,105,0
5597,50,0
5598,43,1
5599,43,0
5600,51,0
5601,106,1
5602,135,1
5603,100,1
5604,78,1
5605,135,1
5606,77,1
5607,45,1
5608,43,0
5609,67,1
5610,81,0
5611,125,1
5612,45,1
5613,50,1
5614,96,0
5615,102,0
5616,80,1
5617,144,1
5618,200,0
5619,123,1
5620,112,1
5621,93,1
5622,47,1
5623,63,1
5624,133,1
5625,71,1
5626,199,0
5627,50,1
5628,64,1
5629,51,1
5630,102,1
5631,77,1
5632,31,1
5633,104,1
5634,70,1
5635,37,1
5636,82,1
5637,48,1
5638,53,1
5639,106,1
5640,72,1
5641,33,0
5642,132,1
5643,49,1
5644,46,1
5645,18,0
5646,77,0
5647,58,1
5648,47,0
5649,34,1
5650,95,1
5651,117,0
5652,151,0
5653,42,1
5654,41,1
5655,78,0
5656,154,1
5657,51,1
5658,43,1
5659,79,0
5660,98,1
5661,84,0
5662,35,1
5663,189,1
5664,36,0
5665,50,1
5666,24,0
5667,56,0
5668,38,1
5669,34,1
5670,54,1
5671,53,1
5672,66,0
5673,200,0
5674,87,1
5675,97,1
5676,62,1
5677,96,1
5678,95,1
5679,33,1
5680,93,1
5681,52,1
5682,76,1
5683,41,1
5684,66,1
5685,113,1
5686,84,1
5687,105,0
5688,31,0
5689,158,1
5690,55,1
5691,50,1
5692,58,1
5693,80,1
5694,44,1
5695,50,1
5696,95,1
5697,45,1
5698,40,1
5699,82,0
5700,92,1
5701,48,1
5702,82,1
5703,60,0
5704,23,0
5705,69,1
5706,50,1
5707,79,1
5708,56,1
5709,31,0
5710,63,1
5711,68,0
5712,71,1
5713,33,1
5714,90,1
5715,98,1
5716,108,1
5717,99,1
5718,81,1
5719,145,1
5720,62,1
5721,43,1
5722,137,1
5723,67,1
5724,84,0
5725,144,1
5726,40,0
5727,102,1
5728,36,0
5729,101,1
5730,113,1
5731,58,1
5732,48,1
5733,99,1
5734,47,1
5735,63,0
5736,62,0
5737,175,1
5738,61,1
5739,118,1
5740,89,1
5741,52,0
5742,69,0
5743,33,1
5744,88,1
5745,63,1
5746,81,0
5747,32,0
5748,75,1
5749,37,1
5750,11,0
5751,85,1
5752,89,1
5753,35,1
5754,40,1
5755,20,0
5756,39,1
5757,125,1
5758,46,1
5759,52,1
5760,59,1
5761,98,1
5762,146,0
5763,74,0
5764,85,1
5765,71,0
5766,31,1
5767,135,0
5768,60,0
5769,49,0
5770,88,1
5771,29,1
5772,144,0
5773,145,1
5774,87,1
5775,31,0
5776,78,1
5777,135,1
5778,40,1
5779,160,1
5780,42,1
5781,86,1
5782,20,1
5783,57,0
5784,40,1
5785,133,0
5786,152,1
5787,70,0
5788,46,1
5789,40,0
5790,139,1
5791,34,0
5792,51,0
5793,102,1
5794,96,1
5795,51,1
5796,131,1
5797,56,1
5798,152,1
5799,41,0
5800,29,0
5801,71,1
5802,24,0
5803,42,1
5804,69,1
5805,35,1
5806,31,0
5807,61,1
5808,40,1
5809,40,0
5810,79,1
5811,79,0
5812,130,1
5813,103,1
5814,102,1
5815,44,0
5816,28,1
5817,61,0
5818,106,1
5819,72,1
5820,81,1
5821,69,0
5822,85,1
5823,41,0
5824,77,1
5825,99,1
5826,79,1
5827,81,1
5828,55,1
5829,115,0
5830,51,0
5831,51,1
5832,52,1
5833,74,0
5834,86,1
5835,42,1
5836,177,1
5837,92,0
5838,30,1
5839,45,1
5840,78,1
5841,23,0
5842,72,1
5843,65,0
5844,108,1
5845,39,0
5846,41,1
5847,65,1
5848,123,1
5849,61,0
5850,71,1
5851,83,1
5852,42,1
5853,58,0
5854,60,0
5855,60,1
5856,51,1
5857,59,1
5858,52,1
5859,67,0
5860,49,0
5861,43,1
5862,49,1
5863,71,1
5864,70,1
5865,33,1
5866,103,0
5867,40,1
5868,78,1
5869,51,0
5870,21,1
5871,72,0
5872,34,0
5873,36,1
5874,70,0
5875,38,1
5876,38,1
5877,91,1
5878,95,1
5879,49,1
5880,144,1
5881,52,0
5882,14,0
5883,106,1
5884,62,1
5885,41,0
5886,63,0
5887,77,1
5888,67,0
5889,62,0
5890,40,0
5891,38,1
5892,59,1
5893,84,1
5894,88,1
5895,42,1
5896,100,1
5897,96,0
5898,44,1
5899,68,1
5900,86,1
5901,183,1
5902,55,1
5903,82,1
5904,37,1
5905,90,1
5906,31,1
5907,65,1
5908,114,1
5909,36,1
5910,88,1
5911,66,0
5912,22,1
5913,56,1
5914,37,1
5915,72,1
5916,55,1
5917,20,0
5918,73,1
5919,49,1
5920,91,1
5921,22,0
5922,185,0
5923,37,0
5924,84,1
5925,52,1
5926,45,1
5927,16,0
5928,62,1
5929,57,1
5930,85,1
5931,134,1
5932,96,1
5933,39,1
5934,73,1
5935,86,1
5936,142,0
5937,43,1
5938,20,0
5939,79,0
5940,53,1
5941,35,1
5942,70,1
5943,110,0
5944,72,0
5945,193,1
5946,68,1
5947,65,1
5948,26,0
5949,46,0
5950,146,1
5951,70,1
5952,137,1
5953,50,0
5954,41,0
5955,35,0
5956,56,1
5957,110,0
5958,101,1
5959,98,1
5960,135,1
5961,80,0
5962,150,1
5963,182,1
5964,80,1
5965,124,0
5966,55,1
5967,100,1
5968,141,1
5969,43,1
5970,53,1
5971,97,1
5972,57,1
5973,44,1
5974,169,0
5975,136,1
5976,37,1
5977,69,1
5978,107,1
5979,110,1
5980,40,1
5981,61,1
5982,44,0
5983,46,0
5984,72,1
5985,91,1
5986,26,0
5987,28,0
5988,44,1
5989,61,0
5990,65,1
5991,60,1
5992,147,1
5993,60,1
5994,29,1
5995,17,0
5996,116,1
5997,71,1
5998,79,1
5999,112,1
6000,58,1
6001,78,0
6002,34,0
6003,60,0
6004,12,0
6005,59,1
6006,196,1
6007,32,1
6008,40,1
6009,16,0
6010,40,1
6011,66,1
6012,74,1
6013,35,0
6014,72,1
6015,37,1
6016,136,1
6017,87,1
6018,19,0
6019,30,1
6020,146,0
6021,59,1
6022,99,1
6023,83,0
6024,96,1
6025,89,1
6026,36,1
6027,77,1
6028,64,1
6029,74,1
6030,97,1
6031,50,0
6032,53,0
6033,51,1
6034,67,1
6035,80,1
6036,21,1
6037,156,1
6038,26,0
6039,30,1
6040,52,1
6041,49,0
6042,89,1
6043,114,1
6044,184,1
6045,134,1
6046,64,1
6047,23,0
6048,69,1
6049,97,1
6050,62,1
6051,24,0
6052,77,1
6053,58,0
6054,36,1
6055,33,1
6056,36,1
6057,43,0
6058,68,1
6059,59,0
6060,41,1
6061,85,0
6062,91,1
6063,55,1
6064,115,1
6065,50,1
6066,70,1
6067,76,1
6068,51,1
6069,73,1
6070,51,0
6071,46,1
6072,44,1
6073,56,1
6074,27,0
6075,135,0
6076,103,0
6077,56,1
6078,73,1
6079,78,1
6080,50,0
6081,55,1
6082,30,1
6083,58,1
6084,36,1
6085,21,0
6086,85,1
6087,47,1
6088,139,0
6089,53,1
6090,58,1
6091,36,1
6092,35,1
6093,39,1
6094,38,0
6095,89,1
6096,200,0
6097,200,0
6098,43,0
6099,50,1
6100,100,1
6101,101,1
6102,30,1
6103,39,1
6104,39,0
6105,34,1
6106,35,1
6107,137,1
6108,29,1
6109,45,1
6110,77,1
6111,74,1
6112,28,1
6113,32,0
6114,141,1
6115,51,1
6116,200,0
6117,83,0
6118,101,1
6119,103,1
6120,63,1
6121,115,1
6122,81,0
6123,79,1
6124,41,1
6125,200,0
6126,44,1
6127,118,0
6128,153,1
6129,195,1
6130,57,1
6131,91,1
6132,78,1
6133,141,1
6134,86,1
6135,94,1
6136,64,1
6137,54,1
6138,28,1
6139,85,1
6140,65,1
6141,47,1
6142,44,0
6143,41,1
6144,87,0
6145,25,1
6146,32,1
6147,54,1
6148,68,1
6149,29,0
6150,103,1
6151,84,1
6152,52,0
6153,40,1
6154,47,1
6155,56,1
6156,44,1
6157,19,1
6158,91,1
6159,31,1
6160,53,0
6161,93,1
6162,70,1
6163,79,1
6164,55,1
6165,83,1
6166,26,0
6167,32,1
6168,69,1
6169,140,1
6170,43,0
6171,66,0
6172,48,1
6173,71,1
6174,190,0
6175,65,1
6176,52,1
6177,67,1
6178,35,1
6179,91,0
6180,124,1
6181,41,1
6182,66,1
6183,57,1
6184,55,1
6185,51,0
6186,101,0
6187,93,1
6188,38,1
6189,115,1
6190,32,1
6191,39,1
6192,52,1
6193,34,0
6194,87,1
6195,62,1
6196,60,1
6197,97,1
6198,67,1
6199,38,1
6200,60,1
6201,41,1
6202,44,1
6203,29,1
6204,76,1
6205,42,0
6206,66,1
6207,39,0
6208,27,1
6209,40,0
6210,57,1
6211,35,1
6212,129,1
6213,83,1
6214,72,1
6215,120,1
6216,30,1
6217,151,1
6218,92,1
6219,89,1
6220,12,0
6221,37,0
6222,73,1
6223,126,0
6224,47,1
6225,53,1
6226,35,1
6227,112,1
6228,35,1
6229,38,1
6230,68,1
6231,33,0
6232,94,0
6233,47,1
6234,49,1
6235,65,1
6236,166,0
6237,80,1
6238,40,1
6239,39,1
6240,53,1
6241,52,1
6242,85,1
6243,51,1
6244,98,1
6245,31,0
6246,65,1
6247,35,1
6248,32,1
6249,78,1
6250,103,1
6251,39,1
6252,85,1
6253,29,1
6254,86,1
6255,65,1
6256,44,0
6257,97,0
6258,23,0
6259,57,1
6260,112,0
6261,43,1
6262,31,0
6263,54,1
6264,36,1
6265,83,1
6266,41,0
6267,27,0
6268,131,1
6269,64,1
6270,55,1
6271,126,1
6272,94,1
6273,93,0
6274,61,1
6275,30,0
6276,61,0
6277,70,1
6278,73,1
6279,110,1
6280,98,1
6281,86,1
6282,25,1
6283,78,1
6284,38,0
6285,89,1
6286,68,1
6287,59,1
6288,133,0
6289,61,1
6290,65,0
6291,56,1
6292,79,0
6293,35,1
6294,46,1
6295,13,0
6296,39,1
6297,125,0
6298,89,1
6299,17,0
6300,55,1
6301,71,1
6302,144,0
6303,42,0
6304,119,1
6305,101,1
6306,24,1
6307,70,1
6308,85,1
6309,128,1
6310,63,1
6311,46,1
6312,42,1
6313,116,1
6314,110,1
6315,83,1
6316,34,1
6317,18,0
6318,65,1
6319,23,1
6320,95,1
6321,50,1
6322,93,1
6323,112,1
6324,56,1
6325,28,0
6326,48,1
6327,99,1
6328,101,1
6329,54,1
6330,140,0
6331,88,1
6332,35,1
6333,117,1
6334,73,1
6335,65,1
6336,47,1
6337,124,1
6338,123,1
6339,67,0
6340,81,1
6341,49,1
6342,108,0
6343,81,1
6344,66,0
6345,112,1
6346,114,0
6347,55,1
6348,56,0
6349,39,1
6350,27,1
6351,109,1
6352,153,1
6353,120,1
6354,93,1
6355,64,1
6356,54,1
6357,109,1
6358,48,1
6359,51,1
6360,59,0
6361,81,1
6362,21,1
6363,47,1
6364,34,1
6365,105,1
6366,37,1
6367,200,0
6368,70,1
6369,67,1
6370,74,1
6371,57,1
6372,45,1
6373,38,0
6374,101,1
6375,76,1
6376,58,1
6377,100,1
6378,172,1
6379,125,1
6380,74,1
6381,40,1
6382,61,1
6383,33,1
6384,94,1
6385,119,1
6386,140,0
6387,163,0
6388,116,1
6389,48,1
6390,64,1
6391,23,1
6392,70,1
6393,200,0
6394,55,0
6395,122,1
6396,71,1
6397,175,1
6398,41,0
6399,175,1
6400,72,1
6401,60,1
6402,34,0
6403,100,1
6404,53,1
6405,81,1
6406,83,1
6407,50,0
6408,21,0
6409,127,1
6410,166,1
6411,45,1
6412,75,0
6413,61,1
6414,29,1
6415,130,1
6416,39,1
6417,60,1
6418,39,0
6419,72,1
6420,47,1
6421,62,0
6422,102,1
6423,69,1
6424,57,0
6425,114,1
6426,73,1
6427,120,1
6428,61,1
6429,31,0
6430,115,0
6431,71,1
6432,103,1
6433,155,1
6434,92,1
6435,52,1
6436,68,1
6437,83,1
6438,61,1
6439,101,0
6440,137,1
6441,56,1
6442,74,1
6443,66,1
6444,73,0
6445,118,1
6446,33,0
6447,77,1
6448,104,1
6449,69,1
6450,47,1
6451,58,1
6452,32,1
6453,68,0
6454,68,0
6455,30,1
6456,81,1
6457,56,1
6458,98,0
6459,92,0
6460,83,1
6461,79,1
6462,45,0
6463,92,0
6464,68,0
6465,75,1
6466,65,1
6467,39,1
6468,28,0
6469,69,0
6470,71,1
6471,200,0
6472,192,1
6473,44,1
6474,64,1
6475,148,1
6476,31,1
6477,51,1
6478,52,1
6479,32,1
6480,40,1
6481,113,1
6482,80,0
6483,22,0
6484,104,1
6485,163,1
6486,97,0
6487,120,1
6488,50,1
6489,65,1
6490,39,1
6491,75,1
6492,34,0
6493,22,0
6494,92,1
6495,117,1
6496,80,0
6497,20,0
6498,112,0
6499,102,1
6500,200,0
6501,31,1
6502,39,1
6503,107,0
6504,55,1
6505,62,1
6506,46,1
6507,63,0
6508,50,1
6509,42,1
6510,83,1
6511,78,0
6512,47,1
6513,25,1
6514,110,1
6515,199,0
6516,39,1
6517,15,0
6518,51,1
6519,90,0
6520,65,1
6521,72,1
6522,33,1
6523,47,0
6524,46,1
6525,80,1
6526,41,1
6527,49,1
6528,36,0
6529,36,1
6530,53,1
6531,118,1
6532,23,0
6533,27,1
6534,53,0
6535,105,1
6536,63,0
6537,64,1
6538,34,1
6539,88,1
6540,89,0
6541,100,1
6542,83,1
6543,32,1
6544,55,1
6545,34,0
6546,64,1
6547,41,0
6548,24,1
6549,49,1
6550,61,1
6551,65,1
6552,39,0
6553,72,1
6554,127,1
6555,54,1
6556,46,1
6557,47,1
6558,53,1
6559,78,0
6560,66,1
6561,41,0
6562,71,1
6563,58,0
6564,63,1
6565,72,1
6566,54,0
6567,88,1
6568,76,1
6569,53,1
6570,67,1
6571,16,0
6572,97,1
6573,64,1
6574,70,0
6575,146,1
6576,129,1
6577,57,1
6578,83,1
6579,56,1
6580,74,0
6581,121,1
6582,165,0
6583,89,1
6584,54,1
6585,43,1
6586,112,1
6587,93,1
6588,29,0
6589,70,0
6590,78,0
6591,180,1
6592,86,1
6593,72,1
6594,75,1
6595,41,1
6596,132,0
6597,158,1
6598,40,1
6599,60,1
6600,42,1
6601,55,1
6602,42,0
6603,19,0
6604,45,0
6605,200,0
6606,35,1
6607,37,0
6608,98,1
6609,37,1
6610,51,1
6611,37,1
6612,72,1
6613,24,1
6614,74,1
6615,66,0
6616,123,1
6617,46,0
6618,63,1
6619,40,1
6620,75,0
6621,104,1
6622,82,1
6623,30,1
6624,57,1
6625,79,1
6626,83,1
6627,74,1
6628,37,0
6629,71,1
6630,31,1
6631,143,1
6632,50,0
6633,149,1
6634,31,0
6635,65,1
6636,98,1
6637,31,1
6638,15,0
6639,55,1
6640,134,1
6641,63,1
6642,69,1
6643,82,1
6644,41,1
6645,76,1
6646,74,1
6647,86,0
6648,200,0
6649,55,1
6650,32,1
6651,38,1
6652,66,1
6653,48,0
6654,146,1
6655,21,1
6656,25,0
6657,161,1
6658,65,1
6659,51,1
6660,61,1
6661,54,1
6662,66,1
6663,79,1
6664,61,0
6665,52,1
6666,97,1
6667,52,1
6668,31,1
6669,49,1
6670,81,1
6671,87,1
6672,83,0
6673,54,1
6674,48,1
6675,51,0
6676,140,1
6677,45,1
6678,29,1
6679,51,1
6680,59,0
6681,55,1
6682,85,1
6683,83,0
6684,51,1
6685,58,1
6686,23,0
6687,36,1
6688,26,1
6689,91,0
6690,66,1
6691,162,1
6692,60,0
6693,64,1
6694,54,0
6695,48,0
6696,65,0
6697,74,0
6698,148,1
6699,119,0
6700,39,0
6701,135,1
6702,55,1
6703,18,0
6704,49,1
6705,63,1
6706,77,1
6707,52,1
6708,55,0
6709,50,1
6710,71,1
6711,65,0
6712,42,1
6713,34,0
6714,77,1
6715,120,0
6716,82,0
6717,103,0
6718,152,1
6719,86,1
6720,21,0
6721,55,1
6722,43,1
6723,36,1
6724,51,0
6725,47,1
6726,70,1
6727,37,0
6728,57,1
6729,166,0
6730,64,1
6731,50,1
6732,23,0
6733,35,1
6734,59,0
6735,89,1
6736,200,0
6737,92,1
6738,60,1
6739,65,1
6740,200,0
6741,65,1
6742,30,0
6743,143,1
6744,51,1
6745,114,1
6746,75,1
6747,99,1
6748,108,1
6749,68,1
6750,86,0
6751,94,1
6752,26,0
6753,103,1
6754,56,1
6755,91,1
6756,48,1
6757,44,1
6758,36,1
6759,55,1
6760,50,1
6761,94,1
6762,82,1
6763,54,1
6764,96,1
6765,36,0
6766,36,1
6767,71,1
6768,120,1
6769,41,0
6770,56,1
6771,82,1
6772,65,1
6773,14,0
6774,62,1
6775,70,1
6776,79,1
6777,51,1
6778,64,1
6779,41,1
6780,31,0
6781,143,1
6782,80,1
6783,78,1
6784,39,1
6785,96,0
6786,60,1
6787,58,1
6788,99,1
6789,28,0
6790,198,1
6791,40,1
6792,56,1
6793,45,1
6794,178,1
6795,60,0
6796,49,1
6797,49,1
6798,106,0
6799,59,1
6800,88,1
6801,111,1
6802,102,1
6803,67,1
6804,59,1
6805,114,0
6806,95,1
6807,50,1
6808,53,1
6809,150,0
6810,31,1
6811,96,0
6812,48,1
6813,18,0
6814,83,1
6815,45,1
6816,20,0
6817,39,0
6818,163,0
6819,62,1
6820,53,0
6821,36,1
6822,82,1
6823,30,1
6824,86,1
6825,70,1
6826,44,1
6827,86,1
6828,48,0
6829,27,1
6830,49,1
6831,60,1
6832,86,0
6833,154,1
6834,66,1
6835,70,1
6836,106,1
6837,38,0
6838,110,1
6839,200,0
6840,32,0
6841,80,1
6842,106,1
6843,80,0
6844,29,0
6845,50,0
6846,54,1
6847,98,1
6848,57,1
6849,123,1
6850,120,1
6851,73,0
6852,48,1
6853,33,0
6854,39,1
6855,113,0
6856,97,1
6857,17,0
6858,60,1
6859,77,1
6860,40,0
6861,40,0
6862,54,1
6863,39,1
6864,200,0
6865,59,1
6866,112,1
6867,19,0
6868,109,1
6869,58,1
6870,176,1
6871,41,1
6872,89,1
6873,40,1
6874,58,1
6875,61,1
6876,80,1
6877,46,0
6878,72,0
6879,60,1
6880,42,1
6881,105,0
6882,91,1
6883,175,1
6884,111,1
6885,31,1
6886,101,1
6887,126,1
6888,94,1
6889,82,1
6890,156,1
6891,59,1
6892,106,1
6893,27,0
6894,20,0
6895,51,1
6896,36,1
6897,20,0
6898,144,0
6899,66,0
6900,63,1
6901,151,1
6902,117,1
6903,20,0
6904,45,1
6905,58,1
6906,56,1
6907,73,1
6908,42,0
6909,28,1
6910,72,0
6911,73,1
6912,101,0
6913,74,1
6914,19,0
6915,74,1
6916,86,1
6917,53,1
6918,52,1
6919,50,0
6920,55,1
6921,128,1
6922,93,1
6923,81,1
6924,57,1
6925,64,1
6926,82,0
6927,81,1
6928,15,1
6929,21,1
6930,138,1
6931,80,1
6932,63,1
6933,41,1
6934,75,1
6935,27,1
6936,27,1
6937,69,1
6938,26,0
6939,30,0
6940,56,1
6941,50,1
6942,129,1
6943,140,0
6944,61,1
6945,104,1
6946,31,1
6947,35,1
6948,87,1
6949,61,1
6950,162,1
6951,73,1
6952,84,0
6953,99,1
6954,32,1
6955,35,1
6956,39,0
6957,72,1
6958,44,0
6959,71,1
6960,65,1
6961,50,1
6962,57,0
6963,46,1
6964,26,1
6965,68,1
6966,54,1
6967,44,1
6968,128,1
6969,33,0
6970,62,1
6971,54,0
6972,46,1
6973,74,1
6974,90,1
6975,68,1
6976,30,1
6977,64,1
6978,49,1
6979,72,0
6980,114,1
6981,40,1
6982,91,0
6983,29,0
6984,30,1
6985,75,1
6986,41,1
6987,16,0
6988,86,1
6989,42,0
6990,37,0
6991,36,1
6992,14,0
6993,60,1
6994,38,1
6995,53,1
6996,58,0
6997,91,0
6998,85,1
6999,21,1
7000,56,0
7001,62,1
7002,32,1
7003,19,0
7004,199,1
7005,17,0
7006,57,1
7007,63,1
7008,30,0
7009,36,1
7010,62,1
7011,69,1
7012,41,0
7013,120,1
7014,62,1
7015,91,1
7016,65,1
7017,74,1
7018,62,1
7019,84,0
7020,87,0
7021,32,1
7022,192,1
7023,68,0
7024,71,1
7025,58,0
7026,84,0
7027,72,1
7028,45,1
7029,107,1
7030,127,0
7031,55,0
7032,46,1
7033,88,1
7034,53,0
7035,18,0
7036,97,1
7037,43,0
7038,37,1
7039,88,1
7040,46,1
7041,200,0
7042,20,1
7043,54,1
7044,164,1
7045,193,1
7046,70,1
7047,182,1
7048,45,1
7049,32,1
7050,43,0
7051,51,1
7052,56,0
7053,51,1
7054,65,0
7055,77,1
7056,30,0
7057,34,1
7058,38,0
7059,14,0
7060,175,1
7061,174,1
7062,54,1
7063,58,1
7064,70,1
7065,62,1
7066,47,1
7067,136,1
7068,62,1
7069,57,1
7070,39,1
7071,53,1
7072,71,1
7073,57,1
7074,128,1
7075,181,1
7076,64,1
7077,23,0
7078,87,1
7079,46,0
7080,93,1
7081,43,1
7082,61,1
7083,37,1
7084,59,1
7085,88,0
7086,22,0
7087,57,1
7088,30,1
7089,76,1
7090,49,1
7091,95,1
7092,57,1
7093,39,1
7094,40,1
7095,44,1
7096,87,1
7097,62,1
7098,28,1
7099,105,1
7100,106,1
7101,52,1
7102,101,1
7103,104,1
7104,30,0
7105,177,1
7106,113,1
7107,88,1
7108,93,0
7109,42,1
7110,79,1
7111,28,0
7112,66,0
7113,50,1
7114,133,1
7115,65,1
7116,54,1
7117,64,1
7118,135,0
7119,73,0
7120,95,1
7121,62,1
7122,61,0
7123,54,1
7124,86,1
7125,24,1
7126,108,1
7127,72,1
7128,37,1
7129,149,1
7130,77,1
7131,16,1
7132,145,1
7133,74,0
7134,200,1
7135,73,1
7136,167,1
7137,94,1
7138,32,1
7139,26,1
7140,59,1
7141,39,1
7142,68,1
7143,75,1
7144,138,1
7145,79,1
7146,13,0
7147,56,0
7148,53,1
7149,66,1
7150,60,1
7151,31,1
7152,103,1
7153,72,1
7154,80,0
7155,52,1
7156,123,1
7157,43,1
7158,99,1
7159,88,1
7160,104,1
7161,55,1
7162,104,1
7163,84,1
7164,50,1
7165,58,1
7166,52,1
7167,51,1
7168,87,1
7169,47,1
7170,143,1
7171,29,1
7172,65,1
7173,118,1
7174,84,1
7175,68,1
7176,41,1
7177,112,1
7178,86,1
7179,79,1
7180,48,1
7181,24,1
7182,27,0
7183,54,1
7184,140,1
7185,200,0
7186,107,1
7187,43,1
7188,79,1
7189,66,1
7190,86,0
7191,46,0
7192,154,1
7193,76,0
7194,31,1
7195,120,1
7196,28,0
7197,40,1
7198,69,1
7199,30,1
7200,26,1
7201,31,1
7202,110,0
7203,46,1
7204,74,1
7205,92,1
7206,171,1
7207,82,1
7208,40,1
7209,43,0
7210,58,1
7211,104,1
7212,76,1
7213,102,0
7214,83,1
7215,56,1
7216,46,1
7217,12,0
7218,57,1
7219,42,1
7220,106,1
7221,54,0
7222,102,1
7223,66,1
7224,14,0
7225,64,1
7226,126,1
7227,42,0
7228,106,1
7229,200,0
7230,46,1
7231,118,1
7232,31,0
7233,61,1
7234,17,0
7235,45,1
7236,64,1
7237,62,1
7238,167,1
7239,61,1
7240,84,1
7241,26,1
7242,83,1
7243,103,1
7244,103,0
7245,53,0
7246,66,1
7247,58,1
7248,59,1
7249,140,1
7250,41,1
7251,116,1
7252,36,1
7253,85,0
7254,34,0
7255,126,1
7256,47,0
7257,89,1
7258,59,1
7259,19,0
7260,125,1
7261,31,1
7262,91,1
7263,34,0
7264,118,1
7265,123,1
7266,74,1
7267,46,1
7268,71,1
7269,38,1
7270,75,1
7271,85,0
7272,105,0
7273,51,0
7274,70,1
7275,84,1
7276,135,1
7277,32,1
7278,82,1
7279,124,1
7280,191,1
7281,60,1
7282,42,1
7283,95,1
7284,110,0
7285,91,1
7286,131,1
7287,57,1
7288,36,1
7289,56,1
7290,44,0
7291,200,0
7292,91,1
7293,78,1
7294,41,1
7295,89,1
7296,77,1
7297,172,1
7298,74,1
7299,101,0
7300,40,0
7301,68,1
7302,125,0
7303,75,1
7304,46,0
7305,40,0
7306,76,1
7307,64,1
7308,70,1
7309,35,1
7310,12,0
7311,40,1
7312,84,1
7313,97,1
7314,51,1
7315,59,1
7316,42,0
7317,33,0
7318,118,1
7319,124,1
7320,45,1
7321,86,0
7322,31,0
7323,85,0
7324,26,0
7325,58,1
7326,61,1
7327,70,1
7328,37,0
7329,49,1
7330,39,0
7331,74,1
7332,26,1
7333,79,1
7334,134,1
7335,67,0
7336,90,1
7337,51,0
7338,178,0
7339,117,1
7340,40,1
7341,55,1
7342,130,1
7343,38,0
7344,53,1
7345,84,1
7346,27,0
7347,69,1
7348,82,1
7349,92,1
7350,31,1
7351,145,1
7352,73,1
7353,83,0
7354,119,1
7355,75,1
7356,53,1
7357,50,1
7358,89,1
7359,77,1
7360,56,1
7361,24,1
7362,11,0
7363,66,1
7364,92,1
7365,125,0
7366,71,0
7367,31,0
7368,43,1
7369,75,1
7370,185,1
7371,16,1
7372,51,1
7373,49,1
7374,140,1
7375,100,0
7376,55,0
7377,57,1
7378,200,0
7379,44,1
7380,53,1
7381,58,1
7382,92,1
7383,82,1
7384,62,1
7385,92,0
7386,54,1
7387,75,0
7388,126,1
7389,52,1
7390,75,0
7391,166,1
7392,76,1
7393,21,1
7394,62,0
7395,33,1
7396,133,0
7397,33,0
7398,41,1
7399,49,0
7400,75,1
7401,28,1
7402,45,0
7403,129,0
7404,72,1
7405,35,0
7406,60,0
7407,69,1
7408,51,0
7409,54,1
7410,85,1
7411,74,1
7412,54,1
7413,77,1
7414,77,1
7415,80,1
7416,80,1
7417,48,1
7418,67,0
7419,93,1
7420,43,1
7421,165,1
7422,59,1
7423,101,1
7424,63,1
7425,24,1
7426,120,1
7427,89,1
7428,68,1
7429,38,1
7430,72,1
7431,53,1
7432,13,0
7433,113,1
7434,85,1
7435,119,1
7436,13,0
7437,124,0
7438,38,1
7439,43,1
7440,169,1
7441,49,0
7442,85,1
7443,93,0
7444,75,1
7445,111,1
7446,33,0
7447,44,1
7448,123,1
7449,64,0
7450,58,1
7451,75,1
7452,127,1
7453,193,0
7454,45,1
7455,45,1
7456,64,1
7457,92,1
7458,78,1
7459,36,0
7460,116,1
7461,200,0
7462,21,1
7463,95,1
7464,156,0
7465,69,1
7466,64,0
7467,121,1
7468,24,0
7469,96,1
7470,26,1
7471,39,1
7472,54,1
7473,73,1
7474,78,1
7475,131,1
7476,25,0
7477,184,1
7478,124,0
7479,43,1
7480,44,0
7481,72,1
7482,46,0
7483,29,0
7484,68,1
7485,86,1
7486,59,1
7487,200,0
7488,12,0
7489,48,1
7490,183,1
7491,116,1
7492,39,1
7493,76,1
7494,50,1
7495,57,0
7496,121,1
7497,52,1
7498,66,1
7499,101,0
7500,88,1
7501,131,1
7502,21,1
7503,61,1
7504,45,0
7505,90,0
7506,47,0
7507,102,0
7508,135,0
7509,40,1
7510,31,1
7511,113,1
7512,65,1
7513,61,0
7514,55,1
7515,76,0
7516,96,1
7517,200,0
7518,200,0
7519,64,1
7520,97,1
7521,62,1
7522,89,1
7523,31,1
7524,50,1
7525,61,1
7526,83,1
7527,59,1
7528,44,0
7529,115,1
7530,49,1
7531,26,1
7532,44,0
7533,46,1
7534,188,0
7535,91,1
7536,57,1
7537,145,1
7538,154,1
7539,125,1
7540,71,1
7541,82,1
7542,40,1
7543,37,1
7544,48,1
7545,16,0
7546,35,0
7547,18,0
7548,63,1
7549,48,1
7550,65,1
7551,53,1
7552,61,0
7553,43,1
7554,46,0
7555,60,0
7556,34,1
7557,97,1
7558,86,0
7559,62,1
7560,41,1
7561,65,1
7562,59,1
7563,33,0
7564,78,0
7565,62,0
7566,107,0
7567,52,1
7568,32,1
7569,90,1
7570,179,1
7571,66,1
7572,48,1
7573,82,0
7574,135,1
7575,90,0
7576,84,1
7577,76,1
7578,107,1
7579,130,1
7580,36,1
7581,63,0
7582,82,0
7583,15,0
7584,114,0
7585,58,1
7586,131,1
7587,68,1
7588,66,0
7589,187,1
7590,62,1
7591,108,1
7592,47,1
7593,43,1
7594,67,1
7595,48,1
7596,66,1
7597,52,1
7598,56,1
7599,84,1
7600,69,1
7601,159,1
7602,26,0
7603,78,1
7604,52,0
7605,30,0
7606,76,1
7607,105,0
7608,69,0
7609,68,0
7610,111,1
7611,33,1
7612,50,1
7613,61,1
7614,76,1
7615,49,1
7616,106,0
7617,138,1
7618,82,1
7619,51,1
7620,82,1
7621,20,0
7622,125,1
7623,172,0
7624,65,1
7625,53,1
7626,47,0
7627,57,1
7628,109,0
7629,94,1
7630,35,1
7631,82,0
7632,84,1
7633,36,1
7634,69,1
7635,69,1
7636,162,1
7637,88,1
7638,68,1
7639,28,1
7640,29,1
7641,26,1
7642,36,1
7643,103,1
7644,61,1
7645,34,0
7646,178,1
7647,92,0
7648,44,1
7649,38,1
7650,125,1
7651,28,1
7652,76,0
7653,55,1
7654,35,1
7655,50,1
7656,52,1
7657,109,1
7658,70,1
7659,86,1
7660,50,0
7661,44,0
7662,37,1
7663,115,1
7664,68,1
7665,74,1
7666,59,1
7667,34,1
7668,60,1
7669,33,1
7670,128,1
7671,34,0
7672,41,1
7673,49,1
7674,144,0
7675,132,1
7676,194,1
7677,60,1
7678,70,1
7679,67,0
7680,128,1
7681,67,1
7682,42,0
7683,84,1
7684,51,1
7685,54,0
7686,36,1
7687,50,1
7688,58,1
7689,36,1
7690,16,0
7691,100,1
7692,33,0
7693,63,1
7694,46,1
7695,200,0
7696,68,1
7697,34,0
7698,42,0
7699,75,1
7700,66,0
7701,136,1
7702,56,1
7703,75,1
7704,159,1
7705,94,1
7706,63,1
7707,78,1
7708,139,1
7709,75,1
7710,56,1
7711,22,0
7712,43,1
7713,82,1
7714,38,0
7715,44,1
7716,54,0
7717,68,1
7718,47,1
7719,35,1
7720,133,0
7721,51,1
7722,90,1
7723,79,1
7724,50,1
7725,24,0
7726,23,0
7727,58,1
7728,48,0
7729,74,1
7730,42,1
7731,82,1
7732,43,0
7733,94,1
7734,60,1
7735,200,0
7736,63,1
7737,75,1
7738,48,1
7739,55,1
7740,85,1
7741,30,1
7742,172,0
7743,137,1
7744,33,0
7745,64,1
7746,77,1
7747,41,0
7748,20,1
7749,46,1
7750,36,1
7751,27,1
7752,109,0
7753,135,1
7754,77,0
7755,59,1
7756,94,1
7757,44,1
7758,117,1
7759,38,0
7760,72,1
7761,47,1
7762,72,1
7763,102,1
7764,44,0
7765,70,1
7766,97,1
7767,45,1
7768,100,1
7769,34,0
7770,36,0
7771,53,1
7772,38,1
7773,71,1
7774,52,1
7775,91,1
7776,51,0
7777,76,1
7778,131,1
7779,74,1
7780,53,0
7781,62,1
7782,127,0
7783,99,0
7784,129,0
7785,44,1
7786,80,0
7787,43,1
7788,46,1
7789,130,0
7790,140,1
7791,60,1
7792,97,1
7793,21,0
7794,44,1
7795,114,1
7796,43,1
7797,103,1
7798,44,1
7799,61,0
7800,144,1
7801,43,1
7802,48,1
7803,41,1
7804,200,0
7805,68,1
7806,46,1
7807,58,1
7808,65,1
7809,43,1
7810,146,1
7811,70,0
7812,26,0
7813,26,1
7814,102,1
7815,148,1
7816,75,0
7817,50,1
7818,63,0
7819,103,1
7820,47,1
7821,134,1
7822,102,1
7823,84,0
7824,74,1
7825,99,0
7826,86,1
7827,22,1
7828,160,1
7829,32,1
7830,64,1
7831,118,1
7832,62,1
7833,63,1
7834,147,1
7835,86,0
7836,53,1
7837,59,0
7838,100,0
7839,31,0
7840,82,1
7841,30,1
7842,49,1
7843,48,1
7844,85,1
7845,80,1
7846,57,1
7847,88,1
7848,142,1
7849,43,1
7850,169,1
7851,100,1
7852,47,1
7853,18,0
7854,200,0
7855,34,0
7856,88,1
7857,74,1
7858,200,1
7859,31,1
7860,65,1
7861,96,1
7862,143,1
7863,58,1
7864,49,1
7865,63,1
7866,67,0
7867,116,1
7868,24,1
7869,51,1
7870,153,1
7871,128,0
7872,27,0
7873,126,1
7874,21,0
7875,157,1
7876,21,0
7877,200,0
7878,67,1
7879,31,1
7880,39,1
7881,130,1
7882,39,1
7883,64,1
7884,108,1
7885,60,0
7886,42,1
7887,45,1
7888,67,1
7889,62,0
7890,35,1
7891,52,1
7892,38,1
7893,121,1
7894,22,0
7895,66,0
7896,84,1
7897,102,1
7898,138,0
7899,86,1
7900,71,1
7901,156,1
7902,67,1
7903,20,0
7904,66,1
7905,24,1
7906,63,1
7907,110,1
7908,105,0
7909,69,0
7910,57,1
7911,33,0
7912,32,1
7913,54,1
7914,75,0
7915,70,1
7916,44,0
7917,55,0
7918,114,1
7919,99,1
7920,74,1
7921,72,1
7922,10,0
7923,94,1
7924,99,0
7925,80,1
7926,46,1
7927,113,1
7928,78,1
7929,39,1
7930,82,1
7931,126,1
7932,81,1
7933,99,1
7934,39,1
7935,51,0
7936,52,0
7937,48,0
7938,137,0
7939,76,0
7940,117,0
7941,123,0
7942,52,1
7943,40,1
7944,75,0
7945,99,1
7946,67,0
7947,58,1
7948,67,0
7949,52,1
7950,115,1
7951,73,0
7952,44,1
7953,37,1
7954,40,1
7955,139,0
7956,69,0
7957,55,1
7958,67,1
7959,36,0
7960,48,1
7961,55,1
7962,64,1
7963,57,1
7964,31,1
7965,26,1
7966,49,1
7967,77,1
7968,60,1
7969,64,1
7970,29,1
7971,164,1
7972,57,0
7973,43,1
7974,58,1
7975,50,1
7976,65,0
7977,34,1
7978,30,0
7979,64,0
7980,43,1
7981,92,1
7982,50,1
7983,63,1
7984,36,0
7985,39,1
7986,42,1
7987,87,1
7988,40,1
7989,93,1
7990,104,1
7991,69,1
7992,102,1
7993,98,0
7994,35,1
7995,34,1
7996,52,1
7997,57,1
7998,35,1
7999,30,0
8000,47,1
8001,73,1
8002,151,0
8003,59,1
8004,102,1
8005,46,1
8006,30,1
8007,77,1
8008,37,1
8009,67,1
8010,144,1
8011,60,1
8012,84,1
8013,119,1
8014,48,1
8015,79,1
8016,98,1
8017,148,0
8018,92,1
8019,61,1
8020,57,1
8021,142,0
8022,81,1
8023,111,1
8024,34,0
8025,30,1
8026,60,0
8027,87,1
8028,46,1
8029,46,1
8030,63,0
8031,79,1
8032,50,1
8033,89,0
8034,116,1
8035,64,1
8036,91,1
8037,132,1
8038,126,1
8039,31,1
8040,23,1
8041,126,1
8042,47,1
8043,94,1
8044,97,1
8045,69,1
8046,54,1
8047,27,0
8048,142,0
8049,111,1
8050,12,0
8051,91,1
8052,74,0
8053,78,0
8054,46,1
8055,44,1
8056,98,1
8057,53,1
8058,40,1
8059,144,1
8060,64,1
8061,32,0
8062,9,0
8063,51,1
8064,82,1
8065,89,1
8066,106,1
8067,59,1
8068,54,1
8069,51,0
8070,57,0
8071,45,1
8072,32,1
8073,61,1
8074,30,0
8075,83,0
8076,53,1
8077,32,1
8078,56,1
8079,48,1
8080,74,0
8081,87,1
8082,62,0
8083,75,1
8084,80,1
8085,47,0
8086,88,1
8087,59,0
8088,63,1
8089,57,1
8090,38,0
8091,63,1
8092,70,0
8093,65,1
8094,54,1
8095,50,1
8096,67,1
8097,70,1
8098,88,0
8099,74,1
8100,58,1
8101,27,0
8102,117,1
8103,98,1
8104,48,1
8105,45,0
8106,40,1
8107,63,0
8108,51,1
8109,139,1
8110,73,1
8111,59,1
8112,162,1
8113,40,0
8114,24,0
8115,58,1
8116,33,1
8117,34,1
8118,78,0
8119,54,1
8120,60,1
8121,42,0
8122,51,1
8123,60,1
8124,147,1
8125,178,0
8126,167,1
8127,36,0
8128,135,1
8129,37,1
8130,90,1
8131,34,1
8132,79,1
8133,71,1
8134,63,1
8135,150,1
8136,60,1
8137,73,1
8138,63,0
8139,59,1
8140,111,1
8141,49,1
8142,82,1
8143,21,1
8144,73,1
8145,43,1
8146,35,1
8147,40,1
8148,12,0
8149,54,1
8150,93,0
8151,34,1
8152,68,1
8153,67,1
8154,38,0
8155,54,1
8156,49,1
8157,79,1
8158,71,1
8159,158,1
8160,93,1
8161,60,1
8162,30,1
8163,102,1
8164,57,0
8165,127,1
8166,52,1
8167,126,1
8168,120,1
8169,82,0
8170,198,0
8171,57,1
8172,73,0
8173,75,1
8174,80,1
8175,59,0
8176,67,1
8177,40,1
8178,31,1
8179,77,1
8180,50,0
8181,53,0
8182,58,1
8183,55,0
8184,46,1
8185,65,1
8186,22,1
8187,34,1
8188,61,1
8189,53,1
8190,47,0
8191,164,1
8192,28,1
8193,149,1
8194,65,1
8195,68,1
8196,28,1
8197,34,1
8198,62,1
8199,32,0
8200,50,1
8201,30,0
8202,44,1
8203,83,1
8204,46,1
8205,19,1
8206,54,0
8207,118,1
8208,57,0
8209,36,1
8210,71,1
8211,49,1
8212,116,1
8213,27,1
8214,51,1
8215,21,1
8216,131,1
8217,92,1
8218,29,1
8219,47,1
8220,131,0
8221,19,0
8222,32,0
8223,59,1
8224,58,1
8225,49,1
8226,21,0
8227,200,0
8228,90,1
8229,31,0
8230,82,1
8231,33,1
8232,63,1
8233,52,1
8234,56,1
8235,83,0
8236,55,1
8237,65,1
8238,44,1
8239,36,1
8240,70,1
8241,77,0
8242,30,1
8243,50,1
8244,27,0
8245,121,1
8246,61,0
8247,71,0
8248,59,1
8249,107,1
8250,138,0
8251,154,1
8252,27,1
8253,87,1
8254,72,1
8255,199,1
8256,94,1
8257,200,0
8258,61,1
8259,31,0
8260,119,1
8261,105,0
8262,26,1
8263,83,1
8264,30,1
8265,41,1
8266,86,0
8267,44,1
8268,90,1
8269,31,0
8270,30,0
8271,58,1
8272,40,1
8273,31,1
8274,79,1
8275,54,0
8276,88,1
8277,189,1
8278,37,1
8279,23,0
8280,62,0
8281,64,1
8282,41,1
8283,122,1
8284,30,0
8285,45,1
8286,39,1
8287,142,1
8288,126,1
8289,50,1
8290,60,0
8291,39,0
8292,76,1
8293,59,1
8294,72,1
8295,71,1
8296,30,1
8297,62,1
8298,42,1
8299,60,1
8300,93,1
8301,37,1
8302,56,0
8303,90,1
8304,26,1
8305,121,1
8306,46,0
8307,50,1
8308,35,1
8309,65,1
8310,104,1
8311,28,0
8312,200,1
8313,31,1
8314,29,1
8315,43,1
8316,108,0
8317,29,1
8318,73,1
8319,26,0
8320,22,1
8321,78,1
8322,67,1
8323,151,1
8324,109,0
8325,37,0
8326,41,1
8327,16,0
8328,46,1
8329,39,1
8330,38,1
8331,32,1
8332,53,1
8333,63,1
8334,93,1
8335,67,1
8336,52,0
8337,76,1
8338,81,1
8339,48,1
8340,63,1
8341,33,0
8342,26,1
8343,111,1
8344,90,1
8345,134,1
8346,123,1
8347,99,1
8348,28,1
8349,84,1
8350,86,1
8351,48,0
8352,197,1
8353,71,1
8354,86,1
8355,35,1
8356,132,1
8357,83,1
8358,54,0
8359,108,1
8360,70,1
8361,132,1
8362,124,1
8363,50,1
8364,12,0
8365,64,1
8366,63,0
8367,46,1
8368,77,1
8369,95,1
8370,26,0
8371,56,1
8372,28,0
8373,35,1
8374,68,1
8375,67,1
8376,104,1
8377,173,0
8378,89,0
8379,193,1
8380,132,1
8381,21,1
8382,38,1
8383,136,1
8384,61,1
8385,66,1
8386,102,1
8387,135,1
8388,23,1
8389,63,1
8390,55,1
8391,124,1
8392,118,1
8393,96,1
8394,59,1
8395,21,0
8396,94,1
8397,57,1
8398,70,1
8399,43,0
8400,86,1
8401,106,1
8402,84,1
8403,92,1
8404,66,1
8405,152,0
8406,59,1
8407,126,0
8408,83,0
8409,118,1
8410,28,0
8411,13,0
8412,54,1
8413,142,1
8414,90,1
8415,37,1
8416,40,1
8417,41,1
8418,28,0
8419,102,1
8420,65,1
8421,55,1
8422,88,1
8423,33,1
8424,33,1
8425,57,1
8426,130,1
8427,60,1
8428,41,1
8429,34,1
8430,40,1
8431,69,1
8432,55,0
8433,54,1
8434,74,0
8435,119,1
8436,83,1
8437,51,0
8438,100,1
8439,34,1
8440,60,1
8441,44,0
8442,55,1
8443,89,1
8444,161,1
8445,77,1
8446,47,0
8447,71,0
8448,72,1
8449,57,0
8450,68,0
8451,27,1
8452,200,0
8453,147,1
8454,151,1
8455,92,1
8456,156,0
8457,58,1
8458,43,1
8459,63,0
8460,63,1
8461,28,1
8462,36,0
8463,59,1
8464,80,1
8465,91,1
8466,83,1
8467,31,1
8468,34,1
8469,125,1
8470,62,1
8471,64,1
8472,53,1
8473,46,1
8474,62,1
8475,34,1
8476,72,1
8477,72,1
8478,27,0
8479,127,1
8480,56,1
8481,148,1
8482,89,1
8483,73,1
8484,62,1
8485,111,1
8486,69,1
8487,67,1
8488,88,0
8489,110,0
8490,32,0
8491,39,1
8492,100,1
8493,72,0
8494,200,0
8495,40,0
8496,69,1
8497,194,1
8498,66,1
8499,74,1
8500,37,1
8501,62,0
8502,59,1
8503,38,1
8504,61,0
8505,200,1
8506,59,1
8507,48,1
8508,76,1
8509,39,1
8510,42,1
8511,25,1
8512,73,1
8513,40,1
8514,46,0
8515,55,1
8516,25,0
8517,82,1
8518,71,1
8519,55,1
8520,180,1
8521,50,1
8522,43,1
8523,68,1
8524,37,0
8525,28,1
8526,28,1
8527,82,1
8528,33,0
8529,53,1
8530,53,1
8531,39,1
8532,62,0
8533,52,1
8534,40,1
8535,72,1
8536,96,1
8537,70,0
8538,70,1
8539,137,1
8540,33,1
8541,56,1
8542,39,1
8543,95,1
8544,54,1
8545,118,1
8546,74,1
8547,73,1
8548,73,1
8549,34,1
8550,64,1
8551,102,1
8552,56,1
8553,75,1
8554,49,1
8555,41,1
8556,81,1
8557,60,1
8558,88,1
8559,108,1
8560,200,0
8561,107,1
8562,48,1
8563,27,1
8564,60,1
8565,144,1
8566,73,1
8567,46,1
8568,137,0
8569,80,1
8570,148,1
8571,58,1
8572,55,1
8573,146,0
8574,93,1
8575,57,0
8576,84,1
8577,24,0
8578,41,0
8579,52,1
8580,42,1
8581,143,1
8582,51,1
8583,72,0
8584,53,1
8585,45,1
8586,32,0
8587,64,1
8588,33,0
8589,39,1
8590,141,1
8591,36,1
8592,105,1
8593,200,0
8594,21,1
8595,49,1
8596,44,1
8597,157,0
8598,78,1
8599,58,1
8600,85,1
8601,30,0
8602,152,1
8603,166,1
8604,50,1
8605,56,1
8606,48,1
8607,19,0
8608,69,1
8609,34,1
8610,92,1
8611,51,1
8612,34,1
8613,41,0
8614,54,1
8615,88,0
8616,27,0
8617,62,1
8618,67,0
8619,51,0
8620,38,1
8621,86,1
8622,57,1
8623,40,1
8624,35,1
8625,71,0
8626,71,1
8627,96,1
8628,85,1
8629,163,1
8630,74,1
8631,80,1
8632,34,0
8633,109,1
8634,89,1
8635,141,1
8636,43,1
8637,37,1
8638,200,0
8639,70,1
8640,61,0
8641,26,1
8642,29,1
8643,72,1
8644,81,1
8645,59,1
8646,48,0
8647,23,1
8648,114,1
8649,68,0
8650,58,1
8651,100,0
8652,68,0
8653,87,1
8654,40,1
8655,19,1
8656,19,0
8657,72,1
8658,30,1
8659,91,1
8660,51,1
8661,69,1
8662,66,0
8663,41,1
8664,43,1
8665,55,1
8666,32,0
8667,74,1
8668,90,1
8669,51,1
8670,44,0
8671,68,1
8672,76,1
8673,32,1
8674,53,1
8675,69,1
8676,34,1
8677,44,1
8678,36,1
8679,136,1
8680,37,1
8681,57,0
8682,71,1
8683,68,1
8684,41,1
8685,105,1
8686,49,0
8687,62,1
8688,110,1
8689,65,1
8690,52,1
8691,76,1
8692,22,1
8693,25,0
8694,22,0
8695,34,0
8696,85,1
8697,51,1
8698,83,0
8699,41,1
8700,72,1
8701,108,1
8702,28,1
8703,31,0
8704,47,1
8705,48,1
8706,84,1
8707,82,1
8708,85,1
8709,58,1
8710,41,0
8711,15,0
8712,18,0
8713,36,1
8714,158,1
8715,165,1
8716,66,1
8717,65,1
8718,103,1
8719,118,1
8720,28,0
8721,76,1
8722,55,1
8723,43,1
8724,64,1
8725,65,1
8726,138,1
8727,32,0
8728,127,1
8729,73,1
8730,22,0
8731,71,1
8732,45,1
8733,35,1
8734,31,1
8735,26,1
8736,72,1
8737,78,1
8738,91,1
8739,79,0
8740,117,1
8741,126,1
8742,79,1
8743,86,1
8744,73,1
8745,24,1
8746,53,1
8747,30,1
8748,40,1
8749,130,1
8750,46,1
8751,53,1
8752,25,0
8753,75,1
8754,110,1
8755,76,1
8756,66,1
8757,65,0
8758,34,1
8759,33,1
8760,58,1
8761,58,1
8762,64,1
8763,32,1
8764,56,0
8765,69,1
8766,81,1
8767,32,1
8768,154,1
8769,66,1
8770,77,1
8771,143,1
8772,66,0
8773,131,1
8774,59,1
8775,39,0
8776,75,1
8777,29,1
8778,58,1
8779,45,0
8780,97,1
8781,31,1
8782,79,1
8783,30,0
8784,33,1
8785,68,1
8786,31,1
8787,114,1
8788,55,1
8789,32,1
8790,41,1
8791,48,1
8792,69,1
8793,98,0
8794,164,1
8795,43,0
8796,114,1
8797,32,1
8798,54,0
8799,107,1
8800,40,1
8801,58,1
8802,75,0
8803,101,0
8804,140,1
8805,88,0
8806,40,1
8807,81,0
8808,108,1
8809,54,1
8810,104,1
8811,58,1
8812,98,1
8813,58,1
8814,49,1
8815,65,1
8816,76,1
8817,76,1
8818,48,1
8819,69,1
8820,35,0
8821,71,1
8822,124,1
8823,125,1
8824,97,1
8825,120,1
8826,100,1
8827,57,1
8828,65,1
8829,50,1
8830,121,1
8831,77,0
8832,50,1
8833,59,1
8834,74,1
8835,52,0
8836,60,1
8837,39,1
8838,63,1
8839,115,1
8840,55,1
8841,40,1
8842,58,1
8843,54,1
8844,60,1
8845,70,1
8846,75,0
8847,175,1
8848,116,1
8849,99,0
8850,51,1
8851,63,1
8852,68,1
8853,43,1
8854,124,0
8855,57,1
8856,33,1
8857,37,1
8858,95,1
8859,94,1
8860,56,0
8861,57,0
8862,31,1
8863,85,1
8864,56,1
8865,52,1
8866,58,1
8867,49,1
8868,60,1
8869,73,0
8870,80,1
8871,16,0
8872,87,1
8873,117,1
8874,63,1
8875,17,0
8876,37,1
8877,50,1
8878,92,1
8879,83,1
8880,40,1
8881,16,0
8882,120,0
8883,51,1
8884,94,1
8885,50,1
8886,35,1
8887,78,1
8888,31,1
8889,138,1
8890,59,1
8891,108,1
8892,132,1
8893,61,1
8894,36,1
8895,36,1
8896,75,1
8897,101,1
8898,91,0
8899,82,1
8900,34,1
8901,95,1
8902,37,1
8903,101,0
8904,32,0
8905,48,0
8906,98,1
8907,82,1
8908,182,1
8909,21,1
8910,105,1
8911,168,1
8912,67,1
8913,72,1
8914,35,0
8915,95,1
8916,73,1
8917,100,1
8918,113,1
8919,116,1
8920,97,1
8921,57,1
8922,47,1
8923,48,1
8924,117,1
8925,29,0
8926,46,1
8927,55,0
8928,76,1
8929,96,0
8930,41,1
8931,43,1
8932,35,1
8933,66,1
8934,66,0
8935,200,0
8936,31,1
8937,53,1
8938,72,1
8939,111,1
8940,200,0
8941,66,1
8942,24,0
8943,65,1
8944,68,1
8945,12,0
8946,180,1
8947,167,1
8948,117,1
8949,30,1
8950,123,1
8951,46,1
8952,126,1
8953,38,1
8954,83,0
8955,179,1
8956,24,0
8957,135,1
8958,56,1
8959,28,1
8960,68,1
8961,53,1
8962,29,1
8963,66,1
8964,42,0
8965,51,1
8966,67,1
8967,116,1
8968,60,1
8969,73,1
8970,44,1
8971,161,0
8972,20,0
8973,100,1
8974,67,1
8975,45,1
8976,73,1
8977,72,1
8978,58,1
8979,47,1
8980,31,1
8981,65,1
8982,36,0
8983,68,1
8984,52,1
8985,80,1
8986,35,0
8987,48,1
8988,53,1
8989,43,1
8990,76,1
8991,63,1
8992,58,1
8993,69,0
8994,50,1
8995,79,1
8996,165,1
8997,79,1
8998,112,1
8999,54,1
9000,124,0
9001,22,0
9002,65,0
9003,44,1
9004,11,0
9005,39,0
9006,200,0
9007,42,0
9008,56,1
9009,132,1
9010,39,1
9011,73,1
9012,75,1
9013,58,1
9014,109,0
9015,109,1
9016,45,1
9017,116,1
9018,30,0
9019,50,0
9020,52,1
9021,20,0
9022,138,0
9023,51,1
9024,76,1
9025,65,0
9026,71,1
9027,40,1
9028,40,1
9029,69,1
9030,23,0
9031,48,1
9032,55,1
9033,150,0
9034,170,1
9035,90,0
9036,57,1
9037,74,1
9038,66,1
9039,41,1
9040,77,1
9041,41,0
9042,167,1
9043,32,1
9044,153,1
9045,48,1
9046,38,0
9047,78,1
9048,71,0
9049,52,1
9050,100,0
9051,38,1
9052,109,1
9053,26,0
9054,55,1
9055,71,0
9056,102,0
9057,46,1
9058,18,0
9059,200,0
9060,178,1
9061,53,1
9062,41,1
9063,15,0
9064,191,1
9065,26,0
9066,24,0
9067,182,0
9068,74,1
9069,59,1
9070,142,1
9071,126,1
9072,57,0
9073,86,1
9074,65,1
9075,50,0
9076,66,1
9077,155,1
9078,39,0
9079,76,1
9080,55,1
9081,55,0
9082,129,1
9083,70,1
9084,66,0
9085,60,0
9086,38,0
9087,126,0
9088,69,1
9089,50,1
9090,41,1
9091,62,1
9092,46,0
9093,89,1
9094,63,0
9095,84,1
9096,75,1
9097,34,1
9098,200,0
9099,56,1
9100,38,0
9101,16,0
9102,85,1
9103,86,0
9104,35,0
9105,120,1
9106,160,1
9107,37,0
9108,31,1
9109,70,1
9110,43,0
9111,119,1
9112,51,0
9113,109,1
9114,71,1
9115,72,1
9116,65,1
9117,65,1
9118,45,0
9119,53,1
9120,87,1
9121,29,1
9122,37,1
9123,38,1
9124,39,1
9125,123,1
9126,31,1
9127,46,1
9128,112,1
9129,65,1
9130,73,1
9131,56,1
9132,67,1
9133,26,1
9134,32,0
9135,60,0
9136,47,0
9137,42,0
9138,128,0
9139,155,1
9140,54,0
9141,36,1
9142,85,1
9143,82,1
9144,116,1
9145,148,0
9146,92,1
9147,37,1
9148,39,1
9149,33,1
9150,52,1
9151,102,0
9152,73,1
9153,67,0
9154,67,1
9155,84,1
9156,119,1
9157,200,0
9158,131,1
9159,110,1
9160,71,0
9161,31,1
9162,168,0
9163,78,0
9164,114,0
9165,79,1
9166,23,0
9167,26,0
9168,50,1
9169,67,1
9170,21,0
9171,110,1
9172,69,1
9173,20,0
9174,98,0
9175,90,1
9176,75,1
9177,80,1
9178,55,1
9179,34,1
9180,136,0
9181,42,0
9182,53,1
9183,144,1
9184,92,1
9185,52,1
9186,51,1
9187,58,0
9188,51,0
9189,57,1
9190,46,1
9191,63,0
9192,41,0
9193,52,1
9194,58,1
9195,30,1
9196,53,1
9197,28,0
9198,43,1
9199,123,1
9200,58,1
9201,38,1
9202,83,1
9203,90,0
9204,26,1
9205,65,1
9206,100,1
9207,40,0
9208,180,1
9209,101,0
9210,86,1
9211,58,0
9212,70,1
9213,139,1
9214,56,1
9215,61,1
9216,51,1
9217,58,1
9218,200,0
9219,40,1
9220,66,1
9221,106,1
9222,45,1
9223,37,0
9224,35,1
9225,52,1
9226,49,1
9227,87,1
9228,92,1
9229,25,0
9230,143,1
9231,56,1
9232,17,0
9233,124,1
9234,73,1
9235,66,1
9236,56,0
9237,45,1
9238,50,0
9239,35,1
9240,23,0
9241,104,1
9242,78,1
9243,64,0
9244,67,0
9245,49,1
9246,56,0
9247,77,1
9248,54,1
9249,119,1
9250,70,0
9251,129,1
9252,77,1
9253,39,1
9254,62,1
9255,68,1
9256,49,1
9257,127,1
9258,60,1
9259,40,1
9260,69,1
9261,59,1
9262,62,1
9263,125,1
9264,59,1
9265,28,1
9266,47,1
9267,71,1
9268,103,1
9269,51,1
9270,48,1
9271,48,1
9272,132,0
9273,70,1
9274,77,0
9275,47,0
9276,127,1
9277,88,1
9278,39,1
9279,51,1
9280,144,1
9281,78,1
9282,31,1
9283,39,1
9284,93,1
9285,158,1
9286,63,0
9287,81,0
9288,149,0
9289,25,0
9290,54,1
9291,51,1
9292,145,0
9293,81,1
9294,50,1
9295,43,1
9296,98,0
9297,51,0
9298,29,1
9299,85,1
9300,43,1
9301,143,1
9302,35,0
9303,37,0
9304,44,1
9305,36,1
9306,61,1
9307,46,1
9308,67,1
9309,52,1
9310,27,0
9311,118,1
9312,69,1
9313,200,0
9314,57,0
9315,200,0
9316,123,1
9317,70,1
9318,84,1
9319,133,1
9320,200,0
9321,18,0
9322,52,1
9323,41,0
9324,109,1
9325,35,1
9326,72,1
9327,51,1
9328,198,1
9329,47,1
9330,69,1
9331,97,1
9332,107,1
9333,59,1
9334,66,1
9335,61,0
9336,60,1
9337,35,1
9338,123,1
9339,100,1
9340,141,0
9341,28,0
9342,57,1
9343,93,1
9344,15,0
9345,40,1
9346,40,1
9347,115,1
9348,45,1
9349,21,1
9350,15,0
9351,112,1
9352,61,0
9353,37,1
9354,77,0
9355,71,0
9356,50,1
9357,82,1
9358,77,0
9359,42,1
9360,68,1
9361,78,1
9362,46,0
9363,20,1
9364,130,1
9365,79,1
9366,88,1
9367,38,0
9368,69,1
9369,63,1
9370,32,0
9371,186,1
9372,152,1
9373,39,1
9374,96,1
9375,82,1
9376,137,1
9377,90,1
9378,88,1
9379,47,1
9380,51,0
9381,78,1
9382,25,0
9383,43,1
9384,118,1
9385,22,1
9386,111,1
9387,70,1
9388,101,1
9389,35,1
9390,80,1
9391,56,1
9392,41,1
9393,39,1
9394,111,1
9395,94,1
9396,47,1
9397,24,1
9398,33,0
9399,95,0
9400,56,0
9401,19,0
9402,46,0
9403,107,0
9404,76,1
9405,64,1
9406,51,0
9407,42,1
9408,75,1
9409,71,1
9410,23,0
9411,106,1
9412,60,1
9413,52,0
9414,31,1
9415,38,0
9416,47,0
9417,38,0
9418,50,0
9419,55,1
9420,57,1
9421,35,1
9422,155,1
9423,62,1
9424,118,0
9425,77,1
9426,109,1
9427,67,0
9428,30,1
9429,58,1
9430,99,1
9431,36,0
9432,105,1
9433,97,1
9434,166,1
9435,62,1
9436,79,1
9437,128,0
9438,101,1
9439,45,0
9440,151,1
9441,53,1
9442,42,1
9443,55,1
9444,64,1
9445,28,0
9446,184,1
9447,77,1
9448,79,1
9449,82,1
9450,98,1
9451,37,1
9452,97,1
9453,51,1
9454,96,1
9455,58,1
9456,35,1
9457,30,1
9458,130,1
9459,57,0
9460,39,1
9461,56,1
9462,26,0
9463,80,1
9464,179,0
9465,35,1
9466,103,1
9467,67,1
9468,60,0
9469,142,1
9470,92,0
9471,48,0
9472,79,1
9473,42,0
9474,26,1
9475,58,1
9476,140,1
9477,44,1
9478,51,1
9479,29,1
9480,63,0
9481,110,1
9482,60,1
9483,54,1
9484,111,0
9485,85,1
9486,38,1
9487,94,1
9488,75,1
9489,80,1
9490,105,1
9491,81,1
9492,111,1
9493,100,0
9494,154,1
9495,85,1
9496,53,1
9497,57,1
9498,73,0
9499,79,1
9500,77,1
9501,147,0
9502,69,0
9503,20,1
9504,37,1
9505,86,1
9506,52,1
9507,85,1
9508,54,1
9509,54,0
9510,40,1
9511,41,1
9512,74,1
9513,41,1
9514,32,1
9515,55,0
9516,54,0
9517,100,1
9518,51,1
9519,36,1
9520,72,1
9521,168,1
9522,115,0
9523,200,0
9524,42,1
9525,73,0
9526,30,1
9527,42,1
9528,200,0
9529,66,1
9530,68,1
9531,40,1
9532,37,1
9533,200,0
9534,121,1
9535,62,1
9536,41,1
9537,91,1
9538,32,1
9539,65,0
9540,84,1
9541,70,1
9542,77,1
9543,41,1
9544,134,1
9545,76,1
9546,200,0
9547,111,1
9548,38,1
9549,41,0
9550,63,1
9551,20,0
9552,91,1
9553,114,1
9554,109,0
9555,32,1
9556,51,1
9557,21,0
9558,100,1
9559,48,1
9560,67,1
9561,47,0
9562,39,1
9563,126,1
9564,46,1
9565,42,1
9566,31,1
9567,62,0
9568,46,1
9569,103,0
9570,48,1
9571,72,1
9572,41,1
9573,131,1
9574,82,1
9575,30,1
9576,36,1
9577,66,1
9578,56,1
9579,139,1
9580,25,1
9581,58,1
9582,94,0
9583,115,1
9584,60,0
9585,46,1
9586,183,1
9587,68,1
9588,51,1
9589,28,1
9590,40,1
9591,156,1
9592,31,0
9593,34,0
9594,109,1
9595,28,1
9596,200,0
9597,48,1
9598,129,1
9599,115,1
9600,32,1
9601,39,1
9602,24,1
9603,74,1
9604,30,0
9605,47,1
9606,92,1
9607,52,1
9608,107,0
9609,64,0
9610,90,1
9611,114,1
9612,116,0
9613,35,1
9614,90,1
9615,53,1
9616,39,1
9617,64,1
9618,184,1
9619,62,0
9620,95,1
9621,35,1
9622,65,1
9623,103,1
9624,59,0
9625,82,0
9626,35,0
9627,27,0
9628,110,1
9629,59,1
9630,111,1
9631,95,1
9632,52,1
9633,125,1
9634,98,1
9635,44,0
9636,32,0
9637,74,1
9638,67,1
9639,67,1
9640,93,1
9641,78,1
9642,39,0
9643,50,0
9644,44,1
9645,50,1
9646,37,1
9647,70,0
9648,122,1
9649,18,0
9650,66,0
9651,162,1
9652,59,1
9653,60,0
9654,79,1
9655,78,1
9656,75,1
9657,64,1
9658,29,1
9659,59,1
9660,96,0
9661,107,1
9662,109,1
9663,72,0
9664,49,1
9665,174,1
9666,169,1
9667,34,0
9668,44,0
9669,65,1
9670,36,1
9671,128,1
9672,87,1
9673,81,1
9674,105,1
9675,75,1
9676,55,1
9677,19,0
9678,67,1
9679,56,1
9680,114,1
9681,72,0
9682,30,0
9683,134,1
9684,22,0
9685,76,0
9686,44,0
9687,48,1
9688,28,1
9689,32,0
9690,69,1
9691,36,1
9692,68,0
9693,57,1
9694,31,0
9695,54,1
9696,157,1
9697,106,1
9698,47,1
9699,70,1
9700,119,1
9701,22,1
9702,85,1
9703,109,1
9704,46,1
9705,87,1
9706,61,1
9707,58,1
9708,40,1
9709,89,1
9710,50,0
9711,87,1
9712,46,1
9713,43,0
9714,51,0
9715,116,0
9716,51,1
9717,61,1
9718,78,0
9719,72,1
9720,52,1
9721,37,1
9722,21,1
9723,67,1
9724,156,1
9725,114,1
9726,84,1
9727,200,0
9728,131,1
9729,50,0
9730,30,0
9731,42,1
9732,68,1
9733,60,1
9734,100,0
9735,53,1
9736,72,1
9737,26,0
9738,122,1
9739,118,1
9740,91,0
9741,49,1
9742,72,1
9743,116,1
9744,31,1
9745,95,0
9746,105,1
9747,29,1
9748,20,0
9749,107,1
9750,151,1
9751,46,0
9752,54,1
9753,77,1
9754,59,1
9755,48,0
9756,49,1
9757,32,1
9758,42,1
9759,90,1
9760,57,0
9761,37,1
9762,39,1
9763,59,1
9764,90,1
9765,54,1
9766,44,1
9767,55,1
9768,34,0
9769,29,0
9770,126,1
9771,74,1
9772,44,1
9773,88,1
9774,70,0
9775,61,1
9776,75,1
9777,64,1
9778,43,1
9779,84,1
9780,97,1
9781,94,1
9782,68,1
9783,112,1
9784,48,1
9785,65,1
9786,52,1
9787,182,1
9788,33,1
9789,200,0
9790,49,1
9791,40,1
9792,53,1
9793,46,1
9794,99,0
9795,27,0
9796,32,1
9797,58,1
9798,65,1
9799,107,1
9800,75,0
9801,40,1
9802,53,0
9803,72,1
9804,55,1
9805,35,1
9806,43,1
9807,190,1
9808,43,0
9809,82,1
9810,47,1
9811,31,0
9812,60,1
9813,63,1
9814,23,0
9815,41,1
9816,50,1
9817,82,1
9818,47,1
9819,9,0
9820,111,0
9821,40,1
9822,59,0
9823,86,1
9824,56,0
9825,40,1
9826,107,1
9827,44,1
9828,55,0
9829,82,1
9830,31,0
9831,55,1
9832,129,1
9833,61,0
9834,121,1
9835,52,1
9836,67,1
9837,38,0
9838,122,1
9839,96,1
9840,141,1
9841,137,1
9842,93,1
9843,79,1
9844,34,0
9845,82,1
9846,111,1
9847,142,1
9848,42,0
9849,45,1
9850,64,1
9851,148,1
9852,60,1
9853,65,1
9854,77,1
9855,24,1
9856,112,1
9857,136,1
9858,51,0
9859,30,0
9860,67,1
9861,74,1
9862,80,0
9863,57,1
9864,68,1
9865,55,1
9866,132,1
9867,132,1
9868,28,0
9869,90,1
9870,86,1
9871,44,1
9872,57,1
9873,33,1
9874,71,1
9875,13,0
9876,54,1
9877,44,1
9878,65,1
9879,136,1
9880,63,1
9881,62,1
9882,94,0
9883,110,1
9884,105,1
9885,87,1
9886,63,0
9887,97,1
9888,56,1
9889,103,1
9890,148,1
9891,119,1
9892,89,1
9893,35,1
9894,83,1
9895,149,1
9896,46,1
9897,109,1
9898,25,1
9899,124,1
9900,30,0
9901,35,0
9902,57,1
9903,19,1
9904,196,1
9905,65,0
9906,65,1
9907,109,0
9908,34,1
9909,67,0
9910,138,0
9911,76,1
9912,57,1
9913,48,1
9914,49,0
9915,66,1
9916,109,0
9917,65,1
9918,56,1
9919,88,1
9920,38,1
9921,55,1
9922,72,1
9923,73,1
9924,51,1
9925,48,0
9926,84,0
9927,27,0
9928,62,1
9929,61,1
9930,66,1
9931,41,1
9932,63,1
9933,95,1
9934,40,1
9935,35,1
9936,90,1
9937,35,1
9938,84,1
9939,72,1
9940,53,1
9941,42,1
9942,42,0
9943,34,1
9944,59,1
9945,61,0
9946,53,1
9947,112,1
9948,108,1
9949,79,1
9950,47,1
9951,103,0
9952,106,1
9953,58,1
9954,24,1
9955,88,1
9956,36,0
9957,135,1
9958,15,0
9959,52,1
9960,55,0
9961,127,1
9962,90,0
9963,63,1
9964,47,1
9965,50,1
9966,94,0
9967,200,0
9968,76,1
9969,44,1
9970,96,1
9971,50,0
9972,189,1
9973,64,1
9974,24,0
9975,30,1
9976,19,0
9977,31,1
9978,59,1
9979,100,0
9980,58,1
9981,50,1
9982,30,0
9983,147,1
9984,115,1
9985,64,1
9986,161,1
9987,111,1
9988,69,0
9989,58,0
9990,18,0
9991,38,1
9992,86,1
9993,51,1
9994,85,0
9995,45,0
9996,72,1
9997,38,1
9998,59,0
9999,130,1
