episode,steps,reward
0,11,0
1,22,0
2,64,0
3,17,0
4,52,0
5,48,0
6,34,0
7,34,0
8,28,0
9,52,0
10,44,0
11,17,0
12,51,0
13,55,0
14,35,0
15,25,0
16,20,0
17,11,0
18,8,0
19,16,0
20,6,0
21,14,0
22,71,0
23,9,0
24,14,0
25,8,0
26,18,0
27,41,0
28,13,0
29,34,0
30,43,0
31,48,0
32,14,0
33,68,0
34,80,0
35,15,0
36,29,0
37,50,0
38,48,0
39,18,0
40,10,0
41,12,0
42,11,0
43,9,0
44,92,0
45,38,0
46,19,0
47,17,0
48,5,0
49,21,0
50,9,0
51,17,0
52,65,0
53,34,0
54,43,0
55,24,0
56,46,0
57,35,0
58,33,0
59,13,0
60,13,0
61,9,0
62,7,0
63,15,0
64,29,0
65,43,0
66,23,0
67,17,0
68,35,0
69,24,0
70,34,0
71,19,0
72,46,0
73,19,0
74,33,0
75,12,0
76,17,0
77,24,0
78,21,0
79,24,0
80,13,0
81,40,0
82,21,0
83,10,0
84,40,0
85,14,0
86,44,0
87,32,0
88,15,0
89,11,0
90,9,0
91,13,0
92,16,0
93,22,0
94,10,0
95,28,0
96,40,0
97,32,0
98,48,0
99,18,0
100,19,0
101,12,0
102,22,0
103,7,0
104,24,0
105,11,0
106,26,0
107,23,0
108,24,0
109,17,0
110,20,0
111,11,0
112,18,0
113,10,0
114,37,0
115,20,0
116,14,0
117,81,0
118,23,0
119,13,0
120,17,0
121,10,0
122,20,0
123,17,0
124,12,0
125,54,0
126,22,0
127,41,0
128,21,0
129,21,0
130,23,0
131,22,0
132,13,0
133,29,0
134,20,0
135,10,0
136,33,0
137,28,0
138,19,0
139,82,0
140,15,0
141,11,0
142,35,0
143,19,0
144,11,0
145,21,0
146,25,0
147,11,0
148,35,0
149,36,0
150,77,0
151,104,0
152,35,0
153,23,0
154,46,0
155,15,0
156,11,0
157,14,0
158,24,0
159,75,0
160,15,0
161,34,0
162,29,0
163,11,0
164,14,0
165,56,0
166,19,0
167,7,0
168,8,0
169,16,0
170,22,0
171,24,0
172,14,0
173,28,0
174,17,0
175,45,0
176,46,0
177,22,0
178,23,0
179,12,0
180,21,0
181,32,0
182,51,0
183,25,0
184,15,0
185,23,0
186,29,0
187,28,0
188,43,0
189,27,0
190,15,0
191,31,0
192,39,0
193,29,0
194,16,0
195,30,0
196,59,0
197,45,0
198,52,0
199,51,0
200,19,0
201,28,0
202,24,0
203,32,0
204,60,0
205,30,0
206,28,0
207,15,0
208,14,0
209,44,0
210,28,0
211,22,0
212,90,0
213,52,0
214,12,0
215,26,0
216,8,0
217,31,0
218,41,0
219,21,0
220,63,0
221,34,0
222,35,0
223,19,0
224,16,0
225,44,0
226,67,0
227,90,0
228,75,1
229,43,0
230,52,0
231,7,0
232,19,0
233,62,0
234,31,0
235,9,0
236,79,0
237,22,0
238,48,0
239,34,0
240,112,0
241,18,0
242,12,0
243,57,0
244,35,0
245,27,0
246,29,0
247,14,0
248,34,0
249,52,0
250,7,0
251,19,0
252,38,0
253,38,0
254,33,0
255,22,0
256,28,0
257,24,0
258,32,0
259,32,0
260,79,0
261,85,0
262,34,0
263,24,1
264,46,0
265,28,0
266,50,0
267,34,0
268,46,0
269,63,0
270,63,0
271,30,0
272,23,0
273,76,0
274,30,1
275,42,0
276,22,0
277,17,0
278,43,0
279,37,0
280,54,0
281,55,0
282,16,0
283,29,0
284,37,0
285,9,0
286,86,0
287,10,0
288,20,0
289,44,0
290,50,0
291,25,0
292,37,0
293,33,0
294,41,0
295,30,0
296,31,0
297,130,0
298,51,0
299,64,1
300,63,0
301,7,0
302,47,0
303,20,0
304,59,1
305,38,0
306,49,0
307,59,1
308,100,0
309,34,0
310,8,0
311,64,0
312,63,0
313,27,0
314,24,0
315,10,0
316,21,0
317,24,0
318,54,0
319,22,0
320,28,0
321,9,0
322,13,0
323,18,0
324,50,0
325,73,1
326,32,0
327,56,1
328,72,0
329,25,0
330,24,0
331,73,0
332,27,0
333,53,0
334,27,0
335,48,0
336,52,0
337,23,0
338,26,0
339,60,0
340,137,0
341,58,0
342,86,0
343,37,0
344,21,0
345,44,1
346,16,0
347,69,0
348,19,0
349,44,0
350,68,0
351,31,0
352,26,0
353,59,0
354,7,0
355,52,0
356,79,0
357,90,1
358,88,0
359,24,0
360,55,1
361,39,1
362,45,0
363,32,1
364,23,0
365,57,1
366,27,0
367,29,0
368,94,0
369,71,0
370,103,1
371,22,0
372,15,0
373,38,0
374,57,0
375,94,0
376,62,0
377,37,0
378,200,0
379,13,0
380,73,0
381,75,0
382,25,0
383,40,0
384,19,0
385,81,0
386,40,0
387,13,0
388,7,0
389,50,0
390,26,0
391,79,0
392,47,0
393,11,0
394,12,0
395,58,0
396,62,0
397,13,0
398,62,0
399,13,0
400,35,0
401,115,0
402,72,0
403,14,0
404,69,0
405,11,0
406,32,0
407,13,0
408,8,0
409,34,0
410,16,0
411,68,0
412,16,0
413,59,0
414,19,0
415,52,0
416,133,0
417,35,0
418,35,0
419,17,0
420,36,0
421,53,0
422,15,0
423,25,0
424,16,0
425,114,0
426,46,0
427,98,0
428,114,0
429,32,0
430,41,0
431,35,0
432,191,0
433,32,0
434,22,0
435,49,0
436,88,0
437,69,0
438,30,0
439,42,0
440,11,0
441,57,0
442,102,0
443,16,0
444,25,0
445,17,0
446,153,0
447,41,0
448,109,0
449,18,0
450,39,0
451,64,0
452,65,0
453,35,0
454,13,0
455,19,0
456,11,0
457,8,0
458,56,0
459,23,0
460,12,0
461,16,0
462,22,0
463,62,0
464,105,0
465,77,0
466,39,0
467,40,0
468,26,0
469,35,0
470,39,0
471,18,0
472,9,0
473,53,0
474,124,0
475,32,0
476,21,0
477,11,0
478,63,0
479,64,0
480,30,0
481,25,0
482,61,0
483,94,0
484,33,0
485,29,0
486,28,0
487,26,0
488,28,0
489,100,0
490,28,0
491,114,0
492,16,0
493,11,0
494,12,0
495,24,0
496,41,0
497,30,0
498,22,0
499,63,0
500,25,0
501,10,0
502,42,0
503,17,0
504,21,0
505,30,0
506,115,0
507,54,0
508,81,0
509,21,0
510,107,0
511,29,0
512,36,0
513,10,0
514,31,0
515,95,0
516,44,0
517,30,0
518,72,0
519,200,0
520,41,0
521,57,0
522,8,0
523,147,0
524,57,0
525,21,0
526,10,0
527,200,0
528,23,0
529,78,0
530,52,0
531,37,0
532,15,1
533,62,0
534,92,0
535,47,0
536,75,0
537,36,0
538,70,0
539,101,0
540,196,0
541,200,0
542,126,0
543,69,0
544,79,0
545,155,0
546,200,0
547,17,0
548,20,0
549,60,0
550,110,0
551,24,0
552,74,0
553,66,0
554,124,0
555,59,0
556,63,0
557,52,0
558,173,0
559,88,0
560,64,0
561,28,0
562,51,0
563,120,0
564,33,0
565,32,0
566,60,0
567,105,0
568,75,0
569,54,0
570,26,0
571,175,0
572,39,1
573,33,0
574,68,0
575,53,0
576,65,0
577,61,0
578,41,0
579,32,0
580,92,0
581,39,0
582,104,0
583,98,0
584,165,0
585,75,0
586,175,0
587,55,0
588,82,0
589,27,0
590,19,0
591,19,0
592,200,0
593,93,0
594,91,0
595,35,0
596,40,0
597,56,0
598,200,0
599,34,0
600,19,0
601,20,0
602,126,0
603,67,0
604,9,0
605,41,0
606,30,0
607,50,0
608,80,0
609,45,0
610,62,0
611,70,0
612,200,0
613,66,0
614,18,0
615,25,0
616,68,0
617,71,0
618,14,0
619,9,0
620,56,0
621,22,0
622,70,0
623,37,0
624,127,0
625,75,0
626,90,0
627,16,0
628,67,0
629,44,0
630,39,0
631,76,0
632,182,1
633,27,0
634,79,0
635,25,0
636,40,0
637,30,0
638,28,0
639,32,0
640,33,0
641,105,0
642,166,0
643,24,0
644,68,0
645,16,0
646,60,0
647,17,0
648,181,0
649,79,0
650,58,0
651,39,0
652,191,0
653,20,0
654,73,0
655,39,0
656,78,0
657,13,0
658,39,0
659,34,0
660,12,0
661,22,0
662,83,0
663,56,0
664,15,0
665,75,0
666,176,0
667,26,1
668,17,0
669,21,0
670,11,0
671,69,0
672,132,0
673,40,0
674,39,0
675,50,0
676,150,0
677,60,0
678,16,0
679,11,0
680,42,0
681,20,0
682,19,0
683,22,0
684,12,0
685,19,0
686,72,0
687,139,1
688,34,0
689,106,0
690,34,0
691,72,0
692,40,1
693,97,0
694,84,1
695,56,1
696,140,0
697,30,0
698,130,1
699,200,0
700,67,1
701,186,0
702,110,0
703,90,1
704,148,0
705,82,1
706,44,0
707,50,0
708,130,1
709,66,1
710,67,0
711,27,1
712,40,0
713,48,0
714,36,0
715,55,0
716,26,1
717,94,0
718,150,0
719,16,0
720,51,1
721,53,1
722,40,0
723,102,0
724,61,1
725,91,0
726,52,1
727,27,0
728,49,0
729,47,1
730,114,1
731,36,1
732,83,1
733,38,0
734,38,0
735,41,0
736,114,1
737,57,0
738,86,1
739,103,0
740,66,0
741,50,1
742,29,0
743,45,0
744,86,0
745,56,0
746,99,1
747,48,0
748,55,1
749,36,0
750,122,0
751,12,0
752,58,1
753,129,1
754,21,0
755,79,0
756,22,0
757,57,0
758,97,1
759,15,0
760,118,1
761,112,1
762,60,1
763,29,0
764,95,0
765,104,1
766,33,0
767,23,0
768,38,1
769,66,1
770,53,0
771,48,0
772,16,0
773,56,0
774,48,1
775,44,0
776,84,1
777,28,0
778,92,1
779,73,1
780,101,0
781,34,0
782,35,0
783,63,0
784,11,0
785,45,0
786,20,0
787,46,0
788,46,0
789,32,1
790,38,1
791,14,0
792,32,1
793,47,0
794,50,1
795,78,1
796,35,1
797,80,0
798,56,1
799,113,0
800,13,0
801,46,1
802,109,0
803,46,1
804,56,1
805,43,1
806,76,0
807,116,1
808,30,1
809,157,1
810,74,0
811,53,0
812,26,0
813,32,0
814,35,0
815,42,0
816,17,0
817,72,0
818,64,0
819,108,1
820,45,0
821,51,0
822,46,1
823,14,0
824,27,0
825,90,0
826,82,1
827,14,0
828,60,0
829,91,0
830,187,0
831,57,0
832,82,0
833,69,0
834,42,0
835,66,1
836,58,1
837,95,0
838,50,1
839,87,1
840,137,0
841,55,1
842,41,0
843,23,0
844,27,0
845,61,1
846,46,0
847,88,0
848,39,0
849,125,0
850,155,1
851,38,1
852,73,0
853,52,1
854,27,1
855,46,0
856,37,1
857,92,1
858,37,0
859,75,0
860,34,1
861,48,0
862,32,1
863,15,0
864,62,1
865,24,0
866,43,1
867,48,0
868,100,1
869,44,0
870,56,0
871,91,1
872,28,0
873,34,1
874,47,0
875,77,1
876,52,1
877,47,1
878,29,1
879,118,1
880,145,1
881,97,0
882,49,1
883,88,0
884,86,1
885,53,1
886,101,0
887,40,1
888,76,0
889,17,0
890,43,0
891,27,1
892,43,0
893,60,1
894,119,0
895,88,0
896,85,1
897,59,0
898,35,0
899,108,0
900,90,1
901,108,0
902,38,1
903,127,0
904,47,0
905,90,1
906,107,0
907,112,0
908,94,0
909,47,1
910,30,1
911,53,0
912,59,0
913,76,1
914,56,0
915,16,0
916,15,0
917,45,0
918,110,0
919,65,0
920,15,0
921,118,0
922,47,1
923,34,0
924,76,1
925,70,0
926,90,0
927,116,1
928,181,0
929,42,1
930,56,1
931,71,0
932,40,1
933,44,0
934,28,0
935,30,0
936,42,1
937,42,1
938,77,0
939,103,1
940,76,0
941,47,0
942,35,0
943,62,1
944,42,0
945,55,0
946,42,0
947,27,1
948,25,1
949,45,1
950,71,0
951,53,1
952,57,1
953,59,1
954,11,0
955,86,0
956,29,0
957,59,0
958,55,1
959,116,1
960,35,0
961,25,0
962,200,0
963,23,0
964,77,1
965,59,0
966,48,1
967,53,0
968,87,0
969,71,1
970,35,1
971,46,0
972,87,0
973,20,0
974,68,1
975,100,1
976,40,0
977,44,1
978,54,1
979,33,0
980,160,1
981,73,1
982,68,0
983,13,0
984,97,0
985,22,0
986,34,0
987,96,0
988,31,0
989,35,1
990,54,0
991,26,0
992,64,0
993,37,0
994,49,1
995,73,0
996,36,0
997,24,0
998,43,0
999,42,1
1000,62,1
1001,51,0
1002,103,0
1003,19,0
1004,75,0
1005,27,0
1006,27,0
1007,41,0
1008,41,0
1009,61,0
1010,66,1
1011,45,0
1012,32,1
1013,24,1
1014,27,0
1015,19,0
1016,36,1
1017,66,0
1018,40,0
1019,80,0
1020,65,0
1021,81,1
1022,34,1
1023,69,1
1024,79,0
1025,95,1
1026,30,0
1027,78,0
1028,99,0
1029,60,1
1030,102,0
1031,187,1
1032,40,0
1033,40,1
1034,70,1
1035,26,0
1036,106,1
1037,83,0
1038,61,1
1039,67,1
1040,36,0
1041,69,0
1042,76,0
1043,26,1
1044,47,1
1045,43,0
1046,72,1
1047,18,0
1048,63,1
1049,76,1
1050,39,0
1051,68,0
1052,83,1
1053,62,0
1054,63,1
1055,87,0
1056,68,0
1057,65,1
1058,110,0
1059,52,1
1060,104,1
1061,54,0
1062,88,0
1063,29,0
1064,45,1
1065,44,1
1066,92,0
1067,66,0
1068,88,1
1069,51,0
1070,58,0
1071,123,0
1072,48,1
1073,23,0
1074,48,0
1075,22,0
1076,27,0
1077,67,1
1078,92,0
1079,37,0
1080,94,1
1081,17,0
1082,49,1
1083,38,1
1084,83,0
1085,57,0
1086,80,1
1087,27,1
1088,85,0
1089,59,1
1090,27,1
1091,30,0
1092,51,0
1093,107,1
1094,52,0
1095,84,1
1096,26,0
1097,59,0
1098,62,0
1099,49,0
1100,97,1
1101,33,1
1102,92,0
1103,34,0
1104,82,1
1105,69,0
1106,143,0
1107,46,1
1108,193,0
1109,92,0
1110,60,1
1111,44,0
1112,58,0
1113,54,1
1114,31,1
1115,51,0
1116,68,1
1117,40,0
1118,96,1
1119,13,0
1120,59,0
1121,51,0
1122,21,1
1123,76,1
1124,30,1
1125,32,0
1126,26,1
1127,83,0
1128,28,0
1129,25,1
1130,34,0
1131,59,1
1132,51,0
1133,65,1
1134,57,1
1135,38,1
1136,68,1
1137,36,1
1138,44,0
1139,46,0
1140,36,0
1141,47,1
1142,74,0
1143,11,0
1144,37,1
1145,53,0
1146,66,1
1147,77,1
1148,43,0
1149,19,0
1150,36,1
1151,37,0
1152,75,0
1153,128,0
1154,97,0
1155,98,0
1156,60,0
1157,81,1
1158,33,1
1159,107,1
1160,39,1
1161,64,0
1162,42,0
1163,45,1
1164,61,0
1165,60,0
1166,72,0
1167,54,1
1168,81,1
1169,34,0
1170,157,1
1171,65,0
1172,27,0
1173,52,1
1174,157,0
1175,32,0
1176,46,0
1177,36,0
1178,39,1
1179,30,0
1180,65,0
1181,23,0
1182,26,0
1183,83,1
1184,76,1
1185,33,1
1186,89,0
1187,63,0
1188,65,1
1189,19,0
1190,31,0
1191,45,1
1192,110,0
1193,75,1
1194,23,0
1195,82,1
1196,69,1
1197,77,1
1198,58,1
1199,48,0
1200,48,0
1201,41,0
1202,27,0
1203,83,0
1204,27,0
1205,90,0
1206,194,0
1207,30,0
1208,54,1
1209,126,0
1210,9,0
1211,21,0
1212,196,1
1213,38,0
1214,48,0
1215,12,0
1216,94,1
1217,66,1
1218,63,0
1219,44,0
1220,39,1
1221,63,1
1222,46,1
1223,62,1
1224,45,1
1225,34,0
1226,62,1
1227,55,0
1228,30,0
1229,20,0
1230,122,0
1231,93,0
1232,99,0
1233,49,1
1234,37,1
1235,74,0
1236,36,0
1237,61,1
1238,94,0
1239,13,0
1240,46,1
1241,70,1
1242,108,1
1243,28,1
1244,43,0
1245,117,1
1246,41,1
1247,41,1
1248,37,1
1249,34,1
1250,56,0
1251,69,1
1252,22,1
1253,114,0
1254,74,1
1255,54,0
1256,48,1
1257,72,1
1258,62,1
1259,44,1
1260,57,0
1261,58,1
1262,104,0
1263,41,1
1264,63,0
1265,46,0
1266,97,1
1267,56,1
1268,57,0
1269,80,1
1270,48,1
1271,57,1
1272,68,1
1273,55,1
1274,76,0
1275,29,1
1276,34,1
1277,121,0
1278,93,1
1279,56,1
1280,200,0
1281,111,1
1282,33,1
1283,36,1
1284,79,1
1285,33,1
1286,51,0
1287,56,1
1288,67,0
1289,39,1
1290,85,1
1291,58,0
1292,38,0
1293,166,0
1294,32,1
1295,37,1
1296,44,1
1297,95,1
1298,44,1
1299,32,1
1300,90,1
1301,54,1
1302,149,0
1303,46,0
1304,71,0
1305,59,1
1306,66,1
1307,55,0
1308,200,0
1309,15,0
1310,71,1
1311,111,1
1312,111,1
1313,43,1
1314,35,1
1315,102,0
1316,114,0
1317,70,1
1318,200,0
1319,90,0
1320,37,1
1321,26,0
1322,33,0
1323,45,0
1324,111,0
1325,92,1
1326,58,0
1327,44,0
1328,24,1
1329,41,1
1330,45,1
1331,40,1
1332,77,1
1333,106,1
1334,78,0
1335,65,0
1336,76,0
1337,47,0
1338,70,0
1339,55,1
1340,30,0
1341,36,1
1342,44,0
1343,85,1
1344,89,1
1345,55,0
1346,87,1
1347,66,1
1348,146,1
1349,19,1
1350,54,1
1351,75,0
1352,56,1
1353,70,1
1354,66,0
1355,46,1
1356,57,0
1357,104,0
1358,132,0
1359,34,1
1360,84,0
1361,92,1
1362,29,0
1363,58,0
1364,33,0
1365,50,0
1366,36,0
1367,67,1
1368,50,1
1369,53,0
1370,22,0
1371,59,1
1372,151,1
1373,21,1
1374,33,1
1375,54,1
1376,31,1
1377,35,0
1378,43,1
1379,31,1
1380,153,1
1381,20,0
1382,53,0
1383,73,1
1384,49,1
1385,101,0
1386,44,1
1387,39,0
1388,39,0
1389,66,0
1390,65,1
1391,49,0
1392,88,0
1393,47,0
1394,82,1
1395,86,1
1396,95,0
1397,34,0
1398,63,1
1399,50,1
1400,108,1
1401,200,0
1402,20,0
1403,20,0
1404,61,1
1405,69,1
1406,40,0
1407,89,1
1408,37,0
1409,78,0
1410,26,0
1411,33,0
1412,38,1
1413,20,0
1414,57,1
1415,38,1
1416,34,0
1417,80,0
1418,126,1
1419,43,1
1420,62,0
1421,95,1
1422,69,1
1423,41,0
1424,35,1
1425,85,0
1426,34,0
1427,51,0
1428,130,1
1429,92,0
1430,50,0
1431,39,0
1432,105,1
1433,53,1
1434,45,1
1435,26,0
1436,41,0
1437,80,1
1438,44,1
1439,60,0
1440,80,1
1441,102,0
1442,83,1
1443,71,1
1444,79,0
1445,91,1
1446,133,0
1447,88,0
1448,136,0
1449,80,1
1450,114,1
1451,33,1
1452,51,1
1453,108,0
1454,22,0
1455,40,0
1456,50,0
1457,33,0
1458,78,0
1459,35,1
1460,79,0
1461,103,0
1462,134,0
1463,28,1
1464,86,1
1465,26,0
1466,80,1
1467,61,0
1468,52,1
1469,45,1
1470,49,1
1471,162,1
1472,78,0
1473,101,0
1474,93,0
1475,61,0
1476,34,1
1477,35,1
1478,55,1
1479,21,0
1480,86,1
1481,26,0
1482,56,1
1483,34,1
1484,65,0
1485,65,1
1486,86,0
1487,110,1
1488,111,0
1489,41,0
1490,44,1
1491,34,0
1492,68,0
1493,91,0
1494,119,0
1495,53,1
1496,53,0
1497,68,1
1498,64,1
1499,69,1
1500,51,0
1501,20,0
1502,57,0
1503,60,0
1504,29,1
1505,91,1
1506,67,0
1507,67,1
1508,34,0
1509,65,0
1510,68,0
1511,67,1
1512,11,0
1513,25,0
1514,60,0
1515,56,0
1516,45,1
1517,31,1
1518,40,1
1519,49,1
1520,46,1
1521,63,1
1522,56,0
1523,73,1
1524,102,1
1525,56,1
1526,82,1
1527,54,1
1528,24,1
1529,52,1
1530,48,1
1531,60,0
1532,86,0
1533,200,0
1534,52,1
1535,106,0
1536,31,0
1537,113,1
1538,55,0
1539,21,0
1540,23,0
1541,78,0
1542,58,0
1543,62,1
1544,54,1
1545,152,0
1546,74,0
1547,92,1
1548,24,0
1549,46,1
1550,78,0
1551,121,1
1552,54,0
1553,74,0
1554,41,1
1555,179,1
1556,38,1
1557,21,0
1558,83,1
1559,33,1
1560,69,1
1561,29,0
1562,98,1
1563,29,1
1564,39,1
1565,50,0
1566,57,1
1567,22,0
1568,70,1
1569,23,0
1570,49,1
1571,59,1
1572,34,1
1573,33,0
1574,51,0
1575,45,1
1576,107,0
1577,45,0
1578,49,1
1579,38,1
1580,102,0
1581,91,1
1582,200,0
1583,39,1
1584,38,1
1585,67,0
1586,105,1
1587,179,1
1588,40,1
1589,96,1
1590,79,1
1591,23,0
1592,72,1
1593,106,1
1594,63,1
1595,65,0
1596,48,1
1597,33,0
1598,112,1
1599,56,1
1600,58,1
1601,93,1
1602,33,1
1603,83,1
1604,37,0
1605,118,1
1606,26,1
1607,54,1
1608,53,1
1609,89,1
1610,42,1
1611,25,0
1612,66,0
1613,66,1
1614,47,1
1615,48,0
1616,94,1
1617,19,0
1618,62,1
1619,74,0
1620,86,1
1621,18,0
1622,32,0
1623,14,1
1624,74,0
1625,48,0
1626,15,0
1627,41,1
1628,67,0
1629,43,0
1630,101,0
1631,62,1
1632,57,0
1633,66,0
1634,70,1
1635,80,0
1636,59,1
1637,61,0
1638,60,1
1639,42,0
1640,73,0
1641,61,1
1642,45,0
1643,46,1
1644,40,1
1645,39,1
1646,30,0
1647,33,1
1648,49,0
1649,68,0
1650,148,0
1651,109,0
1652,118,1
1653,35,0
1654,137,1
1655,102,1
1656,57,0
1657,42,1
1658,32,0
1659,99,1
1660,125,0
1661,35,1
1662,37,1
1663,109,1
1664,92,0
1665,61,1
1666,58,1
1667,102,0
1668,88,0
1669,73,0
1670,131,1
1671,36,0
1672,33,0
1673,39,1
1674,71,0
1675,41,1
1676,79,1
1677,45,0
1678,64,1
1679,15,0
1680,76,0
1681,43,0
1682,66,1
1683,50,1
1684,57,1
1685,31,1
1686,181,0
1687,67,1
1688,41,1
1689,139,0
1690,38,0
1691,37,1
1692,96,0
1693,100,1
1694,50,0
1695,53,0
1696,78,0
1697,50,1
1698,83,1
1699,99,1
1700,100,1
1701,49,0
1702,36,1
1703,82,1
1704,87,1
1705,57,1
1706,69,0
1707,97,1
1708,81,1
1709,61,0
1710,37,0
1711,46,1
1712,41,0
1713,39,0
1714,56,0
1715,63,0
1716,36,1
1717,49,1
1718,20,1
1719,161,1
1720,95,1
1721,36,1
1722,103,0
1723,67,1
1724,75,1
1725,73,0
1726,79,1
1727,27,1
1728,92,1
1729,33,1
1730,44,1
1731,102,0
1732,78,1
1733,35,0
1734,57,0
1735,47,0
1736,42,0
1737,110,1
1738,74,0
1739,27,1
1740,50,1
1741,74,1
1742,113,1
1743,97,1
1744,75,1
1745,40,0
1746,57,1
1747,81,0
1748,35,0
1749,83,1
1750,175,0
1751,46,0
1752,43,0
1753,65,1
1754,28,0
1755,200,0
1756,109,0
1757,67,0
1758,92,0
1759,129,1
1760,48,1
1761,131,1
1762,108,1
1763,62,0
1764,39,1
1765,80,0
1766,50,0
1767,101,1
1768,53,1
1769,140,1
1770,37,1
1771,44,0
1772,127,1
1773,37,1
1774,56,0
1775,47,1
1776,50,0
1777,38,0
1778,46,1
1779,154,1
1780,146,1
1781,52,1
1782,96,1
1783,24,1
1784,51,0
1785,93,1
1786,38,0
1787,88,1
1788,59,1
1789,52,0
1790,70,1
1791,30,0
1792,107,0
1793,37,1
1794,52,1
1795,49,1
1796,78,0
1797,69,1
1798,200,0
1799,166,0
1800,55,1
1801,45,1
1802,64,0
1803,37,1
1804,135,1
1805,56,1
1806,56,1
1807,113,1
1808,42,0
1809,30,1
1810,104,0
1811,37,1
1812,47,1
1813,59,1
1814,48,0
1815,28,1
1816,68,0
1817,57,1
1818,62,0
1819,37,1
1820,149,0
1821,53,0
1822,63,0
1823,92,1
1824,40,0
1825,78,0
1826,30,0
1827,50,0
1828,87,0
1829,121,1
1830,113,0
1831,49,1
1832,113,0
1833,75,1
1834,69,0
1835,54,1
1836,61,1
1837,200,0
1838,29,1
1839,179,0
1840,29,1
1841,49,0
1842,51,1
1843,110,0
1844,75,1
1845,69,0
1846,126,0
1847,40,1
1848,17,0
1849,200,0
1850,75,1
1851,129,1
1852,67,1
1853,39,1
1854,200,0
1855,10,0
1856,38,0
1857,126,0
1858,28,1
1859,70,1
1860,50,0
1861,98,0
1862,80,0
1863,71,1
1864,77,1
1865,61,1
1866,48,0
1867,73,1
1868,36,0
1869,28,0
1870,144,1
1871,59,1
1872,38,0
1873,130,0
1874,42,1
1875,103,1
1876,72,1
1877,62,1
1878,137,0
1879,136,1
1880,36,0
1881,135,1
1882,53,0
1883,59,0
1884,76,1
1885,40,1
1886,57,0
1887,63,1
1888,35,1
1889,16,0
1890,105,1
1891,103,0
1892,33,0
1893,76,1
1894,43,1
1895,74,1
1896,80,1
1897,200,0
1898,109,1
1899,39,1
1900,61,1
1901,32,0
1902,45,1
1903,59,1
1904,58,1
1905,24,1
1906,58,1
1907,71,1
1908,42,1
1909,98,0
1910,36,0
1911,49,0
1912,173,1
1913,34,0
1914,51,0
1915,63,1
1916,30,0
1917,36,0
1918,48,0
1919,63,0
1920,88,0
1921,47,0
1922,85,1
1923,105,1
1924,89,1
1925,76,1
1926,82,0
1927,73,1
1928,115,0
1929,69,1
1930,47,0
1931,67,1
1932,28,0
1933,91,0
1934,63,0
1935,25,0
1936,42,1
1937,71,0
1938,16,0
1939,55,1
1940,50,1
1941,36,1
1942,52,1
1943,42,1
1944,33,0
1945,45,1
1946,93,0
1947,105,1
1948,93,0
1949,200,0
1950,82,0
1951,61,1
1952,164,1
1953,197,1
1954,40,1
1955,72,1
1956,46,0
1957,100,1
1958,71,0
1959,79,1
1960,34,1
1961,28,1
1962,72,1
1963,108,0
1964,164,0
1965,62,1
1966,46,1
1967,48,0
1968,38,1
1969,33,1
1970,60,0
1971,129,1
1972,72,0
1973,64,1
1974,46,0
1975,63,1
1976,114,1
1977,168,1
1978,183,0
1979,74,1
1980,119,1
1981,38,1
1982,42,0
1983,70,1
1984,151,1
1985,30,1
1986,34,1
1987,49,1
1988,80,1
1989,55,1
1990,37,1
1991,152,0
1992,141,1
1993,40,1
1994,101,1
1995,93,0
1996,21,0
1997,68,1
1998,45,0
1999,15,0
2000,45,0
2001,55,0
2002,51,1
2003,50,1
2004,82,1
2005,162,0
2006,66,1
2007,43,1
2008,40,1
2009,48,1
2010,122,1
2011,98,1
2012,72,0
2013,71,1
2014,34,0
2015,63,1
2016,50,0
2017,54,1
2018,67,1
2019,62,0
2020,153,1
2021,129,0
2022,57,0
2023,104,0
2024,39,1
2025,95,0
2026,75,1
2027,44,0
2028,30,0
2029,109,1
2030,62,1
2031,54,0
2032,151,0
2033,36,0
2034,36,1
2035,53,0
2036,54,0
2037,112,0
2038,61,1
2039,28,0
2040,96,1
2041,48,0
2042,60,1
2043,45,0
2044,84,1
2045,123,0
2046,67,1
2047,29,1
2048,53,0
2049,118,0
2050,65,1
2051,50,0
2052,94,1
2053,68,1
2054,12,0
2055,66,1
2056,29,0
2057,32,1
2058,84,1
2059,87,0
2060,36,0
2061,61,0
2062,61,1
2063,65,1
2064,69,0
2065,66,1
2066,52,0
2067,61,1
2068,143,1
2069,195,1
2070,73,0
2071,58,1
2072,67,1
2073,34,0
2074,98,1
2075,33,1
2076,69,0
2077,67,1
2078,30,0
2079,31,0
2080,72,1
2081,53,1
2082,78,0
2083,65,0
2084,124,1
2085,32,1
2086,56,0
2087,74,0
2088,52,1
2089,79,1
2090,37,1
2091,112,0
2092,42,0
2093,22,1
2094,36,1
2095,40,1
2096,59,0
2097,52,0
2098,100,1
2099,34,0
2100,102,1
2101,43,0
2102,35,1
2103,34,1
2104,97,1
2105,34,1
2106,37,0
2107,28,1
2108,63,1
2109,77,0
2110,59,1
2111,79,1
2112,122,1
2113,65,1
2114,30,1
2115,71,1
2116,72,1
2117,54,0
2118,17,1
2119,68,1
2120,38,1
2121,45,0
2122,49,0
2123,41,0
2124,54,0
2125,39,0
2126,42,1
2127,81,1
2128,63,0
2129,54,1
2130,85,0
2131,64,1
2132,50,1
2133,121,1
2134,37,1
2135,66,0
2136,68,0
2137,89,0
2138,53,0
2139,35,1
2140,47,1
2141,59,0
2142,74,1
2143,24,0
2144,65,1
2145,73,0
2146,49,0
2147,73,1
2148,36,1
2149,30,0
2150,58,1
2151,49,0
2152,38,1
2153,58,1
2154,25,0
2155,72,1
2156,23,1
2157,52,0
2158,85,1
2159,31,1
2160,58,0
2161,43,1
2162,27,1
2163,35,0
2164,198,0
2165,36,1
2166,69,1
2167,86,0
2168,61,1
2169,35,1
2170,76,0
2171,90,1
2172,37,0
2173,131,1
2174,20,1
2175,75,0
2176,67,1
2177,54,1
2178,49,0
2179,68,0
2180,46,1
2181,106,0
2182,55,1
2183,38,0
2184,69,0
2185,112,1
2186,81,1
2187,36,1
2188,58,1
2189,102,1
2190,56,1
2191,98,0
2192,56,1
2193,54,1
2194,38,0
2195,63,1
2196,48,1
2197,15,0
2198,63,1
2199,44,1
2200,24,1
2201,103,0
2202,87,1
2203,70,0
2204,66,1
2205,106,1
2206,56,0
2207,25,0
2208,58,1
2209,59,1
2210,50,1
2211,72,1
2212,44,1
2213,50,1
2214,54,1
2215,72,0
2216,51,0
2217,41,0
2218,52,1
2219,137,0
2220,55,1
2221,32,1
2222,47,1
2223,62,1
2224,58,0
2225,55,1
2226,112,0
2227,40,0
2228,61,0
2229,45,1
2230,40,1
2231,59,0
2232,53,1
2233,45,1
2234,175,1
2235,57,1
2236,71,0
2237,49,0
2238,37,1
2239,94,0
2240,45,0
2241,120,1
2242,27,0
2243,131,0
2244,53,1
2245,37,1
2246,28,0
2247,42,0
2248,142,1
2249,48,1
2250,136,1
2251,86,1
2252,67,0
2253,19,0
2254,41,1
2255,84,1
2256,48,0
2257,78,0
2258,28,0
2259,63,1
2260,29,0
2261,11,0
2262,109,1
2263,68,0
2264,52,1
2265,58,0
2266,69,0
2267,37,0
2268,31,1
2269,46,0
2270,47,0
2271,114,1
2272,40,0
2273,89,0
2274,85,1
2275,43,1
2276,27,0
2277,50,1
2278,86,0
2279,67,1
2280,32,1
2281,110,1
2282,159,1
2283,27,0
2284,59,1
2285,63,0
2286,50,1
2287,61,1
2288,37,1
2289,81,0
2290,41,0
2291,124,1
2292,44,0
2293,70,0
2294,69,1
2295,97,0
2296,54,0
2297,92,1
2298,95,0
2299,83,1
2300,47,0
2301,39,1
2302,65,0
2303,55,1
2304,47,0
2305,32,1
2306,107,1
2307,79,0
2308,177,1
2309,71,0
2310,65,0
2311,70,0
2312,14,0
2313,83,1
2314,93,1
2315,57,0
2316,150,1
2317,41,1
2318,45,1
2319,200,0
2320,123,1
2321,86,1
2322,23,1
2323,46,1
2324,66,0
2325,43,1
2326,64,1
2327,45,1
2328,33,0
2329,45,0
2330,68,1
2331,68,1
2332,80,1
2333,113,1
2334,70,1
2335,59,1
2336,90,1
2337,127,1
2338,73,1
2339,51,0
2340,102,1
2341,49,1
2342,43,0
2343,102,1
2344,41,0
2345,38,1
2346,59,0
2347,45,1
2348,60,1
2349,48,1
2350,37,0
2351,33,0
2352,125,1
2353,85,0
2354,45,0
2355,60,1
2356,39,1
2357,70,0
2358,77,1
2359,50,1
2360,33,0
2361,31,1
2362,87,0
2363,46,1
2364,62,0
2365,128,1
2366,38,1
2367,47,0
2368,150,0
2369,92,1
2370,53,1
2371,38,0
2372,90,1
2373,21,0
2374,24,1
2375,58,1
2376,39,1
2377,152,0
2378,58,1
2379,67,1
2380,56,1
2381,86,1
2382,65,1
2383,69,0
2384,90,1
2385,88,0
2386,88,0
2387,49,0
2388,64,1
2389,65,1
2390,20,1
2391,30,1
2392,42,1
2393,130,1
2394,149,1
2395,51,1
2396,102,1
2397,91,0
2398,35,1
2399,60,1
2400,27,1
2401,122,0
2402,68,1
2403,39,1
2404,31,0
2405,56,1
2406,33,1
2407,50,0
2408,57,0
2409,104,1
2410,80,1
2411,29,1
2412,43,1
2413,19,1
2414,67,1
2415,108,0
2416,64,0
2417,48,0
2418,101,0
2419,26,0
2420,125,1
2421,76,0
2422,103,1
2423,100,0
2424,58,1
2425,66,1
2426,44,1
2427,48,1
2428,177,1
2429,22,0
2430,37,1
2431,32,1
2432,37,1
2433,200,0
2434,46,0
2435,52,1
2436,39,1
2437,109,1
2438,62,0
2439,58,1
2440,35,0
2441,83,0
2442,57,1
2443,100,1
2444,103,1
2445,70,1
2446,33,1
2447,101,1
2448,57,0
2449,43,0
2450,34,1
2451,78,1
2452,47,1
2453,98,1
2454,37,0
2455,25,1
2456,51,0
2457,102,0
2458,39,0
2459,63,1
2460,37,1
2461,56,1
2462,87,1
2463,60,1
2464,21,0
2465,34,0
2466,60,1
2467,66,1
2468,73,0
2469,49,1
2470,49,0
2471,120,0
2472,25,1
2473,57,0
2474,105,1
2475,29,1
2476,29,1
2477,35,1
2478,102,1
2479,62,0
2480,40,1
2481,140,1
2482,56,1
2483,33,0
2484,161,0
2485,100,1
2486,41,0
2487,200,0
2488,43,1
2489,47,0
2490,79,1
2491,135,0
2492,63,1
2493,29,0
2494,53,1
2495,31,1
2496,29,1
2497,23,1
2498,42,0
2499,86,1
2500,32,0
2501,104,0
2502,91,1
2503,47,0
2504,41,0
2505,38,0
2506,40,0
2507,53,1
2508,83,0
2509,42,0
2510,55,0
2511,35,0
2512,31,1
2513,60,0
2514,31,1
2515,100,0
2516,48,0
2517,97,1
2518,78,1
2519,40,1
2520,43,1
2521,170,0
2522,187,1
2523,116,0
2524,40,1
2525,94,0
2526,125,1
2527,52,0
2528,48,1
2529,80,1
2530,44,0
2531,55,1
2532,38,0
2533,44,0
2534,31,0
2535,31,0
2536,65,0
2537,34,0
2538,35,1
2539,56,0
2540,56,1
2541,77,1
2542,26,0
2543,95,0
2544,59,1
2545,44,1
2546,163,1
2547,39,1
2548,69,1
2549,32,1
2550,51,1
2551,63,1
2552,86,0
2553,83,0
2554,58,0
2555,62,1
2556,53,0
2557,55,1
2558,30,0
2559,61,1
2560,89,1
2561,53,1
2562,52,0
2563,27,0
2564,128,0
2565,35,1
2566,36,0
2567,62,0
2568,57,0
2569,49,0
2570,89,1
2571,111,0
2572,40,0
2573,86,0
2574,48,1
2575,58,0
2576,61,0
2577,61,1
2578,47,0
2579,47,1
2580,108,1
2581,67,1
2582,130,0
2583,41,1
2584,100,1
2585,86,1
2586,22,1
2587,95,1
2588,38,1
2589,53,1
2590,49,1
2591,42,0
2592,69,0
2593,91,1
2594,62,1
2595,83,1
2596,31,1
2597,65,0
2598,69,1
2599,65,1
2600,87,1
2601,89,0
2602,50,1
2603,95,1
2604,200,0
2605,79,0
2606,35,1
2607,35,1
2608,101,1
2609,55,0
2610,65,0
2611,42,0
2612,36,1
2613,59,1
2614,72,1
2615,26,0
2616,66,0
2617,43,0
2618,72,0
2619,61,0
2620,58,1
2621,35,1
2622,41,0
2623,63,0
2624,79,0
2625,34,1
2626,103,0
2627,64,0
2628,47,0
2629,86,0
2630,41,1
2631,143,1
2632,73,0
2633,152,1
2634,58,0
2635,34,0
2636,65,1
2637,35,1
2638,106,1
2639,17,0
2640,52,1
2641,63,0
2642,36,0
2643,51,0
2644,55,1
2645,56,0
2646,86,1
2647,48,0
2648,72,1
2649,38,1
2650,101,0
2651,84,1
2652,11,0
2653,43,1
2654,42,0
2655,23,0
2656,24,1
2657,74,1
2658,170,0
2659,23,1
2660,73,1
2661,127,0
2662,33,1
2663,88,0
2664,200,0
2665,50,0
2666,85,0
2667,64,0
2668,52,0
2669,45,1
2670,53,1
2671,45,1
2672,59,1
2673,88,0
2674,31,0
2675,101,0
2676,44,0
2677,44,1
2678,51,0
2679,32,0
2680,62,0
2681,51,1
2682,48,1
2683,69,0
2684,30,0
2685,70,1
2686,46,0
2687,58,1
2688,34,0
2689,29,0
2690,88,1
2691,31,1
2692,33,0
2693,107,1
2694,29,1
2695,122,1
2696,92,1
2697,90,0
2698,66,0
2699,76,0
2700,131,0
2701,21,0
2702,59,1
2703,113,0
2704,40,0
2705,106,1
2706,84,0
2707,76,0
2708,31,1
2709,34,0
2710,134,1
2711,68,0
2712,96,1
2713,41,1
2714,50,0
2715,37,1
2716,66,0
2717,50,0
2718,185,1
2719,102,1
2720,53,1
2721,78,0
2722,41,1
2723,70,0
2724,21,0
2725,50,1
2726,59,1
2727,46,1
2728,38,0
2729,83,0
2730,174,0
2731,83,0
2732,89,1
2733,44,1
2734,34,0
2735,65,1
2736,123,0
2737,45,0
2738,106,0
2739,62,1
2740,60,1
2741,59,1
2742,200,0
2743,12,0
2744,41,0
2745,21,0
2746,147,1
2747,38,1
2748,25,1
2749,38,0
2750,71,1
2751,51,1
2752,41,1
2753,40,1
2754,27,0
2755,54,1
2756,28,0
2757,41,0
2758,12,0
2759,41,0
2760,71,1
2761,50,1
2762,116,0
2763,39,1
2764,39,1
2765,108,1
2766,43,1
2767,83,1
2768,97,1
2769,162,0
2770,52,1
2771,160,1
2772,84,1
2773,33,0
2774,86,1
2775,48,1
2776,40,0
2777,96,1
2778,87,1
2779,49,1
2780,38,1
2781,39,1
2782,87,0
2783,45,0
2784,200,0
2785,55,1
2786,81,0
2787,37,1
2788,28,0
2789,37,1
2790,34,1
2791,41,0
2792,55,0
2793,66,0
2794,86,1
2795,77,0
2796,40,1
2797,69,1
2798,31,0
2799,110,1
2800,33,0
2801,120,0
2802,87,0
2803,106,0
2804,22,0
2805,84,0
2806,39,1
2807,96,1
2808,82,0
2809,65,0
2810,29,1
2811,79,1
2812,105,1
2813,25,0
2814,48,0
2815,65,1
2816,41,1
2817,42,1
2818,89,0
2819,198,0
2820,70,0
2821,117,0
2822,48,0
2823,29,0
2824,82,1
2825,52,0
2826,30,0
2827,96,0
2828,66,0
2829,31,0
2830,160,0
2831,44,0
2832,40,1
2833,32,0
2834,24,0
2835,32,0
2836,47,1
2837,76,1
2838,60,1
2839,67,1
2840,33,0
2841,25,0
2842,38,1
2843,122,1
2844,58,0
2845,102,0
2846,68,0
2847,76,1
2848,60,1
2849,38,1
2850,36,0
2851,56,0
2852,63,1
2853,62,1
2854,26,0
2855,44,1
2856,117,1
2857,83,0
2858,103,1
2859,68,0
2860,34,1
2861,72,0
2862,110,1
2863,65,1
2864,126,1
2865,66,0
2866,47,1
2867,92,1
2868,34,1
2869,101,0
2870,147,0
2871,111,0
2872,37,1
2873,42,0
2874,43,1
2875,140,0
2876,33,1
2877,21,0
2878,70,1
2879,38,1
2880,114,1
2881,49,1
2882,73,0
2883,185,1
2884,59,1
2885,63,0
2886,48,0
2887,35,1
2888,58,1
2889,20,0
2890,200,0
2891,42,0
2892,104,1
2893,67,1
2894,58,0
2895,91,0
2896,29,0
2897,33,0
2898,60,0
2899,81,0
2900,56,1
2901,68,1
2902,37,1
2903,59,0
2904,36,0
2905,58,0
2906,42,0
2907,88,0
2908,28,1
2909,33,1
2910,50,0
2911,33,0
2912,56,1
2913,27,0
2914,64,1
2915,41,0
2916,200,0
2917,58,1
2918,50,0
2919,52,1
2920,35,1
2921,49,1
2922,91,1
2923,88,1
2924,111,1
2925,25,0
2926,156,1
2927,59,0
2928,54,0
2929,46,1
2930,92,1
2931,55,0
2932,68,0
2933,28,1
2934,48,1
2935,54,1
2936,189,0
2937,80,1
2938,89,0
2939,120,1
2940,68,1
2941,101,1
2942,109,1
2943,31,0
2944,48,0
2945,59,1
2946,45,0
2947,56,1
2948,40,0
2949,102,1
2950,128,0
2951,24,1
2952,88,1
2953,55,1
2954,161,1
2955,65,0
2956,174,1
2957,39,1
2958,120,0
2959,41,0
2960,61,0
2961,78,1
2962,23,0
2963,46,1
2964,104,1
2965,64,0
2966,60,1
2967,98,1
2968,56,0
2969,114,1
2970,67,1
2971,48,1
2972,29,1
2973,125,0
2974,84,0
2975,129,0
2976,30,0
2977,40,0
2978,35,1
2979,31,1
2980,30,0
2981,30,0
2982,60,1
2983,46,1
2984,172,0
2985,47,0
2986,40,0
2987,82,0
2988,75,1
2989,51,1
2990,59,0
2991,55,1
2992,117,1
2993,45,0
2994,69,0
2995,66,1
2996,31,0
2997,47,1
2998,33,1
2999,43,1
3000,44,0
3001,55,1
3002,34,0
3003,42,0
3004,38,1
3005,107,0
3006,15,0
3007,67,0
3008,85,0
3009,46,0
3010,36,1
3011,68,1
3012,60,1
3013,181,1
3014,58,1
3015,52,1
3016,69,0
3017,34,1
3018,26,0
3019,51,0
3020,200,0
3021,66,1
3022,42,0
3023,72,1
3024,105,0
3025,70,0
3026,91,1
3027,45,0
3028,188,0
3029,70,1
3030,30,0
3031,27,1
3032,64,0
3033,112,1
3034,31,0
3035,56,1
3036,51,1
3037,85,0
3038,61,0
3039,55,0
3040,39,0
3041,37,1
3042,126,1
3043,67,0
3044,20,0
3045,106,1
3046,21,1
3047,47,0
3048,52,1
3049,84,1
3050,74,0
3051,37,1
3052,68,0
3053,88,0
3054,98,1
3055,26,1
3056,75,1
3057,65,0
3058,53,0
3059,117,0
3060,63,1
3061,64,1
3062,26,0
3063,27,0
3064,40,0
3065,83,1
3066,40,0
3067,116,1
3068,42,1
3069,62,1
3070,42,0
3071,37,0
3072,49,0
3073,43,0
3074,58,0
3075,27,0
3076,30,1
3077,34,0
3078,44,1
3079,73,1
3080,87,1
3081,46,0
3082,34,0
3083,80,0
3084,21,0
3085,138,1
3086,152,0
3087,64,1
3088,38,1
3089,43,1
3090,47,0
3091,44,0
3092,85,1
3093,31,1
3094,26,1
3095,78,0
3096,46,0
3097,49,0
3098,86,0
3099,51,1
3100,35,0
3101,43,1
3102,71,1
3103,20,0
3104,87,0
3105,34,1
3106,115,0
3107,81,0
3108,45,1
3109,64,0
3110,67,0
3111,17,0
3112,54,0
3113,56,0
3114,55,0
3115,32,1
3116,58,0
3117,23,0
3118,63,0
3119,42,0
3120,41,1
3121,69,0
3122,63,1
3123,88,1
3124,68,1
3125,38,0
3126,58,1
3127,117,0
3128,52,1
3129,103,1
3130,103,1
3131,40,1
3132,53,1
3133,134,1
3134,32,1
3135,54,1
3136,22,0
3137,49,1
3138,46,1
3139,52,1
3140,104,0
3141,36,1
3142,30,1
3143,48,1
3144,33,1
3145,42,1
3146,45,1
3147,54,0
3148,36,0
3149,48,0
3150,84,1
3151,52,0
3152,64,1
3153,50,1
3154,109,0
3155,89,1
3156,127,0
3157,54,0
3158,168,1
3159,41,1
3160,89,1
3161,49,1
3162,79,0
3163,99,1
3164,35,0
3165,57,0
3166,118,0
3167,80,1
3168,126,1
3169,76,0
3170,51,0
3171,70,1
3172,47,0
3173,176,0
3174,66,0
3175,66,1
3176,103,1
3177,121,1
3178,92,1
3179,47,0
3180,103,1
3181,40,1
3182,26,1
3183,75,0
3184,154,1
3185,63,0
3186,90,0
3187,16,0
3188,43,0
3189,33,0
3190,130,0
3191,53,0
3192,61,1
3193,81,1
3194,50,0
3195,49,1
3196,196,1
3197,43,0
3198,96,0
3199,97,0
3200,46,0
3201,69,0
3202,43,0
3203,45,1
3204,99,1
3205,114,0
3206,67,0
3207,54,0
3208,43,1
3209,67,0
3210,31,0
3211,41,1
3212,55,0
3213,51,1
3214,77,0
3215,40,0
3216,195,1
3217,31,0
3218,68,1
3219,72,0
3220,41,0
3221,151,1
3222,28,0
3223,34,1
3224,80,1
3225,73,0
3226,55,1
3227,55,1
3228,50,1
3229,100,0
3230,200,0
3231,60,0
3232,67,1
3233,86,0
3234,200,0
3235,53,0
3236,93,1
3237,38,0
3238,90,0
3239,61,1
3240,79,0
3241,30,1
3242,48,0
3243,49,1
3244,50,0
3245,55,1
3246,67,1
3247,183,0
3248,67,1
3249,46,1
3250,73,0
3251,43,1
3252,113,1
3253,85,1
3254,130,1
3255,62,1
3256,63,0
3257,57,1
3258,41,0
3259,79,0
3260,181,0
3261,49,0
3262,30,1
3263,57,0
3264,61,1
3265,85,1
3266,28,1
3267,154,1
3268,30,1
3269,28,0
3270,51,1
3271,35,1
3272,54,1
3273,128,0
3274,85,1
3275,82,1
3276,57,1
3277,38,0
3278,42,0
3279,67,0
3280,50,1
3281,49,1
3282,47,1
3283,72,0
3284,61,0
3285,66,0
3286,30,0
3287,131,0
3288,76,1
3289,83,1
3290,78,1
3291,56,0
3292,21,0
3293,76,0
3294,64,0
3295,116,0
3296,49,1
3297,75,0
3298,70,0
3299,59,1
3300,42,1
3301,39,0
3302,69,0
3303,136,1
3304,25,1
3305,106,0
3306,65,1
3307,99,1
3308,81,1
3309,55,0
3310,49,1
3311,123,0
3312,23,1
3313,79,0
3314,81,1
3315,115,0
3316,74,1
3317,78,0
3318,69,1
3319,24,0
3320,102,0
3321,43,1
3322,46,1
3323,78,1
3324,123,0
3325,46,1
3326,37,1
3327,85,1
3328,99,1
3329,38,1
3330,46,1
3331,61,1
3332,46,1
3333,38,1
3334,100,0
3335,87,1
3336,51,0
3337,50,1
3338,64,0
3339,82,0
3340,38,0
3341,53,0
3342,45,1
3343,93,1
3344,86,0
3345,50,1
3346,35,1
3347,63,0
3348,44,1
3349,81,0
3350,94,0
3351,15,0
3352,22,1
3353,11,0
3354,67,1
3355,106,0
3356,56,1
3357,44,1
3358,35,1
3359,57,1
3360,104,1
3361,77,0
3362,47,0
3363,46,0
3364,70,0
3365,113,0
3366,47,1
3367,118,0
3368,122,1
3369,56,0
3370,61,0
3371,106,1
3372,114,0
3373,48,0
3374,14,0
3375,85,1
3376,60,0
3377,115,1
3378,53,0
3379,60,0
3380,93,1
3381,66,1
3382,49,0
3383,36,1
3384,74,0
3385,37,0
3386,94,1
3387,27,1
3388,79,0
3389,31,0
3390,39,1
3391,79,0
3392,47,0
3393,31,0
3394,49,0
3395,61,0
3396,51,1
3397,189,1
3398,29,1
3399,22,1
3400,66,1
3401,41,1
3402,84,1
3403,45,1
3404,56,1
3405,70,0
3406,56,1
3407,38,1
3408,41,1
3409,73,1
3410,36,0
3411,40,1
3412,36,1
3413,57,0
3414,33,0
3415,93,0
3416,66,1
3417,88,1
3418,106,1
3419,133,1
3420,44,0
3421,64,1
3422,104,0
3423,38,0
3424,101,1
3425,118,0
3426,113,1
3427,50,1
3428,103,0
3429,53,1
3430,44,1
3431,89,1
3432,45,1
3433,27,1
3434,79,0
3435,103,1
3436,89,0
3437,156,1
3438,91,1
3439,87,1
3440,156,1
3441,95,0
3442,37,0
3443,111,1
3444,43,1
3445,54,1
3446,200,0
3447,43,1
3448,27,1
3449,69,1
3450,105,1
3451,40,0
3452,50,0
3453,32,0
3454,88,1
3455,37,0
3456,41,0
3457,127,1
3458,93,0
3459,37,1
3460,59,0
3461,88,1
3462,71,1
3463,80,0
3464,52,0
3465,54,1
3466,14,0
3467,41,1
3468,47,0
3469,74,0
3470,76,0
3471,23,0
3472,52,1
3473,89,0
3474,77,0
3475,117,1
3476,109,1
3477,72,0
3478,57,1
3479,25,0
3480,14,0
3481,44,0
3482,50,0
3483,57,0
3484,69,0
3485,69,1
3486,93,1
3487,52,1
3488,54,1
3489,41,1
3490,68,1
3491,50,0
3492,62,0
3493,52,1
3494,64,1
3495,120,1
3496,99,1
3497,30,1
3498,101,0
3499,22,0
3500,77,0
3501,39,1
3502,50,1
3503,59,1
3504,32,1
3505,121,1
3506,121,1
3507,66,1
3508,75,1
3509,75,1
3510,60,0
3511,44,0
3512,38,0
3513,48,0
3514,18,0
3515,56,1
3516,41,1
3517,83,1
3518,69,1
3519,48,1
3520,65,1
3521,200,0
3522,72,0
3523,57,0
3524,148,1
3525,109,1
3526,50,1
3527,24,0
3528,49,0
3529,43,0
3530,149,1
3531,63,0
3532,52,1
3533,45,0
3534,58,1
3535,74,1
3536,21,0
3537,63,1
3538,111,1
3539,116,0
3540,45,1
3541,173,0
3542,68,0
3543,29,0
3544,81,0
3545,130,0
3546,31,0
3547,84,0
3548,42,1
3549,36,1
3550,74,0
3551,39,0
3552,48,1
3553,70,1
3554,142,1
3555,49,1
3556,51,1
3557,43,1
3558,135,0
3559,48,0
3560,48,0
3561,48,1
3562,145,1
3563,19,0
3564,110,1
3565,41,1
3566,53,1
3567,37,1
3568,71,0
3569,43,1
3570,47,0
3571,64,1
3572,66,0
3573,33,0
3574,31,0
3575,44,1
3576,80,0
3577,59,0
3578,28,1
3579,45,0
3580,57,0
3581,33,0
3582,36,0
3583,67,1
3584,93,0
3585,123,1
3586,47,1
3587,153,0
3588,67,0
3589,99,0
3590,89,0
3591,55,1
3592,27,0
3593,76,1
3594,39,1
3595,59,0
3596,96,1
3597,93,0
3598,108,1
3599,40,0
3600,107,1
3601,85,0
3602,73,1
3603,167,1
3604,81,1
3605,81,0
3606,35,1
3607,30,1
3608,56,0
3609,54,1
3610,56,1
3611,47,1
3612,29,1
3613,55,1
3614,84,1
3615,90,1
3616,44,1
3617,41,0
3618,81,0
3619,166,0
3620,26,1
3621,13,0
3622,143,0
3623,41,1
3624,57,0
3625,47,0
3626,63,0
3627,47,1
3628,44,1
3629,36,0
3630,67,1
3631,67,0
3632,96,1
3633,74,1
3634,135,0
3635,200,0
3636,74,1
3637,48,1
3638,42,1
3639,54,1
3640,22,0
3641,55,1
3642,71,0
3643,56,1
3644,36,0
3645,100,0
3646,31,0
3647,32,0
3648,30,1
3649,38,1
3650,65,0
3651,70,1
3652,68,0
3653,57,0
3654,58,0
3655,66,0
3656,94,1
3657,61,0
3658,42,1
3659,53,0
3660,22,0
3661,82,0
3662,74,0
3663,43,1
3664,41,1
3665,31,1
3666,52,1
3667,126,1
3668,76,1
3669,57,1
3670,72,1
3671,23,0
3672,27,0
3673,50,1
3674,40,0
3675,133,1
3676,115,1
3677,144,0
3678,43,0
3679,31,0
3680,50,1
3681,200,0
3682,51,1
3683,43,0
3684,25,0
3685,42,1
3686,101,1
3687,63,0
3688,40,0
3689,108,1
3690,81,0
3691,89,1
3692,78,0
3693,59,0
3694,27,1
3695,59,0
3696,70,1
3697,76,1
3698,100,1
3699,82,1
3700,99,0
3701,31,0
3702,42,0
3703,33,1
3704,81,0
3705,69,1
3706,38,0
3707,95,1
3708,102,0
3709,72,0
3710,33,1
3711,32,1
3712,51,1
3713,67,0
3714,35,0
3715,69,1
3716,125,1
3717,48,1
3718,50,0
3719,76,1
3720,151,1
3721,28,0
3722,102,1
3723,77,1
3724,55,1
3725,74,1
3726,120,1
3727,37,1
3728,128,0
3729,74,0
3730,75,0
3731,170,0
3732,41,1
3733,43,1
3734,36,0
3735,92,1
3736,67,0
3737,34,0
3738,55,1
3739,56,0
3740,56,0
3741,55,0
3742,49,1
3743,35,0
3744,33,1
3745,48,0
3746,21,0
3747,45,1
3748,42,0
3749,86,0
3750,92,0
3751,36,1
3752,77,1
3753,50,1
3754,65,0
3755,147,1
3756,156,1
3757,63,1
3758,88,0
3759,96,0
3760,50,0
3761,76,1
3762,37,0
3763,76,1
3764,66,1
3765,147,0
3766,83,1
3767,56,1
3768,19,0
3769,35,1
3770,26,0
3771,150,1
3772,53,1
3773,50,0
3774,94,1
3775,26,0
3776,142,1
3777,78,1
3778,111,0
3779,48,1
3780,62,1
3781,39,0
3782,75,1
3783,38,0
3784,16,1
3785,50,1
3786,56,1
3787,35,1
3788,69,1
3789,93,0
3790,54,1
3791,84,1
3792,78,1
3793,96,1
3794,104,1
3795,91,1
3796,80,1
3797,200,0
3798,62,1
3799,32,0
3800,78,1
3801,56,0
3802,29,1
3803,107,0
3804,31,0
3805,59,1
3806,197,1
3807,138,1
3808,46,1
3809,54,1
3810,34,1
3811,200,0
3812,66,0
3813,72,1
3814,92,1
3815,116,0
3816,64,1
3817,82,0
3818,43,1
3819,35,0
3820,48,0
3821,50,0
3822,37,0
3823,107,1
3824,36,1
3825,21,0
3826,26,1
3827,30,0
3828,138,0
3829,60,1
3830,40,0
3831,57,1
3832,50,1
3833,132,0
3834,181,0
3835,68,1
3836,48,1
3837,69,0
3838,64,0
3839,48,0
3840,29,0
3841,59,0
3842,23,1
3843,35,1
3844,42,1
3845,92,1
3846,24,0
3847,157,1
3848,153,1
3849,21,1
3850,43,0
3851,190,0
3852,37,0
3853,69,1
3854,116,0
3855,49,1
3856,60,1
3857,28,0
3858,24,0
3859,50,0
3860,133,0
3861,62,0
3862,94,1
3863,117,0
3864,46,0
3865,76,1
3866,75,1
3867,75,0
3868,69,0
3869,98,1
3870,39,0
3871,35,1
3872,64,1
3873,111,0
3874,76,0
3875,115,1
3876,32,1
3877,35,0
3878,95,0
3879,28,0
3880,86,1
3881,38,1
3882,42,0
3883,56,0
3884,63,0
3885,46,1
3886,143,1
3887,52,1
3888,58,0
3889,93,1
3890,69,1
3891,27,0
3892,192,0
3893,62,0
3894,42,1
3895,57,0
3896,40,1
3897,67,0
3898,100,0
3899,69,0
3900,99,1
3901,36,0
3902,67,1
3903,73,1
3904,34,1
3905,115,1
3906,51,0
3907,44,1
3908,48,0
3909,16,0
3910,54,0
3911,35,1
3912,87,0
3913,199,0
3914,49,0
3915,30,0
3916,124,0
3917,59,0
3918,44,1
3919,80,1
3920,43,1
3921,44,1
3922,54,1
3923,58,0
3924,47,0
3925,84,1
3926,97,1
3927,199,1
3928,28,0
3929,32,0
3930,81,1
3931,133,0
3932,153,0
3933,58,0
3934,79,0
3935,35,1
3936,50,0
3937,38,0
3938,48,1
3939,57,1
3940,100,1
3941,27,0
3942,65,0
3943,28,1
3944,30,1
3945,76,1
3946,42,1
3947,60,1
3948,55,0
3949,50,1
3950,79,1
3951,200,0
3952,55,0
3953,69,1
3954,56,1
3955,60,1
3956,56,1
3957,52,1
3958,128,1
3959,38,0
3960,77,1
3961,99,0
3962,82,1
3963,91,0
3964,123,1
3965,47,1
3966,53,1
3967,78,0
3968,57,1
3969,103,1
3970,20,0
3971,81,0
3972,33,1
3973,150,1
3974,28,1
3975,25,0
3976,111,1
3977,72,0
3978,69,1
3979,46,0
3980,114,0
3981,34,0
3982,34,0
3983,50,0
3984,68,0
3985,52,0
3986,42,0
3987,46,0
3988,200,0
3989,42,0
3990,58,0
3991,120,0
3992,41,1
3993,51,0
3994,33,0
3995,53,1
3996,41,0
3997,57,1
3998,117,0
3999,74,1
4000,53,1
4001,82,1
4002,45,1
4003,41,0
4004,35,1
4005,122,1
4006,65,0
4007,125,0
4008,85,1
4009,123,1
4010,21,0
4011,75,1
4012,34,1
4013,77,1
4014,41,1
4015,62,0
4016,116,0
4017,64,1
4018,94,0
4019,51,0
4020,65,1
4021,52,1
4022,50,1
4023,102,1
4024,145,0
4025,33,0
4026,91,0
4027,21,0
4028,70,1
4029,36,0
4030,38,0
4031,91,1
4032,34,0
4033,33,1
4034,68,0
4035,33,1
4036,51,0
4037,50,0
4038,26,1
4039,108,1
4040,32,1
4041,95,1
4042,64,1
4043,56,1
4044,51,1
4045,50,1
4046,72,1
4047,67,0
4048,136,1
4049,89,0
4050,63,0
4051,95,1
4052,119,1
4053,100,1
4054,23,0
4055,39,1
4056,97,0
4057,65,1
4058,41,1
4059,22,0
4060,115,1
4061,77,0
4062,33,0
4063,122,1
4064,92,0
4065,57,1
4066,65,1
4067,156,0
4068,48,0
4069,56,0
4070,71,1
4071,68,0
4072,130,1
4073,45,0
4074,114,0
4075,200,0
4076,126,0
4077,58,0
4078,52,0
4079,35,0
4080,25,0
4081,35,1
4082,113,1
4083,93,0
4084,80,1
4085,25,0
4086,45,1
4087,51,1
4088,25,0
4089,65,0
4090,24,0
4091,42,1
4092,106,1
4093,34,1
4094,174,0
4095,83,0
4096,200,0
4097,53,1
4098,108,0
4099,130,1
4100,88,0
4101,47,0
4102,35,0
4103,22,0
4104,126,0
4105,40,0
4106,76,1
4107,102,1
4108,57,0
4109,61,0
4110,13,0
4111,75,0
4112,42,0
4113,45,0
4114,54,0
4115,38,1
4116,76,1
4117,27,0
4118,86,1
4119,131,1
4120,77,1
4121,47,0
4122,53,0
4123,48,1
4124,75,1
4125,53,1
4126,56,0
4127,39,0
4128,174,1
4129,56,0
4130,66,0
4131,36,1
4132,43,1
4133,48,0
4134,45,0
4135,45,1
4136,60,1
4137,58,1
4138,37,1
4139,24,1
4140,119,1
4141,51,1
4142,39,1
4143,39,0
4144,75,1
4145,53,1
4146,70,1
4147,61,1
4148,40,0
4149,87,0
4150,71,1
4151,71,0
4152,88,1
4153,32,1
4154,126,1
4155,87,0
4156,61,1
4157,47,0
4158,93,1
4159,40,1
4160,115,0
4161,170,0
4162,56,0
4163,82,1
4164,50,1
4165,42,1
4166,90,1
4167,44,1
4168,96,1
4169,80,0
4170,113,0
4171,29,1
4172,48,0
4173,192,1
4174,71,0
4175,67,0
4176,71,1
4177,63,0
4178,73,1
4179,58,1
4180,155,1
4181,124,1
4182,45,1
4183,77,1
4184,69,1
4185,32,1
4186,76,1
4187,37,0
4188,55,1
4189,32,1
4190,45,1
4191,49,0
4192,69,1
4193,54,1
4194,112,0
4195,50,1
4196,69,1
4197,59,0
4198,69,1
4199,71,1
4200,101,0
4201,68,0
4202,37,0
4203,104,0
4204,71,0
4205,98,1
4206,36,1
4207,39,0
4208,56,1
4209,80,1
4210,49,0
4211,26,0
4212,21,0
4213,98,1
4214,41,1
4215,107,1
4216,38,1
4217,29,0
4218,177,1
4219,36,1
4220,74,1
4221,85,1
4222,20,0
4223,63,1
4224,44,0
4225,71,0
4226,53,0
4227,48,1
4228,59,1
4229,74,1
4230,25,1
4231,33,0
4232,39,1
4233,29,0
4234,124,0
4235,108,0
4236,68,0
4237,49,0
4238,114,1
4239,33,1
4240,57,1
4241,54,1
4242,87,1
4243,200,0
4244,39,1
4245,31,1
4246,27,1
4247,54,0
4248,18,0
4249,66,1
4250,98,1
4251,29,0
4252,53,1
4253,46,1
4254,55,0
4255,117,1
4256,55,0
4257,92,0
4258,39,1
4259,76,0
4260,71,0
4261,158,1
4262,106,0
4263,100,1
4264,52,0
4265,25,0
4266,37,0
4267,50,1
4268,51,0
4269,59,0
4270,50,1
4271,87,0
4272,21,0
4273,60,0
4274,48,1
4275,29,1
4276,112,0
4277,19,1
4278,69,0
4279,71,1
4280,54,1
4281,38,1
4282,23,0
4283,29,0
4284,200,0
4285,48,1
4286,49,1
4287,39,0
4288,68,1
4289,49,1
4290,55,0
4291,66,0
4292,44,0
4293,51,1
4294,54,1
4295,76,0
4296,89,0
4297,19,0
4298,92,1
4299,48,1
4300,94,0
4301,76,0
4302,28,1
4303,25,0
4304,44,1
4305,50,1
4306,98,0
4307,76,0
4308,21,0
4309,55,1
4310,19,0
4311,68,1
4312,37,0
4313,49,1
4314,73,1
4315,30,0
4316,48,1
4317,75,0
4318,48,1
4319,77,0
4320,37,0
4321,45,1
4322,55,1
4323,39,0
4324,80,0
4325,48,0
4326,43,1
4327,62,1
4328,41,1
4329,38,0
4330,42,1
4331,38,1
4332,70,1
4333,60,0
4334,60,0
4335,20,0
4336,96,1
4337,61,1
4338,34,1
4339,39,1
4340,111,1
4341,23,1
4342,61,1
4343,45,1
4344,66,0
4345,53,0
4346,40,1
4347,108,1
4348,101,1
4349,69,0
4350,81,0
4351,51,1
4352,51,1
4353,50,1
4354,63,1
4355,121,0
4356,48,1
4357,90,1
4358,47,1
4359,20,0
4360,82,1
4361,41,1
4362,52,0
4363,45,1
4364,100,1
4365,35,0
4366,99,1
4367,34,1
4368,22,1
4369,143,1
4370,66,1
4371,161,1
4372,82,0
4373,51,0
4374,64,1
4375,54,0
4376,24,0
4377,140,1
4378,108,1
4379,72,1
4380,35,0
4381,38,0
4382,41,1
4383,86,1
4384,50,1
4385,69,1
4386,36,1
4387,54,1
4388,76,1
4389,89,0
4390,30,0
4391,64,1
4392,63,1
4393,28,1
4394,34,1
4395,32,0
4396,54,1
4397,39,0
4398,50,1
4399,96,0
4400,35,0
4401,134,0
4402,114,0
4403,57,1
4404,34,1
4405,76,1
4406,35,0
4407,33,0
4408,43,0
4409,66,1
4410,155,0
4411,58,1
4412,93,0
4413,55,1
4414,58,0
4415,75,1
4416,109,0
4417,27,0
4418,21,0
4419,54,0
4420,35,0
4421,83,1
4422,25,0
4423,61,1
4424,91,1
4425,69,1
4426,125,0
4427,35,1
4428,113,1
4429,48,1
4430,84,1
4431,147,1
4432,60,1
4433,45,1
4434,73,1
4435,43,1
4436,52,0
4437,138,1
4438,67,0
4439,44,1
4440,29,1
4441,65,1
4442,99,0
4443,58,1
4444,86,1
4445,56,1
4446,103,0
4447,82,0
4448,36,0
4449,48,1
4450,63,1
4451,22,0
4452,41,1
4453,68,0
4454,67,1
4455,53,1
4456,82,0
4457,66,1
4458,63,1
4459,34,1
4460,37,1
4461,40,1
4462,21,1
4463,48,1
4464,21,1
4465,98,0
4466,110,1
4467,84,1
4468,64,0
4469,153,1
4470,112,1
4471,85,0
4472,37,0
4473,15,0
4474,199,0
4475,30,0
4476,28,0
4477,48,0
4478,85,1
4479,45,1
4480,44,1
4481,128,1
4482,67,1
4483,40,0
4484,136,1
4485,45,0
4486,96,1
4487,58,1
4488,47,0
4489,38,1
4490,30,1
4491,111,1
4492,86,1
4493,71,1
4494,94,1
4495,62,0
4496,41,0
4497,32,0
4498,19,0
4499,43,0
4500,26,1
4501,60,0
4502,88,1
4503,53,0
4504,32,0
4505,49,0
4506,117,0
4507,32,0
4508,44,0
4509,74,1
4510,74,0
4511,63,1
4512,130,1
4513,71,1
4514,44,1
4515,37,1
4516,13,0
4517,57,0
4518,34,1
4519,29,0
4520,64,1
4521,65,0
4522,30,1
4523,46,0
4524,31,0
4525,67,1
4526,91,1
4527,45,0
4528,58,0
4529,83,0
4530,107,1
4531,33,1
4532,62,1
4533,31,1
4534,95,0
4535,74,0
4536,60,1
4537,52,0
4538,84,0
4539,99,1
4540,86,1
4541,71,0
4542,48,0
4543,61,1
4544,85,1
4545,28,1
4546,33,0
4547,73,1
4548,37,1
4549,46,0
4550,52,1
4551,68,1
4552,94,1
4553,94,1
4554,42,0
4555,101,0
4556,81,1
4557,56,0
4558,43,0
4559,21,0
4560,93,1
4561,35,0
4562,51,1
4563,57,1
4564,29,0
4565,39,0
4566,166,0
4567,51,1
4568,47,0
4569,55,1
4570,132,1
4571,121,1
4572,109,1
4573,31,1
4574,64,1
4575,122,1
4576,39,1
4577,166,1
4578,102,1
4579,70,1
4580,58,0
4581,51,1
4582,36,1
4583,55,1
4584,115,1
4585,68,0
4586,23,0
4587,68,1
4588,80,1
4589,70,1
4590,54,1
4591,44,0
4592,96,1
4593,142,0
4594,24,1
4595,94,0
4596,126,1
4597,46,0
4598,93,0
4599,41,1
4600,200,0
4601,26,1
4602,57,0
4603,131,0
4604,115,1
4605,94,0
4606,56,0
4607,99,0
4608,20,0
4609,61,1
4610,22,0
4611,90,1
4612,107,1
4613,105,0
4614,71,1
4615,59,0
4616,85,0
4617,45,1
4618,75,0
4619,90,1
4620,69,0
4621,54,0
4622,49,0
4623,75,0
4624,87,0
4625,60,0
4626,74,0
4627,65,1
4628,31,0
4629,114,1
4630,46,0
4631,46,1
4632,51,0
4633,62,0
4634,32,1
4635,59,1
4636,103,0
4637,46,0
4638,60,0
4639,76,1
4640,86,0
4641,84,1
4642,58,1
4643,21,0
4644,42,1
4645,171,1
4646,75,0
4647,61,1
4648,117,1
4649,88,0
4650,78,1
4651,42,1
4652,107,1
4653,19,0
4654,14,0
4655,65,0
4656,63,1
4657,108,1
4658,47,0
4659,65,1
4660,44,0
4661,40,1
4662,44,0
4663,81,0
4664,38,1
4665,40,1
4666,56,1
4667,59,1
4668,55,0
4669,65,1
4670,61,1
4671,58,1
4672,36,0
4673,28,0
4674,40,0
4675,61,1
4676,41,1
4677,37,0
4678,55,1
4679,65,0
4680,118,0
4681,76,0
4682,31,1
4683,19,0
4684,44,1
4685,56,0
4686,102,0
4687,149,1
4688,22,0
4689,36,1
4690,60,1
4691,30,0
4692,113,1
4693,102,1
4694,33,1
4695,96,0
4696,68,1
4697,55,1
4698,89,0
4699,53,1
4700,31,0
4701,110,0
4702,55,1
4703,50,0
4704,58,0
4705,77,0
4706,43,1
4707,122,1
4708,63,1
4709,48,1
4710,76,1
4711,113,0
4712,86,1
4713,43,1
4714,73,0
4715,23,0
4716,51,0
4717,28,0
4718,29,1
4719,31,0
4720,41,1
4721,22,0
4722,48,1
4723,53,1
4724,23,0
4725,68,1
4726,200,0
4727,29,0
4728,173,0
4729,42,1
4730,31,1
4731,138,1
4732,99,0
4733,56,0
4734,32,0
4735,46,0
4736,44,1
4737,85,1
4738,48,0
4739,39,1
4740,47,1
4741,61,0
4742,79,0
4743,49,0
4744,51,0
4745,66,1
4746,41,1
4747,56,1
4748,44,1
4749,58,1
4750,200,0
4751,130,0
4752,35,1
4753,28,1
4754,119,1
4755,111,1
4756,55,1
4757,46,0
4758,45,1
4759,57,1
4760,150,1
4761,88,1
4762,42,0
4763,106,1
4764,140,0
4765,52,0
4766,68,1
4767,45,1
4768,51,0
4769,113,1
4770,117,0
4771,85,1
4772,95,0
4773,53,0
4774,59,0
4775,37,1
4776,38,1
4777,34,0
4778,39,1
4779,42,1
4780,75,1
4781,124,0
4782,70,1
4783,53,0
4784,83,1
4785,53,1
4786,179,1
4787,40,1
4788,33,0
4789,92,1
4790,133,1
4791,62,0
4792,14,0
4793,63,1
4794,70,0
4795,30,0
4796,60,0
4797,51,0
4798,37,0
4799,57,1
4800,60,0
4801,99,0
4802,73,1
4803,62,1
4804,52,1
4805,32,1
4806,72,0
4807,94,1
4808,99,0
4809,62,1
4810,58,0
4811,47,1
4812,172,1
4813,65,1
4814,104,0
4815,42,0
4816,30,1
4817,37,0
4818,137,0
4819,42,1
4820,144,1
4821,94,1
4822,55,0
4823,42,0
4824,39,1
4825,49,0
4826,99,0
4827,43,1
4828,129,0
4829,88,0
4830,39,0
4831,59,0
4832,49,0
4833,44,1
4834,36,0
4835,33,0
4836,130,1
4837,68,0
4838,80,1
4839,59,0
4840,66,0
4841,47,1
4842,79,0
4843,45,0
4844,60,1
4845,54,0
4846,58,1
4847,71,0
4848,96,1
4849,48,0
4850,18,0
4851,142,0
4852,48,1
4853,63,1
4854,83,0
4855,72,0
4856,40,1
4857,183,0
4858,44,1
4859,105,0
4860,38,0
4861,43,0
4862,56,0
4863,51,0
4864,54,1
4865,172,1
4866,59,0
4867,14,0
4868,85,1
4869,65,1
4870,51,1
4871,108,1
4872,59,1
4873,200,0
4874,85,1
4875,91,0
4876,79,0
4877,40,1
4878,52,1
4879,24,0
4880,87,1
4881,103,1
4882,37,1
4883,40,0
4884,95,0
4885,46,1
4886,62,1
4887,49,1
4888,53,1
4889,59,1
4890,61,1
4891,138,1
4892,64,0
4893,27,0
4894,60,1
4895,129,0
4896,200,0
4897,66,1
4898,19,0
4899,121,0
4900,55,1
4901,39,1
4902,93,1
4903,47,0
4904,48,1
4905,104,0
4906,59,1
4907,121,0
4908,35,1
4909,29,1
4910,76,0
4911,56,1
4912,29,0
4913,161,1
4914,182,0
4915,55,0
4916,129,1
4917,76,1
4918,26,1
4919,66,1
4920,35,1
4921,59,0
4922,72,1
4923,56,1
4924,59,0
4925,59,1
4926,42,1
4927,69,1
4928,188,1
4929,65,1
4930,112,1
4931,88,0
4932,123,1
4933,50,1
4934,30,1
4935,54,1
4936,40,0
4937,41,1
4938,39,1
4939,44,1
4940,63,1
4941,77,0
4942,91,1
4943,103,1
4944,55,1
4945,51,0
4946,43,0
4947,25,1
4948,41,0
4949,126,1
4950,41,1
4951,46,0
4952,38,1
4953,91,1
4954,31,1
4955,65,1
4956,64,1
4957,77,1
4958,43,1
4959,51,1
4960,47,0
4961,33,1
4962,55,1
4963,57,0
4964,53,1
4965,79,1
4966,70,1
4967,33,1
4968,74,0
4969,104,0
4970,88,0
4971,92,1
4972,47,1
4973,77,1
4974,116,0
4975,35,0
4976,32,1
4977,144,1
4978,49,0
4979,17,1
4980,64,0
4981,18,0
4982,28,0
4983,39,0
4984,92,0
4985,110,1
4986,46,0
4987,57,0
4988,48,1
4989,41,1
4990,48,1
4991,127,1
4992,83,0
4993,67,0
4994,40,1
4995,43,1
4996,51,1
4997,141,0
4998,51,0
4999,69,0
5000,77,1
5001,36,1
5002,41,0
5003,59,0
5004,27,1
5005,52,1
5006,64,0
5007,50,0
5008,29,1
5009,76,0
5010,28,0
5011,50,1
5012,48,0
5013,34,1
5014,128,1
5015,31,0
5016,38,0
5017,47,0
5018,42,1
5019,60,1
5020,70,0
5021,60,1
5022,65,0
5023,38,1
5024,64,1
5025,65,0
5026,84,0
5027,181,1
5028,68,1
5029,36,1
5030,86,1
5031,57,1
5032,39,1
5033,40,0
5034,44,1
5035,33,1
5036,74,1
5037,68,1
5038,64,0
5039,40,1
5040,99,0
5041,65,1
5042,34,1
5043,44,0
5044,67,0
5045,33,1
5046,45,0
5047,70,1
5048,89,0
5049,40,1
5050,35,0
5051,30,0
5052,55,1
5053,115,0
5054,34,0
5055,29,1
5056,148,1
5057,66,1
5058,65,0
5059,78,1
5060,98,0
5061,37,0
5062,60,0
5063,72,0
5064,62,0
5065,89,1
5066,94,1
5067,83,1
5068,61,1
5069,101,0
5070,47,0
5071,52,1
5072,37,0
5073,37,0
5074,32,1
5075,50,0
5076,27,0
5077,44,1
5078,48,1
5079,47,1
5080,33,1
5081,73,0
5082,95,0
5083,87,1
5084,58,0
5085,52,1
5086,41,1
5087,69,1
5088,55,1
5089,53,0
5090,35,0
5091,104,1
5092,134,0
5093,101,0
5094,63,0
5095,101,1
5096,81,0
5097,39,1
5098,40,1
5099,49,0
5100,74,1
5101,132,0
5102,29,1
5103,34,0
5104,20,1
5105,49,0
5106,43,0
5107,25,0
5108,47,0
5109,46,1
5110,127,1
5111,54,1
5112,35,0
5113,74,1
5114,134,0
5115,40,1
5116,110,0
5117,97,0
5118,68,0
5119,31,1
5120,48,1
5121,85,1
5122,41,0
5123,33,0
5124,51,0
5125,82,1
5126,49,0
5127,71,1
5128,80,1
5129,101,1
5130,75,1
5131,98,0
5132,80,1
5133,37,1
5134,32,1
5135,63,0
5136,106,1
5137,75,1
5138,93,0
5139,149,1
5140,139,1
5141,99,0
5142,15,0
5143,24,0
5144,200,0
5145,62,1
5146,68,1
5147,38,1
5148,39,0
5149,52,1
5150,35,1
5151,72,1
5152,36,0
5153,46,1
5154,65,0
5155,59,1
5156,101,0
5157,40,1
5158,64,0
5159,28,0
5160,63,0
5161,32,0
5162,68,0
5163,76,0
5164,53,0
5165,67,1
5166,76,0
5167,169,0
5168,63,0
5169,56,1
5170,60,1
5171,152,0
5172,67,1
5173,66,1
5174,165,1
5175,56,0
5176,42,0
5177,40,0
5178,60,0
5179,42,1
5180,70,1
5181,57,1
5182,65,1
5183,125,0
5184,96,0
5185,61,0
5186,52,0
5187,32,1
5188,116,1
5189,63,1
5190,113,0
5191,56,0
5192,78,0
5193,64,0
5194,34,1
5195,46,1
5196,31,0
5197,54,0
5198,64,1
5199,47,1
5200,40,1
5201,32,0
5202,51,1
5203,66,1
5204,59,0
5205,31,0
5206,43,0
5207,39,0
5208,43,0
5209,102,1
5210,67,0
5211,41,1
5212,48,0
5213,84,0
5214,52,0
5215,59,1
5216,30,1
5217,48,1
5218,38,1
5219,132,0
5220,32,1
5221,138,1
5222,64,1
5223,93,0
5224,45,0
5225,43,1
5226,46,1
5227,33,0
5228,40,1
5229,111,0
5230,77,1
5231,55,1
5232,152,1
5233,109,0
5234,89,1
5235,48,0
5236,88,1
5237,32,1
5238,33,1
5239,98,1
5240,18,0
5241,28,1
5242,61,1
5243,43,1
5244,97,1
5245,36,1
5246,76,0
5247,53,1
5248,51,1
5249,79,1
5250,48,0
5251,36,1
5252,87,1
5253,65,0
5254,62,1
5255,49,1
5256,87,1
5257,70,1
5258,122,0
5259,102,1
5260,105,0
5261,41,1
5262,49,0
5263,29,1
5264,40,0
5265,60,1
5266,71,0
5267,20,0
5268,119,0
5269,67,1
5270,74,0
5271,98,1
5272,30,0
5273,92,1
5274,29,1
5275,42,1
5276,23,1
5277,83,1
5278,47,0
5279,140,1
5280,52,0
5281,80,1
5282,76,0
5283,77,1
5284,76,0
5285,72,1
5286,71,0
5287,41,0
5288,63,1
5289,37,0
5290,34,1
5291,34,0
5292,138,1
5293,71,0
5294,72,1
5295,48,1
5296,35,1
5297,59,0
5298,64,0
5299,40,1
5300,136,1
5301,42,1
5302,43,1
5303,63,0
5304,115,1
5305,34,0
5306,81,1
5307,101,1
5308,30,0
5309,167,0
5310,72,0
5311,120,1
5312,41,1
5313,52,0
5314,60,1
5315,84,0
5316,27,0
5317,27,0
5318,83,0
5319,96,0
5320,46,0
5321,28,1
5322,36,1
5323,30,1
5324,43,0
5325,39,0
5326,24,1
5327,112,0
5328,147,0
5329,44,1
5330,54,1
5331,33,1
5332,109,0
5333,88,0
5334,75,1
5335,32,1
5336,64,1
5337,89,1
5338,76,1
5339,62,1
5340,61,1
5341,37,1
5342,64,0
5343,54,0
5344,101,1
5345,93,1
5346,30,0
5347,19,0
5348,63,0
5349,25,1
5350,37,0
5351,53,0
5352,51,1
5353,28,0
5354,22,0
5355,133,1
5356,76,1
5357,63,1
5358,47,0
5359,51,1
5360,46,1
5361,68,0
5362,96,1
5363,71,1
5364,39,0
5365,42,1
5366,27,0
5367,54,1
5368,17,0
5369,65,1
5370,36,1
5371,85,0
5372,59,1
5373,50,0
5374,142,1
5375,64,0
5376,95,1
5377,70,1
5378,74,0
5379,58,1
5380,99,0
5381,29,1
5382,66,0
5383,111,1
5384,44,0
5385,39,1
5386,76,1
5387,84,0
5388,28,1
5389,198,1
5390,74,1
5391,57,1
5392,31,0
5393,67,0
5394,95,0
5395,65,1
5396,50,0
5397,56,1
5398,41,1
5399,80,0
5400,153,0
5401,51,0
5402,11,0
5403,150,1
5404,55,1
5405,27,0
5406,105,1
5407,89,0
5408,138,0
5409,58,1
5410,51,1
5411,21,0
5412,87,1
5413,63,1
5414,48,0
5415,49,1
5416,57,1
5417,29,0
5418,18,0
5419,53,1
5420,41,0
5421,96,1
5422,93,0
5423,75,1
5424,94,0
5425,67,0
5426,65,1
5427,45,1
5428,87,1
5429,136,0
5430,63,0
5431,48,0
5432,100,1
5433,40,1
5434,46,0
5435,108,1
5436,98,0
5437,63,1
5438,89,0
5439,33,0
5440,35,0
5441,122,0
5442,51,0
5443,51,1
5444,95,0
5445,51,0
5446,115,1
5447,36,0
5448,149,0
5449,123,1
5450,44,1
5451,59,0
5452,44,1
5453,120,1
5454,105,1
5455,36,0
5456,52,1
5457,40,1
5458,60,1
5459,87,0
5460,63,1
5461,54,0
5462,56,0
5463,73,0
5464,37,0
5465,44,1
5466,88,0
5467,53,0
5468,61,1
5469,76,0
5470,124,1
5471,66,1
5472,42,0
5473,97,1
5474,149,1
5475,136,0
5476,95,0
5477,15,0
5478,85,0
5479,70,1
5480,51,0
5481,91,0
5482,42,1
5483,43,0
5484,31,0
5485,44,0
5486,134,1
5487,200,0
5488,44,1
5489,61,0
5490,94,0
5491,38,0
5492,88,0
5493,28,1
5494,47,1
5495,92,0
5496,110,0
5497,70,1
5498,53,1
5499,49,0
5500,60,0
5501,95,1
5502,73,1
5503,56,0
5504,47,1
5505,57,1
5506,92,1
5507,64,1
5508,78,1
5509,87,0
5510,136,0
5511,82,1
5512,34,0
5513,200,0
5514,86,0
5515,27,0
5516,39,1
5517,134,1
5518,115,1
5519,55,0
5520,136,1
5521,115,0
5522,47,0
5523,48,0
5524,84,0
5525,51,1
5526,33,1
5527,27,0
5528,63,0
5529,65,1
5530,89,1
5531,151,0
5532,70,1
5533,46,0
5534,25,1
5535,33,0
5536,145,1
5537,145,0
5538,57,1
5539,63,1
5540,24,1
5541,25,0
5542,83,1
5543,44,0
5544,60,0
5545,53,0
5546,73,1
5547,41,0
5548,119,1
5549,22,0
5550,80,0
5551,49,0
5552,66,1
5553,52,0
5554,106,1
5555,116,0
5556,67,1
5557,124,0
5558,56,1
5559,36,0
5560,47,0
5561,74,0
5562,59,1
5563,52,1
5564,58,1
5565,49,0
5566,88,0
5567,72,0
5568,103,0
5569,135,0
5570,50,0
5571,75,0
5572,124,0
5573,63,1
5574,57,1
5575,47,1
5576,48,0
5577,148,1
5578,108,1
5579,103,1
5580,42,1
5581,17,0
5582,85,0
5583,56,0
5584,22,1
5585,21,1
5586,34,1
5587,80,0
5588,16,0
5589,73,0
5590,72,0
5591,66,1
5592,48,1
5593,84,1
5594,73,1
5595,78,0
5596,35,1
5597,43,1
5598,51,0
5599,47,1
5600,47,1
5601,53,1
5602,46,0
5603,74,0
5604,85,1
5605,74,1
5606,53,0
5607,89,0
5608,52,0
5609,116,0
5610,56,1
5611,141,1
5612,74,1
5613,58,1
5614,18,0
5615,52,1
5616,104,0
5617,41,0
5618,28,1
5619,102,0
5620,84,0
5621,63,1
5622,43,1
5623,40,1
5624,34,0
5625,27,0
5626,71,0
5627,67,1
5628,31,0
5629,56,1
5630,92,1
5631,31,0
5632,39,1
5633,57,1
5634,16,0
5635,66,0
5636,64,0
5637,70,0
5638,44,0
5639,47,1
5640,48,1
5641,111,1
5642,27,0
5643,32,0
5644,67,1
5645,62,1
5646,55,0
5647,58,0
5648,89,1
5649,164,0
5650,38,1
5651,53,1
5652,56,1
5653,66,0
5654,120,1
5655,91,0
5656,92,1
5657,60,1
5658,58,0
5659,86,0
5660,95,0
5661,65,1
5662,88,0
5663,92,1
5664,82,0
5665,20,0
5666,62,1
5667,93,0
5668,52,0
5669,81,1
5670,61,0
5671,48,0
5672,77,0
5673,122,1
5674,32,0
5675,41,1
5676,100,1
5677,19,0
5678,75,0
5679,61,1
5680,75,1
5681,136,0
5682,74,1
5683,44,0
5684,53,1
5685,57,1
5686,76,0
5687,60,0
5688,189,0
5689,68,0
5690,33,1
5691,51,1
5692,101,1
5693,55,0
5694,46,0
5695,35,0
5696,119,0
5697,58,0
5698,67,0
5699,48,1
5700,45,1
5701,132,0
5702,49,0
5703,25,0
5704,93,0
5705,68,0
5706,53,1
5707,131,1
5708,59,0
5709,48,1
5710,40,0
5711,51,0
5712,104,1
5713,132,1
5714,99,1
5715,109,0
5716,58,1
5717,76,1
5718,129,0
5719,25,1
5720,25,1
5721,33,0
5722,39,0
5723,64,0
5724,128,1
5725,48,0
5726,34,0
5727,79,1
5728,103,1
5729,73,1
5730,28,0
5731,60,0
5732,111,1
5733,104,1
5734,59,1
5735,69,1
5736,59,0
5737,119,1
5738,30,1
5739,62,1
5740,86,1
5741,87,0
5742,120,1
5743,162,1
5744,116,0
5745,30,0
5746,36,1
5747,36,1
5748,55,0
5749,57,1
5750,29,1
5751,57,0
5752,37,1
5753,24,1
5754,40,0
5755,43,1
5756,18,0
5757,54,0
5758,56,1
5759,107,0
5760,30,1
5761,62,0
5762,50,0
5763,125,0
5764,93,1
5765,50,1
5766,58,0
5767,66,1
5768,57,1
5769,48,1
5770,92,0
5771,79,0
5772,73,1
5773,34,1
5774,40,0
5775,128,1
5776,49,1
5777,24,0
5778,35,0
5779,32,0
5780,44,0
5781,72,1
5782,81,1
5783,31,1
5784,171,1
5785,106,0
5786,68,1
5787,55,1
5788,180,0
5789,95,1
5790,31,1
5791,48,0
5792,53,0
5793,180,0
5794,40,1
5795,61,0
5796,76,1
5797,30,0
5798,128,1
5799,31,0
5800,81,1
5801,55,1
5802,64,0
5803,23,1
5804,159,0
5805,42,1
5806,52,1
5807,45,0
5808,42,1
5809,108,0
5810,80,0
5811,58,0
5812,81,1
5813,75,0
5814,48,0
5815,23,0
5816,52,0
5817,49,1
5818,57,0
5819,55,1
5820,31,0
5821,80,0
5822,68,0
5823,63,0
5824,47,1
5825,151,1
5826,66,1
5827,30,0
5828,74,0
5829,101,1
5830,126,1
5831,61,1
5832,105,0
5833,51,1
5834,47,1
5835,75,1
5836,147,0
5837,43,0
5838,90,1
5839,36,0
5840,106,0
5841,200,0
5842,69,1
5843,58,1
5844,98,1
5845,82,1
5846,63,0
5847,54,1
5848,53,1
5849,44,0
5850,42,1
5851,57,0
5852,83,0
5853,75,1
5854,63,0
5855,54,1
5856,84,1
5857,96,1
5858,40,1
5859,56,1
5860,36,1
5861,11,0
5862,27,0
5863,43,1
5864,31,1
5865,42,0
5866,20,0
5867,33,1
5868,77,1
5869,161,0
5870,51,1
5871,64,0
5872,86,1
5873,78,1
5874,74,0
5875,51,0
5876,100,1
5877,31,1
5878,79,0
5879,71,1
5880,133,0
5881,46,1
5882,200,0
5883,61,0
5884,78,0
5885,59,0
5886,31,0
5887,188,0
5888,167,1
5889,39,0
5890,117,0
5891,85,0
5892,72,0
5893,39,0
5894,26,1
5895,38,0
5896,113,0
5897,33,0
5898,40,1
5899,74,1
5900,85,1
5901,60,1
5902,34,0
5903,51,0
5904,40,0
5905,95,1
5906,81,1
5907,102,0
5908,182,0
5909,200,0
5910,41,0
5911,29,0
5912,71,1
5913,24,0
5914,39,1
5915,32,1
5916,55,0
5917,31,0
5918,72,0
5919,57,1
5920,40,0
5921,130,0
5922,73,1
5923,141,1
5924,91,1
5925,130,1
5926,44,0
5927,125,0
5928,61,0
5929,53,0
5930,67,0
5931,58,0
5932,104,1
5933,46,0
5934,43,0
5935,36,0
5936,114,0
5937,98,0
5938,26,1
5939,49,1
5940,66,0
5941,45,0
5942,49,1
5943,48,0
5944,71,0
5945,76,0
5946,30,1
5947,37,0
5948,147,0
5949,25,1
5950,40,1
5951,86,0
5952,23,0
5953,76,1
5954,84,1
5955,64,1
5956,39,0
5957,31,1
5958,69,0
5959,61,1
5960,67,0
5961,29,0
5962,42,1
5963,71,0
5964,58,0
5965,56,0
5966,53,1
5967,61,0
5968,42,0
5969,42,0
5970,64,0
5971,51,0
5972,52,0
5973,46,1
5974,50,1
5975,57,1
5976,40,1
5977,68,0
5978,143,0
5979,77,1
5980,97,1
5981,38,1
5982,60,1
5983,39,0
5984,33,1
5985,94,0
5986,87,1
5987,59,0
5988,41,1
5989,94,1
5990,155,0
5991,50,0
5992,31,1
5993,14,0
5994,82,0
5995,40,1
5996,38,0
5997,63,0
5998,72,1
5999,50,0
6000,65,0
6001,28,0
6002,39,1
6003,81,1
6004,52,0
6005,67,0
6006,61,1
6007,128,0
6008,92,0
6009,61,1
6010,34,0
6011,48,1
6012,59,0
6013,54,1
6014,118,1
6015,36,1
6016,22,0
6017,56,0
6018,50,0
6019,92,1
6020,38,1
6021,99,1
6022,44,0
6023,21,1
6024,37,0
6025,36,1
6026,70,1
6027,107,0
6028,20,0
6029,71,1
6030,45,1
6031,54,0
6032,22,0
6033,200,0
6034,36,0
6035,102,1
6036,51,1
6037,42,1
6038,22,0
6039,32,0
6040,63,1
6041,85,1
6042,127,1
6043,50,1
6044,125,1
6045,35,0
6046,32,0
6047,43,0
6048,77,0
6049,20,0
6050,85,1
6051,103,1
6052,34,1
6053,41,0
6054,91,1
6055,41,0
6056,73,0
6057,53,0
6058,51,1
6059,26,0
6060,62,1
6061,56,0
6062,47,0
6063,131,1
6064,46,0
6065,41,0
6066,40,1
6067,55,1
6068,47,1
6069,45,1
6070,28,1
6071,23,1
6072,80,0
6073,200,0
6074,76,0
6075,61,0
6076,39,1
6077,62,0
6078,35,1
6079,157,1
6080,151,0
6081,98,1
6082,94,1
6083,135,0
6084,34,1
6085,75,1
6086,95,0
6087,45,1
6088,64,0
6089,200,0
6090,89,1
6091,132,1
6092,75,1
6093,44,0
6094,48,1
6095,75,0
6096,66,0
6097,26,0
6098,27,0
6099,49,0
6100,36,0
6101,88,1
6102,50,1
6103,57,1
6104,56,1
6105,26,0
6106,17,0
6107,65,0
6108,96,1
6109,189,0
6110,111,1
6111,45,1
6112,71,1
6113,34,0
6114,81,1
6115,12,0
6116,107,1
6117,26,1
6118,61,0
6119,94,0
6120,18,0
6121,38,1
6122,89,1
6123,65,0
6124,35,0
6125,39,0
6126,36,1
6127,131,1
6128,82,0
6129,19,0
6130,128,1
6131,75,0
6132,59,1
6133,65,1
6134,77,0
6135,60,1
6136,69,1
6137,56,1
6138,102,1
6139,41,1
6140,25,0
6141,28,1
6142,104,1
6143,53,0
6144,41,0
6145,31,1
6146,101,1
6147,82,1
6148,35,0
6149,26,0
6150,29,1
6151,51,1
6152,82,0
6153,146,1
6154,173,0
6155,49,0
6156,40,1
6157,27,1
6158,22,0
6159,50,1
6160,116,0
6161,78,1
6162,24,0
6163,44,0
6164,35,0
6165,53,1
6166,32,1
6167,39,0
6168,40,1
6169,69,1
6170,85,1
6171,117,1
6172,70,1
6173,26,0
6174,77,0
6175,114,1
6176,50,1
6177,69,1
6178,62,1
6179,41,0
6180,90,1
6181,34,0
6182,112,0
6183,78,1
6184,42,0
6185,27,0
6186,134,0
6187,81,1
6188,42,0
6189,44,0
6190,77,1
6191,55,0
6192,61,0
6193,29,1
6194,161,1
6195,52,1
6196,23,0
6197,167,0
6198,46,1
6199,33,0
6200,30,0
6201,23,0
6202,90,1
6203,80,1
6204,194,0
6205,61,1
6206,100,1
6207,102,0
6208,136,1
6209,54,1
6210,49,1
6211,45,1
6212,100,1
6213,60,0
6214,40,0
6215,41,1
6216,33,1
6217,50,0
6218,74,0
6219,66,1
6220,45,0
6221,91,0
6222,85,0
6223,200,0
6224,32,0
6225,91,0
6226,128,1
6227,137,0
6228,38,0
6229,53,1
6230,141,1
6231,85,0
6232,129,1
6233,31,0
6234,38,1
6235,43,0
6236,200,0
6237,125,1
6238,61,1
6239,151,0
6240,48,0
6241,71,0
6242,127,1
6243,79,1
6244,143,1
6245,80,0
6246,109,1
6247,91,1
6248,74,1
6249,34,0
6250,67,0
6251,62,1
6252,39,1
6253,29,1
6254,71,0
6255,44,1
6256,31,0
6257,43,1
6258,53,1
6259,104,1
6260,29,0
6261,30,1
6262,88,0
6263,37,1
6264,111,1
6265,48,0
6266,68,1
6267,43,1
6268,21,1
6269,117,1
6270,26,0
6271,54,1
6272,72,1
6273,78,0
6274,36,0
6275,69,0
6276,85,0
6277,26,0
6278,49,0
6279,30,0
6280,152,0
6281,43,0
6282,96,0
6283,130,1
6284,62,1
6285,51,0
6286,64,1
6287,46,0
6288,37,1
6289,31,1
6290,175,0
6291,63,1
6292,38,1
6293,157,1
6294,82,1
6295,82,0
6296,32,0
6297,200,0
6298,44,0
6299,32,1
6300,74,1
6301,81,1
6302,40,0
6303,122,0
6304,34,0
6305,52,0
6306,57,1
6307,129,0
6308,88,0
6309,61,0
6310,37,1
6311,59,1
6312,34,0
6313,47,0
6314,49,1
6315,121,1
6316,170,1
6317,65,1
6318,39,0
6319,110,0
6320,40,0
6321,30,0
6322,33,1
6323,36,0
6324,57,0
6325,49,0
6326,40,1
6327,67,0
6328,46,1
6329,34,0
6330,77,0
6331,12,0
6332,37,0
6333,81,0
6334,108,0
6335,95,0
6336,97,0
6337,73,1
6338,96,1
6339,45,1
6340,33,1
6341,62,1
6342,71,0
6343,94,0
6344,46,1
6345,88,1
6346,128,1
6347,124,1
6348,44,0
6349,69,1
6350,38,1
6351,28,0
6352,51,1
6353,34,1
6354,36,1
6355,92,1
6356,39,0
6357,39,0
6358,20,0
6359,35,0
6360,87,0
6361,132,1
6362,32,0
6363,84,1
6364,28,1
6365,54,0
6366,81,1
6367,80,1
6368,91,1
6369,23,0
6370,56,1
6371,51,1
6372,42,1
6373,31,0
6374,88,0
6375,47,1
6376,82,1
6377,51,0
6378,27,0
6379,49,1
6380,62,0
6381,51,0
6382,66,1
6383,119,1
6384,89,1
6385,68,0
6386,30,0
6387,86,0
6388,144,1
6389,100,0
6390,98,1
6391,45,0
6392,86,1
6393,28,1
6394,67,0
6395,20,1
6396,72,0
6397,69,1
6398,43,1
6399,53,1
6400,114,0
6401,58,1
6402,52,1
6403,55,0
6404,41,1
6405,65,1
6406,13,0
6407,37,1
6408,71,1
6409,149,1
6410,16,0
6411,32,0
6412,50,0
6413,79,1
6414,34,0
6415,128,0
6416,69,1
6417,23,1
6418,51,0
6419,62,1
6420,115,0
6421,43,0
6422,91,1
6423,35,1
6424,68,1
6425,89,0
6426,99,0
6427,95,0
6428,91,0
6429,154,0
6430,26,0
6431,68,0
6432,37,0
6433,100,1
6434,42,0
6435,35,0
6436,28,0
6437,62,0
6438,57,0
6439,89,0
6440,52,1
6441,82,1
6442,95,1
6443,34,1
6444,133,0
6445,66,1
6446,132,0
6447,61,0
6448,50,1
6449,29,0
6450,65,1
6451,37,0
6452,56,1
6453,55,1
6454,95,1
6455,62,1
6456,122,1
6457,89,1
6458,66,0
6459,85,1
6460,70,0
6461,69,1
6462,64,0
6463,200,0
6464,38,1
6465,73,0
6466,40,1
6467,50,1
6468,148,1
6469,49,1
6470,50,1
6471,84,0
6472,68,0
6473,39,0
6474,61,1
6475,32,1
6476,104,1
6477,40,0
6478,93,1
6479,71,1
6480,65,1
6481,78,0
6482,49,1
6483,42,1
6484,38,0
6485,109,1
6486,56,1
6487,36,0
6488,45,1
6489,40,1
6490,26,0
6491,33,0
6492,39,1
6493,47,1
6494,32,1
6495,90,1
6496,55,0
6497,59,0
6498,163,0
6499,52,1
6500,57,1
6501,29,1
6502,31,0
6503,68,1
6504,49,1
6505,50,1
6506,117,0
6507,70,1
6508,67,0
6509,41,0
6510,96,0
6511,99,1
6512,44,0
6513,62,0
6514,78,0
6515,69,0
6516,53,1
6517,80,1
6518,43,0
6519,21,0
6520,59,0
6521,97,1
6522,25,0
6523,37,1
6524,87,1
6525,63,0
6526,68,0
6527,51,1
6528,68,1
6529,39,0
6530,71,1
6531,75,1
6532,62,0
6533,103,1
6534,68,1
6535,119,0
6536,65,0
6537,88,1
6538,55,0
6539,49,1
6540,31,0
6541,152,0
6542,63,1
6543,101,1
6544,154,1
6545,50,1
6546,122,0
6547,44,0
6548,87,0
6549,52,0
6550,168,1
6551,29,1
6552,56,1
6553,46,0
6554,92,1
6555,60,0
6556,76,0
6557,33,0
6558,100,1
6559,102,1
6560,60,1
6561,42,0
6562,35,0
6563,31,1
6564,109,1
6565,45,1
6566,65,0
6567,53,0
6568,44,1
6569,172,0
6570,89,0
6571,52,0
6572,78,1
6573,47,1
6574,85,0
6575,68,0
6576,86,1
6577,62,1
6578,40,1
6579,28,0
6580,87,1
6581,162,1
6582,68,0
6583,69,1
6584,73,1
6585,64,1
6586,127,1
6587,46,0
6588,50,1
6589,71,1
6590,31,1
6591,60,1
6592,54,1
6593,114,0
6594,22,0
6595,140,1
6596,82,0
6597,58,0
6598,92,0
6599,122,0
6600,75,1
6601,38,1
6602,48,0
6603,34,0
6604,22,0
6605,93,0
6606,86,0
6607,162,0
6608,20,0
6609,143,1
6610,48,1
6611,186,1
6612,32,1
6613,78,1
6614,40,1
6615,46,1
6616,95,1
6617,30,1
6618,65,1
6619,32,1
6620,25,1
6621,79,1
6622,56,0
6623,44,0
6624,69,1
6625,86,1
6626,60,0
6627,36,1
6628,15,0
6629,60,1
6630,54,0
6631,29,1
6632,104,1
6633,117,0
6634,47,0
6635,89,0
6636,62,0
6637,39,1
6638,50,1
6639,33,0
6640,73,1
6641,52,1
6642,29,1
6643,23,0
6644,34,0
6645,57,0
6646,58,1
6647,64,0
6648,101,0
6649,33,1
6650,58,1
6651,57,0
6652,85,0
6653,108,0
6654,28,1
6655,76,1
6656,30,1
6657,87,1
6658,41,0
6659,39,0
6660,54,1
6661,46,0
6662,98,1
6663,39,0
6664,73,1
6665,108,1
6666,53,1
6667,41,1
6668,123,0
6669,56,0
6670,38,0
6671,54,1
6672,116,0
6673,70,1
6674,43,0
6675,58,0
6676,59,1
6677,72,0
6678,63,1
6679,65,1
6680,49,1
6681,46,0
6682,53,0
6683,70,1
6684,177,1
6685,67,0
6686,100,0
6687,200,0
6688,36,1
6689,62,1
6690,88,0
6691,65,0
6692,141,1
6693,134,1
6694,170,1
6695,119,1
6696,34,1
6697,39,1
6698,44,0
6699,29,0
6700,97,1
6701,76,0
6702,86,0
6703,42,0
6704,93,1
6705,48,1
6706,97,0
6707,98,0
6708,138,1
6709,60,1
6710,52,1
6711,37,0
6712,84,1
6713,42,0
6714,19,0
6715,45,0
6716,33,0
6717,95,1
6718,32,1
6719,38,0
6720,36,1
6721,42,1
6722,36,1
6723,49,1
6724,28,0
6725,68,1
6726,38,0
6727,63,0
6728,46,0
6729,63,1
6730,30,1
6731,125,1
6732,56,1
6733,41,1
6734,26,0
6735,41,0
6736,193,0
6737,43,1
6738,75,0
6739,75,1
6740,94,1
6741,29,1
6742,26,1
6743,50,0
6744,157,1
6745,31,0
6746,46,0
6747,96,1
6748,29,1
6749,15,0
6750,68,1
6751,45,1
6752,56,1
6753,45,0
6754,70,0
6755,55,0
6756,58,1
6757,182,0
6758,115,0
6759,114,0
6760,120,1
6761,161,1
6762,34,1
6763,69,1
6764,108,0
6765,46,0
6766,18,0
6767,26,1
6768,140,1
6769,34,1
6770,50,1
6771,92,0
6772,53,1
6773,157,0
6774,44,1
6775,70,1
6776,42,1
6777,79,0
6778,37,1
6779,58,1
6780,55,1
6781,98,0
6782,47,1
6783,62,0
6784,100,0
6785,81,1
6786,29,0
6787,139,1
6788,51,0
6789,46,0
6790,30,0
6791,59,0
6792,137,0
6793,62,0
6794,41,0
6795,46,1
6796,50,1
6797,23,0
6798,57,1
6799,40,1
6800,55,1
6801,111,0
6802,80,0
6803,24,0
6804,183,1
6805,56,0
6806,45,0
6807,31,0
6808,41,0
6809,118,1
6810,26,0
6811,39,0
6812,55,1
6813,47,1
6814,18,0
6815,156,0
6816,67,0
6817,63,0
6818,51,1
6819,51,1
6820,60,1
6821,56,0
6822,71,1
6823,42,1
6824,135,0
6825,49,0
6826,96,0
6827,50,0
6828,42,1
6829,130,0
6830,85,1
6831,21,0
6832,82,1
6833,31,1
6834,65,1
6835,51,1
6836,55,0
6837,34,1
6838,49,0
6839,18,0
6840,49,0
6841,47,1
6842,62,0
6843,23,0
6844,55,0
6845,59,0
6846,38,1
6847,88,0
6848,57,0
6849,46,1
6850,68,1
6851,88,1
6852,66,1
6853,122,1
6854,66,0
6855,37,0
6856,109,0
6857,49,0
6858,61,1
6859,74,1
6860,44,1
6861,110,1
6862,50,1
6863,26,0
6864,76,0
6865,66,0
6866,105,1
6867,47,1
6868,58,1
6869,35,0
6870,44,0
6871,90,1
6872,66,0
6873,42,1
6874,46,1
6875,61,0
6876,36,0
6877,35,1
6878,76,0
6879,59,0
6880,32,0
6881,38,1
6882,83,0
6883,31,0
6884,14,0
6885,37,1
6886,69,1
6887,38,1
6888,49,1
6889,32,0
6890,40,1
6891,31,0
6892,47,1
6893,200,0
6894,53,0
6895,38,1
6896,156,1
6897,69,0
6898,57,1
6899,117,0
6900,35,1
6901,147,0
6902,199,1
6903,76,0
6904,20,1
6905,92,0
6906,153,0
6907,42,0
6908,36,0
6909,47,1
6910,47,0
6911,112,0
6912,45,1
6913,43,1
6914,44,1
6915,53,1
6916,123,0
6917,189,1
6918,54,1
6919,47,1
6920,75,1
6921,88,1
6922,83,1
6923,47,1
6924,18,0
6925,72,1
6926,57,1
6927,20,0
6928,39,0
6929,94,0
6930,70,1
6931,46,0
6932,79,1
6933,41,0
6934,44,0
6935,40,0
6936,69,1
6937,42,1
6938,127,0
6939,51,1
6940,86,1
6941,60,1
6942,95,0
6943,41,0
6944,27,1
6945,62,1
6946,68,1
6947,108,0
6948,38,0
6949,38,1
6950,57,0
6951,33,0
6952,180,1
6953,40,1
6954,115,1
6955,43,1
6956,61,1
6957,109,1
6958,72,1
6959,74,1
6960,82,1
6961,39,0
6962,63,0
6963,106,1
6964,33,0
6965,150,0
6966,47,0
6967,65,0
6968,17,0
6969,39,1
6970,151,1
6971,59,0
6972,30,1
6973,77,1
6974,41,1
6975,165,0
6976,69,0
6977,93,1
6978,19,0
6979,102,1
6980,41,1
6981,103,0
6982,39,1
6983,76,0
6984,47,0
6985,72,0
6986,96,1
6987,88,0
6988,142,1
6989,141,1
6990,59,1
6991,42,1
6992,74,1
6993,113,0
6994,182,1
6995,117,1
6996,49,1
6997,70,1
6998,76,1
6999,33,1
7000,57,0
7001,66,0
7002,47,1
7003,82,0
7004,26,0
7005,20,0
7006,50,1
7007,53,1
7008,20,0
7009,82,1
7010,69,0
7011,62,1
7012,54,0
7013,97,0
7014,20,0
7015,39,0
7016,93,0
7017,42,0
7018,51,0
7019,67,1
7020,143,0
7021,72,0
7022,35,1
7023,111,1
7024,20,0
7025,19,0
7026,42,0
7027,96,1
7028,77,1
7029,51,1
7030,50,0
7031,39,0
7032,44,1
7033,89,0
7034,52,1
7035,39,1
7036,49,1
7037,90,0
7038,49,1
7039,120,1
7040,27,1
7041,36,0
7042,80,1
7043,65,0
7044,38,1
7045,57,0
7046,26,1
7047,53,0
7048,41,1
7049,26,0
7050,30,0
7051,53,0
7052,32,1
7053,139,1
7054,44,1
7055,61,1
7056,43,1
7057,62,0
7058,31,1
7059,83,1
7060,32,1
7061,20,0
7062,68,1
7063,44,0
7064,54,0
7065,43,0
7066,131,1
7067,47,0
7068,46,0
7069,44,0
7070,41,1
7071,64,1
7072,111,0
7073,57,0
7074,32,0
7075,163,1
7076,35,0
7077,53,1
7078,29,0
7079,85,0
7080,33,0
7081,57,1
7082,35,1
7083,45,1
7084,39,0
7085,38,1
7086,69,1
7087,56,0
7088,39,1
7089,48,1
7090,72,0
7091,171,1
7092,45,0
7093,129,0
7094,29,0
7095,28,1
7096,49,0
7097,33,1
7098,16,0
7099,126,1
7100,42,0
7101,26,1
7102,34,1
7103,14,0
7104,55,1
7105,106,0
7106,85,0
7107,53,1
7108,74,1
7109,47,0
7110,17,1
7111,38,1
7112,31,0
7113,66,1
7114,19,0
7115,65,1
7116,17,0
7117,29,0
7118,63,1
7119,30,0
7120,35,1
7121,87,1
7122,77,1
7123,41,0
7124,51,1
7125,63,0
7126,86,1
7127,68,0
7128,77,1
7129,43,1
7130,68,0
7131,46,0
7132,129,1
7133,109,0
7134,34,1
7135,61,1
7136,86,1
7137,46,0
7138,76,0
7139,45,1
7140,165,0
7141,70,1
7142,55,0
7143,52,1
7144,68,1
7145,52,0
7146,18,0
7147,79,0
7148,52,0
7149,36,1
7150,67,1
7151,40,1
7152,48,1
7153,19,1
7154,47,0
7155,53,0
7156,46,0
7157,55,0
7158,87,1
7159,42,1
7160,43,1
7161,41,1
7162,46,1
7163,95,0
7164,42,0
7165,65,0
7166,125,1
7167,54,0
7168,27,0
7169,38,0
7170,14,0
7171,48,0
7172,47,1
7173,37,0
7174,110,0
7175,64,1
7176,51,1
7177,34,1
7178,102,1
7179,56,1
7180,74,0
7181,39,1
7182,200,0
7183,159,0
7184,64,0
7185,123,0
7186,175,1
7187,48,0
7188,23,0
7189,65,0
7190,46,0
7191,92,1
7192,52,1
7193,66,1
7194,34,0
7195,82,0
7196,111,0
7197,22,0
7198,51,0
7199,67,1
7200,100,1
7201,80,1
7202,121,0
7203,68,1
7204,38,1
7205,55,0
7206,45,1
7207,86,1
7208,95,1
7209,61,1
7210,117,0
7211,61,0
7212,77,0
7213,56,1
7214,123,0
7215,30,0
7216,25,1
7217,29,0
7218,53,0
7219,115,0
7220,40,1
7221,79,1
7222,27,0
7223,84,0
7224,47,1
7225,131,1
7226,200,0
7227,51,1
7228,61,1
7229,48,1
7230,24,0
7231,93,1
7232,39,0
7233,60,0
7234,49,1
7235,84,1
7236,51,1
7237,43,1
7238,76,0
7239,65,0
7240,102,0
7241,118,0
7242,24,0
7243,134,0
7244,102,1
7245,98,0
7246,197,0
7247,65,0
7248,85,1
7249,68,1
7250,73,1
7251,40,0
7252,38,1
7253,62,1
7254,80,0
7255,77,0
7256,78,1
7257,13,0
7258,56,0
7259,48,1
7260,64,1
7261,110,0
7262,21,0
7263,172,1
7264,66,0
7265,48,1
7266,51,1
7267,137,0
7268,88,1
7269,60,1
7270,92,0
7271,101,0
7272,33,1
7273,82,0
7274,47,1
7275,24,1
7276,50,0
7277,57,1
7278,56,1
7279,62,0
7280,58,0
7281,186,0
7282,65,0
7283,32,0
7284,78,0
7285,33,1
7286,67,1
7287,85,1
7288,123,1
7289,46,1
7290,62,0
7291,87,0
7292,29,1
7293,27,0
7294,58,1
7295,49,0
7296,167,1
7297,139,1
7298,42,1
7299,169,1
7300,46,0
7301,114,0
7302,41,1
7303,134,0
7304,99,1
7305,60,0
7306,75,1
7307,28,0
7308,38,1
7309,65,1
7310,40,1
7311,36,1
7312,52,1
7313,35,1
7314,45,1
7315,89,0
7316,93,1
7317,63,1
7318,71,0
7319,88,0
7320,84,1
7321,69,0
7322,146,0
7323,81,1
7324,78,0
7325,67,0
7326,103,1
7327,54,0
7328,12,0
7329,52,1
7330,50,0
7331,116,0
7332,54,0
7333,92,1
7334,51,1
7335,14,0
7336,121,0
7337,166,1
7338,42,0
7339,76,0
7340,52,1
7341,50,0
7342,88,0
7343,31,0
7344,80,1
7345,17,0
7346,57,1
7347,59,0
7348,98,0
7349,65,1
7350,88,1
7351,84,1
7352,99,1
7353,39,1
7354,83,0
7355,111,1
7356,60,0
7357,36,0
7358,57,1
7359,57,1
7360,115,1
7361,42,1
7362,138,1
7363,59,1
7364,107,1
7365,34,0
7366,35,1
7367,66,0
7368,69,0
7369,60,0
7370,19,0
7371,70,0
7372,29,1
7373,109,0
7374,34,0
7375,103,1
7376,102,0
7377,154,0
7378,91,0
7379,90,0
7380,37,1
7381,101,0
7382,60,1
7383,66,0
7384,51,0
7385,41,0
7386,66,1
7387,45,0
7388,28,1
7389,54,0
7390,82,1
7391,83,1
7392,56,1
7393,48,0
7394,127,1
7395,92,0
7396,57,1
7397,116,1
7398,69,0
7399,24,0
7400,55,1
7401,46,0
7402,28,1
7403,78,0
7404,41,1
7405,41,1
7406,90,0
7407,95,1
7408,35,1
7409,73,1
7410,34,0
7411,38,0
7412,66,1
7413,121,1
7414,46,1
7415,33,0
7416,40,0
7417,40,1
7418,37,1
7419,21,0
7420,43,0
7421,12,0
7422,39,1
7423,128,1
7424,41,1
7425,47,1
7426,31,0
7427,42,0
7428,53,1
7429,55,0
7430,37,1
7431,39,1
7432,86,0
7433,39,1
7434,176,1
7435,26,0
7436,56,1
7437,45,1
7438,164,1
7439,46,1
7440,48,1
7441,61,1
7442,88,0
7443,45,1
7444,149,0
7445,200,0
7446,76,1
7447,104,1
7448,50,0
7449,24,0
7450,59,1
7451,158,1
7452,54,1
7453,118,0
7454,94,0
7455,51,1
7456,92,1
7457,24,0
7458,77,0
7459,81,1
7460,76,0
7461,36,0
7462,83,0
7463,33,1
7464,48,1
7465,110,1
7466,67,1
7467,109,1
7468,75,1
7469,84,1
7470,50,0
7471,33,0
7472,36,1
7473,11,0
7474,70,1
7475,85,1
7476,57,1
7477,42,1
7478,31,0
7479,24,1
7480,73,1
7481,63,0
7482,74,0
7483,181,1
7484,64,0
7485,104,0
7486,40,1
7487,56,1
7488,82,1
7489,141,0
7490,54,1
7491,54,0
7492,69,0
7493,72,1
7494,62,1
7495,33,0
7496,41,0
7497,75,0
7498,47,0
7499,121,0
7500,130,0
7501,55,0
7502,76,0
7503,77,1
7504,23,1
7505,82,0
7506,32,1
7507,93,0
7508,27,0
7509,85,1
7510,108,0
7511,71,1
7512,27,1
7513,37,1
7514,28,0
7515,30,0
7516,35,0
7517,59,0
7518,44,0
7519,114,0
7520,56,0
7521,84,1
7522,76,0
7523,36,0
7524,76,1
7525,77,1
7526,70,0
7527,52,1
7528,45,1
7529,124,0
7530,125,0
7531,48,0
7532,38,1
7533,61,0
7534,71,1
7535,76,0
7536,23,1
7537,71,0
7538,80,0
7539,32,0
7540,50,1
7541,78,0
7542,62,0
7543,13,0
7544,153,1
7545,60,1
7546,120,1
7547,13,0
7548,124,0
7549,38,0
7550,42,1
7551,62,0
7552,43,0
7553,50,1
7554,40,1
7555,63,0
7556,79,1
7557,33,0
7558,75,1
7559,140,1
7560,56,0
7561,55,0
7562,83,0
7563,56,0
7564,71,1
7565,52,0
7566,56,0
7567,44,1
7568,114,0
7569,161,1
7570,36,0
7571,88,1
7572,42,0
7573,18,1
7574,51,1
7575,52,1
7576,71,1
7577,57,0
7578,135,1
7579,24,0
7580,70,1
7581,113,0
7582,47,1
7583,53,1
7584,106,0
7585,58,1
7586,130,1
7587,25,0
7588,63,0
7589,62,0
7590,33,0
7591,46,1
7592,62,1
7593,51,1
7594,198,0
7595,66,1
7596,62,0
7597,68,1
7598,66,1
7599,12,0
7600,54,1
7601,125,0
7602,148,1
7603,53,1
7604,52,0
7605,41,1
7606,57,0
7607,83,0
7608,124,1
7609,60,1
7610,38,0
7611,130,1
7612,47,0
7613,31,0
7614,56,1
7615,45,0
7616,73,0
7617,46,0
7618,51,0
7619,63,0
7620,54,0
7621,101,1
7622,75,0
7623,75,0
7624,61,0
7625,43,1
7626,89,0
7627,49,1
7628,65,0
7629,61,0
7630,28,0
7631,47,0
7632,61,1
7633,88,1
7634,22,0
7635,114,0
7636,44,0
7637,91,1
7638,58,1
7639,44,0
7640,70,0
7641,44,1
7642,22,1
7643,40,1
7644,47,1
7645,38,0
7646,122,0
7647,153,0
7648,81,1
7649,60,1
7650,101,0
7651,28,0
7652,42,0
7653,41,1
7654,68,1
7655,68,0
7656,16,0
7657,35,0
7658,18,0
7659,81,1
7660,84,0
7661,64,1
7662,59,1
7663,50,1
7664,41,1
7665,46,0
7666,60,0
7667,24,0
7668,54,0
7669,39,0
7670,58,1
7671,64,0
7672,115,1
7673,58,1
7674,33,0
7675,38,1
7676,46,0
7677,44,0
7678,36,1
7679,108,0
7680,42,1
7681,60,1
7682,157,1
7683,46,1
7684,82,0
7685,32,0
7686,58,1
7687,81,0
7688,49,1
7689,34,0
7690,109,0
7691,33,1
7692,64,0
7693,57,0
7694,15,0
7695,114,0
7696,57,1
7697,135,1
7698,65,1
7699,66,0
7700,72,1
7701,116,1
7702,65,1
7703,54,1
7704,38,1
7705,73,0
7706,45,1
7707,82,0
7708,38,0
7709,37,0
7710,94,0
7711,69,1
7712,145,1
7713,26,0
7714,129,1
7715,52,0
7716,30,0
7717,75,1
7718,77,1
7719,69,0
7720,93,0
7721,82,1
7722,94,1
7723,62,1
7724,41,1
7725,63,1
7726,63,0
7727,124,1
7728,54,1
7729,88,1
7730,50,1
7731,142,1
7732,20,0
7733,106,1
7734,79,0
7735,64,1
7736,36,1
7737,47,0
7738,87,1
7739,57,1
7740,77,0
7741,39,0
7742,71,0
7743,48,0
7744,42,0
7745,62,0
7746,44,1
7747,183,0
7748,70,0
7749,70,1
7750,26,1
7751,31,0
7752,25,1
7753,35,1
7754,100,1
7755,60,1
7756,34,0
7757,33,1
7758,35,1
7759,70,1
7760,37,1
7761,35,1
7762,26,1
7763,98,0
7764,45,0
7765,44,1
7766,47,1
7767,44,0
7768,98,0
7769,109,1
7770,70,1
7771,64,1
7772,82,0
7773,70,0
7774,114,1
7775,65,0
7776,80,1
7777,66,0
7778,82,0
7779,102,0
7780,32,1
7781,77,1
7782,36,1
7783,38,1
7784,144,0
7785,74,0
7786,70,1
7787,80,0
7788,99,1
7789,62,0
7790,94,1
7791,77,1
7792,90,1
7793,47,0
7794,81,1
7795,50,1
7796,54,0
7797,65,0
7798,55,1
7799,66,1
7800,34,1
7801,16,0
7802,43,1
7803,33,0
7804,62,1
7805,26,1
7806,200,0
7807,110,0
7808,75,1
7809,42,0
7810,90,0
7811,58,1
7812,77,1
7813,42,0
7814,31,0
7815,74,1
7816,69,1
7817,117,0
7818,60,1
7819,73,0
7820,115,1
7821,142,1
7822,22,0
7823,95,1
7824,84,0
7825,19,0
7826,35,1
7827,84,0
7828,47,1
7829,49,0
7830,34,1
7831,81,1
7832,131,0
7833,36,0
7834,33,0
7835,45,0
7836,24,0
7837,23,0
7838,52,1
7839,33,1
7840,39,0
7841,74,1
7842,50,1
7843,43,0
7844,96,1
7845,73,0
7846,103,0
7847,166,1
7848,96,0
7849,47,1
7850,172,1
7851,32,1
7852,116,0
7853,157,0
7854,57,0
7855,63,0
7856,44,0
7857,45,0
7858,86,0
7859,31,0
7860,79,1
7861,42,0
7862,31,0
7863,89,1
7864,54,1
7865,79,0
7866,52,1
7867,36,0
7868,137,1
7869,60,0
7870,38,0
7871,69,1
7872,28,1
7873,53,1
7874,78,0
7875,28,1
7876,71,1
7877,85,1
7878,54,1
7879,45,0
7880,46,1
7881,36,0
7882,65,1
7883,36,1
7884,148,1
7885,31,0
7886,30,1
7887,68,0
7888,71,0
7889,44,0
7890,80,0
7891,54,0
7892,67,1
7893,114,1
7894,65,0
7895,85,1
7896,63,1
7897,58,0
7898,45,0
7899,200,0
7900,148,0
7901,35,1
7902,55,1
7903,88,0
7904,21,0
7905,43,1
7906,83,1
7907,39,1
7908,61,0
7909,43,1
7910,78,1
7911,83,0
7912,42,1
7913,33,1
7914,82,1
7915,200,0
7916,41,0
7917,66,1
7918,48,1
7919,52,0
7920,36,0
7921,42,1
7922,43,0
7923,26,0
7924,24,1
7925,75,0
7926,55,0
7927,87,0
7928,70,1
7929,63,0
7930,52,0
7931,27,0
7932,73,1
7933,61,1
7934,87,1
7935,73,1
7936,99,0
7937,89,1
7938,51,1
7939,84,0
7940,70,1
7941,74,1
7942,111,0
7943,146,1
7944,62,1
7945,48,1
7946,71,1
7947,84,1
7948,59,0
7949,59,1
7950,65,1
7951,50,1
7952,95,0
7953,63,1
7954,38,1
7955,51,0
7956,58,1
7957,114,0
7958,67,0
7959,89,0
7960,67,1
7961,130,0
7962,84,0
7963,60,1
7964,18,0
7965,164,1
7966,41,0
7967,168,0
7968,43,1
7969,156,0
7970,42,0
7971,45,0
7972,91,0
7973,75,1
7974,144,1
7975,175,1
7976,89,1
7977,55,1
7978,47,1
7979,24,1
7980,50,1
7981,79,1
7982,111,1
7983,27,0
7984,42,0
7985,21,0
7986,95,1
7987,21,0
7988,102,0
7989,91,1
7990,130,1
7991,142,0
7992,37,0
7993,27,1
7994,34,1
7995,79,0
7996,72,0
7997,60,1
7998,44,1
7999,41,1
8000,45,1
8001,72,0
8002,30,0
8003,23,0
8004,132,1
8005,22,0
8006,55,1
8007,34,0
8008,37,1
8009,106,0
8010,67,0
8011,63,1
8012,164,1
8013,49,0
8014,20,0
8015,62,1
8016,34,1
8017,63,1
8018,92,1
8019,65,0
8020,27,1
8021,68,0
8022,30,0
8023,46,0
8024,60,1
8025,147,0
8026,69,1
8027,29,0
8028,55,0
8029,113,1
8030,92,1
8031,102,1
8032,66,0
8033,10,0
8034,61,1
8035,34,0
8036,86,0
8037,105,0
8038,77,1
8039,97,0
8040,38,1
8041,79,1
8042,44,0
8043,66,1
8044,98,1
8045,56,1
8046,51,0
8047,29,0
8048,48,0
8049,155,0
8050,161,1
8051,138,0
8052,200,0
8053,51,1
8054,115,0
8055,77,0
8056,88,0
8057,67,0
8058,73,0
8059,77,0
8060,58,1
8061,81,1
8062,96,0
8063,74,1
8064,80,0
8065,39,1
8066,97,0
8067,71,1
8068,53,1
8069,40,0
8070,85,0
8071,47,1
8072,52,1
8073,75,0
8074,57,1
8075,30,1
8076,120,1
8077,40,1
8078,48,1
8079,115,0
8080,65,0
8081,69,0
8082,60,1
8083,57,0
8084,113,0
8085,67,1
8086,63,1
8087,69,1
8088,57,1
8089,30,0
8090,55,1
8091,40,1
8092,85,0
8093,70,1
8094,71,0
8095,36,0
8096,54,1
8097,54,1
8098,51,1
8099,41,1
8100,92,1
8101,77,0
8102,30,1
8103,114,0
8104,67,1
8105,59,0
8106,29,1
8107,53,1
8108,104,0
8109,124,0
8110,30,0
8111,53,0
8112,80,1
8113,120,0
8114,29,1
8115,81,1
8116,45,1
8117,41,0
8118,70,1
8119,122,0
8120,62,1
8121,46,1
8122,26,1
8123,75,0
8124,104,1
8125,44,1
8126,45,0
8127,88,1
8128,49,0
8129,60,0
8130,47,1
8131,53,1
8132,79,1
8133,79,1
8134,157,1
8135,42,1
8136,167,1
8137,64,1
8138,58,1
8139,43,1
8140,51,1
8141,76,1
8142,45,0
8143,60,0
8144,52,1
8145,54,1
8146,60,0
8147,85,1
8148,132,1
8149,34,0
8150,26,1
8151,40,1
8152,114,0
8153,47,1
8154,40,1
8155,68,0
8156,65,1
8157,50,1
8158,58,0
8159,87,0
8160,61,0
8161,12,0
8162,80,1
8163,81,0
8164,48,0
8165,41,0
8166,43,1
8167,113,0
8168,44,1
8169,39,1
8170,78,0
8171,62,1
8172,45,0
8173,9,0
8174,80,1
8175,59,0
8176,52,1
8177,54,1
8178,58,1
8179,72,0
8180,51,0
8181,57,0
8182,56,0
8183,34,1
8184,82,1
8185,30,0
8186,83,0
8187,127,1
8188,32,1
8189,42,1
8190,51,0
8191,68,1
8192,179,0
8193,65,0
8194,47,0
8195,67,0
8196,57,1
8197,30,0
8198,79,1
8199,47,0
8200,60,1
8201,103,1
8202,61,1
8203,154,1
8204,73,0
8205,45,1
8206,147,0
8207,66,1
8208,60,1
8209,67,1
8210,63,0
8211,91,1
8212,27,0
8213,56,0
8214,104,1
8215,58,1
8216,45,0
8217,23,1
8218,103,1
8219,53,0
8220,39,0
8221,72,1
8222,48,1
8223,114,1
8224,40,0
8225,25,0
8226,132,0
8227,47,1
8228,71,0
8229,66,1
8230,53,1
8231,30,1
8232,38,0
8233,102,0
8234,93,0
8235,67,0
8236,60,1
8237,186,1
8238,37,0
8239,44,0
8240,36,1
8241,48,1
8242,27,1
8243,55,0
8244,80,1
8245,57,1
8246,137,0
8247,45,0
8248,70,1
8249,63,0
8250,59,1
8251,50,0
8252,48,1
8253,82,1
8254,23,1
8255,72,1
8256,123,0
8257,33,1
8258,36,1
8259,12,0
8260,101,0
8261,123,1
8262,69,0
8263,94,1
8264,77,0
8265,38,0
8266,40,0
8267,30,0
8268,36,1
8269,36,0
8270,53,1
8271,130,1
8272,99,1
8273,31,1
8274,27,0
8275,45,0
8276,36,0
8277,47,1
8278,176,1
8279,49,1
8280,50,1
8281,90,1
8282,51,1
8283,29,1
8284,72,1
8285,64,1
8286,146,0
8287,43,0
8288,44,1
8289,26,1
8290,53,1
8291,70,0
8292,47,1
8293,46,1
8294,77,1
8295,127,1
8296,56,0
8297,36,1
8298,58,0
8299,61,1
8300,43,1
8301,67,1
8302,57,0
8303,41,1
8304,39,1
8305,111,1
8306,55,0
8307,49,1
8308,46,0
8309,71,0
8310,77,0
8311,58,1
8312,30,0
8313,52,1
8314,82,1
8315,30,0
8316,23,1
8317,36,0
8318,78,1
8319,68,0
8320,35,1
8321,74,0
8322,48,1
8323,118,0
8324,170,0
8325,50,1
8326,40,1
8327,73,0
8328,79,0
8329,92,1
8330,52,0
8331,50,0
8332,19,0
8333,67,1
8334,71,0
8335,64,0
8336,86,0
8337,21,0
8338,157,1
8339,54,0
8340,31,0
8341,76,1
8342,45,1
8343,40,0
8344,47,1
8345,55,1
8346,132,0
8347,49,1
8348,32,1
8349,35,1
8350,35,1
8351,74,0
8352,47,0
8353,39,1
8354,39,0
8355,27,0
8356,41,1
8357,60,0
8358,130,1
8359,38,1
8360,43,0
8361,77,1
8362,173,1
8363,26,1
8364,36,1
8365,71,1
8366,197,0
8367,79,1
8368,47,1
8369,110,0
8370,31,0
8371,16,1
8372,200,0
8373,83,1
8374,108,1
8375,29,1
8376,39,1
8377,70,1
8378,43,1
8379,89,1
8380,31,0
8381,30,0
8382,61,0
8383,37,1
8384,44,1
8385,45,0
8386,54,0
8387,200,0
8388,84,1
8389,27,0
8390,23,0
8391,49,1
8392,63,1
8393,59,1
8394,66,0
8395,30,0
8396,119,1
8397,47,0
8398,137,1
8399,124,1
8400,49,1
8401,60,0
8402,39,0
8403,43,1
8404,105,0
8405,85,1
8406,45,1
8407,51,1
8408,46,1
8409,24,0
8410,34,1
8411,73,0
8412,31,1
8413,37,0
8414,91,1
8415,84,1
8416,106,0
8417,46,0
8418,42,1
8419,78,0
8420,71,0
8421,58,0
8422,27,0
8423,66,0
8424,32,1
8425,91,1
8426,65,0
8427,58,1
8428,45,1
8429,188,0
8430,44,0
8431,25,0
8432,61,0
8433,65,1
8434,96,0
8435,48,1
8436,37,0
8437,34,1
8438,16,0
8439,99,1
8440,43,1
8441,70,1
8442,31,1
8443,32,1
8444,51,0
8445,89,0
8446,89,1
8447,52,0
8448,61,1
8449,122,0
8450,44,1
8451,170,0
8452,33,0
8453,31,0
8454,47,0
8455,92,0
8456,71,0
8457,49,1
8458,112,1
8459,40,0
8460,89,0
8461,65,1
8462,45,0
8463,140,0
8464,100,0
8465,98,1
8466,25,1
8467,120,0
8468,38,0
8469,117,1
8470,120,1
8471,77,0
8472,131,1
8473,54,0
8474,91,0
8475,12,0
8476,80,0
8477,41,0
8478,77,0
8479,92,1
8480,29,0
8481,27,0
8482,48,0
8483,27,0
8484,93,0
8485,65,0
8486,67,1
8487,59,0
8488,123,0
8489,122,1
8490,75,0
8491,131,1
8492,29,0
8493,186,0
8494,149,0
8495,20,1
8496,68,0
8497,78,0
8498,68,1
8499,29,1
8500,55,0
8501,47,1
8502,122,1
8503,55,1
8504,52,0
8505,59,1
8506,21,0
8507,138,1
8508,35,1
8509,77,0
8510,33,0
8511,33,1
8512,34,0
8513,83,1
8514,101,0
8515,44,0
8516,31,0
8517,58,1
8518,62,1
8519,68,0
8520,64,1
8521,28,0
8522,13,0
8523,76,0
8524,33,0
8525,106,1
8526,52,0
8527,41,1
8528,85,1
8529,28,0
8530,50,1
8531,80,0
8532,50,1
8533,79,0
8534,31,1
8535,32,1
8536,57,1
8537,52,0
8538,94,1
8539,36,1
8540,119,0
8541,78,0
8542,83,1
8543,37,1
8544,142,1
8545,75,0
8546,83,1
8547,63,1
8548,70,1
8549,52,1
8550,46,0
8551,69,0
8552,82,0
8553,71,0
8554,44,1
8555,136,1
8556,42,1
8557,52,0
8558,64,1
8559,59,0
8560,139,0
8561,78,1
8562,42,0
8563,54,1
8564,82,0
8565,66,0
8566,68,1
8567,103,1
8568,200,0
8569,42,1
8570,53,1
8571,60,1
8572,27,1
8573,41,1
8574,53,1
8575,47,0
8576,107,1
8577,184,1
8578,30,1
8579,30,1
8580,88,1
8581,31,1
8582,64,1
8583,26,0
8584,58,1
8585,49,0
8586,30,1
8587,97,0
8588,48,1
8589,57,0
8590,123,1
8591,64,1
8592,91,0
8593,88,1
8594,78,0
8595,61,1
8596,51,1
8597,41,1
8598,46,1
8599,102,1
8600,52,1
8601,31,0
8602,30,1
8603,41,1
8604,72,0
8605,68,1
8606,40,0
8607,55,1
8608,47,1
8609,51,0
8610,72,1
8611,98,1
8612,45,0
8613,55,1
8614,29,0
8615,86,1
8616,121,1
8617,36,1
8618,58,0
8619,109,1
8620,39,1
8621,39,1
8622,34,0
8623,65,0
8624,99,1
8625,37,1
8626,147,0
8627,25,0
8628,60,1
8629,68,1
8630,37,1
8631,50,1
8632,45,1
8633,36,1
8634,119,1
8635,25,0
8636,24,1
8637,27,1
8638,49,0
8639,33,0
8640,140,0
8641,83,1
8642,36,1
8643,62,0
8644,68,0
8645,33,1
8646,71,1
8647,27,1
8648,32,0
8649,49,1
8650,80,0
8651,31,1
8652,61,0
8653,39,1
8654,54,1
8655,53,1
8656,48,0
8657,72,1
8658,86,0
8659,62,0
8660,32,1
8661,50,0
8662,121,0
8663,108,1
8664,85,1
8665,35,1
8666,40,1
8667,200,0
8668,96,0
8669,123,0
8670,40,0
8671,74,1
8672,22,0
8673,65,1
8674,25,1
8675,162,1
8676,47,0
8677,59,1
8678,88,1
8679,50,0
8680,132,0
8681,132,0
8682,34,1
8683,154,1
8684,67,0
8685,92,1
8686,54,0
8687,107,1
8688,24,0
8689,58,1
8690,136,0
8691,53,0
8692,120,0
8693,46,0
8694,51,1
8695,80,1
8696,200,0
8697,32,0
8698,54,0
8699,33,0
8700,38,1
8701,51,0
8702,200,0
8703,99,1
8704,89,0
8705,32,1
8706,48,1
8707,71,1
8708,37,0
8709,32,0
8710,67,1
8711,63,0
8712,30,0
8713,103,1
8714,79,1
8715,55,1
8716,167,0
8717,46,1
8718,19,0
8719,111,1
8720,33,1
8721,102,0
8722,140,1
8723,50,1
8724,41,0
8725,64,1
8726,177,0
8727,32,0
8728,48,1
8729,67,0
8730,57,0
8731,36,1
8732,38,0
8733,68,0
8734,34,1
8735,57,0
8736,49,0
8737,72,1
8738,63,1
8739,86,1
8740,30,0
8741,55,0
8742,51,1
8743,34,0
8744,15,1
8745,133,1
8746,42,1
8747,145,1
8748,145,1
8749,137,1
8750,82,0
8751,93,0
8752,39,1
8753,54,1
8754,47,0
8755,79,1
8756,96,0
8757,48,0
8758,141,0
8759,54,0
8760,80,1
8761,57,1
8762,91,0
8763,84,1
8764,106,1
8765,35,0
8766,36,0
8767,19,0
8768,85,1
8769,49,0
8770,159,0
8771,46,1
8772,110,1
8773,55,1
8774,41,1
8775,93,1
8776,114,1
8777,41,1
8778,121,0
8779,66,0
8780,57,0
8781,44,0
8782,72,0
8783,70,1
8784,32,1
8785,64,0
8786,138,1
8787,76,1
8788,126,1
8789,34,1
8790,131,1
8791,37,1
8792,46,1
8793,66,1
8794,27,0
8795,38,1
8796,77,1
8797,59,1
8798,63,1
8799,100,1
8800,42,1
8801,68,0
8802,46,0
8803,33,1
8804,31,0
8805,22,0
8806,62,0
8807,53,0
8808,48,1
8809,53,1
8810,97,1
8811,47,0
8812,151,0
8813,53,0
8814,31,0
8815,96,1
8816,43,0
8817,78,1
8818,200,0
8819,76,1
8820,38,1
8821,35,1
8822,15,0
8823,18,0
8824,61,1
8825,100,0
8826,65,1
8827,92,0
8828,68,0
8829,43,1
8830,57,0
8831,74,0
8832,88,0
8833,51,1
8834,97,1
8835,52,1
8836,144,0
8837,77,0
8838,32,0
8839,119,0
8840,93,1
8841,22,0
8842,67,1
8843,70,0
8844,33,1
8845,76,1
8846,37,1
8847,46,0
8848,34,1
8849,27,0
8850,51,1
8851,41,0
8852,84,0
8853,69,1
8854,85,1
8855,148,0
8856,80,1
8857,90,0
8858,30,1
8859,33,1
8860,58,1
8861,84,1
8862,117,1
8863,25,0
8864,71,1
8865,42,1
8866,82,0
8867,58,0
8868,65,0
8869,53,1
8870,29,1
8871,101,0
8872,57,1
8873,50,1
8874,96,0
8875,63,1
8876,68,1
8877,124,0
8878,40,0
8879,60,0
8880,73,0
8881,49,1
8882,75,1
8883,55,1
8884,136,1
8885,66,1
8886,58,0
8887,72,1
8888,35,1
8889,53,1
8890,45,0
8891,52,1
8892,28,1
8893,55,1
8894,30,0
8895,73,0
8896,29,0
8897,98,1
8898,92,0
8899,45,1
8900,22,0
8901,40,1
8902,52,0
8903,68,1
8904,55,1
8905,50,0
8906,46,0
8907,81,0
8908,41,0
8909,54,0
8910,126,1
8911,43,0
8912,34,1
8913,44,0
8914,36,0
8915,58,0
8916,162,0
8917,49,1
8918,74,1
8919,197,0
8920,52,1
8921,48,1
8922,105,1
8923,82,0
8924,131,1
8925,48,1
8926,50,1
8927,38,1
8928,145,1
8929,55,1
8930,28,1
8931,35,0
8932,70,1
8933,136,0
8934,89,0
8935,54,0
8936,70,0
8937,101,0
8938,51,1
8939,64,1
8940,53,1
8941,33,0
8942,50,0
8943,35,0
8944,68,0
8945,74,1
8946,70,1
8947,51,1
8948,43,0
8949,51,0
8950,52,0
8951,125,0
8952,39,1
8953,104,1
8954,53,1
8955,38,0
8956,69,1
8957,181,0
8958,104,1
8959,90,1
8960,118,1
8961,96,1
8962,64,1
8963,39,0
8964,89,1
8965,31,0
8966,87,1
8967,31,1
8968,39,1
8969,101,1
8970,89,0
8971,80,0
8972,22,0
8973,119,1
8974,75,0
8975,51,1
8976,71,1
8977,55,1
8978,48,1
8979,59,1
8980,42,0
8981,79,1
8982,16,0
8983,69,0
8984,49,1
8985,50,1
8986,42,1
8987,90,1
8988,41,0
8989,46,0
8990,42,1
8991,93,0
8992,16,0
8993,46,1
8994,57,0
8995,51,1
8996,150,1
8997,46,1
8998,55,0
8999,30,1
9000,85,0
9001,74,1
9002,60,1
9003,50,1
9004,58,0
9005,36,1
9006,71,1
9007,125,0
9008,70,1
9009,84,1
9010,76,0
9011,28,0
9012,58,0
9013,87,0
9014,70,1
9015,126,0
9016,48,0
9017,200,0
9018,53,0
9019,132,1
9020,29,0
9021,78,0
9022,44,0
9023,84,0
9024,55,1
9025,52,1
9026,32,1
9027,44,1
9028,66,1
9029,90,1
9030,140,0
9031,40,0
9032,42,0
9033,42,0
9034,42,1
9035,88,0
9036,50,1
9037,45,1
9038,54,0
9039,49,1
9040,63,0
9041,40,1
9042,78,1
9043,29,0
9044,147,1
9045,83,1
9046,79,0
9047,38,1
9048,42,1
9049,46,1
9050,148,1
9051,200,0
9052,44,1
9053,32,1
9054,81,1
9055,62,1
9056,12,0
9057,71,1
9058,130,1
9059,139,1
9060,31,1
9061,51,1
9062,36,1
9063,41,1
9064,62,1
9065,83,0
9066,140,1
9067,24,0
9068,62,1
9069,51,0
9070,21,0
9071,63,1
9072,106,0
9073,24,0
9074,50,1
9075,45,1
9076,200,0
9077,51,1
9078,71,0
9079,40,1
9080,200,0
9081,42,1
9082,39,1
9083,20,0
9084,60,1
9085,79,1
9086,44,1
9087,73,1
9088,47,1
9089,72,0
9090,69,1
9091,29,1
9092,71,1
9093,36,0
9094,53,1
9095,77,0
9096,59,0
9097,35,0
9098,84,0
9099,69,0
9100,56,0
9101,51,1
9102,44,0
9103,67,0
9104,41,0
9105,48,1
9106,78,1
9107,36,1
9108,58,0
9109,33,0
9110,58,0
9111,167,0
9112,22,0
9113,66,0
9114,63,1
9115,11,0
9116,39,0
9117,68,0
9118,30,0
9119,91,0
9120,131,1
9121,48,0
9122,97,1
9123,68,0
9124,43,0
9125,82,1
9126,95,1
9127,41,1
9128,66,1
9129,30,0
9130,50,0
9131,61,0
9132,20,0
9133,128,1
9134,175,1
9135,64,1
9136,66,1
9137,70,1
9138,42,1
9139,58,0
9140,77,0
9141,23,0
9142,46,1
9143,49,0
9144,75,0
9145,97,0
9146,43,0
9147,56,1
9148,97,0
9149,62,0
9150,40,1
9151,59,0
9152,99,0
9153,50,1
9154,66,0
9155,55,1
9156,111,1
9157,38,0
9158,53,0
9159,64,0
9160,58,0
9161,67,0
9162,31,1
9163,91,1
9164,30,0
9165,54,1
9166,72,1
9167,64,1
9168,43,1
9169,18,0
9170,114,1
9171,64,1
9172,177,0
9173,89,1
9174,15,0
9175,80,0
9176,98,1
9177,24,0
9178,116,0
9179,73,1
9180,58,1
9181,132,0
9182,60,1
9183,57,0
9184,90,1
9185,70,1
9186,66,0
9187,69,0
9188,61,1
9189,39,0
9190,55,0
9191,54,1
9192,58,0
9193,91,1
9194,75,1
9195,46,0
9196,60,0
9197,37,0
9198,31,0
9199,59,1
9200,30,0
9201,40,1
9202,55,1
9203,65,0
9204,38,0
9205,199,1
9206,74,1
9207,39,1
9208,41,0
9209,72,1
9210,85,1
9211,49,1
9212,16,0
9213,84,0
9214,49,1
9215,127,0
9216,132,0
9217,76,1
9218,63,1
9219,30,1
9220,69,1
9221,43,0
9222,119,1
9223,61,1
9224,148,0
9225,46,1
9226,48,0
9227,48,1
9228,63,1
9229,49,0
9230,105,1
9231,60,1
9232,67,0
9233,36,1
9234,45,0
9235,45,0
9236,90,1
9237,94,1
9238,45,1
9239,61,1
9240,88,0
9241,42,0
9242,55,1
9243,63,0
9244,25,1
9245,45,0
9246,60,0
9247,65,1
9248,70,0
9249,72,0
9250,84,1
9251,78,0
9252,92,1
9253,32,1
9254,102,1
9255,97,0
9256,39,0
9257,139,1
9258,49,1
9259,29,0
9260,96,0
9261,33,0
9262,153,0
9263,70,0
9264,37,0
9265,52,0
9266,78,1
9267,66,1
9268,54,1
9269,63,0
9270,125,0
9271,25,1
9272,29,1
9273,42,0
9274,98,0
9275,159,0
9276,57,0
9277,23,0
9278,26,0
9279,51,0
9280,86,0
9281,21,0
9282,108,1
9283,38,1
9284,20,0
9285,67,0
9286,69,1
9287,106,1
9288,87,0
9289,32,0
9290,42,0
9291,80,1
9292,42,0
9293,56,1
9294,40,0
9295,48,0
9296,59,0
9297,56,1
9298,63,0
9299,141,1
9300,58,1
9301,38,1
9302,76,0
9303,85,1
9304,110,1
9305,87,1
9306,29,1
9307,23,1
9308,28,0
9309,37,1
9310,47,1
9311,56,1
9312,30,1
9313,57,1
9314,140,1
9315,85,1
9316,122,1
9317,45,0
9318,74,0
9319,87,1
9320,38,1
9321,54,0
9322,58,0
9323,52,1
9324,98,0
9325,36,0
9326,65,0
9327,58,0
9328,150,1
9329,126,0
9330,57,0
9331,65,1
9332,82,1
9333,53,0
9334,37,0
9335,82,0
9336,49,1
9337,48,1
9338,134,1
9339,77,0
9340,25,0
9341,36,0
9342,33,0
9343,17,0
9344,118,1
9345,79,1
9346,65,1
9347,63,0
9348,120,0
9349,63,1
9350,69,1
9351,23,0
9352,49,0
9353,117,0
9354,108,1
9355,34,1
9356,24,0
9357,28,0
9358,108,0
9359,50,1
9360,71,1
9361,132,1
9362,61,0
9363,44,1
9364,38,1
9365,59,1
9366,32,1
9367,43,0
9368,101,0
9369,47,1
9370,39,1
9371,65,1
9372,58,1
9373,38,0
9374,41,1
9375,67,1
9376,27,1
9377,35,1
9378,82,1
9379,121,0
9380,97,0
9381,55,1
9382,43,1
9383,94,1
9384,55,0
9385,59,0
9386,114,1
9387,115,0
9388,60,0
9389,38,1
9390,120,0
9391,66,1
9392,65,1
9393,66,0
9394,57,1
9395,92,1
9396,109,0
9397,63,0
9398,49,0
9399,112,0
9400,81,1
9401,54,1
9402,54,0
9403,71,0
9404,44,0
9405,28,1
9406,42,1
9407,98,0
9408,135,0
9409,28,1
9410,51,1
9411,64,0
9412,85,0
9413,36,0
9414,43,1
9415,52,1
9416,31,1
9417,62,1
9418,57,0
9419,64,1
9420,57,1
9421,24,1
9422,137,1
9423,60,1
9424,59,0
9425,51,1
9426,138,0
9427,46,0
9428,36,1
9429,84,1
9430,112,0
9431,52,0
9432,18,0
9433,58,0
9434,84,0
9435,96,1
9436,34,1
9437,58,1
9438,32,1
9439,63,0
9440,92,1
9441,68,1
9442,59,0
9443,136,1
9444,58,1
9445,58,1
9446,93,0
9447,64,0
9448,52,0
9449,46,0
9450,55,1
9451,46,0
9452,28,0
9453,69,0
9454,72,0
9455,15,0
9456,64,1
9457,39,1
9458,72,1
9459,30,1
9460,36,0
9461,15,0
9462,88,1
9463,81,1
9464,39,0
9465,100,1
9466,71,0
9467,61,1
9468,68,1
9469,45,0
9470,43,1
9471,53,0
9472,127,0
9473,46,0
9474,37,0
9475,178,1
9476,72,1
9477,36,1
9478,46,0
9479,61,1
9480,38,1
9481,32,0
9482,43,0
9483,104,0
9484,53,0
9485,42,0
9486,129,1
9487,137,1
9488,52,1
9489,43,0
9490,56,0
9491,179,0
9492,75,1
9493,25,0
9494,41,1
9495,69,0
9496,76,1
9497,77,0
9498,39,1
9499,86,0
9500,30,1
9501,73,0
9502,53,1
9503,119,1
9504,37,1
9505,31,0
9506,52,1
9507,66,1
9508,50,1
9509,33,0
9510,99,1
9511,79,1
9512,19,0
9513,35,1
9514,58,1
9515,65,1
9516,87,1
9517,37,1
9518,66,1
9519,36,1
9520,146,0
9521,23,0
9522,44,0
9523,52,1
9524,51,0
9525,99,0
9526,33,0
9527,47,0
9528,42,0
9529,60,0
9530,89,0
9531,69,0
9532,99,0
9533,163,0
9534,57,1
9535,62,1
9536,71,1
9537,46,1
9538,59,0
9539,27,1
9540,81,0
9541,56,0
9542,36,0
9543,53,0
9544,60,0
9545,72,1
9546,73,1
9547,60,0
9548,74,1
9549,98,0
9550,45,0
9551,65,1
9552,52,1
9553,59,0
9554,48,0
9555,71,0
9556,28,0
9557,113,1
9558,74,1
9559,52,0
9560,80,1
9561,97,1
9562,51,1
9563,97,1
9564,54,0
9565,102,1
9566,56,1
9567,55,1
9568,52,0
9569,66,0
9570,190,0
9571,47,1
9572,90,0
9573,26,0
9574,60,1
9575,37,0
9576,34,1
9577,91,1
9578,47,0
9579,52,1
9580,105,1
9581,27,1
9582,48,0
9583,120,1
9584,45,1
9585,29,1
9586,57,1
9587,102,0
9588,57,1
9589,45,1
9590,22,0
9591,41,1
9592,113,0
9593,73,1
9594,68,1
9595,54,0
9596,45,0
9597,51,0
9598,76,1
9599,61,1
9600,29,0
9601,112,1
9602,80,1
9603,112,1
9604,117,1
9605,121,0
9606,84,1
9607,69,1
9608,63,0
9609,31,0
9610,35,0
9611,44,0
9612,36,0
9613,71,1
9614,33,0
9615,41,1
9616,81,1
9617,51,1
9618,102,1
9619,38,1
9620,82,1
9621,63,0
9622,47,0
9623,44,1
9624,59,0
9625,51,1
9626,55,0
9627,54,0
9628,114,0
9629,34,0
9630,44,0
9631,70,1
9632,44,0
9633,49,0
9634,72,0
9635,41,1
9636,42,0
9637,29,1
9638,41,1
9639,111,0
9640,75,0
9641,67,1
9642,79,1
9643,43,1
9644,177,1
9645,165,1
9646,89,1
9647,78,1
9648,35,1
9649,31,1
9650,49,1
9651,139,1
9652,83,1
9653,87,0
9654,148,1
9655,54,1
9656,53,0
9657,93,0
9658,82,1
9659,37,1
9660,41,0
9661,57,1
9662,20,0
9663,37,1
9664,134,0
9665,105,0
9666,27,1
9667,60,0
9668,21,0
9669,60,0
9670,56,1
9671,65,1
9672,47,0
9673,32,1
9674,69,1
9675,34,1
9676,179,1
9677,30,1
9678,37,1
9679,198,1
9680,72,0
9681,54,1
9682,89,0
9683,39,1
9684,44,1
9685,117,0
9686,43,0
9687,35,1
9688,58,1
9689,91,1
9690,129,1
9691,32,0
9692,57,1
9693,74,1
9694,83,1
9695,59,0
9696,32,0
9697,104,1
9698,45,1
9699,36,1
9700,27,1
9701,118,1
9702,157,0
9703,33,1
9704,34,0
9705,47,1
9706,43,0
9707,121,0
9708,38,0
9709,87,0
9710,63,1
9711,75,1
9712,86,1
9713,105,1
9714,140,0
9715,30,0
9716,132,0
9717,54,1
9718,47,0
9719,111,0
9720,93,0
9721,54,0
9722,91,1
9723,36,1
9724,31,1
9725,45,0
9726,88,0
9727,55,1
9728,71,1
9729,81,1
9730,70,0
9731,94,1
9732,83,1
9733,51,0
9734,69,0
9735,51,0
9736,82,0
9737,35,0
9738,59,1
9739,28,1
9740,58,1
9741,27,1
9742,45,1
9743,50,0
9744,134,0
9745,85,0
9746,44,0
9747,29,0
9748,82,0
9749,93,1
9750,45,1
9751,65,0
9752,41,0
9753,39,0
9754,99,1
9755,154,0
9756,45,0
9757,36,1
9758,33,1
9759,87,0
9760,18,0
9761,65,0
9762,65,0
9763,58,1
9764,64,1
9765,37,1
9766,94,1
9767,86,1
9768,36,1
9769,75,1
9770,113,1
9771,80,1
9772,46,0
9773,32,0
9774,75,0
9775,101,0
9776,140,0
9777,126,0
9778,34,0
9779,44,0
9780,172,1
9781,89,1
9782,53,0
9783,82,1
9784,84,0
9785,103,1
9786,74,1
9787,66,1
9788,19,0
9789,141,0
9790,93,0
9791,37,1
9792,35,1
9793,30,0
9794,53,1
9795,22,0
9796,76,0
9797,44,0
9798,132,1
9799,27,1
9800,33,0
9801,48,0
9802,35,1
9803,68,0
9804,55,1
9805,31,0
9806,54,1
9807,47,1
9808,92,0
9809,84,0
9810,110,0
9811,192,0
9812,21,1
9813,52,1
9814,91,1
9815,62,1
9816,47,0
9817,45,0
9818,57,1
9819,52,1
9820,72,0
9821,33,0
9822,31,1
9823,93,0
9824,40,0
9825,65,0
9826,96,1
9827,60,0
9828,121,1
9829,50,0
9830,44,0
9831,46,0
9832,64,0
9833,44,1
9834,67,1
9835,103,1
9836,111,1
9837,200,0
9838,59,0
9839,84,0
9840,50,0
9841,30,0
9842,59,1
9843,35,0
9844,28,1
9845,65,0
9846,53,1
9847,71,1
9848,26,0
9849,72,1
9850,57,0
9851,80,1
9852,51,0
9853,69,1
9854,49,0
9855,29,1
9856,75,1
9857,47,0
9858,46,0
9859,20,0
9860,42,1
9861,200,0
9862,40,1
9863,63,0
9864,73,0
9865,70,0
9866,48,0
9867,34,1
9868,58,1
9869,50,0
9870,81,1
9871,56,0
9872,110,1
9873,65,1
9874,128,0
9875,59,0
9876,38,0
9877,62,0
9878,52,0
9879,63,1
9880,38,0
9881,182,1
9882,44,0
9883,43,1
9884,73,0
9885,50,0
9886,60,1
9887,74,1
9888,55,1
9889,43,1
9890,29,1
9891,79,0
9892,67,0
9893,83,0
9894,19,1
9895,37,0
9896,172,0
9897,44,1
9898,75,1
9899,113,0
9900,129,1
9901,49,1
9902,37,1
9903,36,1
9904,86,0
9905,65,0
9906,30,0
9907,40,1
9908,51,1
9909,52,0
9910,48,0
9911,112,1
9912,50,1
9913,60,0
9914,91,1
9915,67,1
9916,62,1
9917,99,1
9918,73,0
9919,46,1
9920,200,0
9921,45,1
9922,35,0
9923,70,0
9924,36,1
9925,23,0
9926,31,1
9927,58,0
9928,32,1
9929,47,1
9930,9,0
9931,84,1
9932,83,1
9933,124,0
9934,85,1
9935,58,0
9936,33,1
9937,48,0
9938,44,1
9939,55,0
9940,67,1
9941,31,0
9942,84,0
9943,55,1
9944,35,1
9945,42,1
9946,42,0
9947,134,0
9948,67,0
9949,30,1
9950,86,0
9951,48,0
9952,62,0
9953,83,0
9954,62,0
9955,33,0
9956,39,1
9957,42,1
9958,156,1
9959,54,0
9960,73,1
9961,80,1
9962,64,0
9963,58,1
9964,56,0
9965,37,1
9966,40,1
9967,104,1
9968,36,1
9969,48,0
9970,30,0
9971,66,1
9972,62,0
9973,48,1
9974,56,1
9975,111,1
9976,64,1
9977,111,0
9978,107,1
9979,28,0
9980,51,0
9981,78,1
9982,40,1
9983,180,1
9984,28,1
9985,70,1
9986,13,0
9987,51,1
9988,23,0
9989,61,1
9990,45,1
9991,62,1
9992,33,0
9993,115,0
9994,71,1
9995,103,1
9996,65,0
9997,47,1
9998,78,0
9999,60,1
