episode,steps,reward
0,47,0
1,39,0
2,17,0
3,52,0
4,9,0
5,22,0
6,28,0
7,7,0
8,13,0
9,29,0
10,11,0
11,29,0
12,20,0
13,22,0
14,27,0
15,66,0
16,16,0
17,27,0
18,10,0
19,29,0
20,57,0
21,38,0
22,73,0
23,11,0
24,18,0
25,5,0
26,13,0
27,58,0
28,25,0
29,38,0
30,9,0
31,5,0
32,27,0
33,47,0
34,21,0
35,14,0
36,10,0
37,5,0
38,23,0
39,67,0
40,43,0
41,22,0
42,60,0
43,7,0
44,24,0
45,40,0
46,18,0
47,29,0
48,42,0
49,66,0
50,33,0
51,19,0
52,10,0
53,20,0
54,33,1
55,14,0
56,74,0
57,33,0
58,88,0
59,73,0
60,45,0
61,200,0
62,115,0
63,105,0
64,166,0
65,99,0
66,105,0
67,108,0
68,38,0
69,193,1
70,21,0
71,88,0
72,97,0
73,63,0
74,43,0
75,83,0
76,123,0
77,67,0
78,185,0
79,173,0
80,88,0
81,41,0
82,145,0
83,63,0
84,194,1
85,75,0
86,64,0
87,159,1
88,49,0
89,107,0
90,200,0
91,99,0
92,200,0
93,85,0
94,45,0
95,27,0
96,87,0
97,55,0
98,47,1
99,18,0
100,53,1
101,95,1
102,183,1
103,80,0
104,122,1
105,103,0
106,200,0
107,90,1
108,39,0
109,75,0
110,146,1
111,22,0
112,105,1
113,104,0
114,27,1
115,98,1
116,75,0
117,200,0
118,92,1
119,105,1
120,175,0
121,13,0
122,39,1
123,105,1
124,135,0
125,75,1
126,200,0
127,200,0
128,136,1
129,38,0
130,41,1
131,93,1
132,60,0
133,121,1
134,88,1
135,152,1
136,162,1
137,141,1
138,144,0
139,200,0
140,200,0
141,195,1
142,116,0
143,120,1
144,152,1
145,53,1
146,105,1
147,130,1
148,188,1
149,129,0
150,200,0
151,200,0
152,185,1
153,18,0
154,122,1
155,187,0
156,63,0
157,72,0
158,78,1
159,111,1
160,99,1
161,200,0
162,200,0
163,200,0
164,30,0
165,160,1
166,80,1
167,142,1
168,121,1
169,85,1
170,103,1
171,15,0
172,87,1
173,153,1
174,147,1
175,64,1
176,66,1
177,72,0
178,200,0
179,86,1
180,174,0
181,45,0
182,81,1
183,180,1
184,200,0
185,97,1
186,162,1
187,164,1
188,107,0
189,200,0
190,200,0
191,129,0
192,37,0
193,200,0
194,145,1
195,100,1
196,106,1
197,49,1
198,82,1
199,151,1
200,154,1
201,133,1
202,200,0
203,200,0
204,78,0
205,101,0
206,192,0
207,200,0
208,125,1
209,94,1
210,117,1
211,118,1
212,71,0
213,53,1
214,120,1
215,148,1
216,182,1
217,77,1
218,164,1
219,172,1
220,198,1
221,96,0
222,85,1
223,30,0
224,100,1
225,41,0
226,138,1
227,200,0
228,98,1
229,200,0
230,39,0
231,200,0
232,152,1
233,111,0
234,60,0
235,74,1
236,63,0
237,119,1
238,99,1
239,67,0
240,200,0
241,103,1
242,115,1
243,102,1
244,143,1
245,112,1
246,104,1
247,23,0
248,79,1
249,74,1
250,115,1
251,200,0
252,200,0
253,200,0
254,39,0
255,200,0
256,200,0
257,130,1
258,63,1
259,60,0
260,115,1
261,56,1
262,56,1
263,134,1
264,17,0
265,143,1
266,200,0
267,77,1
268,62,1
269,146,1
270,200,0
271,79,0
272,145,0
273,106,1
274,94,0
275,72,1
276,124,1
277,27,0
278,64,1
279,185,1
280,109,1
281,200,0
282,111,1
283,102,1
284,9,0
285,98,0
286,80,1
287,135,1
288,192,1
289,118,0
290,200,0
291,82,1
292,116,1
293,75,1
294,101,1
295,94,1
296,38,1
297,11,0
298,110,1
299,83,1
300,108,1
301,148,1
302,41,1
303,128,1
304,39,0
305,171,1
306,181,1
307,134,1
308,200,0
309,142,1
310,77,1
311,102,1
312,95,1
313,200,0
314,21,0
315,100,0
316,82,1
317,200,0
318,125,1
319,42,1
320,54,1
321,154,1
322,133,1
323,81,1
324,50,1
325,40,1
326,155,1
327,77,1
328,23,1
329,101,1
330,56,1
331,81,1
332,119,1
333,200,0
334,73,1
335,55,1
336,200,0
337,200,0
338,22,0
339,200,0
340,91,0
341,45,0
342,110,1
343,181,1
344,200,0
345,67,1
346,190,0
347,157,1
348,38,0
349,200,0
350,110,1
351,200,0
352,170,1
353,94,1
354,48,1
355,66,0
356,200,0
357,82,1
358,156,1
359,89,1
360,74,1
361,137,1
362,50,0
363,73,1
364,200,0
365,186,1
366,72,1
367,131,1
368,200,0
369,106,1
370,92,1
371,88,1
372,70,1
373,35,0
374,88,1
375,109,1
376,200,0
377,70,0
378,14,0
379,137,1
380,64,1
381,64,1
382,87,1
383,148,1
384,90,1
385,49,0
386,50,1
387,50,1
388,76,1
389,110,1
390,147,1
391,70,1
392,80,1
393,94,0
394,44,1
395,200,0
396,123,1
397,139,1
398,200,0
399,28,1
400,200,0
401,160,1
402,31,0
403,200,0
404,200,0
405,160,1
406,45,0
407,184,1
408,54,1
409,66,1
410,53,1
411,151,1
412,200,0
413,97,1
414,200,0
415,122,1
416,50,1
417,61,0
418,69,1
419,62,1
420,105,1
421,54,1
422,63,1
423,114,1
424,189,1
425,99,1
426,83,1
427,50,1
428,125,1
429,177,1
430,176,1
431,62,1
432,87,0
433,86,1
434,144,1
435,200,0
436,112,1
437,113,1
438,55,1
439,24,0
440,200,0
441,65,1
442,200,0
443,159,0
444,130,1
445,123,1
446,81,1
447,58,1
448,200,0
449,162,0
450,97,1
451,104,1
452,200,1
453,143,1
454,111,1
455,200,0
456,90,1
457,200,0
458,69,1
459,104,1
460,107,1
461,96,1
462,200,0
463,56,1
464,127,0
465,93,1
466,126,1
467,141,1
468,67,0
469,128,1
470,83,1
471,162,1
472,112,1
473,161,1
474,84,1
475,163,1
476,52,1
477,83,1
478,96,1
479,83,1
480,49,0
481,97,1
482,200,0
483,86,1
484,189,1
485,188,1
486,83,1
487,200,0
488,181,0
489,112,0
490,86,1
491,200,0
492,45,1
493,200,0
494,167,1
495,23,0
496,65,0
497,200,0
498,180,1
499,160,1
500,38,1
501,38,1
502,83,1
503,104,1
504,68,1
505,55,1
506,95,1
507,67,0
508,81,1
509,33,1
510,111,1
511,82,1
512,76,1
513,200,0
514,155,1
515,105,1
516,76,1
517,52,1
518,80,1
519,139,1
520,131,1
521,87,1
522,52,1
523,39,0
524,47,0
525,49,1
526,93,1
527,41,1
528,47,1
529,34,0
530,67,1
531,42,0
532,143,1
533,101,0
534,70,1
535,45,1
536,160,1
537,119,1
538,139,1
539,39,1
540,179,1
541,200,0
542,93,1
543,96,1
544,200,0
545,35,1
546,106,1
547,68,1
548,60,1
549,53,1
550,50,1
551,200,0
552,137,1
553,200,0
554,95,1
555,130,0
556,83,1
557,200,0
558,52,1
559,200,0
560,200,0
561,121,1
562,93,1
563,117,0
564,37,1
565,96,1
566,175,1
567,41,1
568,158,1
569,120,1
570,59,1
571,21,0
572,36,1
573,42,1
574,157,1
575,156,1
576,179,1
577,83,1
578,182,1
579,10,0
580,93,0
581,99,1
582,33,1
583,52,1
584,59,1
585,87,0
586,191,1
587,151,1
588,27,1
589,97,1
590,18,0
591,50,1
592,56,1
593,58,1
594,151,1
595,76,0
596,200,0
597,149,1
598,120,1
599,97,1
600,77,1
601,67,1
602,80,1
603,78,1
604,85,1
605,86,1
606,87,1
607,150,1
608,200,0
609,35,0
610,200,0
611,200,0
612,53,1
613,144,1
614,86,1
615,200,0
616,200,0
617,179,1
618,200,0
619,52,1
620,112,1
621,36,1
622,42,1
623,130,1
624,97,1
625,200,0
626,110,1
627,45,0
628,159,1
629,57,0
630,200,0
631,200,0
632,132,1
633,41,1
634,49,1
635,200,0
636,127,1
637,159,1
638,99,1
639,44,1
640,200,0
641,62,1
642,39,1
643,60,1
644,79,1
645,112,1
646,164,1
647,73,1
648,43,1
649,109,1
650,20,0
651,34,0
652,78,1
653,36,1
654,108,1
655,121,0
656,105,1
657,104,1
658,68,1
659,97,1
660,104,1
661,100,0
662,80,1
663,72,1
664,99,1
665,124,1
666,110,1
667,107,1
668,83,1
669,92,1
670,71,1
671,40,1
672,58,1
673,149,1
674,188,1
675,58,1
676,75,1
677,41,0
678,200,0
679,200,0
680,141,1
681,101,1
682,44,1
683,109,1
684,55,0
685,200,0
686,116,1
687,200,0
688,65,0
689,134,1
690,60,1
691,84,1
692,82,1
693,67,1
694,111,1
695,112,1
696,155,1
697,60,0
698,66,1
699,84,1
700,31,0
701,137,1
702,122,1
703,43,0
704,53,1
705,70,1
706,111,1
707,68,1
708,71,1
709,46,0
710,96,1
711,83,1
712,114,1
713,109,1
714,90,1
715,55,1
716,70,1
717,200,0
718,200,0
719,76,1
720,200,0
721,136,1
722,200,0
723,200,0
724,44,1
725,114,1
726,67,1
727,53,1
728,148,1
729,66,1
730,84,1
731,97,0
732,200,0
733,130,1
734,42,1
735,94,1
736,52,1
737,200,0
738,113,1
739,94,1
740,74,0
741,126,1
742,183,1
743,178,1
744,136,1
745,123,1
746,9,0
747,143,1
748,74,1
749,78,1
750,89,1
751,200,0
752,117,1
753,185,1
754,187,1
755,144,1
756,186,1
757,83,1
758,43,1
759,120,1
760,200,0
761,143,1
762,168,1
763,126,1
764,137,1
765,200,0
766,9,0
767,56,0
768,111,1
769,56,1
770,130,1
771,134,1
772,57,1
773,79,1
774,67,0
775,128,1
776,108,1
777,68,1
778,92,1
779,110,1
780,51,1
781,35,1
782,96,1
783,82,1
784,200,0
785,118,1
786,69,1
787,133,0
788,152,0
789,109,1
790,149,1
791,197,1
792,62,1
793,200,0
794,54,1
795,70,1
796,176,1
797,77,1
798,131,1
799,66,1
800,88,1
801,188,1
802,75,1
803,67,1
804,94,1
805,83,1
806,84,1
807,200,0
808,123,1
809,65,1
810,57,1
811,78,1
812,29,0
813,186,1
814,16,0
815,45,1
816,200,0
817,59,1
818,84,1
819,41,1
820,78,1
821,112,1
822,195,1
823,63,1
824,144,1
825,72,1
826,54,1
827,141,1
828,69,1
829,47,1
830,124,1
831,29,1
832,81,1
833,125,1
834,196,1
835,13,0
836,68,0
837,35,0
838,139,0
839,188,1
840,67,0
841,146,1
842,149,1
843,70,0
844,67,0
845,41,1
846,131,0
847,74,1
848,59,1
849,200,0
850,197,1
851,73,1
852,68,1
853,51,1
854,89,1
855,124,1
856,91,1
857,55,1
858,77,1
859,33,1
860,102,1
861,38,1
862,111,1
863,58,0
864,111,1
865,50,1
866,90,1
867,85,1
868,114,1
869,94,1
870,36,1
871,113,1
872,78,1
873,39,0
874,182,1
875,55,1
876,24,0
877,31,1
878,111,0
879,55,0
880,135,0
881,189,1
882,116,1
883,90,1
884,82,1
885,61,1
886,78,1
887,45,1
888,78,1
889,11,0
890,200,0
891,76,1
892,93,1
893,102,0
894,78,0
895,36,1
896,140,1
897,44,1
898,126,1
899,188,0
900,143,0
901,116,1
902,108,1
903,176,0
904,148,1
905,100,0
906,92,1
907,200,0
908,123,1
909,109,1
910,111,1
911,61,1
912,54,1
913,78,1
914,70,1
915,75,1
916,162,1
917,77,0
918,198,1
919,55,1
920,127,1
921,200,0
922,54,1
923,96,1
924,61,1
925,200,0
926,170,1
927,84,1
928,46,1
929,109,0
930,139,1
931,9,0
932,77,1
933,161,1
934,62,0
935,44,1
936,98,1
937,129,1
938,47,1
939,25,1
940,126,1
941,150,1
942,200,0
943,119,1
944,88,1
945,59,1
946,139,1
947,17,0
948,157,1
949,92,1
950,110,1
951,94,1
952,119,1
953,73,1
954,44,1
955,40,1
956,61,1
957,172,1
958,36,1
959,94,1
960,113,1
961,66,0
962,135,1
963,101,1
964,51,1
965,50,1
966,25,0
967,109,1
968,200,0
969,26,1
970,83,1
971,67,1
972,129,1
973,145,1
974,127,1
975,169,1
976,160,1
977,90,0
978,158,1
979,200,0
980,130,1
981,131,1
982,67,1
983,176,1
984,127,1
985,157,1
986,127,1
987,75,1
988,157,1
989,162,1
990,58,1
991,56,1
992,140,1
993,127,1
994,200,0
995,97,1
996,50,1
997,138,1
998,43,1
999,56,1
1000,45,1
1001,86,1
1002,99,1
1003,27,1
1004,187,0
1005,85,1
1006,140,1
1007,142,1
1008,79,1
1009,45,1
1010,22,0
1011,76,1
1012,68,1
1013,39,1
1014,74,1
1015,185,1
1016,134,1
1017,55,1
1018,58,1
1019,61,0
1020,118,1
1021,52,1
1022,63,0
1023,121,1
1024,56,1
1025,147,1
1026,126,1
1027,35,1
1028,111,1
1029,113,1
1030,38,1
1031,36,0
1032,50,1
1033,48,1
1034,96,1
1035,200,0
1036,70,0
1037,86,1
1038,36,1
1039,45,1
1040,155,1
1041,103,1
1042,155,1
1043,104,1
1044,116,1
1045,197,1
1046,132,1
1047,73,1
1048,200,0
1049,58,0
1050,64,1
1051,14,0
1052,66,1
1053,68,1
1054,200,0
1055,96,1
1056,41,0
1057,200,0
1058,47,1
1059,200,0
1060,80,1
1061,76,1
1062,200,0
1063,187,1
1064,46,0
1065,120,1
1066,176,1
1067,67,1
1068,129,0
1069,99,1
1070,140,1
1071,144,1
1072,200,0
1073,94,1
1074,99,1
1075,197,1
1076,54,1
1077,92,1
1078,87,1
1079,83,1
1080,108,1
1081,97,1
1082,83,1
1083,149,1
1084,99,1
1085,54,1
1086,144,1
1087,56,1
1088,153,0
1089,52,1
1090,57,1
1091,104,1
1092,109,1
1093,200,0
1094,45,1
1095,195,1
1096,89,1
1097,111,1
1098,88,1
1099,105,1
1100,86,1
1101,161,1
1102,99,1
1103,200,0
1104,49,1
1105,130,1
1106,127,1
1107,192,1
1108,79,1
1109,190,0
1110,41,1
1111,80,1
1112,160,1
1113,76,0
1114,85,1
1115,33,1
1116,49,1
1117,69,1
1118,136,1
1119,74,1
1120,111,1
1121,54,0
1122,178,1
1123,192,1
1124,50,1
1125,53,1
1126,98,1
1127,68,0
1128,36,1
1129,78,1
1130,73,1
1131,200,0
1132,68,1
1133,111,1
1134,63,1
1135,67,1
1136,115,1
1137,147,1
1138,43,1
1139,125,1
1140,50,1
1141,150,1
1142,34,1
1143,60,1
1144,43,1
1145,88,1
1146,83,1
1147,57,1
1148,77,1
1149,137,1
1150,140,1
1151,200,0
1152,49,1
1153,28,1
1154,44,1
1155,75,1
1156,117,1
1157,102,1
1158,47,1
1159,48,1
1160,200,0
1161,135,1
1162,87,1
1163,149,1
1164,42,1
1165,135,1
1166,182,1
1167,25,0
1168,148,1
1169,45,1
1170,151,1
1171,200,0
1172,200,0
1173,45,1
1174,124,1
1175,33,1
1176,102,1
1177,71,1
1178,155,1
1179,26,0
1180,78,1
1181,65,1
1182,142,1
1183,69,1
1184,67,0
1185,71,1
1186,47,1
1187,70,1
1188,104,1
1189,53,1
1190,145,1
1191,200,1
1192,98,1
1193,72,1
1194,200,0
1195,66,1
1196,71,1
1197,200,0
1198,200,0
1199,111,1
1200,38,1
1201,158,0
1202,122,1
1203,200,0
1204,121,1
1205,48,1
1206,200,0
1207,193,1
1208,89,1
1209,41,1
1210,58,1
1211,200,0
1212,200,0
1213,21,0
1214,92,1
1215,106,1
1216,27,1
1217,39,1
1218,39,1
1219,49,1
1220,157,1
1221,65,1
1222,53,1
1223,25,1
1224,99,1
1225,200,0
1226,124,1
1227,35,0
1228,33,0
1229,169,1
1230,33,1
1231,53,1
1232,200,0
1233,153,1
1234,90,1
1235,157,1
1236,31,0
1237,130,1
1238,175,1
1239,34,1
1240,153,1
1241,28,1
1242,110,1
1243,63,1
1244,69,1
1245,62,1
1246,65,1
1247,105,1
1248,89,1
1249,128,1
1250,95,1
1251,108,1
1252,200,0
1253,200,0
1254,102,1
1255,52,0
1256,76,1
1257,200,0
1258,154,1
1259,27,1
1260,200,0
1261,57,1
1262,23,0
1263,131,1
1264,76,0
1265,136,1
1266,195,1
1267,200,0
1268,121,1
1269,200,0
1270,200,0
1271,118,1
1272,95,1
1273,55,1
1274,34,1
1275,28,0
1276,200,0
1277,104,1
1278,80,1
1279,36,1
1280,100,1
1281,133,1
1282,200,0
1283,35,1
1284,38,1
1285,58,1
1286,122,1
1287,132,1
1288,105,1
1289,84,1
1290,148,1
1291,89,1
1292,49,1
1293,31,1
1294,87,1
1295,63,0
1296,46,1
1297,100,1
1298,92,1
1299,113,1
1300,66,1
1301,92,0
1302,40,1
1303,77,1
1304,156,1
1305,76,1
1306,191,1
1307,63,1
1308,86,1
1309,154,1
1310,139,1
1311,69,0
1312,46,1
1313,66,1
1314,118,1
1315,163,1
1316,70,1
1317,63,1
1318,140,1
1319,137,1
1320,94,1
1321,182,1
1322,29,0
1323,106,1
1324,82,1
1325,125,1
1326,118,1
1327,69,1
1328,95,1
1329,165,1
1330,51,1
1331,200,0
1332,61,1
1333,110,1
1334,102,1
1335,157,1
1336,115,1
1337,173,0
1338,165,1
1339,109,1
1340,79,1
1341,171,1
1342,72,1
1343,48,1
1344,67,1
1345,119,1
1346,200,0
1347,100,1
1348,44,1
1349,167,1
1350,93,1
1351,55,1
1352,41,1
1353,91,0
1354,26,1
1355,81,1
1356,99,0
1357,70,1
1358,200,0
1359,89,1
1360,169,1
1361,135,1
1362,16,0
1363,33,0
1364,84,1
1365,49,1
1366,112,1
1367,68,1
1368,130,1
1369,88,1
1370,161,1
1371,80,1
1372,112,1
1373,97,1
1374,122,1
1375,51,1
1376,174,1
1377,48,1
1378,70,1
1379,62,1
1380,200,0
1381,114,1
1382,73,1
1383,63,1
1384,139,1
1385,49,1
1386,131,1
1387,153,1
1388,200,0
1389,78,1
1390,125,1
1391,124,0
1392,200,0
1393,109,1
1394,58,1
1395,130,1
1396,57,1
1397,169,1
1398,112,1
1399,171,0
1400,47,1
1401,168,1
1402,200,0
1403,49,1
1404,29,1
1405,174,1
1406,189,1
1407,88,1
1408,89,1
1409,64,1
1410,129,1
1411,72,1
1412,167,1
1413,115,1
1414,69,1
1415,195,1
1416,139,1
1417,164,1
1418,200,0
1419,71,1
1420,86,1
1421,66,1
1422,113,1
1423,200,0
1424,57,1
1425,53,1
1426,176,1
1427,200,0
1428,54,1
1429,119,1
1430,34,1
1431,78,1
1432,77,1
1433,136,1
1434,91,1
1435,83,1
1436,153,0
1437,50,1
1438,37,1
1439,200,0
1440,187,1
1441,46,1
1442,41,1
1443,167,1
1444,39,1
1445,184,1
1446,197,1
1447,17,0
1448,44,1
1449,80,1
1450,89,1
1451,132,1
1452,42,1
1453,100,1
1454,52,1
1455,40,1
1456,62,1
1457,45,1
1458,95,1
1459,63,1
1460,81,1
1461,78,1
1462,61,1
1463,102,1
1464,81,0
1465,193,1
1466,36,0
1467,72,1
1468,200,0
1469,65,1
1470,71,1
1471,84,1
1472,116,0
1473,40,1
1474,200,0
1475,40,1
1476,44,0
1477,139,1
1478,176,1
1479,96,1
1480,93,1
1481,55,1
1482,108,1
1483,67,1
1484,119,1
1485,40,1
1486,196,1
1487,49,0
1488,41,1
1489,100,1
1490,50,1
1491,51,1
1492,66,1
1493,75,0
1494,39,1
1495,67,1
1496,147,1
1497,25,1
1498,66,1
1499,116,1
1500,175,1
1501,125,1
1502,147,1
1503,200,0
1504,115,1
1505,200,0
1506,136,1
1507,81,1
1508,98,1
1509,135,1
1510,122,1
1511,58,1
1512,72,1
1513,54,1
1514,61,1
1515,61,1
1516,27,1
1517,97,1
1518,104,1
1519,200,0
1520,152,1
1521,102,1
1522,89,1
1523,107,1
1524,77,1
1525,48,1
1526,137,1
1527,200,0
1528,145,1
1529,107,1
1530,167,1
1531,69,1
1532,65,1
1533,147,1
1534,200,0
1535,71,0
1536,200,0
1537,52,1
1538,98,1
1539,175,1
1540,95,0
1541,65,1
1542,115,1
1543,118,1
1544,84,1
1545,69,1
1546,40,1
1547,69,1
1548,106,1
1549,172,1
1550,58,1
1551,169,1
1552,50,1
1553,178,0
1554,64,1
1555,42,1
1556,200,0
1557,154,1
1558,87,1
1559,72,1
1560,108,1
1561,158,1
1562,66,1
1563,104,1
1564,188,1
1565,166,1
1566,134,1
1567,106,1
1568,64,1
1569,115,1
1570,69,1
1571,177,1
1572,81,1
1573,153,1
1574,67,1
1575,58,1
1576,83,1
1577,71,1
1578,114,1
1579,87,1
1580,61,1
1581,89,1
1582,95,1
1583,32,1
1584,69,1
1585,121,1
1586,49,1
1587,88,1
1588,114,1
1589,118,1
1590,200,0
1591,48,1
1592,98,1
1593,200,0
1594,129,1
1595,40,1
1596,73,1
1597,155,1
1598,200,1
1599,95,1
1600,104,1
1601,200,0
1602,158,1
1603,50,1
1604,65,1
1605,77,1
1606,121,1
1607,74,1
1608,49,1
1609,68,1
1610,25,1
1611,68,1
1612,80,1
1613,108,1
1614,28,0
1615,144,0
1616,34,1
1617,60,1
1618,69,1
1619,139,1
1620,83,1
1621,200,0
1622,200,0
1623,128,1
1624,84,1
1625,200,0
1626,107,1
1627,184,0
1628,83,1
1629,33,0
1630,59,1
1631,98,1
1632,178,0
1633,106,1
1634,200,0
1635,83,1
1636,102,1
1637,75,0
1638,200,0
1639,108,1
1640,155,1
1641,171,1
1642,50,1
1643,28,0
1644,45,1
1645,104,1
1646,51,1
1647,64,1
1648,121,1
1649,61,1
1650,65,1
1651,41,1
1652,91,1
1653,38,1
1654,77,1
1655,89,1
1656,24,1
1657,85,1
1658,61,1
1659,26,1
1660,92,1
1661,64,1
1662,34,1
1663,31,1
1664,152,1
1665,135,1
1666,80,1
1667,64,1
1668,185,1
1669,90,1
1670,40,1
1671,200,0
1672,57,1
1673,59,1
1674,51,1
1675,75,1
1676,50,1
1677,44,1
1678,99,1
1679,116,1
1680,97,1
1681,166,1
1682,104,1
1683,97,1
1684,69,1
1685,39,0
1686,200,0
1687,83,1
1688,45,1
1689,200,0
1690,90,1
1691,124,1
1692,113,1
1693,104,1
1694,156,1
1695,40,1
1696,200,0
1697,200,0
1698,66,1
1699,111,1
1700,171,1
1701,115,1
1702,71,1
1703,75,1
1704,91,1
1705,77,1
1706,116,1
1707,170,1
1708,91,0
1709,133,1
1710,48,1
1711,152,1
1712,118,1
1713,128,1
1714,88,1
1715,86,1
1716,105,1
1717,114,0
1718,200,0
1719,166,1
1720,197,1
1721,81,1
1722,165,1
1723,200,0
1724,200,0
1725,60,0
1726,136,1
1727,200,0
1728,60,1
1729,40,0
1730,105,1
1731,96,0
1732,92,1
1733,200,0
1734,140,1
1735,99,1
1736,54,1
1737,79,1
1738,67,1
1739,46,1
1740,85,1
1741,95,1
1742,116,1
1743,83,1
1744,92,1
1745,48,1
1746,59,1
1747,133,1
1748,102,1
1749,110,0
1750,137,1
1751,156,1
1752,142,0
1753,27,1
1754,63,1
1755,83,1
1756,161,1
1757,186,1
1758,54,1
1759,74,1
1760,137,1
1761,134,1
1762,67,1
1763,55,1
1764,200,0
1765,53,1
1766,105,1
1767,64,1
1768,162,1
1769,72,1
1770,111,1
1771,200,0
1772,116,1
1773,95,1
1774,134,0
1775,143,1
1776,153,1
1777,74,1
1778,101,1
1779,48,1
1780,59,0
1781,87,1
1782,176,1
1783,156,1
1784,86,1
1785,59,1
1786,101,1
1787,53,1
1788,200,0
1789,39,1
1790,109,1
1791,86,1
1792,21,0
1793,76,1
1794,109,0
1795,51,1
1796,135,1
1797,173,1
1798,165,1
1799,150,1
1800,172,1
1801,96,1
1802,81,1
1803,76,1
1804,200,0
1805,81,1
1806,173,1
1807,139,0
1808,129,1
1809,82,0
1810,45,1
1811,90,1
1812,31,1
1813,81,0
1814,32,1
1815,49,0
1816,194,0
1817,200,0
1818,60,1
1819,97,1
1820,165,1
1821,200,0
1822,83,1
1823,34,1
1824,170,1
1825,175,1
1826,95,1
1827,94,1
1828,200,0
1829,116,1
1830,170,1
1831,200,0
1832,140,1
1833,127,1
1834,47,1
1835,148,1
1836,105,1
1837,137,1
1838,88,1
1839,33,1
1840,39,1
1841,40,0
1842,38,1
1843,200,0
1844,46,1
1845,200,1
1846,181,1
1847,31,1
1848,126,0
1849,105,1
1850,192,1
1851,48,1
1852,171,1
1853,106,1
1854,200,0
1855,134,1
1856,59,1
1857,123,1
1858,69,0
1859,59,1
1860,17,0
1861,114,1
1862,169,0
1863,158,1
1864,190,1
1865,200,0
1866,200,0
1867,67,1
1868,99,1
1869,200,0
1870,76,1
1871,114,1
1872,60,1
1873,122,0
1874,101,1
1875,139,1
1876,68,1
1877,46,1
1878,77,1
1879,34,0
1880,53,1
1881,80,1
1882,77,1
1883,188,1
1884,79,1
1885,104,1
1886,68,1
1887,130,1
1888,26,0
1889,131,1
1890,48,1
1891,184,1
1892,78,1
1893,120,1
1894,199,1
1895,84,1
1896,43,1
1897,34,1
1898,200,0
1899,147,1
1900,18,0
1901,87,1
1902,146,1
1903,47,1
1904,86,1
1905,200,0
1906,38,1
1907,46,1
1908,132,1
1909,123,1
1910,117,1
1911,122,1
1912,50,1
1913,105,1
1914,94,1
1915,107,1
1916,73,1
1917,96,1
1918,134,0
1919,39,1
1920,29,1
1921,82,1
1922,54,1
1923,200,0
1924,148,1
1925,100,1
1926,83,1
1927,116,1
1928,105,1
1929,52,1
1930,118,1
1931,32,1
1932,79,1
1933,80,1
1934,200,0
1935,37,1
1936,51,0
1937,146,1
1938,68,1
1939,72,1
1940,200,0
1941,110,1
1942,110,1
1943,169,1
1944,82,1
1945,200,0
1946,66,1
1947,200,0
1948,44,1
1949,66,1
1950,82,1
1951,66,1
1952,102,1
1953,86,1
1954,37,1
1955,147,1
1956,77,1
1957,150,1
1958,79,1
1959,20,1
1960,129,1
1961,71,1
1962,30,1
1963,25,0
1964,165,1
1965,96,1
1966,76,1
1967,28,1
1968,80,1
1969,139,1
1970,42,0
1971,114,1
1972,104,1
1973,78,1
1974,99,1
1975,56,1
1976,80,0
1977,144,0
1978,150,0
1979,147,1
1980,122,1
1981,70,1
1982,141,1
1983,54,0
1984,42,1
1985,52,1
1986,68,1
1987,95,1
1988,121,0
1989,100,1
1990,58,1
1991,151,1
1992,39,1
1993,187,1
1994,200,0
1995,121,1
1996,159,1
1997,148,1
1998,167,1
1999,102,1
2000,103,1
2001,48,1
2002,82,1
2003,76,1
2004,67,1
2005,129,0
2006,34,1
2007,125,1
2008,76,1
2009,96,1
2010,200,0
2011,81,1
2012,82,1
2013,148,1
2014,151,1
2015,90,1
2016,200,0
2017,100,1
2018,69,1
2019,64,1
2020,46,1
2021,63,1
2022,67,1
2023,60,1
2024,179,1
2025,44,1
2026,95,1
2027,200,0
2028,87,1
2029,55,1
2030,70,1
2031,51,1
2032,47,1
2033,44,1
2034,38,1
2035,137,1
2036,114,1
2037,175,1
2038,36,1
2039,12,0
2040,68,1
2041,113,0
2042,130,1
2043,200,0
2044,107,0
2045,200,0
2046,170,1
2047,152,1
2048,51,1
2049,89,1
2050,92,1
2051,200,0
2052,83,1
2053,122,0
2054,167,1
2055,132,1
2056,66,1
2057,121,1
2058,45,1
2059,119,1
2060,79,1
2061,30,1
2062,54,1
2063,102,1
2064,70,0
2065,68,1
2066,158,1
2067,98,1
2068,31,1
2069,167,1
2070,51,1
2071,180,1
2072,79,1
2073,119,1
2074,50,1
2075,93,1
2076,61,1
2077,52,1
2078,82,1
2079,95,1
2080,72,1
2081,74,1
2082,106,1
2083,200,0
2084,76,1
2085,63,1
2086,147,1
2087,67,1
2088,79,1
2089,38,1
2090,64,1
2091,89,1
2092,70,0
2093,92,1
2094,149,0
2095,44,1
2096,84,1
2097,200,0
2098,80,0
2099,51,1
2100,200,0
2101,110,1
2102,60,1
2103,87,1
2104,35,0
2105,200,0
2106,199,1
2107,43,1
2108,59,0
2109,90,1
2110,38,1
2111,64,1
2112,81,1
2113,98,1
2114,50,1
2115,70,1
2116,106,1
2117,122,1
2118,89,1
2119,130,1
2120,61,1
2121,38,1
2122,139,1
2123,98,1
2124,39,1
2125,101,1
2126,118,1
2127,200,0
2128,58,1
2129,134,1
2130,53,1
2131,170,1
2132,95,1
2133,185,1
2134,117,1
2135,62,1
2136,151,1
2137,100,1
2138,103,1
2139,33,1
2140,159,1
2141,82,1
2142,100,1
2143,87,1
2144,91,1
2145,146,1
2146,136,1
2147,70,1
2148,148,1
2149,99,1
2150,9,0
2151,132,1
2152,37,1
2153,150,1
2154,100,1
2155,165,1
2156,200,0
2157,74,1
2158,77,1
2159,150,1
2160,53,1
2161,133,1
2162,55,1
2163,139,1
2164,143,1
2165,200,0
2166,95,1
2167,131,1
2168,38,1
2169,51,1
2170,77,1
2171,29,1
2172,21,1
2173,87,1
2174,63,1
2175,129,1
2176,65,1
2177,62,0
2178,78,0
2179,48,1
2180,105,1
2181,27,1
2182,102,1
2183,94,1
2184,48,0
2185,117,1
2186,46,1
2187,79,1
2188,54,1
2189,67,1
2190,59,0
2191,72,1
2192,65,1
2193,89,1
2194,37,1
2195,38,1
2196,57,1
2197,41,0
2198,56,1
2199,105,1
2200,86,1
2201,53,1
2202,91,1
2203,57,1
2204,63,1
2205,56,0
2206,91,0
2207,27,0
2208,118,1
2209,56,1
2210,77,1
2211,166,1
2212,26,1
2213,134,1
2214,126,0
2215,102,1
2216,151,1
2217,39,1
2218,89,1
2219,70,1
2220,68,1
2221,114,1
2222,57,1
2223,143,1
2224,95,1
2225,66,1
2226,103,1
2227,80,1
2228,144,1
2229,149,0
2230,60,1
2231,174,1
2232,107,1
2233,54,0
2234,51,0
2235,200,0
2236,130,1
2237,67,1
2238,52,1
2239,64,1
2240,163,1
2241,167,0
2242,137,1
2243,200,0
2244,77,1
2245,47,1
2246,98,1
2247,136,1
2248,128,0
2249,113,1
2250,89,1
2251,124,1
2252,132,0
2253,70,1
2254,170,1
2255,66,0
2256,200,0
2257,21,0
2258,179,1
2259,45,0
2260,81,1
2261,196,1
2262,104,1
2263,73,1
2264,174,1
2265,73,1
2266,38,1
2267,78,1
2268,154,1
2269,128,1
2270,70,1
2271,52,1
2272,88,1
2273,55,1
2274,103,1
2275,100,1
2276,38,1
2277,87,1
2278,61,1
2279,50,1
2280,63,1
2281,50,1
2282,172,1
2283,88,1
2284,200,1
2285,169,1
2286,148,1
2287,191,1
2288,56,0
2289,96,1
2290,42,0
2291,109,1
2292,65,1
2293,30,1
2294,113,1
2295,56,1
2296,124,1
2297,54,1
2298,106,1
2299,76,1
2300,200,0
2301,31,1
2302,160,1
2303,62,1
2304,77,1
2305,127,1
2306,97,1
2307,200,0
2308,76,1
2309,105,1
2310,119,1
2311,91,1
2312,73,0
2313,66,1
2314,92,1
2315,47,1
2316,42,0
2317,200,0
2318,200,0
2319,51,1
2320,141,1
2321,11,0
2322,75,0
2323,95,1
2324,109,1
2325,68,1
2326,200,0
2327,134,1
2328,66,1
2329,58,1
2330,97,1
2331,132,1
2332,33,1
2333,64,1
2334,200,0
2335,49,1
2336,92,1
2337,122,1
2338,139,0
2339,141,1
2340,105,1
2341,124,1
2342,46,1
2343,122,1
2344,78,0
2345,111,1
2346,97,1
2347,34,1
2348,162,1
2349,155,1
2350,138,1
2351,38,0
2352,153,1
2353,106,1
2354,169,1
2355,94,1
2356,97,1
2357,200,0
2358,57,1
2359,56,1
2360,104,1
2361,199,1
2362,152,1
2363,169,1
2364,80,1
2365,170,1
2366,117,1
2367,200,0
2368,200,0
2369,126,1
2370,117,1
2371,61,1
2372,51,1
2373,52,1
2374,68,1
2375,200,0
2376,67,1
2377,115,1
2378,151,1
2379,35,1
2380,96,1
2381,156,1
2382,173,1
2383,83,1
2384,63,1
2385,89,1
2386,49,1
2387,79,1
2388,42,1
2389,30,1
2390,47,0
2391,38,1
2392,73,0
2393,83,1
2394,157,1
2395,62,1
2396,46,1
2397,200,0
2398,148,1
2399,70,1
2400,136,1
2401,87,1
2402,151,1
2403,86,1
2404,79,1
2405,46,1
2406,69,1
2407,152,1
2408,43,1
2409,65,1
2410,42,1
2411,65,1
2412,153,1
2413,137,0
2414,113,1
2415,40,1
2416,123,1
2417,106,1
2418,145,0
2419,159,1
2420,200,0
2421,47,1
2422,75,1
2423,149,1
2424,135,1
2425,183,0
2426,181,1
2427,198,1
2428,68,1
2429,95,1
2430,84,1
2431,159,1
2432,80,1
2433,110,1
2434,90,1
2435,83,1
2436,186,1
2437,64,1
2438,69,1
2439,185,1
2440,53,1
2441,66,0
2442,71,1
2443,61,1
2444,133,1
2445,51,1
2446,142,1
2447,34,1
2448,157,1
2449,99,1
2450,71,1
2451,119,1
2452,124,1
2453,55,1
2454,115,1
2455,73,1
2456,34,0
2457,200,0
2458,71,1
2459,42,1
2460,112,1
2461,49,1
2462,186,1
2463,200,0
2464,106,1
2465,45,1
2466,95,1
2467,112,1
2468,81,1
2469,87,1
2470,122,1
2471,34,1
2472,53,1
2473,28,1
2474,200,0
2475,42,1
2476,50,1
2477,73,0
2478,111,0
2479,60,0
2480,115,1
2481,127,1
2482,109,0
2483,200,0
2484,200,0
2485,78,1
2486,95,1
2487,167,1
2488,75,1
2489,175,1
2490,104,1
2491,147,1
2492,155,0
2493,63,1
2494,101,1
2495,47,1
2496,69,1
2497,118,1
2498,31,1
2499,87,1
2500,51,1
2501,200,0
2502,39,1
2503,200,0
2504,78,0
2505,173,1
2506,157,1
2507,37,1
2508,125,1
2509,115,1
2510,137,1
2511,62,1
2512,113,1
2513,60,1
2514,88,1
2515,66,1
2516,64,1
2517,78,1
2518,60,1
2519,200,0
2520,168,1
2521,156,1
2522,61,1
2523,100,1
2524,30,1
2525,166,1
2526,156,1
2527,69,1
2528,90,1
2529,64,0
2530,91,1
2531,124,1
2532,139,1
2533,75,1
2534,51,1
2535,80,1
2536,117,1
2537,115,1
2538,122,1
2539,122,1
2540,96,1
2541,150,1
2542,68,1
2543,27,1
2544,46,1
2545,54,1
2546,138,1
2547,105,1
2548,200,0
2549,165,1
2550,200,0
2551,162,1
2552,200,0
2553,200,0
2554,97,1
2555,48,1
2556,73,1
2557,54,1
2558,51,1
2559,133,1
2560,52,1
2561,144,1
2562,22,1
2563,96,1
2564,65,1
2565,26,1
2566,52,1
2567,200,0
2568,55,1
2569,74,1
2570,80,1
2571,30,1
2572,54,1
2573,51,1
2574,99,1
2575,48,1
2576,200,0
2577,133,1
2578,75,1
2579,61,1
2580,177,1
2581,68,1
2582,70,0
2583,39,1
2584,200,0
2585,81,1
2586,27,1
2587,124,1
2588,154,1
2589,131,0
2590,65,1
2591,78,1
2592,67,1
2593,138,1
2594,83,1
2595,200,0
2596,68,0
2597,132,1
2598,77,1
2599,70,1
2600,32,1
2601,115,1
2602,102,1
2603,158,1
2604,95,1
2605,200,0
2606,119,1
2607,197,1
2608,200,0
2609,48,1
2610,101,1
2611,55,1
2612,77,1
2613,61,1
2614,133,1
2615,140,1
2616,63,1
2617,112,0
2618,200,0
2619,71,1
2620,59,1
2621,153,0
2622,51,1
2623,200,0
2624,151,1
2625,57,1
2626,75,1
2627,83,1
2628,61,1
2629,36,1
2630,132,0
2631,193,1
2632,62,1
2633,78,1
2634,200,0
2635,54,1
2636,43,1
2637,109,1
2638,94,1
2639,52,1
2640,118,1
2641,69,1
2642,82,1
2643,71,1
2644,169,1
2645,128,1
2646,82,1
2647,47,1
2648,88,1
2649,88,1
2650,62,1
2651,47,1
2652,149,1
2653,132,1
2654,29,1
2655,46,1
2656,88,1
2657,163,1
2658,65,1
2659,200,0
2660,97,1
2661,157,1
2662,61,1
2663,66,1
2664,113,1
2665,59,1
2666,200,0
2667,83,1
2668,74,1
2669,64,1
2670,61,0
2671,125,1
2672,145,1
2673,200,0
2674,80,1
2675,72,1
2676,127,1
2677,174,1
2678,86,1
2679,91,1
2680,166,1
2681,33,1
2682,64,1
2683,42,1
2684,24,1
2685,177,1
2686,136,1
2687,132,1
2688,53,1
2689,137,1
2690,32,1
2691,60,1
2692,33,1
2693,200,0
2694,68,1
2695,151,1
2696,58,1
2697,88,1
2698,34,1
2699,74,1
2700,128,1
2701,107,1
2702,47,1
2703,36,1
2704,50,1
2705,38,1
2706,96,1
2707,128,1
2708,64,1
2709,108,1
2710,56,1
2711,76,1
2712,124,0
2713,200,0
2714,69,1
2715,97,1
2716,95,1
2717,76,1
2718,69,0
2719,60,1
2720,200,0
2721,38,1
2722,114,1
2723,136,1
2724,113,1
2725,102,1
2726,89,1
2727,85,0
2728,137,1
2729,185,1
2730,150,1
2731,107,1
2732,148,1
2733,137,1
2734,79,1
2735,87,1
2736,183,1
2737,153,1
2738,119,1
2739,41,1
2740,120,1
2741,200,0
2742,110,1
2743,59,1
2744,72,1
2745,104,0
2746,155,1
2747,198,1
2748,66,1
2749,45,1
2750,34,1
2751,40,1
2752,41,1
2753,40,1
2754,200,0
2755,181,1
2756,86,1
2757,106,1
2758,123,1
2759,110,1
2760,66,1
2761,68,1
2762,19,1
2763,37,1
2764,40,1
2765,82,1
2766,92,1
2767,200,0
2768,122,1
2769,75,1
2770,94,1
2771,152,1
2772,56,0
2773,112,1
2774,68,1
2775,47,1
2776,89,1
2777,79,0
2778,169,1
2779,200,0
2780,200,0
2781,129,1
2782,70,1
2783,200,0
2784,156,1
2785,77,1
2786,120,1
2787,173,1
2788,104,1
2789,112,1
2790,153,1
2791,94,1
2792,105,1
2793,64,0
2794,33,0
2795,62,1
2796,62,1
2797,87,1
2798,75,1
2799,101,1
2800,200,0
2801,84,1
2802,46,1
2803,131,1
2804,157,1
2805,53,1
2806,113,1
2807,42,1
2808,49,1
2809,200,0
2810,77,1
2811,118,1
2812,182,1
2813,76,1
2814,200,0
2815,79,0
2816,134,1
2817,200,0
2818,52,1
2819,96,1
2820,140,0
2821,166,1
2822,144,1
2823,200,0
2824,113,1
2825,122,1
2826,130,1
2827,71,1
2828,88,1
2829,33,1
2830,32,1
2831,51,1
2832,57,1
2833,142,1
2834,95,1
2835,50,0
2836,61,1
2837,52,1
2838,62,1
2839,68,1
2840,125,1
2841,121,1
2842,200,0
2843,87,1
2844,174,1
2845,118,0
2846,80,1
2847,55,1
2848,40,1
2849,43,0
2850,200,0
2851,97,1
2852,76,1
2853,32,1
2854,85,1
2855,61,1
2856,95,1
2857,75,1
2858,90,1
2859,114,1
2860,46,1
2861,120,1
2862,45,0
2863,57,1
2864,61,1
2865,137,1
2866,81,0
2867,200,0
2868,36,1
2869,87,1
2870,84,1
2871,185,1
2872,164,1
2873,114,0
2874,185,1
2875,142,1
2876,63,1
2877,54,1
2878,200,0
2879,83,1
2880,122,1
2881,66,1
2882,200,0
2883,200,0
2884,115,1
2885,70,1
2886,116,1
2887,182,1
2888,56,1
2889,159,1
2890,163,1
2891,127,1
2892,103,1
2893,43,1
2894,48,1
2895,200,0
2896,70,1
2897,100,1
2898,41,1
2899,96,1
2900,81,1
2901,57,1
2902,139,1
2903,79,1
2904,52,1
2905,58,1
2906,153,1
2907,166,1
2908,24,1
2909,56,0
2910,72,1
2911,200,0
2912,94,1
2913,52,1
2914,105,1
2915,35,1
2916,102,1
2917,77,0
2918,64,0
2919,38,1
2920,83,1
2921,101,1
2922,60,1
2923,53,1
2924,133,0
2925,142,1
2926,200,0
2927,70,1
2928,95,1
2929,103,1
2930,82,1
2931,100,1
2932,55,1
2933,111,1
2934,76,1
2935,98,1
2936,52,1
2937,194,1
2938,159,1
2939,195,1
2940,79,1
2941,113,1
2942,93,1
2943,39,1
2944,83,1
2945,42,1
2946,96,1
2947,114,1
2948,110,1
2949,46,1
2950,32,1
2951,176,1
2952,54,1
2953,69,1
2954,64,1
2955,55,1
2956,21,1
2957,77,1
2958,113,1
2959,58,1
2960,72,1
2961,107,1
2962,73,1
2963,44,0
2964,87,1
2965,103,1
2966,47,1
2967,33,1
2968,39,1
2969,114,1
2970,65,1
2971,115,0
2972,83,1
2973,95,1
2974,111,1
2975,96,1
2976,42,1
2977,85,1
2978,126,1
2979,104,1
2980,103,1
2981,172,1
2982,86,1
2983,62,1
2984,102,1
2985,54,1
2986,138,1
2987,40,0
2988,69,1
2989,90,1
2990,80,1
2991,59,1
2992,83,1
2993,75,1
2994,58,1
2995,91,1
2996,112,1
2997,28,0
2998,44,1
2999,103,1
3000,105,1
3001,53,1
3002,65,1
3003,63,1
3004,98,1
3005,83,1
3006,105,1
3007,42,1
3008,25,1
3009,41,1
3010,96,1
3011,26,1
3012,85,1
3013,33,1
3014,13,0
3015,94,1
3016,92,1
3017,123,1
3018,71,1
3019,49,1
3020,68,1
3021,57,1
3022,114,1
3023,55,1
3024,82,1
3025,139,1
3026,101,1
3027,165,1
3028,107,1
3029,44,0
3030,86,1
3031,77,1
3032,89,1
3033,51,1
3034,57,0
3035,78,1
3036,91,1
3037,49,1
3038,79,1
3039,70,1
3040,200,0
3041,142,1
3042,84,1
3043,53,1
3044,44,1
3045,57,1
3046,109,0
3047,138,1
3048,200,0
3049,54,1
3050,130,1
3051,74,1
3052,141,1
3053,35,1
3054,138,1
3055,103,1
3056,54,1
3057,106,1
3058,50,1
3059,96,1
3060,149,1
3061,68,1
3062,122,1
3063,37,0
3064,50,1
3065,200,0
3066,75,1
3067,106,1
3068,97,1
3069,91,1
3070,30,0
3071,66,1
3072,78,1
3073,99,1
3074,141,1
3075,70,1
3076,184,0
3077,145,1
3078,69,1
3079,77,1
3080,118,1
3081,200,0
3082,74,1
3083,43,1
3084,81,0
3085,94,1
3086,50,1
3087,90,0
3088,67,1
3089,35,1
3090,49,0
3091,114,1
3092,200,0
3093,66,1
3094,184,0
3095,105,1
3096,200,0
3097,48,1
3098,60,1
3099,57,1
3100,69,1
3101,128,0
3102,75,1
3103,145,1
3104,58,1
3105,95,0
3106,70,1
3107,113,1
3108,118,1
3109,200,0
3110,51,1
3111,64,1
3112,130,1
3113,59,1
3114,50,0
3115,47,1
3116,80,1
3117,174,1
3118,49,1
3119,62,0
3120,55,1
3121,113,1
3122,50,1
3123,54,1
3124,143,1
3125,74,0
3126,200,0
3127,63,1
3128,138,0
3129,56,1
3130,120,1
3131,79,1
3132,37,1
3133,115,1
3134,109,1
3135,78,1
3136,125,1
3137,77,1
3138,75,1
3139,59,1
3140,90,1
3141,177,1
3142,72,1
3143,200,0
3144,131,1
3145,55,1
3146,48,1
3147,59,1
3148,70,1
3149,101,1
3150,119,1
3151,154,1
3152,182,1
3153,145,1
3154,177,1
3155,73,1
3156,200,0
3157,105,0
3158,82,1
3159,41,1
3160,107,1
3161,61,1
3162,78,1
3163,124,1
3164,57,1
3165,38,1
3166,36,1
3167,133,1
3168,52,1
3169,55,1
3170,50,0
3171,44,1
3172,49,0
3173,125,1
3174,200,0
3175,60,1
3176,26,1
3177,152,1
3178,122,1
3179,41,1
3180,18,0
3181,164,1
3182,82,1
3183,106,1
3184,47,1
3185,130,1
3186,138,1
3187,59,1
3188,78,1
3189,39,1
3190,114,1
3191,91,1
3192,82,1
3193,89,1
3194,54,1
3195,59,1
3196,63,1
3197,126,1
3198,62,1
3199,129,1
3200,93,1
3201,97,1
3202,85,1
3203,75,1
3204,79,1
3205,50,1
3206,103,1
3207,112,1
3208,60,1
3209,101,1
3210,34,1
3211,40,1
3212,117,1
3213,87,1
3214,92,1
3215,75,1
3216,46,1
3217,140,1
3218,86,1
3219,63,1
3220,76,1
3221,60,1
3222,71,1
3223,106,1
3224,64,0
3225,146,1
3226,56,1
3227,44,1
3228,49,1
3229,200,0
3230,77,1
3231,150,1
3232,132,1
3233,146,1
3234,80,1
3235,119,1
3236,63,1
3237,63,1
3238,113,1
3239,45,0
3240,66,1
3241,81,1
3242,149,1
3243,102,1
3244,149,1
3245,106,1
3246,154,1
3247,42,1
3248,99,1
3249,79,1
3250,155,1
3251,84,1
3252,200,0
3253,108,1
3254,105,1
3255,119,1
3256,185,1
3257,90,1
3258,87,1
3259,75,1
3260,70,1
3261,144,1
3262,96,1
3263,200,0
3264,131,1
3265,64,1
3266,59,1
3267,38,1
3268,93,1
3269,56,1
3270,111,1
3271,85,1
3272,23,1
3273,182,1
3274,78,1
3275,53,1
3276,200,0
3277,177,1
3278,102,1
3279,72,1
3280,175,1
3281,74,1
3282,128,1
3283,40,0
3284,117,1
3285,69,0
3286,87,1
3287,180,0
3288,164,1
3289,56,1
3290,65,1
3291,172,1
3292,65,1
3293,91,1
3294,187,1
3295,102,1
3296,200,0
3297,200,0
3298,64,1
3299,116,1
3300,62,1
3301,174,1
3302,62,1
3303,200,0
3304,129,1
3305,65,1
3306,100,1
3307,79,1
3308,131,1
3309,57,1
3310,153,1
3311,120,1
3312,146,1
3313,56,1
3314,74,1
3315,80,1
3316,41,1
3317,53,1
3318,79,1
3319,47,1
3320,123,1
3321,106,1
3322,98,1
3323,56,1
3324,129,1
3325,75,1
3326,72,1
3327,72,1
3328,113,1
3329,83,1
3330,103,1
3331,109,1
3332,51,1
3333,103,1
3334,49,1
3335,77,0
3336,126,1
3337,135,1
3338,181,1
3339,82,0
3340,23,1
3341,41,1
3342,61,1
3343,15,0
3344,103,1
3345,105,1
3346,152,1
3347,56,1
3348,44,1
3349,200,0
3350,49,1
3351,104,1
3352,94,1
3353,71,1
3354,73,1
3355,45,1
3356,78,1
3357,170,1
3358,46,1
3359,36,1
3360,37,1
3361,200,0
3362,139,1
3363,145,1
3364,50,1
3365,110,1
3366,71,1
3367,65,0
3368,154,1
3369,77,1
3370,83,1
3371,200,0
3372,43,1
3373,76,1
3374,106,1
3375,102,1
3376,82,1
3377,42,1
3378,103,1
3379,107,1
3380,110,1
3381,73,1
3382,139,1
3383,112,1
3384,67,1
3385,84,1
3386,71,1
3387,105,1
3388,32,1
3389,200,0
3390,99,1
3391,93,1
3392,52,1
3393,85,0
3394,180,1
3395,200,0
3396,57,1
3397,47,1
3398,45,1
3399,147,1
3400,115,1
3401,112,1
3402,122,1
3403,49,1
3404,138,1
3405,47,1
3406,171,1
3407,200,0
3408,96,0
3409,44,1
3410,104,0
3411,200,0
3412,33,1
3413,95,0
3414,48,1
3415,106,1
3416,51,1
3417,200,0
3418,16,0
3419,108,1
3420,49,1
3421,200,0
3422,83,1
3423,132,1
3424,68,1
3425,137,1
3426,113,1
3427,36,1
3428,63,1
3429,143,1
3430,173,1
3431,113,0
3432,116,1
3433,87,1
3434,183,1
3435,120,1
3436,107,1
3437,172,1
3438,62,1
3439,79,1
3440,83,1
3441,199,1
3442,79,1
3443,200,0
3444,63,1
3445,146,1
3446,75,1
3447,94,1
3448,62,1
3449,81,1
3450,74,1
3451,87,1
3452,74,1
3453,62,1
3454,114,1
3455,156,1
3456,134,1
3457,85,1
3458,73,1
3459,85,1
3460,93,0
3461,70,1
3462,184,1
3463,175,1
3464,70,1
3465,99,1
3466,200,0
3467,44,1
3468,86,1
3469,125,0
3470,32,0
3471,200,0
3472,136,1
3473,64,1
3474,25,1
3475,98,1
3476,105,1
3477,44,1
3478,155,1
3479,119,1
3480,200,0
3481,81,1
3482,168,1
3483,69,1
3484,81,1
3485,87,1
3486,113,1
3487,34,1
3488,47,0
3489,83,1
3490,98,1
3491,86,1
3492,44,1
3493,78,1
3494,46,0
3495,76,1
3496,96,1
3497,145,1
3498,174,1
3499,32,1
3500,73,1
3501,90,1
3502,76,1
3503,51,1
3504,53,1
3505,104,1
3506,134,1
3507,68,1
3508,150,1
3509,185,1
3510,68,1
3511,42,1
3512,31,1
3513,91,1
3514,90,0
3515,135,1
3516,73,1
3517,168,1
3518,127,1
3519,156,1
3520,112,1
3521,51,1
3522,55,1
3523,110,1
3524,39,1
3525,89,0
3526,47,0
3527,74,1
3528,157,1
3529,156,1
3530,55,1
3531,95,1
3532,80,1
3533,105,1
3534,106,1
3535,78,1
3536,77,1
3537,47,1
3538,112,1
3539,79,1
3540,75,1
3541,178,1
3542,122,1
3543,115,1
3544,125,1
3545,136,1
3546,116,1
3547,83,0
3548,122,1
3549,200,0
3550,54,1
3551,72,1
3552,35,1
3553,161,1
3554,83,1
3555,80,1
3556,76,1
3557,169,1
3558,68,1
3559,84,1
3560,63,1
3561,135,1
3562,102,1
3563,121,1
3564,72,1
3565,135,1
3566,143,0
3567,77,1
3568,81,1
3569,57,0
3570,184,1
3571,104,1
3572,34,1
3573,63,1
3574,74,1
3575,62,1
3576,101,1
3577,51,1
3578,47,1
3579,54,1
3580,73,1
3581,34,1
3582,127,1
3583,55,1
3584,77,1
3585,86,1
3586,88,1
3587,65,1
3588,89,1
3589,56,1
3590,122,1
3591,74,1
3592,93,1
3593,42,1
3594,102,1
3595,53,1
3596,64,0
3597,111,1
3598,60,1
3599,129,1
3600,64,1
3601,106,1
3602,30,0
3603,70,1
3604,166,1
3605,110,1
3606,38,1
3607,186,1
3608,111,1
3609,99,1
3610,24,1
3611,200,0
3612,117,1
3613,53,1
3614,47,1
3615,55,1
3616,57,1
3617,83,1
3618,124,1
3619,122,1
3620,46,1
3621,42,1
3622,75,1
3623,200,0
3624,33,1
3625,43,1
3626,200,0
3627,64,1
3628,148,1
3629,66,1
3630,79,1
3631,200,0
3632,63,1
3633,112,1
3634,143,1
3635,200,0
3636,71,1
3637,58,1
3638,114,1
3639,49,1
3640,193,0
3641,72,1
3642,39,1
3643,138,0
3644,106,1
3645,65,0
3646,75,1
3647,115,1
3648,91,1
3649,50,1
3650,200,0
3651,79,1
3652,49,1
3653,95,1
3654,143,1
3655,120,1
3656,92,1
3657,100,1
3658,59,1
3659,111,1
3660,101,1
3661,67,1
3662,149,1
3663,200,0
3664,52,0
3665,91,1
3666,43,1
3667,61,1
3668,80,1
3669,139,1
3670,46,1
3671,41,1
3672,147,1
3673,79,0
3674,126,1
3675,131,1
3676,127,1
3677,136,1
3678,131,1
3679,96,1
3680,200,0
3681,62,1
3682,64,0
3683,176,1
3684,157,0
3685,46,0
3686,200,0
3687,105,1
3688,111,1
3689,200,0
3690,89,1
3691,51,1
3692,102,1
3693,17,0
3694,150,1
3695,136,1
3696,118,1
3697,101,1
3698,98,1
3699,81,1
3700,86,1
3701,79,1
3702,88,1
3703,139,1
3704,63,1
3705,64,1
3706,73,1
3707,66,1
3708,154,1
3709,200,0
3710,62,1
3711,126,1
3712,132,1
3713,158,1
3714,64,1
3715,45,1
3716,130,1
3717,131,1
3718,47,1
3719,79,1
3720,61,1
3721,44,1
3722,97,1
3723,136,1
3724,155,1
3725,71,0
3726,121,1
3727,200,0
3728,52,1
3729,94,0
3730,39,1
3731,83,1
3732,74,1
3733,71,1
3734,80,1
3735,93,1
3736,35,1
3737,93,1
3738,48,1
3739,200,0
3740,63,1
3741,33,1
3742,200,0
3743,39,0
3744,45,1
3745,47,1
3746,89,1
3747,103,1
3748,77,1
3749,131,1
3750,137,1
3751,29,1
3752,36,1
3753,119,0
3754,86,1
3755,75,1
3756,97,0
3757,99,0
3758,52,1
3759,46,0
3760,60,1
3761,138,1
3762,51,1
3763,68,1
3764,67,1
3765,68,1
3766,188,1
3767,67,0
3768,123,1
3769,85,1
3770,85,1
3771,142,1
3772,104,1
3773,68,1
3774,81,1
3775,86,1
3776,94,1
3777,94,1
3778,146,1
3779,129,1
3780,67,1
3781,192,1
3782,49,1
3783,88,1
3784,62,1
3785,200,0
3786,56,1
3787,108,1
3788,82,1
3789,28,1
3790,88,1
3791,51,1
3792,200,0
3793,142,1
3794,50,1
3795,90,1
3796,108,1
3797,200,0
3798,200,0
3799,97,1
3800,95,1
3801,200,0
3802,174,1
3803,50,1
3804,67,1
3805,166,1
3806,77,1
3807,97,1
3808,100,1
3809,53,1
3810,90,1
3811,42,1
3812,76,1
3813,200,0
3814,112,1
3815,101,1
3816,157,0
3817,160,1
3818,67,1
3819,115,1
3820,101,1
3821,62,1
3822,167,1
3823,40,1
3824,147,1
3825,130,1
3826,125,1
3827,74,1
3828,121,1
3829,146,1
3830,177,1
3831,103,1
3832,111,1
3833,61,1
3834,73,1
3835,95,1
3836,113,1
3837,27,1
3838,81,1
3839,147,1
3840,88,1
3841,56,1
3842,200,0
3843,24,1
3844,155,1
3845,191,1
3846,58,0
3847,77,1
3848,77,1
3849,53,1
3850,75,1
3851,121,1
3852,36,1
3853,81,1
3854,92,1
3855,200,0
3856,44,1
3857,92,1
3858,60,1
3859,99,1
3860,44,1
3861,200,0
3862,140,1
3863,93,1
3864,113,1
3865,162,1
3866,70,1
3867,150,1
3868,52,1
3869,88,1
3870,106,1
3871,139,1
3872,50,1
3873,154,1
3874,64,1
3875,125,1
3876,58,1
3877,129,1
3878,61,1
3879,59,1
3880,83,1
3881,200,0
3882,95,1
3883,114,1
3884,63,1
3885,92,1
3886,44,1
3887,98,1
3888,81,1
3889,43,1
3890,132,1
3891,72,1
3892,44,1
3893,53,1
3894,44,1
3895,179,1
3896,94,1
3897,39,1
3898,60,1
3899,49,1
3900,162,1
3901,59,1
3902,55,1
3903,43,0
3904,77,1
3905,71,1
3906,42,1
3907,53,1
3908,134,1
3909,104,1
3910,68,1
3911,126,1
3912,99,1
3913,153,1
3914,54,1
3915,94,1
3916,71,1
3917,45,1
3918,141,1
3919,141,0
3920,181,1
3921,200,0
3922,99,1
3923,40,1
3924,69,1
3925,60,1
3926,94,1
3927,19,1
3928,108,1
3929,113,1
3930,64,1
3931,91,1
3932,32,1
3933,89,1
3934,127,1
3935,108,1
3936,94,1
3937,110,1
3938,154,1
3939,120,1
3940,83,1
3941,77,1
3942,41,1
3943,109,1
3944,62,1
3945,48,1
3946,124,1
3947,49,1
3948,140,1
3949,80,1
3950,51,1
3951,59,1
3952,42,0
3953,51,1
3954,57,1
3955,73,1
3956,108,1
3957,200,0
3958,105,1
3959,37,1
3960,200,0
3961,105,1
3962,89,1
3963,131,1
3964,48,0
3965,55,1
3966,135,0
3967,18,0
3968,200,0
3969,109,1
3970,74,1
3971,90,1
3972,163,0
3973,162,1
3974,148,1
3975,168,1
3976,70,1
3977,89,1
3978,161,1
3979,41,0
3980,78,1
3981,108,1
3982,108,1
3983,41,1
3984,200,0
3985,173,1
3986,148,1
3987,83,1
3988,97,1
3989,131,1
3990,200,0
3991,20,1
3992,200,0
3993,92,1
3994,84,1
3995,78,1
3996,32,1
3997,31,1
3998,123,0
3999,153,1
4000,200,0
4001,58,1
4002,87,1
4003,124,1
4004,52,1
4005,83,1
4006,59,0
4007,144,1
4008,106,1
4009,126,1
4010,200,0
4011,58,1
4012,103,1
4013,167,1
4014,112,1
4015,136,1
4016,82,1
4017,52,1
4018,45,1
4019,73,1
4020,162,1
4021,83,1
4022,133,1
4023,81,1
4024,166,1
4025,40,1
4026,120,1
4027,48,1
4028,62,1
4029,15,0
4030,111,1
4031,86,1
4032,50,1
4033,122,1
4034,46,1
4035,51,1
4036,58,1
4037,128,1
4038,200,0
4039,36,1
4040,141,1
4041,132,1
4042,51,1
4043,200,0
4044,91,1
4045,86,1
4046,63,0
4047,139,1
4048,146,1
4049,83,1
4050,145,1
4051,109,0
4052,118,1
4053,62,1
4054,65,1
4055,197,1
4056,98,1
4057,65,1
4058,157,1
4059,112,1
4060,100,1
4061,84,1
4062,100,1
4063,149,1
4064,49,1
4065,58,1
4066,70,1
4067,200,0
4068,50,1
4069,55,1
4070,27,0
4071,67,1
4072,40,1
4073,134,1
4074,63,1
4075,61,1
4076,64,1
4077,90,1
4078,80,1
4079,87,1
4080,53,1
4081,95,1
4082,101,1
4083,39,1
4084,200,0
4085,126,1
4086,129,1
4087,111,1
4088,75,1
4089,91,1
4090,92,1
4091,126,0
4092,47,1
4093,132,1
4094,95,1
4095,58,1
4096,147,1
4097,108,1
4098,77,1
4099,159,1
4100,76,1
4101,120,0
4102,97,1
4103,84,1
4104,64,1
4105,83,1
4106,93,1
4107,34,1
4108,40,1
4109,107,1
4110,30,1
4111,97,1
4112,86,1
4113,94,1
4114,79,1
4115,52,0
4116,24,1
4117,90,1
4118,83,1
4119,84,1
4120,89,1
4121,200,0
4122,166,0
4123,25,1
4124,56,1
4125,57,1
4126,143,1
4127,44,1
4128,91,0
4129,127,1
4130,117,1
4131,39,1
4132,39,1
4133,109,1
4134,67,1
4135,106,1
4136,43,1
4137,44,1
4138,39,1
4139,102,1
4140,81,1
4141,132,1
4142,51,1
4143,71,0
4144,123,1
4145,137,1
4146,40,1
4147,116,1
4148,96,1
4149,146,1
4150,169,1
4151,92,1
4152,99,1
4153,142,1
4154,38,0
4155,184,1
4156,183,0
4157,51,1
4158,99,1
4159,128,1
4160,129,1
4161,68,1
4162,200,0
4163,180,1
4164,47,1
4165,12,0
4166,110,1
4167,200,0
4168,107,1
4169,176,1
4170,75,1
4171,30,1
4172,125,1
4173,48,1
4174,200,0
4175,108,1
4176,85,1
4177,200,0
4178,110,1
4179,119,1
4180,136,1
4181,200,0
4182,72,1
4183,200,0
4184,75,1
4185,69,1
4186,150,1
4187,68,1
4188,200,0
4189,153,1
4190,27,1
4191,31,1
4192,89,1
4193,98,1
4194,109,1
4195,87,1
4196,106,1
4197,109,1
4198,91,1
4199,82,1
4200,92,1
4201,123,1
4202,116,1
4203,131,1
4204,53,1
4205,76,1
4206,88,1
4207,71,1
4208,115,1
4209,138,1
4210,50,1
4211,200,0
4212,84,1
4213,71,1
4214,117,1
4215,67,1
4216,32,1
4217,56,1
4218,99,1
4219,81,1
4220,200,0
4221,30,1
4222,68,1
4223,64,1
4224,200,0
4225,70,1
4226,83,1
4227,61,1
4228,48,1
4229,28,0
4230,87,1
4231,61,1
4232,200,0
4233,141,1
4234,86,1
4235,46,1
4236,132,1
4237,112,1
4238,40,0
4239,53,1
4240,78,1
4241,137,1
4242,93,1
4243,88,1
4244,200,0
4245,81,1
4246,84,1
4247,53,1
4248,113,1
4249,200,0
4250,194,1
4251,80,1
4252,127,1
4253,57,1
4254,62,1
4255,23,0
4256,67,1
4257,93,0
4258,43,1
4259,60,1
4260,29,1
4261,62,1
4262,47,1
4263,141,1
4264,68,1
4265,63,1
4266,52,1
4267,22,1
4268,166,1
4269,45,1
4270,200,0
4271,63,1
4272,156,1
4273,33,1
4274,47,1
4275,57,1
4276,44,1
4277,48,0
4278,27,1
4279,53,1
4280,200,0
4281,99,1
4282,200,0
4283,186,0
4284,161,1
4285,58,1
4286,117,1
4287,100,1
4288,100,0
4289,200,0
4290,106,1
4291,113,1
4292,165,1
4293,87,1
4294,77,1
4295,63,1
4296,51,1
4297,58,1
4298,168,1
4299,48,1
4300,178,1
4301,62,1
4302,104,1
4303,200,0
4304,151,1
4305,85,1
4306,74,1
4307,147,1
4308,200,0
4309,50,1
4310,179,1
4311,200,0
4312,70,1
4313,97,1
4314,110,0
4315,57,1
4316,92,1
4317,104,1
4318,41,1
4319,126,1
4320,128,1
4321,93,1
4322,59,1
4323,32,1
4324,107,1
4325,45,1
4326,139,1
4327,130,1
4328,92,1
4329,197,1
4330,128,1
4331,44,1
4332,49,0
4333,79,0
4334,30,1
4335,59,1
4336,85,1
4337,50,1
4338,53,1
4339,84,1
4340,71,1
4341,70,1
4342,188,1
4343,115,1
4344,89,1
4345,62,0
4346,57,1
4347,107,1
4348,53,1
4349,111,1
4350,44,1
4351,41,1
4352,35,1
4353,200,0
4354,129,1
4355,119,0
4356,85,1
4357,153,1
4358,200,1
4359,64,1
4360,139,1
4361,99,1
4362,92,1
4363,128,1
4364,109,1
4365,22,1
4366,132,1
4367,74,1
4368,37,0
4369,48,1
4370,91,1
4371,199,1
4372,109,1
4373,35,1
4374,115,1
4375,56,1
4376,140,1
4377,64,1
4378,80,1
4379,174,1
4380,66,0
4381,75,1
4382,168,1
4383,106,1
4384,78,1
4385,80,1
4386,103,1
4387,200,0
4388,46,1
4389,56,1
4390,82,1
4391,109,1
4392,83,1
4393,63,1
4394,200,0
4395,158,1
4396,69,1
4397,60,1
4398,86,1
4399,55,1
4400,183,1
4401,82,1
4402,104,1
4403,48,1
4404,51,1
4405,45,1
4406,62,1
4407,76,1
4408,50,1
4409,64,1
4410,77,1
4411,52,1
4412,124,1
4413,79,1
4414,71,1
4415,75,1
4416,46,1
4417,112,1
4418,64,1
4419,78,1
4420,76,1
4421,80,0
4422,80,1
4423,83,1
4424,91,1
4425,72,1
4426,63,1
4427,90,1
4428,81,1
4429,200,0
4430,118,0
4431,152,1
4432,170,1
4433,52,1
4434,62,1
4435,84,1
4436,98,1
4437,80,1
4438,80,1
4439,111,1
4440,148,1
4441,151,1
4442,63,1
4443,200,0
4444,105,1
4445,111,1
4446,76,1
4447,133,1
4448,81,1
4449,73,1
4450,62,0
4451,56,0
4452,200,0
4453,101,1
4454,64,1
4455,149,1
4456,151,1
4457,39,1
4458,103,1
4459,43,1
4460,51,1
4461,83,1
4462,174,1
4463,107,1
4464,38,1
4465,72,1
4466,75,1
4467,63,1
4468,200,0
4469,65,1
4470,161,1
4471,70,1
4472,75,1
4473,72,1
4474,55,1
4475,59,1
4476,38,1
4477,103,1
4478,39,1
4479,102,1
4480,62,1
4481,147,1
4482,126,1
4483,108,1
4484,194,1
4485,47,1
4486,71,1
4487,108,1
4488,131,1
4489,153,1
4490,94,1
4491,93,1
4492,44,1
4493,41,1
4494,39,1
4495,64,1
4496,103,1
4497,67,1
4498,109,1
4499,61,1
4500,52,1
4501,80,1
4502,77,1
4503,31,1
4504,60,1
4505,106,1
4506,200,0
4507,65,1
4508,199,1
4509,64,1
4510,40,1
4511,58,1
4512,101,1
4513,95,1
4514,53,1
4515,70,1
4516,129,1
4517,48,1
4518,86,1
4519,130,1
4520,57,1
4521,73,1
4522,40,1
4523,26,1
4524,36,1
4525,98,1
4526,105,1
4527,77,1
4528,105,1
4529,52,1
4530,101,1
4531,29,1
4532,128,1
4533,185,1
4534,146,1
4535,37,1
4536,62,1
4537,106,1
4538,117,1
4539,83,1
4540,133,1
4541,110,1
4542,90,1
4543,44,1
4544,60,1
4545,154,0
4546,80,1
4547,197,1
4548,45,1
4549,74,1
4550,50,1
4551,163,1
4552,51,1
4553,57,1
4554,61,1
4555,100,1
4556,107,1
4557,39,1
4558,80,1
4559,55,1
4560,59,1
4561,111,1
4562,95,1
4563,193,1
4564,74,1
4565,200,0
4566,91,1
4567,128,1
4568,87,1
4569,63,1
4570,145,1
4571,146,1
4572,196,1
4573,41,1
4574,41,1
4575,110,1
4576,181,1
4577,38,1
4578,186,1
4579,62,1
4580,200,0
4581,34,1
4582,114,1
4583,47,1
4584,65,1
4585,60,1
4586,200,0
4587,87,1
4588,100,1
4589,200,0
4590,119,1
4591,55,1
4592,149,0
4593,58,1
4594,49,1
4595,44,1
4596,175,1
4597,200,0
4598,56,1
4599,131,1
4600,92,1
4601,83,1
4602,84,1
4603,117,1
4604,104,1
4605,91,1
4606,81,1
4607,101,1
4608,200,0
4609,94,1
4610,140,1
4611,200,0
4612,165,1
4613,200,0
4614,105,1
4615,69,1
4616,159,1
4617,61,1
4618,53,1
4619,34,1
4620,126,1
4621,200,0
4622,155,1
4623,199,1
4624,60,0
4625,73,1
4626,110,1
4627,162,1
4628,68,1
4629,81,1
4630,195,1
4631,113,1
4632,56,1
4633,200,0
4634,200,0
4635,58,1
4636,83,1
4637,88,1
4638,146,1
4639,182,1
4640,65,1
4641,200,0
4642,69,1
4643,189,1
4644,58,1
4645,47,1
4646,200,0
4647,70,1
4648,121,0
4649,156,1
4650,149,1
4651,67,1
4652,129,1
4653,53,1
4654,98,1
4655,71,1
4656,39,1
4657,191,1
4658,92,1
4659,200,0
4660,48,1
4661,108,1
4662,131,1
4663,119,1
4664,48,1
4665,118,1
4666,66,1
4667,57,1
4668,45,1
4669,104,1
4670,83,1
4671,67,1
4672,144,1
4673,135,1
4674,33,1
4675,69,1
4676,200,0
4677,200,0
4678,158,1
4679,34,1
4680,180,0
4681,39,1
4682,68,1
4683,67,1
4684,88,1
4685,81,1
4686,44,1
4687,67,1
4688,70,1
4689,103,1
4690,160,1
4691,200,0
4692,60,1
4693,79,1
4694,52,1
4695,62,1
4696,171,1
4697,120,1
4698,47,1
4699,113,1
4700,115,1
4701,200,0
4702,68,1
4703,86,1
4704,122,1
4705,77,1
4706,91,1
4707,62,1
4708,146,1
4709,113,1
4710,146,1
4711,53,1
4712,87,1
4713,40,1
4714,141,1
4715,55,1
4716,121,1
4717,100,1
4718,200,0
4719,172,1
4720,74,1
4721,200,0
4722,58,1
4723,200,0
4724,116,1
4725,92,1
4726,159,1
4727,53,1
4728,73,1
4729,102,1
4730,137,1
4731,114,1
4732,65,1
4733,74,1
4734,98,1
4735,57,1
4736,130,1
4737,93,1
4738,85,1
4739,91,1
4740,101,1
4741,149,1
4742,116,1
4743,87,1
4744,118,1
4745,84,1
4746,167,1
4747,54,1
4748,55,1
4749,84,1
4750,168,1
4751,49,1
4752,173,1
4753,97,1
4754,200,0
4755,69,1
4756,32,1
4757,64,1
4758,144,1
4759,63,0
4760,116,1
4761,88,1
4762,83,1
4763,74,1
4764,90,1
4765,102,1
4766,179,1
4767,66,1
4768,104,1
4769,200,0
4770,97,1
4771,200,0
4772,91,1
4773,121,1
4774,79,1
4775,48,1
4776,103,1
4777,140,1
4778,138,1
4779,181,1
4780,39,1
4781,111,1
4782,46,1
4783,200,0
4784,165,0
4785,101,1
4786,200,0
4787,200,0
4788,148,1
4789,121,1
4790,200,0
4791,53,1
4792,102,1
4793,43,1
4794,76,1
4795,177,1
4796,119,1
4797,79,1
4798,35,1
4799,39,1
4800,76,0
4801,64,1
4802,67,1
4803,176,1
4804,70,1
4805,41,1
4806,58,1
4807,77,1
4808,89,1
4809,185,1
4810,180,1
4811,169,1
4812,94,1
4813,83,1
4814,55,1
4815,104,1
4816,82,1
4817,117,0
4818,73,1
4819,95,1
4820,82,1
4821,13,0
4822,80,1
4823,43,1
4824,185,1
4825,193,1
4826,46,1
4827,151,1
4828,118,1
4829,200,0
4830,56,1
4831,72,1
4832,113,0
4833,88,1
4834,76,1
4835,200,0
4836,85,0
4837,120,1
4838,200,0
4839,104,1
4840,98,1
4841,79,1
4842,107,1
4843,69,1
4844,190,1
4845,144,1
4846,126,1
4847,34,0
4848,200,0
4849,39,0
4850,98,1
4851,200,0
4852,77,1
4853,52,1
4854,58,1
4855,103,1
4856,121,1
4857,64,1
4858,47,1
4859,92,1
4860,180,1
4861,92,1
4862,49,1
4863,101,1
4864,77,1
4865,50,1
4866,140,1
4867,126,1
4868,116,1
4869,166,1
4870,61,1
4871,90,1
4872,51,1
4873,69,1
4874,44,1
4875,76,1
4876,182,1
4877,66,1
4878,88,1
4879,35,1
4880,73,1
4881,200,0
4882,66,1
4883,49,1
4884,200,0
4885,55,1
4886,67,1
4887,76,1
4888,82,1
4889,80,1
4890,200,0
4891,45,1
4892,177,1
4893,58,1
4894,107,1
4895,52,1
4896,95,1
4897,39,1
4898,200,0
4899,134,1
4900,147,1
4901,164,1
4902,200,0
4903,137,1
4904,70,1
4905,56,1
4906,71,1
4907,27,1
4908,69,1
4909,74,1
4910,104,1
4911,36,1
4912,162,0
4913,200,0
4914,60,1
4915,138,1
4916,34,1
4917,25,1
4918,183,1
4919,108,1
4920,113,0
4921,152,1
4922,67,1
4923,57,1
4924,79,1
4925,87,1
4926,38,1
4927,64,1
4928,57,1
4929,119,1
4930,144,0
4931,59,1
4932,41,1
4933,38,1
4934,170,1
4935,61,1
4936,57,1
4937,50,1
4938,200,0
4939,131,1
4940,91,1
4941,200,0
4942,69,1
4943,56,1
4944,200,0
4945,79,1
4946,89,1
4947,76,1
4948,86,1
4949,107,1
4950,60,1
4951,80,1
4952,120,1
4953,97,1
4954,84,1
4955,53,1
4956,51,1
4957,33,1
4958,195,1
4959,172,1
4960,38,1
4961,138,1
4962,73,1
4963,55,1
4964,156,1
4965,91,1
4966,51,1
4967,176,1
4968,90,1
4969,115,0
4970,93,0
4971,133,1
4972,88,1
4973,20,0
4974,36,1
4975,200,0
4976,165,1
4977,106,1
4978,200,0
4979,148,1
4980,106,1
4981,93,1
4982,165,1
4983,52,1
4984,107,0
4985,130,1
4986,101,1
4987,74,1
4988,128,1
4989,85,1
4990,65,1
4991,52,1
4992,109,1
4993,65,1
4994,36,1
4995,74,1
4996,110,1
4997,165,1
4998,43,1
4999,52,1
5000,200,0
5001,42,1
5002,179,1
5003,81,1
5004,143,1
5005,200,0
5006,60,1
5007,48,1
5008,69,1
5009,28,1
5010,109,1
5011,102,1
5012,52,1
5013,69,1
5014,83,1
5015,56,1
5016,69,0
5017,72,1
5018,167,1
5019,163,1
5020,75,1
5021,121,1
5022,60,1
5023,157,1
5024,124,1
5025,107,1
5026,93,1
5027,85,1
5028,30,1
5029,48,1
5030,123,1
5031,98,1
5032,108,1
5033,74,1
5034,153,0
5035,109,1
5036,63,0
5037,141,1
5038,128,1
5039,54,1
5040,50,1
5041,55,1
5042,82,1
5043,162,1
5044,63,1
5045,54,1
5046,80,1
5047,122,1
5048,200,0
5049,63,1
5050,84,1
5051,108,1
5052,87,1
5053,73,1
5054,39,1
5055,82,1
5056,45,1
5057,200,0
5058,90,1
5059,50,1
5060,88,1
5061,60,1
5062,84,1
5063,61,1
5064,81,1
5065,59,1
5066,140,0
5067,84,1
5068,37,1
5069,44,1
5070,76,1
5071,91,1
5072,119,1
5073,56,1
5074,106,1
5075,96,1
5076,138,1
5077,97,1
5078,79,1
5079,36,1
5080,123,1
5081,102,1
5082,51,1
5083,70,1
5084,88,1
5085,85,1
5086,63,1
5087,83,1
5088,142,1
5089,110,1
5090,38,1
5091,41,1
5092,105,1
5093,116,1
5094,177,1
5095,76,1
5096,183,1
5097,38,1
5098,61,1
5099,119,1
5100,181,1
5101,177,1
5102,156,1
5103,69,1
5104,78,1
5105,43,1
5106,121,1
5107,47,1
5108,160,1
5109,60,1
5110,52,0
5111,114,1
5112,81,1
5113,177,1
5114,89,1
5115,90,1
5116,58,1
5117,174,1
5118,88,1
5119,58,1
5120,62,1
5121,47,1
5122,19,0
5123,144,1
5124,148,1
5125,37,0
5126,92,1
5127,113,1
5128,136,1
5129,64,1
5130,200,0
5131,70,1
5132,118,1
5133,42,1
5134,52,1
5135,82,1
5136,101,1
5137,129,1
5138,56,1
5139,40,1
5140,38,1
5141,136,1
5142,127,1
5143,51,1
5144,21,1
5145,71,0
5146,152,1
5147,118,1
5148,181,1
5149,115,1
5150,146,1
5151,45,1
5152,28,1
5153,47,1
5154,146,1
5155,38,1
5156,54,1
5157,68,1
5158,157,1
5159,128,1
5160,117,1
5161,114,1
5162,105,1
5163,122,1
5164,85,1
5165,164,1
5166,56,0
5167,117,1
5168,191,1
5169,135,1
5170,62,1
5171,52,1
5172,49,1
5173,88,1
5174,200,0
5175,90,1
5176,75,1
5177,59,1
5178,77,1
5179,63,1
5180,44,1
5181,162,1
5182,48,1
5183,187,1
5184,30,1
5185,46,1
5186,99,1
5187,54,1
5188,120,1
5189,200,0
5190,37,0
5191,127,0
5192,88,1
5193,200,0
5194,200,0
5195,200,0
5196,151,1
5197,200,0
5198,76,1
5199,125,1
5200,112,1
5201,61,1
5202,52,1
5203,64,1
5204,63,1
5205,57,1
5206,154,1
5207,103,1
5208,90,1
5209,135,1
5210,54,1
5211,116,1
5212,138,1
5213,60,1
5214,120,1
5215,64,1
5216,70,1
5217,150,1
5218,113,1
5219,50,1
5220,134,1
5221,84,1
5222,20,0
5223,46,1
5224,107,1
5225,72,1
5226,149,1
5227,144,1
5228,35,1
5229,84,1
5230,137,1
5231,137,1
5232,200,0
5233,160,1
5234,96,1
5235,79,1
5236,75,1
5237,44,1
5238,195,1
5239,87,1
5240,92,1
5241,120,1
5242,157,1
5243,108,1
5244,80,1
5245,190,1
5246,65,1
5247,120,1
5248,200,0
5249,44,1
5250,94,1
5251,83,1
5252,145,1
5253,73,1
5254,154,1
5255,98,1
5256,157,1
5257,200,0
5258,127,1
5259,39,1
5260,181,1
5261,67,1
5262,60,1
5263,105,1
5264,70,1
5265,32,1
5266,110,1
5267,129,1
5268,200,0
5269,136,1
5270,138,1
5271,94,1
5272,79,1
5273,188,1
5274,65,1
5275,82,1
5276,84,1
5277,94,1
5278,133,1
5279,50,1
5280,133,1
5281,85,1
5282,50,1
5283,200,0
5284,147,1
5285,141,1
5286,123,1
5287,90,1
5288,92,1
5289,119,1
5290,88,1
5291,120,1
5292,123,1
5293,113,1
5294,18,0
5295,66,1
5296,51,0
5297,37,0
5298,79,1
5299,36,1
5300,109,1
5301,118,1
5302,37,1
5303,180,1
5304,72,1
5305,60,1
5306,66,1
5307,108,1
5308,103,1
5309,56,1
5310,50,1
5311,53,1
5312,200,0
5313,82,1
5314,84,1
5315,130,1
5316,38,1
5317,158,1
5318,66,1
5319,200,0
5320,46,1
5321,50,1
5322,196,1
5323,200,0
5324,140,1
5325,55,1
5326,56,1
5327,200,0
5328,133,1
5329,61,1
5330,200,0
5331,19,1
5332,62,1
5333,34,1
5334,107,1
5335,200,0
5336,40,1
5337,53,1
5338,58,1
5339,53,1
5340,200,0
5341,95,1
5342,156,1
5343,63,1
5344,194,1
5345,96,1
5346,36,1
5347,89,1
5348,88,1
5349,200,0
5350,113,1
5351,68,1
5352,150,0
5353,128,1
5354,143,1
5355,94,1
5356,182,1
5357,93,1
5358,170,1
5359,26,1
5360,82,1
5361,46,1
5362,53,1
5363,154,1
5364,57,1
5365,200,0
5366,110,1
5367,108,1
5368,114,1
5369,47,1
5370,118,0
5371,70,1
5372,75,1
5373,63,1
5374,82,1
5375,80,1
5376,59,1
5377,68,1
5378,96,1
5379,107,1
5380,45,0
5381,200,0
5382,55,1
5383,96,1
5384,102,1
5385,191,1
5386,149,1
5387,68,1
5388,163,1
5389,86,1
5390,69,1
5391,99,1
5392,103,1
5393,120,1
5394,184,1
5395,163,1
5396,80,1
5397,52,0
5398,69,1
5399,164,1
5400,65,1
5401,92,1
5402,154,1
5403,55,1
5404,130,1
5405,200,0
5406,70,0
5407,11,0
5408,29,1
5409,176,1
5410,66,1
5411,94,1
5412,62,1
5413,67,1
5414,72,1
5415,81,1
5416,37,1
5417,40,1
5418,98,1
5419,170,1
5420,53,1
5421,40,1
5422,132,1
5423,75,1
5424,127,1
5425,82,1
5426,78,0
5427,182,1
5428,117,1
5429,191,1
5430,166,1
5431,150,1
5432,200,0
5433,51,1
5434,34,1
5435,145,1
5436,200,0
5437,89,1
5438,70,1
5439,200,0
5440,150,1
5441,100,1
5442,47,1
5443,75,1
5444,112,1
5445,34,1
5446,200,0
5447,130,1
5448,156,1
5449,200,0
5450,180,1
5451,101,1
5452,64,1
5453,200,0
5454,170,1
5455,50,1
5456,162,0
5457,98,1
5458,170,1
5459,64,1
5460,115,1
5461,139,1
5462,139,1
5463,128,1
5464,197,1
5465,158,1
5466,99,0
5467,70,1
5468,160,1
5469,46,1
5470,44,1
5471,139,1
5472,41,1
5473,86,1
5474,105,1
5475,67,1
5476,71,1
5477,96,1
5478,200,0
5479,146,1
5480,153,1
5481,102,1
5482,110,1
5483,181,1
5484,50,1
5485,109,1
5486,147,1
5487,141,1
5488,109,1
5489,44,1
5490,44,1
5491,193,1
5492,101,1
5493,72,1
5494,81,1
5495,60,1
5496,80,1
5497,142,1
5498,59,1
5499,144,1
5500,198,1
5501,76,0
5502,31,1
5503,189,1
5504,94,0
5505,87,1
5506,44,1
5507,79,1
5508,173,1
5509,73,1
5510,148,1
5511,77,1
5512,107,1
5513,61,1
5514,103,1
5515,75,0
5516,76,1
5517,57,1
5518,109,1
5519,66,1
5520,52,1
5521,47,1
5522,152,1
5523,57,1
5524,82,1
5525,56,1
5526,92,1
5527,138,1
5528,74,0
5529,168,1
5530,73,1
5531,72,1
5532,66,1
5533,115,1
5534,74,0
5535,82,1
5536,200,0
5537,180,1
5538,38,1
5539,63,1
5540,83,1
5541,200,0
5542,29,1
5543,75,1
5544,96,1
5545,96,1
5546,62,1
5547,151,1
5548,173,0
5549,200,0
5550,170,1
5551,65,1
5552,74,1
5553,108,1
5554,86,1
5555,39,1
5556,200,0
5557,26,1
5558,70,1
5559,66,1
5560,118,1
5561,159,1
5562,33,1
5563,93,1
5564,115,1
5565,83,1
5566,75,1
5567,70,1
5568,127,1
5569,180,1
5570,111,1
5571,53,1
5572,200,0
5573,47,1
5574,72,1
5575,124,1
5576,158,1
5577,99,1
5578,176,1
5579,42,1
5580,56,1
5581,68,1
5582,70,1
5583,55,1
5584,50,1
5585,159,1
5586,71,1
5587,150,1
5588,107,1
5589,200,0
5590,53,1
5591,85,1
5592,102,1
5593,45,1
5594,43,1
5595,109,1
5596,35,1
5597,87,0
5598,134,1
5599,200,0
5600,40,1
5601,78,1
5602,88,1
5603,143,1
5604,43,1
5605,40,1
5606,39,1
5607,40,1
5608,148,1
5609,30,1
5610,65,0
5611,119,1
5612,93,1
5613,174,1
5614,49,0
5615,94,1
5616,74,1
5617,78,1
5618,76,1
5619,138,1
5620,102,1
5621,48,0
5622,59,0
5623,62,1
5624,105,1
5625,99,1
5626,200,0
5627,23,1
5628,140,1
5629,200,0
5630,78,1
5631,115,1
5632,84,1
5633,89,1
5634,101,1
5635,157,1
5636,172,1
5637,200,0
5638,200,0
5639,61,1
5640,47,1
5641,194,1
5642,54,0
5643,71,1
5644,200,0
5645,124,1
5646,112,1
5647,55,1
5648,74,1
5649,61,1
5650,145,1
5651,200,1
5652,48,1
5653,64,1
5654,47,1
5655,63,1
5656,48,1
5657,168,1
5658,58,1
5659,41,1
5660,141,1
5661,38,1
5662,84,1
5663,132,1
5664,73,1
5665,87,1
5666,91,1
5667,109,1
5668,74,1
5669,154,1
5670,200,0
5671,26,1
5672,59,1
5673,200,0
5674,58,1
5675,40,1
5676,99,1
5677,42,1
5678,100,1
5679,200,0
5680,76,1
5681,83,1
5682,38,1
5683,140,1
5684,200,0
5685,35,1
5686,148,0
5687,200,0
5688,60,1
5689,103,1
5690,65,1
5691,107,1
5692,91,1
5693,56,1
5694,40,1
5695,41,1
5696,78,1
5697,98,1
5698,113,1
5699,120,1
5700,146,1
5701,200,0
5702,121,1
5703,42,1
5704,24,1
5705,108,1
5706,124,1
5707,58,1
5708,194,1
5709,146,1
5710,157,1
5711,54,1
5712,136,1
5713,113,1
5714,131,1
5715,56,1
5716,71,1
5717,106,1
5718,41,1
5719,106,1
5720,54,1
5721,42,1
5722,93,1
5723,90,1
5724,69,1
5725,69,1
5726,89,1
5727,73,0
5728,110,1
5729,200,0
5730,121,1
5731,92,1
5732,52,1
5733,58,1
5734,77,1
5735,68,1
5736,74,1
5737,126,1
5738,57,0
5739,85,1
5740,63,1
5741,89,1
5742,87,1
5743,86,1
5744,56,1
5745,200,0
5746,43,0
5747,88,1
5748,66,1
5749,103,1
5750,89,1
5751,71,1
5752,57,0
5753,86,1
5754,48,1
5755,54,1
5756,172,1
5757,59,1
5758,30,1
5759,74,1
5760,73,1
5761,66,1
5762,103,1
5763,87,1
5764,84,1
5765,67,1
5766,182,1
5767,145,1
5768,200,0
5769,31,1
5770,43,0
5771,69,1
5772,40,1
5773,87,1
5774,137,1
5775,40,1
5776,83,1
5777,102,1
5778,82,1
5779,99,1
5780,63,1
5781,88,1
5782,97,1
5783,200,0
5784,94,1
5785,121,1
5786,189,1
5787,71,1
5788,131,1
5789,139,1
5790,87,1
5791,42,1
5792,40,1
5793,158,1
5794,124,0
5795,153,1
5796,76,1
5797,84,1
5798,200,0
5799,119,1
5800,65,1
5801,107,1
5802,87,1
5803,70,1
5804,60,1
5805,44,0
5806,91,1
5807,92,1
5808,54,1
5809,134,1
5810,102,0
5811,50,1
5812,60,1
5813,49,1
5814,200,0
5815,159,1
5816,66,1
5817,111,1
5818,116,1
5819,55,1
5820,33,1
5821,43,0
5822,106,1
5823,43,1
5824,30,1
5825,170,1
5826,33,1
5827,184,1
5828,98,0
5829,60,1
5830,77,1
5831,107,1
5832,83,1
5833,120,1
5834,72,1
5835,124,1
5836,57,1
5837,68,1
5838,66,0
5839,197,1
5840,71,1
5841,200,0
5842,68,1
5843,44,1
5844,196,1
5845,29,1
5846,200,0
5847,47,1
5848,200,0
5849,164,1
5850,75,1
5851,161,1
5852,66,1
5853,86,1
5854,93,1
5855,52,1
5856,118,1
5857,40,1
5858,39,1
5859,28,1
5860,50,1
5861,91,1
5862,111,1
5863,65,1
5864,158,1
5865,76,1
5866,40,1
5867,64,1
5868,67,1
5869,46,1
5870,49,1
5871,78,1
5872,102,1
5873,75,1
5874,84,1
5875,200,0
5876,84,1
5877,114,1
5878,98,1
5879,129,1
5880,83,1
5881,167,1
5882,147,1
5883,46,1
5884,200,0
5885,180,1
5886,151,1
5887,40,1
5888,131,1
5889,74,1
5890,85,1
5891,47,1
5892,120,1
5893,36,1
5894,144,1
5895,171,1
5896,101,1
5897,74,1
5898,200,0
5899,90,1
5900,120,1
5901,95,1
5902,41,1
5903,183,1
5904,67,1
5905,37,1
5906,52,1
5907,134,1
5908,87,0
5909,200,0
5910,57,1
5911,109,1
5912,35,1
5913,66,1
5914,44,1
5915,32,1
5916,61,1
5917,97,1
5918,50,1
5919,85,1
5920,31,1
5921,59,1
5922,29,1
5923,142,1
5924,102,1
5925,116,1
5926,65,1
5927,41,1
5928,198,1
5929,74,1
5930,69,1
5931,53,1
5932,41,1
5933,35,0
5934,191,1
5935,62,1
5936,46,1
5937,135,1
5938,181,1
5939,103,1
5940,39,1
5941,60,1
5942,200,0
5943,38,1
5944,135,1
5945,157,1
5946,136,1
5947,59,1
5948,99,1
5949,28,1
5950,198,1
5951,59,1
5952,94,1
5953,86,1
5954,47,1
5955,145,1
5956,76,1
5957,58,1
5958,57,1
5959,49,1
5960,43,1
5961,47,1
5962,67,1
5963,37,1
5964,110,1
5965,88,1
5966,59,1
5967,135,1
5968,44,1
5969,200,0
5970,123,1
5971,122,1
5972,109,1
5973,91,1
5974,138,1
5975,88,1
5976,107,1
5977,149,1
5978,70,1
5979,59,1
5980,100,1
5981,130,1
5982,121,1
5983,61,1
5984,27,1
5985,66,1
5986,77,1
5987,98,1
5988,68,1
5989,93,1
5990,113,1
5991,57,1
5992,34,1
5993,139,0
5994,122,1
5995,101,1
5996,39,1
5997,110,1
5998,126,0
5999,112,1
6000,119,1
6001,75,1
6002,104,1
6003,76,1
6004,70,1
6005,94,1
6006,106,1
6007,81,1
6008,49,1
6009,143,1
6010,99,1
6011,53,1
6012,122,1
6013,58,1
6014,43,1
6015,87,1
6016,128,1
6017,71,1
6018,109,1
6019,63,1
6020,121,1
6021,66,1
6022,66,1
6023,57,1
6024,114,1
6025,49,1
6026,53,1
6027,94,1
6028,113,0
6029,200,0
6030,41,0
6031,200,0
6032,81,1
6033,78,1
6034,200,0
6035,26,0
6036,68,1
6037,164,1
6038,40,1
6039,114,1
6040,38,0
6041,200,0
6042,56,1
6043,72,1
6044,194,1
6045,172,1
6046,102,1
6047,74,0
6048,104,1
6049,66,1
6050,55,1
6051,138,1
6052,59,1
6053,142,1
6054,104,1
6055,129,1
6056,49,1
6057,67,1
6058,24,1
6059,71,1
6060,200,0
6061,140,1
6062,113,1
6063,81,1
6064,180,1
6065,79,1
6066,177,1
6067,74,1
6068,72,1
6069,53,0
6070,101,1
6071,158,1
6072,149,1
6073,82,1
6074,50,0
6075,73,1
6076,45,0
6077,62,1
6078,91,1
6079,89,1
6080,88,1
6081,126,1
6082,200,0
6083,49,0
6084,84,1
6085,200,0
6086,200,0
6087,110,1
6088,200,0
6089,103,1
6090,117,0
6091,162,1
6092,144,1
6093,200,0
6094,121,1
6095,132,1
6096,200,0
6097,47,1
6098,88,1
6099,100,1
6100,119,1
6101,50,1
6102,134,1
6103,37,1
6104,200,1
6105,68,1
6106,153,1
6107,176,1
6108,96,1
6109,93,1
6110,125,1
6111,31,1
6112,127,1
6113,200,0
6114,88,1
6115,121,1
6116,129,1
6117,43,1
6118,145,1
6119,200,0
6120,53,1
6121,122,1
6122,44,1
6123,83,1
6124,180,1
6125,200,0
6126,200,0
6127,153,1
6128,166,1
6129,82,1
6130,110,1
6131,98,0
6132,76,1
6133,106,1
6134,80,1
6135,32,1
6136,150,1
6137,144,1
6138,200,0
6139,52,1
6140,132,1
6141,86,0
6142,103,1
6143,129,1
6144,67,1
6145,40,1
6146,55,1
6147,65,1
6148,67,1
6149,111,1
6150,133,1
6151,112,1
6152,53,1
6153,84,1
6154,82,1
6155,57,1
6156,67,1
6157,53,1
6158,78,1
6159,65,1
6160,109,1
6161,87,1
6162,129,1
6163,157,1
6164,143,1
6165,109,1
6166,137,1
6167,51,1
6168,42,1
6169,39,1
6170,154,1
6171,156,1
6172,55,1
6173,73,1
6174,69,1
6175,76,1
6176,43,1
6177,30,1
6178,78,0
6179,48,1
6180,30,1
6181,116,1
6182,106,1
6183,42,1
6184,81,1
6185,92,1
6186,104,0
6187,101,1
6188,90,1
6189,64,0
6190,95,1
6191,119,0
6192,80,1
6193,91,1
6194,49,1
6195,52,1
6196,38,1
6197,54,1
6198,135,1
6199,62,1
6200,156,1
6201,158,1
6202,105,1
6203,86,1
6204,119,1
6205,140,1
6206,96,1
6207,77,1
6208,106,1
6209,91,1
6210,75,1
6211,134,1
6212,97,1
6213,65,1
6214,86,1
6215,50,0
6216,30,1
6217,105,0
6218,68,1
6219,110,1
6220,125,1
6221,197,1
6222,87,1
6223,46,1
6224,60,1
6225,61,1
6226,147,1
6227,78,1
6228,175,0
6229,118,1
6230,200,0
6231,60,1
6232,72,1
6233,83,1
6234,107,1
6235,57,1
6236,200,0
6237,69,1
6238,31,1
6239,87,1
6240,137,1
6241,200,0
6242,132,1
6243,84,1
6244,63,1
6245,93,1
6246,145,1
6247,113,1
6248,71,1
6249,200,0
6250,93,1
6251,56,1
6252,200,0
6253,112,1
6254,87,1
6255,143,1
6256,200,0
6257,200,0
6258,99,1
6259,88,1
6260,83,1
6261,34,1
6262,47,1
6263,124,1
6264,119,1
6265,55,1
6266,128,1
6267,72,1
6268,167,0
6269,107,1
6270,99,1
6271,73,1
6272,200,0
6273,25,0
6274,200,0
6275,111,1
6276,110,1
6277,118,1
6278,52,1
6279,75,1
6280,149,1
6281,200,0
6282,132,1
6283,159,1
6284,145,1
6285,55,1
6286,40,1
6287,200,0
6288,200,0
6289,64,1
6290,175,1
6291,115,1
6292,84,1
6293,78,1
6294,112,1
6295,32,1
6296,67,1
6297,200,0
6298,144,1
6299,155,1
6300,150,1
6301,31,0
6302,66,1
6303,100,1
6304,32,1
6305,164,1
6306,79,1
6307,200,0
6308,66,1
6309,71,1
6310,111,1
6311,101,1
6312,100,1
6313,134,1
6314,100,1
6315,117,1
6316,53,1
6317,33,1
6318,130,1
6319,68,1
6320,44,1
6321,147,1
6322,28,1
6323,139,1
6324,161,1
6325,122,1
6326,94,1
6327,168,1
6328,73,1
6329,38,1
6330,80,1
6331,57,1
6332,177,1
6333,32,1
6334,54,1
6335,151,0
6336,65,1
6337,82,1
6338,47,1
6339,44,0
6340,55,1
6341,73,1
6342,109,1
6343,78,1
6344,46,1
6345,39,1
6346,76,1
6347,34,1
6348,77,1
6349,57,0
6350,170,1
6351,41,1
6352,87,1
6353,40,1
6354,63,1
6355,23,0
6356,61,1
6357,42,1
6358,195,1
6359,67,1
6360,65,1
6361,53,0
6362,52,1
6363,200,0
6364,33,1
6365,149,1
6366,121,0
6367,46,1
6368,142,1
6369,89,1
6370,85,1
6371,51,1
6372,74,1
6373,125,1
6374,72,1
6375,66,1
6376,57,0
6377,72,1
6378,88,1
6379,101,1
6380,179,1
6381,83,1
6382,104,1
6383,100,1
6384,136,1
6385,70,1
6386,126,1
6387,29,1
6388,57,1
6389,116,1
6390,43,1
6391,99,1
6392,47,1
6393,71,1
6394,114,1
6395,57,1
6396,84,1
6397,99,1
6398,146,1
6399,200,0
6400,116,1
6401,185,1
6402,88,1
6403,101,1
6404,105,1
6405,62,1
6406,67,1
6407,200,0
6408,66,1
6409,47,1
6410,162,1
6411,52,1
6412,113,1
6413,120,1
6414,79,0
6415,89,1
6416,31,0
6417,83,1
6418,142,1
6419,152,1
6420,108,1
6421,93,1
6422,95,1
6423,70,1
6424,76,1
6425,95,1
6426,35,1
6427,51,1
6428,35,1
6429,200,0
6430,68,1
6431,101,1
6432,50,1
6433,37,1
6434,139,1
6435,121,1
6436,99,1
6437,58,1
6438,86,1
6439,66,1
6440,75,1
6441,77,1
6442,71,1
6443,87,1
6444,52,1
6445,58,1
6446,42,1
6447,46,1
6448,96,1
6449,82,1
6450,79,1
6451,40,1
6452,141,1
6453,60,1
6454,64,1
6455,103,1
6456,37,1
6457,102,1
6458,74,1
6459,69,0
6460,30,1
6461,184,1
6462,161,1
6463,53,1
6464,49,1
6465,113,1
6466,60,1
6467,49,1
6468,114,1
6469,103,1
6470,82,1
6471,200,0
6472,62,1
6473,95,1
6474,43,1
6475,69,1
6476,200,0
6477,49,1
6478,40,1
6479,64,1
6480,101,1
6481,60,0
6482,56,1
6483,43,1
6484,191,1
6485,200,0
6486,92,1
6487,100,1
6488,94,1
6489,83,1
6490,94,1
6491,92,1
6492,72,1
6493,44,1
6494,70,1
6495,48,0
6496,26,0
6497,51,1
6498,61,1
6499,92,1
6500,156,1
6501,62,1
6502,79,1
6503,110,1
6504,58,1
6505,110,1
6506,54,0
6507,63,1
6508,82,1
6509,37,1
6510,129,1
6511,17,1
6512,86,1
6513,54,1
6514,100,1
6515,74,1
6516,124,1
6517,30,1
6518,98,1
6519,48,1
6520,46,1
6521,43,1
6522,69,1
6523,102,1
6524,125,1
6525,64,0
6526,78,1
6527,62,0
6528,141,1
6529,200,0
6530,41,1
6531,88,1
6532,59,1
6533,184,1
6534,57,1
6535,52,0
6536,89,1
6537,177,1
6538,42,1
6539,90,1
6540,76,1
6541,66,1
6542,55,1
6543,81,1
6544,90,1
6545,157,1
6546,60,1
6547,15,0
6548,60,1
6549,100,1
6550,191,1
6551,112,1
6552,80,1
6553,101,1
6554,128,1
6555,97,1
6556,110,1
6557,56,1
6558,60,1
6559,117,1
6560,77,1
6561,37,1
6562,98,1
6563,126,0
6564,133,1
6565,200,0
6566,66,0
6567,46,1
6568,159,1
6569,139,1
6570,37,1
6571,46,1
6572,58,1
6573,63,1
6574,55,1
6575,49,1
6576,163,1
6577,65,1
6578,188,1
6579,75,1
6580,171,1
6581,48,0
6582,158,1
6583,91,1
6584,151,1
6585,51,1
6586,98,1
6587,93,1
6588,129,1
6589,112,1
6590,118,1
6591,130,1
6592,65,1
6593,77,1
6594,82,1
6595,88,1
6596,39,1
6597,139,1
6598,52,1
6599,82,1
6600,115,1
6601,75,1
6602,37,1
6603,100,1
6604,70,1
6605,66,1
6606,103,1
6607,32,1
6608,56,1
6609,112,1
6610,164,1
6611,34,1
6612,66,1
6613,32,1
6614,40,1
6615,89,1
6616,63,1
6617,118,1
6618,74,1
6619,106,1
6620,99,1
6621,34,1
6622,33,0
6623,105,1
6624,73,1
6625,107,1
6626,79,1
6627,66,1
6628,57,1
6629,51,1
6630,200,0
6631,82,1
6632,70,1
6633,152,1
6634,28,0
6635,155,1
6636,67,1
6637,200,0
6638,41,0
6639,30,1
6640,81,1
6641,93,1
6642,69,1
6643,31,1
6644,65,1
6645,56,1
6646,147,1
6647,200,0
6648,36,1
6649,193,1
6650,84,1
6651,33,1
6652,178,1
6653,43,1
6654,56,1
6655,82,1
6656,73,1
6657,44,1
6658,37,1
6659,90,1
6660,61,1
6661,66,1
6662,180,1
6663,200,0
6664,153,0
6665,60,0
6666,26,1
6667,38,1
6668,63,1
6669,87,1
6670,38,1
6671,60,0
6672,66,1
6673,89,1
6674,103,1
6675,36,1
6676,66,1
6677,33,0
6678,26,0
6679,57,1
6680,133,1
6681,82,1
6682,102,1
6683,90,1
6684,61,1
6685,50,0
6686,110,1
6687,200,0
6688,70,1
6689,193,1
6690,175,1
6691,41,1
6692,53,1
6693,168,1
6694,73,1
6695,74,1
6696,200,0
6697,146,1
6698,115,1
6699,32,1
6700,125,1
6701,50,0
6702,194,1
6703,100,1
6704,47,1
6705,37,1
6706,59,1
6707,148,1
6708,188,0
6709,51,1
6710,62,0
6711,195,1
6712,178,1
6713,62,1
6714,191,1
6715,111,1
6716,40,1
6717,101,1
6718,149,1
6719,85,0
6720,65,1
6721,75,1
6722,79,1
6723,52,1
6724,19,1
6725,52,1
6726,115,1
6727,48,0
6728,38,0
6729,88,1
6730,186,1
6731,84,1
6732,173,1
6733,84,1
6734,92,1
6735,132,1
6736,200,0
6737,107,1
6738,62,1
6739,61,1
6740,76,1
6741,87,1
6742,147,1
6743,116,1
6744,114,1
6745,146,1
6746,164,1
6747,93,1
6748,124,1
6749,66,1
6750,43,1
6751,104,1
6752,152,1
6753,132,1
6754,49,1
6755,70,1
6756,111,1
6757,121,1
6758,51,1
6759,64,1
6760,61,1
6761,200,0
6762,59,0
6763,200,0
6764,66,1
6765,27,1
6766,108,1
6767,82,1
6768,101,1
6769,106,1
6770,160,1
6771,89,1
6772,123,0
6773,30,1
6774,88,1
6775,102,1
6776,124,1
6777,75,1
6778,88,1
6779,143,1
6780,200,0
6781,135,1
6782,200,0
6783,57,1
6784,105,1
6785,164,1
6786,156,1
6787,93,1
6788,130,1
6789,79,1
6790,55,1
6791,152,1
6792,52,1
6793,109,1
6794,35,1
6795,110,1
6796,152,1
6797,79,1
6798,29,1
6799,136,1
6800,75,1
6801,188,1
6802,58,1
6803,171,1
6804,133,1
6805,72,1
6806,95,1
6807,97,1
6808,60,1
6809,64,1
6810,193,1
6811,200,0
6812,87,1
6813,45,0
6814,71,1
6815,64,1
6816,73,1
6817,65,1
6818,32,1
6819,182,1
6820,73,1
6821,200,0
6822,128,1
6823,200,0
6824,52,1
6825,100,1
6826,95,1
6827,186,1
6828,40,1
6829,105,1
6830,71,1
6831,51,1
6832,91,1
6833,57,1
6834,57,1
6835,75,0
6836,66,1
6837,200,0
6838,44,0
6839,60,1
6840,180,1
6841,85,1
6842,155,1
6843,42,1
6844,125,1
6845,72,0
6846,83,1
6847,81,1
6848,30,1
6849,75,1
6850,55,1
6851,59,1
6852,200,0
6853,104,1
6854,171,1
6855,67,1
6856,113,1
6857,86,0
6858,108,1
6859,187,1
6860,114,1
6861,81,1
6862,131,1
6863,200,0
6864,43,1
6865,58,0
6866,89,1
6867,110,1
6868,141,1
6869,121,1
6870,61,1
6871,57,1
6872,94,1
6873,45,1
6874,85,1
6875,40,1
6876,170,1
6877,34,1
6878,128,1
6879,79,1
6880,143,1
6881,129,1
6882,107,1
6883,88,0
6884,122,1
6885,140,1
6886,70,1
6887,125,1
6888,68,1
6889,168,1
6890,144,1
6891,133,1
6892,89,1
6893,111,1
6894,101,1
6895,155,1
6896,200,0
6897,84,1
6898,125,1
6899,174,1
6900,42,1
6901,65,1
6902,72,1
6903,127,1
6904,53,1
6905,144,1
6906,42,1
6907,85,1
6908,104,1
6909,66,1
6910,82,1
6911,134,1
6912,111,1
6913,16,0
6914,55,1
6915,59,1
6916,200,0
6917,85,1
6918,200,0
6919,31,1
6920,108,1
6921,30,1
6922,200,0
6923,58,1
6924,90,1
6925,59,1
6926,100,1
6927,125,1
6928,49,1
6929,172,1
6930,165,1
6931,62,1
6932,96,1
6933,104,1
6934,58,1
6935,138,1
6936,60,1
6937,75,1
6938,146,1
6939,73,1
6940,76,1
6941,200,0
6942,84,1
6943,66,1
6944,92,1
6945,83,1
6946,200,0
6947,101,0
6948,101,1
6949,84,1
6950,94,1
6951,105,1
6952,136,1
6953,116,1
6954,65,1
6955,57,1
6956,123,1
6957,63,1
6958,77,1
6959,100,1
6960,31,1
6961,85,1
6962,80,1
6963,102,1
6964,33,0
6965,74,1
6966,63,1
6967,54,1
6968,51,1
6969,179,1
6970,51,1
6971,82,1
6972,154,1
6973,40,1
6974,68,1
6975,37,1
6976,37,1
6977,77,1
6978,54,1
6979,41,0
6980,124,1
6981,180,1
6982,78,1
6983,50,1
6984,33,1
6985,51,0
6986,130,1
6987,46,1
6988,80,1
6989,155,1
6990,200,0
6991,162,1
6992,149,1
6993,45,1
6994,72,1
6995,96,1
6996,192,1
6997,90,1
6998,76,1
6999,109,1
7000,200,0
7001,53,1
7002,61,0
7003,90,1
7004,59,1
7005,200,0
7006,117,1
7007,163,1
7008,200,0
7009,125,1
7010,123,1
7011,200,0
7012,84,1
7013,146,1
7014,69,1
7015,99,1
7016,147,1
7017,40,1
7018,135,1
7019,75,1
7020,177,1
7021,126,1
7022,93,1
7023,53,1
7024,50,1
7025,91,1
7026,155,1
7027,92,1
7028,159,1
7029,43,0
7030,125,0
7031,93,1
7032,150,1
7033,44,1
7034,136,1
7035,26,1
7036,77,1
7037,67,1
7038,26,1
7039,94,1
7040,49,1
7041,112,1
7042,121,1
7043,88,1
7044,65,1
7045,200,0
7046,42,1
7047,70,1
7048,61,1
7049,90,1
7050,129,1
7051,76,1
7052,150,1
7053,109,1
7054,34,1
7055,117,1
7056,64,1
7057,68,1
7058,166,1
7059,78,1
7060,151,1
7061,80,1
7062,35,1
7063,200,0
7064,82,0
7065,89,1
7066,79,1
7067,87,1
7068,28,1
7069,93,1
7070,200,0
7071,130,1
7072,118,1
7073,49,1
7074,67,1
7075,106,1
7076,48,1
7077,200,0
7078,171,1
7079,122,1
7080,98,1
7081,79,1
7082,68,1
7083,66,0
7084,140,1
7085,129,1
7086,183,1
7087,41,1
7088,114,1
7089,48,1
7090,136,1
7091,74,1
7092,200,0
7093,122,1
7094,168,1
7095,180,1
7096,57,1
7097,199,1
7098,128,1
7099,102,1
7100,200,0
7101,122,1
7102,121,1
7103,47,1
7104,133,1
7105,110,1
7106,61,1
7107,148,0
7108,60,1
7109,125,1
7110,40,1
7111,50,1
7112,142,1
7113,185,1
7114,71,1
7115,197,1
7116,77,1
7117,80,1
7118,82,1
7119,127,1
7120,200,0
7121,50,1
7122,48,1
7123,91,1
7124,94,1
7125,176,1
7126,48,1
7127,75,1
7128,179,1
7129,141,1
7130,90,1
7131,44,1
7132,88,0
7133,131,1
7134,99,1
7135,175,1
7136,97,1
7137,27,1
7138,47,1
7139,110,1
7140,92,1
7141,58,1
7142,200,0
7143,113,1
7144,185,1
7145,200,0
7146,8,0
7147,200,0
7148,150,1
7149,70,1
7150,112,1
7151,78,1
7152,29,1
7153,192,0
7154,200,0
7155,37,1
7156,57,1
7157,97,1
7158,99,1
7159,41,1
7160,77,1
7161,200,0
7162,158,1
7163,127,1
7164,101,1
7165,35,1
7166,170,1
7167,64,1
7168,125,1
7169,125,1
7170,111,1
7171,35,1
7172,200,0
7173,135,1
7174,89,1
7175,151,1
7176,48,1
7177,96,1
7178,113,1
7179,100,0
7180,200,0
7181,132,1
7182,74,1
7183,57,1
7184,153,1
7185,155,1
7186,86,1
7187,98,1
7188,66,1
7189,82,1
7190,22,0
7191,66,0
7192,77,1
7193,97,1
7194,89,1
7195,80,1
7196,113,1
7197,200,0
7198,138,1
7199,70,1
7200,50,1
7201,66,1
7202,120,1
7203,51,1
7204,146,1
7205,108,1
7206,90,1
7207,74,1
7208,89,1
7209,70,1
7210,87,1
7211,54,1
7212,66,1
7213,74,1
7214,55,1
7215,81,1
7216,48,1
7217,102,1
7218,59,1
7219,73,1
7220,44,1
7221,102,1
7222,153,1
7223,84,1
7224,158,1
7225,69,1
7226,104,1
7227,120,1
7228,94,0
7229,102,1
7230,94,1
7231,155,1
7232,125,1
7233,60,1
7234,76,1
7235,76,1
7236,47,1
7237,54,1
7238,66,1
7239,117,1
7240,173,1
7241,200,0
7242,141,1
7243,200,0
7244,82,1
7245,200,0
7246,49,1
7247,200,0
7248,72,1
7249,50,1
7250,85,1
7251,200,0
7252,123,1
7253,135,1
7254,107,1
7255,124,1
7256,48,1
7257,64,1
7258,120,1
7259,58,1
7260,67,1
7261,75,1
7262,69,1
7263,57,1
7264,53,1
7265,60,1
7266,187,1
7267,200,0
7268,74,1
7269,75,1
7270,80,1
7271,52,0
7272,89,1
7273,79,1
7274,117,1
7275,64,1
7276,81,1
7277,62,1
7278,94,1
7279,51,1
7280,62,1
7281,148,0
7282,50,1
7283,101,1
7284,138,1
7285,93,1
7286,119,1
7287,151,1
7288,73,1
7289,125,1
7290,120,1
7291,200,0
7292,56,1
7293,151,1
7294,85,1
7295,47,1
7296,71,1
7297,37,1
7298,103,1
7299,86,1
7300,35,1
7301,77,1
7302,117,1
7303,166,1
7304,93,1
7305,109,1
7306,77,1
7307,64,1
7308,34,1
7309,35,1
7310,138,1
7311,67,1
7312,178,1
7313,199,1
7314,90,1
7315,98,1
7316,43,1
7317,68,1
7318,74,1
7319,143,1
7320,103,1
7321,48,1
7322,117,1
7323,122,0
7324,81,1
7325,82,1
7326,97,1
7327,43,1
7328,77,1
7329,100,1
7330,120,1
7331,32,1
7332,77,1
7333,128,1
7334,28,0
7335,78,1
7336,59,1
7337,96,1
7338,108,1
7339,63,1
7340,53,1
7341,200,0
7342,169,1
7343,130,1
7344,38,1
7345,79,1
7346,42,1
7347,135,1
7348,90,1
7349,153,1
7350,85,1
7351,154,1
7352,200,0
7353,53,1
7354,49,1
7355,51,0
7356,46,1
7357,111,1
7358,108,1
7359,73,1
7360,76,1
7361,200,0
7362,200,0
7363,70,1
7364,73,1
7365,24,1
7366,73,1
7367,150,1
7368,136,1
7369,102,1
7370,189,1
7371,161,1
7372,104,1
7373,49,1
7374,89,1
7375,119,1
7376,72,1
7377,116,1
7378,30,1
7379,41,1
7380,82,1
7381,149,1
7382,40,1
7383,10,0
7384,154,1
7385,53,1
7386,71,1
7387,200,0
7388,121,1
7389,96,1
7390,85,1
7391,60,1
7392,54,1
7393,151,1
7394,74,1
7395,129,1
7396,169,1
7397,84,1
7398,34,1
7399,79,1
7400,56,1
7401,64,1
7402,42,1
7403,66,1
7404,52,1
7405,52,1
7406,79,1
7407,89,1
7408,179,1
7409,50,1
7410,137,1
7411,27,0
7412,120,1
7413,109,1
7414,200,0
7415,30,0
7416,71,1
7417,44,1
7418,179,1
7419,99,1
7420,45,1
7421,64,1
7422,62,1
7423,109,1
7424,48,1
7425,100,1
7426,81,1
7427,89,1
7428,61,1
7429,80,1
7430,75,1
7431,35,1
7432,38,1
7433,184,1
7434,52,1
7435,122,1
7436,41,0
7437,156,1
7438,84,1
7439,43,1
7440,152,1
7441,59,0
7442,79,1
7443,65,1
7444,83,1
7445,78,1
7446,76,0
7447,200,0
7448,59,1
7449,178,1
7450,122,1
7451,65,1
7452,78,1
7453,53,1
7454,52,1
7455,58,1
7456,200,0
7457,119,1
7458,44,1
7459,126,1
7460,57,1
7461,72,1
7462,96,1
7463,129,1
7464,37,1
7465,88,1
7466,128,1
7467,126,1
7468,162,1
7469,83,1
7470,61,1
7471,200,0
7472,135,0
7473,200,0
7474,170,1
7475,71,1
7476,51,1
7477,138,1
7478,149,1
7479,34,1
7480,123,1
7481,187,1
7482,50,1
7483,105,0
7484,51,1
7485,55,1
7486,115,1
7487,43,1
7488,58,1
7489,124,1
7490,141,1
7491,141,1
7492,146,1
7493,109,1
7494,25,1
7495,200,0
7496,58,1
7497,129,1
7498,200,0
7499,79,1
7500,83,1
7501,189,1
7502,200,0
7503,84,1
7504,83,1
7505,160,1
7506,130,1
7507,54,1
7508,49,1
7509,104,0
7510,40,1
7511,186,1
7512,66,1
7513,61,1
7514,36,1
7515,47,0
7516,45,1
7517,128,1
7518,55,1
7519,60,1
7520,52,1
7521,200,0
7522,78,1
7523,91,1
7524,121,1
7525,71,1
7526,200,0
7527,108,1
7528,175,1
7529,96,1
7530,200,0
7531,58,1
7532,200,0
7533,64,1
7534,70,1
7535,27,1
7536,78,1
7537,200,0
7538,137,1
7539,200,0
7540,39,1
7541,69,1
7542,161,1
7543,78,1
7544,200,0
7545,96,1
7546,41,1
7547,55,1
7548,140,1
7549,52,1
7550,58,1
7551,142,1
7552,179,1
7553,60,1
7554,85,1
7555,55,1
7556,56,1
7557,110,1
7558,63,1
7559,38,1
7560,93,1
7561,49,1
7562,88,1
7563,184,1
7564,192,1
7565,128,1
7566,88,1
7567,94,1
7568,183,1
7569,165,1
7570,56,1
7571,128,1
7572,58,1
7573,109,1
7574,113,1
7575,101,0
7576,57,1
7577,79,1
7578,141,1
7579,42,1
7580,62,1
7581,110,1
7582,47,1
7583,80,1
7584,66,1
7585,116,1
7586,53,1
7587,176,1
7588,81,1
7589,118,1
7590,186,1
7591,82,1
7592,147,1
7593,47,1
7594,200,0
7595,200,0
7596,33,1
7597,200,0
7598,71,0
7599,200,0
7600,123,1
7601,46,1
7602,56,1
7603,94,1
7604,145,1
7605,147,1
7606,146,1
7607,108,1
7608,112,1
7609,69,1
7610,60,1
7611,200,0
7612,86,1
7613,121,1
7614,68,1
7615,74,1
7616,110,1
7617,200,0
7618,161,1
7619,58,1
7620,39,1
7621,42,1
7622,49,1
7623,90,1
7624,60,1
7625,69,1
7626,162,0
7627,83,0
7628,96,1
7629,38,1
7630,192,1
7631,200,0
7632,26,1
7633,49,1
7634,56,1
7635,77,1
7636,67,1
7637,54,1
7638,200,0
7639,44,1
7640,35,1
7641,141,1
7642,200,0
7643,79,1
7644,32,1
7645,139,1
7646,60,1
7647,51,1
7648,103,1
7649,73,1
7650,65,1
7651,44,1
7652,86,1
7653,45,1
7654,110,1
7655,71,1
7656,78,1
7657,198,1
7658,82,1
7659,70,0
7660,100,0
7661,31,1
7662,51,1
7663,81,1
7664,64,1
7665,139,1
7666,63,1
7667,36,1
7668,73,1
7669,152,1
7670,111,1
7671,38,1
7672,52,1
7673,40,1
7674,77,1
7675,47,1
7676,116,1
7677,200,0
7678,124,1
7679,200,0
7680,200,0
7681,115,1
7682,113,1
7683,88,1
7684,200,0
7685,129,1
7686,61,1
7687,73,1
7688,100,1
7689,89,1
7690,119,1
7691,152,1
7692,180,1
7693,69,0
7694,49,1
7695,54,1
7696,87,0
7697,65,1
7698,63,1
7699,124,1
7700,145,1
7701,116,1
7702,65,1
7703,47,1
7704,157,1
7705,153,1
7706,82,1
7707,200,0
7708,112,1
7709,47,1
7710,160,1
7711,69,1
7712,160,0
7713,60,1
7714,200,0
7715,163,1
7716,89,1
7717,69,1
7718,102,1
7719,112,1
7720,70,1
7721,200,0
7722,132,1
7723,72,1
7724,86,1
7725,46,1
7726,165,1
7727,200,0
7728,77,1
7729,54,1
7730,53,1
7731,66,1
7732,108,1
7733,106,1
7734,64,1
7735,47,1
7736,106,1
7737,71,1
7738,53,1
7739,35,1
7740,97,1
7741,78,1
7742,200,0
7743,121,1
7744,149,1
7745,56,1
7746,55,1
7747,140,1
7748,200,0
7749,122,1
7750,78,1
7751,110,1
7752,89,1
7753,175,1
7754,166,1
7755,63,1
7756,60,1
7757,107,1
7758,91,1
7759,162,1
7760,61,1
7761,36,1
7762,47,1
7763,78,1
7764,87,1
7765,115,1
7766,84,1
7767,59,1
7768,108,1
7769,55,1
7770,99,1
7771,58,1
7772,200,0
7773,68,1
7774,63,0
7775,42,1
7776,90,1
7777,73,1
7778,154,1
7779,155,1
7780,32,1
7781,115,1
7782,126,1
7783,47,1
7784,69,1
7785,39,1
7786,75,1
7787,67,1
7788,74,1
7789,117,1
7790,165,1
7791,160,1
7792,74,1
7793,200,0
7794,107,1
7795,137,1
7796,41,1
7797,70,1
7798,36,1
7799,157,1
7800,99,1
7801,155,1
7802,200,0
7803,112,1
7804,77,1
7805,72,1
7806,50,1
7807,122,1
7808,152,1
7809,124,1
7810,191,1
7811,189,1
7812,129,1
7813,61,1
7814,108,1
7815,56,1
7816,50,1
7817,200,0
7818,89,1
7819,162,1
7820,113,1
7821,97,1
7822,96,1
7823,180,1
7824,179,1
7825,75,0
7826,169,1
7827,105,1
7828,113,1
7829,73,1
7830,39,1
7831,162,1
7832,128,1
7833,103,1
7834,128,1
7835,200,0
7836,99,1
7837,150,1
7838,95,1
7839,111,1
7840,75,1
7841,101,1
7842,32,1
7843,71,1
7844,77,1
7845,31,1
7846,51,0
7847,59,1
7848,67,1
7849,64,1
7850,93,0
7851,166,1
7852,103,1
7853,103,1
7854,105,1
7855,73,1
7856,57,1
7857,60,1
7858,134,0
7859,49,1
7860,36,0
7861,81,1
7862,133,1
7863,42,1
7864,38,1
7865,200,0
7866,108,1
7867,47,1
7868,200,0
7869,44,1
7870,192,1
7871,139,1
7872,124,0
7873,38,1
7874,115,1
7875,58,1
7876,85,1
7877,139,1
7878,52,1
7879,110,1
7880,28,1
7881,53,1
7882,24,1
7883,133,1
7884,169,1
7885,34,1
7886,59,1
7887,54,1
7888,55,1
7889,104,1
7890,63,1
7891,62,1
7892,77,1
7893,63,0
7894,174,1
7895,92,1
7896,193,1
7897,90,1
7898,125,1
7899,68,1
7900,52,1
7901,63,1
7902,136,1
7903,200,0
7904,53,0
7905,46,1
7906,7,0
7907,112,1
7908,38,1
7909,128,1
7910,24,1
7911,32,1
7912,144,1
7913,53,1
7914,67,1
7915,121,1
7916,126,1
7917,138,0
7918,71,0
7919,81,1
7920,47,1
7921,92,1
7922,94,1
7923,112,1
7924,200,0
7925,113,1
7926,44,1
7927,96,1
7928,84,1
7929,67,1
7930,90,1
7931,200,0
7932,24,0
7933,200,0
7934,99,1
7935,90,1
7936,64,1
7937,34,1
7938,51,1
7939,163,1
7940,156,1
7941,98,1
7942,116,1
7943,200,0
7944,200,0
7945,38,1
7946,57,1
7947,72,1
7948,125,1
7949,157,1
7950,76,1
7951,66,1
7952,111,0
7953,27,1
7954,130,1
7955,91,1
7956,77,1
7957,125,1
7958,124,1
7959,110,1
7960,82,1
7961,71,1
7962,188,1
7963,77,1
7964,99,1
7965,70,1
7966,111,1
7967,139,1
7968,54,1
7969,177,1
7970,84,1
7971,52,1
7972,149,1
7973,96,1
7974,58,1
7975,115,1
7976,55,1
7977,103,1
7978,180,1
7979,91,1
7980,61,1
7981,200,0
7982,41,1
7983,200,0
7984,39,1
7985,76,1
7986,38,1
7987,51,1
7988,109,1
7989,73,1
7990,85,1
7991,200,0
7992,45,1
7993,30,1
7994,200,0
7995,85,1
7996,144,1
7997,40,1
7998,31,1
7999,200,0
8000,90,1
8001,116,1
8002,93,1
8003,200,0
8004,119,1
8005,112,1
8006,65,1
8007,117,1
8008,54,1
8009,63,1
8010,99,1
8011,200,0
8012,114,1
8013,160,1
8014,46,1
8015,200,0
8016,93,1
8017,75,1
8018,65,1
8019,200,0
8020,74,1
8021,53,1
8022,200,0
8023,152,1
8024,92,1
8025,200,0
8026,35,1
8027,74,1
8028,82,1
8029,117,1
8030,73,1
8031,55,1
8032,81,1
8033,161,1
8034,46,1
8035,65,1
8036,64,1
8037,86,1
8038,41,1
8039,73,1
8040,60,1
8041,70,1
8042,192,1
8043,130,1
8044,47,1
8045,151,1
8046,106,1
8047,140,1
8048,72,1
8049,49,1
8050,136,1
8051,92,1
8052,99,1
8053,102,1
8054,200,0
8055,113,1
8056,41,1
8057,26,1
8058,170,1
8059,83,1
8060,96,1
8061,95,1
8062,78,1
8063,117,1
8064,38,1
8065,172,1
8066,141,1
8067,78,0
8068,129,1
8069,123,1
8070,118,1
8071,89,1
8072,68,1
8073,63,1
8074,66,1
8075,79,1
8076,115,1
8077,91,1
8078,27,1
8079,54,1
8080,58,1
8081,30,1
8082,81,1
8083,58,1
8084,69,1
8085,91,1
8086,187,1
8087,93,1
8088,39,1
8089,90,1
8090,53,1
8091,42,1
8092,128,1
8093,138,1
8094,115,1
8095,41,1
8096,200,0
8097,42,1
8098,39,1
8099,57,1
8100,153,1
8101,64,1
8102,129,1
8103,57,1
8104,102,1
8105,104,1
8106,28,1
8107,72,1
8108,115,1
8109,96,1
8110,41,1
8111,89,1
8112,80,1
8113,200,0
8114,142,1
8115,79,1
8116,137,0
8117,106,1
8118,83,1
8119,69,1
8120,153,1
8121,158,1
8122,118,1
8123,176,1
8124,63,1
8125,164,1
8126,99,1
8127,93,1
8128,73,1
8129,63,1
8130,55,1
8131,200,0
8132,95,1
8133,82,1
8134,45,1
8135,35,1
8136,128,1
8137,64,1
8138,66,1
8139,53,1
8140,48,1
8141,73,1
8142,55,1
8143,107,1
8144,75,1
8145,112,1
8146,130,1
8147,69,1
8148,59,1
8149,23,1
8150,179,1
8151,100,1
8152,63,1
8153,75,1
8154,71,1
8155,200,0
8156,170,0
8157,140,1
8158,96,1
8159,101,1
8160,118,1
8161,127,1
8162,95,1
8163,82,1
8164,195,1
8165,80,1
8166,34,1
8167,37,1
8168,60,1
8169,100,1
8170,103,1
8171,78,1
8172,91,1
8173,116,1
8174,172,0
8175,93,1
8176,101,1
8177,55,1
8178,82,0
8179,87,1
8180,42,1
8181,54,1
8182,42,1
8183,54,1
8184,142,1
8185,40,1
8186,92,1
8187,38,1
8188,75,1
8189,79,1
8190,53,1
8191,126,1
8192,67,1
8193,113,1
8194,82,1
8195,39,1
8196,53,1
8197,56,1
8198,36,1
8199,80,1
8200,56,1
8201,59,1
8202,83,1
8203,90,1
8204,200,0
8205,200,0
8206,137,1
8207,89,1
8208,135,1
8209,39,1
8210,136,1
8211,54,1
8212,118,1
8213,200,0
8214,78,1
8215,72,0
8216,150,1
8217,69,1
8218,90,1
8219,56,1
8220,54,1
8221,58,1
8222,138,1
8223,56,1
8224,59,1
8225,84,1
8226,200,0
8227,200,0
8228,107,1
8229,58,1
8230,35,1
8231,151,1
8232,149,1
8233,78,1
8234,43,1
8235,62,1
8236,96,1
8237,156,1
8238,81,1
8239,54,1
8240,124,1
8241,96,1
8242,48,1
8243,86,1
8244,113,1
8245,103,1
8246,56,1
8247,179,1
8248,160,1
8249,109,1
8250,151,1
8251,52,1
8252,200,0
8253,73,1
8254,85,1
8255,92,1
8256,57,1
8257,142,1
8258,120,1
8259,103,1
8260,200,0
8261,40,1
8262,51,1
8263,38,1
8264,159,1
8265,43,1
8266,78,1
8267,90,1
8268,200,0
8269,29,1
8270,71,1
8271,55,1
8272,67,1
8273,87,1
8274,40,1
8275,147,1
8276,47,1
8277,134,1
8278,189,1
8279,115,1
8280,187,1
8281,39,1
8282,40,1
8283,200,0
8284,70,1
8285,119,1
8286,69,1
8287,45,1
8288,101,1
8289,61,1
8290,40,1
8291,61,1
8292,65,1
8293,72,1
8294,97,1
8295,87,1
8296,163,1
8297,82,1
8298,49,1
8299,90,1
8300,197,1
8301,119,1
8302,141,1
8303,54,1
8304,109,0
8305,200,0
8306,79,1
8307,86,1
8308,39,1
8309,57,1
8310,200,0
8311,115,1
8312,59,1
8313,81,1
8314,48,1
8315,172,1
8316,200,0
8317,86,1
8318,82,0
8319,196,1
8320,115,1
8321,62,1
8322,50,1
8323,87,1
8324,138,1
8325,111,1
8326,58,1
8327,35,1
8328,87,1
8329,200,0
8330,108,1
8331,62,1
8332,48,1
8333,92,1
8334,93,1
8335,86,1
8336,87,1
8337,94,1
8338,71,1
8339,155,1
8340,173,1
8341,90,1
8342,152,0
8343,48,1
8344,50,1
8345,41,1
8346,48,1
8347,59,1
8348,139,1
8349,148,1
8350,71,1
8351,124,1
8352,144,1
8353,118,1
8354,101,1
8355,89,1
8356,62,1
8357,78,1
8358,76,1
8359,91,1
8360,135,1
8361,51,1
8362,89,1
8363,84,1
8364,50,1
8365,48,1
8366,128,1
8367,76,1
8368,45,1
8369,25,1
8370,49,1
8371,50,1
8372,67,1
8373,122,1
8374,82,1
8375,87,1
8376,129,1
8377,93,1
8378,61,1
8379,95,1
8380,54,1
8381,200,0
8382,36,1
8383,82,1
8384,66,1
8385,108,1
8386,189,1
8387,200,0
8388,73,1
8389,120,1
8390,200,0
8391,52,1
8392,200,0
8393,124,1
8394,100,1
8395,79,1
8396,74,1
8397,117,1
8398,102,1
8399,83,1
8400,175,1
8401,51,1
8402,152,1
8403,73,1
8404,81,1
8405,150,1
8406,78,0
8407,117,1
8408,29,1
8409,83,1
8410,136,1
8411,93,1
8412,82,1
8413,63,1
8414,96,0
8415,51,1
8416,148,1
8417,142,1
8418,116,1
8419,200,0
8420,77,1
8421,55,1
8422,76,1
8423,72,1
8424,108,1
8425,34,1
8426,76,1
8427,80,1
8428,62,1
8429,67,1
8430,36,1
8431,130,1
8432,118,1
8433,36,1
8434,59,1
8435,57,1
8436,200,0
8437,151,1
8438,145,1
8439,107,1
8440,140,1
8441,66,1
8442,177,1
8443,104,1
8444,107,1
8445,58,1
8446,45,0
8447,95,1
8448,40,1
8449,100,1
8450,92,1
8451,35,1
8452,72,1
8453,117,1
8454,117,1
8455,67,1
8456,118,1
8457,50,1
8458,200,0
8459,72,1
8460,118,1
8461,53,1
8462,200,0
8463,114,1
8464,120,1
8465,32,1
8466,62,1
8467,142,1
8468,200,0
8469,200,0
8470,120,1
8471,142,1
8472,93,1
8473,45,1
8474,128,0
8475,200,0
8476,52,1
8477,101,1
8478,200,0
8479,107,1
8480,156,1
8481,54,1
8482,177,1
8483,98,1
8484,95,1
8485,77,1
8486,54,0
8487,123,1
8488,200,0
8489,140,1
8490,200,0
8491,107,1
8492,137,1
8493,200,0
8494,124,1
8495,66,1
8496,52,1
8497,147,1
8498,87,1
8499,57,1
8500,141,1
8501,147,1
8502,134,1
8503,63,1
8504,61,1
8505,47,1
8506,118,1
8507,58,1
8508,54,1
8509,58,1
8510,54,1
8511,67,1
8512,89,1
8513,117,1
8514,183,1
8515,40,1
8516,166,1
8517,122,1
8518,75,1
8519,142,1
8520,101,1
8521,39,0
8522,38,1
8523,54,1
8524,76,0
8525,107,1
8526,173,1
8527,64,1
8528,70,1
8529,36,1
8530,93,1
8531,101,1
8532,31,1
8533,66,1
8534,87,1
8535,62,1
8536,85,1
8537,97,1
8538,116,1
8539,87,1
8540,136,1
8541,63,1
8542,200,0
8543,94,1
8544,86,1
8545,101,1
8546,56,1
8547,55,1
8548,27,1
8549,76,1
8550,126,1
8551,106,1
8552,50,1
8553,75,1
8554,78,1
8555,200,0
8556,144,1
8557,63,1
8558,96,1
8559,50,1
8560,79,1
8561,99,1
8562,81,1
8563,138,1
8564,104,1
8565,173,1
8566,59,1
8567,187,1
8568,104,1
8569,39,1
8570,136,1
8571,95,1
8572,86,1
8573,91,1
8574,111,1
8575,164,1
8576,102,1
8577,57,1
8578,95,1
8579,80,1
8580,101,1
8581,124,1
8582,97,1
8583,161,1
8584,106,1
8585,117,1
8586,136,1
8587,101,1
8588,171,1
8589,90,1
8590,54,1
8591,138,1
8592,50,1
8593,105,1
8594,101,1
8595,25,1
8596,118,1
8597,130,1
8598,200,0
8599,146,1
8600,34,1
8601,46,0
8602,149,0
8603,38,1
8604,42,1
8605,73,1
8606,97,1
8607,48,1
8608,84,1
8609,44,1
8610,68,1
8611,83,1
8612,25,1
8613,192,1
8614,42,1
8615,78,1
8616,50,1
8617,115,1
8618,51,1
8619,117,1
8620,166,1
8621,200,0
8622,66,1
8623,200,0
8624,66,1
8625,94,1
8626,82,1
8627,98,1
8628,130,1
8629,82,1
8630,144,1
8631,66,1
8632,66,1
8633,58,1
8634,53,1
8635,79,1
8636,68,1
8637,83,1
8638,109,1
8639,50,1
8640,76,1
8641,115,1
8642,198,1
8643,130,1
8644,135,1
8645,92,1
8646,73,1
8647,143,1
8648,106,1
8649,132,1
8650,111,1
8651,119,1
8652,82,1
8653,102,1
8654,48,1
8655,61,1
8656,62,1
8657,162,1
8658,139,1
8659,127,1
8660,80,1
8661,52,1
8662,136,1
8663,169,1
8664,184,1
8665,114,1
8666,63,1
8667,200,0
8668,173,1
8669,79,1
8670,45,1
8671,42,1
8672,107,0
8673,156,1
8674,115,1
8675,155,1
8676,200,0
8677,113,1
8678,76,1
8679,75,1
8680,200,0
8681,32,1
8682,125,1
8683,55,1
8684,46,1
8685,39,1
8686,107,1
8687,199,1
8688,126,1
8689,118,1
8690,34,1
8691,62,1
8692,200,0
8693,110,1
8694,109,1
8695,33,1
8696,110,1
8697,128,1
8698,104,1
8699,72,1
8700,156,1
8701,172,1
8702,90,0
8703,128,1
8704,65,1
8705,71,1
8706,136,1
8707,91,1
8708,165,1
8709,179,1
8710,200,0
8711,148,1
8712,52,1
8713,122,1
8714,54,1
8715,47,1
8716,71,1
8717,198,1
8718,69,1
8719,110,1
8720,65,1
8721,57,1
8722,90,1
8723,146,1
8724,50,1
8725,48,1
8726,54,1
8727,179,1
8728,147,1
8729,115,1
8730,100,0
8731,191,1
8732,62,1
8733,140,1
8734,200,0
8735,75,1
8736,85,1
8737,130,1
8738,152,1
8739,109,1
8740,89,1
8741,70,1
8742,124,1
8743,76,1
8744,79,1
8745,200,0
8746,102,1
8747,55,1
8748,82,1
8749,143,1
8750,72,1
8751,103,1
8752,110,0
8753,200,0
8754,126,0
8755,114,1
8756,200,0
8757,11,0
8758,130,1
8759,151,1
8760,108,1
8761,94,1
8762,90,1
8763,80,1
8764,51,1
8765,200,0
8766,127,1
8767,45,1
8768,70,1
8769,176,1
8770,78,1
8771,69,1
8772,127,1
8773,121,1
8774,41,1
8775,34,1
8776,53,1
8777,174,0
8778,119,1
8779,68,1
8780,129,1
8781,82,1
8782,76,1
8783,66,1
8784,147,1
8785,63,1
8786,55,1
8787,93,1
8788,200,0
8789,200,0
8790,200,0
8791,163,1
8792,47,1
8793,70,1
8794,91,1
8795,124,1
8796,150,1
8797,81,1
8798,144,1
8799,96,1
8800,110,1
8801,161,1
8802,49,1
8803,200,0
8804,36,1
8805,66,1
8806,87,1
8807,171,1
8808,46,1
8809,94,1
8810,88,1
8811,107,1
8812,87,1
8813,90,1
8814,51,1
8815,85,1
8816,64,1
8817,65,1
8818,191,1
8819,83,1
8820,69,1
8821,111,1
8822,87,1
8823,124,1
8824,59,1
8825,153,1
8826,141,1
8827,78,1
8828,34,1
8829,200,0
8830,59,1
8831,126,1
8832,80,1
8833,130,1
8834,56,1
8835,68,1
8836,67,1
8837,43,1
8838,157,1
8839,62,1
8840,146,1
8841,139,1
8842,93,1
8843,73,1
8844,131,1
8845,56,1
8846,41,0
8847,200,0
8848,40,1
8849,56,1
8850,106,0
8851,48,0
8852,64,1
8853,54,1
8854,49,1
8855,142,1
8856,44,1
8857,47,1
8858,87,1
8859,144,1
8860,110,1
8861,74,0
8862,146,1
8863,106,0
8864,100,1
8865,60,1
8866,127,1
8867,62,1
8868,38,1
8869,93,1
8870,49,1
8871,28,1
8872,67,0
8873,122,1
8874,54,1
8875,187,1
8876,91,1
8877,86,1
8878,68,1
8879,77,1
8880,142,1
8881,64,1
8882,33,1
8883,56,1
8884,86,1
8885,131,1
8886,40,1
8887,68,1
8888,150,1
8889,200,0
8890,109,1
8891,40,1
8892,24,0
8893,159,1
8894,85,1
8895,100,1
8896,141,0
8897,156,1
8898,108,1
8899,177,1
8900,151,1
8901,83,1
8902,68,1
8903,183,1
8904,62,1
8905,66,1
8906,57,1
8907,200,0
8908,140,1
8909,47,1
8910,153,1
8911,83,1
8912,109,1
8913,103,1
8914,92,1
8915,78,0
8916,200,0
8917,107,1
8918,34,1
8919,77,1
8920,79,1
8921,68,1
8922,119,1
8923,53,1
8924,136,1
8925,29,1
8926,131,1
8927,100,1
8928,79,0
8929,65,1
8930,50,1
8931,61,1
8932,166,1
8933,120,1
8934,145,1
8935,105,1
8936,99,1
8937,65,1
8938,47,1
8939,125,1
8940,120,1
8941,36,1
8942,143,1
8943,200,0
8944,110,1
8945,166,1
8946,145,1
8947,169,1
8948,146,1
8949,29,1
8950,42,1
8951,121,1
8952,76,1
8953,162,1
8954,39,1
8955,73,1
8956,28,0
8957,56,1
8958,51,1
8959,192,1
8960,184,1
8961,40,1
8962,43,1
8963,115,1
8964,50,0
8965,39,1
8966,105,1
8967,43,1
8968,123,1
8969,85,1
8970,157,1
8971,60,1
8972,53,1
8973,55,1
8974,51,1
8975,54,1
8976,64,1
8977,159,1
8978,108,1
8979,75,1
8980,200,0
8981,117,1
8982,52,1
8983,125,1
8984,46,1
8985,84,1
8986,183,1
8987,200,0
8988,74,1
8989,121,1
8990,79,1
8991,82,1
8992,143,1
8993,66,1
8994,36,1
8995,200,0
8996,124,1
8997,73,1
8998,200,0
8999,96,1
9000,64,1
9001,68,1
9002,79,1
9003,91,1
9004,35,1
9005,190,1
9006,106,1
9007,45,1
9008,110,1
9009,62,1
9010,100,1
9011,121,1
9012,53,1
9013,59,1
9014,64,1
9015,94,1
9016,46,1
9017,153,1
9018,131,1
9019,195,1
9020,64,1
9021,99,1
9022,67,1
9023,58,1
9024,89,1
9025,44,1
9026,65,1
9027,31,1
9028,81,1
9029,92,1
9030,51,1
9031,142,1
9032,88,1
9033,176,1
9034,33,1
9035,77,1
9036,88,1
9037,57,1
9038,120,1
9039,166,1
9040,41,1
9041,38,1
9042,134,1
9043,137,1
9044,68,1
9045,88,1
9046,72,1
9047,200,0
9048,90,1
9049,40,1
9050,96,1
9051,61,1
9052,32,1
9053,70,1
9054,114,1
9055,90,1
9056,55,1
9057,186,1
9058,54,1
9059,84,1
9060,41,1
9061,111,1
9062,96,1
9063,53,1
9064,51,1
9065,119,1
9066,124,1
9067,170,1
9068,40,1
9069,157,1
9070,113,1
9071,85,1
9072,140,0
9073,109,1
9074,120,1
9075,200,0
9076,93,1
9077,74,1
9078,169,1
9079,76,1
9080,86,1
9081,69,1
9082,89,1
9083,44,1
9084,112,1
9085,63,0
9086,133,1
9087,59,1
9088,39,1
9089,200,0
9090,108,1
9091,200,0
9092,80,1
9093,125,1
9094,200,0
9095,144,1
9096,162,1
9097,200,0
9098,94,1
9099,122,1
9100,103,1
9101,147,1
9102,63,1
9103,79,1
9104,200,0
9105,104,1
9106,155,1
9107,113,1
9108,63,1
9109,81,1
9110,62,1
9111,200,0
9112,96,1
9113,187,1
9114,96,1
9115,121,1
9116,35,1
9117,109,1
9118,51,1
9119,70,1
9120,66,1
9121,54,1
9122,61,1
9123,38,1
9124,170,1
9125,139,1
9126,200,0
9127,84,1
9128,64,0
9129,81,1
9130,82,1
9131,105,1
9132,45,1
9133,103,1
9134,74,1
9135,57,0
9136,54,1
9137,90,1
9138,70,1
9139,69,1
9140,200,0
9141,106,1
9142,76,1
9143,200,0
9144,50,0
9145,66,1
9146,56,1
9147,161,1
9148,128,1
9149,61,1
9150,65,1
9151,200,0
9152,79,1
9153,39,1
9154,183,1
9155,200,0
9156,42,1
9157,62,1
9158,200,0
9159,50,1
9160,37,1
9161,100,1
9162,90,1
9163,69,1
9164,39,1
9165,37,0
9166,126,1
9167,81,1
9168,94,1
9169,82,1
9170,89,1
9171,70,1
9172,125,1
9173,52,1
9174,200,0
9175,62,1
9176,54,0
9177,83,1
9178,44,1
9179,66,1
9180,44,1
9181,43,1
9182,129,1
9183,122,1
9184,60,1
9185,160,1
9186,75,1
9187,72,1
9188,116,1
9189,100,1
9190,63,1
9191,71,1
9192,35,1
9193,197,1
9194,113,1
9195,83,1
9196,135,1
9197,70,1
9198,101,1
9199,139,1
9200,200,0
9201,116,1
9202,67,1
9203,40,1
9204,200,0
9205,137,1
9206,191,1
9207,87,1
9208,131,1
9209,77,1
9210,54,1
9211,200,0
9212,84,1
9213,200,0
9214,133,1
9215,40,1
9216,177,1
9217,118,1
9218,73,1
9219,200,0
9220,174,1
9221,196,1
9222,63,1
9223,144,0
9224,69,1
9225,54,1
9226,62,1
9227,135,1
9228,80,1
9229,47,1
9230,165,1
9231,63,1
9232,34,1
9233,108,1
9234,106,1
9235,76,1
9236,101,1
9237,136,1
9238,88,1
9239,47,1
9240,108,1
9241,81,1
9242,59,1
9243,35,1
9244,58,1
9245,67,1
9246,142,1
9247,68,1
9248,95,1
9249,90,1
9250,126,1
9251,47,1
9252,48,1
9253,156,1
9254,70,1
9255,200,0
9256,27,1
9257,72,1
9258,54,1
9259,130,1
9260,36,0
9261,110,1
9262,161,1
9263,200,0
9264,49,1
9265,132,1
9266,117,1
9267,200,0
9268,46,1
9269,25,1
9270,79,1
9271,49,1
9272,64,1
9273,94,1
9274,54,1
9275,60,1
9276,103,1
9277,77,1
9278,159,1
9279,94,1
9280,127,1
9281,130,1
9282,50,1
9283,38,1
9284,124,1
9285,200,0
9286,155,1
9287,96,1
9288,105,1
9289,66,1
9290,156,1
9291,155,1
9292,57,1
9293,124,1
9294,79,1
9295,114,1
9296,200,0
9297,189,1
9298,85,1
9299,61,1
9300,108,1
9301,91,0
9302,78,1
9303,27,0
9304,77,1
9305,94,1
9306,109,0
9307,114,1
9308,65,1
9309,33,1
9310,90,1
9311,180,1
9312,55,1
9313,52,1
9314,85,1
9315,125,1
9316,83,1
9317,75,1
9318,164,1
9319,64,1
9320,143,1
9321,59,1
9322,90,1
9323,101,1
9324,93,0
9325,146,1
9326,85,1
9327,200,0
9328,107,1
9329,153,1
9330,90,1
9331,49,1
9332,173,1
9333,77,1
9334,69,1
9335,55,1
9336,50,1
9337,94,1
9338,127,1
9339,91,1
9340,120,1
9341,106,1
9342,77,1
9343,43,1
9344,58,1
9345,77,1
9346,54,0
9347,69,1
9348,103,1
9349,83,1
9350,30,1
9351,31,1
9352,72,1
9353,90,1
9354,200,0
9355,82,1
9356,32,1
9357,95,1
9358,28,1
9359,95,1
9360,58,1
9361,88,1
9362,55,1
9363,156,0
9364,153,1
9365,77,0
9366,118,1
9367,182,1
9368,37,1
9369,87,1
9370,94,1
9371,49,1
9372,91,1
9373,62,1
9374,52,0
9375,41,1
9376,91,1
9377,66,1
9378,128,1
9379,61,1
9380,64,1
9381,90,1
9382,91,1
9383,43,1
9384,28,1
9385,108,1
9386,78,1
9387,103,1
9388,34,0
9389,48,1
9390,86,1
9391,147,1
9392,135,1
9393,86,1
9394,74,1
9395,111,1
9396,173,1
9397,55,1
9398,100,1
9399,73,1
9400,61,1
9401,112,0
9402,54,1
9403,137,1
9404,151,1
9405,124,1
9406,148,1
9407,103,0
9408,53,1
9409,114,1
9410,86,1
9411,64,1
9412,49,1
9413,105,1
9414,40,1
9415,35,1
9416,200,0
9417,74,1
9418,135,1
9419,56,1
9420,78,1
9421,63,1
9422,71,1
9423,50,1
9424,35,1
9425,146,1
9426,200,0
9427,135,1
9428,46,1
9429,70,1
9430,30,0
9431,55,1
9432,72,1
9433,58,1
9434,82,1
9435,161,1
9436,98,1
9437,130,1
9438,82,1
9439,128,1
9440,105,1
9441,54,1
9442,74,1
9443,77,1
9444,62,1
9445,31,1
9446,88,1
9447,50,1
9448,200,0
9449,71,1
9450,40,1
9451,83,1
9452,200,0
9453,57,1
9454,200,0
9455,70,1
9456,190,1
9457,53,1
9458,41,1
9459,54,1
9460,49,1
9461,128,0
9462,91,0
9463,56,1
9464,59,1
9465,62,1
9466,89,1
9467,85,1
9468,41,1
9469,70,1
9470,73,1
9471,81,1
9472,62,1
9473,59,1
9474,200,0
9475,49,1
9476,141,1
9477,48,1
9478,133,1
9479,101,1
9480,68,1
9481,200,0
9482,55,1
9483,48,1
9484,123,1
9485,54,0
9486,105,0
9487,53,0
9488,200,0
9489,134,1
9490,88,1
9491,79,1
9492,52,1
9493,114,1
9494,67,1
9495,200,0
9496,156,1
9497,131,1
9498,109,1
9499,132,1
9500,117,1
9501,136,1
9502,133,1
9503,149,1
9504,54,1
9505,171,1
9506,96,1
9507,170,0
9508,41,0
9509,173,1
9510,200,0
9511,184,1
9512,117,1
9513,115,1
9514,73,1
9515,38,1
9516,111,1
9517,82,1
9518,113,1
9519,63,1
9520,67,1
9521,194,1
9522,46,1
9523,200,0
9524,152,1
9525,86,1
9526,44,1
9527,200,0
9528,137,1
9529,141,1
9530,46,0
9531,177,1
9532,63,1
9533,109,1
9534,70,1
9535,159,1
9536,109,1
9537,86,1
9538,56,1
9539,72,1
9540,105,1
9541,126,1
9542,43,1
9543,103,1
9544,135,1
9545,84,1
9546,29,0
9547,88,1
9548,175,1
9549,61,1
9550,122,1
9551,115,1
9552,119,1
9553,88,1
9554,158,1
9555,91,1
9556,200,0
9557,168,1
9558,142,1
9559,132,1
9560,35,1
9561,131,1
9562,78,1
9563,33,1
9564,111,1
9565,31,1
9566,130,1
9567,93,1
9568,124,1
9569,164,1
9570,200,0
9571,58,1
9572,183,1
9573,71,1
9574,100,1
9575,40,1
9576,133,0
9577,115,1
9578,132,1
9579,111,1
9580,153,1
9581,44,1
9582,68,1
9583,27,1
9584,83,1
9585,79,1
9586,92,1
9587,37,1
9588,191,1
9589,68,1
9590,128,1
9591,67,1
9592,57,1
9593,54,1
9594,78,1
9595,79,1
9596,109,1
9597,153,1
9598,71,1
9599,112,1
9600,117,1
9601,53,1
9602,52,1
9603,95,1
9604,127,1
9605,88,1
9606,72,1
9607,63,1
9608,85,1
9609,53,0
9610,200,0
9611,65,1
9612,148,1
9613,37,1
9614,200,0
9615,136,1
9616,193,1
9617,48,1
9618,126,1
9619,135,1
9620,94,1
9621,40,1
9622,150,1
9623,141,1
9624,199,1
9625,58,1
9626,51,1
9627,73,1
9628,188,1
9629,150,1
9630,43,1
9631,47,1
9632,56,1
9633,123,1
9634,75,1
9635,100,1
9636,63,1
9637,96,1
9638,42,1
9639,75,1
9640,129,1
9641,126,1
9642,48,1
9643,94,1
9644,31,1
9645,106,1
9646,158,1
9647,58,1
9648,39,1
9649,76,1
9650,144,1
9651,52,1
9652,130,1
9653,96,1
9654,133,0
9655,145,1
9656,37,1
9657,200,0
9658,53,1
9659,46,1
9660,51,1
9661,185,1
9662,45,0
9663,112,1
9664,130,1
9665,75,1
9666,110,1
9667,75,1
9668,86,1
9669,187,1
9670,153,1
9671,83,1
9672,172,1
9673,90,1
9674,55,1
9675,148,0
9676,41,1
9677,79,1
9678,129,1
9679,47,1
9680,61,1
9681,162,1
9682,113,1
9683,178,1
9684,55,1
9685,53,1
9686,158,1
9687,94,1
9688,129,1
9689,70,1
9690,66,1
9691,200,0
9692,104,1
9693,39,1
9694,32,1
9695,64,1
9696,40,1
9697,61,1
9698,99,1
9699,35,1
9700,99,0
9701,80,1
9702,164,1
9703,64,1
9704,102,1
9705,92,1
9706,128,1
9707,62,1
9708,41,0
9709,50,1
9710,61,1
9711,73,0
9712,131,1
9713,35,1
9714,56,1
9715,139,0
9716,178,1
9717,122,1
9718,74,1
9719,118,1
9720,53,1
9721,158,1
9722,34,1
9723,165,1
9724,46,1
9725,75,1
9726,80,1
9727,106,1
9728,34,1
9729,198,1
9730,79,1
9731,30,1
9732,77,1
9733,46,1
9734,33,1
9735,200,0
9736,70,1
9737,126,1
9738,181,1
9739,66,1
9740,90,1
9741,83,1
9742,95,1
9743,62,1
9744,82,1
9745,97,1
9746,58,1
9747,72,1
9748,56,1
9749,140,1
9750,19,0
9751,199,1
9752,200,0
9753,40,1
9754,165,1
9755,55,1
9756,68,1
9757,200,0
9758,35,1
9759,66,1
9760,115,1
9761,56,1
9762,105,1
9763,139,1
9764,55,1
9765,104,1
9766,125,0
9767,200,0
9768,65,1
9769,83,1
9770,46,1
9771,200,0
9772,147,1
9773,43,1
9774,32,1
9775,126,1
9776,174,1
9777,55,1
9778,91,1
9779,154,1
9780,200,0
9781,55,1
9782,33,1
9783,173,1
9784,200,0
9785,196,1
9786,49,1
9787,124,1
9788,165,1
9789,104,1
9790,39,1
9791,23,1
9792,97,1
9793,139,1
9794,148,1
9795,79,0
9796,145,1
9797,63,1
9798,57,1
9799,74,1
9800,158,1
9801,109,1
9802,123,1
9803,98,1
9804,150,1
9805,49,1
9806,85,1
9807,200,0
9808,200,0
9809,117,1
9810,87,1
9811,72,1
9812,192,1
9813,89,0
9814,200,0
9815,118,1
9816,71,1
9817,103,1
9818,46,1
9819,140,1
9820,45,1
9821,132,1
9822,173,1
9823,134,1
9824,75,1
9825,59,1
9826,36,1
9827,40,1
9828,129,1
9829,131,1
9830,94,1
9831,178,1
9832,70,1
9833,87,1
9834,89,1
9835,113,1
9836,98,1
9837,64,1
9838,106,1
9839,112,1
9840,89,1
9841,49,1
9842,159,1
9843,129,1
9844,49,0
9845,125,1
9846,125,1
9847,70,1
9848,124,1
9849,97,0
9850,86,1
9851,50,1
9852,45,1
9853,73,1
9854,49,1
9855,78,1
9856,48,1
9857,200,0
9858,130,0
9859,37,1
9860,40,1
9861,171,1
9862,53,1
9863,47,1
9864,156,1
9865,93,1
9866,83,1
9867,147,1
9868,158,1
9869,55,1
9870,55,1
9871,79,1
9872,128,1
9873,100,1
9874,117,1
9875,176,1
9876,138,1
9877,33,1
9878,53,1
9879,200,0
9880,200,0
9881,114,1
9882,107,1
9883,45,1
9884,44,1
9885,75,1
9886,111,1
9887,46,1
9888,200,0
9889,102,1
9890,181,1
9891,124,1
9892,28,1
9893,84,1
9894,113,1
9895,68,1
9896,31,1
9897,140,1
9898,26,1
9899,145,1
9900,66,1
9901,61,1
9902,110,1
9903,200,0
9904,163,1
9905,104,1
9906,158,1
9907,97,1
9908,69,1
9909,64,1
9910,65,1
9911,93,1
9912,107,1
9913,197,1
9914,125,1
9915,143,1
9916,47,1
9917,72,1
9918,146,1
9919,200,0
9920,74,1
9921,147,1
9922,198,1
9923,174,1
9924,61,1
9925,134,1
9926,53,1
9927,57,1
9928,58,1
9929,139,1
9930,44,1
9931,162,1
9932,143,1
9933,37,1
9934,200,0
9935,110,1
9936,44,1
9937,184,1
9938,165,1
9939,80,1
9940,120,1
9941,39,1
9942,200,0
9943,29,0
9944,51,1
9945,114,1
9946,156,1
9947,50,1
9948,30,1
9949,50,1
9950,73,1
9951,153,1
9952,28,1
9953,139,1
9954,169,1
9955,184,1
9956,39,1
9957,38,1
9958,89,1
9959,133,1
9960,95,1
9961,112,1
9962,109,1
9963,94,0
9964,75,1
9965,78,1
9966,80,1
9967,200,0
9968,106,1
9969,74,1
9970,95,1
9971,84,1
9972,200,0
9973,146,1
9974,60,1
9975,40,1
9976,57,1
9977,90,1
9978,150,1
9979,100,1
9980,79,1
9981,37,1
9982,56,1
9983,96,1
9984,107,1
9985,125,1
9986,63,1
9987,56,1
9988,112,1
9989,117,1
9990,56,1
9991,200,0
9992,67,1
9993,44,1
9994,48,1
9995,99,1
9996,74,1
9997,85,0
9998,146,1
9999,105,1
