episode,steps,reward
0,41,0
1,26,0
2,11,0
3,70,0
4,11,0
5,28,0
6,21,0
7,157,0
8,57,0
9,55,0
10,10,0
11,31,0
12,49,0
13,11,0
14,12,0
15,33,0
16,48,0
17,30,0
18,28,0
19,42,0
20,21,0
21,74,0
22,25,0
23,22,0
24,42,0
25,14,0
26,81,0
27,30,0
28,55,0
29,14,0
30,48,0
31,25,0
32,14,0
33,27,0
34,47,0
35,26,0
36,81,0
37,27,0
38,19,0
39,55,0
40,34,0
41,9,0
42,27,0
43,72,0
44,84,0
45,24,0
46,35,0
47,42,0
48,13,0
49,28,0
50,20,0
51,56,0
52,14,0
53,37,0
54,13,0
55,7,0
56,43,0
57,46,0
58,10,0
59,13,0
60,21,0
61,17,0
62,27,0
63,24,0
64,25,0
65,41,0
66,21,0
67,73,0
68,29,0
69,33,0
70,20,0
71,41,0
72,45,0
73,30,0
74,20,0
75,85,0
76,54,0
77,54,0
78,14,0
79,46,0
80,35,0
81,36,0
82,26,0
83,11,0
84,42,0
85,33,0
86,38,0
87,14,0
88,17,0
89,36,0
90,11,0
91,61,0
92,43,0
93,39,0
94,21,0
95,17,0
96,49,0
97,19,0
98,17,0
99,30,0
100,63,0
101,29,0
102,35,0
103,11,0
104,29,0
105,60,0
106,25,0
107,132,0
108,24,0
109,12,0
110,81,0
111,13,0
112,72,0
113,31,0
114,59,0
115,18,0
116,10,0
117,64,0
118,23,0
119,17,0
120,8,0
121,11,0
122,57,0
123,15,0
124,25,0
125,27,0
126,91,0
127,20,0
128,28,0
129,8,0
130,79,0
131,24,0
132,68,0
133,24,0
134,54,0
135,38,0
136,21,0
137,22,0
138,52,0
139,11,0
140,15,0
141,28,0
142,10,0
143,58,0
144,54,0
145,45,0
146,8,0
147,28,0
148,32,0
149,19,0
150,49,0
151,20,0
152,28,0
153,20,0
154,16,0
155,11,0
156,20,0
157,30,0
158,68,0
159,34,0
160,22,0
161,46,0
162,60,0
163,52,0
164,12,0
165,11,0
166,32,0
167,36,0
168,37,0
169,22,0
170,10,0
171,13,0
172,33,0
173,22,0
174,17,0
175,69,0
176,13,0
177,12,0
178,26,0
179,41,0
180,41,0
181,61,0
182,12,0
183,47,0
184,10,0
185,10,0
186,25,0
187,25,0
188,16,0
189,22,0
190,12,0
191,16,0
192,49,0
193,9,0
194,43,0
195,20,0
196,33,0
197,43,0
198,34,0
199,26,0
200,16,0
201,20,0
202,47,0
203,33,0
204,65,0
205,11,0
206,70,0
207,75,0
208,26,0
209,17,0
210,22,0
211,17,0
212,41,0
213,33,0
214,18,0
215,23,0
216,77,0
217,30,0
218,34,0
219,14,0
220,23,0
221,62,0
222,12,0
223,21,0
224,22,0
225,118,0
226,5,0
227,8,0
228,76,0
229,20,0
230,12,0
231,12,0
232,37,0
233,11,0
234,23,0
235,40,0
236,28,0
237,17,0
238,52,0
239,75,0
240,29,0
241,17,0
242,26,0
243,7,0
244,24,0
245,73,0
246,8,0
247,21,0
248,17,0
249,26,0
250,18,0
251,32,0
252,51,0
253,31,0
254,58,0
255,5,0
256,48,0
257,16,0
258,11,0
259,22,0
260,21,0
261,28,0
262,40,0
263,13,0
264,51,0
265,26,0
266,8,0
267,86,0
268,46,0
269,23,0
270,22,0
271,27,0
272,47,0
273,39,0
274,49,0
275,16,0
276,67,0
277,43,0
278,18,0
279,64,0
280,33,0
281,19,0
282,9,0
283,19,0
284,19,0
285,16,0
286,18,0
287,40,0
288,30,0
289,24,0
290,47,0
291,30,0
292,66,0
293,5,0
294,26,0
295,13,0
296,25,0
297,30,0
298,15,0
299,12,0
300,24,0
301,35,0
302,20,0
303,16,0
304,62,0
305,59,0
306,11,0
307,14,0
308,32,0
309,45,0
310,66,0
311,100,0
312,62,0
313,36,0
314,68,0
315,7,0
316,113,0
317,15,0
318,14,0
319,19,0
320,49,0
321,66,0
322,12,0
323,31,0
324,28,0
325,5,0
326,42,0
327,67,0
328,14,0
329,51,0
330,39,0
331,14,0
332,9,0
333,23,0
334,7,0
335,61,0
336,35,0
337,20,0
338,33,0
339,28,0
340,13,0
341,38,0
342,122,0
343,12,0
344,24,0
345,165,0
346,23,0
347,34,0
348,17,0
349,29,0
350,60,0
351,41,0
352,22,0
353,28,0
354,88,0
355,20,0
356,14,0
357,7,0
358,12,0
359,25,0
360,13,0
361,30,0
362,44,0
363,22,0
364,40,0
365,18,0
366,30,0
367,7,0
368,43,0
369,48,0
370,17,0
371,28,0
372,81,0
373,49,0
374,9,0
375,79,0
376,25,0
377,34,0
378,19,0
379,16,0
380,19,0
381,10,0
382,22,0
383,9,0
384,31,0
385,56,0
386,20,0
387,94,0
388,15,0
389,24,0
390,29,0
391,11,0
392,26,0
393,24,0
394,11,0
395,47,0
396,9,0
397,12,0
398,33,0
399,14,0
400,7,0
401,68,0
402,35,0
403,37,0
404,56,0
405,25,0
406,23,0
407,18,0
408,19,0
409,35,0
410,6,0
411,19,0
412,27,0
413,90,0
414,48,0
415,28,0
416,62,0
417,16,0
418,37,0
419,5,0
420,32,0
421,10,0
422,137,0
423,19,0
424,11,0
425,37,0
426,29,0
427,40,0
428,43,0
429,17,0
430,21,0
431,40,0
432,28,0
433,18,0
434,32,0
435,65,0
436,45,0
437,37,0
438,9,0
439,20,0
440,31,0
441,69,0
442,14,0
443,14,0
444,16,0
445,34,0
446,36,0
447,63,0
448,25,0
449,42,0
450,49,0
451,86,0
452,20,0
453,31,0
454,18,0
455,17,0
456,16,0
457,14,0
458,54,0
459,25,0
460,65,0
461,22,0
462,77,0
463,20,0
464,19,0
465,39,0
466,16,0
467,70,0
468,39,0
469,49,0
470,12,0
471,33,0
472,16,0
473,7,0
474,30,0
475,28,0
476,9,0
477,8,0
478,19,0
479,18,0
480,9,0
481,25,0
482,57,0
483,24,0
484,18,0
485,19,0
486,104,0
487,23,0
488,25,0
489,10,0
490,18,0
491,6,0
492,7,0
493,15,0
494,33,0
495,35,0
496,12,0
497,13,0
498,32,0
499,11,0
500,30,0
501,26,0
502,39,0
503,20,0
504,20,0
505,53,0
506,54,0
507,13,0
508,29,0
509,45,0
510,33,0
511,78,0
512,25,0
513,5,0
514,5,0
515,30,0
516,20,0
517,10,0
518,77,0
519,8,0
520,61,0
521,25,0
522,28,0
523,22,0
524,11,0
525,19,0
526,33,0
527,21,0
528,49,0
529,36,0
530,21,0
531,46,0
532,8,0
533,34,0
534,41,0
535,22,0
536,21,0
537,23,0
538,20,0
539,27,0
540,73,0
541,58,0
542,18,0
543,43,0
544,24,0
545,48,0
546,55,0
547,7,0
548,33,0
549,22,0
550,13,0
551,36,0
552,16,0
553,31,0
554,45,0
555,55,0
556,41,0
557,17,0
558,34,0
559,17,0
560,64,0
561,63,0
562,46,0
563,24,0
564,22,0
565,27,0
566,24,0
567,11,0
568,25,0
569,23,0
570,73,0
571,25,0
572,57,0
573,36,0
574,54,0
575,20,0
576,15,0
577,65,0
578,74,0
579,62,0
580,19,0
581,26,0
582,28,0
583,18,0
584,8,0
585,9,0
586,15,0
587,10,0
588,14,0
589,24,0
590,17,0
591,12,0
592,40,0
593,19,0
594,22,0
595,37,0
596,25,0
597,12,0
598,17,0
599,13,0
600,29,0
601,13,0
602,82,0
603,24,0
604,25,0
605,9,0
606,23,0
607,18,0
608,22,0
609,57,0
610,21,0
611,87,0
612,36,0
613,54,0
614,43,0
615,34,0
616,16,0
617,36,0
618,8,0
619,7,0
620,52,0
621,22,0
622,48,0
623,58,0
624,9,0
625,77,0
626,46,0
627,82,0
628,13,0
629,49,0
630,43,0
631,13,0
632,36,0
633,14,0
634,62,0
635,8,0
636,13,0
637,18,0
638,19,0
639,32,0
640,24,0
641,52,0
642,9,0
643,41,0
644,53,0
645,19,0
646,40,0
647,27,0
648,95,0
649,13,0
650,21,0
651,7,0
652,50,0
653,23,0
654,32,0
655,18,0
656,57,0
657,10,0
658,29,0
659,28,0
660,16,0
661,47,0
662,26,0
663,28,0
664,41,0
665,52,0
666,9,0
667,35,0
668,11,0
669,14,0
670,12,0
671,17,0
672,5,0
673,19,0
674,27,0
675,30,0
676,27,0
677,10,0
678,30,0
679,26,0
680,47,0
681,17,0
682,15,0
683,7,0
684,9,0
685,7,0
686,79,0
687,61,0
688,21,0
689,43,0
690,39,0
691,29,0
692,23,0
693,32,0
694,33,0
695,20,0
696,89,0
697,16,0
698,10,0
699,8,0
700,123,0
701,96,0
702,18,0
703,30,0
704,16,0
705,28,0
706,27,0
707,35,0
708,19,0
709,21,0
710,39,0
711,95,0
712,8,0
713,16,0
714,23,0
715,30,0
716,127,0
717,49,0
718,9,0
719,17,0
720,31,0
721,8,0
722,9,0
723,25,0
724,22,0
725,14,0
726,23,0
727,10,0
728,53,0
729,32,0
730,26,0
731,55,0
732,15,0
733,65,0
734,11,0
735,23,0
736,33,0
737,12,0
738,49,0
739,33,0
740,8,0
741,14,0
742,18,0
743,65,0
744,38,0
745,23,0
746,16,0
747,41,0
748,14,0
749,15,0
750,5,0
751,25,0
752,25,0
753,52,0
754,66,0
755,7,0
756,18,0
757,32,0
758,44,0
759,38,0
760,13,0
761,11,0
762,42,0
763,13,0
764,5,0
765,37,0
766,93,0
767,17,0
768,15,0
769,23,0
770,76,0
771,28,0
772,92,0
773,58,0
774,30,0
775,16,0
776,7,0
777,12,0
778,72,0
779,19,0
780,35,0
781,28,0
782,11,0
783,21,0
784,61,0
785,22,0
786,52,0
787,14,0
788,30,0
789,12,0
790,73,0
791,30,0
792,38,0
793,60,0
794,7,0
795,32,0
796,40,0
797,86,0
798,6,0
799,25,0
800,27,0
801,31,0
802,23,0
803,7,0
804,31,0
805,34,0
806,19,0
807,11,0
808,21,0
809,62,0
810,8,0
811,17,0
812,32,0
813,29,0
814,51,0
815,25,0
816,18,0
817,5,0
818,18,0
819,25,0
820,10,0
821,113,0
822,19,0
823,13,0
824,33,0
825,11,0
826,104,0
827,15,0
828,15,0
829,21,0
830,37,0
831,8,0
832,18,0
833,18,0
834,36,0
835,37,0
836,18,0
837,13,0
838,51,0
839,39,0
840,15,0
841,18,0
842,73,0
843,37,0
844,17,0
845,23,0
846,45,0
847,66,0
848,11,0
849,28,0
850,34,0
851,75,0
852,26,0
853,15,0
854,29,0
855,5,0
856,9,0
857,17,0
858,16,0
859,19,0
860,28,0
861,43,0
862,45,0
863,22,0
864,28,0
865,34,0
866,57,0
867,23,0
868,39,0
869,28,0
870,20,0
871,29,0
872,13,0
873,38,0
874,54,0
875,60,0
876,7,0
877,10,0
878,25,0
879,13,0
880,48,0
881,27,0
882,22,0
883,13,0
884,32,0
885,66,0
886,27,0
887,21,0
888,18,0
889,13,0
890,123,0
891,24,0
892,24,0
893,9,0
894,96,0
895,37,0
896,49,0
897,43,0
898,40,0
899,43,0
900,12,0
901,9,0
902,30,0
903,55,0
904,32,0
905,14,0
906,58,0
907,52,0
908,32,0
909,34,0
910,8,0
911,10,0
912,14,0
913,27,0
914,8,0
915,10,0
916,76,0
917,61,0
918,50,0
919,101,0
920,23,0
921,9,0
922,16,0
923,5,0
924,22,0
925,69,0
926,60,0
927,8,0
928,9,0
929,58,0
930,55,0
931,16,0
932,19,0
933,11,0
934,26,0
935,126,0
936,7,0
937,65,0
938,16,0
939,42,0
940,41,0
941,24,0
942,44,0
943,17,0
944,10,0
945,29,0
946,22,0
947,8,0
948,15,0
949,13,0
950,50,0
951,43,1
952,71,0
953,23,0
954,71,0
955,56,1
956,140,0
957,171,1
958,20,0
959,20,0
960,56,1
961,66,0
962,106,0
963,107,1
964,49,1
965,45,0
966,26,0
967,62,0
968,38,1
969,21,1
970,90,0
971,50,1
972,33,0
973,61,1
974,92,1
975,77,0
976,77,0
977,82,0
978,65,0
979,195,0
980,41,0
981,43,0
982,29,0
983,61,0
984,55,1
985,87,1
986,48,1
987,26,0
988,38,1
989,40,0
990,65,0
991,77,1
992,39,0
993,75,1
994,11,0
995,38,0
996,89,1
997,82,1
998,96,1
999,48,0
1000,123,1
1001,50,0
1002,110,0
1003,112,1
1004,59,0
1005,42,0
1006,43,0
1007,41,0
1008,33,0
1009,162,0
1010,22,0
1011,70,0
1012,47,1
1013,36,1
1014,90,0
1015,101,1
1016,87,0
1017,38,0
1018,36,1
1019,59,0
1020,79,1
1021,26,0
1022,55,0
1023,147,1
1024,50,0
1025,131,0
1026,40,1
1027,32,1
1028,166,0
1029,74,1
1030,109,1
1031,66,0
1032,110,1
1033,43,0
1034,108,1
1035,47,0
1036,38,1
1037,26,0
1038,101,1
1039,34,1
1040,45,0
1041,65,1
1042,137,1
1043,71,1
1044,100,1
1045,105,0
1046,64,1
1047,34,0
1048,40,1
1049,49,1
1050,81,0
1051,78,0
1052,66,1
1053,55,1
1054,35,0
1055,74,1
1056,48,0
1057,20,0
1058,133,1
1059,97,0
1060,34,1
1061,36,1
1062,52,0
1063,76,0
1064,23,0
1065,77,0
1066,83,1
1067,170,0
1068,11,0
1069,35,1
1070,84,0
1071,45,1
1072,35,0
1073,44,1
1074,200,0
1075,118,1
1076,91,1
1077,127,0
1078,90,0
1079,49,0
1080,107,1
1081,53,1
1082,165,1
1083,77,1
1084,67,0
1085,45,0
1086,200,0
1087,126,1
1088,76,1
1089,96,1
1090,38,1
1091,73,0
1092,31,0
1093,183,0
1094,75,0
1095,114,1
1096,20,0
1097,90,1
1098,52,1
1099,56,0
1100,138,1
1101,54,1
1102,54,1
1103,200,0
1104,58,0
1105,67,1
1106,50,0
1107,91,1
1108,58,0
1109,58,0
1110,104,1
1111,54,0
1112,46,0
1113,71,0
1114,124,1
1115,44,1
1116,34,0
1117,29,0
1118,116,1
1119,40,1
1120,81,1
1121,93,0
1122,172,0
1123,22,0
1124,70,1
1125,137,1
1126,87,1
1127,66,1
1128,197,1
1129,41,1
1130,43,1
1131,57,0
1132,64,1
1133,64,0
1134,148,0
1135,55,0
1136,121,0
1137,91,1
1138,133,1
1139,27,1
1140,38,1
1141,200,0
1142,55,1
1143,27,0
1144,113,1
1145,69,1
1146,79,1
1147,23,0
1148,55,0
1149,92,1
1150,50,1
1151,59,0
1152,69,0
1153,33,0
1154,58,0
1155,56,1
1156,55,0
1157,48,0
1158,47,1
1159,85,0
1160,142,0
1161,52,0
1162,61,0
1163,200,0
1164,40,1
1165,88,0
1166,79,0
1167,99,0
1168,114,1
1169,66,1
1170,124,0
1171,88,0
1172,52,1
1173,77,0
1174,49,1
1175,64,1
1176,95,1
1177,89,0
1178,27,1
1179,36,0
1180,73,1
1181,60,1
1182,15,0
1183,66,0
1184,148,0
1185,73,0
1186,70,1
1187,85,0
1188,86,0
1189,105,0
1190,61,0
1191,68,1
1192,59,1
1193,59,1
1194,35,0
1195,57,1
1196,107,1
1197,151,0
1198,59,0
1199,111,0
1200,69,0
1201,54,0
1202,121,1
1203,200,0
1204,134,0
1205,68,0
1206,118,1
1207,59,1
1208,135,1
1209,47,0
1210,93,0
1211,92,0
1212,68,0
1213,130,0
1214,34,1
1215,55,1
1216,35,1
1217,35,1
1218,55,0
1219,107,0
1220,63,1
1221,102,0
1222,58,1
1223,36,0
1224,83,1
1225,75,1
1226,94,1
1227,36,0
1228,51,1
1229,114,1
1230,36,0
1231,54,0
1232,79,1
1233,56,1
1234,99,1
1235,15,0
1236,54,0
1237,48,0
1238,104,0
1239,54,0
1240,81,1
1241,54,0
1242,77,1
1243,45,0
1244,51,1
1245,145,1
1246,41,1
1247,31,0
1248,123,1
1249,179,1
1250,85,1
1251,37,1
1252,68,1
1253,55,1
1254,62,0
1255,57,0
1256,39,0
1257,71,1
1258,145,1
1259,30,1
1260,26,1
1261,57,1
1262,23,0
1263,134,1
1264,87,1
1265,59,0
1266,48,0
1267,88,0
1268,83,0
1269,37,1
1270,77,1
1271,118,1
1272,40,0
1273,49,1
1274,31,1
1275,128,0
1276,200,0
1277,71,0
1278,23,0
1279,86,1
1280,78,1
1281,61,1
1282,104,0
1283,126,1
1284,37,1
1285,33,1
1286,138,0
1287,82,1
1288,38,1
1289,145,1
1290,42,1
1291,89,1
1292,57,0
1293,21,0
1294,200,0
1295,200,0
1296,75,0
1297,66,0
1298,143,0
1299,137,1
1300,66,1
1301,32,0
1302,23,1
1303,58,1
1304,73,1
1305,69,1
1306,36,0
1307,67,0
1308,93,0
1309,93,0
1310,28,0
1311,41,0
1312,156,0
1313,40,0
1314,49,1
1315,42,0
1316,78,0
1317,42,0
1318,28,0
1319,55,1
1320,109,1
1321,38,0
1322,79,1
1323,101,1
1324,53,1
1325,153,0
1326,72,0
1327,51,1
1328,33,1
1329,37,1
1330,56,0
1331,119,1
1332,21,0
1333,38,0
1334,52,0
1335,124,0
1336,80,0
1337,152,0
1338,96,1
1339,50,0
1340,27,1
1341,133,0
1342,73,0
1343,32,1
1344,59,1
1345,128,0
1346,33,1
1347,41,0
1348,123,1
1349,28,1
1350,48,0
1351,67,1
1352,77,0
1353,128,1
1354,160,0
1355,169,1
1356,41,1
1357,37,0
1358,136,1
1359,90,0
1360,53,1
1361,36,0
1362,67,1
1363,36,0
1364,61,0
1365,47,0
1366,59,1
1367,97,1
1368,50,0
1369,68,1
1370,43,1
1371,44,0
1372,97,1
1373,200,0
1374,71,1
1375,200,0
1376,102,1
1377,121,1
1378,54,0
1379,64,0
1380,37,0
1381,200,0
1382,34,0
1383,34,0
1384,113,0
1385,46,1
1386,85,1
1387,56,0
1388,123,0
1389,113,1
1390,63,1
1391,131,1
1392,52,0
1393,56,0
1394,66,1
1395,49,1
1396,28,1
1397,19,0
1398,16,0
1399,119,0
1400,45,1
1401,200,0
1402,51,0
1403,24,1
1404,96,0
1405,178,0
1406,121,1
1407,104,0
1408,73,1
1409,49,1
1410,89,1
1411,37,0
1412,103,0
1413,56,0
1414,65,0
1415,106,1
1416,67,0
1417,97,1
1418,36,0
1419,36,1
1420,102,0
1421,21,0
1422,199,0
1423,93,1
1424,98,0
1425,55,0
1426,91,1
1427,59,1
1428,62,0
1429,109,1
1430,33,1
1431,45,1
1432,119,1
1433,111,0
1434,75,1
1435,101,0
1436,48,1
1437,43,1
1438,53,0
1439,58,1
1440,85,0
1441,23,1
1442,56,0
1443,111,0
1444,31,1
1445,16,0
1446,27,1
1447,117,1
1448,62,0
1449,37,1
1450,61,0
1451,98,0
1452,69,1
1453,43,1
1454,86,0
1455,108,1
1456,61,1
1457,32,0
1458,96,0
1459,59,1
1460,53,1
1461,43,1
1462,58,1
1463,63,1
1464,42,1
1465,99,0
1466,36,0
1467,41,1
1468,98,1
1469,40,1
1470,54,0
1471,42,1
1472,60,1
1473,36,0
1474,90,0
1475,44,1
1476,64,0
1477,54,0
1478,49,1
1479,49,0
1480,97,0
1481,200,0
1482,39,0
1483,55,1
1484,75,0
1485,90,1
1486,37,1
1487,71,0
1488,28,0
1489,87,0
1490,56,1
1491,49,1
1492,31,1
1493,51,0
1494,16,0
1495,200,0
1496,50,1
1497,36,1
1498,125,0
1499,55,0
1500,75,0
1501,84,0
1502,38,1
1503,93,1
1504,70,1
1505,112,0
1506,37,1
1507,56,0
1508,67,1
1509,119,0
1510,75,1
1511,50,1
1512,42,1
1513,61,1
1514,71,0
1515,21,0
1516,34,1
1517,36,0
1518,91,0
1519,88,1
1520,90,1
1521,75,0
1522,38,1
1523,71,1
1524,60,0
1525,117,0
1526,31,1
1527,156,1
1528,76,0
1529,91,1
1530,48,0
1531,79,0
1532,140,0
1533,53,0
1534,100,0
1535,34,0
1536,65,0
1537,62,0
1538,64,0
1539,169,0
1540,85,1
1541,83,0
1542,34,1
1543,156,0
1544,112,0
1545,200,0
1546,37,1
1547,67,0
1548,52,0
1549,58,0
1550,29,0
1551,27,1
1552,21,0
1553,76,0
1554,78,1
1555,27,0
1556,59,1
1557,68,1
1558,82,1
1559,86,0
1560,94,1
1561,86,1
1562,41,0
1563,60,0
1564,133,0
1565,52,0
1566,73,0
1567,23,1
1568,32,0
1569,37,1
1570,34,0
1571,47,1
1572,62,1
1573,85,1
1574,47,1
1575,35,1
1576,65,0
1577,64,1
1578,37,1
1579,112,1
1580,39,1
1581,200,0
1582,75,1
1583,105,0
1584,32,0
1585,96,1
1586,56,1
1587,83,1
1588,53,1
1589,32,0
1590,100,1
1591,50,0
1592,107,0
1593,121,0
1594,121,1
1595,37,0
1596,54,0
1597,119,0
1598,29,0
1599,65,1
1600,134,0
1601,43,0
1602,58,1
1603,29,1
1604,72,0
1605,83,0
1606,61,0
1607,47,1
1608,136,0
1609,77,0
1610,74,1
1611,41,1
1612,29,0
1613,152,1
1614,54,0
1615,110,1
1616,69,0
1617,18,0
1618,109,0
1619,43,1
1620,87,1
1621,49,1
1622,69,1
1623,24,0
1624,94,1
1625,120,0
1626,141,1
1627,148,1
1628,50,1
1629,46,1
1630,47,1
1631,150,0
1632,102,0
1633,53,1
1634,53,0
1635,52,1
1636,104,0
1637,74,0
1638,73,1
1639,56,0
1640,94,0
1641,38,1
1642,114,1
1643,144,0
1644,31,1
1645,56,0
1646,97,0
1647,90,1
1648,57,0
1649,22,1
1650,55,0
1651,58,0
1652,56,0
1653,52,0
1654,50,1
1655,50,1
1656,83,1
1657,105,0
1658,35,1
1659,109,1
1660,154,0
1661,56,0
1662,41,0
1663,55,1
1664,49,1
1665,64,1
1666,26,1
1667,34,0
1668,88,0
1669,65,1
1670,25,1
1671,200,1
1672,28,0
1673,120,1
1674,17,1
1675,59,0
1676,47,1
1677,102,1
1678,47,1
1679,33,0
1680,88,1
1681,130,1
1682,107,0
1683,48,1
1684,64,0
1685,39,0
1686,200,0
1687,64,1
1688,58,1
1689,101,1
1690,67,0
1691,56,0
1692,108,0
1693,65,0
1694,48,1
1695,35,1
1696,109,1
1697,55,0
1698,39,0
1699,188,0
1700,30,1
1701,68,1
1702,67,0
1703,62,1
1704,86,1
1705,128,0
1706,86,1
1707,49,0
1708,62,0
1709,48,1
1710,25,0
1711,102,0
1712,65,1
1713,29,1
1714,74,1
1715,78,0
1716,72,0
1717,35,0
1718,80,0
1719,35,0
1720,52,0
1721,44,1
1722,73,1
1723,123,1
1724,85,0
1725,30,1
1726,73,1
1727,187,1
1728,68,1
1729,115,0
1730,58,1
1731,43,0
1732,51,1
1733,54,1
1734,42,1
1735,91,1
1736,101,1
1737,147,0
1738,138,0
1739,95,1
1740,51,1
1741,112,1
1742,89,1
1743,59,1
1744,129,0
1745,85,1
1746,113,0
1747,27,0
1748,41,1
1749,86,0
1750,42,1
1751,68,0
1752,61,1
1753,15,0
1754,67,0
1755,40,1
1756,36,1
1757,103,0
1758,37,0
1759,56,1
1760,99,1
1761,200,0
1762,45,0
1763,25,0
1764,42,0
1765,148,1
1766,91,1
1767,51,1
1768,60,0
1769,50,1
1770,98,1
1771,64,0
1772,64,0
1773,94,1
1774,52,1
1775,40,1
1776,120,1
1777,98,0
1778,28,0
1779,25,0
1780,129,0
1781,121,1
1782,103,1
1783,50,0
1784,50,0
1785,113,1
1786,31,0
1787,59,0
1788,50,0
1789,74,0
1790,29,0
1791,78,1
1792,141,1
1793,95,1
1794,40,0
1795,130,0
1796,35,0
1797,119,0
1798,27,0
1799,97,1
1800,53,1
1801,95,1
1802,28,0
1803,35,1
1804,112,0
1805,48,1
1806,33,0
1807,118,1
1808,121,0
1809,34,1
1810,49,0
1811,27,1
1812,30,1
1813,38,1
1814,28,0
1815,45,1
1816,43,0
1817,11,0
1818,85,1
1819,59,0
1820,162,0
1821,48,0
1822,68,1
1823,55,1
1824,68,1
1825,194,1
1826,172,0
1827,107,1
1828,200,0
1829,112,1
1830,119,1
1831,80,0
1832,108,0
1833,42,0
1834,43,0
1835,200,0
1836,49,1
1837,46,0
1838,96,1
1839,85,0
1840,82,1
1841,50,0
1842,71,0
1843,154,0
1844,46,1
1845,67,1
1846,53,1
1847,29,0
1848,47,1
1849,32,1
1850,47,1
1851,58,0
1852,48,1
1853,70,1
1854,95,0
1855,68,1
1856,57,0
1857,38,1
1858,133,1
1859,35,1
1860,186,1
1861,84,0
1862,152,1
1863,29,0
1864,83,1
1865,126,0
1866,55,1
1867,33,0
1868,67,0
1869,80,0
1870,155,1
1871,60,1
1872,121,0
1873,65,1
1874,27,1
1875,88,1
1876,64,1
1877,96,1
1878,23,1
1879,29,0
1880,24,0
1881,112,0
1882,27,0
1883,45,0
1884,31,1
1885,46,0
1886,58,1
1887,52,1
1888,85,0
1889,50,0
1890,43,0
1891,152,1
1892,83,1
1893,20,0
1894,110,0
1895,51,0
1896,200,0
1897,20,1
1898,40,1
1899,33,1
1900,152,1
1901,76,0
1902,55,0
1903,25,0
1904,76,1
1905,27,1
1906,43,1
1907,170,0
1908,111,0
1909,40,1
1910,25,0
1911,20,0
1912,36,0
1913,54,1
1914,45,0
1915,55,1
1916,45,1
1917,156,1
1918,75,1
1919,123,1
1920,58,1
1921,43,0
1922,52,1
1923,48,1
1924,144,0
1925,135,1
1926,60,0
1927,56,0
1928,55,1
1929,21,0
1930,35,0
1931,48,1
1932,71,1
1933,63,1
1934,179,0
1935,41,0
1936,67,0
1937,58,0
1938,38,0
1939,72,1
1940,127,1
1941,123,1
1942,76,1
1943,32,1
1944,61,0
1945,87,1
1946,81,1
1947,84,1
1948,75,0
1949,111,0
1950,65,1
1951,113,0
1952,116,0
1953,126,1
1954,35,1
1955,65,1
1956,143,0
1957,19,0
1958,117,0
1959,25,1
1960,75,0
1961,138,1
1962,114,0
1963,50,0
1964,59,0
1965,49,0
1966,71,1
1967,20,0
1968,102,0
1969,116,1
1970,69,0
1971,73,1
1972,27,1
1973,48,0
1974,37,0
1975,52,0
1976,61,0
1977,93,1
1978,81,0
1979,146,1
1980,60,0
1981,129,0
1982,140,1
1983,54,0
1984,152,0
1985,14,0
1986,58,0
1987,31,0
1988,32,0
1989,44,1
1990,54,1
1991,170,1
1992,32,1
1993,37,0
1994,75,0
1995,58,1
1996,16,0
1997,107,1
1998,51,0
1999,152,0
2000,25,0
2001,54,0
2002,108,0
2003,69,1
2004,56,1
2005,43,0
2006,34,1
2007,96,0
2008,47,1
2009,69,0
2010,32,1
2011,43,0
2012,49,1
2013,59,0
2014,147,1
2015,97,1
2016,65,1
2017,37,0
2018,101,0
2019,104,0
2020,21,0
2021,42,1
2022,33,0
2023,57,1
2024,164,1
2025,48,1
2026,84,0
2027,120,0
2028,54,1
2029,200,0
2030,130,1
2031,29,1
2032,35,0
2033,61,0
2034,56,1
2035,72,1
2036,200,0
2037,69,1
2038,138,0
2039,91,1
2040,36,0
2041,57,0
2042,49,1
2043,115,1
2044,43,1
2045,47,0
2046,168,1
2047,33,1
2048,77,1
2049,29,0
2050,100,0
2051,51,1
2052,96,0
2053,57,0
2054,39,1
2055,173,1
2056,80,1
2057,24,1
2058,81,0
2059,108,0
2060,65,1
2061,50,0
2062,122,0
2063,53,1
2064,68,0
2065,89,1
2066,158,1
2067,131,1
2068,35,1
2069,60,0
2070,51,1
2071,110,0
2072,45,1
2073,103,1
2074,200,0
2075,40,1
2076,47,0
2077,41,0
2078,92,1
2079,100,0
2080,93,1
2081,62,0
2082,69,1
2083,45,1
2084,64,0
2085,51,1
2086,81,1
2087,50,0
2088,73,1
2089,79,0
2090,32,0
2091,36,0
2092,121,1
2093,16,0
2094,57,1
2095,33,0
2096,83,0
2097,77,1
2098,25,1
2099,49,1
2100,69,0
2101,40,0
2102,149,1
2103,81,1
2104,172,0
2105,57,0
2106,41,1
2107,52,0
2108,29,1
2109,61,1
2110,61,1
2111,40,1
2112,65,1
2113,200,0
2114,84,1
2115,42,0
2116,182,0
2117,78,1
2118,34,1
2119,43,0
2120,81,1
2121,68,1
2122,36,0
2123,47,0
2124,93,1
2125,66,0
2126,66,0
2127,118,1
2128,97,0
2129,58,1
2130,192,1
2131,121,1
2132,69,0
2133,71,1
2134,101,0
2135,170,0
2136,90,0
2137,64,0
2138,128,1
2139,56,0
2140,75,1
2141,121,0
2142,51,0
2143,33,0
2144,191,1
2145,115,1
2146,95,1
2147,40,0
2148,71,0
2149,24,0
2150,200,0
2151,108,0
2152,54,0
2153,144,1
2154,47,0
2155,84,0
2156,39,0
2157,81,1
2158,200,0
2159,48,1
2160,89,0
2161,182,0
2162,35,1
2163,86,1
2164,68,1
2165,72,1
2166,23,0
2167,100,1
2168,108,0
2169,85,1
2170,89,1
2171,26,0
2172,35,1
2173,57,0
2174,33,0
2175,100,0
2176,53,0
2177,109,1
2178,42,0
2179,26,1
2180,56,0
2181,98,1
2182,98,0
2183,99,0
2184,42,1
2185,81,0
2186,61,1
2187,59,0
2188,96,1
2189,155,1
2190,48,0
2191,42,1
2192,53,0
2193,44,1
2194,76,0
2195,76,1
2196,46,0
2197,44,1
2198,38,1
2199,113,1
2200,66,0
2201,39,1
2202,14,0
2203,49,0
2204,49,1
2205,65,0
2206,51,0
2207,27,0
2208,28,1
2209,43,1
2210,27,0
2211,31,1
2212,52,1
2213,100,0
2214,26,1
2215,48,1
2216,130,0
2217,51,1
2218,34,0
2219,88,0
2220,15,0
2221,38,1
2222,61,1
2223,35,1
2224,45,1
2225,45,0
2226,73,0
2227,67,1
2228,70,0
2229,43,1
2230,31,0
2231,98,1
2232,21,0
2233,33,1
2234,39,0
2235,92,1
2236,60,1
2237,106,1
2238,29,0
2239,75,1
2240,138,0
2241,77,0
2242,89,1
2243,200,0
2244,72,1
2245,29,0
2246,92,1
2247,123,1
2248,40,1
2249,107,1
2250,43,1
2251,151,0
2252,61,1
2253,55,1
2254,160,1
2255,32,0
2256,37,1
2257,93,1
2258,69,1
2259,61,1
2260,70,1
2261,69,0
2262,81,1
2263,68,1
2264,31,1
2265,35,0
2266,108,0
2267,42,1
2268,79,0
2269,200,0
2270,128,1
2271,84,1
2272,81,1
2273,46,0
2274,170,1
2275,91,1
2276,187,1
2277,47,1
2278,47,1
2279,31,1
2280,58,1
2281,57,0
2282,147,0
2283,106,1
2284,88,0
2285,69,1
2286,45,0
2287,50,1
2288,45,1
2289,49,0
2290,66,0
2291,62,0
2292,122,1
2293,30,1
2294,139,1
2295,38,0
2296,66,0
2297,73,1
2298,70,1
2299,12,0
2300,200,0
2301,21,0
2302,56,1
2303,34,0
2304,51,1
2305,73,1
2306,57,0
2307,113,0
2308,41,1
2309,41,0
2310,115,1
2311,117,0
2312,69,0
2313,41,0
2314,84,1
2315,30,1
2316,42,0
2317,118,1
2318,55,0
2319,80,1
2320,48,1
2321,115,0
2322,45,0
2323,82,1
2324,100,1
2325,154,0
2326,43,0
2327,73,0
2328,79,0
2329,36,0
2330,69,0
2331,41,0
2332,140,1
2333,20,1
2334,47,0
2335,35,0
2336,56,0
2337,47,1
2338,177,1
2339,77,1
2340,118,1
2341,110,1
2342,51,0
2343,146,0
2344,80,1
2345,23,1
2346,95,0
2347,47,1
2348,28,0
2349,96,0
2350,65,0
2351,165,0
2352,13,0
2353,62,1
2354,64,0
2355,86,1
2356,173,1
2357,99,0
2358,76,1
2359,46,1
2360,43,0
2361,200,0
2362,43,1
2363,96,0
2364,67,1
2365,76,1
2366,110,0
2367,40,1
2368,164,1
2369,63,0
2370,60,0
2371,129,0
2372,53,0
2373,52,1
2374,63,1
2375,111,1
2376,47,0
2377,76,1
2378,93,0
2379,29,0
2380,47,0
2381,58,0
2382,73,1
2383,50,1
2384,57,1
2385,31,0
2386,24,0
2387,200,0
2388,25,1
2389,79,0
2390,86,0
2391,28,1
2392,56,1
2393,55,1
2394,53,0
2395,51,0
2396,104,0
2397,45,1
2398,71,1
2399,86,0
2400,42,0
2401,80,0
2402,86,0
2403,76,1
2404,66,1
2405,49,1
2406,36,0
2407,52,1
2408,102,1
2409,35,0
2410,26,0
2411,131,1
2412,144,1
2413,99,0
2414,86,1
2415,95,0
2416,62,1
2417,76,0
2418,110,1
2419,30,1
2420,76,0
2421,38,0
2422,42,1
2423,134,1
2424,46,1
2425,58,1
2426,98,1
2427,200,0
2428,61,0
2429,42,0
2430,65,0
2431,112,0
2432,97,0
2433,21,0
2434,97,0
2435,115,1
2436,70,1
2437,113,1
2438,102,1
2439,65,0
2440,46,1
2441,70,1
2442,45,0
2443,18,1
2444,165,1
2445,71,1
2446,106,1
2447,42,0
2448,115,1
2449,28,1
2450,109,0
2451,131,1
2452,29,0
2453,20,1
2454,66,1
2455,81,0
2456,103,1
2457,67,1
2458,57,1
2459,40,1
2460,32,1
2461,33,1
2462,42,0
2463,73,1
2464,45,1
2465,45,1
2466,50,0
2467,40,0
2468,61,1
2469,27,0
2470,114,1
2471,141,1
2472,89,0
2473,188,1
2474,53,0
2475,52,1
2476,46,0
2477,53,1
2478,38,0
2479,59,0
2480,68,1
2481,25,0
2482,72,0
2483,52,1
2484,62,0
2485,76,1
2486,53,0
2487,200,0
2488,105,1
2489,41,0
2490,38,1
2491,64,1
2492,110,1
2493,52,1
2494,124,0
2495,120,1
2496,76,0
2497,62,0
2498,93,0
2499,43,1
2500,200,0
2501,200,0
2502,173,0
2503,41,0
2504,46,1
2505,102,1
2506,104,0
2507,60,0
2508,88,1
2509,45,1
2510,26,1
2511,100,1
2512,71,1
2513,33,0
2514,63,0
2515,22,1
2516,55,1
2517,58,0
2518,57,1
2519,19,0
2520,177,0
2521,27,1
2522,115,0
2523,61,0
2524,43,1
2525,90,1
2526,67,1
2527,21,0
2528,46,1
2529,96,0
2530,105,0
2531,60,1
2532,39,1
2533,66,1
2534,42,0
2535,39,1
2536,28,1
2537,30,0
2538,40,0
2539,46,1
2540,49,1
2541,79,1
2542,39,1
2543,26,0
2544,95,1
2545,111,0
2546,89,1
2547,85,1
2548,117,1
2549,28,1
2550,45,1
2551,200,0
2552,92,1
2553,57,0
2554,46,0
2555,57,1
2556,67,0
2557,51,1
2558,22,0
2559,28,1
2560,44,1
2561,138,1
2562,15,0
2563,29,0
2564,85,0
2565,52,1
2566,28,0
2567,68,1
2568,62,0
2569,50,0
2570,117,1
2571,30,0
2572,34,0
2573,200,0
2574,77,0
2575,36,1
2576,70,1
2577,66,0
2578,43,0
2579,42,1
2580,179,0
2581,70,0
2582,79,1
2583,92,0
2584,35,0
2585,66,1
2586,51,1
2587,20,1
2588,64,0
2589,59,1
2590,68,0
2591,64,0
2592,137,0
2593,55,0
2594,28,0
2595,122,0
2596,48,1
2597,53,0
2598,60,0
2599,26,1
2600,22,0
2601,144,1
2602,38,1
2603,32,1
2604,78,1
2605,78,1
2606,87,0
2607,37,1
2608,68,0
2609,82,0
2610,103,0
2611,31,1
2612,88,0
2613,174,0
2614,76,0
2615,33,0
2616,38,0
2617,24,1
2618,35,0
2619,148,1
2620,98,0
2621,55,0
2622,48,0
2623,34,1
2624,66,0
2625,38,0
2626,64,0
2627,37,0
2628,40,1
2629,71,0
2630,169,0
2631,65,1
2632,44,0
2633,109,0
2634,109,0
2635,34,0
2636,37,0
2637,98,1
2638,98,1
2639,75,1
2640,21,0
2641,107,0
2642,70,1
2643,104,0
2644,69,1
2645,87,1
2646,44,0
2647,38,1
2648,42,1
2649,68,0
2650,51,1
2651,61,0
2652,35,1
2653,200,0
2654,85,1
2655,51,0
2656,102,1
2657,89,0
2658,90,0
2659,64,0
2660,100,0
2661,34,1
2662,53,0
2663,21,0
2664,35,1
2665,178,1
2666,37,1
2667,17,0
2668,44,1
2669,152,0
2670,105,1
2671,78,0
2672,57,1
2673,51,0
2674,75,0
2675,52,0
2676,137,0
2677,57,0
2678,40,1
2679,76,1
2680,46,1
2681,80,0
2682,41,0
2683,84,1
2684,47,0
2685,62,0
2686,95,1
2687,52,1
2688,40,1
2689,177,1
2690,45,0
2691,59,1
2692,22,0
2693,40,0
2694,74,0
2695,178,0
2696,71,1
2697,39,0
2698,48,0
2699,68,1
2700,41,1
2701,73,0
2702,81,1
2703,69,0
2704,34,0
2705,97,1
2706,45,0
2707,34,1
2708,154,0
2709,97,1
2710,67,0
2711,89,1
2712,74,1
2713,60,0
2714,77,0
2715,74,1
2716,137,1
2717,184,0
2718,69,0
2719,59,1
2720,96,1
2721,65,0
2722,44,0
2723,120,0
2724,50,0
2725,87,0
2726,63,0
2727,173,1
2728,166,1
2729,49,1
2730,57,1
2731,89,1
2732,64,1
2733,40,1
2734,36,1
2735,43,1
2736,58,0
2737,64,0
2738,56,1
2739,48,1
2740,60,0
2741,82,1
2742,75,1
2743,16,0
2744,200,0
2745,33,0
2746,147,0
2747,167,1
2748,97,0
2749,69,0
2750,47,1
2751,66,1
2752,64,0
2753,43,0
2754,145,1
2755,88,1
2756,52,1
2757,21,1
2758,123,1
2759,45,1
2760,40,1
2761,92,0
2762,119,0
2763,117,0
2764,40,1
2765,63,1
2766,71,0
2767,26,1
2768,114,1
2769,68,1
2770,110,1
2771,61,0
2772,58,0
2773,84,1
2774,119,1
2775,154,1
2776,42,0
2777,79,0
2778,28,0
2779,53,0
2780,32,1
2781,115,1
2782,130,1
2783,78,0
2784,160,1
2785,32,1
2786,64,1
2787,90,0
2788,132,0
2789,105,1
2790,124,1
2791,44,0
2792,140,1
2793,36,1
2794,106,1
2795,197,1
2796,85,1
2797,67,0
2798,140,0
2799,41,1
2800,26,0
2801,71,1
2802,55,0
2803,67,0
2804,111,0
2805,118,1
2806,71,1
2807,47,1
2808,38,0
2809,74,1
2810,23,0
2811,131,0
2812,197,0
2813,95,1
2814,37,1
2815,79,0
2816,71,0
2817,77,1
2818,45,1
2819,89,1
2820,76,0
2821,51,0
2822,70,1
2823,65,0
2824,57,1
2825,73,1
2826,31,0
2827,30,1
2828,117,1
2829,53,1
2830,34,0
2831,34,1
2832,51,0
2833,117,1
2834,51,0
2835,136,0
2836,45,0
2837,49,1
2838,59,1
2839,110,0
2840,81,1
2841,66,0
2842,44,0
2843,61,1
2844,93,0
2845,135,1
2846,111,1
2847,46,1
2848,32,0
2849,69,1
2850,56,1
2851,67,0
2852,33,1
2853,51,1
2854,56,0
2855,74,0
2856,89,0
2857,35,1
2858,64,1
2859,105,1
2860,63,0
2861,126,1
2862,71,1
2863,78,1
2864,68,1
2865,70,0
2866,104,1
2867,70,0
2868,20,1
2869,59,0
2870,92,1
2871,58,0
2872,58,0
2873,106,0
2874,63,1
2875,24,0
2876,71,0
2877,31,0
2878,64,0
2879,173,0
2880,33,1
2881,35,1
2882,123,0
2883,73,0
2884,31,0
2885,71,0
2886,43,1
2887,42,1
2888,46,1
2889,38,1
2890,57,1
2891,136,0
2892,107,0
2893,50,1
2894,46,1
2895,99,0
2896,31,1
2897,93,1
2898,114,1
2899,127,1
2900,46,1
2901,103,0
2902,107,1
2903,69,0
2904,139,0
2905,60,0
2906,108,1
2907,107,1
2908,29,0
2909,11,0
2910,45,1
2911,79,1
2912,46,0
2913,82,0
2914,143,0
2915,53,1
2916,29,1
2917,51,0
2918,64,0
2919,71,0
2920,17,0
2921,56,0
2922,65,1
2923,28,0
2924,87,0
2925,125,1
2926,120,1
2927,42,1
2928,53,1
2929,103,1
2930,14,0
2931,44,0
2932,65,1
2933,50,0
2934,43,0
2935,93,1
2936,43,1
2937,66,1
2938,45,1
2939,36,1
2940,61,1
2941,89,1
2942,105,0
2943,60,1
2944,79,0
2945,28,0
2946,138,1
2947,97,0
2948,31,1
2949,27,0
2950,30,1
2951,65,1
2952,63,1
2953,36,0
2954,148,1
2955,40,0
2956,66,1
2957,91,0
2958,84,1
2959,20,0
2960,139,0
2961,104,1
2962,76,0
2963,33,1
2964,70,0
2965,62,1
2966,41,0
2967,157,1
2968,70,0
2969,138,1
2970,33,0
2971,111,1
2972,78,0
2973,72,1
2974,117,0
2975,72,1
2976,55,0
2977,83,1
2978,84,1
2979,175,0
2980,114,0
2981,94,0
2982,94,1
2983,52,0
2984,128,1
2985,57,1
2986,83,1
2987,50,0
2988,45,1
2989,46,0
2990,75,0
2991,42,0
2992,44,1
2993,62,0
2994,41,0
2995,141,1
2996,63,1
2997,171,1
2998,50,1
2999,115,1
3000,73,0
3001,36,0
3002,61,0
3003,113,0
3004,33,0
3005,90,1
3006,79,1
3007,58,1
3008,105,1
3009,32,0
3010,147,1
3011,35,0
3012,112,0
3013,200,0
3014,146,1
3015,94,1
3016,104,0
3017,65,1
3018,79,0
3019,46,1
3020,91,1
3021,39,0
3022,14,0
3023,74,0
3024,34,1
3025,73,1
3026,59,0
3027,58,1
3028,86,0
3029,48,0
3030,41,1
3031,79,0
3032,105,0
3033,80,0
3034,46,0
3035,70,1
3036,14,0
3037,82,1
3038,59,1
3039,65,0
3040,69,0
3041,114,1
3042,21,0
3043,37,1
3044,136,1
3045,36,1
3046,109,0
3047,58,0
3048,140,1
3049,64,1
3050,37,0
3051,113,1
3052,74,1
3053,28,0
3054,28,1
3055,19,1
3056,145,1
3057,36,0
3058,44,1
3059,71,1
3060,33,0
3061,23,1
3062,114,1
3063,200,0
3064,68,1
3065,92,1
3066,113,1
3067,44,0
3068,33,1
3069,105,0
3070,18,0
3071,37,0
3072,57,0
3073,97,1
3074,115,0
3075,69,0
3076,99,0
3077,95,0
3078,68,0
3079,45,1
3080,108,0
3081,193,0
3082,53,0
3083,27,0
3084,59,1
3085,35,1
3086,142,0
3087,81,1
3088,52,1
3089,149,1
3090,46,1
3091,88,0
3092,96,1
3093,44,0
3094,83,0
3095,64,0
3096,45,1
3097,41,1
3098,65,0
3099,146,0
3100,11,0
3101,89,0
3102,70,1
3103,173,0
3104,35,0
3105,27,0
3106,84,1
3107,39,0
3108,60,0
3109,55,1
3110,46,0
3111,77,1
3112,72,0
3113,58,0
3114,43,1
3115,115,1
3116,104,1
3117,109,0
3118,39,1
3119,66,1
3120,47,0
3121,45,0
3122,154,0
3123,175,1
3124,134,1
3125,90,0
3126,47,0
3127,115,1
3128,42,0
3129,47,0
3130,31,0
3131,42,0
3132,45,0
3133,103,1
3134,39,1
3135,57,1
3136,56,1
3137,61,0
3138,92,0
3139,200,0
3140,115,1
3141,25,1
3142,47,1
3143,129,0
3144,69,0
3145,42,0
3146,42,1
3147,55,1
3148,27,0
3149,96,1
3150,44,0
3151,150,1
3152,52,0
3153,71,1
3154,108,1
3155,40,0
3156,57,1
3157,74,0
3158,134,0
3159,64,0
3160,100,1
3161,114,0
3162,45,0
3163,51,1
3164,200,0
3165,54,1
3166,134,0
3167,106,0
3168,67,1
3169,86,1
3170,54,1
3171,28,1
3172,85,0
3173,86,0
3174,81,0
3175,42,1
3176,61,0
3177,112,0
3178,120,1
3179,39,0
3180,56,1
3181,64,1
3182,63,0
3183,56,0
3184,111,1
3185,31,1
3186,139,0
3187,67,0
3188,113,0
3189,200,0
3190,94,1
3191,142,0
3192,57,1
3193,119,0
3194,46,1
3195,54,1
3196,22,0
3197,56,0
3198,44,1
3199,105,0
3200,183,0
3201,71,0
3202,53,0
3203,156,1
3204,26,0
3205,42,1
3206,31,1
3207,94,1
3208,76,1
3209,65,1
3210,28,0
3211,38,1
3212,94,1
3213,61,0
3214,102,1
3215,73,1
3216,58,1
3217,26,1
3218,86,1
3219,31,1
3220,56,1
3221,70,0
3222,140,1
3223,104,0
3224,85,0
3225,54,0
3226,132,1
3227,55,0
3228,27,0
3229,100,0
3230,40,0
3231,51,0
3232,32,1
3233,139,1
3234,23,0
3235,56,1
3236,70,0
3237,38,0
3238,65,0
3239,60,0
3240,63,0
3241,25,0
3242,60,1
3243,88,0
3244,33,1
3245,128,0
3246,50,1
3247,29,1
3248,141,0
3249,21,1
3250,129,0
3251,30,1
3252,98,1
3253,72,0
3254,100,1
3255,71,0
3256,52,1
3257,113,0
3258,42,0
3259,114,1
3260,94,0
3261,88,1
3262,42,1
3263,95,1
3264,105,1
3265,53,1
3266,82,1
3267,54,1
3268,62,1
3269,67,0
3270,88,0
3271,77,1
3272,200,0
3273,131,1
3274,64,1
3275,92,1
3276,80,1
3277,28,0
3278,28,0
3279,35,0
3280,100,0
3281,89,1
3282,72,1
3283,71,1
3284,107,1
3285,186,0
3286,167,0
3287,151,0
3288,79,1
3289,76,0
3290,80,0
3291,67,0
3292,62,1
3293,44,1
3294,64,1
3295,50,1
3296,90,1
3297,55,0
3298,35,0
3299,69,0
3300,45,1
3301,31,1
3302,21,0
3303,45,1
3304,43,1
3305,46,1
3306,78,0
3307,50,1
3308,71,1
3309,28,0
3310,105,1
3311,55,1
3312,133,1
3313,85,0
3314,43,1
3315,44,0
3316,24,0
3317,29,1
3318,72,0
3319,123,1
3320,108,0
3321,51,0
3322,105,1
3323,128,0
3324,62,1
3325,82,0
3326,128,1
3327,100,0
3328,53,1
3329,69,0
3330,89,0
3331,170,0
3332,81,0
3333,179,1
3334,78,1
3335,200,0
3336,57,0
3337,109,1
3338,63,1
3339,38,0
3340,26,0
3341,81,1
3342,160,1
3343,55,1
3344,82,0
3345,58,1
3346,36,1
3347,49,1
3348,53,1
3349,58,0
3350,56,1
3351,34,0
3352,74,0
3353,83,1
3354,200,0
3355,32,0
3356,70,1
3357,89,1
3358,153,0
3359,48,0
3360,79,0
3361,49,0
3362,69,1
3363,190,0
3364,85,0
3365,44,0
3366,41,0
3367,42,0
3368,107,0
3369,108,0
3370,77,1
3371,96,1
3372,48,1
3373,69,0
3374,47,0
3375,44,1
3376,59,1
3377,34,1
3378,97,0
3379,83,0
3380,22,0
3381,21,0
3382,82,1
3383,81,1
3384,96,1
3385,50,1
3386,60,1
3387,35,0
3388,36,1
3389,97,0
3390,73,1
3391,11,0
3392,48,1
3393,70,1
3394,75,1
3395,53,0
3396,33,0
3397,94,0
3398,29,0
3399,34,1
3400,181,1
3401,176,1
3402,24,0
3403,150,1
3404,81,0
3405,199,0
3406,42,1
3407,67,1
3408,47,0
3409,25,1
3410,150,1
3411,125,0
3412,32,0
3413,103,0
3414,27,0
3415,115,1
3416,66,1
3417,129,1
3418,102,1
3419,96,0
3420,54,1
3421,95,0
3422,86,0
3423,57,1
3424,99,1
3425,58,1
3426,86,0
3427,35,1
3428,35,1
3429,75,1
3430,163,1
3431,80,1
3432,51,1
3433,200,0
3434,60,0
3435,66,0
3436,68,0
3437,87,1
3438,67,0
3439,54,1
3440,111,0
3441,158,1
3442,86,0
3443,47,0
3444,49,0
3445,112,1
3446,50,1
3447,27,0
3448,55,0
3449,62,0
3450,57,1
3451,47,1
3452,125,1
3453,39,0
3454,71,1
3455,174,1
3456,128,1
3457,155,0
3458,93,1
3459,70,0
3460,34,1
3461,26,0
3462,135,1
3463,56,1
3464,48,0
3465,45,0
3466,200,0
3467,53,0
3468,49,1
3469,58,1
3470,105,1
3471,64,1
3472,128,1
3473,70,1
3474,30,0
3475,107,0
3476,64,1
3477,84,1
3478,62,1
3479,143,1
3480,39,1
3481,56,0
3482,51,1
3483,65,0
3484,28,0
3485,53,1
3486,77,1
3487,61,1
3488,59,0
3489,65,0
3490,142,0
3491,50,1
3492,60,0
3493,124,0
3494,71,1
3495,88,1
3496,72,1
3497,32,0
3498,99,0
3499,86,0
3500,48,1
3501,53,0
3502,120,1
3503,41,0
3504,46,1
3505,26,1
3506,105,1
3507,143,0
3508,95,0
3509,105,0
3510,43,1
3511,74,1
3512,53,1
3513,98,1
3514,77,0
3515,108,0
3516,69,0
3517,90,1
3518,97,1
3519,68,1
3520,50,1
3521,95,0
3522,97,0
3523,78,0
3524,83,0
3525,60,1
3526,20,0
3527,97,1
3528,31,0
3529,99,0
3530,22,0
3531,25,0
3532,79,1
3533,38,1
3534,114,1
3535,165,1
3536,67,1
3537,30,0
3538,101,1
3539,57,1
3540,48,0
3541,200,0
3542,88,1
3543,37,1
3544,28,0
3545,42,0
3546,92,0
3547,49,0
3548,33,1
3549,72,1
3550,33,0
3551,63,0
3552,41,0
3553,118,1
3554,108,1
3555,141,1
3556,79,0
3557,59,0
3558,67,1
3559,33,0
3560,87,0
3561,40,1
3562,70,1
3563,146,0
3564,61,1
3565,77,0
3566,86,0
3567,91,1
3568,78,1
3569,62,1
3570,37,0
3571,68,1
3572,102,0
3573,94,0
3574,50,1
3575,73,0
3576,79,1
3577,54,0
3578,43,1
3579,93,1
3580,53,1
3581,34,1
3582,91,0
3583,31,0
3584,32,1
3585,36,0
3586,35,0
3587,145,0
3588,59,1
3589,33,1
3590,78,1
3591,33,1
3592,51,0
3593,40,0
3594,58,1
3595,58,0
3596,37,1
3597,78,0
3598,56,0
3599,85,1
3600,44,1
3601,71,0
3602,145,1
3603,52,1
3604,57,0
3605,83,1
3606,75,0
3607,29,1
3608,74,1
3609,108,0
3610,23,0
3611,37,0
3612,80,0
3613,21,0
3614,51,0
3615,30,0
3616,33,0
3617,70,0
3618,31,0
3619,173,0
3620,39,1
3621,85,0
3622,77,0
3623,180,1
3624,66,1
3625,51,1
3626,189,1
3627,48,1
3628,78,0
3629,64,0
3630,56,1
3631,171,1
3632,22,0
3633,74,0
3634,111,0
3635,73,0
3636,60,1
3637,29,1
3638,101,0
3639,54,1
3640,80,1
3641,29,0
3642,72,0
3643,57,1
3644,27,0
3645,73,0
3646,27,0
3647,80,1
3648,65,1
3649,50,1
3650,92,1
3651,75,0
3652,49,1
3653,83,1
3654,80,1
3655,118,1
3656,69,1
3657,70,1
3658,35,0
3659,22,0
3660,49,0
3661,52,1
3662,89,0
3663,85,0
3664,38,1
3665,72,0
3666,13,0
3667,47,1
3668,32,1
3669,29,1
3670,200,0
3671,66,0
3672,147,1
3673,14,0
3674,164,0
3675,124,1
3676,32,1
3677,36,0
3678,117,0
3679,72,0
3680,200,0
3681,62,1
3682,59,1
3683,39,0
3684,80,0
3685,42,1
3686,57,1
3687,51,1
3688,37,0
3689,42,0
3690,45,0
3691,99,1
3692,54,0
3693,73,0
3694,24,1
3695,50,1
3696,163,0
3697,133,0
3698,42,0
3699,41,0
3700,75,1
3701,189,0
3702,138,1
3703,57,1
3704,106,0
3705,36,0
3706,37,1
3707,88,0
3708,88,1
3709,117,0
3710,200,0
3711,60,1
3712,59,0
3713,81,1
3714,44,1
3715,40,1
3716,147,1
3717,141,1
3718,128,0
3719,60,0
3720,39,0
3721,40,0
3722,103,0
3723,88,0
3724,48,0
3725,132,1
3726,120,0
3727,49,0
3728,85,0
3729,45,1
3730,38,1
3731,58,1
3732,59,1
3733,107,0
3734,79,1
3735,89,1
3736,47,1
3737,56,0
3738,71,0
3739,67,1
3740,69,1
3741,25,1
3742,105,1
3743,39,0
3744,36,0
3745,91,0
3746,45,1
3747,34,1
3748,26,0
3749,94,0
3750,124,0
3751,71,0
3752,44,1
3753,57,1
3754,90,1
3755,75,1
3756,75,0
3757,43,0
3758,43,0
3759,101,1
3760,57,1
3761,83,0
3762,55,1
3763,66,0
3764,83,1
3765,51,0
3766,63,1
3767,32,0
3768,11,0
3769,126,0
3770,74,1
3771,53,0
3772,142,1
3773,29,0
3774,102,1
3775,42,0
3776,153,1
3777,62,1
3778,25,0
3779,44,1
3780,44,0
3781,51,0
3782,45,1
3783,63,0
3784,67,1
3785,109,1
3786,25,1
3787,200,0
3788,138,0
3789,24,0
3790,67,0
3791,37,1
3792,200,0
3793,79,1
3794,38,1
3795,33,0
3796,141,0
3797,44,0
3798,109,1
3799,84,1
3800,49,0
3801,31,1
3802,73,1
3803,36,0
3804,58,0
3805,88,0
3806,34,0
3807,29,0
3808,36,1
3809,60,1
3810,75,1
3811,67,1
3812,74,0
3813,88,1
3814,97,1
3815,97,0
3816,54,1
3817,53,0
3818,48,1
3819,52,0
3820,64,0
3821,24,0
3822,111,1
3823,90,0
3824,42,1
3825,91,1
3826,79,0
3827,120,1
3828,43,0
3829,119,1
3830,90,1
3831,26,1
3832,56,0
3833,70,0
3834,48,1
3835,74,0
3836,33,1
3837,38,1
3838,23,0
3839,77,0
3840,63,0
3841,116,1
3842,54,0
3843,37,0
3844,66,1
3845,70,1
3846,53,1
3847,46,0
3848,69,0
3849,112,1
3850,90,0
3851,55,1
3852,67,0
3853,19,0
3854,142,0
3855,47,0
3856,26,0
3857,38,1
3858,28,1
3859,25,0
3860,44,1
3861,111,0
3862,181,0
3863,68,0
3864,90,0
3865,70,1
3866,19,0
3867,119,0
3868,37,0
3869,52,1
3870,91,1
3871,74,1
3872,48,1
3873,133,1
3874,87,1
3875,99,0
3876,37,0
3877,104,1
3878,140,0
3879,60,0
3880,44,1
3881,121,0
3882,43,1
3883,51,1
3884,55,0
3885,91,1
3886,41,0
3887,123,1
3888,49,0
3889,106,0
3890,77,1
3891,20,0
3892,65,0
3893,27,1
3894,41,1
3895,121,0
3896,34,1
3897,27,1
3898,41,1
3899,95,0
3900,49,0
3901,54,1
3902,40,1
3903,60,1
3904,35,1
3905,76,0
3906,76,0
3907,51,1
3908,161,0
3909,73,1
3910,180,1
3911,164,0
3912,111,1
3913,167,1
3914,200,0
3915,22,0
3916,68,1
3917,74,0
3918,112,0
3919,45,0
3920,200,0
3921,33,0
3922,56,1
3923,50,0
3924,21,1
3925,55,1
3926,71,0
3927,200,1
3928,63,1
3929,34,1
3930,88,1
3931,146,0
3932,46,0
3933,71,1
3934,108,1
3935,94,1
3936,200,0
3937,121,0
3938,119,0
3939,86,0
3940,76,0
3941,103,1
3942,53,1
3943,42,1
3944,54,1
3945,30,0
3946,76,1
3947,46,0
3948,119,1
3949,28,1
3950,50,0
3951,44,0
3952,44,0
3953,98,1
3954,198,0
3955,19,0
3956,51,1
3957,32,0
3958,59,1
3959,79,1
3960,129,1
3961,29,1
3962,200,0
3963,28,0
3964,117,0
3965,39,0
3966,164,1
3967,103,0
3968,133,1
3969,62,1
3970,48,1
3971,84,1
3972,102,0
3973,27,0
3974,65,1
3975,21,0
3976,99,1
3977,93,1
3978,95,0
3979,29,0
3980,69,1
3981,115,1
3982,31,1
3983,41,1
3984,144,0
3985,179,0
3986,84,1
3987,55,0
3988,61,0
3989,41,1
3990,54,1
3991,25,1
3992,80,0
3993,150,1
3994,61,0
3995,44,1
3996,43,1
3997,49,0
3998,61,1
3999,200,0
4000,65,1
4001,36,1
4002,97,1
4003,75,1
4004,50,0
4005,113,0
4006,56,1
4007,29,0
4008,91,1
4009,51,0
4010,67,1
4011,42,0
4012,69,0
4013,39,1
4014,81,0
4015,34,1
4016,37,1
4017,112,0
4018,78,0
4019,48,0
4020,57,1
4021,157,0
4022,169,0
4023,52,0
4024,50,0
4025,123,1
4026,70,0
4027,32,1
4028,51,0
4029,15,0
4030,77,1
4031,32,0
4032,27,0
4033,69,1
4034,198,0
4035,89,0
4036,58,1
4037,81,1
4038,52,0
4039,80,1
4040,48,0
4041,60,0
4042,60,1
4043,87,1
4044,47,0
4045,38,1
4046,50,1
4047,134,1
4048,70,1
4049,92,0
4050,140,1
4051,66,1
4052,132,1
4053,96,0
4054,19,0
4055,45,0
4056,26,1
4057,55,0
4058,181,1
4059,49,0
4060,47,1
4061,69,0
4062,79,1
4063,32,0
4064,38,1
4065,48,1
4066,158,0
4067,38,0
4068,85,1
4069,60,1
4070,63,0
4071,64,1
4072,39,1
4073,97,1
4074,60,1
4075,35,0
4076,87,0
4077,94,1
4078,74,1
4079,77,1
4080,31,0
4081,80,1
4082,145,1
4083,63,0
4084,91,0
4085,57,0
4086,61,1
4087,25,0
4088,200,0
4089,67,1
4090,111,0
4091,74,0
4092,46,1
4093,56,0
4094,82,1
4095,70,1
4096,179,1
4097,32,0
4098,40,1
4099,92,0
4100,129,0
4101,45,1
4102,117,0
4103,73,1
4104,101,1
4105,79,0
4106,93,1
4107,62,0
4108,63,0
4109,42,1
4110,41,0
4111,95,1
4112,200,0
4113,56,0
4114,200,0
4115,52,0
4116,53,1
4117,34,0
4118,81,1
4119,47,0
4120,89,1
4121,112,1
4122,200,0
4123,36,0
4124,60,0
4125,50,0
4126,18,1
4127,37,1
4128,113,0
4129,69,1
4130,64,1
4131,137,1
4132,83,0
4133,64,1
4134,34,1
4135,121,1
4136,43,1
4137,63,0
4138,124,1
4139,156,1
4140,17,1
4141,55,1
4142,41,1
4143,38,0
4144,39,0
4145,40,0
4146,144,0
4147,112,1
4148,85,0
4149,90,0
4150,48,1
4151,41,1
4152,115,1
4153,33,0
4154,82,0
4155,60,1
4156,200,0
4157,42,1
4158,50,0
4159,49,0
4160,114,0
4161,54,1
4162,103,1
4163,68,1
4164,20,0
4165,64,0
4166,22,0
4167,151,1
4168,53,0
4169,56,0
4170,89,0
4171,49,0
4172,32,1
4173,37,1
4174,70,0
4175,120,0
4176,76,1
4177,60,1
4178,46,1
4179,87,0
4180,82,0
4181,58,0
4182,53,0
4183,105,0
4184,30,1
4185,60,0
4186,104,1
4187,62,1
4188,53,0
4189,117,1
4190,98,1
4191,77,1
4192,140,0
4193,51,0
4194,25,1
4195,69,0
4196,42,0
4197,47,1
4198,148,1
4199,20,0
4200,31,1
4201,87,0
4202,46,1
4203,66,0
4204,151,1
4205,79,1
4206,125,1
4207,96,1
4208,114,0
4209,86,0
4210,14,0
4211,192,0
4212,129,0
4213,57,0
4214,82,1
4215,54,0
4216,87,1
4217,83,0
4218,43,1
4219,51,0
4220,50,0
4221,42,0
4222,83,1
4223,51,0
4224,61,1
4225,89,0
4226,70,0
4227,76,0
4228,46,0
4229,35,0
4230,106,0
4231,57,1
4232,75,1
4233,51,0
4234,63,0
4235,53,1
4236,79,0
4237,63,0
4238,48,1
4239,19,0
4240,36,0
4241,56,0
4242,143,1
4243,143,1
4244,37,0
4245,125,1
4246,58,0
4247,93,1
4248,107,0
4249,158,0
4250,71,0
4251,67,0
4252,42,1
4253,33,1
4254,200,0
4255,50,0
4256,31,0
4257,77,1
4258,101,1
4259,42,1
4260,103,0
4261,69,0
4262,47,1
4263,200,0
4264,143,0
4265,85,0
4266,160,1
4267,77,1
4268,67,1
4269,58,1
4270,44,0
4271,37,0
4272,172,1
4273,14,0
4274,87,1
4275,59,0
4276,60,0
4277,22,0
4278,44,1
4279,118,0
4280,23,0
4281,80,0
4282,72,1
4283,99,0
4284,30,1
4285,102,1
4286,116,0
4287,67,1
4288,114,1
4289,54,1
4290,35,1
4291,43,0
4292,92,1
4293,50,1
4294,200,0
4295,35,0
4296,70,0
4297,70,0
4298,43,1
4299,37,0
4300,173,1
4301,51,0
4302,46,0
4303,34,0
4304,54,1
4305,68,0
4306,96,0
4307,56,0
4308,136,1
4309,74,0
4310,172,0
4311,107,0
4312,55,1
4313,142,1
4314,131,1
4315,57,1
4316,61,0
4317,110,1
4318,45,0
4319,106,1
4320,107,0
4321,51,1
4322,37,0
4323,44,0
4324,60,0
4325,41,1
4326,67,0
4327,108,0
4328,81,0
4329,187,0
4330,95,1
4331,51,0
4332,71,1
4333,85,0
4334,33,1
4335,63,1
4336,92,0
4337,53,0
4338,176,0
4339,108,1
4340,55,0
4341,53,1
4342,40,1
4343,153,1
4344,50,1
4345,148,1
4346,138,0
4347,74,0
4348,14,0
4349,58,0
4350,56,1
4351,27,1
4352,155,1
4353,181,0
4354,163,0
4355,56,0
4356,200,0
4357,99,0
4358,71,1
4359,77,0
4360,69,0
4361,55,0
4362,37,1
4363,42,1
4364,70,0
4365,97,1
4366,55,0
4367,59,0
4368,84,1
4369,126,1
4370,91,1
4371,67,0
4372,58,0
4373,41,0
4374,82,1
4375,42,1
4376,79,1
4377,97,1
4378,148,0
4379,58,1
4380,32,0
4381,85,0
4382,53,0
4383,43,1
4384,200,0
4385,36,0
4386,45,0
4387,84,1
4388,37,1
4389,48,1
4390,116,0
4391,93,0
4392,67,0
4393,52,1
4394,63,1
4395,86,1
4396,49,1
4397,43,1
4398,131,1
4399,70,1
4400,90,1
4401,152,0
4402,67,0
4403,121,1
4404,16,0
4405,47,1
4406,18,0
4407,102,0
4408,38,1
4409,87,0
4410,36,1
4411,200,0
4412,25,0
4413,74,1
4414,71,1
4415,161,0
4416,41,1
4417,43,0
4418,63,1
4419,49,1
4420,76,1
4421,50,1
4422,72,1
4423,14,0
4424,50,0
4425,86,0
4426,45,0
4427,52,1
4428,68,0
4429,124,0
4430,116,1
4431,184,0
4432,145,1
4433,25,0
4434,103,1
4435,24,0
4436,67,1
4437,101,0
4438,63,1
4439,182,1
4440,75,0
4441,200,0
4442,65,0
4443,87,1
4444,33,0
4445,115,0
4446,101,1
4447,33,1
4448,80,1
4449,106,0
4450,81,1
4451,56,0
4452,200,0
4453,62,0
4454,19,0
4455,62,0
4456,77,1
4457,176,1
4458,93,1
4459,57,0
4460,31,1
4461,158,1
4462,127,0
4463,112,1
4464,38,1
4465,29,1
4466,46,0
4467,61,1
4468,64,0
4469,85,1
4470,99,1
4471,65,1
4472,104,0
4473,120,1
4474,49,1
4475,21,1
4476,23,0
4477,64,1
4478,50,1
4479,51,0
4480,34,1
4481,132,0
4482,90,0
4483,100,0
4484,200,0
4485,67,0
4486,144,0
4487,55,0
4488,126,1
4489,50,1
4490,112,0
4491,96,1
4492,41,0
4493,52,0
4494,39,1
4495,179,1
4496,147,1
4497,78,0
4498,127,1
4499,60,1
4500,99,1
4501,70,0
4502,45,0
4503,44,1
4504,107,1
4505,69,1
4506,41,1
4507,74,0
4508,66,0
4509,87,0
4510,40,1
4511,58,1
4512,73,0
4513,29,1
4514,36,0
4515,67,1
4516,43,1
4517,33,1
4518,58,1
4519,166,0
4520,60,0
4521,46,1
4522,39,1
4523,29,1
4524,50,1
4525,200,0
4526,59,0
4527,34,1
4528,106,0
4529,125,0
4530,66,0
4531,90,0
4532,95,1
4533,49,1
4534,59,0
4535,107,0
4536,64,0
4537,18,0
4538,52,1
4539,59,1
4540,83,1
4541,62,0
4542,26,0
4543,41,0
4544,30,0
4545,55,1
4546,67,0
4547,72,0
4548,72,0
4549,65,0
4550,47,0
4551,64,1
4552,68,0
4553,57,1
4554,66,0
4555,22,0
4556,62,1
4557,36,0
4558,30,0
4559,81,1
4560,59,1
4561,133,1
4562,64,0
4563,184,1
4564,27,0
4565,64,0
4566,46,0
4567,59,0
4568,91,0
4569,57,1
4570,93,1
4571,49,1
4572,161,1
4573,73,0
4574,46,0
4575,47,0
4576,157,1
4577,37,1
4578,43,0
4579,38,1
4580,118,1
4581,81,1
4582,45,1
4583,47,1
4584,27,0
4585,36,1
4586,88,0
4587,52,0
4588,39,1
4589,40,0
4590,138,0
4591,54,1
4592,103,1
4593,57,0
4594,63,0
4595,22,1
4596,145,1
4597,37,1
4598,45,1
4599,83,1
4600,65,0
4601,42,1
4602,42,1
4603,109,0
4604,48,0
4605,55,0
4606,66,0
4607,31,0
4608,142,1
4609,99,1
4610,49,0
4611,36,0
4612,75,1
4613,60,0
4614,56,1
4615,75,0
4616,75,0
4617,37,0
4618,52,0
4619,73,0
4620,39,1
4621,60,0
4622,127,0
4623,134,0
4624,95,1
4625,54,1
4626,49,1
4627,31,0
4628,37,0
4629,35,0
4630,32,1
4631,49,1
4632,27,0
4633,56,0
4634,160,0
4635,33,1
4636,49,1
4637,54,1
4638,56,1
4639,86,0
4640,69,1
4641,52,1
4642,37,1
4643,84,1
4644,67,0
4645,45,1
4646,60,0
4647,64,1
4648,73,1
4649,51,1
4650,88,1
4651,128,0
4652,164,0
4653,128,0
4654,57,0
4655,38,0
4656,135,1
4657,77,0
4658,81,0
4659,38,0
4660,26,1
4661,80,1
4662,67,0
4663,100,0
4664,35,1
4665,63,0
4666,86,1
4667,36,0
4668,54,1
4669,118,1
4670,76,1
4671,56,1
4672,81,0
4673,90,0
4674,65,1
4675,54,0
4676,73,0
4677,38,1
4678,41,0
4679,33,0
4680,70,1
4681,59,1
4682,48,0
4683,59,1
4684,88,1
4685,56,1
4686,40,1
4687,75,1
4688,160,1
4689,121,1
4690,40,0
4691,36,1
4692,71,1
4693,99,0
4694,60,0
4695,120,0
4696,46,1
4697,110,0
4698,96,0
4699,24,0
4700,88,0
4701,200,0
4702,36,0
4703,47,1
4704,39,0
4705,59,0
4706,55,0
4707,59,1
4708,94,0
4709,88,0
4710,61,1
4711,69,1
4712,101,0
4713,11,0
4714,34,0
4715,28,0
4716,51,0
4717,135,1
4718,41,0
4719,60,1
4720,74,1
4721,107,0
4722,31,0
4723,88,0
4724,36,0
4725,51,0
4726,34,1
4727,139,1
4728,134,1
4729,93,0
4730,121,0
4731,42,0
4732,100,1
4733,39,0
4734,46,0
4735,52,1
4736,23,0
4737,90,0
4738,35,1
4739,29,0
4740,95,0
4741,55,1
4742,77,0
4743,56,1
4744,71,1
4745,87,0
4746,128,1
4747,65,0
4748,128,0
4749,46,0
4750,51,1
4751,68,1
4752,31,0
4753,50,1
4754,52,1
4755,200,0
4756,31,1
4757,120,1
4758,96,0
4759,50,0
4760,118,0
4761,79,1
4762,33,0
4763,47,1
4764,41,0
4765,138,0
4766,56,1
4767,200,0
4768,105,0
4769,80,0
4770,54,0
4771,59,1
4772,31,0
4773,62,1
4774,25,0
4775,44,1
4776,41,0
4777,50,1
4778,120,0
4779,102,1
4780,38,1
4781,65,1
4782,40,1
4783,33,0
4784,145,0
4785,77,0
4786,101,1
4787,106,1
4788,124,0
4789,42,0
4790,130,0
4791,36,1
4792,118,0
4793,67,1
4794,40,1
4795,73,0
4796,47,1
4797,155,0
4798,99,1
4799,150,1
4800,58,1
4801,41,1
4802,40,1
4803,69,0
4804,115,1
4805,121,0
4806,60,0
4807,35,1
4808,98,1
4809,142,0
4810,38,1
4811,200,0
4812,138,1
4813,70,1
4814,44,0
4815,127,1
4816,93,0
4817,38,0
4818,41,1
4819,80,1
4820,84,0
4821,147,0
4822,35,1
4823,153,0
4824,80,0
4825,77,0
4826,132,1
4827,43,1
4828,48,0
4829,62,1
4830,56,1
4831,65,0
4832,69,1
4833,65,0
4834,39,0
4835,41,0
4836,85,0
4837,60,0
4838,76,0
4839,43,0
4840,57,1
4841,45,0
4842,101,0
4843,27,0
4844,48,1
4845,62,0
4846,94,0
4847,91,0
4848,191,1
4849,39,0
4850,135,1
4851,52,0
4852,65,0
4853,51,1
4854,65,0
4855,38,0
4856,41,1
4857,58,1
4858,83,0
4859,80,0
4860,157,1
4861,107,1
4862,24,1
4863,58,1
4864,40,1
4865,45,0
4866,85,0
4867,27,1
4868,116,1
4869,52,0
4870,51,1
4871,46,0
4872,27,0
4873,58,1
4874,50,0
4875,148,0
4876,41,0
4877,91,0
4878,82,1
4879,99,0
4880,119,1
4881,36,1
4882,75,0
4883,37,0
4884,44,1
4885,94,1
4886,54,1
4887,85,0
4888,99,1
4889,51,1
4890,75,1
4891,25,1
4892,103,0
4893,34,0
4894,58,0
4895,42,0
4896,61,1
4897,36,0
4898,55,0
4899,112,1
4900,57,1
4901,109,0
4902,78,0
4903,19,0
4904,66,1
4905,37,1
4906,34,1
4907,37,1
4908,51,1
4909,28,0
4910,22,0
4911,45,0
4912,83,0
4913,88,1
4914,55,1
4915,200,0
4916,79,0
4917,84,1
4918,45,0
4919,126,0
4920,66,1
4921,38,0
4922,38,0
4923,62,1
4924,17,0
4925,65,1
4926,41,1
4927,57,1
4928,139,1
4929,143,0
4930,55,0
4931,59,1
4932,98,0
4933,78,1
4934,36,0
4935,58,1
4936,70,0
4937,44,0
4938,57,1
4939,78,1
4940,141,1
4941,48,1
4942,60,1
4943,107,1
4944,98,1
4945,63,1
4946,74,1
4947,65,1
4948,76,1
4949,49,1
4950,124,1
4951,65,1
4952,48,0
4953,59,0
4954,65,1
4955,52,1
4956,164,1
4957,50,0
4958,11,0
4959,190,1
4960,113,0
4961,27,0
4962,73,1
4963,50,1
4964,84,1
4965,58,1
4966,58,1
4967,27,1
4968,87,1
4969,109,1
4970,65,1
4971,83,0
4972,77,0
4973,20,0
4974,18,0
4975,73,1
4976,133,1
4977,101,1
4978,70,0
4979,55,1
4980,82,0
4981,86,1
4982,41,1
4983,72,0
4984,77,0
4985,33,0
4986,55,0
4987,68,1
4988,59,0
4989,40,1
4990,41,0
4991,105,0
4992,48,1
4993,103,1
4994,42,1
4995,100,0
4996,107,1
4997,162,1
4998,32,1
4999,74,0
5000,56,0
5001,20,0
5002,132,0
5003,35,1
5004,166,0
5005,134,0
5006,142,1
5007,59,0
5008,48,1
5009,80,1
5010,121,0
5011,115,0
5012,133,1
5013,154,1
5014,41,1
5015,52,1
5016,43,0
5017,45,0
5018,56,0
5019,83,1
5020,68,1
5021,65,1
5022,53,1
5023,48,0
5024,44,1
5025,64,1
5026,73,0
5027,45,1
5028,57,0
5029,91,0
5030,50,0
5031,36,1
5032,32,1
5033,121,1
5034,34,1
5035,31,0
5036,75,1
5037,75,1
5038,50,1
5039,107,0
5040,36,1
5041,106,1
5042,79,1
5043,141,1
5044,44,1
5045,56,0
5046,182,1
5047,88,0
5048,135,1
5049,55,1
5050,23,0
5051,65,1
5052,141,1
5053,72,0
5054,17,0
5055,90,1
5056,62,1
5057,72,1
5058,55,1
5059,50,1
5060,73,1
5061,47,0
5062,61,0
5063,76,0
5064,36,0
5065,97,1
5066,138,0
5067,61,1
5068,30,0
5069,182,1
5070,133,0
5071,24,0
5072,39,1
5073,47,1
5074,177,0
5075,93,1
5076,87,1
5077,61,1
5078,57,0
5079,128,0
5080,57,0
5081,102,1
5082,144,0
5083,19,0
5084,80,0
5085,42,1
5086,19,0
5087,89,1
5088,53,0
5089,84,0
5090,39,0
5091,72,1
5092,33,1
5093,200,0
5094,44,1
5095,200,0
5096,46,0
5097,25,0
5098,83,1
5099,159,1
5100,132,0
5101,52,0
5102,151,1
5103,40,1
5104,59,0
5105,107,1
5106,31,0
5107,116,1
5108,158,0
5109,57,1
5110,32,1
5111,97,0
5112,74,1
5113,89,1
5114,64,1
5115,106,1
5116,64,0
5117,175,0
5118,29,0
5119,57,1
5120,151,0
5121,37,1
5122,58,0
5123,50,0
5124,47,0
5125,63,1
5126,47,1
5127,158,1
5128,145,0
5129,149,1
5130,40,1
5131,44,1
5132,95,1
5133,200,0
5134,165,0
5135,135,0
5136,47,1
5137,42,1
5138,28,1
5139,39,0
5140,55,1
5141,50,1
5142,96,0
5143,64,0
5144,24,0
5145,66,0
5146,90,1
5147,50,1
5148,80,0
5149,188,0
5150,72,0
5151,56,0
5152,35,1
5153,69,0
5154,49,0
5155,48,0
5156,67,0
5157,20,0
5158,56,1
5159,71,1
5160,49,0
5161,200,0
5162,53,0
5163,71,1
5164,77,1
5165,36,1
5166,43,1
5167,40,0
5168,72,0
5169,44,1
5170,18,0
5171,97,0
5172,34,1
5173,101,0
5174,121,1
5175,147,0
5176,69,1
5177,56,0
5178,54,0
5179,60,0
5180,30,1
5181,84,0
5182,54,0
5183,94,1
5184,27,1
5185,46,1
5186,200,0
5187,118,0
5188,77,1
5189,77,1
5190,65,1
5191,110,1
5192,55,0
5193,43,1
5194,23,1
5195,69,1
5196,95,1
5197,38,1
5198,26,0
5199,129,1
5200,66,0
5201,89,0
5202,95,1
5203,82,1
5204,63,1
5205,68,0
5206,79,1
5207,24,0
5208,33,1
5209,62,0
5210,46,0
5211,60,0
5212,47,1
5213,71,0
5214,54,1
5215,63,0
5216,107,0
5217,128,1
5218,88,0
5219,26,0
5220,121,1
5221,20,0
5222,69,0
5223,72,0
5224,69,1
5225,99,1
5226,59,0
5227,86,0
5228,48,1
5229,33,1
5230,32,0
5231,119,0
5232,74,0
5233,33,0
5234,96,1
5235,74,1
5236,71,0
5237,33,1
5238,53,1
5239,20,0
5240,121,1
5241,113,1
5242,75,0
5243,90,1
5244,33,0
5245,83,0
5246,29,0
5247,61,0
5248,104,1
5249,70,0
5250,54,1
5251,70,0
5252,136,1
5253,118,1
5254,58,1
5255,48,0
5256,60,1
5257,54,1
5258,72,0
5259,21,0
5260,94,0
5261,96,0
5262,40,1
5263,52,0
5264,73,0
5265,61,1
5266,77,1
5267,51,0
5268,157,0
5269,29,1
5270,162,1
5271,39,0
5272,50,1
5273,200,0
5274,78,1
5275,34,0
5276,135,0
5277,39,1
5278,101,0
5279,72,1
5280,103,1
5281,96,0
5282,48,0
5283,77,1
5284,80,1
5285,55,1
5286,18,0
5287,109,1
5288,82,0
5289,94,0
5290,65,0
5291,38,0
5292,69,0
5293,100,1
5294,50,1
5295,44,1
5296,84,0
5297,143,1
5298,59,0
5299,30,1
5300,103,1
5301,83,0
5302,94,1
5303,48,1
5304,64,0
5305,200,0
5306,102,0
5307,137,0
5308,97,1
5309,93,1
5310,36,0
5311,102,1
5312,21,0
5313,48,0
5314,77,0
5315,106,1
5316,30,1
5317,56,1
5318,52,0
5319,81,0
5320,195,1
5321,68,0
5322,91,0
5323,200,0
5324,62,0
5325,63,0
5326,62,0
5327,78,1
5328,104,0
5329,93,0
5330,29,1
5331,36,0
5332,56,0
5333,24,0
5334,46,0
5335,32,0
5336,42,0
5337,93,1
5338,56,0
5339,38,0
5340,168,1
5341,168,0
5342,70,0
5343,58,0
5344,90,0
5345,81,1
5346,23,1
5347,29,1
5348,188,1
5349,74,1
5350,40,1
5351,200,0
5352,197,1
5353,169,1
5354,123,0
5355,31,0
5356,44,0
5357,71,1
5358,139,1
5359,66,0
5360,74,1
5361,42,1
5362,46,1
5363,99,0
5364,74,0
5365,50,0
5366,55,0
5367,40,0
5368,40,1
5369,11,0
5370,60,0
5371,137,0
5372,58,0
5373,32,0
5374,78,1
5375,68,1
5376,51,0
5377,68,1
5378,87,1
5379,122,1
5380,36,0
5381,83,0
5382,95,1
5383,104,0
5384,111,1
5385,154,0
5386,72,1
5387,50,1
5388,73,0
5389,115,1
5390,95,1
5391,82,0
5392,141,1
5393,67,1
5394,116,0
5395,117,0
5396,140,1
5397,46,1
5398,69,1
5399,56,1
5400,98,1
5401,35,1
5402,23,0
5403,65,0
5404,124,1
5405,158,0
5406,64,0
5407,73,0
5408,52,0
5409,69,0
5410,28,0
5411,98,0
5412,62,1
5413,74,0
5414,31,0
5415,43,0
5416,187,0
5417,90,0
5418,97,0
5419,86,0
5420,60,0
5421,23,0
5422,60,1
5423,33,1
5424,90,0
5425,40,1
5426,83,1
5427,35,0
5428,42,0
5429,69,0
5430,94,1
5431,99,0
5432,69,0
5433,67,1
5434,58,0
5435,110,1
5436,49,1
5437,29,0
5438,39,0
5439,33,0
5440,117,1
5441,63,0
5442,63,1
5443,66,0
5444,70,1
5445,51,0
5446,119,0
5447,59,1
5448,58,1
5449,39,0
5450,53,1
5451,71,1
5452,22,0
5453,182,1
5454,60,0
5455,56,1
5456,36,0
5457,60,1
5458,15,0
5459,55,0
5460,52,1
5461,95,1
5462,58,0
5463,79,0
5464,19,0
5465,73,0
5466,31,0
5467,117,1
5468,40,0
5469,43,0
5470,115,0
5471,126,0
5472,71,0
5473,44,0
5474,169,0
5475,61,1
5476,71,1
5477,123,0
5478,79,0
5479,83,0
5480,64,1
5481,60,1
5482,67,1
5483,71,0
5484,63,1
5485,84,0
5486,61,1
5487,52,1
5488,61,0
5489,42,1
5490,42,0
5491,108,1
5492,77,0
5493,65,1
5494,101,0
5495,49,1
5496,122,0
5497,15,0
5498,44,1
5499,64,0
5500,70,1
5501,86,1
5502,37,1
5503,51,1
5504,84,0
5505,59,1
5506,70,1
5507,77,1
5508,34,1
5509,43,1
5510,78,0
5511,45,0
5512,39,0
5513,38,0
5514,62,0
5515,72,0
5516,63,0
5517,157,1
5518,52,0
5519,60,0
5520,34,1
5521,58,0
5522,99,1
5523,57,1
5524,32,0
5525,43,0
5526,63,1
5527,87,1
5528,41,0
5529,46,1
5530,70,1
5531,85,1
5532,144,0
5533,40,1
5534,37,1
5535,25,1
5536,51,0
5537,112,1
5538,43,0
5539,30,0
5540,36,1
5541,167,0
5542,57,0
5543,36,1
5544,41,1
5545,88,0
5546,88,1
5547,116,1
5548,29,0
5549,113,0
5550,88,1
5551,40,1
5552,37,0
5553,71,0
5554,28,1
5555,71,1
5556,62,1
5557,39,0
5558,103,1
5559,56,0
5560,97,0
5561,102,1
5562,41,1
5563,48,1
5564,92,0
5565,21,0
5566,65,0
5567,53,0
5568,71,0
5569,19,0
5570,149,0
5571,36,1
5572,42,0
5573,30,1
5574,88,1
5575,147,0
5576,26,1
5577,71,1
5578,119,0
5579,21,1
5580,54,1
5581,82,0
5582,37,0
5583,66,1
5584,20,0
5585,118,0
5586,91,1
5587,135,0
5588,22,0
5589,124,1
5590,35,0
5591,53,1
5592,54,1
5593,53,0
5594,15,0
5595,35,1
5596,55,0
5597,49,1
5598,112,1
5599,36,1
5600,117,1
5601,52,1
5602,74,1
5603,44,0
5604,31,1
5605,20,0
5606,37,1
5607,157,1
5608,144,0
5609,52,1
5610,75,0
5611,50,1
5612,47,1
5613,134,0
5614,129,0
5615,47,1
5616,46,0
5617,65,1
5618,65,0
5619,63,0
5620,45,0
5621,47,0
5622,34,0
5623,132,0
5624,79,1
5625,71,1
5626,70,1
5627,35,0
5628,84,0
5629,169,0
5630,74,1
5631,184,0
5632,108,1
5633,51,1
5634,46,1
5635,140,1
5636,42,1
5637,91,0
5638,90,0
5639,57,1
5640,76,0
5641,79,0
5642,177,1
5643,90,0
5644,36,1
5645,61,0
5646,68,1
5647,39,1
5648,81,1
5649,44,0
5650,57,1
5651,181,1
5652,75,1
5653,26,0
5654,46,1
5655,43,1
5656,31,1
5657,92,0
5658,77,0
5659,85,1
5660,101,0
5661,144,1
5662,50,1
5663,200,0
5664,108,0
5665,46,1
5666,161,1
5667,45,1
5668,53,1
5669,33,0
5670,92,1
5671,35,1
5672,91,1
5673,136,1
5674,19,0
5675,28,1
5676,64,0
5677,101,0
5678,110,0
5679,84,0
5680,48,0
5681,51,0
5682,100,0
5683,52,1
5684,63,0
5685,32,1
5686,29,1
5687,40,0
5688,115,0
5689,38,1
5690,53,1
5691,77,1
5692,88,1
5693,67,0
5694,74,1
5695,41,1
5696,74,1
5697,82,0
5698,87,1
5699,53,0
5700,99,1
5701,82,1
5702,45,1
5703,28,1
5704,56,1
5705,57,1
5706,37,0
5707,107,1
5708,78,1
5709,45,0
5710,92,0
5711,43,1
5712,40,1
5713,45,0
5714,22,0
5715,101,1
5716,24,0
5717,35,1
5718,149,1
5719,77,1
5720,58,0
5721,52,1
5722,32,1
5723,90,1
5724,55,0
5725,65,1
5726,59,0
5727,51,1
5728,42,0
5729,89,0
5730,41,0
5731,92,1
5732,59,0
5733,68,0
5734,42,0
5735,66,1
5736,62,1
5737,30,1
5738,45,1
5739,166,1
5740,119,1
5741,27,0
5742,152,1
5743,29,0
5744,40,0
5745,200,0
5746,76,0
5747,43,1
5748,36,1
5749,29,1
5750,87,1
5751,156,0
5752,127,0
5753,83,0
5754,64,1
5755,70,1
5756,52,0
5757,149,0
5758,90,1
5759,61,1
5760,79,0
5761,40,0
5762,111,1
5763,171,1
5764,45,0
5765,42,0
5766,49,1
5767,66,0
5768,106,0
5769,152,0
5770,43,0
5771,39,0
5772,91,0
5773,61,1
5774,151,1
5775,28,1
5776,47,0
5777,163,0
5778,55,1
5779,113,1
5780,32,0
5781,67,1
5782,50,1
5783,66,1
5784,83,0
5785,51,0
5786,123,0
5787,50,0
5788,68,1
5789,150,0
5790,34,1
5791,78,1
5792,60,1
5793,89,1
5794,61,1
5795,162,1
5796,97,0
5797,56,1
5798,115,0
5799,53,1
5800,51,0
5801,105,0
5802,145,1
5803,62,1
5804,200,0
5805,38,1
5806,200,0
5807,57,1
5808,35,0
5809,76,0
5810,50,0
5811,55,0
5812,24,0
5813,53,0
5814,44,1
5815,67,0
5816,29,0
5817,55,0
5818,82,1
5819,30,1
5820,63,0
5821,40,1
5822,21,0
5823,77,1
5824,59,0
5825,135,0
5826,30,1
5827,133,1
5828,93,1
5829,69,1
5830,38,0
5831,78,0
5832,119,0
5833,102,1
5834,44,0
5835,20,0
5836,146,0
5837,38,0
5838,65,0
5839,200,0
5840,62,1
5841,52,0
5842,120,0
5843,49,1
5844,57,1
5845,35,1
5846,64,0
5847,124,1
5848,75,1
5849,94,1
5850,66,0
5851,160,1
5852,53,1
5853,101,1
5854,200,0
5855,49,1
5856,160,0
5857,93,0
5858,57,1
5859,21,0
5860,105,0
5861,86,1
5862,56,0
5863,87,1
5864,88,0
5865,36,1
5866,57,1
5867,81,1
5868,148,0
5869,38,1
5870,69,1
5871,105,0
5872,39,0
5873,48,0
5874,39,0
5875,43,1
5876,40,0
5877,66,0
5878,51,1
5879,194,0
5880,81,0
5881,160,1
5882,40,1
5883,61,0
5884,176,0
5885,33,1
5886,31,0
5887,12,0
5888,39,0
5889,113,0
5890,53,1
5891,57,0
5892,45,1
5893,43,1
5894,98,0
5895,60,0
5896,33,1
5897,87,1
5898,33,0
5899,94,0
5900,40,0
5901,57,1
5902,31,1
5903,138,1
5904,34,1
5905,65,1
5906,73,0
5907,138,1
5908,65,1
5909,34,1
5910,97,1
5911,66,0
5912,31,0
5913,179,0
5914,32,1
5915,98,0
5916,66,0
5917,93,1
5918,85,1
5919,44,1
5920,37,0
5921,47,1
5922,33,1
5923,52,0
5924,97,0
5925,23,0
5926,74,1
5927,51,1
5928,55,1
5929,31,0
5930,57,0
5931,35,1
5932,49,0
5933,35,0
5934,27,0
5935,74,0
5936,50,1
5937,54,1
5938,129,1
5939,61,0
5940,36,1
5941,98,1
5942,38,0
5943,59,0
5944,98,1
5945,71,1
5946,108,1
5947,34,0
5948,96,1
5949,120,1
5950,93,0
5951,38,0
5952,107,1
5953,89,0
5954,59,1
5955,53,1
5956,195,0
5957,43,1
5958,36,0
5959,155,0
5960,89,1
5961,111,0
5962,44,0
5963,53,0
5964,33,1
5965,16,0
5966,45,1
5967,54,1
5968,125,0
5969,78,0
5970,61,1
5971,143,0
5972,69,1
5973,23,1
5974,126,1
5975,55,0
5976,91,0
5977,125,1
5978,50,0
5979,58,1
5980,79,0
5981,30,0
5982,61,0
5983,58,1
5984,50,1
5985,118,1
5986,98,0
5987,99,0
5988,48,1
5989,99,1
5990,78,1
5991,54,1
5992,66,0
5993,44,1
5994,86,0
5995,87,1
5996,198,1
5997,85,0
5998,72,0
5999,82,1
6000,46,1
6001,62,1
6002,64,1
6003,41,1
6004,50,0
6005,106,1
6006,67,0
6007,98,0
6008,99,1
6009,81,1
6010,80,1
6011,75,0
6012,116,1
6013,107,0
6014,57,1
6015,130,0
6016,39,1
6017,49,0
6018,80,1
6019,113,1
6020,78,0
6021,103,0
6022,70,0
6023,55,0
6024,74,1
6025,54,0
6026,107,0
6027,84,0
6028,89,0
6029,62,1
6030,87,1
6031,41,1
6032,146,1
6033,34,1
6034,97,1
6035,142,0
6036,44,1
6037,70,1
6038,162,0
6039,57,1
6040,116,1
6041,200,0
6042,188,1
6043,53,1
6044,51,0
6045,177,0
6046,68,1
6047,200,0
6048,132,0
6049,74,1
6050,24,0
6051,67,0
6052,84,0
6053,50,0
6054,56,0
6055,110,1
6056,80,1
6057,28,0
6058,26,0
6059,68,1
6060,80,0
6061,200,0
6062,163,0
6063,59,1
6064,72,1
6065,61,1
6066,52,1
6067,56,0
6068,48,1
6069,33,0
6070,100,1
6071,102,1
6072,101,1
6073,115,1
6074,50,0
6075,66,1
6076,46,0
6077,94,0
6078,88,1
6079,46,1
6080,159,0
6081,113,1
6082,36,0
6083,71,0
6084,83,0
6085,39,0
6086,200,0
6087,47,1
6088,62,0
6089,88,0
6090,68,1
6091,106,0
6092,47,1
6093,81,0
6094,155,0
6095,122,0
6096,34,0
6097,57,1
6098,104,1
6099,200,0
6100,125,0
6101,90,1
6102,59,0
6103,58,1
6104,51,0
6105,60,1
6106,165,0
6107,148,0
6108,40,1
6109,54,0
6110,48,0
6111,83,0
6112,17,0
6113,149,0
6114,70,0
6115,169,0
6116,69,1
6117,40,1
6118,58,1
6119,76,1
6120,18,0
6121,53,1
6122,59,0
6123,79,1
6124,73,0
6125,56,1
6126,82,1
6127,67,0
6128,134,1
6129,17,0
6130,84,1
6131,110,1
6132,112,0
6133,61,0
6134,101,0
6135,28,0
6136,46,0
6137,65,0
6138,71,0
6139,32,0
6140,43,1
6141,179,0
6142,53,0
6143,75,0
6144,120,0
6145,65,0
6146,99,0
6147,168,0
6148,39,0
6149,108,1
6150,65,1
6151,95,1
6152,58,1
6153,97,0
6154,92,0
6155,37,1
6156,50,1
6157,61,0
6158,78,1
6159,34,0
6160,141,0
6161,76,0
6162,123,1
6163,38,1
6164,115,0
6165,47,0
6166,57,1
6167,34,0
6168,24,1
6169,37,0
6170,106,0
6171,120,0
6172,95,1
6173,39,1
6174,38,1
6175,101,0
6176,53,1
6177,79,1
6178,50,0
6179,30,1
6180,76,0
6181,186,1
6182,72,1
6183,101,0
6184,62,0
6185,123,1
6186,102,1
6187,57,1
6188,65,1
6189,18,0
6190,95,1
6191,86,0
6192,68,1
6193,27,0
6194,66,0
6195,43,0
6196,35,1
6197,25,0
6198,34,0
6199,72,0
6200,63,1
6201,50,0
6202,55,1
6203,94,1
6204,61,1
6205,80,0
6206,65,1
6207,156,1
6208,75,0
6209,64,1
6210,80,0
6211,126,1
6212,30,1
6213,47,1
6214,41,0
6215,52,0
6216,68,1
6217,38,1
6218,67,0
6219,39,0
6220,136,1
6221,41,1
6222,100,0
6223,79,1
6224,66,0
6225,35,1
6226,63,0
6227,65,1
6228,38,0
6229,200,0
6230,55,0
6231,51,1
6232,61,0
6233,44,1
6234,74,1
6235,75,1
6236,53,1
6237,42,0
6238,15,0
6239,78,1
6240,92,0
6241,69,0
6242,75,0
6243,72,0
6244,90,1
6245,74,1
6246,185,1
6247,39,0
6248,110,1
6249,57,1
6250,40,1
6251,111,0
6252,78,1
6253,97,1
6254,42,1
6255,113,1
6256,49,0
6257,63,0
6258,88,0
6259,56,1
6260,71,1
6261,29,1
6262,92,1
6263,87,0
6264,157,1
6265,46,1
6266,31,0
6267,92,0
6268,63,0
6269,118,1
6270,88,1
6271,45,0
6272,149,0
6273,72,1
6274,32,0
6275,82,1
6276,53,0
6277,45,0
6278,76,0
6279,79,1
6280,52,1
6281,106,1
6282,59,0
6283,35,0
6284,116,0
6285,107,0
6286,49,0
6287,75,0
6288,177,0
6289,94,1
6290,132,0
6291,17,0
6292,95,1
6293,43,1
6294,72,1
6295,36,0
6296,147,1
6297,55,0
6298,42,0
6299,37,1
6300,43,0
6301,55,0
6302,39,0
6303,68,1
6304,11,0
6305,15,0
6306,55,1
6307,31,1
6308,191,0
6309,191,0
6310,99,0
6311,58,0
6312,83,0
6313,132,0
6314,72,1
6315,122,0
6316,53,1
6317,25,1
6318,34,1
6319,89,1
6320,50,0
6321,45,1
6322,35,1
6323,25,1
6324,109,0
6325,34,1
6326,62,1
6327,47,1
6328,172,0
6329,51,0
6330,17,0
6331,61,0
6332,94,0
6333,80,0
6334,64,0
6335,47,1
6336,62,0
6337,28,0
6338,38,1
6339,38,1
6340,48,1
6341,40,0
6342,93,0
6343,59,1
6344,77,0
6345,36,1
6346,190,1
6347,62,0
6348,77,1
6349,39,1
6350,83,0
6351,46,1
6352,200,0
6353,29,0
6354,94,0
6355,40,1
6356,69,1
6357,63,1
6358,66,0
6359,60,0
6360,54,0
6361,54,0
6362,45,0
6363,100,1
6364,76,0
6365,100,1
6366,68,1
6367,41,0
6368,75,0
6369,51,0
6370,18,0
6371,114,0
6372,65,0
6373,131,0
6374,48,0
6375,162,0
6376,49,1
6377,56,0
6378,61,1
6379,42,1
6380,37,1
6381,83,1
6382,106,1
6383,71,0
6384,55,1
6385,45,0
6386,94,0
6387,21,0
6388,55,1
6389,200,0
6390,53,1
6391,42,1
6392,71,1
6393,99,1
6394,37,1
6395,119,1
6396,73,1
6397,126,1
6398,110,1
6399,117,1
6400,26,1
6401,59,0
6402,38,1
6403,68,1
6404,200,0
6405,119,1
6406,63,1
6407,106,1
6408,97,0
6409,30,1
6410,142,1
6411,62,0
6412,132,0
6413,63,1
6414,51,0
6415,108,1
6416,65,0
6417,77,0
6418,152,1
6419,41,0
6420,39,0
6421,48,1
6422,74,1
6423,57,1
6424,57,0
6425,55,1
6426,51,1
6427,105,1
6428,54,1
6429,42,1
6430,75,0
6431,59,1
6432,122,0
6433,35,1
6434,52,0
6435,71,1
6436,41,0
6437,52,1
6438,108,0
6439,46,0
6440,21,0
6441,76,1
6442,129,0
6443,83,1
6444,95,1
6445,40,1
6446,61,0
6447,22,0
6448,143,1
6449,136,1
6450,54,1
6451,164,1
6452,90,1
6453,127,0
6454,68,0
6455,69,0
6456,70,0
6457,56,0
6458,59,0
6459,62,1
6460,44,0
6461,166,0
6462,164,0
6463,81,0
6464,78,0
6465,46,0
6466,46,1
6467,97,0
6468,89,0
6469,66,1
6470,59,1
6471,109,1
6472,77,1
6473,69,0
6474,49,1
6475,130,1
6476,131,1
6477,42,1
6478,76,0
6479,73,0
6480,18,0
6481,135,0
6482,63,0
6483,29,1
6484,55,0
6485,97,0
6486,70,0
6487,40,1
6488,97,0
6489,79,1
6490,49,1
6491,58,1
6492,88,0
6493,49,0
6494,95,0
6495,15,0
6496,56,1
6497,73,1
6498,58,1
6499,40,1
6500,49,0
6501,38,1
6502,126,0
6503,76,0
6504,38,0
6505,96,1
6506,92,0
6507,87,0
6508,79,1
6509,177,0
6510,93,0
6511,19,0
6512,50,0
6513,61,1
6514,106,0
6515,78,0
6516,184,0
6517,53,1
6518,143,0
6519,36,1
6520,33,0
6521,148,0
6522,97,1
6523,47,1
6524,17,0
6525,66,1
6526,58,0
6527,40,0
6528,68,0
6529,200,0
6530,132,0
6531,35,0
6532,76,1
6533,152,1
6534,182,1
6535,87,0
6536,55,1
6537,97,0
6538,39,1
6539,99,0
6540,75,1
6541,121,0
6542,47,1
6543,89,0
6544,46,0
6545,78,0
6546,59,1
6547,82,0
6548,200,0
6549,48,1
6550,48,0
6551,127,0
6552,46,0
6553,65,0
6554,87,0
6555,81,1
6556,40,0
6557,65,1
6558,101,0
6559,156,0
6560,26,0
6561,20,0
6562,50,1
6563,30,1
6564,91,1
6565,111,1
6566,50,1
6567,68,0
6568,60,0
6569,58,0
6570,62,1
6571,105,0
6572,53,0
6573,93,0
6574,100,1
6575,39,0
6576,35,0
6577,144,1
6578,62,1
6579,103,1
6580,158,0
6581,19,0
6582,160,0
6583,52,1
6584,46,1
6585,39,1
6586,54,0
6587,31,1
6588,54,1
6589,80,0
6590,72,0
6591,39,1
6592,56,0
6593,81,0
6594,79,1
6595,50,1
6596,91,0
6597,56,0
6598,34,0
6599,148,0
6600,41,1
6601,33,0
6602,62,1
6603,89,0
6604,77,0
6605,26,0
6606,56,0
6607,55,1
6608,30,0
6609,93,0
6610,55,1
6611,175,0
6612,69,0
6613,110,1
6614,121,0
6615,73,1
6616,122,1
6617,39,1
6618,81,0
6619,81,0
6620,73,1
6621,70,1
6622,100,1
6623,174,1
6624,48,0
6625,194,1
6626,9,0
6627,200,0
6628,63,1
6629,127,0
6630,158,1
6631,86,1
6632,64,0
6633,53,1
6634,35,1
6635,61,0
6636,33,0
6637,62,1
6638,32,1
6639,54,0
6640,140,0
6641,53,1
6642,28,0
6643,51,0
6644,74,0
6645,56,1
6646,73,0
6647,131,0
6648,56,0
6649,66,0
6650,74,1
6651,58,0
6652,200,0
6653,73,0
6654,54,1
6655,49,1
6656,142,1
6657,26,0
6658,42,1
6659,70,1
6660,55,1
6661,64,1
6662,52,1
6663,32,1
6664,92,1
6665,157,1
6666,31,0
6667,60,0
6668,126,1
6669,152,0
6670,65,1
6671,63,0
6672,17,0
6673,40,1
6674,73,0
6675,30,0
6676,12,0
6677,68,0
6678,60,1
6679,41,0
6680,61,0
6681,74,1
6682,115,1
6683,185,0
6684,155,1
6685,59,1
6686,104,0
6687,143,0
6688,36,1
6689,106,0
6690,34,1
6691,78,0
6692,52,0
6693,52,0
6694,64,0
6695,45,1
6696,115,0
6697,110,1
6698,31,1
6699,81,1
6700,87,1
6701,52,0
6702,18,0
6703,62,0
6704,60,0
6705,36,1
6706,90,0
6707,39,0
6708,43,1
6709,31,1
6710,29,1
6711,87,1
6712,76,0
6713,91,1
6714,172,0
6715,109,0
6716,42,0
6717,56,0
6718,114,1
6719,85,0
6720,49,1
6721,63,0
6722,60,0
6723,30,1
6724,91,1
6725,38,0
6726,14,0
6727,146,1
6728,77,0
6729,38,1
6730,40,1
6731,63,0
6732,111,1
6733,47,1
6734,88,1
6735,169,0
6736,69,1
6737,102,1
6738,192,0
6739,91,1
6740,65,1
6741,96,1
6742,107,1
6743,78,1
6744,23,0
6745,54,0
6746,124,0
6747,70,1
6748,42,1
6749,77,1
6750,27,1
6751,134,1
6752,69,1
6753,22,0
6754,89,0
6755,57,0
6756,99,0
6757,48,0
6758,81,1
6759,150,0
6760,26,1
6761,53,0
6762,45,0
6763,86,1
6764,55,0
6765,72,0
6766,86,1
6767,105,1
6768,149,1
6769,96,0
6770,80,1
6771,62,0
6772,58,1
6773,30,1
6774,93,1
6775,92,0
6776,87,0
6777,156,0
6778,27,0
6779,66,0
6780,59,0
6781,62,0
6782,41,0
6783,80,0
6784,61,1
6785,135,0
6786,40,1
6787,71,1
6788,37,0
6789,18,0
6790,57,0
6791,155,0
6792,107,1
6793,141,1
6794,91,1
6795,36,1
6796,70,0
6797,174,1
6798,18,0
6799,148,0
6800,67,0
6801,86,1
6802,44,1
6803,95,1
6804,38,1
6805,68,1
6806,33,1
6807,74,0
6808,51,1
6809,155,0
6810,71,1
6811,60,0
6812,169,1
6813,63,0
6814,77,0
6815,63,1
6816,72,1
6817,42,1
6818,28,1
6819,68,0
6820,94,0
6821,92,0
6822,60,1
6823,111,0
6824,15,0
6825,93,0
6826,39,0
6827,64,0
6828,33,1
6829,133,0
6830,56,0
6831,39,1
6832,113,1
6833,27,0
6834,87,1
6835,56,1
6836,65,1
6837,105,0
6838,25,1
6839,130,0
6840,97,1
6841,157,1
6842,76,0
6843,170,0
6844,114,0
6845,163,0
6846,70,1
6847,147,0
6848,39,1
6849,137,1
6850,74,1
6851,175,1
6852,79,0
6853,116,1
6854,77,1
6855,158,0
6856,65,1
6857,20,0
6858,46,0
6859,84,0
6860,112,1
6861,135,0
6862,47,1
6863,28,0
6864,38,1
6865,137,0
6866,31,0
6867,63,0
6868,52,1
6869,53,0
6870,27,1
6871,40,1
6872,12,0
6873,132,0
6874,63,0
6875,39,1
6876,28,1
6877,64,1
6878,186,0
6879,197,1
6880,80,0
6881,79,0
6882,62,1
6883,112,1
6884,12,0
6885,36,0
6886,88,1
6887,200,0
6888,41,1
6889,79,0
6890,170,0
6891,14,0
6892,62,1
6893,146,0
6894,42,0
6895,89,1
6896,158,1
6897,108,1
6898,90,0
6899,31,0
6900,57,0
6901,55,1
6902,29,1
6903,46,0
6904,84,1
6905,15,0
6906,118,0
6907,64,1
6908,25,1
6909,91,1
6910,140,0
6911,56,1
6912,75,0
6913,47,1
6914,50,1
6915,52,0
6916,132,0
6917,104,1
6918,161,0
6919,59,1
6920,75,0
6921,34,0
6922,137,0
6923,46,0
6924,33,1
6925,88,0
6926,66,1
6927,61,0
6928,62,0
6929,110,0
6930,36,0
6931,87,0
6932,113,0
6933,152,1
6934,45,1
6935,49,1
6936,85,1
6937,175,1
6938,86,0
6939,74,1
6940,49,0
6941,68,1
6942,98,1
6943,160,0
6944,17,0
6945,50,0
6946,34,0
6947,12,0
6948,63,0
6949,52,0
6950,80,0
6951,79,0
6952,72,0
6953,80,0
6954,159,0
6955,42,0
6956,78,0
6957,44,0
6958,31,0
6959,71,1
6960,80,1
6961,30,1
6962,50,0
6963,73,1
6964,52,0
6965,92,0
6966,61,0
6967,37,0
6968,36,0
6969,137,0
6970,200,0
6971,86,1
6972,32,1
6973,36,1
6974,76,1
6975,38,0
6976,42,1
6977,12,0
6978,44,0
6979,186,1
6980,49,0
6981,74,1
6982,47,1
6983,43,0
6984,32,0
6985,46,0
6986,135,0
6987,56,0
6988,47,0
6989,99,0
6990,64,0
6991,26,0
6992,108,0
6993,45,1
6994,124,0
6995,85,1
6996,48,1
6997,38,0
6998,119,1
6999,40,1
7000,108,1
7001,45,1
7002,90,0
7003,166,1
7004,21,0
7005,23,0
7006,132,1
7007,19,0
7008,61,0
7009,130,1
7010,37,0
7011,126,1
7012,31,0
7013,118,0
7014,54,1
7015,74,1
7016,115,0
7017,37,0
7018,144,1
7019,54,0
7020,74,1
7021,115,0
7022,145,0
7023,119,1
7024,53,0
7025,178,1
7026,87,1
7027,114,0
7028,36,1
7029,11,0
7030,78,1
7031,82,0
7032,74,1
7033,43,0
7034,31,0
7035,36,0
7036,153,0
7037,58,1
7038,72,0
7039,57,1
7040,100,1
7041,54,1
7042,100,0
7043,55,1
7044,88,1
7045,113,1
7046,48,0
7047,42,0
7048,39,0
7049,152,1
7050,57,0
7051,49,0
7052,39,0
7053,88,0
7054,74,0
7055,103,1
7056,35,0
7057,58,0
7058,120,1
7059,91,1
7060,104,0
7061,54,0
7062,61,0
7063,30,0
7064,23,0
7065,99,1
7066,49,0
7067,26,0
7068,27,1
7069,45,0
7070,200,0
7071,72,1
7072,35,0
7073,54,0
7074,119,0
7075,98,1
7076,47,1
7077,66,1
7078,79,0
7079,112,1
7080,48,1
7081,77,1
7082,78,1
7083,37,1
7084,36,1
7085,86,1
7086,90,1
7087,52,1
7088,51,1
7089,59,1
7090,62,0
7091,77,1
7092,109,0
7093,52,1
7094,78,0
7095,37,1
7096,62,0
7097,93,1
7098,68,0
7099,79,0
7100,108,0
7101,50,1
7102,200,0
7103,13,0
7104,62,1
7105,34,0
7106,87,0
7107,163,0
7108,56,1
7109,119,0
7110,67,0
7111,74,1
7112,88,1
7113,31,0
7114,30,1
7115,108,0
7116,77,1
7117,56,0
7118,72,0
7119,144,0
7120,99,0
7121,31,1
7122,56,0
7123,27,1
7124,115,0
7125,142,0
7126,43,0
7127,90,0
7128,40,1
7129,64,1
7130,106,1
7131,93,1
7132,68,0
7133,56,0
7134,110,1
7135,24,0
7136,101,1
7137,71,0
7138,92,1
7139,53,1
7140,91,1
7141,82,1
7142,54,0
7143,127,0
7144,56,0
7145,83,1
7146,160,0
7147,34,0
7148,135,1
7149,106,1
7150,41,0
7151,63,1
7152,22,1
7153,122,0
7154,81,0
7155,12,0
7156,35,1
7157,152,0
7158,49,1
7159,37,0
7160,74,1
7161,65,1
7162,86,1
7163,121,1
7164,53,0
7165,26,0
7166,71,0
7167,200,0
7168,83,0
7169,26,0
7170,72,0
7171,45,0
7172,80,0
7173,46,0
7174,34,1
7175,145,0
7176,35,0
7177,30,1
7178,37,1
7179,82,0
7180,40,0
7181,42,0
7182,82,0
7183,21,0
7184,85,1
7185,148,0
7186,200,0
7187,68,1
7188,71,0
7189,116,0
7190,70,1
7191,57,1
7192,21,0
7193,77,1
7194,51,0
7195,44,0
7196,108,1
7197,44,1
7198,19,0
7199,44,0
7200,138,0
7201,90,0
7202,89,1
7203,46,1
7204,40,0
7205,136,0
7206,80,0
7207,11,0
7208,59,0
7209,49,0
7210,69,0
7211,16,0
7212,24,0
7213,35,0
7214,67,0
7215,56,0
7216,79,0
7217,64,1
7218,40,1
7219,149,0
7220,41,1
7221,46,0
7222,137,0
7223,33,1
7224,21,0
7225,23,0
7226,58,1
7227,83,0
7228,90,0
7229,66,0
7230,40,1
7231,58,1
7232,62,0
7233,96,0
7234,36,1
7235,81,1
7236,59,1
7237,39,1
7238,67,0
7239,32,0
7240,76,0
7241,87,0
7242,76,1
7243,200,0
7244,99,0
7245,101,1
7246,26,0
7247,24,1
7248,62,0
7249,82,0
7250,21,0
7251,60,0
7252,135,0
7253,100,0
7254,114,0
7255,129,0
7256,71,0
7257,90,0
7258,108,1
7259,100,1
7260,63,0
7261,105,1
7262,59,0
7263,66,1
7264,182,0
7265,55,1
7266,36,0
7267,69,1
7268,93,0
7269,18,0
7270,78,1
7271,39,1
7272,30,0
7273,76,0
7274,59,0
7275,69,0
7276,68,0
7277,82,1
7278,46,1
7279,55,1
7280,104,0
7281,73,1
7282,14,0
7283,200,0
7284,54,1
7285,78,0
7286,98,0
7287,64,0
7288,34,1
7289,39,1
7290,138,0
7291,102,0
7292,144,0
7293,43,0
7294,98,0
7295,111,0
7296,52,0
7297,41,0
7298,31,1
7299,30,0
7300,65,0
7301,68,1
7302,37,1
7303,45,1
7304,114,1
7305,150,0
7306,44,0
7307,148,0
7308,63,1
7309,105,1
7310,112,1
7311,29,0
7312,47,1
7313,27,0
7314,73,1
7315,70,1
7316,54,1
7317,120,0
7318,113,1
7319,25,0
7320,193,1
7321,31,1
7322,39,0
7323,113,1
7324,66,0
7325,48,0
7326,97,1
7327,56,0
7328,111,1
7329,75,0
7330,58,1
7331,51,0
7332,87,0
7333,103,0
7334,69,0
7335,32,1
7336,41,0
7337,110,0
7338,47,0
7339,38,1
7340,43,1
7341,72,1
7342,48,1
7343,42,1
7344,72,0
7345,69,1
7346,66,0
7347,35,1
7348,200,0
7349,153,1
7350,83,0
7351,22,0
7352,54,0
7353,86,0
7354,45,1
7355,42,1
7356,88,1
7357,22,0
7358,43,1
7359,36,0
7360,93,1
7361,26,1
7362,198,1
7363,148,0
7364,38,1
7365,42,0
7366,49,1
7367,49,1
7368,157,0
7369,56,1
7370,181,1
7371,65,0
7372,48,1
7373,70,1
7374,28,0
7375,102,0
7376,83,0
7377,98,0
7378,22,0
7379,69,0
7380,55,1
7381,18,0
7382,99,0
7383,57,0
7384,47,1
7385,50,0
7386,48,1
7387,125,1
7388,47,0
7389,116,0
7390,77,1
7391,43,1
7392,24,0
7393,73,0
7394,58,1
7395,36,0
7396,118,1
7397,51,1
7398,40,1
7399,111,0
7400,107,0
7401,69,0
7402,59,0
7403,41,0
7404,57,0
7405,88,1
7406,189,1
7407,57,0
7408,49,0
7409,34,0
7410,142,1
7411,32,0
7412,67,0
7413,34,0
7414,81,1
7415,30,0
7416,87,0
7417,38,0
7418,29,1
7419,80,0
7420,29,0
7421,73,0
7422,34,0
7423,126,1
7424,38,1
7425,69,0
7426,62,1
7427,107,0
7428,25,0
7429,67,1
7430,139,1
7431,168,0
7432,128,1
7433,85,1
7434,159,0
7435,45,0
7436,38,0
7437,36,0
7438,97,1
7439,36,1
7440,66,1
7441,52,1
7442,92,1
7443,50,0
7444,120,0
7445,70,0
7446,35,0
7447,60,0
7448,38,0
7449,109,0
7450,57,1
7451,39,0
7452,72,0
7453,59,0
7454,70,0
7455,187,0
7456,40,1
7457,128,0
7458,44,1
7459,96,1
7460,27,0
7461,24,1
7462,18,0
7463,39,1
7464,26,0
7465,158,1
7466,25,1
7467,49,0
7468,147,1
7469,48,1
7470,136,1
7471,24,0
7472,67,1
7473,45,1
7474,113,0
7475,77,0
7476,40,1
7477,39,1
7478,42,0
7479,26,0
7480,21,0
7481,96,0
7482,66,1
7483,44,1
7484,61,1
7485,63,0
7486,67,1
7487,83,0
7488,84,0
7489,101,1
7490,76,0
7491,138,1
7492,82,0
7493,92,0
7494,71,0
7495,52,1
7496,121,1
7497,74,1
7498,200,0
7499,61,1
7500,200,0
7501,108,1
7502,81,1
7503,99,1
7504,59,0
7505,104,1
7506,31,0
7507,128,0
7508,75,0
7509,62,1
7510,47,1
7511,48,1
7512,63,0
7513,64,0
7514,140,0
7515,46,0
7516,56,1
7517,56,0
7518,33,0
7519,63,0
7520,69,1
7521,157,0
7522,28,1
7523,70,0
7524,200,0
7525,96,1
7526,61,0
7527,144,0
7528,109,1
7529,137,0
7530,115,1
7531,62,1
7532,100,1
7533,66,0
7534,52,0
7535,52,1
7536,103,0
7537,120,1
7538,70,1
7539,63,0
7540,65,1
7541,21,0
7542,66,1
7543,155,1
7544,113,1
7545,87,0
7546,130,1
7547,200,0
7548,78,0
7549,43,0
7550,128,1
7551,56,1
7552,40,1
7553,170,0
7554,44,1
7555,27,0
7556,66,0
7557,85,1
7558,39,0
7559,45,0
7560,64,0
7561,22,0
7562,44,0
7563,97,0
7564,101,1
7565,130,0
7566,200,0
7567,45,1
7568,112,0
7569,101,1
7570,28,0
7571,78,1
7572,66,0
7573,58,0
7574,103,0
7575,109,0
7576,38,1
7577,56,1
7578,67,1
7579,30,0
7580,52,1
7581,115,1
7582,40,0
7583,124,0
7584,41,0
7585,74,1
7586,73,0
7587,163,0
7588,68,1
7589,49,0
7590,96,0
7591,80,1
7592,45,0
7593,101,1
7594,117,0
7595,40,0
7596,61,0
7597,46,1
7598,102,1
7599,61,1
7600,113,0
7601,56,1
7602,135,1
7603,200,0
7604,35,0
7605,132,0
7606,129,1
7607,93,1
7608,142,1
7609,63,1
7610,59,1
7611,81,1
7612,93,0
7613,69,0
7614,55,1
7615,56,0
7616,52,1
7617,200,0
7618,60,1
7619,62,1
7620,116,0
7621,47,1
7622,98,1
7623,69,0
7624,60,1
7625,66,1
7626,117,1
7627,38,0
7628,52,1
7629,23,1
7630,55,0
7631,46,1
7632,46,1
7633,31,1
7634,35,0
7635,129,1
7636,27,0
7637,45,0
7638,106,0
7639,36,1
7640,163,1
7641,59,0
7642,70,0
7643,64,0
7644,101,1
7645,82,0
7646,53,0
7647,40,1
7648,109,0
7649,80,0
7650,62,1
7651,24,0
7652,87,1
7653,146,0
7654,110,1
7655,32,1
7656,74,1
7657,64,0
7658,67,1
7659,108,0
7660,75,1
7661,59,0
7662,40,0
7663,63,1
7664,73,0
7665,108,0
7666,60,0
7667,46,1
7668,73,1
7669,125,0
7670,134,1
7671,27,1
7672,50,1
7673,41,0
7674,65,0
7675,36,1
7676,91,0
7677,105,1
7678,55,1
7679,70,1
7680,179,0
7681,90,1
7682,63,1
7683,35,0
7684,148,0
7685,92,1
7686,91,1
7687,48,0
7688,137,0
7689,94,1
7690,116,0
7691,34,0
7692,42,0
7693,60,0
7694,58,1
7695,107,0
7696,47,0
7697,28,0
7698,85,1
7699,85,0
7700,49,0
7701,30,1
7702,63,1
7703,65,1
7704,41,0
7705,31,1
7706,26,1
7707,26,1
7708,74,0
7709,50,1
7710,40,1
7711,56,0
7712,84,0
7713,97,0
7714,172,1
7715,134,1
7716,96,0
7717,12,0
7718,77,0
7719,68,0
7720,78,0
7721,105,0
7722,200,0
7723,93,0
7724,51,1
7725,39,1
7726,121,1
7727,57,0
7728,32,0
7729,9,0
7730,64,1
7731,55,0
7732,101,1
7733,104,0
7734,86,0
7735,78,0
7736,53,0
7737,38,0
7738,41,1
7739,48,0
7740,58,1
7741,45,1
7742,87,0
7743,96,0
7744,77,1
7745,49,0
7746,65,0
7747,74,0
7748,161,0
7749,170,1
7750,48,0
7751,81,1
7752,139,1
7753,93,0
7754,59,0
7755,48,0
7756,60,1
7757,38,0
7758,75,0
7759,190,1
7760,48,0
7761,29,1
7762,121,0
7763,60,0
7764,127,1
7765,67,1
7766,91,0
7767,36,1
7768,160,0
7769,66,0
7770,138,1
7771,14,0
7772,37,0
7773,47,1
7774,63,0
7775,179,1
7776,120,1
7777,86,0
7778,66,1
7779,114,1
7780,40,0
7781,23,0
7782,57,1
7783,124,0
7784,40,1
7785,46,0
7786,69,1
7787,46,1
7788,25,1
7789,89,0
7790,74,1
7791,133,1
7792,66,1
7793,47,1
7794,35,0
7795,134,1
7796,46,0
7797,34,1
7798,87,0
7799,134,1
7800,31,0
7801,33,0
7802,98,0
7803,38,0
7804,147,0
7805,54,1
7806,59,1
7807,39,1
7808,132,1
7809,73,1
7810,22,1
7811,81,1
7812,39,1
7813,68,1
7814,43,0
7815,57,1
7816,56,0
7817,85,0
7818,33,1
7819,58,1
7820,66,1
7821,125,0
7822,90,1
7823,138,1
7824,147,1
7825,31,1
7826,90,0
7827,72,1
7828,99,1
7829,45,0
7830,27,0
7831,50,0
7832,133,0
7833,35,1
7834,54,0
7835,49,0
7836,73,1
7837,62,0
7838,33,1
7839,58,0
7840,76,0
7841,112,1
7842,56,0
7843,70,0
7844,42,1
7845,31,1
7846,53,0
7847,50,0
7848,18,0
7849,113,0
7850,55,0
7851,75,1
7852,64,0
7853,96,1
7854,182,0
7855,82,1
7856,51,1
7857,55,0
7858,131,1
7859,104,1
7860,166,0
7861,97,1
7862,61,0
7863,18,0
7864,104,1
7865,32,1
7866,90,0
7867,55,1
7868,30,0
7869,52,1
7870,50,0
7871,120,0
7872,21,0
7873,60,1
7874,109,1
7875,56,0
7876,29,0
7877,122,0
7878,71,0
7879,92,0
7880,23,1
7881,50,1
7882,39,0
7883,181,0
7884,121,0
7885,83,1
7886,44,1
7887,66,0
7888,19,0
7889,32,0
7890,59,1
7891,52,1
7892,47,1
7893,23,0
7894,147,1
7895,89,1
7896,103,0
7897,89,0
7898,67,0
7899,37,1
7900,64,0
7901,63,1
7902,39,1
7903,175,0
7904,64,1
7905,159,1
7906,55,1
7907,45,0
7908,16,0
7909,39,1
7910,37,0
7911,27,0
7912,25,0
7913,60,0
7914,73,1
7915,56,0
7916,175,1
7917,80,0
7918,51,0
7919,68,0
7920,50,1
7921,36,0
7922,69,1
7923,118,1
7924,53,1
7925,88,1
7926,31,0
7927,200,0
7928,84,1
7929,49,0
7930,184,0
7931,40,0
7932,64,0
7933,46,1
7934,200,0
7935,50,1
7936,56,1
7937,40,1
7938,50,1
7939,46,0
7940,49,0
7941,89,1
7942,14,0
7943,200,0
7944,7,0
7945,81,0
7946,40,0
7947,130,0
7948,170,1
7949,46,1
7950,91,1
7951,60,1
7952,40,1
7953,31,0
7954,49,1
7955,78,1
7956,74,0
7957,125,1
7958,39,0
7959,27,1
7960,29,0
7961,200,0
7962,61,1
7963,51,1
7964,108,0
7965,48,0
7966,57,1
7967,108,1
7968,51,0
7969,84,0
7970,50,0
7971,47,1
7972,121,1
7973,93,0
7974,78,1
7975,58,1
7976,63,1
7977,64,0
7978,24,0
7979,62,0
7980,32,0
7981,39,0
7982,153,0
7983,58,1
7984,35,1
7985,60,0
7986,26,0
7987,51,1
7988,21,0
7989,65,1
7990,37,0
7991,127,0
7992,66,0
7993,40,1
7994,16,0
7995,29,1
7996,37,1
7997,53,0
7998,52,1
7999,53,1
8000,69,1
8001,200,0
8002,81,1
8003,54,1
8004,110,1
8005,80,1
8006,48,1
8007,53,1
8008,33,0
8009,33,1
8010,129,1
8011,99,0
8012,144,0
8013,74,0
8014,112,1
8015,54,1
8016,82,1
8017,50,1
8018,41,0
8019,97,0
8020,200,0
8021,161,0
8022,49,0
8023,66,1
8024,156,1
8025,63,1
8026,48,0
8027,33,1
8028,69,1
8029,63,1
8030,100,0
8031,12,0
8032,50,0
8033,63,0
8034,79,1
8035,79,1
8036,28,1
8037,24,0
8038,46,1
8039,26,0
8040,91,1
8041,74,1
8042,100,1
8043,200,0
8044,128,1
8045,39,1
8046,62,0
8047,72,1
8048,26,0
8049,60,0
8050,105,1
8051,61,1
8052,103,0
8053,62,1
8054,68,1
8055,20,1
8056,77,0
8057,50,0
8058,29,1
8059,60,0
8060,49,0
8061,106,0
8062,138,0
8063,152,0
8064,42,1
8065,65,0
8066,41,0
8067,59,0
8068,113,1
8069,83,1
8070,87,1
8071,152,1
8072,30,0
8073,56,0
8074,126,0
8075,83,0
8076,120,0
8077,28,0
8078,13,0
8079,51,1
8080,141,1
8081,163,1
8082,135,1
8083,29,1
8084,93,1
8085,28,0
8086,164,0
8087,39,0
8088,50,1
8089,74,1
8090,31,1
8091,80,0
8092,57,1
8093,56,0
8094,60,1
8095,30,1
8096,44,0
8097,53,0
8098,62,0
8099,106,1
8100,101,1
8101,73,0
8102,96,0
8103,37,0
8104,68,0
8105,63,0
8106,86,1
8107,40,0
8108,46,0
8109,79,0
8110,137,0
8111,43,0
8112,41,0
8113,46,0
8114,23,1
8115,60,0
8116,68,1
8117,93,0
8118,34,0
8119,174,1
8120,153,1
8121,92,1
8122,91,1
8123,200,0
8124,198,1
8125,42,1
8126,51,0
8127,60,1
8128,124,0
8129,36,0
8130,60,0
8131,45,1
8132,41,1
8133,51,0
8134,58,0
8135,70,0
8136,83,1
8137,16,0
8138,64,1
8139,113,1
8140,154,1
8141,33,0
8142,46,0
8143,109,0
8144,68,1
8145,27,0
8146,136,0
8147,40,1
8148,58,1
8149,53,1
8150,61,1
8151,61,1
8152,19,0
8153,59,0
8154,32,1
8155,60,1
8156,58,1
8157,50,1
8158,148,1
8159,66,1
8160,72,0
8161,65,0
8162,36,0
8163,96,0
8164,37,1
8165,63,1
8166,96,1
8167,33,1
8168,50,1
8169,106,0
8170,37,1
8171,174,1
8172,130,1
8173,33,1
8174,75,0
8175,66,1
8176,61,1
8177,46,0
8178,99,1
8179,56,1
8180,18,1
8181,33,1
8182,119,1
8183,50,1
8184,60,1
8185,150,0
8186,106,1
8187,164,0
8188,68,0
8189,85,0
8190,43,1
8191,29,0
8192,24,1
8193,131,1
8194,67,0
8195,33,0
8196,60,1
8197,115,1
8198,39,1
8199,52,0
8200,92,1
8201,33,1
8202,138,1
8203,66,0
8204,34,0
8205,104,0
8206,110,0
8207,43,0
8208,165,0
8209,62,1
8210,200,0
8211,131,0
8212,50,0
8213,83,1
8214,104,0
8215,56,1
8216,65,1
8217,48,1
8218,70,1
8219,38,1
8220,59,1
8221,41,1
8222,200,0
8223,85,1
8224,43,0
8225,74,0
8226,131,0
8227,127,0
8228,21,0
8229,35,1
8230,32,1
8231,121,1
8232,34,0
8233,66,0
8234,52,0
8235,49,1
8236,92,1
8237,155,1
8238,89,1
8239,44,1
8240,146,0
8241,65,0
8242,53,0
8243,139,1
8244,24,0
8245,26,1
8246,40,1
8247,39,1
8248,118,1
8249,49,1
8250,38,0
8251,109,0
8252,69,1
8253,32,0
8254,90,0
8255,33,0
8256,116,0
8257,164,1
8258,91,1
8259,58,0
8260,63,0
8261,23,1
8262,81,1
8263,35,1
8264,77,1
8265,62,0
8266,57,1
8267,52,1
8268,30,0
8269,49,1
8270,164,1
8271,50,1
8272,104,1
8273,53,1
8274,19,0
8275,63,0
8276,73,0
8277,44,1
8278,69,1
8279,99,0
8280,107,0
8281,84,0
8282,200,0
8283,200,0
8284,40,1
8285,70,0
8286,154,1
8287,103,0
8288,47,0
8289,87,1
8290,31,1
8291,87,1
8292,85,1
8293,79,1
8294,105,0
8295,107,0
8296,65,0
8297,34,1
8298,57,0
8299,34,0
8300,53,0
8301,52,1
8302,47,1
8303,35,1
8304,40,1
8305,162,1
8306,41,1
8307,122,0
8308,21,0
8309,166,0
8310,68,1
8311,58,1
8312,180,1
8313,48,0
8314,81,1
8315,126,0
8316,66,0
8317,91,0
8318,36,0
8319,42,0
8320,50,1
8321,56,1
8322,18,1
8323,25,0
8324,159,1
8325,84,1
8326,58,1
8327,101,0
8328,87,1
8329,102,1
8330,41,1
8331,84,0
8332,41,1
8333,82,1
8334,67,1
8335,57,0
8336,52,1
8337,42,0
8338,52,1
8339,150,1
8340,43,1
8341,45,1
8342,86,0
8343,76,1
8344,37,1
8345,48,1
8346,26,0
8347,58,1
8348,42,1
8349,64,0
8350,58,1
8351,49,1
8352,77,1
8353,49,0
8354,63,0
8355,105,0
8356,82,1
8357,55,0
8358,85,1
8359,33,1
8360,30,1
8361,22,0
8362,34,0
8363,192,0
8364,21,1
8365,75,0
8366,97,1
8367,90,0
8368,77,1
8369,44,1
8370,31,0
8371,151,1
8372,108,0
8373,27,0
8374,63,0
8375,34,0
8376,94,0
8377,41,0
8378,15,0
8379,23,1
8380,153,0
8381,126,0
8382,48,0
8383,63,1
8384,97,1
8385,64,0
8386,147,0
8387,28,0
8388,114,1
8389,55,1
8390,17,0
8391,67,0
8392,77,0
8393,137,1
8394,108,1
8395,121,0
8396,61,1
8397,25,0
8398,90,0
8399,43,1
8400,65,1
8401,58,1
8402,91,1
8403,43,1
8404,34,1
8405,121,1
8406,78,0
8407,136,0
8408,89,0
8409,86,0
8410,24,0
8411,46,0
8412,89,0
8413,34,0
8414,25,1
8415,40,1
8416,58,1
8417,178,1
8418,77,1
8419,25,0
8420,95,0
8421,122,0
8422,68,1
8423,50,1
8424,65,0
8425,23,0
8426,140,0
8427,28,0
8428,72,0
8429,59,0
8430,26,0
8431,56,0
8432,124,1
8433,32,0
8434,39,0
8435,19,0
8436,180,0
8437,76,1
8438,86,1
8439,32,0
8440,41,0
8441,100,0
8442,24,0
8443,48,0
8444,47,0
8445,65,1
8446,45,0
8447,81,1
8448,28,1
8449,129,1
8450,54,1
8451,75,1
8452,45,1
8453,187,0
8454,76,1
8455,45,1
8456,101,1
8457,55,0
8458,47,0
8459,68,1
8460,200,0
8461,70,0
8462,42,0
8463,88,0
8464,97,1
8465,40,0
8466,60,1
8467,47,0
8468,47,1
8469,111,1
8470,49,0
8471,77,0
8472,162,0
8473,45,1
8474,69,1
8475,75,0
8476,62,1
8477,176,0
8478,105,1
8479,78,1
8480,42,1
8481,48,1
8482,50,1
8483,82,1
8484,78,0
8485,69,0
8486,71,0
8487,35,0
8488,137,0
8489,89,1
8490,124,1
8491,166,1
8492,79,0
8493,93,1
8494,57,1
8495,38,0
8496,74,1
8497,58,0
8498,79,1
8499,27,1
8500,43,1
8501,66,1
8502,52,0
8503,171,1
8504,71,1
8505,100,0
8506,132,0
8507,88,0
8508,39,1
8509,165,1
8510,70,0
8511,59,1
8512,53,0
8513,75,0
8514,138,0
8515,45,1
8516,184,0
8517,84,0
8518,79,0
8519,67,1
8520,42,1
8521,23,1
8522,56,1
8523,31,1
8524,60,1
8525,35,1
8526,92,1
8527,47,1
8528,49,0
8529,92,0
8530,87,0
8531,149,0
8532,37,0
8533,51,0
8534,77,1
8535,66,1
8536,52,0
8537,113,1
8538,16,0
8539,112,1
8540,65,1
8541,200,0
8542,17,0
8543,133,0
8544,129,1
8545,34,0
8546,20,0
8547,78,0
8548,138,1
8549,42,0
8550,98,1
8551,125,0
8552,50,1
8553,68,1
8554,41,1
8555,113,0
8556,46,1
8557,51,1
8558,99,0
8559,142,0
8560,129,0
8561,61,1
8562,115,1
8563,74,1
8564,72,0
8565,91,0
8566,55,0
8567,38,1
8568,54,1
8569,71,0
8570,94,1
8571,32,0
8572,48,0
8573,102,0
8574,79,1
8575,200,0
8576,23,0
8577,70,1
8578,95,1
8579,94,0
8580,59,1
8581,35,0
8582,71,0
8583,28,1
8584,43,0
8585,26,0
8586,92,1
8587,33,1
8588,60,0
8589,114,0
8590,48,1
8591,83,1
8592,76,0
8593,38,0
8594,30,1
8595,79,0
8596,57,1
8597,85,1
8598,17,0
8599,76,0
8600,38,0
8601,74,1
8602,86,0
8603,38,1
8604,49,0
8605,55,1
8606,44,0
8607,200,0
8608,95,0
8609,156,1
8610,55,1
8611,75,0
8612,12,0
8613,152,0
8614,198,0
8615,60,1
8616,45,1
8617,49,0
8618,45,0
8619,125,1
8620,57,0
8621,76,0
8622,140,1
8623,71,1
8624,159,1
8625,22,0
8626,106,1
8627,93,0
8628,48,1
8629,60,1
8630,33,1
8631,38,0
8632,63,1
8633,66,1
8634,109,1
8635,40,1
8636,65,0
8637,86,0
8638,137,1
8639,20,0
8640,68,1
8641,59,1
8642,28,1
8643,66,1
8644,94,1
8645,177,1
8646,64,0
8647,56,1
8648,109,0
8649,36,0
8650,108,1
8651,47,1
8652,164,0
8653,35,0
8654,79,1
8655,62,0
8656,56,0
8657,73,0
8658,62,1
8659,98,0
8660,85,1
8661,48,1
8662,100,0
8663,53,0
8664,133,0
8665,83,1
8666,58,0
8667,64,1
8668,22,0
8669,52,1
8670,43,1
8671,11,0
8672,37,0
8673,200,0
8674,33,0
8675,80,1
8676,37,0
8677,29,1
8678,123,0
8679,63,1
8680,81,0
8681,109,0
8682,56,1
8683,52,1
8684,79,1
8685,30,0
8686,53,0
8687,180,0
8688,20,0
8689,77,0
8690,131,1
8691,78,1
8692,62,0
8693,60,0
8694,61,0
8695,58,0
8696,71,0
8697,21,0
8698,46,1
8699,130,0
8700,38,0
8701,186,1
8702,43,0
8703,108,1
8704,148,0
8705,101,1
8706,164,0
8707,31,1
8708,57,1
8709,61,0
8710,117,0
8711,75,0
8712,48,1
8713,38,0
8714,55,0
8715,38,1
8716,39,1
8717,45,1
8718,54,0
8719,57,0
8720,26,1
8721,54,1
8722,89,1
8723,189,1
8724,41,0
8725,32,0
8726,163,1
8727,175,1
8728,76,1
8729,107,0
8730,68,0
8731,168,1
8732,26,0
8733,47,0
8734,85,0
8735,73,1
8736,86,0
8737,200,0
8738,126,1
8739,129,1
8740,57,1
8741,121,0
8742,103,0
8743,82,0
8744,73,0
8745,39,0
8746,61,0
8747,68,1
8748,49,0
8749,59,1
8750,200,0
8751,45,1
8752,166,0
8753,37,0
8754,68,0
8755,77,0
8756,92,0
8757,59,0
8758,65,0
8759,28,1
8760,101,1
8761,51,1
8762,86,0
8763,66,0
8764,23,0
8765,94,1
8766,49,1
8767,38,0
8768,16,0
8769,57,0
8770,85,0
8771,42,0
8772,84,0
8773,86,0
8774,44,0
8775,113,1
8776,94,0
8777,43,0
8778,103,0
8779,60,0
8780,73,1
8781,125,1
8782,76,1
8783,58,1
8784,56,1
8785,42,0
8786,43,1
8787,200,0
8788,48,0
8789,159,1
8790,73,1
8791,115,0
8792,44,1
8793,49,0
8794,63,1
8795,68,1
8796,51,0
8797,73,1
8798,42,1
8799,77,1
8800,40,1
8801,32,0
8802,60,0
8803,92,0
8804,42,0
8805,29,1
8806,166,1
8807,54,0
8808,34,1
8809,32,1
8810,61,1
8811,62,1
8812,73,0
8813,81,0
8814,47,0
8815,62,0
8816,96,0
8817,56,0
8818,154,0
8819,69,1
8820,67,0
8821,78,1
8822,68,0
8823,96,0
8824,62,0
8825,82,1
8826,96,1
8827,71,0
8828,29,1
8829,52,0
8830,63,1
8831,81,1
8832,75,0
8833,83,1
8834,97,0
8835,70,0
8836,96,1
8837,28,0
8838,105,0
8839,78,1
8840,97,0
8841,150,0
8842,66,0
8843,200,0
8844,189,1
8845,62,1
8846,40,0
8847,17,0
8848,18,0
8849,171,0
8850,77,1
8851,53,0
8852,32,0
8853,89,1
8854,62,0
8855,110,1
8856,109,1
8857,65,0
8858,74,1
8859,138,1
8860,110,1
8861,57,1
8862,60,0
8863,139,0
8864,199,0
8865,119,1
8866,13,0
8867,19,0
8868,35,1
8869,88,0
8870,90,0
8871,53,1
8872,200,0
8873,49,1
8874,42,1
8875,47,1
8876,41,0
8877,83,1
8878,58,0
8879,77,1
8880,96,0
8881,39,1
8882,32,0
8883,89,1
8884,131,1
8885,116,1
8886,103,1
8887,65,1
8888,108,0
8889,103,1
8890,37,0
8891,74,0
8892,64,0
8893,46,1
8894,88,0
8895,131,0
8896,60,1
8897,36,0
8898,34,0
8899,17,0
8900,118,1
8901,73,1
8902,37,1
8903,39,1
8904,77,0
8905,52,0
8906,74,0
8907,40,1
8908,95,1
8909,116,1
8910,121,0
8911,57,1
8912,44,0
8913,77,0
8914,65,0
8915,45,1
8916,113,0
8917,60,1
8918,43,1
8919,93,0
8920,74,0
8921,61,0
8922,139,1
8923,71,0
8924,152,1
8925,24,1
8926,39,1
8927,108,1
8928,58,1
8929,52,0
8930,193,0
8931,139,1
8932,73,1
8933,101,1
8934,100,1
8935,56,0
8936,49,1
8937,30,1
8938,115,0
8939,60,0
8940,83,1
8941,54,0
8942,53,0
8943,66,0
8944,41,1
8945,38,1
8946,130,0
8947,195,1
8948,126,0
8949,41,0
8950,37,1
8951,67,1
8952,58,1
8953,88,1
8954,48,0
8955,80,0
8956,23,0
8957,73,1
8958,39,1
8959,103,1
8960,56,1
8961,46,0
8962,60,0
8963,91,0
8964,50,0
8965,28,1
8966,84,1
8967,69,1
8968,200,0
8969,38,0
8970,47,0
8971,33,0
8972,36,1
8973,70,1
8974,58,0
8975,96,1
8976,69,1
8977,27,0
8978,42,1
8979,69,1
8980,93,1
8981,57,0
8982,73,0
8983,200,0
8984,39,0
8985,94,1
8986,116,0
8987,114,0
8988,18,0
8989,65,1
8990,41,0
8991,96,1
8992,57,1
8993,66,1
8994,146,1
8995,104,1
8996,98,0
8997,81,0
8998,84,1
8999,116,1
9000,76,0
9001,58,1
9002,40,0
9003,53,1
9004,43,1
9005,103,0
9006,66,0
9007,51,0
9008,28,0
9009,41,1
9010,39,1
9011,51,1
9012,26,1
9013,49,1
9014,68,1
9015,30,1
9016,32,0
9017,123,0
9018,60,0
9019,64,0
9020,44,1
9021,119,1
9022,71,0
9023,47,0
9024,11,0
9025,45,0
9026,22,1
9027,67,1
9028,49,0
9029,126,0
9030,30,0
9031,112,1
9032,46,0
9033,48,0
9034,54,0
9035,48,0
9036,134,1
9037,32,0
9038,40,0
9039,51,1
9040,44,1
9041,42,0
9042,78,1
9043,131,1
9044,52,1
9045,68,1
9046,83,1
9047,37,1
9048,61,1
9049,48,0
9050,41,1
9051,64,0
9052,20,1
9053,196,0
9054,39,1
9055,63,1
9056,30,1
9057,79,1
9058,47,1
9059,50,1
9060,45,0
9061,79,0
9062,64,1
9063,80,0
9064,23,1
9065,114,0
9066,93,0
9067,43,0
9068,19,0
9069,46,0
9070,75,1
9071,65,1
9072,86,0
9073,49,0
9074,55,0
9075,171,0
9076,67,1
9077,103,0
9078,87,0
9079,92,1
9080,129,1
9081,30,1
9082,32,0
9083,47,0
9084,38,0
9085,43,1
9086,87,0
9087,145,1
9088,32,0
9089,200,0
9090,77,1
9091,61,0
9092,71,1
9093,87,1
9094,67,1
9095,27,1
9096,54,1
9097,200,0
9098,105,0
9099,122,1
9100,52,1
9101,134,1
9102,62,1
9103,92,0
9104,52,0
9105,108,0
9106,50,0
9107,75,0
9108,110,0
9109,41,1
9110,42,0
9111,59,1
9112,28,0
9113,80,0
9114,93,1
9115,53,0
9116,87,0
9117,151,0
9118,28,1
9119,50,1
9120,101,0
9121,105,1
9122,45,0
9123,31,1
9124,37,0
9125,75,1
9126,65,0
9127,62,0
9128,77,0
9129,26,0
9130,56,0
9131,96,1
9132,41,1
9133,114,1
9134,65,1
9135,119,0
9136,153,1
9137,63,1
9138,48,0
9139,54,1
9140,46,0
9141,50,1
9142,76,1
9143,76,1
9144,141,0
9145,45,1
9146,37,0
9147,58,0
9148,72,1
9149,92,0
9150,52,0
9151,135,0
9152,148,0
9153,93,0
9154,65,0
9155,75,1
9156,79,1
9157,59,1
9158,80,1
9159,21,1
9160,36,1
9161,68,1
9162,54,1
9163,85,1
9164,56,1
9165,42,0
9166,86,0
9167,38,1
9168,106,1
9169,30,0
9170,46,0
9171,35,1
9172,103,1
9173,35,0
9174,84,0
9175,38,1
9176,54,0
9177,25,1
9178,45,0
9179,49,0
9180,109,0
9181,69,1
9182,49,1
9183,141,1
9184,121,1
9185,41,0
9186,61,1
9187,38,1
9188,42,0
9189,90,1
9190,75,0
9191,140,1
9192,51,1
9193,39,1
9194,121,0
9195,163,1
9196,47,1
9197,58,0
9198,33,1
9199,46,0
9200,65,1
9201,200,0
9202,65,0
9203,34,1
9204,61,1
9205,149,0
9206,49,1
9207,92,0
9208,110,1
9209,34,0
9210,86,1
9211,142,0
9212,137,0
9213,200,0
9214,66,0
9215,47,0
9216,41,0
9217,78,1
9218,20,0
9219,42,1
9220,62,0
9221,85,0
9222,80,0
9223,96,0
9224,21,0
9225,39,1
9226,61,0
9227,98,1
9228,50,1
9229,45,0
9230,165,1
9231,103,1
9232,27,1
9233,60,0
9234,50,1
9235,151,0
9236,50,1
9237,49,1
9238,84,0
9239,47,1
9240,130,1
9241,81,1
9242,62,0
9243,70,1
9244,123,1
9245,81,1
9246,101,1
9247,26,0
9248,56,0
9249,101,0
9250,64,1
9251,58,0
9252,68,0
9253,39,1
9254,87,1
9255,165,0
9256,200,0
9257,79,0
9258,112,0
9259,30,0
9260,34,0
9261,197,0
9262,36,0
9263,72,0
9264,120,0
9265,150,0
9266,113,1
9267,200,0
9268,29,1
9269,77,1
9270,98,0
9271,30,0
9272,85,1
9273,68,1
9274,42,0
9275,60,1
9276,51,1
9277,173,0
9278,35,0
9279,113,0
9280,31,1
9281,89,1
9282,66,1
9283,31,0
9284,53,1
9285,74,0
9286,62,0
9287,35,0
9288,63,1
9289,51,0
9290,124,0
9291,187,0
9292,82,0
9293,74,0
9294,25,0
9295,67,1
9296,58,1
9297,27,1
9298,127,1
9299,45,1
9300,154,0
9301,120,0
9302,51,1
9303,29,0
9304,83,0
9305,66,1
9306,64,1
9307,78,1
9308,50,0
9309,39,0
9310,64,1
9311,50,1
9312,54,1
9313,104,0
9314,33,1
9315,121,1
9316,92,0
9317,74,1
9318,123,0
9319,74,0
9320,23,0
9321,121,0
9322,160,1
9323,58,1
9324,54,1
9325,125,1
9326,135,1
9327,61,1
9328,176,1
9329,62,1
9330,72,0
9331,99,0
9332,86,0
9333,93,0
9334,34,0
9335,44,0
9336,24,1
9337,35,1
9338,182,0
9339,19,1
9340,147,0
9341,99,0
9342,113,1
9343,66,1
9344,19,0
9345,77,1
9346,51,0
9347,51,0
9348,52,0
9349,28,0
9350,126,1
9351,34,0
9352,59,1
9353,44,0
9354,26,1
9355,37,0
9356,29,0
9357,103,1
9358,99,0
9359,71,0
9360,85,0
9361,56,0
9362,24,0
9363,150,0
9364,144,0
9365,170,0
9366,124,1
9367,177,0
9368,30,0
9369,91,0
9370,91,1
9371,110,0
9372,69,1
9373,139,1
9374,53,0
9375,39,1
9376,66,1
9377,190,1
9378,81,1
9379,75,0
9380,63,0
9381,47,0
9382,88,0
9383,61,0
9384,94,1
9385,78,0
9386,71,1
9387,38,1
9388,42,0
9389,96,0
9390,33,0
9391,52,1
9392,83,1
9393,107,0
9394,54,0
9395,68,1
9396,52,0
9397,50,1
9398,84,1
9399,118,0
9400,117,1
9401,58,1
9402,73,0
9403,43,1
9404,89,0
9405,200,0
9406,144,1
9407,80,0
9408,54,0
9409,69,1
9410,72,1
9411,47,1
9412,45,0
9413,35,0
9414,54,1
9415,30,1
9416,40,0
9417,79,0
9418,46,0
9419,63,0
9420,166,1
9421,58,1
9422,100,0
9423,83,0
9424,83,1
9425,71,1
9426,48,0
9427,49,1
9428,96,0
9429,69,0
9430,55,1
9431,38,1
9432,146,1
9433,60,0
9434,75,0
9435,46,0
9436,28,0
9437,90,1
9438,200,0
9439,144,1
9440,90,0
9441,130,0
9442,40,1
9443,74,1
9444,53,0
9445,16,0
9446,83,1
9447,19,0
9448,101,0
9449,55,1
9450,97,1
9451,35,0
9452,40,1
9453,44,1
9454,41,0
9455,18,0
9456,124,1
9457,38,1
9458,99,0
9459,59,1
9460,75,0
9461,38,0
9462,28,0
9463,48,1
9464,176,1
9465,83,1
9466,69,1
9467,43,0
9468,50,1
9469,53,0
9470,87,0
9471,54,1
9472,32,0
9473,58,1
9474,97,1
9475,35,0
9476,141,1
9477,39,1
9478,23,0
9479,112,1
9480,82,1
9481,23,0
9482,81,1
9483,58,0
9484,79,1
9485,38,1
9486,9,0
9487,90,0
9488,67,0
9489,43,0
9490,120,1
9491,50,0
9492,32,0
9493,50,0
9494,59,1
9495,145,0
9496,95,1
9497,159,1
9498,200,0
9499,188,0
9500,80,0
9501,63,0
9502,51,1
9503,87,1
9504,50,0
9505,122,1
9506,86,0
9507,45,1
9508,53,0
9509,82,0
9510,47,1
9511,33,0
9512,70,0
9513,53,1
9514,79,1
9515,58,1
9516,77,1
9517,55,0
9518,56,0
9519,58,1
9520,172,1
9521,88,1
9522,27,0
9523,98,0
9524,44,0
9525,47,0
9526,30,0
9527,60,1
9528,60,1
9529,200,0
9530,56,1
9531,67,0
9532,54,1
9533,128,0
9534,102,1
9535,23,0
9536,75,0
9537,37,0
9538,60,0
9539,111,0
9540,33,1
9541,62,1
9542,31,0
9543,157,0
9544,37,0
9545,70,0
9546,37,0
9547,105,1
9548,51,0
9549,76,0
9550,27,0
9551,70,1
9552,86,1
9553,55,0
9554,124,1
9555,57,1
9556,55,1
9557,31,1
9558,155,1
9559,47,1
9560,101,1
9561,34,0
9562,43,0
9563,38,0
9564,52,1
9565,53,1
9566,66,0
9567,68,1
9568,35,0
9569,42,1
9570,34,0
9571,200,0
9572,73,0
9573,52,0
9574,53,0
9575,124,0
9576,67,0
9577,134,0
9578,78,0
9579,161,0
9580,67,0
9581,50,0
9582,81,1
9583,80,1
9584,71,0
9585,67,1
9586,36,1
9587,123,1
9588,163,0
9589,48,0
9590,72,1
9591,50,1
9592,38,0
9593,47,0
9594,124,1
9595,58,0
9596,115,1
9597,85,0
9598,47,0
9599,56,0
9600,92,1
9601,142,0
9602,36,0
9603,103,1
9604,34,1
9605,200,0
9606,52,1
9607,56,0
9608,56,0
9609,53,0
9610,155,0
9611,79,1
9612,122,1
9613,51,0
9614,57,1
9615,96,1
9616,119,1
9617,27,0
9618,57,1
9619,152,1
9620,132,0
9621,127,1
9622,75,1
9623,36,0
9624,100,1
9625,15,0
9626,61,1
9627,46,1
9628,133,0
9629,72,1
9630,83,0
9631,163,0
9632,105,0
9633,38,1
9634,200,0
9635,76,1
9636,142,0
9637,54,1
9638,49,0
9639,49,0
9640,200,0
9641,24,0
9642,66,0
9643,19,0
9644,37,0
9645,41,1
9646,113,0
9647,200,0
9648,75,0
9649,30,0
9650,144,1
9651,60,0
9652,58,0
9653,85,1
9654,64,0
9655,91,0
9656,58,1
9657,18,0
9658,61,0
9659,34,1
9660,70,1
9661,96,0
9662,45,0
9663,200,0
9664,36,0
9665,56,0
9666,86,1
9667,46,0
9668,144,1
9669,95,0
9670,140,0
9671,37,1
9672,69,0
9673,37,1
9674,31,1
9675,68,0
9676,38,0
9677,200,0
9678,47,1
9679,63,0
9680,112,0
9681,58,1
9682,61,1
9683,187,0
9684,63,1
9685,89,1
9686,56,1
9687,60,1
9688,37,1
9689,32,0
9690,55,0
9691,156,1
9692,150,1
9693,104,0
9694,58,1
9695,23,0
9696,87,1
9697,61,1
9698,41,0
9699,104,0
9700,99,0
9701,37,1
9702,59,0
9703,60,1
9704,66,0
9705,112,1
9706,160,1
9707,114,1
9708,174,1
9709,78,0
9710,97,1
9711,68,1
9712,63,0
9713,56,1
9714,56,1
9715,32,1
9716,200,0
9717,109,1
9718,200,0
9719,83,1
9720,57,0
9721,134,0
9722,89,1
9723,38,0
9724,47,0
9725,58,1
9726,72,1
9727,76,0
9728,30,0
9729,40,0
9730,50,1
9731,45,0
9732,32,0
9733,34,0
9734,108,0
9735,40,1
9736,47,0
9737,62,0
9738,66,0
9739,43,0
9740,65,1
9741,11,0
9742,19,0
9743,33,0
9744,51,1
9745,54,1
9746,50,0
9747,147,0
9748,63,0
9749,27,1
9750,38,0
9751,34,0
9752,56,0
9753,58,0
9754,61,1
9755,65,0
9756,41,1
9757,67,0
9758,110,0
9759,66,1
9760,61,0
9761,44,0
9762,58,1
9763,86,1
9764,45,1
9765,61,0
9766,40,0
9767,127,0
9768,50,1
9769,22,0
9770,56,1
9771,69,1
9772,55,1
9773,46,0
9774,100,1
9775,68,1
9776,69,0
9777,29,1
9778,64,1
9779,49,0
9780,47,0
9781,121,0
9782,96,1
9783,58,0
9784,31,0
9785,92,0
9786,54,1
9787,36,0
9788,28,0
9789,32,1
9790,70,0
9791,80,1
9792,67,1
9793,110,1
9794,66,0
9795,54,0
9796,60,0
9797,162,1
9798,45,1
9799,37,0
9800,64,1
9801,95,1
9802,133,1
9803,71,1
9804,200,0
9805,47,1
9806,57,1
9807,85,0
9808,36,0
9809,98,1
9810,84,1
9811,106,1
9812,43,1
9813,77,0
9814,91,1
9815,82,0
9816,35,1
9817,47,1
9818,53,1
9819,127,1
9820,64,1
9821,45,0
9822,179,0
9823,152,0
9824,48,0
9825,61,0
9826,36,1
9827,14,0
9828,83,1
9829,47,1
9830,46,0
9831,85,1
9832,66,1
9833,16,0
9834,106,0
9835,96,1
9836,37,1
9837,37,0
9838,157,0
9839,85,1
9840,93,0
9841,52,0
9842,89,1
9843,96,0
9844,59,1
9845,61,1
9846,48,1
9847,47,0
9848,200,0
9849,44,1
9850,28,0
9851,49,0
9852,37,1
9853,159,1
9854,54,0
9855,159,0
9856,43,1
9857,200,0
9858,41,0
9859,34,1
9860,27,1
9861,32,1
9862,68,1
9863,126,1
9864,141,0
9865,67,1
9866,70,0
9867,45,0
9868,59,1
9869,47,1
9870,19,0
9871,67,0
9872,151,0
9873,65,1
9874,190,0
9875,148,0
9876,37,1
9877,67,1
9878,26,0
9879,22,0
9880,164,0
9881,24,0
9882,138,0
9883,34,0
9884,57,1
9885,85,0
9886,58,0
9887,37,1
9888,93,1
9889,104,0
9890,53,0
9891,89,1
9892,29,1
9893,55,0
9894,63,1
9895,62,1
9896,31,1
9897,67,1
9898,42,1
9899,124,1
9900,85,1
9901,57,1
9902,59,1
9903,130,1
9904,86,0
9905,83,0
9906,107,0
9907,51,1
9908,59,1
9909,40,0
9910,40,1
9911,107,0
9912,75,1
9913,41,1
9914,36,0
9915,52,0
9916,72,1
9917,112,1
9918,58,1
9919,90,0
9920,66,0
9921,98,0
9922,35,0
9923,97,1
9924,25,1
9925,29,0
9926,46,1
9927,85,1
9928,45,0
9929,84,1
9930,35,1
9931,200,0
9932,121,0
9933,12,0
9934,40,1
9935,39,1
9936,144,0
9937,55,1
9938,106,1
9939,170,1
9940,14,0
9941,70,1
9942,102,0
9943,64,0
9944,41,1
9945,140,0
9946,56,0
9947,69,0
9948,71,0
9949,32,0
9950,57,1
9951,46,0
9952,71,0
9953,41,0
9954,119,1
9955,194,1
9956,20,0
9957,40,0
9958,56,0
9959,129,1
9960,47,1
9961,63,0
9962,77,1
9963,111,1
9964,122,1
9965,103,0
9966,78,0
9967,73,0
9968,26,1
9969,58,1
9970,62,1
9971,45,1
9972,114,0
9973,64,0
9974,55,1
9975,56,0
9976,37,1
9977,105,0
9978,91,1
9979,146,0
9980,70,1
9981,142,0
9982,38,1
9983,69,0
9984,100,1
9985,54,0
9986,45,1
9987,42,1
9988,20,1
9989,83,1
9990,132,1
9991,54,0
9992,79,1
9993,59,1
9994,51,0
9995,26,1
9996,66,0
9997,64,0
9998,76,1
9999,39,1
