episode,steps,reward
0,68,0
1,13,0
2,11,0
3,62,0
4,27,0
5,19,0
6,31,0
7,10,0
8,6,0
9,27,0
10,28,0
11,30,0
12,7,0
13,19,0
14,64,0
15,9,0
16,42,0
17,7,0
18,10,0
19,27,0
20,21,0
21,33,0
22,7,0
23,6,0
24,29,0
25,6,0
26,27,0
27,35,0
28,17,0
29,33,0
30,37,0
31,23,0
32,8,0
33,28,0
34,62,0
35,15,0
36,39,0
37,11,0
38,19,0
39,63,0
40,25,0
41,24,0
42,26,0
43,14,0
44,18,0
45,14,0
46,8,0
47,61,0
48,30,0
49,12,0
50,29,0
51,87,0
52,23,0
53,74,0
54,71,0
55,9,0
56,38,1
57,83,0
58,116,0
59,52,0
60,36,0
61,105,0
62,53,0
63,19,0
64,44,0
65,24,0
66,52,1
67,48,0
68,71,0
69,68,0
70,70,0
71,12,0
72,150,1
73,49,1
74,111,0
75,24,0
76,17,0
77,51,0
78,49,0
79,29,0
80,83,0
81,32,0
82,32,0
83,37,0
84,35,0
85,21,0
86,65,0
87,32,0
88,109,0
89,26,0
90,114,0
91,177,0
92,79,0
93,54,0
94,28,0
95,41,0
96,50,0
97,192,0
98,36,0
99,98,0
100,61,0
101,200,0
102,42,0
103,64,0
104,69,0
105,88,0
106,80,0
107,87,0
108,9,0
109,116,0
110,200,0
111,42,0
112,79,0
113,75,0
114,34,0
115,55,0
116,138,0
117,56,0
118,65,0
119,82,0
120,126,0
121,77,0
122,23,0
123,41,0
124,157,0
125,85,0
126,139,0
127,106,0
128,183,0
129,17,0
130,82,0
131,153,0
132,39,0
133,109,0
134,40,0
135,83,0
136,27,0
137,24,0
138,72,0
139,100,0
140,164,0
141,42,0
142,200,0
143,200,0
144,111,0
145,51,0
146,187,0
147,200,0
148,65,0
149,84,0
150,48,0
151,200,0
152,104,0
153,93,0
154,40,0
155,200,0
156,41,0
157,73,0
158,100,0
159,64,0
160,76,0
161,153,0
162,152,1
163,66,0
164,200,0
165,158,0
166,68,0
167,36,0
168,86,0
169,200,0
170,76,0
171,63,0
172,89,0
173,34,0
174,134,0
175,69,0
176,72,0
177,200,0
178,44,0
179,23,0
180,77,0
181,71,0
182,58,0
183,62,0
184,41,0
185,111,0
186,55,0
187,79,0
188,200,0
189,175,0
190,48,0
191,98,0
192,167,0
193,61,0
194,200,0
195,175,0
196,65,0
197,200,0
198,200,0
199,89,0
200,35,0
201,126,0
202,61,0
203,105,0
204,47,0
205,98,0
206,119,0
207,169,0
208,126,0
209,200,0
210,56,0
211,79,0
212,200,0
213,142,0
214,36,0
215,79,0
216,109,0
217,200,0
218,82,0
219,66,0
220,200,0
221,84,0
222,132,0
223,50,0
224,93,0
225,32,0
226,200,0
227,150,0
228,170,0
229,133,0
230,65,0
231,82,0
232,100,0
233,81,0
234,137,0
235,57,0
236,71,0
237,100,0
238,59,1
239,200,0
240,48,0
241,146,0
242,108,0
243,200,0
244,51,0
245,128,0
246,106,0
247,89,0
248,49,0
249,200,0
250,84,0
251,104,0
252,62,0
253,100,0
254,79,0
255,69,0
256,63,0
257,65,0
258,42,0
259,124,0
260,91,0
261,200,0
262,48,0
263,69,0
264,53,0
265,26,0
266,75,1
267,100,0
268,200,0
269,200,0
270,200,0
271,160,0
272,181,0
273,93,0
274,36,0
275,83,1
276,56,1
277,31,1
278,43,1
279,32,1
280,200,0
281,93,1
282,23,1
283,80,1
284,116,1
285,134,1
286,133,1
287,32,1
288,95,1
289,125,1
290,44,1
291,62,1
292,85,1
293,130,1
294,169,1
295,172,1
296,58,1
297,53,1
298,92,1
299,142,1
300,60,1
301,87,1
302,66,1
303,64,1
304,200,0
305,77,1
306,119,1
307,85,1
308,157,1
309,59,1
310,52,1
311,76,1
312,200,0
313,87,1
314,161,1
315,101,1
316,67,1
317,160,1
318,200,0
319,130,1
320,84,1
321,99,1
322,53,1
323,58,1
324,125,1
325,78,1
326,62,1
327,53,1
328,108,1
329,86,1
330,100,1
331,79,1
332,147,1
333,31,1
334,115,1
335,108,1
336,109,1
337,67,1
338,123,1
339,101,1
340,43,1
341,200,0
342,200,0
343,177,1
344,126,1
345,33,1
346,105,1
347,57,1
348,200,0
349,95,1
350,144,1
351,65,1
352,76,0
353,94,1
354,110,1
355,107,1
356,87,1
357,58,1
358,72,0
359,122,1
360,145,1
361,109,1
362,103,1
363,39,1
364,79,1
365,116,1
366,108,1
367,53,1
368,83,1
369,151,1
370,44,1
371,51,1
372,187,1
373,130,1
374,107,1
375,103,1
376,89,1
377,26,1
378,65,1
379,90,1
380,49,1
381,46,1
382,37,1
383,200,0
384,96,1
385,200,0
386,84,1
387,100,1
388,41,1
389,126,1
390,86,1
391,55,0
392,131,1
393,93,1
394,73,1
395,146,1
396,132,1
397,46,1
398,68,1
399,93,0
400,110,1
401,115,1
402,132,1
403,48,1
404,40,1
405,193,1
406,81,1
407,61,1
408,137,1
409,103,1
410,88,1
411,117,1
412,63,1
413,54,1
414,79,1
415,48,1
416,50,1
417,72,1
418,91,1
419,85,1
420,124,1
421,110,1
422,171,1
423,132,1
424,99,1
425,90,1
426,32,1
427,21,0
428,92,1
429,34,0
430,49,1
431,94,1
432,114,1
433,118,1
434,73,1
435,53,1
436,120,1
437,149,1
438,178,1
439,47,0
440,150,1
441,117,1
442,193,0
443,77,1
444,88,1
445,65,1
446,144,1
447,54,1
448,141,1
449,62,1
450,35,1
451,48,1
452,85,1
453,65,1
454,62,1
455,130,1
456,66,1
457,60,1
458,71,1
459,104,1
460,45,1
461,200,0
462,32,1
463,103,1
464,119,1
465,97,1
466,81,1
467,76,1
468,29,1
469,55,1
470,121,1
471,119,1
472,79,1
473,61,1
474,100,1
475,186,1
476,150,1
477,67,1
478,84,1
479,186,1
480,63,1
481,22,0
482,116,1
483,52,1
484,101,1
485,134,1
486,76,1
487,83,1
488,67,1
489,60,1
490,200,0
491,73,1
492,129,1
493,69,1
494,127,1
495,98,1
496,66,1
497,27,1
498,104,1
499,63,1
500,41,1
501,133,1
502,107,1
503,182,1
504,113,1
505,143,1
506,94,1
507,65,1
508,143,1
509,69,1
510,96,1
511,67,1
512,36,0
513,82,1
514,57,1
515,74,1
516,101,1
517,141,1
518,187,1
519,51,1
520,110,1
521,83,1
522,126,1
523,129,1
524,78,1
525,126,1
526,56,1
527,38,1
528,200,0
529,113,1
530,58,1
531,122,1
532,80,1
533,200,0
534,95,1
535,98,1
536,95,1
537,61,1
538,49,1
539,64,0
540,125,1
541,42,1
542,56,1
543,142,1
544,133,1
545,81,1
546,61,1
547,40,1
548,103,1
549,81,1
550,119,1
551,101,1
552,53,0
553,51,0
554,119,1
555,200,0
556,82,1
557,34,1
558,200,0
559,37,1
560,104,1
561,139,1
562,47,1
563,43,1
564,51,0
565,58,1
566,124,1
567,109,1
568,191,1
569,73,1
570,72,1
571,67,1
572,38,1
573,139,1
574,19,1
575,61,1
576,155,1
577,43,1
578,106,1
579,60,1
580,158,1
581,48,1
582,74,1
583,90,1
584,20,1
585,99,1
586,200,0
587,112,1
588,71,1
589,128,1
590,63,1
591,106,1
592,92,1
593,29,1
594,159,0
595,29,1
596,88,1
597,200,0
598,80,1
599,200,0
600,59,0
601,131,1
602,46,1
603,46,1
604,82,1
605,103,1
606,90,1
607,87,1
608,51,1
609,128,1
610,62,1
611,198,1
612,149,1
613,72,1
614,82,1
615,97,0
616,44,1
617,87,1
618,127,1
619,43,0
620,178,1
621,118,1
622,100,1
623,193,1
624,82,1
625,81,1
626,80,1
627,117,1
628,136,1
629,42,1
630,60,1
631,66,1
632,200,0
633,58,1
634,57,1
635,97,1
636,34,1
637,123,1
638,50,1
639,89,1
640,23,0
641,62,1
642,65,1
643,27,1
644,63,1
645,114,1
646,115,1
647,66,0
648,83,1
649,39,1
650,125,1
651,89,1
652,177,1
653,62,1
654,200,1
655,36,1
656,95,1
657,89,1
658,75,1
659,166,1
660,53,1
661,200,0
662,200,0
663,76,1
664,200,0
665,193,1
666,89,1
667,69,1
668,81,1
669,31,0
670,145,1
671,146,1
672,85,1
673,39,1
674,187,1
675,35,1
676,68,1
677,200,0
678,119,1
679,57,1
680,122,1
681,106,1
682,188,1
683,97,1
684,200,0
685,42,0
686,135,1
687,71,1
688,156,1
689,118,0
690,67,0
691,52,1
692,83,1
693,23,1
694,106,1
695,122,1
696,62,1
697,149,1
698,41,1
699,84,1
700,70,1
701,83,1
702,200,0
703,99,1
704,200,0
705,200,0
706,168,1
707,59,1
708,83,1
709,162,1
710,69,1
711,147,1
712,77,1
713,77,1
714,42,1
715,151,0
716,101,1
717,97,0
718,200,0
719,149,1
720,112,0
721,106,1
722,150,1
723,34,1
724,33,1
725,106,1
726,69,1
727,53,1
728,26,1
729,57,1
730,84,1
731,35,1
732,112,1
733,191,1
734,77,1
735,200,0
736,200,0
737,65,1
738,75,1
739,99,1
740,200,0
741,200,0
742,62,1
743,113,1
744,106,1
745,184,1
746,131,1
747,153,1
748,95,1
749,39,1
750,107,1
751,49,1
752,77,1
753,82,1
754,200,0
755,74,1
756,99,1
757,48,0
758,99,1
759,119,1
760,141,1
761,39,1
762,42,1
763,85,1
764,93,1
765,96,1
766,51,1
767,31,1
768,118,1
769,44,1
770,60,1
771,48,1
772,156,1
773,200,0
774,68,1
775,168,1
776,93,1
777,57,1
778,83,1
779,43,1
780,44,1
781,97,1
782,200,0
783,68,1
784,44,1
785,151,1
786,59,1
787,174,1
788,32,1
789,72,1
790,160,1
791,43,1
792,65,1
793,65,1
794,25,0
795,29,1
796,68,1
797,145,1
798,62,1
799,111,1
800,175,1
801,78,1
802,52,1
803,101,1
804,65,1
805,54,1
806,71,1
807,179,1
808,185,1
809,65,1
810,27,1
811,76,1
812,102,1
813,50,1
814,58,1
815,58,1
816,71,1
817,89,0
818,116,1
819,159,1
820,122,1
821,97,1
822,76,1
823,162,1
824,80,1
825,78,1
826,85,1
827,86,1
828,68,1
829,41,1
830,37,1
831,30,1
832,57,1
833,38,1
834,52,1
835,139,1
836,80,1
837,99,1
838,146,1
839,179,1
840,71,1
841,53,1
842,153,1
843,34,1
844,200,0
845,167,1
846,105,1
847,109,1
848,53,0
849,84,1
850,51,1
851,156,1
852,200,0
853,22,0
854,22,0
855,53,1
856,39,1
857,157,1
858,134,1
859,200,0
860,51,1
861,24,1
862,200,0
863,61,1
864,33,1
865,70,1
866,88,0
867,55,0
868,27,1
869,132,1
870,39,1
871,103,0
872,20,0
873,92,1
874,34,1
875,120,1
876,60,1
877,35,1
878,104,1
879,117,1
880,69,1
881,97,1
882,104,1
883,96,1
884,80,1
885,42,0
886,93,1
887,124,1
888,33,0
889,95,1
890,83,1
891,72,1
892,152,1
893,42,1
894,49,1
895,86,1
896,188,1
897,51,1
898,80,1
899,56,1
900,172,1
901,76,1
902,148,1
903,59,1
904,28,1
905,67,1
906,51,0
907,44,1
908,60,1
909,126,1
910,64,0
911,83,0
912,36,1
913,42,1
914,81,1
915,59,1
916,107,1
917,60,1
918,55,1
919,52,1
920,74,1
921,183,1
922,39,1
923,93,1
924,122,1
925,135,1
926,121,1
927,44,1
928,111,1
929,69,1
930,67,0
931,98,1
932,96,1
933,82,1
934,100,0
935,65,1
936,43,1
937,55,1
938,70,1
939,118,0
940,200,0
941,48,1
942,137,1
943,49,1
944,89,1
945,76,1
946,83,1
947,66,1
948,67,1
949,79,1
950,148,1
951,158,1
952,45,1
953,97,0
954,77,1
955,71,1
956,57,0
957,94,1
958,52,1
959,56,1
960,51,1
961,63,1
962,82,1
963,124,1
964,190,1
965,47,1
966,115,1
967,19,0
968,58,1
969,139,1
970,23,0
971,79,1
972,89,1
973,134,1
974,109,1
975,117,1
976,126,0
977,80,1
978,186,1
979,53,1
980,155,1
981,121,1
982,62,0
983,200,0
984,87,1
985,125,1
986,138,1
987,41,1
988,45,1
989,84,1
990,70,1
991,50,1
992,21,0
993,41,1
994,51,1
995,51,1
996,55,1
997,64,1
998,109,1
999,69,1
1000,164,1
1001,73,1
1002,49,1
1003,200,0
1004,61,0
1005,93,1
1006,138,1
1007,76,1
1008,99,1
1009,158,1
1010,161,0
1011,116,1
1012,85,1
1013,196,1
1014,94,1
1015,179,1
1016,32,1
1017,51,1
1018,176,1
1019,77,1
1020,131,1
1021,66,1
1022,88,1
1023,177,1
1024,76,1
1025,42,1
1026,89,1
1027,89,1
1028,114,1
1029,47,1
1030,125,1
1031,150,1
1032,153,1
1033,48,1
1034,101,1
1035,186,1
1036,68,1
1037,185,1
1038,45,1
1039,65,1
1040,200,0
1041,65,1
1042,60,1
1043,42,1
1044,101,1
1045,56,1
1046,165,0
1047,34,1
1048,53,1
1049,183,1
1050,129,1
1051,50,1
1052,161,1
1053,48,1
1054,31,1
1055,117,1
1056,62,1
1057,98,1
1058,123,1
1059,82,1
1060,34,1
1061,48,1
1062,47,1
1063,200,0
1064,103,1
1065,33,1
1066,87,1
1067,28,1
1068,86,1
1069,98,1
1070,59,1
1071,200,0
1072,34,1
1073,98,1
1074,69,1
1075,130,1
1076,68,1
1077,46,1
1078,90,1
1079,114,1
1080,200,0
1081,23,1
1082,155,1
1083,90,1
1084,115,1
1085,194,1
1086,138,1
1087,97,1
1088,45,1
1089,84,1
1090,83,0
1091,200,0
1092,50,1
1093,117,1
1094,191,1
1095,70,1
1096,195,1
1097,53,1
1098,39,1
1099,126,1
1100,100,1
1101,49,1
1102,64,1
1103,190,0
1104,45,1
1105,89,1
1106,89,1
1107,61,1
1108,82,1
1109,200,0
1110,66,1
1111,64,1
1112,200,0
1113,58,1
1114,49,1
1115,176,1
1116,170,1
1117,43,1
1118,41,1
1119,60,1
1120,78,1
1121,67,1
1122,169,1
1123,109,1
1124,111,1
1125,36,1
1126,72,1
1127,146,1
1128,57,1
1129,200,0
1130,135,1
1131,71,1
1132,111,1
1133,200,0
1134,200,0
1135,38,1
1136,51,1
1137,123,1
1138,163,1
1139,110,1
1140,85,1
1141,56,1
1142,134,1
1143,44,1
1144,71,1
1145,200,0
1146,72,1
1147,193,1
1148,171,1
1149,24,1
1150,151,1
1151,105,1
1152,174,1
1153,64,1
1154,78,1
1155,84,1
1156,58,0
1157,64,1
1158,99,1
1159,130,1
1160,29,0
1161,116,1
1162,113,1
1163,192,1
1164,87,1
1165,75,1
1166,95,1
1167,49,1
1168,200,0
1169,174,1
1170,161,1
1171,91,1
1172,156,1
1173,93,1
1174,94,1
1175,66,1
1176,58,1
1177,145,1
1178,107,1
1179,79,1
1180,40,0
1181,26,1
1182,149,1
1183,135,0
1184,110,1
1185,100,1
1186,34,0
1187,54,1
1188,26,0
1189,108,1
1190,193,1
1191,26,1
1192,56,1
1193,141,1
1194,58,1
1195,66,1
1196,79,1
1197,43,1
1198,54,0
1199,89,1
1200,55,0
1201,90,1
1202,68,1
1203,97,0
1204,46,1
1205,79,1
1206,55,1
1207,160,1
1208,116,1
1209,77,1
1210,170,1
1211,18,0
1212,60,1
1213,57,1
1214,46,1
1215,127,1
1216,200,0
1217,54,1
1218,81,1
1219,127,1
1220,79,1
1221,51,1
1222,45,1
1223,91,1
1224,118,1
1225,27,1
1226,200,0
1227,62,1
1228,140,1
1229,180,1
1230,89,1
1231,45,1
1232,200,0
1233,99,1
1234,96,1
1235,22,1
1236,71,1
1237,200,0
1238,73,1
1239,187,1
1240,41,1
1241,107,1
1242,69,0
1243,40,1
1244,104,1
1245,124,1
1246,52,1
1247,153,1
1248,66,1
1249,81,1
1250,48,1
1251,83,1
1252,44,1
1253,114,1
1254,46,1
1255,62,1
1256,94,1
1257,68,1
1258,23,0
1259,86,1
1260,101,1
1261,45,1
1262,46,1
1263,72,1
1264,80,1
1265,28,1
1266,109,1
1267,146,1
1268,66,1
1269,131,1
1270,176,1
1271,41,0
1272,60,1
1273,61,1
1274,37,1
1275,61,1
1276,143,1
1277,79,1
1278,64,1
1279,19,1
1280,125,1
1281,100,1
1282,80,1
1283,48,1
1284,121,1
1285,82,1
1286,41,1
1287,50,1
1288,183,1
1289,108,1
1290,79,0
1291,82,1
1292,140,1
1293,145,1
1294,53,1
1295,33,1
1296,40,1
1297,198,1
1298,66,1
1299,42,0
1300,90,1
1301,84,1
1302,88,1
1303,61,1
1304,61,1
1305,200,0
1306,49,1
1307,47,1
1308,74,1
1309,52,1
1310,141,1
1311,68,1
1312,40,1
1313,104,1
1314,96,1
1315,200,0
1316,43,1
1317,54,1
1318,64,1
1319,111,1
1320,91,1
1321,125,0
1322,87,1
1323,169,1
1324,144,1
1325,75,1
1326,49,1
1327,105,1
1328,129,1
1329,92,1
1330,78,1
1331,51,1
1332,49,1
1333,82,1
1334,39,1
1335,200,0
1336,88,1
1337,98,1
1338,48,1
1339,71,1
1340,100,1
1341,62,1
1342,112,1
1343,83,1
1344,57,1
1345,199,1
1346,50,1
1347,61,1
1348,105,1
1349,138,1
1350,27,1
1351,81,1
1352,72,1
1353,45,1
1354,70,1
1355,111,1
1356,175,1
1357,113,1
1358,115,1
1359,73,1
1360,121,1
1361,47,1
1362,50,1
1363,150,1
1364,116,1
1365,59,1
1366,41,1
1367,87,1
1368,35,1
1369,57,1
1370,77,1
1371,137,1
1372,140,1
1373,200,1
1374,36,1
1375,27,1
1376,84,1
1377,74,1
1378,105,1
1379,101,1
1380,36,1
1381,49,1
1382,200,0
1383,200,0
1384,178,1
1385,102,1
1386,43,1
1387,96,1
1388,185,1
1389,67,1
1390,49,1
1391,138,1
1392,41,1
1393,49,1
1394,35,1
1395,74,1
1396,68,1
1397,33,1
1398,102,1
1399,83,1
1400,87,1
1401,37,1
1402,34,0
1403,65,1
1404,142,1
1405,69,1
1406,48,1
1407,71,1
1408,50,1
1409,173,1
1410,197,1
1411,99,1
1412,145,1
1413,200,1
1414,128,1
1415,71,1
1416,53,1
1417,66,1
1418,71,1
1419,57,1
1420,200,0
1421,42,1
1422,38,1
1423,151,1
1424,90,1
1425,33,1
1426,68,1
1427,120,1
1428,118,1
1429,193,1
1430,157,1
1431,41,1
1432,58,1
1433,102,1
1434,90,1
1435,184,1
1436,92,1
1437,106,1
1438,149,1
1439,39,1
1440,39,1
1441,49,1
1442,85,1
1443,69,1
1444,53,1
1445,94,1
1446,99,1
1447,200,0
1448,134,1
1449,75,1
1450,108,1
1451,185,1
1452,34,1
1453,45,1
1454,100,1
1455,153,1
1456,64,1
1457,157,1
1458,200,0
1459,106,1
1460,159,1
1461,30,1
1462,130,0
1463,100,1
1464,109,1
1465,55,1
1466,63,1
1467,66,1
1468,56,1
1469,109,1
1470,129,1
1471,127,1
1472,72,1
1473,108,1
1474,108,1
1475,89,1
1476,50,1
1477,104,1
1478,76,0
1479,200,0
1480,59,1
1481,94,1
1482,200,0
1483,200,0
1484,101,1
1485,63,1
1486,102,1
1487,94,1
1488,183,1
1489,63,1
1490,79,1
1491,200,0
1492,200,0
1493,108,1
1494,100,1
1495,55,1
1496,34,1
1497,200,0
1498,200,0
1499,36,1
1500,80,1
1501,38,1
1502,100,1
1503,46,1
1504,163,1
1505,78,1
1506,38,1
1507,59,1
1508,123,1
1509,132,1
1510,108,1
1511,87,1
1512,149,1
1513,95,0
1514,112,1
1515,44,1
1516,88,1
1517,55,1
1518,49,1
1519,101,1
1520,143,0
1521,162,1
1522,54,1
1523,30,1
1524,41,1
1525,76,1
1526,37,1
1527,73,1
1528,200,0
1529,107,1
1530,86,1
1531,154,1
1532,139,1
1533,117,1
1534,151,1
1535,71,1
1536,118,1
1537,154,1
1538,75,1
1539,64,1
1540,141,1
1541,34,1
1542,120,1
1543,185,1
1544,200,0
1545,108,1
1546,44,1
1547,72,1
1548,109,1
1549,36,1
1550,102,1
1551,60,1
1552,53,0
1553,130,1
1554,61,1
1555,59,1
1556,102,1
1557,183,1
1558,80,0
1559,102,1
1560,148,1
1561,100,1
1562,79,1
1563,173,1
1564,64,1
1565,51,1
1566,67,1
1567,162,1
1568,86,1
1569,21,1
1570,162,1
1571,169,1
1572,63,1
1573,63,1
1574,88,1
1575,196,1
1576,200,0
1577,77,1
1578,94,0
1579,49,1
1580,200,0
1581,89,1
1582,97,1
1583,42,1
1584,57,1
1585,62,1
1586,85,1
1587,71,1
1588,112,1
1589,179,1
1590,56,1
1591,53,1
1592,200,0
1593,170,1
1594,113,1
1595,69,1
1596,125,1
1597,85,1
1598,200,0
1599,48,1
1600,76,1
1601,200,0
1602,72,1
1603,115,1
1604,73,1
1605,63,1
1606,50,1
1607,98,1
1608,65,1
1609,153,1
1610,52,1
1611,88,1
1612,197,1
1613,57,1
1614,200,0
1615,160,1
1616,58,1
1617,78,1
1618,58,1
1619,27,1
1620,141,1
1621,181,1
1622,62,1
1623,96,1
1624,42,1
1625,42,1
1626,126,1
1627,101,1
1628,161,1
1629,58,1
1630,63,1
1631,63,1
1632,69,0
1633,73,1
1634,170,1
1635,59,1
1636,25,0
1637,200,0
1638,87,1
1639,129,1
1640,39,1
1641,95,1
1642,86,1
1643,66,1
1644,113,1
1645,129,1
1646,37,1
1647,53,1
1648,93,1
1649,31,1
1650,76,1
1651,97,1
1652,35,1
1653,84,1
1654,77,1
1655,135,1
1656,92,1
1657,91,1
1658,38,1
1659,87,1
1660,96,1
1661,187,1
1662,87,1
1663,44,1
1664,53,1
1665,167,1
1666,87,1
1667,35,1
1668,200,0
1669,48,1
1670,32,1
1671,47,1
1672,68,1
1673,54,1
1674,57,1
1675,189,1
1676,54,1
1677,97,1
1678,65,1
1679,19,1
1680,54,1
1681,200,0
1682,128,1
1683,151,1
1684,62,1
1685,106,1
1686,76,1
1687,200,0
1688,36,0
1689,30,1
1690,200,0
1691,28,1
1692,179,1
1693,118,1
1694,110,1
1695,33,0
1696,200,0
1697,38,1
1698,69,1
1699,127,1
1700,176,1
1701,56,1
1702,96,1
1703,176,1
1704,108,1
1705,37,1
1706,161,1
1707,29,1
1708,169,0
1709,105,1
1710,28,0
1711,61,1
1712,27,1
1713,50,1
1714,67,1
1715,127,1
1716,39,1
1717,67,1
1718,145,1
1719,57,1
1720,51,1
1721,116,1
1722,175,1
1723,44,1
1724,122,1
1725,52,1
1726,115,1
1727,200,0
1728,47,1
1729,92,1
1730,98,1
1731,52,1
1732,59,0
1733,61,1
1734,73,1
1735,54,1
1736,56,1
1737,106,1
1738,27,1
1739,60,1
1740,85,1
1741,162,1
1742,80,1
1743,68,1
1744,89,1
1745,107,1
1746,77,1
1747,48,1
1748,134,1
1749,44,1
1750,77,1
1751,92,1
1752,71,1
1753,162,1
1754,97,1
1755,152,1
1756,98,1
1757,43,0
1758,91,1
1759,78,1
1760,200,0
1761,173,1
1762,95,0
1763,31,1
1764,111,1
1765,118,1
1766,69,1
1767,62,1
1768,40,1
1769,64,1
1770,106,1
1771,99,1
1772,58,1
1773,169,1
1774,50,1
1775,200,0
1776,64,1
1777,66,1
1778,178,1
1779,98,1
1780,87,1
1781,72,1
1782,100,1
1783,200,0
1784,66,1
1785,90,1
1786,56,1
1787,166,1
1788,136,1
1789,30,1
1790,86,0
1791,75,0
1792,69,1
1793,177,1
1794,67,1
1795,153,1
1796,61,1
1797,39,1
1798,81,1
1799,65,1
1800,75,1
1801,137,1
1802,71,0
1803,48,0
1804,95,1
1805,52,1
1806,66,1
1807,86,1
1808,49,1
1809,88,1
1810,58,1
1811,36,0
1812,164,1
1813,128,1
1814,114,1
1815,200,0
1816,66,1
1817,35,1
1818,73,1
1819,155,1
1820,118,1
1821,94,1
1822,104,1
1823,54,1
1824,158,1
1825,33,1
1826,66,1
1827,87,1
1828,126,1
1829,74,1
1830,83,1
1831,144,1
1832,95,1
1833,26,1
1834,64,1
1835,109,1
1836,167,1
1837,83,1
1838,36,0
1839,46,1
1840,85,1
1841,44,1
1842,73,1
1843,200,0
1844,200,0
1845,36,1
1846,35,1
1847,200,0
1848,107,1
1849,82,1
1850,72,1
1851,174,1
1852,41,1
1853,47,1
1854,75,1
1855,53,1
1856,74,1
1857,61,1
1858,101,1
1859,56,1
1860,108,1
1861,109,1
1862,155,1
1863,155,1
1864,45,1
1865,89,1
1866,31,1
1867,47,1
1868,51,1
1869,41,1
1870,121,1
1871,15,0
1872,65,1
1873,41,1
1874,105,1
1875,123,1
1876,158,1
1877,36,0
1878,200,0
1879,191,1
1880,61,1
1881,26,1
1882,92,1
1883,63,1
1884,51,0
1885,55,1
1886,154,1
1887,37,0
1888,95,1
1889,63,1
1890,173,1
1891,79,1
1892,13,0
1893,186,1
1894,64,1
1895,59,1
1896,50,1
1897,89,1
1898,44,1
1899,175,1
1900,100,1
1901,123,1
1902,97,1
1903,166,1
1904,104,1
1905,98,1
1906,49,1
1907,39,0
1908,190,0
1909,69,1
1910,44,1
1911,143,1
1912,91,1
1913,125,1
1914,113,1
1915,98,1
1916,157,1
1917,40,1
1918,47,1
1919,119,1
1920,63,1
1921,45,1
1922,65,1
1923,115,1
1924,55,1
1925,73,1
1926,40,1
1927,77,1
1928,200,0
1929,47,1
1930,50,1
1931,59,1
1932,49,1
1933,104,0
1934,118,1
1935,128,1
1936,95,1
1937,22,0
1938,54,0
1939,116,0
1940,124,1
1941,149,1
1942,45,1
1943,44,1
1944,187,1
1945,200,0
1946,200,0
1947,39,1
1948,136,1
1949,188,0
1950,78,1
1951,85,1
1952,106,1
1953,56,1
1954,91,1
1955,102,1
1956,45,1
1957,99,1
1958,54,1
1959,156,1
1960,64,1
1961,46,1
1962,85,1
1963,95,1
1964,111,1
1965,84,1
1966,89,1
1967,48,0
1968,95,1
1969,76,1
1970,47,1
1971,107,0
1972,33,1
1973,156,1
1974,200,0
1975,26,1
1976,63,1
1977,83,1
1978,161,1
1979,183,1
1980,200,0
1981,49,1
1982,99,1
1983,131,1
1984,53,1
1985,25,0
1986,27,0
1987,49,1
1988,105,1
1989,63,1
1990,44,1
1991,73,1
1992,43,1
1993,86,1
1994,25,1
1995,200,0
1996,93,1
1997,120,1
1998,132,1
1999,66,1
2000,98,1
2001,48,1
2002,114,1
2003,39,0
2004,121,1
2005,156,1
2006,86,1
2007,59,1
2008,17,0
2009,125,1
2010,57,1
2011,56,1
2012,108,1
2013,200,0
2014,68,1
2015,146,1
2016,97,1
2017,145,1
2018,42,1
2019,174,1
2020,165,1
2021,200,0
2022,64,1
2023,38,1
2024,83,1
2025,117,1
2026,88,1
2027,86,1
2028,175,1
2029,127,0
2030,109,1
2031,107,1
2032,28,0
2033,164,1
2034,31,1
2035,43,1
2036,35,1
2037,92,1
2038,34,1
2039,80,1
2040,28,1
2041,98,1
2042,68,1
2043,200,0
2044,86,1
2045,35,1
2046,38,1
2047,176,1
2048,91,1
2049,80,1
2050,69,1
2051,85,1
2052,45,1
2053,103,1
2054,168,1
2055,128,1
2056,68,1
2057,149,1
2058,109,1
2059,138,1
2060,18,0
2061,146,1
2062,47,1
2063,142,1
2064,51,1
2065,200,0
2066,54,1
2067,46,1
2068,30,1
2069,70,1
2070,127,1
2071,200,0
2072,97,1
2073,77,1
2074,36,1
2075,114,1
2076,95,0
2077,137,1
2078,34,1
2079,136,1
2080,69,0
2081,56,1
2082,43,1
2083,119,1
2084,200,0
2085,109,1
2086,161,1
2087,68,1
2088,200,0
2089,200,0
2090,55,1
2091,200,0
2092,77,1
2093,122,1
2094,172,1
2095,49,1
2096,31,1
2097,65,1
2098,108,1
2099,60,1
2100,47,1
2101,59,1
2102,47,1
2103,48,1
2104,69,1
2105,33,1
2106,82,1
2107,82,1
2108,70,1
2109,37,1
2110,43,0
2111,141,1
2112,46,1
2113,200,0
2114,78,1
2115,120,1
2116,94,1
2117,49,0
2118,46,1
2119,35,1
2120,200,0
2121,164,1
2122,102,1
2123,39,1
2124,151,1
2125,113,1
2126,63,1
2127,110,1
2128,39,1
2129,47,1
2130,97,1
2131,165,1
2132,107,0
2133,67,1
2134,51,1
2135,99,0
2136,68,1
2137,63,1
2138,39,1
2139,88,1
2140,127,1
2141,137,1
2142,26,1
2143,81,1
2144,55,1
2145,200,0
2146,73,1
2147,104,1
2148,83,1
2149,124,1
2150,101,1
2151,53,1
2152,100,1
2153,194,1
2154,48,1
2155,129,1
2156,33,1
2157,200,0
2158,85,1
2159,176,1
2160,69,1
2161,73,1
2162,200,0
2163,200,0
2164,111,1
2165,49,0
2166,84,1
2167,200,0
2168,67,1
2169,55,1
2170,45,1
2171,133,1
2172,79,1
2173,168,1
2174,112,1
2175,89,1
2176,38,1
2177,148,1
2178,87,1
2179,151,1
2180,84,1
2181,16,1
2182,50,1
2183,71,1
2184,33,1
2185,60,1
2186,190,1
2187,56,0
2188,77,1
2189,29,1
2190,65,1
2191,143,1
2192,49,1
2193,99,0
2194,105,1
2195,82,1
2196,41,1
2197,60,1
2198,149,1
2199,117,1
2200,173,1
2201,63,1
2202,39,1
2203,70,1
2204,72,1
2205,61,1
2206,94,1
2207,55,1
2208,89,1
2209,101,1
2210,107,1
2211,102,1
2212,59,1
2213,148,1
2214,42,1
2215,188,1
2216,200,0
2217,62,1
2218,161,1
2219,167,1
2220,63,1
2221,102,1
2222,104,1
2223,53,1
2224,34,1
2225,69,1
2226,67,1
2227,138,1
2228,29,1
2229,120,1
2230,75,1
2231,34,1
2232,200,0
2233,68,1
2234,85,1
2235,123,1
2236,153,1
2237,65,1
2238,84,1
2239,34,1
2240,69,1
2241,75,1
2242,45,0
2243,64,1
2244,60,1
2245,75,1
2246,180,1
2247,23,1
2248,151,1
2249,200,0
2250,100,1
2251,43,1
2252,120,1
2253,52,1
2254,52,1
2255,35,1
2256,28,0
2257,138,1
2258,43,1
2259,52,1
2260,167,1
2261,91,1
2262,81,1
2263,198,1
2264,130,1
2265,103,1
2266,107,0
2267,47,0
2268,169,1
2269,97,1
2270,77,1
2271,92,1
2272,95,1
2273,81,1
2274,37,1
2275,200,0
2276,59,1
2277,139,1
2278,30,1
2279,121,1
2280,200,0
2281,60,1
2282,71,1
2283,31,1
2284,54,1
2285,102,1
2286,68,1
2287,55,1
2288,153,1
2289,43,1
2290,25,1
2291,164,1
2292,43,1
2293,180,1
2294,80,1
2295,197,1
2296,50,1
2297,93,1
2298,61,1
2299,52,1
2300,82,1
2301,95,1
2302,64,1
2303,74,1
2304,64,1
2305,111,1
2306,195,1
2307,62,1
2308,92,1
2309,96,1
2310,69,1
2311,39,1
2312,120,1
2313,65,1
2314,200,0
2315,68,1
2316,78,1
2317,44,1
2318,44,1
2319,107,1
2320,129,1
2321,23,1
2322,68,1
2323,82,1
2324,149,1
2325,51,1
2326,106,0
2327,200,0
2328,200,1
2329,44,1
2330,75,1
2331,90,1
2332,38,1
2333,64,1
2334,81,1
2335,98,1
2336,50,1
2337,70,1
2338,106,1
2339,59,1
2340,89,1
2341,130,1
2342,50,1
2343,24,1
2344,135,1
2345,95,1
2346,93,1
2347,105,1
2348,117,1
2349,200,0
2350,58,1
2351,127,1
2352,55,1
2353,170,1
2354,72,1
2355,200,0
2356,119,1
2357,162,1
2358,151,1
2359,102,1
2360,112,1
2361,82,1
2362,158,1
2363,82,1
2364,31,1
2365,87,1
2366,94,1
2367,117,1
2368,105,1
2369,68,1
2370,148,1
2371,47,1
2372,86,1
2373,128,1
2374,35,1
2375,150,1
2376,100,1
2377,127,1
2378,200,0
2379,74,1
2380,77,1
2381,150,1
2382,53,1
2383,133,1
2384,55,1
2385,46,1
2386,140,1
2387,74,1
2388,90,1
2389,156,1
2390,49,1
2391,41,1
2392,86,1
2393,43,1
2394,46,1
2395,53,1
2396,65,0
2397,132,1
2398,65,1
2399,185,1
2400,23,1
2401,39,1
2402,164,1
2403,29,1
2404,99,1
2405,97,1
2406,34,1
2407,86,0
2408,28,1
2409,82,1
2410,96,1
2411,165,1
2412,100,1
2413,32,0
2414,58,1
2415,46,1
2416,53,1
2417,21,0
2418,59,1
2419,47,0
2420,64,1
2421,39,1
2422,78,1
2423,68,1
2424,91,1
2425,60,1
2426,52,1
2427,83,0
2428,107,1
2429,152,1
2430,114,1
2431,57,1
2432,44,1
2433,76,1
2434,33,1
2435,144,1
2436,145,1
2437,72,1
2438,154,1
2439,40,1
2440,107,1
2441,70,1
2442,64,1
2443,90,1
2444,48,1
2445,86,1
2446,39,1
2447,67,1
2448,90,1
2449,57,1
2450,68,1
2451,139,1
2452,53,1
2453,174,1
2454,26,1
2455,51,1
2456,168,1
2457,107,1
2458,130,1
2459,68,0
2460,52,1
2461,64,1
2462,163,1
2463,23,1
2464,100,1
2465,73,1
2466,76,1
2467,45,1
2468,95,1
2469,136,1
2470,75,1
2471,109,1
2472,97,1
2473,129,1
2474,137,1
2475,66,1
2476,132,1
2477,172,1
2478,134,1
2479,86,1
2480,182,1
2481,43,0
2482,81,1
2483,191,1
2484,81,1
2485,75,1
2486,174,1
2487,63,1
2488,38,1
2489,45,1
2490,182,1
2491,31,0
2492,15,1
2493,52,1
2494,88,1
2495,50,0
2496,103,1
2497,102,1
2498,39,1
2499,87,1
2500,61,1
2501,50,1
2502,63,1
2503,101,1
2504,172,1
2505,50,1
2506,200,1
2507,169,1
2508,149,1
2509,200,0
2510,54,1
2511,97,1
2512,77,1
2513,109,1
2514,65,1
2515,33,1
2516,47,1
2517,54,1
2518,124,1
2519,53,1
2520,75,1
2521,59,1
2522,200,0
2523,28,1
2524,160,1
2525,62,1
2526,49,0
2527,83,1
2528,57,0
2529,105,1
2530,74,1
2531,70,1
2532,81,1
2533,92,1
2534,97,1
2535,67,1
2536,97,1
2537,40,1
2538,38,1
2539,118,1
2540,76,1
2541,193,1
2542,51,1
2543,110,1
2544,89,1
2545,35,1
2546,109,1
2547,172,1
2548,200,0
2549,68,1
2550,72,1
2551,67,1
2552,97,1
2553,125,1
2554,100,1
2555,64,1
2556,42,1
2557,46,1
2558,44,1
2559,143,0
2560,141,0
2561,81,1
2562,105,1
2563,124,1
2564,41,1
2565,41,1
2566,72,1
2567,86,1
2568,81,1
2569,34,1
2570,200,0
2571,155,1
2572,200,0
2573,200,0
2574,155,1
2575,95,1
2576,169,1
2577,156,1
2578,83,1
2579,200,0
2580,57,1
2581,58,1
2582,22,0
2583,200,0
2584,63,1
2585,90,1
2586,80,1
2587,89,0
2588,117,1
2589,200,0
2590,112,1
2591,126,1
2592,112,0
2593,61,1
2594,48,1
2595,52,1
2596,75,1
2597,95,0
2598,62,1
2599,43,1
2600,151,1
2601,48,1
2602,63,1
2603,156,1
2604,50,1
2605,57,1
2606,114,1
2607,90,1
2608,53,0
2609,79,1
2610,81,1
2611,92,1
2612,82,1
2613,175,1
2614,49,1
2615,84,1
2616,56,0
2617,62,1
2618,44,1
2619,92,1
2620,149,1
2621,77,1
2622,200,0
2623,50,1
2624,100,1
2625,89,1
2626,73,1
2627,49,1
2628,92,1
2629,103,1
2630,44,1
2631,124,1
2632,143,1
2633,158,1
2634,77,1
2635,95,1
2636,73,1
2637,74,1
2638,55,1
2639,54,1
2640,82,1
2641,161,1
2642,172,1
2643,133,1
2644,38,1
2645,164,1
2646,54,1
2647,200,0
2648,181,1
2649,198,1
2650,31,1
2651,33,1
2652,79,1
2653,84,1
2654,81,1
2655,41,1
2656,144,1
2657,83,1
2658,60,1
2659,81,1
2660,69,1
2661,189,1
2662,59,1
2663,124,1
2664,74,1
2665,84,1
2666,90,0
2667,20,0
2668,143,1
2669,74,1
2670,200,0
2671,188,1
2672,70,1
2673,122,1
2674,124,1
2675,64,1
2676,88,1
2677,75,1
2678,116,1
2679,89,1
2680,33,1
2681,40,1
2682,142,1
2683,179,1
2684,96,1
2685,67,1
2686,79,1
2687,28,0
2688,96,1
2689,75,0
2690,61,1
2691,100,1
2692,200,0
2693,74,1
2694,52,1
2695,29,1
2696,91,1
2697,36,0
2698,50,1
2699,73,0
2700,116,1
2701,53,1
2702,161,1
2703,128,1
2704,137,0
2705,40,1
2706,200,0
2707,77,1
2708,95,1
2709,167,1
2710,200,0
2711,175,1
2712,90,1
2713,24,0
2714,87,1
2715,63,1
2716,117,1
2717,97,1
2718,64,1
2719,55,1
2720,27,1
2721,75,1
2722,23,0
2723,200,0
2724,150,1
2725,200,0
2726,110,1
2727,165,1
2728,157,1
2729,54,1
2730,44,0
2731,118,1
2732,132,1
2733,63,1
2734,108,1
2735,76,1
2736,72,1
2737,66,1
2738,64,1
2739,54,1
2740,48,1
2741,200,0
2742,63,1
2743,170,0
2744,65,1
2745,60,1
2746,200,0
2747,85,1
2748,157,1
2749,48,1
2750,104,1
2751,57,1
2752,93,1
2753,124,1
2754,139,1
2755,76,1
2756,51,1
2757,78,1
2758,116,1
2759,118,1
2760,134,1
2761,53,1
2762,66,0
2763,150,1
2764,25,1
2765,68,1
2766,46,1
2767,53,1
2768,92,1
2769,68,1
2770,200,0
2771,94,1
2772,200,0
2773,53,1
2774,126,1
2775,200,0
2776,97,1
2777,48,1
2778,23,1
2779,54,1
2780,200,0
2781,133,1
2782,52,1
2783,38,1
2784,23,1
2785,100,1
2786,64,1
2787,89,1
2788,52,1
2789,200,0
2790,54,1
2791,149,1
2792,54,1
2793,39,1
2794,37,1
2795,51,1
2796,101,1
2797,48,1
2798,200,0
2799,136,1
2800,101,1
2801,111,1
2802,200,0
2803,36,1
2804,200,0
2805,30,1
2806,126,1
2807,81,1
2808,28,1
2809,30,1
2810,154,1
2811,43,1
2812,65,1
2813,78,1
2814,54,1
2815,16,0
2816,83,1
2817,200,0
2818,48,1
2819,137,1
2820,77,1
2821,61,1
2822,36,1
2823,115,1
2824,106,1
2825,26,0
2826,95,1
2827,200,0
2828,119,1
2829,197,1
2830,90,1
2831,49,1
2832,109,1
2833,58,1
2834,77,1
2835,88,1
2836,150,1
2837,178,1
2838,45,1
2839,161,1
2840,200,1
2841,72,1
2842,67,1
2843,200,0
2844,36,1
2845,156,1
2846,64,1
2847,57,1
2848,49,1
2849,83,1
2850,149,1
2851,35,0
2852,92,1
2853,129,1
2854,71,0
2855,45,1
2856,200,0
2857,200,0
2858,50,1
2859,102,1
2860,98,1
2861,57,1
2862,56,1
2863,92,1
2864,81,1
2865,71,1
2866,102,1
2867,121,1
2868,88,1
2869,45,1
2870,186,1
2871,54,1
2872,42,1
2873,126,1
2874,159,1
2875,131,1
2876,28,1
2877,42,1
2878,88,1
2879,125,1
2880,28,1
2881,200,0
2882,200,0
2883,126,0
2884,61,1
2885,66,1
2886,54,1
2887,59,1
2888,36,0
2889,39,1
2890,49,1
2891,74,1
2892,95,1
2893,54,0
2894,156,1
2895,198,1
2896,133,1
2897,73,1
2898,200,0
2899,41,1
2900,87,1
2901,140,1
2902,167,1
2903,61,1
2904,63,1
2905,42,1
2906,55,1
2907,92,1
2908,75,1
2909,70,1
2910,53,1
2911,138,1
2912,31,1
2913,62,1
2914,32,1
2915,200,0
2916,192,1
2917,151,1
2918,56,0
2919,46,1
2920,34,1
2921,44,0
2922,129,1
2923,108,1
2924,50,1
2925,89,1
2926,54,1
2927,40,1
2928,97,1
2929,129,1
2930,65,1
2931,120,1
2932,28,0
2933,76,1
2934,30,1
2935,200,0
2936,40,1
2937,127,1
2938,96,1
2939,78,1
2940,90,1
2941,54,1
2942,200,0
2943,29,1
2944,40,1
2945,41,1
2946,115,1
2947,121,1
2948,90,1
2949,141,1
2950,98,1
2951,106,1
2952,68,1
2953,82,1
2954,107,1
2955,137,1
2956,167,1
2957,43,1
2958,108,1
2959,153,1
2960,119,1
2961,41,1
2962,120,1
2963,107,1
2964,110,1
2965,43,1
2966,33,1
2967,58,1
2968,151,1
2969,198,1
2970,66,1
2971,37,1
2972,34,1
2973,97,1
2974,41,1
2975,200,0
2976,200,0
2977,113,1
2978,56,1
2979,103,1
2980,27,1
2981,106,1
2982,66,1
2983,68,1
2984,147,1
2985,148,1
2986,36,1
2987,82,1
2988,157,1
2989,67,1
2990,55,0
2991,200,0
2992,94,1
2993,152,1
2994,198,1
2995,112,1
2996,68,1
2997,47,1
2998,158,0
2999,79,0
3000,24,1
3001,200,0
3002,200,0
3003,101,1
3004,63,1
3005,36,1
3006,149,1
3007,77,1
3008,120,1
3009,61,0
3010,83,1
3011,112,1
3012,130,1
3013,90,1
3014,111,1
3015,55,1
3016,154,1
3017,61,1
3018,62,1
3019,150,1
3020,74,1
3021,35,1
3022,102,1
3023,83,1
3024,47,1
3025,129,1
3026,106,1
3027,53,1
3028,113,1
3029,36,1
3030,49,1
3031,200,0
3032,77,1
3033,118,1
3034,182,1
3035,39,1
3036,200,0
3037,99,1
3038,129,1
3039,200,0
3040,52,1
3041,97,1
3042,182,1
3043,107,1
3044,120,1
3045,89,0
3046,121,1
3047,123,1
3048,51,1
3049,106,1
3050,192,1
3051,34,1
3052,200,0
3053,50,1
3054,129,1
3055,200,0
3056,104,1
3057,44,1
3058,40,0
3059,53,1
3060,62,1
3061,128,1
3062,92,1
3063,121,1
3064,105,1
3065,37,0
3066,44,1
3067,118,0
3068,84,1
3069,55,1
3070,63,1
3071,127,1
3072,142,1
3073,53,1
3074,77,1
3075,27,1
3076,89,1
3077,62,1
3078,54,1
3079,39,0
3080,81,0
3081,48,1
3082,31,1
3083,122,1
3084,77,1
3085,65,0
3086,62,1
3087,139,1
3088,53,1
3089,200,0
3090,37,1
3091,115,1
3092,82,1
3093,186,1
3094,169,1
3095,49,1
3096,186,1
3097,133,1
3098,63,1
3099,54,1
3100,200,0
3101,81,1
3102,108,1
3103,35,1
3104,46,1
3105,115,0
3106,115,1
3107,65,1
3108,116,1
3109,182,1
3110,47,1
3111,174,1
3112,196,1
3113,123,1
3114,71,1
3115,36,1
3116,176,1
3117,68,1
3118,72,1
3119,99,1
3120,99,1
3121,134,1
3122,158,1
3123,58,1
3124,70,0
3125,83,1
3126,51,1
3127,56,1
3128,154,1
3129,200,0
3130,26,1
3131,96,1
3132,105,1
3133,200,0
3134,82,1
3135,54,1
3136,105,1
3137,36,1
3138,104,1
3139,44,1
3140,121,1
3141,200,0
3142,83,1
3143,49,1
3144,70,1
3145,53,1
3146,133,0
3147,132,1
3148,200,0
3149,94,1
3150,105,1
3151,24,0
3152,55,1
3153,99,1
3154,52,1
3155,114,1
3156,76,1
3157,57,1
3158,97,1
3159,185,1
3160,99,1
3161,148,1
3162,76,1
3163,85,1
3164,85,1
3165,39,1
3166,200,0
3167,41,1
3168,97,1
3169,95,1
3170,111,1
3171,48,1
3172,94,1
3173,200,0
3174,55,1
3175,59,1
3176,62,1
3177,57,1
3178,20,1
3179,31,0
3180,40,1
3181,61,1
3182,73,1
3183,72,1
3184,77,1
3185,83,1
3186,84,1
3187,105,1
3188,52,1
3189,34,1
3190,43,1
3191,197,1
3192,110,1
3193,200,0
3194,62,1
3195,89,1
3196,112,1
3197,105,1
3198,119,1
3199,86,1
3200,51,1
3201,43,1
3202,104,1
3203,174,1
3204,140,1
3205,125,0
3206,108,1
3207,53,1
3208,48,1
3209,38,1
3210,69,1
3211,95,1
3212,40,1
3213,67,1
3214,176,1
3215,44,1
3216,59,1
3217,70,1
3218,165,1
3219,39,1
3220,68,1
3221,111,1
3222,106,1
3223,48,1
3224,97,1
3225,44,1
3226,200,0
3227,85,1
3228,100,1
3229,45,1
3230,105,1
3231,42,1
3232,124,1
3233,82,1
3234,86,1
3235,29,1
3236,75,1
3237,97,1
3238,84,1
3239,65,1
3240,72,1
3241,49,1
3242,41,1
3243,59,1
3244,115,1
3245,91,1
3246,83,1
3247,87,1
3248,106,1
3249,139,1
3250,149,1
3251,140,1
3252,46,1
3253,81,1
3254,93,1
3255,62,1
3256,55,0
3257,91,1
3258,92,1
3259,50,1
3260,80,1
3261,35,1
3262,129,1
3263,143,1
3264,91,1
3265,43,1
3266,48,1
3267,140,1
3268,200,0
3269,138,1
3270,200,0
3271,56,1
3272,70,1
3273,124,1
3274,148,1
3275,18,1
3276,186,1
3277,104,1
3278,75,1
3279,115,1
3280,104,1
3281,72,1
3282,156,1
3283,69,1
3284,123,1
3285,134,1
3286,47,1
3287,54,1
3288,77,1
3289,54,1
3290,98,1
3291,46,1
3292,98,1
3293,145,1
3294,112,1
3295,86,1
3296,88,1
3297,79,1
3298,200,0
3299,200,0
3300,72,0
3301,56,1
3302,117,1
3303,40,1
3304,114,1
3305,128,1
3306,147,1
3307,95,1
3308,149,1
3309,200,0
3310,45,1
3311,36,1
3312,200,0
3313,32,0
3314,200,0
3315,65,1
3316,130,1
3317,58,1
3318,200,0
3319,48,1
3320,63,1
3321,58,1
3322,70,1
3323,185,1
3324,81,1
3325,43,1
3326,140,1
3327,88,0
3328,84,1
3329,114,1
3330,119,1
3331,184,1
3332,31,1
3333,65,1
3334,47,1
3335,48,1
3336,142,1
3337,47,1
3338,67,1
3339,200,0
3340,139,1
3341,66,1
3342,71,0
3343,54,0
3344,52,1
3345,98,1
3346,98,1
3347,58,1
3348,200,0
3349,74,1
3350,41,1
3351,23,0
3352,200,0
3353,79,1
3354,31,1
3355,69,1
3356,41,1
3357,36,0
3358,126,1
3359,50,1
3360,75,1
3361,56,1
3362,75,1
3363,167,1
3364,76,1
3365,200,0
3366,60,1
3367,58,1
3368,112,1
3369,61,1
3370,65,1
3371,103,1
3372,39,1
3373,174,1
3374,77,1
3375,96,0
3376,178,1
3377,73,1
3378,200,0
3379,96,1
3380,82,1
3381,41,1
3382,107,1
3383,62,1
3384,77,1
3385,47,1
3386,62,1
3387,26,1
3388,48,1
3389,133,1
3390,54,1
3391,185,1
3392,35,1
3393,44,1
3394,44,1
3395,100,1
3396,103,1
3397,72,1
3398,26,1
3399,29,0
3400,122,1
3401,35,1
3402,130,1
3403,68,1
3404,79,1
3405,83,1
3406,47,1
3407,200,0
3408,75,1
3409,28,1
3410,86,1
3411,65,1
3412,76,1
3413,108,1
3414,81,1
3415,82,1
3416,27,1
3417,57,1
3418,115,1
3419,137,1
3420,62,1
3421,42,1
3422,72,1
3423,93,1
3424,42,1
3425,75,1
3426,62,1
3427,49,1
3428,103,1
3429,50,0
3430,55,1
3431,101,1
3432,34,1
3433,51,1
3434,110,1
3435,86,1
3436,75,0
3437,83,1
3438,50,1
3439,147,1
3440,90,1
3441,64,1
3442,80,1
3443,61,1
3444,179,1
3445,165,1
3446,64,0
3447,146,1
3448,56,1
3449,68,1
3450,49,1
3451,200,0
3452,77,1
3453,67,1
3454,146,1
3455,149,1
3456,80,1
3457,114,1
3458,53,1
3459,68,1
3460,113,1
3461,131,1
3462,49,1
3463,81,1
3464,200,0
3465,68,1
3466,114,1
3467,102,1
3468,140,1
3469,41,1
3470,99,1
3471,79,1
3472,155,1
3473,51,1
3474,200,1
3475,102,1
3476,105,1
3477,47,1
3478,200,0
3479,192,1
3480,42,0
3481,75,1
3482,71,1
3483,84,1
3484,96,1
3485,144,0
3486,131,1
3487,54,1
3488,27,1
3489,131,1
3490,57,1
3491,52,1
3492,111,1
3493,85,1
3494,26,1
3495,86,1
3496,66,1
3497,53,1
3498,200,0
3499,130,1
3500,102,1
3501,77,1
3502,105,1
3503,102,1
3504,86,1
3505,91,1
3506,101,1
3507,70,0
3508,117,1
3509,168,1
3510,98,1
3511,57,1
3512,32,1
3513,62,1
3514,79,1
3515,104,1
3516,43,1
3517,102,1
3518,92,0
3519,200,0
3520,64,1
3521,116,1
3522,62,1
3523,174,1
3524,62,1
3525,200,0
3526,20,1
3527,56,0
3528,100,1
3529,200,0
3530,39,1
3531,58,1
3532,165,1
3533,116,1
3534,153,1
3535,54,1
3536,62,1
3537,79,1
3538,112,1
3539,55,1
3540,86,1
3541,48,1
3542,110,1
3543,106,1
3544,99,1
3545,64,1
3546,132,1
3547,21,1
3548,151,1
3549,73,1
3550,48,1
3551,172,1
3552,137,1
3553,111,1
3554,51,1
3555,40,1
3556,50,1
3557,74,1
3558,86,1
3559,135,1
3560,153,1
3561,74,1
3562,126,1
3563,97,1
3564,62,1
3565,83,1
3566,103,1
3567,105,1
3568,152,1
3569,56,1
3570,44,1
3571,200,0
3572,57,1
3573,104,1
3574,96,1
3575,78,1
3576,76,1
3577,46,1
3578,55,1
3579,170,1
3580,48,0
3581,36,1
3582,42,1
3583,200,0
3584,141,1
3585,200,0
3586,49,1
3587,110,1
3588,58,1
3589,200,0
3590,83,1
3591,127,1
3592,80,1
3593,200,0
3594,43,1
3595,76,1
3596,106,1
3597,102,1
3598,82,1
3599,66,1
3600,103,1
3601,107,1
3602,110,1
3603,73,1
3604,143,1
3605,106,1
3606,104,1
3607,84,1
3608,71,1
3609,105,1
3610,97,1
3611,200,0
3612,106,1
3613,79,1
3614,53,1
3615,142,1
3616,79,1
3617,67,1
3618,55,1
3619,47,1
3620,50,1
3621,92,1
3622,121,1
3623,92,1
3624,200,0
3625,60,1
3626,139,1
3627,48,1
3628,189,1
3629,200,0
3630,87,1
3631,72,1
3632,119,1
3633,200,0
3634,140,1
3635,91,1
3636,118,1
3637,65,1
3638,47,1
3639,195,1
3640,84,1
3641,61,1
3642,158,1
3643,109,1
3644,83,1
3645,132,1
3646,57,0
3647,200,0
3648,113,1
3649,40,1
3650,63,1
3651,143,1
3652,178,1
3653,64,1
3654,97,1
3655,171,1
3656,87,1
3657,97,1
3658,107,1
3659,89,1
3660,31,1
3661,51,1
3662,87,1
3663,199,1
3664,82,1
3665,54,1
3666,63,1
3667,59,1
3668,75,1
3669,94,1
3670,26,1
3671,81,1
3672,74,1
3673,87,1
3674,74,1
3675,121,1
3676,105,1
3677,36,1
3678,122,1
3679,92,1
3680,73,1
3681,73,1
3682,70,1
3683,70,1
3684,45,1
3685,175,1
3686,100,1
3687,98,1
3688,200,0
3689,44,1
3690,52,1
3691,170,1
3692,33,1
3693,200,0
3694,135,1
3695,66,1
3696,80,1
3697,98,1
3698,64,1
3699,60,1
3700,155,1
3701,126,1
3702,172,1
3703,112,1
3704,64,1
3705,69,1
3706,81,1
3707,65,1
3708,113,1
3709,90,1
3710,51,0
3711,79,1
3712,52,0
3713,51,1
3714,47,1
3715,67,1
3716,32,1
3717,76,1
3718,97,1
3719,138,1
3720,174,1
3721,38,0
3722,40,1
3723,92,1
3724,78,1
3725,55,1
3726,60,1
3727,110,1
3728,135,1
3729,71,1
3730,14,0
3731,188,1
3732,69,1
3733,42,1
3734,31,1
3735,103,1
3736,55,1
3737,91,1
3738,77,1
3739,81,1
3740,128,1
3741,148,1
3742,56,1
3743,52,1
3744,58,1
3745,110,1
3746,107,1
3747,104,1
3748,79,1
3749,112,1
3750,75,1
3751,155,1
3752,63,1
3753,96,1
3754,86,1
3755,38,1
3756,71,1
3757,78,1
3758,200,0
3759,38,1
3760,112,1
3761,76,1
3762,75,1
3763,99,1
3764,121,1
3765,71,1
3766,80,1
3767,136,1
3768,116,1
3769,94,0
3770,41,1
3771,31,1
3772,44,1
3773,64,1
3774,43,1
3775,160,1
3776,83,1
3777,178,1
3778,52,1
3779,169,1
3780,68,1
3781,39,1
3782,62,1
3783,136,1
3784,38,0
3785,122,1
3786,68,1
3787,136,1
3788,200,0
3789,77,1
3790,82,1
3791,69,1
3792,116,1
3793,137,1
3794,82,1
3795,64,1
3796,75,1
3797,57,1
3798,103,1
3799,49,1
3800,50,1
3801,112,1
3802,38,1
3803,88,1
3804,108,1
3805,49,1
3806,50,1
3807,74,1
3808,87,1
3809,71,1
3810,114,1
3811,56,1
3812,68,0
3813,75,1
3814,93,1
3815,42,1
3816,152,1
3817,58,0
3818,58,1
3819,109,1
3820,21,1
3821,143,1
3822,63,1
3823,38,1
3824,77,1
3825,70,1
3826,67,1
3827,111,1
3828,38,1
3829,183,1
3830,118,1
3831,32,1
3832,24,1
3833,200,0
3834,122,1
3835,54,1
3836,47,1
3837,200,0
3838,58,1
3839,199,1
3840,129,1
3841,200,0
3842,43,1
3843,59,1
3844,75,1
3845,71,1
3846,169,1
3847,61,1
3848,71,1
3849,65,1
3850,149,1
3851,48,1
3852,83,1
3853,47,1
3854,200,0
3855,127,1
3856,149,1
3857,166,1
3858,56,1
3859,39,1
3860,117,1
3861,49,1
3862,200,0
3863,43,1
3864,40,1
3865,150,1
3866,114,1
3867,53,1
3868,72,1
3869,200,0
3870,111,1
3871,70,1
3872,177,1
3873,66,1
3874,46,1
3875,69,1
3876,35,1
3877,121,1
3878,71,1
3879,100,1
3880,60,1
3881,111,1
3882,136,1
3883,69,1
3884,156,1
3885,62,1
3886,52,0
3887,102,1
3888,43,1
3889,61,1
3890,58,1
3891,139,1
3892,80,1
3893,43,1
3894,148,1
3895,48,1
3896,128,1
3897,57,1
3898,81,1
3899,65,1
3900,131,1
3901,97,1
3902,78,1
3903,104,1
3904,105,1
3905,180,1
3906,200,0
3907,16,0
3908,43,0
3909,87,1
3910,46,1
3911,200,0
3912,46,1
3913,91,1
3914,102,1
3915,74,1
3916,150,1
3917,134,1
3918,140,1
3919,58,1
3920,67,1
3921,84,0
3922,92,1
3923,200,0
3924,120,1
3925,139,1
3926,63,1
3927,79,1
3928,188,1
3929,66,1
3930,158,1
3931,55,1
3932,59,1
3933,200,0
3934,117,1
3935,179,0
3936,71,1
3937,49,1
3938,131,1
3939,95,0
3940,66,1
3941,82,1
3942,54,0
3943,45,1
3944,100,1
3945,107,1
3946,124,1
3947,58,0
3948,126,0
3949,200,0
3950,53,1
3951,37,1
3952,38,1
3953,85,1
3954,62,1
3955,29,0
3956,81,1
3957,97,1
3958,36,1
3959,94,1
3960,38,1
3961,200,0
3962,147,1
3963,200,0
3964,126,1
3965,66,0
3966,78,0
3967,96,1
3968,91,1
3969,67,1
3970,88,1
3971,134,1
3972,175,1
3973,35,1
3974,44,1
3975,135,1
3976,99,1
3977,78,1
3978,111,1
3979,34,1
3980,96,1
3981,69,1
3982,60,1
3983,137,1
3984,55,1
3985,57,1
3986,67,1
3987,29,1
3988,47,1
3989,67,0
3990,123,1
3991,72,1
3992,71,1
3993,142,1
3994,104,1
3995,200,0
3996,81,1
3997,86,1
3998,94,1
3999,94,1
4000,146,1
4001,52,1
4002,56,1
4003,61,1
4004,121,1
4005,48,1
4006,62,1
4007,200,0
4008,56,1
4009,108,1
4010,82,1
4011,33,0
4012,88,1
4013,52,1
4014,36,1
4015,142,1
4016,200,0
4017,90,1
4018,108,1
4019,200,0
4020,101,1
4021,96,1
4022,95,1
4023,200,0
4024,177,1
4025,48,1
4026,67,1
4027,71,1
4028,69,0
4029,153,1
4030,95,1
4031,53,1
4032,90,1
4033,23,1
4034,37,1
4035,200,0
4036,112,1
4037,105,1
4038,136,1
4039,179,1
4040,44,1
4041,101,1
4042,93,1
4043,21,1
4044,165,1
4045,53,1
4046,111,1
4047,112,1
4048,40,1
4049,70,1
4050,125,1
4051,139,1
4052,177,1
4053,97,1
4054,111,1
4055,94,1
4056,200,0
4057,95,1
4058,113,1
4059,160,1
4060,81,1
4061,147,1
4062,88,1
4063,56,1
4064,200,0
4065,31,1
4066,155,1
4067,59,1
4068,114,1
4069,77,1
4070,77,1
4071,53,1
4072,75,1
4073,121,1
4074,102,1
4075,145,1
4076,36,1
4077,44,0
4078,45,1
4079,88,1
4080,77,1
4081,99,1
4082,57,1
4083,200,0
4084,140,1
4085,93,1
4086,113,1
4087,64,1
4088,70,1
4089,150,1
4090,52,1
4091,88,1
4092,106,1
4093,50,1
4094,161,1
4095,154,1
4096,53,1
4097,139,1
4098,57,1
4099,129,1
4100,61,1
4101,59,1
4102,83,1
4103,200,0
4104,95,1
4105,123,1
4106,53,1
4107,104,1
4108,46,1
4109,131,1
4110,41,1
4111,121,1
4112,190,1
4113,75,1
4114,78,1
4115,55,1
4116,41,1
4117,71,0
4118,97,1
4119,39,1
4120,120,1
4121,50,1
4122,166,1
4123,61,1
4124,43,1
4125,151,1
4126,78,1
4127,79,1
4128,77,1
4129,70,1
4130,139,1
4131,28,0
4132,130,1
4133,128,1
4134,200,0
4135,200,0
4136,82,1
4137,20,0
4138,72,1
4139,45,1
4140,131,1
4141,37,1
4142,182,1
4143,39,0
4144,27,1
4145,41,1
4146,72,1
4147,69,1
4148,102,1
4149,200,0
4150,109,1
4151,116,1
4152,78,1
4153,118,1
4154,35,1
4155,90,1
4156,104,1
4157,113,1
4158,26,0
4159,111,1
4160,95,1
4161,130,1
4162,87,1
4163,78,1
4164,41,1
4165,82,1
4166,76,1
4167,59,1
4168,127,1
4169,44,1
4170,141,1
4171,82,1
4172,54,1
4173,62,1
4174,104,1
4175,200,0
4176,200,0
4177,142,1
4178,130,1
4179,139,1
4180,200,0
4181,38,1
4182,123,1
4183,62,1
4184,149,1
4185,148,1
4186,99,1
4187,52,1
4188,200,0
4189,45,0
4190,126,0
4191,111,1
4192,44,1
4193,84,1
4194,47,1
4195,132,1
4196,72,1
4197,168,1
4198,70,1
4199,93,1
4200,74,1
4201,33,1
4202,78,1
4203,108,1
4204,108,1
4205,88,1
4206,200,0
4207,173,1
4208,148,1
4209,83,1
4210,83,1
4211,131,1
4212,200,0
4213,108,1
4214,200,0
4215,96,1
4216,84,1
4217,59,1
4218,43,1
4219,152,1
4220,123,0
4221,58,1
4222,200,0
4223,60,1
4224,98,1
4225,109,1
4226,56,1
4227,55,1
4228,118,1
4229,146,1
4230,107,1
4231,90,1
4232,200,0
4233,35,1
4234,55,1
4235,100,0
4236,113,1
4237,137,1
4238,86,1
4239,53,1
4240,46,1
4241,43,1
4242,163,1
4243,80,1
4244,135,1
4245,137,1
4246,168,1
4247,52,1
4248,121,1
4249,50,1
4250,75,1
4251,179,1
4252,111,1
4253,200,0
4254,28,0
4255,94,1
4256,87,1
4257,27,1
4258,60,1
4259,92,1
4260,182,1
4261,45,1
4262,152,1
4263,133,1
4264,57,1
4265,83,1
4266,82,1
4267,38,1
4268,77,1
4269,163,1
4270,131,1
4271,100,1
4272,146,1
4273,98,1
4274,33,1
4275,200,0
4276,85,1
4277,154,1
4278,86,0
4279,56,1
4280,42,1
4281,49,0
4282,100,1
4283,84,1
4284,49,1
4285,49,1
4286,48,1
4287,58,1
4288,71,1
4289,94,1
4290,52,1
4291,113,1
4292,200,0
4293,99,1
4294,40,1
4295,134,1
4296,63,1
4297,200,0
4298,64,1
4299,62,1
4300,42,1
4301,87,1
4302,23,0
4303,95,1
4304,101,1
4305,39,1
4306,200,0
4307,35,1
4308,155,1
4309,91,1
4310,76,1
4311,31,1
4312,68,1
4313,133,1
4314,49,1
4315,200,0
4316,90,1
4317,59,1
4318,169,1
4319,66,1
4320,78,1
4321,163,1
4322,76,1
4323,120,0
4324,26,0
4325,127,1
4326,92,1
4327,83,1
4328,111,1
4329,47,1
4330,51,1
4331,66,1
4332,31,1
4333,80,1
4334,200,0
4335,99,1
4336,77,1
4337,103,1
4338,98,1
4339,111,1
4340,84,1
4341,84,1
4342,92,1
4343,200,0
4344,126,1
4345,26,1
4346,56,1
4347,56,1
4348,144,1
4349,31,1
4350,56,1
4351,35,1
4352,118,1
4353,171,1
4354,183,1
4355,64,1
4356,176,1
4357,87,1
4358,52,1
4359,36,1
4360,39,1
4361,97,1
4362,46,1
4363,44,1
4364,54,1
4365,24,1
4366,83,1
4367,131,1
4368,72,1
4369,116,1
4370,67,1
4371,43,1
4372,167,1
4373,92,1
4374,99,1
4375,142,1
4376,50,1
4377,191,1
4378,200,0
4379,26,1
4380,105,1
4381,179,1
4382,129,1
4383,68,1
4384,112,1
4385,179,1
4386,24,1
4387,77,1
4388,103,1
4389,109,0
4390,107,1
4391,175,1
4392,75,1
4393,36,1
4394,45,1
4395,48,1
4396,200,0
4397,108,1
4398,60,1
4399,200,0
4400,95,1
4401,119,1
4402,112,1
4403,70,1
4404,72,1
4405,200,0
4406,66,1
4407,69,1
4408,169,1
4409,68,1
4410,47,0
4411,117,1
4412,31,1
4413,30,1
4414,89,1
4415,98,1
4416,26,1
4417,89,1
4418,43,1
4419,109,1
4420,91,1
4421,79,1
4422,36,1
4423,123,1
4424,116,1
4425,131,1
4426,28,1
4427,76,1
4428,88,1
4429,71,1
4430,115,1
4431,138,1
4432,51,1
4433,32,1
4434,89,1
4435,76,1
4436,118,1
4437,74,1
4438,33,1
4439,90,1
4440,100,1
4441,84,1
4442,200,0
4443,46,1
4444,70,1
4445,67,1
4446,200,0
4447,71,1
4448,62,1
4449,73,1
4450,83,1
4451,200,0
4452,44,1
4453,59,1
4454,84,1
4455,142,1
4456,54,1
4457,43,1
4458,159,1
4459,129,1
4460,86,1
4461,138,1
4462,83,1
4463,96,1
4464,95,1
4465,112,1
4466,53,1
4467,93,1
4468,108,1
4469,117,1
4470,117,1
4471,200,0
4472,178,1
4473,80,1
4474,98,1
4475,43,1
4476,200,0
4477,27,0
4478,67,1
4479,200,0
4480,43,1
4481,61,1
4482,42,1
4483,68,0
4484,81,1
4485,142,1
4486,44,1
4487,53,0
4488,52,1
4489,36,1
4490,164,1
4491,67,1
4492,200,0
4493,58,1
4494,117,1
4495,34,1
4496,43,0
4497,67,1
4498,158,1
4499,35,1
4500,79,1
4501,53,1
4502,176,1
4503,108,1
4504,200,0
4505,37,1
4506,103,1
4507,58,1
4508,88,1
4509,100,1
4510,83,1
4511,74,1
4512,29,1
4513,105,1
4514,50,1
4515,52,1
4516,172,1
4517,54,1
4518,200,0
4519,66,1
4520,166,1
4521,39,1
4522,177,1
4523,76,1
4524,104,1
4525,200,0
4526,122,0
4527,85,1
4528,74,1
4529,83,1
4530,169,1
4531,39,1
4532,137,1
4533,164,1
4534,55,1
4535,97,1
4536,135,0
4537,59,1
4538,137,1
4539,104,1
4540,69,1
4541,114,1
4542,129,1
4543,92,1
4544,59,1
4545,53,1
4546,96,1
4547,61,1
4548,200,0
4549,110,1
4550,102,1
4551,72,1
4552,128,1
4553,25,1
4554,41,1
4555,69,1
4556,42,1
4557,32,1
4558,71,1
4559,55,1
4560,77,1
4561,92,1
4562,72,1
4563,72,1
4564,189,1
4565,128,1
4566,88,1
4567,200,0
4568,29,1
4569,85,1
4570,73,1
4571,68,1
4572,45,1
4573,105,1
4574,99,1
4575,200,0
4576,60,0
4577,104,0
4578,90,1
4579,200,0
4580,190,1
4581,125,1
4582,61,1
4583,70,1
4584,92,1
4585,128,1
4586,109,1
4587,41,1
4588,132,1
4589,55,1
4590,136,1
4591,70,1
4592,86,1
4593,97,1
4594,33,0
4595,98,1
4596,109,1
4597,56,1
4598,147,1
4599,64,1
4600,80,1
4601,174,1
4602,58,1
4603,73,1
4604,33,1
4605,106,1
4606,38,1
4607,80,1
4608,101,1
4609,200,0
4610,46,1
4611,56,1
4612,33,1
4613,21,0
4614,136,1
4615,65,1
4616,154,1
4617,163,1
4618,69,1
4619,37,1
4620,81,1
4621,54,1
4622,118,1
4623,80,1
4624,104,1
4625,95,1
4626,52,1
4627,36,1
4628,62,1
4629,19,0
4630,64,1
4631,106,1
4632,30,1
4633,55,1
4634,123,1
4635,85,1
4636,87,1
4637,76,1
4638,46,1
4639,113,1
4640,65,1
4641,80,1
4642,57,1
4643,73,1
4644,87,1
4645,142,0
4646,88,1
4647,58,1
4648,64,1
4649,91,1
4650,86,1
4651,200,0
4652,120,0
4653,142,1
4654,170,1
4655,52,1
4656,69,1
4657,63,1
4658,37,1
4659,36,1
4660,44,1
4661,111,1
4662,148,1
4663,151,1
4664,63,1
4665,76,1
4666,105,1
4667,111,1
4668,76,1
4669,133,1
4670,25,1
4671,18,1
4672,140,1
4673,56,0
4674,61,1
4675,72,1
4676,88,1
4677,161,1
4678,156,1
4679,39,1
4680,103,1
4681,39,1
4682,54,0
4683,72,1
4684,174,1
4685,107,1
4686,24,1
4687,72,1
4688,75,1
4689,63,1
4690,60,1
4691,61,1
4692,161,1
4693,70,1
4694,75,1
4695,72,1
4696,55,1
4697,59,1
4698,38,1
4699,80,1
4700,39,1
4701,102,1
4702,62,1
4703,147,1
4704,126,1
4705,67,1
4706,194,1
4707,47,1
4708,71,1
4709,108,1
4710,131,1
4711,73,1
4712,94,1
4713,93,1
4714,34,1
4715,41,1
4716,63,1
4717,64,1
4718,101,1
4719,89,1
4720,109,1
4721,57,1
4722,52,1
4723,80,1
4724,193,1
4725,31,1
4726,200,0
4727,106,1
4728,44,1
4729,52,1
4730,59,1
4731,64,1
4732,40,1
4733,58,1
4734,101,1
4735,95,1
4736,53,1
4737,70,1
4738,129,1
4739,48,1
4740,86,1
4741,130,1
4742,34,1
4743,72,1
4744,32,1
4745,25,1
4746,36,1
4747,82,1
4748,105,1
4749,40,1
4750,105,1
4751,52,1
4752,101,1
4753,29,1
4754,128,1
4755,185,1
4756,146,1
4757,36,1
4758,62,1
4759,106,1
4760,90,1
4761,30,1
4762,133,1
4763,114,1
4764,90,1
4765,28,0
4766,60,1
4767,142,1
4768,62,1
4769,37,1
4770,45,1
4771,74,1
4772,47,1
4773,163,1
4774,47,1
4775,57,1
4776,61,1
4777,118,1
4778,107,1
4779,39,1
4780,80,1
4781,30,1
4782,59,1
4783,94,1
4784,95,1
4785,193,1
4786,74,1
4787,200,0
4788,32,0
4789,128,1
4790,87,1
4791,200,0
4792,145,1
4793,146,1
4794,196,1
4795,43,1
4796,41,1
4797,109,1
4798,33,0
4799,86,1
4800,125,0
4801,32,0
4802,200,0
4803,63,1
4804,114,1
4805,62,1
4806,65,1
4807,43,1
4808,200,0
4809,51,1
4810,101,1
4811,47,0
4812,119,1
4813,46,1
4814,69,1
4815,58,1
4816,49,1
4817,42,1
4818,114,1
4819,147,1
4820,56,1
4821,131,1
4822,87,0
4823,52,1
4824,22,0
4825,117,1
4826,40,1
4827,91,1
4828,81,1
4829,101,1
4830,81,1
4831,94,1
4832,134,1
4833,90,1
4834,109,0
4835,200,0
4836,105,1
4837,69,1
4838,159,1
4839,61,1
4840,53,1
4841,112,1
4842,118,1
4843,200,0
4844,55,1
4845,199,1
4846,63,1
4847,73,1
4848,110,1
4849,67,1
4850,68,1
4851,81,1
4852,195,1
4853,78,1
4854,55,1
4855,44,1
4856,66,1
4857,47,1
4858,20,1
4859,69,1
4860,146,1
4861,182,1
4862,65,1
4863,64,1
4864,43,1
4865,189,1
4866,53,1
4867,47,1
4868,200,0
4869,70,1
4870,133,1
4871,32,1
4872,149,1
4873,103,1
4874,129,1
4875,28,1
4876,98,1
4877,66,1
4878,38,1
4879,172,1
4880,92,1
4881,200,0
4882,48,1
4883,71,1
4884,75,1
4885,70,1
4886,48,1
4887,35,1
4888,96,1
4889,57,1
4890,149,1
4891,45,1
4892,83,1
4893,67,1
4894,144,1
4895,107,1
4896,108,1
4897,63,1
4898,162,1
4899,200,0
4900,165,1
4901,34,1
4902,91,1
4903,93,1
4904,47,1
4905,47,1
4906,82,1
4907,57,1
4908,44,1
4909,67,1
4910,70,1
4911,103,1
4912,160,1
4913,200,0
4914,60,1
4915,79,1
4916,52,1
4917,57,1
4918,171,1
4919,46,1
4920,51,1
4921,109,1
4922,109,1
4923,200,0
4924,68,1
4925,86,1
4926,122,1
4927,76,1
4928,92,1
4929,67,1
4930,200,0
4931,46,1
4932,43,1
4933,47,1
4934,16,0
4935,31,1
4936,34,0
4937,55,1
4938,36,0
4939,95,1
4940,170,1
4941,126,1
4942,77,1
4943,200,0
4944,63,1
4945,108,1
4946,52,0
4947,88,1
4948,157,1
4949,54,1
4950,71,1
4951,92,1
4952,131,1
4953,80,1
4954,52,1
4955,70,1
4956,99,1
4957,54,1
4958,15,0
4959,77,1
4960,57,1
4961,165,1
4962,71,1
4963,156,1
4964,97,1
4965,56,1
4966,38,1
4967,84,1
4968,167,1
4969,54,1
4970,55,1
4971,84,1
4972,42,1
4973,57,1
4974,173,1
4975,113,1
4976,83,1
4977,59,1
4978,40,1
4979,64,1
4980,144,1
4981,46,1
4982,116,1
4983,85,1
4984,78,1
4985,64,1
4986,98,1
4987,111,1
4988,179,1
4989,66,1
4990,83,1
4991,199,1
4992,85,1
4993,200,0
4994,91,1
4995,47,1
4996,52,1
4997,48,1
4998,103,1
4999,140,1
5000,138,1
5001,181,1
5002,24,1
5003,142,1
5004,74,1
5005,20,1
5006,200,0
5007,62,1
5008,200,0
5009,200,0
5010,148,1
5011,123,1
5012,55,0
5013,200,0
5014,102,1
5015,84,1
5016,76,1
5017,99,1
5018,79,1
5019,28,1
5020,38,1
5021,39,1
5022,200,0
5023,36,1
5024,34,1
5025,176,1
5026,71,1
5027,41,1
5028,121,1
5029,80,1
5030,101,1
5031,167,1
5032,181,1
5033,169,1
5034,32,0
5035,55,1
5036,33,1
5037,130,1
5038,91,1
5039,48,1
5040,43,1
5041,95,1
5042,82,1
5043,52,1
5044,80,1
5045,42,1
5046,177,1
5047,200,0
5048,47,1
5049,107,1
5050,37,1
5051,200,0
5052,57,1
5053,200,0
5054,53,1
5055,43,1
5056,76,1
5057,200,0
5058,51,1
5059,194,1
5060,200,0
5061,104,1
5062,113,1
5063,92,1
5064,107,1
5065,69,1
5066,63,1
5067,148,1
5068,126,1
5069,200,0
5070,200,0
5071,80,1
5072,90,1
5073,200,0
5074,30,1
5075,51,1
5076,52,0
5077,101,1
5078,200,0
5079,64,1
5080,47,1
5081,92,1
5082,180,1
5083,92,1
5084,49,1
5085,89,1
5086,77,1
5087,37,1
5088,143,1
5089,126,1
5090,110,1
5091,166,1
5092,62,1
5093,46,0
5094,27,0
5095,69,1
5096,44,1
5097,76,1
5098,30,1
5099,66,1
5100,42,1
5101,35,1
5102,73,1
5103,50,1
5104,66,1
5105,200,0
5106,200,0
5107,55,1
5108,66,1
5109,76,1
5110,85,1
5111,80,1
5112,200,0
5113,45,1
5114,177,1
5115,94,1
5116,107,1
5117,52,1
5118,95,1
5119,39,1
5120,200,0
5121,134,1
5122,147,1
5123,164,1
5124,200,0
5125,137,1
5126,73,1
5127,142,1
5128,75,1
5129,38,1
5130,56,1
5131,76,1
5132,112,1
5133,181,1
5134,158,1
5135,63,1
5136,73,1
5137,159,1
5138,120,1
5139,200,0
5140,74,1
5141,98,1
5142,91,1
5143,45,1
5144,68,1
5145,58,1
5146,54,1
5147,41,1
5148,41,1
5149,169,1
5150,141,1
5151,118,1
5152,136,1
5153,51,1
5154,74,1
5155,41,1
5156,172,1
5157,47,1
5158,57,1
5159,36,1
5160,168,1
5161,130,1
5162,91,1
5163,83,1
5164,61,1
5165,56,1
5166,200,0
5167,57,0
5168,89,1
5169,107,1
5170,86,1
5171,107,1
5172,60,1
5173,75,1
5174,115,1
5175,99,1
5176,84,1
5177,70,1
5178,51,1
5179,30,1
5180,25,1
5181,172,1
5182,42,1
5183,139,1
5184,73,1
5185,50,1
5186,156,1
5187,61,1
5188,24,1
5189,36,1
5190,91,1
5191,62,1
5192,40,1
5193,61,1
5194,46,1
5195,28,0
5196,36,1
5197,84,1
5198,85,1
5199,104,1
5200,200,0
5201,49,1
5202,64,1
5203,93,1
5204,65,1
5205,64,1
5206,176,1
5207,130,1
5208,101,1
5209,121,1
5210,128,1
5211,85,1
5212,72,1
5213,60,1
5214,51,1
5215,65,1
5216,82,1
5217,87,1
5218,66,1
5219,70,1
5220,92,1
5221,51,1
5222,48,1
5223,45,1
5224,179,1
5225,81,1
5226,52,1
5227,200,0
5228,200,0
5229,48,1
5230,66,1
5231,100,0
5232,109,1
5233,102,1
5234,52,1
5235,168,1
5236,83,1
5237,69,1
5238,64,1
5239,72,1
5240,50,1
5241,163,1
5242,73,1
5243,172,1
5244,55,1
5245,158,1
5246,109,1
5247,62,1
5248,107,1
5249,80,1
5250,34,1
5251,48,1
5252,46,1
5253,106,1
5254,108,1
5255,122,1
5256,200,0
5257,55,1
5258,75,1
5259,89,1
5260,73,1
5261,72,1
5262,31,0
5263,55,1
5264,80,1
5265,158,1
5266,96,1
5267,60,0
5268,115,1
5269,149,1
5270,200,0
5271,62,1
5272,89,1
5273,51,1
5274,84,1
5275,28,0
5276,41,1
5277,31,0
5278,52,1
5279,200,0
5280,76,1
5281,44,1
5282,47,1
5283,66,1
5284,86,1
5285,68,1
5286,84,1
5287,199,1
5288,140,0
5289,63,0
5290,37,1
5291,45,1
5292,76,1
5293,92,1
5294,45,1
5295,57,1
5296,108,1
5297,97,1
5298,139,1
5299,98,1
5300,122,1
5301,28,1
5302,24,0
5303,102,1
5304,52,1
5305,77,1
5306,70,1
5307,38,1
5308,65,1
5309,64,0
5310,145,1
5311,110,1
5312,38,1
5313,33,0
5314,100,0
5315,60,1
5316,177,1
5317,76,1
5318,183,1
5319,36,1
5320,24,0
5321,140,1
5322,181,1
5323,59,1
5324,47,1
5325,90,1
5326,126,1
5327,45,1
5328,85,1
5329,25,1
5330,160,1
5331,120,1
5332,72,1
5333,188,1
5334,197,1
5335,142,1
5336,89,1
5337,90,1
5338,58,1
5339,177,1
5340,89,1
5341,58,1
5342,62,1
5343,47,1
5344,80,0
5345,144,1
5346,148,1
5347,37,0
5348,92,1
5349,83,1
5350,136,1
5351,78,1
5352,200,0
5353,32,1
5354,118,1
5355,42,1
5356,63,1
5357,82,1
5358,41,0
5359,30,1
5360,44,1
5361,40,1
5362,74,1
5363,31,1
5364,71,1
5365,50,1
5366,69,1
5367,129,1
5368,81,1
5369,118,1
5370,87,1
5371,115,1
5372,89,1
5373,41,1
5374,62,1
5375,44,1
5376,62,1
5377,31,1
5378,68,1
5379,66,1
5380,158,1
5381,73,1
5382,98,1
5383,107,1
5384,82,1
5385,122,1
5386,85,1
5387,158,1
5388,77,1
5389,117,1
5390,37,1
5391,127,1
5392,42,1
5393,31,1
5394,43,1
5395,35,1
5396,200,0
5397,90,1
5398,75,1
5399,48,1
5400,69,1
5401,43,1
5402,38,1
5403,156,1
5404,68,1
5405,187,1
5406,93,1
5407,56,1
5408,99,1
5409,132,0
5410,120,1
5411,200,0
5412,37,0
5413,200,0
5414,88,1
5415,200,0
5416,70,1
5417,60,1
5418,33,1
5419,137,1
5420,73,1
5421,129,1
5422,111,1
5423,61,1
5424,51,1
5425,63,1
5426,59,1
5427,53,1
5428,64,1
5429,49,1
5430,89,1
5431,84,1
5432,31,1
5433,112,1
5434,135,1
5435,47,1
5436,124,1
5437,36,1
5438,62,1
5439,150,1
5440,114,1
5441,64,1
5442,130,1
5443,83,1
5444,44,1
5445,46,1
5446,61,1
5447,81,1
5448,148,1
5449,142,1
5450,59,1
5451,76,1
5452,84,1
5453,105,1
5454,200,0
5455,150,1
5456,97,1
5457,74,1
5458,82,1
5459,179,1
5460,74,1
5461,87,1
5462,93,1
5463,121,1
5464,129,1
5465,51,1
5466,66,1
5467,78,1
5468,57,1
5469,120,1
5470,200,0
5471,52,1
5472,102,1
5473,80,1
5474,137,1
5475,70,1
5476,154,1
5477,40,1
5478,159,1
5479,200,0
5480,87,1
5481,39,1
5482,181,1
5483,24,1
5484,77,1
5485,117,1
5486,62,1
5487,48,1
5488,108,1
5489,62,1
5490,139,1
5491,138,1
5492,138,1
5493,94,1
5494,79,1
5495,188,1
5496,68,1
5497,200,0
5498,85,1
5499,94,1
5500,133,1
5501,28,1
5502,50,1
5503,85,1
5504,50,1
5505,200,0
5506,147,1
5507,164,1
5508,29,0
5509,58,1
5510,93,1
5511,49,1
5512,88,1
5513,25,0
5514,126,1
5515,111,1
5516,71,1
5517,66,1
5518,26,1
5519,111,1
5520,79,1
5521,31,1
5522,109,1
5523,118,1
5524,140,1
5525,180,1
5526,81,1
5527,54,1
5528,66,1
5529,152,1
5530,103,1
5531,32,1
5532,56,1
5533,53,1
5534,179,1
5535,77,0
5536,61,1
5537,130,1
5538,38,1
5539,75,1
5540,66,1
5541,200,0
5542,118,1
5543,56,1
5544,78,0
5545,109,1
5546,119,1
5547,54,1
5548,55,1
5549,200,0
5550,81,1
5551,47,1
5552,114,1
5553,36,0
5554,54,1
5555,27,1
5556,107,1
5557,34,1
5558,34,1
5559,53,1
5560,58,1
5561,51,1
5562,55,1
5563,163,1
5564,157,1
5565,62,1
5566,166,1
5567,93,1
5568,31,1
5569,90,1
5570,69,1
5571,200,0
5572,113,1
5573,68,1
5574,76,1
5575,128,1
5576,143,1
5577,53,1
5578,182,1
5579,93,1
5580,170,1
5581,62,1
5582,82,1
5583,46,1
5584,53,1
5585,200,0
5586,57,1
5587,200,0
5588,110,1
5589,44,0
5590,114,1
5591,47,1
5592,124,1
5593,70,1
5594,69,1
5595,63,1
5596,51,1
5597,79,1
5598,32,1
5599,68,1
5600,82,1
5601,76,1
5602,31,0
5603,69,1
5604,49,1
5605,98,1
5606,102,1
5607,191,1
5608,149,1
5609,68,1
5610,75,1
5611,86,1
5612,69,1
5613,99,1
5614,126,1
5615,69,0
5616,184,1
5617,135,1
5618,80,1
5619,144,1
5620,61,1
5621,164,1
5622,200,0
5623,89,1
5624,75,1
5625,50,1
5626,124,1
5627,195,1
5628,142,1
5629,67,1
5630,47,1
5631,69,0
5632,21,1
5633,92,1
5634,62,1
5635,67,1
5636,72,1
5637,106,1
5638,37,1
5639,40,1
5640,98,1
5641,160,1
5642,53,1
5643,72,1
5644,41,0
5645,75,1
5646,127,1
5647,50,1
5648,78,0
5649,182,1
5650,117,1
5651,191,1
5652,63,0
5653,150,1
5654,200,0
5655,58,1
5656,28,1
5657,37,1
5658,162,1
5659,89,1
5660,70,1
5661,71,1
5662,149,1
5663,89,1
5664,47,1
5665,76,1
5666,112,1
5667,36,1
5668,166,1
5669,173,1
5670,156,1
5671,200,0
5672,61,1
5673,82,1
5674,200,0
5675,115,0
5676,152,0
5677,49,1
5678,71,1
5679,96,1
5680,53,1
5681,64,1
5682,108,1
5683,139,1
5684,139,1
5685,128,1
5686,197,1
5687,43,0
5688,78,1
5689,70,1
5690,160,1
5691,200,0
5692,44,1
5693,139,1
5694,41,1
5695,56,1
5696,105,1
5697,57,1
5698,63,1
5699,96,1
5700,200,0
5701,142,1
5702,104,1
5703,87,1
5704,87,1
5705,181,1
5706,46,1
5707,109,1
5708,106,1
5709,141,1
5710,109,1
5711,44,1
5712,44,1
5713,193,1
5714,116,1
5715,72,1
5716,81,1
5717,60,1
5718,80,1
5719,142,1
5720,59,1
5721,144,1
5722,200,0
5723,188,0
5724,31,1
5725,189,1
5726,141,1
5727,34,1
5728,99,1
5729,79,1
5730,51,0
5731,153,1
5732,144,1
5733,45,0
5734,107,1
5735,31,1
5736,104,1
5737,200,0
5738,77,1
5739,58,1
5740,127,0
5741,179,1
5742,43,1
5743,52,1
5744,147,1
5745,57,1
5746,82,1
5747,57,1
5748,127,1
5749,138,1
5750,70,1
5751,51,1
5752,74,1
5753,72,1
5754,50,1
5755,115,1
5756,74,0
5757,82,1
5758,200,0
5759,38,1
5760,36,0
5761,63,1
5762,83,1
5763,200,0
5764,33,1
5765,50,1
5766,96,1
5767,73,1
5768,74,1
5769,151,1
5770,172,0
5771,200,0
5772,170,1
5773,65,1
5774,74,1
5775,108,1
5776,29,0
5777,44,1
5778,35,1
5779,79,1
5780,45,1
5781,66,1
5782,86,1
5783,159,1
5784,44,1
5785,93,1
5786,115,1
5787,113,1
5788,104,1
5789,81,1
5790,127,1
5791,42,1
5792,111,1
5793,33,1
5794,135,1
5795,47,1
5796,72,1
5797,124,1
5798,158,1
5799,99,1
5800,176,1
5801,27,1
5802,87,1
5803,68,1
5804,70,1
5805,55,1
5806,50,1
5807,159,1
5808,91,1
5809,150,1
5810,107,1
5811,200,0
5812,32,1
5813,36,1
5814,102,1
5815,200,0
5816,45,1
5817,115,1
5818,48,1
5819,89,0
5820,199,1
5821,98,0
5822,157,0
5823,79,1
5824,96,1
5825,143,1
5826,52,1
5827,26,1
5828,46,1
5829,55,1
5830,147,0
5831,39,0
5832,200,0
5833,121,1
5834,193,1
5835,77,1
5836,106,1
5837,94,1
5838,40,1
5839,78,1
5840,76,1
5841,138,1
5842,102,1
5843,59,1
5844,36,0
5845,59,1
5846,93,1
5847,109,1
5848,200,0
5849,23,1
5850,140,1
5851,200,0
5852,170,1
5853,186,1
5854,84,1
5855,89,1
5856,101,1
5857,157,1
5858,172,1
5859,200,0
5860,59,1
5861,45,1
5862,47,1
5863,194,1
5864,71,1
5865,71,1
5866,71,1
5867,48,1
5868,112,1
5869,121,1
5870,67,1
5871,102,1
5872,51,1
5873,170,1
5874,114,1
5875,73,1
5876,50,1
5877,63,1
5878,43,1
5879,68,1
5880,56,1
5881,41,1
5882,154,1
5883,38,1
5884,84,1
5885,132,1
5886,49,1
5887,132,1
5888,113,1
5889,109,1
5890,74,1
5891,154,1
5892,200,0
5893,35,1
5894,59,1
5895,200,0
5896,58,1
5897,40,1
5898,100,1
5899,43,1
5900,101,1
5901,200,0
5902,76,1
5903,24,0
5904,36,1
5905,140,1
5906,178,0
5907,33,1
5908,58,1
5909,200,0
5910,48,1
5911,103,1
5912,65,1
5913,96,1
5914,78,0
5915,57,1
5916,44,1
5917,66,1
5918,106,1
5919,98,1
5920,40,1
5921,120,1
5922,146,1
5923,200,0
5924,121,1
5925,168,1
5926,24,1
5927,108,1
5928,44,0
5929,130,1
5930,194,1
5931,147,1
5932,93,1
5933,60,1
5934,137,1
5935,74,1
5936,124,0
5937,61,1
5938,40,1
5939,112,1
5940,149,1
5941,150,1
5942,151,1
5943,42,1
5944,37,1
5945,200,0
5946,88,1
5947,70,1
5948,32,1
5949,52,1
5950,128,1
5951,200,0
5952,129,0
5953,176,1
5954,52,1
5955,61,1
5956,93,1
5957,67,1
5958,82,1
5959,127,1
5960,45,1
5961,71,1
5962,64,1
5963,31,0
5964,98,1
5965,87,1
5966,62,1
5967,145,1
5968,86,1
5969,107,1
5970,70,1
5971,77,1
5972,68,1
5973,71,1
5974,142,1
5975,31,1
5976,49,1
5977,106,1
5978,131,1
5979,108,0
5980,34,1
5981,157,1
5982,76,1
5983,67,1
5984,94,1
5985,88,1
5986,98,1
5987,128,1
5988,55,0
5989,144,1
5990,72,1
5991,32,1
5992,43,0
5993,50,1
5994,60,1
5995,91,1
5996,138,1
5997,40,1
5998,84,1
5999,87,1
6000,49,1
6001,99,1
6002,64,1
6003,88,1
6004,128,1
6005,200,0
6006,78,1
6007,128,1
6008,158,1
6009,68,1
6010,36,1
6011,144,1
6012,88,1
6013,50,1
6014,41,1
6015,160,1
6016,166,1
6017,153,1
6018,197,1
6019,170,1
6020,200,0
6021,127,1
6022,53,1
6023,80,0
6024,87,1
6025,66,1
6026,74,1
6027,22,0
6028,89,1
6029,92,1
6030,53,1
6031,74,1
6032,27,1
6033,50,1
6034,34,1
6035,51,1
6036,55,1
6037,69,1
6038,66,1
6039,111,1
6040,116,1
6041,55,1
6042,40,1
6043,43,0
6044,61,1
6045,43,1
6046,69,1
6047,177,1
6048,33,1
6049,184,1
6050,98,0
6051,60,1
6052,108,1
6053,107,1
6054,83,1
6055,200,0
6056,98,1
6057,124,1
6058,58,1
6059,32,1
6060,68,1
6061,134,1
6062,71,1
6063,200,0
6064,68,1
6065,44,1
6066,89,1
6067,29,1
6068,68,0
6069,43,1
6070,200,0
6071,43,1
6072,56,1
6073,62,1
6074,66,1
6075,71,1
6076,106,1
6077,52,1
6078,118,1
6079,110,1
6080,115,1
6081,28,1
6082,28,0
6083,46,1
6084,111,1
6085,65,1
6086,165,1
6087,76,1
6088,151,1
6089,64,1
6090,41,1
6091,45,1
6092,49,1
6093,78,1
6094,102,1
6095,75,1
6096,107,1
6097,200,0
6098,71,1
6099,114,1
6100,35,1
6101,127,1
6102,78,1
6103,165,1
6104,140,1
6105,46,1
6106,200,0
6107,180,1
6108,146,1
6109,40,1
6110,131,1
6111,74,1
6112,85,1
6113,35,1
6114,120,1
6115,36,1
6116,144,1
6117,171,1
6118,87,1
6119,74,1
6120,74,1
6121,115,1
6122,62,1
6123,96,1
6124,41,1
6125,116,1
6126,67,1
6127,46,1
6128,50,1
6129,48,0
6130,59,1
6131,200,0
6132,53,1
6133,102,1
6134,32,1
6135,66,1
6136,46,1
6137,29,1
6138,47,1
6139,104,1
6140,49,1
6141,109,1
6142,71,1
6143,63,1
6144,30,1
6145,98,1
6146,80,1
6147,28,1
6148,65,1
6149,41,1
6150,198,1
6151,200,0
6152,69,1
6153,47,1
6154,47,0
6155,163,1
6156,191,1
6157,25,1
6158,46,1
6159,54,1
6160,126,1
6161,101,1
6162,39,1
6163,27,1
6164,30,0
6165,198,1
6166,135,1
6167,155,1
6168,136,1
6169,82,0
6170,100,1
6171,61,1
6172,198,1
6173,59,1
6174,52,1
6175,86,1
6176,47,1
6177,53,1
6178,60,1
6179,70,1
6180,57,1
6181,49,1
6182,43,1
6183,41,1
6184,47,1
6185,37,1
6186,110,1
6187,88,1
6188,59,1
6189,135,1
6190,44,1
6191,66,1
6192,123,1
6193,122,1
6194,109,1
6195,37,0
6196,76,1
6197,88,1
6198,112,1
6199,149,1
6200,70,1
6201,59,1
6202,100,1
6203,71,1
6204,146,1
6205,34,1
6206,30,1
6207,30,1
6208,78,1
6209,100,1
6210,69,1
6211,76,1
6212,114,1
6213,58,1
6214,100,1
6215,135,1
6216,122,1
6217,158,1
6218,63,1
6219,111,1
6220,200,0
6221,113,1
6222,71,1
6223,92,1
6224,105,1
6225,75,1
6226,65,1
6227,133,1
6228,65,1
6229,190,1
6230,50,1
6231,200,0
6232,71,1
6233,58,1
6234,118,1
6235,58,1
6236,57,1
6237,92,1
6238,39,1
6239,39,1
6240,109,1
6241,65,1
6242,122,1
6243,92,1
6244,81,1
6245,70,1
6246,54,1
6247,49,1
6248,143,1
6249,187,1
6250,146,1
6251,149,1
6252,100,1
6253,200,0
6254,164,1
6255,37,1
6256,200,0
6257,26,0
6258,68,1
6259,164,1
6260,83,1
6261,47,1
6262,89,1
6263,112,1
6264,89,1
6265,66,1
6266,50,0
6267,174,1
6268,100,1
6269,76,1
6270,49,1
6271,59,1
6272,33,1
6273,137,1
6274,59,1
6275,140,0
6276,62,1
6277,129,1
6278,48,1
6279,67,1
6280,24,1
6281,70,1
6282,200,0
6283,140,1
6284,113,1
6285,81,1
6286,40,1
6287,30,1
6288,177,1
6289,105,1
6290,73,1
6291,84,1
6292,102,1
6293,200,0
6294,149,1
6295,83,1
6296,50,0
6297,119,1
6298,48,1
6299,170,1
6300,62,1
6301,95,1
6302,88,1
6303,147,1
6304,136,0
6305,37,1
6306,65,1
6307,143,1
6308,195,1
6309,81,1
6310,62,0
6311,104,1
6312,35,1
6313,161,1
6314,144,1
6315,106,1
6316,191,1
6317,133,1
6318,177,1
6319,102,1
6320,85,1
6321,73,1
6322,119,1
6323,58,1
6324,121,1
6325,69,1
6326,200,0
6327,67,1
6328,153,1
6329,137,1
6330,96,1
6331,93,1
6332,66,1
6333,31,1
6334,127,1
6335,200,0
6336,88,1
6337,108,1
6338,63,1
6339,104,1
6340,145,1
6341,37,1
6342,134,1
6343,122,1
6344,46,1
6345,83,1
6346,56,1
6347,200,0
6348,200,0
6349,157,1
6350,157,1
6351,86,1
6352,110,1
6353,55,1
6354,76,1
6355,100,1
6356,37,1
6357,31,1
6358,150,1
6359,55,0
6360,168,0
6361,68,1
6362,134,1
6363,62,1
6364,104,1
6365,46,0
6366,90,1
6367,41,1
6368,55,1
6369,32,1
6370,81,1
6371,111,1
6372,49,1
6373,112,1
6374,67,1
6375,84,1
6376,83,1
6377,52,1
6378,67,1
6379,55,1
6380,47,1
6381,59,1
6382,31,1
6383,82,1
6384,115,1
6385,150,1
6386,126,1
6387,106,1
6388,200,0
6389,160,1
6390,32,1
6391,35,1
6392,176,1
6393,160,1
6394,64,1
6395,40,1
6396,43,0
6397,52,1
6398,45,1
6399,101,1
6400,99,1
6401,48,1
6402,75,1
6403,116,1
6404,111,1
6405,43,1
6406,82,1
6407,95,1
6408,146,1
6409,104,1
6410,92,1
6411,142,1
6412,96,1
6413,46,1
6414,98,1
6415,94,1
6416,25,1
6417,54,1
6418,39,1
6419,55,1
6420,154,1
6421,63,1
6422,40,1
6423,159,1
6424,110,1
6425,95,1
6426,131,1
6427,138,1
6428,97,1
6429,200,0
6430,200,0
6431,85,1
6432,32,1
6433,58,1
6434,97,1
6435,66,1
6436,52,1
6437,24,1
6438,21,1
6439,44,1
6440,66,1
6441,110,1
6442,74,1
6443,197,1
6444,87,1
6445,46,1
6446,47,1
6447,51,1
6448,147,1
6449,26,0
6450,69,1
6451,118,1
6452,200,0
6453,57,1
6454,159,1
6455,146,1
6456,92,1
6457,39,0
6458,80,1
6459,69,1
6460,31,1
6461,87,1
6462,137,1
6463,200,0
6464,132,1
6465,84,1
6466,45,1
6467,95,1
6468,145,1
6469,113,1
6470,71,1
6471,200,0
6472,91,1
6473,56,1
6474,44,1
6475,112,1
6476,87,1
6477,143,1
6478,200,0
6479,200,0
6480,80,1
6481,90,1
6482,64,1
6483,83,1
6484,72,1
6485,117,1
6486,118,1
6487,46,1
6488,101,1
6489,45,0
6490,200,0
6491,108,1
6492,58,1
6493,74,1
6494,200,0
6495,44,1
6496,89,1
6497,111,1
6498,37,1
6499,118,1
6500,53,1
6501,74,1
6502,153,1
6503,200,0
6504,132,1
6505,159,1
6506,145,1
6507,44,1
6508,38,1
6509,180,1
6510,200,0
6511,41,1
6512,171,1
6513,114,1
6514,89,1
6515,83,1
6516,80,1
6517,35,1
6518,67,1
6519,37,1
6520,197,1
6521,156,1
6522,150,1
6523,31,0
6524,87,1
6525,36,0
6526,38,1
6527,166,1
6528,79,1
6529,200,0
6530,95,1
6531,67,1
6532,80,1
6533,43,1
6534,99,1
6535,72,1
6536,200,0
6537,101,1
6538,55,1
6539,33,1
6540,40,1
6541,69,1
6542,116,1
6543,45,1
6544,18,0
6545,155,1
6546,200,0
6547,123,1
6548,52,1
6549,44,1
6550,24,1
6551,138,1
6552,148,1
6553,69,1
6554,108,1
6555,168,1
6556,55,1
6557,58,1
6558,49,1
6559,86,1
6560,120,1
6561,200,0
6562,59,1
6563,75,1
6564,66,1
6565,142,1
6566,130,1
6567,42,1
6568,71,1
6569,36,1
6570,129,1
6571,85,1
6572,52,1
6573,42,1
6574,55,1
6575,43,1
6576,48,0
6577,26,1
6578,63,1
6579,42,1
6580,26,1
6581,100,1
6582,68,1
6583,26,1
6584,52,1
6585,50,1
6586,89,1
6587,150,1
6588,119,0
6589,48,1
6590,142,1
6591,47,1
6592,85,1
6593,51,1
6594,63,1
6595,94,1
6596,69,1
6597,66,1
6598,60,1
6599,72,1
6600,88,1
6601,101,1
6602,179,1
6603,83,1
6604,61,1
6605,100,1
6606,136,1
6607,69,1
6608,72,1
6609,29,1
6610,45,1
6611,116,1
6612,43,1
6613,99,1
6614,80,1
6615,73,1
6616,48,1
6617,58,1
6618,85,1
6619,108,1
6620,178,1
6621,83,1
6622,45,1
6623,186,1
6624,89,1
6625,103,1
6626,135,1
6627,94,1
6628,54,1
6629,103,1
6630,67,1
6631,46,1
6632,163,1
6633,57,1
6634,60,1
6635,45,1
6636,93,1
6637,90,1
6638,118,1
6639,84,1
6640,29,1
6641,42,0
6642,109,1
6643,94,1
6644,181,1
6645,71,1
6646,76,1
6647,91,1
6648,58,1
6649,71,1
6650,29,1
6651,105,1
6652,69,1
6653,96,1
6654,189,1
6655,45,1
6656,150,1
6657,122,1
6658,146,1
6659,43,1
6660,86,1
6661,72,1
6662,200,0
6663,90,1
6664,72,1
6665,112,1
6666,52,1
6667,59,1
6668,47,1
6669,66,1
6670,59,1
6671,87,1
6672,37,1
6673,41,1
6674,142,1
6675,61,1
6676,94,1
6677,107,1
6678,106,1
6679,200,1
6680,73,1
6681,74,1
6682,63,1
6683,121,1
6684,165,1
6685,55,1
6686,50,1
6687,113,1
6688,64,1
6689,49,1
6690,44,1
6691,105,1
6692,83,1
6693,66,1
6694,60,1
6695,200,0
6696,49,1
6697,67,1
6698,102,1
6699,58,1
6700,41,1
6701,200,0
6702,80,1
6703,72,1
6704,47,1
6705,44,1
6706,200,0
6707,200,0
6708,92,1
6709,51,1
6710,95,1
6711,25,1
6712,54,1
6713,119,1
6714,55,1
6715,77,1
6716,85,1
6717,90,1
6718,58,1
6719,52,1
6720,64,1
6721,92,1
6722,161,1
6723,66,1
6724,68,1
6725,112,1
6726,60,1
6727,38,1
6728,200,0
6729,129,1
6730,80,1
6731,34,1
6732,131,1
6733,37,1
6734,98,1
6735,54,1
6736,24,1
6737,45,0
6738,165,1
6739,43,0
6740,109,1
6741,107,1
6742,52,1
6743,64,1
6744,59,1
6745,103,1
6746,126,1
6747,62,1
6748,162,1
6749,99,1
6750,142,1
6751,200,0
6752,60,1
6753,200,0
6754,97,1
6755,186,1
6756,58,1
6757,114,1
6758,61,1
6759,180,1
6760,124,1
6761,96,1
6762,83,1
6763,55,1
6764,36,1
6765,87,1
6766,35,0
6767,200,0
6768,112,1
6769,98,1
6770,200,0
6771,100,1
6772,194,1
6773,115,1
6774,50,1
6775,103,1
6776,135,1
6777,105,1
6778,111,1
6779,49,1
6780,61,1
6781,125,1
6782,51,0
6783,63,1
6784,98,1
6785,126,0
6786,134,1
6787,46,1
6788,79,1
6789,133,1
6790,160,1
6791,140,1
6792,69,1
6793,47,1
6794,34,0
6795,155,1
6796,169,1
6797,62,1
6798,47,1
6799,97,1
6800,91,1
6801,77,1
6802,197,1
6803,125,1
6804,98,1
6805,41,1
6806,169,1
6807,52,1
6808,108,1
6809,38,1
6810,139,1
6811,121,1
6812,119,1
6813,131,1
6814,70,1
6815,79,1
6816,84,1
6817,28,1
6818,39,1
6819,145,1
6820,57,1
6821,51,1
6822,116,1
6823,79,1
6824,37,1
6825,26,1
6826,152,1
6827,67,1
6828,107,1
6829,61,1
6830,34,1
6831,68,1
6832,181,1
6833,65,1
6834,67,1
6835,41,1
6836,99,1
6837,87,1
6838,64,1
6839,160,1
6840,75,1
6841,108,1
6842,79,1
6843,43,0
6844,142,1
6845,200,0
6846,135,1
6847,111,1
6848,79,1
6849,69,1
6850,41,1
6851,47,1
6852,70,1
6853,86,1
6854,71,1
6855,200,0
6856,74,1
6857,200,0
6858,64,1
6859,30,1
6860,124,1
6861,31,1
6862,82,1
6863,58,1
6864,200,0
6865,29,1
6866,66,1
6867,57,1
6868,148,1
6869,200,0
6870,86,1
6871,118,1
6872,84,1
6873,62,1
6874,200,0
6875,45,1
6876,60,1
6877,86,1
6878,74,1
6879,44,1
6880,91,1
6881,85,1
6882,200,0
6883,70,1
6884,27,0
6885,45,1
6886,200,0
6887,64,1
6888,147,1
6889,126,1
6890,49,1
6891,96,1
6892,17,1
6893,43,1
6894,64,1
6895,60,1
6896,108,1
6897,57,1
6898,67,1
6899,145,1
6900,77,1
6901,60,1
6902,87,1
6903,200,0
6904,94,1
6905,91,1
6906,60,1
6907,81,1
6908,112,1
6909,174,1
6910,70,1
6911,200,0
6912,174,1
6913,41,1
6914,54,1
6915,200,0
6916,104,0
6917,77,1
6918,124,1
6919,39,1
6920,115,1
6921,64,0
6922,100,1
6923,66,1
6924,200,0
6925,101,1
6926,154,1
6927,42,1
6928,59,1
6929,49,1
6930,54,1
6931,51,1
6932,65,1
6933,24,0
6934,178,1
6935,112,1
6936,191,1
6937,49,1
6938,53,1
6939,43,0
6940,149,1
6941,91,0
6942,65,1
6943,75,1
6944,79,1
6945,43,1
6946,31,0
6947,52,1
6948,127,1
6949,200,0
6950,173,1
6951,68,1
6952,180,1
6953,75,1
6954,133,1
6955,81,1
6956,189,1
6957,112,1
6958,200,0
6959,29,1
6960,62,1
6961,61,1
6962,51,1
6963,87,1
6964,147,1
6965,116,1
6966,114,1
6967,200,0
6968,164,1
6969,71,1
6970,124,1
6971,54,1
6972,99,1
6973,104,1
6974,152,1
6975,132,1
6976,111,1
6977,70,1
6978,111,1
6979,121,1
6980,51,1
6981,41,1
6982,42,1
6983,200,0
6984,59,0
6985,200,0
6986,125,1
6987,28,1
6988,109,1
6989,78,1
6990,103,1
6991,109,1
6992,173,1
6993,96,1
6994,130,0
6995,30,1
6996,88,1
6997,73,1
6998,124,1
6999,75,1
7000,88,1
7001,200,0
7002,200,0
7003,144,1
7004,71,1
7005,60,1
7006,105,1
7007,164,1
7008,156,1
7009,97,1
7010,107,1
7011,26,1
7012,58,1
7013,151,1
7014,53,1
7015,109,1
7016,35,1
7017,112,1
7018,24,0
7019,79,1
7020,63,1
7021,136,1
7022,75,1
7023,188,1
7024,78,1
7025,171,1
7026,133,1
7027,32,1
7028,103,1
7029,194,1
7030,47,1
7031,70,1
7032,190,1
7033,200,0
7034,92,1
7035,86,1
7036,47,1
7037,169,1
7038,66,1
7039,66,1
7040,33,1
7041,36,1
7042,74,1
7043,83,1
7044,130,1
7045,200,0
7046,53,1
7047,101,1
7048,96,1
7049,181,1
7050,55,1
7051,55,1
7052,73,1
7053,55,1
7054,92,1
7055,51,1
7056,50,1
7057,95,1
7058,47,1
7059,200,0
7060,91,1
7061,61,1
7062,181,1
7063,87,1
7064,156,1
7065,119,1
7066,125,1
7067,88,1
7068,84,1
7069,73,1
7070,22,1
7071,83,1
7072,86,1
7073,67,1
7074,200,0
7075,97,1
7076,48,1
7077,74,1
7078,113,1
7079,200,0
7080,111,1
7081,200,0
7082,44,1
7083,83,1
7084,131,1
7085,200,0
7086,43,1
7087,58,0
7088,89,1
7089,110,1
7090,141,1
7091,53,0
7092,61,1
7093,96,1
7094,94,1
7095,45,1
7096,85,1
7097,29,1
7098,170,1
7099,77,1
7100,113,1
7101,82,1
7102,21,0
7103,129,1
7104,107,1
7105,143,1
7106,122,1
7107,140,1
7108,48,1
7109,125,1
7110,62,1
7111,115,1
7112,84,1
7113,133,1
7114,87,1
7115,111,1
7116,116,1
7117,155,1
7118,200,0
7119,80,1
7120,200,0
7121,180,1
7122,63,1
7123,46,1
7124,71,1
7125,121,1
7126,42,1
7127,167,1
7128,42,1
7129,86,1
7130,54,1
7131,39,1
7132,79,1
7133,57,0
7134,97,1
7135,179,1
7136,52,1
7137,53,0
7138,141,1
7139,43,1
7140,200,0
7141,37,1
7142,122,0
7143,46,1
7144,200,0
7145,58,1
7146,90,1
7147,59,1
7148,100,1
7149,125,1
7150,33,1
7151,170,1
7152,111,1
7153,63,1
7154,95,1
7155,102,1
7156,59,1
7157,27,1
7158,60,1
7159,148,1
7160,138,1
7161,81,0
7162,146,1
7163,73,1
7164,85,1
7165,43,1
7166,92,1
7167,83,1
7168,66,1
7169,182,1
7170,108,1
7171,98,1
7172,95,1
7173,168,1
7174,179,1
7175,138,0
7176,30,1
7177,53,1
7178,97,1
7179,61,1
7180,77,1
7181,94,1
7182,192,1
7183,85,1
7184,19,0
7185,84,1
7186,41,1
7187,74,1
7188,56,1
7189,142,1
7190,38,1
7191,200,0
7192,147,1
7193,82,1
7194,154,1
7195,40,1
7196,68,1
7197,72,1
7198,46,0
7199,56,1
7200,160,1
7201,81,1
7202,106,1
7203,133,1
7204,69,1
7205,80,1
7206,81,1
7207,39,1
7208,130,1
7209,39,1
7210,86,0
7211,154,1
7212,200,0
7213,162,1
7214,149,1
7215,45,1
7216,95,1
7217,96,1
7218,192,1
7219,132,1
7220,76,1
7221,109,1
7222,200,0
7223,200,0
7224,51,1
7225,90,1
7226,59,1
7227,200,0
7228,114,1
7229,39,1
7230,69,1
7231,130,1
7232,92,1
7233,117,0
7234,92,1
7235,67,1
7236,71,1
7237,97,1
7238,189,1
7239,40,1
7240,158,1
7241,74,1
7242,181,1
7243,126,1
7244,93,1
7245,53,1
7246,67,1
7247,91,1
7248,155,1
7249,94,1
7250,161,1
7251,50,1
7252,69,1
7253,91,1
7254,149,1
7255,110,1
7256,28,1
7257,55,1
7258,77,1
7259,183,1
7260,26,1
7261,94,1
7262,66,1
7263,112,1
7264,40,1
7265,79,1
7266,63,1
7267,200,0
7268,42,1
7269,70,1
7270,41,1
7271,90,1
7272,131,1
7273,76,1
7274,150,1
7275,53,1
7276,54,1
7277,117,1
7278,64,1
7279,68,1
7280,166,1
7281,77,1
7282,151,1
7283,80,1
7284,32,1
7285,200,0
7286,100,1
7287,89,1
7288,79,1
7289,87,1
7290,45,1
7291,93,1
7292,200,0
7293,130,1
7294,46,0
7295,49,1
7296,58,1
7297,106,1
7298,200,0
7299,118,1
7300,121,1
7301,57,1
7302,34,1
7303,37,0
7304,40,1
7305,197,1
7306,36,1
7307,115,0
7308,51,1
7309,25,1
7310,114,1
7311,50,1
7312,128,1
7313,74,1
7314,37,0
7315,122,1
7316,96,1
7317,78,1
7318,40,1
7319,72,1
7320,27,1
7321,99,1
7322,184,1
7323,122,1
7324,121,1
7325,47,1
7326,133,1
7327,110,1
7328,70,1
7329,173,1
7330,28,1
7331,125,1
7332,200,0
7333,50,1
7334,145,1
7335,185,1
7336,71,1
7337,197,1
7338,77,1
7339,35,1
7340,147,1
7341,115,0
7342,38,1
7343,50,1
7344,48,1
7345,46,1
7346,94,1
7347,176,1
7348,48,1
7349,75,1
7350,179,1
7351,141,1
7352,95,1
7353,152,1
7354,103,0
7355,131,1
7356,28,1
7357,64,1
7358,97,1
7359,27,1
7360,73,1
7361,110,1
7362,76,1
7363,58,1
7364,200,0
7365,34,1
7366,135,1
7367,172,1
7368,47,1
7369,46,1
7370,154,1
7371,70,1
7372,112,1
7373,56,1
7374,91,1
7375,192,0
7376,200,0
7377,33,1
7378,38,1
7379,150,1
7380,100,1
7381,38,0
7382,59,1
7383,71,1
7384,156,1
7385,114,0
7386,100,1
7387,31,1
7388,174,1
7389,64,1
7390,125,1
7391,125,1
7392,111,1
7393,200,0
7394,139,1
7395,51,0
7396,89,1
7397,151,1
7398,48,1
7399,96,1
7400,43,0
7401,119,0
7402,129,1
7403,132,1
7404,74,1
7405,44,1
7406,153,1
7407,53,1
7408,86,1
7409,38,1
7410,75,1
7411,68,1
7412,52,1
7413,62,1
7414,77,1
7415,97,1
7416,124,1
7417,39,1
7418,123,1
7419,104,1
7420,138,1
7421,59,1
7422,50,1
7423,66,1
7424,120,1
7425,51,1
7426,146,1
7427,108,1
7428,90,1
7429,41,1
7430,89,1
7431,41,1
7432,20,0
7433,34,1
7434,66,1
7435,26,1
7436,53,1
7437,47,1
7438,48,1
7439,102,1
7440,54,1
7441,58,1
7442,22,0
7443,102,1
7444,153,1
7445,73,1
7446,158,1
7447,137,1
7448,104,1
7449,120,1
7450,87,0
7451,102,1
7452,94,1
7453,155,1
7454,125,1
7455,129,1
7456,76,1
7457,76,1
7458,44,1
7459,54,1
7460,60,0
7461,117,1
7462,174,1
7463,200,0
7464,135,1
7465,200,0
7466,82,1
7467,200,0
7468,144,1
7469,95,1
7470,73,1
7471,50,1
7472,37,1
7473,200,0
7474,73,1
7475,135,1
7476,39,1
7477,59,1
7478,48,1
7479,64,1
7480,36,1
7481,143,1
7482,90,1
7483,75,1
7484,69,1
7485,66,1
7486,52,1
7487,60,1
7488,84,1
7489,200,0
7490,68,1
7491,76,1
7492,82,1
7493,93,1
7494,40,1
7495,76,1
7496,118,1
7497,66,1
7498,193,1
7499,146,1
7500,34,1
7501,30,1
7502,60,1
7503,64,1
7504,51,1
7505,128,1
7506,139,1
7507,93,1
7508,44,1
7509,151,1
7510,73,1
7511,170,1
7512,138,0
7513,200,0
7514,56,1
7515,151,1
7516,85,1
7517,46,1
7518,71,1
7519,37,1
7520,103,1
7521,86,1
7522,89,1
7523,77,1
7524,73,1
7525,166,1
7526,144,1
7527,109,1
7528,77,1
7529,64,1
7530,34,1
7531,35,1
7532,138,1
7533,42,0
7534,178,1
7535,199,1
7536,90,1
7537,46,1
7538,43,1
7539,68,1
7540,33,1
7541,143,1
7542,103,1
7543,48,1
7544,59,1
7545,200,0
7546,149,1
7547,82,1
7548,97,1
7549,45,1
7550,24,0
7551,36,1
7552,120,1
7553,26,1
7554,77,1
7555,62,1
7556,94,0
7557,77,1
7558,19,0
7559,96,1
7560,104,1
7561,63,1
7562,53,1
7563,139,1
7564,169,1
7565,130,1
7566,34,0
7567,79,1
7568,58,1
7569,27,1
7570,66,1
7571,153,1
7572,85,1
7573,154,1
7574,200,0
7575,53,1
7576,75,1
7577,56,0
7578,33,1
7579,44,0
7580,108,1
7581,59,1
7582,73,1
7583,32,0
7584,200,0
7585,70,1
7586,28,1
7587,200,0
7588,73,1
7589,150,1
7590,136,1
7591,60,1
7592,109,1
7593,161,1
7594,104,1
7595,49,1
7596,89,1
7597,119,1
7598,72,1
7599,116,1
7600,30,1
7601,45,1
7602,74,1
7603,149,1
7604,106,1
7605,96,1
7606,154,1
7607,53,1
7608,71,1
7609,200,0
7610,121,1
7611,92,1
7612,85,1
7613,60,1
7614,54,1
7615,151,1
7616,74,1
7617,65,1
7618,169,1
7619,43,1
7620,47,1
7621,79,1
7622,96,1
7623,64,1
7624,42,1
7625,66,1
7626,52,1
7627,52,1
7628,56,1
7629,89,1
7630,179,1
7631,50,1
7632,137,1
7633,23,0
7634,120,1
7635,109,1
7636,200,0
7637,31,0
7638,71,1
7639,95,1
7640,93,1
7641,99,1
7642,45,1
7643,59,1
7644,62,1
7645,109,1
7646,48,1
7647,100,1
7648,83,1
7649,91,1
7650,122,1
7651,80,1
7652,75,1
7653,23,1
7654,38,1
7655,184,1
7656,52,1
7657,122,1
7658,91,1
7659,104,1
7660,80,1
7661,41,1
7662,149,1
7663,54,1
7664,200,0
7665,65,1
7666,73,1
7667,78,1
7668,168,1
7669,200,0
7670,67,1
7671,162,1
7672,132,1
7673,39,0
7674,64,1
7675,46,1
7676,52,1
7677,58,1
7678,200,0
7679,119,1
7680,46,1
7681,125,1
7682,56,1
7683,28,1
7684,96,1
7685,43,1
7686,46,1
7687,47,1
7688,26,1
7689,112,0
7690,200,0
7691,77,1
7692,113,1
7693,200,0
7694,130,0
7695,200,0
7696,166,1
7697,71,1
7698,51,1
7699,138,1
7700,149,1
7701,34,1
7702,24,1
7703,188,1
7704,126,0
7705,200,0
7706,50,1
7707,55,1
7708,115,1
7709,43,1
7710,68,1
7711,124,1
7712,25,1
7713,141,1
7714,146,1
7715,99,1
7716,28,1
7717,168,1
7718,58,1
7719,74,1
7720,200,0
7721,79,1
7722,83,1
7723,189,1
7724,200,0
7725,72,1
7726,83,1
7727,160,1
7728,19,1
7729,54,1
7730,49,1
7731,200,0
7732,48,1
7733,186,1
7734,83,1
7735,61,1
7736,92,1
7737,78,1
7738,45,1
7739,128,1
7740,130,1
7741,55,1
7742,52,1
7743,200,0
7744,41,0
7745,88,1
7746,119,1
7747,69,1
7748,200,0
7749,109,1
7750,175,1
7751,92,1
7752,61,1
7753,57,1
7754,200,0
7755,61,1
7756,66,1
7757,27,1
7758,78,1
7759,200,0
7760,95,1
7761,200,0
7762,34,1
7763,69,1
7764,80,1
7765,82,1
7766,200,0
7767,96,1
7768,41,1
7769,55,1
7770,35,1
7771,102,1
7772,58,1
7773,142,1
7774,179,1
7775,65,1
7776,48,1
7777,55,1
7778,56,1
7779,46,0
7780,63,1
7781,23,0
7782,93,1
7783,22,0
7784,88,1
7785,184,1
7786,192,1
7787,128,1
7788,88,1
7789,94,1
7790,47,1
7791,165,1
7792,57,1
7793,68,1
7794,47,1
7795,109,1
7796,66,1
7797,107,0
7798,57,1
7799,79,1
7800,140,1
7801,154,1
7802,35,0
7803,38,0
7804,72,1
7805,88,1
7806,159,0
7807,129,1
7808,51,1
7809,157,1
7810,81,1
7811,75,1
7812,98,1
7813,82,1
7814,147,1
7815,47,1
7816,200,0
7817,200,0
7818,33,1
7819,200,0
7820,106,1
7821,94,1
7822,123,1
7823,39,1
7824,42,1
7825,94,1
7826,128,1
7827,31,0
7828,146,1
7829,108,1
7830,113,1
7831,67,1
7832,43,1
7833,200,0
7834,101,1
7835,128,1
7836,68,1
7837,75,1
7838,45,1
7839,159,1
7840,149,1
7841,59,1
7842,38,1
7843,42,1
7844,49,1
7845,90,1
7846,43,0
7847,68,1
7848,200,0
7849,83,0
7850,98,1
7851,42,1
7852,194,1
7853,135,1
7854,30,1
7855,48,1
7856,56,1
7857,133,1
7858,58,1
7859,54,1
7860,200,0
7861,175,0
7862,41,1
7863,141,1
7864,58,1
7865,79,1
7866,32,1
7867,139,1
7868,60,1
7869,29,1
7870,107,1
7871,73,1
7872,65,1
7873,48,1
7874,79,0
7875,108,1
7876,110,1
7877,71,1
7878,78,1
7879,198,1
7880,83,1
7881,105,1
7882,37,1
7883,52,1
7884,51,1
7885,81,1
7886,119,1
7887,139,1
7888,200,0
7889,36,1
7890,73,1
7891,151,1
7892,65,1
7893,38,1
7894,49,1
7895,200,0
7896,85,1
7897,44,1
7898,116,1
7899,49,1
7900,123,1
7901,86,1
7902,127,1
7903,48,1
7904,78,1
7905,88,1
7906,200,0
7907,122,1
7908,61,1
7909,65,1
7910,100,1
7911,89,1
7912,119,1
7913,46,1
7914,180,1
7915,97,1
7916,169,1
7917,54,1
7918,46,1
7919,30,0
7920,55,1
7921,120,1
7922,156,1
7923,116,1
7924,63,1
7925,48,1
7926,159,1
7927,133,1
7928,78,1
7929,32,1
7930,112,1
7931,192,1
7932,94,1
7933,51,1
7934,172,1
7935,60,1
7936,181,1
7937,134,0
7938,31,0
7939,68,1
7940,94,1
7941,112,1
7942,70,1
7943,200,0
7944,55,1
7945,72,1
7946,86,1
7947,46,1
7948,165,1
7949,200,0
7950,77,1
7951,54,1
7952,53,1
7953,66,1
7954,108,1
7955,106,1
7956,64,1
7957,36,1
7958,106,1
7959,49,1
7960,47,1
7961,35,1
7962,97,1
7963,38,1
7964,200,0
7965,121,1
7966,149,1
7967,58,1
7968,48,1
7969,140,1
7970,82,1
7971,57,1
7972,78,1
7973,110,1
7974,34,1
7975,47,1
7976,52,1
7977,41,1
7978,60,1
7979,107,1
7980,91,1
7981,162,1
7982,61,1
7983,34,1
7984,191,1
7985,69,1
7986,87,1
7987,115,1
7988,74,1
7989,62,1
7990,108,1
7991,55,1
7992,99,1
7993,58,1
7994,200,0
7995,40,1
7996,63,0
7997,42,1
7998,90,1
7999,73,1
8000,154,1
8001,155,1
8002,32,1
8003,103,1
8004,126,1
8005,47,1
8006,27,0
8007,58,1
8008,75,1
8009,143,1
8010,74,1
8011,54,1
8012,165,1
8013,160,1
8014,74,1
8015,200,0
8016,109,1
8017,30,1
8018,104,1
8019,70,1
8020,36,1
8021,157,1
8022,99,1
8023,155,1
8024,200,0
8025,112,1
8026,76,1
8027,72,1
8028,53,1
8029,60,1
8030,152,1
8031,124,1
8032,191,1
8033,189,1
8034,54,1
8035,38,1
8036,108,1
8037,131,1
8038,57,1
8039,63,1
8040,95,1
8041,62,1
8042,69,1
8043,90,1
8044,96,1
8045,46,1
8046,112,1
8047,103,1
8048,168,0
8049,112,1
8050,61,1
8051,32,1
8052,15,1
8053,70,1
8054,132,1
8055,108,1
8056,24,0
8057,137,1
8058,102,1
8059,151,1
8060,97,1
8061,120,1
8062,83,1
8063,106,1
8064,137,1
8065,72,1
8066,107,1
8067,44,1
8068,52,0
8069,60,1
8070,171,0
8071,46,1
8072,55,0
8073,46,1
8074,164,1
8075,32,1
8076,110,1
8077,84,1
8078,124,1
8079,82,1
8080,127,0
8081,49,1
8082,178,1
8083,81,1
8084,134,1
8085,41,1
8086,25,1
8087,26,1
8088,32,0
8089,47,1
8090,116,1
8091,45,1
8092,158,1
8093,44,1
8094,65,1
8095,25,1
8096,115,1
8097,86,1
8098,85,1
8099,139,1
8100,52,1
8101,110,1
8102,45,1
8103,53,1
8104,23,1
8105,133,1
8106,169,1
8107,94,1
8108,59,1
8109,55,0
8110,56,1
8111,104,1
8112,63,1
8113,58,1
8114,34,1
8115,72,1
8116,173,1
8117,92,1
8118,89,1
8119,90,1
8120,125,1
8121,68,1
8122,52,1
8123,200,0
8124,136,1
8125,199,1
8126,66,1
8127,46,1
8128,55,1
8129,112,1
8130,116,1
8131,128,1
8132,53,1
8133,121,1
8134,144,1
8135,40,1
8136,124,1
8137,121,1
8138,126,1
8139,138,0
8140,72,0
8141,60,1
8142,22,0
8143,82,1
8144,94,1
8145,112,1
8146,200,0
8147,91,1
8148,36,1
8149,96,1
8150,84,1
8151,67,1
8152,90,1
8153,45,1
8154,78,1
8155,200,0
8156,99,1
8157,90,1
8158,31,0
8159,52,1
8160,58,1
8161,106,1
8162,156,1
8163,98,1
8164,115,1
8165,200,0
8166,200,0
8167,37,1
8168,56,1
8169,62,0
8170,65,1
8171,157,1
8172,76,1
8173,38,1
8174,46,1
8175,31,0
8176,130,1
8177,90,1
8178,77,1
8179,125,1
8180,124,1
8181,51,1
8182,131,1
8183,71,1
8184,188,1
8185,77,1
8186,99,1
8187,70,1
8188,111,1
8189,139,1
8190,40,1
8191,100,1
8192,129,1
8193,84,1
8194,61,1
8195,96,1
8196,58,1
8197,39,1
8198,55,1
8199,107,1
8200,180,1
8201,61,1
8202,61,1
8203,200,0
8204,112,1
8205,200,0
8206,108,1
8207,31,1
8208,79,1
8209,34,1
8210,79,1
8211,73,1
8212,85,1
8213,200,0
8214,73,1
8215,45,1
8216,200,0
8217,85,1
8218,48,1
8219,40,1
8220,30,1
8221,200,0
8222,90,1
8223,93,1
8224,93,1
8225,200,0
8226,119,1
8227,109,1
8228,200,0
8229,117,1
8230,54,1
8231,29,1
8232,99,1
8233,200,0
8234,51,1
8235,160,1
8236,84,1
8237,200,0
8238,93,1
8239,75,1
8240,65,1
8241,71,1
8242,74,1
8243,52,1
8244,200,0
8245,87,1
8246,92,1
8247,200,0
8248,110,1
8249,74,1
8250,82,1
8251,121,1
8252,51,1
8253,90,1
8254,81,0
8255,84,1
8256,45,1
8257,60,1
8258,35,0
8259,26,1
8260,40,1
8261,73,1
8262,60,1
8263,75,1
8264,192,1
8265,130,1
8266,39,0
8267,151,1
8268,107,1
8269,141,1
8270,50,1
8271,53,1
8272,142,1
8273,90,1
8274,99,1
8275,102,1
8276,137,1
8277,86,1
8278,58,1
8279,27,1
8280,45,1
8281,101,1
8282,131,1
8283,95,1
8284,78,1
8285,104,1
8286,50,1
8287,172,1
8288,141,1
8289,78,0
8290,118,1
8291,123,1
8292,95,1
8293,89,1
8294,68,1
8295,63,1
8296,66,1
8297,79,1
8298,84,1
8299,91,1
8300,29,1
8301,60,1
8302,59,1
8303,39,1
8304,143,1
8305,58,1
8306,69,1
8307,35,1
8308,187,1
8309,75,1
8310,39,1
8311,90,1
8312,53,1
8313,42,1
8314,128,1
8315,138,1
8316,115,1
8317,41,1
8318,200,0
8319,42,1
8320,46,1
8321,58,1
8322,158,1
8323,52,1
8324,131,1
8325,76,1
8326,102,1
8327,104,1
8328,31,1
8329,72,1
8330,114,1
8331,96,1
8332,44,1
8333,40,0
8334,81,1
8335,200,0
8336,142,1
8337,79,1
8338,31,1
8339,49,1
8340,42,0
8341,200,0
8342,153,1
8343,158,1
8344,175,1
8345,176,1
8346,63,1
8347,43,1
8348,73,1
8349,93,1
8350,28,1
8351,46,1
8352,55,1
8353,200,0
8354,95,1
8355,82,1
8356,45,1
8357,39,1
8358,125,1
8359,64,1
8360,64,1
8361,88,1
8362,48,1
8363,73,1
8364,48,1
8365,65,1
8366,75,1
8367,112,1
8368,130,1
8369,69,1
8370,59,1
8371,91,1
8372,179,1
8373,100,1
8374,63,1
8375,75,1
8376,71,1
8377,200,0
8378,170,0
8379,140,1
8380,96,1
8381,101,1
8382,118,1
8383,35,1
8384,186,1
8385,82,1
8386,195,1
8387,82,1
8388,34,1
8389,34,1
8390,164,1
8391,100,1
8392,103,1
8393,78,1
8394,36,1
8395,76,1
8396,50,1
8397,93,1
8398,101,1
8399,55,1
8400,143,1
8401,87,1
8402,26,1
8403,67,1
8404,36,1
8405,51,1
8406,87,1
8407,74,1
8408,90,1
8409,63,1
8410,63,1
8411,45,1
8412,30,1
8413,126,1
8414,66,1
8415,37,1
8416,112,1
8417,39,1
8418,76,1
8419,83,1
8420,40,1
8421,78,1
8422,54,1
8423,70,0
8424,75,1
8425,90,1
8426,150,1
8427,200,0
8428,137,1
8429,88,1
8430,135,1
8431,41,1
8432,180,1
8433,55,1
8434,118,1
8435,200,0
8436,78,1
8437,72,0
8438,104,1
8439,69,1
8440,90,1
8441,59,1
8442,66,1
8443,42,1
8444,138,1
8445,70,1
8446,53,1
8447,103,1
8448,91,1
8449,200,0
8450,107,1
8451,58,1
8452,35,1
8453,151,1
8454,149,1
8455,78,1
8456,43,1
8457,200,0
8458,96,1
8459,156,1
8460,73,1
8461,57,1
8462,124,1
8463,96,1
8464,46,1
8465,86,1
8466,113,1
8467,103,1
8468,56,1
8469,114,0
8470,160,1
8471,109,1
8472,32,1
8473,88,1
8474,73,0
8475,73,1
8476,85,1
8477,103,0
8478,62,1
8479,84,1
8480,44,1
8481,103,1
8482,200,0
8483,40,1
8484,51,1
8485,60,1
8486,86,1
8487,32,0
8488,78,1
8489,90,1
8490,200,0
8491,66,1
8492,45,0
8493,55,1
8494,200,0
8495,55,1
8496,40,1
8497,147,1
8498,47,1
8499,134,1
8500,189,1
8501,115,1
8502,41,0
8503,39,1
8504,95,1
8505,111,1
8506,36,1
8507,119,1
8508,69,1
8509,98,1
8510,101,1
8511,61,1
8512,40,1
8513,61,1
8514,177,1
8515,72,1
8516,95,1
8517,87,1
8518,64,1
8519,92,1
8520,200,0
8521,155,1
8522,199,1
8523,120,1
8524,131,0
8525,44,1
8526,116,1
8527,200,0
8528,79,1
8529,86,1
8530,50,1
8531,57,1
8532,71,1
8533,87,1
8534,161,1
8535,85,1
8536,30,1
8537,106,1
8538,200,0
8539,112,1
8540,57,1
8541,196,1
8542,87,1
8543,62,1
8544,50,1
8545,87,1
8546,138,1
8547,49,0
8548,94,1
8549,35,1
8550,87,1
8551,200,0
8552,97,1
8553,42,1
8554,49,1
8555,77,1
8556,74,1
8557,29,0
8558,35,1
8559,200,0
8560,75,1
8561,76,1
8562,34,1
8563,90,1
8564,141,1
8565,44,1
8566,50,1
8567,64,1
8568,58,1
8569,61,1
8570,142,1
8571,113,1
8572,97,1
8573,124,1
8574,144,1
8575,42,1
8576,50,1
8577,89,1
8578,62,1
8579,78,1
8580,71,1
8581,57,1
8582,75,0
8583,58,0
8584,89,1
8585,84,1
8586,50,1
8587,48,1
8588,128,1
8589,76,1
8590,110,1
8591,46,1
8592,49,1
8593,47,1
8594,56,1
8595,44,1
8596,82,1
8597,87,1
8598,33,1
8599,94,1
8600,61,1
8601,95,1
8602,41,1
8603,200,0
8604,151,1
8605,82,1
8606,66,1
8607,108,1
8608,189,1
8609,28,0
8610,84,1
8611,120,1
8612,200,0
8613,52,1
8614,200,0
8615,139,1
8616,100,1
8617,79,1
8618,74,1
8619,27,0
8620,102,1
8621,72,1
8622,175,1
8623,33,1
8624,152,1
8625,136,1
8626,81,1
8627,150,1
8628,86,0
8629,127,1
8630,29,1
8631,80,1
8632,136,1
8633,93,1
8634,29,1
8635,59,1
8636,84,0
8637,46,1
8638,147,1
8639,38,0
8640,116,1
8641,200,0
8642,77,1
8643,94,1
8644,76,1
8645,72,1
8646,108,1
8647,37,0
8648,76,1
8649,59,1
8650,58,1
8651,63,1
8652,28,1
8653,130,1
8654,113,1
8655,38,1
8656,90,1
8657,55,1
8658,200,0
8659,36,0
8660,145,1
8661,57,1
8662,140,1
8663,66,1
8664,177,1
8665,89,1
8666,36,1
8667,58,1
8668,45,0
8669,95,1
8670,40,1
8671,42,1
8672,30,0
8673,31,1
8674,72,1
8675,151,1
8676,20,1
8677,58,1
8678,22,0
8679,60,1
8680,200,0
8681,72,1
8682,118,1
8683,58,1
8684,200,0
8685,114,1
8686,120,1
8687,200,0
8688,62,1
8689,156,1
8690,76,1
8691,200,0
8692,120,1
8693,142,1
8694,80,0
8695,32,1
8696,123,0
8697,200,0
8698,56,1
8699,133,1
8700,200,0
8701,119,1
8702,96,1
8703,34,1
8704,97,1
8705,45,1
8706,39,1
8707,77,1
8708,77,1
8709,120,1
8710,200,0
8711,140,1
8712,172,1
8713,107,1
8714,137,1
8715,43,0
8716,124,1
8717,66,1
8718,52,1
8719,147,1
8720,87,1
8721,57,1
8722,95,1
8723,147,1
8724,77,1
8725,63,1
8726,42,1
8727,47,1
8728,118,1
8729,58,1
8730,54,1
8731,58,1
8732,54,1
8733,67,1
8734,89,1
8735,117,1
8736,183,1
8737,55,1
8738,166,1
8739,122,1
8740,75,1
8741,142,1
8742,37,1
8743,200,0
8744,64,1
8745,54,1
8746,71,1
8747,107,1
8748,97,1
8749,66,1
8750,41,1
8751,115,1
8752,93,1
8753,101,1
8754,51,1
8755,45,1
8756,87,1
8757,62,1
8758,85,1
8759,97,1
8760,116,1
8761,87,1
8762,136,1
8763,63,1
8764,200,0
8765,94,1
8766,88,1
8767,101,1
8768,56,1
8769,43,1
8770,28,1
8771,76,1
8772,126,1
8773,106,1
8774,92,1
8775,32,1
8776,78,1
8777,200,0
8778,144,1
8779,63,1
8780,96,1
8781,50,1
8782,79,1
8783,99,1
8784,81,1
8785,138,1
8786,104,1
8787,98,1
8788,85,1
8789,187,1
8790,104,1
8791,38,1
8792,136,1
8793,95,1
8794,86,1
8795,91,1
8796,90,1
8797,164,1
8798,102,1
8799,159,1
8800,95,1
8801,90,1
8802,101,1
8803,124,1
8804,97,1
8805,161,1
8806,106,1
8807,39,1
8808,136,1
8809,90,1
8810,171,1
8811,90,1
8812,54,1
8813,91,1
8814,155,1
8815,105,1
8816,101,1
8817,94,1
8818,118,1
8819,111,1
8820,30,1
8821,146,1
8822,34,1
8823,46,0
8824,200,0
8825,33,1
8826,53,1
8827,73,1
8828,97,1
8829,89,1
8830,97,1
8831,119,1
8832,66,1
8833,27,1
8834,45,1
8835,46,1
8836,79,1
8837,80,1
8838,47,1
8839,115,1
8840,131,1
8841,11,0
8842,40,1
8843,159,1
8844,84,1
8845,52,1
8846,156,1
8847,94,1
8848,82,1
8849,137,1
8850,58,1
8851,37,1
8852,142,1
8853,66,1
8854,72,1
8855,67,1
8856,65,0
8857,130,1
8858,125,1
8859,52,1
8860,108,1
8861,50,1
8862,74,1
8863,70,1
8864,200,0
8865,200,0
8866,58,1
8867,85,1
8868,64,0
8869,91,0
8870,101,1
8871,132,1
8872,111,1
8873,102,1
8874,81,1
8875,105,1
8876,117,1
8877,37,1
8878,62,1
8879,40,0
8880,78,1
8881,120,1
8882,80,1
8883,50,0
8884,128,1
8885,167,1
8886,184,1
8887,114,1
8888,53,1
8889,200,0
8890,136,1
8891,79,1
8892,38,1
8893,42,1
8894,108,0
8895,156,1
8896,115,1
8897,155,1
8898,135,1
8899,113,1
8900,76,1
8901,63,1
8902,200,0
8903,56,1
8904,125,1
8905,52,1
8906,46,1
8907,34,0
8908,96,1
8909,199,1
8910,126,1
8911,103,1
8912,34,1
8913,122,1
8914,65,0
8915,110,1
8916,109,1
8917,32,1
8918,75,1
8919,126,1
8920,104,1
8921,200,0
8922,156,1
8923,172,1
8924,33,1
8925,128,1
8926,67,1
8927,68,1
8928,136,1
8929,34,1
8930,65,1
8931,179,1
8932,200,0
8933,153,1
8934,51,1
8935,41,0
8936,75,1
8937,47,1
8938,67,1
8939,131,1
8940,72,1
8941,111,1
8942,65,1
8943,59,1
8944,133,1
8945,158,1
8946,48,1
8947,87,1
8948,200,0
8949,182,1
8950,81,1
8951,103,1
8952,67,1
8953,20,0
8954,62,1
8955,140,1
8956,200,0
8957,78,1
8958,59,1
8959,200,0
8960,152,1
8961,58,1
8962,89,1
8963,70,1
8964,124,1
8965,76,1
8966,79,1
8967,200,0
8968,103,1
8969,57,1
8970,83,1
8971,148,1
8972,183,1
8973,104,1
8974,61,1
8975,200,0
8976,126,0
8977,71,1
8978,51,1
8979,41,1
8980,127,1
8981,30,0
8982,108,1
8983,94,1
8984,90,1
8985,80,1
8986,51,1
8987,200,0
8988,127,1
8989,34,1
8990,16,0
8991,176,1
8992,81,1
8993,35,1
8994,127,1
8995,121,1
8996,160,1
8997,34,1
8998,59,1
8999,177,1
9000,119,1
9001,68,1
9002,129,1
9003,82,1
9004,76,1
9005,48,1
9006,147,1
9007,63,1
9008,55,1
9009,93,1
9010,200,0
9011,40,1
9012,200,0
9013,163,1
9014,47,1
9015,70,1
9016,63,1
9017,117,1
9018,150,1
9019,81,1
9020,144,1
9021,96,1
9022,110,1
9023,161,1
9024,130,1
9025,200,0
9026,32,1
9027,105,1
9028,101,1
9029,132,1
9030,47,1
9031,62,1
9032,102,1
9033,109,1
9034,169,1
9035,91,1
9036,39,1
9037,41,1
9038,70,1
9039,66,1
9040,200,0
9041,88,1
9042,87,1
9043,113,1
9044,103,1
9045,125,1
9046,60,1
9047,40,1
9048,143,1
9049,79,1
9050,50,1
9051,200,0
9052,60,1
9053,200,0
9054,83,1
9055,170,1
9056,118,1
9057,52,0
9058,64,1
9059,45,1
9060,200,0
9061,79,1
9062,147,1
9063,84,1
9064,152,1
9065,74,1
9066,158,1
9067,83,1
9068,78,1
9069,200,0
9070,51,1
9071,57,1
9072,102,1
9073,53,0
9074,65,1
9075,70,1
9076,41,1
9077,200,0
9078,59,1
9079,48,1
9080,87,1
9081,66,1
9082,76,1
9083,77,1
9084,147,1
9085,108,0
9086,28,0
9087,66,1
9088,127,1
9089,62,1
9090,30,1
9091,93,1
9092,84,1
9093,22,1
9094,71,0
9095,122,1
9096,52,1
9097,187,1
9098,91,1
9099,86,1
9100,68,1
9101,77,1
9102,142,1
9103,64,1
9104,35,1
9105,55,1
9106,60,1
9107,131,1
9108,40,1
9109,68,1
9110,109,1
9111,200,0
9112,106,1
9113,40,1
9114,37,1
9115,159,1
9116,85,1
9117,100,1
9118,133,1
9119,146,1
9120,103,1
9121,180,1
9122,156,1
9123,58,1
9124,68,1
9125,182,1
9126,59,1
9127,66,1
9128,35,1
9129,57,1
9130,140,1
9131,43,1
9132,49,1
9133,82,1
9134,110,1
9135,157,1
9136,84,1
9137,124,1
9138,77,1
9139,107,1
9140,34,1
9141,77,1
9142,79,1
9143,68,1
9144,133,1
9145,153,1
9146,136,1
9147,161,1
9148,131,1
9149,88,1
9150,79,0
9151,65,1
9152,50,1
9153,60,1
9154,166,1
9155,120,1
9156,145,1
9157,43,1
9158,111,0
9159,55,1
9160,44,1
9161,133,1
9162,161,1
9163,38,1
9164,136,1
9165,27,1
9166,109,1
9167,106,1
9168,145,1
9169,169,1
9170,146,1
9171,30,1
9172,42,1
9173,121,1
9174,76,1
9175,116,1
9176,38,1
9177,64,1
9178,30,0
9179,56,1
9180,39,1
9181,200,0
9182,178,1
9183,50,1
9184,29,0
9185,50,0
9186,69,0
9187,30,1
9188,113,1
9189,155,1
9190,146,1
9191,36,0
9192,157,1
9193,200,0
9194,53,1
9195,59,1
9196,51,1
9197,54,1
9198,64,1
9199,159,1
9200,108,1
9201,75,1
9202,65,1
9203,73,1
9204,200,0
9205,125,1
9206,159,1
9207,95,1
9208,183,1
9209,200,0
9210,74,1
9211,121,1
9212,49,1
9213,82,1
9214,143,1
9215,66,1
9216,42,0
9217,200,0
9218,124,1
9219,73,1
9220,200,0
9221,96,1
9222,64,1
9223,53,1
9224,77,1
9225,68,1
9226,37,1
9227,190,1
9228,106,1
9229,33,1
9230,110,1
9231,27,1
9232,32,0
9233,121,1
9234,53,1
9235,67,1
9236,109,1
9237,94,1
9238,46,1
9239,153,1
9240,131,1
9241,195,1
9242,64,1
9243,99,1
9244,130,1
9245,35,1
9246,89,1
9247,82,1
9248,65,1
9249,72,1
9250,81,1
9251,87,1
9252,52,1
9253,142,1
9254,88,1
9255,47,0
9256,35,1
9257,77,1
9258,88,1
9259,169,1
9260,120,1
9261,166,1
9262,55,0
9263,29,1
9264,134,1
9265,137,1
9266,68,1
9267,92,1
9268,72,1
9269,200,0
9270,90,1
9271,34,1
9272,65,1
9273,60,1
9274,42,1
9275,152,1
9276,114,1
9277,90,1
9278,40,1
9279,110,1
9280,43,1
9281,84,1
9282,67,0
9283,111,1
9284,96,1
9285,53,1
9286,51,1
9287,119,1
9288,124,1
9289,104,1
9290,43,1
9291,157,1
9292,99,1
9293,85,1
9294,57,1
9295,39,1
9296,120,1
9297,200,0
9298,93,1
9299,74,1
9300,169,1
9301,72,1
9302,86,1
9303,69,1
9304,48,1
9305,33,1
9306,111,1
9307,50,0
9308,133,1
9309,59,1
9310,53,1
9311,200,0
9312,108,1
9313,200,0
9314,80,1
9315,125,1
9316,200,0
9317,144,1
9318,81,0
9319,200,0
9320,47,1
9321,109,1
9322,178,1
9323,200,0
9324,63,1
9325,79,1
9326,200,0
9327,104,1
9328,155,1
9329,113,1
9330,63,1
9331,81,1
9332,62,1
9333,200,0
9334,36,1
9335,187,1
9336,46,1
9337,121,1
9338,200,0
9339,109,1
9340,51,1
9341,70,1
9342,50,1
9343,54,1
9344,61,1
9345,38,1
9346,43,1
9347,139,1
9348,200,0
9349,84,1
9350,65,1
9351,81,1
9352,82,1
9353,65,1
9354,45,1
9355,172,1
9356,70,1
9357,87,1
9358,21,1
9359,43,1
9360,68,1
9361,124,1
9362,151,1
9363,29,1
9364,67,1
9365,146,1
9366,87,1
9367,66,1
9368,200,0
9369,161,1
9370,128,1
9371,61,1
9372,63,1
9373,200,0
9374,87,1
9375,39,1
9376,183,1
9377,78,1
9378,118,1
9379,89,1
9380,123,1
9381,118,1
9382,37,1
9383,100,1
9384,90,1
9385,69,1
9386,62,1
9387,171,1
9388,141,0
9389,81,1
9390,94,1
9391,82,1
9392,25,1
9393,70,1
9394,93,1
9395,57,1
9396,200,0
9397,62,1
9398,50,1
9399,83,1
9400,38,0
9401,39,1
9402,105,1
9403,43,1
9404,129,1
9405,60,1
9406,108,1
9407,148,1
9408,68,1
9409,113,1
9410,113,1
9411,97,1
9412,58,1
9413,200,0
9414,37,1
9415,77,1
9416,47,1
9417,71,1
9418,77,1
9419,70,1
9420,58,1
9421,124,1
9422,200,0
9423,114,1
9424,200,0
9425,93,1
9426,200,0
9427,135,1
9428,189,1
9429,79,1
9430,126,1
9431,78,1
9432,53,1
9433,134,1
9434,82,1
9435,91,1
9436,133,1
9437,106,1
9438,177,1
9439,49,1
9440,73,1
9441,200,0
9442,66,1
9443,113,1
9444,41,1
9445,53,1
9446,70,1
9447,56,1
9448,56,1
9449,69,1
9450,78,1
9451,46,1
9452,85,0
9453,62,1
9454,42,1
9455,30,1
9456,94,1
9457,125,1
9458,200,0
9459,61,1
9460,86,1
9461,43,1
9462,107,1
9463,81,1
9464,58,1
9465,36,1
9466,57,1
9467,65,1
9468,101,1
9469,68,1
9470,90,1
9471,200,0
9472,126,1
9473,47,1
9474,48,1
9475,156,1
9476,70,1
9477,200,0
9478,27,1
9479,72,1
9480,160,1
9481,130,1
9482,120,1
9483,110,1
9484,161,1
9485,200,0
9486,49,1
9487,23,0
9488,117,1
9489,38,1
9490,46,1
9491,24,1
9492,84,1
9493,47,1
9494,64,1
9495,94,1
9496,13,0
9497,49,1
9498,109,1
9499,73,1
9500,159,1
9501,111,1
9502,130,1
9503,200,0
9504,29,0
9505,200,0
9506,64,1
9507,200,0
9508,183,1
9509,115,1
9510,200,0
9511,66,1
9512,171,1
9513,80,1
9514,42,0
9515,125,1
9516,58,1
9517,109,1
9518,200,0
9519,104,0
9520,95,1
9521,48,1
9522,132,1
9523,76,0
9524,80,1
9525,37,0
9526,119,1
9527,92,1
9528,114,0
9529,114,1
9530,65,1
9531,99,1
9532,90,1
9533,180,1
9534,152,1
9535,52,1
9536,85,1
9537,60,1
9538,83,1
9539,63,0
9540,164,1
9541,46,0
9542,143,1
9543,144,1
9544,90,1
9545,104,1
9546,94,0
9547,146,1
9548,58,1
9549,200,0
9550,107,1
9551,153,1
9552,90,1
9553,51,1
9554,173,1
9555,77,1
9556,69,1
9557,56,1
9558,35,1
9559,94,1
9560,127,1
9561,91,1
9562,92,1
9563,108,1
9564,78,1
9565,48,1
9566,62,1
9567,79,1
9568,115,1
9569,145,1
9570,107,1
9571,85,1
9572,53,1
9573,24,0
9574,172,1
9575,55,1
9576,200,0
9577,78,1
9578,179,1
9579,75,1
9580,35,1
9581,34,1
9582,59,1
9583,120,1
9584,135,1
9585,47,1
9586,43,1
9587,200,0
9588,124,1
9589,187,1
9590,43,1
9591,90,1
9592,64,1
9593,62,1
9594,92,1
9595,135,1
9596,77,1
9597,30,1
9598,192,1
9599,67,1
9600,136,1
9601,194,1
9602,53,1
9603,157,1
9604,96,0
9605,51,1
9606,103,1
9607,108,1
9608,84,1
9609,103,1
9610,43,1
9611,50,1
9612,70,1
9613,145,1
9614,137,1
9615,134,1
9616,74,1
9617,131,1
9618,114,1
9619,55,1
9620,100,1
9621,61,1
9622,62,1
9623,108,1
9624,74,1
9625,137,1
9626,151,1
9627,124,1
9628,149,1
9629,68,1
9630,78,1
9631,74,1
9632,200,0
9633,29,1
9634,65,0
9635,30,1
9636,191,1
9637,34,1
9638,200,0
9639,77,1
9640,135,1
9641,173,1
9642,114,1
9643,59,1
9644,77,1
9645,55,1
9646,45,1
9647,37,1
9648,200,0
9649,52,1
9650,46,1
9651,70,1
9652,30,0
9653,146,1
9654,155,1
9655,58,1
9656,82,1
9657,161,1
9658,98,1
9659,130,1
9660,82,1
9661,128,1
9662,105,1
9663,52,0
9664,74,1
9665,84,1
9666,103,1
9667,31,1
9668,88,1
9669,43,1
9670,200,0
9671,68,1
9672,40,1
9673,51,1
9674,40,1
9675,66,1
9676,200,0
9677,200,0
9678,161,1
9679,54,1
9680,42,1
9681,63,1
9682,50,1
9683,43,0
9684,40,1
9685,56,1
9686,69,0
9687,64,1
9688,106,0
9689,89,1
9690,55,1
9691,108,1
9692,103,1
9693,107,1
9694,63,1
9695,45,1
9696,107,1
9697,170,1
9698,84,1
9699,49,1
9700,134,1
9701,82,1
9702,70,1
9703,200,0
9704,59,1
9705,49,1
9706,126,1
9707,39,1
9708,17,0
9709,185,1
9710,200,0
9711,134,1
9712,88,1
9713,48,1
9714,44,1
9715,114,1
9716,66,1
9717,200,0
9718,156,1
9719,31,0
9720,109,1
9721,132,1
9722,33,1
9723,136,1
9724,98,1
9725,149,1
9726,54,1
9727,171,1
9728,96,1
9729,170,0
9730,86,1
9731,173,1
9732,200,0
9733,177,1
9734,84,1
9735,115,1
9736,145,1
9737,38,1
9738,47,1
9739,81,1
9740,113,1
9741,63,1
9742,67,1
9743,75,1
9744,28,1
9745,131,1
9746,152,1
9747,94,1
9748,79,1
9749,200,0
9750,138,1
9751,141,1
9752,47,1
9753,49,1
9754,63,1
9755,109,1
9756,70,1
9757,159,1
9758,94,1
9759,47,0
9760,52,1
9761,47,1
9762,33,1
9763,116,1
9764,54,1
9765,127,1
9766,119,1
9767,77,1
9768,29,0
9769,112,1
9770,175,1
9771,61,1
9772,122,1
9773,115,1
9774,119,1
9775,88,1
9776,95,1
9777,92,1
9778,200,0
9779,168,1
9780,141,1
9781,98,1
9782,39,1
9783,129,1
9784,53,1
9785,55,1
9786,132,1
9787,31,1
9788,130,1
9789,93,1
9790,124,1
9791,164,1
9792,200,0
9793,58,1
9794,183,1
9795,66,1
9796,71,1
9797,40,1
9798,142,1
9799,115,1
9800,132,1
9801,82,1
9802,153,1
9803,54,1
9804,193,1
9805,27,1
9806,83,1
9807,59,1
9808,93,1
9809,37,1
9810,191,1
9811,68,1
9812,128,1
9813,68,1
9814,57,1
9815,54,1
9816,78,1
9817,79,1
9818,109,1
9819,153,1
9820,71,1
9821,98,1
9822,117,1
9823,53,1
9824,52,1
9825,95,1
9826,35,1
9827,88,1
9828,65,1
9829,87,0
9830,40,1
9831,42,0
9832,200,0
9833,57,1
9834,152,1
9835,76,1
9836,116,1
9837,136,1
9838,194,1
9839,48,1
9840,93,1
9841,132,1
9842,63,1
9843,34,0
9844,167,1
9845,31,1
9846,164,1
9847,70,1
9848,45,1
9849,46,1
9850,171,1
9851,150,1
9852,44,1
9853,50,1
9854,67,1
9855,110,1
9856,75,1
9857,86,1
9858,75,1
9859,200,0
9860,47,1
9861,74,1
9862,129,1
9863,125,1
9864,51,1
9865,94,1
9866,71,1
9867,67,1
9868,132,1
9869,60,1
9870,51,1
9871,58,0
9872,130,1
9873,44,1
9874,69,1
9875,111,1
9876,126,0
9877,145,1
9878,35,1
9879,61,1
9880,53,1
9881,130,0
9882,45,1
9883,200,0
9884,168,1
9885,74,1
9886,124,1
9887,123,1
9888,131,1
9889,75,1
9890,39,1
9891,187,1
9892,70,1
9893,83,1
9894,172,1
9895,92,1
9896,66,1
9897,75,1
9898,88,1
9899,48,1
9900,154,1
9901,42,1
9902,64,1
9903,163,1
9904,200,0
9905,181,1
9906,51,1
9907,54,1
9908,41,1
9909,96,1
9910,130,1
9911,40,0
9912,71,0
9913,200,0
9914,105,1
9915,40,1
9916,96,1
9917,65,1
9918,40,1
9919,62,1
9920,123,1
9921,74,1
9922,56,1
9923,152,1
9924,30,1
9925,71,1
9926,104,1
9927,93,1
9928,200,0
9929,55,1
9930,41,0
9931,46,0
9932,90,0
9933,68,1
9934,32,1
9935,76,1
9936,50,1
9937,139,0
9938,178,1
9939,122,1
9940,77,1
9941,118,1
9942,53,1
9943,158,1
9944,32,1
9945,165,1
9946,46,1
9947,75,1
9948,80,1
9949,106,1
9950,50,1
9951,198,1
9952,76,1
9953,53,1
9954,56,1
9955,43,1
9956,49,1
9957,56,1
9958,73,1
9959,40,1
9960,165,1
9961,77,1
9962,113,1
9963,74,1
9964,39,0
9965,55,1
9966,82,1
9967,91,1
9968,58,1
9969,60,1
9970,61,0
9971,57,1
9972,159,1
9973,196,1
9974,47,1
9975,27,0
9976,167,0
9977,45,1
9978,200,0
9979,83,1
9980,38,1
9981,66,1
9982,115,1
9983,89,1
9984,105,1
9985,38,1
9986,41,1
9987,43,0
9988,152,1
9989,67,1
9990,140,1
9991,71,1
9992,36,1
9993,139,1
9994,147,1
9995,54,1
9996,24,1
9997,123,1
9998,140,1
9999,58,1
