episode,steps,reward
0,15,0
1,34,0
2,65,0
3,18,0
4,75,0
5,44,0
6,41,0
7,13,0
8,103,0
9,32,0
10,5,0
11,13,0
12,29,0
13,105,0
14,7,0
15,32,0
16,37,0
17,28,0
18,43,0
19,80,0
20,12,0
21,25,0
22,7,0
23,26,0
24,13,0
25,22,0
26,50,0
27,6,0
28,84,0
29,60,0
30,11,0
31,22,0
32,56,0
33,25,0
34,18,0
35,57,0
36,9,0
37,28,0
38,54,0
39,8,0
40,9,0
41,16,0
42,49,0
43,20,0
44,9,0
45,6,0
46,19,0
47,22,0
48,32,0
49,19,0
50,10,0
51,55,0
52,40,0
53,35,0
54,13,0
55,15,0
56,28,0
57,12,0
58,30,0
59,5,0
60,9,0
61,24,0
62,7,0
63,8,0
64,14,0
65,13,0
66,16,0
67,47,0
68,9,0
69,21,0
70,12,0
71,19,0
72,20,0
73,5,0
74,11,0
75,8,0
76,5,0
77,6,0
78,41,0
79,7,0
80,9,0
81,27,0
82,6,0
83,22,0
84,13,0
85,16,0
86,9,0
87,30,0
88,17,0
89,10,0
90,6,0
91,27,0
92,9,0
93,16,0
94,24,0
95,28,0
96,53,0
97,44,0
98,18,0
99,12,0
100,25,0
101,21,0
102,31,0
103,19,0
104,9,0
105,12,0
106,38,0
107,13,0
108,16,0
109,28,0
110,16,0
111,14,0
112,16,0
113,42,0
114,27,0
115,22,0
116,18,0
117,20,0
118,9,0
119,18,0
120,16,0
121,44,0
122,13,0
123,11,0
124,8,0
125,27,0
126,22,0
127,14,0
128,25,0
129,53,0
130,10,0
131,36,0
132,30,0
133,7,0
134,20,0
135,37,0
136,25,0
137,11,0
138,14,0
139,9,0
140,31,0
141,13,0
142,8,0
143,17,0
144,16,0
145,74,0
146,11,0
147,20,0
148,22,0
149,14,0
150,14,0
151,70,1
152,13,0
153,19,0
154,19,0
155,52,0
156,13,0
157,39,0
158,21,0
159,15,0
160,15,0
161,15,0
162,14,0
163,21,0
164,17,0
165,8,0
166,17,0
167,21,0
168,9,0
169,34,0
170,28,0
171,34,0
172,18,0
173,47,0
174,13,0
175,27,0
176,8,0
177,8,0
178,20,0
179,19,0
180,32,0
181,14,0
182,23,0
183,28,0
184,11,0
185,12,0
186,12,0
187,9,0
188,28,0
189,27,0
190,21,0
191,24,0
192,28,0
193,14,0
194,50,0
195,15,0
196,22,0
197,33,0
198,15,0
199,29,0
200,11,0
201,27,0
202,20,0
203,7,0
204,72,0
205,13,0
206,25,0
207,21,0
208,7,0
209,54,0
210,39,0
211,40,0
212,25,0
213,37,0
214,7,0
215,20,0
216,24,0
217,52,0
218,9,0
219,12,0
220,15,0
221,31,0
222,21,0
223,40,0
224,10,0
225,22,0
226,14,0
227,57,0
228,16,0
229,48,0
230,10,0
231,16,0
232,32,0
233,55,0
234,10,0
235,39,0
236,72,0
237,51,0
238,31,0
239,28,0
240,67,0
241,18,0
242,11,0
243,42,0
244,15,0
245,80,0
246,19,0
247,25,0
248,18,0
249,56,0
250,12,0
251,31,0
252,24,0
253,30,0
254,29,0
255,58,0
256,27,0
257,15,0
258,7,0
259,20,0
260,31,0
261,8,0
262,41,0
263,66,0
264,53,0
265,31,0
266,42,0
267,34,0
268,37,0
269,22,0
270,11,0
271,49,0
272,58,0
273,29,0
274,25,0
275,24,0
276,25,0
277,85,0
278,18,0
279,142,0
280,55,0
281,14,0
282,87,0
283,12,0
284,58,0
285,15,0
286,23,0
287,53,0
288,36,0
289,39,0
290,26,0
291,41,0
292,19,0
293,98,0
294,22,0
295,67,0
296,39,1
297,17,0
298,36,0
299,29,0
300,13,0
301,52,0
302,50,0
303,32,0
304,30,0
305,39,0
306,50,0
307,26,0
308,43,1
309,36,1
310,40,0
311,28,0
312,43,0
313,43,0
314,60,0
315,23,0
316,12,0
317,50,0
318,22,0
319,11,0
320,50,0
321,37,0
322,17,0
323,12,0
324,14,0
325,55,0
326,51,0
327,70,0
328,32,0
329,66,0
330,23,0
331,56,0
332,97,0
333,72,0
334,90,0
335,29,0
336,15,0
337,28,0
338,51,0
339,36,1
340,15,0
341,120,0
342,11,0
343,38,0
344,33,0
345,29,0
346,34,0
347,27,0
348,79,0
349,43,0
350,45,0
351,97,0
352,36,0
353,54,0
354,35,0
355,69,0
356,25,0
357,75,0
358,127,0
359,29,0
360,76,0
361,42,0
362,170,0
363,30,0
364,47,0
365,48,0
366,16,0
367,32,0
368,12,0
369,37,0
370,43,0
371,31,0
372,119,0
373,26,0
374,72,0
375,53,1
376,117,0
377,80,0
378,65,0
379,116,0
380,9,0
381,26,0
382,39,0
383,64,1
384,25,0
385,20,0
386,48,0
387,51,1
388,48,0
389,8,0
390,30,1
391,23,0
392,35,0
393,45,0
394,71,0
395,9,0
396,50,0
397,35,0
398,29,0
399,33,0
400,16,0
401,36,0
402,27,1
403,59,0
404,41,0
405,39,0
406,14,0
407,69,0
408,31,0
409,39,0
410,12,0
411,30,1
412,54,0
413,99,0
414,46,0
415,100,0
416,9,0
417,51,0
418,135,0
419,9,0
420,61,0
421,50,0
422,50,0
423,61,1
424,17,0
425,60,1
426,52,0
427,122,0
428,77,0
429,65,0
430,42,0
431,60,1
432,89,0
433,36,0
434,29,0
435,39,0
436,33,1
437,50,0
438,21,0
439,58,0
440,69,1
441,57,0
442,86,0
443,13,0
444,24,0
445,43,0
446,39,0
447,46,1
448,64,0
449,43,1
450,59,0
451,132,1
452,49,1
453,76,0
454,25,0
455,23,0
456,50,0
457,37,1
458,48,1
459,72,0
460,13,0
461,33,0
462,51,0
463,59,0
464,41,0
465,25,0
466,53,0
467,12,0
468,28,0
469,60,0
470,35,0
471,62,0
472,59,0
473,32,0
474,19,0
475,34,1
476,52,1
477,22,0
478,44,0
479,16,0
480,80,0
481,33,0
482,27,0
483,17,0
484,23,0
485,31,0
486,51,1
487,51,0
488,54,0
489,43,0
490,47,0
491,51,0
492,70,0
493,77,0
494,15,0
495,40,0
496,47,0
497,90,0
498,23,0
499,18,0
500,103,0
501,66,0
502,39,0
503,15,0
504,35,0
505,57,0
506,25,0
507,64,0
508,45,0
509,90,0
510,53,0
511,200,0
512,103,0
513,72,0
514,22,0
515,44,0
516,28,0
517,87,0
518,30,0
519,200,0
520,73,0
521,23,0
522,54,0
523,54,0
524,101,0
525,34,0
526,101,0
527,56,0
528,58,0
529,105,0
530,176,0
531,18,0
532,37,0
533,38,0
534,121,0
535,58,0
536,57,0
537,152,0
538,8,0
539,50,0
540,17,0
541,76,0
542,69,0
543,88,0
544,21,0
545,35,0
546,7,0
547,49,0
548,200,0
549,68,0
550,51,0
551,102,0
552,24,0
553,27,0
554,80,0
555,7,0
556,26,0
557,63,0
558,20,0
559,23,0
560,66,0
561,29,0
562,59,0
563,60,0
564,197,0
565,50,0
566,38,0
567,112,0
568,43,0
569,80,0
570,56,0
571,70,0
572,31,0
573,44,0
574,49,0
575,91,0
576,19,0
577,98,0
578,200,0
579,31,0
580,68,0
581,65,0
582,45,0
583,38,0
584,61,0
585,98,0
586,73,0
587,49,0
588,59,0
589,67,0
590,64,0
591,89,0
592,89,0
593,31,0
594,84,0
595,67,1
596,48,0
597,58,0
598,90,0
599,43,0
600,32,0
601,65,0
602,29,0
603,200,0
604,60,0
605,15,0
606,91,0
607,76,0
608,11,0
609,81,0
610,162,0
611,91,0
612,99,0
613,117,0
614,200,0
615,118,0
616,89,0
617,18,0
618,31,0
619,45,0
620,36,0
621,11,0
622,85,0
623,196,0
624,37,0
625,39,0
626,76,0
627,131,0
628,59,0
629,49,0
630,47,0
631,29,0
632,191,0
633,31,0
634,90,0
635,60,0
636,86,0
637,173,0
638,49,0
639,113,0
640,21,0
641,136,0
642,73,0
643,133,0
644,27,0
645,108,0
646,43,0
647,177,0
648,200,0
649,66,0
650,131,0
651,96,0
652,60,0
653,30,0
654,59,0
655,79,0
656,9,0
657,177,0
658,48,0
659,186,0
660,58,0
661,40,0
662,200,0
663,73,0
664,24,0
665,61,0
666,92,0
667,79,0
668,62,0
669,200,0
670,82,0
671,57,0
672,30,0
673,108,0
674,46,0
675,41,0
676,54,0
677,75,0
678,63,0
679,24,0
680,74,0
681,26,0
682,200,0
683,128,0
684,11,0
685,53,0
686,71,0
687,129,0
688,46,0
689,104,0
690,64,0
691,12,0
692,200,0
693,68,0
694,128,0
695,108,0
696,101,0
697,145,0
698,64,0
699,18,0
700,67,0
701,49,0
702,26,0
703,133,0
704,168,0
705,186,0
706,128,0
707,17,0
708,89,0
709,43,0
710,46,0
711,70,0
712,57,0
713,52,0
714,57,1
715,50,0
716,30,0
717,121,0
718,200,0
719,45,0
720,200,0
721,54,0
722,197,0
723,110,0
724,31,0
725,38,0
726,119,0
727,113,0
728,70,0
729,9,0
730,95,0
731,38,0
732,90,0
733,92,0
734,27,0
735,71,0
736,51,0
737,30,0
738,139,0
739,150,0
740,85,0
741,71,0
742,108,0
743,200,0
744,135,0
745,75,0
746,94,0
747,143,0
748,101,0
749,24,0
750,48,0
751,50,0
752,38,0
753,50,0
754,144,0
755,78,0
756,35,0
757,71,0
758,98,0
759,117,0
760,55,0
761,157,0
762,41,0
763,22,0
764,26,0
765,26,0
766,33,0
767,134,0
768,47,0
769,83,0
770,165,0
771,70,0
772,16,0
773,12,0
774,126,0
775,82,0
776,70,0
777,93,0
778,61,0
779,48,0
780,18,0
781,91,0
782,123,0
783,30,0
784,36,0
785,19,0
786,93,0
787,101,0
788,22,0
789,29,0
790,10,0
791,93,0
792,98,0
793,130,0
794,12,0
795,31,0
796,20,0
797,15,0
798,91,0
799,97,0
800,54,0
801,115,0
802,200,0
803,200,0
804,150,0
805,73,0
806,24,0
807,60,0
808,200,0
809,200,0
810,86,0
811,65,0
812,78,0
813,22,0
814,41,0
815,59,0
816,57,0
817,110,0
818,200,0
819,57,0
820,48,1
821,11,0
822,123,0
823,23,0
824,73,0
825,200,0
826,135,0
827,83,0
828,11,0
829,105,0
830,200,0
831,172,0
832,200,0
833,80,0
834,89,1
835,23,0
836,84,0
837,97,0
838,141,0
839,105,0
840,15,0
841,53,0
842,104,0
843,200,0
844,142,0
845,188,0
846,128,0
847,195,0
848,133,0
849,200,0
850,69,0
851,84,0
852,159,0
853,185,0
854,25,0
855,163,0
856,114,0
857,37,0
858,174,0
859,42,0
860,28,0
861,73,0
862,85,0
863,52,1
864,144,0
865,47,0
866,200,0
867,48,0
868,77,0
869,50,0
870,118,0
871,44,0
872,89,1
873,173,0
874,76,0
875,192,0
876,200,0
877,114,0
878,102,0
879,66,0
880,74,0
881,97,1
882,53,0
883,79,0
884,48,0
885,200,0
886,103,0
887,61,0
888,200,0
889,58,0
890,125,0
891,123,0
892,106,0
893,39,0
894,198,0
895,35,0
896,139,0
897,78,0
898,86,0
899,113,0
900,67,0
901,132,0
902,59,0
903,105,0
904,149,0
905,157,0
906,128,0
907,55,0
908,144,0
909,147,0
910,90,0
911,130,0
912,112,0
913,45,0
914,80,0
915,28,0
916,73,0
917,15,0
918,56,0
919,90,0
920,91,0
921,97,0
922,78,0
923,45,0
924,200,0
925,44,0
926,14,0
927,39,0
928,78,0
929,22,0
930,86,0
931,79,0
932,84,0
933,22,0
934,116,0
935,57,0
936,46,0
937,121,0
938,59,0
939,169,0
940,67,1
941,135,0
942,35,0
943,41,0
944,85,0
945,88,0
946,51,0
947,99,0
948,21,0
949,200,0
950,200,0
951,32,0
952,35,0
953,122,0
954,93,0
955,120,0
956,98,0
957,150,0
958,105,0
959,35,0
960,104,0
961,22,0
962,61,0
963,113,1
964,124,0
965,79,0
966,138,0
967,119,0
968,53,0
969,200,0
970,98,0
971,200,0
972,61,0
973,91,0
974,95,0
975,89,0
976,174,0
977,51,0
978,98,0
979,53,0
980,80,0
981,99,1
982,62,0
983,70,0
984,15,0
985,64,0
986,50,0
987,31,0
988,26,0
989,67,0
990,140,0
991,125,0
992,78,0
993,105,0
994,39,0
995,20,0
996,154,0
997,51,1
998,74,0
999,107,0
1000,42,0
1001,200,0
1002,200,0
1003,18,0
1004,188,0
1005,72,0
1006,98,0
1007,12,0
1008,97,1
1009,65,0
1010,39,0
1011,92,0
1012,85,0
1013,149,0
1014,43,0
1015,145,0
1016,67,0
1017,105,0
1018,134,0
1019,67,0
1020,107,0
1021,189,0
1022,168,0
1023,35,1
1024,168,0
1025,75,0
1026,103,0
1027,200,0
1028,200,0
1029,117,0
1030,64,0
1031,12,0
1032,34,0
1033,82,0
1034,175,0
1035,13,0
1036,16,0
1037,36,0
1038,20,0
1039,200,0
1040,112,0
1041,71,1
1042,47,0
1043,20,0
1044,108,0
1045,62,0
1046,98,0
1047,54,0
1048,200,0
1049,81,0
1050,106,0
1051,43,0
1052,78,0
1053,31,0
1054,36,0
1055,9,0
1056,200,0
1057,66,0
1058,77,0
1059,96,0
1060,29,1
1061,159,0
1062,200,0
1063,29,0
1064,39,0
1065,69,0
1066,45,0
1067,161,0
1068,91,0
1069,111,1
1070,76,0
1071,41,0
1072,36,1
1073,85,1
1074,38,0
1075,52,0
1076,120,0
1077,16,0
1078,33,0
1079,192,0
1080,56,0
1081,200,0
1082,172,0
1083,62,1
1084,42,0
1085,14,0
1086,59,0
1087,150,0
1088,103,0
1089,32,0
1090,73,0
1091,125,0
1092,37,0
1093,34,0
1094,200,0
1095,183,0
1096,17,0
1097,194,0
1098,11,0
1099,99,0
1100,93,0
1101,165,0
1102,84,1
1103,51,0
1104,35,0
1105,71,0
1106,52,0
1107,74,0
1108,158,1
1109,86,0
1110,102,0
1111,39,0
1112,200,0
1113,200,0
1114,67,0
1115,70,0
1116,92,0
1117,200,0
1118,137,0
1119,192,0
1120,36,0
1121,31,0
1122,40,0
1123,77,0
1124,29,0
1125,102,0
1126,131,0
1127,52,0
1128,90,0
1129,38,0
1130,78,0
1131,19,0
1132,46,0
1133,200,0
1134,171,0
1135,66,0
1136,24,0
1137,118,0
1138,65,0
1139,166,0
1140,30,0
1141,72,0
1142,59,0
1143,200,0
1144,122,0
1145,104,0
1146,200,0
1147,113,0
1148,98,0
1149,29,0
1150,56,0
1151,42,0
1152,126,0
1153,78,0
1154,161,0
1155,187,0
1156,152,0
1157,139,0
1158,38,1
1159,200,0
1160,102,0
1161,78,0
1162,200,0
1163,200,0
1164,18,0
1165,126,0
1166,172,0
1167,72,0
1168,48,1
1169,97,0
1170,43,0
1171,38,0
1172,160,0
1173,93,0
1174,92,0
1175,34,0
1176,16,0
1177,146,0
1178,170,0
1179,11,0
1180,91,0
1181,101,0
1182,94,0
1183,89,0
1184,139,0
1185,83,0
1186,160,0
1187,53,0
1188,125,0
1189,99,0
1190,108,0
1191,151,0
1192,18,0
1193,90,0
1194,64,0
1195,60,0
1196,13,0
1197,8,0
1198,79,0
1199,163,0
1200,60,0
1201,82,0
1202,200,0
1203,192,0
1204,145,0
1205,21,0
1206,21,0
1207,96,0
1208,159,1
1209,78,0
1210,146,1
1211,174,0
1212,51,0
1213,68,0
1214,105,0
1215,88,0
1216,68,0
1217,43,0
1218,64,0
1219,74,0
1220,200,0
1221,14,0
1222,126,0
1223,176,0
1224,64,0
1225,194,0
1226,141,0
1227,54,0
1228,78,0
1229,130,0
1230,118,0
1231,160,0
1232,175,0
1233,86,0
1234,63,0
1235,84,0
1236,80,0
1237,94,1
1238,66,0
1239,36,1
1240,32,0
1241,96,1
1242,67,0
1243,27,0
1244,83,1
1245,80,1
1246,69,0
1247,93,1
1248,53,1
1249,69,1
1250,20,0
1251,53,1
1252,22,0
1253,81,1
1254,28,0
1255,39,1
1256,69,1
1257,80,1
1258,52,1
1259,75,1
1260,56,0
1261,66,1
1262,58,0
1263,30,1
1264,14,0
1265,50,1
1266,57,1
1267,99,1
1268,102,1
1269,34,1
1270,47,1
1271,52,0
1272,120,0
1273,61,0
1274,102,1
1275,41,1
1276,55,0
1277,181,1
1278,32,0
1279,61,1
1280,48,1
1281,39,1
1282,41,1
1283,34,1
1284,106,1
1285,34,1
1286,81,0
1287,95,1
1288,48,1
1289,84,1
1290,22,1
1291,84,1
1292,60,1
1293,95,1
1294,42,1
1295,41,1
1296,71,1
1297,46,0
1298,71,1
1299,60,1
1300,37,1
1301,54,1
1302,7,0
1303,60,1
1304,90,0
1305,32,1
1306,59,1
1307,20,0
1308,57,1
1309,142,1
1310,18,0
1311,32,1
1312,65,0
1313,16,0
1314,118,1
1315,68,1
1316,193,1
1317,25,1
1318,78,0
1319,59,0
1320,50,0
1321,154,0
1322,83,1
1323,84,1
1324,127,1
1325,66,1
1326,103,1
1327,41,1
1328,36,1
1329,44,0
1330,48,1
1331,37,0
1332,62,1
1333,10,0
1334,200,0
1335,87,1
1336,200,0
1337,120,1
1338,42,0
1339,87,1
1340,40,1
1341,12,0
1342,42,1
1343,94,1
1344,148,1
1345,50,1
1346,15,0
1347,82,1
1348,11,0
1349,98,1
1350,40,1
1351,94,1
1352,26,1
1353,65,1
1354,43,1
1355,51,1
1356,62,1
1357,42,1
1358,38,1
1359,123,1
1360,123,1
1361,63,1
1362,41,0
1363,72,1
1364,83,1
1365,102,1
1366,49,0
1367,44,1
1368,128,1
1369,65,1
1370,27,1
1371,43,1
1372,51,1
1373,67,0
1374,63,1
1375,90,1
1376,66,1
1377,22,1
1378,126,1
1379,48,1
1380,33,0
1381,150,1
1382,127,1
1383,105,1
1384,52,1
1385,32,1
1386,20,0
1387,67,1
1388,86,1
1389,16,0
1390,38,1
1391,78,1
1392,97,0
1393,40,1
1394,31,1
1395,40,1
1396,91,0
1397,70,0
1398,135,1
1399,18,0
1400,92,1
1401,119,1
1402,89,1
1403,29,1
1404,55,1
1405,200,0
1406,57,1
1407,147,1
1408,27,0
1409,101,1
1410,50,1
1411,66,1
1412,91,1
1413,34,1
1414,74,1
1415,13,0
1416,50,1
1417,94,0
1418,63,1
1419,72,1
1420,61,0
1421,28,0
1422,41,0
1423,44,0
1424,40,0
1425,67,0
1426,45,0
1427,51,1
1428,58,1
1429,28,0
1430,200,0
1431,27,1
1432,25,0
1433,100,1
1434,42,1
1435,42,1
1436,124,1
1437,37,1
1438,30,0
1439,94,1
1440,45,1
1441,53,0
1442,200,1
1443,21,0
1444,142,1
1445,47,1
1446,33,1
1447,120,0
1448,45,1
1449,97,1
1450,43,1
1451,78,1
1452,40,1
1453,43,1
1454,46,1
1455,33,0
1456,40,1
1457,71,1
1458,27,1
1459,149,1
1460,167,1
1461,53,1
1462,54,1
1463,74,1
1464,186,1
1465,174,1
1466,72,1
1467,71,1
1468,70,1
1469,129,1
1470,92,0
1471,55,1
1472,28,1
1473,23,0
1474,200,0
1475,83,1
1476,106,1
1477,25,0
1478,57,1
1479,54,1
1480,9,0
1481,61,1
1482,63,0
1483,133,1
1484,33,0
1485,200,0
1486,18,0
1487,173,1
1488,28,0
1489,44,1
1490,46,0
1491,34,1
1492,63,1
1493,30,0
1494,60,1
1495,44,0
1496,50,1
1497,37,1
1498,42,1
1499,61,0
1500,76,1
1501,105,1
1502,55,1
1503,16,0
1504,69,0
1505,55,0
1506,18,0
1507,38,0
1508,101,0
1509,97,0
1510,95,1
1511,76,1
1512,38,1
1513,12,0
1514,41,1
1515,105,0
1516,12,0
1517,35,1
1518,90,0
1519,52,0
1520,30,1
1521,69,0
1522,36,0
1523,87,0
1524,51,1
1525,71,1
1526,124,0
1527,119,1
1528,115,1
1529,38,0
1530,64,1
1531,42,1
1532,50,1
1533,10,0
1534,43,0
1535,37,1
1536,52,1
1537,106,1
1538,60,1
1539,53,1
1540,127,1
1541,38,1
1542,81,1
1543,74,1
1544,109,1
1545,90,1
1546,100,0
1547,27,1
1548,61,0
1549,69,0
1550,74,1
1551,79,1
1552,39,1
1553,66,1
1554,62,1
1555,23,1
1556,50,0
1557,40,0
1558,16,0
1559,71,0
1560,45,1
1561,44,0
1562,7,0
1563,122,1
1564,51,1
1565,10,0
1566,108,1
1567,61,1
1568,42,1
1569,25,1
1570,60,1
1571,76,0
1572,29,1
1573,59,1
1574,68,0
1575,28,1
1576,56,0
1577,32,1
1578,32,1
1579,200,0
1580,46,0
1581,134,1
1582,29,1
1583,107,1
1584,22,0
1585,63,1
1586,32,1
1587,38,1
1588,36,0
1589,87,1
1590,32,0
1591,65,1
1592,28,0
1593,27,0
1594,80,0
1595,128,0
1596,54,1
1597,37,1
1598,42,1
1599,26,0
1600,71,1
1601,52,1
1602,59,0
1603,45,1
1604,123,1
1605,34,1
1606,56,1
1607,132,1
1608,30,1
1609,60,1
1610,43,1
1611,23,1
1612,44,1
1613,107,1
1614,159,1
1615,39,1
1616,21,0
1617,51,0
1618,50,0
1619,90,1
1620,133,1
1621,59,1
1622,51,1
1623,69,1
1624,61,1
1625,33,1
1626,94,0
1627,29,0
1628,54,1
1629,30,0
1630,150,1
1631,17,0
1632,56,0
1633,89,1
1634,76,0
1635,48,1
1636,18,0
1637,59,1
1638,49,1
1639,76,0
1640,35,0
1641,28,1
1642,131,1
1643,102,0
1644,50,1
1645,153,1
1646,53,1
1647,36,1
1648,10,0
1649,136,1
1650,172,1
1651,105,0
1652,88,1
1653,35,1
1654,104,1
1655,75,1
1656,14,0
1657,38,1
1658,43,1
1659,70,0
1660,41,1
1661,54,1
1662,110,1
1663,71,1
1664,90,1
1665,15,0
1666,52,1
1667,153,1
1668,90,1
1669,37,1
1670,9,0
1671,94,1
1672,150,1
1673,68,1
1674,90,1
1675,48,1
1676,56,1
1677,71,1
1678,56,1
1679,59,1
1680,73,0
1681,15,0
1682,180,0
1683,59,0
1684,53,1
1685,61,1
1686,35,1
1687,74,1
1688,65,1
1689,69,0
1690,87,1
1691,44,1
1692,21,0
1693,76,1
1694,33,1
1695,72,1
1696,96,1
1697,42,1
1698,68,1
1699,91,1
1700,72,0
1701,158,1
1702,42,1
1703,58,1
1704,34,1
1705,52,1
1706,35,0
1707,43,0
1708,37,1
1709,29,0
1710,74,0
1711,51,1
1712,41,1
1713,104,0
1714,30,1
1715,63,1
1716,13,0
1717,121,1
1718,84,0
1719,48,1
1720,84,0
1721,12,0
1722,23,0
1723,43,1
1724,51,0
1725,84,1
1726,69,1
1727,38,0
1728,46,1
1729,60,1
1730,75,1
1731,66,1
1732,73,1
1733,46,0
1734,132,1
1735,35,1
1736,68,0
1737,106,1
1738,61,1
1739,69,1
1740,47,1
1741,48,1
1742,35,1
1743,105,1
1744,37,1
1745,48,1
1746,55,1
1747,99,1
1748,9,0
1749,44,1
1750,56,0
1751,200,0
1752,21,0
1753,42,0
1754,47,0
1755,40,0
1756,56,0
1757,45,1
1758,62,1
1759,81,0
1760,45,0
1761,58,0
1762,41,1
1763,65,0
1764,53,0
1765,54,1
1766,36,0
1767,200,0
1768,161,1
1769,48,0
1770,110,1
1771,25,0
1772,161,1
1773,48,0
1774,30,1
1775,163,1
1776,142,1
1777,60,1
1778,79,1
1779,137,1
1780,71,1
1781,54,1
1782,97,1
1783,64,1
1784,69,1
1785,18,1
1786,155,1
1787,44,1
1788,43,1
1789,98,1
1790,75,1
1791,95,1
1792,159,0
1793,42,1
1794,92,1
1795,45,1
1796,39,0
1797,200,0
1798,68,1
1799,34,0
1800,134,1
1801,46,1
1802,123,1
1803,94,1
1804,99,1
1805,71,1
1806,37,1
1807,36,1
1808,56,1
1809,51,1
1810,27,0
1811,121,1
1812,113,1
1813,67,0
1814,73,1
1815,123,1
1816,70,0
1817,143,1
1818,45,1
1819,52,0
1820,12,0
1821,114,1
1822,76,0
1823,24,1
1824,115,1
1825,53,1
1826,41,1
1827,56,0
1828,35,0
1829,94,1
1830,35,0
1831,43,1
1832,66,0
1833,35,0
1834,38,1
1835,122,1
1836,71,1
1837,63,1
1838,58,1
1839,36,0
1840,85,1
1841,104,1
1842,48,1
1843,18,0
1844,34,0
1845,151,0
1846,99,1
1847,47,1
1848,92,1
1849,48,1
1850,43,1
1851,58,1
1852,124,1
1853,42,1
1854,79,1
1855,60,1
1856,44,1
1857,85,1
1858,29,0
1859,11,0
1860,96,1
1861,87,0
1862,118,1
1863,134,0
1864,45,0
1865,50,1
1866,114,1
1867,82,1
1868,103,0
1869,15,0
1870,48,1
1871,200,0
1872,55,1
1873,76,1
1874,48,1
1875,88,1
1876,33,1
1877,51,0
1878,62,1
1879,36,1
1880,53,1
1881,44,1
1882,157,1
1883,40,1
1884,166,1
1885,57,1
1886,65,1
1887,59,1
1888,46,0
1889,23,0
1890,48,1
1891,46,0
1892,35,0
1893,121,1
1894,42,0
1895,78,1
1896,57,1
1897,91,1
1898,49,1
1899,54,1
1900,40,1
1901,46,1
1902,45,1
1903,69,1
1904,97,1
1905,44,0
1906,101,0
1907,117,1
1908,136,1
1909,27,0
1910,147,1
1911,54,1
1912,181,0
1913,59,1
1914,39,0
1915,91,1
1916,48,1
1917,200,0
1918,12,0
1919,129,1
1920,67,0
1921,64,1
1922,85,1
1923,116,1
1924,71,0
1925,52,1
1926,56,0
1927,51,1
1928,42,0
1929,144,1
1930,108,1
1931,158,1
1932,84,0
1933,83,0
1934,32,0
1935,81,1
1936,26,0
1937,200,0
1938,35,0
1939,78,1
1940,25,0
1941,139,0
1942,73,0
1943,33,1
1944,13,0
1945,11,0
1946,78,1
1947,37,0
1948,154,0
1949,17,0
1950,33,1
1951,37,1
1952,40,0
1953,51,1
1954,128,1
1955,50,1
1956,55,0
1957,56,1
1958,113,1
1959,92,1
1960,67,0
1961,37,1
1962,47,1
1963,48,1
1964,24,0
1965,89,1
1966,133,1
1967,46,1
1968,25,0
1969,73,1
1970,60,1
1971,21,0
1972,151,1
1973,200,0
1974,56,1
1975,184,1
1976,76,0
1977,45,1
1978,72,0
1979,98,1
1980,143,1
1981,94,1
1982,140,1
1983,10,0
1984,11,0
1985,31,1
1986,29,1
1987,109,1
1988,45,1
1989,62,1
1990,56,1
1991,24,0
1992,56,1
1993,33,1
1994,173,0
1995,43,1
1996,82,1
1997,66,1
1998,27,0
1999,82,1
2000,80,1
2001,43,0
2002,35,0
2003,44,1
2004,30,0
2005,90,1
2006,140,1
2007,19,0
2008,20,1
2009,125,1
2010,8,0
2011,17,0
2012,85,1
2013,40,1
2014,110,1
2015,64,1
2016,98,1
2017,90,0
2018,155,1
2019,18,0
2020,41,1
2021,106,1
2022,60,1
2023,127,1
2024,93,0
2025,42,0
2026,105,1
2027,39,1
2028,95,1
2029,54,1
2030,10,0
2031,77,1
2032,78,1
2033,39,1
2034,200,0
2035,33,1
2036,124,1
2037,54,1
2038,113,1
2039,96,1
2040,54,1
2041,29,1
2042,49,1
2043,81,1
2044,104,1
2045,28,0
2046,145,1
2047,63,1
2048,76,1
2049,49,0
2050,44,1
2051,71,0
2052,36,0
2053,109,1
2054,49,0
2055,76,1
2056,124,1
2057,47,1
2058,86,1
2059,17,0
2060,61,1
2061,88,0
2062,64,1
2063,138,1
2064,36,0
2065,33,0
2066,72,0
2067,45,1
2068,54,0
2069,69,1
2070,9,0
2071,60,1
2072,67,0
2073,13,0
2074,62,0
2075,59,0
2076,43,1
2077,72,1
2078,24,1
2079,72,1
2080,56,1
2081,58,0
2082,86,1
2083,80,0
2084,60,0
2085,91,1
2086,55,1
2087,63,1
2088,75,0
2089,71,1
2090,56,1
2091,45,1
2092,102,1
2093,78,1
2094,30,0
2095,43,1
2096,57,1
2097,11,0
2098,101,1
2099,32,0
2100,35,1
2101,55,1
2102,55,1
2103,52,0
2104,38,0
2105,200,0
2106,117,1
2107,93,1
2108,146,1
2109,15,0
2110,124,1
2111,99,1
2112,61,0
2113,25,1
2114,59,1
2115,17,0
2116,136,1
2117,28,1
2118,41,1
2119,57,1
2120,13,0
2121,139,0
2122,59,1
2123,59,0
2124,37,0
2125,113,1
2126,59,1
2127,73,1
2128,38,0
2129,66,1
2130,15,0
2131,34,1
2132,54,1
2133,200,0
2134,59,1
2135,18,0
2136,28,0
2137,98,1
2138,37,0
2139,45,1
2140,40,0
2141,15,0
2142,48,1
2143,94,1
2144,25,1
2145,52,1
2146,11,0
2147,45,1
2148,29,1
2149,123,1
2150,12,0
2151,73,1
2152,39,1
2153,40,0
2154,119,1
2155,54,1
2156,47,0
2157,84,1
2158,151,1
2159,121,1
2160,35,1
2161,82,0
2162,32,1
2163,31,1
2164,69,1
2165,19,0
2166,175,1
2167,22,0
2168,49,1
2169,45,1
2170,58,1
2171,33,1
2172,29,0
2173,58,1
2174,36,0
2175,12,0
2176,17,0
2177,99,0
2178,90,1
2179,46,0
2180,31,1
2181,32,1
2182,137,1
2183,175,1
2184,69,1
2185,108,0
2186,53,1
2187,20,0
2188,48,1
2189,65,1
2190,89,1
2191,22,1
2192,75,1
2193,49,1
2194,109,1
2195,75,1
2196,63,1
2197,110,1
2198,25,1
2199,62,1
2200,17,0
2201,103,1
2202,56,0
2203,44,0
2204,16,0
2205,39,1
2206,13,0
2207,35,0
2208,28,0
2209,80,0
2210,61,0
2211,56,0
2212,92,0
2213,59,1
2214,51,1
2215,57,1
2216,181,0
2217,21,0
2218,64,1
2219,52,1
2220,82,1
2221,42,1
2222,63,1
2223,120,1
2224,96,1
2225,85,1
2226,62,1
2227,91,1
2228,9,0
2229,89,1
2230,80,0
2231,21,0
2232,56,1
2233,32,1
2234,76,1
2235,54,1
2236,66,0
2237,66,0
2238,86,1
2239,115,1
2240,93,1
2241,48,1
2242,200,0
2243,7,0
2244,78,1
2245,57,0
2246,64,1
2247,150,1
2248,80,1
2249,29,0
2250,44,1
2251,151,1
2252,43,0
2253,100,1
2254,56,0
2255,38,1
2256,115,1
2257,51,1
2258,31,1
2259,97,1
2260,74,1
2261,64,1
2262,38,0
2263,32,1
2264,104,1
2265,53,1
2266,165,0
2267,144,0
2268,82,0
2269,78,1
2270,178,0
2271,102,0
2272,81,0
2273,37,0
2274,96,1
2275,24,0
2276,52,0
2277,65,0
2278,136,1
2279,38,1
2280,150,1
2281,46,0
2282,10,0
2283,43,1
2284,52,0
2285,63,1
2286,65,1
2287,57,1
2288,80,1
2289,35,1
2290,48,1
2291,105,1
2292,84,0
2293,130,1
2294,36,1
2295,46,1
2296,54,1
2297,27,0
2298,81,1
2299,103,1
2300,155,1
2301,56,1
2302,72,1
2303,65,1
2304,45,1
2305,15,0
2306,168,1
2307,57,1
2308,61,0
2309,56,1
2310,105,1
2311,86,1
2312,53,1
2313,14,0
2314,37,1
2315,63,1
2316,56,0
2317,31,0
2318,48,1
2319,21,0
2320,50,1
2321,21,0
2322,68,1
2323,34,1
2324,179,0
2325,101,1
2326,49,1
2327,78,0
2328,153,0
2329,39,1
2330,72,1
2331,15,0
2332,83,1
2333,63,1
2334,85,1
2335,15,0
2336,33,1
2337,55,1
2338,79,1
2339,65,1
2340,57,1
2341,23,1
2342,58,0
2343,22,1
2344,36,1
2345,36,1
2346,103,1
2347,93,0
2348,67,1
2349,49,1
2350,64,1
2351,85,1
2352,122,1
2353,62,1
2354,53,0
2355,58,1
2356,35,0
2357,92,1
2358,68,1
2359,43,1
2360,63,1
2361,16,0
2362,24,0
2363,122,1
2364,62,1
2365,170,1
2366,71,1
2367,66,1
2368,21,0
2369,28,0
2370,19,0
2371,85,0
2372,112,1
2373,85,1
2374,78,1
2375,35,1
2376,56,1
2377,35,1
2378,35,1
2379,116,1
2380,131,0
2381,70,1
2382,40,1
2383,86,1
2384,102,1
2385,112,0
2386,98,1
2387,24,0
2388,39,0
2389,21,1
2390,48,1
2391,59,1
2392,36,1
2393,100,0
2394,24,0
2395,174,1
2396,121,0
2397,117,1
2398,137,1
2399,51,0
2400,46,1
2401,42,0
2402,67,1
2403,55,0
2404,43,1
2405,47,1
2406,48,0
2407,61,1
2408,55,1
2409,46,0
2410,75,0
2411,151,1
2412,18,0
2413,35,0
2414,34,0
2415,27,1
2416,75,1
2417,74,1
2418,98,1
2419,74,1
2420,46,1
2421,53,1
2422,56,1
2423,77,1
2424,65,1
2425,90,1
2426,45,1
2427,20,0
2428,107,1
2429,186,1
2430,183,0
2431,98,0
2432,47,0
2433,45,0
2434,85,1
2435,14,0
2436,35,1
2437,200,0
2438,67,1
2439,51,1
2440,62,1
2441,15,0
2442,31,0
2443,28,1
2444,46,1
2445,45,0
2446,60,1
2447,81,0
2448,49,1
2449,79,1
2450,78,1
2451,200,0
2452,41,1
2453,46,0
2454,65,1
2455,88,1
2456,80,1
2457,71,1
2458,31,1
2459,120,1
2460,39,0
2461,87,1
2462,174,0
2463,13,0
2464,189,1
2465,94,1
2466,115,1
2467,58,1
2468,29,0
2469,57,1
2470,58,1
2471,39,1
2472,98,0
2473,53,1
2474,70,1
2475,21,0
2476,92,1
2477,30,1
2478,12,0
2479,148,0
2480,134,1
2481,90,0
2482,66,1
2483,42,1
2484,11,0
2485,55,1
2486,200,0
2487,8,0
2488,112,0
2489,84,0
2490,18,0
2491,30,1
2492,130,1
2493,24,0
2494,51,1
2495,33,0
2496,28,0
2497,24,0
2498,71,1
2499,28,1
2500,29,1
2501,60,1
2502,37,1
2503,48,1
2504,82,1
2505,53,0
2506,27,0
2507,57,1
2508,82,0
2509,34,0
2510,125,1
2511,66,1
2512,39,1
2513,12,0
2514,78,1
2515,45,1
2516,44,1
2517,35,0
2518,25,0
2519,9,0
2520,52,1
2521,33,0
2522,144,1
2523,49,1
2524,90,1
2525,41,1
2526,87,0
2527,43,1
2528,23,0
2529,70,0
2530,61,1
2531,30,0
2532,44,0
2533,45,0
2534,173,1
2535,25,1
2536,63,1
2537,24,0
2538,47,1
2539,45,1
2540,25,0
2541,65,0
2542,48,0
2543,52,1
2544,98,1
2545,76,0
2546,88,1
2547,47,1
2548,50,1
2549,33,0
2550,41,0
2551,52,1
2552,44,1
2553,17,0
2554,30,1
2555,126,1
2556,40,0
2557,114,1
2558,54,0
2559,136,1
2560,75,1
2561,98,1
2562,56,1
2563,20,0
2564,55,1
2565,76,0
2566,55,0
2567,26,1
2568,47,1
2569,57,1
2570,41,1
2571,137,1
2572,85,1
2573,23,1
2574,74,1
2575,91,1
2576,23,1
2577,21,0
2578,84,1
2579,56,1
2580,111,1
2581,154,1
2582,48,0
2583,51,1
2584,28,1
2585,90,1
2586,32,1
2587,50,1
2588,45,1
2589,107,0
2590,41,0
2591,147,1
2592,25,0
2593,22,1
2594,51,0
2595,148,1
2596,50,1
2597,93,1
2598,170,0
2599,106,1
2600,98,1
2601,50,1
2602,39,1
2603,62,1
2604,139,1
2605,46,0
2606,11,0
2607,59,1
2608,64,1
2609,29,0
2610,75,1
2611,51,1
2612,116,1
2613,94,1
2614,200,0
2615,31,0
2616,37,1
2617,72,1
2618,53,0
2619,44,0
2620,57,1
2621,126,1
2622,41,0
2623,86,1
2624,76,1
2625,87,1
2626,64,1
2627,70,1
2628,73,1
2629,30,1
2630,63,1
2631,40,1
2632,156,1
2633,40,1
2634,99,1
2635,25,1
2636,50,1
2637,68,1
2638,21,0
2639,180,1
2640,76,1
2641,65,1
2642,51,1
2643,55,0
2644,84,1
2645,50,1
2646,28,0
2647,112,1
2648,11,0
2649,67,1
2650,156,1
2651,113,1
2652,72,1
2653,44,1
2654,32,0
2655,77,1
2656,113,1
2657,91,1
2658,55,1
2659,118,1
2660,64,1
2661,186,0
2662,121,1
2663,78,1
2664,109,0
2665,34,1
2666,47,1
2667,24,1
2668,147,1
2669,48,1
2670,131,1
2671,39,1
2672,139,1
2673,17,1
2674,79,0
2675,23,0
2676,43,1
2677,29,0
2678,101,1
2679,48,1
2680,37,1
2681,21,0
2682,26,0
2683,53,1
2684,62,1
2685,101,1
2686,97,1
2687,200,0
2688,117,1
2689,35,1
2690,44,0
2691,200,0
2692,75,1
2693,62,1
2694,36,1
2695,129,1
2696,9,0
2697,41,1
2698,28,1
2699,32,0
2700,10,0
2701,26,0
2702,10,0
2703,52,1
2704,16,0
2705,66,1
2706,47,1
2707,49,1
2708,23,1
2709,29,1
2710,54,1
2711,16,0
2712,122,0
2713,103,1
2714,136,1
2715,105,1
2716,40,0
2717,60,1
2718,91,1
2719,12,0
2720,82,0
2721,111,1
2722,27,1
2723,76,1
2724,61,1
2725,26,0
2726,81,1
2727,45,0
2728,55,0
2729,9,0
2730,44,1
2731,8,0
2732,200,0
2733,31,1
2734,124,1
2735,37,0
2736,22,0
2737,64,0
2738,40,1
2739,170,1
2740,61,1
2741,66,0
2742,67,1
2743,60,1
2744,33,0
2745,108,0
2746,27,1
2747,161,1
2748,99,1
2749,65,0
2750,33,1
2751,149,0
2752,39,1
2753,76,1
2754,65,1
2755,32,1
2756,99,1
2757,68,1
2758,47,1
2759,85,1
2760,51,1
2761,30,1
2762,116,1
2763,80,1
2764,64,0
2765,37,1
2766,12,0
2767,127,0
2768,16,0
2769,64,1
2770,20,0
2771,95,0
2772,78,1
2773,18,0
2774,17,0
2775,112,1
2776,42,0
2777,79,1
2778,79,1
2779,54,0
2780,63,1
2781,95,1
2782,105,1
2783,35,0
2784,37,1
2785,74,1
2786,28,0
2787,137,0
2788,73,0
2789,24,1
2790,89,1
2791,35,1
2792,106,0
2793,63,1
2794,34,1
2795,53,0
2796,85,1
2797,75,1
2798,129,1
2799,37,0
2800,136,1
2801,31,1
2802,59,1
2803,84,1
2804,57,0
2805,66,1
2806,43,1
2807,87,1
2808,53,1
2809,33,1
2810,53,1
2811,63,1
2812,41,0
2813,46,1
2814,69,0
2815,64,0
2816,141,0
2817,32,0
2818,127,1
2819,63,1
2820,51,1
2821,27,0
2822,40,0
2823,124,0
2824,60,0
2825,68,1
2826,44,1
2827,53,1
2828,54,1
2829,69,0
2830,29,0
2831,58,1
2832,38,1
2833,40,1
2834,43,1
2835,123,0
2836,93,0
2837,17,0
2838,72,0
2839,38,0
2840,63,0
2841,21,0
2842,15,0
2843,64,1
2844,76,1
2845,17,0
2846,72,0
2847,96,0
2848,32,1
2849,63,1
2850,9,0
2851,53,1
2852,106,1
2853,48,0
2854,51,1
2855,31,1
2856,36,0
2857,16,0
2858,41,1
2859,63,1
2860,57,0
2861,197,1
2862,50,1
2863,166,1
2864,43,0
2865,47,0
2866,111,1
2867,86,1
2868,9,0
2869,24,1
2870,116,0
2871,101,1
2872,112,0
2873,101,0
2874,32,1
2875,112,1
2876,64,1
2877,157,1
2878,38,0
2879,82,1
2880,37,0
2881,91,1
2882,140,1
2883,142,1
2884,52,1
2885,76,1
2886,38,1
2887,95,1
2888,107,1
2889,116,1
2890,51,1
2891,68,0
2892,35,1
2893,57,1
2894,19,0
2895,123,1
2896,56,1
2897,77,1
2898,153,1
2899,80,1
2900,101,1
2901,95,0
2902,85,1
2903,38,1
2904,115,1
2905,106,1
2906,200,0
2907,85,1
2908,29,1
2909,66,1
2910,29,1
2911,59,1
2912,84,1
2913,43,1
2914,91,1
2915,68,1
2916,49,1
2917,66,0
2918,34,0
2919,89,1
2920,19,1
2921,24,0
2922,124,1
2923,180,1
2924,60,1
2925,89,1
2926,195,0
2927,128,1
2928,82,1
2929,59,1
2930,55,0
2931,65,1
2932,24,0
2933,112,1
2934,69,0
2935,22,0
2936,63,1
2937,41,1
2938,112,1
2939,24,1
2940,71,1
2941,29,0
2942,50,1
2943,41,1
2944,141,1
2945,94,1
2946,67,0
2947,87,1
2948,120,1
2949,11,0
2950,45,1
2951,28,0
2952,58,1
2953,100,0
2954,36,0
2955,39,1
2956,39,1
2957,79,1
2958,15,0
2959,46,0
2960,127,1
2961,9,0
2962,196,1
2963,76,1
2964,32,1
2965,84,1
2966,68,1
2967,69,1
2968,25,0
2969,54,1
2970,113,1
2971,60,0
2972,120,1
2973,83,1
2974,23,1
2975,157,1
2976,72,0
2977,128,1
2978,52,1
2979,39,0
2980,24,0
2981,80,1
2982,119,0
2983,105,1
2984,122,1
2985,183,1
2986,91,0
2987,34,0
2988,31,0
2989,200,0
2990,33,0
2991,121,0
2992,98,1
2993,38,1
2994,85,1
2995,113,1
2996,58,1
2997,72,1
2998,159,1
2999,52,1
3000,55,1
3001,83,0
3002,108,1
3003,54,1
3004,32,1
3005,35,1
3006,162,1
3007,45,1
3008,59,1
3009,60,1
3010,94,1
3011,47,1
3012,28,1
3013,83,0
3014,80,1
3015,45,1
3016,56,1
3017,151,1
3018,200,0
3019,63,1
3020,56,0
3021,16,0
3022,51,1
3023,59,1
3024,51,1
3025,90,1
3026,23,0
3027,41,0
3028,41,1
3029,64,0
3030,38,1
3031,82,1
3032,88,1
3033,56,1
3034,28,0
3035,52,1
3036,78,1
3037,15,0
3038,70,1
3039,136,1
3040,52,1
3041,65,1
3042,94,1
3043,51,1
3044,111,1
3045,47,0
3046,53,1
3047,200,0
3048,67,1
3049,140,1
3050,183,1
3051,72,1
3052,90,1
3053,79,1
3054,34,1
3055,54,1
3056,111,1
3057,67,1
3058,108,1
3059,76,1
3060,46,1
3061,67,1
3062,157,1
3063,52,1
3064,58,0
3065,33,0
3066,37,0
3067,68,1
3068,45,1
3069,33,0
3070,20,0
3071,68,1
3072,74,0
3073,72,1
3074,40,1
3075,42,1
3076,37,1
3077,47,1
3078,68,1
3079,37,1
3080,147,1
3081,33,0
3082,14,0
3083,56,1
3084,26,0
3085,109,1
3086,94,1
3087,39,1
3088,84,1
3089,23,0
3090,90,1
3091,41,1
3092,137,1
3093,96,1
3094,54,1
3095,90,1
3096,36,1
3097,129,0
3098,38,1
3099,31,1
3100,89,1
3101,39,0
3102,56,1
3103,61,1
3104,74,1
3105,41,0
3106,90,1
3107,83,1
3108,28,0
3109,42,1
3110,98,1
3111,44,1
3112,42,1
3113,33,1
3114,58,1
3115,28,1
3116,82,1
3117,98,1
3118,48,1
3119,105,1
3120,134,0
3121,96,1
3122,25,1
3123,74,1
3124,32,1
3125,24,0
3126,47,1
3127,87,1
3128,75,1
3129,34,1
3130,48,1
3131,41,1
3132,56,1
3133,8,0
3134,9,0
3135,80,1
3136,117,1
3137,88,1
3138,64,1
3139,107,1
3140,49,0
3141,88,1
3142,75,1
3143,88,1
3144,94,0
3145,56,0
3146,77,1
3147,48,1
3148,48,1
3149,78,1
3150,69,1
3151,123,1
3152,14,0
3153,83,1
3154,52,1
3155,43,1
3156,46,1
3157,12,0
3158,111,0
3159,82,1
3160,53,1
3161,60,0
3162,73,1
3163,55,0
3164,28,0
3165,29,1
3166,99,1
3167,52,1
3168,50,1
3169,23,0
3170,61,1
3171,38,1
3172,65,0
3173,12,0
3174,14,0
3175,163,1
3176,39,1
3177,31,1
3178,35,0
3179,55,0
3180,45,1
3181,19,0
3182,143,1
3183,77,1
3184,97,1
3185,42,1
3186,81,0
3187,69,1
3188,142,1
3189,147,1
3190,76,1
3191,89,1
3192,40,1
3193,73,1
3194,42,1
3195,71,1
3196,95,1
3197,49,1
3198,85,0
3199,74,1
3200,32,1
3201,93,0
3202,153,1
3203,193,0
3204,64,1
3205,59,0
3206,15,0
3207,98,0
3208,101,0
3209,71,1
3210,61,1
3211,69,0
3212,161,1
3213,61,1
3214,89,0
3215,30,1
3216,27,0
3217,106,1
3218,112,1
3219,103,1
3220,93,0
3221,46,0
3222,63,1
3223,46,1
3224,48,1
3225,46,0
3226,25,1
3227,65,1
3228,51,1
3229,45,0
3230,56,1
3231,45,0
3232,26,1
3233,53,1
3234,69,0
3235,113,1
3236,74,0
3237,47,0
3238,64,1
3239,32,1
3240,38,1
3241,120,1
3242,70,0
3243,48,1
3244,114,1
3245,30,1
3246,47,0
3247,56,1
3248,44,1
3249,46,0
3250,54,1
3251,87,1
3252,173,1
3253,48,1
3254,39,0
3255,94,1
3256,63,1
3257,89,0
3258,56,1
3259,105,1
3260,30,0
3261,31,1
3262,151,1
3263,60,1
3264,32,0
3265,61,1
3266,47,1
3267,52,1
3268,19,0
3269,74,1
3270,112,1
3271,111,1
3272,48,1
3273,38,1
3274,123,0
3275,12,0
3276,39,1
3277,46,1
3278,83,1
3279,20,0
3280,46,1
3281,47,1
3282,24,0
3283,53,1
3284,99,1
3285,101,1
3286,72,1
3287,39,1
3288,35,0
3289,113,1
3290,32,1
3291,130,1
3292,66,1
3293,83,1
3294,103,0
3295,40,1
3296,76,1
3297,68,1
3298,67,0
3299,78,1
3300,57,1
3301,78,1
3302,51,1
3303,77,1
3304,33,1
3305,46,1
3306,25,1
3307,86,1
3308,90,0
3309,144,1
3310,17,0
3311,73,1
3312,43,1
3313,52,1
3314,24,0
3315,28,0
3316,42,1
3317,73,1
3318,95,1
3319,72,1
3320,49,0
3321,39,1
3322,25,1
3323,115,0
3324,32,0
3325,66,1
3326,74,1
3327,19,0
3328,119,0
3329,33,1
3330,49,1
3331,72,0
3332,65,1
3333,70,1
3334,126,1
3335,58,1
3336,74,1
3337,50,1
3338,46,1
3339,47,1
3340,82,0
3341,73,1
3342,76,1
3343,148,1
3344,62,1
3345,23,1
3346,36,1
3347,13,0
3348,91,1
3349,13,0
3350,63,1
3351,46,1
3352,77,1
3353,47,1
3354,67,1
3355,112,1
3356,96,1
3357,55,0
3358,39,1
3359,54,1
3360,43,1
3361,60,0
3362,27,0
3363,87,0
3364,66,0
3365,88,1
3366,144,1
3367,122,1
3368,18,0
3369,87,1
3370,94,0
3371,15,1
3372,49,0
3373,25,1
3374,119,1
3375,57,1
3376,53,1
3377,57,1
3378,39,1
3379,56,1
3380,113,0
3381,96,0
3382,83,1
3383,16,0
3384,94,1
3385,89,0
3386,61,1
3387,93,0
3388,185,1
3389,57,1
3390,71,1
3391,27,0
3392,94,1
3393,96,1
3394,72,1
3395,107,1
3396,13,0
3397,9,0
3398,47,1
3399,51,1
3400,55,1
3401,66,1
3402,34,1
3403,65,0
3404,79,1
3405,147,1
3406,51,1
3407,34,0
3408,31,0
3409,61,1
3410,44,1
3411,12,0
3412,103,0
3413,57,1
3414,109,1
3415,41,0
3416,115,0
3417,84,1
3418,9,0
3419,137,1
3420,99,0
3421,113,1
3422,33,1
3423,78,0
3424,66,1
3425,67,0
3426,23,0
3427,36,1
3428,30,1
3429,75,1
3430,46,0
3431,23,0
3432,17,0
3433,88,1
3434,64,1
3435,125,1
3436,82,0
3437,37,1
3438,54,0
3439,92,1
3440,44,0
3441,99,1
3442,57,1
3443,51,1
3444,40,0
3445,18,0
3446,67,1
3447,81,1
3448,89,1
3449,200,0
3450,26,0
3451,19,0
3452,24,0
3453,57,1
3454,64,1
3455,36,1
3456,104,0
3457,56,0
3458,53,1
3459,77,1
3460,200,0
3461,45,1
3462,141,1
3463,93,1
3464,50,0
3465,34,0
3466,32,0
3467,47,1
3468,167,1
3469,31,1
3470,21,1
3471,31,0
3472,90,0
3473,21,0
3474,121,1
3475,49,1
3476,35,1
3477,14,0
3478,42,0
3479,78,1
3480,91,1
3481,77,1
3482,12,0
3483,48,1
3484,73,1
3485,142,1
3486,59,0
3487,39,1
3488,50,0
3489,97,1
3490,81,0
3491,165,1
3492,17,0
3493,114,0
3494,69,0
3495,24,1
3496,87,0
3497,104,1
3498,103,1
3499,30,1
3500,135,0
3501,74,1
3502,69,1
3503,10,0
3504,92,1
3505,68,0
3506,109,1
3507,49,1
3508,80,1
3509,46,1
3510,113,1
3511,111,1
3512,92,1
3513,114,0
3514,48,1
3515,108,1
3516,47,1
3517,168,1
3518,41,1
3519,34,0
3520,74,1
3521,104,0
3522,51,1
3523,37,0
3524,82,1
3525,168,1
3526,100,1
3527,38,1
3528,129,1
3529,16,0
3530,57,1
3531,49,1
3532,105,1
3533,76,1
3534,116,1
3535,64,0
3536,109,0
3537,127,1
3538,36,1
3539,61,1
3540,149,0
3541,39,1
3542,88,1
3543,33,1
3544,31,1
3545,109,1
3546,50,1
3547,75,1
3548,39,1
3549,47,0
3550,35,1
3551,72,1
3552,8,0
3553,86,0
3554,40,0
3555,14,0
3556,15,0
3557,76,1
3558,22,0
3559,34,0
3560,40,1
3561,50,1
3562,62,1
3563,72,1
3564,48,1
3565,111,1
3566,156,1
3567,59,0
3568,37,1
3569,68,1
3570,45,1
3571,63,0
3572,27,0
3573,22,0
3574,62,0
3575,64,1
3576,26,1
3577,200,1
3578,15,0
3579,53,1
3580,130,1
3581,30,1
3582,42,1
3583,133,1
3584,111,0
3585,21,0
3586,124,1
3587,58,1
3588,39,1
3589,73,0
3590,143,1
3591,126,1
3592,81,1
3593,99,1
3594,35,0
3595,69,1
3596,77,1
3597,87,0
3598,15,0
3599,59,0
3600,12,0
3601,50,0
3602,45,1
3603,65,1
3604,116,1
3605,28,0
3606,73,1
3607,89,1
3608,82,0
3609,200,0
3610,31,1
3611,69,1
3612,53,0
3613,71,1
3614,21,0
3615,60,1
3616,112,1
3617,80,1
3618,67,1
3619,129,1
3620,20,0
3621,44,1
3622,82,1
3623,9,0
3624,48,1
3625,200,0
3626,38,0
3627,72,1
3628,166,1
3629,98,1
3630,103,0
3631,52,1
3632,50,1
3633,54,1
3634,77,0
3635,72,0
3636,31,1
3637,63,0
3638,41,1
3639,157,0
3640,155,1
3641,21,0
3642,88,1
3643,30,0
3644,56,0
3645,35,0
3646,79,1
3647,77,1
3648,145,0
3649,76,1
3650,60,1
3651,67,1
3652,98,1
3653,86,0
3654,71,1
3655,111,1
3656,38,1
3657,92,0
3658,75,1
3659,41,1
3660,28,0
3661,33,0
3662,54,1
3663,31,0
3664,150,1
3665,79,1
3666,80,1
3667,43,1
3668,58,1
3669,46,1
3670,74,1
3671,55,1
3672,57,0
3673,42,0
3674,127,0
3675,155,0
3676,92,1
3677,52,1
3678,37,0
3679,79,1
3680,69,1
3681,43,1
3682,102,1
3683,80,1
3684,22,0
3685,73,1
3686,58,1
3687,32,1
3688,51,1
3689,11,0
3690,52,1
3691,200,0
3692,40,0
3693,103,1
3694,28,0
3695,14,0
3696,74,1
3697,28,1
3698,92,1
3699,76,1
3700,94,1
3701,84,0
3702,11,0
3703,28,1
3704,41,1
3705,14,0
3706,52,1
3707,34,1
3708,104,1
3709,21,1
3710,86,1
3711,61,1
3712,50,1
3713,77,1
3714,127,1
3715,54,0
3716,19,0
3717,126,1
3718,180,1
3719,57,1
3720,100,1
3721,30,0
3722,89,1
3723,106,1
3724,200,0
3725,59,1
3726,47,1
3727,39,1
3728,83,1
3729,30,0
3730,121,1
3731,21,0
3732,41,1
3733,95,1
3734,200,0
3735,72,1
3736,34,0
3737,137,1
3738,63,1
3739,54,1
3740,64,0
3741,60,1
3742,44,1
3743,120,1
3744,125,0
3745,88,1
3746,81,1
3747,60,1
3748,21,1
3749,69,0
3750,48,1
3751,89,1
3752,43,1
3753,47,1
3754,43,1
3755,60,0
3756,51,1
3757,20,1
3758,14,0
3759,106,1
3760,43,1
3761,75,1
3762,76,1
3763,55,1
3764,56,0
3765,32,1
3766,105,1
3767,70,1
3768,94,1
3769,75,1
3770,131,1
3771,69,0
3772,29,1
3773,84,1
3774,27,1
3775,46,0
3776,14,0
3777,50,1
3778,71,1
3779,44,0
3780,38,1
3781,30,1
3782,39,1
3783,106,1
3784,42,1
3785,56,0
3786,29,0
3787,78,1
3788,56,1
3789,102,1
3790,93,1
3791,200,0
3792,94,0
3793,42,0
3794,93,1
3795,178,1
3796,15,0
3797,43,0
3798,81,1
3799,44,1
3800,44,0
3801,46,1
3802,104,1
3803,100,1
3804,80,0
3805,71,1
3806,21,0
3807,133,1
3808,50,1
3809,40,1
3810,84,0
3811,46,1
3812,77,1
3813,117,1
3814,164,0
3815,100,0
3816,57,0
3817,72,1
3818,37,0
3819,58,1
3820,194,1
3821,65,1
3822,39,1
3823,140,1
3824,32,1
3825,17,0
3826,42,1
3827,44,0
3828,130,1
3829,44,0
3830,77,1
3831,32,1
3832,43,1
3833,91,1
3834,84,0
3835,122,1
3836,66,0
3837,123,0
3838,33,0
3839,41,1
3840,98,1
3841,16,0
3842,72,0
3843,47,1
3844,114,1
3845,79,1
3846,18,0
3847,100,1
3848,68,1
3849,47,1
3850,46,0
3851,58,1
3852,67,1
3853,34,1
3854,39,0
3855,45,1
3856,43,1
3857,49,1
3858,69,1
3859,7,0
3860,106,1
3861,91,1
3862,132,0
3863,83,1
3864,40,1
3865,80,1
3866,51,0
3867,145,1
3868,30,1
3869,47,1
3870,59,1
3871,58,1
3872,137,1
3873,50,1
3874,47,1
3875,58,1
3876,62,1
3877,16,0
3878,15,0
3879,116,1
3880,23,0
3881,74,1
3882,53,0
3883,143,1
3884,34,1
3885,87,1
3886,83,1
3887,58,1
3888,86,1
3889,134,0
3890,45,1
3891,49,1
3892,35,1
3893,49,0
3894,41,1
3895,67,1
3896,114,1
3897,45,1
3898,82,0
3899,56,0
3900,24,0
3901,67,0
3902,200,0
3903,36,1
3904,80,1
3905,39,1
3906,29,0
3907,102,1
3908,36,1
3909,85,0
3910,28,0
3911,27,1
3912,32,1
3913,176,1
3914,120,1
3915,64,1
3916,96,0
3917,19,0
3918,42,1
3919,74,1
3920,66,1
3921,33,1
3922,98,1
3923,86,1
3924,52,1
3925,98,1
3926,88,1
3927,200,0
3928,95,0
3929,40,1
3930,52,1
3931,55,1
3932,71,0
3933,158,0
3934,84,0
3935,31,1
3936,95,1
3937,76,1
3938,33,0
3939,48,1
3940,146,0
3941,91,1
3942,28,1
3943,9,0
3944,24,1
3945,97,1
3946,72,1
3947,38,1
3948,41,1
3949,95,1
3950,147,1
3951,71,1
3952,17,0
3953,135,1
3954,27,1
3955,38,1
3956,48,1
3957,10,0
3958,63,1
3959,103,0
3960,105,1
3961,59,1
3962,57,1
3963,31,0
3964,69,1
3965,37,1
3966,25,0
3967,26,0
3968,54,0
3969,31,1
3970,25,0
3971,79,1
3972,49,1
3973,37,0
3974,45,1
3975,21,0
3976,57,1
3977,19,0
3978,141,1
3979,50,1
3980,52,1
3981,75,1
3982,45,1
3983,48,1
3984,181,1
3985,69,0
3986,36,0
3987,50,1
3988,56,1
3989,130,1
3990,52,1
3991,35,1
3992,18,0
3993,44,1
3994,113,1
3995,23,0
3996,80,1
3997,39,0
3998,61,1
3999,76,1
4000,74,1
4001,33,0
4002,58,1
4003,70,1
4004,15,0
4005,18,0
4006,121,0
4007,79,0
4008,174,1
4009,41,1
4010,46,1
4011,96,1
4012,57,1
4013,12,0
4014,111,0
4015,11,0
4016,55,1
4017,27,1
4018,52,1
4019,139,1
4020,28,1
4021,66,1
4022,121,0
4023,24,1
4024,131,0
4025,49,1
4026,63,1
4027,33,0
4028,44,1
4029,65,0
4030,45,1
4031,29,1
4032,59,0
4033,9,0
4034,121,1
4035,112,1
4036,56,1
4037,70,1
4038,24,0
4039,108,1
4040,46,0
4041,64,1
4042,52,0
4043,31,1
4044,57,1
4045,113,1
4046,28,1
4047,91,1
4048,109,1
4049,134,1
4050,86,1
4051,82,1
4052,29,1
4053,37,1
4054,70,1
4055,14,0
4056,18,1
4057,15,0
4058,64,0
4059,87,1
4060,29,1
4061,51,1
4062,21,1
4063,97,1
4064,173,0
4065,37,0
4066,19,0
4067,28,1
4068,180,1
4069,105,1
4070,200,0
4071,73,1
4072,175,1
4073,44,1
4074,131,1
4075,49,0
4076,39,0
4077,135,0
4078,18,0
4079,84,1
4080,51,1
4081,55,0
4082,80,1
4083,164,1
4084,135,1
4085,78,1
4086,21,0
4087,64,1
4088,109,1
4089,26,1
4090,93,1
4091,78,1
4092,70,1
4093,59,1
4094,36,1
4095,116,1
4096,65,1
4097,42,1
4098,124,1
4099,72,1
4100,123,1
4101,168,1
4102,106,0
4103,71,1
4104,88,1
4105,59,0
4106,48,1
4107,96,1
4108,29,0
4109,123,0
4110,109,0
4111,55,1
4112,42,0
4113,68,0
4114,61,0
4115,22,0
4116,26,0
4117,34,1
4118,45,1
4119,106,1
4120,68,0
4121,68,1
4122,12,0
4123,111,1
4124,58,0
4125,63,1
4126,131,1
4127,13,0
4128,50,1
4129,44,1
4130,44,1
4131,162,1
4132,85,0
4133,175,0
4134,49,0
4135,161,1
4136,49,1
4137,83,0
4138,52,1
4139,42,1
4140,15,0
4141,103,1
4142,32,0
4143,40,1
4144,80,1
4145,16,0
4146,48,1
4147,45,1
4148,56,0
4149,67,1
4150,106,1
4151,150,0
4152,57,1
4153,40,0
4154,24,1
4155,45,0
4156,39,1
4157,15,0
4158,63,1
4159,82,1
4160,87,0
4161,141,1
4162,79,0
4163,85,1
4164,61,1
4165,200,0
4166,94,1
4167,29,1
4168,56,1
4169,89,1
4170,99,1
4171,100,1
4172,96,1
4173,107,1
4174,27,0
4175,28,0
4176,57,1
4177,133,1
4178,59,1
4179,34,0
4180,55,1
4181,38,0
4182,54,1
4183,60,1
4184,9,0
4185,76,1
4186,102,1
4187,66,1
4188,69,0
4189,74,1
4190,78,1
4191,139,1
4192,68,1
4193,62,1
4194,66,1
4195,37,1
4196,35,0
4197,108,1
4198,25,0
4199,12,0
4200,200,0
4201,70,1
4202,26,0
4203,125,0
4204,41,1
4205,90,1
4206,57,1
4207,80,0
4208,14,0
4209,46,0
4210,153,1
4211,31,1
4212,29,1
4213,99,1
4214,75,1
4215,39,1
4216,109,1
4217,57,1
4218,32,1
4219,40,1
4220,17,0
4221,78,1
4222,96,1
4223,56,0
4224,56,0
4225,41,0
4226,100,1
4227,14,0
4228,34,0
4229,82,1
4230,58,1
4231,32,0
4232,107,1
4233,61,0
4234,81,1
4235,53,1
4236,65,1
4237,40,0
4238,25,1
4239,135,1
4240,129,0
4241,65,1
4242,42,1
4243,24,1
4244,56,0
4245,48,0
4246,89,1
4247,28,1
4248,94,1
4249,39,1
4250,96,1
4251,45,1
4252,27,0
4253,48,0
4254,200,0
4255,50,1
4256,108,1
4257,126,1
4258,64,1
4259,91,0
4260,105,0
4261,200,0
4262,63,1
4263,130,1
4264,33,0
4265,82,0
4266,10,0
4267,64,1
4268,49,1
4269,49,0
4270,47,1
4271,119,1
4272,65,1
4273,106,1
4274,175,1
4275,25,1
4276,84,1
4277,93,1
4278,176,1
4279,84,0
4280,146,0
4281,113,1
4282,30,0
4283,43,1
4284,43,0
4285,47,1
4286,65,1
4287,131,1
4288,52,0
4289,102,1
4290,112,1
4291,103,1
4292,51,1
4293,38,1
4294,160,0
4295,22,0
4296,31,0
4297,113,0
4298,46,1
4299,197,1
4300,152,1
4301,69,1
4302,61,1
4303,107,0
4304,29,1
4305,26,1
4306,87,1
4307,41,1
4308,103,1
4309,70,0
4310,79,1
4311,94,1
4312,57,0
4313,68,1
4314,68,1
4315,46,1
4316,70,1
4317,86,1
4318,20,0
4319,83,0
4320,29,0
4321,49,1
4322,35,0
4323,81,1
4324,82,1
4325,57,0
4326,66,1
4327,145,1
4328,93,1
4329,11,0
4330,15,0
4331,14,0
4332,27,0
4333,57,1
4334,63,1
4335,29,0
4336,66,1
4337,200,0
4338,120,1
4339,27,0
4340,9,0
4341,66,1
4342,51,1
4343,81,1
4344,24,0
4345,57,0
4346,32,1
4347,64,0
4348,81,0
4349,36,1
4350,45,0
4351,46,1
4352,21,0
4353,92,1
4354,85,1
4355,78,0
4356,81,1
4357,83,1
4358,52,1
4359,112,1
4360,143,1
4361,194,1
4362,40,0
4363,69,0
4364,56,1
4365,49,0
4366,50,0
4367,31,0
4368,200,0
4369,42,1
4370,55,0
4371,28,1
4372,29,0
4373,44,1
4374,34,1
4375,63,1
4376,52,0
4377,51,1
4378,166,1
4379,93,1
4380,35,0
4381,190,1
4382,58,1
4383,146,1
4384,37,1
4385,66,1
4386,23,0
4387,46,0
4388,95,0
4389,78,1
4390,53,1
4391,22,0
4392,67,0
4393,67,0
4394,23,0
4395,97,1
4396,47,1
4397,96,1
4398,105,1
4399,27,0
4400,24,0
4401,36,1
4402,66,0
4403,143,0
4404,52,1
4405,14,0
4406,52,1
4407,200,0
4408,66,1
4409,160,1
4410,26,1
4411,106,1
4412,8,0
4413,25,1
4414,59,1
4415,89,1
4416,77,1
4417,112,1
4418,127,0
4419,70,1
4420,74,0
4421,31,0
4422,152,1
4423,40,1
4424,134,0
4425,23,0
4426,30,0
4427,61,0
4428,104,1
4429,52,1
4430,108,1
4431,34,1
4432,51,1
4433,85,1
4434,53,1
4435,42,1
4436,72,1
4437,46,1
4438,90,1
4439,80,1
4440,72,1
4441,107,1
4442,39,1
4443,38,1
4444,51,1
4445,29,1
4446,59,1
4447,49,0
4448,53,0
4449,71,1
4450,83,1
4451,67,1
4452,57,1
4453,27,1
4454,114,1
4455,58,1
4456,27,0
4457,74,0
4458,91,1
4459,109,0
4460,19,0
4461,68,1
4462,40,1
4463,147,1
4464,35,0
4465,105,1
4466,25,0
4467,46,0
4468,113,1
4469,73,1
4470,87,1
4471,53,1
4472,50,1
4473,86,1
4474,95,1
4475,24,0
4476,43,1
4477,79,1
4478,60,0
4479,26,1
4480,40,0
4481,34,0
4482,70,0
4483,30,1
4484,31,1
4485,50,0
4486,41,0
4487,70,0
4488,64,1
4489,53,1
4490,62,1
4491,11,0
4492,101,1
4493,31,1
4494,94,0
4495,70,1
4496,36,0
4497,45,1
4498,60,1
4499,52,0
4500,56,1
4501,33,1
4502,14,0
4503,51,1
4504,54,1
4505,40,1
4506,91,1
4507,37,1
4508,44,1
4509,70,1
4510,93,0
4511,117,1
4512,71,1
4513,100,1
4514,45,1
4515,100,1
4516,38,0
4517,22,0
4518,18,0
4519,24,0
4520,78,1
4521,70,1
4522,50,0
4523,41,1
4524,27,0
4525,45,1
4526,74,1
4527,144,1
4528,113,1
4529,24,0
4530,56,1
4531,57,1
4532,80,0
4533,77,1
4534,67,1
4535,37,1
4536,56,1
4537,38,1
4538,89,1
4539,80,1
4540,61,1
4541,188,1
4542,138,1
4543,108,0
4544,50,1
4545,46,1
4546,55,1
4547,93,1
4548,36,1
4549,40,1
4550,100,1
4551,116,1
4552,10,0
4553,58,1
4554,31,0
4555,61,1
4556,48,1
4557,92,1
4558,134,0
4559,80,1
4560,88,0
4561,72,1
4562,64,1
4563,61,1
4564,67,1
4565,19,0
4566,90,0
4567,56,1
4568,55,1
4569,49,0
4570,31,1
4571,49,1
4572,69,1
4573,61,1
4574,126,1
4575,20,0
4576,77,1
4577,75,1
4578,97,1
4579,50,1
4580,39,1
4581,121,1
4582,86,0
4583,132,1
4584,40,1
4585,27,1
4586,67,1
4587,94,1
4588,81,1
4589,21,0
4590,123,0
4591,40,1
4592,95,0
4593,43,1
4594,79,1
4595,175,1
4596,68,1
4597,19,0
4598,87,1
4599,126,1
4600,57,1
4601,35,0
4602,85,1
4603,38,1
4604,64,1
4605,25,1
4606,71,1
4607,34,1
4608,84,1
4609,118,1
4610,55,1
4611,109,1
4612,80,1
4613,55,1
4614,30,1
4615,57,1
4616,58,1
4617,32,0
4618,28,1
4619,66,0
4620,62,1
4621,91,1
4622,42,0
4623,90,1
4624,33,1
4625,36,0
4626,53,1
4627,90,1
4628,44,1
4629,60,0
4630,13,0
4631,43,1
4632,38,0
4633,36,1
4634,42,0
4635,9,0
4636,9,0
4637,43,1
4638,58,0
4639,28,1
4640,51,1
4641,66,1
4642,29,1
4643,20,0
4644,27,1
4645,143,1
4646,11,0
4647,55,1
4648,64,1
4649,32,1
4650,69,1
4651,99,0
4652,28,0
4653,26,0
4654,48,1
4655,30,0
4656,168,1
4657,60,0
4658,200,0
4659,91,1
4660,71,1
4661,31,1
4662,77,0
4663,36,0
4664,45,0
4665,69,1
4666,74,1
4667,107,1
4668,37,1
4669,78,1
4670,55,1
4671,115,0
4672,110,1
4673,39,1
4674,167,1
4675,85,1
4676,200,0
4677,70,0
4678,54,1
4679,84,1
4680,117,1
4681,128,1
4682,57,1
4683,68,0
4684,38,1
4685,53,1
4686,15,0
4687,180,1
4688,86,1
4689,67,0
4690,43,1
4691,192,1
4692,33,1
4693,67,0
4694,47,1
4695,42,1
4696,23,0
4697,87,1
4698,20,0
4699,40,1
4700,34,1
4701,117,1
4702,45,1
4703,46,0
4704,58,1
4705,45,1
4706,55,0
4707,46,0
4708,17,0
4709,60,0
4710,60,0
4711,65,0
4712,45,1
4713,106,1
4714,91,1
4715,69,1
4716,169,1
4717,54,1
4718,94,1
4719,81,1
4720,92,1
4721,43,1
4722,44,0
4723,23,0
4724,98,1
4725,101,1
4726,75,0
4727,44,1
4728,55,1
4729,62,1
4730,106,1
4731,21,0
4732,80,1
4733,55,1
4734,85,1
4735,53,1
4736,58,1
4737,59,1
4738,52,1
4739,71,1
4740,85,1
4741,100,1
4742,79,1
4743,35,0
4744,41,1
4745,13,0
4746,41,1
4747,75,1
4748,69,1
4749,65,1
4750,50,1
4751,55,1
4752,62,1
4753,51,1
4754,69,1
4755,57,1
4756,45,1
4757,29,0
4758,51,1
4759,88,0
4760,57,1
4761,154,0
4762,64,1
4763,29,0
4764,30,1
4765,41,1
4766,38,0
4767,74,1
4768,191,1
4769,28,0
4770,72,0
4771,21,1
4772,68,1
4773,56,1
4774,25,0
4775,20,0
4776,75,1
4777,72,0
4778,45,0
4779,42,0
4780,36,1
4781,83,1
4782,65,1
4783,188,1
4784,94,0
4785,78,0
4786,28,0
4787,159,1
4788,78,1
4789,125,1
4790,43,0
4791,83,0
4792,41,0
4793,20,0
4794,63,1
4795,80,1
4796,57,1
4797,41,1
4798,33,1
4799,71,1
4800,110,1
4801,73,1
4802,117,1
4803,58,1
4804,77,1
4805,114,1
4806,63,1
4807,121,1
4808,17,0
4809,64,1
4810,54,0
4811,23,0
4812,120,1
4813,45,1
4814,48,1
4815,63,0
4816,55,1
4817,74,1
4818,60,0
4819,129,0
4820,40,1
4821,75,0
4822,45,1
4823,49,1
4824,41,1
4825,34,0
4826,27,0
4827,21,0
4828,90,1
4829,52,0
4830,63,1
4831,83,0
4832,127,1
4833,58,1
4834,60,0
4835,47,1
4836,58,1
4837,139,1
4838,115,1
4839,158,1
4840,87,0
4841,34,1
4842,80,1
4843,59,1
4844,70,1
4845,78,1
4846,32,1
4847,89,0
4848,29,0
4849,55,1
4850,46,1
4851,72,1
4852,71,1
4853,23,0
4854,28,0
4855,38,1
4856,72,1
4857,167,1
4858,114,0
4859,11,0
4860,47,0
4861,36,1
4862,47,1
4863,100,1
4864,113,1
4865,71,0
4866,58,0
4867,32,1
4868,57,1
4869,50,0
4870,63,0
4871,59,0
4872,50,1
4873,36,1
4874,18,0
4875,91,1
4876,91,1
4877,88,1
4878,60,1
4879,67,0
4880,132,0
4881,55,1
4882,132,0
4883,142,1
4884,43,1
4885,25,0
4886,46,1
4887,19,0
4888,157,1
4889,101,0
4890,179,1
4891,39,1
4892,76,0
4893,72,1
4894,65,1
4895,37,1
4896,67,1
4897,73,0
4898,69,1
4899,11,0
4900,45,0
4901,59,1
4902,50,1
4903,89,1
4904,87,1
4905,40,1
4906,61,1
4907,53,1
4908,27,1
4909,35,1
4910,122,1
4911,64,1
4912,64,1
4913,49,1
4914,9,0
4915,48,1
4916,39,1
4917,69,1
4918,60,1
4919,88,1
4920,107,1
4921,200,0
4922,131,1
4923,88,1
4924,45,0
4925,49,1
4926,103,1
4927,81,1
4928,42,1
4929,49,0
4930,30,1
4931,32,0
4932,61,1
4933,76,1
4934,38,1
4935,145,1
4936,58,0
4937,39,0
4938,35,1
4939,64,0
4940,111,1
4941,12,0
4942,77,1
4943,50,1
4944,20,0
4945,70,1
4946,123,0
4947,101,1
4948,85,1
4949,104,1
4950,102,1
4951,37,1
4952,53,0
4953,108,1
4954,27,0
4955,15,0
4956,79,1
4957,37,1
4958,83,1
4959,151,1
4960,44,1
4961,45,1
4962,138,0
4963,37,1
4964,72,1
4965,55,1
4966,51,1
4967,55,1
4968,64,1
4969,46,1
4970,9,0
4971,161,1
4972,34,0
4973,20,0
4974,64,1
4975,41,1
4976,200,0
4977,140,1
4978,126,0
4979,50,1
4980,24,0
4981,61,1
4982,138,0
4983,37,1
4984,90,1
4985,26,1
4986,43,1
4987,64,1
4988,120,1
4989,54,0
4990,32,1
4991,86,1
4992,89,1
4993,28,1
4994,45,1
4995,34,0
4996,81,1
4997,55,1
4998,62,0
4999,50,1
5000,69,1
5001,30,0
5002,43,1
5003,67,1
5004,51,1
5005,77,1
5006,50,1
5007,82,1
5008,37,1
5009,153,1
5010,152,0
5011,104,1
5012,158,1
5013,46,1
5014,47,1
5015,69,1
5016,26,1
5017,9,0
5018,39,1
5019,106,1
5020,47,1
5021,22,0
5022,165,0
5023,49,1
5024,101,1
5025,24,0
5026,52,1
5027,37,1
5028,198,1
5029,9,0
5030,97,1
5031,70,1
5032,43,1
5033,55,1
5034,55,1
5035,16,0
5036,85,1
5037,37,1
5038,24,0
5039,57,1
5040,113,1
5041,90,0
5042,74,1
5043,20,0
5044,71,1
5045,109,1
5046,23,0
5047,21,0
5048,21,0
5049,26,0
5050,31,1
5051,48,0
5052,125,1
5053,60,1
5054,110,1
5055,111,0
5056,54,1
5057,58,1
5058,65,1
5059,41,1
5060,11,0
5061,27,1
5062,52,1
5063,27,0
5064,95,1
5065,37,0
5066,24,0
5067,16,0
5068,35,1
5069,56,1
5070,37,0
5071,38,1
5072,125,1
5073,62,1
5074,131,1
5075,77,1
5076,59,1
5077,34,1
5078,29,1
5079,88,1
5080,45,1
5081,118,1
5082,83,0
5083,42,1
5084,20,0
5085,24,1
5086,65,1
5087,155,1
5088,51,0
5089,177,1
5090,113,1
5091,59,1
5092,59,1
5093,101,1
5094,34,1
5095,174,1
5096,103,1
5097,10,0
5098,72,1
5099,74,0
5100,44,1
5101,19,0
5102,34,1
5103,51,1
5104,65,1
5105,43,1
5106,71,1
5107,107,1
5108,15,0
5109,33,1
5110,44,1
5111,110,1
5112,20,0
5113,178,1
5114,11,0
5115,28,1
5116,200,0
5117,48,1
5118,40,1
5119,23,0
5120,121,1
5121,84,0
5122,57,0
5123,81,1
5124,69,1
5125,76,1
5126,87,0
5127,32,1
5128,56,1
5129,67,1
5130,97,1
5131,57,1
5132,48,1
5133,54,1
5134,41,1
5135,18,0
5136,50,1
5137,82,1
5138,27,0
5139,85,1
5140,46,1
5141,79,1
5142,59,0
5143,103,0
5144,73,1
5145,200,0
5146,141,0
5147,38,1
5148,76,1
5149,62,1
5150,48,0
5151,42,1
5152,56,1
5153,9,0
5154,90,1
5155,26,1
5156,54,1
5157,80,1
5158,119,0
5159,30,1
5160,60,1
5161,31,1
5162,71,1
5163,82,1
5164,94,1
5165,17,0
5166,45,1
5167,51,1
5168,77,1
5169,138,1
5170,43,1
5171,75,1
5172,39,1
5173,64,1
5174,60,1
5175,18,0
5176,74,0
5177,140,0
5178,74,1
5179,24,0
5180,43,1
5181,31,1
5182,29,0
5183,76,1
5184,25,1
5185,117,1
5186,93,1
5187,115,1
5188,98,1
5189,57,0
5190,24,1
5191,15,0
5192,96,1
5193,53,1
5194,68,1
5195,24,0
5196,42,1
5197,56,0
5198,85,0
5199,138,1
5200,25,1
5201,94,1
5202,33,0
5203,30,0
5204,43,0
5205,34,0
5206,10,0
5207,87,1
5208,59,1
5209,61,1
5210,98,1
5211,39,0
5212,48,1
5213,74,1
5214,92,1
5215,19,0
5216,82,0
5217,25,1
5218,63,1
5219,66,1
5220,60,1
5221,47,1
5222,178,0
5223,80,1
5224,130,0
5225,87,0
5226,53,0
5227,30,1
5228,22,0
5229,27,0
5230,34,1
5231,60,1
5232,38,1
5233,20,0
5234,72,0
5235,62,0
5236,19,0
5237,65,0
5238,74,0
5239,50,1
5240,44,1
5241,63,1
5242,46,1
5243,44,1
5244,33,1
5245,49,1
5246,69,1
5247,49,1
5248,50,1
5249,47,1
5250,101,1
5251,39,1
5252,70,1
5253,96,0
5254,39,0
5255,24,0
5256,116,1
5257,64,1
5258,118,1
5259,49,1
5260,113,1
5261,82,1
5262,121,1
5263,38,1
5264,37,1
5265,41,1
5266,30,1
5267,50,1
5268,66,1
5269,44,1
5270,79,1
5271,141,1
5272,27,0
5273,76,1
5274,120,1
5275,42,1
5276,34,0
5277,13,0
5278,29,1
5279,75,1
5280,104,1
5281,22,1
5282,31,1
5283,33,0
5284,17,0
5285,143,1
5286,88,1
5287,72,1
5288,59,1
5289,112,1
5290,41,1
5291,82,1
5292,89,0
5293,45,1
5294,24,1
5295,32,0
5296,42,1
5297,59,1
5298,48,1
5299,72,1
5300,67,1
5301,37,0
5302,28,0
5303,80,1
5304,51,0
5305,42,1
5306,12,0
5307,29,1
5308,54,1
5309,82,0
5310,130,1
5311,32,1
5312,15,0
5313,46,1
5314,83,1
5315,157,1
5316,28,1
5317,51,1
5318,11,0
5319,111,1
5320,51,1
5321,54,1
5322,59,0
5323,65,1
5324,54,0
5325,54,1
5326,52,1
5327,61,1
5328,150,1
5329,128,1
5330,53,1
5331,70,0
5332,19,0
5333,63,1
5334,90,0
5335,61,1
5336,60,1
5337,38,1
5338,86,0
5339,45,0
5340,38,0
5341,32,0
5342,51,0
5343,52,1
5344,25,0
5345,46,0
5346,79,1
5347,75,1
5348,145,1
5349,64,1
5350,184,1
5351,91,1
5352,120,1
5353,49,1
5354,102,1
5355,57,1
5356,56,0
5357,54,1
5358,52,1
5359,43,1
5360,30,1
5361,60,0
5362,83,1
5363,112,0
5364,56,1
5365,95,0
5366,11,0
5367,48,1
5368,124,1
5369,57,1
5370,21,0
5371,100,1
5372,23,1
5373,34,1
5374,52,0
5375,77,1
5376,43,1
5377,97,1
5378,18,0
5379,14,0
5380,161,1
5381,100,1
5382,78,1
5383,135,1
5384,139,1
5385,78,1
5386,46,0
5387,67,1
5388,20,0
5389,125,1
5390,45,1
5391,50,1
5392,92,0
5393,101,0
5394,80,1
5395,107,0
5396,193,0
5397,123,1
5398,112,1
5399,62,0
5400,83,1
5401,20,0
5402,10,0
5403,27,1
5404,87,1
5405,50,1
5406,64,1
5407,51,1
5408,102,1
5409,66,1
5410,31,1
5411,98,0
5412,70,1
5413,29,1
5414,82,1
5415,93,0
5416,53,1
5417,106,1
5418,16,0
5419,33,0
5420,54,1
5421,38,0
5422,46,1
5423,109,1
5424,17,0
5425,58,1
5426,72,1
5427,34,1
5428,62,0
5429,117,0
5430,81,0
5431,31,0
5432,41,1
5433,84,1
5434,23,0
5435,62,0
5436,43,1
5437,111,1
5438,20,0
5439,82,1
5440,35,1
5441,189,1
5442,10,0
5443,17,0
5444,32,1
5445,73,1
5446,96,0
5447,39,0
5448,50,1
5449,14,0
5450,29,0
5451,36,1
5452,87,1
5453,48,0
5454,62,1
5455,61,1
5456,95,1
5457,33,1
5458,87,0
5459,86,1
5460,19,0
5461,41,1
5462,66,1
5463,113,1
5464,20,0
5465,105,0
5466,25,1
5467,158,1
5468,55,1
5469,50,1
5470,58,1
5471,80,1
5472,44,1
5473,116,1
5474,95,1
5475,37,0
5476,40,1
5477,77,0
5478,92,1
5479,89,0
5480,38,1
5481,11,0
5482,133,0
5483,69,1
5484,84,1
5485,49,1
5486,56,1
5487,26,1
5488,21,0
5489,75,1
5490,71,1
5491,83,1
5492,67,1
5493,98,1
5494,104,1
5495,99,1
5496,137,1
5497,158,0
5498,37,1
5499,66,0
5500,137,1
5501,67,1
5502,82,0
5503,41,1
5504,33,0
5505,102,1
5506,67,1
5507,101,1
5508,113,1
5509,58,1
5510,165,1
5511,19,0
5512,36,1
5513,182,1
5514,57,0
5515,22,0
5516,61,1
5517,9,0
5518,63,1
5519,74,1
5520,69,0
5521,61,1
5522,88,1
5523,63,1
5524,55,1
5525,21,1
5526,100,1
5527,38,1
5528,106,1
5529,85,1
5530,89,1
5531,51,1
5532,71,1
5533,39,1
5534,39,1
5535,125,1
5536,46,1
5537,51,0
5538,35,0
5539,98,1
5540,152,0
5541,9,0
5542,85,1
5543,69,0
5544,39,1
5545,30,1
5546,36,0
5547,59,1
5548,29,0
5549,54,1
5550,48,1
5551,145,1
5552,87,1
5553,27,1
5554,78,1
5555,135,1
5556,128,0
5557,160,1
5558,35,1
5559,15,0
5560,39,0
5561,102,0
5562,44,1
5563,135,0
5564,152,1
5565,17,0
5566,46,1
5567,69,1
5568,76,0
5569,90,0
5570,57,0
5571,102,1
5572,96,1
5573,84,1
5574,79,0
5575,19,0
5576,44,1
5577,76,1
5578,24,0
5579,71,1
5580,43,0
5581,42,1
5582,69,1
5583,40,0
5584,105,0
5585,61,1
5586,40,1
5587,111,0
5588,32,1
5589,79,0
5590,130,1
5591,103,1
5592,72,1
5593,76,1
5594,73,0
5595,47,1
5596,106,1
5597,72,1
5598,81,1
5599,107,1
5600,85,1
5601,44,0
5602,77,1
5603,71,0
5604,45,1
5605,81,1
5606,55,1
5607,80,1
5608,78,0
5609,51,1
5610,78,0
5611,63,0
5612,90,0
5613,18,0
5614,177,0
5615,84,0
5616,30,1
5617,45,1
5618,78,1
5619,46,1
5620,72,1
5621,55,0
5622,45,0
5623,82,1
5624,41,1
5625,61,0
5626,123,1
5627,63,0
5628,71,1
5629,56,0
5630,66,1
5631,97,1
5632,108,0
5633,60,1
5634,51,1
5635,48,1
5636,36,0
5637,67,0
5638,88,1
5639,43,1
5640,49,1
5641,22,0
5642,40,1
5643,33,1
5644,15,0
5645,100,1
5646,78,1
5647,51,0
5648,147,1
5649,54,1
5650,48,0
5651,36,1
5652,72,0
5653,30,1
5654,38,1
5655,91,1
5656,71,0
5657,49,1
5658,144,1
5659,55,0
5660,114,1
5661,106,1
5662,62,1
5663,72,1
5664,82,0
5665,77,1
5666,67,0
5667,50,1
5668,62,1
5669,38,1
5670,42,1
5671,68,1
5672,103,0
5673,15,0
5674,51,1
5675,25,1
5676,21,0
5677,68,1
5678,86,1
5679,87,1
5680,39,0
5681,82,1
5682,37,1
5683,90,1
5684,47,1
5685,65,1
5686,114,1
5687,152,0
5688,88,1
5689,66,0
5690,22,1
5691,16,0
5692,37,1
5693,72,1
5694,55,1
5695,20,0
5696,73,1
5697,49,1
5698,97,0
5699,94,1
5700,193,0
5701,18,0
5702,84,1
5703,52,1
5704,45,1
5705,130,1
5706,62,1
5707,44,1
5708,33,0
5709,105,1
5710,95,0
5711,39,1
5712,34,0
5713,86,1
5714,137,0
5715,31,1
5716,20,0
5717,58,0
5718,15,0
5719,35,1
5720,38,0
5721,65,0
5722,118,1
5723,193,1
5724,68,1
5725,65,1
5726,49,1
5727,46,0
5728,51,1
5729,70,1
5730,16,0
5731,95,1
5732,59,0
5733,58,0
5734,56,1
5735,94,0
5736,101,1
5737,98,1
5738,135,1
5739,75,0
5740,24,1
5741,182,1
5742,56,1
5743,124,0
5744,56,0
5745,100,1
5746,84,1
5747,15,0
5748,52,0
5749,97,1
5750,52,0
5751,32,1
5752,146,1
5753,54,0
5754,77,1
5755,69,1
5756,107,1
5757,110,1
5758,128,1
5759,61,1
5760,111,0
5761,22,0
5762,72,1
5763,47,1
5764,26,0
5765,47,1
5766,44,1
5767,32,1
5768,14,0
5769,57,1
5770,37,1
5771,60,1
5772,22,0
5773,103,1
5774,116,1
5775,71,1
5776,36,1
5777,81,1
5778,58,1
5779,137,0
5780,29,0
5781,64,0
5782,58,1
5783,59,1
5784,196,1
5785,59,1
5786,40,1
5787,98,1
5788,40,1
5789,90,1
5790,74,1
5791,68,1
5792,15,0
5793,37,1
5794,136,1
5795,87,1
5796,33,1
5797,59,1
5798,146,0
5799,60,1
5800,99,1
5801,27,0
5802,60,1
5803,89,1
5804,23,1
5805,30,1
5806,36,1
5807,74,1
5808,142,1
5809,186,1
5810,46,1
5811,51,1
5812,67,1
5813,80,1
5814,35,1
5815,20,1
5816,105,1
5817,47,1
5818,49,1
5819,51,0
5820,130,1
5821,112,0
5822,97,1
5823,134,1
5824,52,1
5825,39,0
5826,55,1
5827,61,0
5828,62,1
5829,24,0
5830,77,1
5831,140,1
5832,79,1
5833,33,1
5834,49,1
5835,66,1
5836,68,1
5837,59,0
5838,41,1
5839,85,0
5840,67,0
5841,55,1
5842,115,1
5843,50,1
5844,15,0
5845,76,1
5846,51,1
5847,43,0
5848,65,1
5849,63,1
5850,44,1
5851,56,1
5852,65,1
5853,76,1
5854,63,1
5855,56,1
5856,73,1
5857,47,1
5858,93,0
5859,29,1
5860,65,0
5861,58,1
5862,36,1
5863,65,1
5864,85,1
5865,47,1
5866,139,0
5867,53,1
5868,58,1
5869,60,1
5870,60,1
5871,69,1
5872,35,1
5873,89,1
5874,86,1
5875,200,0
5876,121,1
5877,53,0
5878,100,1
5879,101,1
5880,76,1
5881,15,0
5882,60,0
5883,22,0
5884,35,1
5885,136,1
5886,29,1
5887,80,1
5888,99,1
5889,74,1
5890,89,1
5891,11,0
5892,15,0
5893,32,1
5894,55,1
5895,83,0
5896,101,1
5897,39,0
5898,63,1
5899,34,1
5900,134,1
5901,79,1
5902,41,1
5903,200,0
5904,44,1
5905,200,0
5906,40,1
5907,17,0
5908,106,1
5909,91,1
5910,99,1
5911,60,0
5912,48,0
5913,94,1
5914,64,1
5915,30,1
5916,10,0
5917,85,1
5918,65,1
5919,47,1
5920,16,0
5921,41,1
5922,24,0
5923,65,1
5924,32,1
5925,54,1
5926,105,1
5927,66,1
5928,103,1
5929,77,1
5930,51,0
5931,29,1
5932,47,1
5933,54,1
5934,39,0
5935,76,1
5936,89,1
5937,34,1
5938,38,1
5939,93,1
5940,70,1
5941,79,1
5942,55,1
5943,83,1
5944,200,0
5945,16,0
5946,43,0
5947,140,1
5948,45,0
5949,50,1
5950,48,1
5951,33,1
5952,190,0
5953,15,0
5954,52,1
5955,67,1
5956,24,1
5957,62,0
5958,37,1
5959,41,1
5960,66,1
5961,46,1
5962,47,0
5963,51,0
5964,24,1
5965,93,1
5966,38,1
5967,36,1
5968,32,1
5969,39,1
5970,52,1
5971,40,1
5972,101,0
5973,62,1
5974,107,1
5975,45,1
5976,36,1
5977,76,0
5978,60,1
5979,37,0
5980,44,1
5981,29,1
5982,76,1
5983,42,0
5984,66,1
5985,33,1
5986,200,0
5987,67,1
5988,57,1
5989,35,1
5990,129,1
5991,83,1
5992,72,1
5993,120,1
5994,30,1
5995,164,1
5996,92,1
5997,16,0
5998,64,0
5999,96,1
6000,33,1
6001,80,1
6002,47,1
6003,53,1
6004,44,1
6005,112,1
6006,35,1
6007,39,1
6008,68,1
6009,33,0
6010,90,1
6011,47,1
6012,49,1
6013,65,1
6014,66,0
6015,80,1
6016,43,1
6017,50,1
6018,118,0
6019,59,1
6020,85,1
6021,51,1
6022,98,1
6023,188,1
6024,200,0
6025,35,1
6026,21,0
6027,90,0
6028,103,1
6029,52,1
6030,85,1
6031,74,1
6032,86,1
6033,65,1
6034,95,1
6035,97,0
6036,108,0
6037,57,1
6038,22,0
6039,67,1
6040,125,1
6041,54,1
6042,59,0
6043,83,1
6044,35,0
6045,27,0
6046,74,0
6047,36,1
6048,55,1
6049,98,1
6050,94,1
6051,37,1
6052,61,1
6053,47,1
6054,47,1
6055,70,1
6056,73,1
6057,20,0
6058,46,0
6059,30,1
6060,34,0
6061,78,1
6062,54,1
6063,52,1
6064,68,1
6065,59,1
6066,127,0
6067,22,0
6068,28,1
6069,28,0
6070,76,0
6071,35,1
6072,46,1
6073,47,1
6074,45,1
6075,119,0
6076,15,0
6077,66,1
6078,55,1
6079,71,1
6080,80,1
6081,114,1
6082,119,1
6083,101,1
6084,42,0
6085,70,1
6086,85,1
6087,25,1
6088,63,1
6089,46,1
6090,59,0
6091,40,0
6092,30,0
6093,61,0
6094,28,1
6095,81,1
6096,13,0
6097,78,1
6098,23,0
6099,87,1
6100,48,0
6101,112,1
6102,56,1
6103,13,0
6104,48,1
6105,9,0
6106,58,0
6107,54,1
6108,85,0
6109,126,0
6110,21,0
6111,117,1
6112,73,1
6113,65,1
6114,47,1
6115,32,1
6116,123,1
6117,53,1
6118,81,1
6119,67,1
6120,98,0
6121,109,1
6122,75,0
6123,112,1
6124,58,1
6125,38,1
6126,22,0
6127,27,1
6128,71,1
6129,111,1
6130,65,1
6131,27,1
6132,93,1
6133,81,1
6134,54,1
6135,109,1
6136,176,1
6137,81,1
6138,59,0
6139,81,1
6140,147,0
6141,82,0
6142,32,1
6143,105,1
6144,37,1
6145,200,0
6146,70,1
6147,67,1
6148,74,1
6149,51,1
6150,85,1
6151,85,1
6152,101,1
6153,76,1
6154,21,0
6155,41,1
6156,114,1
6157,93,0
6158,74,1
6159,25,0
6160,61,1
6161,24,0
6162,30,1
6163,54,1
6164,50,0
6165,58,1
6166,116,1
6167,48,1
6168,64,1
6169,37,1
6170,70,1
6171,200,0
6172,139,1
6173,122,1
6174,21,0
6175,175,1
6176,62,1
6177,175,1
6178,72,1
6179,60,1
6180,29,1
6181,100,1
6182,39,0
6183,81,1
6184,83,1
6185,48,0
6186,69,1
6187,127,1
6188,166,1
6189,45,1
6190,77,1
6191,88,1
6192,110,1
6193,36,0
6194,53,1
6195,92,1
6196,134,1
6197,72,1
6198,87,1
6199,62,0
6200,31,0
6201,76,1
6202,77,1
6203,114,1
6204,36,0
6205,120,1
6206,61,1
6207,35,0
6208,25,0
6209,36,0
6210,65,1
6211,27,0
6212,33,1
6213,52,1
6214,68,1
6215,73,1
6216,61,1
6217,61,0
6218,137,1
6219,56,1
6220,74,1
6221,48,0
6222,94,1
6223,118,1
6224,93,1
6225,57,1
6226,27,0
6227,84,0
6228,64,1
6229,58,1
6230,32,1
6231,57,1
6232,64,0
6233,42,1
6234,80,1
6235,56,1
6236,70,0
6237,92,0
6238,83,1
6239,79,1
6240,81,1
6241,92,0
6242,159,1
6243,14,0
6244,65,1
6245,31,0
6246,19,0
6247,70,1
6248,56,0
6249,28,0
6250,104,1
6251,113,1
6252,64,1
6253,10,0
6254,119,1
6255,66,1
6256,28,0
6257,33,1
6258,40,1
6259,97,1
6260,110,1
6261,49,1
6262,51,1
6263,51,1
6264,45,1
6265,74,1
6266,11,0
6267,36,0
6268,21,0
6269,62,1
6270,31,1
6271,72,1
6272,68,1
6273,104,0
6274,80,0
6275,63,0
6276,23,0
6277,62,0
6278,32,1
6279,29,0
6280,35,1
6281,109,1
6282,55,1
6283,54,1
6284,43,1
6285,33,1
6286,50,1
6287,42,1
6288,83,1
6289,78,0
6290,57,1
6291,31,1
6292,83,1
6293,66,0
6294,39,1
6295,80,1
6296,13,0
6297,30,0
6298,65,1
6299,72,1
6300,143,1
6301,95,1
6302,81,1
6303,80,1
6304,32,0
6305,78,0
6306,51,1
6307,36,1
6308,16,0
6309,163,0
6310,22,0
6311,26,0
6312,50,0
6313,105,1
6314,53,1
6315,67,0
6316,81,1
6317,88,1
6318,149,0
6319,100,1
6320,83,1
6321,43,1
6322,30,1
6323,22,0
6324,64,1
6325,49,1
6326,24,1
6327,49,1
6328,149,0
6329,44,1
6330,64,1
6331,72,1
6332,127,1
6333,54,1
6334,44,1
6335,87,0
6336,60,1
6337,126,1
6338,66,1
6339,70,1
6340,71,1
6341,125,1
6342,63,1
6343,72,1
6344,54,0
6345,19,0
6346,41,0
6347,27,0
6348,67,1
6349,15,0
6350,39,1
6351,64,1
6352,75,0
6353,9,0
6354,81,0
6355,37,1
6356,87,0
6357,56,1
6358,19,0
6359,57,0
6360,165,0
6361,89,1
6362,54,1
6363,11,0
6364,112,1
6365,79,1
6366,80,1
6367,87,1
6368,69,0
6369,38,0
6370,86,1
6371,38,1
6372,31,1
6373,71,1
6374,120,1
6375,158,1
6376,29,0
6377,101,1
6378,35,0
6379,55,1
6380,15,0
6381,136,1
6382,45,0
6383,200,0
6384,33,0
6385,32,1
6386,98,1
6387,37,1
6388,51,1
6389,37,1
6390,72,1
6391,35,0
6392,74,1
6393,126,1
6394,123,1
6395,58,0
6396,45,1
6397,40,1
6398,27,0
6399,29,1
6400,82,1
6401,30,1
6402,57,1
6403,79,1
6404,83,1
6405,106,1
6406,31,1
6407,71,1
6408,31,1
6409,64,1
6410,146,1
6411,68,1
6412,63,1
6413,65,1
6414,98,1
6415,41,0
6416,15,0
6417,153,1
6418,134,1
6419,63,1
6420,60,0
6421,80,1
6422,41,1
6423,76,1
6424,25,0
6425,85,0
6426,95,1
6427,55,1
6428,43,0
6429,38,1
6430,66,1
6431,54,0
6432,49,0
6433,27,0
6434,72,0
6435,161,1
6436,65,1
6437,51,1
6438,61,1
6439,34,0
6440,41,1
6441,79,1
6442,53,0
6443,12,0
6444,80,0
6445,52,1
6446,82,0
6447,49,1
6448,37,0
6449,47,1
6450,44,0
6451,54,1
6452,30,1
6453,38,0
6454,59,1
6455,45,1
6456,29,1
6457,51,1
6458,54,0
6459,13,0
6460,85,1
6461,83,0
6462,39,1
6463,58,1
6464,181,1
6465,51,1
6466,23,0
6467,30,1
6468,63,0
6469,162,1
6470,60,0
6471,64,1
6472,83,1
6473,38,0
6474,48,1
6475,76,0
6476,148,1
6477,119,0
6478,37,1
6479,135,1
6480,33,0
6481,85,1
6482,49,1
6483,63,1
6484,77,1
6485,52,1
6486,39,0
6487,44,1
6488,71,1
6489,65,0
6490,42,1
6491,34,0
6492,77,1
6493,101,0
6494,97,1
6495,99,0
6496,152,1
6497,86,1
6498,21,0
6499,7,0
6500,112,1
6501,49,1
6502,50,0
6503,52,1
6504,70,1
6505,48,1
6506,53,1
6507,24,0
6508,29,0
6509,146,0
6510,7,0
6511,35,1
6512,59,0
6513,9,0
6514,152,0
6515,92,1
6516,60,1
6517,65,1
6518,66,0
6519,85,1
6520,34,1
6521,19,0
6522,51,1
6523,51,1
6524,38,0
6525,37,1
6526,50,1
6527,91,0
6528,86,0
6529,94,1
6530,52,0
6531,103,1
6532,56,1
6533,45,1
6534,48,1
6535,44,1
6536,36,1
6537,34,1
6538,69,1
6539,90,0
6540,82,1
6541,54,1
6542,96,1
6543,45,1
6544,36,1
6545,71,1
6546,120,1
6547,97,1
6548,56,1
6549,82,1
6550,65,1
6551,73,1
6552,29,1
6553,70,1
6554,71,0
6555,15,0
6556,64,1
6557,41,1
6558,22,0
6559,47,1
6560,80,1
6561,78,1
6562,92,1
6563,114,1
6564,200,0
6565,41,0
6566,99,1
6567,36,1
6568,56,0
6569,40,1
6570,12,0
6571,54,0
6572,200,0
6573,58,0
6574,28,0
6575,49,1
6576,112,0
6577,20,0
6578,26,0
6579,30,1
6580,32,0
6581,72,1
6582,59,1
6583,50,0
6584,174,1
6585,50,1
6586,53,1
6587,66,0
6588,110,1
6589,143,1
6590,48,1
6591,101,1
6592,83,1
6593,54,1
6594,34,1
6595,196,1
6596,153,0
6597,45,1
6598,41,1
6599,81,1
6600,82,1
6601,52,1
6602,86,1
6603,70,1
6604,43,1
6605,17,0
6606,15,0
6607,46,1
6608,49,1
6609,60,1
6610,11,0
6611,154,1
6612,66,1
6613,70,1
6614,108,0
6615,23,0
6616,10,0
6617,129,1
6618,62,1
6619,66,1
6620,48,1
6621,56,1
6622,52,1
6623,50,0
6624,65,1
6625,35,0
6626,31,0
6627,123,1
6628,43,0
6629,73,0
6630,48,1
6631,46,1
6632,39,1
6633,113,0
6634,18,0
6635,115,1
6636,60,1
6637,77,1
6638,69,1
6639,137,1
6640,54,1
6641,39,1
6642,200,0
6643,59,1
6644,100,0
6645,31,0
6646,109,1
6647,58,1
6648,176,1
6649,41,1
6650,32,0
6651,52,1
6652,49,0
6653,61,1
6654,80,1
6655,46,0
6656,116,1
6657,60,1
6658,42,1
6659,59,1
6660,100,0
6661,176,1
6662,25,0
6663,79,1
6664,101,1
6665,107,0
6666,94,1
6667,82,1
6668,54,1
6669,59,1
6670,106,1
6671,24,0
6672,63,1
6673,13,0
6674,28,0
6675,18,0
6676,144,0
6677,55,1
6678,125,1
6679,151,1
6680,117,1
6681,20,0
6682,45,1
6683,34,0
6684,56,1
6685,21,0
6686,42,0
6687,200,0
6688,64,1
6689,73,1
6690,95,1
6691,102,1
6692,9,0
6693,98,1
6694,86,1
6695,56,1
6696,62,1
6697,34,1
6698,84,1
6699,128,1
6700,93,1
6701,72,1
6702,57,1
6703,64,1
6704,22,0
6705,81,1
6706,98,1
6707,41,1
6708,56,0
6709,34,0
6710,82,1
6711,41,1
6712,75,1
6713,34,0
6714,13,0
6715,69,1
6716,64,1
6717,101,1
6718,25,1
6719,50,1
6720,66,1
6721,140,0
6722,61,1
6723,104,1
6724,31,1
6725,78,1
6726,87,1
6727,61,1
6728,189,1
6729,22,0
6730,104,1
6731,34,1
6732,26,0
6733,110,1
6734,46,1
6735,44,0
6736,104,1
6737,71,1
6738,65,1
6739,50,1
6740,12,0
6741,53,1
6742,26,1
6743,19,0
6744,135,1
6745,21,0
6746,17,0
6747,62,1
6748,25,1
6749,48,1
6750,46,1
6751,74,1
6752,60,1
6753,68,1
6754,159,1
6755,29,0
6756,49,1
6757,148,1
6758,114,1
6759,76,1
6760,33,1
6761,75,1
6762,30,1
6763,75,1
6764,33,1
6765,16,0
6766,86,1
6767,66,1
6768,169,1
6769,36,1
6770,85,1
6771,12,0
6772,38,1
6773,53,1
6774,68,1
6775,134,0
6776,54,0
6777,142,1
6778,87,0
6779,45,0
6780,86,1
6781,66,1
6782,199,1
6783,64,1
6784,88,1
6785,175,1
6786,14,0
6787,29,0
6788,33,0
6789,32,0
6790,48,1
6791,120,1
6792,108,1
6793,91,1
6794,200,0
6795,74,1
6796,72,1
6797,83,0
6798,85,1
6799,131,1
6800,192,1
6801,160,0
6802,40,1
6803,47,1
6804,84,0
6805,13,0
6806,45,1
6807,165,0
6808,43,0
6809,64,1
6810,60,0
6811,27,0
6812,29,0
6813,200,0
6814,97,1
6815,113,1
6816,37,1
6817,88,1
6818,46,1
6819,10,0
6820,20,1
6821,112,1
6822,55,1
6823,193,1
6824,70,1
6825,182,1
6826,45,1
6827,11,0
6828,126,0
6829,51,1
6830,82,0
6831,51,1
6832,63,0
6833,63,0
6834,35,0
6835,45,1
6836,65,0
6837,115,1
6838,175,1
6839,70,0
6840,54,1
6841,58,1
6842,70,1
6843,62,1
6844,82,1
6845,136,1
6846,62,1
6847,61,0
6848,39,1
6849,53,1
6850,71,1
6851,28,1
6852,44,0
6853,19,0
6854,64,1
6855,118,1
6856,87,1
6857,124,0
6858,24,1
6859,43,1
6860,61,1
6861,37,1
6862,59,1
6863,38,1
6864,22,0
6865,115,1
6866,30,1
6867,20,0
6868,60,0
6869,19,0
6870,41,1
6871,39,1
6872,200,0
6873,194,0
6874,87,1
6875,25,0
6876,28,1
6877,105,1
6878,200,0
6879,52,1
6880,101,1
6881,119,1
6882,96,1
6883,177,1
6884,113,1
6885,88,1
6886,64,1
6887,53,0
6888,79,1
6889,39,0
6890,47,0
6891,155,1
6892,32,0
6893,65,1
6894,18,0
6895,64,1
6896,135,0
6897,76,0
6898,95,1
6899,62,1
6900,18,0
6901,54,1
6902,69,0
6903,51,1
6904,108,1
6905,28,0
6906,106,1
6907,149,1
6908,77,1
6909,15,0
6910,66,1
6911,76,0
6912,200,1
6913,73,1
6914,27,0
6915,95,1
6916,32,1
6917,94,1
6918,59,1
6919,39,1
6920,68,1
6921,16,0
6922,138,1
6923,30,0
6924,75,1
6925,56,0
6926,83,1
6927,89,1
6928,60,1
6929,51,1
6930,176,1
6931,42,0
6932,36,0
6933,52,1
6934,123,1
6935,43,1
6936,99,1
6937,88,1
6938,104,1
6939,55,1
6940,41,1
6941,33,1
6942,50,1
6943,28,0
6944,52,1
6945,51,1
6946,28,0
6947,40,0
6948,200,0
6949,117,0
6950,65,1
6951,118,1
6952,52,0
6953,68,1
6954,32,1
6955,46,0
6956,86,1
6957,79,1
6958,78,1
6959,30,1
6960,85,1
6961,76,1
6962,27,1
6963,49,0
6964,107,1
6965,80,1
6966,14,0
6967,109,1
6968,76,0
6969,33,1
6970,200,0
6971,114,1
6972,31,1
6973,49,1
6974,103,1
6975,40,1
6976,69,1
6977,87,1
6978,58,1
6979,31,1
6980,16,0
6981,46,1
6982,33,1
6983,48,0
6984,171,1
6985,82,1
6986,15,0
6987,41,0
6988,58,1
6989,49,0
6990,76,1
6991,17,0
6992,66,0
6993,106,1
6994,46,1
6995,114,0
6996,86,0
6997,42,1
6998,106,1
6999,44,1
7000,33,0
7001,66,1
7002,14,0
7003,64,1
7004,126,1
7005,35,0
7006,106,1
7007,200,0
7008,82,1
7009,55,1
7010,31,0
7011,61,1
7012,160,0
7013,45,0
7014,184,1
7015,28,0
7016,167,1
7017,74,1
7018,97,0
7019,101,1
7020,83,1
7021,59,1
7022,125,1
7023,69,0
7024,14,0
7025,58,1
7026,53,0
7027,22,0
7028,41,1
7029,31,0
7030,75,1
7031,80,1
7032,125,1
7033,51,0
7034,46,0
7035,89,1
7036,59,1
7037,19,0
7038,125,1
7039,50,1
7040,91,1
7041,78,1
7042,39,0
7043,40,0
7044,74,1
7045,55,1
7046,71,1
7047,16,0
7048,75,1
7049,91,0
7050,47,0
7051,49,0
7052,70,1
7053,84,1
7054,37,1
7055,81,1
7056,82,1
7057,124,1
7058,12,0
7059,60,1
7060,80,1
7061,102,0
7062,93,0
7063,50,0
7064,131,1
7065,57,1
7066,25,1
7067,50,0
7068,64,0
7069,31,0
7070,99,1
7071,73,0
7072,41,1
7073,89,1
7074,77,1
7075,45,0
7076,52,1
7077,64,1
7078,23,0
7079,24,0
7080,58,1
7081,60,1
7082,82,0
7083,96,0
7084,47,0
7085,64,1
7086,37,1
7087,35,1
7088,54,1
7089,40,1
7090,96,1
7091,97,1
7092,51,1
7093,59,1
7094,78,1
7095,26,1
7096,118,1
7097,43,1
7098,43,0
7099,59,1
7100,45,1
7101,72,0
7102,26,0
7103,58,1
7104,61,1
7105,70,1
7106,17,0
7107,49,1
7108,40,0
7109,74,1
7110,112,1
7111,79,1
7112,134,1
7113,47,1
7114,122,1
7115,33,0
7116,23,0
7117,64,1
7118,40,1
7119,55,1
7120,130,1
7121,42,1
7122,53,1
7123,15,0
7124,30,0
7125,41,1
7126,82,1
7127,92,1
7128,37,0
7129,61,1
7130,39,1
7131,48,1
7132,119,1
7133,75,1
7134,48,0
7135,121,1
7136,89,1
7137,44,1
7138,56,1
7139,24,1
7140,73,1
7141,66,1
7142,41,1
7143,172,0
7144,19,0
7145,200,0
7146,43,1
7147,75,1
7148,75,0
7149,99,1
7150,51,1
7151,49,1
7152,58,1
7153,100,0
7154,199,1
7155,65,1
7156,17,0
7157,44,1
7158,53,1
7159,37,1
7160,92,1
7161,82,1
7162,62,1
7163,92,0
7164,102,1
7165,54,0
7166,33,0
7167,52,1
7168,58,0
7169,166,1
7170,76,1
7171,54,1
7172,46,0
7173,47,1
7174,47,1
7175,30,1
7176,41,1
7177,49,0
7178,75,1
7179,27,1
7180,62,0
7181,34,0
7182,128,1
7183,35,0
7184,53,0
7185,69,1
7186,174,1
7187,54,1
7188,72,0
7189,74,1
7190,21,0
7191,77,1
7192,77,1
7193,13,0
7194,80,1
7195,29,1
7196,15,0
7197,46,1
7198,43,1
7199,123,0
7200,59,1
7201,101,1
7202,23,0
7203,59,1
7204,120,1
7205,89,1
7206,68,1
7207,89,1
7208,72,1
7209,35,1
7210,73,1
7211,27,0
7212,85,1
7213,119,1
7214,43,1
7215,124,0
7216,32,0
7217,58,1
7218,82,0
7219,19,0
7220,85,1
7221,28,1
7222,12,0
7223,111,1
7224,31,0
7225,44,1
7226,61,1
7227,137,1
7228,63,0
7229,71,1
7230,47,1
7231,35,1
7232,45,1
7233,45,1
7234,79,1
7235,92,0
7236,78,1
7237,19,0
7238,60,1
7239,200,0
7240,31,0
7241,49,0
7242,52,1
7243,12,0
7244,117,1
7245,121,1
7246,20,0
7247,54,1
7248,60,1
7249,27,0
7250,54,1
7251,21,0
7252,78,1
7253,54,0
7254,46,0
7255,37,1
7256,11,0
7257,28,0
7258,32,0
7259,72,1
7260,46,0
7261,37,0
7262,68,1
7263,86,1
7264,59,1
7265,200,0
7266,31,0
7267,30,1
7268,28,0
7269,61,0
7270,29,1
7271,76,1
7272,50,1
7273,78,1
7274,121,1
7275,106,0
7276,24,1
7277,101,0
7278,61,1
7279,125,1
7280,36,0
7281,85,0
7282,29,1
7283,90,0
7284,16,0
7285,34,1
7286,149,0
7287,40,1
7288,95,1
7289,67,1
7290,65,1
7291,52,1
7292,119,1
7293,74,0
7294,21,0
7295,47,0
7296,39,1
7297,45,0
7298,97,1
7299,62,1
7300,62,1
7301,21,0
7302,50,1
7303,19,0
7304,83,1
7305,59,1
7306,79,1
7307,115,1
7308,49,1
7309,26,1
7310,51,1
7311,58,1
7312,36,1
7313,45,0
7314,63,0
7315,145,1
7316,36,1
7317,86,1
7318,71,1
7319,82,1
7320,30,1
7321,47,1
7322,91,1
7323,57,1
7324,111,1
7325,41,0
7326,31,0
7327,29,0
7328,65,1
7329,53,1
7330,124,1
7331,43,1
7332,36,0
7333,130,1
7334,33,0
7335,97,1
7336,81,0
7337,62,1
7338,39,0
7339,36,0
7340,59,1
7341,33,0
7342,78,0
7343,93,1
7344,96,0
7345,64,0
7346,32,1
7347,25,0
7348,179,1
7349,70,0
7350,117,1
7351,59,1
7352,135,1
7353,133,1
7354,84,1
7355,52,1
7356,49,1
7357,130,1
7358,36,1
7359,62,0
7360,82,0
7361,21,0
7362,200,0
7363,26,0
7364,131,1
7365,68,1
7366,26,0
7367,71,0
7368,62,1
7369,108,1
7370,47,1
7371,43,1
7372,67,1
7373,48,1
7374,81,1
7375,52,1
7376,56,1
7377,36,0
7378,69,1
7379,159,1
7380,60,1
7381,78,1
7382,18,0
7383,98,1
7384,43,0
7385,102,0
7386,57,1
7387,68,0
7388,25,1
7389,33,1
7390,27,0
7391,47,1
7392,62,1
7393,63,0
7394,12,0
7395,138,1
7396,82,1
7397,51,1
7398,82,1
7399,111,0
7400,59,0
7401,59,1
7402,65,1
7403,53,1
7404,62,0
7405,57,1
7406,22,0
7407,39,0
7408,35,1
7409,200,0
7410,44,1
7411,36,1
7412,21,1
7413,69,1
7414,162,1
7415,88,1
7416,68,1
7417,28,1
7418,59,1
7419,39,1
7420,161,1
7421,59,0
7422,61,1
7423,143,1
7424,178,1
7425,32,0
7426,88,1
7427,38,1
7428,125,1
7429,28,1
7430,36,1
7431,55,1
7432,32,0
7433,15,0
7434,52,1
7435,66,0
7436,70,1
7437,86,1
7438,61,0
7439,23,0
7440,32,1
7441,115,1
7442,68,1
7443,74,1
7444,59,1
7445,28,0
7446,60,1
7447,97,1
7448,70,0
7449,38,1
7450,58,1
7451,49,1
7452,144,0
7453,132,1
7454,194,1
7455,60,1
7456,70,1
7457,39,1
7458,29,0
7459,67,1
7460,175,1
7461,84,1
7462,151,1
7463,96,1
7464,36,1
7465,50,1
7466,58,1
7467,34,1
7468,57,1
7469,161,1
7470,69,1
7471,76,1
7472,32,0
7473,11,0
7474,68,1
7475,79,1
7476,119,1
7477,52,1
7478,33,1
7479,52,1
7480,95,1
7481,104,1
7482,14,0
7483,94,1
7484,37,1
7485,40,0
7486,139,1
7487,75,1
7488,98,0
7489,22,0
7490,34,1
7491,82,1
7492,123,1
7493,44,1
7494,49,1
7495,68,1
7496,50,0
7497,35,1
7498,53,0
7499,51,1
7500,90,1
7501,79,1
7502,61,1
7503,24,0
7504,171,1
7505,58,1
7506,42,1
7507,74,1
7508,76,1
7509,82,1
7510,45,0
7511,49,1
7512,59,1
7513,34,1
7514,83,1
7515,15,0
7516,48,1
7517,77,1
7518,85,1
7519,30,1
7520,24,1
7521,137,1
7522,36,0
7523,64,1
7524,22,1
7525,136,1
7526,29,0
7527,46,1
7528,38,0
7529,42,0
7530,67,1
7531,19,0
7532,198,1
7533,59,1
7534,94,1
7535,44,1
7536,117,1
7537,42,1
7538,72,1
7539,25,0
7540,72,1
7541,102,1
7542,85,1
7543,71,1
7544,97,1
7545,45,1
7546,41,1
7547,40,0
7548,140,1
7549,76,0
7550,93,1
7551,37,0
7552,52,1
7553,200,0
7554,21,0
7555,86,0
7556,70,0
7557,72,1
7558,53,1
7559,112,1
7560,157,1
7561,97,0
7562,68,0
7563,44,1
7564,80,0
7565,112,1
7566,37,0
7567,130,0
7568,20,0
7569,80,1
7570,97,1
7571,41,0
7572,28,1
7573,114,1
7574,61,1
7575,34,1
7576,44,1
7577,61,0
7578,144,1
7579,43,1
7580,34,1
7581,41,1
7582,59,0
7583,68,1
7584,9,0
7585,58,1
7586,39,1
7587,47,0
7588,147,1
7589,73,0
7590,34,1
7591,26,1
7592,102,1
7593,45,0
7594,75,0
7595,50,1
7596,63,0
7597,103,1
7598,47,1
7599,66,1
7600,102,1
7601,77,0
7602,42,1
7603,97,1
7604,47,1
7605,32,0
7606,65,0
7607,32,1
7608,50,0
7609,118,1
7610,77,1
7611,63,1
7612,17,0
7613,86,0
7614,53,1
7615,54,1
7616,123,1
7617,51,0
7618,52,1
7619,30,1
7620,36,1
7621,37,1
7622,85,1
7623,44,1
7624,57,1
7625,96,1
7626,45,0
7627,63,1
7628,169,1
7629,41,0
7630,47,1
7631,43,1
7632,127,0
7633,34,0
7634,23,0
7635,74,1
7636,65,1
7637,31,1
7638,65,1
7639,74,1
7640,41,0
7641,58,1
7642,63,1
7643,63,1
7644,66,0
7645,116,1
7646,20,0
7647,51,1
7648,153,1
7649,84,1
7650,87,1
7651,126,1
7652,21,0
7653,157,1
7654,34,1
7655,200,0
7656,67,1
7657,131,1
7658,200,0
7659,44,0
7660,57,0
7661,64,1
7662,44,1
7663,68,0
7664,42,1
7665,19,0
7666,67,1
7667,46,1
7668,46,0
7669,52,1
7670,38,1
7671,111,0
7672,22,0
7673,74,0
7674,84,1
7675,102,1
7676,11,0
7677,13,0
7678,47,1
7679,13,0
7680,101,1
7681,80,0
7682,54,0
7683,36,1
7684,63,1
7685,110,1
7686,27,0
7687,82,1
7688,57,1
7689,140,1
7690,57,1
7691,26,0
7692,168,0
7693,46,1
7694,49,1
7695,38,1
7696,24,0
7697,99,1
7698,74,1
7699,72,1
7700,71,1
7701,27,1
7702,99,0
7703,38,0
7704,46,1
7705,78,1
7706,78,1
7707,62,1
7708,82,1
7709,104,1
7710,94,1
7711,72,1
7712,39,1
7713,71,1
7714,52,0
7715,200,0
7716,81,0
7717,72,0
7718,103,0
7719,146,1
7720,52,1
7721,40,1
7722,74,0
7723,31,1
7724,69,0
7725,58,1
7726,66,0
7727,148,0
7728,115,1
7729,70,1
7730,25,0
7731,137,1
7732,57,0
7733,31,0
7734,95,1
7735,55,1
7736,67,1
7737,36,0
7738,20,0
7739,55,1
7740,38,1
7741,57,1
7742,89,1
7743,73,1
7744,49,1
7745,23,0
7746,60,1
7747,27,0
7748,159,1
7749,164,1
7750,55,0
7751,69,1
7752,70,1
7753,22,0
7754,64,0
7755,107,1
7756,54,0
7757,53,0
7758,43,1
7759,99,0
7760,71,1
7761,63,1
7762,24,0
7763,94,1
7764,55,1
7765,87,1
7766,39,0
7767,67,1
7768,39,0
7769,69,1
7770,102,1
7771,93,0
7772,27,1
7773,35,1
7774,52,1
7775,45,0
7776,136,1
7777,30,1
7778,78,1
7779,114,1
7780,150,0
7781,64,1
7782,60,0
7783,46,1
7784,30,1
7785,71,1
7786,37,1
7787,67,1
7788,88,1
7789,11,0
7790,84,1
7791,119,1
7792,73,1
7793,79,1
7794,102,0
7795,148,0
7796,30,0
7797,36,1
7798,15,0
7799,57,0
7800,200,0
7801,111,1
7802,47,0
7803,30,1
7804,60,0
7805,87,1
7806,25,0
7807,46,1
7808,35,0
7809,52,1
7810,50,1
7811,99,0
7812,42,1
7813,39,1
7814,96,0
7815,38,1
7816,105,1
7817,31,1
7818,200,0
7819,76,0
7820,47,1
7821,21,1
7822,56,0
7823,12,0
7824,54,1
7825,86,1
7826,9,0
7827,19,0
7828,68,1
7829,49,1
7830,74,0
7831,78,0
7832,26,1
7833,44,1
7834,88,1
7835,41,0
7836,40,1
7837,144,1
7838,64,1
7839,55,1
7840,47,1
7841,54,1
7842,82,1
7843,108,1
7844,20,0
7845,59,1
7846,54,1
7847,67,1
7848,68,1
7849,45,1
7850,65,1
7851,61,1
7852,38,1
7853,95,1
7854,9,0
7855,78,1
7856,37,1
7857,37,1
7858,74,0
7859,116,1
7860,52,1
7861,75,1
7862,64,0
7863,150,1
7864,44,0
7865,59,0
7866,63,1
7867,57,1
7868,104,1
7869,63,1
7870,148,0
7871,63,1
7872,36,1
7873,154,1
7874,67,1
7875,70,1
7876,186,1
7877,74,1
7878,59,1
7879,45,1
7880,117,1
7881,98,1
7882,51,1
7883,73,1
7884,127,1
7885,11,0
7886,62,1
7887,139,1
7888,58,1
7889,78,1
7890,41,0
7891,26,0
7892,101,1
7893,58,1
7894,33,1
7895,34,1
7896,89,1
7897,54,1
7898,60,1
7899,99,1
7900,48,1
7901,60,1
7902,63,0
7903,169,0
7904,167,1
7905,106,1
7906,135,1
7907,37,1
7908,90,1
7909,36,1
7910,79,1
7911,18,0
7912,63,1
7913,150,1
7914,60,1
7915,70,1
7916,69,1
7917,60,1
7918,14,0
7919,49,1
7920,82,1
7921,84,1
7922,73,1
7923,43,1
7924,35,1
7925,40,1
7926,156,0
7927,97,0
7928,10,0
7929,34,1
7930,68,1
7931,67,1
7932,80,1
7933,54,1
7934,121,1
7935,79,1
7936,71,1
7937,158,1
7938,93,1
7939,60,1
7940,30,1
7941,25,1
7942,57,0
7943,64,1
7944,52,1
7945,32,0
7946,17,0
7947,82,0
7948,25,0
7949,57,1
7950,78,0
7951,75,1
7952,54,1
7953,44,1
7954,67,1
7955,70,0
7956,75,1
7957,49,1
7958,19,0
7959,52,0
7960,58,1
7961,127,1
7962,46,1
7963,69,1
7964,200,0
7965,34,1
7966,61,1
7967,86,1
7968,51,1
7969,164,1
7970,28,1
7971,37,0
7972,65,1
7973,68,1
7974,42,1
7975,109,1
7976,20,0
7977,13,0
7978,33,1
7979,30,0
7980,34,1
7981,83,1
7982,76,1
7983,18,0
7984,81,1
7985,118,1
7986,43,0
7987,77,1
7988,71,1
7989,49,1
7990,102,1
7991,31,1
7992,72,1
7993,21,1
7994,52,1
7995,92,1
7996,29,1
7997,47,1
7998,38,0
7999,38,1
8000,7,0
8001,59,1
8002,58,1
8003,17,1
8004,119,1
8005,89,1
8006,93,1
8007,59,1
8008,82,1
8009,109,1
8010,63,1
8011,52,1
8012,56,1
8013,81,0
8014,138,1
8015,65,1
8016,69,1
8017,36,1
8018,70,1
8019,61,0
8020,99,1
8021,50,1
8022,112,1
8023,121,1
8024,53,1
8025,64,1
8026,59,1
8027,107,1
8028,138,0
8029,154,1
8030,41,1
8031,38,1
8032,102,0
8033,28,0
8034,94,1
8035,200,0
8036,61,1
8037,37,1
8038,110,1
8039,80,1
8040,49,0
8041,16,0
8042,62,1
8043,28,1
8044,74,0
8045,44,1
8046,86,1
8047,66,1
8048,121,1
8049,58,1
8050,40,1
8051,31,1
8052,41,0
8053,9,0
8054,88,1
8055,90,1
8056,17,0
8057,68,1
8058,74,0
8059,49,0
8060,41,1
8061,75,1
8062,26,1
8063,45,1
8064,39,1
8065,161,1
8066,57,1
8067,50,1
8068,60,0
8069,38,0
8070,76,1
8071,41,0
8072,66,1
8073,48,0
8074,60,0
8075,99,1
8076,42,1
8077,60,1
8078,93,1
8079,15,0
8080,73,0
8081,91,1
8082,26,1
8083,121,1
8084,59,0
8085,50,1
8086,118,1
8087,65,1
8088,104,1
8089,52,1
8090,66,0
8091,32,1
8092,29,1
8093,43,1
8094,108,0
8095,29,1
8096,141,1
8097,26,0
8098,107,1
8099,20,0
8100,8,0
8101,81,1
8102,97,0
8103,117,1
8104,41,1
8105,108,1
8106,15,0
8107,50,1
8108,56,0
8109,18,0
8110,69,0
8111,63,1
8112,107,1
8113,67,1
8114,52,0
8115,47,1
8116,57,0
8117,48,1
8118,63,1
8119,33,0
8120,55,1
8121,99,1
8122,67,0
8123,151,1
8124,123,1
8125,99,1
8126,200,0
8127,84,1
8128,63,1
8129,19,0
8130,197,1
8131,71,1
8132,75,0
8133,35,1
8134,132,1
8135,23,0
8136,54,0
8137,32,1
8138,70,1
8139,77,0
8140,27,0
8141,50,1
8142,53,1
8143,41,0
8144,34,0
8145,24,0
8146,56,1
8147,95,1
8148,86,1
8149,56,0
8150,15,0
8151,24,0
8152,68,1
8153,67,1
8154,104,1
8155,183,1
8156,79,0
8157,193,1
8158,132,1
8159,35,0
8160,38,1
8161,136,1
8162,97,1
8163,94,1
8164,102,1
8165,135,1
8166,44,1
8167,57,1
8168,14,0
8169,9,0
8170,118,1
8171,96,1
8172,31,0
8173,76,1
8174,94,1
8175,54,1
8176,71,1
8177,15,0
8178,86,1
8179,106,1
8180,84,1
8181,92,1
8182,23,0
8183,61,1
8184,59,1
8185,62,1
8186,83,0
8187,115,0
8188,91,1
8189,13,0
8190,43,1
8191,142,1
8192,39,1
8193,37,1
8194,37,0
8195,41,1
8196,13,0
8197,102,1
8198,65,1
8199,55,1
8200,88,1
8201,33,1
8202,33,1
8203,57,1
8204,130,1
8205,60,1
8206,8,0
8207,34,1
8208,33,0
8209,69,1
8210,66,0
8211,54,1
8212,40,1
8213,11,0
8214,44,1
8215,148,1
8216,76,1
8217,129,1
8218,60,1
8219,200,0
8220,55,1
8221,89,1
8222,161,1
8223,77,1
8224,133,0
8225,30,0
8226,72,1
8227,27,0
8228,50,1
8229,48,0
8230,200,0
8231,156,1
8232,42,1
8233,45,0
8234,71,1
8235,38,1
8236,42,1
8237,39,1
8238,63,1
8239,75,1
8240,46,1
8241,35,1
8242,80,1
8243,19,0
8244,34,1
8245,98,1
8246,41,1
8247,125,1
8248,62,1
8249,64,1
8250,32,0
8251,46,1
8252,87,1
8253,34,1
8254,72,1
8255,72,1
8256,27,0
8257,90,0
8258,93,1
8259,148,1
8260,89,1
8261,45,1
8262,94,1
8263,111,1
8264,69,1
8265,67,1
8266,36,1
8267,116,1
8268,134,1
8269,112,1
8270,100,1
8271,72,0
8272,200,0
8273,72,1
8274,69,1
8275,194,1
8276,66,1
8277,74,1
8278,30,1
8279,51,1
8280,59,1
8281,32,0
8282,47,1
8283,67,0
8284,76,1
8285,48,1
8286,55,0
8287,53,0
8288,42,1
8289,101,1
8290,73,1
8291,174,1
8292,44,0
8293,71,1
8294,171,1
8295,82,1
8296,71,1
8297,55,1
8298,180,1
8299,50,1
8300,45,1
8301,68,1
8302,19,0
8303,49,1
8304,28,1
8305,82,1
8306,36,0
8307,53,1
8308,53,1
8309,36,1
8310,62,0
8311,40,0
8312,40,1
8313,12,0
8314,23,0
8315,70,0
8316,70,1
8317,135,0
8318,117,0
8319,56,1
8320,40,1
8321,95,1
8322,108,1
8323,118,1
8324,9,0
8325,77,1
8326,73,1
8327,115,1
8328,57,1
8329,66,1
8330,16,0
8331,60,1
8332,20,0
8333,41,1
8334,59,1
8335,60,1
8336,85,0
8337,110,1
8338,165,0
8339,21,0
8340,48,1
8341,72,1
8342,60,1
8343,34,0
8344,73,1
8345,27,0
8346,42,1
8347,95,1
8348,31,0
8349,35,1
8350,17,0
8351,152,1
8352,93,1
8353,74,1
8354,9,0
8355,44,1
8356,96,1
8357,55,0
8358,30,0
8359,34,0
8360,107,1
8361,72,0
8362,53,1
8363,45,1
8364,73,1
8365,64,1
8366,63,0
8367,79,1
8368,82,0
8369,36,1
8370,103,1
8371,53,1
8372,63,1
8373,49,1
8374,56,1
8375,157,0
8376,62,0
8377,167,1
8378,85,1
8379,138,1
8380,36,1
8381,166,1
8382,132,1
8383,154,1
8384,48,1
8385,37,1
8386,69,1
8387,55,1
8388,92,1
8389,51,1
8390,104,1
8391,49,1
8392,46,1
8393,63,0
8394,109,0
8395,28,0
8396,70,0
8397,51,0
8398,39,1
8399,86,1
8400,57,1
8401,102,1
8402,15,0
8403,99,1
8404,32,0
8405,78,1
8406,85,1
8407,78,0
8408,74,1
8409,57,1
8410,86,1
8411,82,0
8412,89,1
8413,63,1
8414,25,0
8415,14,0
8416,16,0
8417,76,0
8418,61,0
8419,26,1
8420,55,1
8421,72,1
8422,81,1
8423,38,1
8424,12,0
8425,23,1
8426,114,1
8427,200,0
8428,83,1
8429,168,0
8430,51,1
8431,38,0
8432,40,1
8433,19,1
8434,77,1
8435,72,1
8436,27,0
8437,91,1
8438,51,1
8439,69,1
8440,106,0
8441,41,1
8442,43,1
8443,43,1
8444,55,0
8445,54,1
8446,90,1
8447,87,1
8448,45,0
8449,68,1
8450,76,1
8451,51,1
8452,55,1
8453,69,1
8454,79,1
8455,50,1
8456,36,1
8457,50,0
8458,59,1
8459,60,1
8460,30,0
8461,40,0
8462,41,1
8463,54,1
8464,49,0
8465,97,1
8466,49,0
8467,59,1
8468,57,1
8469,76,1
8470,51,1
8471,119,1
8472,21,0
8473,89,1
8474,85,1
8475,15,0
8476,39,1
8477,63,0
8478,72,1
8479,32,0
8480,27,0
8481,30,0
8482,15,0
8483,55,0
8484,15,0
8485,82,1
8486,85,1
8487,34,0
8488,93,1
8489,15,0
8490,27,1
8491,51,1
8492,60,1
8493,165,1
8494,66,1
8495,78,1
8496,103,1
8497,62,0
8498,16,1
8499,76,1
8500,55,1
8501,23,0
8502,25,0
8503,65,1
8504,39,1
8505,93,1
8506,7,0
8507,28,0
8508,103,1
8509,71,1
8510,79,1
8511,103,1
8512,10,0
8513,24,0
8514,72,1
8515,78,1
8516,91,1
8517,78,0
8518,29,0
8519,25,1
8520,79,1
8521,200,0
8522,32,1
8523,17,0
8524,49,0
8525,30,1
8526,53,0
8527,130,1
8528,46,1
8529,53,1
8530,25,0
8531,75,1
8532,29,1
8533,34,1
8534,29,0
8535,13,0
8536,34,1
8537,33,1
8538,15,0
8539,58,1
8540,35,1
8541,98,1
8542,56,0
8543,124,1
8544,81,1
8545,19,0
8546,57,1
8547,66,1
8548,36,0
8549,57,1
8550,66,0
8551,136,0
8552,59,1
8553,41,0
8554,20,0
8555,69,1
8556,58,1
8557,37,1
8558,113,1
8559,31,1
8560,79,1
8561,14,0
8562,33,1
8563,68,1
8564,31,1
8565,15,0
8566,55,1
8567,127,1
8568,30,0
8569,14,0
8570,11,0
8571,83,1
8572,48,1
8573,42,0
8574,77,1
8575,115,1
8576,52,1
8577,107,1
8578,14,0
8579,121,1
8580,81,1
8581,49,1
8582,140,1
8583,97,0
8584,45,1
8585,20,0
8586,75,0
8587,54,1
8588,11,0
8589,58,1
8590,98,1
8591,27,0
8592,200,0
8593,152,1
8594,41,0
8595,76,1
8596,83,1
8597,69,1
8598,70,0
8599,71,1
8600,124,1
8601,125,1
8602,27,0
8603,30,1
8604,100,1
8605,57,1
8606,65,1
8607,50,1
8608,121,1
8609,77,0
8610,141,1
8611,19,0
8612,74,1
8613,52,0
8614,60,1
8615,39,1
8616,63,1
8617,115,1
8618,55,1
8619,54,1
8620,58,1
8621,123,0
8622,37,1
8623,70,1
8624,44,1
8625,175,1
8626,116,1
8627,99,0
8628,26,1
8629,63,1
8630,30,1
8631,91,1
8632,200,0
8633,30,1
8634,18,0
8635,37,1
8636,35,1
8637,94,1
8638,82,1
8639,49,0
8640,29,1
8641,84,1
8642,56,1
8643,52,1
8644,58,1
8645,15,0
8646,69,1
8647,29,0
8648,24,0
8649,114,1
8650,87,1
8651,52,1
8652,200,0
8653,17,0
8654,114,1
8655,50,1
8656,92,1
8657,20,0
8658,40,1
8659,16,0
8660,120,0
8661,51,1
8662,91,0
8663,82,1
8664,52,0
8665,75,1
8666,31,1
8667,138,1
8668,59,1
8669,59,0
8670,132,1
8671,15,0
8672,36,1
8673,34,0
8674,100,1
8675,101,1
8676,88,1
8677,59,1
8678,34,1
8679,79,1
8680,35,1
8681,39,1
8682,200,0
8683,78,1
8684,59,1
8685,82,1
8686,200,0
8687,23,0
8688,18,0
8689,168,1
8690,67,1
8691,99,1
8692,53,1
8693,95,1
8694,38,0
8695,100,1
8696,29,1
8697,116,1
8698,97,1
8699,10,0
8700,86,1
8701,48,1
8702,91,1
8703,147,1
8704,46,1
8705,32,0
8706,23,0
8707,96,0
8708,41,1
8709,178,1
8710,35,1
8711,66,1
8712,77,0
8713,57,0
8714,38,1
8715,24,0
8716,72,1
8717,45,0
8718,196,1
8719,66,1
8720,35,1
8721,65,1
8722,26,1
8723,39,1
8724,192,1
8725,167,1
8726,42,1
8727,50,1
8728,68,1
8729,40,1
8730,126,1
8731,45,1
8732,76,0
8733,64,1
8734,25,1
8735,63,1
8736,54,0
8737,47,0
8738,71,1
8739,53,1
8740,21,0
8741,66,1
8742,38,0
8743,51,1
8744,66,1
8745,56,1
8746,60,1
8747,88,0
8748,44,1
8749,31,1
8750,20,0
8751,84,0
8752,122,1
8753,45,1
8754,39,0
8755,72,1
8756,46,0
8757,19,0
8758,37,0
8759,98,1
8760,23,0
8761,37,1
8762,52,1
8763,27,0
8764,34,0
8765,48,1
8766,62,0
8767,45,0
8768,31,1
8769,78,1
8770,98,0
8771,41,0
8772,50,1
8773,108,1
8774,165,1
8775,79,1
8776,112,1
8777,58,0
8778,84,1
8779,49,0
8780,61,0
8781,43,1
8782,91,1
8783,104,1
8784,200,0
8785,113,1
8786,41,1
8787,70,1
8788,48,0
8789,73,1
8790,36,0
8791,18,0
8792,32,1
8793,122,1
8794,45,1
8795,121,0
8796,12,0
8797,26,0
8798,52,1
8799,182,1
8800,92,0
8801,31,1
8802,57,1
8803,65,0
8804,71,1
8805,40,1
8806,40,1
8807,48,1
8808,21,0
8809,48,1
8810,55,1
8811,150,0
8812,38,0
8813,90,0
8814,125,1
8815,74,1
8816,66,1
8817,41,1
8818,77,1
8819,12,0
8820,137,0
8821,32,1
8822,54,1
8823,12,0
8824,109,1
8825,78,1
8826,44,1
8827,52,1
8828,200,0
8829,31,1
8830,40,1
8831,40,0
8832,15,0
8833,72,1
8834,23,1
8835,46,1
8836,47,1
8837,39,1
8838,178,1
8839,53,1
8840,115,1
8841,130,1
8842,19,0
8843,27,0
8844,146,0
8845,40,0
8846,74,1
8847,44,1
8848,136,0
8849,126,1
8850,55,1
8851,86,1
8852,65,1
8853,76,1
8854,45,0
8855,50,0
8856,39,0
8857,76,1
8858,55,1
8859,55,0
8860,129,1
8861,159,1
8862,34,1
8863,32,0
8864,42,1
8865,173,1
8866,69,1
8867,97,1
8868,41,1
8869,18,0
8870,102,1
8871,89,1
8872,63,0
8873,84,1
8874,39,1
8875,34,1
8876,200,0
8877,56,1
8878,38,0
8879,69,1
8880,85,1
8881,101,1
8882,29,0
8883,97,0
8884,46,1
8885,44,0
8886,51,0
8887,36,1
8888,58,1
8889,119,1
8890,60,0
8891,69,1
8892,37,0
8893,72,1
8894,73,1
8895,65,1
8896,70,1
8897,52,0
8898,63,1
8899,76,1
8900,55,0
8901,38,1
8902,39,1
8903,45,1
8904,55,1
8905,64,1
8906,43,0
8907,40,1
8908,73,1
8909,56,1
8910,98,1
8911,26,1
8912,7,0
8913,43,1
8914,69,1
8915,31,1
8916,125,1
8917,136,1
8918,47,1
8919,36,1
8920,85,1
8921,45,1
8922,116,1
8923,79,0
8924,92,1
8925,37,1
8926,38,1
8927,33,1
8928,67,0
8929,102,0
8930,32,0
8931,61,1
8932,67,1
8933,13,0
8934,119,1
8935,161,1
8936,26,0
8937,22,0
8938,36,1
8939,31,1
8940,13,0
8941,109,1
8942,88,1
8943,79,1
8944,23,0
8945,55,1
8946,45,1
8947,67,1
8948,92,1
8949,110,1
8950,69,1
8951,91,1
8952,98,0
8953,18,0
8954,72,1
8955,80,1
8956,55,1
8957,33,1
8958,200,0
8959,18,0
8960,53,1
8961,144,1
8962,92,1
8963,20,0
8964,51,1
8965,33,1
8966,75,1
8967,57,1
8968,46,1
8969,113,1
8970,143,1
8971,52,1
8972,79,1
8973,96,0
8974,53,1
8975,28,0
8976,43,1
8977,84,0
8978,19,0
8979,117,1
8980,89,1
8981,41,1
8982,53,1
8983,27,0
8984,100,1
8985,52,1
8986,180,1
8987,77,0
8988,86,1
8989,89,1
8990,96,1
8991,139,1
8992,56,1
8993,61,1
8994,49,1
8995,58,1
8996,108,0
8997,37,1
8998,66,1
8999,74,0
9000,45,1
9001,36,0
9002,35,1
9003,33,1
9004,10,0
9005,16,0
9006,92,1
9007,131,1
9008,156,1
9009,33,0
9010,106,0
9011,124,1
9012,73,1
9013,66,1
9014,63,1
9015,10,0
9016,36,1
9017,51,1
9018,40,1
9019,104,1
9020,71,1
9021,64,0
9022,68,0
9023,49,1
9024,100,0
9025,94,1
9026,54,1
9027,41,0
9028,70,0
9029,129,1
9030,60,1
9031,69,1
9032,62,1
9033,68,1
9034,58,0
9035,17,0
9036,28,1
9037,40,1
9038,69,1
9039,25,0
9040,62,1
9041,125,1
9042,60,1
9043,155,1
9044,47,1
9045,52,0
9046,40,0
9047,150,1
9048,48,1
9049,62,1
9050,71,0
9051,34,0
9052,18,0
9053,53,0
9054,127,1
9055,28,0
9056,39,1
9057,51,1
9058,39,1
9059,78,1
9060,23,1
9061,39,1
9062,93,1
9063,158,1
9064,57,0
9065,43,1
9066,63,1
9067,7,0
9068,54,1
9069,43,0
9070,145,0
9071,81,1
9072,35,0
9073,22,0
9074,85,0
9075,59,1
9076,29,1
9077,85,1
9078,50,1
9079,47,1
9080,83,1
9081,158,1
9082,44,1
9083,69,1
9084,85,0
9085,46,1
9086,43,0
9087,52,1
9088,27,0
9089,118,1
9090,69,1
9091,200,0
9092,45,1
9093,53,1
9094,123,1
9095,70,1
9096,84,1
9097,133,1
9098,200,0
9099,18,0
9100,25,0
9101,50,1
9102,109,0
9103,35,1
9104,72,1
9105,51,1
9106,198,1
9107,47,1
9108,12,0
9109,33,0
9110,14,0
9111,59,1
9112,66,1
9113,29,1
9114,60,1
9115,35,1
9116,123,1
9117,35,0
9118,51,0
9119,43,1
9120,57,1
9121,93,1
9122,61,1
9123,12,0
9124,40,1
9125,93,1
9126,127,0
9127,21,1
9128,68,1
9129,112,1
9130,82,1
9131,25,1
9132,61,0
9133,15,0
9134,57,1
9135,11,0
9136,13,0
9137,62,1
9138,30,1
9139,78,1
9140,38,1
9141,20,1
9142,130,1
9143,46,0
9144,38,1
9145,37,0
9146,69,1
9147,34,0
9148,91,0
9149,22,0
9150,35,1
9151,45,1
9152,96,1
9153,82,1
9154,137,1
9155,90,1
9156,12,0
9157,26,1
9158,13,0
9159,11,0
9160,35,1
9161,33,0
9162,67,1
9163,22,1
9164,111,1
9165,70,1
9166,101,1
9167,34,0
9168,21,0
9169,47,1
9170,41,1
9171,39,1
9172,111,1
9173,30,0
9174,47,1
9175,24,1
9176,116,1
9177,93,0
9178,66,1
9179,33,1
9180,34,1
9181,8,0
9182,76,1
9183,123,0
9184,100,1
9185,42,1
9186,34,0
9187,71,1
9188,23,0
9189,106,1
9190,60,1
9191,78,1
9192,31,1
9193,70,1
9194,47,0
9195,83,1
9196,53,0
9197,55,1
9198,20,0
9199,19,0
9200,58,1
9201,62,1
9202,108,0
9203,77,1
9204,109,1
9205,100,0
9206,30,1
9207,58,1
9208,41,0
9209,43,1
9210,11,0
9211,97,1
9212,166,1
9213,62,1
9214,79,1
9215,129,1
9216,28,0
9217,48,0
9218,200,0
9219,41,0
9220,93,1
9221,55,1
9222,42,1
9223,19,0
9224,184,1
9225,46,1
9226,53,1
9227,55,1
9228,85,0
9229,160,0
9230,97,1
9231,49,1
9232,42,0
9233,58,1
9234,7,0
9235,30,1
9236,57,0
9237,55,0
9238,14,0
9239,63,0
9240,84,0
9241,80,1
9242,105,1
9243,35,1
9244,103,1
9245,67,1
9246,100,1
9247,142,1
9248,40,1
9249,65,1
9250,79,1
9251,42,0
9252,26,1
9253,43,1
9254,20,0
9255,59,1
9256,51,1
9257,29,1
9258,58,0
9259,110,1
9260,60,1
9261,54,1
9262,120,1
9263,85,1
9264,42,0
9265,65,1
9266,47,1
9267,51,1
9268,60,1
9269,81,1
9270,111,1
9271,28,1
9272,15,0
9273,85,1
9274,53,1
9275,45,1
9276,36,0
9277,13,0
9278,40,1
9279,113,1
9280,69,0
9281,51,0
9282,37,1
9283,134,1
9284,52,1
9285,72,0
9286,38,1
9287,65,1
9288,40,1
9289,42,0
9290,74,1
9291,49,1
9292,69,1
9293,55,0
9294,54,0
9295,40,1
9296,51,1
9297,62,1
9298,72,1
9299,168,1
9300,12,0
9301,44,1
9302,42,1
9303,41,0
9304,73,0
9305,42,1
9306,22,0
9307,114,1
9308,68,1
9309,22,1
9310,57,1
9311,200,0
9312,54,1
9313,60,0
9314,41,1
9315,91,1
9316,66,0
9317,65,0
9318,73,1
9319,112,1
9320,77,1
9321,54,1
9322,134,1
9323,79,1
9324,144,0
9325,111,1
9326,38,1
9327,39,1
9328,88,0
9329,96,1
9330,58,0
9331,114,1
9332,32,0
9333,76,1
9334,51,1
9335,13,0
9336,62,0
9337,15,0
9338,125,1
9339,47,0
9340,39,1
9341,126,1
9342,46,1
9343,42,1
9344,27,1
9345,62,0
9346,20,0
9347,92,0
9348,54,1
9349,72,1
9350,41,1
9351,131,1
9352,82,1
9353,44,1
9354,36,1
9355,54,1
9356,56,1
9357,91,1
9358,66,1
9359,58,1
9360,86,1
9361,115,1
9362,51,1
9363,46,1
9364,153,1
9365,68,1
9366,51,1
9367,65,1
9368,72,1
9369,156,1
9370,33,1
9371,35,0
9372,143,1
9373,39,0
9374,200,0
9375,48,1
9376,18,0
9377,51,1
9378,86,0
9379,29,1
9380,106,1
9381,74,1
9382,59,0
9383,86,1
9384,92,1
9385,52,1
9386,108,1
9387,64,0
9388,90,1
9389,61,1
9390,111,1
9391,35,1
9392,90,1
9393,59,0
9394,39,1
9395,64,1
9396,184,1
9397,69,0
9398,28,0
9399,69,0
9400,65,1
9401,46,1
9402,89,1
9403,53,1
9404,83,1
9405,25,0
9406,107,0
9407,121,0
9408,111,1
9409,26,0
9410,32,0
9411,125,1
9412,98,1
9413,37,1
9414,27,0
9415,74,1
9416,67,1
9417,67,1
9418,93,1
9419,30,0
9420,98,1
9421,17,0
9422,14,0
9423,50,1
9424,37,1
9425,70,0
9426,85,1
9427,84,1
9428,74,1
9429,162,1
9430,45,0
9431,20,0
9432,79,1
9433,78,1
9434,75,1
9435,35,0
9436,112,1
9437,135,1
9438,96,0
9439,107,1
9440,109,1
9441,72,0
9442,97,1
9443,174,1
9444,34,0
9445,65,1
9446,61,1
9447,39,1
9448,36,1
9449,128,1
9450,87,1
9451,81,1
9452,69,1
9453,75,1
9454,32,0
9455,19,0
9456,67,1
9457,16,0
9458,64,1
9459,72,0
9460,82,1
9461,108,0
9462,34,0
9463,76,0
9464,45,0
9465,11,0
9466,11,0
9467,60,1
9468,81,1
9469,36,1
9470,190,1
9471,57,1
9472,109,1
9473,16,0
9474,47,1
9475,151,1
9476,200,0
9477,70,1
9478,119,1
9479,49,0
9480,85,1
9481,109,1
9482,46,1
9483,87,1
9484,61,1
9485,58,1
9486,49,1
9487,192,1
9488,30,0
9489,51,0
9490,192,1
9491,39,0
9492,12,0
9493,11,0
9494,42,1
9495,61,1
9496,107,1
9497,72,1
9498,102,1
9499,43,1
9500,21,1
9501,67,1
9502,13,0
9503,114,1
9504,84,1
9505,32,0
9506,173,0
9507,61,0
9508,33,0
9509,31,1
9510,68,1
9511,60,1
9512,112,0
9513,13,0
9514,72,1
9515,100,1
9516,27,0
9517,118,1
9518,68,1
9519,49,1
9520,72,1
9521,116,1
9522,25,1
9523,45,0
9524,35,0
9525,35,1
9526,14,0
9527,41,0
9528,53,1
9529,101,0
9530,54,1
9531,23,0
9532,37,0
9533,87,1
9534,44,0
9535,32,1
9536,28,0
9537,90,1
9538,57,0
9539,115,1
9540,39,1
9541,59,1
9542,200,0
9543,54,1
9544,44,1
9545,55,1
9546,19,0
9547,7,0
9548,52,0
9549,74,1
9550,29,0
9551,88,1
9552,61,0
9553,75,0
9554,74,1
9555,86,1
9556,15,0
9557,180,1
9558,19,0
9559,53,0
9560,68,1
9561,33,1
9562,48,1
9563,65,1
9564,52,1
9565,41,0
9566,18,0
9567,15,0
9568,49,1
9569,40,1
9570,53,1
9571,46,1
9572,7,0
9573,153,0
9574,27,0
9575,47,0
9576,63,0
9577,52,0
9578,75,0
9579,40,1
9580,38,0
9581,72,1
9582,77,1
9583,12,0
9584,43,1
9585,37,0
9586,39,0
9587,82,1
9588,22,0
9589,80,1
9590,60,1
9591,63,1
9592,23,0
9593,60,1
9594,47,1
9595,82,1
9596,73,1
9597,130,1
9598,107,0
9599,44,0
9600,53,0
9601,86,1
9602,73,0
9603,40,1
9604,107,1
9605,27,1
9606,176,1
9607,82,1
9608,94,1
9609,107,1
9610,129,1
9611,21,0
9612,121,1
9613,52,1
9614,67,1
9615,50,0
9616,146,1
9617,96,1
9618,141,1
9619,137,1
9620,93,1
9621,30,0
9622,128,1
9623,52,0
9624,43,0
9625,72,1
9626,132,0
9627,45,1
9628,64,1
9629,109,1
9630,47,0
9631,65,1
9632,77,1
9633,31,0
9634,78,0
9635,139,0
9636,87,1
9637,58,1
9638,67,1
9639,71,0
9640,140,1
9641,36,1
9642,21,0
9643,55,1
9644,132,1
9645,132,1
9646,26,0
9647,90,1
9648,77,1
9649,20,0
9650,42,1
9651,29,0
9652,71,1
9653,12,0
9654,54,1
9655,44,1
9656,57,0
9657,145,1
9658,63,1
9659,20,0
9660,55,1
9661,110,1
9662,71,1
9663,87,1
9664,122,1
9665,54,0
9666,54,0
9667,68,0
9668,23,1
9669,30,0
9670,74,1
9671,15,0
9672,112,1
9673,149,1
9674,39,0
9675,112,0
9676,25,1
9677,124,1
9678,47,1
9679,37,0
9680,200,0
9681,140,1
9682,111,1
9683,65,0
9684,65,1
9685,108,0
9686,49,0
9687,54,1
9688,11,0
9689,51,1
9690,57,1
9691,48,1
9692,50,0
9693,66,1
9694,99,1
9695,41,0
9696,83,1
9697,88,1
9698,38,1
9699,55,1
9700,72,1
9701,73,1
9702,72,1
9703,48,0
9704,53,1
9705,73,1
9706,62,1
9707,61,1
9708,66,1
9709,54,0
9710,23,1
9711,95,1
9712,40,1
9713,49,1
9714,90,1
9715,35,1
9716,84,1
9717,111,1
9718,53,1
9719,42,1
9720,40,0
9721,34,1
9722,41,1
9723,63,0
9724,37,1
9725,112,1
9726,19,0
9727,79,1
9728,47,1
9729,87,0
9730,98,0
9731,58,1
9732,15,0
9733,88,1
9734,114,0
9735,135,1
9736,34,1
9737,97,1
9738,65,0
9739,127,1
9740,90,0
9741,10,0
9742,70,1
9743,82,0
9744,154,0
9745,140,1
9746,76,1
9747,44,1
9748,96,1
9749,49,0
9750,49,0
9751,64,1
9752,94,1
9753,29,1
9754,41,1
9755,65,1
9756,59,1
9757,63,1
9758,57,1
9759,50,1
9760,48,1
9761,37,1
9762,60,0
9763,64,1
9764,28,1
9765,111,1
9766,69,0
9767,35,1
9768,68,1
9769,38,1
9770,15,0
9771,75,1
9772,39,0
9773,24,0
9774,72,1
9775,38,1
9776,59,0
9777,130,1
9778,36,1
9779,81,1
9780,46,0
9781,68,1
9782,46,0
9783,34,0
9784,70,1
9785,66,1
9786,56,1
9787,40,1
9788,48,1
9789,125,1
9790,65,0
9791,60,1
9792,46,1
9793,109,1
9794,157,0
9795,41,1
9796,52,1
9797,102,1
9798,78,0
9799,50,0
9800,23,0
9801,29,0
9802,200,0
9803,36,1
9804,39,1
9805,31,1
9806,43,1
9807,91,1
9808,34,0
9809,41,0
9810,74,1
9811,85,1
9812,22,0
9813,160,1
9814,63,1
9815,19,0
9816,107,0
9817,126,1
9818,28,1
9819,106,1
9820,46,0
9821,60,1
9822,68,1
9823,35,1
9824,66,1
9825,47,1
9826,139,0
9827,25,0
9828,125,1
9829,77,1
9830,45,1
9831,57,0
9832,169,1
9833,45,0
9834,77,1
9835,51,0
9836,160,1
9837,72,1
9838,84,1
9839,63,1
9840,164,0
9841,81,1
9842,25,0
9843,65,1
9844,40,1
9845,34,1
9846,43,1
9847,42,1
9848,54,1
9849,69,1
9850,45,1
9851,133,1
9852,83,1
9853,81,1
9854,48,1
9855,36,1
9856,86,1
9857,53,1
9858,200,0
9859,35,1
9860,12,0
9861,42,1
9862,54,0
9863,142,0
9864,40,1
9865,90,0
9866,44,1
9867,94,1
9868,77,1
9869,35,1
9870,67,1
9871,52,1
9872,44,0
9873,99,1
9874,39,1
9875,65,0
9876,63,1
9877,83,0
9878,188,1
9879,62,1
9880,64,1
9881,36,1
9882,115,0
9883,141,0
9884,42,1
9885,28,1
9886,81,1
9887,17,0
9888,33,0
9889,87,0
9890,154,1
9891,63,0
9892,57,1
9893,159,1
9894,53,0
9895,69,0
9896,72,1
9897,35,1
9898,97,1
9899,28,0
9900,39,0
9901,57,1
9902,101,1
9903,59,1
9904,95,1
9905,13,0
9906,155,0
9907,126,1
9908,52,1
9909,57,1
9910,55,1
9911,78,1
9912,41,1
9913,62,1
9914,43,1
9915,64,0
9916,22,0
9917,40,1
9918,147,1
9919,137,0
9920,43,1
9921,46,0
9922,67,1
9923,108,1
9924,44,1
9925,178,1
9926,33,0
9927,47,1
9928,58,0
9929,40,1
9930,95,0
9931,46,1
9932,52,0
9933,170,1
9934,143,1
9935,44,1
9936,15,0
9937,19,1
9938,101,1
9939,107,1
9940,41,1
9941,80,1
9942,182,1
9943,66,1
9944,75,1
9945,92,0
9946,49,1
9947,91,1
9948,58,0
9949,63,1
9950,61,0
9951,35,0
9952,40,1
9953,58,1
9954,50,1
9955,49,0
9956,45,0
9957,117,1
9958,27,1
9959,119,1
9960,49,0
9961,21,1
9962,70,0
9963,40,1
9964,73,1
9965,50,1
9966,76,1
9967,48,1
9968,45,1
9969,119,1
9970,67,1
9971,36,0
9972,112,1
9973,39,1
9974,46,1
9975,104,1
9976,72,1
9977,38,1
9978,64,1
9979,132,1
9980,48,1
9981,55,1
9982,55,1
9983,40,1
9984,102,1
9985,36,1
9986,152,1
9987,24,0
9988,137,1
9989,62,0
9990,77,1
9991,118,1
9992,24,0
9993,147,0
9994,25,0
9995,27,1
9996,118,1
9997,73,0
9998,85,0
9999,60,1
