episode,steps,reward
0,95,0
1,59,0
2,95,0
3,32,0
4,8,0
5,9,0
6,52,0
7,7,0
8,24,0
9,17,0
10,79,0
11,66,0
12,22,0
13,5,0
14,33,0
15,17,0
16,10,0
17,8,0
18,8,0
19,42,0
20,15,0
21,10,0
22,10,0
23,46,0
24,125,0
25,11,0
26,23,0
27,155,0
28,19,0
29,41,0
30,6,0
31,15,0
32,8,0
33,10,0
34,8,0
35,49,0
36,41,0
37,14,0
38,9,0
39,14,0
40,13,0
41,28,0
42,17,0
43,43,0
44,25,0
45,14,0
46,31,0
47,61,0
48,129,0
49,25,0
50,16,0
51,22,0
52,38,0
53,44,0
54,24,0
55,20,0
56,24,0
57,15,0
58,13,0
59,19,0
60,9,0
61,10,0
62,26,0
63,14,0
64,10,0
65,11,0
66,13,0
67,34,0
68,24,0
69,10,0
70,12,0
71,48,0
72,12,0
73,30,0
74,12,0
75,32,0
76,19,0
77,25,0
78,25,0
79,35,0
80,38,0
81,13,0
82,44,0
83,31,0
84,10,0
85,29,0
86,17,0
87,29,0
88,36,0
89,32,0
90,56,0
91,9,0
92,20,0
93,10,0
94,31,0
95,14,0
96,45,0
97,36,0
98,20,0
99,9,0
100,41,0
101,26,0
102,15,0
103,13,0
104,18,0
105,46,0
106,42,0
107,35,0
108,29,0
109,25,0
110,24,0
111,40,0
112,66,0
113,43,0
114,33,0
115,28,0
116,19,0
117,16,0
118,85,0
119,26,0
120,18,0
121,19,0
122,12,0
123,26,0
124,11,0
125,37,0
126,73,0
127,12,0
128,12,0
129,38,0
130,46,0
131,21,0
132,20,0
133,26,0
134,28,0
135,40,0
136,35,0
137,26,0
138,49,0
139,25,0
140,35,0
141,24,0
142,32,0
143,40,0
144,16,0
145,28,0
146,147,0
147,61,0
148,19,0
149,16,0
150,35,0
151,39,0
152,46,0
153,66,0
154,49,0
155,30,0
156,41,0
157,28,0
158,19,0
159,40,0
160,17,0
161,10,0
162,73,0
163,8,0
164,25,0
165,16,0
166,13,0
167,35,0
168,47,0
169,35,0
170,21,0
171,53,1
172,29,0
173,21,0
174,47,0
175,34,0
176,28,0
177,37,0
178,54,0
179,30,0
180,18,0
181,80,0
182,10,0
183,82,0
184,43,0
185,7,0
186,19,0
187,7,0
188,62,0
189,30,0
190,38,0
191,24,0
192,13,0
193,44,0
194,77,0
195,18,0
196,10,0
197,54,0
198,34,0
199,50,0
200,12,0
201,22,0
202,38,0
203,15,0
204,36,0
205,34,0
206,31,0
207,32,0
208,16,0
209,34,0
210,31,0
211,60,0
212,18,0
213,55,0
214,49,0
215,24,0
216,28,0
217,96,0
218,16,0
219,14,0
220,44,0
221,37,0
222,22,0
223,27,0
224,22,0
225,57,0
226,22,0
227,33,0
228,26,0
229,21,0
230,21,0
231,36,0
232,16,0
233,39,0
234,47,0
235,35,1
236,9,0
237,43,0
238,44,0
239,36,0
240,27,0
241,28,0
242,18,0
243,36,0
244,44,1
245,31,0
246,24,0
247,41,0
248,11,0
249,43,0
250,9,0
251,67,0
252,11,0
253,29,0
254,41,0
255,83,0
256,30,0
257,36,0
258,12,0
259,18,0
260,66,0
261,36,1
262,65,0
263,119,1
264,18,0
265,62,0
266,19,0
267,19,0
268,14,0
269,61,0
270,54,0
271,9,0
272,41,0
273,44,1
274,33,0
275,77,0
276,8,0
277,20,0
278,16,0
279,77,0
280,54,0
281,14,0
282,24,0
283,14,0
284,36,0
285,14,0
286,9,0
287,14,0
288,23,0
289,37,0
290,22,0
291,107,0
292,24,0
293,59,1
294,38,0
295,127,0
296,51,0
297,39,0
298,82,0
299,9,0
300,39,0
301,39,0
302,147,1
303,17,0
304,45,1
305,47,0
306,25,0
307,7,0
308,44,0
309,46,0
310,35,0
311,44,1
312,65,1
313,120,0
314,72,0
315,52,0
316,17,0
317,58,0
318,29,0
319,14,0
320,20,0
321,17,0
322,16,0
323,12,0
324,25,0
325,8,0
326,66,0
327,33,0
328,37,0
329,69,1
330,23,0
331,7,0
332,81,0
333,32,1
334,94,1
335,82,0
336,18,0
337,76,0
338,46,0
339,36,1
340,57,0
341,77,0
342,44,1
343,45,0
344,12,0
345,51,0
346,73,0
347,20,0
348,20,0
349,20,0
350,29,0
351,14,0
352,69,0
353,22,0
354,27,0
355,18,0
356,21,0
357,33,0
358,21,0
359,52,0
360,38,0
361,83,0
362,43,0
363,40,0
364,26,0
365,24,0
366,25,0
367,40,0
368,29,0
369,41,0
370,13,0
371,51,0
372,8,0
373,39,0
374,14,0
375,200,0
376,19,0
377,73,0
378,16,0
379,37,0
380,30,0
381,20,0
382,69,1
383,8,0
384,25,0
385,45,0
386,39,0
387,51,1
388,53,1
389,18,0
390,21,0
391,13,0
392,29,1
393,101,1
394,37,0
395,54,1
396,17,0
397,17,0
398,52,0
399,75,0
400,16,0
401,25,0
402,35,0
403,50,1
404,18,0
405,41,1
406,11,0
407,69,0
408,60,0
409,37,0
410,20,0
411,23,0
412,24,0
413,45,0
414,84,1
415,27,0
416,9,0
417,73,1
418,52,0
419,35,1
420,19,0
421,18,0
422,48,0
423,59,1
424,16,0
425,42,1
426,45,0
427,17,0
428,35,0
429,94,0
430,28,0
431,37,0
432,23,0
433,31,0
434,17,0
435,38,1
436,58,0
437,129,1
438,37,0
439,9,0
440,55,0
441,26,0
442,25,0
443,81,1
444,8,0
445,44,0
446,67,0
447,42,0
448,56,1
449,98,0
450,78,1
451,52,0
452,92,1
453,15,0
454,121,0
455,23,1
456,37,1
457,38,1
458,40,0
459,27,0
460,41,1
461,32,0
462,52,0
463,45,1
464,39,0
465,41,0
466,22,0
467,11,0
468,39,1
469,122,0
470,51,0
471,38,0
472,43,1
473,91,0
474,16,0
475,76,0
476,109,1
477,42,0
478,42,0
479,42,1
480,78,0
481,35,0
482,26,0
483,16,0
484,21,0
485,42,1
486,107,0
487,185,0
488,51,0
489,62,1
490,30,0
491,19,0
492,16,0
493,51,0
494,14,0
495,39,0
496,89,0
497,35,1
498,40,0
499,18,0
500,106,0
501,30,0
502,12,0
503,35,0
504,19,0
505,44,1
506,97,0
507,28,0
508,23,0
509,41,0
510,52,0
511,25,0
512,12,0
513,94,1
514,45,0
515,45,0
516,10,0
517,89,0
518,32,0
519,19,0
520,34,1
521,33,1
522,80,1
523,14,0
524,64,1
525,26,0
526,21,0
527,34,1
528,35,1
529,105,0
530,53,1
531,17,0
532,30,0
533,43,1
534,68,0
535,40,0
536,30,0
537,59,1
538,8,0
539,88,1
540,14,0
541,20,0
542,30,0
543,20,0
544,20,0
545,29,1
546,9,0
547,145,1
548,73,1
549,9,0
550,9,0
551,64,0
552,28,0
553,20,0
554,51,0
555,7,0
556,42,0
557,102,0
558,25,0
559,57,0
560,88,0
561,87,0
562,21,0
563,61,0
564,49,0
565,9,0
566,28,0
567,44,1
568,12,0
569,35,0
570,25,0
571,41,0
572,84,1
573,29,0
574,7,0
575,13,0
576,51,0
577,12,0
578,66,1
579,67,0
580,27,0
581,77,1
582,36,1
583,15,0
584,95,0
585,29,0
586,18,0
587,52,0
588,84,1
589,66,1
590,34,0
591,108,1
592,27,1
593,95,0
594,30,0
595,91,0
596,42,1
597,56,1
598,96,1
599,62,1
600,39,0
601,72,1
602,38,0
603,36,1
604,60,0
605,81,0
606,19,0
607,29,0
608,10,0
609,35,0
610,32,0
611,40,0
612,61,0
613,61,0
614,51,1
615,37,0
616,45,1
617,27,1
618,53,1
619,25,0
620,7,0
621,11,0
622,62,0
623,66,0
624,61,1
625,48,1
626,66,1
627,72,1
628,64,0
629,69,0
630,27,1
631,45,1
632,15,0
633,48,1
634,39,0
635,32,0
636,45,1
637,67,1
638,16,0
639,40,0
640,20,0
641,39,0
642,42,1
643,72,0
644,41,0
645,54,1
646,40,1
647,89,0
648,25,0
649,44,1
650,60,1
651,74,1
652,21,0
653,26,1
654,38,1
655,123,1
656,9,0
657,63,1
658,52,0
659,97,1
660,52,1
661,49,1
662,138,0
663,74,1
664,78,1
665,80,1
666,35,0
667,46,1
668,36,0
669,26,1
670,71,0
671,152,0
672,20,0
673,27,0
674,67,1
675,59,1
676,61,0
677,47,1
678,35,0
679,99,1
680,43,1
681,18,0
682,70,0
683,60,1
684,11,0
685,61,1
686,21,0
687,62,0
688,81,1
689,34,1
690,20,0
691,11,0
692,112,0
693,70,0
694,68,0
695,18,0
696,50,0
697,129,0
698,117,0
699,61,1
700,40,1
701,14,0
702,23,0
703,62,0
704,38,0
705,29,1
706,67,1
707,17,0
708,72,0
709,72,1
710,17,0
711,36,1
712,80,0
713,29,1
714,66,1
715,69,0
716,76,1
717,27,0
718,82,0
719,32,1
720,25,1
721,62,1
722,32,1
723,27,0
724,65,1
725,75,1
726,41,0
727,43,1
728,51,1
729,9,0
730,16,0
731,45,1
732,36,1
733,86,1
734,67,0
735,40,1
736,58,0
737,23,0
738,89,0
739,25,0
740,35,0
741,31,0
742,98,1
743,143,0
744,52,1
745,41,1
746,36,0
747,60,1
748,17,0
749,49,1
750,25,0
751,129,1
752,17,0
753,53,1
754,37,0
755,60,0
756,76,1
757,38,0
758,24,0
759,36,1
760,103,0
761,28,0
762,62,0
763,25,0
764,47,0
765,68,1
766,49,0
767,77,0
768,62,1
769,94,1
770,73,1
771,16,0
772,40,0
773,73,0
774,52,0
775,54,1
776,90,1
777,60,1
778,36,1
779,59,1
780,54,1
781,31,1
782,27,0
783,35,1
784,58,1
785,86,1
786,13,0
787,50,0
788,31,0
789,52,1
790,10,0
791,28,0
792,40,0
793,34,1
794,53,1
795,51,0
796,25,1
797,48,1
798,40,1
799,7,0
800,54,0
801,27,0
802,142,1
803,76,1
804,59,1
805,93,1
806,12,0
807,31,0
808,47,1
809,43,1
810,68,1
811,30,0
812,75,0
813,30,0
814,41,0
815,103,0
816,23,1
817,53,0
818,72,1
819,39,0
820,81,0
821,10,0
822,79,1
823,46,0
824,26,0
825,91,1
826,70,1
827,39,1
828,64,0
829,78,0
830,48,1
831,37,0
832,186,1
833,72,0
834,200,0
835,40,0
836,42,0
837,37,1
838,27,0
839,55,0
840,15,0
841,23,0
842,107,1
843,86,1
844,102,0
845,62,0
846,57,1
847,65,0
848,115,1
849,100,0
850,52,1
851,66,0
852,118,1
853,34,0
854,24,0
855,45,1
856,60,0
857,66,0
858,12,0
859,74,1
860,25,0
861,94,0
862,66,1
863,19,0
864,122,0
865,13,0
866,8,0
867,63,1
868,39,1
869,43,1
870,118,1
871,62,0
872,61,0
873,25,0
874,72,0
875,12,0
876,49,0
877,60,0
878,24,0
879,64,0
880,62,0
881,53,0
882,98,0
883,102,1
884,28,0
885,65,0
886,61,1
887,90,0
888,81,0
889,34,0
890,35,1
891,11,0
892,42,0
893,39,0
894,80,1
895,107,0
896,16,0
897,46,0
898,88,0
899,56,0
900,49,1
901,37,1
902,62,0
903,74,0
904,19,0
905,50,0
906,45,0
907,46,1
908,15,0
909,125,1
910,74,0
911,17,0
912,117,1
913,49,1
914,34,1
915,28,0
916,17,0
917,12,0
918,54,0
919,68,0
920,109,0
921,53,1
922,31,0
923,48,1
924,94,0
925,62,1
926,44,1
927,40,0
928,58,1
929,21,0
930,41,1
931,78,1
932,55,1
933,97,1
934,21,0
935,43,1
936,52,0
937,48,1
938,14,0
939,13,0
940,18,0
941,161,1
942,22,0
943,43,1
944,70,1
945,29,1
946,48,0
947,58,0
948,37,0
949,60,0
950,20,0
951,41,1
952,75,0
953,34,0
954,27,0
955,74,1
956,58,1
957,85,1
958,80,0
959,15,0
960,51,1
961,32,1
962,70,1
963,44,1
964,11,0
965,47,0
966,32,1
967,97,0
968,54,1
969,93,0
970,31,1
971,8,0
972,37,1
973,98,1
974,55,0
975,41,0
976,66,0
977,33,0
978,93,0
979,97,1
980,103,0
981,35,1
982,104,0
983,113,0
984,56,1
985,122,0
986,60,0
987,41,0
988,25,0
989,60,0
990,37,1
991,71,1
992,94,0
993,38,0
994,44,1
995,75,1
996,33,0
997,45,1
998,80,1
999,30,0
1000,103,1
1001,144,0
1002,50,1
1003,32,0
1004,47,0
1005,78,0
1006,25,0
1007,11,0
1008,44,1
1009,78,1
1010,85,1
1011,168,1
1012,91,1
1013,120,0
1014,33,0
1015,42,1
1016,92,1
1017,35,1
1018,75,0
1019,56,1
1020,11,0
1021,90,0
1022,31,0
1023,12,0
1024,37,0
1025,62,1
1026,35,1
1027,65,0
1028,87,0
1029,47,1
1030,8,0
1031,7,0
1032,31,0
1033,53,1
1034,36,1
1035,108,1
1036,88,1
1037,35,0
1038,10,0
1039,49,1
1040,69,1
1041,33,1
1042,54,1
1043,33,0
1044,49,0
1045,43,1
1046,102,1
1047,21,0
1048,17,0
1049,19,0
1050,21,0
1051,54,0
1052,29,1
1053,124,0
1054,70,1
1055,49,0
1056,173,0
1057,77,1
1058,99,0
1059,62,1
1060,28,0
1061,68,0
1062,14,0
1063,40,0
1064,50,0
1065,13,0
1066,45,0
1067,100,1
1068,200,1
1069,43,1
1070,57,0
1071,61,1
1072,51,0
1073,133,1
1074,98,1
1075,69,1
1076,13,0
1077,25,0
1078,38,1
1079,38,1
1080,10,0
1081,57,1
1082,38,1
1083,41,1
1084,16,0
1085,14,0
1086,30,1
1087,87,1
1088,40,0
1089,44,0
1090,80,1
1091,35,1
1092,46,0
1093,41,1
1094,63,0
1095,31,0
1096,72,1
1097,100,1
1098,11,0
1099,44,0
1100,32,1
1101,45,1
1102,36,0
1103,25,0
1104,80,1
1105,16,0
1106,65,0
1107,84,0
1108,117,1
1109,53,0
1110,37,0
1111,98,1
1112,49,1
1113,98,1
1114,33,0
1115,14,0
1116,60,1
1117,18,0
1118,33,1
1119,51,1
1120,116,1
1121,32,1
1122,11,0
1123,50,0
1124,32,0
1125,65,0
1126,35,1
1127,42,1
1128,36,0
1129,63,0
1130,26,0
1131,63,0
1132,24,0
1133,35,1
1134,79,0
1135,66,1
1136,82,1
1137,49,1
1138,32,1
1139,48,1
1140,29,0
1141,40,0
1142,129,0
1143,42,1
1144,19,0
1145,94,1
1146,69,0
1147,58,0
1148,97,0
1149,8,0
1150,34,1
1151,10,0
1152,65,1
1153,75,1
1154,37,1
1155,150,1
1156,134,0
1157,26,0
1158,98,1
1159,30,0
1160,44,1
1161,27,0
1162,14,0
1163,30,0
1164,61,0
1165,31,0
1166,69,1
1167,32,1
1168,27,0
1169,110,1
1170,37,1
1171,14,0
1172,74,1
1173,68,0
1174,52,0
1175,17,0
1176,31,0
1177,96,0
1178,28,1
1179,101,1
1180,49,1
1181,50,1
1182,38,1
1183,45,1
1184,75,1
1185,40,1
1186,22,0
1187,16,0
1188,63,1
1189,29,0
1190,73,1
1191,138,1
1192,25,1
1193,18,0
1194,54,1
1195,38,1
1196,42,1
1197,8,0
1198,30,0
1199,43,1
1200,52,1
1201,39,1
1202,92,0
1203,59,0
1204,91,0
1205,21,0
1206,20,0
1207,58,1
1208,14,0
1209,70,0
1210,62,1
1211,54,1
1212,119,1
1213,55,1
1214,79,0
1215,70,0
1216,86,1
1217,72,0
1218,173,0
1219,90,1
1220,41,1
1221,14,0
1222,77,1
1223,29,0
1224,68,0
1225,83,1
1226,69,0
1227,37,0
1228,66,1
1229,29,0
1230,33,0
1231,59,0
1232,49,0
1233,84,0
1234,37,0
1235,37,0
1236,26,1
1237,60,1
1238,66,0
1239,47,0
1240,11,0
1241,12,0
1242,39,0
1243,14,0
1244,63,1
1245,200,0
1246,41,1
1247,129,0
1248,91,1
1249,99,0
1250,49,0
1251,41,0
1252,16,0
1253,41,0
1254,70,1
1255,33,1
1256,100,0
1257,70,0
1258,19,1
1259,72,1
1260,106,1
1261,134,1
1262,23,0
1263,26,1
1264,14,0
1265,76,1
1266,56,1
1267,58,1
1268,93,1
1269,47,1
1270,83,1
1271,56,0
1272,49,1
1273,101,0
1274,71,1
1275,53,1
1276,51,0
1277,42,1
1278,29,0
1279,31,0
1280,69,1
1281,56,1
1282,78,1
1283,24,1
1284,24,0
1285,17,0
1286,73,0
1287,86,1
1288,42,0
1289,93,1
1290,24,0
1291,34,0
1292,75,1
1293,138,1
1294,41,1
1295,40,1
1296,115,1
1297,62,1
1298,62,1
1299,144,1
1300,61,0
1301,52,1
1302,7,0
1303,53,0
1304,61,0
1305,64,0
1306,57,1
1307,40,0
1308,38,0
1309,102,0
1310,46,1
1311,40,1
1312,30,1
1313,15,0
1314,45,1
1315,67,1
1316,41,1
1317,50,1
1318,68,0
1319,117,0
1320,77,1
1321,128,1
1322,102,1
1323,75,1
1324,51,0
1325,63,1
1326,72,0
1327,15,0
1328,11,0
1329,27,0
1330,63,0
1331,63,1
1332,61,1
1333,10,0
1334,74,0
1335,71,1
1336,64,1
1337,104,0
1338,27,0
1339,61,1
1340,36,1
1341,12,0
1342,41,1
1343,79,1
1344,44,1
1345,52,0
1346,28,0
1347,84,0
1348,11,0
1349,66,0
1350,29,1
1351,57,1
1352,60,1
1353,65,1
1354,45,0
1355,13,0
1356,200,0
1357,38,0
1358,30,0
1359,115,1
1360,104,0
1361,85,1
1362,41,0
1363,51,0
1364,67,0
1365,53,1
1366,48,0
1367,28,0
1368,17,0
1369,31,0
1370,33,0
1371,22,0
1372,45,1
1373,52,0
1374,86,1
1375,16,0
1376,65,1
1377,21,1
1378,54,1
1379,41,0
1380,53,0
1381,200,0
1382,42,1
1383,63,0
1384,43,1
1385,31,1
1386,19,0
1387,54,1
1388,36,1
1389,16,0
1390,67,1
1391,75,1
1392,101,0
1393,37,1
1394,27,1
1395,38,0
1396,77,1
1397,17,0
1398,78,0
1399,17,0
1400,18,0
1401,97,1
1402,89,1
1403,49,0
1404,17,0
1405,51,1
1406,27,1
1407,45,1
1408,24,0
1409,126,1
1410,37,1
1411,99,1
1412,38,0
1413,57,1
1414,150,1
1415,13,0
1416,83,1
1417,119,1
1418,72,0
1419,100,0
1420,61,0
1421,27,0
1422,54,0
1423,44,0
1424,89,0
1425,67,0
1426,34,0
1427,62,1
1428,47,0
1429,27,0
1430,76,0
1431,109,1
1432,13,0
1433,22,0
1434,94,0
1435,53,1
1436,140,1
1437,29,1
1438,29,0
1439,60,1
1440,37,1
1441,52,0
1442,95,0
1443,21,0
1444,49,1
1445,46,1
1446,32,1
1447,78,0
1448,52,1
1449,135,1
1450,97,1
1451,136,0
1452,93,1
1453,38,0
1454,51,1
1455,33,0
1456,67,1
1457,70,1
1458,124,1
1459,65,0
1460,54,1
1461,118,0
1462,33,1
1463,94,1
1464,90,0
1465,31,1
1466,76,1
1467,41,1
1468,51,0
1469,99,1
1470,119,0
1471,135,1
1472,33,1
1473,23,0
1474,86,0
1475,35,1
1476,38,0
1477,30,1
1478,37,1
1479,47,1
1480,9,0
1481,38,0
1482,28,1
1483,42,0
1484,57,1
1485,61,1
1486,17,0
1487,102,1
1488,68,1
1489,54,0
1490,102,0
1491,51,1
1492,122,1
1493,30,0
1494,32,1
1495,43,0
1496,77,0
1497,33,1
1498,33,1
1499,112,1
1500,46,0
1501,63,1
1502,54,1
1503,11,0
1504,42,1
1505,73,0
1506,18,0
1507,38,0
1508,15,0
1509,23,0
1510,104,0
1511,57,1
1512,35,1
1513,11,0
1514,40,1
1515,73,1
1516,12,0
1517,46,1
1518,52,0
1519,51,0
1520,39,1
1521,67,1
1522,137,1
1523,125,0
1524,85,0
1525,62,0
1526,81,0
1527,51,0
1528,114,1
1529,65,1
1530,71,1
1531,77,1
1532,61,1
1533,10,0
1534,141,0
1535,50,0
1536,102,1
1537,100,1
1538,18,0
1539,52,1
1540,129,0
1541,39,1
1542,55,0
1543,88,1
1544,62,1
1545,174,0
1546,111,1
1547,43,0
1548,51,0
1549,50,0
1550,62,0
1551,79,1
1552,40,1
1553,32,1
1554,54,1
1555,27,1
1556,47,0
1557,73,0
1558,13,0
1559,93,0
1560,37,1
1561,39,0
1562,7,0
1563,64,1
1564,59,1
1565,10,0
1566,78,1
1567,61,1
1568,43,1
1569,105,1
1570,59,1
1571,58,1
1572,24,1
1573,58,1
1574,71,1
1575,48,1
1576,56,0
1577,30,1
1578,34,1
1579,79,1
1580,37,0
1581,55,0
1582,49,0
1583,44,0
1584,38,0
1585,100,1
1586,36,1
1587,45,1
1588,36,0
1589,85,1
1590,43,1
1591,89,1
1592,20,0
1593,27,0
1594,11,0
1595,200,0
1596,28,1
1597,34,1
1598,41,1
1599,48,0
1600,200,0
1601,31,1
1602,57,1
1603,42,1
1604,59,0
1605,28,0
1606,95,0
1607,39,1
1608,29,1
1609,52,1
1610,42,1
1611,27,0
1612,45,1
1613,45,1
1614,81,1
1615,29,0
1616,21,0
1617,42,0
1618,95,0
1619,89,1
1620,56,0
1621,82,1
1622,37,1
1623,64,1
1624,61,1
1625,44,0
1626,83,0
1627,32,0
1628,28,1
1629,30,0
1630,119,0
1631,17,0
1632,62,1
1633,85,1
1634,47,0
1635,38,1
1636,17,0
1637,31,1
1638,96,0
1639,11,0
1640,29,0
1641,63,1
1642,87,0
1643,99,0
1644,49,1
1645,100,0
1646,30,1
1647,57,1
1648,10,0
1649,43,0
1650,59,0
1651,41,0
1652,19,0
1653,34,1
1654,122,0
1655,80,1
1656,14,0
1657,37,1
1658,31,0
1659,52,0
1660,40,1
1661,21,0
1662,36,0
1663,53,1
1664,88,1
1665,14,0
1666,110,0
1667,152,1
1668,32,0
1669,36,1
1670,9,0
1671,82,1
1672,76,1
1673,25,0
1674,43,1
1675,49,1
1676,48,1
1677,37,1
1678,22,0
1679,32,0
1680,74,0
1681,34,0
1682,125,1
1683,110,1
1684,48,0
1685,60,1
1686,41,0
1687,52,0
1688,60,1
1689,37,1
1690,32,0
1691,61,1
1692,22,0
1693,75,1
1694,41,1
1695,19,0
1696,67,0
1697,70,0
1698,67,1
1699,107,1
1700,31,0
1701,80,0
1702,37,1
1703,84,1
1704,51,0
1705,35,0
1706,52,0
1707,46,0
1708,27,0
1709,36,1
1710,45,0
1711,44,0
1712,39,1
1713,67,1
1714,36,1
1715,57,0
1716,13,0
1717,65,1
1718,55,1
1719,115,0
1720,84,0
1721,11,0
1722,18,0
1723,27,0
1724,32,1
1725,39,1
1726,33,0
1727,36,0
1728,40,1
1729,61,1
1730,63,1
1731,69,0
1732,55,0
1733,88,0
1734,22,0
1735,33,1
1736,52,1
1737,103,1
1738,58,1
1739,14,0
1740,46,1
1741,60,1
1742,17,0
1743,75,0
1744,37,1
1745,44,1
1746,52,1
1747,57,1
1748,9,0
1749,130,1
1750,55,0
1751,124,1
1752,32,1
1753,26,0
1754,46,0
1755,50,0
1756,111,0
1757,44,1
1758,98,1
1759,38,0
1760,45,0
1761,15,0
1762,40,1
1763,33,1
1764,13,0
1765,118,0
1766,34,0
1767,72,1
1768,60,0
1769,75,0
1770,61,0
1771,24,0
1772,60,1
1773,45,0
1774,28,1
1775,63,1
1776,110,1
1777,59,1
1778,45,1
1779,89,0
1780,21,0
1781,47,1
1782,71,1
1783,68,0
1784,77,1
1785,41,1
1786,48,1
1787,38,1
1788,69,0
1789,49,0
1790,10,0
1791,103,0
1792,64,0
1793,42,1
1794,81,1
1795,40,0
1796,39,0
1797,85,0
1798,64,1
1799,34,0
1800,111,0
1801,37,1
1802,103,0
1803,79,1
1804,117,0
1805,70,1
1806,35,1
1807,47,1
1808,54,1
1809,45,1
1810,23,0
1811,65,1
1812,89,1
1813,67,0
1814,69,0
1815,39,1
1816,140,0
1817,58,1
1818,15,1
1819,80,1
1820,11,0
1821,102,1
1822,48,0
1823,30,0
1824,123,0
1825,43,1
1826,31,1
1827,67,1
1828,36,0
1829,80,0
1830,31,0
1831,115,0
1832,44,1
1833,34,0
1834,44,0
1835,61,1
1836,70,1
1837,114,1
1838,55,1
1839,42,0
1840,47,1
1841,12,0
1842,43,0
1843,18,0
1844,33,0
1845,66,0
1846,58,1
1847,46,1
1848,52,1
1849,97,0
1850,36,1
1851,69,0
1852,60,1
1853,31,0
1854,62,0
1855,58,1
1856,28,1
1857,35,0
1858,70,0
1859,56,1
1860,54,1
1861,99,0
1862,74,1
1863,43,1
1864,49,1
1865,44,1
1866,44,1
1867,105,1
1868,88,0
1869,37,0
1870,72,1
1871,14,0
1872,106,1
1873,56,0
1874,40,1
1875,58,1
1876,48,1
1877,91,1
1878,72,1
1879,44,1
1880,50,1
1881,54,1
1882,156,1
1883,38,1
1884,104,0
1885,52,1
1886,82,1
1887,55,1
1888,46,0
1889,23,0
1890,62,1
1891,55,0
1892,67,0
1893,121,0
1894,42,0
1895,25,0
1896,38,0
1897,64,0
1898,33,1
1899,72,0
1900,45,1
1901,82,0
1902,29,0
1903,71,0
1904,16,0
1905,61,1
1906,132,0
1907,72,0
1908,68,0
1909,21,0
1910,58,0
1911,53,1
1912,105,1
1913,25,0
1914,29,0
1915,114,0
1916,48,1
1917,59,0
1918,12,0
1919,132,1
1920,65,0
1921,21,0
1922,80,0
1923,66,0
1924,48,0
1925,56,0
1926,63,1
1927,66,1
1928,39,0
1929,31,0
1930,98,1
1931,41,0
1932,70,0
1933,85,1
1934,37,0
1935,53,0
1936,26,0
1937,100,1
1938,17,0
1939,118,1
1940,122,1
1941,85,1
1942,130,0
1943,29,1
1944,13,0
1945,11,0
1946,67,1
1947,32,1
1948,33,1
1949,17,0
1950,29,1
1951,41,1
1952,64,0
1953,50,1
1954,200,0
1955,53,0
1956,41,0
1957,53,1
1958,17,0
1959,43,0
1960,72,0
1961,47,1
1962,51,0
1963,45,1
1964,25,0
1965,104,1
1966,87,0
1967,40,0
1968,74,0
1969,41,1
1970,124,0
1971,17,0
1972,42,0
1973,27,0
1974,59,0
1975,34,0
1976,12,0
1977,40,1
1978,41,0
1979,87,0
1980,59,0
1981,11,0
1982,55,1
1983,10,0
1984,11,0
1985,83,1
1986,77,0
1987,108,1
1988,68,1
1989,33,0
1990,28,0
1991,15,0
1992,51,1
1993,32,1
1994,50,1
1995,47,0
1996,38,0
1997,21,0
1998,25,0
1999,49,0
2000,84,1
2001,40,0
2002,59,1
2003,114,1
2004,30,0
2005,52,0
2006,131,0
2007,19,0
2008,17,1
2009,43,0
2010,8,0
2011,18,0
2012,112,1
2013,51,1
2014,149,0
2015,70,1
2016,48,1
2017,85,1
2018,33,0
2019,18,0
2020,41,1
2021,42,0
2022,112,1
2023,118,1
2024,98,0
2025,57,0
2026,42,0
2027,37,1
2028,31,1
2029,49,1
2030,10,0
2031,36,0
2032,68,1
2033,38,1
2034,68,0
2035,113,0
2036,91,0
2037,53,1
2038,69,1
2039,90,1
2040,44,1
2041,124,1
2042,53,0
2043,76,1
2044,87,0
2045,19,0
2046,133,1
2047,59,1
2048,41,0
2049,65,1
2050,52,1
2051,69,0
2052,118,0
2053,12,0
2054,49,0
2055,64,1
2056,120,1
2057,41,1
2058,78,1
2059,42,1
2060,60,1
2061,96,0
2062,51,1
2063,51,1
2064,36,0
2065,33,0
2066,71,0
2067,10,0
2068,76,1
2069,81,0
2070,9,0
2071,26,0
2072,63,1
2073,12,0
2074,50,0
2075,52,1
2076,49,0
2077,80,1
2078,23,1
2079,43,1
2080,53,1
2081,69,0
2082,109,0
2083,79,0
2084,98,0
2085,45,0
2086,40,1
2087,62,1
2088,102,1
2089,76,0
2090,20,0
2091,44,1
2092,88,1
2093,102,0
2094,25,0
2095,18,0
2096,67,0
2097,8,0
2098,32,1
2099,60,0
2100,47,0
2101,90,1
2102,52,1
2103,39,1
2104,37,0
2105,101,0
2106,58,1
2107,30,0
2108,53,0
2109,15,0
2110,100,1
2111,107,0
2112,70,1
2113,40,1
2114,58,1
2115,14,0
2116,26,0
2117,29,1
2118,31,0
2119,80,1
2120,13,0
2121,37,0
2122,71,1
2123,41,0
2124,18,0
2125,80,1
2126,20,0
2127,29,0
2128,41,1
2129,65,1
2130,14,0
2131,26,1
2132,61,1
2133,35,0
2134,41,0
2135,18,0
2136,28,0
2137,44,1
2138,57,0
2139,43,1
2140,24,0
2141,12,0
2142,29,1
2143,109,1
2144,35,1
2145,32,0
2146,11,0
2147,67,0
2148,69,1
2149,34,1
2150,12,0
2151,35,0
2152,38,1
2153,40,0
2154,125,1
2155,43,1
2156,47,0
2157,61,1
2158,37,0
2159,49,1
2160,31,1
2161,53,1
2162,31,1
2163,21,0
2164,56,0
2165,18,0
2166,104,1
2167,77,1
2168,64,0
2169,53,0
2170,46,0
2171,28,1
2172,29,0
2173,45,0
2174,33,0
2175,12,0
2176,17,0
2177,70,1
2178,10,0
2179,86,0
2180,26,1
2181,36,0
2182,14,0
2183,48,0
2184,97,0
2185,78,1
2186,40,1
2187,19,0
2188,68,1
2189,62,1
2190,87,1
2191,70,0
2192,139,1
2193,69,1
2194,102,1
2195,48,1
2196,103,0
2197,54,1
2198,12,0
2199,40,1
2200,16,0
2201,59,0
2202,56,0
2203,42,0
2204,15,0
2205,18,0
2206,13,0
2207,56,1
2208,27,0
2209,123,1
2210,20,0
2211,59,1
2212,72,0
2213,57,1
2214,50,1
2215,60,1
2216,32,1
2217,21,0
2218,35,1
2219,48,0
2220,72,1
2221,61,1
2222,62,1
2223,53,0
2224,97,1
2225,81,0
2226,24,0
2227,89,1
2228,9,0
2229,36,0
2230,29,0
2231,20,0
2232,38,1
2233,31,1
2234,42,1
2235,58,0
2236,46,0
2237,43,1
2238,71,0
2239,68,0
2240,60,0
2241,42,1
2242,129,0
2243,7,0
2244,61,1
2245,56,0
2246,53,1
2247,60,1
2248,67,0
2249,22,0
2250,41,1
2251,92,0
2252,75,1
2253,51,0
2254,95,1
2255,38,0
2256,78,0
2257,49,1
2258,41,0
2259,69,0
2260,51,1
2261,55,1
2262,35,0
2263,31,1
2264,65,0
2265,47,0
2266,65,1
2267,87,1
2268,29,0
2269,50,1
2270,95,1
2271,157,0
2272,69,0
2273,99,0
2274,80,1
2275,24,0
2276,58,0
2277,74,1
2278,128,1
2279,36,1
2280,59,1
2281,72,1
2282,10,0
2283,43,1
2284,43,0
2285,70,0
2286,41,0
2287,33,0
2288,48,0
2289,132,1
2290,59,1
2291,63,0
2292,52,0
2293,107,1
2294,33,1
2295,48,0
2296,25,0
2297,26,0
2298,131,1
2299,16,0
2300,152,1
2301,59,0
2302,23,0
2303,65,1
2304,48,0
2305,15,0
2306,17,0
2307,52,1
2308,62,0
2309,63,1
2310,66,1
2311,55,1
2312,81,1
2313,14,0
2314,58,1
2315,72,1
2316,58,0
2317,89,1
2318,103,0
2319,21,0
2320,53,0
2321,22,0
2322,67,1
2323,33,1
2324,74,1
2325,71,0
2326,48,1
2327,73,1
2328,72,1
2329,33,1
2330,71,1
2331,15,0
2332,38,1
2333,69,0
2334,55,0
2335,15,0
2336,32,1
2337,53,1
2338,76,1
2339,65,1
2340,43,1
2341,109,0
2342,101,0
2343,23,1
2344,35,1
2345,51,0
2346,34,0
2347,107,1
2348,51,1
2349,40,1
2350,63,1
2351,37,0
2352,70,1
2353,58,0
2354,83,0
2355,57,1
2356,14,0
2357,88,1
2358,36,1
2359,87,0
2360,100,1
2361,16,0
2362,24,0
2363,129,0
2364,63,1
2365,69,1
2366,76,0
2367,131,0
2368,21,0
2369,28,0
2370,19,0
2371,40,0
2372,106,1
2373,62,0
2374,68,1
2375,31,1
2376,55,1
2377,32,1
2378,48,1
2379,95,0
2380,80,0
2381,59,1
2382,97,0
2383,66,0
2384,91,0
2385,80,1
2386,101,0
2387,24,0
2388,34,0
2389,18,1
2390,104,1
2391,75,0
2392,35,1
2393,38,1
2394,24,0
2395,38,0
2396,45,0
2397,139,1
2398,83,0
2399,49,0
2400,44,1
2401,39,0
2402,74,0
2403,56,1
2404,37,0
2405,106,0
2406,48,0
2407,60,1
2408,54,1
2409,42,0
2410,48,0
2411,200,0
2412,24,0
2413,126,1
2414,34,0
2415,25,1
2416,57,1
2417,47,0
2418,145,0
2419,118,0
2420,81,1
2421,115,1
2422,54,1
2423,62,1
2424,41,0
2425,12,0
2426,96,0
2427,20,0
2428,111,1
2429,41,0
2430,72,1
2431,39,1
2432,108,1
2433,74,1
2434,83,1
2435,14,0
2436,85,1
2437,58,0
2438,66,1
2439,49,1
2440,43,0
2441,15,0
2442,87,0
2443,25,1
2444,20,1
2445,48,0
2446,53,0
2447,142,0
2448,39,1
2449,76,1
2450,42,1
2451,64,0
2452,41,0
2453,60,0
2454,37,1
2455,80,1
2456,24,1
2457,61,1
2458,53,0
2459,55,0
2460,39,0
2461,86,1
2462,57,0
2463,13,0
2464,78,0
2465,97,1
2466,110,1
2467,65,1
2468,99,0
2469,88,0
2470,32,0
2471,81,1
2472,112,0
2473,39,1
2474,56,1
2475,74,0
2476,65,0
2477,91,1
2478,12,0
2479,59,0
2480,103,1
2481,128,0
2482,65,1
2483,62,1
2484,11,0
2485,72,0
2486,154,0
2487,8,0
2488,11,0
2489,106,0
2490,18,0
2491,53,1
2492,52,0
2493,86,1
2494,96,0
2495,24,0
2496,32,0
2497,46,0
2498,40,0
2499,37,1
2500,26,1
2501,47,0
2502,36,1
2503,47,1
2504,72,1
2505,56,0
2506,27,0
2507,56,1
2508,51,0
2509,38,1
2510,122,1
2511,58,0
2512,49,1
2513,91,0
2514,70,0
2515,39,1
2516,38,1
2517,54,1
2518,55,0
2519,9,0
2520,159,1
2521,42,0
2522,44,1
2523,37,0
2524,161,1
2525,40,1
2526,76,0
2527,41,1
2528,23,0
2529,62,0
2530,64,0
2531,30,0
2532,44,0
2533,49,0
2534,138,1
2535,34,1
2536,163,1
2537,91,1
2538,111,0
2539,50,1
2540,25,0
2541,30,0
2542,15,0
2543,50,1
2544,97,1
2545,80,1
2546,56,1
2547,46,1
2548,49,1
2549,102,1
2550,72,1
2551,59,1
2552,42,1
2553,17,0
2554,47,0
2555,73,0
2556,38,1
2557,176,1
2558,86,1
2559,83,0
2560,67,1
2561,95,0
2562,91,0
2563,45,0
2564,33,0
2565,76,0
2566,81,0
2567,42,1
2568,44,0
2569,37,1
2570,40,1
2571,35,0
2572,55,0
2573,42,0
2574,97,1
2575,34,1
2576,25,0
2577,81,1
2578,70,0
2579,56,1
2580,87,1
2581,129,0
2582,44,1
2583,200,0
2584,27,1
2585,89,1
2586,138,0
2587,83,1
2588,164,0
2589,101,0
2590,45,0
2591,91,0
2592,25,0
2593,93,1
2594,51,0
2595,55,0
2596,69,0
2597,35,0
2598,105,1
2599,105,1
2600,28,1
2601,83,1
2602,41,1
2603,45,1
2604,167,1
2605,56,1
2606,58,0
2607,62,0
2608,78,1
2609,29,0
2610,68,1
2611,61,0
2612,70,1
2613,120,0
2614,56,1
2615,57,0
2616,61,1
2617,89,1
2618,11,0
2619,44,0
2620,57,1
2621,125,1
2622,41,0
2623,93,1
2624,39,1
2625,104,0
2626,63,1
2627,87,1
2628,72,1
2629,29,1
2630,61,1
2631,39,1
2632,156,1
2633,54,1
2634,92,0
2635,23,1
2636,114,1
2637,67,1
2638,16,0
2639,47,0
2640,66,1
2641,31,0
2642,122,0
2643,33,0
2644,76,1
2645,37,0
2646,28,0
2647,30,0
2648,11,0
2649,54,0
2650,40,0
2651,83,0
2652,71,1
2653,39,0
2654,26,0
2655,83,0
2656,112,1
2657,26,0
2658,55,1
2659,116,0
2660,49,1
2661,168,0
2662,121,1
2663,51,0
2664,73,1
2665,33,1
2666,47,0
2667,45,0
2668,32,0
2669,46,1
2670,79,0
2671,38,1
2672,92,1
2673,23,1
2674,67,0
2675,36,1
2676,52,1
2677,26,1
2678,100,1
2679,60,1
2680,114,0
2681,21,0
2682,33,0
2683,69,0
2684,67,0
2685,114,0
2686,52,0
2687,60,0
2688,66,1
2689,42,0
2690,54,0
2691,105,0
2692,47,0
2693,56,1
2694,30,1
2695,140,1
2696,9,0
2697,51,1
2698,27,1
2699,26,0
2700,103,1
2701,27,0
2702,10,0
2703,67,1
2704,16,0
2705,34,0
2706,54,1
2707,48,1
2708,22,1
2709,28,1
2710,32,0
2711,36,1
2712,106,1
2713,82,0
2714,53,1
2715,176,0
2716,84,1
2717,47,0
2718,83,1
2719,12,0
2720,140,0
2721,55,1
2722,26,1
2723,101,1
2724,33,0
2725,26,0
2726,117,0
2727,42,0
2728,105,1
2729,9,0
2730,69,1
2731,8,0
2732,62,1
2733,40,0
2734,116,1
2735,37,0
2736,56,1
2737,62,0
2738,77,1
2739,75,1
2740,66,1
2741,36,0
2742,27,0
2743,81,1
2744,33,0
2745,85,0
2746,26,1
2747,47,0
2748,59,1
2749,88,1
2750,31,1
2751,149,0
2752,66,0
2753,131,0
2754,64,1
2755,38,1
2756,43,1
2757,166,1
2758,70,0
2759,49,1
2760,50,1
2761,26,1
2762,135,1
2763,46,0
2764,57,0
2765,65,1
2766,12,0
2767,96,0
2768,86,1
2769,106,1
2770,20,0
2771,89,1
2772,34,1
2773,163,0
2774,21,0
2775,24,0
2776,49,0
2777,78,1
2778,78,1
2779,49,1
2780,108,1
2781,86,1
2782,40,1
2783,139,1
2784,30,0
2785,72,0
2786,28,0
2787,121,1
2788,73,0
2789,63,1
2790,88,1
2791,32,1
2792,78,0
2793,115,1
2794,29,1
2795,63,0
2796,69,1
2797,103,1
2798,85,1
2799,37,0
2800,116,0
2801,32,1
2802,78,1
2803,82,1
2804,49,1
2805,30,0
2806,39,1
2807,71,1
2808,25,1
2809,61,1
2810,44,0
2811,45,0
2812,41,0
2813,38,0
2814,38,1
2815,71,1
2816,94,0
2817,32,0
2818,91,1
2819,48,1
2820,95,1
2821,27,0
2822,25,0
2823,124,0
2824,48,0
2825,130,1
2826,41,1
2827,89,1
2828,49,1
2829,69,0
2830,29,0
2831,120,0
2832,36,1
2833,40,0
2834,75,0
2835,116,1
2836,87,0
2837,17,0
2838,65,0
2839,67,1
2840,68,1
2841,26,0
2842,67,1
2843,59,1
2844,62,1
2845,17,0
2846,63,0
2847,103,1
2848,53,1
2849,88,0
2850,9,0
2851,51,1
2852,120,1
2853,110,1
2854,50,1
2855,87,1
2856,52,1
2857,16,0
2858,70,0
2859,61,1
2860,41,1
2861,176,0
2862,49,1
2863,179,1
2864,43,0
2865,45,1
2866,141,1
2867,17,0
2868,9,0
2869,23,1
2870,74,0
2871,99,1
2872,112,0
2873,28,1
2874,37,1
2875,64,0
2876,55,1
2877,31,0
2878,41,1
2879,79,1
2880,51,1
2881,77,0
2882,122,1
2883,62,0
2884,43,1
2885,72,0
2886,23,1
2887,52,0
2888,122,0
2889,75,0
2890,50,1
2891,49,1
2892,31,1
2893,55,1
2894,85,0
2895,114,1
2896,55,1
2897,89,1
2898,61,0
2899,67,1
2900,23,0
2901,200,0
2902,53,0
2903,31,1
2904,38,0
2905,89,1
2906,173,0
2907,104,1
2908,30,1
2909,75,1
2910,35,1
2911,50,0
2912,55,1
2913,42,1
2914,89,0
2915,67,1
2916,77,0
2917,26,1
2918,34,0
2919,113,1
2920,11,0
2921,18,1
2922,49,1
2923,63,0
2924,47,1
2925,72,0
2926,79,0
2927,71,0
2928,85,1
2929,66,0
2930,156,1
2931,61,1
2932,24,0
2933,111,1
2934,91,0
2935,35,0
2936,96,0
2937,51,1
2938,33,0
2939,54,1
2940,82,1
2941,34,0
2942,56,1
2943,57,1
2944,200,0
2945,58,1
2946,145,0
2947,86,1
2948,65,1
2949,11,0
2950,43,1
2951,37,0
2952,38,0
2953,54,0
2954,36,0
2955,38,1
2956,38,1
2957,84,1
2958,15,0
2959,46,0
2960,120,0
2961,9,0
2962,116,0
2963,91,1
2964,37,1
2965,70,0
2966,72,0
2967,54,1
2968,56,0
2969,77,1
2970,113,1
2971,48,0
2972,26,1
2973,65,1
2974,99,1
2975,45,0
2976,54,0
2977,74,0
2978,63,0
2979,39,0
2980,24,0
2981,81,1
2982,115,0
2983,74,1
2984,60,1
2985,63,1
2986,66,1
2987,78,0
2988,31,0
2989,73,0
2990,25,0
2991,84,0
2992,13,0
2993,37,1
2994,69,1
2995,62,1
2996,38,1
2997,46,1
2998,58,0
2999,60,1
3000,84,1
3001,40,0
3002,134,1
3003,54,1
3004,50,1
3005,46,1
3006,62,0
3007,54,0
3008,36,1
3009,49,1
3010,93,1
3011,86,0
3012,27,1
3013,70,0
3014,79,1
3015,79,1
3016,29,0
3017,53,1
3018,87,1
3019,22,1
3020,56,0
3021,16,0
3022,88,1
3023,56,1
3024,44,1
3025,188,1
3026,53,1
3027,31,0
3028,53,0
3029,64,0
3030,45,1
3031,17,0
3032,67,1
3033,81,0
3034,28,0
3035,133,0
3036,67,1
3037,15,0
3038,93,1
3039,102,1
3040,47,1
3041,36,0
3042,81,0
3043,71,0
3044,44,1
3045,43,0
3046,112,0
3047,72,0
3048,147,0
3049,37,0
3050,69,0
3051,83,1
3052,89,0
3053,94,1
3054,27,1
3055,117,1
3056,46,1
3057,39,1
3058,103,1
3059,54,0
3060,31,0
3061,47,1
3062,90,0
3063,51,1
3064,58,0
3065,89,0
3066,40,0
3067,66,1
3068,31,0
3069,33,0
3070,20,0
3071,56,1
3072,79,0
3073,56,1
3074,38,1
3075,41,1
3076,36,1
3077,36,0
3078,92,1
3079,36,1
3080,56,1
3081,33,0
3082,14,0
3083,47,1
3084,88,1
3085,78,0
3086,136,0
3087,53,0
3088,83,1
3089,23,0
3090,49,0
3091,40,1
3092,62,1
3093,69,1
3094,98,0
3095,44,1
3096,41,1
3097,200,0
3098,162,1
3099,28,1
3100,27,1
3101,156,1
3102,62,0
3103,56,1
3104,62,0
3105,41,0
3106,87,1
3107,89,0
3108,77,1
3109,132,0
3110,75,0
3111,43,1
3112,40,1
3113,33,0
3114,119,1
3115,27,1
3116,69,1
3117,80,0
3118,32,1
3119,50,0
3120,32,0
3121,30,0
3122,37,0
3123,76,1
3124,33,1
3125,13,0
3126,46,1
3127,78,0
3128,105,1
3129,33,1
3130,43,1
3131,91,1
3132,54,1
3133,8,0
3134,39,0
3135,47,0
3136,91,1
3137,74,0
3138,60,0
3139,22,0
3140,45,0
3141,72,0
3142,50,1
3143,98,0
3144,77,0
3145,49,0
3146,61,1
3147,47,1
3148,44,0
3149,52,0
3150,26,0
3151,80,0
3152,69,1
3153,82,1
3154,52,1
3155,44,1
3156,41,1
3157,12,0
3158,76,0
3159,132,1
3160,52,1
3161,64,1
3162,86,1
3163,99,1
3164,106,1
3165,28,1
3166,60,0
3167,24,0
3168,39,1
3169,80,0
3170,51,0
3171,32,1
3172,79,0
3173,12,0
3174,116,0
3175,68,1
3176,37,1
3177,42,0
3178,35,0
3179,18,0
3180,70,0
3181,19,0
3182,37,0
3183,41,1
3184,61,0
3185,41,1
3186,46,0
3187,82,1
3188,46,0
3189,52,0
3190,57,0
3191,62,1
3192,42,0
3193,98,0
3194,109,1
3195,70,0
3196,66,0
3197,128,0
3198,67,0
3199,67,1
3200,60,1
3201,92,0
3202,116,1
3203,136,0
3204,30,0
3205,46,1
3206,15,0
3207,45,1
3208,85,1
3209,172,0
3210,68,1
3211,100,0
3212,130,0
3213,58,1
3214,83,0
3215,24,1
3216,36,1
3217,74,0
3218,21,0
3219,48,1
3220,76,0
3221,27,0
3222,71,0
3223,51,1
3224,43,1
3225,115,0
3226,23,1
3227,56,0
3228,31,0
3229,35,1
3230,40,0
3231,131,0
3232,45,0
3233,68,0
3234,54,1
3235,200,0
3236,67,0
3237,43,1
3238,64,1
3239,28,1
3240,47,0
3241,81,1
3242,72,1
3243,36,1
3244,74,0
3245,91,0
3246,44,0
3247,134,0
3248,40,0
3249,46,0
3250,67,1
3251,196,1
3252,123,1
3253,47,1
3254,39,0
3255,67,0
3256,69,1
3257,144,0
3258,55,1
3259,62,0
3260,33,0
3261,76,1
3262,86,1
3263,58,1
3264,144,1
3265,83,0
3266,47,0
3267,41,1
3268,19,0
3269,73,1
3270,95,1
3271,79,0
3272,76,1
3273,35,1
3274,56,0
3275,12,0
3276,38,1
3277,23,1
3278,66,1
3279,20,0
3280,55,1
3281,35,1
3282,70,1
3283,36,0
3284,96,1
3285,54,1
3286,85,0
3287,61,0
3288,35,0
3289,123,1
3290,41,1
3291,124,0
3292,111,0
3293,73,0
3294,47,1
3295,44,1
3296,38,0
3297,67,1
3298,65,1
3299,75,0
3300,55,1
3301,57,1
3302,50,1
3303,74,1
3304,32,1
3305,42,1
3306,58,1
3307,85,1
3308,55,1
3309,80,1
3310,17,0
3311,109,0
3312,84,1
3313,55,0
3314,60,1
3315,48,0
3316,38,1
3317,123,0
3318,56,0
3319,199,1
3320,117,1
3321,60,1
3322,27,1
3323,58,0
3324,32,0
3325,42,1
3326,53,0
3327,30,0
3328,121,1
3329,43,1
3330,43,1
3331,28,0
3332,86,1
3333,62,1
3334,78,0
3335,23,0
3336,73,1
3337,48,1
3338,44,1
3339,127,1
3340,50,1
3341,40,0
3342,43,1
3343,115,1
3344,61,1
3345,23,0
3346,31,0
3347,125,1
3348,84,1
3349,13,0
3350,43,0
3351,40,1
3352,25,0
3353,101,1
3354,62,1
3355,107,1
3356,31,0
3357,146,1
3358,25,0
3359,54,1
3360,42,1
3361,94,1
3362,59,0
3363,56,1
3364,38,0
3365,76,1
3366,45,1
3367,115,1
3368,18,0
3369,77,1
3370,33,1
3371,45,0
3372,88,1
3373,32,0
3374,95,1
3375,131,1
3376,69,0
3377,82,1
3378,32,1
3379,163,0
3380,67,0
3381,35,0
3382,68,0
3383,16,0
3384,48,1
3385,93,0
3386,103,0
3387,89,1
3388,28,0
3389,28,0
3390,52,0
3391,27,0
3392,84,0
3393,62,0
3394,68,0
3395,16,0
3396,13,0
3397,163,0
3398,136,1
3399,37,0
3400,115,0
3401,30,0
3402,31,1
3403,71,1
3404,118,1
3405,131,1
3406,129,1
3407,49,0
3408,27,0
3409,61,1
3410,44,1
3411,49,1
3412,104,0
3413,57,1
3414,109,1
3415,41,0
3416,115,0
3417,21,0
3418,50,1
3419,58,1
3420,200,0
3421,113,1
3422,33,1
3423,131,0
3424,66,1
3425,67,0
3426,55,1
3427,36,1
3428,30,1
3429,75,1
3430,58,0
3431,19,0
3432,17,0
3433,88,1
3434,64,1
3435,125,1
3436,57,1
3437,65,1
3438,54,0
3439,92,1
3440,52,0
3441,99,1
3442,57,1
3443,43,0
3444,103,1
3445,50,1
3446,67,1
3447,81,1
3448,89,1
3449,137,0
3450,132,0
3451,19,0
3452,24,0
3453,57,1
3454,64,1
3455,88,1
3456,105,0
3457,67,1
3458,53,1
3459,40,1
3460,200,0
3461,56,1
3462,91,1
3463,76,1
3464,50,0
3465,119,1
3466,32,0
3467,45,1
3468,68,1
3469,29,1
3470,20,1
3471,31,0
3472,59,1
3473,29,0
3474,97,1
3475,46,1
3476,34,1
3477,50,1
3478,42,0
3479,70,1
3480,91,1
3481,126,1
3482,12,0
3483,64,1
3484,72,1
3485,80,1
3486,91,0
3487,41,1
3488,42,0
3489,93,1
3490,61,0
3491,36,1
3492,17,0
3493,26,1
3494,30,0
3495,76,1
3496,80,1
3497,84,0
3498,40,0
3499,44,0
3500,200,0
3501,33,1
3502,11,0
3503,10,0
3504,62,1
3505,94,0
3506,118,0
3507,48,1
3508,48,1
3509,54,1
3510,107,0
3511,42,1
3512,57,0
3513,24,0
3514,44,1
3515,107,1
3516,31,0
3517,50,0
3518,39,1
3519,34,0
3520,42,1
3521,118,0
3522,49,1
3523,62,1
3524,95,0
3525,53,1
3526,64,1
3527,134,0
3528,44,1
3529,23,1
3530,117,0
3531,75,1
3532,55,0
3533,75,1
3534,75,0
3535,62,1
3536,52,1
3537,84,1
3538,64,1
3539,88,0
3540,90,1
3541,55,0
3542,70,0
3543,32,1
3544,35,0
3545,111,0
3546,95,1
3547,75,1
3548,20,0
3549,67,0
3550,33,1
3551,71,1
3552,8,0
3553,56,1
3554,20,0
3555,14,0
3556,15,0
3557,75,1
3558,22,0
3559,65,1
3560,62,0
3561,42,1
3562,16,0
3563,85,1
3564,42,0
3565,16,0
3566,69,0
3567,93,0
3568,40,0
3569,67,1
3570,68,1
3571,52,1
3572,84,1
3573,22,0
3574,31,0
3575,64,1
3576,33,0
3577,53,1
3578,15,0
3579,57,1
3580,58,1
3581,68,0
3582,85,0
3583,121,1
3584,77,1
3585,27,0
3586,115,1
3587,57,1
3588,38,1
3589,74,1
3590,134,0
3591,93,1
3592,153,0
3593,97,1
3594,110,0
3595,23,0
3596,32,0
3597,87,0
3598,15,0
3599,48,0
3600,12,0
3601,29,1
3602,29,1
3603,64,1
3604,86,0
3605,28,0
3606,41,0
3607,84,0
3608,32,0
3609,33,1
3610,52,1
3611,93,0
3612,114,1
3613,42,1
3614,21,0
3615,58,0
3616,111,1
3617,79,1
3618,48,1
3619,26,0
3620,50,1
3621,43,1
3622,186,1
3623,30,1
3624,118,1
3625,55,1
3626,38,0
3627,71,1
3628,94,0
3629,70,0
3630,91,0
3631,113,1
3632,47,1
3633,30,1
3634,57,0
3635,99,1
3636,31,0
3637,40,0
3638,36,1
3639,61,0
3640,171,0
3641,22,0
3642,102,0
3643,111,1
3644,61,1
3645,35,0
3646,46,0
3647,47,0
3648,96,1
3649,75,1
3650,57,1
3651,72,0
3652,50,1
3653,95,0
3654,45,1
3655,134,0
3656,12,0
3657,57,1
3658,70,0
3659,53,0
3660,102,1
3661,22,1
3662,27,0
3663,66,1
3664,75,0
3665,108,1
3666,74,1
3667,60,1
3668,54,1
3669,45,1
3670,56,0
3671,35,1
3672,59,0
3673,43,0
3674,114,1
3675,122,1
3676,111,1
3677,59,1
3678,44,0
3679,38,0
3680,88,1
3681,97,1
3682,62,0
3683,26,0
3684,64,1
3685,93,1
3686,54,0
3687,31,1
3688,52,1
3689,50,1
3690,51,1
3691,27,0
3692,44,0
3693,127,1
3694,29,0
3695,14,0
3696,80,0
3697,28,1
3698,91,1
3699,34,0
3700,93,1
3701,84,0
3702,87,0
3703,26,1
3704,32,1
3705,14,0
3706,52,1
3707,46,0
3708,145,1
3709,20,1
3710,18,0
3711,69,0
3712,47,0
3713,30,0
3714,81,0
3715,39,1
3716,19,0
3717,41,0
3718,49,0
3719,33,1
3720,100,1
3721,30,0
3722,87,1
3723,151,1
3724,82,0
3725,57,1
3726,60,0
3727,38,1
3728,76,1
3729,70,1
3730,24,0
3731,21,0
3732,53,0
3733,94,1
3734,156,0
3735,72,1
3736,121,1
3737,35,1
3738,68,0
3739,33,0
3740,65,0
3741,100,0
3742,61,0
3743,102,1
3744,108,1
3745,42,1
3746,66,1
3747,60,1
3748,20,1
3749,113,1
3750,47,1
3751,80,1
3752,39,1
3753,28,0
3754,37,1
3755,54,1
3756,48,1
3757,11,0
3758,14,0
3759,19,0
3760,43,1
3761,69,1
3762,73,1
3763,55,1
3764,33,0
3765,117,1
3766,113,1
3767,38,0
3768,75,0
3769,25,0
3770,115,1
3771,53,0
3772,31,1
3773,89,0
3774,62,1
3775,57,0
3776,12,0
3777,50,1
3778,54,1
3779,93,0
3780,29,1
3781,29,1
3782,38,1
3783,47,0
3784,48,0
3785,56,0
3786,58,1
3787,77,1
3788,42,0
3789,100,1
3790,81,1
3791,123,1
3792,62,1
3793,42,0
3794,87,1
3795,84,0
3796,15,0
3797,43,0
3798,80,1
3799,43,1
3800,38,1
3801,80,1
3802,84,0
3803,86,1
3804,48,0
3805,61,0
3806,21,0
3807,61,0
3808,51,1
3809,39,1
3810,83,0
3811,75,1
3812,129,1
3813,48,1
3814,36,1
3815,39,1
3816,87,0
3817,71,1
3818,37,0
3819,88,1
3820,44,0
3821,66,1
3822,38,1
3823,61,1
3824,37,0
3825,17,0
3826,40,1
3827,62,0
3828,95,0
3829,36,1
3830,82,1
3831,40,0
3832,74,0
3833,29,0
3834,44,1
3835,133,0
3836,61,0
3837,48,0
3838,33,0
3839,48,0
3840,106,1
3841,96,0
3842,39,0
3843,53,1
3844,123,0
3845,58,0
3846,18,0
3847,200,1
3848,56,0
3849,48,1
3850,200,0
3851,39,1
3852,108,1
3853,31,1
3854,37,0
3855,55,1
3856,43,1
3857,45,1
3858,149,0
3859,7,0
3860,54,1
3861,66,1
3862,24,0
3863,82,1
3864,80,1
3865,69,1
3866,98,0
3867,124,0
3868,29,1
3869,58,1
3870,151,0
3871,57,1
3872,60,0
3873,55,1
3874,43,0
3875,49,0
3876,94,0
3877,16,0
3878,90,1
3879,56,0
3880,78,0
3881,71,1
3882,57,1
3883,86,1
3884,59,1
3885,124,0
3886,36,1
3887,74,1
3888,78,1
3889,89,1
3890,63,1
3891,67,1
3892,92,1
3893,45,0
3894,48,1
3895,59,1
3896,74,1
3897,44,1
3898,80,0
3899,124,1
3900,25,0
3901,65,0
3902,70,0
3903,35,1
3904,79,1
3905,38,1
3906,29,0
3907,99,1
3908,33,1
3909,71,0
3910,24,0
3911,39,1
3912,31,1
3913,50,0
3914,118,1
3915,74,0
3916,42,0
3917,20,0
3918,29,0
3919,106,1
3920,53,1
3921,92,0
3922,25,0
3923,105,1
3924,69,1
3925,119,0
3926,75,1
3927,71,0
3928,174,1
3929,71,1
3930,58,0
3931,52,0
3932,26,0
3933,40,0
3934,77,0
3935,47,0
3936,91,1
3937,50,0
3938,87,0
3939,35,1
3940,84,1
3941,90,1
3942,35,0
3943,9,0
3944,58,1
3945,81,1
3946,55,0
3947,33,1
3948,38,1
3949,187,1
3950,128,0
3951,197,0
3952,17,0
3953,49,1
3954,104,0
3955,68,1
3956,49,1
3957,55,0
3958,62,1
3959,68,1
3960,59,1
3961,54,1
3962,72,1
3963,97,1
3964,19,0
3965,92,1
3966,25,0
3967,58,1
3968,55,0
3969,28,1
3970,25,0
3971,57,0
3972,148,1
3973,49,1
3974,40,1
3975,21,0
3976,55,1
3977,19,0
3978,81,1
3979,48,1
3980,49,1
3981,73,1
3982,44,1
3983,44,1
3984,140,0
3985,48,1
3986,38,0
3987,58,0
3988,133,0
3989,116,1
3990,71,1
3991,52,0
3992,88,1
3993,43,1
3994,81,0
3995,23,0
3996,52,0
3997,34,0
3998,38,1
3999,49,0
4000,60,0
4001,106,1
4002,81,0
4003,96,1
4004,15,0
4005,24,0
4006,39,1
4007,34,1
4008,139,1
4009,51,1
4010,45,1
4011,17,0
4012,54,1
4013,12,0
4014,108,1
4015,11,0
4016,72,0
4017,26,1
4018,26,0
4019,153,1
4020,28,0
4021,63,1
4022,157,0
4023,42,0
4024,90,1
4025,47,1
4026,80,1
4027,33,0
4028,41,1
4029,125,1
4030,88,1
4031,33,0
4032,89,0
4033,9,0
4034,199,0
4035,60,0
4036,55,1
4037,38,1
4038,113,1
4039,68,0
4040,46,0
4041,64,1
4042,54,0
4043,27,1
4044,112,0
4045,108,1
4046,56,0
4047,35,0
4048,77,1
4049,60,1
4050,153,1
4051,69,1
4052,69,1
4053,36,1
4054,52,0
4055,26,0
4056,137,0
4057,15,0
4058,26,0
4059,48,0
4060,28,1
4061,48,1
4062,57,0
4063,94,1
4064,83,1
4065,146,0
4066,19,0
4067,11,0
4068,77,1
4069,115,0
4070,63,0
4071,34,1
4072,76,1
4073,35,0
4074,93,1
4075,200,0
4076,55,0
4077,155,0
4078,71,1
4079,66,1
4080,62,1
4081,56,1
4082,75,1
4083,109,0
4084,27,0
4085,48,1
4086,108,0
4087,63,1
4088,45,0
4089,42,0
4090,61,1
4091,72,1
4092,69,1
4093,37,1
4094,35,1
4095,113,1
4096,39,1
4097,49,0
4098,61,0
4099,60,1
4100,45,1
4101,126,1
4102,38,0
4103,70,1
4104,86,1
4105,59,1
4106,44,1
4107,100,0
4108,25,1
4109,79,0
4110,58,1
4111,58,0
4112,56,1
4113,141,1
4114,61,0
4115,19,0
4116,32,1
4117,32,1
4118,68,0
4119,95,0
4120,68,0
4121,67,1
4122,12,0
4123,163,0
4124,58,0
4125,63,1
4126,114,1
4127,13,0
4128,60,1
4129,43,1
4130,43,1
4131,21,1
4132,57,1
4133,119,1
4134,65,0
4135,158,1
4136,38,0
4137,70,0
4138,60,1
4139,41,1
4140,15,0
4141,53,1
4142,68,1
4143,48,1
4144,115,0
4145,16,0
4146,28,1
4147,44,1
4148,53,0
4149,67,1
4150,40,0
4151,48,0
4152,129,1
4153,24,0
4154,87,1
4155,18,0
4156,70,0
4157,57,1
4158,95,0
4159,85,0
4160,89,1
4161,94,1
4162,61,1
4163,38,0
4164,87,1
4165,19,0
4166,34,1
4167,26,1
4168,50,0
4169,46,0
4170,66,0
4171,91,0
4172,84,0
4173,107,1
4174,32,0
4175,48,1
4176,36,1
4177,130,1
4178,65,1
4179,34,0
4180,65,0
4181,38,0
4182,37,1
4183,78,1
4184,9,0
4185,160,1
4186,133,1
4187,74,1
4188,67,1
4189,55,1
4190,46,0
4191,126,0
4192,88,1
4193,59,1
4194,49,0
4195,104,0
4196,27,1
4197,107,1
4198,25,0
4199,12,0
4200,39,0
4201,98,0
4202,183,1
4203,144,1
4204,59,1
4205,121,0
4206,58,1
4207,37,1
4208,14,0
4209,95,0
4210,66,1
4211,85,1
4212,28,1
4213,130,0
4214,44,1
4215,37,1
4216,92,0
4217,52,1
4218,51,0
4219,90,1
4220,17,0
4221,95,1
4222,122,1
4223,56,0
4224,55,0
4225,42,0
4226,52,0
4227,32,1
4228,43,1
4229,38,0
4230,57,1
4231,29,0
4232,106,1
4233,53,0
4234,63,1
4235,47,0
4236,64,1
4237,40,0
4238,105,0
4239,45,1
4240,35,1
4241,64,1
4242,39,1
4243,39,1
4244,56,0
4245,47,0
4246,70,1
4247,55,0
4248,98,0
4249,36,1
4250,102,1
4251,102,0
4252,27,0
4253,46,0
4254,70,1
4255,35,1
4256,126,1
4257,87,1
4258,44,0
4259,96,1
4260,93,0
4261,62,1
4262,200,0
4263,38,0
4264,175,0
4265,39,0
4266,10,0
4267,63,1
4268,54,1
4269,82,0
4270,41,1
4271,115,1
4272,54,1
4273,103,1
4274,113,1
4275,137,1
4276,55,1
4277,37,0
4278,126,0
4279,107,1
4280,58,1
4281,75,1
4282,55,0
4283,92,1
4284,54,0
4285,75,0
4286,57,1
4287,78,0
4288,64,0
4289,109,1
4290,103,1
4291,87,0
4292,67,1
4293,36,1
4294,50,1
4295,95,0
4296,31,0
4297,64,1
4298,39,1
4299,63,0
4300,62,0
4301,32,1
4302,59,1
4303,52,1
4304,52,1
4305,25,1
4306,76,1
4307,52,0
4308,62,1
4309,58,1
4310,71,1
4311,44,0
4312,57,0
4313,66,1
4314,53,1
4315,42,1
4316,45,0
4317,187,1
4318,20,0
4319,19,0
4320,19,0
4321,61,1
4322,14,0
4323,63,1
4324,49,1
4325,40,1
4326,77,0
4327,101,0
4328,66,1
4329,11,0
4330,15,0
4331,200,0
4332,44,1
4333,56,1
4334,33,1
4335,55,0
4336,65,1
4337,126,0
4338,70,1
4339,29,0
4340,9,0
4341,81,1
4342,37,1
4343,41,1
4344,29,0
4345,55,1
4346,39,1
4347,130,1
4348,64,1
4349,31,1
4350,28,0
4351,44,1
4352,21,0
4353,85,1
4354,47,0
4355,60,0
4356,136,1
4357,117,0
4358,51,1
4359,118,1
4360,113,1
4361,97,0
4362,65,1
4363,68,1
4364,55,1
4365,30,0
4366,50,0
4367,31,0
4368,118,0
4369,112,1
4370,55,0
4371,103,0
4372,77,0
4373,36,1
4374,61,1
4375,12,0
4376,54,0
4377,52,1
4378,200,0
4379,86,1
4380,13,0
4381,108,0
4382,57,1
4383,74,0
4384,40,1
4385,65,1
4386,121,1
4387,48,0
4388,43,0
4389,105,1
4390,78,0
4391,70,0
4392,68,1
4393,14,0
4394,24,0
4395,160,1
4396,62,1
4397,92,0
4398,97,1
4399,27,0
4400,24,0
4401,35,1
4402,82,1
4403,84,1
4404,50,1
4405,14,0
4406,39,1
4407,51,1
4408,115,1
4409,43,1
4410,31,1
4411,99,1
4412,8,0
4413,33,0
4414,106,0
4415,44,1
4416,74,1
4417,78,0
4418,83,1
4419,68,1
4420,58,1
4421,85,1
4422,111,1
4423,55,0
4424,200,0
4425,168,1
4426,45,1
4427,150,1
4428,200,0
4429,68,1
4430,80,0
4431,134,0
4432,53,0
4433,19,0
4434,45,1
4435,50,0
4436,62,1
4437,117,0
4438,43,0
4439,95,0
4440,75,1
4441,62,1
4442,37,1
4443,58,1
4444,34,0
4445,27,1
4446,57,1
4447,45,0
4448,53,0
4449,29,0
4450,110,0
4451,83,1
4452,105,1
4453,24,1
4454,40,1
4455,76,1
4456,33,0
4457,200,1
4458,200,0
4459,90,0
4460,19,0
4461,111,0
4462,39,1
4463,70,0
4464,35,0
4465,56,1
4466,61,1
4467,46,0
4468,155,0
4469,61,0
4470,62,1
4471,52,1
4472,32,1
4473,86,1
4474,94,1
4475,12,0
4476,91,1
4477,59,0
4478,32,1
4479,24,1
4480,40,0
4481,34,0
4482,34,0
4483,38,0
4484,37,0
4485,50,0
4486,41,0
4487,59,1
4488,22,0
4489,63,0
4490,58,1
4491,68,1
4492,107,0
4493,30,1
4494,25,0
4495,51,0
4496,36,0
4497,50,0
4498,82,0
4499,96,0
4500,48,0
4501,39,0
4502,14,0
4503,37,1
4504,52,1
4505,33,1
4506,155,1
4507,38,1
4508,24,0
4509,50,0
4510,109,1
4511,90,1
4512,49,1
4513,62,0
4514,43,1
4515,33,0
4516,154,1
4517,18,0
4518,18,0
4519,24,0
4520,77,1
4521,82,0
4522,27,1
4523,80,0
4524,56,1
4525,47,0
4526,156,1
4527,73,0
4528,43,0
4529,24,0
4530,111,0
4531,64,1
4532,83,1
4533,79,0
4534,57,1
4535,36,1
4536,48,0
4537,41,1
4538,20,0
4539,59,1
4540,60,0
4541,85,1
4542,110,0
4543,68,1
4544,40,1
4545,43,1
4546,80,1
4547,87,1
4548,84,0
4549,37,1
4550,111,1
4551,99,0
4552,10,0
4553,62,1
4554,31,0
4555,53,1
4556,59,1
4557,61,1
4558,131,0
4559,77,1
4560,55,0
4561,69,0
4562,56,0
4563,42,0
4564,43,0
4565,19,0
4566,67,1
4567,64,1
4568,55,0
4569,22,0
4570,60,1
4571,48,1
4572,68,1
4573,59,1
4574,112,0
4575,20,0
4576,29,1
4577,27,0
4578,101,1
4579,64,0
4580,47,1
4581,61,1
4582,84,0
4583,83,0
4584,36,1
4585,26,1
4586,66,1
4587,16,0
4588,158,1
4589,21,0
4590,56,1
4591,34,0
4592,71,0
4593,29,0
4594,93,1
4595,188,1
4596,65,1
4597,19,0
4598,59,1
4599,30,1
4600,42,1
4601,35,0
4602,30,0
4603,39,0
4604,64,1
4605,39,1
4606,44,1
4607,63,1
4608,78,0
4609,27,0
4610,52,1
4611,86,0
4612,79,1
4613,47,1
4614,30,1
4615,41,0
4616,76,0
4617,32,0
4618,40,1
4619,43,0
4620,60,1
4621,67,1
4622,157,0
4623,101,1
4624,29,1
4625,43,1
4626,51,1
4627,70,0
4628,37,1
4629,60,0
4630,13,0
4631,43,0
4632,62,1
4633,28,1
4634,33,1
4635,54,0
4636,9,0
4637,36,1
4638,86,0
4639,47,1
4640,64,0
4641,145,1
4642,28,1
4643,32,1
4644,26,1
4645,78,0
4646,11,0
4647,66,1
4648,29,1
4649,197,0
4650,130,1
4651,119,0
4652,28,0
4653,42,0
4654,81,1
4655,30,0
4656,144,1
4657,79,1
4658,56,1
4659,89,1
4660,61,1
4661,29,1
4662,64,1
4663,34,0
4664,45,0
4665,68,1
4666,69,0
4667,109,1
4668,36,1
4669,41,0
4670,53,1
4671,87,1
4672,45,1
4673,36,1
4674,88,0
4675,85,1
4676,71,0
4677,65,1
4678,59,0
4679,48,0
4680,41,0
4681,171,1
4682,49,1
4683,38,0
4684,31,1
4685,52,1
4686,132,1
4687,60,0
4688,37,1
4689,67,0
4690,57,0
4691,73,0
4692,116,0
4693,99,0
4694,117,1
4695,40,1
4696,23,0
4697,86,1
4698,18,0
4699,39,1
4700,50,0
4701,44,1
4702,44,1
4703,46,0
4704,53,1
4705,49,1
4706,114,1
4707,111,1
4708,17,0
4709,131,0
4710,39,0
4711,65,0
4712,33,1
4713,45,0
4714,70,1
4715,104,1
4716,60,0
4717,54,1
4718,64,0
4719,55,1
4720,90,1
4721,37,1
4722,80,1
4723,22,0
4724,76,1
4725,100,1
4726,67,1
4727,107,0
4728,53,0
4729,60,0
4730,105,1
4731,39,1
4732,89,1
4733,49,1
4734,73,1
4735,41,0
4736,101,0
4737,50,1
4738,39,0
4739,95,0
4740,11,0
4741,95,0
4742,46,0
4743,30,0
4744,44,1
4745,13,0
4746,47,1
4747,55,1
4748,54,1
4749,56,1
4750,43,1
4751,61,1
4752,52,1
4753,50,1
4754,69,1
4755,55,1
4756,15,0
4757,67,0
4758,77,1
4759,88,0
4760,26,1
4761,63,0
4762,54,1
4763,134,0
4764,39,1
4765,40,1
4766,38,0
4767,66,1
4768,190,1
4769,39,0
4770,83,1
4771,59,0
4772,49,0
4773,81,0
4774,25,0
4775,66,1
4776,35,1
4777,26,1
4778,39,1
4779,95,1
4780,27,1
4781,56,0
4782,40,1
4783,71,0
4784,62,0
4785,69,0
4786,61,0
4787,48,1
4788,38,1
4789,59,1
4790,43,0
4791,70,0
4792,31,0
4793,20,0
4794,53,1
4795,79,1
4796,101,0
4797,44,1
4798,32,1
4799,136,1
4800,69,0
4801,64,0
4802,105,1
4803,56,1
4804,75,1
4805,33,0
4806,62,1
4807,38,0
4808,17,0
4809,46,1
4810,86,0
4811,23,0
4812,62,1
4813,41,1
4814,38,1
4815,58,0
4816,52,1
4817,46,1
4818,72,1
4819,125,1
4820,57,0
4821,65,0
4822,54,1
4823,36,0
4824,40,1
4825,34,0
4826,71,0
4827,50,0
4828,89,1
4829,94,0
4830,60,1
4831,138,1
4832,67,1
4833,101,1
4834,64,1
4835,58,1
4836,56,1
4837,19,0
4838,114,1
4839,113,0
4840,92,1
4841,130,1
4842,42,0
4843,58,1
4844,59,0
4845,92,1
4846,42,1
4847,25,1
4848,163,1
4849,45,0
4850,127,0
4851,97,0
4852,70,1
4853,52,0
4854,28,0
4855,32,1
4856,63,1
4857,166,1
4858,67,0
4859,11,0
4860,41,0
4861,34,1
4862,46,1
4863,31,0
4864,98,1
4865,46,0
4866,59,0
4867,31,1
4868,45,1
4869,43,1
4870,41,1
4871,59,0
4872,48,1
4873,42,0
4874,30,0
4875,40,0
4876,87,0
4877,67,0
4878,41,1
4879,72,1
4880,26,0
4881,52,0
4882,66,0
4883,88,1
4884,69,0
4885,25,0
4886,100,1
4887,19,0
4888,115,1
4889,80,1
4890,121,1
4891,53,1
4892,43,1
4893,30,1
4894,124,0
4895,40,1
4896,76,0
4897,200,0
4898,55,1
4899,11,0
4900,39,0
4901,61,1
4902,122,1
4903,88,1
4904,32,1
4905,42,0
4906,38,0
4907,49,0
4908,90,0
4909,39,1
4910,91,0
4911,70,0
4912,58,0
4913,67,1
4914,9,0
4915,44,1
4916,85,0
4917,69,1
4918,14,0
4919,121,0
4920,64,1
4921,58,0
4922,48,0
4923,87,1
4924,45,0
4925,48,1
4926,102,1
4927,71,1
4928,69,1
4929,52,1
4930,29,1
4931,86,0
4932,13,0
4933,75,1
4934,47,0
4935,91,0
4936,52,1
4937,39,0
4938,32,1
4939,62,0
4940,92,1
4941,12,0
4942,65,0
4943,45,0
4944,20,0
4945,76,1
4946,123,0
4947,85,0
4948,66,1
4949,76,0
4950,77,0
4951,76,0
4952,53,0
4953,71,0
4954,27,0
4955,15,0
4956,37,0
4957,34,1
4958,57,0
4959,94,1
4960,39,0
4961,44,1
4962,89,0
4963,30,1
4964,58,1
4965,45,0
4966,40,1
4967,140,0
4968,42,1
4969,43,1
4970,9,0
4971,115,1
4972,34,0
4973,23,0
4974,96,0
4975,40,1
4976,111,1
4977,59,0
4978,36,1
4979,49,1
4980,24,0
4981,54,1
4982,175,0
4983,81,0
4984,69,1
4985,25,1
4986,42,0
4987,43,0
4988,106,0
4989,65,1
4990,176,1
4991,106,1
4992,88,1
4993,24,1
4994,74,1
4995,32,0
4996,87,1
4997,54,1
4998,17,0
4999,110,0
5000,88,0
5001,51,0
5002,32,1
5003,64,1
5004,48,1
5005,76,1
5006,62,1
5007,61,1
5008,37,1
5009,64,0
5010,122,0
5011,101,1
5012,83,0
5013,71,0
5014,32,0
5015,60,1
5016,54,1
5017,9,0
5018,53,0
5019,51,1
5020,71,1
5021,22,0
5022,58,0
5023,26,0
5024,63,1
5025,24,0
5026,51,1
5027,32,1
5028,62,1
5029,55,0
5030,52,0
5031,66,1
5032,42,1
5033,43,1
5034,54,1
5035,16,0
5036,76,0
5037,36,1
5038,24,0
5039,55,1
5040,50,0
5041,94,1
5042,41,0
5043,20,0
5044,70,1
5045,38,0
5046,58,1
5047,21,0
5048,21,0
5049,83,1
5050,50,1
5051,43,1
5052,87,0
5053,76,1
5054,42,1
5055,40,1
5056,198,1
5057,53,1
5058,57,1
5059,76,1
5060,67,0
5061,26,1
5062,50,1
5063,27,0
5064,56,1
5065,37,0
5066,113,1
5067,177,0
5068,36,1
5069,68,0
5070,158,0
5071,55,1
5072,86,0
5073,81,1
5074,133,1
5075,75,0
5076,58,1
5077,32,1
5078,27,1
5079,51,1
5080,43,1
5081,64,0
5082,96,0
5083,46,1
5084,20,0
5085,78,1
5086,64,1
5087,72,0
5088,96,1
5089,37,1
5090,20,0
5091,48,1
5092,35,1
5093,85,1
5094,56,1
5095,51,0
5096,102,1
5097,10,0
5098,66,0
5099,68,0
5100,89,0
5101,19,0
5102,45,1
5103,48,1
5104,63,1
5105,42,1
5106,50,1
5107,89,1
5108,22,0
5109,32,1
5110,26,0
5111,39,1
5112,18,0
5113,115,1
5114,11,0
5115,27,1
5116,102,1
5117,103,1
5118,21,0
5119,23,0
5120,99,1
5121,84,0
5122,103,1
5123,109,0
5124,35,0
5125,46,0
5126,42,0
5127,31,1
5128,35,0
5129,67,1
5130,31,1
5131,34,0
5132,44,1
5133,60,1
5134,91,0
5135,18,0
5136,64,0
5137,124,1
5138,70,1
5139,53,0
5140,97,1
5141,52,1
5142,92,1
5143,40,0
5144,45,0
5145,200,0
5146,79,1
5147,200,0
5148,87,0
5149,42,1
5150,45,0
5151,31,0
5152,200,0
5153,9,0
5154,89,1
5155,33,1
5156,57,0
5157,79,1
5158,65,0
5159,47,0
5160,28,1
5161,30,1
5162,91,1
5163,57,1
5164,88,1
5165,17,0
5166,68,1
5167,18,0
5168,92,0
5169,59,1
5170,50,1
5171,47,1
5172,38,1
5173,52,1
5174,59,1
5175,18,0
5176,87,0
5177,174,1
5178,63,0
5179,25,0
5180,184,1
5181,41,1
5182,31,0
5183,103,1
5184,25,1
5185,90,1
5186,76,1
5187,94,0
5188,94,0
5189,58,0
5190,29,1
5191,15,0
5192,51,1
5193,57,0
5194,77,1
5195,24,0
5196,55,0
5197,56,0
5198,73,1
5199,145,1
5200,13,0
5201,93,1
5202,33,0
5203,30,0
5204,43,0
5205,34,0
5206,10,0
5207,56,1
5208,25,0
5209,61,1
5210,48,0
5211,39,0
5212,54,0
5213,200,0
5214,59,0
5215,19,0
5216,86,1
5217,24,1
5218,31,0
5219,66,1
5220,75,1
5221,99,1
5222,116,0
5223,67,1
5224,65,1
5225,21,0
5226,60,0
5227,36,0
5228,24,0
5229,72,0
5230,52,1
5231,58,1
5232,32,1
5233,20,0
5234,52,1
5235,63,1
5236,19,0
5237,95,1
5238,102,1
5239,37,0
5240,22,0
5241,57,1
5242,44,1
5243,28,1
5244,32,1
5245,71,1
5246,103,1
5247,54,0
5248,17,0
5249,62,1
5250,99,1
5251,39,1
5252,39,1
5253,94,0
5254,39,0
5255,24,0
5256,26,0
5257,72,0
5258,66,0
5259,48,1
5260,64,0
5261,73,1
5262,23,0
5263,68,0
5264,43,1
5265,51,0
5266,29,1
5267,47,1
5268,20,0
5269,43,1
5270,58,0
5271,72,1
5272,120,1
5273,60,1
5274,87,0
5275,50,0
5276,105,1
5277,13,0
5278,117,1
5279,74,1
5280,21,0
5281,32,1
5282,74,1
5283,41,0
5284,17,0
5285,139,1
5286,50,0
5287,69,1
5288,45,1
5289,43,1
5290,40,1
5291,49,1
5292,86,1
5293,118,0
5294,23,1
5295,66,1
5296,40,1
5297,62,1
5298,145,0
5299,140,1
5300,57,1
5301,58,1
5302,26,0
5303,40,1
5304,129,1
5305,66,1
5306,12,0
5307,99,0
5308,47,0
5309,84,1
5310,55,0
5311,48,1
5312,15,0
5313,51,1
5314,61,1
5315,41,0
5316,200,0
5317,38,1
5318,11,0
5319,33,1
5320,155,0
5321,27,0
5322,47,1
5323,154,0
5324,54,0
5325,54,1
5326,45,1
5327,137,0
5328,31,0
5329,96,0
5330,50,1
5331,121,1
5332,19,0
5333,38,0
5334,61,0
5335,42,1
5336,23,0
5337,38,0
5338,42,0
5339,45,0
5340,39,0
5341,34,1
5342,51,0
5343,147,1
5344,47,0
5345,75,0
5346,74,1
5347,53,0
5348,46,0
5349,45,1
5350,54,0
5351,62,0
5352,57,1
5353,20,0
5354,46,1
5355,187,1
5356,94,0
5357,53,1
5358,51,1
5359,30,1
5360,29,1
5361,60,0
5362,71,1
5363,89,1
5364,43,1
5365,49,1
5366,11,0
5367,46,1
5368,146,1
5369,61,0
5370,22,0
5371,63,1
5372,22,1
5373,33,0
5374,52,0
5375,200,0
5376,61,1
5377,102,0
5378,18,0
5379,14,0
5380,141,0
5381,99,1
5382,87,0
5383,92,0
5384,115,1
5385,200,0
5386,25,1
5387,66,1
5388,39,1
5389,32,1
5390,44,1
5391,29,1
5392,96,0
5393,34,0
5394,79,1
5395,143,1
5396,164,1
5397,112,0
5398,92,0
5399,132,0
5400,34,1
5401,20,0
5402,10,0
5403,60,0
5404,60,1
5405,30,1
5406,126,1
5407,38,1
5408,62,0
5409,65,1
5410,30,1
5411,114,1
5412,65,0
5413,36,1
5414,92,0
5415,92,0
5416,57,1
5417,29,1
5418,16,0
5419,37,1
5420,51,1
5421,56,1
5422,28,0
5423,18,0
5424,54,0
5425,56,1
5426,116,1
5427,30,1
5428,62,0
5429,27,0
5430,83,0
5431,28,0
5432,50,1
5433,78,0
5434,23,0
5435,57,1
5436,19,0
5437,66,1
5438,20,0
5439,69,0
5440,27,1
5441,60,1
5442,10,0
5443,17,0
5444,54,1
5445,72,1
5446,92,0
5447,48,0
5448,53,1
5449,14,0
5450,51,1
5451,45,1
5452,94,1
5453,68,1
5454,55,1
5455,166,1
5456,73,0
5457,36,1
5458,49,0
5459,150,1
5460,19,0
5461,40,1
5462,67,1
5463,76,1
5464,20,0
5465,33,1
5466,24,1
5467,81,1
5468,54,1
5469,52,0
5470,118,0
5471,90,1
5472,42,1
5473,66,0
5474,99,0
5475,74,0
5476,70,1
5477,82,0
5478,61,1
5479,107,0
5480,36,1
5481,11,0
5482,72,0
5483,56,1
5484,82,1
5485,45,1
5486,55,1
5487,196,0
5488,21,0
5489,87,1
5490,63,0
5491,47,1
5492,135,0
5493,155,1
5494,109,0
5495,94,1
5496,87,0
5497,77,1
5498,36,1
5499,42,1
5500,51,1
5501,66,1
5502,53,0
5503,41,1
5504,43,0
5505,90,1
5506,67,1
5507,65,0
5508,200,0
5509,69,1
5510,63,0
5511,98,1
5512,43,1
5513,23,0
5514,62,0
5515,53,1
5516,62,1
5517,52,0
5518,76,1
5519,52,0
5520,69,0
5521,52,1
5522,88,1
5523,57,0
5524,96,1
5525,20,1
5526,58,1
5527,52,1
5528,82,1
5529,82,1
5530,79,1
5531,31,1
5532,70,1
5533,49,1
5534,33,1
5535,124,1
5536,100,0
5537,40,0
5538,37,0
5539,65,1
5540,78,1
5541,9,0
5542,47,1
5543,76,0
5544,58,1
5545,101,1
5546,74,0
5547,49,0
5548,32,1
5549,56,0
5550,48,1
5551,81,1
5552,63,0
5553,26,1
5554,82,1
5555,155,1
5556,41,1
5557,116,1
5558,35,1
5559,15,0
5560,39,0
5561,57,0
5562,78,1
5563,22,0
5564,115,0
5565,40,1
5566,42,1
5567,162,0
5568,60,1
5569,15,0
5570,51,0
5571,40,0
5572,95,1
5573,75,1
5574,79,0
5575,19,0
5576,43,0
5577,32,0
5578,91,1
5579,72,1
5580,43,0
5581,39,1
5582,51,1
5583,40,0
5584,31,0
5585,105,1
5586,31,0
5587,101,0
5588,29,1
5589,79,0
5590,129,1
5591,116,1
5592,60,1
5593,28,0
5594,35,0
5595,46,1
5596,157,1
5597,75,0
5598,58,0
5599,104,1
5600,46,0
5601,46,0
5602,77,1
5603,79,1
5604,44,1
5605,82,1
5606,49,1
5607,26,1
5608,130,1
5609,71,1
5610,52,1
5611,40,0
5612,47,0
5613,18,0
5614,51,1
5615,92,0
5616,34,1
5617,138,1
5618,86,0
5619,67,1
5620,76,1
5621,81,0
5622,45,0
5623,168,1
5624,191,1
5625,72,0
5626,61,1
5627,59,1
5628,29,0
5629,127,0
5630,65,0
5631,76,1
5632,56,0
5633,53,1
5634,61,0
5635,57,1
5636,49,0
5637,63,0
5638,87,1
5639,46,1
5640,112,0
5641,22,0
5642,47,0
5643,39,0
5644,15,0
5645,47,0
5646,82,1
5647,51,0
5648,54,0
5649,51,1
5650,91,0
5651,33,1
5652,130,0
5653,41,0
5654,59,0
5655,43,0
5656,79,1
5657,49,0
5658,129,0
5659,137,1
5660,61,1
5661,35,1
5662,40,1
5663,62,1
5664,69,1
5665,86,1
5666,90,1
5667,62,0
5668,40,0
5669,25,1
5670,58,1
5671,83,1
5672,183,1
5673,15,0
5674,48,1
5675,24,1
5676,91,0
5677,63,1
5678,93,0
5679,200,0
5680,47,0
5681,37,1
5682,36,1
5683,22,0
5684,136,1
5685,62,1
5686,92,1
5687,75,1
5688,83,1
5689,71,1
5690,21,1
5691,164,1
5692,36,1
5693,70,1
5694,107,0
5695,20,0
5696,71,1
5697,45,1
5698,54,0
5699,45,1
5700,45,0
5701,18,0
5702,32,0
5703,15,0
5704,53,0
5705,91,1
5706,32,0
5707,135,1
5708,51,0
5709,73,0
5710,96,0
5711,81,1
5712,34,0
5713,32,0
5714,48,0
5715,37,0
5716,20,0
5717,55,0
5718,15,0
5719,46,1
5720,32,1
5721,91,1
5722,41,0
5723,80,1
5724,71,0
5725,12,0
5726,47,1
5727,46,0
5728,42,1
5729,69,1
5730,135,0
5731,45,0
5732,41,0
5733,58,0
5734,59,1
5735,74,0
5736,61,0
5737,117,1
5738,69,0
5739,134,1
5740,38,1
5741,181,1
5742,40,1
5743,142,1
5744,51,1
5745,120,1
5746,113,1
5747,15,0
5748,51,1
5749,94,1
5750,57,0
5751,36,0
5752,79,0
5753,54,0
5754,45,1
5755,101,1
5756,47,1
5757,29,1
5758,37,0
5759,120,0
5760,124,0
5761,22,0
5762,65,1
5763,64,1
5764,26,0
5765,28,0
5766,37,0
5767,90,0
5768,14,0
5769,56,1
5770,57,1
5771,56,1
5772,115,1
5773,96,0
5774,63,1
5775,96,1
5776,32,1
5777,111,1
5778,45,1
5779,53,1
5780,118,1
5781,46,0
5782,45,1
5783,73,0
5784,26,1
5785,53,1
5786,93,1
5787,62,0
5788,38,1
5789,89,1
5790,72,1
5791,56,1
5792,15,0
5793,53,1
5794,157,0
5795,49,0
5796,32,1
5797,49,0
5798,87,0
5799,111,1
5800,65,1
5801,53,1
5802,65,0
5803,42,0
5804,56,1
5805,33,1
5806,41,1
5807,63,1
5808,200,0
5809,50,0
5810,45,1
5811,53,0
5812,31,1
5813,45,1
5814,28,1
5815,24,1
5816,116,1
5817,37,0
5818,39,0
5819,119,0
5820,102,1
5821,122,0
5822,115,0
5823,40,1
5824,97,1
5825,42,0
5826,55,1
5827,97,1
5828,35,1
5829,24,0
5830,32,1
5831,74,1
5832,31,0
5833,20,0
5834,39,0
5835,118,1
5836,65,1
5837,149,1
5838,104,1
5839,57,0
5840,100,0
5841,77,0
5842,52,1
5843,50,1
5844,15,0
5845,62,1
5846,50,1
5847,90,1
5848,64,1
5849,109,1
5850,37,0
5851,55,1
5852,61,1
5853,86,0
5854,87,1
5855,42,0
5856,54,1
5857,160,1
5858,93,0
5859,49,0
5860,58,0
5861,161,1
5862,35,1
5863,92,1
5864,64,0
5865,18,0
5866,100,1
5867,36,1
5868,108,0
5869,59,1
5870,47,0
5871,56,1
5872,61,1
5873,149,0
5874,171,1
5875,195,1
5876,67,1
5877,56,0
5878,64,0
5879,25,0
5880,41,0
5881,15,0
5882,39,0
5883,22,0
5884,50,0
5885,74,0
5886,28,1
5887,76,1
5888,52,0
5889,55,1
5890,56,1
5891,11,0
5892,15,0
5893,33,1
5894,77,0
5895,83,0
5896,53,0
5897,28,0
5898,61,1
5899,104,1
5900,72,0
5901,46,1
5902,34,0
5903,73,0
5904,43,1
5905,48,1
5906,39,1
5907,71,0
5908,110,0
5909,127,1
5910,55,0
5911,44,0
5912,48,0
5913,109,1
5914,32,1
5915,109,0
5916,10,0
5917,67,0
5918,62,1
5919,39,1
5920,16,0
5921,36,1
5922,24,0
5923,64,1
5924,31,1
5925,66,1
5926,104,1
5927,35,0
5928,61,0
5929,88,0
5930,37,1
5931,41,1
5932,46,0
5933,21,0
5934,43,1
5935,75,0
5936,113,0
5937,43,0
5938,74,0
5939,72,1
5940,83,0
5941,78,1
5942,48,1
5943,97,1
5944,39,1
5945,16,0
5946,20,0
5947,53,0
5948,57,1
5949,47,0
5950,43,1
5951,62,1
5952,45,1
5953,15,0
5954,49,1
5955,66,1
5956,23,1
5957,74,1
5958,63,1
5959,38,1
5960,120,1
5961,56,1
5962,26,0
5963,51,0
5964,43,1
5965,59,0
5966,32,1
5967,168,0
5968,81,1
5969,38,1
5970,51,1
5971,39,1
5972,86,1
5973,57,1
5974,138,1
5975,174,1
5976,26,1
5977,76,0
5978,39,1
5979,37,0
5980,45,1
5981,49,1
5982,71,1
5983,105,0
5984,57,0
5985,69,1
5986,62,1
5987,66,1
5988,30,0
5989,39,0
5990,66,0
5991,78,1
5992,151,0
5993,145,0
5994,42,1
5995,46,1
5996,163,0
5997,16,0
5998,100,0
5999,65,0
6000,36,0
6001,90,1
6002,46,1
6003,97,0
6004,200,0
6005,46,1
6006,45,1
6007,66,1
6008,62,1
6009,33,0
6010,94,0
6011,46,1
6012,49,1
6013,36,0
6014,124,1
6015,79,1
6016,40,1
6017,64,1
6018,54,1
6019,58,1
6020,36,0
6021,36,1
6022,92,1
6023,39,0
6024,75,0
6025,32,1
6026,21,0
6027,69,0
6028,100,0
6029,60,0
6030,53,1
6031,189,1
6032,54,0
6033,81,1
6034,44,0
6035,97,0
6036,112,0
6037,56,1
6038,23,0
6039,65,0
6040,200,0
6041,61,0
6042,61,0
6043,82,1
6044,34,1
6045,27,0
6046,200,0
6047,35,1
6048,54,1
6049,44,0
6050,93,1
6051,36,1
6052,98,1
6053,60,0
6054,46,1
6055,44,0
6056,71,1
6057,20,0
6058,46,0
6059,79,1
6060,56,0
6061,77,1
6062,101,0
6063,50,1
6064,27,1
6065,103,0
6066,53,1
6067,22,0
6068,58,1
6069,28,0
6070,61,0
6071,76,1
6072,126,0
6073,44,0
6074,45,1
6075,48,0
6076,15,0
6077,165,1
6078,54,1
6079,50,0
6080,55,0
6081,63,0
6082,118,1
6083,69,1
6084,14,0
6085,200,0
6086,163,1
6087,35,1
6088,61,1
6089,86,0
6090,63,0
6091,48,0
6092,30,0
6093,14,0
6094,54,1
6095,91,0
6096,13,0
6097,41,0
6098,23,0
6099,38,0
6100,134,0
6101,78,1
6102,54,1
6103,24,1
6104,54,0
6105,9,0
6106,121,1
6107,57,0
6108,99,0
6109,197,0
6110,21,0
6111,118,1
6112,137,1
6113,64,1
6114,47,1
6115,34,0
6116,87,0
6117,67,0
6118,153,0
6119,56,1
6120,90,1
6121,123,0
6122,49,1
6123,132,0
6124,69,1
6125,38,1
6126,36,0
6127,70,0
6128,44,1
6129,72,1
6130,108,0
6131,34,0
6132,72,0
6133,32,0
6134,50,1
6135,70,0
6136,151,0
6137,114,0
6138,111,0
6139,69,0
6140,62,1
6141,65,0
6142,32,1
6143,93,0
6144,34,1
6145,85,0
6146,71,1
6147,65,1
6148,131,1
6149,49,1
6150,133,0
6151,70,0
6152,136,1
6153,44,0
6154,59,0
6155,57,0
6156,78,0
6157,108,1
6158,27,0
6159,104,1
6160,47,1
6161,24,0
6162,29,1
6163,118,1
6164,34,0
6165,65,0
6166,33,0
6167,53,0
6168,56,0
6169,68,1
6170,68,1
6171,58,1
6172,47,1
6173,101,1
6174,56,0
6175,62,1
6176,61,1
6177,26,1
6178,42,1
6179,68,1
6180,29,0
6181,109,1
6182,52,1
6183,53,1
6184,80,1
6185,109,0
6186,66,1
6187,34,0
6188,97,1
6189,43,1
6190,37,1
6191,56,1
6192,68,0
6193,31,0
6194,51,1
6195,22,0
6196,91,0
6197,49,0
6198,110,1
6199,62,0
6200,27,0
6201,56,0
6202,37,0
6203,61,1
6204,64,1
6205,102,1
6206,49,1
6207,143,1
6208,25,0
6209,36,0
6210,61,0
6211,124,0
6212,76,0
6213,90,0
6214,53,1
6215,82,1
6216,57,0
6217,60,0
6218,68,1
6219,56,1
6220,46,0
6221,76,1
6222,46,0
6223,117,1
6224,55,0
6225,46,0
6226,27,0
6227,174,1
6228,60,0
6229,76,1
6230,61,1
6231,97,1
6232,45,1
6233,140,1
6234,21,0
6235,26,0
6236,67,1
6237,67,0
6238,70,1
6239,78,1
6240,80,1
6241,99,1
6242,68,0
6243,14,0
6244,29,1
6245,28,0
6246,19,0
6247,119,1
6248,13,0
6249,28,0
6250,66,1
6251,68,0
6252,22,0
6253,10,0
6254,34,1
6255,83,1
6256,28,0
6257,32,1
6258,112,0
6259,54,1
6260,114,0
6261,33,1
6262,44,1
6263,58,1
6264,43,1
6265,73,0
6266,86,1
6267,65,1
6268,51,1
6269,47,1
6270,57,0
6271,42,0
6272,151,0
6273,128,1
6274,71,0
6275,89,0
6276,23,0
6277,134,1
6278,63,1
6279,49,1
6280,35,1
6281,111,0
6282,34,1
6283,62,1
6284,62,1
6285,63,0
6286,43,1
6287,46,1
6288,79,1
6289,64,0
6290,66,0
6291,69,1
6292,107,1
6293,90,1
6294,20,1
6295,57,0
6296,13,0
6297,30,0
6298,57,1
6299,61,1
6300,117,0
6301,95,1
6302,89,0
6303,71,1
6304,28,1
6305,161,1
6306,63,0
6307,24,1
6308,16,0
6309,117,1
6310,22,0
6311,26,0
6312,44,0
6313,87,0
6314,32,0
6315,129,1
6316,47,0
6317,86,1
6318,93,0
6319,84,1
6320,82,1
6321,34,1
6322,54,1
6323,43,0
6324,87,1
6325,47,1
6326,23,1
6327,46,1
6328,46,0
6329,58,1
6330,73,1
6331,107,0
6332,124,1
6333,53,1
6334,88,1
6335,95,0
6336,55,0
6337,115,0
6338,54,1
6339,32,0
6340,70,1
6341,128,1
6342,121,0
6343,68,0
6344,36,0
6345,77,0
6346,51,0
6347,49,1
6348,147,0
6349,16,0
6350,46,1
6351,80,1
6352,65,1
6353,9,0
6354,36,1
6355,45,1
6356,44,0
6357,55,1
6358,19,0
6359,57,0
6360,57,1
6361,88,1
6362,52,1
6363,11,0
6364,64,0
6365,44,0
6366,24,0
6367,30,0
6368,59,1
6369,95,1
6370,64,0
6371,100,1
6372,58,1
6373,85,0
6374,66,0
6375,76,1
6376,29,0
6377,30,0
6378,76,0
6379,84,1
6380,15,0
6381,105,0
6382,45,0
6383,200,0
6384,33,0
6385,36,1
6386,82,1
6387,36,1
6388,42,1
6389,36,1
6390,79,1
6391,31,0
6392,68,1
6393,56,1
6394,147,0
6395,48,1
6396,76,1
6397,38,1
6398,27,0
6399,97,0
6400,85,1
6401,29,1
6402,14,1
6403,101,0
6404,72,0
6405,123,1
6406,23,0
6407,56,1
6408,29,1
6409,33,1
6410,53,0
6411,49,1
6412,68,1
6413,72,0
6414,65,0
6415,41,0
6416,15,0
6417,116,0
6418,103,1
6419,56,1
6420,84,1
6421,99,0
6422,44,1
6423,61,0
6424,46,1
6425,89,0
6426,94,1
6427,49,0
6428,43,0
6429,34,1
6430,69,1
6431,105,1
6432,145,1
6433,49,0
6434,94,0
6435,112,0
6436,60,1
6437,68,0
6438,57,1
6439,53,1
6440,41,0
6441,69,1
6442,53,0
6443,93,0
6444,54,0
6445,37,1
6446,66,0
6447,55,1
6448,126,0
6449,38,1
6450,62,0
6451,20,0
6452,85,0
6453,41,0
6454,53,0
6455,51,0
6456,46,0
6457,52,1
6458,54,0
6459,13,0
6460,84,1
6461,66,0
6462,37,1
6463,55,1
6464,55,1
6465,38,0
6466,23,0
6467,55,1
6468,109,0
6469,65,0
6470,39,1
6471,61,1
6472,28,0
6473,82,0
6474,69,0
6475,51,1
6476,97,0
6477,72,0
6478,30,1
6479,55,1
6480,26,1
6481,140,1
6482,76,0
6483,63,0
6484,63,0
6485,35,0
6486,39,0
6487,57,0
6488,56,0
6489,71,1
6490,33,1
6491,34,0
6492,53,1
6493,78,1
6494,37,1
6495,120,1
6496,128,0
6497,72,1
6498,21,0
6499,7,0
6500,50,0
6501,64,0
6502,51,1
6503,47,1
6504,87,0
6505,37,0
6506,81,0
6507,24,0
6508,23,0
6509,54,1
6510,7,0
6511,114,1
6512,59,0
6513,9,0
6514,111,1
6515,57,0
6516,60,1
6517,68,1
6518,63,0
6519,66,1
6520,33,1
6521,112,0
6522,58,1
6523,119,0
6524,38,0
6525,45,0
6526,36,0
6527,68,0
6528,88,1
6529,50,1
6530,66,1
6531,101,1
6532,66,0
6533,78,0
6534,47,1
6535,80,0
6536,56,1
6537,156,1
6538,61,1
6539,119,0
6540,42,1
6541,77,1
6542,63,0
6543,41,1
6544,35,1
6545,71,1
6546,93,0
6547,38,0
6548,43,1
6549,80,1
6550,31,0
6551,70,1
6552,75,0
6553,45,1
6554,57,1
6555,15,0
6556,64,1
6557,74,0
6558,31,0
6559,51,0
6560,144,0
6561,77,1
6562,45,1
6563,65,1
6564,137,0
6565,82,1
6566,125,0
6567,35,1
6568,65,0
6569,64,0
6570,12,0
6571,153,0
6572,43,0
6573,153,0
6574,84,0
6575,41,0
6576,47,1
6577,18,0
6578,47,1
6579,34,0
6580,66,1
6581,55,0
6582,109,1
6583,62,1
6584,80,1
6585,26,0
6586,47,1
6587,117,1
6588,88,1
6589,77,0
6590,47,1
6591,46,0
6592,72,1
6593,62,0
6594,29,1
6595,75,0
6596,23,0
6597,21,0
6598,36,0
6599,79,1
6600,69,0
6601,42,1
6602,31,1
6603,69,1
6604,50,0
6605,45,0
6606,15,0
6607,48,1
6608,31,0
6609,90,0
6610,11,0
6611,87,0
6612,62,1
6613,25,0
6614,25,0
6615,52,1
6616,10,0
6617,67,1
6618,61,1
6619,50,0
6620,48,1
6621,11,0
6622,51,1
6623,61,1
6624,48,1
6625,33,0
6626,31,0
6627,82,1
6628,43,0
6629,73,0
6630,47,1
6631,135,0
6632,39,1
6633,46,0
6634,18,0
6635,92,1
6636,39,1
6637,151,1
6638,86,1
6639,105,1
6640,46,1
6641,54,1
6642,127,1
6643,50,1
6644,93,1
6645,82,1
6646,145,1
6647,30,1
6648,124,0
6649,39,1
6650,57,1
6651,51,0
6652,45,1
6653,80,0
6654,70,1
6655,25,0
6656,44,1
6657,59,1
6658,42,1
6659,60,1
6660,112,0
6661,81,0
6662,110,1
6663,60,1
6664,70,1
6665,102,0
6666,81,1
6667,35,1
6668,61,1
6669,23,0
6670,100,0
6671,28,0
6672,61,1
6673,15,0
6674,28,0
6675,18,0
6676,82,1
6677,50,1
6678,43,0
6679,55,0
6680,43,1
6681,20,0
6682,39,0
6683,128,0
6684,31,0
6685,21,0
6686,67,1
6687,50,0
6688,63,1
6689,200,0
6690,103,1
6691,102,1
6692,9,0
6693,115,1
6694,54,1
6695,56,1
6696,80,1
6697,49,1
6698,83,1
6699,44,1
6700,121,1
6701,52,1
6702,39,1
6703,49,1
6704,22,0
6705,42,1
6706,81,0
6707,70,0
6708,200,0
6709,97,0
6710,63,0
6711,38,1
6712,89,1
6713,53,0
6714,13,0
6715,89,1
6716,94,0
6717,30,0
6718,24,1
6719,32,1
6720,139,1
6721,25,1
6722,63,0
6723,103,1
6724,30,1
6725,62,1
6726,66,0
6727,94,0
6728,51,0
6729,22,0
6730,93,1
6731,31,0
6732,57,0
6733,131,1
6734,73,0
6735,56,1
6736,76,0
6737,147,1
6738,23,1
6739,123,0
6740,12,0
6741,53,1
6742,100,1
6743,67,1
6744,105,0
6745,35,1
6746,17,0
6747,69,1
6748,40,0
6749,43,1
6750,45,1
6751,71,1
6752,63,1
6753,69,1
6754,46,1
6755,29,0
6756,65,0
6757,72,0
6758,171,1
6759,75,1
6760,32,1
6761,51,1
6762,28,1
6763,39,0
6764,32,1
6765,16,0
6766,92,0
6767,42,0
6768,72,0
6769,37,1
6770,75,1
6771,12,0
6772,36,1
6773,57,1
6774,55,0
6775,74,1
6776,66,0
6777,78,1
6778,56,0
6779,97,1
6780,40,1
6781,19,0
6782,43,1
6783,73,0
6784,72,0
6785,127,1
6786,14,0
6787,29,0
6788,61,1
6789,32,0
6790,62,0
6791,135,1
6792,121,0
6793,86,1
6794,31,0
6795,72,1
6796,87,1
6797,104,0
6798,93,1
6799,129,1
6800,62,0
6801,34,1
6802,69,1
6803,42,1
6804,80,1
6805,83,0
6806,45,1
6807,99,1
6808,43,0
6809,63,1
6810,44,1
6811,52,0
6812,49,1
6813,200,0
6814,79,0
6815,146,1
6816,36,1
6817,67,1
6818,40,1
6819,10,0
6820,19,1
6821,125,1
6822,165,0
6823,35,1
6824,55,0
6825,104,0
6826,63,0
6827,11,0
6828,94,0
6829,46,1
6830,56,0
6831,60,0
6832,65,0
6833,36,0
6834,35,0
6835,31,1
6836,52,1
6837,119,0
6838,116,1
6839,47,1
6840,44,0
6841,156,1
6842,71,1
6843,51,1
6844,59,0
6845,102,1
6846,56,1
6847,85,0
6848,39,1
6849,76,0
6850,68,1
6851,21,1
6852,136,1
6853,83,0
6854,111,1
6855,37,1
6856,95,0
6857,46,0
6858,56,1
6859,42,1
6860,61,1
6861,36,1
6862,18,0
6863,37,1
6864,22,0
6865,84,1
6866,85,0
6867,20,0
6868,157,1
6869,81,1
6870,100,0
6871,38,1
6872,54,0
6873,69,0
6874,58,0
6875,26,0
6876,44,0
6877,71,0
6878,189,0
6879,56,1
6880,56,1
6881,50,1
6882,59,1
6883,71,0
6884,34,0
6885,71,1
6886,63,1
6887,54,0
6888,79,1
6889,50,0
6890,89,1
6891,160,0
6892,131,1
6893,143,1
6894,18,0
6895,61,1
6896,48,1
6897,37,0
6898,93,1
6899,39,0
6900,61,0
6901,49,1
6902,137,1
6903,50,1
6904,43,1
6905,28,0
6906,65,0
6907,16,0
6908,118,0
6909,15,0
6910,58,0
6911,74,0
6912,99,0
6913,18,0
6914,35,0
6915,85,1
6916,30,1
6917,73,1
6918,95,1
6919,38,1
6920,62,1
6921,75,0
6922,81,0
6923,78,1
6924,74,1
6925,56,0
6926,48,1
6927,36,1
6928,42,1
6929,65,0
6930,61,1
6931,45,0
6932,39,0
6933,51,1
6934,160,0
6935,88,1
6936,60,1
6937,59,1
6938,172,1
6939,39,0
6940,45,1
6941,38,0
6942,51,1
6943,124,1
6944,57,1
6945,56,1
6946,40,0
6947,40,0
6948,56,1
6949,100,0
6950,58,1
6951,78,0
6952,67,1
6953,67,1
6954,31,1
6955,46,0
6956,33,0
6957,61,0
6958,87,0
6959,29,1
6960,27,0
6961,74,1
6962,49,0
6963,167,1
6964,119,0
6965,42,1
6966,14,0
6967,106,1
6968,197,1
6969,34,1
6970,90,0
6971,99,1
6972,24,0
6973,75,1
6974,49,0
6975,38,1
6976,121,0
6977,58,1
6978,42,1
6979,29,1
6980,16,0
6981,45,1
6982,32,1
6983,25,0
6984,63,1
6985,71,0
6986,15,0
6987,36,1
6988,69,0
6989,53,0
6990,200,0
6991,139,1
6992,90,0
6993,140,0
6994,58,0
6995,12,0
6996,52,1
6997,38,0
6998,87,1
6999,41,1
7000,30,0
7001,43,1
7002,14,0
7003,86,1
7004,44,0
7005,35,0
7006,73,0
7007,115,0
7008,81,1
7009,116,1
7010,31,0
7011,60,1
7012,127,1
7013,57,1
7014,183,1
7015,143,0
7016,85,0
7017,66,1
7018,116,1
7019,99,1
7020,60,0
7021,77,1
7022,103,0
7023,59,1
7024,87,1
7025,57,1
7026,64,0
7027,22,0
7028,42,1
7029,48,0
7030,72,1
7031,63,1
7032,119,0
7033,105,1
7034,47,0
7035,88,1
7036,51,1
7037,19,0
7038,70,0
7039,94,0
7040,86,1
7041,77,1
7042,54,1
7043,40,0
7044,73,1
7045,135,1
7046,89,0
7047,16,0
7048,101,0
7049,89,1
7050,79,0
7051,48,0
7052,46,1
7053,80,1
7054,55,0
7055,84,0
7056,67,1
7057,82,1
7058,12,0
7059,56,1
7060,49,0
7061,127,1
7062,62,1
7063,47,1
7064,116,1
7065,74,0
7066,109,1
7067,55,1
7068,44,0
7069,31,0
7070,148,0
7071,41,1
7072,64,0
7073,18,0
7074,73,1
7075,45,0
7076,61,0
7077,101,0
7078,40,0
7079,24,0
7080,99,1
7081,75,1
7082,34,0
7083,48,0
7084,40,1
7085,37,1
7086,68,1
7087,46,1
7088,79,0
7089,39,1
7090,33,1
7091,41,1
7092,47,1
7093,52,0
7094,25,0
7095,37,1
7096,51,0
7097,45,1
7098,45,1
7099,40,0
7100,45,1
7101,39,1
7102,26,0
7103,56,1
7104,45,1
7105,173,1
7106,17,0
7107,90,0
7108,124,1
7109,84,1
7110,78,1
7111,57,0
7112,48,1
7113,47,1
7114,71,0
7115,135,0
7116,23,0
7117,59,1
7118,39,1
7119,54,1
7120,31,1
7121,96,0
7122,51,1
7123,15,0
7124,27,0
7125,40,1
7126,81,1
7127,40,0
7128,38,0
7129,51,1
7130,47,1
7131,48,1
7132,60,0
7133,42,0
7134,109,1
7135,123,0
7136,107,0
7137,51,0
7138,60,0
7139,36,1
7140,72,1
7141,70,1
7142,85,1
7143,74,1
7144,21,0
7145,45,0
7146,33,1
7147,73,1
7148,93,0
7149,75,0
7150,49,1
7151,48,1
7152,87,0
7153,72,0
7154,30,0
7155,63,1
7156,17,0
7157,54,1
7158,81,1
7159,56,0
7160,72,1
7161,62,1
7162,61,1
7163,41,0
7164,75,0
7165,75,1
7166,33,0
7167,64,1
7168,75,0
7169,76,0
7170,77,1
7171,53,1
7172,50,1
7173,46,1
7174,133,0
7175,200,0
7176,42,1
7177,200,0
7178,71,1
7179,22,1
7180,62,0
7181,34,0
7182,177,0
7183,35,0
7184,57,1
7185,67,1
7186,85,1
7187,56,0
7188,109,1
7189,49,1
7190,27,0
7191,52,0
7192,70,1
7193,13,0
7194,102,1
7195,102,1
7196,167,1
7197,126,0
7198,63,0
7199,38,1
7200,67,0
7201,34,1
7202,23,0
7203,83,1
7204,79,0
7205,80,0
7206,46,1
7207,64,1
7208,70,1
7209,32,1
7210,52,1
7211,19,0
7212,60,1
7213,110,1
7214,73,1
7215,62,1
7216,32,0
7217,66,0
7218,61,0
7219,19,0
7220,51,0
7221,121,0
7222,12,0
7223,110,1
7224,33,0
7225,80,0
7226,60,1
7227,63,1
7228,108,0
7229,82,1
7230,43,1
7231,195,0
7232,52,0
7233,56,0
7234,78,1
7235,82,1
7236,161,0
7237,19,0
7238,59,1
7239,200,0
7240,31,0
7241,131,0
7242,120,1
7243,12,0
7244,60,0
7245,143,0
7246,20,0
7247,150,0
7248,57,1
7249,27,0
7250,53,1
7251,21,0
7252,106,1
7253,54,0
7254,40,0
7255,31,1
7256,11,0
7257,28,0
7258,32,0
7259,55,0
7260,70,1
7261,28,1
7262,149,1
7263,50,1
7264,73,0
7265,83,1
7266,31,0
7267,89,1
7268,28,0
7269,76,1
7270,32,0
7271,74,1
7272,50,1
7273,17,0
7274,114,0
7275,52,0
7276,23,1
7277,167,1
7278,63,1
7279,200,0
7280,54,0
7281,52,0
7282,45,0
7283,111,0
7284,16,0
7285,41,0
7286,63,0
7287,48,1
7288,93,0
7289,75,0
7290,50,1
7291,61,0
7292,69,1
7293,46,0
7294,85,0
7295,40,1
7296,101,0
7297,51,0
7298,53,1
7299,61,1
7300,88,1
7301,21,0
7302,181,1
7303,55,1
7304,91,1
7305,58,1
7306,39,1
7307,126,1
7308,44,1
7309,35,1
7310,59,0
7311,47,1
7312,64,0
7313,35,1
7314,153,0
7315,81,1
7316,12,0
7317,85,1
7318,60,0
7319,42,0
7320,30,1
7321,85,0
7322,68,0
7323,56,1
7324,35,0
7325,35,0
7326,31,0
7327,29,0
7328,64,1
7329,59,1
7330,143,1
7331,38,0
7332,36,0
7333,112,0
7334,16,0
7335,58,1
7336,63,0
7337,58,1
7338,133,1
7339,97,0
7340,96,1
7341,33,0
7342,87,0
7343,46,0
7344,69,0
7345,25,1
7346,22,0
7347,75,1
7348,55,1
7349,66,0
7350,9,0
7351,89,1
7352,154,0
7353,101,1
7354,81,0
7355,143,0
7356,34,0
7357,55,0
7358,33,1
7359,63,0
7360,82,0
7361,15,0
7362,114,0
7363,55,0
7364,92,1
7365,39,1
7366,26,0
7367,111,1
7368,170,1
7369,103,1
7370,30,1
7371,38,1
7372,64,1
7373,45,1
7374,119,0
7375,62,0
7376,95,1
7377,94,0
7378,62,1
7379,113,1
7380,22,1
7381,148,0
7382,52,0
7383,80,1
7384,75,1
7385,77,1
7386,69,0
7387,92,0
7388,23,1
7389,32,1
7390,62,0
7391,60,1
7392,73,1
7393,63,0
7394,12,0
7395,46,0
7396,47,1
7397,50,1
7398,127,1
7399,90,1
7400,106,1
7401,80,1
7402,36,0
7403,53,1
7404,47,0
7405,103,1
7406,57,1
7407,41,0
7408,92,1
7409,100,1
7410,42,1
7411,35,1
7412,52,0
7413,37,1
7414,52,0
7415,17,0
7416,79,0
7417,26,1
7418,31,0
7419,63,1
7420,35,1
7421,100,1
7422,60,1
7423,34,0
7424,29,0
7425,35,1
7426,70,1
7427,37,1
7428,124,0
7429,26,1
7430,29,1
7431,113,1
7432,75,1
7433,14,0
7434,70,1
7435,83,0
7436,115,0
7437,70,1
7438,50,0
7439,23,0
7440,33,1
7441,65,1
7442,106,1
7443,80,1
7444,66,0
7445,25,1
7446,59,1
7447,32,1
7448,67,0
7449,36,1
7450,38,1
7451,37,0
7452,148,0
7453,148,1
7454,42,1
7455,75,1
7456,69,1
7457,37,1
7458,37,0
7459,66,1
7460,42,0
7461,97,1
7462,83,0
7463,59,0
7464,79,1
7465,62,0
7466,66,1
7467,101,1
7468,44,0
7469,58,1
7470,115,1
7471,93,1
7472,32,0
7473,11,0
7474,110,0
7475,75,1
7476,105,0
7477,49,1
7478,49,1
7479,49,1
7480,67,0
7481,181,1
7482,50,1
7483,69,1
7484,32,1
7485,42,0
7486,138,1
7487,40,0
7488,200,0
7489,22,0
7490,33,1
7491,53,0
7492,114,1
7493,41,1
7494,54,0
7495,47,1
7496,47,0
7497,34,1
7498,56,0
7499,131,0
7500,87,1
7501,33,0
7502,61,1
7503,24,0
7504,23,0
7505,36,1
7506,129,1
7507,90,0
7508,74,1
7509,33,0
7510,45,0
7511,59,1
7512,59,1
7513,31,1
7514,80,1
7515,15,0
7516,47,1
7517,44,0
7518,65,1
7519,82,1
7520,37,1
7521,107,0
7522,38,0
7523,57,1
7524,45,0
7525,41,0
7526,29,0
7527,87,0
7528,38,0
7529,42,0
7530,78,0
7531,41,0
7532,84,0
7533,52,1
7534,46,0
7535,43,1
7536,85,1
7537,62,1
7538,69,1
7539,25,0
7540,79,1
7541,117,0
7542,87,0
7543,79,0
7544,85,1
7545,54,1
7546,45,0
7547,46,1
7548,166,1
7549,65,1
7550,23,1
7551,37,0
7552,49,1
7553,96,0
7554,21,0
7555,97,0
7556,29,1
7557,118,1
7558,98,1
7559,107,1
7560,55,1
7561,61,0
7562,85,1
7563,43,1
7564,29,1
7565,50,1
7566,37,0
7567,31,0
7568,35,1
7569,41,0
7570,87,1
7571,68,1
7572,34,0
7573,83,1
7574,69,0
7575,31,1
7576,43,1
7577,78,1
7578,137,1
7579,31,0
7580,23,1
7581,82,1
7582,111,0
7583,17,0
7584,9,0
7585,106,0
7586,37,1
7587,64,0
7588,80,0
7589,37,1
7590,35,1
7591,30,1
7592,98,1
7593,66,1
7594,11,0
7595,50,1
7596,63,0
7597,117,0
7598,60,1
7599,73,1
7600,73,0
7601,87,1
7602,20,0
7603,89,0
7604,89,1
7605,45,1
7606,51,0
7607,45,1
7608,74,1
7609,43,0
7610,68,0
7611,62,1
7612,48,1
7613,71,1
7614,47,1
7615,59,0
7616,122,1
7617,48,1
7618,200,0
7619,97,0
7620,87,0
7621,38,1
7622,48,0
7623,58,1
7624,49,1
7625,17,0
7626,55,0
7627,62,1
7628,168,1
7629,37,1
7630,76,0
7631,51,1
7632,89,1
7633,41,0
7634,25,0
7635,73,1
7636,57,1
7637,127,1
7638,60,1
7639,91,0
7640,113,1
7641,54,1
7642,72,0
7643,100,1
7644,80,1
7645,112,0
7646,20,0
7647,56,1
7648,100,1
7649,75,1
7650,53,0
7651,39,1
7652,21,0
7653,200,0
7654,74,1
7655,102,0
7656,91,1
7657,71,0
7658,64,0
7659,128,1
7660,59,0
7661,80,0
7662,79,0
7663,72,0
7664,34,1
7665,19,0
7666,77,1
7667,45,1
7668,46,0
7669,33,0
7670,35,1
7671,53,0
7672,22,0
7673,55,1
7674,129,0
7675,88,1
7676,11,0
7677,13,0
7678,45,1
7679,122,1
7680,88,0
7681,185,1
7682,65,0
7683,34,1
7684,63,1
7685,122,0
7686,35,0
7687,72,1
7688,90,1
7689,33,0
7690,41,1
7691,19,0
7692,95,1
7693,45,0
7694,103,1
7695,55,0
7696,25,0
7697,92,1
7698,62,0
7699,31,0
7700,70,1
7701,26,1
7702,101,1
7703,38,0
7704,106,0
7705,93,0
7706,95,0
7707,59,1
7708,79,1
7709,48,1
7710,93,1
7711,91,0
7712,36,1
7713,69,1
7714,50,1
7715,35,0
7716,129,0
7717,65,0
7718,98,1
7719,63,0
7720,51,1
7721,115,0
7722,75,0
7723,97,1
7724,65,1
7725,53,0
7726,70,0
7727,58,0
7728,47,0
7729,96,0
7730,85,1
7731,136,1
7732,51,1
7733,187,1
7734,96,1
7735,27,1
7736,66,1
7737,67,0
7738,70,0
7739,52,1
7740,66,0
7741,57,1
7742,66,1
7743,77,0
7744,64,0
7745,23,0
7746,200,0
7747,61,1
7748,95,1
7749,60,1
7750,81,1
7751,53,1
7752,80,0
7753,13,0
7754,65,0
7755,123,1
7756,54,0
7757,64,0
7758,40,1
7759,44,1
7760,79,1
7761,76,1
7762,36,0
7763,54,1
7764,54,1
7765,104,1
7766,39,0
7767,92,1
7768,44,0
7769,30,1
7770,13,0
7771,46,0
7772,68,0
7773,39,0
7774,148,1
7775,45,0
7776,122,1
7777,32,1
7778,85,1
7779,99,0
7780,50,0
7781,59,1
7782,72,0
7783,45,1
7784,38,0
7785,70,1
7786,42,1
7787,62,1
7788,136,0
7789,11,0
7790,75,0
7791,29,1
7792,184,1
7793,78,1
7794,145,1
7795,148,0
7796,22,0
7797,36,1
7798,15,0
7799,74,0
7800,153,0
7801,92,1
7802,99,0
7803,37,1
7804,64,1
7805,58,1
7806,43,1
7807,34,1
7808,34,1
7809,102,0
7810,68,1
7811,49,0
7812,37,1
7813,49,0
7814,85,1
7815,147,0
7816,11,0
7817,26,1
7818,60,1
7819,69,1
7820,32,1
7821,29,1
7822,55,1
7823,12,0
7824,50,1
7825,58,0
7826,9,0
7827,19,0
7828,111,1
7829,56,0
7830,54,1
7831,47,1
7832,94,1
7833,43,1
7834,141,0
7835,38,0
7836,73,0
7837,141,1
7838,62,1
7839,32,0
7840,45,1
7841,199,1
7842,75,0
7843,64,1
7844,102,1
7845,74,1
7846,53,1
7847,172,1
7848,49,1
7849,41,1
7850,13,0
7851,50,0
7852,45,1
7853,97,0
7854,9,0
7855,57,1
7856,31,1
7857,35,1
7858,31,0
7859,179,0
7860,51,1
7861,112,1
7862,45,1
7863,100,0
7864,70,1
7865,59,0
7866,69,1
7867,60,1
7868,62,1
7869,75,0
7870,154,1
7871,106,0
7872,54,1
7873,48,1
7874,66,1
7875,60,1
7876,88,0
7877,75,1
7878,43,0
7879,24,0
7880,175,0
7881,96,1
7882,152,1
7883,62,1
7884,38,1
7885,46,1
7886,50,0
7887,95,0
7888,72,1
7889,71,0
7890,185,1
7891,26,0
7892,27,0
7893,38,1
7894,28,1
7895,33,1
7896,39,0
7897,53,1
7898,59,1
7899,40,0
7900,50,1
7901,69,0
7902,63,0
7903,60,1
7904,127,1
7905,134,0
7906,52,0
7907,36,1
7908,51,0
7909,27,1
7910,54,0
7911,18,0
7912,57,1
7913,200,0
7914,45,0
7915,57,1
7916,133,1
7917,106,1
7918,14,0
7919,48,1
7920,170,1
7921,128,0
7922,72,1
7923,57,0
7924,33,1
7925,36,1
7926,104,0
7927,57,0
7928,10,0
7929,33,1
7930,61,1
7931,66,1
7932,78,1
7933,38,1
7934,57,0
7935,75,1
7936,45,1
7937,53,1
7938,53,0
7939,99,1
7940,31,1
7941,39,1
7942,52,1
7943,100,1
7944,27,0
7945,33,0
7946,17,0
7947,43,0
7948,90,1
7949,51,1
7950,59,1
7951,72,1
7952,61,0
7953,146,0
7954,71,1
7955,44,0
7956,26,1
7957,48,1
7958,19,0
7959,47,1
7960,74,1
7961,50,0
7962,45,1
7963,41,0
7964,159,1
7965,34,1
7966,61,1
7967,116,1
7968,87,0
7969,134,0
7970,27,1
7971,134,0
7972,161,1
7973,55,0
7974,37,1
7975,80,0
7976,21,0
7977,13,0
7978,32,1
7979,30,0
7980,33,1
7981,62,1
7982,50,0
7983,18,0
7984,79,1
7985,130,0
7986,81,1
7987,60,0
7988,67,1
7989,52,1
7990,100,1
7991,37,0
7992,71,1
7993,19,1
7994,79,0
7995,58,1
7996,28,1
7997,44,1
7998,44,0
7999,34,0
8000,7,0
8001,71,0
8002,93,0
8003,34,1
8004,21,0
8005,58,0
8006,75,0
8007,51,0
8008,48,1
8009,94,1
8010,40,0
8011,140,1
8012,40,1
8013,76,1
8014,79,0
8015,55,1
8016,75,0
8017,35,1
8018,48,0
8019,70,0
8020,65,0
8021,47,1
8022,74,0
8023,34,0
8024,104,0
8025,59,0
8026,58,1
8027,179,0
8028,77,1
8029,154,1
8030,57,1
8031,71,1
8032,71,1
8033,113,0
8034,61,1
8035,59,0
8036,200,0
8037,36,1
8038,25,0
8039,78,1
8040,49,0
8041,146,0
8042,29,1
8043,39,1
8044,70,1
8045,43,1
8046,28,1
8047,49,1
8048,17,0
8049,58,1
8050,62,0
8051,193,1
8052,49,0
8053,9,0
8054,46,0
8055,121,0
8056,17,0
8057,66,1
8058,49,1
8059,49,0
8060,56,0
8061,180,1
8062,60,1
8063,40,1
8064,33,1
8065,140,0
8066,56,1
8067,74,0
8068,60,0
8069,38,0
8070,43,1
8071,74,1
8072,62,0
8073,61,1
8074,51,1
8075,108,0
8076,80,1
8077,46,0
8078,92,1
8079,15,0
8080,37,0
8081,68,0
8082,70,1
8083,48,1
8084,98,0
8085,73,1
8086,135,1
8087,21,0
8088,68,0
8089,28,0
8090,66,0
8091,32,0
8092,30,1
8093,67,0
8094,58,1
8095,25,1
8096,140,1
8097,26,0
8098,60,0
8099,61,0
8100,8,0
8101,44,0
8102,23,0
8103,37,0
8104,54,0
8105,105,1
8106,15,0
8107,74,1
8108,167,1
8109,18,0
8110,149,0
8111,49,0
8112,55,1
8113,65,1
8114,52,0
8115,77,1
8116,67,0
8117,43,1
8118,67,1
8119,33,0
8120,44,1
8121,47,0
8122,62,0
8123,30,0
8124,53,0
8125,58,0
8126,33,0
8127,48,1
8128,75,1
8129,19,0
8130,140,0
8131,200,0
8132,63,0
8133,25,1
8134,39,0
8135,73,1
8136,73,1
8137,29,1
8138,77,0
8139,76,0
8140,29,0
8141,58,1
8142,38,0
8143,83,0
8144,63,0
8145,24,0
8146,55,1
8147,42,0
8148,36,0
8149,46,1
8150,15,0
8151,24,0
8152,65,0
8153,67,1
8154,74,1
8155,77,1
8156,49,1
8157,46,0
8158,80,1
8159,46,0
8160,44,0
8161,200,0
8162,20,1
8163,15,0
8164,126,1
8165,68,1
8166,141,0
8167,82,0
8168,47,1
8169,9,0
8170,55,1
8171,52,0
8172,73,1
8173,77,1
8174,62,1
8175,53,1
8176,78,0
8177,15,0
8178,50,1
8179,98,0
8180,26,1
8181,52,1
8182,84,1
8183,22,0
8184,58,1
8185,66,1
8186,53,0
8187,64,1
8188,89,1
8189,13,0
8190,51,1
8191,141,1
8192,35,1
8193,135,1
8194,56,0
8195,36,1
8196,13,0
8197,102,1
8198,62,0
8199,50,1
8200,87,1
8201,31,1
8202,32,1
8203,33,1
8204,50,1
8205,90,0
8206,8,0
8207,33,1
8208,17,0
8209,39,0
8210,30,0
8211,124,1
8212,36,1
8213,11,0
8214,37,0
8215,51,0
8216,27,0
8217,127,1
8218,69,0
8219,50,0
8220,52,1
8221,91,0
8222,41,1
8223,42,1
8224,168,1
8225,30,0
8226,59,0
8227,27,0
8228,49,1
8229,47,1
8230,200,0
8231,117,0
8232,44,0
8233,68,1
8234,68,1
8235,37,1
8236,92,1
8237,37,1
8238,44,0
8239,124,0
8240,41,1
8241,53,1
8242,40,1
8243,107,1
8244,82,1
8245,68,0
8246,50,0
8247,125,1
8248,31,1
8249,60,0
8250,32,0
8251,58,1
8252,58,0
8253,30,1
8254,137,1
8255,68,1
8256,47,0
8257,87,1
8258,91,1
8259,37,1
8260,36,0
8261,39,0
8262,83,1
8263,51,1
8264,101,0
8265,46,1
8266,30,1
8267,52,1
8268,134,1
8269,60,0
8270,51,0
8271,72,0
8272,75,0
8273,71,1
8274,55,1
8275,47,1
8276,93,1
8277,72,1
8278,29,1
8279,62,0
8280,16,0
8281,32,0
8282,43,1
8283,69,0
8284,74,1
8285,58,0
8286,83,0
8287,95,1
8288,55,1
8289,34,0
8290,35,1
8291,38,0
8292,37,1
8293,93,1
8294,63,1
8295,91,0
8296,36,0
8297,37,1
8298,116,1
8299,61,1
8300,73,1
8301,47,1
8302,19,0
8303,79,1
8304,27,1
8305,81,1
8306,37,0
8307,156,0
8308,83,1
8309,36,1
8310,62,0
8311,49,1
8312,60,1
8313,12,0
8314,21,0
8315,39,1
8316,90,1
8317,80,0
8318,91,0
8319,55,1
8320,39,1
8321,94,1
8322,100,1
8323,56,1
8324,9,0
8325,36,1
8326,62,0
8327,67,0
8328,57,1
8329,36,1
8330,16,0
8331,82,1
8332,56,1
8333,40,1
8334,107,0
8335,96,0
8336,97,0
8337,196,1
8338,58,0
8339,105,1
8340,47,1
8341,62,0
8342,148,0
8343,34,0
8344,59,1
8345,29,0
8346,102,0
8347,62,1
8348,31,0
8349,47,0
8350,29,1
8351,146,0
8352,92,1
8353,57,0
8354,9,0
8355,43,1
8356,91,0
8357,56,0
8358,30,0
8359,118,1
8360,33,0
8361,51,1
8362,89,1
8363,200,0
8364,19,0
8365,90,0
8366,33,0
8367,75,1
8368,96,0
8369,106,0
8370,29,0
8371,88,1
8372,62,1
8373,118,1
8374,60,1
8375,36,1
8376,80,1
8377,163,0
8378,52,1
8379,100,0
8380,37,1
8381,115,1
8382,91,1
8383,92,1
8384,46,1
8385,53,0
8386,77,1
8387,33,1
8388,102,0
8389,45,1
8390,36,0
8391,41,0
8392,52,1
8393,156,0
8394,27,0
8395,61,1
8396,31,0
8397,54,0
8398,38,1
8399,85,1
8400,53,1
8401,94,0
8402,15,0
8403,71,0
8404,57,0
8405,46,1
8406,98,1
8407,37,0
8408,67,1
8409,76,0
8410,45,0
8411,32,1
8412,89,1
8413,62,1
8414,25,0
8415,53,0
8416,25,1
8417,35,0
8418,57,1
8419,23,1
8420,81,1
8421,66,0
8422,82,1
8423,37,1
8424,91,1
8425,62,1
8426,78,0
8427,11,0
8428,86,1
8429,48,0
8430,51,1
8431,38,0
8432,48,1
8433,18,1
8434,69,0
8435,134,1
8436,30,0
8437,90,1
8438,46,1
8439,171,0
8440,115,0
8441,41,1
8442,66,0
8443,114,1
8444,91,1
8445,27,1
8446,66,0
8447,86,1
8448,45,0
8449,79,0
8450,70,1
8451,38,0
8452,81,1
8453,103,0
8454,198,0
8455,80,0
8456,37,1
8457,30,0
8458,58,1
8459,46,1
8460,95,1
8461,40,0
8462,49,1
8463,53,1
8464,49,0
8465,63,0
8466,49,0
8467,68,0
8468,54,0
8469,75,1
8470,67,0
8471,99,1
8472,21,0
8473,127,1
8474,99,1
8475,15,0
8476,103,1
8477,125,1
8478,63,1
8479,32,0
8480,74,0
8481,30,0
8482,15,0
8483,61,0
8484,15,0
8485,85,0
8486,76,1
8487,54,1
8488,54,0
8489,15,0
8490,18,0
8491,61,1
8492,103,0
8493,42,1
8494,63,1
8495,38,0
8496,28,0
8497,37,1
8498,74,0
8499,73,1
8500,51,1
8501,17,0
8502,25,0
8503,91,1
8504,38,1
8505,32,0
8506,7,0
8507,28,0
8508,59,0
8509,52,0
8510,74,0
8511,100,1
8512,10,0
8513,91,1
8514,96,0
8515,65,1
8516,101,0
8517,63,0
8518,113,1
8519,50,0
8520,69,1
8521,107,1
8522,48,0
8523,77,0
8524,63,1
8525,40,1
8526,53,0
8527,58,1
8528,56,1
8529,117,1
8530,25,0
8531,71,1
8532,33,0
8533,29,1
8534,139,1
8535,13,0
8536,53,1
8537,38,0
8538,18,0
8539,69,0
8540,29,1
8541,153,0
8542,24,0
8543,169,0
8544,38,1
8545,19,0
8546,75,0
8547,112,1
8548,23,0
8549,64,0
8550,34,0
8551,41,0
8552,40,0
8553,58,0
8554,20,0
8555,63,1
8556,53,1
8557,93,0
8558,52,1
8559,34,1
8560,55,1
8561,14,0
8562,32,1
8563,16,0
8564,33,1
8565,105,0
8566,45,1
8567,39,0
8568,40,1
8569,14,0
8570,68,1
8571,87,1
8572,41,1
8573,80,0
8574,112,1
8575,115,1
8576,42,1
8577,20,0
8578,14,0
8579,47,1
8580,191,1
8581,59,1
8582,107,0
8583,95,0
8584,49,0
8585,28,0
8586,105,1
8587,44,1
8588,65,0
8589,107,0
8590,79,0
8591,27,0
8592,69,0
8593,151,1
8594,21,0
8595,75,1
8596,64,1
8597,45,1
8598,70,0
8599,70,1
8600,200,0
8601,16,0
8602,27,0
8603,86,1
8604,93,1
8605,51,1
8606,64,1
8607,66,0
8608,54,1
8609,77,0
8610,86,1
8611,19,0
8612,74,1
8613,52,0
8614,51,1
8615,38,1
8616,45,0
8617,74,1
8618,62,1
8619,15,0
8620,104,1
8621,53,1
8622,35,0
8623,69,1
8624,43,1
8625,183,1
8626,106,0
8627,17,1
8628,45,1
8629,64,1
8630,29,1
8631,89,1
8632,33,0
8633,87,1
8634,15,0
8635,39,1
8636,69,0
8637,47,0
8638,38,1
8639,57,0
8640,24,1
8641,87,0
8642,24,0
8643,49,1
8644,58,0
8645,15,0
8646,59,1
8647,29,0
8648,30,0
8649,63,0
8650,94,1
8651,65,1
8652,62,1
8653,17,0
8654,33,0
8655,41,0
8656,200,0
8657,20,0
8658,39,1
8659,16,0
8660,124,1
8661,57,0
8662,106,1
8663,37,1
8664,16,0
8665,74,0
8666,30,1
8667,65,1
8668,74,1
8669,40,0
8670,50,1
8671,15,0
8672,36,1
8673,115,1
8674,74,1
8675,56,1
8676,84,1
8677,29,1
8678,38,1
8679,58,0
8680,48,0
8681,36,1
8682,54,1
8683,105,1
8684,65,0
8685,106,1
8686,118,0
8687,25,0
8688,18,0
8689,44,0
8690,84,0
8691,98,1
8692,35,0
8693,94,1
8694,57,0
8695,66,1
8696,17,0
8697,92,1
8698,12,0
8699,10,0
8700,90,1
8701,42,1
8702,115,1
8703,81,1
8704,45,1
8705,32,0
8706,23,0
8707,65,0
8708,15,0
8709,200,0
8710,59,1
8711,147,1
8712,46,0
8713,53,1
8714,137,0
8715,27,0
8716,46,1
8717,41,0
8718,62,1
8719,44,1
8720,24,0
8721,81,1
8722,39,1
8723,68,0
8724,168,1
8725,42,1
8726,82,0
8727,66,0
8728,88,1
8729,36,1
8730,125,1
8731,75,1
8732,83,0
8733,63,1
8734,57,1
8735,16,0
8736,58,0
8737,42,0
8738,68,1
8739,126,1
8740,21,0
8741,50,1
8742,42,0
8743,44,1
8744,51,1
8745,71,0
8746,29,0
8747,78,0
8748,42,1
8749,61,0
8750,20,0
8751,39,0
8752,75,0
8753,44,1
8754,73,1
8755,108,1
8756,96,0
8757,19,0
8758,39,0
8759,63,1
8760,98,0
8761,36,0
8762,62,0
8763,27,0
8764,34,0
8765,79,1
8766,89,1
8767,56,0
8768,51,1
8769,138,1
8770,99,0
8771,41,0
8772,40,1
8773,82,0
8774,77,0
8775,78,1
8776,33,0
8777,58,0
8778,43,1
8779,92,1
8780,66,0
8781,19,0
8782,121,0
8783,89,0
8784,194,0
8785,60,0
8786,127,1
8787,92,0
8788,48,0
8789,97,1
8790,114,0
8791,18,0
8792,74,0
8793,87,0
8794,52,1
8795,66,1
8796,28,0
8797,64,0
8798,115,1
8799,124,1
8800,38,0
8801,38,1
8802,58,1
8803,66,0
8804,70,1
8805,42,1
8806,58,0
8807,28,0
8808,23,0
8809,46,1
8810,49,0
8811,122,0
8812,42,0
8813,53,1
8814,56,1
8815,54,1
8816,62,0
8817,40,1
8818,59,0
8819,12,0
8820,50,1
8821,31,1
8822,37,1
8823,12,0
8824,174,0
8825,87,1
8826,71,0
8827,57,1
8828,99,1
8829,31,1
8830,35,1
8831,26,0
8832,44,0
8833,113,0
8834,22,1
8835,43,1
8836,67,0
8837,69,0
8838,64,1
8839,177,0
8840,94,1
8841,91,1
8842,19,0
8843,57,1
8844,52,1
8845,52,1
8846,37,1
8847,40,1
8848,53,1
8849,130,0
8850,109,1
8851,57,1
8852,73,0
8853,150,1
8854,71,0
8855,47,1
8856,39,0
8857,35,0
8858,58,1
8859,56,0
8860,91,1
8861,45,1
8862,33,1
8863,32,0
8864,52,0
8865,60,0
8866,59,1
8867,68,0
8868,40,1
8869,27,0
8870,142,1
8871,88,1
8872,24,0
8873,83,1
8874,39,1
8875,76,1
8876,48,0
8877,45,0
8878,38,0
8879,20,0
8880,58,0
8881,86,0
8882,35,0
8883,31,0
8884,39,1
8885,63,1
8886,45,1
8887,17,0
8888,67,0
8889,119,1
8890,61,1
8891,197,0
8892,39,0
8893,34,1
8894,164,0
8895,63,1
8896,53,0
8897,48,0
8898,60,1
8899,39,1
8900,55,0
8901,37,1
8902,43,1
8903,37,0
8904,54,1
8905,63,1
8906,46,0
8907,40,1
8908,68,1
8909,55,1
8910,105,1
8911,25,1
8912,7,0
8913,31,0
8914,175,0
8915,36,1
8916,29,1
8917,84,1
8918,47,1
8919,34,1
8920,40,0
8921,44,0
8922,46,0
8923,75,1
8924,139,1
8925,36,1
8926,66,1
8927,80,0
8928,51,1
8929,69,0
8930,28,1
8931,67,0
8932,62,0
8933,13,0
8934,101,1
8935,66,0
8936,23,0
8937,110,1
8938,62,0
8939,29,1
8940,13,0
8941,42,1
8942,114,0
8943,78,1
8944,23,0
8945,54,1
8946,57,0
8947,166,0
8948,40,1
8949,108,1
8950,62,1
8951,58,1
8952,103,1
8953,18,0
8954,106,1
8955,71,1
8956,54,1
8957,33,1
8958,17,0
8959,18,0
8960,65,1
8961,176,1
8962,48,0
8963,32,0
8964,56,1
8965,200,0
8966,141,1
8967,55,1
8968,38,1
8969,25,0
8970,78,1
8971,64,0
8972,49,1
8973,29,1
8974,52,1
8975,28,0
8976,37,1
8977,13,0
8978,19,0
8979,111,1
8980,89,1
8981,49,1
8982,59,0
8983,27,0
8984,87,0
8985,42,1
8986,38,0
8987,105,1
8988,54,0
8989,17,0
8990,65,1
8991,86,0
8992,55,1
8993,65,0
8994,23,1
8995,53,1
8996,37,0
8997,62,0
8998,43,1
8999,22,0
9000,39,0
9001,57,1
9002,92,1
9003,31,1
9004,10,0
9005,16,0
9006,17,0
9007,143,0
9008,55,1
9009,33,0
9010,116,0
9011,31,0
9012,53,1
9013,92,1
9014,63,0
9015,10,0
9016,34,1
9017,56,1
9018,54,1
9019,83,0
9020,55,0
9021,64,0
9022,34,1
9023,58,1
9024,95,0
9025,68,0
9026,54,1
9027,31,1
9028,94,0
9029,52,1
9030,44,1
9031,181,1
9032,59,1
9033,67,1
9034,53,1
9035,30,0
9036,24,1
9037,39,1
9038,65,1
9039,79,0
9040,44,1
9041,41,1
9042,59,1
9043,61,1
9044,64,0
9045,32,0
9046,40,0
9047,49,1
9048,26,0
9049,57,1
9050,94,1
9051,36,0
9052,74,1
9053,46,1
9054,27,1
9055,28,0
9056,38,1
9057,42,0
9058,34,1
9059,61,0
9060,30,1
9061,37,1
9062,76,1
9063,92,0
9064,88,1
9065,104,0
9066,58,1
9067,7,0
9068,112,0
9069,44,0
9070,143,0
9071,70,1
9072,35,0
9073,22,0
9074,68,0
9075,137,1
9076,28,1
9077,84,1
9078,43,1
9079,46,1
9080,200,0
9081,14,0
9082,24,1
9083,69,1
9084,96,1
9085,44,1
9086,64,1
9087,57,1
9088,150,1
9089,117,1
9090,46,1
9091,110,1
9092,43,0
9093,112,1
9094,46,0
9095,36,1
9096,163,1
9097,126,1
9098,86,1
9099,18,0
9100,65,1
9101,83,0
9102,31,1
9103,103,1
9104,58,1
9105,50,1
9106,62,0
9107,29,0
9108,57,0
9109,107,0
9110,136,1
9111,58,1
9112,58,1
9113,85,1
9114,65,0
9115,46,0
9116,111,0
9117,55,1
9118,66,1
9119,31,1
9120,78,0
9121,72,0
9122,60,1
9123,12,0
9124,39,1
9125,39,1
9126,168,1
9127,26,1
9128,57,1
9129,88,1
9130,81,1
9131,39,0
9132,100,1
9133,71,0
9134,69,0
9135,11,0
9136,13,0
9137,17,0
9138,31,1
9139,68,1
9140,120,0
9141,30,0
9142,200,0
9143,46,0
9144,63,1
9145,33,1
9146,61,1
9147,83,1
9148,59,0
9149,23,0
9150,54,1
9151,73,0
9152,93,1
9153,129,1
9154,68,1
9155,52,1
9156,27,0
9157,56,0
9158,13,0
9159,11,0
9160,34,1
9161,74,1
9162,76,0
9163,20,1
9164,110,1
9165,46,0
9166,100,1
9167,34,0
9168,21,0
9169,47,0
9170,40,1
9171,45,0
9172,128,0
9173,34,1
9174,45,1
9175,134,1
9176,33,0
9177,76,0
9178,19,0
9179,29,1
9180,101,1
9181,8,0
9182,65,1
9183,87,1
9184,92,1
9185,38,0
9186,48,0
9187,34,1
9188,23,0
9189,100,0
9190,76,0
9191,55,0
9192,70,1
9193,70,1
9194,47,0
9195,173,1
9196,127,0
9197,54,1
9198,20,0
9199,22,0
9200,59,1
9201,57,1
9202,62,1
9203,71,1
9204,95,1
9205,67,0
9206,27,1
9207,54,1
9208,58,0
9209,42,1
9210,85,0
9211,60,0
9212,62,1
9213,73,1
9214,29,1
9215,90,0
9216,28,0
9217,80,1
9218,65,1
9219,41,0
9220,81,1
9221,48,0
9222,181,0
9223,42,0
9224,90,1
9225,37,1
9226,53,0
9227,80,1
9228,42,0
9229,47,1
9230,55,0
9231,50,1
9232,52,1
9233,56,1
9234,7,0
9235,38,0
9236,85,1
9237,57,0
9238,14,0
9239,64,1
9240,64,1
9241,60,1
9242,84,1
9243,34,1
9244,91,1
9245,88,1
9246,60,0
9247,63,0
9248,27,1
9249,61,1
9250,21,0
9251,88,0
9252,29,1
9253,42,1
9254,142,1
9255,57,1
9256,45,1
9257,28,1
9258,25,0
9259,162,0
9260,58,1
9261,95,1
9262,91,0
9263,84,1
9264,42,0
9265,86,0
9266,61,1
9267,58,0
9268,59,1
9269,49,0
9270,53,1
9271,27,1
9272,15,0
9273,36,0
9274,52,1
9275,61,0
9276,36,0
9277,13,0
9278,38,1
9279,99,1
9280,121,1
9281,53,1
9282,35,1
9283,93,1
9284,51,1
9285,71,1
9286,89,1
9287,41,1
9288,40,1
9289,60,0
9290,90,1
9291,58,0
9292,65,1
9293,35,0
9294,54,0
9295,28,1
9296,105,1
9297,35,1
9298,50,0
9299,121,0
9300,157,1
9301,40,1
9302,41,1
9303,45,0
9304,70,0
9305,41,1
9306,111,0
9307,105,1
9308,67,1
9309,33,1
9310,56,1
9311,170,1
9312,54,0
9313,61,0
9314,61,0
9315,35,1
9316,31,1
9317,49,1
9318,14,0
9319,81,0
9320,18,1
9321,48,0
9322,33,0
9323,118,1
9324,180,0
9325,180,1
9326,74,1
9327,38,1
9328,69,0
9329,22,0
9330,72,0
9331,44,1
9332,79,0
9333,75,1
9334,49,1
9335,77,1
9336,62,0
9337,15,0
9338,65,1
9339,50,1
9340,32,1
9341,69,1
9342,43,1
9343,68,0
9344,46,0
9345,37,1
9346,20,0
9347,91,0
9348,54,0
9349,75,1
9350,87,1
9351,66,1
9352,200,0
9353,48,0
9354,35,1
9355,45,1
9356,55,1
9357,101,1
9358,57,1
9359,35,0
9360,124,0
9361,124,0
9362,48,1
9363,111,0
9364,74,1
9365,45,1
9366,30,0
9367,55,1
9368,48,0
9369,152,0
9370,31,0
9371,42,0
9372,47,1
9373,39,0
9374,65,0
9375,49,1
9376,18,0
9377,45,1
9378,28,0
9379,150,1
9380,106,1
9381,126,1
9382,30,0
9383,135,0
9384,88,1
9385,47,0
9386,190,0
9387,64,0
9388,88,1
9389,103,1
9390,70,0
9391,61,0
9392,169,0
9393,60,0
9394,55,1
9395,63,1
9396,157,1
9397,69,0
9398,94,1
9399,83,1
9400,58,0
9401,108,0
9402,87,0
9403,50,1
9404,74,0
9405,33,0
9406,94,0
9407,106,1
9408,50,1
9409,23,1
9410,32,0
9411,121,1
9412,107,1
9413,37,0
9414,28,0
9415,108,1
9416,92,1
9417,64,1
9418,85,1
9419,24,0
9420,39,0
9421,17,0
9422,14,0
9423,49,1
9424,36,1
9425,33,1
9426,84,0
9427,92,0
9428,126,0
9429,65,0
9430,45,0
9431,20,0
9432,67,0
9433,77,1
9434,45,0
9435,48,0
9436,75,1
9437,58,1
9438,103,1
9439,85,0
9440,107,1
9441,75,0
9442,53,0
9443,23,0
9444,35,0
9445,60,0
9446,63,0
9447,40,1
9448,42,1
9449,89,1
9450,82,1
9451,71,1
9452,14,0
9453,74,1
9454,32,0
9455,19,0
9456,66,1
9457,56,1
9458,73,0
9459,46,0
9460,80,1
9461,53,1
9462,22,0
9463,25,1
9464,37,0
9465,11,0
9466,11,0
9467,57,1
9468,103,0
9469,56,0
9470,55,1
9471,55,1
9472,49,1
9473,16,0
9474,66,1
9475,21,0
9476,42,1
9477,61,1
9478,103,0
9479,49,0
9480,77,1
9481,70,0
9482,114,1
9483,90,0
9484,60,1
9485,49,0
9486,52,1
9487,139,1
9488,30,0
9489,63,1
9490,69,0
9491,43,0
9492,12,0
9493,11,0
9494,37,1
9495,106,1
9496,78,0
9497,78,1
9498,99,1
9499,39,0
9500,20,1
9501,42,0
9502,13,0
9503,17,0
9504,134,1
9505,91,0
9506,83,1
9507,58,1
9508,23,0
9509,40,1
9510,112,0
9511,44,1
9512,65,0
9513,13,0
9514,71,1
9515,26,0
9516,31,0
9517,115,1
9518,34,0
9519,43,1
9520,105,1
9521,56,0
9522,100,0
9523,41,0
9524,36,0
9525,43,0
9526,14,0
9527,35,0
9528,80,0
9529,130,1
9530,63,0
9531,23,0
9532,35,1
9533,126,0
9534,44,0
9535,32,1
9536,28,0
9537,80,0
9538,52,0
9539,138,0
9540,86,1
9541,150,0
9542,169,0
9543,65,1
9544,57,1
9545,43,1
9546,19,0
9547,7,0
9548,52,0
9549,37,1
9550,58,0
9551,94,0
9552,89,0
9553,45,0
9554,64,1
9555,70,1
9556,52,0
9557,96,1
9558,19,0
9559,49,0
9560,81,1
9561,66,1
9562,37,0
9563,55,1
9564,44,1
9565,57,0
9566,18,0
9567,129,1
9568,49,1
9569,37,1
9570,36,1
9571,44,1
9572,7,0
9573,91,0
9574,27,0
9575,47,0
9576,133,1
9577,48,0
9578,112,0
9579,50,1
9580,49,0
9581,73,1
9582,67,1
9583,12,0
9584,77,1
9585,37,0
9586,46,1
9587,88,0
9588,22,0
9589,31,0
9590,65,1
9591,54,0
9592,23,0
9593,75,1
9594,58,0
9595,121,1
9596,124,0
9597,139,1
9598,44,0
9599,15,0
9600,59,0
9601,68,0
9602,101,0
9603,31,0
9604,48,0
9605,25,1
9606,59,1
9607,55,1
9608,30,1
9609,57,1
9610,55,1
9611,21,0
9612,84,1
9613,51,1
9614,200,0
9615,38,0
9616,51,0
9617,92,1
9618,95,0
9619,102,1
9620,85,0
9621,133,0
9622,65,0
9623,73,1
9624,42,1
9625,11,0
9626,168,0
9627,44,1
9628,44,0
9629,58,0
9630,47,0
9631,64,1
9632,111,0
9633,31,0
9634,104,1
9635,26,1
9636,51,0
9637,30,0
9638,58,0
9639,114,0
9640,79,1
9641,35,1
9642,21,0
9643,95,1
9644,35,1
9645,31,0
9646,100,0
9647,51,0
9648,43,1
9649,20,0
9650,41,1
9651,53,1
9652,70,1
9653,12,0
9654,51,1
9655,55,0
9656,23,0
9657,72,1
9658,62,1
9659,20,0
9660,140,1
9661,71,1
9662,103,1
9663,65,0
9664,131,1
9665,29,1
9666,88,1
9667,22,0
9668,22,1
9669,142,1
9670,47,1
9671,15,0
9672,62,0
9673,116,0
9674,59,0
9675,60,1
9676,46,1
9677,61,0
9678,30,0
9679,43,1
9680,125,0
9681,74,0
9682,38,1
9683,138,0
9684,81,1
9685,81,0
9686,94,0
9687,62,0
9688,11,0
9689,69,0
9690,56,1
9691,46,1
9692,35,1
9693,109,0
9694,76,0
9695,41,0
9696,36,1
9697,36,1
9698,37,1
9699,40,1
9700,81,0
9701,79,0
9702,50,1
9703,116,1
9704,79,1
9705,72,1
9706,50,0
9707,60,1
9708,62,1
9709,54,0
9710,38,1
9711,43,0
9712,131,1
9713,102,0
9714,64,0
9715,34,1
9716,64,1
9717,126,1
9718,45,1
9719,43,1
9720,42,0
9721,87,0
9722,34,1
9723,79,0
9724,59,0
9725,109,1
9726,107,1
9727,62,1
9728,82,0
9729,85,1
9730,134,1
9731,110,0
9732,15,0
9733,70,0
9734,36,0
9735,135,1
9736,34,1
9737,47,0
9738,67,0
9739,95,1
9740,79,1
9741,10,0
9742,69,1
9743,89,0
9744,45,1
9745,129,1
9746,64,0
9747,43,1
9748,108,0
9749,50,0
9750,132,1
9751,118,1
9752,83,0
9753,29,1
9754,101,1
9755,55,0
9756,29,0
9757,97,1
9758,80,1
9759,49,1
9760,59,0
9761,195,0
9762,98,0
9763,60,1
9764,55,0
9765,126,0
9766,121,0
9767,171,1
9768,83,0
9769,37,1
9770,45,0
9771,50,1
9772,39,0
9773,44,1
9774,67,1
9775,34,1
9776,48,1
9777,72,1
9778,32,1
9779,79,1
9780,46,0
9781,95,0
9782,48,0
9783,34,0
9784,149,1
9785,79,0
9786,72,1
9787,114,0
9788,113,1
9789,90,0
9790,64,0
9791,59,1
9792,45,1
9793,97,1
9794,16,0
9795,38,1
9796,61,0
9797,98,1
9798,71,0
9799,60,0
9800,23,0
9801,81,0
9802,161,1
9803,42,0
9804,108,0
9805,30,1
9806,35,0
9807,76,1
9808,34,0
9809,41,0
9810,90,0
9811,49,0
9812,200,0
9813,198,1
9814,60,1
9815,19,0
9816,99,0
9817,61,0
9818,36,0
9819,105,1
9820,85,1
9821,53,1
9822,34,1
9823,32,1
9824,56,1
9825,46,1
9826,200,0
9827,83,1
9828,49,1
9829,76,1
9830,35,0
9831,57,0
9832,147,0
9833,89,1
9834,76,1
9835,119,1
9836,34,0
9837,72,1
9838,82,1
9839,39,0
9840,56,0
9841,130,1
9842,25,0
9843,69,0
9844,39,1
9845,99,1
9846,47,0
9847,73,1
9848,31,1
9849,71,0
9850,42,1
9851,104,0
9852,81,1
9853,46,1
9854,65,0
9855,38,1
9856,73,1
9857,48,1
9858,16,0
9859,39,1
9860,12,0
9861,125,1
9862,68,1
9863,87,1
9864,39,1
9865,74,1
9866,43,1
9867,38,0
9868,71,1
9869,39,1
9870,62,0
9871,31,1
9872,28,1
9873,98,1
9874,38,1
9875,67,0
9876,72,1
9877,66,0
9878,90,0
9879,60,1
9880,95,1
9881,52,1
9882,129,1
9883,50,1
9884,42,1
9885,52,1
9886,43,1
9887,19,0
9888,63,0
9889,38,1
9890,49,0
9891,62,0
9892,181,0
9893,81,1
9894,69,0
9895,171,1
9896,71,1
9897,9,0
9898,80,0
9899,110,1
9900,24,0
9901,54,1
9902,117,1
9903,58,1
9904,132,0
9905,84,0
9906,37,1
9907,38,1
9908,69,1
9909,172,1
9910,53,1
9911,55,1
9912,40,1
9913,55,1
9914,47,0
9915,166,0
9916,22,0
9917,52,0
9918,85,0
9919,45,0
9920,31,1
9921,123,1
9922,58,0
9923,107,1
9924,42,1
9925,40,0
9926,33,0
9927,46,1
9928,58,0
9929,38,1
9930,69,0
9931,200,0
9932,60,0
9933,103,1
9934,37,0
9935,44,1
9936,15,0
9937,17,1
9938,14,0
9939,105,1
9940,47,1
9941,67,0
9942,67,1
9943,58,1
9944,41,0
9945,80,1
9946,90,0
9947,97,1
9948,58,0
9949,62,1
9950,50,0
9951,32,0
9952,38,0
9953,51,1
9954,57,1
9955,46,0
9956,45,0
9957,144,1
9958,31,1
9959,60,0
9960,49,0
9961,37,1
9962,56,0
9963,37,1
9964,177,0
9965,49,1
9966,47,1
9967,48,1
9968,66,0
9969,74,0
9970,52,0
9971,34,0
9972,72,0
9973,38,1
9974,40,1
9975,102,1
9976,95,0
9977,73,1
9978,47,0
9979,123,1
9980,34,1
9981,19,0
9982,77,1
9983,42,0
9984,68,1
9985,41,0
9986,51,1
9987,116,0
9988,78,0
9989,26,0
9990,82,0
9991,115,1
9992,58,1
9993,134,1
9994,77,0
9995,57,1
9996,117,1
9997,19,0
9998,91,0
9999,178,1
