episode,steps,reward
0,54,0
1,11,0
2,53,0
3,21,0
4,32,0
5,121,0
6,21,0
7,35,0
8,9,0
9,30,0
10,8,0
11,23,0
12,66,0
13,63,0
14,53,0
15,18,0
16,17,0
17,18,0
18,52,0
19,9,0
20,10,0
21,104,0
22,24,0
23,35,0
24,33,0
25,22,0
26,57,0
27,32,0
28,8,0
29,15,0
30,33,0
31,29,0
32,7,0
33,15,0
34,26,0
35,42,0
36,28,0
37,51,0
38,22,0
39,13,0
40,27,0
41,11,0
42,16,0
43,23,0
44,30,0
45,78,0
46,37,0
47,68,0
48,13,0
49,11,0
50,26,0
51,18,0
52,12,0
53,25,0
54,28,0
55,22,0
56,58,0
57,12,0
58,25,0
59,17,0
60,16,0
61,53,0
62,15,0
63,33,0
64,23,0
65,46,0
66,11,0
67,31,0
68,78,0
69,60,0
70,11,0
71,66,0
72,18,0
73,39,0
74,23,0
75,12,0
76,49,0
77,28,0
78,74,0
79,11,0
80,11,0
81,25,0
82,47,0
83,54,0
84,42,0
85,17,0
86,13,0
87,65,0
88,42,0
89,39,0
90,5,0
91,22,0
92,17,0
93,17,0
94,21,0
95,22,0
96,55,0
97,14,0
98,12,0
99,37,0
100,20,0
101,19,0
102,11,0
103,7,0
104,12,0
105,7,0
106,21,0
107,7,0
108,40,0
109,44,0
110,70,0
111,45,0
112,15,0
113,24,0
114,35,0
115,51,0
116,28,0
117,15,0
118,12,0
119,34,0
120,11,0
121,19,0
122,124,0
123,21,0
124,11,0
125,22,0
126,47,0
127,24,0
128,18,0
129,16,0
130,44,0
131,19,0
132,85,0
133,5,0
134,50,0
135,20,0
136,8,0
137,18,0
138,115,0
139,30,0
140,53,0
141,17,0
142,31,0
143,63,0
144,15,0
145,7,0
146,30,0
147,13,0
148,54,1
149,39,1
150,41,0
151,47,0
152,171,0
153,106,0
154,159,0
155,20,0
156,106,0
157,18,0
158,52,0
159,95,0
160,39,0
161,16,0
162,102,0
163,34,0
164,35,1
165,56,0
166,90,0
167,38,0
168,26,0
169,30,0
170,20,0
171,51,0
172,131,0
173,15,0
174,56,0
175,28,0
176,90,0
177,63,0
178,44,0
179,89,0
180,13,0
181,18,0
182,58,0
183,45,0
184,58,0
185,8,0
186,13,0
187,57,0
188,22,0
189,15,0
190,29,0
191,20,0
192,9,0
193,13,0
194,11,0
195,11,0
196,32,0
197,154,0
198,21,0
199,9,0
200,107,0
201,37,0
202,85,0
203,54,0
204,103,0
205,38,0
206,60,0
207,36,0
208,28,0
209,74,0
210,92,0
211,24,0
212,91,0
213,14,0
214,46,0
215,45,0
216,51,0
217,25,0
218,27,0
219,68,0
220,12,0
221,13,0
222,19,0
223,89,0
224,29,0
225,34,0
226,16,0
227,35,0
228,23,0
229,24,0
230,133,0
231,22,0
232,30,0
233,42,0
234,10,0
235,9,0
236,13,0
237,32,0
238,11,0
239,35,0
240,32,0
241,18,0
242,63,0
243,14,0
244,130,0
245,15,0
246,68,0
247,9,0
248,42,0
249,11,0
250,14,0
251,21,0
252,51,0
253,20,0
254,18,0
255,40,0
256,88,0
257,35,0
258,50,1
259,111,0
260,85,0
261,25,0
262,49,0
263,22,0
264,48,0
265,21,0
266,95,0
267,41,0
268,99,0
269,79,0
270,163,0
271,14,0
272,88,0
273,25,0
274,23,1
275,60,0
276,88,0
277,64,0
278,93,0
279,58,0
280,26,0
281,128,0
282,30,0
283,42,0
284,25,0
285,105,0
286,47,0
287,163,0
288,12,0
289,15,0
290,17,0
291,27,0
292,70,0
293,45,0
294,48,0
295,74,0
296,23,0
297,41,0
298,36,0
299,8,0
300,12,0
301,18,0
302,50,0
303,16,0
304,66,0
305,26,0
306,91,0
307,63,0
308,40,0
309,50,0
310,74,0
311,17,0
312,10,0
313,29,0
314,18,0
315,51,0
316,14,0
317,18,0
318,68,0
319,42,0
320,19,0
321,48,0
322,33,0
323,83,0
324,56,0
325,27,0
326,20,0
327,121,0
328,31,0
329,90,0
330,10,0
331,22,0
332,35,0
333,57,0
334,13,0
335,32,0
336,17,0
337,23,0
338,25,0
339,29,0
340,7,0
341,91,0
342,63,0
343,32,0
344,12,0
345,49,0
346,31,0
347,36,0
348,35,0
349,46,0
350,31,0
351,20,0
352,13,0
353,20,0
354,19,0
355,61,0
356,21,0
357,10,0
358,13,0
359,16,0
360,38,0
361,39,0
362,50,0
363,43,0
364,27,0
365,33,0
366,11,0
367,70,0
368,63,0
369,66,0
370,17,0
371,11,0
372,26,0
373,15,0
374,42,0
375,72,0
376,50,0
377,11,0
378,41,0
379,7,0
380,14,0
381,16,0
382,70,0
383,77,0
384,28,0
385,45,0
386,7,0
387,27,0
388,15,0
389,16,0
390,162,0
391,13,0
392,11,0
393,67,0
394,32,0
395,51,0
396,27,0
397,62,0
398,60,0
399,42,0
400,47,0
401,26,0
402,49,0
403,53,0
404,25,0
405,41,0
406,15,0
407,37,0
408,20,0
409,14,0
410,29,0
411,49,0
412,19,0
413,64,0
414,116,0
415,17,0
416,121,0
417,43,0
418,18,0
419,152,0
420,11,0
421,25,0
422,26,0
423,90,0
424,57,0
425,36,0
426,30,0
427,15,0
428,74,0
429,74,0
430,57,0
431,49,0
432,42,0
433,5,0
434,110,0
435,19,0
436,36,0
437,49,0
438,28,0
439,10,0
440,81,0
441,10,0
442,20,0
443,106,0
444,37,0
445,27,0
446,22,0
447,16,0
448,61,0
449,18,0
450,113,0
451,86,0
452,9,0
453,121,0
454,69,0
455,21,0
456,57,0
457,97,0
458,30,0
459,38,0
460,14,0
461,30,0
462,40,0
463,18,0
464,35,0
465,28,0
466,9,0
467,32,0
468,139,0
469,198,0
470,38,0
471,52,0
472,60,0
473,53,0
474,5,0
475,37,0
476,21,0
477,62,0
478,67,0
479,23,0
480,72,0
481,25,0
482,14,0
483,9,0
484,163,0
485,47,0
486,40,0
487,89,0
488,16,0
489,31,0
490,23,0
491,133,0
492,70,0
493,14,0
494,36,0
495,58,0
496,10,0
497,23,0
498,64,0
499,26,0
500,51,0
501,37,0
502,27,0
503,37,0
504,20,0
505,8,0
506,32,0
507,12,0
508,151,0
509,14,0
510,8,0
511,16,0
512,15,0
513,29,0
514,20,0
515,27,0
516,14,0
517,19,0
518,37,0
519,39,0
520,16,0
521,33,0
522,16,0
523,19,0
524,36,0
525,18,0
526,23,0
527,32,0
528,39,0
529,35,0
530,34,0
531,21,0
532,17,0
533,65,0
534,7,0
535,15,0
536,20,0
537,13,0
538,51,0
539,20,0
540,51,0
541,7,0
542,23,0
543,63,0
544,82,0
545,5,0
546,37,0
547,25,0
548,32,0
549,35,0
550,30,0
551,34,0
552,17,0
553,26,0
554,13,0
555,28,0
556,13,0
557,31,0
558,27,0
559,75,0
560,13,0
561,78,0
562,35,0
563,40,0
564,13,0
565,125,0
566,18,0
567,24,0
568,17,0
569,32,0
570,23,0
571,24,0
572,12,0
573,79,0
574,37,0
575,158,0
576,49,0
577,50,0
578,80,0
579,23,0
580,48,0
581,39,0
582,20,0
583,28,0
584,15,0
585,11,0
586,60,0
587,40,0
588,23,0
589,71,0
590,74,0
591,85,0
592,11,0
593,11,0
594,89,0
595,38,0
596,55,0
597,16,0
598,18,0
599,32,0
600,35,0
601,32,0
602,74,0
603,38,0
604,16,0
605,23,0
606,9,0
607,85,0
608,53,0
609,23,0
610,24,0
611,53,0
612,40,0
613,18,0
614,80,0
615,45,0
616,51,0
617,32,0
618,11,0
619,27,0
620,44,0
621,44,0
622,47,0
623,36,0
624,11,0
625,28,0
626,6,0
627,16,0
628,103,0
629,126,0
630,75,0
631,24,0
632,19,0
633,16,0
634,21,0
635,12,0
636,22,0
637,15,0
638,26,0
639,121,0
640,47,0
641,40,0
642,12,0
643,14,0
644,17,0
645,10,0
646,68,0
647,6,0
648,28,0
649,23,0
650,11,0
651,12,0
652,11,0
653,28,0
654,18,0
655,13,0
656,25,0
657,22,0
658,57,0
659,14,0
660,23,0
661,49,0
662,29,0
663,10,0
664,10,0
665,15,0
666,7,0
667,40,0
668,44,0
669,18,0
670,23,0
671,23,0
672,48,0
673,26,0
674,44,0
675,32,0
676,132,0
677,16,0
678,10,0
679,8,0
680,15,0
681,15,0
682,13,0
683,33,0
684,88,0
685,18,0
686,20,0
687,53,0
688,16,0
689,32,0
690,31,0
691,18,0
692,10,0
693,14,0
694,35,0
695,37,0
696,30,0
697,128,0
698,83,0
699,35,0
700,29,0
701,10,0
702,5,0
703,96,0
704,57,0
705,122,0
706,9,0
707,22,0
708,24,0
709,57,0
710,10,0
711,30,0
712,28,0
713,26,0
714,48,0
715,38,0
716,42,0
717,14,0
718,30,0
719,105,0
720,48,0
721,127,0
722,11,0
723,128,0
724,31,0
725,27,0
726,41,0
727,17,0
728,107,0
729,53,0
730,15,0
731,26,0
732,11,0
733,38,0
734,9,0
735,55,0
736,9,0
737,46,0
738,14,0
739,106,0
740,10,0
741,22,0
742,21,0
743,28,0
744,28,0
745,50,0
746,41,0
747,52,0
748,21,0
749,82,0
750,40,0
751,50,0
752,23,0
753,5,0
754,15,0
755,49,0
756,9,0
757,21,0
758,11,0
759,34,0
760,8,0
761,25,0
762,23,0
763,13,0
764,19,0
765,30,0
766,11,0
767,52,0
768,17,0
769,32,0
770,28,0
771,5,0
772,25,0
773,57,0
774,31,0
775,13,0
776,25,0
777,24,0
778,28,0
779,27,0
780,25,0
781,18,0
782,18,0
783,21,0
784,5,0
785,14,0
786,6,0
787,55,0
788,90,0
789,13,0
790,10,0
791,28,0
792,181,0
793,74,0
794,50,0
795,82,0
796,78,0
797,9,0
798,13,0
799,57,0
800,28,0
801,18,0
802,156,0
803,18,0
804,52,0
805,73,0
806,13,0
807,63,0
808,31,0
809,66,0
810,62,0
811,16,0
812,50,0
813,43,0
814,50,0
815,13,0
816,39,0
817,67,1
818,62,0
819,86,0
820,39,0
821,121,0
822,51,0
823,200,0
824,193,0
825,37,0
826,23,0
827,15,0
828,39,0
829,100,0
830,200,0
831,44,0
832,41,0
833,57,0
834,25,0
835,27,0
836,51,0
837,28,0
838,25,0
839,21,0
840,33,0
841,8,0
842,13,0
843,51,0
844,12,0
845,14,0
846,40,0
847,42,0
848,22,0
849,39,0
850,36,0
851,40,0
852,68,0
853,31,0
854,65,0
855,14,0
856,24,0
857,34,0
858,16,0
859,45,0
860,10,0
861,34,0
862,15,0
863,17,0
864,38,0
865,8,0
866,17,0
867,58,0
868,7,0
869,20,0
870,41,0
871,13,0
872,21,0
873,29,0
874,27,0
875,41,0
876,17,0
877,47,0
878,25,0
879,16,0
880,17,0
881,10,0
882,20,0
883,12,0
884,21,0
885,32,0
886,46,1
887,77,0
888,11,0
889,68,0
890,34,0
891,25,0
892,176,0
893,31,0
894,30,0
895,6,0
896,97,0
897,47,0
898,10,0
899,34,0
900,33,0
901,7,0
902,44,0
903,26,0
904,38,0
905,49,0
906,32,0
907,9,0
908,84,0
909,65,0
910,18,0
911,11,0
912,34,0
913,39,0
914,29,0
915,38,0
916,50,0
917,27,0
918,21,0
919,119,0
920,32,0
921,14,0
922,8,0
923,23,0
924,90,0
925,15,0
926,34,0
927,39,0
928,33,0
929,11,0
930,46,0
931,81,0
932,57,0
933,17,0
934,10,0
935,21,0
936,32,0
937,14,0
938,23,0
939,34,0
940,50,0
941,58,0
942,87,0
943,25,0
944,54,0
945,92,0
946,42,0
947,115,0
948,8,0
949,27,0
950,42,0
951,60,0
952,40,0
953,16,0
954,18,0
955,22,0
956,61,0
957,17,0
958,11,0
959,111,0
960,38,0
961,16,0
962,40,0
963,21,0
964,48,0
965,88,0
966,8,0
967,10,0
968,30,0
969,38,0
970,18,0
971,22,0
972,24,0
973,34,0
974,29,0
975,51,0
976,34,0
977,80,0
978,11,0
979,25,0
980,42,0
981,35,0
982,32,0
983,5,0
984,19,0
985,63,0
986,11,0
987,52,0
988,113,0
989,43,0
990,25,0
991,14,0
992,16,0
993,9,0
994,89,0
995,14,0
996,124,0
997,25,0
998,46,0
999,39,0
1000,7,0
1001,17,0
1002,19,0
1003,38,0
1004,99,0
1005,116,0
1006,25,0
1007,58,0
1008,65,0
1009,60,0
1010,42,0
1011,42,0
1012,26,0
1013,17,0
1014,13,0
1015,47,0
1016,12,0
1017,15,0
1018,52,0
1019,116,0
1020,47,0
1021,32,0
1022,69,0
1023,30,0
1024,67,0
1025,16,0
1026,11,0
1027,24,0
1028,137,0
1029,14,0
1030,9,0
1031,23,0
1032,10,0
1033,11,0
1034,61,0
1035,19,0
1036,34,0
1037,40,0
1038,33,0
1039,42,0
1040,28,0
1041,44,0
1042,101,0
1043,122,0
1044,19,0
1045,11,0
1046,12,0
1047,27,0
1048,45,0
1049,19,0
1050,18,0
1051,29,0
1052,18,0
1053,40,0
1054,40,0
1055,116,0
1056,26,0
1057,39,0
1058,200,0
1059,57,0
1060,99,0
1061,27,0
1062,71,0
1063,30,0
1064,14,0
1065,61,0
1066,15,0
1067,34,0
1068,58,0
1069,10,0
1070,12,0
1071,8,0
1072,7,0
1073,23,0
1074,24,0
1075,25,0
1076,62,0
1077,36,0
1078,27,0
1079,25,0
1080,13,0
1081,20,0
1082,27,0
1083,48,0
1084,12,0
1085,8,0
1086,11,0
1087,21,0
1088,16,0
1089,36,0
1090,21,0
1091,33,0
1092,43,0
1093,8,0
1094,48,0
1095,13,0
1096,71,0
1097,21,0
1098,31,0
1099,166,0
1100,16,0
1101,10,0
1102,10,0
1103,73,0
1104,33,0
1105,30,0
1106,63,0
1107,54,0
1108,7,0
1109,46,0
1110,29,0
1111,28,0
1112,67,0
1113,24,0
1114,24,0
1115,19,0
1116,17,0
1117,24,0
1118,113,0
1119,32,0
1120,60,0
1121,72,0
1122,17,0
1123,63,0
1124,48,0
1125,82,0
1126,36,0
1127,19,0
1128,43,0
1129,13,0
1130,32,0
1131,36,0
1132,99,0
1133,12,0
1134,23,0
1135,82,0
1136,52,0
1137,23,0
1138,36,0
1139,8,0
1140,5,0
1141,34,0
1142,12,0
1143,24,0
1144,67,0
1145,20,0
1146,14,0
1147,18,0
1148,12,0
1149,89,0
1150,13,0
1151,8,0
1152,11,0
1153,18,0
1154,22,0
1155,31,0
1156,12,0
1157,16,0
1158,36,0
1159,11,0
1160,63,0
1161,28,0
1162,20,0
1163,15,0
1164,29,0
1165,28,0
1166,19,0
1167,27,0
1168,33,0
1169,57,0
1170,41,0
1171,8,0
1172,13,0
1173,71,0
1174,19,0
1175,11,0
1176,78,0
1177,63,0
1178,152,0
1179,25,0
1180,21,0
1181,84,0
1182,27,0
1183,33,0
1184,41,0
1185,36,0
1186,59,0
1187,39,0
1188,10,0
1189,9,0
1190,66,0
1191,18,0
1192,86,0
1193,47,0
1194,13,0
1195,13,0
1196,30,0
1197,50,0
1198,48,0
1199,17,0
1200,48,0
1201,19,0
1202,53,0
1203,13,0
1204,16,0
1205,16,0
1206,67,0
1207,15,0
1208,9,0
1209,37,0
1210,178,1
1211,129,0
1212,97,0
1213,130,0
1214,49,0
1215,84,0
1216,14,0
1217,67,0
1218,16,0
1219,11,0
1220,19,0
1221,26,0
1222,31,0
1223,67,0
1224,32,0
1225,20,0
1226,74,0
1227,44,0
1228,93,0
1229,18,0
1230,31,0
1231,27,0
1232,46,0
1233,42,0
1234,26,0
1235,17,0
1236,52,0
1237,42,0
1238,35,0
1239,18,0
1240,104,0
1241,50,0
1242,22,0
1243,30,0
1244,13,0
1245,16,0
1246,31,0
1247,52,0
1248,72,0
1249,12,0
1250,48,0
1251,23,0
1252,16,0
1253,11,0
1254,38,0
1255,28,0
1256,73,0
1257,21,0
1258,13,0
1259,36,0
1260,15,0
1261,19,0
1262,13,0
1263,13,0
1264,14,0
1265,30,0
1266,46,0
1267,31,0
1268,34,0
1269,44,0
1270,10,0
1271,42,0
1272,9,0
1273,41,0
1274,7,0
1275,46,0
1276,147,0
1277,16,0
1278,40,0
1279,46,0
1280,80,0
1281,63,0
1282,60,0
1283,14,0
1284,7,0
1285,45,0
1286,13,0
1287,42,0
1288,8,0
1289,83,0
1290,8,0
1291,9,0
1292,69,0
1293,35,0
1294,9,0
1295,12,0
1296,23,0
1297,29,0
1298,61,0
1299,49,0
1300,32,0
1301,49,0
1302,12,0
1303,94,0
1304,25,0
1305,29,0
1306,7,0
1307,15,0
1308,32,0
1309,38,0
1310,11,0
1311,10,0
1312,25,0
1313,61,0
1314,9,0
1315,38,0
1316,33,0
1317,9,0
1318,29,0
1319,35,0
1320,8,0
1321,9,0
1322,69,0
1323,19,0
1324,34,0
1325,14,0
1326,76,0
1327,15,0
1328,10,0
1329,21,0
1330,7,0
1331,10,0
1332,63,0
1333,20,0
1334,22,0
1335,43,0
1336,25,0
1337,26,0
1338,17,0
1339,23,0
1340,19,0
1341,53,0
1342,11,0
1343,12,0
1344,16,0
1345,144,0
1346,32,0
1347,17,0
1348,11,0
1349,12,0
1350,81,0
1351,81,0
1352,26,0
1353,57,0
1354,13,0
1355,37,0
1356,30,0
1357,99,0
1358,46,0
1359,40,0
1360,42,0
1361,87,0
1362,73,0
1363,27,0
1364,92,0
1365,16,0
1366,44,0
1367,64,0
1368,28,0
1369,31,0
1370,12,0
1371,31,0
1372,37,0
1373,17,0
1374,30,0
1375,28,0
1376,22,0
1377,23,0
1378,88,0
1379,51,0
1380,94,0
1381,92,0
1382,59,0
1383,13,0
1384,57,0
1385,71,0
1386,81,0
1387,16,0
1388,37,0
1389,42,0
1390,77,0
1391,58,0
1392,19,0
1393,13,0
1394,86,0
1395,35,0
1396,57,0
1397,99,0
1398,40,0
1399,47,0
1400,21,0
1401,32,0
1402,49,0
1403,14,0
1404,28,0
1405,6,0
1406,25,0
1407,15,0
1408,57,0
1409,120,0
1410,19,0
1411,188,0
1412,16,0
1413,8,0
1414,21,0
1415,12,0
1416,62,0
1417,32,0
1418,48,0
1419,42,0
1420,53,0
1421,34,0
1422,31,0
1423,61,0
1424,30,0
1425,12,0
1426,45,0
1427,80,0
1428,13,0
1429,9,0
1430,28,0
1431,11,0
1432,16,0
1433,68,0
1434,40,0
1435,40,0
1436,33,1
1437,37,0
1438,114,0
1439,81,0
1440,23,0
1441,95,0
1442,21,0
1443,19,0
1444,56,0
1445,91,0
1446,71,0
1447,37,0
1448,14,0
1449,37,0
1450,18,0
1451,11,0
1452,20,0
1453,55,0
1454,19,0
1455,37,0
1456,42,0
1457,41,0
1458,7,0
1459,49,0
1460,77,0
1461,20,0
1462,122,0
1463,18,0
1464,56,0
1465,58,0
1466,29,0
1467,12,0
1468,38,0
1469,83,0
1470,31,0
1471,10,0
1472,13,0
1473,42,0
1474,47,0
1475,39,0
1476,122,0
1477,29,0
1478,8,0
1479,44,0
1480,17,0
1481,14,0
1482,59,0
1483,8,0
1484,26,0
1485,23,0
1486,15,0
1487,10,0
1488,41,0
1489,12,0
1490,23,0
1491,25,0
1492,44,0
1493,7,0
1494,36,0
1495,34,0
1496,77,0
1497,14,0
1498,16,0
1499,24,0
1500,41,0
1501,11,0
1502,6,0
1503,14,0
1504,10,0
1505,45,0
1506,81,0
1507,21,0
1508,18,0
1509,27,0
1510,68,0
1511,32,0
1512,82,0
1513,39,0
1514,54,0
1515,30,0
1516,28,0
1517,54,0
1518,19,0
1519,50,0
1520,25,0
1521,20,0
1522,19,0
1523,7,0
1524,6,0
1525,16,0
1526,84,0
1527,25,0
1528,8,0
1529,34,0
1530,35,0
1531,74,0
1532,37,0
1533,12,0
1534,23,0
1535,85,0
1536,19,0
1537,26,0
1538,39,0
1539,38,0
1540,12,0
1541,53,0
1542,95,0
1543,58,0
1544,38,0
1545,29,0
1546,11,0
1547,142,0
1548,8,0
1549,53,0
1550,45,0
1551,13,0
1552,42,0
1553,32,0
1554,18,0
1555,56,0
1556,53,0
1557,55,0
1558,39,0
1559,51,0
1560,80,0
1561,54,0
1562,20,0
1563,117,0
1564,23,0
1565,21,0
1566,49,0
1567,20,0
1568,29,0
1569,24,0
1570,37,0
1571,85,0
1572,140,0
1573,29,0
1574,15,0
1575,24,0
1576,9,0
1577,16,0
1578,51,0
1579,20,0
1580,19,0
1581,43,0
1582,13,0
1583,27,0
1584,48,0
1585,28,0
1586,40,0
1587,28,0
1588,32,0
1589,112,0
1590,34,0
1591,45,0
1592,9,0
1593,5,0
1594,62,0
1595,44,0
1596,9,0
1597,87,0
1598,28,0
1599,64,0
1600,69,0
1601,39,0
1602,13,0
1603,24,0
1604,19,0
1605,87,0
1606,41,0
1607,36,0
1608,33,0
1609,68,0
1610,11,0
1611,59,0
1612,41,0
1613,53,0
1614,25,0
1615,36,0
1616,10,0
1617,47,0
1618,25,0
1619,124,0
1620,27,0
1621,199,0
1622,8,0
1623,34,0
1624,19,0
1625,30,0
1626,37,0
1627,81,0
1628,20,0
1629,44,0
1630,7,0
1631,40,0
1632,38,0
1633,58,0
1634,45,0
1635,117,0
1636,9,0
1637,25,0
1638,200,0
1639,62,0
1640,15,0
1641,49,0
1642,41,0
1643,68,0
1644,55,0
1645,28,0
1646,19,0
1647,26,0
1648,117,0
1649,52,0
1650,61,0
1651,11,0
1652,46,0
1653,97,0
1654,36,0
1655,30,0
1656,58,0
1657,42,0
1658,72,1
1659,44,1
1660,41,1
1661,34,0
1662,124,1
1663,84,0
1664,160,0
1665,174,0
1666,15,0
1667,56,0
1668,75,0
1669,139,0
1670,63,0
1671,200,0
1672,70,0
1673,40,0
1674,159,0
1675,79,0
1676,120,0
1677,94,0
1678,17,0
1679,48,0
1680,19,0
1681,52,0
1682,27,0
1683,23,0
1684,95,0
1685,64,0
1686,43,0
1687,110,0
1688,200,0
1689,64,0
1690,123,0
1691,96,0
1692,15,0
1693,34,0
1694,63,0
1695,38,0
1696,63,0
1697,26,0
1698,83,0
1699,81,0
1700,34,0
1701,52,0
1702,60,0
1703,34,0
1704,36,0
1705,80,1
1706,34,0
1707,31,0
1708,131,0
1709,9,0
1710,43,0
1711,48,0
1712,35,0
1713,41,0
1714,36,0
1715,37,0
1716,23,0
1717,33,0
1718,133,0
1719,27,0
1720,69,0
1721,66,0
1722,18,0
1723,160,0
1724,47,0
1725,31,0
1726,200,0
1727,27,0
1728,31,0
1729,15,0
1730,33,0
1731,81,0
1732,28,0
1733,17,0
1734,12,0
1735,31,0
1736,75,0
1737,74,0
1738,80,0
1739,69,0
1740,180,0
1741,62,0
1742,24,0
1743,200,0
1744,60,0
1745,68,0
1746,44,0
1747,84,0
1748,62,0
1749,91,0
1750,147,0
1751,29,0
1752,12,0
1753,200,0
1754,38,0
1755,29,0
1756,99,0
1757,18,0
1758,66,0
1759,33,0
1760,37,0
1761,25,0
1762,105,0
1763,64,0
1764,42,0
1765,13,0
1766,53,0
1767,179,0
1768,26,0
1769,17,0
1770,37,0
1771,18,0
1772,44,0
1773,52,0
1774,37,0
1775,43,0
1776,51,0
1777,65,0
1778,39,0
1779,25,0
1780,20,0
1781,68,0
1782,15,0
1783,69,0
1784,68,0
1785,68,1
1786,72,1
1787,38,1
1788,44,0
1789,130,1
1790,61,1
1791,48,0
1792,153,1
1793,91,1
1794,116,0
1795,160,0
1796,200,0
1797,59,0
1798,31,0
1799,104,1
1800,101,1
1801,73,0
1802,119,1
1803,200,0
1804,46,0
1805,200,0
1806,13,0
1807,37,0
1808,200,0
1809,23,0
1810,23,0
1811,78,0
1812,200,0
1813,124,1
1814,52,0
1815,80,0
1816,28,0
1817,200,1
1818,39,1
1819,52,0
1820,169,0
1821,18,0
1822,200,0
1823,23,0
1824,25,0
1825,64,1
1826,26,0
1827,41,0
1828,184,0
1829,162,0
1830,54,0
1831,50,0
1832,102,0
1833,73,0
1834,55,0
1835,23,0
1836,113,0
1837,59,0
1838,130,0
1839,46,0
1840,82,0
1841,12,0
1842,154,0
1843,72,0
1844,104,0
1845,118,0
1846,47,0
1847,48,0
1848,78,1
1849,47,1
1850,36,1
1851,77,0
1852,149,0
1853,200,0
1854,60,0
1855,200,0
1856,162,1
1857,31,0
1858,152,0
1859,189,0
1860,102,1
1861,137,0
1862,123,0
1863,38,0
1864,96,0
1865,26,0
1866,114,1
1867,23,0
1868,29,0
1869,61,1
1870,97,0
1871,89,0
1872,27,0
1873,40,0
1874,55,1
1875,142,0
1876,85,0
1877,50,0
1878,137,0
1879,59,0
1880,167,0
1881,140,0
1882,60,0
1883,37,0
1884,19,0
1885,64,0
1886,103,0
1887,133,0
1888,26,0
1889,70,0
1890,161,0
1891,39,0
1892,96,0
1893,22,0
1894,38,0
1895,76,1
1896,67,0
1897,60,0
1898,107,0
1899,69,0
1900,33,0
1901,57,0
1902,142,0
1903,67,0
1904,100,0
1905,79,0
1906,49,0
1907,21,0
1908,24,0
1909,75,0
1910,34,0
1911,16,0
1912,154,0
1913,117,0
1914,27,0
1915,126,0
1916,44,0
1917,87,0
1918,26,0
1919,39,0
1920,71,0
1921,21,0
1922,24,0
1923,13,0
1924,20,0
1925,116,0
1926,114,0
1927,53,1
1928,30,0
1929,17,0
1930,25,0
1931,74,1
1932,200,0
1933,67,0
1934,69,0
1935,200,0
1936,14,0
1937,48,0
1938,36,0
1939,36,0
1940,16,0
1941,78,0
1942,110,0
1943,45,0
1944,64,1
1945,69,0
1946,150,0
1947,52,0
1948,33,0
1949,35,0
1950,38,0
1951,29,0
1952,23,0
1953,79,0
1954,11,0
1955,22,0
1956,49,0
1957,32,0
1958,104,0
1959,169,0
1960,23,0
1961,93,0
1962,18,0
1963,37,0
1964,22,0
1965,32,0
1966,36,0
1967,116,0
1968,38,0
1969,36,0
1970,43,0
1971,53,0
1972,33,0
1973,70,0
1974,33,0
1975,186,0
1976,103,0
1977,64,0
1978,39,0
1979,76,0
1980,21,0
1981,12,0
1982,24,0
1983,172,0
1984,113,0
1985,52,0
1986,26,0
1987,27,0
1988,137,0
1989,16,0
1990,23,0
1991,23,0
1992,79,0
1993,29,0
1994,169,0
1995,29,0
1996,16,0
1997,39,0
1998,42,0
1999,28,0
2000,59,0
2001,68,1
2002,27,0
2003,19,0
2004,23,0
2005,23,0
2006,39,0
2007,23,0
2008,139,0
2009,78,1
2010,172,0
2011,13,0
2012,38,0
2013,57,0
2014,58,0
2015,42,0
2016,200,0
2017,25,0
2018,59,0
2019,8,0
2020,80,0
2021,14,0
2022,14,0
2023,115,0
2024,8,0
2025,53,0
2026,30,0
2027,27,0
2028,61,0
2029,82,0
2030,43,0
2031,35,0
2032,30,0
2033,146,0
2034,12,0
2035,37,0
2036,18,0
2037,82,0
2038,41,0
2039,55,0
2040,110,0
2041,54,0
2042,89,0
2043,13,0
2044,30,0
2045,25,0
2046,126,0
2047,50,0
2048,34,0
2049,9,0
2050,56,0
2051,85,0
2052,61,0
2053,30,0
2054,41,1
2055,63,0
2056,31,0
2057,94,0
2058,199,0
2059,200,0
2060,54,0
2061,67,0
2062,11,0
2063,48,0
2064,14,0
2065,54,0
2066,28,0
2067,96,0
2068,88,0
2069,120,0
2070,8,0
2071,19,0
2072,52,0
2073,23,0
2074,20,0
2075,135,0
2076,46,0
2077,97,0
2078,106,0
2079,24,0
2080,44,0
2081,147,0
2082,168,1
2083,90,0
2084,200,0
2085,56,0
2086,17,0
2087,200,0
2088,97,0
2089,71,0
2090,17,0
2091,26,0
2092,27,0
2093,46,0
2094,38,0
2095,33,0
2096,86,0
2097,60,0
2098,116,0
2099,23,0
2100,31,0
2101,8,0
2102,44,0
2103,200,0
2104,22,0
2105,30,0
2106,14,0
2107,68,0
2108,120,0
2109,68,0
2110,18,0
2111,11,0
2112,50,0
2113,23,0
2114,53,0
2115,34,0
2116,14,0
2117,26,0
2118,52,0
2119,48,0
2120,105,0
2121,78,1
2122,19,0
2123,41,0
2124,12,0
2125,73,1
2126,58,1
2127,153,1
2128,44,0
2129,200,0
2130,72,0
2131,70,0
2132,200,0
2133,28,0
2134,101,0
2135,172,0
2136,91,1
2137,200,0
2138,56,0
2139,15,0
2140,199,0
2141,44,0
2142,30,0
2143,61,0
2144,78,0
2145,12,0
2146,113,0
2147,200,0
2148,52,0
2149,50,0
2150,36,0
2151,20,0
2152,49,0
2153,122,0
2154,16,0
2155,105,1
2156,38,0
2157,84,0
2158,167,1
2159,34,0
2160,200,0
2161,61,0
2162,109,0
2163,98,0
2164,181,0
2165,107,0
2166,46,0
2167,27,0
2168,40,0
2169,110,0
2170,46,0
2171,83,0
2172,200,0
2173,22,0
2174,10,0
2175,56,0
2176,142,1
2177,54,0
2178,66,0
2179,54,0
2180,27,0
2181,24,0
2182,85,0
2183,24,0
2184,118,0
2185,188,0
2186,13,0
2187,200,0
2188,7,0
2189,92,0
2190,170,1
2191,25,0
2192,16,0
2193,97,1
2194,96,0
2195,48,1
2196,51,1
2197,66,0
2198,101,1
2199,113,0
2200,127,0
2201,197,0
2202,45,0
2203,190,0
2204,73,0
2205,170,0
2206,23,0
2207,11,0
2208,29,0
2209,146,1
2210,48,0
2211,11,0
2212,22,0
2213,200,0
2214,62,0
2215,197,1
2216,101,0
2217,52,0
2218,30,0
2219,59,0
2220,172,1
2221,121,1
2222,40,0
2223,81,1
2224,111,0
2225,110,0
2226,200,0
2227,20,0
2228,52,0
2229,58,0
2230,42,0
2231,147,1
2232,56,1
2233,113,0
2234,84,0
2235,116,0
2236,45,0
2237,42,0
2238,111,0
2239,9,0
2240,58,0
2241,23,0
2242,66,0
2243,22,0
2244,98,0
2245,67,0
2246,105,0
2247,24,0
2248,29,0
2249,37,0
2250,33,0
2251,103,0
2252,53,0
2253,173,0
2254,33,0
2255,65,0
2256,45,0
2257,187,0
2258,41,0
2259,86,0
2260,11,0
2261,131,0
2262,54,0
2263,17,0
2264,89,0
2265,41,0
2266,70,0
2267,61,0
2268,56,0
2269,53,0
2270,18,0
2271,35,0
2272,79,0
2273,82,0
2274,26,0
2275,73,0
2276,197,0
2277,121,0
2278,27,0
2279,19,0
2280,81,0
2281,48,0
2282,20,0
2283,101,0
2284,31,0
2285,26,0
2286,17,0
2287,16,0
2288,58,0
2289,55,0
2290,84,0
2291,118,0
2292,70,0
2293,70,0
2294,110,0
2295,18,0
2296,15,0
2297,41,0
2298,77,0
2299,16,0
2300,25,0
2301,82,1
2302,27,0
2303,40,0
2304,133,0
2305,21,0
2306,43,0
2307,59,0
2308,107,1
2309,51,0
2310,17,0
2311,81,0
2312,93,1
2313,21,0
2314,72,0
2315,64,0
2316,57,0
2317,200,0
2318,63,0
2319,77,0
2320,22,0
2321,158,0
2322,13,0
2323,49,0
2324,42,0
2325,8,0
2326,71,0
2327,63,0
2328,55,1
2329,21,0
2330,66,0
2331,54,0
2332,14,0
2333,64,0
2334,81,0
2335,47,0
2336,67,0
2337,52,0
2338,17,0
2339,22,0
2340,67,0
2341,71,1
2342,69,0
2343,25,0
2344,9,0
2345,35,0
2346,107,1
2347,181,1
2348,62,0
2349,60,0
2350,78,1
2351,23,0
2352,67,0
2353,58,0
2354,200,0
2355,23,0
2356,30,0
2357,200,0
2358,25,0
2359,19,0
2360,18,0
2361,32,0
2362,17,0
2363,44,0
2364,106,0
2365,111,0
2366,44,0
2367,24,0
2368,49,0
2369,73,0
2370,175,1
2371,115,1
2372,64,1
2373,87,0
2374,112,1
2375,91,1
2376,81,0
2377,41,0
2378,58,0
2379,39,0
2380,136,0
2381,37,0
2382,49,1
2383,88,0
2384,49,0
2385,174,0
2386,134,0
2387,32,0
2388,34,0
2389,106,0
2390,200,0
2391,27,0
2392,90,0
2393,49,0
2394,63,1
2395,27,0
2396,58,0
2397,15,0
2398,37,0
2399,200,0
2400,26,0
2401,40,0
2402,57,0
2403,22,0
2404,37,0
2405,39,0
2406,200,0
2407,116,0
2408,105,1
2409,144,1
2410,74,1
2411,32,0
2412,135,0
2413,101,1
2414,74,0
2415,34,0
2416,96,0
2417,58,0
2418,82,0
2419,78,1
2420,200,0
2421,40,0
2422,65,0
2423,40,0
2424,94,0
2425,135,0
2426,24,0
2427,157,0
2428,145,0
2429,14,0
2430,10,0
2431,74,1
2432,127,0
2433,92,0
2434,36,0
2435,101,1
2436,81,0
2437,37,0
2438,119,1
2439,59,0
2440,200,0
2441,200,0
2442,200,0
2443,11,0
2444,70,0
2445,36,0
2446,200,0
2447,63,0
2448,85,1
2449,41,1
2450,68,0
2451,41,0
2452,110,1
2453,54,0
2454,15,0
2455,105,1
2456,18,0
2457,38,0
2458,15,0
2459,160,1
2460,39,0
2461,52,0
2462,116,1
2463,140,0
2464,21,0
2465,25,0
2466,200,0
2467,118,0
2468,174,0
2469,66,0
2470,111,0
2471,11,0
2472,55,0
2473,127,0
2474,98,0
2475,27,0
2476,200,0
2477,122,0
2478,47,0
2479,110,0
2480,200,0
2481,19,0
2482,14,0
2483,11,0
2484,154,0
2485,52,0
2486,45,0
2487,44,0
2488,184,0
2489,58,0
2490,24,0
2491,19,0
2492,60,0
2493,121,0
2494,137,0
2495,57,0
2496,58,0
2497,33,0
2498,18,0
2499,18,0
2500,178,1
2501,83,0
2502,26,0
2503,50,0
2504,35,0
2505,185,0
2506,105,0
2507,65,0
2508,31,0
2509,9,0
2510,10,0
2511,93,0
2512,7,0
2513,26,0
2514,103,0
2515,114,0
2516,62,0
2517,14,0
2518,9,0
2519,21,0
2520,66,1
2521,38,0
2522,144,0
2523,90,0
2524,24,0
2525,23,0
2526,41,0
2527,95,0
2528,15,0
2529,25,0
2530,62,0
2531,12,0
2532,36,0
2533,32,0
2534,140,0
2535,29,0
2536,40,0
2537,18,0
2538,26,0
2539,16,0
2540,200,0
2541,121,0
2542,113,0
2543,19,0
2544,31,0
2545,29,0
2546,86,0
2547,33,0
2548,80,1
2549,200,0
2550,12,0
2551,100,0
2552,59,0
2553,98,0
2554,50,0
2555,56,0
2556,82,0
2557,98,0
2558,133,0
2559,49,0
2560,25,0
2561,89,0
2562,109,0
2563,32,0
2564,68,0
2565,19,0
2566,58,0
2567,83,0
2568,85,1
2569,108,0
2570,26,0
2571,36,0
2572,36,0
2573,93,0
2574,50,0
2575,74,0
2576,22,0
2577,81,1
2578,66,0
2579,36,0
2580,110,0
2581,49,0
2582,35,0
2583,46,0
2584,55,1
2585,67,1
2586,57,1
2587,39,0
2588,44,0
2589,31,0
2590,36,0
2591,200,0
2592,107,0
2593,31,0
2594,35,0
2595,69,0
2596,36,0
2597,25,0
2598,52,0
2599,176,1
2600,22,0
2601,35,0
2602,54,1
2603,36,0
2604,89,0
2605,175,1
2606,200,0
2607,49,0
2608,30,0
2609,69,0
2610,99,0
2611,190,0
2612,118,0
2613,22,0
2614,18,0
2615,13,0
2616,142,0
2617,32,0
2618,32,0
2619,35,0
2620,80,0
2621,200,0
2622,29,0
2623,16,0
2624,29,0
2625,76,0
2626,11,0
2627,29,0
2628,14,0
2629,14,0
2630,37,0
2631,64,0
2632,52,0
2633,23,0
2634,62,1
2635,200,0
2636,17,0
2637,68,1
2638,18,0
2639,93,0
2640,11,0
2641,122,1
2642,29,0
2643,22,0
2644,17,0
2645,106,0
2646,96,0
2647,120,0
2648,24,1
2649,109,0
2650,68,0
2651,65,0
2652,124,1
2653,200,0
2654,47,0
2655,87,0
2656,118,0
2657,26,0
2658,51,0
2659,16,0
2660,44,0
2661,80,0
2662,19,0
2663,17,0
2664,58,0
2665,25,0
2666,27,0
2667,10,0
2668,18,0
2669,9,0
2670,14,0
2671,64,0
2672,48,0
2673,48,0
2674,62,0
2675,39,0
2676,148,0
2677,119,0
2678,42,0
2679,112,0
2680,117,0
2681,29,0
2682,89,0
2683,50,1
2684,19,0
2685,76,1
2686,13,0
2687,34,0
2688,13,0
2689,36,0
2690,44,0
2691,27,0
2692,78,1
2693,33,0
2694,20,0
2695,32,0
2696,11,0
2697,40,0
2698,99,0
2699,58,1
2700,37,1
2701,58,1
2702,80,0
2703,75,1
2704,51,1
2705,38,0
2706,129,0
2707,98,1
2708,129,0
2709,88,0
2710,72,1
2711,20,0
2712,106,0
2713,62,1
2714,26,0
2715,169,0
2716,200,0
2717,93,0
2718,22,0
2719,67,0
2720,84,0
2721,137,1
2722,112,0
2723,54,0
2724,63,0
2725,112,0
2726,177,1
2727,97,1
2728,145,0
2729,111,0
2730,73,0
2731,67,1
2732,200,0
2733,81,0
2734,38,0
2735,200,0
2736,45,1
2737,61,0
2738,200,0
2739,26,0
2740,16,0
2741,64,0
2742,103,0
2743,52,0
2744,23,0
2745,72,0
2746,113,0
2747,26,0
2748,68,0
2749,18,0
2750,7,0
2751,115,0
2752,81,0
2753,70,0
2754,52,0
2755,16,0
2756,54,0
2757,39,0
2758,14,0
2759,9,0
2760,30,0
2761,27,0
2762,100,0
2763,21,0
2764,181,1
2765,143,1
2766,16,0
2767,31,0
2768,88,0
2769,115,0
2770,200,0
2771,81,0
2772,20,0
2773,73,0
2774,36,0
2775,31,0
2776,76,0
2777,179,0
2778,61,0
2779,46,0
2780,68,0
2781,8,0
2782,24,0
2783,6,0
2784,23,0
2785,26,0
2786,30,0
2787,39,0
2788,22,0
2789,7,0
2790,56,0
2791,5,0
2792,16,0
2793,10,0
2794,150,0
2795,97,0
2796,24,0
2797,52,0
2798,40,0
2799,10,0
2800,43,0
2801,29,0
2802,55,0
2803,145,0
2804,33,0
2805,29,0
2806,43,1
2807,8,0
2808,57,0
2809,35,0
2810,18,0
2811,94,1
2812,12,0
2813,19,0
2814,78,0
2815,30,1
2816,25,0
2817,75,0
2818,37,0
2819,10,0
2820,67,0
2821,96,0
2822,69,0
2823,200,0
2824,118,1
2825,65,1
2826,76,0
2827,90,1
2828,43,0
2829,90,0
2830,16,0
2831,151,0
2832,117,0
2833,81,0
2834,194,0
2835,36,0
2836,36,0
2837,16,0
2838,79,0
2839,14,0
2840,6,0
2841,19,0
2842,145,0
2843,23,0
2844,78,0
2845,21,0
2846,67,0
2847,10,0
2848,13,0
2849,40,0
2850,13,0
2851,21,0
2852,68,0
2853,44,0
2854,42,0
2855,20,0
2856,11,0
2857,32,0
2858,114,0
2859,70,0
2860,48,0
2861,24,0
2862,34,0
2863,108,0
2864,21,0
2865,34,0
2866,39,0
2867,39,0
2868,7,0
2869,36,0
2870,80,0
2871,42,0
2872,115,0
2873,16,0
2874,49,0
2875,84,0
2876,120,0
2877,39,0
2878,17,0
2879,18,0
2880,65,0
2881,20,0
2882,52,0
2883,13,0
2884,200,0
2885,24,0
2886,11,0
2887,13,0
2888,22,0
2889,110,0
2890,14,0
2891,125,0
2892,10,0
2893,21,0
2894,19,0
2895,17,0
2896,26,0
2897,53,0
2898,41,0
2899,38,0
2900,195,0
2901,19,0
2902,51,0
2903,12,0
2904,29,0
2905,25,0
2906,10,0
2907,70,0
2908,200,0
2909,87,0
2910,22,0
2911,24,0
2912,42,0
2913,12,0
2914,87,0
2915,56,0
2916,94,0
2917,18,0
2918,24,0
2919,126,0
2920,41,0
2921,34,0
2922,24,0
2923,43,0
2924,9,0
2925,35,0
2926,36,0
2927,38,0
2928,115,0
2929,186,0
2930,46,0
2931,37,0
2932,39,0
2933,19,0
2934,71,0
2935,25,0
2936,79,0
2937,59,0
2938,37,0
2939,12,0
2940,45,0
2941,49,0
2942,19,0
2943,90,0
2944,120,0
2945,17,0
2946,44,0
2947,13,0
2948,15,0
2949,79,0
2950,13,0
2951,35,0
2952,46,0
2953,61,0
2954,33,0
2955,20,0
2956,157,0
2957,16,0
2958,52,0
2959,45,0
2960,42,0
2961,34,0
2962,85,0
2963,74,1
2964,87,1
2965,48,0
2966,19,0
2967,7,0
2968,14,0
2969,30,0
2970,16,0
2971,24,0
2972,42,0
2973,24,0
2974,169,0
2975,68,0
2976,146,0
2977,87,0
2978,87,0
2979,15,0
2980,20,0
2981,200,0
2982,71,0
2983,101,0
2984,123,0
2985,25,0
2986,40,0
2987,44,0
2988,78,0
2989,50,0
2990,65,0
2991,33,0
2992,10,0
2993,9,0
2994,136,0
2995,121,0
2996,46,1
2997,20,0
2998,27,0
2999,10,0
3000,26,0
3001,88,0
3002,72,0
3003,54,1
3004,20,0
3005,92,0
3006,55,0
3007,112,1
3008,190,0
3009,34,0
3010,41,0
3011,173,0
3012,85,0
3013,83,0
3014,72,0
3015,77,0
3016,36,0
3017,85,0
3018,200,0
3019,42,0
3020,10,0
3021,61,0
3022,78,0
3023,135,1
3024,169,0
3025,32,0
3026,12,0
3027,24,0
3028,19,0
3029,90,0
3030,42,0
3031,60,1
3032,155,0
3033,13,0
3034,24,0
3035,62,1
3036,19,0
3037,63,0
3038,44,0
3039,113,0
3040,21,0
3041,35,0
3042,170,0
3043,34,0
3044,123,0
3045,98,0
3046,200,0
3047,10,0
3048,15,0
3049,185,0
3050,38,0
3051,15,0
3052,38,0
3053,27,1
3054,16,0
3055,72,0
3056,88,1
3057,52,0
3058,13,0
3059,41,0
3060,88,0
3061,60,0
3062,29,0
3063,55,0
3064,108,0
3065,94,1
3066,99,0
3067,129,0
3068,90,0
3069,132,0
3070,17,0
3071,127,0
3072,23,0
3073,52,0
3074,129,0
3075,92,0
3076,59,0
3077,22,0
3078,44,0
3079,108,0
3080,32,0
3081,19,0
3082,66,0
3083,17,0
3084,76,0
3085,188,0
3086,6,0
3087,52,0
3088,98,0
3089,66,0
3090,39,0
3091,13,0
3092,18,0
3093,59,0
3094,18,0
3095,25,0
3096,77,0
3097,68,0
3098,26,0
3099,9,0
3100,17,0
3101,30,0
3102,39,0
3103,37,0
3104,11,0
3105,22,0
3106,13,0
3107,17,0
3108,45,0
3109,25,0
3110,17,0
3111,26,0
3112,24,0
3113,34,0
3114,31,0
3115,37,0
3116,20,0
3117,60,0
3118,47,0
3119,25,0
3120,44,0
3121,54,0
3122,16,0
3123,22,0
3124,33,0
3125,44,0
3126,33,0
3127,80,0
3128,28,0
3129,16,0
3130,74,0
3131,28,0
3132,35,0
3133,22,0
3134,84,0
3135,16,0
3136,134,0
3137,49,0
3138,73,0
3139,57,0
3140,17,0
3141,48,0
3142,79,0
3143,46,0
3144,31,0
3145,67,0
3146,17,0
3147,21,0
3148,80,0
3149,21,0
3150,31,0
3151,99,0
3152,123,0
3153,20,0
3154,55,0
3155,32,0
3156,51,0
3157,152,0
3158,17,0
3159,113,0
3160,32,0
3161,33,0
3162,10,0
3163,58,0
3164,48,0
3165,43,0
3166,19,0
3167,59,0
3168,8,0
3169,15,0
3170,19,0
3171,42,0
3172,15,0
3173,15,0
3174,76,0
3175,108,0
3176,85,0
3177,66,0
3178,54,1
3179,19,0
3180,48,0
3181,9,0
3182,20,0
3183,111,0
3184,52,0
3185,15,0
3186,150,0
3187,64,0
3188,131,0
3189,22,0
3190,28,0
3191,29,0
3192,45,0
3193,86,0
3194,24,0
3195,98,1
3196,37,0
3197,14,0
3198,58,0
3199,30,0
3200,189,0
3201,87,0
3202,49,0
3203,161,0
3204,31,0
3205,29,0
3206,29,0
3207,12,0
3208,200,0
3209,82,0
3210,10,0
3211,15,0
3212,30,0
3213,71,0
3214,57,0
3215,59,0
3216,28,0
3217,15,0
3218,19,0
3219,72,0
3220,139,0
3221,18,0
3222,10,0
3223,27,0
3224,24,0
3225,78,0
3226,45,0
3227,69,0
3228,63,1
3229,97,0
3230,10,0
3231,15,0
3232,88,0
3233,20,0
3234,67,0
3235,29,0
3236,45,1
3237,200,0
3238,73,0
3239,71,1
3240,145,1
3241,86,0
3242,12,0
3243,32,0
3244,44,0
3245,184,0
3246,35,0
3247,200,0
3248,11,0
3249,48,0
3250,65,0
3251,55,0
3252,151,1
3253,58,1
3254,128,1
3255,17,0
3256,78,0
3257,104,0
3258,159,0
3259,130,0
3260,130,0
3261,174,0
3262,200,0
3263,185,0
3264,200,0
3265,51,0
3266,81,0
3267,55,0
3268,10,0
3269,142,0
3270,68,0
3271,48,0
3272,106,0
3273,61,0
3274,68,0
3275,63,1
3276,200,0
3277,68,0
3278,12,0
3279,42,0
3280,41,0
3281,200,0
3282,134,0
3283,53,0
3284,92,0
3285,10,0
3286,32,0
3287,45,0
3288,19,0
3289,60,0
3290,45,0
3291,10,0
3292,66,0
3293,39,0
3294,9,0
3295,9,0
3296,21,0
3297,22,0
3298,115,0
3299,45,0
3300,43,0
3301,15,0
3302,22,0
3303,25,0
3304,19,0
3305,67,0
3306,43,0
3307,15,0
3308,44,0
3309,33,0
3310,5,0
3311,53,0
3312,93,0
3313,32,0
3314,129,0
3315,24,0
3316,113,1
3317,15,0
3318,103,0
3319,96,1
3320,15,0
3321,31,0
3322,28,0
3323,139,0
3324,39,0
3325,98,1
3326,24,0
3327,47,0
3328,105,0
3329,40,0
3330,67,0
3331,59,0
3332,31,0
3333,166,0
3334,166,0
3335,21,0
3336,57,0
3337,55,0
3338,10,0
3339,156,0
3340,72,0
3341,200,0
3342,141,0
3343,43,0
3344,8,0
3345,200,0
3346,70,0
3347,32,0
3348,14,0
3349,81,0
3350,157,0
3351,19,0
3352,192,1
3353,49,0
3354,119,0
3355,46,0
3356,38,0
3357,26,0
3358,200,0
3359,83,0
3360,14,0
3361,81,0
3362,14,0
3363,110,0
3364,14,0
3365,66,0
3366,11,0
3367,23,0
3368,76,0
3369,14,0
3370,21,0
3371,37,0
3372,69,0
3373,28,0
3374,68,0
3375,46,0
3376,21,0
3377,153,1
3378,80,1
3379,38,0
3380,47,0
3381,72,1
3382,11,0
3383,33,1
3384,188,1
3385,89,1
3386,86,0
3387,139,0
3388,33,0
3389,29,0
3390,69,1
3391,142,0
3392,41,0
3393,51,0
3394,76,0
3395,182,0
3396,71,0
3397,47,0
3398,179,0
3399,43,0
3400,169,0
3401,200,0
3402,47,0
3403,69,0
3404,12,0
3405,71,0
3406,90,0
3407,200,0
3408,16,0
3409,41,0
3410,71,0
3411,78,0
3412,27,0
3413,150,0
3414,45,1
3415,16,0
3416,200,0
3417,17,0
3418,13,0
3419,48,0
3420,28,0
3421,50,0
3422,121,1
3423,27,0
3424,132,1
3425,40,0
3426,54,1
3427,103,1
3428,46,1
3429,37,0
3430,46,1
3431,109,1
3432,106,1
3433,48,0
3434,74,1
3435,121,1
3436,76,1
3437,107,1
3438,111,0
3439,121,0
3440,38,1
3441,142,0
3442,74,0
3443,48,0
3444,132,1
3445,143,0
3446,74,1
3447,132,1
3448,166,0
3449,105,1
3450,21,0
3451,200,0
3452,24,0
3453,160,1
3454,123,0
3455,69,1
3456,46,0
3457,66,1
3458,39,0
3459,51,0
3460,83,1
3461,119,0
3462,155,1
3463,145,0
3464,73,0
3465,43,0
3466,20,0
3467,48,1
3468,200,0
3469,122,1
3470,71,1
3471,22,0
3472,109,1
3473,81,0
3474,176,0
3475,82,1
3476,21,0
3477,14,0
3478,42,0
3479,192,0
3480,146,0
3481,200,0
3482,48,0
3483,163,1
3484,191,0
3485,80,1
3486,170,0
3487,140,0
3488,115,0
3489,116,0
3490,49,0
3491,152,0
3492,62,0
3493,71,0
3494,27,0
3495,37,0
3496,15,0
3497,41,0
3498,121,0
3499,159,0
3500,23,0
3501,81,0
3502,21,0
3503,200,0
3504,97,0
3505,109,0
3506,50,0
3507,35,0
3508,61,1
3509,36,0
3510,56,0
3511,38,0
3512,46,0
3513,136,0
3514,99,0
3515,56,0
3516,79,0
3517,21,0
3518,75,0
3519,104,0
3520,45,0
3521,14,0
3522,52,0
3523,22,0
3524,18,0
3525,37,0
3526,36,0
3527,18,0
3528,44,0
3529,17,0
3530,128,0
3531,94,0
3532,103,0
3533,41,0
3534,19,0
3535,18,0
3536,10,0
3537,92,0
3538,39,0
3539,53,0
3540,82,0
3541,102,0
3542,152,1
3543,47,0
3544,80,0
3545,16,0
3546,11,0
3547,47,0
3548,57,0
3549,44,1
3550,54,0
3551,47,0
3552,8,0
3553,21,0
3554,24,0
3555,109,0
3556,123,0
3557,53,0
3558,72,0
3559,66,0
3560,112,1
3561,117,0
3562,26,0
3563,28,1
3564,34,0
3565,41,1
3566,64,0
3567,105,1
3568,93,1
3569,40,1
3570,49,0
3571,11,0
3572,12,0
3573,51,0
3574,199,0
3575,200,0
3576,200,0
3577,10,0
3578,92,0
3579,55,0
3580,36,0
3581,122,0
3582,173,1
3583,12,0
3584,56,0
3585,109,1
3586,54,0
3587,83,0
3588,41,0
3589,53,1
3590,36,0
3591,30,0
3592,30,0
3593,49,0
3594,59,0
3595,54,0
3596,24,0
3597,37,0
3598,134,0
3599,68,0
3600,30,0
3601,90,0
3602,103,0
3603,64,0
3604,116,1
3605,186,1
3606,57,1
3607,84,1
3608,73,1
3609,94,1
3610,70,0
3611,48,1
3612,65,1
3613,74,0
3614,111,0
3615,55,0
3616,112,1
3617,87,1
3618,65,1
3619,29,0
3620,130,0
3621,58,0
3622,41,1
3623,105,0
3624,61,0
3625,63,0
3626,26,0
3627,140,0
3628,200,0
3629,200,0
3630,200,0
3631,155,0
3632,14,0
3633,33,0
3634,61,0
3635,14,0
3636,55,0
3637,158,0
3638,21,0
3639,74,0
3640,104,1
3641,146,1
3642,24,0
3643,87,0
3644,60,0
3645,21,0
3646,54,0
3647,150,0
3648,12,0
3649,137,0
3650,60,1
3651,33,0
3652,10,0
3653,16,0
3654,71,0
3655,56,0
3656,50,0
3657,138,0
3658,57,0
3659,130,0
3660,56,0
3661,168,1
3662,21,0
3663,28,0
3664,47,0
3665,26,0
3666,11,0
3667,81,1
3668,28,0
3669,62,0
3670,66,0
3671,49,0
3672,17,0
3673,46,1
3674,18,0
3675,72,1
3676,38,1
3677,87,0
3678,131,0
3679,128,1
3680,77,1
3681,47,0
3682,116,0
3683,30,1
3684,112,1
3685,85,0
3686,39,1
3687,119,0
3688,30,0
3689,47,0
3690,134,0
3691,71,0
3692,42,0
3693,24,0
3694,76,0
3695,136,0
3696,15,0
3697,27,0
3698,200,0
3699,16,0
3700,93,1
3701,61,1
3702,28,0
3703,74,0
3704,27,0
3705,127,0
3706,53,0
3707,13,0
3708,200,0
3709,102,0
3710,12,0
3711,34,0
3712,24,0
3713,32,0
3714,33,0
3715,75,0
3716,126,0
3717,40,0
3718,50,0
3719,53,0
3720,54,0
3721,19,0
3722,15,0
3723,21,0
3724,7,0
3725,33,0
3726,114,0
3727,130,0
3728,53,0
3729,78,0
3730,73,1
3731,29,0
3732,16,0
3733,100,0
3734,18,0
3735,79,0
3736,51,1
3737,113,0
3738,73,0
3739,78,0
3740,189,1
3741,66,0
3742,46,0
3743,102,1
3744,44,0
3745,67,1
3746,100,0
3747,158,1
3748,13,0
3749,171,1
3750,9,0
3751,85,0
3752,44,1
3753,44,0
3754,94,0
3755,55,1
3756,92,0
3757,92,1
3758,42,1
3759,39,0
3760,63,0
3761,116,0
3762,63,0
3763,135,1
3764,35,0
3765,152,0
3766,120,1
3767,81,0
3768,72,0
3769,75,1
3770,130,0
3771,200,0
3772,8,0
3773,19,0
3774,97,1
3775,34,1
3776,46,0
3777,111,0
3778,72,0
3779,13,0
3780,41,0
3781,80,1
3782,123,1
3783,39,0
3784,200,0
3785,51,0
3786,114,0
3787,34,0
3788,66,1
3789,20,0
3790,18,0
3791,60,1
3792,92,0
3793,54,0
3794,101,1
3795,200,0
3796,89,0
3797,185,0
3798,62,0
3799,165,0
3800,174,0
3801,179,0
3802,142,0
3803,35,0
3804,14,0
3805,24,0
3806,35,0
3807,44,0
3808,71,0
3809,38,0
3810,29,0
3811,21,0
3812,104,0
3813,118,0
3814,6,0
3815,109,0
3816,34,0
3817,35,0
3818,12,0
3819,189,0
3820,169,0
3821,41,0
3822,39,0
3823,30,0
3824,29,0
3825,87,0
3826,20,0
3827,93,0
3828,22,0
3829,60,1
3830,34,0
3831,26,0
3832,13,0
3833,66,0
3834,93,0
3835,22,0
3836,68,0
3837,17,0
3838,35,0
3839,7,0
3840,8,0
3841,35,0
3842,15,0
3843,51,1
3844,39,1
3845,52,0
3846,72,0
3847,84,0
3848,169,0
3849,133,1
3850,96,0
3851,45,0
3852,24,0
3853,57,0
3854,30,0
3855,114,0
3856,133,0
3857,35,0
3858,43,0
3859,31,0
3860,22,0
3861,13,0
3862,12,0
3863,28,0
3864,88,0
3865,27,0
3866,15,0
3867,35,0
3868,104,1
3869,12,0
3870,112,0
3871,160,0
3872,140,0
3873,6,0
3874,177,0
3875,50,0
3876,37,0
3877,69,0
3878,46,0
3879,78,0
3880,49,0
3881,93,0
3882,59,0
3883,38,0
3884,21,0
3885,10,0
3886,19,0
3887,6,0
3888,85,1
3889,75,0
3890,27,0
3891,27,0
3892,40,0
3893,11,0
3894,36,0
3895,25,0
3896,25,0
3897,56,1
3898,12,0
3899,112,0
3900,60,0
3901,106,1
3902,37,1
3903,88,0
3904,39,0
3905,114,0
3906,30,0
3907,103,0
3908,118,1
3909,56,0
3910,200,0
3911,101,0
3912,11,0
3913,49,0
3914,45,0
3915,43,0
3916,30,0
3917,60,0
3918,40,0
3919,36,0
3920,25,0
3921,13,0
3922,45,0
3923,27,0
3924,18,0
3925,52,0
3926,26,0
3927,145,0
3928,22,0
3929,106,0
3930,19,0
3931,45,0
3932,37,0
3933,17,0
3934,46,0
3935,112,0
3936,166,0
3937,20,0
3938,12,0
3939,61,0
3940,70,0
3941,31,0
3942,15,0
3943,17,0
3944,15,0
3945,58,0
3946,112,0
3947,91,0
3948,38,0
3949,31,0
3950,9,0
3951,48,0
3952,81,1
3953,10,0
3954,141,0
3955,70,0
3956,17,0
3957,36,0
3958,63,1
3959,68,1
3960,59,1
3961,39,1
3962,111,1
3963,97,1
3964,146,1
3965,41,1
3966,44,0
3967,200,0
3968,138,1
3969,200,0
3970,39,0
3971,200,0
3972,111,0
3973,200,0
3974,7,0
3975,35,0
3976,36,0
3977,134,0
3978,40,0
3979,169,1
3980,135,0
3981,136,1
3982,65,0
3983,57,0
3984,11,0
3985,16,0
3986,29,0
3987,125,0
3988,23,0
3989,33,0
3990,61,0
3991,68,0
3992,115,0
3993,66,0
3994,44,0
3995,51,0
3996,32,0
3997,32,0
3998,36,0
3999,10,0
4000,41,0
4001,28,0
4002,21,0
4003,16,0
4004,52,0
4005,61,0
4006,12,0
4007,42,0
4008,43,0
4009,32,0
4010,57,1
4011,55,0
4012,37,1
4013,42,1
4014,31,0
4015,156,1
4016,53,1
4017,200,0
4018,56,0
4019,82,0
4020,200,0
4021,59,0
4022,79,0
4023,200,0
4024,29,0
4025,138,0
4026,19,0
4027,13,0
4028,51,0
4029,28,0
4030,88,1
4031,55,0
4032,27,0
4033,14,0
4034,17,0
4035,28,0
4036,32,0
4037,56,0
4038,70,0
4039,30,0
4040,20,0
4041,44,0
4042,38,0
4043,46,0
4044,44,0
4045,78,0
4046,60,0
4047,34,0
4048,77,0
4049,37,0
4050,131,1
4051,17,0
4052,149,0
4053,33,0
4054,24,0
4055,44,1
4056,12,0
4057,69,0
4058,38,0
4059,103,1
4060,77,1
4061,159,1
4062,32,0
4063,97,1
4064,20,0
4065,186,0
4066,42,0
4067,9,0
4068,137,0
4069,68,1
4070,126,0
4071,35,0
4072,56,0
4073,14,0
4074,59,0
4075,22,0
4076,101,1
4077,112,0
4078,10,0
4079,42,1
4080,12,0
4081,101,1
4082,65,0
4083,185,0
4084,136,0
4085,66,0
4086,200,0
4087,200,1
4088,30,0
4089,186,1
4090,183,1
4091,24,0
4092,42,0
4093,104,0
4094,76,0
4095,91,1
4096,16,0
4097,153,0
4098,81,1
4099,128,0
4100,59,0
4101,131,1
4102,47,0
4103,200,0
4104,63,0
4105,83,1
4106,146,0
4107,71,0
4108,166,0
4109,94,0
4110,200,0
4111,24,0
4112,52,0
4113,48,0
4114,9,0
4115,18,0
4116,200,0
4117,63,0
4118,86,0
4119,61,0
4120,66,0
4121,25,0
4122,28,0
4123,42,0
4124,28,0
4125,26,0
4126,14,0
4127,52,0
4128,21,0
4129,33,0
4130,38,0
4131,39,0
4132,20,0
4133,5,0
4134,200,0
4135,76,1
4136,17,0
4137,32,0
4138,99,1
4139,200,0
4140,12,0
4141,132,0
4142,83,1
4143,154,0
4144,26,0
4145,116,1
4146,200,0
4147,110,0
4148,36,0
4149,29,0
4150,34,0
4151,17,0
4152,48,0
4153,12,0
4154,45,0
4155,81,1
4156,9,0
4157,40,1
4158,116,1
4159,35,0
4160,40,0
4161,28,0
4162,19,0
4163,106,0
4164,101,0
4165,39,0
4166,38,0
4167,40,1
4168,31,0
4169,63,0
4170,64,0
4171,81,0
4172,140,1
4173,24,0
4174,35,0
4175,38,0
4176,82,0
4177,70,1
4178,65,0
4179,23,0
4180,113,1
4181,200,0
4182,81,0
4183,24,0
4184,109,1
4185,200,0
4186,20,0
4187,63,0
4188,56,1
4189,162,0
4190,108,1
4191,137,0
4192,36,0
4193,9,0
4194,123,0
4195,71,0
4196,33,1
4197,19,0
4198,54,0
4199,47,0
4200,51,0
4201,117,1
4202,74,0
4203,38,0
4204,28,0
4205,124,0
4206,29,0
4207,150,0
4208,79,0
4209,97,0
4210,24,0
4211,200,0
4212,54,0
4213,97,0
4214,83,1
4215,37,0
4216,81,1
4217,92,0
4218,10,0
4219,16,0
4220,43,0
4221,7,0
4222,53,0
4223,52,0
4224,89,0
4225,6,0
4226,36,0
4227,104,1
4228,23,0
4229,41,0
4230,57,1
4231,73,0
4232,59,0
4233,29,0
4234,28,0
4235,49,0
4236,17,0
4237,24,1
4238,30,0
4239,81,0
4240,127,0
4241,16,0
4242,26,0
4243,14,0
4244,26,0
4245,81,1
4246,38,0
4247,35,0
4248,27,1
4249,160,1
4250,16,0
4251,91,1
4252,31,0
4253,54,0
4254,167,0
4255,117,0
4256,53,1
4257,34,0
4258,158,0
4259,119,1
4260,144,0
4261,101,0
4262,64,0
4263,123,0
4264,33,0
4265,77,0
4266,162,1
4267,154,0
4268,65,1
4269,31,0
4270,77,0
4271,18,0
4272,66,1
4273,29,0
4274,28,0
4275,23,0
4276,23,0
4277,18,0
4278,104,1
4279,6,0
4280,49,0
4281,20,0
4282,29,1
4283,119,1
4284,73,1
4285,31,0
4286,14,0
4287,41,0
4288,134,1
4289,64,1
4290,79,1
4291,183,1
4292,51,1
4293,111,1
4294,49,0
4295,29,0
4296,63,0
4297,86,0
4298,45,0
4299,200,0
4300,44,0
4301,142,1
4302,200,0
4303,100,1
4304,65,1
4305,115,0
4306,82,1
4307,41,0
4308,69,0
4309,10,0
4310,31,0
4311,59,1
4312,200,0
4313,9,0
4314,85,0
4315,117,1
4316,49,0
4317,57,0
4318,200,0
4319,40,0
4320,110,0
4321,86,0
4322,29,0
4323,107,1
4324,24,0
4325,57,0
4326,49,0
4327,79,0
4328,119,1
4329,9,0
4330,41,0
4331,18,0
4332,51,1
4333,57,1
4334,66,1
4335,200,0
4336,32,0
4337,143,0
4338,163,1
4339,182,1
4340,200,0
4341,15,0
4342,8,0
4343,27,0
4344,18,0
4345,35,0
4346,200,0
4347,166,1
4348,69,0
4349,66,0
4350,56,0
4351,32,0
4352,102,0
4353,47,0
4354,34,0
4355,107,0
4356,187,1
4357,87,0
4358,66,0
4359,29,0
4360,31,0
4361,18,0
4362,134,0
4363,45,0
4364,57,0
4365,15,0
4366,118,1
4367,200,0
4368,184,0
4369,59,0
4370,37,0
4371,100,1
4372,155,0
4373,28,0
4374,51,0
4375,26,0
4376,18,0
4377,55,0
4378,73,0
4379,59,0
4380,158,0
4381,76,1
4382,105,1
4383,41,0
4384,95,1
4385,9,0
4386,98,0
4387,53,0
4388,25,0
4389,34,0
4390,46,1
4391,62,1
4392,58,0
4393,51,1
4394,66,1
4395,73,1
4396,32,0
4397,38,0
4398,29,0
4399,195,0
4400,34,1
4401,22,0
4402,61,0
4403,139,0
4404,104,0
4405,50,0
4406,113,1
4407,99,0
4408,200,0
4409,115,1
4410,107,0
4411,67,0
4412,157,1
4413,117,0
4414,109,0
4415,69,0
4416,55,0
4417,176,1
4418,71,0
4419,72,0
4420,42,0
4421,108,0
4422,111,1
4423,118,0
4424,74,0
4425,87,0
4426,79,0
4427,23,0
4428,58,0
4429,85,1
4430,74,0
4431,55,0
4432,26,0
4433,63,0
4434,200,0
4435,200,0
4436,41,0
4437,158,0
4438,200,0
4439,199,1
4440,55,0
4441,96,0
4442,54,1
4443,97,0
4444,35,0
4445,120,0
4446,22,0
4447,30,0
4448,158,1
4449,77,0
4450,69,0
4451,24,0
4452,33,0
4453,25,0
4454,91,0
4455,11,0
4456,21,0
4457,6,0
4458,99,0
4459,57,0
4460,60,0
4461,61,0
4462,128,1
4463,41,0
4464,107,0
4465,184,0
4466,76,0
4467,90,1
4468,14,0
4469,76,0
4470,16,0
4471,38,0
4472,169,0
4473,38,0
4474,197,0
4475,24,0
4476,31,0
4477,23,0
4478,18,0
4479,26,0
4480,120,0
4481,20,0
4482,86,0
4483,64,0
4484,13,0
4485,32,0
4486,32,0
4487,119,0
4488,10,0
4489,52,1
4490,7,0
4491,184,0
4492,18,0
4493,40,0
4494,54,0
4495,53,0
4496,51,0
4497,15,0
4498,26,0
4499,37,1
4500,23,0
4501,139,1
4502,200,0
4503,79,1
4504,56,0
4505,75,0
4506,195,0
4507,61,0
4508,86,0
4509,55,0
4510,189,1
4511,42,0
4512,12,0
4513,43,0
4514,159,0
4515,41,1
4516,144,0
4517,28,0
4518,8,0
4519,109,1
4520,98,0
4521,23,1
4522,18,0
4523,45,0
4524,83,0
4525,188,1
4526,109,0
4527,36,1
4528,109,0
4529,35,0
4530,200,1
4531,70,0
4532,132,1
4533,94,0
4534,37,0
4535,73,0
4536,66,1
4537,65,1
4538,89,1
4539,25,0
4540,137,0
4541,84,0
4542,135,1
4543,16,0
4544,52,1
4545,62,1
4546,192,0
4547,64,0
4548,73,0
4549,200,0
4550,200,0
4551,40,0
4552,130,0
4553,17,0
4554,52,0
4555,54,0
4556,41,0
4557,101,1
4558,166,0
4559,106,0
4560,9,0
4561,115,0
4562,70,0
4563,31,0
4564,17,0
4565,46,0
4566,155,1
4567,33,0
4568,19,0
4569,62,0
4570,171,0
4571,200,0
4572,111,0
4573,200,0
4574,14,0
4575,69,0
4576,26,0
4577,125,0
4578,17,0
4579,29,0
4580,140,0
4581,63,0
4582,87,0
4583,49,0
4584,200,0
4585,32,0
4586,57,0
4587,139,0
4588,122,0
4589,47,0
4590,46,0
4591,65,0
4592,34,0
4593,97,0
4594,61,0
4595,17,0
4596,34,0
4597,15,0
4598,8,0
4599,12,0
4600,61,0
4601,11,0
4602,13,0
4603,21,0
4604,16,0
4605,77,0
4606,44,0
4607,31,0
4608,24,0
4609,63,0
4610,8,0
4611,45,0
4612,200,0
4613,19,0
4614,89,0
4615,32,0
4616,9,0
4617,27,0
4618,47,0
4619,20,0
4620,19,0
4621,67,0
4622,81,0
4623,54,0
4624,138,0
4625,130,0
4626,120,1
4627,62,0
4628,39,0
4629,36,0
4630,94,1
4631,18,0
4632,39,0
4633,44,0
4634,120,1
4635,65,0
4636,63,0
4637,200,0
4638,102,1
4639,96,0
4640,65,1
4641,104,0
4642,23,0
4643,84,0
4644,120,1
4645,35,0
4646,51,0
4647,140,1
4648,32,0
4649,44,0
4650,52,1
4651,29,0
4652,142,0
4653,39,0
4654,200,0
4655,18,0
4656,176,0
4657,135,0
4658,42,0
4659,26,0
4660,76,0
4661,40,1
4662,31,0
4663,75,0
4664,84,1
4665,36,0
4666,53,0
4667,77,1
4668,141,0
4669,34,0
4670,36,0
4671,32,0
4672,61,0
4673,64,0
4674,11,0
4675,153,1
4676,56,0
4677,72,0
4678,128,1
4679,69,0
4680,64,1
4681,66,1
4682,141,0
4683,113,1
4684,137,0
4685,106,0
4686,78,1
4687,77,0
4688,180,0
4689,20,0
4690,82,0
4691,101,0
4692,74,0
4693,111,0
4694,45,0
4695,62,1
4696,37,0
4697,56,0
4698,162,1
4699,40,0
4700,55,0
4701,10,0
4702,116,0
4703,32,0
4704,16,0
4705,8,0
4706,59,0
4707,78,0
4708,200,0
4709,144,0
4710,40,0
4711,21,0
4712,200,0
4713,50,0
4714,10,0
4715,8,0
4716,83,0
4717,136,0
4718,52,0
4719,17,0
4720,92,1
4721,68,0
4722,21,0
4723,24,0
4724,22,0
4725,149,0
4726,12,0
4727,63,0
4728,30,0
4729,62,1
4730,11,0
4731,24,0
4732,36,0
4733,24,0
4734,13,0
4735,77,0
4736,10,0
4737,200,0
4738,8,0
4739,54,0
4740,27,0
4741,144,0
4742,113,1
4743,55,1
4744,29,0
4745,13,0
4746,18,0
4747,107,0
4748,70,1
4749,122,0
4750,114,0
4751,67,0
4752,143,0
4753,37,1
4754,134,0
4755,101,0
4756,59,1
4757,116,0
4758,196,0
4759,21,0
4760,149,0
4761,12,0
4762,135,0
4763,70,0
4764,60,1
4765,98,1
4766,7,0
4767,127,0
4768,182,0
4769,7,0
4770,20,0
4771,64,1
4772,14,0
4773,8,0
4774,20,0
4775,66,1
4776,147,0
4777,59,0
4778,16,0
4779,15,0
4780,32,0
4781,60,0
4782,63,0
4783,108,0
4784,27,1
4785,23,0
4786,54,0
4787,71,0
4788,199,0
4789,199,0
4790,58,0
4791,18,0
4792,23,0
4793,14,0
4794,44,0
4795,39,0
4796,55,0
4797,18,0
4798,47,0
4799,61,0
4800,117,1
4801,98,0
4802,119,0
4803,113,0
4804,60,0
4805,25,0
4806,8,0
4807,118,0
4808,6,0
4809,29,0
4810,60,0
4811,30,0
4812,20,0
4813,6,0
4814,13,0
4815,18,0
4816,34,0
4817,62,0
4818,16,0
4819,84,1
4820,26,0
4821,35,1
4822,43,0
4823,49,1
4824,33,0
4825,31,0
4826,34,0
4827,28,0
4828,37,0
4829,38,0
4830,42,0
4831,76,0
4832,11,0
4833,22,0
4834,25,0
4835,46,0
4836,56,1
4837,16,0
4838,77,0
4839,67,1
4840,16,0
4841,28,0
4842,42,0
4843,46,0
4844,85,1
4845,16,0
4846,44,0
4847,200,0
4848,163,1
4849,71,0
4850,32,0
4851,74,0
4852,70,1
4853,40,0
4854,97,0
4855,36,0
4856,37,0
4857,59,0
4858,200,0
4859,55,1
4860,200,0
4861,17,0
4862,115,0
4863,174,1
4864,20,0
4865,108,0
4866,54,0
4867,65,0
4868,61,0
4869,76,0
4870,98,0
4871,115,1
4872,118,1
4873,160,1
4874,101,1
4875,13,0
4876,87,0
4877,120,1
4878,60,1
4879,20,0
4880,122,0
4881,21,0
4882,39,0
4883,119,0
4884,47,1
4885,87,0
4886,81,0
4887,155,1
4888,132,1
4889,40,0
4890,48,0
4891,38,1
4892,200,0
4893,114,0
4894,17,0
4895,66,0
4896,94,0
4897,198,0
4898,87,1
4899,39,0
4900,38,0
4901,39,0
4902,117,1
4903,109,0
4904,69,0
4905,20,0
4906,9,0
4907,114,1
4908,181,0
4909,36,0
4910,40,0
4911,102,0
4912,9,0
4913,62,0
4914,72,0
4915,44,1
4916,71,0
4917,31,0
4918,29,0
4919,107,0
4920,72,1
4921,17,0
4922,28,0
4923,42,0
4924,116,0
4925,38,0
4926,200,0
4927,83,0
4928,69,1
4929,200,0
4930,177,0
4931,68,0
4932,33,0
4933,200,0
4934,184,0
4935,38,0
4936,82,0
4937,97,0
4938,25,0
4939,80,0
4940,68,0
4941,45,0
4942,87,0
4943,6,0
4944,34,0
4945,40,0
4946,48,0
4947,34,0
4948,57,0
4949,77,0
4950,28,0
4951,19,0
4952,76,0
4953,23,0
4954,63,1
4955,65,0
4956,148,1
4957,98,0
4958,46,0
4959,145,0
4960,28,0
4961,200,0
4962,15,0
4963,54,0
4964,27,0
4965,62,0
4966,24,0
4967,9,0
4968,41,0
4969,13,0
4970,13,0
4971,59,0
4972,11,0
4973,84,0
4974,31,0
4975,61,1
4976,120,1
4977,82,0
4978,116,1
4979,18,0
4980,91,0
4981,122,1
4982,185,0
4983,171,0
4984,49,0
4985,28,0
4986,32,0
4987,44,0
4988,51,0
4989,70,0
4990,53,0
4991,162,0
4992,19,0
4993,25,0
4994,10,0
4995,37,0
4996,95,0
4997,88,0
4998,8,0
4999,52,0
5000,114,0
5001,10,0
5002,102,1
5003,135,0
5004,105,0
5005,13,0
5006,33,0
5007,8,0
5008,126,0
5009,110,0
5010,39,0
5011,130,0
5012,15,0
5013,71,0
5014,47,1
5015,80,0
5016,8,0
5017,5,0
5018,57,1
5019,55,0
5020,97,0
5021,6,0
5022,19,0
5023,76,1
5024,182,0
5025,35,1
5026,200,0
5027,49,0
5028,58,0
5029,36,0
5030,13,0
5031,66,1
5032,56,0
5033,31,0
5034,33,0
5035,7,0
5036,101,0
5037,24,0
5038,162,0
5039,81,0
5040,76,0
5041,60,0
5042,155,0
5043,82,0
5044,95,0
5045,91,0
5046,200,0
5047,43,0
5048,30,0
5049,44,0
5050,65,0
5051,59,0
5052,191,0
5053,81,0
5054,20,0
5055,100,0
5056,48,1
5057,43,0
5058,29,0
5059,66,0
5060,35,0
5061,38,0
5062,53,0
5063,76,0
5064,48,0
5065,85,0
5066,40,0
5067,59,0
5068,25,0
5069,39,0
5070,30,0
5071,13,0
5072,93,0
5073,41,0
5074,56,0
5075,55,0
5076,148,0
5077,50,1
5078,106,1
5079,51,0
5080,45,0
5081,8,0
5082,7,0
5083,47,0
5084,171,1
5085,77,0
5086,72,0
5087,44,0
5088,129,1
5089,33,0
5090,20,0
5091,42,0
5092,42,0
5093,44,0
5094,26,0
5095,200,0
5096,91,0
5097,50,0
5098,15,0
5099,21,0
5100,47,0
5101,14,0
5102,44,0
5103,73,0
5104,74,1
5105,17,0
5106,87,0
5107,26,1
5108,54,0
5109,19,0
5110,8,0
5111,58,1
5112,36,0
5113,91,0
5114,62,1
5115,33,0
5116,46,0
5117,200,0
5118,49,0
5119,74,1
5120,120,1
5121,105,1
5122,194,0
5123,28,0
5124,200,0
5125,43,0
5126,198,0
5127,91,0
5128,90,0
5129,126,0
5130,200,0
5131,25,0
5132,45,0
5133,30,0
5134,26,0
5135,100,0
5136,162,0
5137,125,1
5138,16,0
5139,48,0
5140,104,1
5141,24,0
5142,66,0
5143,169,0
5144,20,0
5145,146,0
5146,141,0
5147,42,1
5148,150,0
5149,58,0
5150,92,0
5151,19,0
5152,95,0
5153,22,0
5154,92,0
5155,10,0
5156,38,0
5157,14,0
5158,59,1
5159,7,0
5160,42,0
5161,30,0
5162,13,0
5163,44,0
5164,168,0
5165,39,0
5166,192,0
5167,144,0
5168,35,0
5169,104,0
5170,27,0
5171,72,0
5172,35,0
5173,200,0
5174,75,0
5175,39,0
5176,40,0
5177,79,0
5178,11,0
5179,54,0
5180,22,0
5181,54,0
5182,16,0
5183,23,0
5184,38,0
5185,30,0
5186,59,1
5187,163,0
5188,61,0
5189,32,0
5190,9,0
5191,11,0
5192,94,1
5193,43,1
5194,12,0
5195,55,0
5196,9,0
5197,168,0
5198,80,0
5199,14,0
5200,25,0
5201,23,0
5202,109,0
5203,98,0
5204,103,0
5205,14,0
5206,200,0
5207,200,0
5208,32,0
5209,51,0
5210,150,0
5211,74,0
5212,200,0
5213,29,0
5214,137,1
5215,61,1
5216,136,0
5217,79,0
5218,32,0
5219,30,0
5220,22,0
5221,73,0
5222,14,0
5223,44,0
5224,112,1
5225,20,0
5226,16,0
5227,41,0
5228,55,1
5229,34,0
5230,30,0
5231,45,0
5232,132,0
5233,200,0
5234,60,0
5235,124,0
5236,25,0
5237,61,0
5238,156,0
5239,41,0
5240,94,0
5241,109,0
5242,23,0
5243,118,0
5244,44,0
5245,137,0
5246,13,0
5247,21,0
5248,32,0
5249,18,0
5250,68,0
5251,31,0
5252,16,0
5253,24,0
5254,48,0
5255,66,1
5256,13,0
5257,8,0
5258,48,0
5259,6,0
5260,24,0
5261,24,0
5262,31,0
5263,23,0
5264,59,0
5265,25,0
5266,57,0
5267,69,0
5268,129,1
5269,88,1
5270,136,0
5271,129,1
5272,35,0
5273,106,0
5274,194,0
5275,36,0
5276,13,0
5277,116,0
5278,89,0
5279,198,1
5280,168,1
5281,80,0
5282,85,0
5283,39,0
5284,42,0
5285,185,1
5286,135,0
5287,52,0
5288,24,0
5289,148,0
5290,34,0
5291,103,1
5292,64,0
5293,49,0
5294,97,0
5295,127,0
5296,74,0
5297,133,0
5298,23,0
5299,64,0
5300,25,0
5301,200,0
5302,23,0
5303,81,1
5304,109,1
5305,14,0
5306,17,0
5307,23,0
5308,37,0
5309,76,1
5310,27,0
5311,76,1
5312,55,0
5313,13,0
5314,55,1
5315,99,0
5316,63,0
5317,48,1
5318,9,0
5319,100,1
5320,33,0
5321,53,1
5322,42,0
5323,11,0
5324,127,0
5325,193,0
5326,105,0
5327,200,0
5328,18,0
5329,87,0
5330,51,0
5331,70,0
5332,74,0
5333,107,0
5334,50,0
5335,37,0
5336,23,0
5337,110,0
5338,85,0
5339,124,1
5340,51,0
5341,69,1
5342,98,1
5343,38,0
5344,148,1
5345,86,1
5346,63,0
5347,79,0
5348,81,1
5349,15,0
5350,73,1
5351,200,0
5352,121,0
5353,49,1
5354,68,0
5355,71,1
5356,166,1
5357,62,0
5358,108,1
5359,191,0
5360,82,1
5361,86,0
5362,39,1
5363,43,0
5364,56,1
5365,69,1
5366,43,0
5367,126,0
5368,70,0
5369,138,0
5370,88,1
5371,63,1
5372,99,1
5373,153,1
5374,141,1
5375,62,1
5376,49,0
5377,79,1
5378,155,0
5379,177,0
5380,71,0
5381,145,1
5382,105,1
5383,40,0
5384,76,1
5385,49,0
5386,75,1
5387,69,0
5388,93,1
5389,200,0
5390,21,0
5391,200,0
5392,135,0
5393,185,1
5394,121,0
5395,34,0
5396,40,0
5397,15,0
5398,89,0
5399,136,0
5400,50,0
5401,133,1
5402,131,1
5403,13,0
5404,86,1
5405,26,0
5406,14,0
5407,45,1
5408,109,1
5409,115,0
5410,200,0
5411,134,0
5412,112,0
5413,182,1
5414,68,0
5415,15,0
5416,29,0
5417,200,0
5418,48,0
5419,200,0
5420,12,0
5421,20,0
5422,37,0
5423,99,0
5424,105,1
5425,43,0
5426,139,1
5427,133,1
5428,64,0
5429,39,0
5430,30,0
5431,14,0
5432,39,1
5433,55,0
5434,199,0
5435,43,0
5436,19,0
5437,31,0
5438,176,1
5439,89,0
5440,161,1
5441,200,0
5442,26,0
5443,132,1
5444,7,0
5445,102,0
5446,200,0
5447,27,0
5448,73,1
5449,63,1
5450,53,1
5451,39,0
5452,87,1
5453,29,0
5454,62,1
5455,157,0
5456,10,0
5457,37,0
5458,59,0
5459,104,1
5460,55,0
5461,91,1
5462,200,0
5463,100,0
5464,65,0
5465,105,0
5466,92,0
5467,134,0
5468,135,0
5469,15,0
5470,41,1
5471,52,0
5472,92,1
5473,122,0
5474,200,0
5475,173,0
5476,172,0
5477,48,0
5478,23,0
5479,112,0
5480,94,1
5481,93,0
5482,61,1
5483,69,1
5484,200,0
5485,46,0
5486,102,0
5487,117,0
5488,95,0
5489,94,1
5490,22,0
5491,18,0
5492,50,0
5493,11,0
5494,108,0
5495,101,1
5496,131,0
5497,155,0
5498,35,1
5499,38,0
5500,38,0
5501,112,1
5502,98,1
5503,168,0
5504,34,0
5505,6,0
5506,62,1
5507,26,0
5508,113,1
5509,16,0
5510,80,0
5511,75,0
5512,43,1
5513,90,0
5514,55,1
5515,178,1
5516,38,0
5517,25,1
5518,93,0
5519,77,0
5520,93,0
5521,61,1
5522,40,1
5523,84,0
5524,103,1
5525,72,1
5526,82,1
5527,37,1
5528,123,1
5529,69,0
5530,170,1
5531,52,0
5532,29,1
5533,200,0
5534,45,0
5535,101,0
5536,94,1
5537,76,1
5538,41,0
5539,98,1
5540,84,0
5541,200,0
5542,150,1
5543,59,0
5544,22,0
5545,27,0
5546,26,0
5547,161,1
5548,35,0
5549,31,0
5550,200,0
5551,52,0
5552,45,0
5553,186,1
5554,70,0
5555,81,0
5556,115,1
5557,86,0
5558,58,0
5559,125,0
5560,179,0
5561,22,0
5562,38,0
5563,63,0
5564,34,0
5565,74,0
5566,169,0
5567,18,0
5568,50,0
5569,15,0
5570,33,0
5571,85,0
5572,94,0
5573,43,0
5574,13,0
5575,78,0
5576,188,0
5577,24,0
5578,200,0
5579,10,0
5580,87,0
5581,106,0
5582,29,0
5583,14,0
5584,92,0
5585,107,0
5586,57,1
5587,27,0
5588,102,1
5589,73,1
5590,20,0
5591,61,0
5592,102,1
5593,22,0
5594,72,1
5595,102,1
5596,16,0
5597,67,0
5598,200,0
5599,108,1
5600,107,0
5601,41,0
5602,192,1
5603,36,0
5604,16,0
5605,97,1
5606,16,0
5607,81,0
5608,131,0
5609,70,0
5610,148,0
5611,199,0
5612,40,0
5613,23,0
5614,159,1
5615,57,0
5616,54,0
5617,109,0
5618,97,1
5619,55,0
5620,32,0
5621,47,0
5622,12,0
5623,21,0
5624,28,0
5625,20,0
5626,32,0
5627,80,1
5628,62,0
5629,7,0
5630,75,1
5631,43,0
5632,200,0
5633,191,0
5634,58,1
5635,19,0
5636,29,1
5637,113,1
5638,42,0
5639,41,0
5640,33,0
5641,53,1
5642,44,0
5643,12,0
5644,106,0
5645,28,1
5646,29,0
5647,100,0
5648,15,0
5649,61,1
5650,44,0
5651,89,0
5652,71,0
5653,48,0
5654,169,1
5655,91,1
5656,99,1
5657,74,1
5658,124,0
5659,170,0
5660,132,0
5661,189,0
5662,51,0
5663,77,0
5664,136,1
5665,200,0
5666,33,0
5667,89,1
5668,159,0
5669,11,0
5670,115,0
5671,23,0
5672,38,0
5673,71,0
5674,15,0
5675,7,0
5676,21,0
5677,30,0
5678,131,0
5679,87,1
5680,17,0
5681,37,1
5682,149,0
5683,79,0
5684,121,0
5685,174,1
5686,189,1
5687,39,0
5688,119,0
5689,120,0
5690,29,0
5691,41,0
5692,59,0
5693,60,1
5694,73,0
5695,62,0
5696,106,0
5697,80,1
5698,195,1
5699,94,1
5700,31,0
5701,86,1
5702,34,0
5703,26,0
5704,128,0
5705,10,0
5706,84,1
5707,51,0
5708,82,1
5709,200,0
5710,52,0
5711,94,1
5712,12,0
5713,97,0
5714,10,0
5715,52,1
5716,102,1
5717,65,0
5718,55,0
5719,137,1
5720,70,1
5721,179,0
5722,73,0
5723,93,1
5724,10,0
5725,113,1
5726,82,1
5727,142,1
5728,37,0
5729,71,1
5730,163,0
5731,46,0
5732,39,1
5733,24,0
5734,82,0
5735,140,1
5736,133,0
5737,77,0
5738,200,0
5739,105,0
5740,69,0
5741,134,0
5742,108,0
5743,25,0
5744,25,0
5745,200,0
5746,165,1
5747,112,0
5748,69,1
5749,28,0
5750,16,0
5751,53,0
5752,53,0
5753,136,1
5754,37,1
5755,74,1
5756,67,0
5757,86,1
5758,39,1
5759,115,1
5760,110,0
5761,57,0
5762,200,1
5763,25,0
5764,26,0
5765,143,1
5766,43,1
5767,73,0
5768,45,0
5769,200,0
5770,128,1
5771,47,0
5772,20,0
5773,133,1
5774,200,0
5775,200,0
5776,79,1
5777,53,0
5778,119,1
5779,29,0
5780,128,0
5781,200,0
5782,78,0
5783,55,0
5784,21,0
5785,198,1
5786,38,0
5787,54,0
5788,81,0
5789,9,0
5790,13,0
5791,74,1
5792,116,1
5793,53,1
5794,33,0
5795,12,0
5796,32,1
5797,128,1
5798,89,1
5799,57,0
5800,59,1
5801,128,0
5802,30,0
5803,80,0
5804,39,0
5805,53,0
5806,81,1
5807,104,1
5808,139,0
5809,200,0
5810,200,0
5811,106,0
5812,132,1
5813,152,1
5814,47,0
5815,127,1
5816,85,0
5817,88,0
5818,44,0
5819,35,0
5820,50,0
5821,30,0
5822,35,0
5823,187,1
5824,44,0
5825,186,1
5826,89,1
5827,169,0
5828,120,0
5829,30,0
5830,149,1
5831,132,0
5832,18,0
5833,23,0
5834,62,0
5835,22,0
5836,44,0
5837,75,0
5838,67,0
5839,51,0
5840,88,0
5841,78,0
5842,78,1
5843,22,0
5844,155,0
5845,15,0
5846,97,0
5847,24,0
5848,200,0
5849,127,0
5850,88,0
5851,22,0
5852,29,0
5853,16,0
5854,56,0
5855,81,0
5856,158,1
5857,44,0
5858,43,0
5859,31,0
5860,112,0
5861,43,0
5862,38,1
5863,17,0
5864,133,0
5865,100,0
5866,36,0
5867,183,1
5868,103,0
5869,27,0
5870,19,0
5871,10,0
5872,70,1
5873,48,0
5874,71,0
5875,21,0
5876,55,0
5877,51,0
5878,106,0
5879,153,1
5880,76,0
5881,71,1
5882,156,0
5883,57,0
5884,10,0
5885,14,0
5886,33,0
5887,35,0
5888,38,0
5889,92,1
5890,99,1
5891,30,0
5892,15,0
5893,133,1
5894,58,1
5895,183,1
5896,50,0
5897,200,0
5898,23,0
5899,78,0
5900,72,0
5901,79,1
5902,90,0
5903,78,0
5904,69,0
5905,130,1
5906,155,0
5907,52,0
5908,102,0
5909,160,0
5910,75,0
5911,47,0
5912,20,0
5913,64,0
5914,20,0
5915,56,0
5916,200,0
5917,26,0
5918,18,0
5919,47,0
5920,72,0
5921,200,0
5922,60,0
5923,25,0
5924,69,0
5925,103,0
5926,51,0
5927,34,0
5928,50,0
5929,21,0
5930,50,0
5931,129,0
5932,13,0
5933,190,0
5934,49,0
5935,6,0
5936,67,0
5937,52,0
5938,23,0
5939,34,0
5940,47,0
5941,15,0
5942,11,0
5943,36,0
5944,89,0
5945,80,0
5946,20,0
5947,27,0
5948,68,1
5949,37,0
5950,17,0
5951,54,0
5952,10,0
5953,8,0
5954,93,1
5955,200,0
5956,23,0
5957,34,1
5958,76,0
5959,100,0
5960,64,1
5961,93,0
5962,24,0
5963,43,0
5964,67,1
5965,31,0
5966,16,0
5967,124,1
5968,82,1
5969,58,0
5970,93,1
5971,31,0
5972,52,0
5973,30,0
5974,132,1
5975,50,0
5976,183,1
5977,73,0
5978,27,0
5979,10,0
5980,83,0
5981,49,1
5982,153,0
5983,153,0
5984,75,1
5985,107,1
5986,200,0
5987,107,1
5988,80,1
5989,56,0
5990,19,0
5991,55,0
5992,14,0
5993,82,0
5994,59,0
5995,24,0
5996,68,1
5997,79,0
5998,19,1
5999,107,0
6000,71,1
6001,42,0
6002,62,0
6003,45,0
6004,121,0
6005,200,0
6006,200,0
6007,73,0
6008,120,1
6009,48,0
6010,200,0
6011,60,0
6012,17,0
6013,200,0
6014,16,0
6015,200,0
6016,19,0
6017,25,0
6018,17,0
6019,200,0
6020,85,1
6021,36,1
6022,48,0
6023,102,0
6024,9,0
6025,36,0
6026,25,0
6027,14,0
6028,10,0
6029,60,0
6030,61,0
6031,70,1
6032,57,1
6033,25,0
6034,11,0
6035,86,0
6036,67,0
6037,17,0
6038,160,1
6039,22,0
6040,30,0
6041,132,0
6042,49,1
6043,83,1
6044,16,0
6045,10,0
6046,18,0
6047,64,1
6048,57,0
6049,30,0
6050,123,1
6051,38,0
6052,61,1
6053,22,0
6054,200,0
6055,150,1
6056,200,0
6057,20,0
6058,34,0
6059,99,1
6060,111,1
6061,70,0
6062,92,1
6063,91,1
6064,170,1
6065,15,0
6066,13,0
6067,42,0
6068,25,0
6069,92,0
6070,49,1
6071,83,1
6072,83,0
6073,200,0
6074,127,1
6075,79,1
6076,169,1
6077,18,0
6078,100,1
6079,154,0
6080,84,0
6081,27,1
6082,15,0
6083,103,1
6084,24,1
6085,37,0
6086,60,0
6087,83,0
6088,82,1
6089,85,0
6090,48,0
6091,36,0
6092,93,0
6093,121,1
6094,58,1
6095,104,1
6096,65,1
6097,95,0
6098,48,0
6099,50,1
6100,93,1
6101,170,1
6102,117,0
6103,33,1
6104,52,0
6105,121,1
6106,59,0
6107,40,1
6108,135,1
6109,34,0
6110,87,1
6111,78,0
6112,106,0
6113,65,1
6114,75,1
6115,80,1
6116,93,1
6117,107,1
6118,29,1
6119,51,1
6120,200,0
6121,99,1
6122,92,0
6123,85,1
6124,114,0
6125,57,1
6126,36,0
6127,157,1
6128,70,1
6129,111,1
6130,50,1
6131,74,0
6132,122,1
6133,30,1
6134,80,0
6135,109,1
6136,91,1
6137,101,0
6138,48,1
6139,86,0
6140,189,0
6141,46,1
6142,48,0
6143,22,0
6144,77,1
6145,51,0
6146,147,1
6147,45,1
6148,92,1
6149,37,0
6150,114,1
6151,87,1
6152,200,0
6153,45,1
6154,77,0
6155,100,1
6156,164,0
6157,29,0
6158,138,0
6159,48,1
6160,134,0
6161,105,0
6162,43,0
6163,168,1
6164,33,0
6165,43,0
6166,200,0
6167,48,1
6168,87,1
6169,40,1
6170,135,0
6171,80,0
6172,200,0
6173,119,1
6174,84,0
6175,192,0
6176,167,0
6177,198,0
6178,12,0
6179,25,0
6180,39,0
6181,44,0
6182,64,0
6183,75,0
6184,91,0
6185,101,1
6186,77,0
6187,161,1
6188,166,1
6189,130,1
6190,150,1
6191,146,1
6192,15,0
6193,24,0
6194,65,1
6195,65,1
6196,95,1
6197,22,0
6198,47,1
6199,87,1
6200,107,1
6201,14,0
6202,37,1
6203,57,0
6204,30,0
6205,133,1
6206,134,1
6207,28,0
6208,102,1
6209,67,1
6210,65,1
6211,117,1
6212,14,0
6213,126,1
6214,42,0
6215,83,1
6216,49,0
6217,82,0
6218,137,1
6219,94,1
6220,24,1
6221,94,1
6222,70,1
6223,14,0
6224,94,1
6225,96,1
6226,106,1
6227,60,1
6228,10,0
6229,55,1
6230,105,0
6231,117,0
6232,90,1
6233,52,0
6234,22,0
6235,12,0
6236,200,0
6237,34,0
6238,130,0
6239,154,1
6240,114,1
6241,200,0
6242,200,0
6243,77,0
6244,55,1
6245,70,1
6246,82,1
6247,200,0
6248,81,0
6249,135,0
6250,75,0
6251,149,1
6252,120,0
6253,76,1
6254,25,0
6255,121,1
6256,36,0
6257,78,0
6258,137,1
6259,69,0
6260,27,0
6261,189,0
6262,148,1
6263,15,0
6264,8,0
6265,73,0
6266,103,0
6267,61,0
6268,102,0
6269,53,0
6270,74,1
6271,98,0
6272,82,1
6273,29,0
6274,117,1
6275,19,0
6276,37,1
6277,127,0
6278,23,0
6279,79,0
6280,52,1
6281,175,1
6282,111,1
6283,62,1
6284,200,0
6285,68,1
6286,76,1
6287,42,1
6288,30,0
6289,35,0
6290,67,0
6291,37,0
6292,116,1
6293,109,0
6294,44,1
6295,164,1
6296,200,0
6297,16,0
6298,181,1
6299,67,1
6300,115,0
6301,38,0
6302,68,0
6303,81,0
6304,134,1
6305,74,0
6306,199,1
6307,164,1
6308,15,0
6309,15,0
6310,44,0
6311,41,0
6312,129,1
6313,123,1
6314,194,1
6315,123,0
6316,81,0
6317,117,1
6318,119,1
6319,79,0
6320,27,0
6321,52,1
6322,99,0
6323,67,0
6324,24,0
6325,30,0
6326,81,1
6327,10,0
6328,44,0
6329,95,0
6330,152,1
6331,127,1
6332,106,0
6333,54,1
6334,69,0
6335,68,0
6336,74,0
6337,118,1
6338,23,0
6339,116,0
6340,200,0
6341,40,0
6342,57,0
6343,64,0
6344,64,0
6345,74,1
6346,25,0
6347,200,0
6348,200,0
6349,23,0
6350,63,0
6351,53,0
6352,11,0
6353,69,0
6354,140,1
6355,66,0
6356,34,0
6357,79,0
6358,109,1
6359,37,0
6360,73,0
6361,13,0
6362,54,1
6363,126,0
6364,142,1
6365,25,0
6366,145,1
6367,75,0
6368,200,0
6369,91,0
6370,94,0
6371,83,1
6372,73,0
6373,68,0
6374,30,0
6375,59,0
6376,69,0
6377,64,0
6378,64,0
6379,13,0
6380,52,0
6381,94,0
6382,24,0
6383,53,0
6384,200,0
6385,14,0
6386,102,0
6387,48,0
6388,26,0
6389,36,0
6390,118,1
6391,24,1
6392,200,0
6393,98,0
6394,38,0
6395,200,0
6396,72,0
6397,112,1
6398,45,0
6399,161,1
6400,66,0
6401,200,0
6402,39,0
6403,115,0
6404,23,0
6405,123,0
6406,74,0
6407,80,1
6408,166,0
6409,200,0
6410,142,0
6411,37,1
6412,37,0
6413,17,0
6414,19,0
6415,116,0
6416,164,0
6417,48,1
6418,106,0
6419,94,1
6420,58,1
6421,45,0
6422,44,1
6423,69,0
6424,134,1
6425,13,0
6426,46,0
6427,30,0
6428,15,0
6429,49,0
6430,73,1
6431,91,0
6432,28,0
6433,130,1
6434,29,0
6435,70,0
6436,86,0
6437,152,1
6438,51,0
6439,78,1
6440,32,1
6441,15,0
6442,200,0
6443,102,1
6444,51,0
6445,55,1
6446,200,0
6447,49,1
6448,133,1
6449,17,0
6450,53,0
6451,62,0
6452,30,1
6453,46,1
6454,106,1
6455,106,1
6456,22,0
6457,107,1
6458,39,1
6459,77,1
6460,25,0
6461,151,0
6462,59,1
6463,58,0
6464,200,0
6465,193,1
6466,84,1
6467,65,0
6468,73,1
6469,60,0
6470,118,1
6471,104,1
6472,198,1
6473,23,0
6474,70,0
6475,99,1
6476,64,0
6477,119,0
6478,93,1
6479,114,0
6480,200,0
6481,82,1
6482,70,0
6483,103,0
6484,95,0
6485,131,1
6486,68,0
6487,32,0
6488,68,0
6489,192,1
6490,137,0
6491,180,1
6492,170,0
6493,133,1
6494,50,0
6495,36,0
6496,116,1
6497,91,0
6498,127,0
6499,46,0
6500,98,0
6501,27,0
6502,34,0
6503,24,0
6504,73,0
6505,18,0
6506,52,1
6507,160,0
6508,200,0
6509,121,0
6510,57,0
6511,47,0
6512,200,0
6513,116,0
6514,50,0
6515,105,0
6516,39,0
6517,70,0
6518,34,0
6519,46,0
6520,46,0
6521,200,0
6522,91,1
6523,48,0
6524,16,0
6525,58,0
6526,94,0
6527,27,0
6528,160,1
6529,26,0
6530,144,1
6531,34,0
6532,93,1
6533,120,0
6534,14,0
6535,20,0
6536,19,0
6537,62,1
6538,43,1
6539,157,1
6540,52,0
6541,134,0
6542,60,1
6543,28,0
6544,35,1
6545,154,1
6546,118,1
6547,59,1
6548,53,0
6549,80,1
6550,32,0
6551,115,1
6552,66,0
6553,135,1
6554,87,0
6555,49,1
6556,200,0
6557,97,1
6558,66,1
6559,119,0
6560,62,0
6561,101,0
6562,49,0
6563,47,0
6564,47,0
6565,75,0
6566,19,0
6567,20,0
6568,141,0
6569,74,1
6570,77,0
6571,43,1
6572,81,0
6573,11,0
6574,25,0
6575,27,0
6576,108,0
6577,52,0
6578,77,1
6579,125,1
6580,52,0
6581,13,0
6582,65,0
6583,73,0
6584,89,1
6585,94,1
6586,24,0
6587,83,1
6588,127,1
6589,40,0
6590,90,0
6591,108,0
6592,58,0
6593,7,0
6594,13,0
6595,76,0
6596,200,0
6597,17,0
6598,200,0
6599,11,0
6600,77,0
6601,148,0
6602,93,0
6603,23,0
6604,51,0
6605,66,0
6606,116,1
6607,84,0
6608,102,1
6609,60,1
6610,35,0
6611,88,0
6612,31,1
6613,18,0
6614,29,1
6615,58,1
6616,51,1
6617,13,0
6618,62,0
6619,33,0
6620,37,1
6621,57,1
6622,44,0
6623,36,1
6624,199,0
6625,102,1
6626,58,0
6627,82,1
6628,32,0
6629,200,0
6630,55,0
6631,93,0
6632,148,0
6633,46,1
6634,38,0
6635,41,1
6636,59,1
6637,95,0
6638,68,0
6639,66,0
6640,200,0
6641,131,0
6642,200,0
6643,97,1
6644,115,0
6645,83,1
6646,27,0
6647,133,0
6648,200,0
6649,30,0
6650,175,1
6651,11,0
6652,81,0
6653,36,1
6654,30,0
6655,140,0
6656,61,1
6657,108,1
6658,13,0
6659,76,0
6660,14,0
6661,200,0
6662,10,0
6663,49,1
6664,18,0
6665,99,0
6666,43,0
6667,138,0
6668,77,0
6669,73,0
6670,79,1
6671,162,1
6672,17,0
6673,17,0
6674,167,0
6675,114,1
6676,118,0
6677,41,1
6678,14,0
6679,80,0
6680,30,0
6681,169,1
6682,30,0
6683,19,0
6684,166,0
6685,138,1
6686,42,0
6687,38,0
6688,64,1
6689,8,0
6690,73,1
6691,9,0
6692,124,1
6693,42,0
6694,54,0
6695,16,0
6696,62,1
6697,77,0
6698,36,0
6699,159,1
6700,100,1
6701,145,1
6702,90,0
6703,84,0
6704,45,0
6705,157,1
6706,88,0
6707,43,0
6708,29,0
6709,200,0
6710,101,0
6711,25,0
6712,5,0
6713,34,0
6714,9,0
6715,60,0
6716,103,0
6717,98,1
6718,44,0
6719,54,0
6720,64,0
6721,149,1
6722,146,0
6723,17,0
6724,24,0
6725,11,0
6726,51,0
6727,200,0
6728,45,0
6729,75,1
6730,48,0
6731,200,0
6732,36,1
6733,26,0
6734,60,0
6735,139,1
6736,17,0
6737,59,0
6738,104,1
6739,89,1
6740,45,1
6741,70,1
6742,25,0
6743,117,0
6744,20,0
6745,11,0
6746,155,1
6747,63,1
6748,29,1
6749,26,0
6750,50,1
6751,112,1
6752,17,0
6753,68,1
6754,44,1
6755,39,1
6756,34,0
6757,63,0
6758,90,1
6759,43,1
6760,190,1
6761,94,1
6762,62,1
6763,49,0
6764,43,1
6765,61,1
6766,71,1
6767,39,0
6768,45,1
6769,17,0
6770,90,1
6771,59,0
6772,48,1
6773,180,1
6774,122,0
6775,116,1
6776,112,0
6777,142,1
6778,108,1
6779,63,1
6780,11,0
6781,103,1
6782,79,0
6783,70,1
6784,57,1
6785,62,1
6786,94,0
6787,36,1
6788,62,1
6789,69,1
6790,54,1
6791,200,0
6792,100,0
6793,91,1
6794,24,0
6795,74,1
6796,183,1
6797,172,0
6798,197,1
6799,68,1
6800,152,0
6801,158,0
6802,200,0
6803,75,1
6804,115,0
6805,68,0
6806,140,0
6807,125,0
6808,115,0
6809,115,0
6810,87,0
6811,23,0
6812,105,1
6813,110,1
6814,10,0
6815,44,1
6816,200,0
6817,22,0
6818,78,1
6819,41,1
6820,36,0
6821,68,0
6822,103,1
6823,89,0
6824,61,1
6825,71,1
6826,108,1
6827,37,0
6828,18,0
6829,27,0
6830,94,1
6831,60,0
6832,69,0
6833,79,0
6834,90,1
6835,49,0
6836,200,0
6837,132,1
6838,200,0
6839,171,1
6840,112,0
6841,96,0
6842,134,1
6843,68,0
6844,22,0
6845,159,0
6846,200,0
6847,200,0
6848,58,0
6849,162,0
6850,200,0
6851,31,0
6852,200,0
6853,109,1
6854,200,0
6855,167,0
6856,18,0
6857,23,0
6858,70,0
6859,99,0
6860,18,0
6861,125,0
6862,15,0
6863,120,0
6864,22,0
6865,69,0
6866,48,0
6867,100,1
6868,200,0
6869,111,0
6870,183,0
6871,18,0
6872,123,0
6873,98,0
6874,10,0
6875,75,0
6876,100,1
6877,14,0
6878,125,0
6879,94,0
6880,28,0
6881,91,0
6882,54,0
6883,175,1
6884,200,0
6885,105,0
6886,126,0
6887,7,0
6888,19,0
6889,131,0
6890,16,0
6891,50,0
6892,74,0
6893,59,1
6894,51,1
6895,80,0
6896,24,0
6897,122,0
6898,48,1
6899,133,1
6900,29,0
6901,54,1
6902,44,1
6903,26,0
6904,75,1
6905,72,1
6906,58,0
6907,149,1
6908,200,0
6909,42,0
6910,200,0
6911,97,0
6912,26,0
6913,200,0
6914,87,0
6915,174,0
6916,91,0
6917,164,1
6918,52,0
6919,92,0
6920,166,0
6921,126,1
6922,66,0
6923,20,0
6924,32,0
6925,35,0
6926,200,0
6927,25,0
6928,9,0
6929,38,0
6930,76,0
6931,40,0
6932,11,0
6933,28,0
6934,64,0
6935,26,0
6936,27,0
6937,9,0
6938,20,0
6939,5,0
6940,51,0
6941,19,0
6942,21,0
6943,69,0
6944,151,0
6945,94,0
6946,107,0
6947,196,0
6948,32,0
6949,28,0
6950,20,0
6951,66,0
6952,7,0
6953,158,1
6954,25,0
6955,14,0
6956,25,0
6957,87,0
6958,60,1
6959,55,1
6960,122,1
6961,195,1
6962,90,0
6963,45,1
6964,58,1
6965,46,1
6966,53,0
6967,59,0
6968,118,0
6969,65,1
6970,82,1
6971,34,1
6972,106,1
6973,99,0
6974,81,1
6975,76,1
6976,97,0
6977,53,0
6978,106,1
6979,83,1
6980,43,1
6981,110,1
6982,38,0
6983,54,0
6984,200,0
6985,36,0
6986,47,1
6987,168,1
6988,58,1
6989,64,1
6990,132,1
6991,145,1
6992,83,1
6993,93,0
6994,168,1
6995,82,0
6996,142,1
6997,69,1
6998,84,1
6999,32,0
7000,161,0
7001,142,0
7002,84,1
7003,104,1
7004,108,1
7005,88,0
7006,111,0
7007,77,1
7008,36,0
7009,38,0
7010,40,0
7011,40,1
7012,35,0
7013,53,0
7014,121,1
7015,59,1
7016,26,0
7017,183,1
7018,116,1
7019,62,0
7020,55,0
7021,84,0
7022,167,0
7023,89,0
7024,174,0
7025,37,0
7026,148,1
7027,116,1
7028,200,0
7029,138,0
7030,200,0
7031,28,0
7032,72,0
7033,44,0
7034,23,0
7035,91,1
7036,59,1
7037,30,0
7038,52,0
7039,30,0
7040,91,1
7041,61,1
7042,115,0
7043,95,0
7044,100,0
7045,35,0
7046,26,1
7047,137,0
7048,37,1
7049,136,1
7050,72,1
7051,73,1
7052,87,0
7053,66,1
7054,43,0
7055,150,0
7056,144,0
7057,200,0
7058,102,0
7059,57,0
7060,83,1
7061,89,0
7062,200,0
7063,33,0
7064,6,0
7065,118,1
7066,148,1
7067,36,0
7068,47,0
7069,121,0
7070,200,0
7071,66,0
7072,34,0
7073,76,1
7074,62,0
7075,173,0
7076,70,0
7077,53,1
7078,140,1
7079,200,0
7080,40,0
7081,72,1
7082,30,1
7083,81,0
7084,36,0
7085,64,1
7086,29,0
7087,45,0
7088,62,0
7089,173,0
7090,17,0
7091,191,1
7092,60,0
7093,104,0
7094,200,0
7095,68,0
7096,200,0
7097,200,0
7098,102,0
7099,113,0
7100,94,0
7101,130,0
7102,11,0
7103,87,0
7104,20,0
7105,178,0
7106,11,0
7107,22,0
7108,12,0
7109,51,1
7110,10,0
7111,72,0
7112,70,1
7113,48,1
7114,98,1
7115,36,0
7116,41,0
7117,114,1
7118,152,1
7119,121,0
7120,117,0
7121,111,1
7122,200,0
7123,15,0
7124,35,0
7125,49,0
7126,109,0
7127,92,1
7128,79,0
7129,61,0
7130,73,1
7131,200,0
7132,125,0
7133,160,1
7134,63,1
7135,144,1
7136,92,0
7137,78,0
7138,9,0
7139,143,0
7140,43,0
7141,41,0
7142,106,0
7143,129,1
7144,56,0
7145,136,1
7146,36,0
7147,58,0
7148,79,1
7149,85,0
7150,95,1
7151,21,0
7152,36,0
7153,13,0
7154,94,0
7155,32,0
7156,200,0
7157,54,1
7158,21,0
7159,129,0
7160,50,0
7161,82,1
7162,20,0
7163,88,0
7164,24,0
7165,39,0
7166,68,0
7167,90,0
7168,22,0
7169,11,0
7170,15,0
7171,76,0
7172,110,0
7173,9,0
7174,81,0
7175,40,0
7176,161,0
7177,23,0
7178,95,1
7179,35,0
7180,6,0
7181,130,0
7182,35,0
7183,73,0
7184,39,1
7185,106,1
7186,151,0
7187,88,0
7188,84,0
7189,46,1
7190,104,1
7191,106,0
7192,90,0
7193,40,0
7194,83,0
7195,140,1
7196,39,0
7197,18,0
7198,86,0
7199,102,0
7200,65,1
7201,101,1
7202,13,0
7203,10,0
7204,12,0
7205,35,0
7206,29,0
7207,38,1
7208,200,0
7209,130,0
7210,64,0
7211,114,0
7212,128,0
7213,44,0
7214,33,0
7215,41,0
7216,72,0
7217,48,0
7218,200,0
7219,6,0
7220,71,1
7221,42,0
7222,28,0
7223,31,0
7224,9,0
7225,27,0
7226,55,0
7227,37,1
7228,77,1
7229,57,0
7230,200,0
7231,32,0
7232,11,0
7233,13,0
7234,91,1
7235,92,1
7236,49,0
7237,150,1
7238,116,1
7239,77,0
7240,141,1
7241,22,0
7242,13,0
7243,89,1
7244,48,0
7245,18,0
7246,21,0
7247,71,0
7248,120,0
7249,47,1
7250,120,1
7251,93,1
7252,82,0
7253,54,0
7254,106,1
7255,60,0
7256,170,1
7257,26,0
7258,62,0
7259,62,0
7260,70,1
7261,24,0
7262,135,0
7263,75,0
7264,144,0
7265,111,0
7266,18,0
7267,63,0
7268,16,0
7269,48,0
7270,188,1
7271,39,0
7272,71,0
7273,128,1
7274,155,1
7275,36,0
7276,76,1
7277,42,0
7278,50,0
7279,129,0
7280,51,0
7281,56,1
7282,95,0
7283,115,0
7284,17,0
7285,88,1
7286,200,0
7287,23,0
7288,86,0
7289,167,1
7290,65,1
7291,159,0
7292,83,0
7293,195,0
7294,77,0
7295,151,1
7296,200,0
7297,41,1
7298,71,0
7299,25,0
7300,117,0
7301,52,1
7302,92,1
7303,24,0
7304,47,0
7305,163,1
7306,34,1
7307,32,0
7308,31,0
7309,200,0
7310,59,1
7311,100,0
7312,34,0
7313,122,0
7314,48,0
7315,137,0
7316,19,0
7317,94,0
7318,30,0
7319,77,1
7320,108,1
7321,63,0
7322,121,0
7323,38,0
7324,182,1
7325,45,1
7326,49,0
7327,86,0
7328,74,0
7329,54,1
7330,59,1
7331,81,1
7332,20,0
7333,27,0
7334,78,1
7335,149,1
7336,23,0
7337,96,1
7338,59,1
7339,81,0
7340,69,0
7341,68,0
7342,9,0
7343,123,1
7344,126,0
7345,200,0
7346,36,0
7347,90,1
7348,51,1
7349,115,1
7350,56,0
7351,75,0
7352,200,0
7353,90,0
7354,68,0
7355,16,0
7356,106,0
7357,144,1
7358,119,0
7359,73,0
7360,56,0
7361,19,0
7362,185,0
7363,6,0
7364,65,0
7365,12,0
7366,132,0
7367,46,0
7368,21,0
7369,57,0
7370,47,1
7371,44,0
7372,59,0
7373,7,0
7374,92,0
7375,42,0
7376,82,1
7377,174,0
7378,54,0
7379,75,1
7380,60,1
7381,80,1
7382,14,0
7383,93,0
7384,76,1
7385,41,0
7386,18,0
7387,200,0
7388,61,1
7389,180,1
7390,105,1
7391,130,1
7392,17,0
7393,194,1
7394,37,0
7395,16,0
7396,97,0
7397,62,0
7398,86,1
7399,73,1
7400,75,1
7401,200,1
7402,136,1
7403,105,1
7404,14,0
7405,83,1
7406,200,0
7407,200,0
7408,33,0
7409,77,1
7410,166,0
7411,163,1
7412,99,0
7413,133,0
7414,200,0
7415,46,0
7416,128,1
7417,66,1
7418,59,1
7419,64,0
7420,200,0
7421,63,0
7422,60,1
7423,72,1
7424,200,0
7425,32,0
7426,31,0
7427,21,0
7428,112,0
7429,114,1
7430,200,0
7431,105,0
7432,32,0
7433,51,0
7434,70,1
7435,96,0
7436,68,0
7437,162,1
7438,34,0
7439,37,0
7440,55,0
7441,114,1
7442,170,1
7443,74,1
7444,106,1
7445,53,0
7446,30,0
7447,50,1
7448,55,0
7449,121,0
7450,48,0
7451,31,1
7452,12,0
7453,132,1
7454,62,0
7455,71,1
7456,103,0
7457,100,1
7458,180,1
7459,119,0
7460,48,0
7461,74,0
7462,51,1
7463,96,1
7464,173,1
7465,114,1
7466,26,0
7467,65,1
7468,113,1
7469,200,0
7470,69,1
7471,25,0
7472,99,1
7473,86,0
7474,10,0
7475,24,1
7476,158,0
7477,76,1
7478,44,0
7479,200,0
7480,17,0
7481,199,1
7482,159,1
7483,94,1
7484,39,0
7485,78,1
7486,77,1
7487,86,1
7488,63,1
7489,65,1
7490,48,0
7491,12,0
7492,68,0
7493,101,1
7494,49,1
7495,154,1
7496,46,0
7497,67,1
7498,200,0
7499,56,1
7500,139,0
7501,89,1
7502,68,1
7503,113,1
7504,59,1
7505,61,0
7506,11,0
7507,39,0
7508,43,1
7509,164,1
7510,82,0
7511,24,0
7512,88,1
7513,23,0
7514,33,0
7515,61,1
7516,184,1
7517,101,0
7518,182,0
7519,21,0
7520,37,0
7521,172,0
7522,141,1
7523,63,0
7524,173,1
7525,63,0
7526,136,1
7527,135,0
7528,35,0
7529,11,0
7530,138,1
7531,80,1
7532,65,0
7533,19,0
7534,175,0
7535,52,0
7536,144,1
7537,44,1
7538,88,1
7539,16,0
7540,72,1
7541,140,1
7542,110,0
7543,120,1
7544,16,0
7545,86,1
7546,200,0
7547,87,1
7548,97,1
7549,79,1
7550,68,1
7551,50,0
7552,57,1
7553,188,1
7554,200,0
7555,77,0
7556,187,1
7557,19,0
7558,49,0
7559,118,1
7560,200,0
7561,162,0
7562,92,1
7563,102,0
7564,33,0
7565,200,0
7566,162,1
7567,8,0
7568,108,0
7569,37,0
7570,37,0
7571,87,1
7572,67,0
7573,114,1
7574,26,1
7575,54,0
7576,35,0
7577,20,0
7578,59,0
7579,30,0
7580,48,1
7581,23,0
7582,200,0
7583,37,0
7584,23,0
7585,162,1
7586,200,0
7587,83,1
7588,183,0
7589,24,0
7590,10,0
7591,66,0
7592,192,0
7593,156,1
7594,92,1
7595,32,1
7596,163,0
7597,85,0
7598,21,0
7599,21,0
7600,9,0
7601,98,1
7602,43,1
7603,9,0
7604,77,0
7605,92,0
7606,200,0
7607,121,0
7608,171,0
7609,44,0
7610,10,0
7611,65,0
7612,64,0
7613,14,0
7614,72,1
7615,32,1
7616,200,0
7617,79,1
7618,10,0
7619,31,1
7620,24,0
7621,62,1
7622,97,0
7623,33,0
7624,78,1
7625,111,1
7626,78,1
7627,45,1
7628,56,0
7629,23,0
7630,32,1
7631,52,1
7632,200,0
7633,10,0
7634,71,0
7635,48,0
7636,65,1
7637,33,0
7638,65,1
7639,96,1
7640,100,1
7641,60,1
7642,130,1
7643,200,0
7644,61,1
7645,132,1
7646,38,0
7647,80,1
7648,100,1
7649,23,0
7650,89,0
7651,53,0
7652,142,1
7653,39,0
7654,20,0
7655,138,1
7656,93,1
7657,69,1
7658,65,0
7659,130,1
7660,185,0
7661,128,1
7662,124,0
7663,39,0
7664,141,1
7665,30,0
7666,128,1
7667,76,0
7668,28,0
7669,105,1
7670,78,0
7671,81,1
7672,52,1
7673,84,1
7674,31,0
7675,136,1
7676,79,1
7677,89,1
7678,92,1
7679,46,1
7680,52,0
7681,27,0
7682,128,1
7683,48,1
7684,17,0
7685,164,1
7686,178,1
7687,44,0
7688,56,1
7689,119,1
7690,79,1
7691,88,0
7692,128,0
7693,46,1
7694,200,0
7695,66,1
7696,142,1
7697,40,0
7698,169,0
7699,71,0
7700,156,0
7701,200,0
7702,200,0
7703,200,0
7704,79,0
7705,65,0
7706,91,0
7707,102,1
7708,33,0
7709,104,1
7710,150,0
7711,110,1
7712,200,0
7713,30,0
7714,46,0
7715,128,1
7716,113,0
7717,47,0
7718,34,0
7719,55,0
7720,21,0
7721,26,0
7722,50,0
7723,86,1
7724,65,1
7725,63,1
7726,27,0
7727,95,1
7728,152,1
7729,16,0
7730,200,0
7731,66,0
7732,57,1
7733,32,0
7734,95,1
7735,53,1
7736,110,1
7737,187,0
7738,24,0
7739,55,1
7740,38,1
7741,58,1
7742,89,1
7743,106,1
7744,151,1
7745,56,1
7746,60,1
7747,55,1
7748,59,0
7749,56,0
7750,166,1
7751,109,1
7752,44,0
7753,159,1
7754,57,0
7755,63,1
7756,113,1
7757,125,0
7758,77,0
7759,92,1
7760,32,1
7761,28,0
7762,61,0
7763,175,1
7764,112,1
7765,200,0
7766,105,1
7767,93,1
7768,15,0
7769,69,1
7770,148,0
7771,43,0
7772,177,1
7773,91,0
7774,82,1
7775,125,0
7776,136,1
7777,26,0
7778,32,0
7779,41,0
7780,53,0
7781,38,0
7782,38,1
7783,66,1
7784,104,1
7785,86,1
7786,158,1
7787,11,0
7788,68,0
7789,200,0
7790,52,0
7791,119,1
7792,127,1
7793,113,1
7794,47,0
7795,26,0
7796,119,1
7797,103,1
7798,157,1
7799,35,0
7800,48,1
7801,85,0
7802,46,1
7803,79,1
7804,79,0
7805,51,1
7806,131,1
7807,51,1
7808,9,0
7809,119,1
7810,50,1
7811,29,0
7812,42,1
7813,35,1
7814,42,0
7815,40,0
7816,108,0
7817,96,0
7818,157,0
7819,111,1
7820,193,1
7821,71,0
7822,97,0
7823,151,0
7824,63,0
7825,53,0
7826,134,0
7827,89,1
7828,200,0
7829,22,0
7830,47,0
7831,53,0
7832,149,0
7833,200,0
7834,43,0
7835,89,1
7836,17,0
7837,144,1
7838,25,0
7839,41,1
7840,47,1
7841,98,0
7842,77,0
7843,108,1
7844,72,0
7845,200,0
7846,26,0
7847,103,1
7848,69,1
7849,103,1
7850,18,0
7851,21,0
7852,82,0
7853,57,0
7854,11,0
7855,81,0
7856,116,1
7857,200,0
7858,38,0
7859,32,0
7860,120,1
7861,13,0
7862,75,1
7863,156,0
7864,34,0
7865,45,1
7866,124,1
7867,57,1
7868,200,0
7869,31,0
7870,157,1
7871,149,0
7872,74,1
7873,110,0
7874,21,0
7875,68,0
7876,99,1
7877,71,1
7878,59,1
7879,66,0
7880,116,1
7881,39,0
7882,153,1
7883,36,1
7884,128,1
7885,14,0
7886,80,0
7887,87,1
7888,55,1
7889,151,1
7890,154,1
7891,41,0
7892,101,1
7893,58,1
7894,149,1
7895,136,1
7896,74,0
7897,38,0
7898,46,0
7899,42,0
7900,52,1
7901,200,0
7902,53,0
7903,33,0
7904,196,1
7905,141,0
7906,137,0
7907,151,1
7908,49,0
7909,36,0
7910,138,0
7911,97,0
7912,83,0
7913,126,0
7914,27,0
7915,113,1
7916,101,0
7917,59,1
7918,56,0
7919,132,0
7920,23,0
7921,58,0
7922,189,1
7923,137,1
7924,76,1
7925,49,0
7926,14,0
7927,50,1
7928,5,0
7929,92,0
7930,37,0
7931,29,0
7932,9,0
7933,36,0
7934,64,0
7935,179,1
7936,133,1
7937,100,1
7938,93,1
7939,60,1
7940,193,0
7941,67,1
7942,10,0
7943,148,1
7944,60,0
7945,74,0
7946,24,0
7947,91,0
7948,25,0
7949,97,1
7950,124,0
7951,107,0
7952,200,0
7953,51,0
7954,39,0
7955,42,0
7956,147,1
7957,91,0
7958,200,0
7959,57,0
7960,65,0
7961,154,1
7962,43,0
7963,24,0
7964,15,0
7965,91,0
7966,83,0
7967,197,0
7968,76,0
7969,42,0
7970,65,0
7971,23,0
7972,35,0
7973,16,0
7974,32,0
7975,24,0
7976,33,0
7977,55,0
7978,32,0
7979,200,0
7980,28,0
7981,84,0
7982,42,0
7983,23,1
7984,15,0
7985,14,0
7986,54,0
7987,12,0
7988,21,0
7989,42,0
7990,28,0
7991,182,1
7992,80,0
7993,45,0
7994,94,0
7995,30,0
7996,79,0
7997,28,0
7998,23,0
7999,14,0
8000,159,1
8001,79,1
8002,58,1
8003,79,1
8004,71,1
8005,15,0
8006,90,1
8007,73,0
8008,28,0
8009,124,1
8010,136,1
8011,41,0
8012,164,1
8013,100,1
8014,137,0
8015,43,0
8016,111,1
8017,86,1
8018,16,0
8019,119,0
8020,14,0
8021,64,0
8022,133,1
8023,120,1
8024,66,1
8025,73,1
8026,70,1
8027,64,0
8028,23,0
8029,131,0
8030,27,1
8031,92,0
8032,71,1
8033,108,0
8034,61,1
8035,58,0
8036,80,0
8037,26,1
8038,73,0
8039,200,0
8040,92,0
8041,200,0
8042,200,0
8043,39,0
8044,54,0
8045,63,0
8046,74,0
8047,125,0
8048,23,0
8049,162,1
8050,84,0
8051,43,0
8052,32,0
8053,109,0
8054,49,0
8055,29,0
8056,51,1
8057,47,0
8058,55,0
8059,56,0
8060,15,0
8061,40,0
8062,85,0
8063,80,1
8064,27,0
8065,128,1
8066,151,1
8067,49,1
8068,181,1
8069,24,0
8070,113,1
8071,59,1
8072,15,0
8073,121,1
8074,54,0
8075,72,0
8076,43,0
8077,51,0
8078,63,0
8079,121,1
8080,65,0
8081,99,0
8082,69,0
8083,66,0
8084,142,1
8085,96,1
8086,37,0
8087,20,0
8088,88,0
8089,62,0
8090,56,1
8091,63,0
8092,110,1
8093,101,1
8094,115,1
8095,72,0
8096,47,1
8097,19,0
8098,36,1
8099,69,0
8100,96,1
8101,200,0
8102,20,0
8103,194,1
8104,52,0
8105,42,0
8106,130,0
8107,43,1
8108,66,0
8109,33,1
8110,76,1
8111,98,1
8112,200,0
8113,21,0
8114,90,0
8115,118,1
8116,116,1
8117,14,0
8118,110,1
8119,78,1
8120,97,1
8121,101,0
8122,90,1
8123,200,0
8124,52,0
8125,79,1
8126,91,0
8127,200,0
8128,93,1
8129,151,1
8130,70,1
8131,200,0
8132,34,1
8133,7,0
8134,80,0
8135,9,0
8136,54,0
8137,32,1
8138,130,1
8139,82,1
8140,118,0
8141,71,1
8142,104,1
8143,64,1
8144,25,0
8145,71,1
8146,27,0
8147,16,0
8148,107,1
8149,58,1
8150,71,1
8151,83,1
8152,43,0
8153,12,0
8154,104,1
8155,133,1
8156,49,1
8157,137,0
8158,140,1
8159,200,0
8160,82,0
8161,182,0
8162,64,0
8163,200,0
8164,15,0
8165,200,0
8166,53,0
8167,96,0
8168,53,0
8169,125,1
8170,35,1
8171,72,0
8172,27,0
8173,95,1
8174,145,1
8175,45,0
8176,71,1
8177,27,0
8178,24,0
8179,41,0
8180,55,0
8181,95,1
8182,11,0
8183,19,0
8184,81,1
8185,200,0
8186,33,0
8187,111,1
8188,45,0
8189,165,1
8190,13,0
8191,29,1
8192,30,1
8193,143,1
8194,51,0
8195,85,1
8196,18,0
8197,92,1
8198,89,0
8199,42,1
8200,88,1
8201,160,1
8202,33,1
8203,37,0
8204,74,1
8205,115,1
8206,36,1
8207,133,0
8208,113,1
8209,46,1
8210,58,1
8211,52,1
8212,35,0
8213,56,0
8214,87,0
8215,149,1
8216,76,1
8217,34,1
8218,37,0
8219,35,0
8220,182,0
8221,40,1
8222,148,0
8223,77,1
8224,181,1
8225,23,0
8226,72,1
8227,52,0
8228,34,0
8229,200,0
8230,98,0
8231,57,0
8232,158,1
8233,24,0
8234,65,0
8235,130,0
8236,85,0
8237,68,0
8238,200,0
8239,200,0
8240,129,0
8241,14,0
8242,200,0
8243,200,0
8244,82,1
8245,108,1
8246,48,0
8247,128,1
8248,119,1
8249,10,0
8250,53,1
8251,143,1
8252,20,0
8253,34,1
8254,78,0
8255,12,0
8256,24,0
8257,26,0
8258,65,0
8259,58,1
8260,35,0
8261,184,0
8262,110,1
8263,111,1
8264,200,0
8265,120,1
8266,22,0
8267,148,1
8268,29,0
8269,44,0
8270,200,0
8271,96,0
8272,35,1
8273,52,0
8274,22,0
8275,190,0
8276,69,0
8277,126,0
8278,52,0
8279,36,0
8280,18,0
8281,69,0
8282,12,0
8283,35,0
8284,62,0
8285,24,0
8286,62,0
8287,103,1
8288,109,0
8289,48,0
8290,22,0
8291,77,0
8292,41,1
8293,93,1
8294,152,0
8295,53,0
8296,22,0
8297,90,1
8298,11,0
8299,74,1
8300,11,0
8301,73,1
8302,113,1
8303,67,1
8304,94,1
8305,52,0
8306,38,0
8307,90,1
8308,56,1
8309,59,1
8310,77,1
8311,94,0
8312,115,1
8313,75,1
8314,94,1
8315,187,1
8316,72,0
8317,106,0
8318,89,1
8319,79,0
8320,138,1
8321,45,0
8322,19,0
8323,120,1
8324,171,1
8325,90,0
8326,77,1
8327,114,0
8328,69,1
8329,70,1
8330,48,1
8331,91,1
8332,41,0
8333,121,0
8334,59,1
8335,50,0
8336,33,0
8337,27,0
8338,102,1
8339,87,1
8340,66,1
8341,32,1
8342,60,1
8343,176,1
8344,73,1
8345,129,0
8346,18,0
8347,98,1
8348,36,0
8349,35,1
8350,48,1
8351,98,1
8352,119,1
8353,141,0
8354,34,0
8355,106,1
8356,102,1
8357,154,1
8358,66,1
8359,161,1
8360,21,0
8361,151,1
8362,53,1
8363,60,0
8364,26,0
8365,200,0
8366,69,1
8367,52,1
8368,39,1
8369,118,1
8370,77,0
8371,27,0
8372,22,0
8373,50,1
8374,71,1
8375,151,1
8376,95,0
8377,200,0
8378,89,1
8379,24,0
8380,66,1
8381,71,1
8382,133,1
8383,153,0
8384,48,1
8385,42,1
8386,148,0
8387,55,1
8388,114,1
8389,76,1
8390,34,1
8391,40,0
8392,38,1
8393,53,0
8394,21,0
8395,92,1
8396,90,1
8397,150,1
8398,94,1
8399,15,0
8400,41,1
8401,117,1
8402,62,0
8403,25,0
8404,74,1
8405,140,0
8406,20,0
8407,200,0
8408,81,1
8409,80,1
8410,159,0
8411,200,1
8412,200,0
8413,106,0
8414,147,1
8415,200,0
8416,200,0
8417,114,1
8418,127,0
8419,200,0
8420,134,1
8421,169,1
8422,133,1
8423,27,0
8424,77,0
8425,67,1
8426,24,0
8427,145,0
8428,69,0
8429,14,0
8430,65,0
8431,35,0
8432,87,1
8433,128,1
8434,193,1
8435,72,1
8436,111,1
8437,70,0
8438,46,0
8439,50,0
8440,64,1
8441,73,0
8442,77,1
8443,50,1
8444,140,1
8445,174,1
8446,84,1
8447,24,0
8448,62,1
8449,54,1
8450,13,0
8451,31,0
8452,43,0
8453,139,1
8454,66,1
8455,50,1
8456,179,0
8457,48,1
8458,57,0
8459,200,0
8460,70,0
8461,71,1
8462,192,1
8463,26,0
8464,39,1
8465,200,0
8466,137,0
8467,47,1
8468,75,1
8469,27,0
8470,99,1
8471,79,1
8472,58,0
8473,55,0
8474,112,0
8475,48,0
8476,152,1
8477,82,0
8478,72,1
8479,86,0
8480,22,0
8481,39,1
8482,174,0
8483,172,0
8484,84,1
8485,200,1
8486,183,1
8487,198,1
8488,37,0
8489,61,1
8490,29,0
8491,44,0
8492,22,0
8493,200,0
8494,176,0
8495,77,0
8496,127,0
8497,38,0
8498,17,0
8499,52,0
8500,91,0
8501,110,1
8502,71,1
8503,38,0
8504,123,1
8505,20,0
8506,149,0
8507,58,0
8508,19,0
8509,71,1
8510,81,1
8511,79,0
8512,77,1
8513,99,1
8514,200,0
8515,78,1
8516,50,0
8517,72,1
8518,15,0
8519,130,1
8520,200,0
8521,45,0
8522,200,0
8523,104,1
8524,122,1
8525,80,1
8526,57,0
8527,54,0
8528,35,1
8529,29,0
8530,197,0
8531,161,1
8532,171,0
8533,106,0
8534,30,0
8535,169,1
8536,83,0
8537,96,1
8538,15,0
8539,153,0
8540,147,1
8541,200,0
8542,106,0
8543,192,0
8544,25,0
8545,71,0
8546,32,0
8547,52,0
8548,8,0
8549,89,0
8550,112,0
8551,40,0
8552,15,0
8553,145,0
8554,92,1
8555,7,0
8556,48,0
8557,41,0
8558,83,0
8559,107,1
8560,81,0
8561,181,1
8562,65,1
8563,104,1
8564,127,0
8565,91,1
8566,45,1
8567,111,1
8568,71,0
8569,30,0
8570,63,0
8571,21,0
8572,28,0
8573,114,0
8574,99,1
8575,56,0
8576,12,0
8577,62,1
8578,19,0
8579,76,1
8580,200,0
8581,50,0
8582,96,1
8583,54,0
8584,39,1
8585,121,0
8586,143,0
8587,113,0
8588,98,1
8589,121,1
8590,35,0
8591,43,0
8592,77,0
8593,200,0
8594,47,1
8595,25,0
8596,73,0
8597,72,1
8598,16,0
8599,120,1
8600,47,0
8601,154,0
8602,39,1
8603,12,0
8604,59,0
8605,124,1
8606,64,1
8607,67,0
8608,147,1
8609,94,0
8610,167,1
8611,49,0
8612,83,1
8613,47,0
8614,185,1
8615,9,0
8616,22,0
8617,98,0
8618,44,0
8619,100,0
8620,55,1
8621,36,0
8622,18,0
8623,61,0
8624,28,0
8625,22,0
8626,116,1
8627,85,0
8628,119,1
8629,76,0
8630,73,0
8631,50,0
8632,44,0
8633,152,1
8634,158,0
8635,46,0
8636,93,0
8637,87,0
8638,19,0
8639,51,0
8640,13,0
8641,111,0
8642,54,1
8643,43,0
8644,94,0
8645,11,0
8646,93,1
8647,61,0
8648,28,0
8649,66,0
8650,23,0
8651,99,1
8652,33,0
8653,27,0
8654,85,0
8655,38,0
8656,101,1
8657,140,1
8658,200,0
8659,27,1
8660,128,0
8661,15,0
8662,87,0
8663,86,1
8664,38,1
8665,80,1
8666,83,0
8667,47,1
8668,200,0
8669,19,0
8670,152,1
8671,79,1
8672,88,0
8673,76,0
8674,130,1
8675,141,1
8676,105,0
8677,83,0
8678,200,0
8679,200,0
8680,53,1
8681,29,0
8682,122,0
8683,90,0
8684,179,1
8685,80,0
8686,56,1
8687,11,0
8688,45,1
8689,75,0
8690,55,0
8691,183,0
8692,89,0
8693,93,0
8694,163,0
8695,20,0
8696,90,1
8697,142,0
8698,17,0
8699,22,0
8700,61,0
8701,134,0
8702,124,0
8703,200,0
8704,15,0
8705,96,1
8706,43,0
8707,200,0
8708,130,1
8709,21,0
8710,22,0
8711,65,0
8712,85,0
8713,163,0
8714,45,0
8715,28,0
8716,92,1
8717,102,0
8718,74,0
8719,68,1
8720,38,0
8721,58,1
8722,32,0
8723,152,1
8724,196,0
8725,19,0
8726,72,0
8727,75,0
8728,53,0
8729,53,1
8730,113,1
8731,27,0
8732,200,0
8733,108,1
8734,59,0
8735,151,1
8736,117,0
8737,9,0
8738,83,0
8739,69,1
8740,31,0
8741,123,1
8742,36,0
8743,32,0
8744,67,1
8745,53,0
8746,79,1
8747,200,0
8748,34,0
8749,184,0
8750,49,1
8751,74,1
8752,114,1
8753,162,0
8754,20,0
8755,113,1
8756,84,1
8757,6,0
8758,142,1
8759,99,1
8760,132,1
8761,68,1
8762,57,0
8763,30,0
8764,22,0
8765,75,0
8766,186,0
8767,200,0
8768,94,1
8769,152,0
8770,60,0
8771,69,0
8772,21,0
8773,200,0
8774,170,0
8775,66,0
8776,33,0
8777,32,0
8778,174,1
8779,46,0
8780,190,1
8781,32,1
8782,97,0
8783,14,0
8784,200,0
8785,38,0
8786,55,0
8787,133,1
8788,39,0
8789,74,1
8790,92,1
8791,180,0
8792,84,1
8793,200,0
8794,46,1
8795,108,1
8796,18,0
8797,125,1
8798,17,0
8799,104,0
8800,112,1
8801,142,0
8802,118,1
8803,153,1
8804,22,0
8805,111,0
8806,54,0
8807,117,1
8808,20,0
8809,48,1
8810,55,1
8811,15,0
8812,36,0
8813,82,0
8814,200,0
8815,77,1
8816,68,1
8817,26,0
8818,82,0
8819,101,1
8820,27,0
8821,200,0
8822,29,0
8823,200,0
8824,71,0
8825,50,0
8826,98,1
8827,156,1
8828,39,0
8829,59,0
8830,55,0
8831,71,0
8832,60,0
8833,16,0
8834,141,1
8835,46,1
8836,86,0
8837,200,0
8838,117,1
8839,147,1
8840,125,1
8841,85,0
8842,19,0
8843,63,0
8844,47,0
8845,21,0
8846,131,1
8847,122,1
8848,80,0
8849,13,0
8850,54,1
8851,87,0
8852,79,0
8853,126,1
8854,74,1
8855,17,0
8856,28,0
8857,25,0
8858,55,1
8859,119,0
8860,61,0
8861,30,0
8862,191,1
8863,83,1
8864,117,1
8865,64,0
8866,36,0
8867,13,0
8868,101,0
8869,124,0
8870,113,1
8871,10,0
8872,70,0
8873,71,0
8874,28,0
8875,19,0
8876,11,0
8877,35,0
8878,61,0
8879,48,0
8880,170,1
8881,101,0
8882,36,0
8883,81,0
8884,67,1
8885,85,0
8886,57,1
8887,107,1
8888,97,0
8889,35,0
8890,63,1
8891,69,1
8892,54,0
8893,33,1
8894,49,0
8895,22,0
8896,58,0
8897,53,1
8898,63,1
8899,14,0
8900,36,1
8901,48,0
8902,90,0
8903,46,1
8904,70,1
8905,93,1
8906,100,1
8907,42,0
8908,81,1
8909,57,0
8910,97,1
8911,16,0
8912,158,1
8913,116,1
8914,127,0
8915,68,0
8916,175,0
8917,104,0
8918,64,1
8919,106,0
8920,112,0
8921,200,0
8922,71,0
8923,144,0
8924,48,0
8925,30,0
8926,97,1
8927,160,1
8928,96,0
8929,15,0
8930,200,0
8931,25,0
8932,89,0
8933,106,0
8934,110,0
8935,60,1
8936,30,0
8937,82,0
8938,113,1
8939,23,0
8940,179,0
8941,44,0
8942,47,0
8943,38,0
8944,38,0
8945,21,0
8946,87,0
8947,9,0
8948,26,0
8949,200,0
8950,41,0
8951,62,0
8952,34,0
8953,58,0
8954,31,0
8955,200,0
8956,34,0
8957,132,1
8958,34,0
8959,47,0
8960,65,1
8961,95,1
8962,85,0
8963,25,0
8964,16,0
8965,49,1
8966,56,1
8967,58,1
8968,48,1
8969,55,0
8970,26,0
8971,111,1
8972,90,1
8973,75,0
8974,26,0
8975,100,1
8976,23,0
8977,129,1
8978,62,1
8979,21,0
8980,31,1
8981,25,1
8982,25,1
8983,132,1
8984,86,0
8985,39,1
8986,180,1
8987,91,1
8988,74,1
8989,53,1
8990,116,0
8991,67,0
8992,65,1
8993,63,0
8994,21,0
8995,7,0
8996,187,1
8997,153,1
8998,194,1
8999,106,1
9000,34,0
9001,170,0
9002,94,1
9003,49,1
9004,57,1
9005,118,1
9006,56,0
9007,80,0
9008,55,1
9009,82,0
9010,173,1
9011,200,0
9012,199,1
9013,68,1
9014,20,0
9015,25,0
9016,75,0
9017,82,0
9018,47,0
9019,200,0
9020,71,1
9021,37,0
9022,200,0
9023,46,0
9024,15,0
9025,100,0
9026,98,1
9027,13,0
9028,58,0
9029,67,0
9030,99,1
9031,69,1
9032,200,0
9033,55,0
9034,109,1
9035,76,0
9036,104,1
9037,9,0
9038,34,0
9039,71,0
9040,61,0
9041,22,0
9042,37,1
9043,63,1
9044,35,0
9045,38,0
9046,50,0
9047,150,1
9048,41,1
9049,14,0
9050,141,1
9051,67,1
9052,200,0
9053,151,1
9054,154,0
9055,109,1
9056,94,0
9057,145,1
9058,61,0
9059,78,1
9060,53,0
9061,180,0
9062,46,0
9063,130,0
9064,77,0
9065,192,1
9066,64,1
9067,85,1
9068,126,0
9069,35,1
9070,104,0
9071,41,0
9072,60,1
9073,103,1
9074,48,0
9075,76,1
9076,29,1
9077,54,0
9078,50,1
9079,151,1
9080,200,0
9081,152,1
9082,138,0
9083,140,1
9084,20,0
9085,12,0
9086,46,1
9087,145,0
9088,200,0
9089,66,0
9090,69,1
9091,51,0
9092,98,0
9093,54,0
9094,119,1
9095,56,0
9096,200,0
9097,79,1
9098,141,0
9099,18,0
9100,66,1
9101,17,0
9102,113,1
9103,143,1
9104,26,0
9105,81,1
9106,198,1
9107,47,0
9108,77,0
9109,94,1
9110,47,0
9111,69,1
9112,98,0
9113,89,0
9114,39,0
9115,40,0
9116,126,1
9117,200,0
9118,12,0
9119,89,0
9120,149,0
9121,29,0
9122,77,0
9123,64,1
9124,137,1
9125,64,0
9126,106,1
9127,46,1
9128,73,0
9129,139,1
9130,39,0
9131,102,0
9132,26,0
9133,106,0
9134,35,1
9135,89,1
9136,84,0
9137,64,1
9138,33,1
9139,24,1
9140,96,1
9141,52,1
9142,130,1
9143,25,0
9144,63,1
9145,29,1
9146,72,1
9147,63,1
9148,135,1
9149,103,0
9150,200,0
9151,61,0
9152,43,0
9153,147,0
9154,137,1
9155,29,0
9156,58,0
9157,62,0
9158,200,0
9159,108,0
9160,78,0
9161,92,0
9162,28,0
9163,58,0
9164,97,1
9165,141,0
9166,200,0
9167,153,0
9168,111,0
9169,87,1
9170,134,0
9171,9,0
9172,72,0
9173,161,1
9174,25,0
9175,110,0
9176,69,0
9177,19,0
9178,186,1
9179,38,0
9180,158,1
9181,51,1
9182,200,0
9183,10,0
9184,35,1
9185,24,0
9186,12,0
9187,73,0
9188,130,0
9189,101,0
9190,25,0
9191,101,0
9192,23,0
9193,88,1
9194,50,0
9195,151,1
9196,33,0
9197,55,1
9198,200,0
9199,200,0
9200,21,0
9201,145,0
9202,13,0
9203,85,1
9204,200,0
9205,19,0
9206,58,0
9207,76,0
9208,16,0
9209,9,0
9210,30,0
9211,131,0
9212,73,0
9213,18,0
9214,109,0
9215,200,0
9216,105,1
9217,36,0
9218,123,1
9219,11,0
9220,32,0
9221,66,1
9222,12,0
9223,30,0
9224,31,0
9225,8,0
9226,53,0
9227,14,0
9228,110,1
9229,30,1
9230,105,1
9231,34,0
9232,98,1
9233,138,1
9234,103,1
9235,161,0
9236,171,1
9237,200,0
9238,16,0
9239,23,0
9240,23,0
9241,131,1
9242,26,0
9243,85,0
9244,114,1
9245,65,1
9246,59,0
9247,117,0
9248,72,0
9249,15,0
9250,143,0
9251,35,0
9252,7,0
9253,28,0
9254,135,0
9255,163,1
9256,65,1
9257,123,1
9258,114,1
9259,163,1
9260,85,1
9261,138,0
9262,38,0
9263,84,1
9264,38,1
9265,181,1
9266,151,0
9267,33,0
9268,46,0
9269,88,1
9270,200,0
9271,95,1
9272,100,1
9273,62,0
9274,89,0
9275,78,1
9276,60,0
9277,94,0
9278,77,1
9279,143,1
9280,29,0
9281,25,0
9282,71,1
9283,86,1
9284,107,0
9285,17,0
9286,200,0
9287,26,0
9288,25,0
9289,41,1
9290,161,0
9291,60,0
9292,68,0
9293,168,1
9294,161,1
9295,113,1
9296,157,1
9297,90,1
9298,15,0
9299,70,0
9300,56,0
9301,20,0
9302,28,0
9303,38,1
9304,47,0
9305,102,1
9306,34,0
9307,137,0
9308,43,0
9309,15,0
9310,62,0
9311,32,0
9312,166,1
9313,200,0
9314,44,0
9315,179,0
9316,158,1
9317,87,1
9318,82,0
9319,28,0
9320,184,0
9321,45,0
9322,117,0
9323,36,0
9324,200,0
9325,200,0
9326,157,1
9327,61,0
9328,200,0
9329,72,1
9330,128,0
9331,78,0
9332,94,0
9333,33,0
9334,72,0
9335,77,1
9336,26,0
9337,93,0
9338,133,0
9339,101,1
9340,53,0
9341,71,1
9342,21,0
9343,167,0
9344,29,0
9345,10,0
9346,21,0
9347,29,0
9348,36,0
9349,72,1
9350,36,1
9351,23,0
9352,75,1
9353,58,1
9354,36,1
9355,66,1
9356,20,0
9357,157,1
9358,67,1
9359,58,1
9360,14,0
9361,150,1
9362,42,0
9363,46,1
9364,105,1
9365,82,1
9366,18,0
9367,71,1
9368,40,1
9369,156,1
9370,185,1
9371,68,0
9372,40,1
9373,139,1
9374,121,0
9375,27,1
9376,200,0
9377,63,1
9378,24,0
9379,12,0
9380,53,1
9381,53,0
9382,91,0
9383,46,1
9384,45,0
9385,71,1
9386,185,0
9387,200,0
9388,116,1
9389,27,1
9390,62,0
9391,11,0
9392,15,0
9393,153,1
9394,114,1
9395,63,1
9396,157,1
9397,55,0
9398,99,0
9399,52,0
9400,14,0
9401,49,0
9402,69,1
9403,78,1
9404,176,1
9405,129,0
9406,167,0
9407,106,1
9408,12,0
9409,106,1
9410,38,0
9411,125,1
9412,47,0
9413,62,0
9414,28,0
9415,84,0
9416,40,0
9417,102,0
9418,169,0
9419,73,0
9420,99,1
9421,75,1
9422,16,0
9423,24,0
9424,59,1
9425,146,1
9426,199,1
9427,19,0
9428,51,0
9429,67,1
9430,183,1
9431,200,0
9432,144,1
9433,96,1
9434,102,1
9435,86,1
9436,10,0
9437,63,1
9438,200,0
9439,14,0
9440,11,0
9441,25,0
9442,138,1
9443,159,0
9444,85,1
9445,26,0
9446,11,0
9447,48,1
9448,90,1
9449,160,1
9450,87,1
9451,81,1
9452,36,0
9453,29,0
9454,32,0
9455,37,0
9456,37,0
9457,112,0
9458,71,0
9459,114,0
9460,19,0
9461,65,0
9462,89,1
9463,39,0
9464,83,1
9465,11,0
9466,77,1
9467,60,1
9468,76,0
9469,69,1
9470,67,0
9471,200,0
9472,13,0
9473,147,1
9474,151,0
9475,86,0
9476,32,0
9477,70,1
9478,14,0
9479,44,1
9480,116,1
9481,109,1
9482,42,1
9483,37,1
9484,122,0
9485,149,0
9486,98,0
9487,72,0
9488,47,0
9489,200,0
9490,148,1
9491,53,1
9492,187,1
9493,108,0
9494,51,1
9495,28,0
9496,110,0
9497,78,1
9498,78,0
9499,46,0
9500,79,0
9501,191,1
9502,11,0
9503,92,0
9504,84,1
9505,70,1
9506,28,0
9507,43,0
9508,143,1
9509,85,1
9510,68,1
9511,70,0
9512,148,0
9513,95,1
9514,51,0
9515,34,0
9516,12,0
9517,166,0
9518,10,0
9519,86,1
9520,17,0
9521,200,0
9522,29,1
9523,48,0
9524,44,0
9525,35,1
9526,21,0
9527,110,0
9528,61,0
9529,63,0
9530,130,1
9531,23,0
9532,115,1
9533,200,0
9534,32,0
9535,64,0
9536,56,1
9537,77,1
9538,66,1
9539,112,0
9540,11,0
9541,52,1
9542,169,0
9543,196,1
9544,57,1
9545,38,1
9546,41,0
9547,38,0
9548,90,0
9549,31,0
9550,168,1
9551,88,1
9552,140,1
9553,103,0
9554,66,0
9555,42,0
9556,144,1
9557,180,1
9558,74,0
9559,8,0
9560,109,0
9561,26,0
9562,78,1
9563,200,0
9564,75,1
9565,190,1
9566,121,0
9567,160,1
9568,105,0
9569,87,1
9570,176,1
9571,18,0
9572,175,1
9573,135,1
9574,33,0
9575,59,1
9576,100,0
9577,54,0
9578,8,0
9579,39,1
9580,56,0
9581,91,1
9582,62,0
9583,60,0
9584,33,1
9585,70,0
9586,110,1
9587,200,0
9588,24,0
9589,179,1
9590,60,1
9591,90,1
9592,71,0
9593,34,0
9594,47,1
9595,129,1
9596,24,0
9597,200,0
9598,183,1
9599,75,0
9600,91,0
9601,23,0
9602,93,1
9603,84,1
9604,68,0
9605,18,0
9606,59,1
9607,26,0
9608,18,0
9609,29,0
9610,18,0
9611,47,0
9612,53,0
9613,96,1
9614,71,1
9615,53,1
9616,20,0
9617,102,1
9618,52,0
9619,35,1
9620,25,0
9621,17,0
9622,111,0
9623,49,0
9624,114,1
9625,69,1
9626,25,1
9627,35,0
9628,200,0
9629,148,1
9630,88,1
9631,54,0
9632,200,0
9633,62,0
9634,73,1
9635,55,1
9636,92,0
9637,23,0
9638,187,1
9639,148,1
9640,77,0
9641,31,0
9642,40,0
9643,60,1
9644,200,0
9645,67,1
9646,160,1
9647,33,1
9648,87,1
9649,56,1
9650,68,1
9651,54,1
9652,200,0
9653,43,1
9654,200,0
9655,116,1
9656,71,0
9657,29,0
9658,200,0
9659,200,0
9660,126,0
9661,89,0
9662,118,1
9663,29,0
9664,142,1
9665,17,0
9666,62,0
9667,187,0
9668,61,0
9669,147,1
9670,9,0
9671,49,0
9672,140,1
9673,26,0
9674,29,0
9675,112,1
9676,35,1
9677,126,1
9678,73,0
9679,138,0
9680,200,0
9681,150,1
9682,34,0
9683,160,1
9684,71,1
9685,69,1
9686,29,0
9687,124,1
9688,22,0
9689,19,0
9690,50,0
9691,164,1
9692,10,0
9693,30,0
9694,56,0
9695,82,1
9696,101,0
9697,26,0
9698,67,1
9699,99,0
9700,67,1
9701,127,1
9702,59,1
9703,55,1
9704,53,1
9705,150,1
9706,122,1
9707,33,0
9708,115,1
9709,68,1
9710,36,0
9711,95,1
9712,53,1
9713,141,1
9714,92,1
9715,104,1
9716,29,0
9717,12,0
9718,200,0
9719,47,0
9720,35,0
9721,49,0
9722,80,0
9723,40,0
9724,24,0
9725,83,0
9726,122,0
9727,193,1
9728,26,0
9729,125,1
9730,135,1
9731,63,1
9732,130,0
9733,120,1
9734,70,1
9735,177,1
9736,61,1
9737,59,0
9738,18,0
9739,66,0
9740,12,0
9741,29,0
9742,64,0
9743,76,0
9744,118,1
9745,75,1
9746,100,1
9747,72,1
9748,136,0
9749,17,0
9750,81,1
9751,119,1
9752,22,0
9753,48,1
9754,94,1
9755,72,0
9756,21,0
9757,62,1
9758,77,1
9759,198,1
9760,70,1
9761,129,1
9762,42,1
9763,68,1
9764,36,0
9765,86,1
9766,19,0
9767,169,1
9768,66,1
9769,59,1
9770,11,0
9771,51,1
9772,35,0
9773,31,1
9774,200,0
9775,116,1
9776,37,1
9777,26,0
9778,76,1
9779,81,1
9780,64,1
9781,153,1
9782,128,1
9783,90,0
9784,101,1
9785,200,0
9786,28,0
9787,42,0
9788,177,0
9789,125,1
9790,52,1
9791,64,1
9792,166,1
9793,21,0
9794,178,1
9795,141,1
9796,64,0
9797,107,1
9798,79,0
9799,20,0
9800,165,1
9801,82,0
9802,16,0
9803,40,0
9804,43,0
9805,46,1
9806,22,0
9807,113,0
9808,62,1
9809,53,0
9810,90,0
9811,90,1
9812,44,1
9813,200,0
9814,93,0
9815,113,0
9816,18,0
9817,106,0
9818,32,0
9819,42,0
9820,50,1
9821,60,1
9822,149,0
9823,129,1
9824,60,0
9825,77,1
9826,147,1
9827,21,0
9828,69,1
9829,34,0
9830,46,1
9831,57,0
9832,55,0
9833,45,0
9834,54,0
9835,51,1
9836,85,1
9837,75,1
9838,90,1
9839,49,1
9840,65,1
9841,31,0
9842,115,0
9843,110,1
9844,200,0
9845,49,1
9846,22,0
9847,11,0
9848,9,0
9849,200,0
9850,168,1
9851,93,0
9852,164,1
9853,36,0
9854,107,1
9855,57,0
9856,86,1
9857,190,1
9858,75,1
9859,37,0
9860,18,0
9861,151,1
9862,151,1
9863,133,0
9864,123,1
9865,76,1
9866,55,1
9867,148,1
9868,15,0
9869,49,0
9870,71,1
9871,125,1
9872,72,1
9873,88,1
9874,182,1
9875,48,0
9876,162,0
9877,129,1
9878,32,1
9879,184,1
9880,169,0
9881,124,0
9882,88,0
9883,187,1
9884,74,0
9885,52,1
9886,43,1
9887,135,1
9888,15,0
9889,46,0
9890,152,0
9891,99,0
9892,146,0
9893,200,0
9894,22,0
9895,81,1
9896,17,0
9897,66,1
9898,65,1
9899,61,1
9900,116,1
9901,47,1
9902,15,0
9903,39,0
9904,116,1
9905,41,0
9906,102,1
9907,56,1
9908,62,1
9909,17,0
9910,39,1
9911,200,0
9912,30,0
9913,34,0
9914,49,0
9915,59,1
9916,97,1
9917,97,1
9918,103,0
9919,188,1
9920,60,1
9921,35,0
9922,200,0
9923,189,0
9924,78,1
9925,200,0
9926,155,0
9927,72,0
9928,32,0
9929,200,0
9930,169,0
9931,21,0
9932,86,0
9933,200,0
9934,25,0
9935,37,0
9936,27,0
9937,87,0
9938,200,0
9939,137,0
9940,21,0
9941,14,0
9942,176,1
9943,64,0
9944,90,0
9945,52,0
9946,55,0
9947,42,0
9948,45,1
9949,69,0
9950,19,0
9951,34,0
9952,32,0
9953,90,0
9954,151,0
9955,22,0
9956,121,1
9957,129,0
9958,8,0
9959,35,0
9960,59,0
9961,102,0
9962,108,0
9963,98,0
9964,200,0
9965,123,0
9966,54,0
9967,13,0
9968,200,0
9969,117,0
9970,41,0
9971,94,0
9972,24,0
9973,39,0
9974,49,1
9975,48,0
9976,54,0
9977,81,1
9978,17,0
9979,73,1
9980,48,1
9981,55,1
9982,10,0
9983,33,0
9984,12,0
9985,39,1
9986,152,1
9987,22,0
9988,16,0
9989,20,0
9990,22,0
9991,20,0
9992,8,0
9993,8,0
9994,132,1
9995,116,1
9996,19,0
9997,15,0
9998,81,1
9999,190,1
