episode,steps,reward
0,53,0
1,15,0
2,10,0
3,14,0
4,64,0
5,8,0
6,29,0
7,39,0
8,13,0
9,13,0
10,21,0
11,14,0
12,18,0
13,20,0
14,12,0
15,11,0
16,15,0
17,33,0
18,7,0
19,46,0
20,17,0
21,20,0
22,44,0
23,5,0
24,8,0
25,9,0
26,11,0
27,18,0
28,80,0
29,23,0
30,23,0
31,15,0
32,70,0
33,37,0
34,131,0
35,47,0
36,59,0
37,20,0
38,19,0
39,17,0
40,102,0
41,79,0
42,15,0
43,28,0
44,24,0
45,16,0
46,34,0
47,21,0
48,61,0
49,45,0
50,27,0
51,40,0
52,18,0
53,15,0
54,39,0
55,36,0
56,37,1
57,71,0
58,15,0
59,28,0
60,32,0
61,63,0
62,27,0
63,17,0
64,120,0
65,38,0
66,37,0
67,54,0
68,17,0
69,23,0
70,25,0
71,113,0
72,9,0
73,45,0
74,46,0
75,44,0
76,20,0
77,26,0
78,58,0
79,34,0
80,45,0
81,46,0
82,9,0
83,70,0
84,67,0
85,24,0
86,44,1
87,54,0
88,64,1
89,44,1
90,26,0
91,58,1
92,71,1
93,99,0
94,26,0
95,28,0
96,200,0
97,100,0
98,200,0
99,31,0
100,12,0
101,32,0
102,47,0
103,50,0
104,9,0
105,34,0
106,28,0
107,29,0
108,170,0
109,63,0
110,20,0
111,29,0
112,20,0
113,23,0
114,84,0
115,110,0
116,102,0
117,160,0
118,79,0
119,187,0
120,52,0
121,58,0
122,54,0
123,200,0
124,51,0
125,135,0
126,20,0
127,101,0
128,200,0
129,60,0
130,113,0
131,64,0
132,128,0
133,78,0
134,128,0
135,61,0
136,89,0
137,49,0
138,183,0
139,81,0
140,59,0
141,61,0
142,68,0
143,79,0
144,40,0
145,83,0
146,39,0
147,44,0
148,15,0
149,27,0
150,62,0
151,11,0
152,110,0
153,60,0
154,74,0
155,52,0
156,189,0
157,55,0
158,39,0
159,33,0
160,52,0
161,105,0
162,62,0
163,149,0
164,30,0
165,57,0
166,85,0
167,22,0
168,30,0
169,115,0
170,26,0
171,177,1
172,57,0
173,145,0
174,102,0
175,166,0
176,57,0
177,58,0
178,21,0
179,50,0
180,9,0
181,99,0
182,184,0
183,32,0
184,14,0
185,63,0
186,44,0
187,66,0
188,19,0
189,103,0
190,25,0
191,176,0
192,91,0
193,32,0
194,200,0
195,147,0
196,19,0
197,122,0
198,75,0
199,48,0
200,40,0
201,200,0
202,189,0
203,36,0
204,117,0
205,144,0
206,65,0
207,93,0
208,133,0
209,133,0
210,45,0
211,120,0
212,51,0
213,49,0
214,47,0
215,78,0
216,73,0
217,124,0
218,30,0
219,96,0
220,179,0
221,37,0
222,89,0
223,121,0
224,200,0
225,157,0
226,200,0
227,130,0
228,116,0
229,49,0
230,52,0
231,127,0
232,200,0
233,181,0
234,200,0
235,162,0
236,200,0
237,200,0
238,89,0
239,148,0
240,111,0
241,77,0
242,106,0
243,200,0
244,200,0
245,65,0
246,117,0
247,77,1
248,122,1
249,113,1
250,125,1
251,103,1
252,91,1
253,87,1
254,116,1
255,95,1
256,53,1
257,83,1
258,131,1
259,44,1
260,91,1
261,187,1
262,130,1
263,107,1
264,42,0
265,89,1
266,26,1
267,93,1
268,90,1
269,49,1
270,46,1
271,135,1
272,200,0
273,96,1
274,200,0
275,84,1
276,100,1
277,46,1
278,126,1
279,86,1
280,86,1
281,53,1
282,93,1
283,73,1
284,146,1
285,67,1
286,110,1
287,36,1
288,93,0
289,63,1
290,115,1
291,132,1
292,48,1
293,40,1
294,193,1
295,81,1
296,193,1
297,137,1
298,103,1
299,34,0
300,117,1
301,63,1
302,53,1
303,66,1
304,47,1
305,50,1
306,73,1
307,89,1
308,49,1
309,197,1
310,152,1
311,170,1
312,112,0
313,45,1
314,27,0
315,51,1
316,20,0
317,89,1
318,30,0
319,55,0
320,92,1
321,115,1
322,79,1
323,73,1
324,64,1
325,120,1
326,85,0
327,33,0
328,33,1
329,20,0
330,117,1
331,158,0
332,92,1
333,85,1
334,38,1
335,62,0
336,103,1
337,200,0
338,62,1
339,85,1
340,200,0
341,190,1
342,60,1
343,56,1
344,128,1
345,65,1
346,88,1
347,70,1
348,103,1
349,23,0
350,83,1
351,200,0
352,99,1
353,41,1
354,51,1
355,143,1
356,69,1
357,103,1
358,97,1
359,119,1
360,118,1
361,85,1
362,75,0
363,34,1
364,31,1
365,45,1
366,200,0
367,83,1
368,131,1
369,62,1
370,50,1
371,71,1
372,51,1
373,25,0
374,162,1
375,47,1
376,83,1
377,78,0
378,76,1
379,118,1
380,76,1
381,90,1
382,90,1
383,28,1
384,89,1
385,65,1
386,72,1
387,200,0
388,57,1
389,89,1
390,36,1
391,67,1
392,184,1
393,58,1
394,33,1
395,93,1
396,77,1
397,126,1
398,77,0
399,83,1
400,98,0
401,124,1
402,81,1
403,61,1
404,117,1
405,99,1
406,94,1
407,200,0
408,50,1
409,109,1
410,73,1
411,108,1
412,120,1
413,78,1
414,116,1
415,136,1
416,9,0
417,181,1
418,23,1
419,58,1
420,51,1
421,58,1
422,200,0
423,92,1
424,98,1
425,95,1
426,61,1
427,82,1
428,126,1
429,125,1
430,32,1
431,60,1
432,142,1
433,133,1
434,81,1
435,61,1
436,54,0
437,64,1
438,81,1
439,119,1
440,101,1
441,101,1
442,81,1
443,119,1
444,200,0
445,82,1
446,8,0
447,29,0
448,37,1
449,42,1
450,138,1
451,47,1
452,55,1
453,68,1
454,37,1
455,124,1
456,64,1
457,191,1
458,73,1
459,41,0
460,67,1
461,38,1
462,139,1
463,22,1
464,37,1
465,155,1
466,43,1
467,106,1
468,60,1
469,158,1
470,48,1
471,74,1
472,141,1
473,67,0
474,105,1
475,45,1
476,112,1
477,71,1
478,128,1
479,63,1
480,106,1
481,92,1
482,88,1
483,54,0
484,29,1
485,88,1
486,200,0
487,79,1
488,200,0
489,200,0
490,131,1
491,46,1
492,55,1
493,82,1
494,103,1
495,90,1
496,87,1
497,50,1
498,129,1
499,62,1
500,198,1
501,79,1
502,70,1
503,80,1
504,78,1
505,44,1
506,86,1
507,26,0
508,79,1
509,191,1
510,34,0
511,69,0
512,54,1
513,33,1
514,79,1
515,60,1
516,160,1
517,13,0
518,46,1
519,112,0
520,66,1
521,33,1
522,34,0
523,57,1
524,97,1
525,158,1
526,123,1
527,50,1
528,89,1
529,42,1
530,62,1
531,22,1
532,37,1
533,63,1
534,130,1
535,105,1
536,66,0
537,83,1
538,39,1
539,35,1
540,89,1
541,177,1
542,64,1
543,200,1
544,47,1
545,95,1
546,89,1
547,73,1
548,73,1
549,53,1
550,200,0
551,200,0
552,65,1
553,200,0
554,100,0
555,89,1
556,17,0
557,107,1
558,31,0
559,76,1
560,146,1
561,85,1
562,100,1
563,120,1
564,35,1
565,68,1
566,200,0
567,119,1
568,200,0
569,74,1
570,106,1
571,107,1
572,97,1
573,32,1
574,34,1
575,135,1
576,71,1
577,156,1
578,118,0
579,67,0
580,83,1
581,83,1
582,41,1
583,34,0
584,122,1
585,200,0
586,164,1
587,200,0
588,84,1
589,39,0
590,83,1
591,165,1
592,99,1
593,200,0
594,200,0
595,168,1
596,59,1
597,75,1
598,162,1
599,69,1
600,35,1
601,77,1
602,77,1
603,38,1
604,151,0
605,103,1
606,102,0
607,200,0
608,149,1
609,35,0
610,106,1
611,148,1
612,34,1
613,71,1
614,60,1
615,69,1
616,45,1
617,48,1
618,57,1
619,200,0
620,82,1
621,112,1
622,191,1
623,77,1
624,57,1
625,155,1
626,105,1
627,75,1
628,56,1
629,200,0
630,200,0
631,60,1
632,113,1
633,106,1
634,39,0
635,140,1
636,51,1
637,95,1
638,136,1
639,48,1
640,82,1
641,77,1
642,82,1
643,149,1
644,54,1
645,58,1
646,48,0
647,99,1
648,119,1
649,141,1
650,152,0
651,42,1
652,85,1
653,92,1
654,40,1
655,32,0
656,36,1
657,118,1
658,33,1
659,58,1
660,48,1
661,156,1
662,200,0
663,58,1
664,168,1
665,93,1
666,56,1
667,65,1
668,26,1
669,44,1
670,97,1
671,200,0
672,45,1
673,47,1
674,151,1
675,59,1
676,174,1
677,158,1
678,72,1
679,160,1
680,120,1
681,65,1
682,21,0
683,43,1
684,116,1
685,68,1
686,145,1
687,62,1
688,111,1
689,175,1
690,78,1
691,52,1
692,100,1
693,65,1
694,54,1
695,71,1
696,111,1
697,185,1
698,149,1
699,180,1
700,76,1
701,102,1
702,50,1
703,58,1
704,58,1
705,71,1
706,72,1
707,116,1
708,159,1
709,122,1
710,97,1
711,75,1
712,67,1
713,80,1
714,78,1
715,85,1
716,86,1
717,182,1
718,74,1
719,43,1
720,30,1
721,57,1
722,40,1
723,45,0
724,21,1
725,80,1
726,57,1
727,146,1
728,179,1
729,9,0
730,16,0
731,153,1
732,34,1
733,200,0
734,140,1
735,41,1
736,128,1
737,114,1
738,87,1
739,65,0
740,156,1
741,200,0
742,22,0
743,22,0
744,120,1
745,42,1
746,157,1
747,134,1
748,69,1
749,103,1
750,26,1
751,200,0
752,61,1
753,72,1
754,54,1
755,70,0
756,55,0
757,27,1
758,132,1
759,39,1
760,103,0
761,51,0
762,200,0
763,34,1
764,120,1
765,112,1
766,48,1
767,103,1
768,117,1
769,149,1
770,97,1
771,104,1
772,96,1
773,80,1
774,67,1
775,93,1
776,124,1
777,61,1
778,95,1
779,83,1
780,72,1
781,152,1
782,42,1
783,49,1
784,86,1
785,188,1
786,51,1
787,23,0
788,39,1
789,175,1
790,11,0
791,148,1
792,59,1
793,34,1
794,12,0
795,30,0
796,200,0
797,116,1
798,126,1
799,81,1
800,65,1
801,35,1
802,42,1
803,81,1
804,56,1
805,107,1
806,25,0
807,38,1
808,156,1
809,77,1
810,84,1
811,68,1
812,93,1
813,122,1
814,135,1
815,121,1
816,43,1
817,59,1
818,69,1
819,39,0
820,50,0
821,102,1
822,82,1
823,127,0
824,65,1
825,43,1
826,51,1
827,116,1
828,118,0
829,200,0
830,48,1
831,31,0
832,49,1
833,89,1
834,76,1
835,83,1
836,114,1
837,67,1
838,79,1
839,60,0
840,15,0
841,84,1
842,97,0
843,77,1
844,82,1
845,42,1
846,94,1
847,27,1
848,200,0
849,53,1
850,63,1
851,82,1
852,124,1
853,190,1
854,167,1
855,162,1
856,19,0
857,151,0
858,139,1
859,69,1
860,79,1
861,200,0
862,134,1
863,109,1
864,117,1
865,13,0
866,15,0
867,186,1
868,84,1
869,155,1
870,121,1
871,70,1
872,200,0
873,87,1
874,125,1
875,138,1
876,47,1
877,45,1
878,48,1
879,70,1
880,56,1
881,138,1
882,136,1
883,74,0
884,57,1
885,55,1
886,123,1
887,169,0
888,69,1
889,34,0
890,73,1
891,58,1
892,200,0
893,74,0
894,64,1
895,138,1
896,76,1
897,71,1
898,99,0
899,48,1
900,65,1
901,85,1
902,196,1
903,94,1
904,179,1
905,35,1
906,52,1
907,176,1
908,22,1
909,131,1
910,66,1
911,88,1
912,176,1
913,76,1
914,42,1
915,28,0
916,89,1
917,112,1
918,47,1
919,125,1
920,150,1
921,153,1
922,143,1
923,59,1
924,186,1
925,65,1
926,185,1
927,45,1
928,65,1
929,200,0
930,40,1
931,70,1
932,38,1
933,101,1
934,56,1
935,165,0
936,200,0
937,50,1
938,183,1
939,80,1
940,30,0
941,161,1
942,22,0
943,43,1
944,45,1
945,62,1
946,98,1
947,123,1
948,84,1
949,34,1
950,34,0
951,45,1
952,200,0
953,103,1
954,63,1
955,87,1
956,28,1
957,86,1
958,98,1
959,22,0
960,200,0
961,34,1
962,96,1
963,69,1
964,128,1
965,84,0
966,43,1
967,26,1
968,45,1
969,72,1
970,39,1
971,155,1
972,90,1
973,115,1
974,194,1
975,138,1
976,51,1
977,45,1
978,49,0
979,82,1
980,200,0
981,50,1
982,117,1
983,200,0
984,70,1
985,195,1
986,53,1
987,39,1
988,126,1
989,82,1
990,50,1
991,63,1
992,175,1
993,33,1
994,89,1
995,54,1
996,61,1
997,82,1
998,200,0
999,39,0
1000,129,1
1001,200,0
1002,58,1
1003,49,1
1004,176,1
1005,160,1
1006,49,1
1007,41,1
1008,60,1
1009,81,1
1010,168,1
1011,169,1
1012,43,0
1013,111,1
1014,36,1
1015,72,1
1016,146,1
1017,57,1
1018,200,0
1019,135,1
1020,71,1
1021,77,0
1022,200,0
1023,200,0
1024,180,1
1025,51,1
1026,123,1
1027,163,1
1028,110,1
1029,85,1
1030,56,1
1031,134,1
1032,44,1
1033,67,1
1034,42,1
1035,61,1
1036,186,0
1037,171,1
1038,24,1
1039,151,1
1040,105,1
1041,55,1
1042,64,1
1043,78,1
1044,162,1
1045,58,0
1046,89,1
1047,99,1
1048,130,1
1049,38,0
1050,116,1
1051,113,1
1052,192,1
1053,87,1
1054,75,1
1055,95,1
1056,49,1
1057,200,0
1058,174,1
1059,37,1
1060,31,0
1061,128,1
1062,95,1
1063,93,1
1064,48,1
1065,170,1
1066,40,1
1067,108,1
1068,16,0
1069,36,1
1070,25,1
1071,149,1
1072,135,0
1073,110,1
1074,103,1
1075,34,0
1076,54,1
1077,25,0
1078,108,1
1079,200,0
1080,24,1
1081,57,1
1082,70,1
1083,58,1
1084,16,0
1085,79,1
1086,43,1
1087,131,0
1088,49,1
1089,55,0
1090,90,1
1091,66,1
1092,70,0
1093,46,1
1094,77,1
1095,131,1
1096,160,1
1097,116,1
1098,77,1
1099,170,1
1100,122,1
1101,46,1
1102,57,1
1103,46,1
1104,200,0
1105,200,0
1106,54,1
1107,59,1
1108,127,1
1109,109,1
1110,51,1
1111,48,1
1112,91,1
1113,118,1
1114,131,1
1115,200,0
1116,62,1
1117,140,1
1118,180,1
1119,89,1
1120,121,1
1121,200,0
1122,99,1
1123,96,1
1124,22,1
1125,71,1
1126,124,1
1127,134,1
1128,187,1
1129,41,1
1130,107,1
1131,63,0
1132,52,1
1133,37,1
1134,124,1
1135,52,1
1136,200,0
1137,66,1
1138,36,1
1139,111,1
1140,83,1
1141,129,1
1142,66,0
1143,46,1
1144,62,1
1145,94,1
1146,29,0
1147,117,0
1148,84,1
1149,101,1
1150,47,1
1151,46,1
1152,72,1
1153,80,1
1154,39,1
1155,109,1
1156,146,1
1157,66,1
1158,47,0
1159,176,1
1160,33,0
1161,60,1
1162,14,0
1163,37,1
1164,61,1
1165,143,1
1166,79,1
1167,64,1
1168,200,0
1169,125,1
1170,100,1
1171,38,0
1172,48,1
1173,121,1
1174,192,1
1175,23,0
1176,50,1
1177,183,1
1178,108,1
1179,79,0
1180,82,1
1181,140,1
1182,47,1
1183,196,1
1184,51,1
1185,200,0
1186,198,1
1187,66,1
1188,97,1
1189,90,1
1190,84,1
1191,110,1
1192,29,1
1193,61,1
1194,200,0
1195,38,0
1196,54,1
1197,74,1
1198,52,1
1199,141,1
1200,68,1
1201,57,1
1202,104,1
1203,99,1
1204,200,0
1205,167,1
1206,200,0
1207,64,1
1208,111,1
1209,91,1
1210,125,0
1211,87,1
1212,169,1
1213,144,1
1214,60,1
1215,69,1
1216,105,1
1217,43,0
1218,92,1
1219,78,1
1220,44,1
1221,86,1
1222,127,1
1223,45,1
1224,199,1
1225,88,1
1226,51,0
1227,48,1
1228,71,1
1229,100,1
1230,45,1
1231,112,1
1232,124,1
1233,57,1
1234,76,1
1235,51,1
1236,61,1
1237,105,1
1238,138,1
1239,200,0
1240,81,1
1241,104,1
1242,45,1
1243,27,0
1244,111,1
1245,175,1
1246,113,1
1247,115,1
1248,73,1
1249,21,0
1250,22,1
1251,47,1
1252,58,0
1253,35,1
1254,76,1
1255,41,1
1256,87,1
1257,84,1
1258,57,1
1259,77,1
1260,137,1
1261,63,1
1262,200,1
1263,36,1
1264,27,1
1265,84,1
1266,74,1
1267,105,1
1268,101,1
1269,36,1
1270,49,1
1271,23,1
1272,66,1
1273,88,1
1274,200,0
1275,43,1
1276,49,1
1277,185,1
1278,67,1
1279,49,1
1280,48,1
1281,41,1
1282,119,1
1283,35,1
1284,74,1
1285,68,1
1286,38,1
1287,102,1
1288,83,1
1289,87,1
1290,22,1
1291,34,0
1292,65,1
1293,142,1
1294,69,1
1295,48,1
1296,71,1
1297,174,1
1298,173,1
1299,60,1
1300,39,1
1301,145,1
1302,200,1
1303,119,1
1304,71,1
1305,53,1
1306,66,1
1307,71,1
1308,57,1
1309,200,0
1310,42,1
1311,38,1
1312,151,1
1313,23,0
1314,118,1
1315,121,1
1316,48,1
1317,118,1
1318,193,1
1319,157,1
1320,41,1
1321,111,0
1322,87,1
1323,90,1
1324,184,1
1325,92,1
1326,106,1
1327,18,0
1328,39,1
1329,43,0
1330,49,1
1331,85,1
1332,69,1
1333,10,0
1334,26,1
1335,99,1
1336,200,0
1337,134,1
1338,32,0
1339,108,1
1340,185,1
1341,39,1
1342,48,1
1343,100,1
1344,153,1
1345,58,1
1346,157,1
1347,132,1
1348,106,1
1349,159,1
1350,30,1
1351,130,0
1352,31,1
1353,109,1
1354,55,1
1355,13,0
1356,61,1
1357,56,1
1358,49,1
1359,129,1
1360,127,1
1361,72,1
1362,108,1
1363,108,1
1364,88,1
1365,101,1
1366,104,1
1367,25,1
1368,200,0
1369,62,1
1370,31,1
1371,200,0
1372,200,0
1373,21,1
1374,67,1
1375,102,1
1376,94,1
1377,183,1
1378,63,1
1379,79,1
1380,200,0
1381,200,0
1382,119,1
1383,100,1
1384,54,1
1385,34,1
1386,20,0
1387,200,0
1388,31,1
1389,80,1
1390,36,1
1391,100,1
1392,44,1
1393,163,1
1394,78,1
1395,38,1
1396,59,1
1397,17,0
1398,167,1
1399,108,1
1400,87,1
1401,149,1
1402,53,1
1403,49,1
1404,44,1
1405,88,1
1406,55,1
1407,50,1
1408,101,1
1409,101,1
1410,162,1
1411,74,1
1412,186,1
1413,39,1
1414,76,1
1415,13,0
1416,73,1
1417,200,0
1418,107,1
1419,86,1
1420,154,1
1421,139,1
1422,112,1
1423,51,0
1424,71,1
1425,118,1
1426,154,1
1427,75,1
1428,64,1
1429,141,1
1430,51,1
1431,109,1
1432,13,0
1433,98,1
1434,39,0
1435,44,1
1436,140,1
1437,52,1
1438,36,1
1439,102,1
1440,60,1
1441,116,1
1442,27,0
1443,61,1
1444,59,1
1445,102,1
1446,183,1
1447,80,0
1448,102,1
1449,148,1
1450,100,1
1451,79,1
1452,173,1
1453,36,1
1454,51,1
1455,67,1
1456,162,1
1457,86,1
1458,100,1
1459,162,1
1460,169,1
1461,60,1
1462,63,1
1463,106,1
1464,196,1
1465,200,0
1466,77,1
1467,60,1
1468,80,1
1469,107,1
1470,89,1
1471,97,1
1472,39,1
1473,85,1
1474,116,1
1475,85,1
1476,71,1
1477,112,1
1478,179,1
1479,56,1
1480,53,1
1481,200,0
1482,170,1
1483,113,1
1484,69,1
1485,125,1
1486,85,1
1487,175,1
1488,99,1
1489,50,1
1490,62,1
1491,72,1
1492,63,1
1493,75,1
1494,63,1
1495,57,1
1496,98,1
1497,65,1
1498,153,1
1499,52,1
1500,76,1
1501,197,1
1502,57,1
1503,200,0
1504,91,1
1505,58,1
1506,78,1
1507,58,1
1508,32,1
1509,141,1
1510,181,1
1511,45,1
1512,35,1
1513,42,1
1514,31,1
1515,126,1
1516,30,0
1517,152,1
1518,58,1
1519,89,1
1520,29,1
1521,69,0
1522,73,1
1523,170,1
1524,59,1
1525,69,1
1526,200,0
1527,87,1
1528,129,1
1529,35,1
1530,95,1
1531,86,1
1532,66,1
1533,10,0
1534,129,1
1535,37,0
1536,53,1
1537,93,1
1538,200,0
1539,76,1
1540,97,1
1541,35,1
1542,78,1
1543,77,1
1544,135,1
1545,92,1
1546,91,1
1547,195,1
1548,50,1
1549,96,1
1550,186,1
1551,87,1
1552,44,1
1553,41,1
1554,66,1
1555,27,1
1556,37,1
1557,40,0
1558,16,0
1559,183,1
1560,87,1
1561,68,1
1562,142,1
1563,57,1
1564,189,1
1565,54,1
1566,25,0
1567,65,1
1568,45,1
1569,54,1
1570,200,0
1571,128,1
1572,151,1
1573,62,1
1574,106,1
1575,37,1
1576,200,0
1577,36,0
1578,41,1
1579,200,0
1580,43,0
1581,141,1
1582,118,1
1583,110,1
1584,27,0
1585,200,0
1586,39,1
1587,99,1
1588,127,1
1589,176,1
1590,56,1
1591,60,1
1592,176,1
1593,108,1
1594,67,1
1595,172,1
1596,29,1
1597,169,0
1598,105,1
1599,28,0
1600,117,1
1601,27,1
1602,25,0
1603,67,1
1604,65,1
1605,38,1
1606,66,1
1607,145,1
1608,41,1
1609,51,1
1610,116,1
1611,33,0
1612,48,1
1613,122,1
1614,52,1
1615,115,1
1616,200,0
1617,45,1
1618,61,1
1619,98,1
1620,52,1
1621,122,1
1622,58,1
1623,144,1
1624,54,1
1625,54,1
1626,106,1
1627,28,1
1628,60,1
1629,30,0
1630,64,0
1631,155,1
1632,68,1
1633,89,1
1634,107,1
1635,77,1
1636,48,1
1637,137,1
1638,44,1
1639,77,1
1640,92,1
1641,71,1
1642,89,1
1643,97,1
1644,145,1
1645,98,1
1646,43,0
1647,91,1
1648,38,1
1649,200,0
1650,173,1
1651,119,0
1652,74,1
1653,111,1
1654,118,1
1655,69,1
1656,62,1
1657,40,1
1658,47,1
1659,66,1
1660,99,1
1661,29,0
1662,169,1
1663,50,1
1664,200,0
1665,62,1
1666,66,1
1667,178,1
1668,98,1
1669,87,1
1670,9,0
1671,100,1
1672,158,1
1673,66,1
1674,90,1
1675,65,1
1676,166,1
1677,134,1
1678,106,1
1679,64,1
1680,95,0
1681,69,1
1682,177,1
1683,67,1
1684,55,1
1685,61,1
1686,39,1
1687,81,1
1688,57,1
1689,75,1
1690,137,1
1691,50,1
1692,48,0
1693,95,1
1694,32,1
1695,68,1
1696,88,1
1697,49,1
1698,88,1
1699,114,1
1700,117,1
1701,164,1
1702,48,1
1703,76,1
1704,200,0
1705,66,1
1706,43,1
1707,65,1
1708,155,1
1709,118,1
1710,94,1
1711,104,1
1712,52,1
1713,158,1
1714,33,1
1715,66,1
1716,57,1
1717,126,1
1718,74,1
1719,60,1
1720,69,1
1721,29,1
1722,26,1
1723,80,1
1724,109,1
1725,167,1
1726,83,1
1727,36,0
1728,18,0
1729,62,1
1730,43,1
1731,73,1
1732,200,0
1733,200,0
1734,36,1
1735,81,1
1736,187,1
1737,107,1
1738,62,1
1739,72,1
1740,174,1
1741,41,1
1742,18,0
1743,75,1
1744,53,1
1745,57,1
1746,55,1
1747,101,1
1748,9,0
1749,54,1
1750,109,1
1751,155,1
1752,155,1
1753,45,1
1754,133,1
1755,52,1
1756,47,1
1757,49,1
1758,64,1
1759,121,1
1760,41,1
1761,200,0
1762,41,1
1763,66,1
1764,123,1
1765,158,1
1766,36,0
1767,200,0
1768,191,1
1769,99,1
1770,26,1
1771,25,0
1772,63,1
1773,49,1
1774,31,1
1775,154,1
1776,200,0
1777,80,1
1778,89,1
1779,185,1
1780,79,1
1781,40,1
1782,186,1
1783,64,1
1784,59,1
1785,20,1
1786,72,1
1787,44,1
1788,175,1
1789,98,1
1790,103,1
1791,97,1
1792,166,1
1793,47,1
1794,98,1
1795,71,1
1796,39,0
1797,190,0
1798,69,1
1799,44,1
1800,140,1
1801,91,1
1802,54,0
1803,113,1
1804,106,1
1805,157,1
1806,123,1
1807,56,1
1808,119,1
1809,63,1
1810,111,1
1811,163,1
1812,115,1
1813,126,1
1814,73,1
1815,40,1
1816,77,1
1817,200,0
1818,47,1
1819,55,0
1820,59,1
1821,49,1
1822,104,0
1823,118,1
1824,128,1
1825,85,1
1826,31,1
1827,62,0
1828,116,0
1829,124,1
1830,166,1
1831,52,0
1832,39,1
1833,165,1
1834,200,0
1835,200,0
1836,77,1
1837,65,1
1838,65,1
1839,34,1
1840,61,0
1841,106,1
1842,200,0
1843,91,1
1844,34,0
1845,45,1
1846,99,1
1847,54,1
1848,79,1
1849,64,1
1850,46,1
1851,85,1
1852,126,1
1853,111,1
1854,84,1
1855,89,1
1856,48,0
1857,95,1
1858,76,1
1859,60,1
1860,107,0
1861,137,1
1862,156,1
1863,200,0
1864,26,1
1865,68,1
1866,83,1
1867,161,1
1868,183,1
1869,37,0
1870,49,1
1871,99,1
1872,131,1
1873,76,1
1874,55,1
1875,200,0
1876,49,1
1877,105,1
1878,62,1
1879,162,1
1880,72,1
1881,44,1
1882,86,1
1883,55,1
1884,94,1
1885,93,1
1886,120,1
1887,132,1
1888,193,1
1889,98,1
1890,48,1
1891,41,0
1892,65,1
1893,121,1
1894,156,1
1895,86,1
1896,59,1
1897,101,1
1898,53,1
1899,63,1
1900,59,0
1901,53,1
1902,20,1
1903,42,1
1904,146,1
1905,57,0
1906,145,1
1907,42,1
1908,174,1
1909,200,1
1910,24,1
1911,64,1
1912,99,1
1913,28,0
1914,78,1
1915,88,1
1916,86,1
1917,200,0
1918,127,0
1919,129,1
1920,107,1
1921,46,1
1922,164,1
1923,26,1
1924,108,1
1925,52,1
1926,92,1
1927,54,1
1928,31,1
1929,60,1
1930,98,1
1931,164,1
1932,200,0
1933,68,1
1934,35,1
1935,38,1
1936,81,0
1937,91,1
1938,80,1
1939,69,1
1940,117,1
1941,45,1
1942,200,0
1943,168,1
1944,128,1
1945,68,1
1946,149,1
1947,40,1
1948,19,0
1949,92,1
1950,149,1
1951,39,1
1952,56,1
1953,51,1
1954,200,0
1955,71,1
1956,120,1
1957,200,0
1958,33,1
1959,127,1
1960,200,0
1961,200,0
1962,43,0
1963,50,1
1964,114,1
1965,130,1
1966,137,1
1967,34,1
1968,136,1
1969,86,1
1970,35,1
1971,17,0
1972,14,0
1973,200,0
1974,109,1
1975,20,0
1976,68,1
1977,200,0
1978,61,1
1979,55,1
1980,200,0
1981,77,1
1982,42,1
1983,144,0
1984,11,0
1985,31,1
1986,72,1
1987,108,1
1988,60,1
1989,79,1
1990,21,0
1991,26,0
1992,48,1
1993,69,1
1994,33,1
1995,79,1
1996,82,1
1997,70,1
1998,37,1
1999,200,0
2000,141,1
2001,48,1
2002,200,0
2003,76,1
2004,110,1
2005,94,1
2006,51,0
2007,46,1
2008,22,1
2009,200,0
2010,8,0
2011,102,1
2012,39,1
2013,151,1
2014,113,1
2015,63,1
2016,110,1
2017,39,1
2018,154,1
2019,97,1
2020,165,1
2021,25,0
2022,65,1
2023,63,1
2024,74,1
2025,97,1
2026,83,1
2027,64,1
2028,88,1
2029,127,1
2030,10,0
2031,31,1
2032,81,1
2033,54,1
2034,200,0
2035,46,1
2036,104,1
2037,83,1
2038,124,1
2039,101,1
2040,53,1
2041,119,1
2042,49,1
2043,79,1
2044,129,1
2045,195,1
2046,155,1
2047,85,1
2048,176,1
2049,69,1
2050,67,1
2051,68,1
2052,200,0
2053,111,1
2054,87,1
2055,84,1
2056,200,0
2057,67,1
2058,55,1
2059,45,1
2060,133,1
2061,132,1
2062,168,1
2063,112,1
2064,36,0
2065,38,1
2066,148,1
2067,87,1
2068,151,1
2069,84,1
2070,36,1
2071,49,1
2072,80,0
2073,33,1
2074,60,1
2075,190,1
2076,45,1
2077,77,1
2078,29,1
2079,65,1
2080,143,1
2081,49,1
2082,94,0
2083,105,1
2084,82,1
2085,33,0
2086,60,1
2087,149,1
2088,117,1
2089,173,1
2090,20,0
2091,45,1
2092,70,1
2093,72,1
2094,52,1
2095,49,0
2096,86,1
2097,24,1
2098,101,1
2099,107,1
2100,102,1
2101,59,1
2102,148,1
2103,39,1
2104,188,1
2105,200,0
2106,62,1
2107,161,1
2108,167,1
2109,63,1
2110,102,1
2111,104,1
2112,53,1
2113,34,1
2114,69,1
2115,164,1
2116,138,1
2117,29,1
2118,119,1
2119,75,1
2120,92,1
2121,200,0
2122,68,1
2123,42,0
2124,123,1
2125,153,1
2126,63,1
2127,84,1
2128,45,1
2129,69,1
2130,67,1
2131,39,1
2132,64,1
2133,88,1
2134,75,1
2135,180,1
2136,119,0
2137,151,1
2138,200,0
2139,100,1
2140,51,1
2141,120,1
2142,52,1
2143,52,1
2144,43,1
2145,52,1
2146,138,1
2147,43,1
2148,27,1
2149,167,1
2150,12,0
2151,71,1
2152,198,1
2153,40,0
2154,103,1
2155,107,0
2156,200,0
2157,171,1
2158,97,1
2159,77,1
2160,92,1
2161,95,1
2162,81,1
2163,76,1
2164,200,0
2165,19,0
2166,139,1
2167,32,0
2168,121,1
2169,200,0
2170,60,1
2171,57,1
2172,49,1
2173,40,0
2174,102,1
2175,70,0
2176,59,1
2177,153,1
2178,98,1
2179,32,1
2180,164,1
2181,43,1
2182,180,1
2183,200,0
2184,197,1
2185,50,1
2186,93,1
2187,61,1
2188,52,1
2189,82,1
2190,95,1
2191,72,1
2192,74,1
2193,64,1
2194,111,1
2195,84,1
2196,62,1
2197,92,1
2198,21,1
2199,69,1
2200,39,1
2201,120,1
2202,56,0
2203,200,0
2204,23,1
2205,78,1
2206,50,1
2207,86,1
2208,107,1
2209,129,1
2210,51,1
2211,68,1
2212,82,1
2213,176,1
2214,102,1
2215,70,1
2216,200,0
2217,200,1
2218,38,1
2219,34,1
2220,90,1
2221,40,1
2222,64,1
2223,125,1
2224,98,1
2225,54,1
2226,70,1
2227,106,1
2228,90,0
2229,47,0
2230,94,1
2231,37,1
2232,181,1
2233,135,1
2234,95,1
2235,53,1
2236,73,1
2237,39,0
2238,52,0
2239,58,1
2240,127,1
2241,53,1
2242,170,1
2243,92,1
2244,200,0
2245,119,1
2246,63,1
2247,151,1
2248,102,1
2249,112,1
2250,38,1
2251,158,1
2252,82,1
2253,39,1
2254,95,1
2255,94,1
2256,40,0
2257,105,1
2258,68,1
2259,148,1
2260,50,1
2261,86,1
2262,128,1
2263,35,1
2264,150,1
2265,73,1
2266,127,1
2267,200,0
2268,74,1
2269,67,1
2270,176,1
2271,45,1
2272,133,1
2273,46,1
2274,46,1
2275,140,1
2276,64,1
2277,23,0
2278,138,1
2279,49,1
2280,135,1
2281,86,1
2282,10,0
2283,46,1
2284,61,1
2285,65,0
2286,132,1
2287,65,1
2288,185,1
2289,24,1
2290,39,1
2291,40,1
2292,29,1
2293,101,1
2294,97,1
2295,43,0
2296,79,0
2297,89,1
2298,82,1
2299,96,1
2300,87,1
2301,92,1
2302,34,0
2303,55,1
2304,46,1
2305,54,1
2306,110,1
2307,59,1
2308,98,1
2309,34,1
2310,108,1
2311,78,1
2312,68,1
2313,91,1
2314,45,1
2315,49,1
2316,83,0
2317,107,1
2318,152,1
2319,121,1
2320,56,1
2321,93,1
2322,76,1
2323,26,1
2324,149,1
2325,63,1
2326,72,1
2327,44,0
2328,40,1
2329,107,1
2330,70,1
2331,64,1
2332,90,1
2333,48,1
2334,86,1
2335,94,1
2336,67,1
2337,90,1
2338,57,1
2339,87,1
2340,139,1
2341,43,1
2342,174,1
2343,102,1
2344,59,1
2345,41,1
2346,46,0
2347,130,1
2348,51,1
2349,52,1
2350,64,1
2351,29,1
2352,151,0
2353,32,1
2354,200,0
2355,76,1
2356,45,1
2357,95,1
2358,151,1
2359,75,1
2360,109,1
2361,97,1
2362,124,1
2363,62,1
2364,66,1
2365,102,1
2366,71,1
2367,134,1
2368,93,0
2369,173,1
2370,43,0
2371,81,1
2372,191,1
2373,100,1
2374,75,1
2375,93,1
2376,68,1
2377,38,1
2378,73,1
2379,154,1
2380,46,0
2381,70,1
2382,52,1
2383,88,1
2384,55,1
2385,103,1
2386,100,1
2387,39,1
2388,87,1
2389,61,1
2390,50,1
2391,63,1
2392,50,1
2393,172,1
2394,15,0
2395,200,1
2396,169,1
2397,149,1
2398,200,0
2399,54,1
2400,97,1
2401,42,0
2402,78,0
2403,65,1
2404,44,1
2405,62,1
2406,54,1
2407,124,1
2408,58,1
2409,108,1
2410,59,1
2411,200,0
2412,28,1
2413,160,1
2414,62,1
2415,41,1
2416,83,1
2417,85,1
2418,105,1
2419,74,1
2420,70,1
2421,23,0
2422,92,1
2423,97,1
2424,22,1
2425,97,1
2426,40,1
2427,38,1
2428,111,1
2429,76,1
2430,193,1
2431,51,1
2432,110,1
2433,89,1
2434,35,1
2435,22,0
2436,52,1
2437,31,1
2438,68,1
2439,71,1
2440,58,1
2441,25,0
2442,132,1
2443,31,1
2444,63,1
2445,45,0
2446,67,1
2447,46,1
2448,122,1
2449,44,0
2450,137,1
2451,105,1
2452,124,1
2453,74,1
2454,41,1
2455,78,0
2456,86,1
2457,81,1
2458,34,1
2459,29,0
2460,200,0
2461,138,1
2462,200,0
2463,37,1
2464,95,1
2465,169,1
2466,156,1
2467,83,1
2468,200,0
2469,57,1
2470,200,0
2471,22,0
2472,200,0
2473,63,1
2474,90,1
2475,80,1
2476,96,0
2477,117,1
2478,200,0
2479,112,1
2480,126,1
2481,91,0
2482,200,0
2483,48,1
2484,52,1
2485,68,1
2486,92,0
2487,8,0
2488,42,0
2489,151,1
2490,48,1
2491,63,1
2492,156,1
2493,96,1
2494,57,1
2495,114,1
2496,90,1
2497,49,1
2498,42,1
2499,81,1
2500,26,1
2501,82,1
2502,38,1
2503,57,1
2504,84,1
2505,158,1
2506,62,1
2507,43,1
2508,92,1
2509,149,1
2510,76,1
2511,200,0
2512,50,1
2513,146,1
2514,89,1
2515,36,1
2516,49,1
2517,92,1
2518,104,1
2519,44,1
2520,110,1
2521,42,1
2522,158,1
2523,67,1
2524,95,1
2525,73,1
2526,41,1
2527,55,1
2528,27,0
2529,82,1
2530,21,1
2531,172,1
2532,133,1
2533,76,1
2534,76,0
2535,62,1
2536,68,1
2537,185,1
2538,198,1
2539,50,1
2540,30,0
2541,46,1
2542,15,0
2543,49,1
2544,111,1
2545,144,1
2546,88,1
2547,51,1
2548,81,1
2549,102,1
2550,189,1
2551,59,1
2552,124,1
2553,73,1
2554,34,1
2555,61,1
2556,71,1
2557,57,1
2558,20,0
2559,200,0
2560,188,1
2561,70,1
2562,122,1
2563,124,1
2564,54,1
2565,76,0
2566,111,1
2567,42,1
2568,89,1
2569,40,1
2570,42,1
2571,142,1
2572,179,1
2573,22,1
2574,67,1
2575,109,1
2576,28,0
2577,96,1
2578,75,0
2579,93,1
2580,100,1
2581,200,0
2582,74,1
2583,200,0
2584,55,1
2585,91,1
2586,53,1
2587,48,1
2588,73,0
2589,116,1
2590,53,1
2591,161,1
2592,128,1
2593,136,0
2594,52,1
2595,200,0
2596,77,1
2597,95,1
2598,167,1
2599,200,0
2600,175,1
2601,90,1
2602,64,1
2603,200,0
2604,63,1
2605,117,1
2606,42,1
2607,64,1
2608,55,1
2609,68,1
2610,88,1
2611,44,1
2612,200,0
2613,150,1
2614,200,0
2615,110,1
2616,44,1
2617,162,1
2618,11,0
2619,126,1
2620,118,1
2621,75,1
2622,38,1
2623,108,1
2624,76,1
2625,72,1
2626,66,1
2627,67,1
2628,54,1
2629,48,1
2630,200,0
2631,64,1
2632,41,1
2633,65,1
2634,76,0
2635,34,1
2636,84,1
2637,175,1
2638,48,1
2639,104,1
2640,34,0
2641,91,1
2642,119,1
2643,139,1
2644,76,1
2645,51,1
2646,78,1
2647,116,1
2648,58,0
2649,134,1
2650,122,1
2651,96,1
2652,150,1
2653,25,1
2654,27,1
2655,46,1
2656,53,1
2657,138,1
2658,200,0
2659,200,0
2660,94,1
2661,200,0
2662,129,1
2663,126,1
2664,130,1
2665,200,0
2666,48,1
2667,95,1
2668,150,1
2669,51,1
2670,133,1
2671,72,1
2672,144,1
2673,17,1
2674,96,1
2675,37,0
2676,26,1
2677,52,1
2678,200,0
2679,54,1
2680,158,1
2681,39,1
2682,39,1
2683,37,1
2684,51,1
2685,101,1
2686,145,1
2687,200,0
2688,136,1
2689,99,1
2690,118,1
2691,200,0
2692,39,1
2693,91,1
2694,54,1
2695,200,0
2696,9,0
2697,28,1
2698,30,1
2699,49,1
2700,43,1
2701,65,1
2702,10,0
2703,55,1
2704,138,1
2705,66,1
2706,200,0
2707,119,1
2708,28,1
2709,48,1
2710,61,1
2711,200,0
2712,115,1
2713,106,1
2714,158,1
2715,95,1
2716,200,0
2717,62,1
2718,200,0
2719,12,0
2720,49,1
2721,109,1
2722,36,1
2723,77,1
2724,21,0
2725,150,1
2726,178,1
2727,64,1
2728,161,1
2729,200,1
2730,72,1
2731,67,1
2732,200,0
2733,36,1
2734,156,1
2735,31,0
2736,27,0
2737,81,1
2738,83,1
2739,42,1
2740,37,1
2741,33,1
2742,129,1
2743,71,0
2744,58,1
2745,200,0
2746,47,1
2747,43,1
2748,102,1
2749,98,1
2750,57,1
2751,56,1
2752,39,1
2753,87,1
2754,71,1
2755,46,1
2756,200,0
2757,88,1
2758,48,1
2759,186,1
2760,54,1
2761,42,1
2762,126,1
2763,159,1
2764,134,1
2765,112,1
2766,42,1
2767,37,0
2768,125,1
2769,68,1
2770,200,0
2771,98,1
2772,126,0
2773,61,1
2774,66,1
2775,24,0
2776,108,1
2777,200,0
2778,85,1
2779,49,1
2780,74,1
2781,95,1
2782,113,1
2783,145,1
2784,200,0
2785,84,0
2786,73,1
2787,200,0
2788,39,1
2789,87,1
2790,140,1
2791,167,1
2792,52,1
2793,65,1
2794,38,1
2795,55,1
2796,92,1
2797,75,1
2798,70,1
2799,53,1
2800,138,1
2801,37,1
2802,62,1
2803,32,1
2804,200,0
2805,192,1
2806,23,0
2807,82,1
2808,46,1
2809,34,1
2810,57,1
2811,41,1
2812,108,1
2813,32,1
2814,38,1
2815,54,1
2816,40,1
2817,97,1
2818,129,1
2819,14,0
2820,120,1
2821,57,1
2822,76,1
2823,200,0
2824,66,1
2825,64,1
2826,127,1
2827,96,1
2828,78,1
2829,90,1
2830,54,1
2831,200,0
2832,53,1
2833,113,1
2834,41,1
2835,115,1
2836,123,1
2837,17,0
2838,85,0
2839,98,1
2840,37,1
2841,68,1
2842,82,1
2843,107,1
2844,34,0
2845,79,1
2846,87,1
2847,82,1
2848,153,1
2849,119,1
2850,9,0
2851,120,1
2852,107,1
2853,35,0
2854,43,1
2855,72,1
2856,58,1
2857,151,1
2858,198,1
2859,66,1
2860,45,1
2861,34,1
2862,40,1
2863,41,1
2864,40,1
2865,200,0
2866,113,1
2867,142,1
2868,103,1
2869,27,1
2870,110,1
2871,66,1
2872,68,1
2873,28,1
2874,37,1
2875,36,1
2876,82,1
2877,157,1
2878,52,1
2879,176,1
2880,200,0
2881,94,1
2882,152,1
2883,198,1
2884,112,1
2885,68,1
2886,47,1
2887,104,1
2888,115,1
2889,24,1
2890,200,0
2891,34,0
2892,101,1
2893,63,1
2894,101,1
2895,59,1
2896,77,1
2897,120,1
2898,172,1
2899,83,1
2900,115,1
2901,130,1
2902,90,1
2903,57,1
2904,122,1
2905,113,1
2906,63,1
2907,14,0
2908,161,1
2909,74,1
2910,32,1
2911,102,1
2912,18,0
2913,32,1
2914,129,1
2915,106,1
2916,53,1
2917,113,1
2918,42,1
2919,96,1
2920,200,0
2921,64,1
2922,118,1
2923,182,1
2924,78,1
2925,41,0
2926,99,1
2927,134,1
2928,200,0
2929,52,1
2930,97,1
2931,74,1
2932,107,1
2933,43,1
2934,89,0
2935,121,1
2936,73,1
2937,43,1
2938,33,0
2939,16,0
2940,74,1
2941,28,0
2942,55,1
2943,129,1
2944,200,0
2945,104,1
2946,44,1
2947,39,0
2948,53,1
2949,11,0
2950,68,1
2951,37,0
2952,124,1
2953,105,1
2954,88,1
2955,175,1
2956,118,0
2957,84,1
2958,72,1
2959,63,1
2960,51,0
2961,200,0
2962,200,0
2963,77,1
2964,27,1
2965,89,1
2966,62,1
2967,54,1
2968,76,1
2969,92,1
2970,48,1
2971,50,1
2972,122,1
2973,77,1
2974,58,1
2975,47,0
2976,139,1
2977,23,0
2978,68,1
2979,37,1
2980,115,1
2981,82,1
2982,186,1
2983,169,1
2984,49,1
2985,186,1
2986,61,1
2987,78,1
2988,53,1
2989,96,0
2990,81,1
2991,108,1
2992,13,0
2993,46,1
2994,115,0
2995,115,1
2996,64,1
2997,116,1
2998,182,1
2999,47,1
3000,174,1
3001,195,1
3002,123,1
3003,73,1
3004,36,1
3005,173,1
3006,200,0
3007,72,1
3008,99,1
3009,99,1
3010,134,1
3011,158,1
3012,57,1
3013,70,0
3014,36,1
3015,51,1
3016,56,1
3017,154,1
3018,200,0
3019,25,1
3020,96,1
3021,16,0
3022,200,0
3023,81,1
3024,54,1
3025,105,1
3026,36,1
3027,23,1
3028,44,1
3029,121,1
3030,200,0
3031,83,1
3032,49,1
3033,57,1
3034,53,1
3035,133,0
3036,132,1
3037,200,0
3038,94,1
3039,95,1
3040,103,1
3041,54,1
3042,99,1
3043,52,1
3044,114,1
3045,75,1
3046,57,1
3047,52,1
3048,185,1
3049,99,1
3050,148,1
3051,61,1
3052,85,1
3053,85,1
3054,40,1
3055,200,0
3056,41,1
3057,97,1
3058,116,1
3059,32,1
3060,48,1
3061,94,1
3062,34,1
3063,55,1
3064,55,1
3065,64,1
3066,57,1
3067,20,1
3068,78,1
3069,114,1
3070,61,1
3071,73,1
3072,72,1
3073,77,1
3074,83,1
3075,84,1
3076,105,1
3077,49,1
3078,34,1
3079,43,1
3080,197,1
3081,110,1
3082,200,0
3083,62,1
3084,89,1
3085,109,1
3086,105,1
3087,119,1
3088,153,1
3089,128,1
3090,200,0
3091,104,1
3092,174,1
3093,87,1
3094,125,0
3095,108,1
3096,36,1
3097,48,1
3098,36,1
3099,72,1
3100,95,1
3101,94,1
3102,109,1
3103,84,1
3104,44,1
3105,59,1
3106,70,1
3107,165,1
3108,39,1
3109,39,1
3110,111,1
3111,49,1
3112,51,1
3113,36,0
3114,69,1
3115,200,0
3116,85,1
3117,20,0
3118,48,1
3119,105,1
3120,42,1
3121,64,1
3122,82,1
3123,86,1
3124,30,1
3125,75,1
3126,47,1
3127,84,1
3128,127,1
3129,72,1
3130,49,1
3131,41,1
3132,59,1
3133,8,0
3134,53,1
3135,83,1
3136,154,1
3137,106,1
3138,80,1
3139,149,1
3140,140,1
3141,87,1
3142,81,1
3143,93,1
3144,53,1
3145,124,1
3146,91,1
3147,92,1
3148,49,1
3149,80,1
3150,35,1
3151,129,1
3152,143,1
3153,91,1
3154,43,1
3155,181,1
3156,140,1
3157,200,0
3158,138,1
3159,17,0
3160,56,1
3161,70,1
3162,124,1
3163,148,1
3164,74,1
3165,53,1
3166,104,1
3167,73,1
3168,115,1
3169,104,1
3170,72,1
3171,156,1
3172,69,1
3173,122,1
3174,71,1
3175,47,1
3176,93,1
3177,94,1
3178,54,1
3179,98,1
3180,103,1
3181,41,0
3182,37,0
3183,112,1
3184,86,1
3185,88,1
3186,79,1
3187,200,0
3188,200,0
3189,69,1
3190,55,0
3191,117,1
3192,42,0
3193,114,1
3194,44,1
3195,147,1
3196,95,1
3197,149,1
3198,200,0
3199,45,1
3200,41,1
3201,200,0
3202,32,0
3203,200,0
3204,65,1
3205,130,1
3206,15,0
3207,200,0
3208,48,1
3209,63,1
3210,58,1
3211,70,1
3212,185,1
3213,81,1
3214,43,1
3215,33,1
3216,170,1
3217,84,1
3218,114,1
3219,119,1
3220,184,1
3221,35,1
3222,65,1
3223,47,1
3224,48,1
3225,142,1
3226,47,1
3227,67,1
3228,174,1
3229,139,1
3230,66,1
3231,71,0
3232,135,1
3233,52,1
3234,98,1
3235,98,1
3236,58,1
3237,200,0
3238,74,1
3239,140,0
3240,23,0
3241,200,0
3242,79,1
3243,36,1
3244,69,1
3245,41,1
3246,36,0
3247,126,1
3248,85,1
3249,75,1
3250,56,1
3251,75,1
3252,167,1
3253,66,1
3254,39,0
3255,39,1
3256,58,1
3257,123,1
3258,61,1
3259,65,1
3260,103,1
3261,39,1
3262,173,1
3263,77,1
3264,146,1
3265,178,1
3266,73,1
3267,58,1
3268,96,1
3269,82,1
3270,41,1
3271,107,1
3272,61,1
3273,38,1
3274,52,1
3275,62,1
3276,36,1
3277,36,1
3278,133,1
3279,52,1
3280,50,1
3281,35,1
3282,44,1
3283,30,0
3284,120,1
3285,103,1
3286,72,1
3287,46,1
3288,91,1
3289,122,1
3290,53,1
3291,130,1
3292,68,1
3293,85,0
3294,83,1
3295,47,1
3296,200,0
3297,138,1
3298,62,1
3299,87,1
3300,65,1
3301,112,1
3302,108,1
3303,81,1
3304,38,1
3305,27,1
3306,57,1
3307,115,1
3308,126,1
3309,62,1
3310,129,1
3311,48,1
3312,93,1
3313,56,1
3314,75,1
3315,62,1
3316,49,1
3317,103,1
3318,50,0
3319,55,1
3320,85,1
3321,37,1
3322,28,1
3323,110,1
3324,86,1
3325,92,1
3326,83,1
3327,50,1
3328,147,1
3329,36,1
3330,64,1
3331,80,1
3332,120,1
3333,179,1
3334,165,1
3335,64,0
3336,146,1
3337,72,1
3338,68,1
3339,175,1
3340,200,0
3341,77,1
3342,150,1
3343,146,1
3344,146,1
3345,32,1
3346,38,1
3347,65,1
3348,68,1
3349,13,0
3350,60,0
3351,49,1
3352,80,1
3353,200,0
3354,68,1
3355,114,1
3356,97,1
3357,51,1
3358,41,1
3359,99,1
3360,79,1
3361,38,1
3362,51,1
3363,200,1
3364,27,0
3365,100,1
3366,148,1
3367,200,0
3368,90,1
3369,87,1
3370,75,1
3371,77,1
3372,84,1
3373,42,1
3374,144,0
3375,135,1
3376,54,1
3377,59,1
3378,39,1
3379,47,0
3380,52,1
3381,71,0
3382,85,1
3383,25,1
3384,188,1
3385,200,0
3386,111,1
3387,200,0
3388,130,1
3389,102,1
3390,77,1
3391,105,1
3392,89,1
3393,86,1
3394,91,1
3395,16,0
3396,13,0
3397,88,1
3398,50,1
3399,98,1
3400,57,1
3401,39,0
3402,62,1
3403,79,1
3404,80,1
3405,40,0
3406,102,1
3407,90,1
3408,55,0
3409,64,1
3410,50,1
3411,62,1
3412,174,1
3413,62,1
3414,200,0
3415,149,1
3416,18,1
3417,33,0
3418,200,0
3419,131,1
3420,58,1
3421,119,1
3422,40,1
3423,153,1
3424,57,1
3425,74,1
3426,79,1
3427,41,1
3428,55,1
3429,86,1
3430,134,1
3431,110,1
3432,17,0
3433,99,1
3434,64,1
3435,132,1
3436,21,1
3437,37,1
3438,73,1
3439,48,1
3440,177,1
3441,104,1
3442,95,0
3443,48,0
3444,103,1
3445,50,1
3446,74,1
3447,86,1
3448,135,1
3449,153,1
3450,74,1
3451,35,1
3452,41,1
3453,61,1
3454,83,1
3455,103,1
3456,108,0
3457,67,1
3458,56,1
3459,93,1
3460,200,0
3461,99,1
3462,104,1
3463,96,1
3464,78,1
3465,119,1
3466,30,0
3467,47,1
3468,168,1
3469,38,1
3470,23,1
3471,42,1
3472,200,0
3473,141,1
3474,200,0
3475,51,1
3476,44,0
3477,51,1
3478,55,1
3479,33,0
3480,77,1
3481,80,1
3482,200,0
3483,43,1
3484,18,1
3485,106,1
3486,102,1
3487,82,1
3488,54,0
3489,103,1
3490,107,1
3491,110,1
3492,73,1
3493,143,1
3494,23,0
3495,104,1
3496,84,1
3497,71,1
3498,105,1
3499,32,1
3500,200,0
3501,99,1
3502,11,0
3503,53,1
3504,42,0
3505,79,1
3506,113,1
3507,55,1
3508,47,1
3509,44,1
3510,92,1
3511,121,1
3512,109,1
3513,200,0
3514,50,1
3515,139,1
3516,22,1
3517,189,1
3518,200,0
3519,93,0
3520,72,1
3521,119,1
3522,43,1
3523,140,1
3524,91,1
3525,118,1
3526,65,1
3527,42,1
3528,195,1
3529,25,1
3530,61,1
3531,158,1
3532,109,1
3533,83,1
3534,132,1
3535,57,0
3536,137,1
3537,113,1
3538,36,1
3539,63,1
3540,143,1
3541,178,1
3542,90,1
3543,35,1
3544,171,1
3545,87,1
3546,88,1
3547,86,1
3548,89,1
3549,62,1
3550,180,1
3551,87,1
3552,49,1
3553,86,0
3554,54,1
3555,63,1
3556,59,1
3557,77,1
3558,94,1
3559,39,0
3560,81,1
3561,74,1
3562,16,0
3563,43,1
3564,62,1
3565,105,1
3566,153,1
3567,74,0
3568,92,1
3569,73,1
3570,54,1
3571,108,1
3572,72,1
3573,73,1
3574,175,1
3575,64,1
3576,98,1
3577,200,0
3578,44,1
3579,86,1
3580,170,1
3581,30,1
3582,200,0
3583,200,0
3584,66,1
3585,25,1
3586,94,1
3587,64,1
3588,44,1
3589,155,1
3590,119,1
3591,128,1
3592,112,1
3593,16,0
3594,69,1
3595,81,1
3596,65,1
3597,113,1
3598,35,1
3599,51,0
3600,79,1
3601,89,1
3602,51,1
3603,66,1
3604,67,1
3605,85,1
3606,68,1
3607,97,1
3608,138,1
3609,174,1
3610,59,1
3611,40,1
3612,92,1
3613,78,1
3614,24,0
3615,60,1
3616,110,1
3617,135,1
3618,69,1
3619,151,1
3620,188,1
3621,39,1
3622,74,1
3623,26,1
3624,200,0
3625,55,1
3626,91,1
3627,77,1
3628,81,1
3629,128,1
3630,148,1
3631,55,1
3632,52,1
3633,58,1
3634,110,1
3635,46,0
3636,104,1
3637,79,1
3638,112,1
3639,75,1
3640,155,1
3641,35,0
3642,95,1
3643,86,1
3644,47,0
3645,35,0
3646,78,1
3647,200,0
3648,58,1
3649,112,1
3650,76,1
3651,75,1
3652,176,1
3653,86,1
3654,71,1
3655,115,1
3656,40,1
3657,116,1
3658,132,1
3659,55,1
3660,200,0
3661,28,1
3662,57,1
3663,55,1
3664,160,1
3665,41,1
3666,118,1
3667,81,1
3668,169,1
3669,68,1
3670,77,1
3671,62,1
3672,136,1
3673,150,1
3674,122,1
3675,68,1
3676,38,1
3677,61,1
3678,85,1
3679,82,1
3680,69,1
3681,171,1
3682,137,1
3683,35,1
3684,63,1
3685,75,1
3686,67,1
3687,65,1
3688,52,1
3689,50,1
3690,114,1
3691,38,1
3692,34,1
3693,108,1
3694,49,1
3695,173,1
3696,74,1
3697,87,1
3698,42,1
3699,114,1
3700,96,1
3701,121,1
3702,75,1
3703,93,1
3704,43,1
3705,14,0
3706,68,0
3707,34,1
3708,67,1
3709,60,1
3710,143,1
3711,63,1
3712,109,1
3713,98,1
3714,51,0
3715,67,1
3716,19,0
3717,38,1
3718,183,1
3719,200,0
3720,100,1
3721,32,1
3722,200,0
3723,122,1
3724,54,1
3725,47,1
3726,200,0
3727,58,1
3728,199,1
3729,30,0
3730,200,0
3731,43,1
3732,42,1
3733,75,1
3734,71,1
3735,169,1
3736,61,1
3737,71,1
3738,65,1
3739,24,1
3740,52,1
3741,200,0
3742,44,1
3743,200,0
3744,127,1
3745,149,1
3746,166,1
3747,157,1
3748,39,1
3749,117,1
3750,49,1
3751,200,0
3752,44,1
3753,40,1
3754,150,1
3755,114,1
3756,65,0
3757,72,1
3758,200,0
3759,91,1
3760,70,1
3761,177,1
3762,66,1
3763,46,1
3764,95,1
3765,143,1
3766,121,1
3767,70,1
3768,100,1
3769,25,0
3770,111,1
3771,136,1
3772,34,1
3773,156,1
3774,36,1
3775,52,0
3776,102,1
3777,43,1
3778,76,1
3779,22,0
3780,139,1
3781,80,1
3782,43,1
3783,148,1
3784,48,1
3785,128,1
3786,57,1
3787,81,1
3788,66,1
3789,131,1
3790,97,1
3791,200,0
3792,104,1
3793,42,0
3794,180,1
3795,200,0
3796,200,0
3797,43,0
3798,87,1
3799,46,1
3800,200,0
3801,92,1
3802,66,1
3803,102,1
3804,74,1
3805,150,1
3806,134,1
3807,108,1
3808,13,0
3809,114,1
3810,81,1
3811,92,1
3812,200,0
3813,120,1
3814,48,1
3815,110,1
3816,64,1
3817,188,1
3818,60,1
3819,158,1
3820,200,0
3821,67,1
3822,200,0
3823,117,1
3824,164,1
3825,17,0
3826,49,1
3827,131,1
3828,95,0
3829,65,1
3830,82,1
3831,58,1
3832,45,1
3833,100,1
3834,107,1
3835,124,1
3836,126,1
3837,121,1
3838,38,1
3839,53,1
3840,200,0
3841,172,1
3842,19,1
3843,62,1
3844,113,1
3845,81,1
3846,97,1
3847,36,1
3848,94,1
3849,40,1
3850,200,0
3851,63,1
3852,104,1
3853,126,1
3854,61,1
3855,49,1
3856,96,1
3857,50,1
3858,25,0
3859,7,0
3860,134,1
3861,80,1
3862,32,1
3863,86,1
3864,47,1
3865,99,1
3866,79,1
3867,111,1
3868,200,0
3869,96,1
3870,39,0
3871,60,1
3872,137,1
3873,48,1
3874,57,1
3875,123,1
3876,68,1
3877,49,0
3878,67,0
3879,123,1
3880,72,1
3881,71,1
3882,142,1
3883,104,1
3884,62,1
3885,81,1
3886,86,1
3887,94,1
3888,94,1
3889,146,1
3890,60,1
3891,56,1
3892,50,1
3893,121,1
3894,88,1
3895,62,1
3896,200,0
3897,56,1
3898,108,1
3899,82,1
3900,28,1
3901,88,1
3902,200,0
3903,200,0
3904,169,1
3905,46,1
3906,90,1
3907,108,1
3908,200,0
3909,77,1
3910,96,1
3911,200,0
3912,200,0
3913,177,1
3914,48,1
3915,67,1
3916,71,1
3917,22,0
3918,126,1
3919,95,1
3920,53,1
3921,90,1
3922,23,1
3923,37,1
3924,200,0
3925,49,1
3926,98,1
3927,136,1
3928,179,1
3929,44,1
3930,43,0
3931,93,1
3932,126,1
3933,165,1
3934,40,1
3935,111,1
3936,112,1
3937,97,1
3938,93,1
3939,30,1
3940,139,1
3941,177,1
3942,97,1
3943,111,1
3944,21,1
3945,200,0
3946,95,1
3947,113,1
3948,160,1
3949,81,1
3950,147,1
3951,70,1
3952,56,1
3953,190,1
3954,29,1
3955,155,1
3956,53,1
3957,50,1
3958,77,1
3959,77,1
3960,54,1
3961,75,1
3962,121,1
3963,36,1
3964,76,1
3965,37,1
3966,44,0
3967,44,1
3968,88,1
3969,60,1
3970,21,1
3971,35,1
3972,200,0
3973,140,1
3974,49,1
3975,113,1
3976,28,0
3977,70,1
3978,150,1
3979,97,1
3980,88,1
3981,106,1
3982,50,1
3983,50,1
3984,154,1
3985,64,1
3986,139,1
3987,57,1
3988,84,1
3989,61,1
3990,59,1
3991,83,1
3992,200,0
3993,95,1
3994,123,1
3995,110,1
3996,101,1
3997,34,1
3998,131,1
3999,76,1
4000,44,1
4001,50,0
4002,20,0
4003,78,1
4004,55,1
4005,59,0
4006,71,0
4007,97,1
4008,39,1
4009,61,1
4010,50,1
4011,166,1
4012,61,1
4013,43,1
4014,127,1
4015,78,1
4016,93,1
4017,42,1
4018,70,1
4019,158,1
4020,108,1
4021,69,1
4022,128,1
4023,100,1
4024,200,0
4025,62,1
4026,95,1
4027,72,1
4028,38,1
4029,131,1
4030,37,1
4031,33,0
4032,39,0
4033,27,1
4034,21,0
4035,72,1
4036,68,1
4037,102,1
4038,200,0
4039,109,1
4040,116,1
4041,78,1
4042,106,0
4043,24,0
4044,90,1
4045,104,1
4046,113,1
4047,95,1
4048,111,1
4049,114,0
4050,130,1
4051,87,1
4052,31,1
4053,56,1
4054,74,1
4055,76,1
4056,59,1
4057,127,1
4058,51,1
4059,141,1
4060,82,1
4061,54,1
4062,36,1
4063,48,0
4064,200,0
4065,200,0
4066,142,1
4067,42,1
4068,200,0
4069,200,0
4070,38,1
4071,123,1
4072,62,1
4073,200,0
4074,148,1
4075,99,1
4076,52,1
4077,200,0
4078,18,0
4079,126,0
4080,111,1
4081,44,1
4082,84,1
4083,21,1
4084,132,1
4085,72,1
4086,168,1
4087,70,1
4088,134,1
4089,73,1
4090,93,1
4091,78,1
4092,108,1
4093,108,1
4094,41,1
4095,200,0
4096,173,1
4097,157,1
4098,126,1
4099,97,1
4100,131,1
4101,200,0
4102,38,0
4103,200,0
4104,92,1
4105,84,1
4106,52,1
4107,43,1
4108,38,1
4109,123,0
4110,58,1
4111,200,0
4112,60,1
4113,98,1
4114,109,1
4115,19,0
4116,55,1
4117,200,0
4118,42,1
4119,107,1
4120,90,1
4121,200,0
4122,61,1
4123,103,1
4124,100,0
4125,90,1
4126,137,1
4127,86,1
4128,63,0
4129,45,1
4130,80,1
4131,122,1
4132,80,1
4133,135,1
4134,60,0
4135,168,1
4136,43,1
4137,121,1
4138,49,1
4139,63,1
4140,179,1
4141,104,1
4142,200,0
4143,41,0
4144,123,1
4145,87,1
4146,50,1
4147,60,1
4148,169,1
4149,200,0
4150,45,1
4151,152,1
4152,133,1
4153,57,1
4154,59,1
4155,106,1
4156,38,1
4157,77,1
4158,163,1
4159,131,1
4160,87,1
4161,146,1
4162,98,1
4163,93,1
4164,200,0
4165,19,0
4166,82,0
4167,86,0
4168,65,1
4169,93,1
4170,52,0
4171,100,1
4172,84,1
4173,100,1
4174,49,1
4175,48,1
4176,58,1
4177,71,1
4178,100,1
4179,200,0
4180,56,1
4181,200,0
4182,67,1
4183,60,1
4184,134,1
4185,63,1
4186,104,1
4187,64,1
4188,55,1
4189,80,1
4190,87,1
4191,23,0
4192,95,1
4193,101,1
4194,39,1
4195,200,0
4196,28,1
4197,156,1
4198,25,0
4199,76,1
4200,92,1
4201,70,1
4202,133,1
4203,49,1
4204,29,1
4205,90,1
4206,58,1
4207,169,1
4208,14,0
4209,78,1
4210,163,1
4211,76,1
4212,120,0
4213,97,1
4214,41,0
4215,92,1
4216,109,1
4217,13,0
4218,47,1
4219,41,1
4220,17,0
4221,90,1
4222,102,1
4223,200,0
4224,99,1
4225,79,1
4226,103,1
4227,98,1
4228,25,0
4229,84,1
4230,84,1
4231,41,1
4232,200,0
4233,126,1
4234,26,1
4235,56,1
4236,64,1
4237,40,0
4238,45,1
4239,56,1
4240,132,1
4241,118,1
4242,173,1
4243,183,1
4244,64,1
4245,147,1
4246,85,1
4247,43,1
4248,36,1
4249,39,1
4250,97,1
4251,101,0
4252,132,1
4253,54,1
4254,172,1
4255,83,1
4256,131,1
4257,72,1
4258,116,1
4259,43,1
4260,43,1
4261,167,1
4262,92,1
4263,99,1
4264,142,1
4265,163,1
4266,191,1
4267,190,0
4268,26,1
4269,105,1
4270,129,1
4271,129,1
4272,68,1
4273,112,1
4274,179,1
4275,24,1
4276,77,1
4277,103,1
4278,109,0
4279,107,1
4280,175,1
4281,62,0
4282,33,1
4283,45,1
4284,48,1
4285,200,0
4286,108,1
4287,60,1
4288,200,0
4289,55,1
4290,119,1
4291,112,1
4292,35,1
4293,38,1
4294,200,0
4295,66,1
4296,69,1
4297,46,0
4298,40,1
4299,47,0
4300,181,1
4301,27,1
4302,30,1
4303,89,1
4304,43,1
4305,37,1
4306,89,1
4307,51,0
4308,109,1
4309,91,1
4310,82,1
4311,200,0
4312,123,1
4313,116,1
4314,131,1
4315,53,1
4316,76,1
4317,88,1
4318,71,1
4319,115,1
4320,138,1
4321,50,1
4322,32,1
4323,89,1
4324,76,1
4325,118,1
4326,74,1
4327,91,1
4328,56,1
4329,100,1
4330,84,1
4331,200,0
4332,40,1
4333,70,1
4334,66,1
4335,200,0
4336,71,1
4337,36,1
4338,73,1
4339,49,1
4340,9,0
4341,107,1
4342,59,1
4343,84,1
4344,142,1
4345,54,1
4346,43,1
4347,11,0
4348,70,0
4349,36,1
4350,48,1
4351,83,1
4352,21,0
4353,95,1
4354,116,1
4355,34,0
4356,84,1
4357,108,1
4358,117,1
4359,117,1
4360,200,0
4361,178,1
4362,80,1
4363,127,1
4364,42,1
4365,63,0
4366,58,1
4367,67,1
4368,200,0
4369,43,1
4370,61,1
4371,29,1
4372,79,1
4373,49,1
4374,147,1
4375,12,0
4376,50,1
4377,52,1
4378,36,1
4379,164,1
4380,67,1
4381,200,0
4382,58,1
4383,110,1
4384,34,1
4385,42,1
4386,113,1
4387,41,1
4388,164,1
4389,29,1
4390,53,1
4391,176,1
4392,108,1
4393,200,0
4394,39,0
4395,25,1
4396,58,1
4397,102,1
4398,100,1
4399,138,1
4400,24,0
4401,31,1
4402,105,1
4403,78,1
4404,52,1
4405,200,0
4406,22,0
4407,51,1
4408,66,1
4409,166,1
4410,39,1
4411,177,1
4412,45,1
4413,104,1
4414,200,0
4415,122,0
4416,85,1
4417,74,1
4418,83,1
4419,80,1
4420,43,1
4421,137,1
4422,164,1
4423,61,1
4424,97,1
4425,126,1
4426,59,1
4427,153,1
4428,104,1
4429,69,1
4430,114,1
4431,39,1
4432,92,1
4433,59,1
4434,55,1
4435,47,1
4436,61,1
4437,200,0
4438,110,1
4439,102,1
4440,74,1
4441,128,1
4442,39,1
4443,41,1
4444,69,1
4445,30,1
4446,63,1
4447,85,1
4448,55,1
4449,54,1
4450,92,1
4451,72,1
4452,72,1
4453,29,1
4454,128,1
4455,88,1
4456,22,1
4457,133,1
4458,88,1
4459,73,1
4460,83,1
4461,58,1
4462,41,1
4463,35,1
4464,200,0
4465,60,0
4466,47,1
4467,90,1
4468,200,0
4469,190,1
4470,125,1
4471,61,1
4472,21,0
4473,92,1
4474,128,1
4475,109,1
4476,41,1
4477,132,1
4478,43,1
4479,26,1
4480,48,1
4481,86,1
4482,44,0
4483,38,0
4484,98,1
4485,115,1
4486,56,1
4487,147,1
4488,64,1
4489,80,1
4490,174,1
4491,58,1
4492,75,1
4493,57,1
4494,106,1
4495,34,0
4496,80,1
4497,101,1
4498,200,0
4499,79,1
4500,56,1
4501,33,1
4502,128,1
4503,34,1
4504,65,1
4505,154,1
4506,56,0
4507,17,0
4508,60,1
4509,81,1
4510,54,1
4511,118,1
4512,80,1
4513,104,1
4514,95,1
4515,52,1
4516,36,1
4517,62,1
4518,90,1
4519,64,1
4520,65,1
4521,78,1
4522,55,1
4523,123,1
4524,21,0
4525,87,1
4526,76,1
4527,52,1
4528,54,1
4529,65,1
4530,56,1
4531,57,1
4532,73,1
4533,87,1
4534,142,0
4535,43,1
4536,58,1
4537,64,1
4538,91,1
4539,86,1
4540,200,0
4541,120,0
4542,138,1
4543,170,1
4544,21,1
4545,43,1
4546,84,1
4547,98,1
4548,36,1
4549,50,1
4550,111,1
4551,148,1
4552,151,1
4553,63,1
4554,90,1
4555,105,1
4556,111,1
4557,76,1
4558,133,1
4559,81,1
4560,18,1
4561,72,0
4562,56,0
4563,200,0
4564,72,1
4565,88,1
4566,161,1
4567,156,1
4568,39,1
4569,103,1
4570,33,1
4571,46,1
4572,72,1
4573,36,1
4574,107,1
4575,24,1
4576,72,1
4577,75,1
4578,67,1
4579,60,1
4580,65,1
4581,161,1
4582,70,1
4583,83,0
4584,72,1
4585,55,1
4586,93,1
4587,38,1
4588,131,1
4589,39,1
4590,109,0
4591,62,1
4592,147,1
4593,29,0
4594,108,1
4595,194,1
4596,47,1
4597,71,1
4598,108,1
4599,131,1
4600,42,1
4601,35,0
4602,93,1
4603,99,1
4604,74,1
4605,28,1
4606,64,1
4607,200,0
4608,66,1
4609,43,1
4610,57,1
4611,52,1
4612,105,1
4613,38,1
4614,113,1
4615,60,1
4616,100,1
4617,32,0
4618,52,1
4619,59,1
4620,124,1
4621,40,1
4622,59,1
4623,101,1
4624,95,1
4625,53,1
4626,70,1
4627,129,1
4628,48,1
4629,86,1
4630,13,0
4631,57,1
4632,72,1
4633,40,1
4634,26,1
4635,36,1
4636,82,1
4637,105,1
4638,40,1
4639,105,1
4640,52,1
4641,101,1
4642,29,1
4643,128,1
4644,28,1
4645,146,1
4646,11,0
4647,62,1
4648,106,1
4649,120,1
4650,69,1
4651,133,1
4652,114,1
4653,94,1
4654,22,1
4655,60,1
4656,178,1
4657,80,1
4658,197,1
4659,47,0
4660,74,1
4661,31,1
4662,163,1
4663,79,1
4664,103,1
4665,61,1
4666,81,1
4667,107,1
4668,39,1
4669,80,1
4670,200,0
4671,59,1
4672,111,1
4673,95,1
4674,193,1
4675,74,1
4676,200,0
4677,91,1
4678,128,1
4679,87,1
4680,39,1
4681,145,1
4682,146,1
4683,56,0
4684,41,1
4685,41,1
4686,109,1
4687,33,0
4688,86,1
4689,125,0
4690,42,1
4691,200,0
4692,63,1
4693,114,1
4694,47,1
4695,65,1
4696,43,1
4697,200,0
4698,87,1
4699,101,1
4700,200,0
4701,119,1
4702,46,1
4703,153,0
4704,37,1
4705,48,1
4706,42,1
4707,118,0
4708,147,1
4709,56,1
4710,131,1
4711,151,1
4712,52,1
4713,59,1
4714,38,0
4715,74,0
4716,91,1
4717,81,1
4718,113,1
4719,81,1
4720,94,1
4721,134,1
4722,90,1
4723,109,0
4724,200,0
4725,105,1
4726,46,0
4727,39,0
4728,61,1
4729,38,1
4730,112,1
4731,126,1
4732,200,0
4733,57,0
4734,199,1
4735,63,1
4736,73,1
4737,110,1
4738,162,1
4739,37,0
4740,81,1
4741,195,1
4742,112,1
4743,55,1
4744,44,1
4745,66,1
4746,45,1
4747,20,1
4748,88,1
4749,146,1
4750,182,1
4751,25,0
4752,64,1
4753,43,1
4754,189,1
4755,57,1
4756,15,0
4757,200,0
4758,70,1
4759,42,1
4760,59,1
4761,149,1
4762,67,1
4763,129,1
4764,28,1
4765,98,1
4766,66,1
4767,38,1
4768,191,1
4769,92,1
4770,200,0
4771,39,0
4772,71,1
4773,58,1
4774,70,1
4775,48,1
4776,34,1
4777,96,1
4778,57,1
4779,42,1
4780,45,1
4781,83,1
4782,67,1
4783,144,1
4784,106,1
4785,108,1
4786,69,1
4787,99,1
4788,200,0
4789,158,1
4790,38,1
4791,91,1
4792,93,1
4793,70,0
4794,47,1
4795,92,1
4796,57,1
4797,44,1
4798,67,1
4799,55,1
4800,103,1
4801,160,1
4802,200,0
4803,62,1
4804,79,1
4805,61,1
4806,64,1
4807,171,1
4808,46,1
4809,51,1
4810,19,0
4811,109,1
4812,200,0
4813,200,0
4814,86,1
4815,122,1
4816,65,1
4817,92,1
4818,56,1
4819,200,0
4820,33,1
4821,46,0
4822,47,1
4823,59,1
4824,40,1
4825,34,0
4826,55,1
4827,120,1
4828,95,1
4829,170,1
4830,100,1
4831,77,1
4832,200,0
4833,63,1
4834,108,1
4835,48,1
4836,88,1
4837,157,1
4838,54,1
4839,73,1
4840,92,1
4841,131,1
4842,80,1
4843,65,1
4844,70,1
4845,98,1
4846,54,1
4847,129,1
4848,77,1
4849,57,1
4850,165,1
4851,103,1
4852,156,1
4853,40,1
4854,56,1
4855,119,1
4856,44,0
4857,167,1
4858,142,1
4859,55,1
4860,84,1
4861,42,1
4862,25,1
4863,173,1
4864,89,0
4865,83,1
4866,59,1
4867,40,1
4868,64,1
4869,144,1
4870,46,1
4871,116,1
4872,85,1
4873,78,1
4874,64,1
4875,98,1
4876,98,1
4877,179,1
4878,25,0
4879,83,1
4880,199,1
4881,90,1
4882,200,0
4883,91,1
4884,47,1
4885,52,1
4886,48,1
4887,103,1
4888,140,1
4889,138,1
4890,181,1
4891,24,1
4892,28,0
4893,74,1
4894,200,0
4895,200,0
4896,107,1
4897,200,0
4898,74,1
4899,148,1
4900,123,1
4901,95,1
4902,200,0
4903,102,1
4904,39,1
4905,24,1
4906,99,1
4907,79,1
4908,37,1
4909,34,1
4910,39,1
4911,200,0
4912,36,1
4913,67,1
4914,83,1
4915,52,1
4916,87,1
4917,63,1
4918,41,0
4919,98,1
4920,167,1
4921,181,1
4922,169,1
4923,94,1
4924,95,1
4925,55,1
4926,130,1
4927,91,1
4928,48,1
4929,52,1
4930,95,1
4931,82,1
4932,52,1
4933,80,1
4934,43,1
4935,177,1
4936,200,0
4937,47,1
4938,47,1
4939,37,1
4940,200,0
4941,56,1
4942,72,1
4943,52,1
4944,88,1
4945,71,1
4946,200,0
4947,38,0
4948,47,0
4949,200,0
4950,104,1
4951,98,1
4952,79,1
4953,107,1
4954,69,1
4955,190,1
4956,148,1
4957,126,1
4958,200,0
4959,200,0
4960,29,1
4961,48,1
4962,200,0
4963,37,1
4964,51,1
4965,57,1
4966,101,1
4967,107,1
4968,64,1
4969,47,1
4970,92,1
4971,180,1
4972,92,1
4973,49,1
4974,102,1
4975,77,1
4976,89,1
4977,143,1
4978,132,0
4979,128,0
4980,167,1
4981,62,1
4982,191,1
4983,42,1
4984,69,1
4985,34,1
4986,76,1
4987,182,1
4988,66,1
4989,31,1
4990,34,1
4991,73,1
4992,200,0
4993,41,1
4994,49,1
4995,200,0
4996,84,1
4997,67,1
4998,76,1
4999,82,1
5000,80,1
5001,41,0
5002,45,1
5003,141,1
5004,58,1
5005,107,1
5006,52,1
5007,95,1
5008,39,1
5009,200,0
5010,134,1
5011,147,1
5012,164,1
5013,200,0
5014,137,1
5015,143,1
5016,54,1
5017,9,0
5018,27,1
5019,56,1
5020,76,1
5021,112,1
5022,181,1
5023,48,1
5024,107,1
5025,73,1
5026,159,1
5027,33,1
5028,87,0
5029,191,1
5030,106,1
5031,57,0
5032,45,1
5033,68,1
5034,58,1
5035,54,1
5036,91,1
5037,41,1
5038,56,0
5039,141,1
5040,118,1
5041,136,1
5042,60,1
5043,74,1
5044,94,1
5045,172,1
5046,61,1
5047,47,1
5048,21,0
5049,168,1
5050,130,1
5051,130,0
5052,41,1
5053,63,1
5054,56,1
5055,200,0
5056,50,1
5057,42,0
5058,76,1
5059,86,1
5060,107,1
5061,59,1
5062,80,1
5063,43,1
5064,97,1
5065,84,1
5066,70,1
5067,51,1
5068,30,1
5069,25,1
5070,172,1
5071,39,1
5072,138,1
5073,73,1
5074,57,1
5075,130,1
5076,61,1
5077,34,1
5078,36,1
5079,91,1
5080,62,1
5081,81,0
5082,128,1
5083,46,1
5084,20,0
5085,36,1
5086,62,1
5087,98,1
5088,104,1
5089,200,0
5090,49,1
5091,64,1
5092,93,1
5093,165,1
5094,49,1
5095,15,0
5096,130,1
5097,10,0
5098,74,1
5099,128,1
5100,200,0
5101,19,0
5102,52,1
5103,109,1
5104,46,1
5105,35,1
5106,74,1
5107,110,1
5108,22,0
5109,92,1
5110,47,1
5111,200,0
5112,42,1
5113,179,1
5114,81,1
5115,143,1
5116,200,0
5117,60,1
5118,48,1
5119,66,1
5120,27,1
5121,109,1
5122,102,1
5123,92,1
5124,36,0
5125,83,1
5126,68,1
5127,62,1
5128,101,1
5129,67,1
5130,163,1
5131,73,1
5132,172,1
5133,55,1
5134,45,1
5135,124,1
5136,26,1
5137,107,1
5138,80,1
5139,30,1
5140,48,1
5141,124,1
5142,106,1
5143,108,1
5144,122,1
5145,200,0
5146,55,1
5147,75,1
5148,28,0
5149,63,1
5150,72,1
5151,25,1
5152,55,1
5153,80,1
5154,158,1
5155,76,1
5156,58,1
5157,115,1
5158,149,1
5159,200,0
5160,62,1
5161,89,1
5162,51,1
5163,84,1
5164,94,1
5165,17,0
5166,72,1
5167,18,0
5168,200,0
5169,76,1
5170,41,1
5171,47,1
5172,66,1
5173,86,1
5174,63,1
5175,38,0
5176,199,1
5177,45,0
5178,84,1
5179,27,0
5180,45,1
5181,77,1
5182,92,1
5183,45,1
5184,57,1
5185,108,1
5186,97,1
5187,139,1
5188,98,1
5189,79,1
5190,26,1
5191,123,1
5192,102,1
5193,34,1
5194,77,1
5195,105,1
5196,86,1
5197,65,1
5198,64,0
5199,65,1
5200,13,0
5201,38,1
5202,33,0
5203,100,0
5204,113,1
5205,177,1
5206,66,1
5207,183,1
5208,38,1
5209,68,1
5210,119,1
5211,181,1
5212,59,1
5213,47,1
5214,90,1
5215,126,1
5216,50,1
5217,39,1
5218,46,1
5219,160,1
5220,120,1
5221,65,1
5222,127,1
5223,197,1
5224,182,1
5225,89,1
5226,178,1
5227,58,1
5228,177,1
5229,111,1
5230,58,1
5231,189,1
5232,47,1
5233,80,0
5234,144,1
5235,148,1
5236,37,0
5237,53,0
5238,83,1
5239,97,1
5240,78,1
5241,41,1
5242,32,1
5243,118,1
5244,42,1
5245,52,1
5246,82,1
5247,41,0
5248,30,1
5249,44,1
5250,40,1
5251,67,1
5252,21,1
5253,138,1
5254,50,1
5255,69,1
5256,129,1
5257,81,1
5258,101,1
5259,33,1
5260,95,1
5261,89,1
5262,23,0
5263,28,1
5264,69,0
5265,62,1
5266,48,1
5267,54,1
5268,66,1
5269,158,1
5270,73,1
5271,98,1
5272,107,1
5273,82,1
5274,122,1
5275,42,1
5276,158,1
5277,77,1
5278,117,1
5279,37,1
5280,21,0
5281,42,1
5282,31,1
5283,52,1
5284,98,1
5285,200,0
5286,90,1
5287,75,1
5288,48,1
5289,69,1
5290,43,1
5291,44,1
5292,27,0
5293,45,1
5294,200,0
5295,30,1
5296,46,1
5297,99,1
5298,54,1
5299,120,1
5300,97,1
5301,67,0
5302,127,0
5303,41,1
5304,200,0
5305,70,1
5306,60,1
5307,150,1
5308,137,1
5309,78,1
5310,46,1
5311,78,0
5312,15,0
5313,185,1
5314,83,1
5315,72,0
5316,53,1
5317,51,1
5318,49,1
5319,114,1
5320,84,1
5321,31,1
5322,112,1
5323,135,1
5324,56,1
5325,124,1
5326,64,1
5327,62,1
5328,150,1
5329,200,0
5330,62,1
5331,130,1
5332,200,0
5333,44,1
5334,101,1
5335,61,1
5336,81,1
5337,93,1
5338,153,1
5339,45,0
5340,76,1
5341,84,1
5342,105,1
5343,62,1
5344,150,1
5345,97,1
5346,74,1
5347,82,1
5348,179,1
5349,74,1
5350,87,1
5351,93,1
5352,121,1
5353,129,1
5354,51,1
5355,200,0
5356,78,1
5357,133,1
5358,120,1
5359,86,1
5360,52,1
5361,102,1
5362,80,1
5363,137,1
5364,70,1
5365,154,1
5366,40,1
5367,159,1
5368,45,1
5369,87,1
5370,109,0
5371,63,1
5372,26,1
5373,54,1
5374,110,0
5375,200,0
5376,48,1
5377,108,1
5378,62,1
5379,139,1
5380,132,1
5381,138,1
5382,94,1
5383,79,1
5384,188,1
5385,200,0
5386,72,0
5387,84,1
5388,40,1
5389,133,1
5390,28,1
5391,133,1
5392,122,1
5393,50,1
5394,200,0
5395,147,1
5396,164,1
5397,175,1
5398,58,1
5399,93,1
5400,38,0
5401,88,1
5402,120,1
5403,126,1
5404,114,1
5405,30,1
5406,66,1
5407,99,1
5408,80,0
5409,79,1
5410,31,1
5411,130,1
5412,118,1
5413,37,1
5414,180,1
5415,35,0
5416,56,1
5417,66,1
5418,54,1
5419,99,1
5420,56,1
5421,50,1
5422,53,1
5423,179,1
5424,77,0
5425,61,1
5426,130,1
5427,38,1
5428,75,1
5429,66,1
5430,33,0
5431,46,1
5432,50,1
5433,85,1
5434,109,1
5435,119,1
5436,19,0
5437,53,1
5438,200,0
5439,138,1
5440,47,1
5441,114,1
5442,27,1
5443,54,1
5444,34,1
5445,107,1
5446,200,0
5447,38,1
5448,53,1
5449,58,1
5450,50,1
5451,200,0
5452,95,1
5453,157,1
5454,55,1
5455,169,1
5456,93,1
5457,37,1
5458,30,1
5459,69,1
5460,200,0
5461,113,1
5462,68,1
5463,86,1
5464,52,1
5465,143,1
5466,53,1
5467,182,1
5468,93,1
5469,170,1
5470,41,1
5471,82,1
5472,93,1
5473,53,1
5474,28,1
5475,57,1
5476,200,0
5477,110,1
5478,108,1
5479,114,1
5480,47,1
5481,11,0
5482,70,1
5483,75,1
5484,67,1
5485,51,1
5486,80,1
5487,45,1
5488,68,1
5489,82,1
5490,76,1
5491,34,1
5492,69,1
5493,49,1
5494,96,1
5495,102,1
5496,191,1
5497,149,1
5498,37,1
5499,75,1
5500,86,1
5501,69,1
5502,99,1
5503,103,1
5504,120,1
5505,132,1
5506,135,1
5507,80,1
5508,144,1
5509,61,1
5510,164,1
5511,200,0
5512,38,1
5513,23,0
5514,170,1
5515,124,1
5516,195,1
5517,142,1
5518,67,1
5519,47,1
5520,69,0
5521,21,1
5522,92,1
5523,62,1
5524,58,1
5525,72,1
5526,81,1
5527,37,1
5528,37,1
5529,168,1
5530,170,1
5531,41,1
5532,40,1
5533,132,1
5534,39,1
5535,127,1
5536,50,1
5537,78,0
5538,62,1
5539,117,1
5540,191,1
5541,64,1
5542,150,1
5543,200,0
5544,31,1
5545,28,1
5546,145,1
5547,162,1
5548,89,1
5549,69,1
5550,57,1
5551,149,1
5552,89,1
5553,83,1
5554,77,1
5555,112,1
5556,152,1
5557,166,1
5558,130,1
5559,156,1
5560,200,0
5561,180,1
5562,82,1
5563,28,0
5564,115,0
5565,153,0
5566,49,1
5567,71,1
5568,96,1
5569,15,0
5570,66,1
5571,108,1
5572,139,1
5573,139,1
5574,128,1
5575,197,1
5576,43,0
5577,34,0
5578,70,1
5579,74,1
5580,41,1
5581,44,1
5582,139,1
5583,41,1
5584,33,0
5585,105,1
5586,61,1
5587,63,1
5588,44,1
5589,200,0
5590,142,1
5591,104,1
5592,75,1
5593,87,1
5594,181,1
5595,47,1
5596,109,1
5597,106,1
5598,141,1
5599,109,1
5600,44,1
5601,70,1
5602,193,1
5603,101,1
5604,72,1
5605,81,1
5606,73,1
5607,80,1
5608,15,0
5609,59,1
5610,144,1
5611,200,0
5612,176,1
5613,57,1
5614,177,1
5615,141,1
5616,37,1
5617,99,1
5618,79,1
5619,51,0
5620,153,1
5621,144,1
5622,45,0
5623,107,1
5624,31,1
5625,104,1
5626,179,1
5627,77,1
5628,58,1
5629,127,0
5630,74,1
5631,43,1
5632,188,1
5633,147,1
5634,57,1
5635,25,0
5636,57,1
5637,119,1
5638,138,1
5639,70,1
5640,51,1
5641,73,1
5642,72,1
5643,35,1
5644,115,1
5645,37,1
5646,82,1
5647,200,0
5648,38,1
5649,36,0
5650,63,1
5651,83,1
5652,200,0
5653,33,1
5654,50,1
5655,96,1
5656,73,1
5657,52,0
5658,151,1
5659,173,0
5660,200,0
5661,170,1
5662,65,1
5663,74,1
5664,119,1
5665,87,1
5666,42,1
5667,200,0
5668,26,1
5669,45,1
5670,66,1
5671,113,0
5672,159,1
5673,44,1
5674,64,1
5675,115,1
5676,74,1
5677,77,1
5678,14,0
5679,127,1
5680,19,0
5681,111,1
5682,53,1
5683,200,0
5684,47,1
5685,72,1
5686,124,1
5687,158,1
5688,99,1
5689,176,1
5690,27,1
5691,56,1
5692,68,1
5693,83,1
5694,50,1
5695,50,1
5696,175,1
5697,71,1
5698,77,1
5699,107,1
5700,200,0
5701,32,1
5702,86,1
5703,102,1
5704,44,1
5705,45,1
5706,115,1
5707,35,1
5708,89,0
5709,134,1
5710,96,1
5711,41,1
5712,78,1
5713,26,1
5714,143,1
5715,52,1
5716,193,1
5717,39,1
5718,42,1
5719,66,1
5720,29,1
5721,200,0
5722,121,1
5723,178,1
5724,75,1
5725,106,1
5726,94,1
5727,46,0
5728,78,1
5729,76,1
5730,138,1
5731,102,1
5732,59,1
5733,36,0
5734,59,1
5735,165,1
5736,109,1
5737,200,0
5738,22,1
5739,171,1
5740,200,0
5741,170,1
5742,186,1
5743,200,0
5744,89,1
5745,101,1
5746,157,1
5747,172,1
5748,50,1
5749,59,1
5750,57,0
5751,47,1
5752,194,1
5753,54,0
5754,71,1
5755,71,1
5756,48,1
5757,112,1
5758,131,1
5759,67,1
5760,102,1
5761,22,0
5762,170,1
5763,54,1
5764,73,1
5765,38,1
5766,61,1
5767,43,1
5768,68,1
5769,168,1
5770,41,1
5771,141,1
5772,119,1
5773,84,1
5774,132,1
5775,73,1
5776,84,1
5777,91,1
5778,109,1
5779,71,1
5780,154,1
5781,200,0
5782,42,0
5783,59,1
5784,200,0
5785,58,1
5786,136,1
5787,100,1
5788,42,1
5789,101,1
5790,200,0
5791,76,1
5792,15,0
5793,74,1
5794,140,1
5795,178,0
5796,36,1
5797,106,1
5798,200,0
5799,48,1
5800,38,1
5801,65,1
5802,105,1
5803,78,0
5804,19,1
5805,40,1
5806,36,1
5807,78,1
5808,98,1
5809,107,1
5810,120,1
5811,50,1
5812,200,0
5813,121,1
5814,42,1
5815,23,1
5816,105,1
5817,124,1
5818,51,1
5819,194,1
5820,147,1
5821,108,0
5822,60,1
5823,137,1
5824,74,1
5825,42,0
5826,61,1
5827,68,1
5828,112,1
5829,149,1
5830,143,1
5831,151,1
5832,28,0
5833,20,0
5834,200,0
5835,88,1
5836,70,1
5837,32,1
5838,117,1
5839,128,1
5840,200,0
5841,129,0
5842,176,1
5843,42,1
5844,61,1
5845,81,1
5846,93,1
5847,82,1
5848,34,0
5849,47,1
5850,71,1
5851,64,1
5852,31,0
5853,98,1
5854,87,1
5855,62,1
5856,134,1
5857,86,1
5858,107,1
5859,57,0
5860,77,1
5861,68,1
5862,71,1
5863,29,0
5864,31,1
5865,49,1
5866,21,0
5867,56,1
5868,23,0
5869,34,1
5870,52,1
5871,41,1
5872,67,1
5873,94,1
5874,88,1
5875,98,1
5876,128,1
5877,56,1
5878,144,1
5879,105,1
5880,32,1
5881,37,0
5882,50,1
5883,60,1
5884,65,1
5885,138,1
5886,31,1
5887,84,1
5888,103,1
5889,82,1
5890,101,1
5891,68,1
5892,150,1
5893,57,1
5894,200,0
5895,104,0
5896,128,1
5897,158,1
5898,68,1
5899,36,1
5900,141,1
5901,88,1
5902,50,1
5903,46,1
5904,51,1
5905,166,1
5906,153,1
5907,197,1
5908,45,1
5909,89,1
5910,97,1
5911,53,1
5912,56,1
5913,87,1
5914,66,1
5915,65,1
5916,42,1
5917,89,1
5918,92,1
5919,53,1
5920,74,1
5921,102,0
5922,50,1
5923,25,1
5924,43,1
5925,200,0
5926,69,1
5927,88,1
5928,111,1
5929,116,1
5930,55,1
5931,33,1
5932,43,0
5933,61,1
5934,43,1
5935,22,1
5936,177,1
5937,33,1
5938,184,1
5939,98,0
5940,60,1
5941,110,1
5942,107,1
5943,83,1
5944,200,0
5945,98,1
5946,124,1
5947,58,1
5948,36,1
5949,64,1
5950,71,0
5951,71,1
5952,200,0
5953,68,1
5954,44,1
5955,89,1
5956,29,1
5957,200,0
5958,43,1
5959,33,0
5960,164,1
5961,75,1
5962,62,1
5963,66,1
5964,69,1
5965,106,1
5966,83,1
5967,43,1
5968,40,1
5969,17,1
5970,36,1
5971,46,1
5972,46,1
5973,111,1
5974,65,1
5975,72,1
5976,76,1
5977,151,1
5978,64,1
5979,140,0
5980,42,1
5981,49,1
5982,78,1
5983,79,1
5984,75,1
5985,84,1
5986,67,1
5987,71,1
5988,59,1
5989,35,1
5990,132,1
5991,200,0
5992,164,1
5993,140,1
5994,46,1
5995,200,0
5996,181,1
5997,89,1
5998,40,1
5999,131,1
6000,74,1
6001,85,1
6002,47,1
6003,38,1
6004,37,1
6005,144,1
6006,36,1
6007,87,1
6008,74,1
6009,73,1
6010,115,1
6011,62,1
6012,96,1
6013,41,1
6014,116,1
6015,67,1
6016,36,1
6017,50,1
6018,53,1
6019,59,1
6020,200,0
6021,53,1
6022,102,1
6023,37,1
6024,66,1
6025,41,1
6026,29,1
6027,53,1
6028,133,1
6029,48,1
6030,109,1
6031,61,1
6032,63,1
6033,30,1
6034,98,1
6035,80,1
6036,28,1
6037,64,1
6038,200,0
6039,67,1
6040,74,1
6041,69,1
6042,49,1
6043,41,1
6044,163,1
6045,191,1
6046,62,1
6047,46,1
6048,135,1
6049,126,1
6050,101,1
6051,39,1
6052,65,1
6053,42,1
6054,38,1
6055,135,1
6056,155,1
6057,136,1
6058,20,1
6059,99,1
6060,28,1
6061,198,1
6062,59,1
6063,83,1
6064,86,1
6065,47,1
6066,145,1
6067,22,0
6068,70,1
6069,57,1
6070,49,1
6071,54,1
6072,47,1
6073,56,1
6074,40,1
6075,76,1
6076,15,0
6077,25,0
6078,135,1
6079,44,1
6080,200,0
6081,123,1
6082,122,1
6083,109,1
6084,14,0
6085,76,1
6086,88,1
6087,112,1
6088,129,1
6089,70,1
6090,99,1
6091,100,1
6092,126,1
6093,14,0
6094,34,1
6095,30,1
6096,61,1
6097,78,1
6098,24,0
6099,34,0
6100,76,1
6101,123,1
6102,58,1
6103,100,1
6104,54,0
6105,122,1
6106,158,1
6107,40,1
6108,111,1
6109,200,0
6110,113,1
6111,71,1
6112,92,1
6113,105,1
6114,75,1
6115,32,1
6116,133,1
6117,107,1
6118,85,1
6119,50,1
6120,30,1
6121,71,1
6122,59,1
6123,118,1
6124,50,1
6125,39,1
6126,36,0
6127,39,1
6128,39,1
6129,116,1
6130,65,1
6131,122,1
6132,92,1
6133,73,1
6134,57,1
6135,126,1
6136,50,1
6137,143,1
6138,187,1
6139,146,1
6140,200,0
6141,63,1
6142,200,0
6143,164,1
6144,37,1
6145,200,0
6146,151,1
6147,49,1
6148,92,1
6149,83,1
6150,47,1
6151,87,1
6152,112,1
6153,55,1
6154,62,1
6155,46,1
6156,43,1
6157,100,1
6158,196,1
6159,49,1
6160,66,1
6161,37,1
6162,137,1
6163,59,1
6164,140,0
6165,61,1
6166,129,1
6167,49,1
6168,67,1
6169,24,1
6170,107,1
6171,200,0
6172,34,1
6173,113,1
6174,103,1
6175,35,1
6176,79,1
6177,177,1
6178,105,1
6179,73,1
6180,34,1
6181,102,1
6182,200,0
6183,154,1
6184,83,1
6185,50,0
6186,119,1
6187,54,0
6188,170,1
6189,63,1
6190,95,1
6191,88,1
6192,36,1
6193,33,0
6194,41,1
6195,25,0
6196,23,0
6197,195,1
6198,81,1
6199,200,0
6200,104,1
6201,167,1
6202,52,1
6203,144,1
6204,107,1
6205,191,1
6206,133,1
6207,177,1
6208,102,1
6209,85,1
6210,73,1
6211,200,0
6212,37,1
6213,121,1
6214,37,1
6215,200,0
6216,67,1
6217,162,1
6218,137,1
6219,96,1
6220,93,1
6221,62,1
6222,101,1
6223,127,1
6224,200,0
6225,88,1
6226,108,1
6227,63,1
6228,104,1
6229,77,1
6230,200,0
6231,53,1
6232,90,1
6233,44,1
6234,21,0
6235,56,1
6236,200,0
6237,81,0
6238,157,1
6239,157,1
6240,111,1
6241,110,1
6242,50,0
6243,76,1
6244,100,1
6245,41,1
6246,30,1
6247,150,1
6248,55,0
6249,168,0
6250,68,1
6251,134,1
6252,62,1
6253,104,1
6254,66,1
6255,60,1
6256,28,0
6257,53,1
6258,40,1
6259,81,1
6260,110,1
6261,49,1
6262,112,1
6263,67,1
6264,31,0
6265,83,1
6266,52,1
6267,76,1
6268,39,1
6269,178,1
6270,32,1
6271,31,1
6272,95,1
6273,129,1
6274,150,1
6275,126,1
6276,106,1
6277,200,0
6278,18,0
6279,32,1
6280,35,1
6281,176,1
6282,160,1
6283,62,1
6284,74,1
6285,69,1
6286,77,1
6287,45,1
6288,38,1
6289,78,0
6290,48,1
6291,31,1
6292,116,1
6293,111,1
6294,43,1
6295,82,1
6296,95,1
6297,146,1
6298,104,1
6299,90,1
6300,165,1
6301,96,1
6302,61,1
6303,98,1
6304,94,1
6305,41,1
6306,54,1
6307,39,1
6308,55,1
6309,154,1
6310,60,1
6311,200,0
6312,159,1
6313,110,1
6314,53,1
6315,131,1
6316,143,1
6317,97,1
6318,64,0
6319,200,0
6320,85,1
6321,62,1
6322,56,1
6323,34,0
6324,66,1
6325,52,1
6326,24,1
6327,21,1
6328,200,0
6329,23,0
6330,155,1
6331,42,0
6332,197,1
6333,87,1
6334,47,1
6335,47,1
6336,51,1
6337,147,1
6338,71,1
6339,177,1
6340,118,1
6341,200,0
6342,74,1
6343,73,1
6344,146,1
6345,92,1
6346,78,1
6347,55,1
6348,69,1
6349,31,1
6350,87,1
6351,137,1
6352,200,0
6353,158,1
6354,84,1
6355,45,1
6356,95,1
6357,145,1
6358,113,1
6359,71,1
6360,200,0
6361,91,1
6362,56,1
6363,200,0
6364,112,1
6365,87,1
6366,147,1
6367,200,0
6368,200,0
6369,200,0
6370,90,1
6371,64,1
6372,36,1
6373,72,1
6374,117,1
6375,120,1
6376,54,1
6377,101,1
6378,114,0
6379,200,0
6380,15,0
6381,58,1
6382,74,1
6383,200,0
6384,44,1
6385,89,1
6386,111,1
6387,37,1
6388,118,1
6389,39,1
6390,74,1
6391,153,1
6392,200,0
6393,132,1
6394,159,1
6395,23,0
6396,47,1
6397,36,1
6398,180,1
6399,168,1
6400,59,1
6401,171,1
6402,66,1
6403,89,1
6404,83,1
6405,80,1
6406,32,1
6407,69,1
6408,37,1
6409,73,1
6410,156,1
6411,150,1
6412,31,0
6413,87,1
6414,36,0
6415,36,1
6416,166,1
6417,55,1
6418,200,0
6419,25,1
6420,67,1
6421,82,1
6422,45,1
6423,76,1
6424,200,0
6425,200,0
6426,113,1
6427,44,1
6428,14,0
6429,40,1
6430,69,1
6431,116,1
6432,38,1
6433,128,1
6434,155,1
6435,200,0
6436,123,1
6437,52,1
6438,44,1
6439,59,1
6440,138,1
6441,45,1
6442,81,0
6443,178,1
6444,32,1
6445,55,1
6446,61,1
6447,58,1
6448,86,1
6449,48,1
6450,44,0
6451,59,1
6452,23,1
6453,66,1
6454,142,1
6455,130,1
6456,31,1
6457,71,1
6458,36,1
6459,13,0
6460,21,0
6461,52,1
6462,42,1
6463,55,1
6464,43,1
6465,63,1
6466,50,1
6467,63,1
6468,42,1
6469,138,1
6470,100,1
6471,68,1
6472,54,0
6473,52,1
6474,50,1
6475,89,1
6476,150,1
6477,119,0
6478,48,1
6479,142,1
6480,38,0
6481,86,1
6482,50,1
6483,75,1
6484,94,1
6485,69,1
6486,34,1
6487,60,1
6488,72,1
6489,88,1
6490,101,1
6491,179,1
6492,83,1
6493,92,1
6494,100,1
6495,136,1
6496,69,1
6497,125,1
6498,29,1
6499,26,1
6500,116,1
6501,43,1
6502,99,1
6503,80,1
6504,73,1
6505,37,0
6506,58,1
6507,24,0
6508,108,1
6509,178,1
6510,125,1
6511,35,1
6512,186,1
6513,9,0
6514,103,1
6515,135,1
6516,62,1
6517,54,1
6518,106,1
6519,67,1
6520,80,1
6521,163,1
6522,57,1
6523,55,1
6524,42,1
6525,65,1
6526,90,1
6527,118,1
6528,84,1
6529,143,1
6530,42,0
6531,109,1
6532,99,1
6533,181,1
6534,71,1
6535,82,1
6536,91,1
6537,25,0
6538,69,1
6539,129,1
6540,105,1
6541,69,1
6542,96,1
6543,53,1
6544,45,1
6545,150,1
6546,122,1
6547,45,0
6548,43,1
6549,86,1
6550,72,1
6551,200,0
6552,90,1
6553,72,1
6554,130,1
6555,58,1
6556,59,1
6557,47,1
6558,45,1
6559,95,1
6560,87,1
6561,37,1
6562,41,1
6563,142,1
6564,40,1
6565,96,1
6566,107,1
6567,106,1
6568,200,1
6569,73,1
6570,124,1
6571,60,0
6572,82,0
6573,165,1
6574,55,1
6575,54,1
6576,113,1
6577,194,1
6578,200,0
6579,44,1
6580,59,0
6581,83,1
6582,200,0
6583,137,1
6584,200,0
6585,94,1
6586,67,1
6587,200,0
6588,127,1
6589,86,1
6590,200,0
6591,80,1
6592,34,1
6593,47,1
6594,41,1
6595,196,1
6596,22,0
6597,92,1
6598,101,1
6599,95,1
6600,84,1
6601,40,1
6602,119,1
6603,72,1
6604,54,0
6605,45,0
6606,15,0
6607,34,1
6608,52,1
6609,64,1
6610,92,1
6611,161,1
6612,44,1
6613,79,1
6614,112,1
6615,60,1
6616,38,1
6617,134,1
6618,129,1
6619,80,1
6620,30,1
6621,61,1
6622,18,1
6623,98,1
6624,54,1
6625,24,1
6626,84,1
6627,126,1
6628,124,1
6629,109,1
6630,48,1
6631,56,1
6632,44,1
6633,60,1
6634,103,1
6635,126,1
6636,62,1
6637,162,1
6638,99,1
6639,142,1
6640,200,0
6641,122,1
6642,200,0
6643,97,1
6644,186,1
6645,36,1
6646,125,1
6647,61,1
6648,180,1
6649,39,1
6650,22,0
6651,83,1
6652,80,1
6653,36,1
6654,87,1
6655,46,0
6656,200,0
6657,112,1
6658,35,1
6659,93,1
6660,102,1
6661,194,1
6662,115,1
6663,55,1
6664,103,1
6665,135,1
6666,99,1
6667,111,1
6668,54,1
6669,23,0
6670,125,1
6671,18,0
6672,63,1
6673,98,1
6674,29,0
6675,134,1
6676,200,0
6677,79,1
6678,133,1
6679,160,1
6680,140,1
6681,69,1
6682,47,1
6683,39,1
6684,155,1
6685,169,1
6686,62,1
6687,200,0
6688,101,1
6689,86,1
6690,77,1
6691,69,1
6692,9,0
6693,98,1
6694,92,1
6695,169,1
6696,52,1
6697,108,1
6698,101,1
6699,139,1
6700,121,1
6701,119,1
6702,90,1
6703,70,1
6704,77,1
6705,200,0
6706,28,1
6707,40,1
6708,145,1
6709,58,1
6710,64,0
6711,116,1
6712,79,1
6713,66,1
6714,26,1
6715,152,1
6716,67,1
6717,107,1
6718,60,1
6719,56,1
6720,68,1
6721,181,1
6722,65,1
6723,200,0
6724,33,1
6725,99,1
6726,136,1
6727,64,1
6728,194,1
6729,75,1
6730,109,1
6731,98,1
6732,43,0
6733,142,1
6734,200,0
6735,56,0
6736,111,1
6737,79,1
6738,24,1
6739,52,1
6740,47,1
6741,200,0
6742,30,1
6743,71,1
6744,200,0
6745,60,1
6746,17,0
6747,64,1
6748,26,1
6749,124,1
6750,31,1
6751,82,1
6752,31,0
6753,69,1
6754,42,1
6755,66,1
6756,57,1
6757,148,1
6758,200,0
6759,43,1
6760,105,1
6761,84,1
6762,36,1
6763,200,0
6764,131,1
6765,60,1
6766,86,1
6767,74,1
6768,140,1
6769,38,1
6770,91,1
6771,12,0
6772,70,1
6773,71,1
6774,45,1
6775,200,0
6776,66,0
6777,147,1
6778,83,1
6779,62,1
6780,96,1
6781,38,1
6782,200,0
6783,64,1
6784,60,1
6785,155,1
6786,14,0
6787,67,1
6788,145,1
6789,32,0
6790,57,1
6791,81,1
6792,155,0
6793,94,1
6794,91,1
6795,28,0
6796,81,1
6797,112,1
6798,55,1
6799,84,1
6800,200,0
6801,174,1
6802,41,1
6803,54,1
6804,200,0
6805,81,1
6806,77,1
6807,88,0
6808,22,0
6809,115,1
6810,64,0
6811,100,1
6812,52,0
6813,200,0
6814,101,1
6815,154,1
6816,42,1
6817,59,1
6818,49,1
6819,10,0
6820,74,1
6821,65,1
6822,200,0
6823,178,1
6824,62,1
6825,191,1
6826,111,1
6827,11,0
6828,101,1
6829,149,1
6830,51,1
6831,65,1
6832,76,1
6833,79,1
6834,43,1
6835,31,1
6836,200,0
6837,127,1
6838,200,0
6839,67,1
6840,68,1
6841,25,1
6842,75,1
6843,133,1
6844,34,0
6845,189,1
6846,112,1
6847,64,0
6848,29,1
6849,62,1
6850,61,1
6851,32,1
6852,87,1
6853,147,1
6854,116,1
6855,114,1
6856,200,0
6857,43,0
6858,71,1
6859,124,1
6860,54,1
6861,43,1
6862,104,1
6863,152,1
6864,132,1
6865,59,0
6866,70,1
6867,74,1
6868,57,1
6869,108,1
6870,53,1
6871,42,1
6872,200,0
6873,99,1
6874,200,0
6875,66,1
6876,28,1
6877,109,1
6878,82,1
6879,58,1
6880,109,1
6881,171,1
6882,132,1
6883,130,0
6884,113,1
6885,88,1
6886,73,1
6887,124,1
6888,75,1
6889,124,1
6890,200,0
6891,47,1
6892,144,1
6893,71,1
6894,57,1
6895,105,1
6896,164,1
6897,156,1
6898,97,1
6899,107,1
6900,29,1
6901,58,1
6902,151,1
6903,53,1
6904,109,1
6905,93,1
6906,39,1
6907,43,1
6908,79,1
6909,63,1
6910,136,1
6911,73,0
6912,188,1
6913,73,1
6914,35,0
6915,130,1
6916,68,1
6917,103,1
6918,98,1
6919,47,1
6920,67,1
6921,78,1
6922,200,0
6923,92,1
6924,86,1
6925,66,1
6926,67,1
6927,74,1
6928,66,1
6929,33,1
6930,188,1
6931,45,1
6932,83,1
6933,130,1
6934,200,0
6935,18,0
6936,101,1
6937,96,1
6938,181,1
6939,114,1
6940,106,1
6941,73,1
6942,55,1
6943,61,1
6944,139,1
6945,50,1
6946,95,1
6947,66,1
6948,200,0
6949,91,1
6950,61,1
6951,142,1
6952,87,1
6953,156,1
6954,38,1
6955,130,1
6956,88,1
6957,84,1
6958,73,1
6959,22,1
6960,83,1
6961,62,1
6962,67,1
6963,200,0
6964,97,1
6965,48,1
6966,74,1
6967,143,1
6968,200,0
6969,41,1
6970,187,1
6971,114,1
6972,31,1
6973,131,1
6974,42,1
6975,42,1
6976,58,0
6977,52,0
6978,37,1
6979,70,1
6980,121,1
6981,61,1
6982,57,1
6983,25,0
6984,45,1
6985,85,1
6986,43,1
6987,170,1
6988,50,1
6989,110,1
6990,79,1
6991,143,1
6992,129,1
6993,124,1
6994,143,1
6995,12,0
6996,140,1
6997,93,1
6998,125,1
6999,36,0
7000,50,1
7001,83,1
7002,133,1
7003,87,1
7004,132,1
7005,101,1
7006,155,1
7007,200,0
7008,80,1
7009,200,0
7010,173,1
7011,63,1
7012,58,1
7013,36,0
7014,97,1
7015,42,1
7016,167,1
7017,42,1
7018,89,1
7019,54,1
7020,39,1
7021,82,1
7022,59,0
7023,97,1
7024,179,1
7025,40,1
7026,61,0
7027,141,1
7028,43,1
7029,200,0
7030,59,1
7031,99,0
7032,127,1
7033,200,0
7034,58,1
7035,90,1
7036,151,1
7037,100,1
7038,125,1
7039,33,1
7040,170,1
7041,111,1
7042,39,0
7043,75,1
7044,102,1
7045,104,1
7046,116,1
7047,60,1
7048,52,1
7049,138,1
7050,80,1
7051,75,1
7052,73,1
7053,37,1
7054,43,1
7055,92,1
7056,83,1
7057,66,1
7058,200,0
7059,66,1
7060,47,1
7061,95,1
7062,149,1
7063,179,1
7064,126,1
7065,30,1
7066,57,1
7067,94,1
7068,46,0
7069,77,1
7070,94,1
7071,192,1
7072,85,1
7073,80,1
7074,84,1
7075,41,1
7076,53,1
7077,64,1
7078,38,0
7079,68,1
7080,200,0
7081,51,1
7082,82,1
7083,154,1
7084,40,1
7085,67,1
7086,72,1
7087,36,1
7088,56,1
7089,47,1
7090,53,0
7091,106,1
7092,53,1
7093,69,1
7094,80,1
7095,30,1
7096,51,0
7097,40,1
7098,33,1
7099,26,1
7100,154,1
7101,200,0
7102,26,0
7103,149,1
7104,65,1
7105,72,1
7106,37,0
7107,192,1
7108,44,0
7109,76,1
7110,32,0
7111,200,0
7112,200,0
7113,74,1
7114,90,1
7115,59,1
7116,26,0
7117,114,1
7118,74,0
7119,69,1
7120,200,0
7121,92,1
7122,117,0
7123,92,1
7124,67,1
7125,48,1
7126,97,1
7127,189,1
7128,40,1
7129,158,1
7130,74,1
7131,177,1
7132,126,1
7133,93,1
7134,53,1
7135,50,1
7136,91,1
7137,155,1
7138,92,1
7139,36,1
7140,79,1
7141,69,1
7142,48,1
7143,132,1
7144,45,1
7145,28,1
7146,55,1
7147,77,1
7148,141,1
7149,102,1
7150,77,1
7151,60,1
7152,112,1
7153,109,0
7154,87,0
7155,63,1
7156,200,0
7157,45,1
7158,70,1
7159,61,1
7160,90,1
7161,131,1
7162,76,1
7163,150,1
7164,54,1
7165,34,1
7166,108,1
7167,64,1
7168,106,1
7169,166,1
7170,77,1
7171,151,1
7172,80,1
7173,32,1
7174,200,0
7175,100,1
7176,41,1
7177,79,1
7178,87,1
7179,44,1
7180,93,1
7181,52,1
7182,130,1
7183,38,1
7184,49,1
7185,67,1
7186,106,1
7187,48,1
7188,116,1
7189,121,1
7190,57,1
7191,85,1
7192,79,1
7193,68,1
7194,197,1
7195,36,1
7196,115,0
7197,51,1
7198,54,1
7199,114,1
7200,50,1
7201,128,1
7202,30,0
7203,99,1
7204,122,1
7205,168,1
7206,32,0
7207,40,1
7208,72,1
7209,35,1
7210,99,1
7211,184,1
7212,122,1
7213,121,1
7214,47,1
7215,133,1
7216,53,1
7217,166,1
7218,62,0
7219,60,1
7220,125,1
7221,40,1
7222,50,1
7223,84,0
7224,185,1
7225,71,1
7226,75,1
7227,77,1
7228,63,1
7229,75,1
7230,115,0
7231,35,1
7232,50,1
7233,48,1
7234,46,1
7235,94,1
7236,176,1
7237,145,1
7238,75,1
7239,179,1
7240,141,1
7241,95,1
7242,42,1
7243,103,0
7244,131,1
7245,99,1
7246,64,1
7247,142,1
7248,135,0
7249,47,1
7250,110,1
7251,76,1
7252,103,1
7253,200,0
7254,40,0
7255,186,1
7256,200,0
7257,31,0
7258,105,1
7259,85,1
7260,70,1
7261,112,1
7262,78,1
7263,37,1
7264,68,1
7265,200,0
7266,35,1
7267,36,1
7268,28,0
7269,51,0
7270,200,0
7271,59,1
7272,71,1
7273,49,1
7274,114,0
7275,104,0
7276,30,1
7277,200,0
7278,64,1
7279,125,1
7280,125,1
7281,111,1
7282,200,0
7283,139,1
7284,51,0
7285,89,1
7286,151,1
7287,48,1
7288,96,1
7289,43,0
7290,119,0
7291,200,0
7292,132,1
7293,74,1
7294,102,1
7295,153,1
7296,53,1
7297,54,0
7298,99,1
7299,125,1
7300,68,1
7301,73,1
7302,62,1
7303,77,1
7304,97,1
7305,124,1
7306,39,1
7307,118,1
7308,52,1
7309,138,1
7310,70,1
7311,50,1
7312,66,1
7313,120,1
7314,57,1
7315,170,1
7316,12,0
7317,90,1
7318,51,0
7319,89,1
7320,38,1
7321,87,1
7322,16,0
7323,32,0
7324,74,1
7325,29,0
7326,48,1
7327,49,1
7328,102,1
7329,59,1
7330,58,1
7331,45,1
7332,102,1
7333,154,1
7334,84,1
7335,158,1
7336,23,0
7337,104,1
7338,59,1
7339,87,0
7340,96,1
7341,52,1
7342,155,1
7343,49,0
7344,119,1
7345,76,1
7346,76,1
7347,47,1
7348,54,1
7349,60,0
7350,9,0
7351,174,1
7352,200,0
7353,135,1
7354,200,0
7355,82,1
7356,200,0
7357,144,1
7358,95,1
7359,73,1
7360,50,1
7361,40,1
7362,200,0
7363,73,1
7364,135,1
7365,39,1
7366,124,1
7367,119,1
7368,64,1
7369,36,1
7370,58,1
7371,49,1
7372,75,1
7373,69,1
7374,122,1
7375,55,1
7376,60,1
7377,84,1
7378,200,0
7379,75,1
7380,76,1
7381,81,1
7382,93,1
7383,115,1
7384,76,1
7385,118,1
7386,99,1
7387,193,1
7388,115,1
7389,34,1
7390,58,1
7391,62,1
7392,64,1
7393,51,1
7394,128,1
7395,139,1
7396,89,1
7397,44,1
7398,151,1
7399,73,1
7400,78,0
7401,27,0
7402,137,1
7403,56,1
7404,151,1
7405,85,1
7406,46,1
7407,71,1
7408,84,1
7409,103,1
7410,86,1
7411,89,1
7412,76,1
7413,73,1
7414,166,1
7415,93,1
7416,186,1
7417,30,1
7418,64,1
7419,45,1
7420,37,1
7421,138,1
7422,67,1
7423,34,0
7424,199,1
7425,35,1
7426,61,1
7427,43,1
7428,68,1
7429,30,1
7430,143,1
7431,103,1
7432,200,0
7433,59,1
7434,56,1
7435,59,1
7436,82,1
7437,97,1
7438,45,1
7439,77,1
7440,100,1
7441,120,1
7442,32,1
7443,77,1
7444,56,1
7445,34,1
7446,77,1
7447,101,1
7448,96,1
7449,40,1
7450,63,1
7451,125,1
7452,139,1
7453,169,1
7454,130,1
7455,38,1
7456,79,1
7457,42,1
7458,27,1
7459,66,1
7460,153,1
7461,85,1
7462,154,1
7463,54,0
7464,53,1
7465,75,1
7466,57,0
7467,33,1
7468,111,1
7469,106,1
7470,106,1
7471,141,1
7472,32,0
7473,200,0
7474,70,1
7475,70,1
7476,200,0
7477,59,1
7478,49,1
7479,35,0
7480,60,1
7481,189,1
7482,161,1
7483,104,1
7484,49,1
7485,90,1
7486,165,1
7487,76,1
7488,116,1
7489,29,1
7490,41,1
7491,74,1
7492,149,1
7493,40,1
7494,96,1
7495,154,1
7496,57,1
7497,71,1
7498,200,0
7499,66,1
7500,92,1
7501,85,1
7502,60,1
7503,54,1
7504,68,1
7505,74,1
7506,129,1
7507,169,1
7508,84,1
7509,162,1
7510,43,0
7511,56,1
7512,64,1
7513,37,1
7514,66,1
7515,15,0
7516,52,1
7517,79,1
7518,89,1
7519,29,1
7520,25,1
7521,137,1
7522,59,1
7523,120,1
7524,109,1
7525,200,0
7526,22,1
7527,71,1
7528,36,1
7529,93,1
7530,81,1
7531,45,1
7532,64,1
7533,62,1
7534,109,1
7535,48,1
7536,144,1
7537,81,1
7538,89,1
7539,61,1
7540,55,0
7541,75,1
7542,96,1
7543,38,1
7544,184,1
7545,52,1
7546,122,1
7547,34,0
7548,104,1
7549,55,1
7550,23,1
7551,149,1
7552,60,0
7553,79,1
7554,21,0
7555,105,1
7556,78,1
7557,152,1
7558,46,1
7559,67,1
7560,47,1
7561,132,1
7562,65,1
7563,64,1
7564,46,1
7565,52,1
7566,58,1
7567,40,0
7568,119,1
7569,46,1
7570,125,1
7571,56,1
7572,28,1
7573,96,1
7574,129,1
7575,37,1
7576,43,1
7577,26,1
7578,129,1
7579,162,1
7580,26,1
7581,113,1
7582,200,0
7583,130,0
7584,200,0
7585,66,1
7586,71,1
7587,56,1
7588,138,1
7589,149,1
7590,34,1
7591,24,1
7592,188,1
7593,49,1
7594,11,0
7595,44,0
7596,180,1
7597,115,1
7598,43,1
7599,68,1
7600,124,1
7601,79,1
7602,20,0
7603,146,1
7604,99,1
7605,116,1
7606,168,1
7607,58,1
7608,74,1
7609,200,0
7610,79,1
7611,23,0
7612,189,1
7613,200,0
7614,72,1
7615,83,1
7616,141,1
7617,130,1
7618,54,1
7619,32,1
7620,49,1
7621,40,1
7622,97,1
7623,47,1
7624,61,1
7625,92,1
7626,55,0
7627,60,1
7628,128,1
7629,51,1
7630,55,1
7631,85,1
7632,200,0
7633,22,0
7634,88,1
7635,128,1
7636,69,1
7637,200,0
7638,109,1
7639,175,1
7640,92,1
7641,61,1
7642,72,0
7643,168,1
7644,61,1
7645,66,1
7646,27,1
7647,78,1
7648,200,0
7649,95,1
7650,200,0
7651,34,1
7652,69,1
7653,161,1
7654,36,1
7655,29,1
7656,96,1
7657,41,1
7658,57,1
7659,35,1
7660,52,1
7661,58,1
7662,46,1
7663,179,1
7664,60,1
7665,46,1
7666,71,1
7667,95,1
7668,180,1
7669,24,1
7670,47,1
7671,93,1
7672,53,1
7673,88,1
7674,24,1
7675,131,1
7676,128,1
7677,88,1
7678,94,1
7679,47,1
7680,165,1
7681,130,1
7682,68,1
7683,47,1
7684,109,1
7685,113,1
7686,200,0
7687,57,1
7688,79,1
7689,140,1
7690,154,1
7691,61,1
7692,108,1
7693,48,1
7694,22,0
7695,159,0
7696,125,1
7697,51,1
7698,157,1
7699,81,1
7700,75,1
7701,98,1
7702,82,1
7703,147,1
7704,102,1
7705,80,1
7706,108,1
7707,102,1
7708,200,0
7709,106,1
7710,94,1
7711,75,1
7712,41,1
7713,57,1
7714,94,1
7715,128,1
7716,33,0
7717,146,1
7718,108,1
7719,113,1
7720,67,1
7721,41,1
7722,200,0
7723,101,1
7724,128,1
7725,61,1
7726,75,1
7727,45,1
7728,159,1
7729,149,1
7730,58,1
7731,38,1
7732,42,1
7733,49,1
7734,98,1
7735,60,1
7736,68,1
7737,200,0
7738,20,0
7739,98,1
7740,39,1
7741,194,1
7742,135,1
7743,33,1
7744,49,1
7745,56,1
7746,77,1
7747,67,1
7748,59,1
7749,200,0
7750,44,1
7751,35,1
7752,144,1
7753,58,1
7754,79,1
7755,67,1
7756,30,0
7757,60,1
7758,47,1
7759,103,1
7760,73,1
7761,65,1
7762,28,1
7763,79,0
7764,45,1
7765,110,1
7766,71,1
7767,78,1
7768,198,1
7769,83,1
7770,106,1
7771,93,1
7772,31,1
7773,52,1
7774,81,1
7775,57,1
7776,139,1
7777,65,1
7778,82,1
7779,99,0
7780,151,1
7781,58,1
7782,38,1
7783,51,1
7784,32,1
7785,75,1
7786,47,1
7787,116,1
7788,151,1
7789,123,1
7790,86,1
7791,127,1
7792,115,1
7793,85,1
7794,88,1
7795,200,0
7796,122,1
7797,47,1
7798,65,1
7799,177,1
7800,89,1
7801,119,1
7802,46,1
7803,180,1
7804,97,1
7805,169,1
7806,34,0
7807,46,1
7808,63,1
7809,55,1
7810,71,1
7811,156,1
7812,116,1
7813,63,1
7814,48,1
7815,159,1
7816,133,1
7817,33,1
7818,32,1
7819,112,1
7820,192,1
7821,94,1
7822,69,1
7823,160,0
7824,177,0
7825,27,0
7826,9,0
7827,200,0
7828,68,1
7829,94,1
7830,56,0
7831,116,1
7832,50,1
7833,55,1
7834,92,1
7835,86,1
7836,46,1
7837,165,1
7838,200,0
7839,55,1
7840,54,1
7841,50,1
7842,66,1
7843,108,1
7844,106,1
7845,64,1
7846,47,1
7847,79,1
7848,43,1
7849,47,1
7850,35,1
7851,97,1
7852,38,1
7853,95,0
7854,121,1
7855,149,1
7856,56,1
7857,55,1
7858,58,1
7859,200,0
7860,57,1
7861,78,1
7862,110,1
7863,34,1
7864,175,1
7865,166,1
7866,41,1
7867,60,1
7868,107,1
7869,91,1
7870,162,1
7871,68,1
7872,45,1
7873,191,1
7874,70,1
7875,87,1
7876,115,1
7877,74,1
7878,200,0
7879,108,1
7880,54,1
7881,145,1
7882,58,1
7883,200,0
7884,128,1
7885,44,0
7886,42,1
7887,90,1
7888,73,1
7889,154,1
7890,162,1
7891,140,1
7892,40,0
7893,126,1
7894,167,1
7895,51,1
7896,40,0
7897,73,1
7898,67,1
7899,74,1
7900,51,1
7901,165,1
7902,160,1
7903,17,0
7904,200,0
7905,117,1
7906,137,1
7907,41,1
7908,66,1
7909,36,1
7910,157,1
7911,99,1
7912,155,1
7913,200,0
7914,112,1
7915,76,1
7916,72,1
7917,53,1
7918,14,0
7919,152,1
7920,124,1
7921,191,1
7922,189,1
7923,52,1
7924,38,1
7925,41,1
7926,56,1
7927,54,1
7928,10,0
7929,95,1
7930,61,1
7931,69,1
7932,90,1
7933,56,1
7934,55,1
7935,112,1
7936,103,1
7937,172,1
7938,112,1
7939,61,1
7940,32,1
7941,200,0
7942,70,1
7943,132,1
7944,108,1
7945,34,1
7946,137,1
7947,102,1
7948,151,1
7949,97,1
7950,120,1
7951,83,1
7952,106,1
7953,38,1
7954,72,1
7955,107,1
7956,38,1
7957,52,0
7958,60,1
7959,72,1
7960,46,1
7961,130,1
7962,46,1
7963,164,1
7964,35,1
7965,110,1
7966,84,1
7967,124,1
7968,41,1
7969,127,0
7970,49,1
7971,36,0
7972,80,1
7973,33,1
7974,42,1
7975,150,1
7976,26,1
7977,13,0
7978,47,1
7979,116,1
7980,45,1
7981,158,1
7982,139,1
7983,65,1
7984,38,1
7985,115,1
7986,58,1
7987,85,1
7988,139,1
7989,52,1
7990,110,1
7991,45,1
7992,41,1
7993,153,1
7994,133,1
7995,169,1
7996,34,1
7997,54,1
7998,39,1
7999,55,1
8000,104,1
8001,63,1
8002,62,1
8003,34,1
8004,17,0
8005,174,1
8006,92,1
8007,193,1
8008,90,1
8009,125,1
8010,68,1
8011,52,1
8012,200,0
8013,136,1
8014,199,1
8015,66,1
8016,46,1
8017,85,1
8018,112,1
8019,116,1
8020,128,1
8021,24,1
8022,32,1
8023,144,1
8024,53,1
8025,67,1
8026,121,1
8027,126,1
8028,138,0
8029,84,1
8030,60,1
8031,45,1
8032,82,1
8033,72,1
8034,112,1
8035,200,0
8036,200,0
8037,44,1
8038,118,1
8039,88,1
8040,67,1
8041,90,1
8042,45,1
8043,29,1
8044,200,0
8045,99,1
8046,90,1
8047,64,1
8048,52,1
8049,83,1
8050,106,1
8051,156,1
8052,98,1
8053,116,1
8054,200,0
8055,200,0
8056,17,0
8057,56,1
8058,62,0
8059,67,1
8060,157,1
8061,182,1
8062,66,1
8063,113,0
8064,41,1
8065,130,1
8066,90,1
8067,77,1
8068,125,1
8069,124,1
8070,51,1
8071,82,1
8072,71,1
8073,188,1
8074,77,1
8075,62,1
8076,79,1
8077,111,1
8078,108,1
8079,40,1
8080,177,1
8081,84,1
8082,84,1
8083,61,1
8084,152,1
8085,58,1
8086,39,1
8087,55,1
8088,103,1
8089,30,0
8090,69,0
8091,40,1
8092,200,0
8093,41,1
8094,200,0
8095,37,1
8096,76,1
8097,79,1
8098,51,1
8099,79,1
8100,73,1
8101,85,1
8102,200,0
8103,45,1
8104,30,1
8105,200,0
8106,85,1
8107,48,1
8108,69,1
8109,35,1
8110,70,1
8111,89,1
8112,116,1
8113,67,1
8114,200,0
8115,119,1
8116,112,1
8117,48,1
8118,117,1
8119,49,1
8120,29,1
8121,95,1
8122,200,0
8123,133,1
8124,160,1
8125,84,1
8126,200,0
8127,93,1
8128,75,1
8129,65,1
8130,200,0
8131,74,1
8132,52,1
8133,38,1
8134,87,1
8135,92,1
8136,200,0
8137,31,1
8138,74,1
8139,82,1
8140,17,0
8141,15,0
8142,90,1
8143,66,1
8144,57,0
8145,24,0
8146,65,1
8147,64,1
8148,86,1
8149,40,1
8150,73,1
8151,60,1
8152,75,1
8153,192,1
8154,107,1
8155,39,0
8156,134,1
8157,107,1
8158,141,1
8159,81,1
8160,56,1
8161,142,1
8162,90,1
8163,99,1
8164,102,1
8165,137,1
8166,86,1
8167,58,1
8168,24,1
8169,45,1
8170,101,1
8171,131,1
8172,95,1
8173,78,1
8174,104,1
8175,37,1
8176,73,1
8177,29,1
8178,78,0
8179,118,1
8180,123,1
8181,95,1
8182,89,1
8183,68,1
8184,63,1
8185,66,1
8186,23,1
8187,115,1
8188,91,1
8189,27,1
8190,58,1
8191,59,1
8192,39,1
8193,143,1
8194,58,1
8195,85,1
8196,27,0
8197,187,1
8198,75,1
8199,65,1
8200,90,1
8201,53,1
8202,42,1
8203,77,0
8204,138,1
8205,115,1
8206,8,0
8207,152,1
8208,17,0
8209,39,1
8210,57,1
8211,153,1
8212,52,1
8213,11,0
8214,76,1
8215,102,1
8216,104,1
8217,107,1
8218,72,1
8219,115,1
8220,96,1
8221,34,1
8222,89,1
8223,80,1
8224,200,0
8225,142,1
8226,79,1
8227,114,1
8228,106,1
8229,48,0
8230,200,0
8231,147,1
8232,158,1
8233,175,1
8234,176,1
8235,63,1
8236,43,1
8237,39,1
8238,93,1
8239,73,1
8240,46,1
8241,196,1
8242,200,0
8243,95,1
8244,79,1
8245,45,1
8246,39,1
8247,128,1
8248,64,1
8249,64,1
8250,26,0
8251,48,1
8252,73,1
8253,49,1
8254,107,1
8255,75,1
8256,112,1
8257,128,1
8258,69,1
8259,59,1
8260,91,1
8261,125,0
8262,100,1
8263,63,1
8264,75,1
8265,71,1
8266,200,0
8267,170,0
8268,110,0
8269,96,1
8270,101,1
8271,118,1
8272,199,1
8273,94,1
8274,82,1
8275,195,1
8276,80,1
8277,37,1
8278,34,1
8279,60,1
8280,100,1
8281,38,1
8282,87,1
8283,103,1
8284,116,1
8285,50,1
8286,93,1
8287,101,1
8288,56,1
8289,82,0
8290,87,1
8291,142,1
8292,67,1
8293,69,1
8294,54,1
8295,87,1
8296,74,1
8297,90,1
8298,63,1
8299,27,0
8300,78,1
8301,128,1
8302,126,1
8303,66,1
8304,37,1
8305,112,1
8306,39,1
8307,76,1
8308,83,1
8309,40,1
8310,78,1
8311,73,1
8312,56,1
8313,75,1
8314,90,1
8315,150,1
8316,115,1
8317,137,1
8318,88,1
8319,135,1
8320,68,1
8321,180,1
8322,152,1
8323,118,1
8324,9,0
8325,73,1
8326,77,1
8327,104,1
8328,69,1
8329,35,1
8330,59,1
8331,66,1
8332,42,1
8333,138,1
8334,70,1
8335,179,1
8336,84,1
8337,110,1
8338,200,0
8339,107,1
8340,58,1
8341,74,1
8342,151,1
8343,34,0
8344,82,1
8345,53,0
8346,200,0
8347,96,1
8348,156,1
8349,73,1
8350,54,1
8351,124,1
8352,96,1
8353,46,1
8354,9,0
8355,113,1
8356,103,1
8357,56,1
8358,114,0
8359,65,1
8360,109,1
8361,32,1
8362,52,1
8363,200,0
8364,73,1
8365,85,1
8366,92,1
8367,62,1
8368,84,1
8369,44,1
8370,103,1
8371,200,0
8372,40,1
8373,51,1
8374,61,1
8375,159,1
8376,43,1
8377,42,1
8378,89,1
8379,200,0
8380,27,1
8381,58,1
8382,200,0
8383,67,1
8384,55,1
8385,40,1
8386,147,1
8387,47,1
8388,134,1
8389,78,1
8390,115,1
8391,187,1
8392,39,1
8393,166,1
8394,200,0
8395,36,1
8396,119,1
8397,69,1
8398,45,1
8399,101,1
8400,61,1
8401,40,1
8402,15,0
8403,97,1
8404,38,0
8405,95,1
8406,20,0
8407,61,1
8408,81,1
8409,51,1
8410,155,1
8411,199,1
8412,120,1
8413,42,1
8414,45,1
8415,116,1
8416,200,0
8417,79,1
8418,86,1
8419,39,1
8420,57,1
8421,200,0
8422,87,1
8423,57,1
8424,76,0
8425,48,1
8426,106,1
8427,200,0
8428,112,1
8429,153,1
8430,196,1
8431,87,1
8432,62,1
8433,50,1
8434,87,1
8435,138,1
8436,49,0
8437,94,1
8438,57,1
8439,87,1
8440,200,0
8441,97,1
8442,45,1
8443,48,1
8444,141,1
8445,127,1
8446,84,1
8447,72,1
8448,62,1
8449,75,1
8450,76,1
8451,34,1
8452,90,1
8453,141,1
8454,44,1
8455,50,1
8456,57,1
8457,58,1
8458,39,1
8459,142,1
8460,112,1
8461,71,1
8462,85,1
8463,144,1
8464,45,1
8465,50,1
8466,24,0
8467,64,1
8468,44,1
8469,71,1
8470,59,0
8471,25,0
8472,58,0
8473,104,1
8474,84,1
8475,62,1
8476,94,1
8477,128,1
8478,76,1
8479,43,1
8480,29,1
8481,49,1
8482,47,1
8483,101,1
8484,122,1
8485,82,1
8486,87,1
8487,129,1
8488,93,1
8489,15,0
8490,59,1
8491,49,1
8492,200,0
8493,26,0
8494,82,1
8495,78,1
8496,108,1
8497,189,1
8498,28,0
8499,73,1
8500,120,1
8501,200,0
8502,25,0
8503,200,0
8504,124,1
8505,100,1
8506,79,1
8507,28,0
8508,117,1
8509,102,1
8510,72,1
8511,171,1
8512,33,1
8513,17,0
8514,73,1
8515,81,1
8516,158,1
8517,86,0
8518,127,1
8519,171,1
8520,83,1
8521,95,1
8522,14,0
8523,82,1
8524,56,1
8525,29,1
8526,41,1
8527,147,1
8528,153,1
8529,116,1
8530,200,0
8531,77,1
8532,55,1
8533,34,1
8534,28,1
8535,108,1
8536,58,1
8537,76,1
8538,19,0
8539,156,1
8540,63,1
8541,36,1
8542,130,1
8543,124,1
8544,36,1
8545,19,0
8546,58,1
8547,77,1
8548,23,0
8549,145,1
8550,59,1
8551,140,1
8552,66,1
8553,177,1
8554,89,1
8555,107,1
8556,58,1
8557,200,0
8558,104,1
8559,57,1
8560,80,1
8561,92,1
8562,41,1
8563,16,0
8564,117,1
8565,20,1
8566,67,1
8567,22,0
8568,23,1
8569,200,0
8570,72,1
8571,59,1
8572,167,1
8573,200,0
8574,114,1
8575,120,1
8576,30,1
8577,20,0
8578,156,1
8579,37,0
8580,200,0
8581,120,1
8582,142,1
8583,104,1
8584,31,1
8585,123,0
8586,200,0
8587,55,1
8588,133,1
8589,200,0
8590,49,0
8591,96,1
8592,53,1
8593,97,1
8594,18,0
8595,95,1
8596,77,1
8597,77,1
8598,120,1
8599,200,0
8600,140,1
8601,200,0
8602,107,1
8603,137,1
8604,200,0
8605,124,1
8606,66,1
8607,200,0
8608,147,1
8609,87,1
8610,57,1
8611,19,0
8612,147,1
8613,77,1
8614,63,1
8615,42,1
8616,63,1
8617,118,1
8618,103,1
8619,54,1
8620,58,1
8621,54,1
8622,67,1
8623,89,1
8624,117,1
8625,36,0
8626,55,1
8627,25,0
8628,31,1
8629,75,1
8630,142,1
8631,80,1
8632,200,0
8633,38,1
8634,15,0
8635,200,0
8636,107,1
8637,97,1
8638,64,1
8639,38,1
8640,31,1
8641,93,1
8642,58,1
8643,51,1
8644,66,1
8645,15,0
8646,62,1
8647,85,1
8648,28,1
8649,116,1
8650,87,1
8651,136,1
8652,63,1
8653,52,1
8654,94,1
8655,86,1
8656,101,1
8657,56,1
8658,42,1
8659,26,1
8660,115,1
8661,126,1
8662,200,0
8663,54,1
8664,75,1
8665,78,1
8666,200,0
8667,144,1
8668,63,1
8669,96,1
8670,122,0
8671,15,0
8672,99,1
8673,81,1
8674,138,1
8675,104,1
8676,173,1
8677,85,1
8678,187,1
8679,104,1
8680,49,0
8681,136,1
8682,95,1
8683,86,1
8684,113,1
8685,90,1
8686,184,1
8687,102,1
8688,76,0
8689,95,1
8690,66,1
8691,101,1
8692,35,0
8693,97,1
8694,161,1
8695,106,1
8696,117,1
8697,136,1
8698,101,1
8699,10,0
8700,138,1
8701,54,1
8702,120,1
8703,155,1
8704,80,1
8705,101,1
8706,94,1
8707,118,1
8708,111,1
8709,32,1
8710,146,1
8711,34,1
8712,46,0
8713,200,0
8714,46,1
8715,47,1
8716,73,1
8717,97,1
8718,47,1
8719,69,1
8720,119,1
8721,30,1
8722,80,1
8723,45,1
8724,187,1
8725,74,1
8726,60,1
8727,47,1
8728,62,1
8729,131,1
8730,126,1
8731,40,1
8732,159,1
8733,66,1
8734,20,1
8735,66,1
8736,56,1
8737,82,1
8738,64,1
8739,58,1
8740,82,1
8741,123,1
8742,35,1
8743,50,1
8744,58,1
8745,155,1
8746,17,0
8747,87,1
8748,38,0
8749,108,1
8750,50,1
8751,186,1
8752,70,1
8753,200,0
8754,200,0
8755,58,1
8756,85,1
8757,73,1
8758,142,1
8759,101,1
8760,132,1
8761,67,1
8762,28,1
8763,81,1
8764,105,1
8765,39,1
8766,76,1
8767,62,1
8768,185,1
8769,78,1
8770,50,1
8771,80,1
8772,79,0
8773,128,1
8774,167,1
8775,184,1
8776,114,1
8777,53,1
8778,200,0
8779,136,1
8780,142,1
8781,39,1
8782,42,1
8783,108,0
8784,156,1
8785,115,1
8786,155,1
8787,135,1
8788,113,1
8789,76,1
8790,136,1
8791,200,0
8792,32,1
8793,125,1
8794,81,1
8795,109,1
8796,28,1
8797,96,1
8798,199,1
8799,126,1
8800,103,1
8801,34,1
8802,59,1
8803,65,0
8804,110,1
8805,109,1
8806,32,1
8807,75,1
8808,126,1
8809,104,1
8810,72,1
8811,156,1
8812,28,0
8813,90,0
8814,56,1
8815,37,1
8816,68,1
8817,136,1
8818,34,1
8819,65,1
8820,179,1
8821,31,1
8822,200,0
8823,12,0
8824,82,1
8825,54,1
8826,47,1
8827,67,1
8828,131,1
8829,72,1
8830,111,1
8831,65,1
8832,28,1
8833,133,1
8834,54,1
8835,48,1
8836,87,1
8837,200,0
8838,182,1
8839,53,1
8840,103,1
8841,67,1
8842,191,1
8843,62,1
8844,200,0
8845,200,0
8846,78,1
8847,59,1
8848,136,0
8849,152,1
8850,58,1
8851,29,1
8852,84,0
8853,124,1
8854,76,1
8855,79,1
8856,200,0
8857,103,1
8858,57,1
8859,83,1
8860,148,1
8861,176,1
8862,36,1
8863,120,1
8864,200,0
8865,126,0
8866,71,1
8867,109,1
8868,48,1
8869,127,1
8870,50,0
8871,108,1
8872,94,1
8873,90,1
8874,31,1
8875,51,1
8876,200,0
8877,127,1
8878,48,0
8879,16,0
8880,176,1
8881,77,1
8882,69,1
8883,127,1
8884,121,1
8885,41,1
8886,34,1
8887,17,0
8888,174,0
8889,119,1
8890,68,1
8891,18,0
8892,82,1
8893,76,1
8894,48,1
8895,147,1
8896,62,1
8897,55,1
8898,93,1
8899,200,0
8900,40,1
8901,200,0
8902,163,1
8903,47,1
8904,70,1
8905,91,1
8906,100,1
8907,150,1
8908,81,1
8909,144,1
8910,105,1
8911,34,1
8912,7,0
8913,49,1
8914,200,0
8915,36,1
8916,105,1
8917,88,1
8918,69,1
8919,47,1
8920,62,1
8921,102,1
8922,109,1
8923,169,1
8924,91,1
8925,39,1
8926,85,1
8927,70,1
8928,33,0
8929,200,0
8930,88,1
8931,83,1
8932,113,1
8933,103,1
8934,125,1
8935,60,1
8936,27,1
8937,143,1
8938,79,1
8939,36,1
8940,200,0
8941,60,1
8942,200,0
8943,83,1
8944,170,1
8945,57,1
8946,52,0
8947,64,1
8948,45,1
8949,200,0
8950,79,1
8951,147,1
8952,140,1
8953,152,1
8954,74,1
8955,158,1
8956,62,1
8957,78,1
8958,200,0
8959,40,1
8960,56,1
8961,102,1
8962,92,1
8963,65,1
8964,44,1
8965,50,1
8966,47,1
8967,55,1
8968,48,1
8969,87,1
8970,145,1
8971,111,1
8972,27,0
8973,147,1
8974,108,0
8975,78,1
8976,60,1
8977,127,1
8978,55,1
8979,122,1
8980,93,1
8981,25,1
8982,30,1
8983,71,0
8984,122,1
8985,52,1
8986,187,1
8987,91,1
8988,86,1
8989,68,1
8990,77,1
8991,142,1
8992,64,1
8993,39,1
8994,21,0
8995,60,1
8996,17,0
8997,40,1
8998,68,1
8999,109,1
9000,200,0
9001,106,1
9002,40,1
9003,22,0
9004,159,1
9005,85,1
9006,100,1
9007,133,1
9008,78,0
9009,22,1
9010,180,1
9011,156,1
9012,67,1
9013,68,1
9014,182,1
9015,59,1
9016,63,1
9017,51,1
9018,200,0
9019,140,1
9020,51,1
9021,49,1
9022,82,1
9023,200,0
9024,169,1
9025,84,1
9026,124,1
9027,77,1
9028,107,1
9029,34,1
9030,77,1
9031,79,1
9032,68,1
9033,133,1
9034,153,1
9035,136,1
9036,30,1
9037,131,1
9038,88,1
9039,79,0
9040,65,1
9041,139,1
9042,60,1
9043,166,1
9044,120,1
9045,196,1
9046,43,1
9047,111,0
9048,55,1
9049,47,1
9050,133,1
9051,57,0
9052,38,1
9053,136,1
9054,26,1
9055,109,1
9056,106,1
9057,145,1
9058,169,1
9059,146,1
9060,21,1
9061,42,1
9062,121,1
9063,76,1
9064,116,1
9065,35,1
9066,58,1
9067,7,0
9068,57,1
9069,51,1
9070,192,1
9071,178,1
9072,50,1
9073,50,1
9074,35,0
9075,67,0
9076,33,1
9077,92,1
9078,35,0
9079,123,1
9080,85,1
9081,14,0
9082,60,1
9083,53,1
9084,63,1
9085,51,1
9086,161,1
9087,64,1
9088,159,1
9089,108,1
9090,76,1
9091,200,0
9092,73,1
9093,200,0
9094,125,1
9095,46,1
9096,95,1
9097,183,1
9098,200,0
9099,74,1
9100,121,1
9101,150,1
9102,82,1
9103,143,1
9104,29,1
9105,38,0
9106,200,0
9107,124,1
9108,73,1
9109,200,0
9110,25,1
9111,64,1
9112,68,1
9113,35,1
9114,68,1
9115,30,1
9116,190,1
9117,106,1
9118,46,0
9119,110,1
9120,62,1
9121,100,1
9122,121,1
9123,53,1
9124,59,1
9125,64,1
9126,94,1
9127,19,1
9128,153,1
9129,131,1
9130,61,0
9131,33,1
9132,99,1
9133,65,1
9134,50,1
9135,47,1
9136,13,0
9137,98,1
9138,31,1
9139,81,1
9140,92,1
9141,59,1
9142,142,1
9143,98,1
9144,176,1
9145,35,1
9146,24,0
9147,88,1
9148,169,1
9149,49,0
9150,156,1
9151,49,1
9152,31,1
9153,67,1
9154,137,1
9155,68,1
9156,60,1
9157,72,1
9158,13,0
9159,90,1
9160,34,1
9161,103,1
9162,60,1
9163,32,1
9164,43,1
9165,114,1
9166,90,1
9167,34,0
9168,85,1
9169,53,1
9170,29,1
9171,41,1
9172,111,1
9173,96,1
9174,53,1
9175,26,1
9176,119,1
9177,64,0
9178,105,0
9179,40,1
9180,39,1
9181,99,1
9182,65,1
9183,67,1
9184,39,1
9185,120,1
9186,200,0
9187,37,1
9188,74,1
9189,169,1
9190,56,1
9191,86,1
9192,69,1
9193,89,1
9194,44,1
9195,157,1
9196,50,0
9197,133,1
9198,59,1
9199,39,1
9200,200,0
9201,108,1
9202,200,0
9203,80,1
9204,125,1
9205,200,0
9206,61,1
9207,81,0
9208,200,0
9209,47,1
9210,109,1
9211,103,1
9212,54,1
9213,63,1
9214,79,1
9215,200,0
9216,104,1
9217,155,1
9218,113,1
9219,63,1
9220,81,1
9221,62,1
9222,200,0
9223,96,1
9224,187,1
9225,61,1
9226,121,1
9227,35,1
9228,109,1
9229,51,1
9230,70,1
9231,50,1
9232,54,1
9233,61,1
9234,7,0
9235,200,0
9236,139,1
9237,200,0
9238,84,1
9239,65,1
9240,23,0
9241,82,1
9242,105,1
9243,45,1
9244,172,1
9245,70,1
9246,87,1
9247,63,1
9248,21,1
9249,69,1
9250,124,1
9251,200,0
9252,29,1
9253,67,1
9254,146,1
9255,21,0
9256,66,1
9257,56,1
9258,161,1
9259,128,1
9260,61,1
9261,63,1
9262,200,0
9263,25,0
9264,39,1
9265,183,1
9266,78,1
9267,42,1
9268,62,1
9269,86,1
9270,50,1
9271,37,1
9272,15,0
9273,90,1
9274,69,1
9275,39,1
9276,38,0
9277,126,1
9278,81,1
9279,94,1
9280,82,1
9281,53,1
9282,70,1
9283,93,1
9284,52,1
9285,200,0
9286,62,1
9287,50,1
9288,83,1
9289,42,1
9290,82,1
9291,44,1
9292,200,0
9293,89,0
9294,60,1
9295,108,1
9296,84,1
9297,68,1
9298,113,1
9299,113,1
9300,100,1
9301,58,1
9302,200,0
9303,30,1
9304,195,1
9305,27,0
9306,71,1
9307,77,1
9308,70,1
9309,58,1
9310,58,1
9311,200,0
9312,64,1
9313,54,1
9314,93,1
9315,200,0
9316,72,1
9317,189,1
9318,79,1
9319,126,1
9320,78,1
9321,53,1
9322,134,1
9323,82,1
9324,91,1
9325,133,1
9326,106,1
9327,47,1
9328,49,1
9329,20,0
9330,200,0
9331,66,1
9332,29,0
9333,41,1
9334,153,1
9335,40,1
9336,56,1
9337,56,1
9338,129,1
9339,78,1
9340,46,1
9341,80,1
9342,62,1
9343,42,1
9344,30,1
9345,68,1
9346,125,1
9347,200,0
9348,59,1
9349,86,1
9350,57,1
9351,107,1
9352,83,1
9353,44,1
9354,36,1
9355,57,1
9356,65,1
9357,101,1
9358,68,1
9359,95,1
9360,90,1
9361,126,1
9362,144,1
9363,48,1
9364,156,1
9365,70,1
9366,200,0
9367,69,1
9368,72,1
9369,160,1
9370,130,1
9371,120,1
9372,110,1
9373,161,1
9374,200,0
9375,49,1
9376,18,0
9377,117,1
9378,38,1
9379,46,1
9380,24,1
9381,84,1
9382,105,1
9383,171,1
9384,94,1
9385,54,1
9386,49,1
9387,103,1
9388,77,1
9389,159,1
9390,111,1
9391,141,1
9392,200,0
9393,62,0
9394,200,0
9395,124,1
9396,200,0
9397,183,1
9398,105,1
9399,200,0
9400,66,1
9401,171,1
9402,79,1
9403,59,1
9404,74,0
9405,37,1
9406,109,0
9407,200,0
9408,104,0
9409,95,1
9410,104,1
9411,132,1
9412,76,0
9413,80,1
9414,37,0
9415,119,1
9416,92,1
9417,40,0
9418,114,1
9419,30,1
9420,33,1
9421,90,1
9422,180,1
9423,55,1
9424,52,1
9425,85,1
9426,125,1
9427,83,1
9428,75,1
9429,164,1
9430,64,1
9431,60,0
9432,59,1
9433,90,1
9434,101,1
9435,39,1
9436,146,1
9437,58,1
9438,200,0
9439,107,1
9440,29,0
9441,90,1
9442,49,1
9443,173,1
9444,200,0
9445,69,1
9446,55,1
9447,50,1
9448,35,1
9449,127,1
9450,91,1
9451,92,1
9452,108,1
9453,78,1
9454,48,1
9455,62,1
9456,79,1
9457,115,1
9458,69,1
9459,107,1
9460,85,1
9461,29,1
9462,64,1
9463,172,1
9464,200,0
9465,11,0
9466,81,1
9467,179,1
9468,75,1
9469,30,1
9470,66,1
9471,59,1
9472,93,1
9473,22,0
9474,194,1
9475,47,0
9476,200,0
9477,124,1
9478,187,1
9479,43,1
9480,90,1
9481,97,1
9482,61,1
9483,92,1
9484,93,1
9485,77,1
9486,42,1
9487,192,1
9488,67,1
9489,136,1
9490,194,1
9491,64,1
9492,91,1
9493,91,1
9494,65,1
9495,60,1
9496,108,1
9497,84,1
9498,78,1
9499,37,1
9500,25,1
9501,69,1
9502,145,1
9503,137,1
9504,134,1
9505,79,1
9506,111,1
9507,61,0
9508,23,0
9509,100,1
9510,73,1
9511,62,1
9512,112,0
9513,74,1
9514,137,1
9515,151,1
9516,124,1
9517,149,1
9518,68,1
9519,78,1
9520,74,1
9521,200,0
9522,29,1
9523,48,1
9524,58,1
9525,40,1
9526,34,1
9527,35,0
9528,77,1
9529,130,1
9530,173,1
9531,114,1
9532,59,1
9533,77,1
9534,58,1
9535,65,1
9536,37,1
9537,200,0
9538,52,1
9539,41,1
9540,42,1
9541,61,1
9542,55,1
9543,65,1
9544,58,1
9545,82,1
9546,161,1
9547,7,0
9548,130,1
9549,82,1
9550,128,1
9551,105,1
9552,54,1
9553,74,1
9554,77,1
9555,64,1
9556,39,1
9557,88,1
9558,97,1
9559,200,0
9560,75,1
9561,40,1
9562,51,1
9563,200,0
9564,66,1
9565,200,0
9566,200,0
9567,191,1
9568,131,1
9569,40,1
9570,63,1
9571,50,1
9572,34,1
9573,27,0
9574,56,1
9575,60,1
9576,44,1
9577,17,0
9578,89,1
9579,55,1
9580,108,1
9581,30,1
9582,107,1
9583,12,0
9584,46,1
9585,107,1
9586,170,1
9587,84,1
9588,49,1
9589,31,0
9590,82,1
9591,70,1
9592,200,0
9593,59,1
9594,61,1
9595,126,1
9596,41,1
9597,28,1
9598,183,1
9599,15,0
9600,134,1
9601,88,1
9602,79,1
9603,44,1
9604,114,1
9605,66,1
9606,200,0
9607,156,1
9608,31,0
9609,109,1
9610,132,1
9611,117,1
9612,136,1
9613,98,1
9614,149,1
9615,54,1
9616,171,1
9617,96,1
9618,170,0
9619,86,1
9620,173,1
9621,200,0
9622,177,1
9623,50,1
9624,115,1
9625,74,1
9626,47,1
9627,169,1
9628,81,1
9629,113,1
9630,89,1
9631,67,1
9632,75,1
9633,29,1
9634,61,0
9635,152,1
9636,94,1
9637,76,1
9638,190,1
9639,138,1
9640,36,0
9641,35,1
9642,21,0
9643,55,1
9644,200,0
9645,154,1
9646,159,1
9647,94,1
9648,31,1
9649,20,0
9650,47,1
9651,33,1
9652,116,1
9653,32,0
9654,127,1
9655,56,1
9656,89,1
9657,200,0
9658,66,1
9659,175,1
9660,156,1
9661,122,1
9662,46,1
9663,119,1
9664,88,1
9665,95,1
9666,91,1
9667,16,0
9668,168,1
9669,141,1
9670,98,1
9671,32,1
9672,129,1
9673,81,1
9674,37,1
9675,111,1
9676,31,1
9677,130,1
9678,30,0
9679,124,1
9680,164,1
9681,200,0
9682,58,1
9683,183,1
9684,27,1
9685,71,1
9686,43,1
9687,84,0
9688,115,1
9689,132,1
9690,82,1
9691,153,1
9692,54,1
9693,193,1
9694,27,1
9695,83,1
9696,59,1
9697,93,1
9698,109,1
9699,200,0
9700,68,1
9701,128,1
9702,67,1
9703,57,1
9704,54,1
9705,78,1
9706,79,1
9707,109,1
9708,153,1
9709,78,1
9710,98,1
9711,117,1
9712,53,1
9713,30,0
9714,95,1
9715,32,0
9716,88,1
9717,43,0
9718,63,1
9719,40,1
9720,42,0
9721,200,0
9722,57,1
9723,152,1
9724,34,1
9725,116,1
9726,136,1
9727,194,1
9728,48,1
9729,93,1
9730,132,1
9731,63,1
9732,106,1
9733,151,1
9734,93,1
9735,164,1
9736,70,1
9737,101,1
9738,53,1
9739,189,1
9740,150,1
9741,44,1
9742,50,1
9743,59,1
9744,110,1
9745,75,1
9746,86,1
9747,46,1
9748,84,1
9749,47,1
9750,84,1
9751,129,1
9752,103,1
9753,40,1
9754,94,1
9755,71,1
9756,29,0
9757,132,1
9758,60,1
9759,51,1
9760,28,1
9761,106,0
9762,112,1
9763,69,1
9764,41,1
9765,126,0
9766,77,1
9767,38,1
9768,70,1
9769,59,1
9770,39,1
9771,45,1
9772,200,0
9773,168,1
9774,74,1
9775,124,1
9776,74,1
9777,131,1
9778,75,1
9779,86,1
9780,187,1
9781,70,1
9782,86,1
9783,172,1
9784,92,1
9785,66,1
9786,200,0
9787,43,1
9788,86,1
9789,154,1
9790,47,1
9791,64,1
9792,163,1
9793,200,0
9794,181,1
9795,56,1
9796,54,1
9797,41,1
9798,96,1
9799,130,1
9800,23,0
9801,73,1
9802,200,0
9803,42,1
9804,52,1
9805,33,1
9806,65,1
9807,87,1
9808,62,1
9809,123,1
9810,77,1
9811,55,1
9812,152,1
9813,164,1
9814,71,1
9815,104,1
9816,93,1
9817,200,0
9818,31,0
9819,128,1
9820,47,1
9821,90,0
9822,68,1
9823,92,1
9824,76,1
9825,50,1
9826,139,0
9827,178,1
9828,122,1
9829,77,1
9830,118,1
9831,53,1
9832,158,1
9833,120,1
9834,165,1
9835,46,1
9836,75,1
9837,80,1
9838,106,1
9839,36,1
9840,198,1
9841,75,1
9842,53,1
9843,56,1
9844,43,1
9845,40,1
9846,56,1
9847,61,1
9848,40,1
9849,165,1
9850,54,1
9851,200,0
9852,74,1
9853,46,1
9854,55,1
9855,82,1
9856,91,1
9857,55,1
9858,60,1
9859,38,1
9860,57,1
9861,159,1
9862,200,0
9863,200,0
9864,43,1
9865,85,1
9866,46,1
9867,200,0
9868,200,0
9869,38,1
9870,139,0
9871,72,1
9872,56,1
9873,105,1
9874,143,1
9875,47,1
9876,104,1
9877,152,1
9878,123,1
9879,140,1
9880,71,1
9881,30,1
9882,139,1
9883,147,1
9884,54,1
9885,32,1
9886,123,1
9887,140,1
9888,58,1
9889,23,0
9890,156,1
9891,200,0
9892,53,1
9893,200,0
9894,144,1
9895,81,1
9896,197,1
9897,34,1
9898,124,1
9899,165,1
9900,47,1
9901,61,1
9902,104,1
9903,67,1
9904,156,1
9905,148,1
9906,77,0
9907,145,1
9908,63,1
9909,57,1
9910,74,1
9911,56,1
9912,109,1
9913,123,1
9914,146,1
9915,150,1
9916,49,1
9917,85,1
9918,200,0
9919,200,0
9920,117,1
9921,200,0
9922,72,1
9923,192,1
9924,78,1
9925,200,0
9926,118,1
9927,71,1
9928,84,1
9929,55,1
9930,116,1
9931,45,1
9932,132,1
9933,173,1
9934,143,1
9935,67,1
9936,115,1
9937,36,1
9938,40,1
9939,112,1
9940,51,1
9941,85,1
9942,182,1
9943,68,1
9944,87,1
9945,89,1
9946,113,1
9947,98,1
9948,61,1
9949,92,1
9950,107,1
9951,32,0
9952,49,1
9953,60,1
9954,90,1
9955,46,0
9956,125,1
9957,125,1
9958,73,1
9959,124,1
9960,49,0
9961,61,1
9962,43,1
9963,43,1
9964,59,1
9965,100,1
9966,78,1
9967,75,1
9968,200,0
9969,121,1
9970,36,1
9971,40,1
9972,119,1
9973,43,1
9974,47,1
9975,156,1
9976,77,1
9977,81,1
9978,124,1
9979,158,1
9980,52,1
9981,54,1
9982,61,0
9983,127,1
9984,100,1
9985,109,1
9986,173,1
9987,137,1
9988,34,1
9989,26,0
9990,177,1
9991,200,0
9992,24,0
9993,107,1
9994,45,1
9995,27,1
9996,120,1
9997,89,1
9998,47,1
9999,63,1
