episode,steps,reward
0,20,0
1,42,0
2,40,0
3,15,0
4,86,0
5,62,0
6,38,0
7,52,0
8,14,0
9,28,0
10,6,0
11,9,0
12,97,0
13,29,0
14,35,0
15,21,0
16,38,0
17,33,0
18,18,0
19,67,0
20,7,0
21,18,0
22,15,0
23,19,0
24,36,0
25,20,0
26,26,0
27,10,0
28,7,0
29,14,0
30,35,0
31,34,0
32,20,0
33,67,0
34,53,0
35,28,0
36,51,0
37,11,0
38,14,0
39,10,0
40,71,0
41,32,0
42,29,0
43,15,0
44,28,0
45,43,0
46,19,0
47,33,0
48,16,0
49,29,0
50,16,0
51,40,0
52,40,0
53,16,0
54,26,0
55,78,0
56,61,0
57,37,0
58,15,0
59,20,0
60,13,0
61,49,0
62,27,0
63,22,0
64,48,0
65,10,0
66,38,0
67,51,0
68,39,0
69,15,0
70,14,0
71,9,0
72,29,0
73,21,0
74,73,0
75,13,0
76,27,0
77,6,0
78,36,0
79,14,0
80,42,0
81,40,0
82,14,0
83,9,0
84,13,0
85,22,0
86,48,0
87,19,0
88,24,0
89,24,0
90,26,0
91,24,0
92,44,0
93,120,0
94,32,0
95,18,0
96,51,0
97,5,0
98,25,0
99,40,0
100,20,0
101,47,0
102,33,0
103,12,0
104,12,0
105,42,0
106,28,0
107,20,0
108,36,0
109,19,0
110,86,0
111,18,0
112,48,0
113,37,0
114,92,0
115,31,0
116,27,0
117,92,0
118,62,0
119,22,0
120,14,0
121,29,0
122,35,0
123,34,0
124,51,0
125,48,0
126,56,0
127,12,0
128,62,0
129,15,0
130,18,0
131,18,0
132,23,0
133,64,0
134,81,0
135,53,0
136,72,0
137,14,0
138,33,0
139,8,0
140,24,0
141,30,0
142,12,0
143,13,0
144,45,0
145,24,0
146,12,0
147,24,0
148,53,0
149,79,0
150,16,0
151,38,0
152,17,0
153,9,0
154,15,0
155,26,0
156,31,0
157,17,0
158,158,0
159,26,0
160,17,0
161,58,0
162,57,0
163,30,0
164,20,0
165,42,0
166,15,0
167,39,0
168,20,0
169,20,0
170,15,0
171,76,0
172,73,0
173,21,0
174,39,0
175,37,0
176,8,0
177,14,0
178,73,0
179,25,0
180,46,0
181,139,0
182,22,0
183,18,0
184,55,0
185,21,0
186,38,0
187,14,0
188,9,0
189,38,0
190,54,0
191,18,0
192,91,0
193,12,0
194,28,0
195,17,0
196,15,0
197,30,0
198,14,0
199,29,0
200,75,0
201,9,0
202,143,0
203,21,0
204,6,0
205,22,0
206,41,0
207,11,0
208,29,0
209,25,0
210,45,0
211,16,0
212,27,0
213,7,0
214,9,0
215,26,0
216,29,0
217,34,0
218,17,0
219,24,0
220,26,0
221,10,0
222,11,0
223,41,0
224,43,0
225,75,0
226,24,0
227,16,0
228,30,0
229,37,0
230,20,0
231,54,0
232,49,0
233,34,0
234,30,0
235,46,0
236,31,0
237,25,0
238,10,0
239,27,0
240,18,0
241,16,0
242,47,0
243,35,0
244,41,0
245,23,0
246,11,0
247,35,0
248,28,0
249,111,0
250,9,0
251,11,0
252,11,0
253,11,0
254,27,0
255,109,0
256,10,0
257,11,0
258,20,0
259,33,0
260,17,0
261,13,0
262,52,0
263,43,0
264,66,0
265,18,0
266,48,0
267,31,0
268,50,0
269,15,0
270,51,0
271,45,0
272,45,0
273,33,0
274,73,0
275,8,0
276,19,0
277,29,0
278,10,0
279,16,0
280,63,0
281,13,0
282,92,0
283,44,0
284,51,0
285,25,0
286,18,0
287,33,0
288,19,0
289,13,0
290,50,0
291,48,0
292,74,0
293,34,0
294,12,0
295,35,0
296,26,0
297,44,0
298,40,0
299,15,0
300,15,0
301,52,0
302,8,0
303,21,0
304,10,0
305,37,0
306,27,0
307,24,0
308,120,0
309,15,0
310,23,0
311,20,0
312,10,0
313,29,0
314,11,0
315,7,0
316,24,0
317,44,0
318,22,0
319,15,0
320,17,0
321,59,0
322,14,0
323,57,0
324,32,0
325,25,0
326,11,0
327,26,0
328,36,0
329,26,0
330,27,0
331,18,0
332,31,0
333,22,0
334,21,0
335,23,0
336,15,0
337,64,0
338,29,0
339,18,0
340,25,0
341,13,0
342,42,0
343,8,0
344,55,0
345,19,0
346,8,0
347,27,0
348,15,0
349,91,0
350,23,0
351,20,0
352,33,0
353,29,0
354,64,0
355,13,0
356,11,0
357,36,0
358,27,0
359,31,0
360,38,0
361,25,0
362,17,0
363,59,0
364,17,0
365,8,0
366,19,0
367,14,0
368,21,0
369,16,0
370,78,0
371,42,0
372,15,0
373,46,0
374,10,0
375,9,0
376,30,0
377,48,0
378,73,0
379,23,0
380,32,0
381,36,0
382,13,0
383,27,0
384,67,0
385,29,0
386,13,0
387,38,0
388,31,0
389,57,0
390,40,0
391,55,0
392,14,0
393,53,0
394,28,0
395,9,0
396,12,0
397,8,0
398,36,0
399,25,0
400,19,0
401,23,0
402,9,0
403,31,0
404,84,0
405,24,0
406,52,0
407,17,0
408,13,0
409,54,0
410,14,0
411,18,0
412,40,0
413,28,0
414,12,0
415,9,0
416,21,0
417,32,0
418,75,0
419,29,0
420,12,0
421,42,0
422,15,0
423,64,0
424,33,0
425,15,0
426,39,0
427,12,0
428,27,0
429,45,0
430,11,0
431,17,0
432,9,0
433,29,0
434,29,0
435,51,0
436,27,0
437,14,0
438,22,0
439,9,0
440,20,0
441,111,0
442,34,0
443,36,0
444,58,0
445,24,0
446,17,0
447,10,0
448,72,0
449,21,0
450,13,0
451,41,0
452,31,0
453,32,0
454,42,0
455,36,0
456,11,0
457,8,0
458,75,0
459,23,0
460,31,0
461,7,0
462,9,0
463,33,0
464,26,0
465,39,0
466,32,0
467,7,0
468,16,0
469,48,0
470,10,0
471,30,0
472,58,0
473,12,0
474,39,0
475,5,0
476,13,0
477,5,0
478,18,0
479,36,0
480,34,0
481,45,0
482,51,0
483,35,0
484,17,0
485,12,0
486,30,0
487,40,0
488,25,0
489,14,0
490,39,0
491,42,0
492,6,0
493,78,0
494,19,0
495,51,0
496,24,0
497,31,0
498,11,0
499,94,0
500,11,0
501,51,0
502,47,0
503,19,0
504,14,0
505,50,0
506,24,0
507,18,0
508,13,0
509,22,0
510,62,0
511,53,1
512,63,0
513,43,0
514,97,1
515,35,0
516,71,1
517,72,1
518,17,0
519,60,1
520,45,1
521,20,0
522,48,1
523,49,0
524,44,1
525,43,0
526,89,0
527,36,1
528,32,0
529,104,1
530,68,1
531,71,0
532,88,0
533,28,0
534,60,0
535,44,0
536,149,1
537,22,0
538,40,0
539,34,0
540,181,1
541,84,1
542,92,1
543,39,1
544,34,0
545,31,1
546,95,0
547,44,1
548,60,1
549,48,1
550,152,1
551,200,0
552,62,1
553,125,1
554,43,1
555,35,0
556,65,1
557,46,0
558,48,1
559,19,0
560,128,1
561,27,0
562,50,1
563,19,0
564,173,1
565,54,0
566,107,1
567,43,0
568,36,1
569,119,0
570,65,1
571,65,1
572,37,1
573,40,1
574,86,0
575,145,1
576,112,0
577,103,1
578,182,1
579,72,0
580,12,0
581,114,0
582,109,0
583,146,1
584,59,1
585,87,0
586,183,0
587,144,1
588,66,1
589,75,1
590,23,0
591,66,1
592,137,1
593,56,1
594,65,1
595,71,1
596,115,1
597,161,1
598,122,1
599,42,1
600,47,1
601,27,0
602,72,1
603,42,1
604,58,0
605,76,1
606,27,0
607,70,0
608,49,0
609,25,1
610,51,1
611,32,1
612,50,0
613,65,1
614,125,0
615,33,0
616,43,1
617,54,0
618,9,0
619,27,0
620,45,1
621,24,0
622,14,0
623,122,1
624,30,0
625,98,0
626,121,1
627,118,0
628,23,1
629,68,1
630,23,0
631,22,0
632,33,1
633,49,1
634,41,1
635,153,0
636,62,1
637,67,1
638,103,1
639,24,1
640,200,0
641,61,1
642,39,1
643,70,1
644,79,1
645,92,1
646,26,1
647,32,0
648,38,1
649,109,1
650,23,0
651,200,0
652,41,0
653,119,1
654,101,1
655,117,1
656,129,1
657,116,1
658,66,1
659,76,1
660,82,1
661,95,1
662,90,1
663,39,1
664,71,1
665,119,1
666,27,0
667,94,1
668,64,1
669,94,1
670,151,1
671,90,1
672,47,1
673,59,0
674,185,1
675,69,1
676,24,1
677,29,1
678,175,1
679,89,1
680,141,0
681,40,0
682,27,1
683,58,1
684,17,0
685,27,1
686,59,1
687,46,1
688,79,1
689,59,1
690,36,0
691,40,1
692,82,1
693,43,0
694,106,1
695,53,1
696,54,1
697,49,1
698,52,0
699,84,1
700,40,1
701,69,1
702,122,1
703,127,1
704,53,1
705,39,1
706,60,1
707,68,1
708,72,1
709,36,1
710,101,1
711,35,0
712,117,1
713,65,1
714,41,1
715,72,1
716,42,1
717,129,1
718,111,1
719,45,1
720,78,1
721,48,0
722,67,1
723,70,1
724,27,1
725,65,0
726,66,1
727,139,1
728,27,0
729,98,1
730,72,1
731,178,1
732,42,1
733,65,1
734,57,0
735,93,1
736,42,1
737,56,1
738,35,1
739,48,0
740,60,1
741,27,1
742,43,0
743,179,1
744,88,1
745,19,0
746,125,1
747,97,1
748,21,1
749,78,1
750,50,1
751,88,0
752,107,1
753,116,1
754,89,1
755,72,1
756,186,1
757,71,1
758,155,1
759,120,1
760,195,1
761,200,0
762,87,1
763,76,0
764,137,1
765,177,1
766,65,0
767,47,1
768,72,1
769,51,1
770,37,1
771,134,1
772,101,1
773,52,1
774,54,1
775,63,1
776,108,1
777,68,1
778,68,1
779,72,1
780,48,1
781,200,0
782,67,0
783,60,1
784,132,1
785,71,1
786,89,1
787,119,1
788,64,0
789,65,1
790,85,1
791,195,1
792,93,1
793,19,0
794,68,1
795,35,1
796,174,1
797,72,1
798,96,0
799,25,1
800,62,1
801,195,1
802,40,0
803,41,1
804,94,1
805,45,1
806,84,1
807,62,1
808,123,1
809,130,1
810,101,1
811,51,0
812,45,0
813,186,1
814,74,1
815,95,1
816,58,1
817,59,1
818,74,0
819,55,1
820,82,1
821,104,1
822,133,1
823,63,1
824,73,0
825,85,1
826,49,1
827,141,1
828,89,1
829,49,1
830,125,1
831,61,1
832,34,1
833,124,1
834,57,1
835,49,0
836,78,0
837,127,1
838,62,0
839,61,1
840,40,0
841,54,1
842,148,1
843,74,0
844,87,1
845,41,1
846,86,1
847,74,1
848,59,1
849,200,0
850,34,1
851,50,1
852,51,0
853,51,1
854,60,1
855,36,1
856,84,1
857,55,1
858,200,0
859,40,1
860,109,1
861,59,1
862,61,1
863,92,0
864,111,1
865,97,1
866,36,1
867,91,1
868,53,0
869,94,1
870,11,0
871,113,1
872,109,0
873,79,0
874,50,0
875,53,1
876,112,1
877,26,0
878,77,1
879,49,1
880,110,1
881,172,0
882,33,1
883,89,1
884,54,1
885,33,0
886,82,1
887,200,0
888,120,1
889,129,1
890,200,0
891,70,1
892,45,1
893,100,1
894,142,1
895,42,1
896,30,0
897,121,1
898,80,1
899,66,1
900,171,1
901,101,1
902,29,0
903,146,1
904,71,1
905,21,1
906,55,1
907,145,1
908,67,0
909,70,1
910,61,1
911,162,1
912,120,0
913,77,1
914,75,0
915,122,1
916,127,1
917,93,1
918,81,1
919,52,1
920,115,1
921,52,0
922,54,1
923,95,1
924,109,1
925,161,1
926,169,1
927,32,1
928,140,1
929,124,0
930,54,1
931,62,1
932,19,0
933,74,1
934,62,0
935,43,1
936,10,0
937,57,1
938,58,1
939,54,1
940,72,1
941,60,1
942,75,0
943,73,1
944,200,0
945,49,1
946,67,0
947,25,0
948,157,1
949,91,1
950,110,1
951,39,0
952,119,1
953,45,1
954,55,1
955,39,1
956,61,1
957,200,0
958,44,1
959,26,1
960,70,0
961,187,1
962,106,1
963,100,1
964,85,1
965,46,1
966,60,0
967,33,0
968,121,1
969,63,1
970,54,1
971,67,1
972,64,1
973,200,0
974,79,1
975,35,1
976,78,1
977,88,1
978,28,0
979,86,1
980,66,1
981,44,0
982,45,1
983,80,1
984,48,1
985,157,1
986,112,1
987,33,1
988,157,1
989,19,0
990,59,1
991,56,1
992,40,0
993,195,1
994,200,0
995,59,1
996,67,1
997,120,1
998,82,1
999,49,1
1000,46,1
1001,87,1
1002,100,1
1003,28,1
1004,109,1
1005,60,1
1006,124,1
1007,127,1
1008,69,1
1009,46,1
1010,21,0
1011,76,1
1012,68,1
1013,39,1
1014,66,1
1015,105,1
1016,133,1
1017,81,1
1018,30,0
1019,106,1
1020,61,0
1021,26,0
1022,85,1
1023,122,1
1024,51,1
1025,45,1
1026,65,1
1027,35,1
1028,43,1
1029,82,1
1030,38,1
1031,25,1
1032,37,1
1033,48,1
1034,96,1
1035,45,1
1036,117,0
1037,75,0
1038,89,1
1039,46,1
1040,35,0
1041,68,1
1042,79,1
1043,74,1
1044,102,1
1045,145,1
1046,64,1
1047,48,0
1048,195,1
1049,39,0
1050,36,0
1051,58,1
1052,33,0
1053,58,1
1054,137,1
1055,74,1
1056,63,1
1057,25,1
1058,127,1
1059,99,1
1060,44,1
1061,46,1
1062,88,1
1063,79,1
1064,24,0
1065,49,1
1066,179,1
1067,87,1
1068,68,0
1069,62,1
1070,139,1
1071,38,1
1072,52,1
1073,50,1
1074,99,1
1075,22,0
1076,65,1
1077,92,1
1078,87,1
1079,83,1
1080,108,1
1081,31,1
1082,59,1
1083,149,1
1084,99,1
1085,54,1
1086,74,1
1087,51,1
1088,131,0
1089,52,1
1090,55,1
1091,89,0
1092,61,0
1093,200,0
1094,45,1
1095,64,0
1096,59,1
1097,76,0
1098,88,1
1099,139,1
1100,86,1
1101,161,1
1102,118,1
1103,50,1
1104,69,1
1105,94,1
1106,148,1
1107,91,1
1108,90,1
1109,44,1
1110,118,1
1111,80,1
1112,29,0
1113,70,0
1114,85,1
1115,96,1
1116,48,1
1117,69,1
1118,106,1
1119,34,1
1120,171,1
1121,123,1
1122,59,1
1123,50,1
1124,50,1
1125,23,0
1126,98,1
1127,68,0
1128,28,1
1129,78,1
1130,103,1
1131,129,1
1132,69,1
1133,40,1
1134,174,1
1135,67,1
1136,108,1
1137,48,0
1138,155,1
1139,24,0
1140,54,1
1141,150,1
1142,113,1
1143,59,1
1144,40,1
1145,71,1
1146,81,1
1147,55,1
1148,76,1
1149,136,1
1150,63,1
1151,104,1
1152,31,1
1153,33,0
1154,58,0
1155,73,1
1156,104,1
1157,93,1
1158,35,1
1159,48,1
1160,21,1
1161,135,1
1162,87,1
1163,47,0
1164,42,1
1165,96,1
1166,103,0
1167,64,1
1168,48,1
1169,15,0
1170,40,1
1171,117,1
1172,35,1
1173,100,0
1174,51,1
1175,35,1
1176,96,1
1177,71,1
1178,85,1
1179,16,1
1180,23,0
1181,61,1
1182,15,0
1183,46,1
1184,44,1
1185,71,1
1186,172,1
1187,68,1
1188,57,0
1189,65,0
1190,143,1
1191,199,1
1192,100,1
1193,68,1
1194,53,1
1195,64,1
1196,72,1
1197,59,1
1198,88,1
1199,18,0
1200,36,1
1201,155,1
1202,89,1
1203,117,1
1204,106,1
1205,45,1
1206,79,1
1207,136,1
1208,157,1
1209,39,1
1210,177,1
1211,87,1
1212,155,1
1213,183,1
1214,67,1
1215,104,1
1216,27,1
1217,37,1
1218,44,0
1219,49,1
1220,84,1
1221,65,1
1222,51,1
1223,21,1
1224,92,1
1225,200,0
1226,124,1
1227,110,1
1228,29,1
1229,162,0
1230,63,1
1231,45,1
1232,99,1
1233,63,0
1234,56,1
1235,37,1
1236,131,1
1237,105,1
1238,149,1
1239,88,1
1240,153,1
1241,25,1
1242,92,1
1243,52,0
1244,57,1
1245,63,1
1246,38,0
1247,46,1
1248,128,1
1249,126,1
1250,69,1
1251,107,1
1252,99,1
1253,165,0
1254,25,0
1255,101,1
1256,24,0
1257,200,0
1258,102,1
1259,90,1
1260,60,1
1261,57,1
1262,41,1
1263,66,1
1264,92,1
1265,59,0
1266,107,1
1267,63,1
1268,78,1
1269,187,1
1270,200,0
1271,123,0
1272,91,0
1273,52,1
1274,33,1
1275,107,1
1276,44,1
1277,36,1
1278,75,1
1279,36,1
1280,97,1
1281,43,1
1282,42,1
1283,33,1
1284,38,1
1285,58,1
1286,59,1
1287,166,1
1288,105,1
1289,71,0
1290,148,1
1291,54,1
1292,44,1
1293,21,0
1294,87,1
1295,58,1
1296,58,1
1297,100,1
1298,92,1
1299,113,1
1300,66,1
1301,30,0
1302,35,1
1303,75,1
1304,116,1
1305,71,1
1306,200,0
1307,46,0
1308,80,0
1309,64,0
1310,28,0
1311,106,1
1312,151,1
1313,66,1
1314,49,1
1315,153,1
1316,70,1
1317,63,1
1318,140,1
1319,50,1
1320,94,1
1321,35,0
1322,101,1
1323,106,1
1324,82,1
1325,70,1
1326,52,1
1327,36,1
1328,42,1
1329,59,1
1330,51,1
1331,124,1
1332,21,0
1333,38,0
1334,50,1
1335,157,1
1336,200,0
1337,100,1
1338,98,1
1339,42,1
1340,80,1
1341,171,1
1342,63,1
1343,48,1
1344,66,1
1345,119,1
1346,156,1
1347,28,1
1348,151,1
1349,167,1
1350,57,1
1351,55,1
1352,88,1
1353,195,1
1354,200,0
1355,76,1
1356,59,1
1357,71,1
1358,147,1
1359,79,1
1360,55,1
1361,33,1
1362,23,0
1363,50,1
1364,83,1
1365,106,1
1366,68,1
1367,57,1
1368,54,1
1369,53,1
1370,61,1
1371,63,0
1372,114,1
1373,60,1
1374,113,1
1375,41,0
1376,58,1
1377,82,1
1378,44,1
1379,65,1
1380,43,0
1381,138,1
1382,34,0
1383,60,1
1384,51,1
1385,50,1
1386,63,1
1387,54,0
1388,61,0
1389,100,1
1390,105,1
1391,55,1
1392,116,0
1393,54,0
1394,51,0
1395,24,0
1396,22,0
1397,32,1
1398,14,0
1399,95,1
1400,46,1
1401,34,0
1402,68,1
1403,41,1
1404,39,0
1405,34,0
1406,122,1
1407,85,0
1408,68,1
1409,23,1
1410,200,0
1411,47,0
1412,35,1
1413,115,1
1414,69,0
1415,122,0
1416,127,1
1417,113,0
1418,175,1
1419,40,1
1420,81,1
1421,21,0
1422,94,0
1423,125,1
1424,75,1
1425,53,1
1426,84,1
1427,200,0
1428,54,1
1429,125,0
1430,38,1
1431,74,1
1432,75,1
1433,110,1
1434,91,1
1435,72,0
1436,194,1
1437,49,1
1438,95,1
1439,78,0
1440,80,1
1441,40,1
1442,66,1
1443,62,1
1444,39,1
1445,16,0
1446,39,0
1447,93,0
1448,44,1
1449,46,1
1450,67,1
1451,132,1
1452,49,1
1453,58,0
1454,52,1
1455,40,0
1456,62,1
1457,26,0
1458,95,1
1459,63,1
1460,124,1
1461,78,1
1462,61,1
1463,102,1
1464,29,1
1465,193,1
1466,49,1
1467,72,1
1468,147,0
1469,58,1
1470,20,0
1471,30,1
1472,76,0
1473,18,0
1474,65,1
1475,44,1
1476,99,1
1477,113,1
1478,175,1
1479,47,1
1480,93,1
1481,176,1
1482,100,1
1483,36,1
1484,159,1
1485,28,1
1486,34,1
1487,102,1
1488,70,1
1489,60,1
1490,53,1
1491,49,1
1492,46,1
1493,73,1
1494,82,1
1495,68,1
1496,133,1
1497,41,1
1498,49,1
1499,50,1
1500,23,1
1501,45,1
1502,121,1
1503,46,1
1504,114,1
1505,130,1
1506,46,1
1507,55,1
1508,91,1
1509,133,1
1510,76,1
1511,53,1
1512,64,1
1513,53,1
1514,40,1
1515,130,1
1516,22,1
1517,57,1
1518,103,1
1519,98,1
1520,152,1
1521,67,1
1522,73,1
1523,97,1
1524,48,1
1525,47,1
1526,76,1
1527,123,1
1528,39,0
1529,74,1
1530,151,1
1531,76,1
1532,65,1
1533,147,1
1534,96,1
1535,185,1
1536,69,1
1537,38,1
1538,98,1
1539,173,1
1540,200,0
1541,77,1
1542,39,1
1543,118,1
1544,74,1
1545,34,1
1546,22,0
1547,42,1
1548,70,0
1549,98,1
1550,56,1
1551,28,0
1552,21,0
1553,177,0
1554,64,1
1555,15,0
1556,171,1
1557,75,1
1558,92,0
1559,114,0
1560,99,1
1561,151,1
1562,66,1
1563,86,1
1564,49,1
1565,57,1
1566,98,0
1567,26,1
1568,60,1
1569,77,1
1570,57,1
1571,98,1
1572,59,1
1573,50,0
1574,48,1
1575,35,1
1576,80,1
1577,65,1
1578,64,1
1579,136,1
1580,46,1
1581,54,0
1582,34,1
1583,42,0
1584,72,1
1585,96,1
1586,44,1
1587,86,1
1588,111,1
1589,43,1
1590,101,0
1591,43,1
1592,71,1
1593,35,1
1594,61,1
1595,32,0
1596,47,1
1597,153,1
1598,59,0
1599,87,1
1600,96,1
1601,47,1
1602,146,1
1603,31,1
1604,65,1
1605,56,1
1606,46,0
1607,67,0
1608,49,1
1609,68,1
1610,25,1
1611,41,1
1612,29,0
1613,108,1
1614,131,1
1615,70,1
1616,22,1
1617,60,1
1618,61,1
1619,75,1
1620,72,1
1621,73,1
1622,200,0
1623,35,1
1624,84,1
1625,105,1
1626,79,0
1627,56,1
1628,72,1
1629,129,1
1630,48,1
1631,46,1
1632,72,1
1633,40,1
1634,50,1
1635,52,1
1636,87,0
1637,55,1
1638,200,0
1639,108,1
1640,200,0
1641,38,1
1642,51,1
1643,88,1
1644,40,1
1645,45,1
1646,44,1
1647,63,1
1648,109,1
1649,25,1
1650,200,0
1651,42,1
1652,104,1
1653,123,1
1654,115,0
1655,25,1
1656,200,0
1657,189,1
1658,55,0
1659,125,1
1660,91,1
1661,62,1
1662,34,0
1663,34,1
1664,63,1
1665,25,1
1666,95,1
1667,87,1
1668,172,1
1669,73,1
1670,21,1
1671,98,1
1672,57,1
1673,80,1
1674,19,1
1675,76,0
1676,41,1
1677,147,1
1678,99,1
1679,123,1
1680,96,1
1681,165,1
1682,44,1
1683,97,1
1684,48,0
1685,37,0
1686,200,0
1687,68,1
1688,34,0
1689,135,1
1690,90,1
1691,124,1
1692,110,1
1693,104,1
1694,71,1
1695,39,1
1696,37,1
1697,33,0
1698,62,1
1699,35,1
1700,36,1
1701,114,1
1702,62,1
1703,35,1
1704,39,1
1705,77,1
1706,200,0
1707,63,1
1708,67,1
1709,58,1
1710,19,0
1711,151,1
1712,26,1
1713,115,1
1714,84,1
1715,42,1
1716,104,1
1717,140,1
1718,121,1
1719,31,0
1720,45,1
1721,38,1
1722,90,1
1723,141,1
1724,99,1
1725,72,1
1726,64,1
1727,58,1
1728,98,1
1729,93,1
1730,105,1
1731,56,0
1732,90,1
1733,28,0
1734,32,1
1735,81,1
1736,77,1
1737,74,0
1738,64,1
1739,44,1
1740,86,1
1741,56,0
1742,48,0
1743,83,1
1744,63,1
1745,51,1
1746,22,1
1747,74,0
1748,57,1
1749,97,1
1750,26,0
1751,119,1
1752,71,1
1753,23,1
1754,57,0
1755,81,1
1756,160,1
1757,181,1
1758,37,0
1759,49,1
1760,138,1
1761,63,1
1762,77,1
1763,54,1
1764,105,1
1765,165,1
1766,95,1
1767,61,1
1768,161,1
1769,72,1
1770,37,0
1771,84,1
1772,49,1
1773,95,0
1774,92,1
1775,67,1
1776,60,1
1777,140,1
1778,28,0
1779,48,1
1780,68,1
1781,64,1
1782,173,1
1783,156,1
1784,78,1
1785,58,1
1786,101,1
1787,53,1
1788,55,1
1789,42,1
1790,81,0
1791,18,0
1792,42,0
1793,128,1
1794,90,0
1795,51,1
1796,40,1
1797,173,1
1798,28,0
1799,23,1
1800,62,1
1801,96,1
1802,111,0
1803,76,1
1804,81,1
1805,81,1
1806,173,1
1807,140,0
1808,98,1
1809,28,0
1810,46,1
1811,90,1
1812,117,1
1813,40,1
1814,32,1
1815,77,1
1816,54,1
1817,11,0
1818,55,1
1819,109,1
1820,119,1
1821,140,1
1822,68,1
1823,169,1
1824,36,1
1825,77,1
1826,92,1
1827,88,0
1828,40,0
1829,35,1
1830,40,1
1831,200,0
1832,140,1
1833,127,1
1834,43,0
1835,148,1
1836,42,0
1837,200,0
1838,88,1
1839,33,1
1840,39,1
1841,142,1
1842,38,1
1843,200,0
1844,53,1
1845,200,1
1846,34,0
1847,36,1
1848,135,1
1849,105,1
1850,97,1
1851,51,0
1852,48,1
1853,106,1
1854,87,1
1855,134,1
1856,26,1
1857,136,1
1858,67,0
1859,59,1
1860,42,1
1861,114,1
1862,52,0
1863,158,1
1864,190,1
1865,63,1
1866,200,0
1867,67,1
1868,99,1
1869,44,0
1870,76,1
1871,114,1
1872,169,1
1873,41,1
1874,31,1
1875,63,1
1876,106,1
1877,63,1
1878,29,1
1879,17,0
1880,21,0
1881,45,1
1882,29,1
1883,182,1
1884,79,1
1885,77,1
1886,72,1
1887,27,0
1888,86,1
1889,141,1
1890,60,1
1891,67,1
1892,44,1
1893,20,0
1894,93,1
1895,51,0
1896,43,1
1897,35,1
1898,200,0
1899,28,0
1900,24,0
1901,86,1
1902,40,0
1903,46,1
1904,63,1
1905,99,1
1906,43,1
1907,154,1
1908,146,1
1909,69,1
1910,107,1
1911,39,0
1912,31,1
1913,91,0
1914,94,1
1915,63,1
1916,74,1
1917,167,1
1918,127,0
1919,137,1
1920,26,1
1921,81,1
1922,54,1
1923,200,0
1924,73,1
1925,101,1
1926,83,1
1927,124,1
1928,101,1
1929,21,0
1930,100,1
1931,49,1
1932,28,1
1933,128,1
1934,194,1
1935,96,1
1936,83,1
1937,52,0
1938,68,1
1939,83,0
1940,91,1
1941,200,0
1942,110,1
1943,49,0
1944,82,1
1945,101,0
1946,66,1
1947,54,1
1948,115,1
1949,66,1
1950,82,1
1951,66,1
1952,131,1
1953,63,1
1954,37,1
1955,147,1
1956,80,1
1957,150,1
1958,17,0
1959,153,0
1960,37,0
1961,52,1
1962,30,1
1963,36,1
1964,165,1
1965,63,1
1966,76,1
1967,28,1
1968,56,1
1969,139,1
1970,99,1
1971,114,1
1972,104,1
1973,78,1
1974,99,1
1975,56,1
1976,80,0
1977,116,1
1978,83,0
1979,63,1
1980,44,1
1981,70,1
1982,141,1
1983,45,1
1984,23,0
1985,52,1
1986,67,0
1987,95,1
1988,117,0
1989,100,1
1990,65,0
1991,109,1
1992,41,1
1993,187,1
1994,106,0
1995,96,1
1996,16,0
1997,40,1
1998,63,1
1999,102,1
2000,104,1
2001,53,1
2002,34,1
2003,76,1
2004,164,1
2005,40,0
2006,25,1
2007,119,1
2008,75,1
2009,92,1
2010,200,0
2011,68,1
2012,82,1
2013,123,1
2014,153,1
2015,28,0
2016,84,1
2017,34,1
2018,69,1
2019,67,1
2020,24,0
2021,64,1
2022,24,0
2023,75,1
2024,30,1
2025,189,1
2026,151,1
2027,200,0
2028,45,1
2029,43,1
2030,69,1
2031,48,1
2032,34,1
2033,43,1
2034,36,1
2035,58,1
2036,113,1
2037,29,1
2038,123,1
2039,47,0
2040,36,0
2041,39,1
2042,124,1
2043,104,1
2044,176,0
2045,47,0
2046,101,1
2047,92,1
2048,46,0
2049,29,0
2050,95,1
2051,81,1
2052,76,1
2053,200,0
2054,19,0
2055,132,1
2056,28,1
2057,74,0
2058,48,1
2059,59,1
2060,57,1
2061,49,1
2062,34,0
2063,101,1
2064,68,0
2065,71,1
2066,152,1
2067,29,1
2068,25,1
2069,75,1
2070,34,1
2071,138,1
2072,176,1
2073,70,1
2074,50,1
2075,54,1
2076,55,1
2077,77,1
2078,79,1
2079,90,1
2080,71,1
2081,73,1
2082,64,1
2083,50,1
2084,76,1
2085,57,1
2086,76,1
2087,23,1
2088,64,1
2089,38,1
2090,29,0
2091,52,1
2092,200,0
2093,23,1
2094,74,1
2095,43,1
2096,84,1
2097,104,1
2098,125,1
2099,200,0
2100,62,1
2101,74,0
2102,60,1
2103,87,1
2104,59,1
2105,200,0
2106,25,1
2107,43,1
2108,152,1
2109,90,1
2110,39,1
2111,36,0
2112,124,1
2113,57,1
2114,48,1
2115,65,1
2116,53,0
2117,57,1
2118,79,1
2119,37,1
2120,51,1
2121,57,1
2122,135,1
2123,94,1
2124,50,0
2125,72,1
2126,53,1
2127,168,1
2128,58,1
2129,126,1
2130,50,1
2131,108,0
2132,90,1
2133,71,0
2134,117,1
2135,161,1
2136,151,1
2137,100,1
2138,103,1
2139,33,1
2140,157,1
2141,70,1
2142,38,1
2143,89,1
2144,45,1
2145,53,1
2146,102,1
2147,50,1
2148,53,1
2149,24,0
2150,168,1
2151,38,0
2152,87,1
2153,104,1
2154,47,0
2155,152,0
2156,23,0
2157,74,1
2158,53,1
2159,187,0
2160,34,0
2161,125,0
2162,32,0
2163,33,0
2164,24,0
2165,49,1
2166,89,1
2167,131,1
2168,38,1
2169,51,1
2170,77,1
2171,29,1
2172,43,1
2173,54,0
2174,63,1
2175,129,1
2176,57,1
2177,80,1
2178,23,1
2179,28,1
2180,105,1
2181,85,0
2182,86,1
2183,94,1
2184,34,0
2185,95,1
2186,46,1
2187,81,1
2188,89,1
2189,155,1
2190,56,1
2191,72,1
2192,38,1
2193,36,1
2194,52,1
2195,21,0
2196,57,1
2197,46,1
2198,56,1
2199,105,1
2200,49,0
2201,85,1
2202,91,1
2203,37,1
2204,63,1
2205,87,0
2206,89,0
2207,27,0
2208,119,1
2209,45,1
2210,22,0
2211,68,1
2212,34,1
2213,141,0
2214,101,1
2215,49,1
2216,58,0
2217,43,1
2218,39,1
2219,72,1
2220,68,1
2221,83,1
2222,53,1
2223,46,0
2224,46,1
2225,65,1
2226,55,1
2227,30,1
2228,65,1
2229,57,1
2230,32,0
2231,58,0
2232,21,0
2233,48,0
2234,36,1
2235,103,1
2236,93,0
2237,67,1
2238,49,1
2239,64,1
2240,85,1
2241,20,1
2242,62,1
2243,161,1
2244,58,1
2245,29,0
2246,92,1
2247,68,1
2248,43,1
2249,64,1
2250,44,1
2251,124,1
2252,62,1
2253,62,1
2254,45,1
2255,67,1
2256,66,1
2257,111,1
2258,182,1
2259,58,0
2260,98,0
2261,112,1
2262,85,1
2263,70,1
2264,35,1
2265,39,0
2266,35,1
2267,35,1
2268,116,1
2269,53,0
2270,70,1
2271,40,1
2272,86,1
2273,43,0
2274,106,1
2275,98,1
2276,39,0
2277,70,1
2278,61,1
2279,48,1
2280,21,0
2281,49,1
2282,140,1
2283,48,1
2284,27,0
2285,142,1
2286,120,0
2287,133,0
2288,54,0
2289,46,1
2290,37,0
2291,67,1
2292,115,1
2293,36,0
2294,47,1
2295,49,1
2296,61,1
2297,43,0
2298,106,1
2299,23,1
2300,125,0
2301,57,1
2302,149,1
2303,57,1
2304,111,1
2305,75,1
2306,57,0
2307,200,0
2308,50,1
2309,29,1
2310,53,1
2311,56,1
2312,77,1
2313,76,1
2314,32,1
2315,39,0
2316,72,1
2317,107,1
2318,186,1
2319,49,0
2320,25,1
2321,110,1
2322,46,0
2323,85,1
2324,105,1
2325,54,1
2326,193,1
2327,64,0
2328,75,1
2329,36,0
2330,95,1
2331,37,0
2332,28,1
2333,46,1
2334,148,1
2335,43,1
2336,59,0
2337,49,1
2338,79,1
2339,78,1
2340,103,1
2341,113,1
2342,46,1
2343,41,1
2344,88,1
2345,80,1
2346,93,0
2347,31,1
2348,120,1
2349,39,0
2350,87,1
2351,81,0
2352,13,0
2353,189,1
2354,36,1
2355,115,1
2356,70,1
2357,168,1
2358,58,0
2359,58,1
2360,39,1
2361,98,0
2362,43,1
2363,70,1
2364,81,1
2365,92,1
2366,108,1
2367,200,0
2368,105,1
2369,75,0
2370,13,0
2371,66,1
2372,31,1
2373,68,1
2374,55,1
2375,200,0
2376,61,1
2377,49,1
2378,76,0
2379,34,0
2380,59,1
2381,128,0
2382,53,1
2383,82,1
2384,49,0
2385,28,0
2386,24,0
2387,71,1
2388,26,0
2389,29,1
2390,60,1
2391,37,1
2392,48,1
2393,82,1
2394,69,0
2395,53,1
2396,49,1
2397,82,0
2398,48,1
2399,79,1
2400,66,1
2401,39,1
2402,59,0
2403,78,1
2404,47,1
2405,44,1
2406,46,0
2407,53,1
2408,42,1
2409,52,1
2410,24,0
2411,144,1
2412,49,1
2413,90,1
2414,41,1
2415,113,1
2416,43,1
2417,114,1
2418,70,0
2419,61,1
2420,84,1
2421,22,1
2422,38,1
2423,152,1
2424,67,1
2425,63,1
2426,136,0
2427,47,1
2428,37,1
2429,117,1
2430,53,0
2431,156,1
2432,52,1
2433,41,1
2434,65,0
2435,88,1
2436,47,1
2437,50,1
2438,69,1
2439,40,0
2440,52,1
2441,44,1
2442,40,0
2443,30,1
2444,126,1
2445,50,1
2446,114,1
2447,21,0
2448,131,0
2449,75,1
2450,98,1
2451,49,0
2452,29,0
2453,31,0
2454,43,0
2455,81,0
2456,94,1
2457,88,1
2458,57,1
2459,31,0
2460,38,0
2461,43,0
2462,20,1
2463,74,1
2464,91,1
2465,22,0
2466,54,0
2467,75,0
2468,58,1
2469,27,0
2470,57,1
2471,62,0
2472,200,0
2473,36,1
2474,90,1
2475,42,1
2476,29,1
2477,151,1
2478,102,0
2479,48,0
2480,147,1
2481,25,0
2482,95,1
2483,114,1
2484,148,1
2485,50,1
2486,93,1
2487,200,0
2488,106,1
2489,98,1
2490,50,1
2491,39,1
2492,62,1
2493,60,1
2494,100,1
2495,46,1
2496,69,1
2497,64,0
2498,27,0
2499,30,0
2500,51,1
2501,116,1
2502,37,1
2503,23,1
2504,23,1
2505,69,1
2506,96,1
2507,45,0
2508,124,1
2509,74,1
2510,40,1
2511,105,1
2512,86,1
2513,42,0
2514,52,1
2515,64,1
2516,70,1
2517,73,1
2518,30,1
2519,63,1
2520,32,0
2521,15,0
2522,40,1
2523,99,1
2524,43,1
2525,82,1
2526,68,1
2527,24,0
2528,180,1
2529,45,0
2530,33,0
2531,122,0
2532,45,0
2533,71,1
2534,59,1
2535,76,1
2536,112,1
2537,30,0
2538,112,0
2539,113,0
2540,70,0
2541,72,1
2542,28,1
2543,67,1
2544,77,1
2545,39,0
2546,91,1
2547,55,1
2548,118,1
2549,64,1
2550,67,1
2551,62,1
2552,78,1
2553,109,0
2554,85,1
2555,47,1
2556,39,1
2557,48,1
2558,19,0
2559,38,1
2560,39,1
2561,139,1
2562,15,0
2563,63,0
2564,64,1
2565,43,1
2566,24,0
2567,101,1
2568,48,1
2569,31,0
2570,51,1
2571,49,0
2572,53,1
2573,32,1
2574,101,1
2575,97,1
2576,200,0
2577,117,1
2578,35,1
2579,43,0
2580,200,0
2581,40,1
2582,85,1
2583,31,0
2584,173,1
2585,74,0
2586,27,1
2587,28,1
2588,64,0
2589,43,0
2590,52,1
2591,64,0
2592,52,1
2593,49,0
2594,37,0
2595,66,0
2596,63,0
2597,9,0
2598,29,1
2599,54,1
2600,22,0
2601,113,1
2602,42,0
2603,34,1
2604,79,1
2605,40,0
2606,60,1
2607,91,1
2608,56,1
2609,150,0
2610,111,1
2611,27,1
2612,76,1
2613,61,1
2614,66,0
2615,81,1
2616,51,0
2617,120,0
2618,191,1
2619,44,1
2620,34,1
2621,22,1
2622,65,1
2623,124,1
2624,54,1
2625,89,1
2626,55,0
2627,80,1
2628,170,1
2629,61,1
2630,66,0
2631,67,1
2632,28,1
2633,46,0
2634,108,0
2635,46,1
2636,35,0
2637,99,1
2638,88,1
2639,33,1
2640,21,0
2641,69,1
2642,41,0
2643,65,1
2644,32,1
2645,99,1
2646,55,1
2647,39,1
2648,43,1
2649,51,1
2650,51,0
2651,116,1
2652,80,1
2653,53,1
2654,88,1
2655,42,0
2656,127,0
2657,116,1
2658,64,1
2659,20,0
2660,36,0
2661,78,0
2662,74,1
2663,64,1
2664,112,1
2665,59,1
2666,79,1
2667,79,1
2668,54,0
2669,63,1
2670,95,1
2671,105,1
2672,35,0
2673,103,1
2674,74,1
2675,58,1
2676,137,0
2677,34,1
2678,104,1
2679,89,1
2680,144,0
2681,60,1
2682,63,1
2683,24,0
2684,47,0
2685,85,1
2686,75,1
2687,41,1
2688,43,1
2689,136,1
2690,31,1
2691,59,1
2692,20,0
2693,46,0
2694,66,1
2695,43,1
2696,87,1
2697,53,1
2698,33,1
2699,53,1
2700,41,0
2701,42,1
2702,31,1
2703,78,1
2704,49,1
2705,141,0
2706,30,0
2707,110,0
2708,25,1
2709,51,1
2710,53,1
2711,37,1
2712,62,1
2713,60,0
2714,39,1
2715,44,1
2716,53,1
2717,54,1
2718,67,0
2719,59,1
2720,65,0
2721,38,1
2722,41,0
2723,104,1
2724,108,0
2725,101,1
2726,38,0
2727,70,1
2728,97,1
2729,38,0
2730,48,1
2731,68,1
2732,64,1
2733,34,0
2734,42,0
2735,44,1
2736,96,0
2737,54,1
2738,119,1
2739,100,1
2740,119,1
2741,106,1
2742,106,1
2743,51,1
2744,40,1
2745,24,1
2746,16,0
2747,41,1
2748,63,1
2749,49,0
2750,197,1
2751,25,1
2752,166,1
2753,43,0
2754,191,1
2755,111,1
2756,48,0
2757,71,1
2758,24,1
2759,72,0
2760,63,1
2761,110,0
2762,101,0
2763,130,1
2764,32,1
2765,65,1
2766,49,0
2767,68,1
2768,82,1
2769,33,0
2770,94,1
2771,56,1
2772,138,0
2773,52,1
2774,76,1
2775,62,1
2776,95,1
2777,107,1
2778,20,1
2779,198,0
2780,75,0
2781,100,1
2782,57,1
2783,73,0
2784,123,1
2785,56,1
2786,77,1
2787,145,0
2788,124,1
2789,33,0
2790,43,0
2791,85,1
2792,104,1
2793,115,1
2794,106,1
2795,200,0
2796,104,1
2797,30,1
2798,66,1
2799,43,0
2800,59,1
2801,84,1
2802,43,1
2803,91,1
2804,68,1
2805,62,1
2806,35,1
2807,47,1
2808,38,0
2809,90,1
2810,60,1
2811,110,0
2812,180,1
2813,72,1
2814,47,1
2815,79,0
2816,128,1
2817,82,1
2818,45,1
2819,94,1
2820,65,1
2821,77,0
2822,112,1
2823,81,1
2824,98,0
2825,117,1
2826,42,0
2827,25,0
2828,70,1
2829,33,1
2830,25,0
2831,56,1
2832,51,0
2833,69,0
2834,94,1
2835,44,0
2836,52,1
2837,50,1
2838,38,1
2839,63,1
2840,138,1
2841,66,0
2842,101,0
2843,48,1
2844,39,1
2845,129,1
2846,11,0
2847,54,1
2848,37,1
2849,127,1
2850,200,0
2851,73,0
2852,50,1
2853,32,1
2854,84,1
2855,65,1
2856,69,1
2857,27,0
2858,54,1
2859,113,1
2860,29,1
2861,103,0
2862,18,0
2863,102,0
2864,46,1
2865,71,0
2866,68,1
2867,52,1
2868,101,1
2869,68,0
2870,80,1
2871,119,0
2872,105,1
2873,122,1
2874,183,1
2875,91,0
2876,61,1
2877,31,0
2878,69,1
2879,104,1
2880,112,0
2881,35,1
2882,59,1
2883,85,1
2884,113,1
2885,36,1
2886,113,1
2887,159,0
2888,47,1
2889,39,1
2890,74,0
2891,124,1
2892,54,1
2893,37,1
2894,35,1
2895,66,1
2896,33,0
2897,59,1
2898,41,0
2899,94,1
2900,156,1
2901,53,1
2902,83,0
2903,80,1
2904,45,1
2905,157,1
2906,151,1
2907,200,0
2908,63,1
2909,56,0
2910,72,1
2911,51,1
2912,59,1
2913,51,1
2914,90,1
2915,29,1
2916,41,0
2917,41,1
2918,70,1
2919,22,0
2920,82,1
2921,88,1
2922,56,1
2923,97,1
2924,52,1
2925,61,0
2926,59,1
2927,70,1
2928,54,1
2929,52,1
2930,65,1
2931,135,0
2932,52,1
2933,111,1
2934,25,0
2935,150,1
2936,47,1
2937,67,1
2938,96,1
2939,183,1
2940,61,1
2941,85,0
2942,184,1
2943,34,1
2944,54,1
2945,37,1
2946,67,1
2947,108,1
2948,27,1
2949,46,1
2950,32,1
2951,176,1
2952,52,1
2953,60,1
2954,63,0
2955,40,0
2956,20,1
2957,78,1
2958,30,0
2959,20,0
2960,68,1
2961,106,1
2962,72,1
2963,63,1
2964,82,1
2965,29,0
2966,42,0
2967,40,1
2968,37,1
2969,147,1
2970,33,0
2971,200,0
2972,56,1
2973,89,1
2974,26,0
2975,105,1
2976,50,0
2977,129,0
2978,96,1
2979,67,0
2980,34,0
2981,138,0
2982,96,1
2983,54,1
2984,90,1
2985,54,1
2986,45,1
2987,38,1
2988,46,1
2989,89,1
2990,90,1
2991,56,1
2992,61,1
2993,168,1
2994,57,1
2995,90,1
2996,83,0
2997,35,1
2998,42,1
2999,98,1
3000,89,1
3001,42,1
3002,45,1
3003,58,1
3004,28,1
3005,82,1
3006,98,1
3007,48,1
3008,105,1
3009,68,1
3010,90,0
3011,45,1
3012,74,1
3013,32,1
3014,13,0
3015,38,1
3016,82,1
3017,65,1
3018,66,1
3019,48,1
3020,41,1
3021,56,1
3022,14,0
3023,74,0
3024,42,1
3025,117,1
3026,88,1
3027,80,1
3028,107,1
3029,49,0
3030,88,1
3031,75,1
3032,172,1
3033,95,0
3034,108,1
3035,77,1
3036,14,0
3037,48,1
3038,43,0
3039,69,1
3040,133,1
3041,147,1
3042,21,0
3043,52,1
3044,43,1
3045,46,1
3046,70,1
3047,114,1
3048,82,1
3049,53,1
3050,91,0
3051,73,1
3052,138,1
3053,28,0
3054,47,1
3055,19,0
3056,28,0
3057,50,1
3058,48,1
3059,61,1
3060,23,0
3061,60,0
3062,122,1
3063,67,1
3064,127,1
3065,98,1
3066,82,0
3067,56,1
3068,55,0
3069,45,1
3070,28,0
3071,18,0
3072,77,1
3073,97,1
3074,42,1
3075,50,0
3076,69,1
3077,142,1
3078,58,1
3079,76,1
3080,89,1
3081,111,1
3082,73,1
3083,42,1
3084,71,1
3085,95,1
3086,49,1
3087,85,0
3088,43,1
3089,32,1
3090,93,0
3091,153,1
3092,191,0
3093,64,1
3094,81,1
3095,48,1
3096,98,0
3097,96,0
3098,59,1
3099,58,1
3100,67,0
3101,161,1
3102,61,1
3103,144,1
3104,30,1
3105,32,0
3106,106,1
3107,37,0
3108,103,1
3109,177,1
3110,57,1
3111,63,1
3112,46,1
3113,48,1
3114,135,0
3115,116,1
3116,65,1
3117,51,1
3118,81,1
3119,56,1
3120,56,0
3121,45,0
3122,53,1
3123,75,0
3124,113,1
3125,45,1
3126,47,0
3127,64,1
3128,32,1
3129,24,0
3130,120,1
3131,45,1
3132,37,0
3133,30,0
3134,62,1
3135,65,1
3136,56,1
3137,44,1
3138,59,1
3139,67,1
3140,87,1
3141,107,0
3142,48,1
3143,39,0
3144,94,1
3145,48,1
3146,47,1
3147,56,1
3148,20,0
3149,99,1
3150,78,1
3151,151,1
3152,60,1
3153,84,1
3154,162,1
3155,72,1
3156,59,1
3157,100,1
3158,74,1
3159,112,1
3160,111,1
3161,48,1
3162,44,1
3163,124,0
3164,12,0
3165,39,1
3166,46,1
3167,44,0
3168,20,0
3169,46,1
3170,32,1
3171,35,1
3172,42,0
3173,84,0
3174,101,1
3175,72,1
3176,39,1
3177,90,1
3178,113,1
3179,38,0
3180,130,1
3181,66,1
3182,83,1
3183,95,0
3184,40,1
3185,57,0
3186,137,0
3187,59,0
3188,78,1
3189,62,1
3190,178,1
3191,51,1
3192,46,1
3193,81,1
3194,48,1
3195,45,1
3196,61,1
3197,106,0
3198,35,1
3199,41,1
3200,73,1
3201,85,1
3202,44,1
3203,62,1
3204,26,0
3205,44,1
3206,100,1
3207,98,1
3208,53,1
3209,81,1
3210,35,1
3211,46,1
3212,104,1
3213,84,1
3214,67,1
3215,75,1
3216,50,1
3217,140,1
3218,36,1
3219,63,1
3220,76,1
3221,60,1
3222,71,1
3223,69,1
3224,131,1
3225,145,1
3226,53,1
3227,43,1
3228,27,0
3229,183,1
3230,75,1
3231,47,1
3232,132,1
3233,65,1
3234,24,0
3235,119,1
3236,50,1
3237,120,1
3238,63,1
3239,84,1
3240,48,1
3241,80,1
3242,149,1
3243,68,1
3244,42,1
3245,97,1
3246,50,1
3247,39,1
3248,60,1
3249,69,1
3250,133,1
3251,27,0
3252,194,1
3253,100,1
3254,100,1
3255,146,1
3256,124,1
3257,31,0
3258,32,1
3259,74,1
3260,46,0
3261,23,0
3262,73,1
3263,146,0
3264,134,1
3265,53,1
3266,27,1
3267,131,1
3268,101,1
3269,50,1
3270,109,1
3271,89,1
3272,150,1
3273,133,1
3274,90,1
3275,110,1
3276,162,1
3277,117,0
3278,64,1
3279,72,1
3280,142,0
3281,74,1
3282,98,1
3283,72,1
3284,107,1
3285,84,0
3286,87,1
3287,48,1
3288,160,1
3289,55,1
3290,61,1
3291,67,0
3292,79,1
3293,79,1
3294,73,1
3295,51,1
3296,57,1
3297,200,0
3298,62,1
3299,44,1
3300,49,1
3301,163,1
3302,17,0
3303,109,1
3304,27,1
3305,47,1
3306,84,1
3307,50,1
3308,137,1
3309,56,1
3310,151,1
3311,122,1
3312,69,0
3313,41,0
3314,67,0
3315,55,1
3316,44,1
3317,54,0
3318,132,1
3319,81,1
3320,22,0
3321,54,1
3322,88,1
3323,55,1
3324,19,0
3325,43,0
3326,68,0
3327,54,0
3328,92,1
3329,43,0
3330,99,1
3331,36,0
3332,47,0
3333,38,0
3334,57,1
3335,69,1
3336,126,1
3337,89,1
3338,73,0
3339,72,1
3340,19,0
3341,42,1
3342,57,1
3343,41,1
3344,88,1
3345,62,1
3346,67,1
3347,53,1
3348,51,0
3349,28,1
3350,58,1
3351,141,1
3352,93,1
3353,63,1
3354,49,0
3355,27,0
3356,47,1
3357,167,1
3358,72,0
3359,73,1
3360,27,0
3361,90,0
3362,137,1
3363,121,1
3364,49,1
3365,107,1
3366,65,1
3367,120,0
3368,32,0
3369,91,1
3370,77,1
3371,75,1
3372,38,1
3373,73,1
3374,43,1
3375,95,1
3376,80,1
3377,42,0
3378,97,1
3379,101,1
3380,165,1
3381,21,0
3382,27,1
3383,23,0
3384,68,1
3385,39,0
3386,67,1
3387,19,0
3388,38,1
3389,185,1
3390,74,1
3391,79,1
3392,49,1
3393,92,1
3394,68,1
3395,109,1
3396,27,0
3397,40,1
3398,46,1
3399,37,1
3400,111,1
3401,92,1
3402,25,0
3403,157,1
3404,15,0
3405,47,1
3406,168,1
3407,41,1
3408,16,0
3409,74,1
3410,93,0
3411,51,1
3412,28,0
3413,82,1
3414,47,0
3415,58,1
3416,51,1
3417,129,1
3418,63,0
3419,57,1
3420,34,1
3421,105,1
3422,76,1
3423,116,1
3424,57,0
3425,53,1
3426,127,1
3427,47,1
3428,61,1
3429,140,0
3430,75,1
3431,65,1
3432,33,1
3433,31,1
3434,180,1
3435,97,1
3436,75,1
3437,22,0
3438,47,0
3439,81,1
3440,72,1
3441,48,0
3442,80,0
3443,54,1
3444,61,1
3445,117,1
3446,76,1
3447,30,0
3448,59,0
3449,77,1
3450,50,1
3451,62,1
3452,47,0
3453,48,1
3454,29,1
3455,156,1
3456,88,1
3457,36,0
3458,68,1
3459,45,1
3460,34,1
3461,66,1
3462,75,1
3463,62,0
3464,34,1
3465,80,1
3466,200,0
3467,58,0
3468,50,1
3469,130,1
3470,30,1
3471,42,1
3472,35,0
3473,63,0
3474,21,1
3475,97,1
3476,58,1
3477,85,1
3478,146,1
3479,118,1
3480,134,1
3481,81,1
3482,99,1
3483,63,1
3484,32,0
3485,77,1
3486,87,0
3487,33,1
3488,57,1
3489,76,1
3490,96,1
3491,33,0
3492,104,1
3493,77,1
3494,94,1
3495,73,1
3496,89,1
3497,27,0
3498,174,0
3499,32,1
3500,33,1
3501,90,1
3502,76,1
3503,64,1
3504,53,1
3505,104,1
3506,44,0
3507,71,1
3508,150,1
3509,193,1
3510,37,1
3511,68,1
3512,31,1
3513,195,0
3514,59,1
3515,90,1
3516,46,0
3517,168,1
3518,127,1
3519,156,1
3520,53,1
3521,51,1
3522,55,1
3523,59,0
3524,78,0
3525,49,0
3526,93,1
3527,14,0
3528,67,1
3529,150,1
3530,55,1
3531,94,1
3532,70,0
3533,40,1
3534,71,1
3535,77,1
3536,31,0
3537,32,1
3538,31,1
3539,61,1
3540,43,0
3541,96,1
3542,85,1
3543,85,1
3544,125,1
3545,111,1
3546,92,0
3547,71,0
3548,57,1
3549,79,1
3550,40,0
3551,56,1
3552,43,1
3553,55,0
3554,24,0
3555,81,1
3556,50,0
3557,122,0
3558,47,1
3559,74,1
3560,55,1
3561,67,1
3562,98,1
3563,122,0
3564,84,0
3565,111,1
3566,52,1
3567,76,1
3568,79,1
3569,69,1
3570,37,0
3571,102,1
3572,111,0
3573,49,0
3574,73,1
3575,58,1
3576,50,1
3577,48,1
3578,11,0
3579,44,1
3580,159,0
3581,29,1
3582,107,1
3583,66,1
3584,76,1
3585,74,1
3586,88,1
3587,92,1
3588,76,1
3589,44,1
3590,11,0
3591,74,1
3592,79,1
3593,46,0
3594,45,0
3595,52,1
3596,34,1
3597,104,1
3598,21,1
3599,86,1
3600,61,1
3601,38,1
3602,90,1
3603,70,1
3604,166,1
3605,100,1
3606,59,1
3607,43,0
3608,29,0
3609,40,1
3610,125,1
3611,37,0
3612,106,1
3613,200,0
3614,41,1
3615,19,0
3616,39,1
3617,83,1
3618,32,0
3619,200,0
3620,40,1
3621,33,1
3622,72,1
3623,52,1
3624,9,0
3625,55,1
3626,200,0
3627,64,1
3628,22,1
3629,51,1
3630,98,1
3631,47,1
3632,22,0
3633,105,0
3634,96,1
3635,83,1
3636,55,1
3637,38,1
3638,114,1
3639,49,1
3640,200,0
3641,43,1
3642,45,1
3643,43,1
3644,30,0
3645,51,1
3646,93,1
3647,63,0
3648,111,1
3649,50,1
3650,177,1
3651,123,1
3652,49,1
3653,62,1
3654,33,1
3655,105,1
3656,30,1
3657,95,1
3658,55,1
3659,111,1
3660,101,1
3661,67,1
3662,149,1
3663,75,1
3664,48,0
3665,91,1
3666,42,1
3667,66,0
3668,58,1
3669,15,0
3670,46,1
3671,41,1
3672,147,1
3673,14,0
3674,126,1
3675,34,0
3676,35,1
3677,54,1
3678,131,1
3679,96,1
3680,79,1
3681,62,1
3682,104,1
3683,176,1
3684,165,1
3685,42,1
3686,42,0
3687,86,1
3688,45,1
3689,200,0
3690,48,1
3691,47,1
3692,101,1
3693,72,1
3694,79,1
3695,131,1
3696,107,1
3697,51,1
3698,48,1
3699,37,1
3700,86,1
3701,79,1
3702,88,1
3703,139,1
3704,62,1
3705,64,1
3706,73,1
3707,37,0
3708,101,1
3709,32,1
3710,62,1
3711,126,1
3712,132,1
3713,158,1
3714,64,1
3715,45,1
3716,70,1
3717,31,1
3718,67,1
3719,79,1
3720,32,1
3721,44,1
3722,97,1
3723,46,1
3724,123,1
3725,84,0
3726,116,0
3727,35,1
3728,52,1
3729,36,1
3730,39,1
3731,83,1
3732,74,1
3733,104,1
3734,80,1
3735,93,1
3736,104,1
3737,53,1
3738,36,1
3739,68,0
3740,60,1
3741,33,1
3742,115,0
3743,76,1
3744,49,1
3745,96,1
3746,50,1
3747,67,0
3748,29,0
3749,137,1
3750,71,1
3751,16,0
3752,36,1
3753,48,1
3754,86,1
3755,75,1
3756,144,1
3757,34,1
3758,45,0
3759,60,1
3760,58,1
3761,138,1
3762,51,1
3763,67,1
3764,63,1
3765,66,1
3766,149,0
3767,32,0
3768,21,0
3769,70,1
3770,70,1
3771,110,1
3772,75,0
3773,133,1
3774,81,1
3775,84,1
3776,80,1
3777,92,1
3778,59,1
3779,52,1
3780,162,1
3781,36,1
3782,47,1
3783,55,1
3784,59,1
3785,200,0
3786,50,1
3787,74,0
3788,82,1
3789,17,0
3790,62,0
3791,200,0
3792,35,1
3793,136,0
3794,40,1
3795,87,1
3796,103,1
3797,62,1
3798,69,1
3799,27,0
3800,95,1
3801,13,0
3802,177,1
3803,46,1
3804,65,1
3805,66,1
3806,33,0
3807,142,1
3808,94,1
3809,93,1
3810,38,1
3811,98,1
3812,81,1
3813,180,1
3814,100,1
3815,39,1
3816,200,0
3817,200,0
3818,71,1
3819,104,0
3820,91,1
3821,110,1
3822,32,0
3823,52,1
3824,107,1
3825,24,0
3826,35,1
3827,74,1
3828,125,1
3829,131,1
3830,173,1
3831,29,1
3832,57,0
3833,50,1
3834,86,0
3835,15,0
3836,112,1
3837,27,1
3838,23,0
3839,147,1
3840,84,1
3841,55,1
3842,48,0
3843,31,1
3844,122,1
3845,56,1
3846,87,1
3847,104,1
3848,75,1
3849,52,1
3850,74,1
3851,81,0
3852,36,1
3853,19,0
3854,37,1
3855,62,1
3856,45,1
3857,199,1
3858,56,1
3859,19,1
3860,36,1
3861,200,0
3862,132,1
3863,48,1
3864,21,0
3865,59,1
3866,69,1
3867,142,1
3868,37,0
3869,53,1
3870,92,1
3871,45,1
3872,44,1
3873,149,1
3874,63,1
3875,39,0
3876,37,0
3877,57,1
3878,55,1
3879,55,1
3880,36,1
3881,70,1
3882,94,1
3883,114,1
3884,63,1
3885,92,1
3886,46,1
3887,98,1
3888,39,0
3889,74,1
3890,33,0
3891,20,0
3892,44,1
3893,53,1
3894,36,1
3895,179,1
3896,94,1
3897,39,1
3898,42,1
3899,22,1
3900,21,1
3901,59,1
3902,42,1
3903,34,0
3904,77,1
3905,71,1
3906,42,1
3907,53,1
3908,134,1
3909,39,0
3910,68,1
3911,126,1
3912,99,1
3913,153,1
3914,54,1
3915,28,0
3916,71,1
3917,45,1
3918,130,1
3919,93,1
3920,181,1
3921,200,0
3922,13,0
3923,40,1
3924,69,1
3925,60,1
3926,98,1
3927,24,0
3928,75,0
3929,113,1
3930,64,1
3931,28,1
3932,55,1
3933,89,1
3934,132,1
3935,64,1
3936,19,0
3937,110,1
3938,154,1
3939,120,1
3940,83,1
3941,77,1
3942,41,1
3943,73,1
3944,23,0
3945,48,1
3946,25,0
3947,169,1
3948,23,1
3949,30,1
3950,51,1
3951,59,1
3952,52,0
3953,51,1
3954,57,1
3955,28,0
3956,40,1
3957,200,0
3958,105,1
3959,200,0
3960,76,1
3961,62,1
3962,29,1
3963,28,0
3964,96,1
3965,42,1
3966,200,0
3967,54,0
3968,38,0
3969,109,1
3970,56,1
3971,81,1
3972,164,0
3973,25,0
3974,21,0
3975,133,1
3976,67,1
3977,88,1
3978,73,1
3979,32,1
3980,121,1
3981,71,1
3982,60,1
3983,83,1
3984,200,0
3985,65,1
3986,32,1
3987,125,1
3988,80,1
3989,45,1
3990,200,0
3991,31,0
3992,200,0
3993,75,1
3994,83,1
3995,44,1
3996,32,1
3997,75,1
3998,102,0
3999,41,1
4000,200,0
4001,58,1
4002,87,1
4003,54,1
4004,52,1
4005,51,1
4006,72,0
4007,41,1
4008,106,1
4009,86,0
4010,200,0
4011,58,1
4012,118,1
4013,48,1
4014,81,0
4015,47,1
4016,82,1
4017,50,1
4018,45,1
4019,37,1
4020,162,1
4021,190,1
4022,133,1
4023,81,1
4024,166,1
4025,52,1
4026,79,1
4027,48,1
4028,62,1
4029,121,1
4030,94,1
4031,86,1
4032,32,0
4033,93,1
4034,46,1
4035,49,1
4036,58,1
4037,128,1
4038,20,0
4039,45,1
4040,50,1
4041,66,1
4042,56,1
4043,81,1
4044,47,0
4045,113,1
4046,16,0
4047,139,1
4048,146,1
4049,83,1
4050,145,1
4051,110,0
4052,15,0
4053,62,1
4054,65,1
4055,48,0
4056,29,0
4057,57,1
4058,52,0
4059,109,1
4060,89,1
4061,106,1
4062,99,1
4063,32,0
4064,28,0
4065,58,1
4066,70,1
4067,194,0
4068,50,1
4069,56,1
4070,200,0
4071,64,1
4072,13,0
4073,126,1
4074,16,1
4075,103,1
4076,54,1
4077,54,1
4078,40,1
4079,79,1
4080,52,1
4081,88,1
4082,95,1
4083,38,1
4084,38,1
4085,33,1
4086,105,0
4087,37,1
4088,75,1
4089,26,1
4090,69,1
4091,91,0
4092,47,1
4093,25,1
4094,46,1
4095,58,1
4096,158,1
4097,65,1
4098,77,1
4099,159,1
4100,72,1
4101,54,1
4102,58,0
4103,43,0
4104,40,1
4105,83,1
4106,36,1
4107,34,1
4108,41,1
4109,65,1
4110,30,1
4111,97,1
4112,86,1
4113,94,1
4114,79,0
4115,52,0
4116,21,0
4117,54,1
4118,83,1
4119,83,1
4120,28,0
4121,200,0
4122,165,0
4123,37,0
4124,55,1
4125,54,1
4126,26,1
4127,27,1
4128,148,1
4129,34,1
4130,117,1
4131,166,1
4132,184,1
4133,52,1
4134,156,1
4135,85,1
4136,28,1
4137,35,1
4138,38,1
4139,108,1
4140,44,1
4141,42,1
4142,49,0
4143,86,0
4144,62,0
4145,108,1
4146,37,1
4147,34,1
4148,91,0
4149,105,0
4150,200,0
4151,63,1
4152,130,1
4153,38,0
4154,81,0
4155,63,1
4156,161,0
4157,26,1
4158,104,1
4159,76,1
4160,120,1
4161,66,1
4162,111,1
4163,179,1
4164,73,1
4165,26,1
4166,100,1
4167,126,0
4168,116,0
4169,174,1
4170,74,1
4171,24,0
4172,115,1
4173,74,1
4174,47,1
4175,65,1
4176,53,1
4177,89,0
4178,48,1
4179,51,0
4180,103,1
4181,51,1
4182,38,1
4183,200,0
4184,31,0
4185,179,1
4186,113,0
4187,69,0
4188,46,1
4189,152,1
4190,23,1
4191,61,1
4192,155,1
4193,94,1
4194,26,1
4195,69,0
4196,41,1
4197,58,1
4198,47,0
4199,79,1
4200,94,1
4201,121,1
4202,101,1
4203,61,1
4204,46,1
4205,12,0
4206,86,1
4207,30,1
4208,106,1
4209,19,0
4210,14,0
4211,39,1
4212,81,1
4213,33,1
4214,112,1
4215,88,1
4216,109,0
4217,56,1
4218,90,1
4219,38,1
4220,24,0
4221,121,1
4222,57,1
4223,66,1
4224,156,1
4225,43,1
4226,51,0
4227,73,1
4228,49,1
4229,30,1
4230,66,1
4231,51,1
4232,81,1
4233,76,1
4234,138,1
4235,94,0
4236,60,0
4237,70,0
4238,36,1
4239,38,0
4240,46,1
4241,21,0
4242,97,1
4243,134,0
4244,37,0
4245,81,1
4246,45,0
4247,32,0
4248,112,1
4249,101,1
4250,26,1
4251,65,1
4252,69,0
4253,33,1
4254,60,0
4255,47,0
4256,31,0
4257,200,0
4258,42,1
4259,48,0
4260,28,1
4261,65,1
4262,76,1
4263,81,1
4264,51,0
4265,36,1
4266,129,1
4267,92,0
4268,19,0
4269,44,1
4270,92,1
4271,41,1
4272,36,1
4273,32,1
4274,30,1
4275,56,1
4276,41,0
4277,22,0
4278,41,1
4279,42,1
4280,23,0
4281,89,1
4282,72,1
4283,55,0
4284,103,1
4285,47,1
4286,79,0
4287,72,1
4288,103,0
4289,63,1
4290,45,1
4291,34,1
4292,51,1
4293,52,1
4294,14,0
4295,25,0
4296,200,0
4297,37,0
4298,27,0
4299,39,1
4300,106,1
4301,40,1
4302,104,1
4303,59,1
4304,89,1
4305,77,1
4306,112,1
4307,122,0
4308,70,1
4309,30,1
4310,87,1
4311,152,1
4312,57,1
4313,130,0
4314,46,1
4315,48,1
4316,57,0
4317,104,1
4318,47,0
4319,108,1
4320,127,1
4321,51,1
4322,58,1
4323,53,1
4324,42,0
4325,41,1
4326,22,1
4327,90,1
4328,102,1
4329,62,1
4330,107,1
4331,39,1
4332,38,1
4333,51,1
4334,29,1
4335,57,1
4336,44,0
4337,53,0
4338,49,1
4339,74,0
4340,67,1
4341,57,1
4342,27,1
4343,114,1
4344,86,1
4345,25,0
4346,19,0
4347,43,1
4348,14,0
4349,65,0
4350,41,1
4351,40,1
4352,96,1
4353,200,0
4354,105,1
4355,56,0
4356,84,1
4357,113,1
4358,73,1
4359,62,1
4360,53,1
4361,50,1
4362,86,1
4363,95,1
4364,96,1
4365,74,0
4366,79,1
4367,39,0
4368,16,0
4369,74,1
4370,80,1
4371,95,1
4372,26,0
4373,32,1
4374,49,0
4375,43,1
4376,111,0
4377,40,0
4378,53,1
4379,62,1
4380,38,1
4381,101,1
4382,60,1
4383,61,0
4384,34,0
4385,36,0
4386,45,0
4387,62,0
4388,42,1
4389,170,1
4390,33,1
4391,116,0
4392,85,1
4393,36,1
4394,83,1
4395,91,1
4396,93,1
4397,58,1
4398,103,1
4399,38,1
4400,117,1
4401,71,1
4402,100,1
4403,93,1
4404,46,1
4405,37,0
4406,50,1
4407,75,1
4408,49,1
4409,78,1
4410,36,1
4411,43,0
4412,80,0
4413,77,1
4414,45,1
4415,74,1
4416,46,1
4417,43,0
4418,63,1
4419,56,1
4420,57,1
4421,67,0
4422,77,1
4423,19,0
4424,84,1
4425,55,1
4426,38,1
4427,89,1
4428,80,1
4429,200,0
4430,188,1
4431,135,1
4432,149,0
4433,21,1
4434,46,1
4435,24,0
4436,99,0
4437,111,0
4438,40,1
4439,45,1
4440,116,0
4441,106,1
4442,58,1
4443,73,1
4444,61,1
4445,61,1
4446,85,0
4447,99,0
4448,19,1
4449,109,0
4450,72,1
4451,56,0
4452,184,1
4453,67,1
4454,19,0
4455,62,0
4456,52,0
4457,20,1
4458,95,1
4459,38,1
4460,49,1
4461,69,1
4462,61,1
4463,126,1
4464,32,1
4465,56,0
4466,43,1
4467,57,1
4468,95,0
4469,61,1
4470,121,1
4471,66,1
4472,45,0
4473,94,1
4474,27,1
4475,67,1
4476,36,1
4477,81,1
4478,36,1
4479,106,0
4480,24,1
4481,76,0
4482,117,1
4483,57,1
4484,175,1
4485,68,1
4486,79,1
4487,97,0
4488,14,0
4489,57,1
4490,171,1
4491,55,1
4492,38,1
4493,36,1
4494,42,1
4495,27,0
4496,40,0
4497,84,1
4498,41,1
4499,96,1
4500,39,1
4501,79,1
4502,55,1
4503,30,1
4504,41,0
4505,45,0
4506,42,1
4507,28,1
4508,47,0
4509,92,1
4510,91,1
4511,54,1
4512,73,0
4513,95,1
4514,36,0
4515,53,1
4516,80,0
4517,44,1
4518,56,1
4519,130,1
4520,54,1
4521,71,1
4522,36,1
4523,63,1
4524,50,1
4525,82,1
4526,100,0
4527,28,1
4528,68,1
4529,51,1
4530,59,0
4531,53,1
4532,97,1
4533,38,0
4534,44,0
4535,18,1
4536,55,1
4537,93,1
4538,90,1
4539,69,1
4540,29,0
4541,126,1
4542,89,1
4543,41,0
4544,63,1
4545,60,0
4546,61,0
4547,200,0
4548,80,1
4549,71,1
4550,30,0
4551,103,0
4552,41,1
4553,85,1
4554,119,0
4555,74,1
4556,104,1
4557,37,1
4558,78,1
4559,24,0
4560,29,1
4561,110,1
4562,75,1
4563,167,1
4564,31,1
4565,200,0
4566,84,1
4567,54,1
4568,57,0
4569,31,1
4570,128,1
4571,57,1
4572,192,1
4573,83,0
4574,53,1
4575,61,1
4576,38,0
4577,86,1
4578,67,0
4579,43,1
4580,192,1
4581,92,1
4582,64,0
4583,26,0
4584,42,1
4585,56,1
4586,34,1
4587,51,1
4588,67,1
4589,34,1
4590,117,1
4591,96,1
4592,75,1
4593,58,1
4594,45,1
4595,55,0
4596,43,1
4597,129,1
4598,54,1
4599,61,1
4600,56,0
4601,45,1
4602,51,0
4603,91,1
4604,78,0
4605,94,0
4606,54,1
4607,36,0
4608,81,1
4609,92,1
4610,47,0
4611,13,0
4612,117,1
4613,101,1
4614,101,1
4615,75,0
4616,44,1
4617,35,0
4618,62,1
4619,24,0
4620,108,1
4621,80,1
4622,111,0
4623,85,1
4624,63,1
4625,58,1
4626,64,0
4627,52,1
4628,37,0
4629,78,1
4630,34,1
4631,79,1
4632,23,0
4633,41,1
4634,50,1
4635,41,1
4636,75,1
4637,70,1
4638,24,0
4639,50,1
4640,29,0
4641,62,1
4642,41,1
4643,69,1
4644,39,1
4645,45,1
4646,42,1
4647,70,1
4648,200,0
4649,30,1
4650,125,0
4651,98,1
4652,21,0
4653,26,1
4654,41,1
4655,40,1
4656,20,0
4657,191,1
4658,84,1
4659,73,0
4660,21,1
4661,68,1
4662,56,1
4663,25,0
4664,43,1
4665,75,1
4666,72,0
4667,54,1
4668,47,0
4669,102,1
4670,44,0
4671,65,1
4672,59,0
4673,112,1
4674,78,0
4675,47,0
4676,49,1
4677,78,1
4678,125,1
4679,43,0
4680,62,1
4681,85,1
4682,62,0
4683,68,1
4684,80,1
4685,57,1
4686,109,0
4687,60,0
4688,56,1
4689,57,1
4690,73,1
4691,117,0
4692,58,1
4693,77,1
4694,114,1
4695,71,1
4696,121,1
4697,17,0
4698,64,1
4699,54,0
4700,84,0
4701,120,1
4702,33,0
4703,48,1
4704,116,1
4705,55,1
4706,74,0
4707,156,1
4708,129,0
4709,129,0
4710,74,0
4711,45,1
4712,66,1
4713,41,1
4714,34,0
4715,28,0
4716,47,0
4717,90,1
4718,82,0
4719,45,0
4720,40,1
4721,127,1
4722,58,1
4723,60,0
4724,59,1
4725,20,1
4726,38,0
4727,51,1
4728,70,1
4729,85,0
4730,121,0
4731,35,0
4732,59,1
4733,70,1
4734,17,0
4735,54,1
4736,69,0
4737,67,1
4738,36,1
4739,165,1
4740,166,1
4741,71,1
4742,47,1
4743,24,1
4744,126,1
4745,72,1
4746,162,1
4747,69,0
4748,65,1
4749,41,0
4750,166,1
4751,47,1
4752,100,1
4753,113,1
4754,180,1
4755,53,1
4756,32,1
4757,57,1
4758,52,1
4759,49,0
4760,59,0
4761,50,1
4762,36,0
4763,47,0
4764,41,0
4765,91,1
4766,88,1
4767,36,0
4768,73,1
4769,197,1
4770,89,1
4771,116,1
4772,142,1
4773,43,1
4774,25,0
4775,46,1
4776,41,0
4777,157,1
4778,88,0
4779,179,1
4780,39,1
4781,76,0
4782,83,0
4783,65,0
4784,37,1
4785,57,1
4786,73,1
4787,69,1
4788,144,1
4789,123,1
4790,91,1
4791,50,1
4792,89,1
4793,87,1
4794,68,1
4795,61,1
4796,18,0
4797,63,1
4798,39,1
4799,29,1
4800,64,1
4801,64,1
4802,70,0
4803,54,1
4804,48,1
4805,39,1
4806,69,1
4807,60,1
4808,88,1
4809,65,0
4810,192,1
4811,131,1
4812,88,1
4813,45,0
4814,49,1
4815,103,1
4816,81,1
4817,42,1
4818,49,0
4819,30,1
4820,40,0
4821,60,1
4822,60,1
4823,38,1
4824,162,0
4825,58,1
4826,45,1
4827,33,0
4828,29,1
4829,111,1
4830,18,0
4831,108,1
4832,50,1
4833,66,0
4834,19,1
4835,123,0
4836,40,0
4837,63,0
4838,104,1
4839,102,1
4840,92,1
4841,53,0
4842,108,1
4843,63,1
4844,69,0
4845,79,1
4846,83,1
4847,83,1
4848,151,1
4849,39,0
4850,55,0
4851,36,0
4852,37,1
4853,72,1
4854,55,1
4855,51,1
4856,55,1
4857,64,1
4858,46,1
4859,75,1
4860,161,1
4861,87,1
4862,53,1
4863,64,1
4864,41,1
4865,37,1
4866,140,1
4867,124,0
4868,50,1
4869,82,1
4870,67,1
4871,46,0
4872,27,0
4873,50,1
4874,44,1
4875,42,0
4876,64,1
4877,120,1
4878,54,0
4879,30,1
4880,86,1
4881,89,1
4882,28,1
4883,45,1
4884,173,1
4885,49,0
4886,55,1
4887,62,0
4888,72,1
4889,69,1
4890,82,1
4891,43,1
4892,67,1
4893,51,1
4894,77,1
4895,50,1
4896,82,1
4897,148,1
4898,153,1
4899,148,0
4900,104,1
4901,158,1
4902,139,0
4903,125,0
4904,69,1
4905,26,1
4906,70,1
4907,26,0
4908,46,0
4909,28,0
4910,22,0
4911,166,0
4912,49,1
4913,101,1
4914,56,1
4915,52,1
4916,88,1
4917,26,0
4918,66,1
4919,97,1
4920,70,1
4921,43,1
4922,38,0
4923,32,1
4924,17,0
4925,79,0
4926,37,1
4927,58,1
4928,57,1
4929,113,1
4930,89,0
4931,51,1
4932,33,1
4933,35,1
4934,109,1
4935,59,1
4936,45,1
4937,30,1
4938,97,1
4939,51,1
4940,48,0
4941,77,1
4942,60,1
4943,110,1
4944,111,0
4945,54,1
4946,58,1
4947,65,1
4948,77,1
4949,93,1
4950,102,1
4951,52,1
4952,38,1
4953,67,0
4954,85,1
4955,67,1
4956,39,0
4957,35,1
4958,11,0
4959,113,1
4960,64,1
4961,27,0
4962,77,1
4963,51,1
4964,66,1
4965,59,1
4966,69,1
4967,29,1
4968,88,1
4969,115,0
4970,89,0
4971,41,1
4972,42,1
4973,20,0
4974,86,1
4975,65,1
4976,155,1
4977,53,0
4978,176,0
4979,113,1
4980,59,1
4981,87,1
4982,72,0
4983,34,1
4984,96,1
4985,33,0
4986,55,0
4987,72,1
4988,74,0
4989,44,1
4990,19,0
4991,88,1
4992,51,1
4993,65,1
4994,43,1
4995,71,1
4996,107,1
4997,71,1
4998,33,1
4999,47,1
5000,110,1
5001,49,0
5002,178,1
5003,55,0
5004,28,1
5005,200,0
5006,104,1
5007,48,1
5008,48,1
5009,40,0
5010,74,0
5011,57,0
5012,41,1
5013,36,0
5014,76,1
5015,36,1
5016,64,1
5017,33,0
5018,67,1
5019,97,1
5020,73,1
5021,48,1
5022,53,1
5023,45,1
5024,55,0
5025,107,1
5026,85,0
5027,70,1
5028,33,1
5029,45,1
5030,50,0
5031,65,0
5032,192,1
5033,73,1
5034,200,0
5035,57,1
5036,14,0
5037,76,1
5038,46,1
5039,48,0
5040,25,1
5041,148,0
5042,79,1
5043,80,0
5044,19,0
5045,54,1
5046,180,0
5047,119,0
5048,89,0
5049,60,1
5050,31,1
5051,71,1
5052,90,1
5053,97,1
5054,17,0
5055,122,1
5056,51,1
5057,77,1
5058,121,0
5059,51,1
5060,75,1
5061,26,0
5062,64,1
5063,60,1
5064,36,0
5065,57,1
5066,140,0
5067,75,1
5068,30,0
5069,43,1
5070,72,1
5071,90,1
5072,40,1
5073,19,0
5074,75,0
5075,93,1
5076,115,0
5077,24,1
5078,57,0
5079,24,1
5080,66,1
5081,96,1
5082,34,1
5083,31,0
5084,81,1
5085,42,1
5086,62,1
5087,200,0
5088,57,1
5089,62,1
5090,26,1
5091,33,0
5092,103,1
5093,149,1
5094,97,1
5095,64,1
5096,87,1
5097,59,1
5098,61,1
5099,44,0
5100,151,1
5101,88,1
5102,74,1
5103,92,1
5104,43,1
5105,57,1
5106,120,1
5107,21,1
5108,127,0
5109,60,1
5110,47,1
5111,178,0
5112,80,1
5113,130,0
5114,58,1
5115,53,0
5116,59,1
5117,172,1
5118,109,1
5119,53,1
5120,60,1
5121,38,1
5122,80,0
5123,72,0
5124,58,0
5125,37,0
5126,66,0
5127,110,1
5128,50,1
5129,77,1
5130,50,0
5131,68,1
5132,116,1
5133,33,1
5134,49,1
5135,33,0
5136,41,0
5137,31,1
5138,29,1
5139,31,1
5140,39,1
5141,70,1
5142,124,1
5143,55,1
5144,29,1
5145,116,1
5146,64,1
5147,118,1
5148,87,1
5149,113,1
5150,82,1
5151,41,1
5152,38,1
5153,37,1
5154,41,1
5155,38,1
5156,50,1
5157,53,1
5158,86,1
5159,79,0
5160,141,1
5161,88,0
5162,76,1
5163,120,1
5164,42,1
5165,124,1
5166,107,1
5167,29,1
5168,37,1
5169,95,0
5170,71,0
5171,31,1
5172,20,0
5173,88,1
5174,143,1
5175,88,1
5176,72,1
5177,59,1
5178,112,1
5179,41,1
5180,82,1
5181,89,0
5182,45,1
5183,78,1
5184,32,0
5185,42,1
5186,59,1
5187,48,1
5188,72,1
5189,97,1
5190,37,0
5191,68,1
5192,80,1
5193,200,0
5194,67,1
5195,48,1
5196,108,1
5197,87,0
5198,82,0
5199,130,1
5200,32,1
5201,83,1
5202,55,0
5203,83,1
5204,69,0
5205,86,1
5206,51,1
5207,88,1
5208,111,1
5209,82,1
5210,54,1
5211,60,0
5212,111,1
5213,46,1
5214,55,1
5215,53,1
5216,61,1
5217,50,1
5218,88,0
5219,53,1
5220,122,1
5221,86,0
5222,44,1
5223,46,1
5224,61,1
5225,110,0
5226,85,0
5227,86,0
5228,64,1
5229,84,1
5230,32,0
5231,64,1
5232,65,1
5233,100,1
5234,53,1
5235,79,1
5236,75,1
5237,177,1
5238,64,1
5239,184,1
5240,91,1
5241,120,1
5242,94,1
5243,110,0
5244,57,1
5245,70,1
5246,29,0
5247,52,1
5248,126,1
5249,53,1
5250,94,1
5251,83,1
5252,112,0
5253,60,0
5254,95,0
5255,39,1
5256,48,1
5257,124,1
5258,57,1
5259,25,0
5260,100,1
5261,35,1
5262,54,1
5263,105,0
5264,71,1
5265,43,1
5266,103,1
5267,57,1
5268,106,1
5269,63,0
5270,100,1
5271,78,1
5272,46,0
5273,139,1
5274,45,1
5275,42,0
5276,67,1
5277,132,1
5278,125,1
5279,45,1
5280,50,1
5281,92,0
5282,117,0
5283,80,1
5284,144,1
5285,193,1
5286,123,1
5287,112,1
5288,93,1
5289,83,1
5290,63,1
5291,133,1
5292,27,1
5293,195,1
5294,50,1
5295,64,1
5296,51,1
5297,102,1
5298,66,1
5299,31,1
5300,104,1
5301,70,1
5302,37,1
5303,82,1
5304,48,1
5305,53,1
5306,106,1
5307,72,1
5308,33,0
5309,132,1
5310,38,1
5311,46,1
5312,18,0
5313,115,1
5314,58,1
5315,50,0
5316,34,1
5317,62,0
5318,117,0
5319,87,0
5320,105,1
5321,41,1
5322,78,0
5323,154,1
5324,51,1
5325,43,1
5326,62,0
5327,98,1
5328,84,0
5329,35,1
5330,189,1
5331,36,0
5332,50,1
5333,24,0
5334,56,0
5335,34,1
5336,34,1
5337,54,1
5338,53,1
5339,40,0
5340,200,0
5341,20,0
5342,48,0
5343,46,1
5344,96,1
5345,95,1
5346,37,1
5347,82,0
5348,86,1
5349,76,1
5350,41,1
5351,66,1
5352,113,1
5353,84,1
5354,105,0
5355,31,0
5356,158,1
5357,55,1
5358,50,1
5359,58,1
5360,80,1
5361,44,1
5362,50,1
5363,95,1
5364,45,1
5365,40,1
5366,91,1
5367,40,0
5368,48,1
5369,11,0
5370,60,0
5371,48,1
5372,69,1
5373,50,1
5374,49,1
5375,77,1
5376,49,0
5377,31,0
5378,20,0
5379,71,1
5380,33,1
5381,83,0
5382,98,1
5383,104,0
5384,99,1
5385,81,1
5386,145,1
5387,47,0
5388,67,1
5389,137,1
5390,67,1
5391,113,1
5392,55,0
5393,33,0
5394,102,1
5395,24,0
5396,101,1
5397,43,1
5398,58,1
5399,41,0
5400,99,1
5401,40,1
5402,182,1
5403,62,0
5404,175,1
5405,61,1
5406,118,1
5407,89,1
5408,21,0
5409,69,0
5410,33,1
5411,88,1
5412,63,1
5413,131,1
5414,35,0
5415,75,1
5416,37,1
5417,106,1
5418,85,1
5419,89,1
5420,51,1
5421,40,1
5422,35,1
5423,39,1
5424,125,1
5425,46,1
5426,52,1
5427,168,0
5428,71,0
5429,152,0
5430,114,1
5431,85,1
5432,15,0
5433,25,0
5434,30,1
5435,36,0
5436,51,1
5437,41,0
5438,29,1
5439,152,0
5440,145,1
5441,87,1
5442,63,1
5443,78,1
5444,135,1
5445,34,1
5446,48,0
5447,42,1
5448,86,1
5449,20,1
5450,94,1
5451,38,0
5452,133,0
5453,152,1
5454,73,0
5455,46,1
5456,42,0
5457,75,0
5458,104,0
5459,51,0
5460,102,1
5461,96,1
5462,51,1
5463,131,1
5464,57,0
5465,38,1
5466,76,1
5467,200,0
5468,71,1
5469,24,0
5470,42,1
5471,69,1
5472,31,0
5473,31,0
5474,61,1
5475,40,1
5476,40,0
5477,79,1
5478,77,0
5479,130,1
5480,103,1
5481,53,0
5482,76,1
5483,28,1
5484,35,0
5485,30,0
5486,72,1
5487,81,1
5488,55,0
5489,85,1
5490,46,0
5491,192,1
5492,99,1
5493,79,1
5494,81,1
5495,55,1
5496,80,1
5497,53,0
5498,51,1
5499,52,1
5500,62,0
5501,86,1
5502,57,1
5503,177,1
5504,78,0
5505,30,1
5506,45,1
5507,100,1
5508,56,0
5509,72,1
5510,65,0
5511,15,0
5512,104,1
5513,109,1
5514,62,0
5515,123,1
5516,78,1
5517,71,1
5518,59,0
5519,75,1
5520,56,0
5521,58,0
5522,60,1
5523,51,1
5524,48,0
5525,41,1
5526,67,0
5527,39,0
5528,68,1
5529,49,1
5530,71,1
5531,70,1
5532,33,1
5533,103,0
5534,40,1
5535,78,1
5536,51,0
5537,147,1
5538,73,0
5539,30,0
5540,36,1
5541,70,0
5542,38,1
5543,38,1
5544,91,1
5545,71,0
5546,49,1
5547,144,1
5548,37,0
5549,14,0
5550,67,0
5551,63,1
5552,73,1
5553,70,0
5554,86,1
5555,61,1
5556,180,1
5557,78,1
5558,39,1
5559,45,1
5560,85,1
5561,158,1
5562,43,1
5563,57,1
5564,92,0
5565,44,1
5566,75,1
5567,66,1
5568,109,1
5569,57,1
5570,107,1
5571,33,1
5572,200,0
5573,41,1
5574,70,1
5575,114,1
5576,137,1
5577,88,1
5578,66,0
5579,22,1
5580,58,1
5581,37,1
5582,72,1
5583,55,1
5584,46,1
5585,73,1
5586,49,1
5587,91,1
5588,22,0
5589,193,0
5590,35,0
5591,84,1
5592,52,1
5593,53,0
5594,15,0
5595,62,1
5596,56,0
5597,85,1
5598,134,1
5599,96,1
5600,39,1
5601,73,1
5602,86,1
5603,137,0
5604,43,1
5605,20,0
5606,79,0
5607,40,1
5608,46,1
5609,76,1
5610,65,0
5611,62,0
5612,52,0
5613,73,1
5614,81,1
5615,26,0
5616,46,0
5617,77,1
5618,71,1
5619,137,1
5620,97,1
5621,41,0
5622,34,0
5623,58,1
5624,56,1
5625,101,1
5626,107,1
5627,136,1
5628,80,0
5629,200,0
5630,28,0
5631,99,1
5632,200,0
5633,22,0
5634,48,1
5635,91,1
5636,46,1
5637,53,1
5638,58,1
5639,61,1
5640,47,1
5641,193,1
5642,65,1
5643,70,1
5644,70,1
5645,66,1
5646,51,0
5647,129,1
5648,64,1
5649,25,0
5650,57,1
5651,46,1
5652,48,1
5653,26,0
5654,47,1
5655,45,1
5656,98,0
5657,67,1
5658,98,1
5659,38,1
5660,62,1
5661,34,0
5662,17,0
5663,125,1
5664,200,0
5665,81,1
5666,83,1
5667,61,1
5668,115,1
5669,20,1
5670,200,0
5671,40,1
5672,93,1
5673,153,0
5674,57,1
5675,39,1
5676,99,1
5677,42,1
5678,100,1
5679,200,0
5680,35,0
5681,74,1
5682,34,1
5683,138,1
5684,87,1
5685,115,0
5686,48,0
5687,200,0
5688,60,1
5689,99,1
5690,83,0
5691,96,1
5692,89,1
5693,23,1
5694,55,0
5695,64,1
5696,74,1
5697,85,1
5698,100,0
5699,85,0
5700,51,1
5701,67,1
5702,88,1
5703,39,1
5704,23,1
5705,26,0
5706,37,0
5707,65,1
5708,193,1
5709,130,1
5710,112,1
5711,52,1
5712,134,1
5713,48,0
5714,32,0
5715,55,1
5716,62,1
5717,62,1
5718,71,1
5719,77,1
5720,58,0
5721,36,1
5722,33,1
5723,36,1
5724,53,0
5725,68,1
5726,59,0
5727,41,1
5728,85,0
5729,91,1
5730,55,1
5731,115,1
5732,50,1
5733,57,1
5734,76,1
5735,51,1
5736,73,1
5737,51,0
5738,46,1
5739,44,1
5740,56,1
5741,27,0
5742,77,0
5743,103,0
5744,56,1
5745,73,1
5746,78,1
5747,50,0
5748,55,1
5749,30,1
5750,58,1
5751,60,0
5752,30,0
5753,85,1
5754,53,1
5755,139,0
5756,53,1
5757,58,1
5758,36,1
5759,35,1
5760,39,1
5761,38,0
5762,89,1
5763,102,0
5764,200,0
5765,67,1
5766,51,1
5767,64,0
5768,72,1
5769,31,1
5770,85,1
5771,148,1
5772,31,1
5773,63,1
5774,137,1
5775,47,1
5776,83,1
5777,84,1
5778,80,1
5779,29,1
5780,63,1
5781,147,1
5782,97,1
5783,71,1
5784,83,0
5785,67,0
5786,155,1
5787,33,0
5788,35,1
5789,139,1
5790,87,1
5791,42,1
5792,40,1
5793,50,1
5794,139,0
5795,153,1
5796,164,0
5797,59,1
5798,127,1
5799,119,1
5800,47,0
5801,60,1
5802,120,1
5803,65,1
5804,60,1
5805,30,1
5806,88,1
5807,91,1
5808,52,1
5809,73,1
5810,41,1
5811,49,1
5812,24,0
5813,40,1
5814,55,1
5815,114,1
5816,29,0
5817,109,1
5818,114,1
5819,53,1
5820,40,1
5821,159,1
5822,58,1
5823,42,1
5824,21,1
5825,91,1
5826,32,1
5827,36,1
5828,94,1
5829,56,1
5830,74,1
5831,89,1
5832,81,1
5833,37,0
5834,72,1
5835,82,1
5836,66,1
5837,43,0
5838,69,0
5839,48,1
5840,71,1
5841,200,0
5842,67,1
5843,44,1
5844,88,1
5845,27,1
5846,68,1
5847,46,1
5848,95,1
5849,160,1
5850,74,1
5851,58,1
5852,28,1
5853,35,0
5854,106,1
5855,49,1
5856,117,1
5857,39,1
5858,112,1
5859,21,0
5860,62,1
5861,89,1
5862,190,1
5863,64,1
5864,67,0
5865,38,1
5866,39,1
5867,63,1
5868,33,1
5869,46,1
5870,31,1
5871,77,1
5872,77,1
5873,72,1
5874,83,1
5875,28,1
5876,40,0
5877,58,1
5878,95,1
5879,39,1
5880,93,1
5881,164,1
5882,131,1
5883,45,1
5884,200,0
5885,92,1
5886,88,0
5887,12,0
5888,39,0
5889,74,1
5890,84,1
5891,48,1
5892,119,1
5893,36,1
5894,141,1
5895,36,1
5896,39,1
5897,69,1
5898,73,1
5899,94,0
5900,61,1
5901,50,1
5902,191,1
5903,175,1
5904,51,0
5905,40,1
5906,49,1
5907,36,1
5908,58,1
5909,68,0
5910,52,1
5911,101,1
5912,32,1
5913,19,0
5914,37,1
5915,32,1
5916,80,1
5917,104,1
5918,47,1
5919,86,1
5920,21,1
5921,54,0
5922,30,1
5923,52,0
5924,95,1
5925,23,0
5926,63,1
5927,125,0
5928,44,1
5929,31,0
5930,58,1
5931,47,1
5932,107,1
5933,35,0
5934,184,1
5935,149,1
5936,69,1
5937,97,1
5938,104,1
5939,100,1
5940,38,1
5941,30,1
5942,38,0
5943,37,1
5944,134,1
5945,140,0
5946,127,1
5947,88,1
5948,99,1
5949,58,1
5950,197,1
5951,57,1
5952,82,1
5953,69,1
5954,59,1
5955,42,1
5956,54,1
5957,30,1
5958,36,0
5959,91,1
5960,41,1
5961,46,1
5962,34,1
5963,37,1
5964,71,1
5965,83,1
5966,58,1
5967,56,1
5968,44,1
5969,80,1
5970,119,1
5971,122,1
5972,103,1
5973,25,1
5974,73,1
5975,86,1
5976,91,0
5977,129,1
5978,65,1
5979,58,1
5980,87,0
5981,121,1
5982,55,1
5983,34,1
5984,30,1
5985,66,1
5986,77,1
5987,98,1
5988,68,1
5989,81,1
5990,113,1
5991,57,1
5992,34,1
5993,58,1
5994,122,1
5995,104,1
5996,62,1
5997,117,1
5998,126,0
5999,112,1
6000,71,1
6001,75,1
6002,104,1
6003,76,1
6004,50,0
6005,108,0
6006,106,1
6007,194,1
6008,26,0
6009,143,1
6010,71,1
6011,53,1
6012,90,0
6013,76,1
6014,38,1
6015,87,1
6016,34,1
6017,71,1
6018,89,1
6019,54,1
6020,29,1
6021,66,1
6022,66,1
6023,57,1
6024,36,1
6025,49,1
6026,53,1
6027,86,0
6028,113,0
6029,200,0
6030,49,1
6031,200,0
6032,81,1
6033,38,1
6034,200,0
6035,142,0
6036,45,1
6037,75,1
6038,41,1
6039,45,1
6040,88,1
6041,102,1
6042,81,1
6043,72,1
6044,45,1
6045,40,1
6046,92,0
6047,76,1
6048,56,1
6049,66,1
6050,24,0
6051,33,0
6052,54,1
6053,140,0
6054,58,1
6055,119,1
6056,48,1
6057,65,1
6058,38,1
6059,70,1
6060,80,0
6061,50,0
6062,115,1
6063,21,0
6064,108,1
6065,50,1
6066,176,1
6067,74,1
6068,72,1
6069,31,1
6070,101,1
6071,102,1
6072,150,1
6073,82,1
6074,50,0
6075,21,0
6076,57,0
6077,169,1
6078,62,1
6079,92,1
6080,62,1
6081,30,1
6082,131,1
6083,34,1
6084,63,1
6085,41,0
6086,111,1
6087,80,1
6088,62,0
6089,103,1
6090,70,1
6091,155,1
6092,61,1
6093,74,1
6094,97,0
6095,132,1
6096,34,0
6097,92,0
6098,69,1
6099,73,1
6100,200,0
6101,50,1
6102,59,0
6103,64,0
6104,90,1
6105,62,1
6106,150,0
6107,28,0
6108,58,1
6109,38,1
6110,46,0
6111,179,1
6112,142,0
6113,33,0
6114,85,1
6115,106,1
6116,62,1
6117,40,1
6118,76,1
6119,37,1
6120,131,1
6121,101,1
6122,44,1
6123,81,1
6124,179,1
6125,200,0
6126,90,0
6127,41,0
6128,136,1
6129,82,1
6130,30,1
6131,98,0
6132,76,1
6133,106,1
6134,196,1
6135,28,0
6136,150,1
6137,73,1
6138,67,0
6139,32,0
6140,132,1
6141,35,1
6142,103,1
6143,128,1
6144,58,1
6145,42,1
6146,109,1
6147,40,1
6148,67,1
6149,111,1
6150,48,1
6151,116,1
6152,51,1
6153,77,1
6154,82,1
6155,51,1
6156,46,0
6157,53,1
6158,47,1
6159,32,1
6160,109,1
6161,69,1
6162,129,1
6163,157,1
6164,143,1
6165,109,1
6166,137,1
6167,158,1
6168,33,1
6169,28,1
6170,116,0
6171,156,1
6172,55,1
6173,73,1
6174,69,1
6175,76,1
6176,43,1
6177,30,1
6178,76,0
6179,48,1
6180,30,1
6181,116,1
6182,106,1
6183,42,1
6184,81,1
6185,92,1
6186,106,0
6187,45,1
6188,90,1
6189,18,0
6190,43,0
6191,61,1
6192,80,1
6193,91,1
6194,49,1
6195,52,1
6196,41,1
6197,27,0
6198,36,0
6199,62,1
6200,156,1
6201,158,1
6202,105,1
6203,86,1
6204,119,1
6205,143,1
6206,96,1
6207,77,1
6208,106,1
6209,84,1
6210,44,1
6211,134,1
6212,97,1
6213,65,1
6214,41,0
6215,39,0
6216,54,1
6217,200,0
6218,66,1
6219,110,1
6220,73,1
6221,196,1
6222,72,1
6223,46,1
6224,44,1
6225,49,1
6226,38,0
6227,67,1
6228,167,0
6229,72,1
6230,126,1
6231,20,0
6232,73,1
6233,161,1
6234,33,1
6235,49,0
6236,54,1
6237,27,0
6238,16,0
6239,168,1
6240,200,0
6241,200,0
6242,155,1
6243,65,1
6244,59,1
6245,93,1
6246,34,0
6247,109,1
6248,200,0
6249,200,0
6250,95,0
6251,55,1
6252,19,0
6253,97,1
6254,82,1
6255,27,0
6256,200,0
6257,200,0
6258,79,1
6259,88,1
6260,83,1
6261,42,1
6262,47,1
6263,124,1
6264,33,1
6265,42,1
6266,28,0
6267,72,1
6268,55,1
6269,107,1
6270,19,0
6271,73,1
6272,200,0
6273,40,0
6274,32,0
6275,109,1
6276,36,1
6277,118,1
6278,52,1
6279,73,1
6280,156,1
6281,75,1
6282,57,0
6283,158,1
6284,18,0
6285,43,1
6286,36,1
6287,176,1
6288,105,1
6289,58,1
6290,170,1
6291,17,0
6292,84,1
6293,78,1
6294,66,0
6295,32,1
6296,66,1
6297,33,1
6298,144,1
6299,155,1
6300,150,1
6301,27,1
6302,29,1
6303,100,1
6304,11,0
6305,15,0
6306,79,1
6307,200,0
6308,66,1
6309,64,1
6310,81,1
6311,43,1
6312,95,1
6313,76,1
6314,100,1
6315,101,1
6316,43,1
6317,33,1
6318,39,1
6319,68,1
6320,44,1
6321,147,1
6322,122,1
6323,154,1
6324,161,1
6325,61,0
6326,52,1
6327,168,1
6328,26,1
6329,133,1
6330,80,1
6331,61,0
6332,177,1
6333,167,1
6334,54,1
6335,63,1
6336,56,1
6337,28,0
6338,47,1
6339,35,1
6340,55,1
6341,22,1
6342,64,1
6343,78,1
6344,46,1
6345,30,1
6346,52,1
6347,34,1
6348,77,1
6349,69,0
6350,50,1
6351,41,1
6352,59,1
6353,40,1
6354,34,1
6355,49,1
6356,61,1
6357,46,1
6358,26,1
6359,67,1
6360,65,1
6361,52,0
6362,53,1
6363,30,0
6364,81,0
6365,149,1
6366,119,0
6367,46,1
6368,142,1
6369,36,1
6370,18,0
6371,50,1
6372,74,1
6373,78,1
6374,53,1
6375,64,1
6376,51,1
6377,72,1
6378,86,1
6379,21,0
6380,200,0
6381,78,1
6382,101,1
6383,99,1
6384,124,1
6385,70,1
6386,67,1
6387,27,1
6388,57,1
6389,51,1
6390,42,1
6391,75,0
6392,47,1
6393,71,1
6394,114,1
6395,57,1
6396,24,0
6397,99,1
6398,54,1
6399,200,0
6400,45,1
6401,185,1
6402,88,1
6403,101,1
6404,105,1
6405,62,1
6406,67,1
6407,132,1
6408,66,1
6409,32,0
6410,162,1
6411,52,1
6412,113,1
6413,79,1
6414,64,1
6415,180,1
6416,113,1
6417,83,1
6418,142,1
6419,41,0
6420,46,0
6421,93,1
6422,95,1
6423,70,1
6424,76,1
6425,95,1
6426,35,1
6427,51,1
6428,35,1
6429,93,1
6430,68,1
6431,101,1
6432,188,1
6433,37,1
6434,139,1
6435,121,1
6436,99,1
6437,58,1
6438,34,1
6439,66,1
6440,14,0
6441,37,1
6442,71,1
6443,87,1
6444,200,0
6445,58,1
6446,42,1
6447,31,0
6448,57,1
6449,82,1
6450,79,1
6451,40,1
6452,141,1
6453,60,1
6454,64,1
6455,103,1
6456,28,0
6457,56,0
6458,49,1
6459,62,1
6460,30,1
6461,184,1
6462,161,1
6463,53,1
6464,49,1
6465,113,1
6466,64,1
6467,49,1
6468,30,1
6469,103,1
6470,82,1
6471,55,1
6472,55,1
6473,200,0
6474,53,1
6475,68,1
6476,200,0
6477,49,1
6478,35,1
6479,64,1
6480,18,0
6481,83,1
6482,46,1
6483,20,0
6484,39,0
6485,200,0
6486,92,1
6487,78,0
6488,94,1
6489,83,1
6490,30,1
6491,86,1
6492,70,1
6493,44,1
6494,86,1
6495,15,0
6496,27,1
6497,49,1
6498,60,1
6499,86,0
6500,154,1
6501,66,1
6502,20,0
6503,106,1
6504,38,0
6505,110,1
6506,129,1
6507,59,0
6508,80,1
6509,48,1
6510,116,1
6511,19,0
6512,50,0
6513,55,1
6514,98,1
6515,57,1
6516,123,1
6517,120,1
6518,98,1
6519,48,1
6520,33,0
6521,37,0
6522,113,0
6523,97,1
6524,17,0
6525,60,1
6526,77,1
6527,38,0
6528,40,0
6529,54,1
6530,39,1
6531,200,0
6532,59,1
6533,112,1
6534,56,1
6535,109,1
6536,58,1
6537,176,1
6538,47,0
6539,89,1
6540,32,0
6541,49,0
6542,90,0
6543,80,1
6544,46,0
6545,78,0
6546,60,1
6547,42,1
6548,59,1
6549,176,1
6550,171,0
6551,111,1
6552,31,1
6553,100,1
6554,106,0
6555,94,1
6556,82,1
6557,54,1
6558,60,1
6559,106,1
6560,25,1
6561,20,0
6562,51,1
6563,36,1
6564,131,1
6565,144,0
6566,106,1
6567,63,1
6568,151,1
6569,117,1
6570,20,0
6571,15,0
6572,32,0
6573,56,1
6574,73,1
6575,42,0
6576,28,1
6577,101,1
6578,37,0
6579,101,0
6580,74,1
6581,19,0
6582,74,1
6583,91,1
6584,42,0
6585,61,1
6586,54,0
6587,93,1
6588,129,1
6589,112,1
6590,118,1
6591,83,1
6592,65,1
6593,77,1
6594,82,1
6595,20,1
6596,24,1
6597,139,1
6598,34,0
6599,51,1
6600,115,1
6601,75,1
6602,30,1
6603,23,1
6604,70,1
6605,26,0
6606,56,0
6607,60,1
6608,56,1
6609,67,1
6610,164,1
6611,64,1
6612,162,1
6613,32,1
6614,36,1
6615,89,1
6616,63,1
6617,52,0
6618,74,1
6619,106,1
6620,99,1
6621,34,1
6622,132,1
6623,105,1
6624,73,1
6625,107,1
6626,12,0
6627,66,1
6628,50,1
6629,45,1
6630,55,1
6631,30,1
6632,70,1
6633,56,1
6634,56,1
6635,155,1
6636,33,0
6637,148,0
6638,35,1
6639,30,1
6640,81,1
6641,93,1
6642,26,0
6643,31,1
6644,65,1
6645,56,1
6646,147,1
6647,200,0
6648,41,1
6649,190,1
6650,29,0
6651,33,1
6652,178,1
6653,43,1
6654,56,1
6655,68,1
6656,200,0
6657,26,0
6658,37,1
6659,90,1
6660,61,1
6661,48,1
6662,57,1
6663,200,0
6664,152,0
6665,58,1
6666,26,1
6667,38,1
6668,59,1
6669,40,1
6670,62,0
6671,89,0
6672,17,0
6673,59,1
6674,131,1
6675,30,0
6676,12,0
6677,144,1
6678,32,0
6679,57,1
6680,133,1
6681,82,1
6682,43,1
6683,90,1
6684,61,1
6685,80,1
6686,110,1
6687,200,0
6688,33,1
6689,193,1
6690,175,1
6691,64,1
6692,53,1
6693,168,1
6694,73,1
6695,74,1
6696,200,0
6697,200,0
6698,115,1
6699,47,1
6700,95,1
6701,57,0
6702,18,0
6703,100,1
6704,148,1
6705,41,1
6706,57,1
6707,48,1
6708,188,0
6709,21,1
6710,40,1
6711,151,1
6712,177,1
6713,61,1
6714,89,1
6715,46,1
6716,33,1
6717,43,0
6718,148,1
6719,103,0
6720,63,1
6721,74,1
6722,78,1
6723,48,1
6724,34,1
6725,38,0
6726,14,0
6727,176,1
6728,172,1
6729,57,1
6730,25,1
6731,71,1
6732,52,1
6733,49,1
6734,122,0
6735,110,1
6736,58,1
6737,40,1
6738,61,1
6739,61,1
6740,59,1
6741,82,1
6742,190,1
6743,66,1
6744,23,0
6745,88,1
6746,119,1
6747,60,1
6748,123,1
6749,53,1
6750,34,0
6751,62,1
6752,90,0
6753,22,0
6754,48,1
6755,19,0
6756,73,1
6757,115,1
6758,106,1
6759,45,1
6760,42,1
6761,106,0
6762,43,0
6763,58,0
6764,63,1
6765,28,1
6766,108,1
6767,78,1
6768,56,1
6769,106,1
6770,160,1
6771,89,1
6772,138,0
6773,114,1
6774,88,1
6775,70,1
6776,56,1
6777,82,1
6778,106,1
6779,200,0
6780,54,1
6781,135,1
6782,66,1
6783,60,1
6784,96,1
6785,161,0
6786,116,1
6787,97,1
6788,39,0
6789,18,0
6790,55,1
6791,152,1
6792,24,1
6793,109,1
6794,36,1
6795,39,1
6796,152,1
6797,78,1
6798,62,1
6799,74,0
6800,75,1
6801,117,0
6802,51,1
6803,168,1
6804,155,1
6805,62,1
6806,95,1
6807,97,1
6808,44,1
6809,64,1
6810,193,1
6811,200,0
6812,87,1
6813,84,1
6814,71,1
6815,64,1
6816,73,1
6817,65,1
6818,32,1
6819,68,0
6820,73,1
6821,78,0
6822,103,1
6823,200,0
6824,52,1
6825,100,1
6826,95,1
6827,186,1
6828,40,1
6829,105,1
6830,71,1
6831,55,1
6832,59,1
6833,27,0
6834,123,1
6835,75,0
6836,51,1
6837,200,0
6838,29,1
6839,36,1
6840,180,1
6841,85,1
6842,155,1
6843,42,1
6844,125,1
6845,87,1
6846,83,1
6847,81,1
6848,21,1
6849,75,1
6850,55,1
6851,59,1
6852,200,0
6853,86,0
6854,46,1
6855,77,1
6856,113,1
6857,20,0
6858,108,1
6859,155,1
6860,185,1
6861,49,0
6862,121,1
6863,28,0
6864,42,1
6865,130,0
6866,30,1
6867,36,1
6868,121,1
6869,50,0
6870,55,1
6871,74,1
6872,36,0
6873,107,1
6874,71,0
6875,39,1
6876,169,1
6877,58,1
6878,105,1
6879,77,1
6880,142,1
6881,148,0
6882,106,1
6883,77,0
6884,12,0
6885,35,0
6886,53,1
6887,115,1
6888,48,1
6889,51,0
6890,143,1
6891,14,0
6892,71,1
6893,133,1
6894,42,0
6895,153,1
6896,67,1
6897,76,1
6898,125,1
6899,62,1
6900,62,1
6901,56,1
6902,46,1
6903,50,0
6904,28,0
6905,167,1
6906,65,1
6907,85,1
6908,26,1
6909,84,1
6910,61,1
6911,103,0
6912,53,0
6913,163,0
6914,91,1
6915,52,0
6916,119,1
6917,42,1
6918,200,0
6919,75,1
6920,108,1
6921,34,0
6922,122,1
6923,200,0
6924,90,1
6925,111,1
6926,115,0
6927,92,1
6928,133,0
6929,99,1
6930,106,1
6931,35,1
6932,124,1
6933,101,1
6934,47,1
6935,112,1
6936,59,1
6937,129,1
6938,85,0
6939,73,1
6940,152,1
6941,72,1
6942,84,1
6943,58,1
6944,82,1
6945,83,1
6946,129,1
6947,192,1
6948,65,1
6949,44,1
6950,94,1
6951,79,0
6952,43,1
6953,107,1
6954,65,1
6955,52,1
6956,95,1
6957,42,0
6958,90,0
6959,92,1
6960,148,1
6961,115,1
6962,76,1
6963,82,1
6964,24,1
6965,69,1
6966,53,1
6967,23,0
6968,36,0
6969,192,1
6970,51,1
6971,76,1
6972,40,0
6973,36,1
6974,66,1
6975,72,1
6976,134,1
6977,12,0
6978,99,1
6979,80,1
6980,98,1
6981,52,1
6982,81,0
6983,79,1
6984,32,0
6985,38,1
6986,127,1
6987,46,1
6988,47,0
6989,31,0
6990,122,0
6991,26,0
6992,60,1
6993,62,1
6994,71,1
6995,69,1
6996,88,1
6997,54,1
6998,84,1
6999,113,1
7000,144,1
7001,135,1
7002,48,1
7003,89,1
7004,44,0
7005,24,0
7006,108,1
7007,19,0
7008,67,1
7009,200,0
7010,42,1
7011,58,1
7012,31,0
7013,63,1
7014,42,1
7015,90,1
7016,162,1
7017,32,1
7018,157,1
7019,47,1
7020,173,1
7021,123,1
7022,76,1
7023,54,1
7024,60,1
7025,90,1
7026,78,1
7027,93,1
7028,25,1
7029,11,0
7030,67,1
7031,89,1
7032,130,1
7033,44,1
7034,31,0
7035,27,1
7036,76,1
7037,75,0
7038,17,1
7039,77,1
7040,60,1
7041,139,1
7042,40,1
7043,58,0
7044,62,1
7045,153,1
7046,45,1
7047,66,1
7048,39,0
7049,85,1
7050,83,1
7051,63,1
7052,143,1
7053,88,0
7054,54,1
7055,125,1
7056,55,1
7057,58,0
7058,143,1
7059,77,1
7060,23,1
7061,57,0
7062,34,1
7063,30,0
7064,23,0
7065,42,1
7066,49,0
7067,76,1
7068,44,1
7069,92,1
7070,93,0
7071,129,1
7072,200,0
7073,55,0
7074,59,1
7075,113,1
7076,47,1
7077,200,0
7078,76,0
7079,105,1
7080,78,1
7081,78,1
7082,65,1
7083,44,0
7084,31,1
7085,67,0
7086,50,1
7087,82,1
7088,44,0
7089,60,1
7090,127,1
7091,71,0
7092,98,1
7093,121,1
7094,78,0
7095,77,1
7096,42,0
7097,200,0
7098,55,1
7099,97,1
7100,180,1
7101,87,1
7102,120,1
7103,44,1
7104,132,1
7105,109,1
7106,59,1
7107,170,1
7108,59,1
7109,86,1
7110,40,1
7111,39,1
7112,9,0
7113,112,1
7114,69,1
7115,80,0
7116,72,1
7117,60,1
7118,72,0
7119,127,1
7120,38,1
7121,49,1
7122,47,1
7123,88,1
7124,200,0
7125,169,1
7126,138,1
7127,73,1
7128,160,1
7129,28,1
7130,92,1
7131,158,1
7132,93,1
7133,63,1
7134,121,1
7135,30,1
7136,96,1
7137,27,1
7138,43,1
7139,103,1
7140,76,1
7141,82,1
7142,200,0
7143,113,1
7144,134,1
7145,171,1
7146,23,1
7147,97,1
7148,46,0
7149,56,1
7150,31,0
7151,156,1
7152,32,1
7153,67,1
7154,200,0
7155,12,0
7156,74,1
7157,184,1
7158,83,1
7159,39,1
7160,77,1
7161,70,1
7162,153,1
7163,172,1
7164,102,1
7165,30,1
7166,170,1
7167,64,1
7168,126,1
7169,110,1
7170,62,1
7171,35,1
7172,138,1
7173,133,1
7174,99,0
7175,149,1
7176,41,1
7177,32,1
7178,113,1
7179,200,0
7180,200,0
7181,112,1
7182,72,0
7183,99,1
7184,142,1
7185,42,1
7186,86,1
7187,53,1
7188,66,1
7189,68,1
7190,73,1
7191,50,1
7192,21,0
7193,85,1
7194,89,1
7195,80,1
7196,113,1
7197,50,1
7198,137,1
7199,51,1
7200,47,1
7201,60,0
7202,38,1
7203,50,1
7204,145,1
7205,122,1
7206,89,1
7207,73,1
7208,88,1
7209,37,1
7210,69,0
7211,33,1
7212,42,0
7213,35,0
7214,34,0
7215,99,1
7216,39,1
7217,87,1
7218,53,1
7219,57,1
7220,44,1
7221,46,0
7222,60,0
7223,36,1
7224,157,1
7225,111,0
7226,63,1
7227,13,0
7228,90,0
7229,92,1
7230,57,1
7231,60,0
7232,127,0
7233,116,1
7234,71,1
7235,70,1
7236,44,1
7237,23,0
7238,66,1
7239,48,1
7240,173,1
7241,138,1
7242,100,1
7243,90,1
7244,77,1
7245,108,1
7246,26,0
7247,37,1
7248,72,1
7249,82,0
7250,21,0
7251,75,0
7252,72,1
7253,133,1
7254,69,1
7255,55,1
7256,82,1
7257,63,1
7258,116,1
7259,54,1
7260,45,1
7261,69,1
7262,66,1
7263,56,1
7264,52,1
7265,59,1
7266,102,1
7267,200,0
7268,74,1
7269,18,0
7270,80,1
7271,52,0
7272,34,1
7273,79,1
7274,117,1
7275,63,1
7276,81,1
7277,142,1
7278,34,1
7279,28,0
7280,44,1
7281,63,1
7282,50,1
7283,101,1
7284,138,1
7285,88,1
7286,51,1
7287,86,1
7288,20,0
7289,168,1
7290,65,1
7291,66,1
7292,55,1
7293,53,0
7294,83,1
7295,200,0
7296,70,1
7297,41,0
7298,77,1
7299,59,1
7300,83,1
7301,70,1
7302,72,1
7303,175,1
7304,90,1
7305,70,1
7306,68,1
7307,62,1
7308,27,1
7309,34,1
7310,118,1
7311,39,1
7312,128,0
7313,192,1
7314,22,0
7315,44,1
7316,40,1
7317,68,1
7318,29,1
7319,25,0
7320,56,1
7321,38,1
7322,56,1
7323,115,1
7324,66,0
7325,84,1
7326,86,1
7327,67,1
7328,76,1
7329,75,0
7330,120,1
7331,68,1
7332,76,1
7333,38,1
7334,140,1
7335,64,1
7336,34,1
7337,95,1
7338,39,1
7339,61,1
7340,37,0
7341,137,1
7342,171,1
7343,195,1
7344,60,1
7345,71,1
7346,40,1
7347,27,1
7348,106,1
7349,143,1
7350,85,0
7351,22,0
7352,54,0
7353,40,1
7354,67,1
7355,60,1
7356,36,1
7357,16,0
7358,103,1
7359,81,0
7360,69,1
7361,52,1
7362,129,1
7363,69,1
7364,36,0
7365,42,0
7366,72,1
7367,119,1
7368,135,1
7369,60,1
7370,109,1
7371,103,1
7372,97,1
7373,55,1
7374,89,1
7375,78,1
7376,71,1
7377,63,1
7378,22,0
7379,44,1
7380,84,0
7381,137,1
7382,38,1
7383,52,1
7384,72,1
7385,51,1
7386,67,1
7387,182,1
7388,56,1
7389,91,1
7390,23,1
7391,61,1
7392,24,0
7393,150,1
7394,71,1
7395,38,0
7396,75,1
7397,43,1
7398,161,1
7399,131,1
7400,98,1
7401,64,1
7402,42,1
7403,64,1
7404,57,0
7405,51,1
7406,56,1
7407,88,1
7408,175,1
7409,34,0
7410,136,1
7411,34,0
7412,118,1
7413,14,0
7414,193,1
7415,21,1
7416,47,1
7417,36,1
7418,24,0
7419,111,0
7420,44,1
7421,59,1
7422,61,1
7423,107,1
7424,78,1
7425,199,1
7426,38,0
7427,88,1
7428,55,1
7429,79,1
7430,71,1
7431,34,1
7432,37,1
7433,91,0
7434,50,1
7435,121,1
7436,38,0
7437,101,1
7438,79,1
7439,40,1
7440,152,1
7441,53,1
7442,89,0
7443,50,0
7444,83,1
7445,78,1
7446,35,0
7447,103,1
7448,57,1
7449,161,1
7450,183,1
7451,76,1
7452,33,1
7453,57,1
7454,51,1
7455,53,1
7456,141,1
7457,200,0
7458,47,1
7459,88,0
7460,21,0
7461,45,1
7462,21,0
7463,44,1
7464,37,1
7465,78,1
7466,27,1
7467,126,1
7468,148,0
7469,49,1
7470,42,1
7471,24,0
7472,200,0
7473,97,1
7474,66,1
7475,40,1
7476,45,1
7477,135,1
7478,147,1
7479,26,0
7480,30,1
7481,111,1
7482,124,1
7483,59,1
7484,52,1
7485,63,0
7486,112,1
7487,42,1
7488,66,1
7489,112,1
7490,81,1
7491,43,1
7492,143,1
7493,141,1
7494,115,1
7495,65,0
7496,51,1
7497,66,1
7498,119,1
7499,79,1
7500,64,1
7501,149,1
7502,200,0
7503,54,1
7504,80,1
7505,107,0
7506,83,1
7507,53,1
7508,31,1
7509,49,1
7510,38,1
7511,88,1
7512,66,1
7513,57,1
7514,34,1
7515,66,1
7516,44,1
7517,173,1
7518,55,1
7519,32,1
7520,52,1
7521,200,1
7522,117,1
7523,102,1
7524,77,1
7525,68,1
7526,149,1
7527,118,1
7528,33,0
7529,149,1
7530,60,1
7531,51,1
7532,101,1
7533,55,1
7534,47,1
7535,26,1
7536,77,1
7537,157,1
7538,88,1
7539,27,0
7540,48,1
7541,21,0
7542,160,1
7543,74,1
7544,200,0
7545,68,1
7546,33,1
7547,41,1
7548,132,1
7549,49,1
7550,59,1
7551,141,1
7552,147,1
7553,51,1
7554,46,1
7555,71,1
7556,54,1
7557,37,1
7558,66,1
7559,35,1
7560,88,1
7561,22,0
7562,154,1
7563,186,1
7564,130,1
7565,126,1
7566,87,1
7567,94,1
7568,181,1
7569,102,1
7570,20,0
7571,67,1
7572,37,1
7573,96,1
7574,112,1
7575,108,0
7576,55,1
7577,64,1
7578,32,0
7579,52,1
7580,52,1
7581,107,1
7582,47,1
7583,31,0
7584,119,1
7585,116,1
7586,50,1
7587,155,1
7588,66,0
7589,74,1
7590,98,1
7591,81,1
7592,98,1
7593,46,1
7594,172,0
7595,105,1
7596,33,1
7597,200,0
7598,73,0
7599,82,1
7600,102,1
7601,41,1
7602,51,0
7603,94,1
7604,126,1
7605,124,1
7606,54,1
7607,107,1
7608,59,1
7609,53,1
7610,41,1
7611,75,0
7612,100,1
7613,126,1
7614,59,1
7615,123,1
7616,44,1
7617,117,1
7618,148,1
7619,25,0
7620,38,1
7621,41,1
7622,48,1
7623,96,1
7624,56,1
7625,67,1
7626,169,1
7627,49,1
7628,96,1
7629,39,1
7630,58,1
7631,133,1
7632,22,1
7633,48,1
7634,55,1
7635,75,1
7636,64,1
7637,53,1
7638,200,0
7639,43,1
7640,34,1
7641,200,0
7642,52,1
7643,200,0
7644,31,1
7645,45,0
7646,58,1
7647,43,1
7648,95,1
7649,52,1
7650,64,1
7651,36,0
7652,79,0
7653,43,1
7654,107,1
7655,70,1
7656,78,1
7657,105,1
7658,82,1
7659,103,1
7660,92,1
7661,35,1
7662,35,1
7663,53,1
7664,47,1
7665,36,1
7666,30,0
7667,36,1
7668,70,1
7669,151,1
7670,64,1
7671,39,1
7672,49,1
7673,31,1
7674,85,1
7675,42,1
7676,68,1
7677,106,1
7678,71,1
7679,75,0
7680,120,1
7681,49,1
7682,85,1
7683,35,0
7684,200,0
7685,95,1
7686,76,1
7687,60,1
7688,70,0
7689,82,1
7690,118,1
7691,34,0
7692,30,1
7693,82,1
7694,169,1
7695,53,1
7696,34,1
7697,28,0
7698,55,1
7699,68,1
7700,145,1
7701,114,1
7702,65,1
7703,88,1
7704,157,1
7705,131,1
7706,32,1
7707,32,1
7708,85,1
7709,50,1
7710,85,1
7711,66,1
7712,200,0
7713,59,1
7714,27,0
7715,132,0
7716,92,1
7717,12,0
7718,93,1
7719,111,1
7720,115,1
7721,30,1
7722,50,1
7723,69,1
7724,54,1
7725,41,1
7726,38,0
7727,82,1
7728,41,1
7729,9,0
7730,52,1
7731,26,0
7732,107,1
7733,102,1
7734,60,1
7735,38,1
7736,51,0
7737,38,0
7738,46,1
7739,34,1
7740,94,1
7741,47,1
7742,184,1
7743,96,0
7744,34,1
7745,58,1
7746,49,1
7747,139,1
7748,87,1
7749,130,1
7750,77,1
7751,78,1
7752,49,0
7753,88,1
7754,59,0
7755,40,1
7756,61,1
7757,105,1
7758,64,1
7759,70,0
7760,61,1
7761,11,0
7762,156,1
7763,69,1
7764,76,1
7765,122,0
7766,72,1
7767,36,1
7768,103,1
7769,40,1
7770,71,1
7771,51,1
7772,31,1
7773,55,1
7774,26,0
7775,55,0
7776,96,0
7777,63,1
7778,154,1
7779,114,1
7780,40,0
7781,47,0
7782,68,1
7783,149,1
7784,40,1
7785,57,1
7786,56,1
7787,61,1
7788,63,1
7789,62,0
7790,116,0
7791,149,1
7792,70,1
7793,200,0
7794,37,0
7795,136,1
7796,70,1
7797,90,1
7798,35,1
7799,80,1
7800,96,1
7801,105,1
7802,137,0
7803,82,0
7804,73,1
7805,70,1
7806,52,1
7807,126,1
7808,50,1
7809,83,1
7810,25,0
7811,187,1
7812,44,1
7813,23,1
7814,41,1
7815,61,0
7816,62,0
7817,158,1
7818,94,1
7819,61,1
7820,68,1
7821,87,1
7822,55,1
7823,49,1
7824,112,1
7825,36,0
7826,169,1
7827,105,1
7828,61,1
7829,31,1
7830,23,0
7831,59,0
7832,128,1
7833,103,1
7834,128,1
7835,64,0
7836,123,1
7837,150,1
7838,95,1
7839,35,1
7840,75,1
7841,101,1
7842,135,1
7843,71,1
7844,77,1
7845,38,1
7846,53,0
7847,59,1
7848,18,0
7849,39,0
7850,55,0
7851,46,1
7852,103,1
7853,22,1
7854,34,1
7855,73,1
7856,57,1
7857,47,0
7858,134,0
7859,42,1
7860,165,1
7861,79,1
7862,31,1
7863,41,1
7864,38,1
7865,66,1
7866,32,0
7867,55,1
7868,96,1
7869,71,0
7870,86,1
7871,138,1
7872,64,1
7873,85,1
7874,131,1
7875,69,0
7876,29,0
7877,80,1
7878,51,1
7879,62,1
7880,28,1
7881,48,0
7882,126,1
7883,132,1
7884,94,1
7885,26,1
7886,48,1
7887,131,0
7888,55,1
7889,117,1
7890,160,1
7891,60,1
7892,49,1
7893,21,0
7894,76,0
7895,57,0
7896,86,1
7897,48,1
7898,45,1
7899,64,1
7900,51,1
7901,63,1
7902,100,1
7903,172,0
7904,66,1
7905,45,1
7906,36,1
7907,71,1
7908,75,1
7909,40,1
7910,51,1
7911,27,0
7912,122,1
7913,64,0
7914,124,1
7915,60,1
7916,125,1
7917,136,1
7918,83,1
7919,20,0
7920,42,1
7921,96,1
7922,133,1
7923,111,1
7924,200,0
7925,88,1
7926,31,0
7927,114,1
7928,81,1
7929,49,0
7930,84,1
7931,31,1
7932,29,1
7933,200,0
7934,44,1
7935,31,0
7936,63,1
7937,40,1
7938,58,1
7939,101,1
7940,155,1
7941,80,1
7942,114,1
7943,113,0
7944,200,0
7945,65,1
7946,55,1
7947,58,1
7948,65,1
7949,71,1
7950,76,1
7951,92,1
7952,46,1
7953,31,0
7954,120,1
7955,59,1
7956,52,1
7957,37,0
7958,39,0
7959,88,1
7960,15,0
7961,69,1
7962,188,1
7963,74,1
7964,67,1
7965,45,1
7966,110,1
7967,43,0
7968,38,1
7969,176,1
7970,133,1
7971,31,1
7972,122,1
7973,93,1
7974,56,1
7975,36,1
7976,36,0
7977,102,1
7978,50,1
7979,61,1
7980,33,0
7981,29,1
7982,109,1
7983,42,0
7984,35,1
7985,74,1
7986,37,1
7987,22,1
7988,31,0
7989,37,0
7990,36,0
7991,200,0
7992,127,1
7993,41,1
7994,200,0
7995,84,1
7996,50,1
7997,39,1
7998,30,1
7999,53,1
8000,58,0
8001,108,1
8002,65,1
8003,57,1
8004,77,1
8005,84,1
8006,44,1
8007,65,1
8008,49,1
8009,28,1
8010,96,1
8011,90,1
8012,50,1
8013,129,1
8014,85,1
8015,26,1
8016,85,1
8017,65,1
8018,19,0
8019,189,0
8020,72,1
8021,40,0
8022,36,1
8023,133,1
8024,84,1
8025,89,1
8026,82,1
8027,74,1
8028,70,1
8029,77,0
8030,15,0
8031,108,1
8032,7,0
8033,57,0
8034,47,1
8035,81,1
8036,61,1
8037,108,1
8038,41,1
8039,94,1
8040,35,1
8041,46,1
8042,190,1
8043,107,1
8044,159,1
8045,82,0
8046,88,0
8047,178,1
8048,74,1
8049,53,1
8050,134,1
8051,87,1
8052,97,1
8053,102,1
8054,136,1
8055,22,0
8056,36,0
8057,82,1
8058,125,1
8059,35,1
8060,96,1
8061,87,1
8062,77,1
8063,43,1
8064,48,1
8065,71,1
8066,141,1
8067,89,1
8068,33,0
8069,23,0
8070,95,1
8071,40,0
8072,63,1
8073,63,1
8074,126,0
8075,116,1
8076,200,0
8077,89,1
8078,13,0
8079,55,1
8080,59,1
8081,91,1
8082,38,1
8083,38,1
8084,41,1
8085,28,0
8086,108,1
8087,71,1
8088,40,1
8089,86,0
8090,52,1
8091,39,1
8092,129,1
8093,139,1
8094,114,1
8095,36,1
8096,117,1
8097,27,0
8098,71,1
8099,43,1
8100,172,1
8101,46,1
8102,88,1
8103,50,1
8104,68,0
8105,103,1
8106,33,1
8107,84,1
8108,114,1
8109,95,1
8110,41,1
8111,169,0
8112,77,1
8113,191,0
8114,139,1
8115,128,1
8116,135,1
8117,80,1
8118,30,1
8119,200,0
8120,148,1
8121,152,1
8122,113,1
8123,156,0
8124,62,1
8125,52,0
8126,73,1
8127,90,1
8128,34,1
8129,36,0
8130,86,1
8131,200,0
8132,94,1
8133,79,1
8134,47,1
8135,34,1
8136,127,1
8137,63,1
8138,66,1
8139,53,1
8140,27,0
8141,63,1
8142,48,1
8143,70,1
8144,73,1
8145,27,0
8146,128,1
8147,69,1
8148,99,1
8149,90,1
8150,172,1
8151,63,1
8152,61,1
8153,75,1
8154,68,1
8155,53,1
8156,200,0
8157,32,0
8158,39,1
8159,192,1
8160,118,1
8161,198,1
8162,40,0
8163,70,1
8164,195,1
8165,67,1
8166,79,1
8167,33,1
8168,58,1
8169,100,1
8170,41,1
8171,86,1
8172,103,1
8173,59,1
8174,49,1
8175,77,1
8176,100,1
8177,54,1
8178,26,1
8179,90,0
8180,25,1
8181,56,1
8182,57,1
8183,50,1
8184,83,1
8185,74,1
8186,89,1
8187,181,1
8188,61,1
8189,44,1
8190,164,1
8191,19,0
8192,65,1
8193,37,1
8194,108,1
8195,114,1
8196,74,1
8197,55,1
8198,39,1
8199,77,1
8200,73,1
8201,52,1
8202,73,1
8203,89,1
8204,147,1
8205,27,0
8206,105,1
8207,86,1
8208,133,1
8209,28,1
8210,57,1
8211,55,1
8212,117,1
8213,97,0
8214,78,1
8215,76,1
8216,100,1
8217,64,1
8218,70,1
8219,58,1
8220,60,1
8221,41,1
8222,43,1
8223,70,1
8224,63,1
8225,113,0
8226,109,1
8227,200,0
8228,18,0
8229,57,1
8230,32,1
8231,101,1
8232,34,0
8233,78,1
8234,42,1
8235,56,1
8236,92,1
8237,155,1
8238,40,1
8239,51,1
8240,107,1
8241,95,1
8242,61,0
8243,85,1
8244,54,1
8245,29,1
8246,53,1
8247,114,0
8248,73,0
8249,73,0
8250,82,1
8251,89,1
8252,74,1
8253,32,0
8254,66,1
8255,33,0
8256,57,1
8257,84,1
8258,41,1
8259,102,1
8260,200,0
8261,32,0
8262,50,1
8263,55,1
8264,88,1
8265,42,1
8266,54,0
8267,52,1
8268,30,0
8269,33,0
8270,71,1
8271,51,1
8272,62,1
8273,53,1
8274,19,0
8275,77,1
8276,39,1
8277,93,1
8278,188,1
8279,106,1
8280,169,1
8281,44,0
8282,39,1
8283,109,1
8284,88,1
8285,90,1
8286,65,1
8287,39,1
8288,93,1
8289,60,1
8290,117,1
8291,63,1
8292,71,0
8293,74,1
8294,79,1
8295,86,1
8296,101,0
8297,75,1
8298,49,1
8299,90,1
8300,73,1
8301,119,1
8302,141,1
8303,54,1
8304,40,1
8305,200,0
8306,22,0
8307,65,1
8308,28,1
8309,56,1
8310,86,1
8311,82,1
8312,56,1
8313,82,1
8314,26,1
8315,114,1
8316,120,1
8317,42,0
8318,153,1
8319,107,1
8320,38,0
8321,61,1
8322,49,1
8323,82,1
8324,159,1
8325,33,1
8326,91,1
8327,55,1
8328,87,1
8329,142,1
8330,50,1
8331,44,1
8332,50,1
8333,76,1
8334,93,1
8335,85,1
8336,71,1
8337,44,0
8338,71,1
8339,72,1
8340,34,1
8341,90,1
8342,140,1
8343,36,1
8344,45,1
8345,37,1
8346,52,0
8347,38,1
8348,145,0
8349,74,0
8350,69,1
8351,51,1
8352,141,1
8353,42,1
8354,71,0
8355,89,1
8356,61,1
8357,39,1
8358,77,1
8359,41,0
8360,25,0
8361,68,1
8362,80,1
8363,81,1
8364,51,1
8365,81,1
8366,69,1
8367,73,1
8368,134,1
8369,24,1
8370,31,0
8371,48,1
8372,57,0
8373,41,1
8374,35,0
8375,86,1
8376,133,0
8377,94,1
8378,42,1
8379,55,1
8380,40,1
8381,200,0
8382,36,1
8383,76,1
8384,66,1
8385,30,0
8386,188,1
8387,28,0
8388,77,1
8389,118,1
8390,23,0
8391,51,1
8392,67,1
8393,49,0
8394,99,1
8395,134,1
8396,73,1
8397,104,1
8398,75,1
8399,81,1
8400,174,1
8401,32,1
8402,118,1
8403,73,1
8404,80,1
8405,92,1
8406,82,1
8407,111,0
8408,27,1
8409,94,1
8410,94,1
8411,200,0
8412,28,1
8413,56,1
8414,27,1
8415,46,1
8416,146,1
8417,142,1
8418,111,1
8419,25,0
8420,76,1
8421,54,1
8422,29,1
8423,64,0
8424,100,1
8425,23,0
8426,33,1
8427,27,0
8428,62,1
8429,66,1
8430,33,1
8431,117,1
8432,167,1
8433,82,1
8434,42,1
8435,58,1
8436,77,1
8437,102,1
8438,144,1
8439,58,1
8440,138,1
8441,61,1
8442,173,1
8443,82,1
8444,35,1
8445,56,1
8446,45,0
8447,93,1
8448,34,1
8449,59,1
8450,30,0
8451,32,1
8452,69,1
8453,138,1
8454,115,1
8455,58,1
8456,22,0
8457,42,1
8458,153,1
8459,71,1
8460,114,1
8461,53,1
8462,47,0
8463,116,1
8464,33,1
8465,112,0
8466,62,1
8467,41,1
8468,40,1
8469,200,0
8470,118,1
8471,141,1
8472,90,0
8473,40,1
8474,132,1
8475,109,1
8476,55,1
8477,131,1
8478,59,1
8479,100,1
8480,95,1
8481,53,1
8482,72,1
8483,45,1
8484,77,1
8485,83,1
8486,39,1
8487,37,0
8488,141,1
8489,139,1
8490,126,1
8491,106,1
8492,122,1
8493,200,0
8494,58,1
8495,65,1
8496,52,1
8497,149,1
8498,77,0
8499,54,1
8500,60,1
8501,165,0
8502,75,1
8503,62,1
8504,41,1
8505,56,1
8506,115,1
8507,56,1
8508,54,1
8509,57,1
8510,41,0
8511,61,1
8512,70,1
8513,45,1
8514,180,1
8515,45,1
8516,25,0
8517,53,1
8518,64,1
8519,69,1
8520,44,1
8521,33,0
8522,38,1
8523,36,1
8524,39,1
8525,101,1
8526,95,1
8527,63,1
8528,87,0
8529,30,1
8530,85,1
8531,55,1
8532,54,0
8533,39,1
8534,80,1
8535,61,1
8536,84,1
8537,27,1
8538,115,1
8539,81,1
8540,117,1
8541,37,0
8542,17,0
8543,37,1
8544,58,1
8545,98,1
8546,51,1
8547,45,1
8548,16,0
8549,158,1
8550,51,1
8551,92,1
8552,53,1
8553,74,1
8554,80,1
8555,42,1
8556,139,1
8557,60,1
8558,96,0
8559,136,1
8560,62,1
8561,98,1
8562,33,1
8563,132,1
8564,88,0
8565,91,0
8566,85,1
8567,38,1
8568,188,1
8569,38,1
8570,120,1
8571,32,0
8572,44,0
8573,81,1
8574,89,1
8575,163,1
8576,24,0
8577,116,1
8578,92,1
8579,80,1
8580,100,1
8581,101,1
8582,96,1
8583,76,1
8584,34,0
8585,17,0
8586,123,1
8587,114,0
8588,58,1
8589,135,1
8590,52,1
8591,86,0
8592,96,1
8593,104,1
8594,49,1
8595,24,1
8596,100,1
8597,42,1
8598,17,0
8599,41,1
8600,200,0
8601,78,1
8602,200,0
8603,32,1
8604,50,0
8605,93,1
8606,44,0
8607,46,1
8608,68,1
8609,47,0
8610,47,0
8611,69,1
8612,45,1
8613,181,1
8614,74,1
8615,82,0
8616,31,1
8617,56,1
8618,40,1
8619,127,1
8620,38,1
8621,154,1
8622,66,1
8623,29,0
8624,63,1
8625,51,0
8626,33,1
8627,63,1
8628,55,1
8629,36,1
8630,67,1
8631,46,0
8632,55,1
8633,67,1
8634,56,1
8635,79,1
8636,69,1
8637,47,1
8638,120,1
8639,20,0
8640,199,1
8641,69,1
8642,85,1
8643,200,0
8644,113,1
8645,84,1
8646,64,0
8647,110,1
8648,99,1
8649,36,0
8650,67,1
8651,70,1
8652,80,1
8653,35,0
8654,39,1
8655,36,1
8656,46,1
8657,77,1
8658,64,1
8659,49,1
8660,71,0
8661,51,1
8662,126,1
8663,166,1
8664,57,1
8665,113,1
8666,62,1
8667,37,1
8668,67,0
8669,141,1
8670,44,1
8671,11,0
8672,200,0
8673,151,1
8674,114,1
8675,56,1
8676,57,0
8677,40,1
8678,74,1
8679,92,1
8680,58,1
8681,56,1
8682,124,1
8683,46,1
8684,108,1
8685,28,1
8686,50,0
8687,53,1
8688,124,1
8689,102,1
8690,35,1
8691,58,1
8692,66,0
8693,73,1
8694,40,1
8695,40,1
8696,72,1
8697,124,1
8698,102,1
8699,70,1
8700,41,0
8701,171,1
8702,88,0
8703,53,1
8704,142,1
8705,67,1
8706,45,1
8707,78,1
8708,101,1
8709,165,0
8710,30,1
8711,55,1
8712,50,1
8713,120,1
8714,79,1
8715,45,1
8716,53,1
8717,123,1
8718,69,1
8719,110,1
8720,28,0
8721,57,1
8722,90,1
8723,52,1
8724,47,1
8725,48,1
8726,62,1
8727,179,1
8728,81,1
8729,41,1
8730,67,1
8731,191,1
8732,27,0
8733,24,0
8734,89,0
8735,75,1
8736,41,0
8737,144,1
8738,150,1
8739,55,1
8740,87,1
8741,66,1
8742,121,1
8743,74,1
8744,76,1
8745,39,0
8746,77,1
8747,57,1
8748,82,1
8749,143,1
8750,72,1
8751,35,1
8752,145,0
8753,82,0
8754,126,0
8755,112,1
8756,51,1
8757,47,1
8758,66,1
8759,43,1
8760,96,0
8761,91,1
8762,156,1
8763,76,1
8764,36,1
8765,177,1
8766,126,1
8767,45,1
8768,16,0
8769,58,0
8770,83,1
8771,29,0
8772,54,0
8773,119,1
8774,46,0
8775,33,1
8776,78,1
8777,43,0
8778,121,1
8779,67,1
8780,128,1
8781,72,1
8782,76,1
8783,66,1
8784,66,1
8785,63,1
8786,54,1
8787,89,1
8788,89,1
8789,38,1
8790,40,1
8791,162,1
8792,56,1
8793,63,1
8794,52,1
8795,113,1
8796,66,1
8797,95,1
8798,59,1
8799,92,1
8800,30,1
8801,32,0
8802,60,0
8803,74,1
8804,42,0
8805,111,1
8806,87,1
8807,67,1
8808,46,1
8809,63,1
8810,88,1
8811,107,1
8812,177,1
8813,90,1
8814,38,1
8815,85,1
8816,64,1
8817,65,1
8818,191,1
8819,83,1
8820,98,1
8821,111,1
8822,87,1
8823,124,1
8824,59,1
8825,153,1
8826,108,0
8827,78,1
8828,34,1
8829,200,0
8830,59,1
8831,122,1
8832,80,1
8833,130,1
8834,26,0
8835,68,1
8836,67,1
8837,43,1
8838,159,0
8839,62,1
8840,153,1
8841,139,1
8842,93,1
8843,73,1
8844,131,1
8845,56,1
8846,35,1
8847,136,0
8848,40,1
8849,56,1
8850,133,1
8851,53,0
8852,32,0
8853,54,1
8854,60,0
8855,37,1
8856,58,1
8857,47,1
8858,76,0
8859,36,0
8860,71,1
8861,77,1
8862,146,1
8863,53,1
8864,28,0
8865,58,1
8866,124,1
8867,19,0
8868,30,1
8869,89,1
8870,49,1
8871,29,0
8872,70,1
8873,105,0
8874,52,1
8875,126,1
8876,90,1
8877,83,1
8878,66,1
8879,71,1
8880,77,1
8881,56,1
8882,39,1
8883,55,1
8884,59,1
8885,131,1
8886,40,1
8887,67,1
8888,109,1
8889,200,0
8890,37,0
8891,35,1
8892,34,1
8893,158,1
8894,84,1
8895,100,1
8896,78,0
8897,37,0
8898,105,0
8899,17,0
8900,155,1
8901,79,1
8902,67,1
8903,138,0
8904,58,1
8905,45,1
8906,69,1
8907,57,1
8908,114,0
8909,41,1
8910,115,1
8911,101,1
8912,50,1
8913,97,0
8914,78,1
8915,55,1
8916,120,1
8917,72,1
8918,34,1
8919,76,1
8920,78,1
8921,65,1
8922,133,1
8923,52,1
8924,135,1
8925,59,0
8926,66,1
8927,75,1
8928,91,1
8929,63,1
8930,136,1
8931,61,1
8932,31,1
8933,48,1
8934,142,0
8935,104,1
8936,52,1
8937,24,1
8938,46,1
8939,78,1
8940,99,0
8941,18,0
8942,47,0
8943,116,0
8944,95,1
8945,100,1
8946,153,0
8947,149,1
8948,79,1
8949,34,1
8950,41,1
8951,93,1
8952,200,0
8953,91,1
8954,49,0
8955,64,1
8956,26,0
8957,55,1
8958,44,1
8959,149,1
8960,176,1
8961,28,1
8962,49,1
8963,81,1
8964,69,1
8965,30,1
8966,85,1
8967,50,1
8968,144,1
8969,36,0
8970,37,0
8971,52,1
8972,38,1
8973,58,1
8974,50,1
8975,48,1
8976,57,1
8977,27,0
8978,120,1
8979,75,1
8980,200,0
8981,70,1
8982,200,0
8983,124,1
8984,44,1
8985,94,1
8986,182,1
8987,200,0
8988,73,1
8989,120,1
8990,78,1
8991,68,1
8992,141,1
8993,61,1
8994,36,1
8995,200,0
8996,47,1
8997,72,1
8998,97,1
8999,86,1
9000,63,1
9001,67,1
9002,78,1
9003,61,1
9004,35,1
9005,126,1
9006,104,1
9007,35,1
9008,28,0
9009,58,1
9010,98,1
9011,15,0
9012,61,0
9013,49,1
9014,65,1
9015,48,1
9016,45,1
9017,150,1
9018,131,1
9019,177,1
9020,62,1
9021,94,1
9022,102,1
9023,58,1
9024,46,1
9025,44,1
9026,64,1
9027,31,1
9028,80,1
9029,85,1
9030,24,1
9031,141,1
9032,83,1
9033,48,0
9034,38,1
9035,72,1
9036,66,1
9037,57,1
9038,24,0
9039,155,1
9040,40,1
9041,97,1
9042,83,1
9043,101,0
9044,64,1
9045,41,1
9046,48,1
9047,63,1
9048,87,1
9049,40,1
9050,47,1
9051,66,0
9052,29,1
9053,36,1
9054,113,1
9055,88,1
9056,36,1
9057,84,1
9058,53,1
9059,72,1
9060,40,1
9061,105,1
9062,95,1
9063,52,1
9064,25,1
9065,33,0
9066,124,1
9067,90,0
9068,34,1
9069,155,1
9070,167,1
9071,85,1
9072,65,1
9073,37,1
9074,71,1
9075,50,0
9076,74,1
9077,23,0
9078,97,0
9079,100,1
9080,16,0
9081,32,1
9082,47,1
9083,47,0
9084,74,1
9085,50,0
9086,125,1
9087,58,1
9088,24,1
9089,155,1
9090,64,1
9091,140,0
9092,71,1
9093,54,1
9094,61,1
9095,37,1
9096,76,1
9097,106,1
9098,46,1
9099,108,1
9100,98,1
9101,167,1
9102,62,1
9103,81,1
9104,200,0
9105,103,1
9106,45,0
9107,112,1
9108,60,1
9109,80,1
9110,68,0
9111,200,0
9112,93,1
9113,186,1
9114,60,1
9115,107,1
9116,58,1
9117,99,1
9118,42,1
9119,53,0
9120,51,1
9121,98,1
9122,59,1
9123,38,1
9124,170,1
9125,132,1
9126,56,0
9127,39,1
9128,65,1
9129,39,1
9130,81,1
9131,62,1
9132,43,1
9133,93,1
9134,70,1
9135,108,1
9136,54,1
9137,89,1
9138,70,1
9139,31,0
9140,42,0
9141,28,1
9142,45,1
9143,20,0
9144,60,1
9145,65,1
9146,30,1
9147,62,0
9148,200,0
9149,60,1
9150,52,0
9151,200,0
9152,86,1
9153,43,1
9154,126,1
9155,77,1
9156,58,0
9157,45,1
9158,84,1
9159,66,1
9160,99,1
9161,77,1
9162,89,1
9163,54,1
9164,44,1
9165,38,0
9166,91,1
9167,78,1
9168,89,1
9169,81,1
9170,27,1
9171,41,1
9172,109,1
9173,51,1
9174,200,0
9175,58,1
9176,49,1
9177,63,0
9178,42,1
9179,73,0
9180,42,1
9181,34,1
9182,130,1
9183,126,1
9184,44,1
9185,75,1
9186,67,1
9187,76,0
9188,44,0
9189,98,1
9190,45,1
9191,69,1
9192,66,1
9193,184,1
9194,46,1
9195,83,1
9196,77,1
9197,69,1
9198,41,1
9199,39,1
9200,177,1
9201,109,1
9202,62,1
9203,93,1
9204,126,1
9205,42,1
9206,98,1
9207,75,1
9208,119,1
9209,77,1
9210,46,1
9211,133,1
9212,79,1
9213,20,0
9214,131,1
9215,74,1
9216,47,1
9217,64,1
9218,100,1
9219,200,0
9220,64,1
9221,177,1
9222,37,1
9223,52,1
9224,86,1
9225,56,1
9226,49,1
9227,68,1
9228,77,1
9229,41,1
9230,133,1
9231,50,1
9232,145,1
9233,29,1
9234,67,1
9235,48,1
9236,111,1
9237,38,1
9238,77,1
9239,43,1
9240,106,1
9241,83,1
9242,39,1
9243,25,1
9244,55,1
9245,62,1
9246,93,1
9247,67,1
9248,94,1
9249,90,1
9250,86,1
9251,54,1
9252,47,1
9253,154,1
9254,69,1
9255,55,1
9256,66,1
9257,41,1
9258,159,1
9259,30,0
9260,200,0
9261,110,1
9262,43,0
9263,83,1
9264,49,1
9265,131,1
9266,52,1
9267,129,0
9268,66,1
9269,24,1
9270,78,1
9271,22,0
9272,63,1
9273,93,1
9274,53,1
9275,36,0
9276,30,1
9277,77,1
9278,35,0
9279,111,1
9280,138,1
9281,22,0
9282,44,1
9283,31,0
9284,53,1
9285,200,0
9286,155,1
9287,57,0
9288,105,1
9289,66,1
9290,156,1
9291,83,1
9292,82,0
9293,74,0
9294,59,1
9295,114,1
9296,200,0
9297,189,1
9298,85,1
9299,61,1
9300,108,1
9301,92,0
9302,78,1
9303,28,0
9304,77,1
9305,69,1
9306,141,1
9307,93,1
9308,65,1
9309,32,1
9310,137,1
9311,42,1
9312,54,1
9313,50,1
9314,67,1
9315,124,1
9316,18,0
9317,76,1
9318,163,1
9319,61,1
9320,24,0
9321,136,1
9322,88,1
9323,77,1
9324,86,1
9325,116,1
9326,57,1
9327,200,0
9328,46,0
9329,110,1
9330,125,1
9331,19,0
9332,155,0
9333,170,1
9334,97,1
9335,44,0
9336,40,1
9337,92,1
9338,128,1
9339,90,1
9340,91,1
9341,14,0
9342,77,1
9343,53,1
9344,19,0
9345,77,1
9346,33,1
9347,55,1
9348,103,1
9349,83,1
9350,30,1
9351,9,0
9352,72,1
9353,44,0
9354,200,0
9355,78,1
9356,62,1
9357,75,1
9358,37,1
9359,62,1
9360,58,1
9361,88,1
9362,16,0
9363,157,0
9364,104,1
9365,139,1
9366,118,1
9367,182,1
9368,44,1
9369,87,1
9370,94,1
9371,26,1
9372,38,1
9373,89,0
9374,33,0
9375,41,1
9376,91,1
9377,50,0
9378,128,1
9379,61,1
9380,34,1
9381,48,0
9382,86,0
9383,54,1
9384,46,1
9385,70,1
9386,78,1
9387,55,1
9388,111,1
9389,24,1
9390,68,1
9391,147,1
9392,135,1
9393,86,1
9394,74,1
9395,111,1
9396,173,1
9397,67,1
9398,40,1
9399,72,1
9400,60,1
9401,117,1
9402,54,1
9403,123,1
9404,141,1
9405,123,1
9406,148,1
9407,66,1
9408,22,0
9409,73,1
9410,200,0
9411,28,1
9412,49,1
9413,106,1
9414,27,1
9415,20,0
9416,200,0
9417,80,1
9418,135,1
9419,25,1
9420,78,1
9421,63,1
9422,71,1
9423,50,1
9424,62,1
9425,41,0
9426,200,0
9427,49,1
9428,41,1
9429,70,1
9430,30,0
9431,139,1
9432,55,1
9433,45,1
9434,78,1
9435,78,1
9436,97,1
9437,107,1
9438,78,1
9439,45,1
9440,92,0
9441,78,1
9442,64,1
9443,75,1
9444,49,0
9445,16,0
9446,101,1
9447,19,0
9448,200,0
9449,71,1
9450,27,1
9451,50,1
9452,32,1
9453,57,1
9454,200,0
9455,70,1
9456,190,1
9457,53,1
9458,41,1
9459,54,1
9460,49,1
9461,137,1
9462,170,1
9463,32,1
9464,59,1
9465,44,1
9466,89,1
9467,85,1
9468,41,1
9469,70,1
9470,73,1
9471,81,1
9472,28,1
9473,45,1
9474,200,0
9475,31,1
9476,83,1
9477,48,1
9478,133,1
9479,66,1
9480,68,1
9481,23,0
9482,55,1
9483,48,1
9484,123,1
9485,49,0
9486,17,0
9487,53,0
9488,73,1
9489,53,0
9490,87,1
9491,52,1
9492,41,1
9493,108,1
9494,45,1
9495,65,1
9496,110,1
9497,31,0
9498,108,1
9499,131,1
9500,61,0
9501,136,1
9502,53,1
9503,71,1
9504,53,1
9505,45,1
9506,95,1
9507,54,0
9508,85,1
9509,173,1
9510,55,0
9511,35,0
9512,83,1
9513,114,1
9514,69,1
9515,38,1
9516,46,1
9517,80,1
9518,112,1
9519,62,1
9520,66,1
9521,73,1
9522,24,1
9523,116,1
9524,151,1
9525,51,0
9526,44,1
9527,69,1
9528,137,1
9529,141,1
9530,58,1
9531,67,0
9532,60,1
9533,200,0
9534,142,1
9535,158,1
9536,92,1
9537,37,0
9538,38,0
9539,43,1
9540,28,1
9541,78,1
9542,25,1
9543,127,1
9544,51,1
9545,66,1
9546,25,1
9547,65,1
9548,175,1
9549,55,1
9550,27,0
9551,112,1
9552,103,1
9553,171,1
9554,127,1
9555,91,1
9556,106,1
9557,200,0
9558,139,1
9559,97,1
9560,29,1
9561,118,1
9562,52,1
9563,33,1
9564,124,0
9565,31,1
9566,126,1
9567,30,0
9568,35,0
9569,163,1
9570,34,0
9571,56,1
9572,176,1
9573,66,1
9574,94,1
9575,42,1
9576,94,1
9577,113,1
9578,126,1
9579,60,1
9580,50,1
9581,44,1
9582,68,1
9583,200,0
9584,82,1
9585,57,1
9586,92,1
9587,43,1
9588,200,0
9589,16,0
9590,79,0
9591,59,1
9592,30,0
9593,53,1
9594,74,1
9595,71,1
9596,63,1
9597,71,1
9598,68,1
9599,98,1
9600,116,1
9601,49,0
9602,78,1
9603,92,1
9604,35,1
9605,85,1
9606,84,1
9607,54,1
9608,39,1
9609,42,0
9610,180,1
9611,56,1
9612,159,0
9613,45,1
9614,115,1
9615,49,1
9616,89,1
9617,27,0
9618,73,1
9619,130,1
9620,61,1
9621,20,0
9622,89,1
9623,36,0
9624,90,1
9625,15,0
9626,98,1
9627,49,1
9628,188,1
9629,136,1
9630,10,0
9631,48,1
9632,40,0
9633,108,1
9634,141,1
9635,83,1
9636,45,1
9637,70,1
9638,49,0
9639,61,1
9640,119,1
9641,24,0
9642,30,1
9643,101,1
9644,20,0
9645,66,1
9646,107,1
9647,58,1
9648,52,1
9649,61,0
9650,38,1
9651,42,1
9652,68,1
9653,40,1
9654,119,1
9655,144,1
9656,37,1
9657,91,0
9658,53,1
9659,58,1
9660,75,1
9661,200,0
9662,45,0
9663,73,1
9664,47,1
9665,62,1
9666,127,1
9667,74,1
9668,61,0
9669,64,1
9670,70,1
9671,51,0
9672,171,1
9673,71,1
9674,55,1
9675,72,1
9676,41,1
9677,48,1
9678,129,1
9679,47,1
9680,61,1
9681,60,1
9682,38,0
9683,178,1
9684,48,1
9685,53,1
9686,104,1
9687,94,1
9688,129,1
9689,35,0
9690,76,0
9691,200,0
9692,158,0
9693,39,1
9694,33,1
9695,23,0
9696,40,1
9697,50,1
9698,41,0
9699,35,1
9700,102,0
9701,80,1
9702,124,1
9703,64,1
9704,200,0
9705,92,1
9706,128,1
9707,52,1
9708,126,1
9709,50,1
9710,61,1
9711,73,0
9712,101,0
9713,67,1
9714,49,1
9715,130,0
9716,124,1
9717,144,1
9718,77,1
9719,103,1
9720,16,0
9721,157,1
9722,114,1
9723,38,0
9724,38,1
9725,73,1
9726,72,1
9727,90,1
9728,64,1
9729,197,1
9730,85,1
9731,41,0
9732,32,0
9733,41,1
9734,44,1
9735,55,1
9736,43,1
9737,39,1
9738,133,1
9739,66,1
9740,86,1
9741,11,0
9742,23,0
9743,49,1
9744,22,0
9745,89,1
9746,54,1
9747,53,1
9748,36,1
9749,29,1
9750,153,1
9751,200,0
9752,43,1
9753,32,0
9754,38,1
9755,58,1
9756,70,1
9757,82,1
9758,36,1
9759,60,1
9760,72,1
9761,42,1
9762,99,1
9763,139,1
9764,47,1
9765,63,0
9766,44,1
9767,189,1
9768,52,1
9769,68,1
9770,32,0
9771,129,1
9772,200,0
9773,43,1
9774,24,1
9775,32,0
9776,43,0
9777,81,1
9778,90,1
9779,94,0
9780,47,0
9781,48,1
9782,65,0
9783,142,1
9784,41,0
9785,196,1
9786,48,1
9787,59,1
9788,34,1
9789,24,0
9790,60,1
9791,102,1
9792,62,1
9793,143,1
9794,69,1
9795,26,1
9796,128,1
9797,52,1
9798,57,1
9799,59,1
9800,56,1
9801,43,1
9802,47,1
9803,145,1
9804,148,1
9805,49,1
9806,48,1
9807,87,0
9808,200,0
9809,116,1
9810,86,1
9811,69,1
9812,18,0
9813,75,1
9814,30,1
9815,112,1
9816,56,1
9817,71,1
9818,41,1
9819,17,0
9820,56,1
9821,26,0
9822,182,1
9823,131,1
9824,65,1
9825,15,0
9826,20,1
9827,14,0
9828,98,0
9829,131,1
9830,81,1
9831,61,0
9832,67,1
9833,18,0
9834,97,1
9835,200,1
9836,97,1
9837,64,1
9838,68,1
9839,200,0
9840,171,1
9841,48,1
9842,51,1
9843,83,1
9844,46,0
9845,121,1
9846,51,0
9847,73,1
9848,120,1
9849,88,0
9850,21,1
9851,52,0
9852,45,1
9853,17,0
9854,41,1
9855,73,0
9856,63,1
9857,200,0
9858,120,1
9859,25,1
9860,179,1
9861,45,1
9862,56,1
9863,47,1
9864,107,1
9865,148,1
9866,59,1
9867,69,1
9868,60,1
9869,51,1
9870,80,1
9871,61,0
9872,126,1
9873,109,1
9874,39,1
9875,103,1
9876,47,1
9877,34,1
9878,59,1
9879,78,1
9880,124,1
9881,61,1
9882,107,1
9883,36,1
9884,26,1
9885,65,1
9886,113,1
9887,81,1
9888,61,1
9889,102,1
9890,75,1
9891,105,1
9892,25,0
9893,55,0
9894,104,1
9895,41,1
9896,59,1
9897,134,1
9898,92,1
9899,144,1
9900,66,1
9901,73,1
9902,110,1
9903,85,1
9904,81,1
9905,40,0
9906,82,1
9907,79,1
9908,61,0
9909,65,1
9910,51,1
9911,200,0
9912,107,1
9913,123,0
9914,33,1
9915,29,1
9916,45,1
9917,51,1
9918,58,1
9919,81,1
9920,55,1
9921,96,1
9922,94,1
9923,173,1
9924,34,0
9925,67,1
9926,40,1
9927,46,1
9928,50,1
9929,74,1
9930,39,1
9931,76,1
9932,150,1
9933,12,0
9934,45,1
9935,31,1
9936,58,1
9937,79,1
9938,166,1
9939,21,0
9940,112,1
9941,39,1
9942,89,1
9943,36,0
9944,48,1
9945,140,0
9946,41,1
9947,22,0
9948,128,1
9949,62,1
9950,60,1
9951,46,0
9952,98,1
9953,92,1
9954,76,1
9955,50,1
9956,20,0
9957,37,1
9958,94,1
9959,133,1
9960,94,1
9961,118,1
9962,78,1
9963,82,1
9964,75,1
9965,138,1
9966,57,1
9967,80,0
9968,105,1
9969,69,1
9970,94,1
9971,76,1
9972,192,0
9973,33,1
9974,48,1
9975,39,1
9976,56,1
9977,155,1
9978,149,1
9979,143,0
9980,79,1
9981,39,1
9982,32,1
9983,81,1
9984,106,1
9985,110,0
9986,60,1
9987,50,1
9988,103,1
9989,116,1
9990,54,1
9991,51,0
9992,66,1
9993,35,1
9994,31,1
9995,98,1
9996,73,1
9997,56,1
9998,69,1
9999,104,1
