episode,steps,reward
0,9,0
1,39,0
2,35,0
3,15,0
4,27,0
5,56,0
6,26,0
7,17,0
8,29,0
9,24,0
10,42,0
11,30,1
12,44,0
13,25,0
14,17,0
15,186,0
16,29,0
17,31,0
18,28,0
19,22,0
20,36,0
21,42,0
22,24,0
23,8,0
24,117,0
25,90,0
26,31,0
27,63,0
28,44,0
29,18,0
30,28,0
31,37,0
32,15,0
33,27,0
34,128,0
35,54,0
36,34,0
37,49,0
38,109,0
39,127,0
40,29,0
41,59,0
42,69,0
43,68,0
44,36,0
45,158,0
46,91,0
47,29,0
48,71,1
49,60,0
50,96,1
51,35,1
52,103,0
53,63,1
54,46,0
55,55,0
56,90,1
57,40,0
58,94,1
59,63,0
60,90,0
61,64,0
62,45,0
63,46,0
64,12,0
65,52,1
66,131,1
67,58,0
68,155,1
69,37,0
70,30,0
71,90,1
72,83,0
73,146,0
74,17,0
75,74,0
76,67,1
77,29,0
78,39,1
79,43,0
80,126,1
81,91,1
82,31,0
83,80,0
84,50,0
85,83,0
86,119,1
87,200,0
88,47,0
89,45,1
90,115,0
91,85,0
92,76,0
93,66,0
94,82,0
95,47,0
96,47,0
97,70,1
98,18,0
99,38,0
100,110,0
101,85,0
102,123,0
103,70,0
104,34,0
105,21,0
106,73,0
107,9,0
108,80,0
109,133,0
110,56,1
111,72,0
112,50,0
113,31,0
114,33,0
115,60,0
116,77,0
117,20,0
118,79,0
119,61,0
120,67,0
121,26,1
122,112,0
123,119,0
124,58,0
125,31,0
126,165,0
127,7,0
128,139,0
129,48,0
130,146,0
131,53,0
132,118,1
133,84,0
134,56,0
135,43,0
136,141,1
137,62,0
138,65,1
139,55,0
140,47,1
141,162,0
142,80,0
143,105,0
144,121,0
145,63,1
146,36,0
147,27,0
148,44,0
149,29,1
150,157,0
151,60,0
152,98,0
153,92,0
154,42,0
155,58,0
156,108,1
157,60,1
158,86,0
159,35,0
160,63,1
161,135,0
162,64,0
163,117,1
164,60,0
165,134,1
166,43,0
167,73,0
168,29,0
169,45,0
170,42,0
171,75,0
172,122,0
173,133,0
174,139,0
175,157,0
176,82,1
177,111,0
178,45,1
179,34,0
180,39,0
181,113,1
182,75,0
183,48,0
184,59,1
185,67,1
186,42,1
187,80,0
188,52,0
189,61,0
190,117,0
191,52,1
192,45,0
193,43,0
194,26,0
195,120,0
196,78,0
197,76,0
198,28,0
199,32,0
200,200,0
201,38,1
202,75,0
203,38,0
204,97,0
205,68,0
206,36,0
207,48,0
208,86,0
209,54,0
210,170,0
211,50,0
212,55,0
213,111,0
214,24,0
215,63,0
216,44,1
217,112,0
218,54,0
219,102,0
220,61,0
221,103,0
222,69,0
223,78,1
224,43,0
225,108,0
226,88,0
227,74,0
228,83,0
229,100,0
230,26,0
231,67,1
232,61,0
233,62,0
234,42,0
235,64,0
236,88,0
237,64,1
238,79,0
239,42,0
240,53,0
241,73,0
242,130,1
243,66,0
244,43,0
245,53,1
246,61,1
247,81,1
248,98,0
249,59,0
250,54,0
251,38,0
252,200,0
253,84,0
254,51,0
255,67,0
256,141,0
257,46,0
258,54,0
259,141,0
260,119,0
261,91,0
262,61,0
263,103,0
264,67,0
265,46,0
266,17,0
267,53,0
268,122,0
269,73,0
270,63,0
271,95,1
272,32,0
273,200,0
274,104,0
275,72,0
276,99,0
277,56,0
278,100,0
279,98,1
280,200,0
281,149,1
282,112,0
283,29,0
284,194,1
285,20,0
286,46,0
287,34,0
288,58,1
289,39,1
290,46,0
291,83,0
292,51,0
293,23,0
294,70,0
295,44,1
296,44,0
297,74,1
298,78,0
299,74,0
300,55,0
301,53,0
302,75,0
303,39,0
304,141,0
305,26,0
306,65,0
307,93,0
308,200,0
309,79,0
310,48,1
311,120,0
312,153,1
313,74,0
314,104,0
315,73,0
316,50,0
317,60,0
318,153,0
319,161,0
320,74,0
321,69,1
322,98,0
323,18,0
324,113,0
325,44,0
326,27,0
327,74,0
328,76,0
329,98,0
330,104,1
331,96,0
332,63,0
333,57,1
334,84,1
335,69,0
336,57,0
337,52,0
338,165,1
339,39,0
340,42,0
341,147,0
342,63,0
343,142,0
344,171,0
345,86,0
346,56,0
347,124,1
348,61,0
349,116,0
350,120,0
351,88,0
352,87,1
353,87,0
354,153,0
355,67,0
356,66,0
357,49,0
358,30,0
359,84,0
360,122,1
361,107,0
362,40,1
363,74,0
364,119,0
365,165,0
366,73,0
367,92,1
368,54,1
369,106,0
370,61,1
371,85,0
372,75,0
373,87,0
374,87,0
375,147,0
376,61,0
377,101,0
378,41,0
379,61,0
380,94,1
381,92,0
382,88,0
383,28,1
384,49,0
385,54,0
386,62,1
387,119,1
388,179,1
389,47,0
390,66,0
391,80,0
392,50,0
393,44,1
394,44,1
395,73,1
396,85,0
397,40,0
398,69,0
399,58,0
400,60,1
401,60,0
402,36,0
403,70,0
404,47,0
405,52,0
406,114,1
407,106,0
408,47,1
409,197,0
410,41,0
411,141,0
412,48,0
413,54,0
414,67,0
415,62,0
416,48,0
417,23,0
418,30,0
419,42,0
420,63,0
421,186,0
422,33,0
423,100,1
424,112,0
425,62,0
426,60,1
427,53,0
428,100,0
429,40,0
430,126,0
431,137,0
432,64,0
433,100,0
434,33,0
435,131,0
436,48,1
437,131,0
438,57,0
439,79,0
440,24,1
441,106,1
442,40,0
443,104,0
444,81,1
445,101,0
446,175,0
447,50,0
448,74,0
449,119,1
450,91,0
451,47,0
452,52,0
453,147,0
454,61,0
455,69,0
456,110,0
457,45,1
458,69,1
459,91,0
460,55,0
461,12,0
462,137,1
463,91,0
464,200,0
465,35,0
466,130,0
467,81,1
468,39,0
469,97,1
470,83,0
471,63,0
472,64,1
473,87,0
474,75,0
475,72,1
476,44,0
477,40,1
478,92,0
479,66,1
480,37,1
481,116,0
482,51,0
483,162,0
484,104,0
485,113,0
486,50,1
487,32,0
488,66,1
489,97,1
490,62,0
491,87,1
492,133,0
493,88,1
494,58,0
495,93,1
496,72,1
497,86,0
498,64,0
499,120,0
500,56,0
501,38,0
502,153,0
503,74,1
504,87,0
505,94,0
506,77,0
507,108,0
508,139,0
509,57,1
510,71,0
511,60,0
512,29,0
513,68,0
514,94,1
515,120,0
516,96,0
517,49,1
518,62,0
519,35,0
520,104,0
521,130,0
522,37,0
523,89,0
524,48,0
525,66,0
526,41,0
527,166,0
528,38,0
529,37,1
530,47,0
531,50,0
532,48,0
533,37,0
534,46,0
535,36,0
536,74,0
537,119,0
538,92,0
539,26,0
540,72,0
541,32,0
542,93,0
543,45,0
544,26,1
545,133,0
546,69,0
547,72,0
548,47,0
549,73,0
550,45,0
551,84,0
552,70,0
553,82,0
554,48,1
555,115,0
556,51,1
557,92,1
558,64,0
559,96,0
560,91,1
561,140,0
562,50,1
563,38,0
564,83,0
565,27,0
566,68,0
567,118,1
568,54,1
569,70,0
570,114,0
571,64,0
572,136,0
573,84,0
574,25,0
575,62,1
576,69,0
577,57,0
578,73,0
579,55,0
580,92,0
581,96,0
582,59,0
583,93,0
584,132,0
585,51,1
586,112,0
587,133,0
588,46,0
589,31,0
590,41,0
591,82,0
592,138,0
593,82,1
594,128,0
595,123,0
596,92,0
597,78,1
598,119,0
599,48,0
600,70,0
601,50,0
602,80,0
603,66,1
604,50,0
605,69,1
606,47,0
607,35,1
608,103,0
609,53,0
610,71,0
611,72,0
612,148,0
613,59,0
614,115,0
615,29,0
616,62,1
617,76,1
618,40,0
619,85,0
620,113,0
621,122,0
622,72,0
623,51,0
624,42,0
625,105,0
626,49,1
627,75,1
628,50,0
629,111,0
630,91,0
631,52,0
632,67,0
633,111,1
634,32,0
635,122,1
636,62,0
637,31,0
638,16,0
639,48,0
640,64,0
641,70,0
642,58,0
643,117,0
644,141,0
645,200,0
646,42,1
647,110,0
648,81,0
649,60,0
650,49,0
651,38,0
652,130,1
653,71,0
654,76,0
655,93,0
656,45,0
657,70,0
658,91,0
659,89,0
660,79,1
661,86,0
662,187,0
663,145,0
664,55,0
665,111,0
666,59,0
667,49,0
668,48,0
669,69,1
670,145,1
671,73,0
672,105,0
673,36,1
674,114,0
675,49,0
676,75,0
677,41,0
678,38,1
679,88,0
680,53,1
681,44,0
682,147,0
683,85,0
684,38,0
685,23,1
686,83,0
687,53,0
688,83,0
689,71,0
690,36,0
691,89,1
692,72,0
693,63,0
694,39,1
695,55,0
696,40,0
697,171,0
698,32,0
699,37,1
700,40,0
701,76,0
702,62,0
703,54,0
704,137,0
705,44,0
706,139,0
707,136,0
708,130,0
709,99,0
710,83,0
711,90,0
712,20,0
713,70,0
714,72,0
715,146,0
716,41,0
717,54,0
718,127,0
719,23,1
720,168,0
721,184,0
722,43,0
723,38,0
724,60,0
725,68,0
726,64,0
727,94,0
728,85,0
729,87,1
730,72,0
731,77,0
732,139,0
733,69,0
734,74,0
735,28,0
736,71,0
737,51,1
738,79,0
739,63,0
740,42,0
741,146,0
742,67,1
743,50,1
744,115,1
745,49,0
746,60,1
747,118,0
748,65,0
749,171,0
750,54,0
751,117,0
752,78,0
753,56,0
754,200,0
755,49,0
756,49,0
757,45,0
758,35,1
759,34,0
760,151,0
761,56,0
762,147,0
763,40,0
764,74,0
765,179,0
766,106,0
767,64,1
768,43,0
769,69,0
770,87,1
771,200,0
772,104,0
773,200,0
774,42,0
775,101,1
776,68,0
777,200,0
778,136,0
779,59,0
780,171,1
781,61,1
782,116,0
783,135,0
784,19,0
785,200,0
786,124,0
787,45,0
788,52,0
789,44,0
790,88,1
791,169,0
792,44,0
793,77,1
794,86,0
795,165,1
796,41,0
797,85,0
798,116,0
799,65,0
800,192,0
801,36,0
802,189,1
803,26,0
804,76,0
805,137,0
806,67,0
807,89,0
808,23,1
809,36,0
810,101,0
811,41,0
812,97,0
813,69,1
814,122,0
815,39,1
816,64,1
817,42,1
818,58,1
819,27,0
820,42,1
821,89,0
822,70,0
823,45,0
824,54,0
825,47,0
826,56,1
827,74,0
828,105,1
829,62,0
830,31,1
831,133,1
832,68,1
833,160,1
834,54,0
835,52,1
836,72,0
837,42,1
838,15,0
839,66,0
840,44,0
841,49,0
842,78,0
843,46,1
844,141,0
845,40,0
846,34,0
847,72,1
848,70,0
849,134,1
850,81,0
851,131,0
852,117,0
853,82,1
854,31,0
855,86,1
856,109,0
857,48,0
858,26,0
859,185,0
860,52,0
861,65,0
862,34,0
863,69,0
864,156,0
865,34,1
866,73,0
867,116,0
868,33,1
869,42,0
870,48,0
871,102,1
872,38,1
873,44,1
874,30,0
875,66,0
876,54,0
877,31,0
878,41,0
879,54,0
880,60,0
881,76,1
882,31,0
883,94,1
884,51,0
885,31,1
886,92,0
887,92,0
888,48,1
889,79,1
890,25,0
891,38,0
892,46,0
893,74,0
894,81,1
895,58,0
896,46,0
897,47,0
898,35,0
899,42,0
900,36,0
901,60,0
902,116,0
903,39,0
904,200,0
905,106,0
906,102,1
907,175,0
908,55,1
909,77,1
910,86,0
911,57,0
912,155,0
913,38,0
914,101,0
915,51,0
916,68,1
917,66,0
918,73,0
919,33,0
920,35,0
921,106,0
922,39,0
923,42,0
924,200,0
925,103,0
926,72,0
927,106,0
928,53,0
929,24,0
930,87,1
931,26,0
932,85,0
933,39,0
934,83,0
935,89,0
936,73,0
937,88,1
938,72,0
939,60,0
940,63,1
941,79,0
942,29,0
943,118,0
944,106,1
945,61,0
946,60,1
947,150,0
948,81,0
949,95,0
950,32,1
951,36,0
952,100,0
953,37,0
954,102,0
955,84,0
956,50,1
957,43,0
958,82,0
959,78,0
960,35,0
961,67,0
962,37,0
963,30,0
964,64,0
965,115,0
966,36,0
967,106,0
968,40,0
969,81,0
970,108,1
971,80,0
972,197,1
973,27,1
974,42,0
975,97,0
976,106,0
977,36,0
978,35,0
979,52,0
980,151,0
981,23,0
982,174,0
983,48,1
984,79,1
985,151,0
986,22,0
987,60,0
988,69,0
989,34,0
990,80,0
991,123,0
992,68,0
993,58,0
994,40,0
995,65,1
996,32,1
997,116,0
998,87,1
999,157,0
1000,54,0
1001,36,0
1002,35,0
1003,25,1
1004,72,0
1005,80,1
1006,56,0
1007,35,0
1008,55,1
1009,113,1
1010,83,1
1011,90,0
1012,113,0
1013,35,0
1014,44,1
1015,137,1
1016,45,0
1017,103,0
1018,39,0
1019,200,0
1020,35,0
1021,28,1
1022,98,0
1023,21,0
1024,50,0
1025,28,1
1026,34,0
1027,60,0
1028,30,0
1029,53,0
1030,177,0
1031,85,0
1032,31,0
1033,89,0
1034,46,0
1035,68,0
1036,126,0
1037,49,0
1038,123,1
1039,89,0
1040,49,0
1041,95,0
1042,70,1
1043,93,0
1044,26,1
1045,59,0
1046,90,0
1047,60,1
1048,56,0
1049,95,1
1050,60,0
1051,44,1
1052,45,0
1053,122,0
1054,120,0
1055,21,0
1056,89,0
1057,24,1
1058,62,0
1059,29,0
1060,74,0
1061,71,1
1062,51,0
1063,79,1
1064,30,0
1065,39,1
1066,144,0
1067,95,0
1068,72,1
1069,107,0
1070,27,0
1071,120,0
1072,44,0
1073,84,1
1074,93,0
1075,22,0
1076,107,0
1077,49,0
1078,86,1
1079,80,1
1080,68,1
1081,63,0
1082,88,1
1083,98,0
1084,75,0
1085,132,0
1086,39,0
1087,50,0
1088,34,0
1089,67,0
1090,31,0
1091,64,0
1092,30,1
1093,48,1
1094,20,0
1095,76,1
1096,93,0
1097,47,0
1098,40,0
1099,144,0
1100,125,0
1101,64,0
1102,56,0
1103,26,1
1104,164,0
1105,98,0
1106,107,0
1107,52,0
1108,66,0
1109,79,1
1110,27,1
1111,38,0
1112,66,0
1113,56,0
1114,46,0
1115,35,0
1116,97,0
1117,78,1
1118,75,0
1119,54,1
1120,105,0
1121,33,1
1122,49,0
1123,31,0
1124,38,1
1125,50,0
1126,62,0
1127,200,0
1128,53,0
1129,29,0
1130,50,0
1131,61,0
1132,87,0
1133,71,0
1134,39,0
1135,44,0
1136,178,0
1137,76,1
1138,89,0
1139,33,1
1140,53,0
1141,129,0
1142,38,1
1143,75,0
1144,81,0
1145,100,0
1146,32,0
1147,135,0
1148,186,0
1149,48,0
1150,62,0
1151,75,1
1152,65,1
1153,55,0
1154,53,0
1155,94,1
1156,188,0
1157,40,0
1158,19,0
1159,186,0
1160,26,0
1161,128,0
1162,105,0
1163,196,0
1164,59,0
1165,45,0
1166,45,0
1167,48,1
1168,59,1
1169,38,0
1170,70,0
1171,32,0
1172,33,0
1173,103,0
1174,139,0
1175,44,0
1176,71,0
1177,91,0
1178,51,0
1179,91,0
1180,26,0
1181,54,0
1182,40,1
1183,56,0
1184,98,0
1185,44,0
1186,49,0
1187,49,0
1188,53,0
1189,55,0
1190,80,0
1191,34,0
1192,100,1
1193,33,1
1194,83,0
1195,79,1
1196,112,1
1197,35,0
1198,77,0
1199,78,0
1200,79,0
1201,67,1
1202,105,0
1203,127,1
1204,60,0
1205,27,0
1206,140,0
1207,55,0
1208,73,0
1209,77,1
1210,49,0
1211,50,0
1212,50,0
1213,60,1
1214,28,0
1215,34,0
1216,117,0
1217,61,0
1218,60,0
1219,59,0
1220,46,1
1221,82,0
1222,41,0
1223,43,0
1224,38,0
1225,25,0
1226,75,0
1227,85,0
1228,127,0
1229,73,0
1230,79,0
1231,112,1
1232,50,0
1233,102,1
1234,56,0
1235,131,0
1236,31,0
1237,51,0
1238,51,1
1239,21,0
1240,45,0
1241,32,0
1242,51,0
1243,33,0
1244,53,0
1245,169,0
1246,125,0
1247,40,0
1248,102,0
1249,40,0
1250,122,0
1251,49,0
1252,55,1
1253,94,0
1254,61,0
1255,21,0
1256,153,0
1257,46,1
1258,90,1
1259,58,0
1260,69,1
1261,34,1
1262,33,1
1263,187,1
1264,80,0
1265,47,0
1266,200,0
1267,66,1
1268,88,0
1269,66,1
1270,59,0
1271,114,0
1272,50,0
1273,59,0
1274,60,0
1275,26,0
1276,85,1
1277,121,0
1278,50,0
1279,40,0
1280,28,1
1281,116,0
1282,59,0
1283,36,0
1284,78,1
1285,35,0
1286,65,0
1287,62,0
1288,113,1
1289,38,1
1290,40,0
1291,56,0
1292,64,1
1293,49,0
1294,169,0
1295,92,1
1296,102,0
1297,53,0
1298,67,0
1299,48,0
1300,45,1
1301,100,0
1302,92,1
1303,123,0
1304,54,0
1305,109,1
1306,141,0
1307,200,0
1308,89,0
1309,118,0
1310,38,0
1311,94,1
1312,118,0
1313,76,0
1314,167,0
1315,150,0
1316,37,0
1317,50,0
1318,118,1
1319,106,1
1320,41,0
1321,55,1
1322,37,0
1323,39,0
1324,50,1
1325,88,0
1326,61,0
1327,73,0
1328,112,0
1329,48,1
1330,99,0
1331,42,0
1332,80,0
1333,48,1
1334,92,0
1335,66,1
1336,58,0
1337,68,0
1338,110,1
1339,58,0
1340,48,0
1341,46,0
1342,50,1
1343,56,1
1344,34,1
1345,68,0
1346,33,1
1347,24,0
1348,96,0
1349,46,1
1350,63,0
1351,45,0
1352,31,1
1353,191,1
1354,109,0
1355,90,0
1356,179,0
1357,58,0
1358,64,0
1359,44,0
1360,60,0
1361,95,0
1362,25,0
1363,59,1
1364,47,1
1365,84,1
1366,51,0
1367,65,0
1368,169,1
1369,50,0
1370,20,0
1371,34,0
1372,80,0
1373,39,0
1374,94,1
1375,184,0
1376,69,0
1377,76,0
1378,41,0
1379,124,0
1380,24,0
1381,47,0
1382,41,0
1383,45,0
1384,200,0
1385,97,0
1386,85,0
1387,65,0
1388,91,0
1389,51,0
1390,54,0
1391,122,0
1392,42,1
1393,185,0
1394,51,0
1395,44,0
1396,107,0
1397,50,0
1398,84,0
1399,58,0
1400,130,0
1401,82,1
1402,38,0
1403,29,1
1404,96,1
1405,73,0
1406,28,1
1407,45,0
1408,37,0
1409,84,0
1410,92,0
1411,59,0
1412,36,0
1413,30,0
1414,62,1
1415,74,0
1416,154,1
1417,72,0
1418,68,1
1419,47,0
1420,67,0
1421,53,1
1422,113,0
1423,116,1
1424,40,0
1425,49,1
1426,116,0
1427,144,1
1428,50,0
1429,138,0
1430,65,0
1431,50,1
1432,153,1
1433,112,0
1434,40,0
1435,48,0
1436,21,0
1437,95,0
1438,16,0
1439,47,0
1440,52,0
1441,129,0
1442,60,0
1443,155,1
1444,105,0
1445,167,0
1446,103,1
1447,55,0
1448,73,0
1449,68,0
1450,73,0
1451,100,0
1452,200,0
1453,80,1
1454,144,0
1455,62,0
1456,200,0
1457,26,1
1458,117,1
1459,43,0
1460,150,0
1461,108,0
1462,33,1
1463,104,0
1464,63,0
1465,27,1
1466,53,0
1467,134,0
1468,60,0
1469,48,1
1470,46,0
1471,93,0
1472,36,1
1473,78,0
1474,32,0
1475,125,0
1476,61,0
1477,39,0
1478,64,0
1479,103,0
1480,23,0
1481,126,0
1482,98,0
1483,37,0
1484,35,0
1485,98,0
1486,69,0
1487,56,0
1488,109,0
1489,82,0
1490,100,0
1491,140,1
1492,26,0
1493,81,0
1494,32,0
1495,48,0
1496,50,0
1497,36,0
1498,151,0
1499,40,0
1500,53,0
1501,27,0
1502,27,0
1503,114,1
1504,46,0
1505,144,0
1506,98,0
1507,77,0
1508,38,1
1509,176,0
1510,66,0
1511,73,0
1512,30,0
1513,38,0
1514,83,0
1515,121,1
1516,62,0
1517,44,0
1518,68,1
1519,32,0
1520,39,0
1521,32,0
1522,26,0
1523,48,0
1524,72,0
1525,68,1
1526,98,0
1527,60,0
1528,79,0
1529,65,0
1530,31,0
1531,46,0
1532,54,0
1533,67,0
1534,82,0
1535,97,0
1536,64,0
1537,141,0
1538,42,0
1539,58,0
1540,89,0
1541,31,0
1542,76,0
1543,109,0
1544,74,0
1545,60,0
1546,120,0
1547,31,0
1548,53,0
1549,138,1
1550,68,0
1551,166,0
1552,63,1
1553,108,1
1554,142,1
1555,111,0
1556,51,0
1557,19,0
1558,40,0
1559,86,0
1560,79,0
1561,65,1
1562,90,1
1563,25,0
1564,118,1
1565,44,0
1566,46,1
1567,47,0
1568,30,1
1569,23,0
1570,98,0
1571,71,0
1572,42,1
1573,57,0
1574,132,0
1575,76,0
1576,10,0
1577,85,0
1578,152,1
1579,69,0
1580,105,0
1581,47,0
1582,61,0
1583,55,1
1584,164,0
1585,162,0
1586,108,0
1587,56,0
1588,69,0
1589,115,0
1590,165,0
1591,35,1
1592,58,0
1593,159,0
1594,57,0
1595,35,0
1596,40,0
1597,131,0
1598,63,0
1599,62,1
1600,51,1
1601,37,0
1602,54,0
1603,27,0
1604,110,0
1605,79,1
1606,67,1
1607,41,0
1608,23,0
1609,111,0
1610,19,0
1611,25,0
1612,16,0
1613,79,1
1614,92,1
1615,53,0
1616,81,0
1617,38,0
1618,45,1
1619,53,1
1620,90,1
1621,97,0
1622,45,1
1623,60,0
1624,27,0
1625,55,1
1626,64,0
1627,40,1
1628,46,0
1629,56,0
1630,61,0
1631,97,1
1632,66,0
1633,28,1
1634,56,0
1635,200,0
1636,49,0
1637,43,1
1638,71,0
1639,111,0
1640,77,1
1641,154,0
1642,34,0
1643,49,1
1644,123,0
1645,41,0
1646,103,1
1647,32,0
1648,58,1
1649,79,0
1650,94,0
1651,125,1
1652,57,1
1653,31,0
1654,35,0
1655,110,1
1656,78,1
1657,129,0
1658,30,0
1659,80,0
1660,44,0
1661,74,0
1662,66,0
1663,76,0
1664,107,1
1665,75,0
1666,62,0
1667,66,0
1668,114,0
1669,66,0
1670,136,0
1671,120,1
1672,31,0
1673,44,0
1674,31,0
1675,50,0
1676,111,0
1677,103,0
1678,197,0
1679,28,0
1680,124,0
1681,35,0
1682,48,0
1683,46,1
1684,52,0
1685,58,0
1686,100,1
1687,53,0
1688,101,0
1689,72,1
1690,31,0
1691,48,0
1692,38,0
1693,62,0
1694,80,0
1695,52,0
1696,83,0
1697,99,0
1698,60,0
1699,48,0
1700,64,0
1701,43,0
1702,67,0
1703,140,0
1704,185,0
1705,43,0
1706,24,0
1707,77,1
1708,96,0
1709,103,0
1710,82,1
1711,56,0
1712,29,0
1713,33,0
1714,76,0
1715,126,0
1716,57,0
1717,77,0
1718,50,1
1719,36,0
1720,46,0
1721,86,0
1722,72,0
1723,69,0
1724,128,0
1725,33,0
1726,46,0
1727,37,0
1728,86,1
1729,89,1
1730,56,0
1731,42,1
1732,174,0
1733,23,0
1734,81,1
1735,58,0
1736,83,0
1737,34,1
1738,96,0
1739,35,0
1740,143,0
1741,59,1
1742,94,0
1743,106,1
1744,109,0
1745,48,0
1746,43,0
1747,136,1
1748,61,0
1749,200,0
1750,69,0
1751,49,0
1752,57,0
1753,69,1
1754,39,1
1755,100,0
1756,186,0
1757,26,0
1758,79,0
1759,31,0
1760,134,0
1761,61,1
1762,58,0
1763,65,0
1764,56,1
1765,88,0
1766,86,1
1767,56,0
1768,56,0
1769,35,0
1770,124,1
1771,68,0
1772,97,0
1773,47,0
1774,113,0
1775,86,1
1776,79,0
1777,130,0
1778,87,0
1779,61,0
1780,45,1
1781,48,1
1782,98,0
1783,28,0
1784,84,1
1785,95,0
1786,39,1
1787,92,0
1788,86,1
1789,52,0
1790,88,0
1791,16,0
1792,77,0
1793,121,1
1794,47,0
1795,53,0
1796,59,1
1797,31,0
1798,181,0
1799,35,0
1800,46,0
1801,31,0
1802,44,1
1803,22,0
1804,48,0
1805,30,0
1806,19,0
1807,112,0
1808,99,0
1809,119,0
1810,198,1
1811,43,0
1812,51,0
1813,55,0
1814,91,1
1815,129,1
1816,38,0
1817,40,1
1818,52,0
1819,46,1
1820,68,1
1821,56,0
1822,79,1
1823,88,0
1824,36,0
1825,141,0
1826,26,0
1827,54,0
1828,47,0
1829,61,1
1830,56,0
1831,48,0
1832,137,0
1833,90,0
1834,58,0
1835,77,1
1836,69,0
1837,36,0
1838,86,1
1839,84,1
1840,128,0
1841,44,1
1842,35,0
1843,86,0
1844,103,0
1845,42,0
1846,29,0
1847,53,0
1848,114,0
1849,148,0
1850,105,0
1851,200,0
1852,98,0
1853,67,0
1854,56,0
1855,77,1
1856,32,1
1857,77,1
1858,21,0
1859,139,0
1860,99,1
1861,108,1
1862,190,0
1863,76,0
1864,50,0
1865,117,0
1866,59,0
1867,141,0
1868,31,0
1869,46,0
1870,37,1
1871,58,0
1872,92,0
1873,75,0
1874,68,1
1875,144,0
1876,36,1
1877,76,0
1878,42,0
1879,33,1
1880,43,0
1881,76,1
1882,47,0
1883,95,0
1884,162,0
1885,72,0
1886,69,1
1887,72,0
1888,45,0
1889,42,1
1890,33,0
1891,53,1
1892,36,1
1893,41,0
1894,62,0
1895,93,0
1896,60,0
1897,56,0
1898,43,0
1899,71,0
1900,59,0
1901,50,0
1902,32,0
1903,65,0
1904,112,0
1905,74,0
1906,48,1
1907,200,0
1908,41,0
1909,126,0
1910,36,0
1911,43,0
1912,113,1
1913,58,0
1914,70,0
1915,49,0
1916,167,0
1917,27,0
1918,55,0
1919,100,1
1920,72,1
1921,45,0
1922,81,1
1923,49,0
1924,111,0
1925,165,0
1926,63,0
1927,79,0
1928,112,0
1929,38,0
1930,57,0
1931,29,0
1932,28,0
1933,59,0
1934,78,1
1935,59,0
1936,59,1
1937,167,0
1938,98,1
1939,70,0
1940,135,0
1941,34,0
1942,81,0
1943,137,0
1944,38,0
1945,63,1
1946,45,0
1947,76,0
1948,59,1
1949,79,0
1950,88,1
1951,182,0
1952,200,0
1953,61,0
1954,53,0
1955,56,1
1956,30,0
1957,60,0
1958,94,0
1959,45,0
1960,139,0
1961,32,0
1962,28,1
1963,200,0
1964,200,0
1965,80,0
1966,58,1
1967,42,0
1968,40,0
1969,118,0
1970,28,0
1971,73,0
1972,67,1
1973,94,0
1974,51,0
1975,79,0
1976,129,0
1977,71,0
1978,34,0
1979,51,1
1980,61,0
1981,64,0
1982,63,0
1983,133,1
1984,79,0
1985,80,0
1986,37,0
1987,110,0
1988,105,0
1989,67,0
1990,43,0
1991,52,0
1992,96,0
1993,61,0
1994,146,0
1995,42,1
1996,38,0
1997,94,0
1998,68,1
1999,50,0
2000,65,0
2001,58,0
2002,51,0
2003,165,0
2004,76,0
2005,197,1
2006,101,1
2007,88,0
2008,72,0
2009,52,0
2010,170,0
2011,40,0
2012,114,0
2013,49,0
2014,35,0
2015,59,0
2016,51,1
2017,55,0
2018,112,0
2019,57,0
2020,76,0
2021,80,1
2022,35,0
2023,59,1
2024,70,0
2025,45,0
2026,91,0
2027,44,0
2028,115,0
2029,108,0
2030,36,0
2031,65,0
2032,142,0
2033,67,0
2034,26,0
2035,89,0
2036,95,0
2037,41,0
2038,35,0
2039,28,0
2040,90,0
2041,123,1
2042,38,0
2043,90,0
2044,123,0
2045,74,1
2046,63,0
2047,80,0
2048,151,0
2049,81,1
2050,55,0
2051,46,0
2052,100,0
2053,59,0
2054,85,0
2055,53,0
2056,82,0
2057,49,1
2058,57,1
2059,38,0
2060,32,0
2061,18,0
2062,64,0
2063,59,0
2064,61,0
2065,46,0
2066,52,0
2067,139,1
2068,123,0
2069,79,0
2070,28,1
2071,45,0
2072,41,0
2073,43,0
2074,108,1
2075,42,0
2076,200,0
2077,42,0
2078,53,0
2079,32,1
2080,106,0
2081,67,0
2082,48,0
2083,34,0
2084,19,0
2085,47,0
2086,53,0
2087,137,0
2088,85,0
2089,43,0
2090,33,1
2091,66,0
2092,78,0
2093,50,0
2094,28,0
2095,59,0
2096,76,0
2097,43,1
2098,153,0
2099,28,1
2100,29,1
2101,36,0
2102,44,1
2103,30,0
2104,38,0
2105,26,0
2106,55,0
2107,40,0
2108,94,0
2109,30,0
2110,111,0
2111,51,1
2112,88,0
2113,116,0
2114,79,1
2115,174,0
2116,197,1
2117,76,1
2118,67,1
2119,33,0
2120,64,0
2121,25,0
2122,51,1
2123,161,0
2124,50,1
2125,64,0
2126,50,0
2127,112,0
2128,90,0
2129,49,0
2130,61,0
2131,86,0
2132,124,0
2133,105,0
2134,48,0
2135,100,0
2136,82,0
2137,79,0
2138,52,0
2139,67,0
2140,52,1
2141,50,0
2142,32,1
2143,88,0
2144,67,0
2145,183,0
2146,57,0
2147,84,1
2148,47,1
2149,24,0
2150,122,0
2151,46,0
2152,52,0
2153,52,0
2154,146,1
2155,76,0
2156,36,0
2157,50,0
2158,73,0
2159,95,1
2160,86,1
2161,45,0
2162,91,0
2163,31,0
2164,50,0
2165,84,0
2166,40,0
2167,55,0
2168,75,0
2169,54,1
2170,71,0
2171,134,1
2172,56,0
2173,44,0
2174,50,0
2175,64,1
2176,100,0
2177,34,0
2178,107,1
2179,116,0
2180,84,0
2181,30,0
2182,54,1
2183,30,1
2184,55,0
2185,59,0
2186,92,0
2187,38,0
2188,66,1
2189,36,0
2190,87,0
2191,61,0
2192,79,1
2193,59,1
2194,30,0
2195,128,1
2196,78,0
2197,50,0
2198,152,0
2199,49,0
2200,66,1
2201,88,0
2202,94,1
2203,72,0
2204,145,0
2205,116,0
2206,41,0
2207,25,0
2208,150,0
2209,44,0
2210,80,0
2211,68,0
2212,76,1
2213,167,1
2214,72,0
2215,27,1
2216,42,0
2217,200,0
2218,61,0
2219,155,0
2220,112,0
2221,64,0
2222,20,1
2223,128,0
2224,29,0
2225,75,1
2226,78,0
2227,52,0
2228,66,0
2229,110,0
2230,60,0
2231,55,0
2232,43,0
2233,51,1
2234,20,0
2235,26,0
2236,71,0
2237,60,0
2238,67,0
2239,74,0
2240,50,1
2241,114,0
2242,24,0
2243,110,1
2244,75,0
2245,76,1
2246,28,0
2247,35,0
2248,68,0
2249,110,0
2250,71,0
2251,53,1
2252,45,0
2253,155,0
2254,62,0
2255,109,0
2256,29,0
2257,45,0
2258,26,0
2259,49,0
2260,40,1
2261,44,0
2262,32,1
2263,32,1
2264,71,1
2265,42,0
2266,132,0
2267,67,0
2268,29,0
2269,55,0
2270,55,0
2271,200,0
2272,60,0
2273,59,0
2274,29,1
2275,61,1
2276,61,1
2277,94,1
2278,35,1
2279,92,0
2280,54,0
2281,40,0
2282,98,0
2283,35,0
2284,86,0
2285,52,0
2286,174,0
2287,48,0
2288,58,0
2289,50,0
2290,149,0
2291,47,0
2292,56,1
2293,91,0
2294,59,0
2295,93,0
2296,44,1
2297,83,0
2298,121,0
2299,74,0
2300,103,0
2301,78,0
2302,130,0
2303,51,0
2304,64,0
2305,68,0
2306,200,0
2307,200,0
2308,75,1
2309,122,0
2310,54,0
2311,37,1
2312,162,0
2313,115,0
2314,67,0
2315,177,0
2316,62,0
2317,31,0
2318,87,1
2319,83,0
2320,44,0
2321,58,1
2322,61,0
2323,28,0
2324,44,0
2325,61,0
2326,74,1
2327,35,0
2328,95,0
2329,23,0
2330,74,0
2331,55,0
2332,84,0
2333,35,0
2334,164,0
2335,89,0
2336,89,0
2337,39,1
2338,55,0
2339,45,0
2340,38,0
2341,28,0
2342,73,1
2343,95,0
2344,52,0
2345,195,1
2346,93,0
2347,127,1
2348,93,0
2349,54,0
2350,61,0
2351,42,0
2352,35,0
2353,47,0
2354,82,1
2355,44,0
2356,97,0
2357,93,0
2358,42,0
2359,95,1
2360,41,0
2361,123,1
2362,81,0
2363,56,1
2364,57,0
2365,41,0
2366,80,0
2367,53,0
2368,58,0
2369,62,1
2370,88,0
2371,49,0
2372,188,0
2373,30,0
2374,71,1
2375,21,1
2376,93,0
2377,58,0
2378,70,0
2379,44,0
2380,42,0
2381,58,0
2382,52,0
2383,64,0
2384,167,0
2385,118,0
2386,104,0
2387,66,0
2388,40,0
2389,108,0
2390,66,0
2391,41,0
2392,38,0
2393,47,1
2394,59,0
2395,77,1
2396,69,0
2397,110,0
2398,42,0
2399,47,0
2400,44,0
2401,84,0
2402,91,0
2403,22,0
2404,38,1
2405,84,1
2406,41,0
2407,50,0
2408,64,0
2409,52,0
2410,46,1
2411,41,0
2412,60,0
2413,75,1
2414,66,1
2415,90,0
2416,46,0
2417,70,0
2418,52,0
2419,84,1
2420,87,1
2421,64,0
2422,84,0
2423,72,0
2424,97,0
2425,82,0
2426,38,1
2427,56,0
2428,72,1
2429,15,0
2430,60,0
2431,37,1
2432,36,0
2433,28,0
2434,60,0
2435,79,0
2436,87,0
2437,129,0
2438,200,0
2439,56,0
2440,39,0
2441,86,0
2442,46,0
2443,60,0
2444,44,0
2445,50,0
2446,42,0
2447,72,0
2448,44,0
2449,59,1
2450,32,0
2451,88,0
2452,92,0
2453,30,0
2454,62,0
2455,161,0
2456,42,0
2457,66,0
2458,79,0
2459,46,0
2460,146,0
2461,55,1
2462,77,0
2463,59,1
2464,51,0
2465,46,0
2466,59,0
2467,48,1
2468,42,0
2469,40,0
2470,105,0
2471,40,0
2472,33,1
2473,47,0
2474,200,0
2475,32,1
2476,55,0
2477,200,0
2478,54,0
2479,63,0
2480,68,1
2481,21,1
2482,125,0
2483,36,0
2484,36,0
2485,46,0
2486,142,0
2487,172,1
2488,107,0
2489,45,0
2490,64,1
2491,64,0
2492,66,0
2493,129,0
2494,102,0
2495,40,0
2496,53,0
2497,70,1
2498,61,0
2499,143,0
2500,21,0
2501,36,0
2502,79,0
2503,70,1
2504,62,0
2505,43,1
2506,40,0
2507,63,0
2508,75,0
2509,37,0
2510,64,1
2511,69,0
2512,41,0
2513,36,0
2514,28,0
2515,86,0
2516,54,0
2517,73,0
2518,55,0
2519,68,0
2520,41,1
2521,58,0
2522,69,0
2523,105,1
2524,66,0
2525,97,1
2526,68,0
2527,61,1
2528,200,0
2529,88,0
2530,98,1
2531,23,0
2532,58,0
2533,33,0
2534,55,0
2535,26,1
2536,108,0
2537,32,0
2538,77,0
2539,143,1
2540,88,0
2541,42,1
2542,80,0
2543,42,0
2544,108,0
2545,42,0
2546,77,0
2547,89,0
2548,64,0
2549,51,1
2550,47,0
2551,40,0
2552,58,0
2553,66,0
2554,23,1
2555,78,0
2556,158,1
2557,42,1
2558,45,0
2559,65,0
2560,140,1
2561,99,0
2562,83,0
2563,86,0
2564,57,0
2565,45,0
2566,42,1
2567,36,0
2568,43,0
2569,66,0
2570,76,0
2571,88,0
2572,51,0
2573,84,0
2574,59,0
2575,121,0
2576,44,0
2577,60,0
2578,14,0
2579,41,0
2580,145,0
2581,62,0
2582,47,1
2583,50,1
2584,50,1
2585,54,0
2586,42,0
2587,65,0
2588,33,0
2589,124,0
2590,48,1
2591,34,1
2592,84,0
2593,67,0
2594,94,0
2595,48,0
2596,48,1
2597,49,1
2598,52,0
2599,52,0
2600,38,0
2601,83,0
2602,72,0
2603,36,0
2604,130,1
2605,92,0
2606,199,0
2607,39,1
2608,79,1
2609,37,0
2610,73,0
2611,92,1
2612,127,1
2613,49,1
2614,95,1
2615,53,0
2616,58,1
2617,75,0
2618,65,0
2619,172,0
2620,93,0
2621,88,0
2622,67,0
2623,53,1
2624,27,0
2625,31,0
2626,82,0
2627,106,0
2628,39,0
2629,74,0
2630,52,0
2631,87,0
2632,112,0
2633,56,1
2634,65,1
2635,51,0
2636,44,1
2637,118,1
2638,63,0
2639,67,0
2640,63,0
2641,48,0
2642,80,0
2643,37,1
2644,123,0
2645,79,0
2646,97,0
2647,57,0
2648,28,0
2649,56,0
2650,81,0
2651,24,0
2652,106,0
2653,84,1
2654,56,0
2655,35,0
2656,65,0
2657,78,0
2658,78,0
2659,34,0
2660,51,0
2661,75,0
2662,92,1
2663,102,0
2664,92,1
2665,112,0
2666,75,0
2667,104,0
2668,41,0
2669,40,0
2670,57,0
2671,60,0
2672,44,1
2673,53,0
2674,47,0
2675,189,1
2676,32,0
2677,66,1
2678,115,0
2679,40,1
2680,78,0
2681,43,0
2682,31,0
2683,71,0
2684,26,0
2685,26,0
2686,24,1
2687,64,0
2688,72,1
2689,162,0
2690,83,0
2691,36,1
2692,40,1
2693,107,1
2694,61,0
2695,139,1
2696,61,1
2697,77,1
2698,65,1
2699,98,0
2700,46,0
2701,94,0
2702,69,1
2703,45,0
2704,85,0
2705,69,0
2706,81,1
2707,68,1
2708,31,1
2709,68,1
2710,46,0
2711,42,1
2712,200,0
2713,175,1
2714,59,1
2715,113,1
2716,200,0
2717,34,0
2718,97,1
2719,85,1
2720,53,1
2721,106,0
2722,29,1
2723,104,1
2724,131,1
2725,35,1
2726,136,0
2727,76,0
2728,48,0
2729,91,0
2730,59,1
2731,83,0
2732,60,1
2733,44,1
2734,54,1
2735,143,0
2736,123,0
2737,33,1
2738,56,0
2739,100,1
2740,106,0
2741,200,0
2742,46,0
2743,35,1
2744,200,0
2745,54,1
2746,126,1
2747,83,0
2748,61,0
2749,73,1
2750,57,0
2751,92,0
2752,41,1
2753,80,0
2754,121,0
2755,54,1
2756,114,1
2757,55,0
2758,96,1
2759,38,1
2760,158,0
2761,167,1
2762,140,0
2763,185,1
2764,39,1
2765,115,0
2766,75,0
2767,97,0
2768,100,1
2769,78,0
2770,72,1
2771,75,0
2772,65,1
2773,58,1
2774,95,1
2775,57,1
2776,95,1
2777,111,0
2778,45,0
2779,170,0
2780,59,0
2781,52,0
2782,116,0
2783,73,0
2784,160,0
2785,55,1
2786,95,1
2787,84,1
2788,80,1
2789,21,0
2790,71,1
2791,47,1
2792,34,1
2793,193,0
2794,110,0
2795,66,1
2796,33,0
2797,91,1
2798,137,1
2799,156,1
2800,88,0
2801,59,1
2802,56,1
2803,70,0
2804,22,0
2805,88,0
2806,48,0
2807,82,0
2808,96,1
2809,87,1
2810,68,1
2811,200,0
2812,105,1
2813,64,0
2814,25,1
2815,200,0
2816,31,1
2817,76,1
2818,63,1
2819,185,1
2820,159,1
2821,106,1
2822,197,1
2823,74,1
2824,82,1
2825,198,1
2826,95,1
2827,118,0
2828,62,0
2829,122,0
2830,117,0
2831,98,0
2832,26,1
2833,72,1
2834,47,0
2835,200,0
2836,73,0
2837,57,0
2838,48,1
2839,62,1
2840,43,1
2841,76,1
2842,50,0
2843,39,0
2844,129,1
2845,49,1
2846,45,1
2847,101,0
2848,54,0
2849,44,1
2850,115,0
2851,52,1
2852,200,0
2853,67,0
2854,74,0
2855,92,0
2856,141,0
2857,98,0
2858,40,1
2859,65,0
2860,83,1
2861,71,1
2862,62,1
2863,77,0
2864,171,1
2865,97,0
2866,42,1
2867,76,0
2868,46,1
2869,71,0
2870,136,0
2871,130,0
2872,87,1
2873,51,1
2874,69,1
2875,101,0
2876,76,0
2877,54,1
2878,95,0
2879,83,1
2880,46,1
2881,80,1
2882,102,1
2883,75,0
2884,56,0
2885,174,1
2886,38,0
2887,142,0
2888,133,1
2889,71,1
2890,106,1
2891,20,0
2892,115,1
2893,75,1
2894,66,1
2895,77,0
2896,59,1
2897,103,0
2898,150,1
2899,83,1
2900,42,1
2901,51,1
2902,37,1
2903,40,1
2904,96,1
2905,62,1
2906,171,1
2907,158,1
2908,60,0
2909,28,0
2910,200,0
2911,30,0
2912,61,1
2913,83,1
2914,116,0
2915,150,1
2916,76,0
2917,36,1
2918,66,1
2919,72,0
2920,46,0
2921,56,0
2922,97,1
2923,60,0
2924,89,0
2925,79,1
2926,160,0
2927,47,1
2928,62,0
2929,37,0
2930,53,0
2931,135,1
2932,119,1
2933,26,0
2934,74,0
2935,131,1
2936,162,0
2937,92,1
2938,84,1
2939,53,0
2940,58,1
2941,58,1
2942,31,1
2943,43,1
2944,200,0
2945,59,1
2946,200,0
2947,142,1
2948,79,0
2949,109,0
2950,124,1
2951,33,1
2952,80,0
2953,55,1
2954,125,1
2955,114,0
2956,72,0
2957,122,1
2958,161,1
2959,102,0
2960,118,1
2961,136,0
2962,48,1
2963,200,0
2964,61,1
2965,165,0
2966,54,1
2967,197,1
2968,43,1
2969,84,1
2970,151,0
2971,97,1
2972,200,0
2973,164,0
2974,29,1
2975,45,1
2976,152,0
2977,66,0
2978,95,1
2979,43,0
2980,99,1
2981,200,0
2982,46,1
2983,125,1
2984,53,0
2985,71,1
2986,39,1
2987,54,1
2988,94,0
2989,51,1
2990,200,0
2991,85,1
2992,117,1
2993,47,0
2994,95,0
2995,129,1
2996,92,1
2997,73,1
2998,97,1
2999,43,1
3000,87,0
3001,112,0
3002,46,1
3003,74,1
3004,51,1
3005,77,0
3006,41,0
3007,58,0
3008,53,1
3009,50,0
3010,43,1
3011,111,0
3012,60,1
3013,50,0
3014,161,1
3015,23,1
3016,57,1
3017,152,0
3018,149,0
3019,79,0
3020,45,0
3021,65,0
3022,33,1
3023,44,1
3024,128,0
3025,107,1
3026,91,1
3027,90,0
3028,200,0
3029,96,1
3030,27,1
3031,116,1
3032,64,0
3033,60,0
3034,50,1
3035,56,1
3036,67,1
3037,72,0
3038,42,0
3039,73,1
3040,48,1
3041,41,0
3042,96,0
3043,66,0
3044,45,0
3045,144,1
3046,21,1
3047,41,1
3048,61,1
3049,84,1
3050,88,0
3051,200,0
3052,67,1
3053,82,0
3054,109,1
3055,31,1
3056,200,0
3057,114,1
3058,77,0
3059,115,1
3060,31,1
3061,148,0
3062,124,1
3063,23,1
3064,67,1
3065,34,0
3066,36,1
3067,135,0
3068,92,1
3069,36,1
3070,58,1
3071,110,0
3072,84,1
3073,130,0
3074,74,1
3075,102,1
3076,71,0
3077,45,1
3078,53,1
3079,73,1
3080,160,0
3081,62,1
3082,188,1
3083,73,0
3084,94,1
3085,68,1
3086,92,1
3087,41,0
3088,46,1
3089,69,1
3090,68,1
3091,45,1
3092,97,0
3093,88,1
3094,50,0
3095,46,1
3096,34,0
3097,200,0
3098,109,1
3099,50,0
3100,73,1
3101,60,1
3102,86,0
3103,113,1
3104,188,1
3105,117,1
3106,126,1
3107,62,1
3108,45,1
3109,195,1
3110,24,0
3111,51,0
3112,44,1
3113,200,0
3114,108,1
3115,123,1
3116,123,0
3117,37,1
3118,52,1
3119,52,0
3120,41,1
3121,56,1
3122,200,1
3123,98,0
3124,58,0
3125,60,1
3126,108,0
3127,77,0
3128,93,1
3129,200,0
3130,126,0
3131,40,1
3132,40,1
3133,119,1
3134,55,1
3135,69,0
3136,52,0
3137,121,0
3138,46,1
3139,80,0
3140,92,1
3141,46,1
3142,30,1
3143,163,1
3144,41,1
3145,70,0
3146,29,1
3147,186,0
3148,33,1
3149,46,1
3150,116,1
3151,136,0
3152,158,1
3153,50,1
3154,101,1
3155,40,0
3156,135,1
3157,46,1
3158,160,1
3159,74,1
3160,151,0
3161,71,1
3162,69,0
3163,72,0
3164,155,1
3165,46,1
3166,55,0
3167,52,0
3168,107,1
3169,87,0
3170,139,0
3171,87,1
3172,112,1
3173,89,0
3174,141,0
3175,79,1
3176,148,1
3177,84,0
3178,20,0
3179,43,1
3180,103,1
3181,81,1
3182,96,1
3183,172,1
3184,87,0
3185,131,0
3186,88,1
3187,71,1
3188,60,1
3189,104,0
3190,110,1
3191,188,1
3192,102,1
3193,97,1
3194,95,0
3195,57,1
3196,35,0
3197,40,1
3198,155,0
3199,147,0
3200,36,1
3201,39,0
3202,45,0
3203,89,1
3204,40,1
3205,142,0
3206,28,1
3207,163,0
3208,32,1
3209,80,1
3210,65,0
3211,25,0
3212,200,0
3213,169,1
3214,100,1
3215,42,1
3216,39,0
3217,101,1
3218,119,1
3219,81,0
3220,142,1
3221,106,1
3222,166,1
3223,104,1
3224,134,1
3225,52,1
3226,85,0
3227,79,0
3228,114,1
3229,49,1
3230,131,0
3231,101,0
3232,90,0
3233,200,0
3234,101,1
3235,57,0
3236,66,0
3237,60,1
3238,140,1
3239,79,1
3240,46,0
3241,42,1
3242,64,1
3243,88,1
3244,96,1
3245,71,1
3246,113,1
3247,137,1
3248,103,1
3249,46,1
3250,44,1
3251,66,0
3252,38,0
3253,90,1
3254,97,0
3255,41,1
3256,105,0
3257,60,1
3258,62,0
3259,54,0
3260,71,0
3261,37,1
3262,47,0
3263,53,1
3264,44,0
3265,96,1
3266,39,0
3267,67,0
3268,33,1
3269,122,1
3270,41,1
3271,63,1
3272,70,0
3273,27,1
3274,29,0
3275,41,1
3276,125,1
3277,118,0
3278,104,1
3279,38,1
3280,76,1
3281,49,1
3282,79,0
3283,57,0
3284,56,1
3285,56,1
3286,95,0
3287,52,1
3288,110,1
3289,74,0
3290,93,1
3291,46,1
3292,121,0
3293,115,1
3294,48,1
3295,113,1
3296,57,1
3297,46,1
3298,87,0
3299,65,1
3300,169,0
3301,73,1
3302,133,0
3303,98,0
3304,58,0
3305,45,1
3306,118,0
3307,36,1
3308,45,1
3309,200,0
3310,78,1
3311,72,0
3312,51,0
3313,75,1
3314,189,1
3315,69,1
3316,61,0
3317,56,1
3318,61,0
3319,66,1
3320,90,1
3321,122,0
3322,55,1
3323,116,0
3324,86,1
3325,54,0
3326,90,0
3327,85,1
3328,147,0
3329,53,0
3330,153,1
3331,149,1
3332,55,0
3333,102,0
3334,88,1
3335,87,1
3336,54,1
3337,50,1
3338,200,0
3339,200,0
3340,92,0
3341,98,0
3342,41,1
3343,113,1
3344,70,1
3345,94,1
3346,43,0
3347,29,1
3348,162,0
3349,136,1
3350,151,1
3351,80,0
3352,30,1
3353,56,0
3354,45,1
3355,106,0
3356,135,1
3357,72,1
3358,126,1
3359,80,1
3360,29,1
3361,171,1
3362,43,1
3363,85,1
3364,163,0
3365,93,1
3366,68,0
3367,39,0
3368,82,1
3369,200,0
3370,168,1
3371,27,0
3372,51,0
3373,82,1
3374,76,1
3375,43,0
3376,65,1
3377,184,1
3378,54,0
3379,66,0
3380,67,0
3381,59,1
3382,81,1
3383,36,1
3384,89,1
3385,146,1
3386,121,0
3387,34,1
3388,82,0
3389,35,1
3390,101,0
3391,103,1
3392,46,0
3393,60,1
3394,80,1
3395,61,0
3396,117,1
3397,59,1
3398,29,1
3399,115,1
3400,38,0
3401,41,1
3402,59,1
3403,34,1
3404,101,0
3405,127,0
3406,159,1
3407,44,0
3408,96,1
3409,62,1
3410,160,1
3411,166,1
3412,43,1
3413,145,0
3414,147,1
3415,111,1
3416,69,0
3417,171,1
3418,124,0
3419,93,1
3420,54,0
3421,168,1
3422,76,1
3423,73,1
3424,39,0
3425,166,1
3426,94,1
3427,118,1
3428,69,1
3429,57,1
3430,88,1
3431,77,1
3432,45,1
3433,49,0
3434,200,0
3435,45,1
3436,150,0
3437,47,1
3438,42,0
3439,128,0
3440,112,1
3441,77,1
3442,39,1
3443,109,0
3444,48,1
3445,59,1
3446,56,0
3447,84,1
3448,143,0
3449,106,0
3450,97,1
3451,120,0
3452,105,1
3453,77,1
3454,104,1
3455,37,0
3456,41,0
3457,27,1
3458,125,1
3459,37,1
3460,106,1
3461,179,1
3462,108,1
3463,75,1
3464,180,1
3465,81,1
3466,92,0
3467,84,1
3468,75,0
3469,133,1
3470,200,0
3471,161,1
3472,73,1
3473,85,0
3474,83,1
3475,81,1
3476,200,0
3477,59,0
3478,56,0
3479,35,0
3480,58,1
3481,42,0
3482,71,0
3483,200,0
3484,92,1
3485,137,1
3486,134,1
3487,60,1
3488,185,1
3489,54,1
3490,109,0
3491,41,1
3492,156,1
3493,64,1
3494,70,1
3495,72,1
3496,194,1
3497,106,1
3498,155,1
3499,98,1
3500,73,1
3501,39,1
3502,124,1
3503,94,0
3504,32,1
3505,64,1
3506,144,1
3507,66,1
3508,118,0
3509,105,1
3510,73,1
3511,48,1
3512,77,1
3513,45,1
3514,30,0
3515,25,0
3516,117,0
3517,80,1
3518,56,1
3519,99,0
3520,73,0
3521,78,1
3522,200,0
3523,49,1
3524,88,1
3525,200,0
3526,68,0
3527,125,1
3528,81,0
3529,121,1
3530,54,0
3531,51,1
3532,34,1
3533,31,1
3534,49,0
3535,74,1
3536,177,0
3537,44,0
3538,200,0
3539,47,0
3540,125,0
3541,45,1
3542,63,1
3543,52,1
3544,47,0
3545,24,0
3546,72,0
3547,183,1
3548,42,1
3549,95,0
3550,70,1
3551,145,1
3552,128,0
3553,55,1
3554,31,1
3555,48,0
3556,79,1
3557,47,1
3558,43,1
3559,40,1
3560,53,0
3561,166,0
3562,110,1
3563,44,1
3564,62,1
3565,200,0
3566,59,1
3567,107,1
3568,200,0
3569,43,1
3570,80,0
3571,82,1
3572,101,0
3573,23,0
3574,53,0
3575,55,0
3576,36,1
3577,113,1
3578,80,1
3579,37,0
3580,51,1
3581,52,0
3582,86,0
3583,76,1
3584,66,1
3585,52,1
3586,70,0
3587,113,1
3588,102,1
3589,73,1
3590,42,1
3591,108,0
3592,104,1
3593,81,1
3594,173,1
3595,54,0
3596,144,1
3597,80,1
3598,104,0
3599,200,0
3600,57,1
3601,105,0
3602,126,0
3603,108,0
3604,103,0
3605,92,0
3606,26,1
3607,74,0
3608,76,1
3609,48,0
3610,143,0
3611,103,0
3612,49,1
3613,86,1
3614,123,1
3615,28,1
3616,86,1
3617,116,0
3618,77,1
3619,42,1
3620,29,0
3621,96,1
3622,120,1
3623,50,0
3624,134,1
3625,184,0
3626,82,1
3627,78,1
3628,44,1
3629,76,1
3630,84,0
3631,91,1
3632,78,1
3633,69,1
3634,107,1
3635,36,1
3636,96,1
3637,93,1
3638,147,1
3639,67,0
3640,68,0
3641,55,1
3642,94,0
3643,123,1
3644,92,1
3645,63,1
3646,62,1
3647,58,0
3648,27,0
3649,42,1
3650,90,1
3651,90,0
3652,53,1
3653,65,1
3654,34,1
3655,71,1
3656,131,0
3657,137,0
3658,109,1
3659,109,1
3660,43,1
3661,61,1
3662,33,1
3663,86,0
3664,54,0
3665,47,1
3666,124,0
3667,124,1
3668,64,0
3669,54,0
3670,80,1
3671,52,1
3672,52,1
3673,86,0
3674,200,0
3675,66,0
3676,131,1
3677,163,1
3678,152,0
3679,104,1
3680,200,0
3681,98,0
3682,65,0
3683,45,0
3684,57,0
3685,111,0
3686,78,1
3687,89,0
3688,69,1
3689,102,1
3690,200,0
3691,29,1
3692,104,0
3693,66,1
3694,94,1
3695,27,0
3696,52,0
3697,153,0
3698,100,1
3699,76,0
3700,27,0
3701,65,1
3702,37,0
3703,71,1
3704,92,0
3705,88,1
3706,52,0
3707,95,1
3708,164,0
3709,53,1
3710,122,0
3711,57,0
3712,64,1
3713,55,1
3714,86,1
3715,70,0
3716,23,1
3717,151,0
3718,69,0
3719,100,1
3720,80,1
3721,174,1
3722,16,1
3723,69,1
3724,74,0
3725,74,1
3726,96,1
3727,68,0
3728,39,1
3729,67,1
3730,83,1
3731,79,1
3732,79,1
3733,71,0
3734,154,1
3735,171,0
3736,56,1
3737,57,0
3738,191,1
3739,41,0
3740,52,1
3741,130,0
3742,75,1
3743,99,1
3744,33,1
3745,110,0
3746,56,1
3747,38,0
3748,43,1
3749,46,1
3750,90,0
3751,50,1
3752,107,0
3753,78,0
3754,99,0
3755,164,1
3756,63,1
3757,62,0
3758,67,0
3759,54,1
3760,83,1
3761,90,0
3762,74,1
3763,42,1
3764,60,1
3765,70,0
3766,165,1
3767,64,1
3768,63,0
3769,123,0
3770,63,1
3771,71,1
3772,164,1
3773,84,0
3774,63,1
3775,35,1
3776,73,1
3777,145,0
3778,49,1
3779,74,1
3780,124,1
3781,162,1
3782,89,1
3783,200,0
3784,26,0
3785,54,0
3786,60,1
3787,81,1
3788,103,1
3789,60,0
3790,147,0
3791,49,1
3792,93,1
3793,40,0
3794,61,0
3795,121,1
3796,100,1
3797,71,1
3798,71,1
3799,26,0
3800,85,1
3801,91,0
3802,51,1
3803,137,0
3804,79,0
3805,59,1
3806,97,0
3807,200,0
3808,66,0
3809,44,0
3810,118,0
3811,65,0
3812,190,0
3813,111,1
3814,69,0
3815,199,1
3816,75,1
3817,79,1
3818,52,0
3819,200,0
3820,76,0
3821,81,1
3822,95,0
3823,182,1
3824,116,1
3825,125,0
3826,133,1
3827,32,0
3828,108,0
3829,87,0
3830,75,1
3831,57,1
3832,83,0
3833,200,0
3834,133,0
3835,77,0
3836,43,0
3837,70,1
3838,95,0
3839,60,0
3840,68,1
3841,200,0
3842,70,1
3843,34,1
3844,110,1
3845,124,0
3846,104,1
3847,153,0
3848,68,0
3849,100,0
3850,104,1
3851,28,0
3852,64,1
3853,42,1
3854,86,1
3855,114,1
3856,22,1
3857,37,1
3858,107,1
3859,24,1
3860,47,1
3861,88,1
3862,31,1
3863,174,0
3864,134,0
3865,48,1
3866,181,1
3867,200,0
3868,72,1
3869,71,0
3870,81,0
3871,35,1
3872,44,0
3873,90,1
3874,58,0
3875,59,0
3876,54,0
3877,42,0
3878,200,0
3879,65,0
3880,118,1
3881,46,1
3882,47,1
3883,58,0
3884,71,1
3885,66,1
3886,191,0
3887,122,1
3888,58,0
3889,155,1
3890,128,0
3891,109,1
3892,54,1
3893,62,0
3894,71,0
3895,87,1
3896,71,1
3897,84,0
3898,40,1
3899,153,1
3900,66,0
3901,101,0
3902,93,1
3903,44,1
3904,93,0
3905,65,1
3906,32,1
3907,133,0
3908,70,1
3909,57,0
3910,149,1
3911,65,0
3912,116,1
3913,58,1
3914,66,0
3915,17,1
3916,126,0
3917,138,0
3918,43,0
3919,107,0
3920,43,1
3921,57,1
3922,74,1
3923,74,1
3924,200,0
3925,85,0
3926,64,1
3927,72,0
3928,146,0
3929,48,0
3930,122,1
3931,89,1
3932,100,1
3933,83,1
3934,89,1
3935,89,0
3936,60,0
3937,41,0
3938,44,1
3939,99,1
3940,53,1
3941,162,0
3942,58,0
3943,55,1
3944,154,0
3945,65,1
3946,91,1
3947,98,1
3948,46,1
3949,25,0
3950,48,0
3951,48,1
3952,108,0
3953,89,0
3954,43,1
3955,66,1
3956,200,0
3957,110,0
3958,73,0
3959,90,1
3960,164,0
3961,185,1
3962,82,1
3963,55,1
3964,23,1
3965,95,0
3966,43,1
3967,110,1
3968,119,0
3969,89,0
3970,47,0
3971,146,0
3972,135,1
3973,103,1
3974,82,1
3975,88,1
3976,74,1
3977,38,1
3978,69,1
3979,98,0
3980,31,0
3981,45,1
3982,33,0
3983,57,1
3984,59,0
3985,108,0
3986,88,0
3987,71,1
3988,63,1
3989,69,0
3990,112,1
3991,52,0
3992,33,1
3993,89,1
3994,146,0
3995,200,0
3996,43,1
3997,147,1
3998,44,0
3999,126,1
4000,101,1
4001,62,0
4002,64,1
4003,46,0
4004,73,0
4005,146,1
4006,60,1
4007,114,1
4008,68,1
4009,59,0
4010,81,1
4011,66,0
4012,40,0
4013,62,1
4014,164,0
4015,68,1
4016,138,0
4017,68,0
4018,87,1
4019,66,0
4020,47,1
4021,90,1
4022,57,1
4023,51,1
4024,53,1
4025,34,1
4026,102,1
4027,47,1
4028,48,0
4029,85,1
4030,61,0
4031,64,1
4032,70,0
4033,32,0
4034,99,1
4035,87,0
4036,49,0
4037,49,0
4038,175,1
4039,55,0
4040,37,1
4041,113,0
4042,49,0
4043,85,1
4044,72,1
4045,45,1
4046,97,1
4047,83,1
4048,186,1
4049,60,1
4050,68,0
4051,31,0
4052,74,1
4053,49,0
4054,34,0
4055,87,1
4056,133,1
4057,81,0
4058,67,0
4059,200,0
4060,44,0
4061,117,1
4062,70,1
4063,200,0
4064,65,0
4065,57,1
4066,75,1
4067,200,0
4068,90,0
4069,51,1
4070,48,0
4071,197,1
4072,51,0
4073,65,1
4074,131,0
4075,36,1
4076,60,1
4077,116,1
4078,122,0
4079,81,1
4080,153,1
4081,140,0
4082,101,0
4083,54,1
4084,194,1
4085,35,1
4086,54,0
4087,86,1
4088,29,0
4089,65,0
4090,58,1
4091,124,0
4092,88,0
4093,199,1
4094,104,1
4095,87,1
4096,200,0
4097,83,1
4098,84,0
4099,91,1
4100,69,1
4101,77,1
4102,59,1
4103,39,1
4104,136,1
4105,46,0
4106,69,0
4107,56,1
4108,52,0
4109,72,0
4110,50,1
4111,47,1
4112,99,1
4113,53,0
4114,104,0
4115,138,1
4116,147,1
4117,42,1
4118,44,1
4119,72,0
4120,101,0
4121,69,0
4122,115,1
4123,93,1
4124,138,0
4125,77,0
4126,66,0
4127,129,1
4128,155,0
4129,46,0
4130,43,0
4131,76,0
4132,30,0
4133,86,1
4134,91,0
4135,99,1
4136,180,0
4137,78,0
4138,37,1
4139,200,0
4140,163,0
4141,47,1
4142,39,1
4143,92,1
4144,92,1
4145,129,1
4146,91,0
4147,122,0
4148,56,1
4149,79,1
4150,37,1
4151,66,1
4152,110,1
4153,91,1
4154,74,1
4155,125,1
4156,61,1
4157,86,1
4158,200,0
4159,60,0
4160,133,0
4161,95,0
4162,65,1
4163,82,1
4164,40,1
4165,200,0
4166,38,1
4167,64,0
4168,96,1
4169,66,0
4170,87,0
4171,38,1
4172,61,1
4173,34,1
4174,38,1
4175,54,0
4176,77,0
4177,100,1
4178,79,1
4179,70,0
4180,111,1
4181,81,0
4182,132,1
4183,75,0
4184,54,1
4185,25,1
4186,60,1
4187,39,0
4188,48,0
4189,117,1
4190,45,1
4191,144,0
4192,176,1
4193,127,0
4194,110,0
4195,50,1
4196,73,0
4197,37,1
4198,88,0
4199,115,1
4200,94,0
4201,49,1
4202,121,1
4203,99,0
4204,175,1
4205,155,0
4206,135,1
4207,61,1
4208,118,1
4209,159,0
4210,49,0
4211,28,1
4212,56,0
4213,67,1
4214,74,1
4215,100,1
4216,160,0
4217,79,1
4218,177,1
4219,119,1
4220,72,0
4221,108,1
4222,40,1
4223,55,0
4224,141,1
4225,177,0
4226,85,0
4227,135,1
4228,49,1
4229,200,0
4230,42,0
4231,197,0
4232,112,1
4233,71,1
4234,67,0
4235,121,0
4236,179,1
4237,63,1
4238,66,0
4239,96,0
4240,116,0
4241,62,1
4242,109,1
4243,92,1
4244,41,0
4245,31,1
4246,73,1
4247,45,1
4248,126,0
4249,84,0
4250,69,0
4251,57,0
4252,94,1
4253,53,1
4254,32,1
4255,35,1
4256,75,1
4257,178,1
4258,97,1
4259,84,0
4260,31,1
4261,87,0
4262,48,1
4263,123,0
4264,55,1
4265,108,1
4266,28,1
4267,105,1
4268,47,1
4269,91,1
4270,46,0
4271,93,1
4272,40,0
4273,89,0
4274,153,0
4275,103,1
4276,50,1
4277,70,0
4278,119,0
4279,172,1
4280,33,1
4281,32,0
4282,91,0
4283,156,0
4284,88,1
4285,55,1
4286,77,0
4287,57,1
4288,81,1
4289,68,0
4290,53,1
4291,62,1
4292,145,1
4293,59,1
4294,88,0
4295,200,0
4296,97,1
4297,42,1
4298,54,1
4299,47,0
4300,79,0
4301,38,1
4302,84,1
4303,25,0
4304,84,1
4305,113,1
4306,57,0
4307,74,0
4308,154,1
4309,64,1
4310,32,1
4311,119,0
4312,97,1
4313,90,0
4314,161,0
4315,200,0
4316,189,0
4317,200,0
4318,178,0
4319,110,0
4320,66,0
4321,120,0
4322,191,1
4323,51,0
4324,34,1
4325,86,0
4326,43,1
4327,105,1
4328,155,1
4329,101,1
4330,58,0
4331,66,0
4332,87,0
4333,56,1
4334,128,1
4335,60,0
4336,189,1
4337,96,1
4338,200,0
4339,200,0
4340,34,1
4341,48,0
4342,98,0
4343,200,0
4344,29,0
4345,82,1
4346,155,1
4347,148,1
4348,115,1
4349,76,0
4350,77,1
4351,85,1
4352,52,0
4353,108,1
4354,200,0
4355,116,1
4356,106,1
4357,157,1
4358,78,1
4359,106,0
4360,93,0
4361,61,0
4362,64,1
4363,75,1
4364,96,0
4365,130,0
4366,72,0
4367,44,0
4368,35,0
4369,50,0
4370,120,0
4371,28,1
4372,153,1
4373,110,1
4374,39,1
4375,52,0
4376,38,1
4377,86,1
4378,137,0
4379,153,0
4380,24,1
4381,77,1
4382,88,1
4383,126,1
4384,77,1
4385,53,0
4386,27,0
4387,100,0
4388,60,0
4389,44,1
4390,105,0
4391,69,0
4392,74,0
4393,38,0
4394,48,1
4395,59,1
4396,42,0
4397,51,1
4398,47,1
4399,86,1
4400,69,1
4401,101,1
4402,180,1
4403,200,0
4404,80,0
4405,55,0
4406,27,1
4407,38,1
4408,41,1
4409,55,1
4410,195,1
4411,48,0
4412,200,0
4413,91,1
4414,48,1
4415,104,1
4416,162,0
4417,39,0
4418,146,1
4419,196,1
4420,63,1
4421,100,0
4422,71,1
4423,28,1
4424,116,0
4425,159,0
4426,50,1
4427,81,1
4428,99,0
4429,39,1
4430,188,0
4431,200,0
4432,59,0
4433,189,1
4434,186,0
4435,105,1
4436,42,0
4437,104,0
4438,200,0
4439,28,1
4440,29,1
4441,73,1
4442,123,0
4443,111,1
4444,54,1
4445,56,1
4446,185,1
4447,75,1
4448,54,0
4449,75,0
4450,56,1
4451,28,1
4452,31,1
4453,112,1
4454,67,1
4455,42,0
4456,71,1
4457,125,0
4458,44,1
4459,34,1
4460,37,1
4461,48,0
4462,143,0
4463,68,1
4464,78,1
4465,101,1
4466,29,1
4467,199,1
4468,38,1
4469,158,1
4470,36,1
4471,87,0
4472,51,0
4473,54,1
4474,123,0
4475,27,1
4476,27,0
4477,106,1
4478,195,1
4479,70,1
4480,58,1
4481,78,0
4482,52,0
4483,36,1
4484,48,0
4485,60,0
4486,128,1
4487,122,0
4488,99,1
4489,50,0
4490,34,1
4491,67,0
4492,188,1
4493,59,1
4494,61,0
4495,109,0
4496,200,0
4497,57,0
4498,63,1
4499,123,0
4500,26,1
4501,62,0
4502,32,1
4503,96,0
4504,47,1
4505,121,0
4506,107,1
4507,32,0
4508,48,1
4509,65,1
4510,200,0
4511,54,0
4512,85,1
4513,173,1
4514,200,0
4515,76,0
4516,33,1
4517,120,0
4518,62,0
4519,164,0
4520,100,1
4521,94,1
4522,46,1
4523,77,1
4524,59,1
4525,62,0
4526,95,1
4527,83,1
4528,106,0
4529,51,0
4530,61,1
4531,104,0
4532,62,1
4533,34,1
4534,199,1
4535,122,0
4536,66,0
4537,182,0
4538,42,1
4539,95,1
4540,115,0
4541,102,1
4542,86,1
4543,147,0
4544,129,0
4545,120,0
4546,111,1
4547,83,1
4548,61,1
4549,47,0
4550,57,1
4551,31,1
4552,44,0
4553,200,0
4554,108,0
4555,101,0
4556,73,0
4557,200,0
4558,83,0
4559,52,0
4560,57,0
4561,61,0
4562,142,0
4563,70,0
4564,89,1
4565,200,0
4566,81,0
4567,36,0
4568,138,0
4569,94,1
4570,29,0
4571,24,1
4572,85,1
4573,129,0
4574,169,0
4575,79,0
4576,64,1
4577,50,1
4578,34,1
4579,127,1
4580,55,1
4581,70,0
4582,133,0
4583,172,1
4584,39,1
4585,41,1
4586,54,1
4587,200,0
4588,49,1
4589,63,0
4590,78,1
4591,76,0
4592,105,0
4593,90,0
4594,48,0
4595,193,0
4596,97,1
4597,71,0
4598,61,1
4599,54,0
4600,51,1
4601,73,1
4602,98,1
4603,61,1
4604,115,1
4605,54,1
4606,68,1
4607,136,1
4608,33,1
4609,121,1
4610,63,1
4611,153,0
4612,68,0
4613,123,0
4614,93,1
4615,54,1
4616,125,1
4617,190,0
4618,73,0
4619,65,1
4620,182,1
4621,128,1
4622,46,1
4623,160,0
4624,82,0
4625,174,0
4626,126,0
4627,159,1
4628,86,1
4629,145,0
4630,76,0
4631,50,0
4632,40,1
4633,130,1
4634,118,1
4635,49,0
4636,100,1
4637,200,0
4638,25,1
4639,86,0
4640,83,1
4641,64,0
4642,83,1
4643,57,0
4644,99,1
4645,94,1
4646,114,0
4647,45,0
4648,151,1
4649,69,1
4650,136,0
4651,42,1
4652,106,1
4653,52,1
4654,109,0
4655,39,1
4656,140,0
4657,168,1
4658,52,1
4659,61,1
4660,117,1
4661,83,0
4662,174,1
4663,104,1
4664,200,0
4665,50,1
4666,63,1
4667,59,1
4668,200,0
4669,70,1
4670,45,1
4671,119,0
4672,48,1
4673,30,1
4674,76,0
4675,73,1
4676,75,1
4677,47,1
4678,33,1
4679,56,0
4680,59,1
4681,106,0
4682,161,1
4683,36,1
4684,58,0
4685,146,1
4686,104,1
4687,96,0
4688,32,0
4689,91,0
4690,200,0
4691,133,1
4692,200,0
4693,178,1
4694,74,0
4695,65,1
4696,83,1
4697,129,0
4698,63,0
4699,27,0
4700,48,1
4701,98,1
4702,75,1
4703,200,0
4704,33,1
4705,67,1
4706,47,1
4707,169,1
4708,150,1
4709,35,1
4710,162,0
4711,34,1
4712,45,0
4713,108,0
4714,37,0
4715,77,1
4716,107,1
4717,95,1
4718,46,1
4719,55,1
4720,46,0
4721,28,0
4722,45,0
4723,53,1
4724,197,1
4725,68,1
4726,200,0
4727,39,0
4728,30,1
4729,102,1
4730,101,1
4731,67,1
4732,113,0
4733,54,1
4734,44,1
4735,36,0
4736,67,1
4737,48,0
4738,81,0
4739,78,1
4740,200,0
4741,84,0
4742,66,1
4743,31,1
4744,106,1
4745,50,1
4746,131,1
4747,97,0
4748,43,0
4749,194,0
4750,200,0
4751,127,1
4752,85,1
4753,85,0
4754,175,1
4755,109,0
4756,72,1
4757,42,1
4758,103,1
4759,57,1
4760,64,1
4761,200,0
4762,84,0
4763,112,0
4764,51,0
4765,47,1
4766,33,0
4767,122,0
4768,46,1
4769,58,1
4770,43,1
4771,90,1
4772,99,0
4773,47,1
4774,155,0
4775,44,1
4776,88,1
4777,64,1
4778,42,1
4779,27,1
4780,79,1
4781,60,0
4782,76,1
4783,141,1
4784,71,1
4785,75,1
4786,95,0
4787,48,0
4788,108,1
4789,60,0
4790,44,1
4791,107,1
4792,62,1
4793,120,0
4794,79,0
4795,86,0
4796,90,1
4797,200,0
4798,52,1
4799,119,0
4800,103,1
4801,182,1
4802,71,1
4803,98,1
4804,165,1
4805,21,0
4806,86,1
4807,124,1
4808,70,0
4809,97,1
4810,172,0
4811,58,1
4812,37,0
4813,65,1
4814,45,0
4815,69,0
4816,39,0
4817,67,1
4818,48,1
4819,36,0
4820,86,0
4821,33,1
4822,52,1
4823,200,0
4824,56,1
4825,73,1
4826,60,1
4827,54,1
4828,167,1
4829,57,1
4830,83,1
4831,82,0
4832,40,0
4833,38,0
4834,43,0
4835,166,1
4836,130,1
4837,45,0
4838,92,0
4839,83,1
4840,85,0
4841,55,1
4842,74,1
4843,127,0
4844,173,1
4845,152,0
4846,140,1
4847,60,1
4848,55,0
4849,61,0
4850,37,1
4851,49,1
4852,66,0
4853,60,1
4854,52,1
4855,46,1
4856,118,1
4857,93,1
4858,55,1
4859,74,1
4860,95,0
4861,45,1
4862,63,1
4863,200,0
4864,87,1
4865,50,1
4866,200,0
4867,21,1
4868,200,0
4869,65,1
4870,41,1
4871,73,0
4872,102,1
4873,200,0
4874,118,0
4875,58,0
4876,118,0
4877,80,0
4878,52,1
4879,46,0
4880,28,1
4881,200,0
4882,129,1
4883,55,0
4884,75,0
4885,104,1
4886,156,1
4887,83,1
4888,42,0
4889,117,1
4890,61,1
4891,120,1
4892,23,1
4893,44,0
4894,51,1
4895,56,0
4896,117,1
4897,200,0
4898,87,1
4899,134,0
4900,55,1
4901,57,0
4902,102,1
4903,37,1
4904,83,1
4905,54,1
4906,67,0
4907,104,1
4908,46,0
4909,75,0
4910,39,1
4911,56,1
4912,171,0
4913,123,1
4914,134,0
4915,185,1
4916,38,1
4917,36,1
4918,49,1
4919,66,1
4920,57,1
4921,103,1
4922,34,1
4923,60,0
4924,34,0
4925,146,1
4926,165,0
4927,146,0
4928,60,1
4929,58,0
4930,59,1
4931,80,1
4932,109,1
4933,50,1
4934,38,0
4935,96,1
4936,75,0
4937,200,0
4938,35,0
4939,59,0
4940,200,0
4941,80,1
4942,200,0
4943,52,1
4944,76,1
4945,39,0
4946,171,1
4947,41,0
4948,184,1
4949,40,1
4950,41,1
4951,54,0
4952,66,0
4953,88,0
4954,56,0
4955,58,1
4956,76,0
4957,149,1
4958,60,1
4959,51,1
4960,43,1
4961,61,1
4962,58,0
4963,200,0
4964,53,1
4965,68,0
4966,39,1
4967,29,1
4968,50,1
4969,77,1
4970,65,0
4971,102,1
4972,95,1
4973,96,1
4974,23,1
4975,70,0
4976,32,1
4977,200,0
4978,98,0
4979,45,0
4980,69,1
4981,105,1
4982,147,0
4983,63,0
4984,115,1
4985,62,0
4986,126,1
4987,42,0
4988,39,1
4989,116,1
4990,87,0
4991,72,0
4992,95,1
4993,194,0
4994,36,0
4995,64,1
4996,51,1
4997,99,1
4998,112,1
4999,80,1
5000,66,0
5001,57,0
5002,62,1
5003,71,0
5004,127,1
5005,105,0
5006,64,0
5007,100,0
5008,38,1
5009,72,1
5010,105,1
5011,54,1
5012,96,0
5013,192,0
5014,64,1
5015,128,1
5016,62,1
5017,46,1
5018,52,1
5019,112,0
5020,157,1
5021,86,1
5022,197,0
5023,59,1
5024,107,0
5025,48,1
5026,148,1
5027,47,1
5028,59,0
5029,33,0
5030,89,0
5031,42,1
5032,39,1
5033,61,0
5034,67,0
5035,93,1
5036,88,0
5037,29,1
5038,100,0
5039,48,0
5040,48,0
5041,60,0
5042,79,0
5043,34,1
5044,43,1
5045,49,1
5046,42,1
5047,30,1
5048,158,1
5049,86,1
5050,73,0
5051,79,0
5052,120,1
5053,121,0
5054,46,1
5055,71,0
5056,122,1
5057,60,0
5058,44,1
5059,67,1
5060,179,0
5061,80,1
5062,56,1
5063,172,1
5064,148,1
5065,148,0
5066,178,1
5067,134,0
5068,61,1
5069,159,1
5070,115,0
5071,60,0
5072,83,0
5073,35,0
5074,52,0
5075,89,0
5076,87,0
5077,175,0
5078,58,1
5079,99,1
5080,36,1
5081,69,1
5082,78,0
5083,43,1
5084,69,1
5085,112,1
5086,50,1
5087,69,1
5088,65,1
5089,63,0
5090,112,1
5091,77,1
5092,75,1
5093,51,1
5094,104,0
5095,90,1
5096,53,1
5097,38,1
5098,200,0
5099,96,1
5100,34,1
5101,56,1
5102,157,0
5103,83,1
5104,84,1
5105,55,0
5106,75,1
5107,70,1
5108,120,1
5109,96,0
5110,55,1
5111,116,1
5112,23,1
5113,87,1
5114,200,0
5115,56,1
5116,184,1
5117,152,1
5118,77,0
5119,63,1
5120,109,1
5121,40,0
5122,36,0
5123,200,0
5124,61,1
5125,84,0
5126,44,1
5127,74,0
5128,103,0
5129,56,1
5130,61,0
5131,122,0
5132,175,1
5133,37,1
5134,40,0
5135,106,0
5136,77,0
5137,98,1
5138,66,0
5139,77,1
5140,113,1
5141,96,1
5142,126,1
5143,106,1
5144,68,0
5145,62,1
5146,140,0
5147,45,0
5148,38,1
5149,93,1
5150,55,0
5151,60,1
5152,94,0
5153,200,0
5154,43,1
5155,50,1
5156,43,1
5157,97,1
5158,34,0
5159,50,1
5160,120,1
5161,81,1
5162,78,0
5163,33,0
5164,60,0
5165,169,1
5166,72,1
5167,112,0
5168,65,1
5169,104,1
5170,139,1
5171,129,1
5172,200,0
5173,66,1
5174,115,1
5175,39,1
5176,133,1
5177,39,0
5178,200,0
5179,200,0
5180,96,1
5181,108,1
5182,45,0
5183,91,1
5184,97,0
5185,55,1
5186,40,1
5187,48,0
5188,167,0
5189,87,0
5190,200,0
5191,144,0
5192,98,0
5193,78,0
5194,117,0
5195,68,1
5196,142,1
5197,49,0
5198,200,0
5199,53,1
5200,200,0
5201,76,1
5202,73,1
5203,63,0
5204,51,1
5205,35,0
5206,200,0
5207,97,0
5208,90,1
5209,138,0
5210,78,1
5211,60,1
5212,99,0
5213,35,1
5214,200,0
5215,58,0
5216,88,1
5217,61,0
5218,56,1
5219,176,1
5220,111,0
5221,167,0
5222,29,0
5223,120,0
5224,38,1
5225,28,0
5226,81,0
5227,30,0
5228,165,0
5229,75,0
5230,200,0
5231,87,1
5232,200,0
5233,50,0
5234,110,0
5235,173,1
5236,88,1
5237,46,1
5238,33,1
5239,115,1
5240,11,0
5241,99,1
5242,90,1
5243,43,1
5244,42,0
5245,36,1
5246,67,1
5247,72,0
5248,133,0
5249,85,1
5250,87,0
5251,35,1
5252,101,1
5253,52,1
5254,187,1
5255,200,0
5256,34,0
5257,70,1
5258,51,0
5259,127,1
5260,156,1
5261,41,0
5262,52,1
5263,35,1
5264,65,1
5265,60,1
5266,42,1
5267,42,1
5268,200,0
5269,73,0
5270,132,1
5271,200,0
5272,62,1
5273,123,1
5274,185,1
5275,119,1
5276,37,1
5277,199,1
5278,61,0
5279,86,0
5280,45,1
5281,200,0
5282,57,1
5283,43,0
5284,84,1
5285,72,1
5286,95,1
5287,150,1
5288,77,0
5289,200,0
5290,56,1
5291,41,0
5292,191,1
5293,36,0
5294,79,0
5295,74,0
5296,66,0
5297,38,1
5298,66,1
5299,111,1
5300,54,1
5301,75,0
5302,135,0
5303,27,1
5304,124,1
5305,91,1
5306,73,0
5307,64,1
5308,59,1
5309,36,1
5310,64,1
5311,112,1
5312,25,1
5313,78,0
5314,60,1
5315,123,1
5316,27,0
5317,77,1
5318,161,1
5319,129,1
5320,63,1
5321,26,0
5322,93,0
5323,71,1
5324,96,1
5325,29,1
5326,37,1
5327,60,0
5328,65,1
5329,47,1
5330,66,1
5331,88,0
5332,130,0
5333,88,0
5334,200,0
5335,32,1
5336,146,0
5337,48,1
5338,39,0
5339,175,1
5340,108,0
5341,96,1
5342,71,1
5343,131,1
5344,79,0
5345,93,1
5346,105,0
5347,93,0
5348,88,1
5349,106,0
5350,51,1
5351,31,0
5352,58,0
5353,148,1
5354,37,0
5355,53,1
5356,137,0
5357,88,1
5358,59,0
5359,159,1
5360,66,1
5361,44,1
5362,62,1
5363,82,0
5364,79,1
5365,69,0
5366,114,1
5367,200,0
5368,200,0
5369,84,1
5370,73,1
5371,56,0
5372,80,1
5373,132,1
5374,64,0
5375,59,1
5376,108,1
5377,43,0
5378,58,1
5379,90,1
5380,44,1
5381,91,0
5382,64,0
5383,60,1
5384,87,0
5385,88,0
5386,91,0
5387,63,1
5388,69,0
5389,54,1
5390,74,1
5391,59,0
5392,79,0
5393,91,1
5394,58,1
5395,100,1
5396,47,0
5397,113,0
5398,81,1
5399,88,0
5400,114,1
5401,158,0
5402,25,1
5403,112,0
5404,100,1
5405,72,1
5406,105,1
5407,68,1
5408,200,0
5409,189,1
5410,58,1
5411,136,1
5412,59,0
5413,142,1
5414,75,1
5415,70,0
5416,25,1
5417,28,0
5418,57,0
5419,112,0
5420,192,1
5421,100,0
5422,98,1
5423,63,0
5424,59,1
5425,92,1
5426,78,0
5427,103,0
5428,200,0
5429,112,1
5430,200,0
5431,62,1
5432,80,1
5433,73,1
5434,57,0
5435,42,1
5436,60,0
5437,200,0
5438,82,1
5439,50,1
5440,196,1
5441,89,0
5442,32,1
5443,57,0
5444,32,0
5445,49,0
5446,121,0
5447,75,1
5448,116,1
5449,188,0
5450,182,0
5451,102,1
5452,82,1
5453,81,0
5454,85,1
5455,61,1
5456,82,0
5457,155,0
5458,41,1
5459,97,1
5460,123,1
5461,39,1
5462,85,0
5463,108,0
5464,73,1
5465,128,0
5466,94,1
5467,53,0
5468,57,0
5469,73,1
5470,158,1
5471,45,1
5472,60,0
5473,35,1
5474,41,1
5475,92,1
5476,100,1
5477,78,0
5478,53,1
5479,53,1
5480,49,0
5481,28,0
5482,50,1
5483,75,1
5484,54,1
5485,63,1
5486,109,0
5487,139,0
5488,111,1
5489,130,0
5490,93,1
5491,56,1
5492,135,1
5493,20,0
5494,60,0
5495,64,0
5496,184,0
5497,116,0
5498,67,1
5499,28,0
5500,73,1
5501,195,1
5502,47,0
5503,50,1
5504,200,0
5505,62,0
5506,81,0
5507,53,0
5508,200,0
5509,77,0
5510,140,0
5511,82,1
5512,31,1
5513,150,1
5514,62,1
5515,84,0
5516,168,1
5517,27,0
5518,115,1
5519,200,0
5520,87,1
5521,82,1
5522,168,1
5523,61,1
5524,142,0
5525,118,1
5526,122,1
5527,178,1
5528,76,0
5529,65,1
5530,69,1
5531,96,0
5532,118,0
5533,176,1
5534,43,0
5535,41,1
5536,55,1
5537,182,1
5538,56,1
5539,54,0
5540,38,1
5541,41,1
5542,200,0
5543,44,0
5544,101,1
5545,184,0
5546,151,1
5547,56,1
5548,59,0
5549,86,1
5550,100,1
5551,35,1
5552,200,0
5553,35,0
5554,32,1
5555,135,0
5556,30,1
5557,192,1
5558,92,0
5559,134,1
5560,29,1
5561,170,0
5562,59,1
5563,41,0
5564,43,0
5565,49,0
5566,79,0
5567,56,0
5568,69,0
5569,96,0
5570,49,0
5571,46,1
5572,35,1
5573,63,1
5574,57,1
5575,73,1
5576,124,1
5577,46,1
5578,179,1
5579,158,0
5580,47,1
5581,175,1
5582,28,1
5583,33,0
5584,73,1
5585,113,0
5586,63,0
5587,137,0
5588,42,1
5589,112,1
5590,90,1
5591,111,1
5592,101,0
5593,171,0
5594,97,0
5595,33,1
5596,200,0
5597,59,1
5598,58,1
5599,56,1
5600,50,1
5601,95,0
5602,52,1
5603,73,1
5604,59,1
5605,57,1
5606,82,1
5607,44,0
5608,41,1
5609,34,0
5610,46,0
5611,57,0
5612,72,0
5613,94,1
5614,32,1
5615,59,0
5616,99,1
5617,95,1
5618,28,1
5619,80,1
5620,72,1
5621,79,1
5622,59,1
5623,94,0
5624,30,1
5625,154,1
5626,65,1
5627,156,1
5628,27,1
5629,46,1
5630,57,1
5631,103,1
5632,56,1
5633,75,0
5634,51,1
5635,98,0
5636,112,1
5637,73,1
5638,137,1
5639,74,1
5640,110,0
5641,38,1
5642,87,1
5643,60,1
5644,67,1
5645,71,1
5646,54,0
5647,145,1
5648,67,0
5649,52,1
5650,75,1
5651,59,0
5652,102,0
5653,88,1
5654,64,0
5655,200,0
5656,53,0
5657,38,1
5658,90,1
5659,180,1
5660,118,0
5661,136,1
5662,88,0
5663,62,1
5664,158,0
5665,81,1
5666,87,1
5667,90,0
5668,106,1
5669,172,0
5670,117,1
5671,37,0
5672,76,1
5673,131,1
5674,68,1
5675,105,1
5676,74,0
5677,84,1
5678,64,0
5679,74,1
5680,72,0
5681,46,0
5682,103,0
5683,200,0
5684,121,1
5685,76,1
5686,51,0
5687,77,1
5688,56,1
5689,67,1
5690,51,0
5691,200,0
5692,66,1
5693,59,0
5694,83,1
5695,38,1
5696,68,1
5697,54,1
5698,84,1
5699,114,1
5700,79,1
5701,200,0
5702,57,1
5703,38,1
5704,51,0
5705,171,1
5706,53,1
5707,172,0
5708,50,0
5709,32,1
5710,157,0
5711,69,1
5712,127,1
5713,51,0
5714,99,1
5715,77,1
5716,40,0
5717,188,1
5718,44,1
5719,35,0
5720,127,0
5721,115,1
5722,85,1
5723,33,0
5724,103,1
5725,82,0
5726,112,0
5727,123,1
5728,158,1
5729,59,0
5730,88,0
5731,135,1
5732,90,1
5733,101,0
5734,150,1
5735,200,0
5736,52,1
5737,135,0
5738,50,1
5739,56,0
5740,50,1
5741,78,1
5742,120,1
5743,174,0
5744,98,0
5745,36,1
5746,94,1
5747,98,1
5748,48,1
5749,172,0
5750,99,1
5751,54,1
5752,31,0
5753,31,1
5754,200,0
5755,200,0
5756,104,1
5757,47,1
5758,149,1
5759,69,0
5760,37,1
5761,66,1
5762,158,1
5763,119,0
5764,93,1
5765,113,1
5766,91,0
5767,66,1
5768,56,0
5769,25,0
5770,48,1
5771,78,1
5772,104,0
5773,46,1
5774,42,1
5775,76,1
5776,71,0
5777,87,1
5778,102,1
5779,42,1
5780,38,1
5781,200,0
5782,56,0
5783,62,0
5784,45,1
5785,98,1
5786,68,1
5787,58,0
5788,200,0
5789,103,1
5790,36,1
5791,40,0
5792,47,0
5793,85,0
5794,200,0
5795,144,0
5796,128,1
5797,74,1
5798,137,0
5799,66,1
5800,51,1
5801,76,1
5802,49,1
5803,54,1
5804,65,0
5805,56,1
5806,192,1
5807,171,0
5808,101,1
5809,46,0
5810,120,1
5811,77,0
5812,107,0
5813,87,1
5814,43,0
5815,61,1
5816,68,1
5817,162,1
5818,103,0
5819,87,0
5820,40,1
5821,68,1
5822,87,1
5823,86,0
5824,36,0
5825,127,1
5826,64,0
5827,112,0
5828,199,1
5829,128,0
5830,80,0
5831,67,0
5832,87,0
5833,49,0
5834,66,1
5835,115,1
5836,133,0
5837,67,1
5838,111,0
5839,84,1
5840,107,1
5841,46,1
5842,182,1
5843,164,1
5844,58,0
5845,96,1
5846,83,0
5847,185,0
5848,53,1
5849,148,0
5850,64,0
5851,76,1
5852,79,1
5853,69,0
5854,30,1
5855,112,0
5856,77,0
5857,103,1
5858,31,0
5859,80,1
5860,198,0
5861,145,1
5862,97,0
5863,79,1
5864,78,1
5865,24,1
5866,49,1
5867,36,0
5868,93,0
5869,54,0
5870,71,1
5871,156,1
5872,85,0
5873,85,1
5874,127,1
5875,200,0
5876,73,1
5877,21,1
5878,131,0
5879,142,0
5880,69,0
5881,87,1
5882,74,1
5883,120,0
5884,122,0
5885,63,0
5886,61,0
5887,150,0
5888,70,1
5889,200,0
5890,173,1
5891,178,1
5892,58,1
5893,73,0
5894,32,0
5895,122,0
5896,79,0
5897,148,0
5898,88,0
5899,49,1
5900,56,1
5901,60,1
5902,34,0
5903,89,0
5904,34,0
5905,95,1
5906,27,1
5907,79,0
5908,85,1
5909,58,0
5910,83,1
5911,200,0
5912,150,1
5913,32,0
5914,141,1
5915,65,1
5916,41,1
5917,33,0
5918,187,1
5919,79,0
5920,115,0
5921,200,0
5922,73,1
5923,158,0
5924,200,0
5925,72,1
5926,85,0
5927,65,1
5928,33,1
5929,84,0
5930,61,1
5931,114,0
5932,200,0
5933,42,1
5934,165,0
5935,67,1
5936,125,0
5937,68,1
5938,200,0
5939,69,0
5940,72,1
5941,43,1
5942,80,0
5943,76,0
5944,70,1
5945,81,1
5946,162,1
5947,84,0
5948,69,0
5949,34,1
5950,60,0
5951,77,1
5952,20,1
5953,52,0
5954,188,0
5955,30,1
5956,144,0
5957,38,0
5958,97,0
5959,75,0
5960,59,1
5961,200,0
5962,64,0
5963,60,0
5964,95,1
5965,58,0
5966,200,0
5967,89,1
5968,85,1
5969,56,1
5970,185,1
5971,87,1
5972,46,1
5973,30,0
5974,200,0
5975,128,0
5976,32,1
5977,40,1
5978,40,1
5979,25,0
5980,97,1
5981,38,1
5982,91,1
5983,62,0
5984,36,1
5985,183,0
5986,97,1
5987,55,1
5988,41,1
5989,88,0
5990,46,1
5991,175,1
5992,57,0
5993,36,1
5994,111,1
5995,45,1
5996,60,0
5997,65,1
5998,28,1
5999,57,1
6000,113,1
6001,34,1
6002,38,1
6003,45,1
6004,124,1
6005,200,0
6006,59,0
6007,71,0
6008,121,0
6009,112,1
6010,68,1
6011,84,1
6012,87,1
6013,127,1
6014,155,1
6015,36,1
6016,191,1
6017,30,1
6018,88,1
6019,122,1
6020,169,1
6021,71,1
6022,40,1
6023,21,1
6024,54,1
6025,36,1
6026,37,0
6027,54,1
6028,74,1
6029,142,1
6030,85,1
6031,72,1
6032,42,0
6033,111,0
6034,163,0
6035,41,1
6036,51,1
6037,53,0
6038,20,0
6039,141,1
6040,48,1
6041,55,0
6042,104,1
6043,86,1
6044,131,1
6045,52,1
6046,66,1
6047,63,1
6048,31,1
6049,66,0
6050,37,1
6051,200,0
6052,52,0
6053,44,1
6054,65,0
6055,62,0
6056,119,0
6057,67,1
6058,181,1
6059,58,0
6060,46,0
6061,89,1
6062,65,0
6063,97,1
6064,102,1
6065,39,1
6066,35,1
6067,77,1
6068,79,1
6069,150,0
6070,104,1
6071,134,1
6072,84,0
6073,200,0
6074,132,0
6075,78,1
6076,138,0
6077,83,1
6078,77,1
6079,159,0
6080,42,1
6081,136,1
6082,151,1
6083,81,1
6084,44,1
6085,163,0
6086,115,0
6087,113,1
6088,41,0
6089,58,0
6090,39,0
6091,127,1
6092,81,1
6093,108,0
6094,57,1
6095,152,1
6096,76,0
6097,35,1
6098,176,0
6099,43,1
6100,86,0
6101,62,0
6102,80,0
6103,160,1
6104,177,0
6105,126,0
6106,69,0
6107,85,1
6108,200,0
6109,84,1
6110,122,1
6111,45,1
6112,200,0
6113,200,0
6114,58,1
6115,35,1
6116,91,1
6117,153,0
6118,30,1
6119,89,1
6120,126,1
6121,76,1
6122,133,1
6123,200,0
6124,64,0
6125,77,0
6126,53,1
6127,189,1
6128,64,1
6129,112,1
6130,144,1
6131,71,1
6132,85,0
6133,59,1
6134,130,1
6135,112,1
6136,170,1
6137,64,1
6138,39,1
6139,41,1
6140,74,1
6141,108,0
6142,50,0
6143,97,0
6144,62,1
6145,44,0
6146,45,1
6147,28,1
6148,160,1
6149,33,1
6150,44,0
6151,65,1
6152,185,0
6153,88,1
6154,53,1
6155,107,0
6156,91,0
6157,117,1
6158,29,1
6159,118,1
6160,111,1
6161,60,1
6162,94,1
6163,51,1
6164,118,0
6165,50,0
6166,29,0
6167,90,1
6168,43,1
6169,74,1
6170,82,0
6171,51,1
6172,45,0
6173,184,0
6174,126,1
6175,176,1
6176,123,1
6177,51,0
6178,62,1
6179,66,1
6180,200,0
6181,30,1
6182,102,1
6183,78,1
6184,54,0
6185,45,0
6186,87,1
6187,81,1
6188,80,1
6189,92,1
6190,77,1
6191,116,1
6192,36,1
6193,80,1
6194,72,1
6195,190,0
6196,29,0
6197,135,1
6198,74,0
6199,179,0
6200,84,1
6201,156,1
6202,28,1
6203,47,0
6204,75,0
6205,114,0
6206,133,0
6207,123,1
6208,194,0
6209,41,1
6210,76,0
6211,66,0
6212,107,0
6213,38,1
6214,29,1
6215,33,0
6216,91,0
6217,48,1
6218,70,1
6219,45,1
6220,83,1
6221,76,1
6222,55,1
6223,56,1
6224,51,0
6225,106,0
6226,84,1
6227,71,1
6228,83,0
6229,65,0
6230,147,1
6231,80,1
6232,47,0
6233,78,1
6234,46,1
6235,37,1
6236,37,1
6237,61,0
6238,124,0
6239,102,0
6240,139,0
6241,55,0
6242,118,0
6243,110,1
6244,64,1
6245,191,0
6246,109,1
6247,196,0
6248,79,1
6249,27,1
6250,64,0
6251,85,0
6252,121,1
6253,151,1
6254,136,1
6255,133,0
6256,27,1
6257,43,1
6258,151,0
6259,58,1
6260,64,1
6261,64,0
6262,82,1
6263,52,1
6264,65,1
6265,40,1
6266,161,1
6267,68,1
6268,73,1
6269,87,1
6270,30,1
6271,35,1
6272,67,0
6273,65,0
6274,89,0
6275,111,1
6276,127,0
6277,200,0
6278,137,0
6279,64,1
6280,66,1
6281,67,1
6282,66,0
6283,123,1
6284,71,1
6285,151,1
6286,200,0
6287,36,1
6288,87,1
6289,35,1
6290,53,1
6291,63,1
6292,75,1
6293,100,0
6294,90,1
6295,154,1
6296,53,1
6297,167,1
6298,127,0
6299,32,1
6300,43,1
6301,124,1
6302,38,1
6303,147,1
6304,61,0
6305,86,1
6306,68,0
6307,59,1
6308,184,0
6309,128,0
6310,141,1
6311,84,0
6312,161,0
6313,29,1
6314,49,1
6315,73,0
6316,105,1
6317,68,0
6318,54,0
6319,50,0
6320,66,1
6321,67,1
6322,51,1
6323,39,1
6324,41,1
6325,164,1
6326,101,1
6327,38,1
6328,148,1
6329,36,1
6330,78,0
6331,38,1
6332,95,1
6333,162,1
6334,53,1
6335,55,0
6336,45,1
6337,112,0
6338,119,0
6339,96,1
6340,82,1
6341,74,1
6342,44,1
6343,94,0
6344,61,1
6345,57,1
6346,64,1
6347,200,0
6348,34,1
6349,57,1
6350,200,0
6351,93,1
6352,58,1
6353,34,1
6354,56,0
6355,98,1
6356,39,0
6357,57,1
6358,40,0
6359,97,1
6360,85,0
6361,89,0
6362,47,1
6363,84,1
6364,200,0
6365,63,1
6366,81,1
6367,52,0
6368,100,0
6369,114,0
6370,98,0
6371,125,0
6372,128,1
6373,113,1
6374,58,1
6375,35,1
6376,85,0
6377,35,0
6378,68,1
6379,25,1
6380,63,1
6381,48,1
6382,129,1
6383,74,0
6384,112,1
6385,51,1
6386,31,0
6387,101,1
6388,94,0
6389,71,1
6390,118,0
6391,55,0
6392,112,1
6393,67,0
6394,195,1
6395,57,1
6396,110,0
6397,200,0
6398,36,1
6399,40,1
6400,94,1
6401,70,1
6402,56,1
6403,91,1
6404,97,0
6405,128,0
6406,82,0
6407,45,1
6408,112,0
6409,66,0
6410,17,0
6411,54,1
6412,48,1
6413,79,1
6414,94,0
6415,75,0
6416,34,0
6417,91,1
6418,126,1
6419,61,0
6420,200,0
6421,61,1
6422,45,0
6423,66,0
6424,87,0
6425,86,1
6426,108,1
6427,72,1
6428,35,1
6429,61,1
6430,69,1
6431,49,1
6432,82,0
6433,125,1
6434,33,1
6435,128,0
6436,98,0
6437,139,0
6438,75,1
6439,138,1
6440,52,1
6441,110,1
6442,83,1
6443,34,1
6444,103,1
6445,72,1
6446,130,1
6447,45,0
6448,104,0
6449,32,1
6450,157,1
6451,80,1
6452,72,1
6453,185,1
6454,80,1
6455,49,1
6456,62,1
6457,128,1
6458,117,0
6459,137,0
6460,73,1
6461,69,1
6462,55,1
6463,54,1
6464,91,1
6465,95,0
6466,81,1
6467,56,0
6468,108,1
6469,115,0
6470,80,1
6471,46,1
6472,141,1
6473,26,1
6474,122,1
6475,164,0
6476,152,0
6477,45,0
6478,98,0
6479,26,0
6480,200,0
6481,70,1
6482,152,0
6483,65,0
6484,38,0
6485,143,1
6486,74,1
6487,66,1
6488,185,0
6489,172,1
6490,113,1
6491,200,0
6492,48,1
6493,59,1
6494,55,1
6495,55,0
6496,54,1
6497,51,0
6498,72,1
6499,136,0
6500,53,0
6501,53,1
6502,89,0
6503,160,0
6504,80,0
6505,53,0
6506,108,1
6507,70,1
6508,104,1
6509,30,1
6510,198,1
6511,40,1
6512,107,1
6513,26,1
6514,116,0
6515,78,1
6516,145,1
6517,200,0
6518,50,0
6519,82,1
6520,48,1
6521,95,0
6522,25,0
6523,92,1
6524,150,1
6525,147,1
6526,146,1
6527,90,0
6528,60,0
6529,83,0
6530,90,0
6531,63,1
6532,135,1
6533,87,1
6534,29,1
6535,57,0
6536,47,1
6537,125,0
6538,142,0
6539,105,1
6540,94,0
6541,51,0
6542,119,0
6543,51,0
6544,147,1
6545,200,0
6546,33,0
6547,45,0
6548,82,1
6549,60,1
6550,148,1
6551,29,1
6552,40,0
6553,200,0
6554,66,1
6555,91,1
6556,35,0
6557,92,1
6558,56,1
6559,200,0
6560,146,1
6561,58,1
6562,50,1
6563,37,1
6564,75,1
6565,122,1
6566,28,1
6567,79,1
6568,143,1
6569,95,0
6570,63,0
6571,200,0
6572,143,1
6573,89,1
6574,131,1
6575,35,1
6576,38,1
6577,49,0
6578,200,0
6579,57,0
6580,87,0
6581,57,1
6582,72,0
6583,185,1
6584,43,1
6585,103,1
6586,127,1
6587,28,1
6588,106,1
6589,173,1
6590,98,1
6591,158,1
6592,64,1
6593,108,1
6594,81,1
6595,116,1
6596,50,1
6597,84,1
6598,77,1
6599,92,0
6600,64,1
6601,63,1
6602,78,1
6603,31,1
6604,144,0
6605,200,0
6606,84,0
6607,150,1
6608,135,0
6609,121,1
6610,146,1
6611,69,0
6612,86,1
6613,74,0
6614,105,1
6615,58,0
6616,71,1
6617,39,1
6618,99,1
6619,43,1
6620,53,1
6621,129,0
6622,78,0
6623,127,1
6624,30,1
6625,200,0
6626,72,1
6627,116,1
6628,78,1
6629,74,1
6630,104,0
6631,29,1
6632,124,0
6633,44,1
6634,95,1
6635,119,0
6636,94,1
6637,89,0
6638,78,0
6639,58,1
6640,35,1
6641,52,1
6642,66,0
6643,23,0
6644,200,0
6645,50,0
6646,110,1
6647,36,1
6648,93,1
6649,78,1
6650,194,0
6651,87,1
6652,100,1
6653,100,1
6654,36,0
6655,41,0
6656,123,1
6657,47,1
6658,105,0
6659,50,0
6660,30,1
6661,105,0
6662,65,1
6663,173,1
6664,132,1
6665,141,1
6666,117,0
6667,95,0
6668,62,0
6669,48,1
6670,129,1
6671,105,0
6672,38,0
6673,106,1
6674,73,0
6675,115,0
6676,68,0
6677,198,1
6678,63,1
6679,75,1
6680,71,0
6681,128,1
6682,96,0
6683,68,1
6684,62,1
6685,71,0
6686,88,1
6687,34,0
6688,53,1
6689,100,1
6690,47,1
6691,130,0
6692,75,1
6693,37,0
6694,74,1
6695,102,1
6696,78,1
6697,97,1
6698,78,1
6699,31,1
6700,49,0
6701,59,1
6702,95,1
6703,84,1
6704,48,0
6705,41,1
6706,38,0
6707,66,0
6708,200,0
6709,46,1
6710,44,1
6711,64,1
6712,64,0
6713,63,0
6714,98,0
6715,45,0
6716,146,0
6717,23,0
6718,111,0
6719,84,0
6720,43,1
6721,118,1
6722,72,1
6723,71,1
6724,35,0
6725,200,0
6726,59,0
6727,169,1
6728,44,1
6729,39,1
6730,48,0
6731,200,0
6732,118,1
6733,94,1
6734,45,1
6735,56,1
6736,95,1
6737,200,0
6738,66,0
6739,28,1
6740,51,1
6741,55,0
6742,26,1
6743,37,1
6744,95,1
6745,44,1
6746,110,0
6747,168,1
6748,62,0
6749,200,0
6750,57,0
6751,200,0
6752,63,1
6753,103,1
6754,88,1
6755,62,0
6756,109,1
6757,70,1
6758,91,0
6759,115,0
6760,86,1
6761,61,1
6762,34,1
6763,89,1
6764,105,1
6765,48,0
6766,28,1
6767,174,1
6768,125,0
6769,34,1
6770,69,0
6771,133,0
6772,85,1
6773,31,1
6774,69,1
6775,56,1
6776,200,0
6777,100,0
6778,187,0
6779,66,1
6780,96,0
6781,66,0
6782,53,1
6783,44,0
6784,53,1
6785,39,1
6786,35,1
6787,139,1
6788,44,1
6789,45,0
6790,76,1
6791,46,0
6792,50,0
6793,39,1
6794,192,1
6795,70,1
6796,188,1
6797,119,0
6798,63,1
6799,23,0
6800,63,1
6801,48,0
6802,101,0
6803,39,1
6804,93,0
6805,53,0
6806,37,1
6807,117,1
6808,88,1
6809,143,1
6810,70,1
6811,42,1
6812,126,1
6813,68,1
6814,116,1
6815,119,0
6816,115,1
6817,93,1
6818,200,1
6819,103,1
6820,57,0
6821,78,1
6822,108,0
6823,42,1
6824,179,1
6825,35,1
6826,117,0
6827,71,0
6828,136,1
6829,66,1
6830,192,1
6831,27,1
6832,29,1
6833,150,1
6834,60,1
6835,75,0
6836,52,1
6837,200,0
6838,64,1
6839,119,1
6840,80,1
6841,80,1
6842,77,0
6843,83,1
6844,114,1
6845,74,0
6846,38,1
6847,86,1
6848,105,1
6849,46,0
6850,141,0
6851,182,0
6852,72,1
6853,157,1
6854,47,0
6855,51,1
6856,110,1
6857,63,1
6858,98,1
6859,95,1
6860,71,1
6861,88,1
6862,80,0
6863,39,1
6864,32,1
6865,55,1
6866,74,1
6867,67,0
6868,58,1
6869,42,0
6870,179,1
6871,83,1
6872,173,0
6873,101,0
6874,46,1
6875,59,1
6876,61,1
6877,34,0
6878,43,0
6879,200,0
6880,122,0
6881,43,1
6882,86,1
6883,63,1
6884,17,0
6885,46,1
6886,69,1
6887,168,1
6888,123,0
6889,42,1
6890,82,0
6891,76,0
6892,200,0
6893,79,1
6894,35,1
6895,81,0
6896,90,1
6897,145,0
6898,101,1
6899,105,0
6900,76,0
6901,200,0
6902,91,1
6903,69,0
6904,33,0
6905,163,0
6906,94,1
6907,41,1
6908,25,1
6909,123,0
6910,66,0
6911,47,1
6912,68,1
6913,99,1
6914,160,0
6915,53,1
6916,75,0
6917,116,0
6918,49,1
6919,55,0
6920,200,0
6921,37,0
6922,40,1
6923,93,0
6924,69,1
6925,90,1
6926,62,0
6927,116,0
6928,159,0
6929,160,1
6930,61,1
6931,63,1
6932,102,0
6933,82,1
6934,37,1
6935,200,0
6936,62,0
6937,135,1
6938,200,0
6939,133,0
6940,30,1
6941,126,0
6942,130,0
6943,42,0
6944,80,1
6945,118,1
6946,200,0
6947,76,0
6948,58,1
6949,154,1
6950,67,1
6951,148,1
6952,200,0
6953,92,1
6954,95,1
6955,24,0
6956,94,1
6957,144,0
6958,72,1
6959,83,0
6960,97,1
6961,200,0
6962,198,0
6963,52,0
6964,200,0
6965,105,1
6966,56,1
6967,47,1
6968,167,1
6969,64,0
6970,76,1
6971,36,1
6972,68,0
6973,170,0
6974,39,1
6975,60,0
6976,76,1
6977,51,0
6978,200,0
6979,93,0
6980,194,1
6981,158,1
6982,74,1
6983,200,0
6984,34,0
6985,55,1
6986,47,1
6987,100,0
6988,46,0
6989,200,0
6990,93,1
6991,57,1
6992,103,1
6993,48,1
6994,57,0
6995,127,0
6996,49,0
6997,110,1
6998,48,0
6999,33,1
7000,200,0
7001,87,0
7002,192,1
7003,85,1
7004,18,0
7005,41,0
7006,57,0
7007,30,1
7008,18,0
7009,111,1
7010,61,0
7011,53,1
7012,65,0
7013,123,0
7014,87,1
7015,84,0
7016,68,0
7017,53,1
7018,82,0
7019,70,1
7020,50,0
7021,69,0
7022,73,1
7023,109,0
7024,168,1
7025,48,0
7026,41,0
7027,96,0
7028,42,0
7029,80,1
7030,58,1
7031,38,1
7032,148,1
7033,86,0
7034,52,1
7035,39,1
7036,200,0
7037,19,1
7038,42,1
7039,83,1
7040,111,1
7041,145,1
7042,34,0
7043,63,1
7044,55,1
7045,79,1
7046,174,1
7047,106,0
7048,55,0
7049,26,0
7050,48,0
7051,55,1
7052,56,1
7053,66,1
7054,137,1
7055,56,1
7056,155,0
7057,64,1
7058,97,1
7059,134,0
7060,200,0
7061,52,0
7062,86,0
7063,84,0
7064,62,0
7065,40,1
7066,131,1
7067,200,0
7068,85,0
7069,134,0
7070,27,1
7071,81,0
7072,191,1
7073,124,1
7074,152,0
7075,38,1
7076,78,1
7077,200,0
7078,77,1
7079,160,0
7080,117,1
7081,62,1
7082,43,1
7083,45,1
7084,141,0
7085,53,1
7086,117,0
7087,50,1
7088,97,1
7089,56,1
7090,58,1
7091,149,0
7092,40,1
7093,188,1
7094,80,0
7095,142,1
7096,47,1
7097,53,0
7098,81,1
7099,123,1
7100,65,1
7101,89,1
7102,42,1
7103,105,0
7104,200,0
7105,200,0
7106,57,1
7107,81,1
7108,122,1
7109,79,0
7110,26,1
7111,107,0
7112,92,0
7113,65,0
7114,37,1
7115,72,1
7116,70,1
7117,94,0
7118,127,1
7119,28,1
7120,89,0
7121,61,1
7122,77,1
7123,42,1
7124,124,0
7125,82,1
7126,29,1
7127,52,0
7128,200,0
7129,80,1
7130,80,0
7131,66,1
7132,76,0
7133,43,0
7134,100,0
7135,78,0
7136,58,1
7137,123,0
7138,68,0
7139,200,0
7140,151,0
7141,156,0
7142,74,0
7143,185,1
7144,134,0
7145,50,0
7146,124,1
7147,100,1
7148,150,0
7149,36,1
7150,54,1
7151,40,1
7152,38,1
7153,39,1
7154,52,1
7155,103,1
7156,141,0
7157,119,0
7158,171,0
7159,113,1
7160,27,0
7161,36,0
7162,152,0
7163,105,0
7164,49,1
7165,61,1
7166,34,0
7167,128,1
7168,27,0
7169,38,0
7170,112,1
7171,66,0
7172,82,0
7173,52,1
7174,87,1
7175,95,1
7176,137,1
7177,34,1
7178,79,1
7179,56,1
7180,200,0
7181,102,1
7182,51,1
7183,42,1
7184,75,1
7185,74,1
7186,107,1
7187,102,0
7188,37,1
7189,111,0
7190,103,1
7191,67,0
7192,37,0
7193,77,1
7194,34,0
7195,165,1
7196,69,1
7197,132,1
7198,48,1
7199,29,1
7200,72,1
7201,128,0
7202,44,1
7203,64,1
7204,83,0
7205,54,1
7206,59,0
7207,57,0
7208,111,1
7209,33,1
7210,88,0
7211,116,1
7212,52,1
7213,97,0
7214,191,1
7215,62,0
7216,103,1
7217,30,1
7218,139,1
7219,92,0
7220,120,0
7221,138,1
7222,116,0
7223,200,0
7224,90,0
7225,200,0
7226,62,1
7227,127,1
7228,61,1
7229,108,1
7230,101,1
7231,53,0
7232,171,0
7233,57,0
7234,62,0
7235,120,1
7236,124,0
7237,63,0
7238,194,1
7239,54,0
7240,200,0
7241,200,0
7242,51,1
7243,59,0
7244,120,1
7245,117,0
7246,88,0
7247,42,1
7248,150,1
7249,92,1
7250,45,0
7251,107,0
7252,44,1
7253,82,1
7254,71,1
7255,164,0
7256,82,0
7257,57,0
7258,61,1
7259,58,0
7260,97,1
7261,111,0
7262,28,1
7263,172,1
7264,92,0
7265,78,0
7266,93,0
7267,111,0
7268,18,0
7269,122,0
7270,95,1
7271,71,0
7272,54,1
7273,137,1
7274,68,1
7275,90,1
7276,96,0
7277,200,0
7278,68,0
7279,77,0
7280,46,1
7281,118,1
7282,25,1
7283,200,0
7284,110,0
7285,93,0
7286,140,0
7287,93,1
7288,130,1
7289,163,0
7290,134,1
7291,54,0
7292,29,1
7293,174,1
7294,53,1
7295,200,0
7296,169,0
7297,94,1
7298,68,0
7299,104,1
7300,65,1
7301,86,0
7302,184,1
7303,44,0
7304,99,1
7305,42,1
7306,194,0
7307,113,0
7308,38,1
7309,34,0
7310,40,1
7311,54,0
7312,38,0
7313,50,0
7314,61,1
7315,40,1
7316,58,1
7317,131,0
7318,169,1
7319,66,0
7320,144,1
7321,48,0
7322,110,1
7323,107,1
7324,173,0
7325,156,1
7326,103,1
7327,51,1
7328,100,0
7329,124,1
7330,88,1
7331,200,0
7332,100,0
7333,56,1
7334,112,1
7335,52,1
7336,70,0
7337,126,1
7338,166,1
7339,111,0
7340,80,0
7341,141,0
7342,90,0
7343,180,1
7344,143,0
7345,40,1
7346,43,1
7347,121,1
7348,37,1
7349,117,0
7350,118,0
7351,89,1
7352,196,0
7353,91,1
7354,77,1
7355,56,1
7356,164,0
7357,159,1
7358,88,0
7359,39,1
7360,115,1
7361,96,0
7362,112,1
7363,59,1
7364,53,0
7365,46,1
7366,174,0
7367,124,0
7368,80,0
7369,142,0
7370,132,1
7371,134,1
7372,45,1
7373,78,1
7374,53,0
7375,163,1
7376,152,1
7377,101,1
7378,45,1
7379,51,0
7380,114,0
7381,72,0
7382,50,1
7383,76,0
7384,146,1
7385,120,0
7386,113,0
7387,43,1
7388,42,0
7389,200,0
7390,81,0
7391,101,0
7392,85,1
7393,47,1
7394,108,0
7395,196,0
7396,74,1
7397,58,0
7398,57,1
7399,42,0
7400,76,1
7401,200,0
7402,105,0
7403,123,0
7404,41,1
7405,84,1
7406,92,1
7407,73,1
7408,33,0
7409,80,1
7410,126,1
7411,136,1
7412,45,0
7413,179,1
7414,129,1
7415,28,1
7416,200,0
7417,36,1
7418,82,0
7419,45,1
7420,46,1
7421,79,0
7422,134,1
7423,80,1
7424,74,0
7425,51,1
7426,81,0
7427,82,0
7428,81,1
7429,116,1
7430,110,0
7431,52,1
7432,49,0
7433,39,1
7434,91,1
7435,26,0
7436,120,0
7437,45,1
7438,79,0
7439,37,0
7440,48,1
7441,46,0
7442,104,1
7443,182,1
7444,29,1
7445,73,1
7446,62,0
7447,125,1
7448,73,0
7449,194,1
7450,75,0
7451,39,1
7452,54,1
7453,69,1
7454,38,0
7455,58,1
7456,113,1
7457,67,1
7458,152,1
7459,170,1
7460,108,1
7461,52,0
7462,132,1
7463,101,1
7464,177,1
7465,97,0
7466,67,1
7467,148,1
7468,49,0
7469,89,1
7470,146,1
7471,142,1
7472,200,0
7473,54,0
7474,200,0
7475,143,1
7476,142,1
7477,103,0
7478,75,1
7479,46,0
7480,64,0
7481,143,0
7482,183,1
7483,109,1
7484,48,1
7485,74,0
7486,44,0
7487,96,0
7488,42,1
7489,141,0
7490,74,1
7491,47,0
7492,68,1
7493,125,1
7494,75,1
7495,75,1
7496,35,0
7497,88,0
7498,39,1
7499,125,1
7500,33,0
7501,138,1
7502,35,0
7503,91,1
7504,53,1
7505,57,0
7506,32,1
7507,200,0
7508,35,0
7509,72,0
7510,49,0
7511,84,1
7512,81,0
7513,51,1
7514,52,1
7515,200,0
7516,71,1
7517,46,1
7518,43,1
7519,85,1
7520,200,0
7521,200,0
7522,68,1
7523,57,1
7524,42,0
7525,101,1
7526,76,1
7527,145,1
7528,91,1
7529,115,0
7530,46,1
7531,65,0
7532,51,1
7533,86,0
7534,48,1
7535,31,0
7536,83,1
7537,67,0
7538,78,0
7539,32,0
7540,54,1
7541,200,0
7542,82,1
7543,62,0
7544,93,0
7545,169,0
7546,132,0
7547,65,0
7548,47,1
7549,33,1
7550,57,1
7551,163,0
7552,69,0
7553,65,1
7554,102,0
7555,74,1
7556,200,0
7557,62,1
7558,88,0
7559,80,0
7560,99,0
7561,99,1
7562,73,0
7563,90,0
7564,113,0
7565,49,1
7566,52,1
7567,82,0
7568,91,1
7569,153,1
7570,50,0
7571,88,1
7572,164,0
7573,136,0
7574,95,1
7575,120,1
7576,200,0
7577,54,1
7578,91,0
7579,63,1
7580,150,0
7581,71,0
7582,47,0
7583,71,1
7584,72,1
7585,77,1
7586,158,0
7587,32,1
7588,181,1
7589,83,1
7590,21,1
7591,52,0
7592,83,1
7593,113,1
7594,200,0
7595,200,0
7596,28,1
7597,57,1
7598,40,1
7599,31,0
7600,72,1
7601,93,1
7602,49,1
7603,73,1
7604,46,1
7605,50,1
7606,168,1
7607,141,1
7608,100,1
7609,34,1
7610,200,0
7611,96,0
7612,37,1
7613,73,1
7614,149,0
7615,35,1
7616,96,0
7617,169,0
7618,26,1
7619,165,1
7620,79,1
7621,89,1
7622,31,0
7623,200,0
7624,48,1
7625,43,1
7626,73,0
7627,94,1
7628,85,1
7629,79,0
7630,181,1
7631,68,1
7632,110,0
7633,92,1
7634,66,0
7635,88,1
7636,76,1
7637,99,0
7638,58,1
7639,79,1
7640,200,0
7641,49,1
7642,52,1
7643,59,1
7644,137,0
7645,51,1
7646,109,1
7647,50,1
7648,165,0
7649,157,1
7650,85,1
7651,16,1
7652,67,0
7653,67,1
7654,109,1
7655,154,0
7656,47,0
7657,35,0
7658,29,0
7659,56,0
7660,66,1
7661,151,1
7662,34,1
7663,64,1
7664,41,1
7665,56,0
7666,193,0
7667,33,1
7668,33,1
7669,56,1
7670,121,0
7671,95,1
7672,87,0
7673,58,1
7674,116,1
7675,38,1
7676,44,1
7677,41,1
7678,36,1
7679,63,1
7680,75,1
7681,77,0
7682,66,1
7683,132,1
7684,107,1
7685,174,1
7686,85,1
7687,99,0
7688,73,1
7689,34,0
7690,200,0
7691,200,0
7692,57,0
7693,200,0
7694,66,1
7695,76,0
7696,67,1
7697,94,0
7698,89,1
7699,59,1
7700,95,1
7701,61,1
7702,200,0
7703,111,1
7704,84,1
7705,190,1
7706,59,0
7707,66,1
7708,73,0
7709,84,0
7710,113,0
7711,69,1
7712,177,1
7713,111,1
7714,59,0
7715,52,0
7716,185,1
7717,75,1
7718,42,1
7719,63,1
7720,146,1
7721,82,1
7722,138,1
7723,55,1
7724,77,1
7725,73,1
7726,58,1
7727,124,1
7728,119,1
7729,79,0
7730,59,0
7731,47,1
7732,75,0
7733,146,1
7734,117,1
7735,158,1
7736,31,0
7737,42,0
7738,82,1
7739,66,1
7740,74,1
7741,68,1
7742,95,0
7743,181,0
7744,173,0
7745,173,0
7746,82,1
7747,52,0
7748,93,1
7749,64,1
7750,55,1
7751,28,1
7752,63,1
7753,31,1
7754,100,1
7755,42,0
7756,34,0
7757,177,1
7758,22,0
7759,108,1
7760,43,1
7761,43,1
7762,33,1
7763,36,1
7764,156,0
7765,143,0
7766,61,0
7767,113,1
7768,67,0
7769,54,1
7770,97,1
7771,64,1
7772,72,1
7773,42,1
7774,120,1
7775,68,1
7776,146,1
7777,75,0
7778,110,0
7779,76,0
7780,122,0
7781,77,1
7782,74,0
7783,75,1
7784,37,0
7785,96,1
7786,77,0
7787,59,1
7788,32,0
7789,149,0
7790,67,0
7791,43,0
7792,152,0
7793,40,0
7794,84,1
7795,50,1
7796,155,0
7797,40,1
7798,112,1
7799,145,1
7800,46,1
7801,149,1
7802,43,1
7803,56,1
7804,69,1
7805,88,0
7806,148,0
7807,200,0
7808,148,0
7809,93,0
7810,57,1
7811,49,1
7812,115,1
7813,38,0
7814,59,1
7815,50,1
7816,48,1
7817,58,0
7818,97,1
7819,200,0
7820,159,1
7821,51,1
7822,67,0
7823,136,1
7824,55,1
7825,158,0
7826,28,0
7827,52,1
7828,151,1
7829,44,1
7830,55,0
7831,94,1
7832,85,1
7833,116,0
7834,109,1
7835,87,0
7836,32,0
7837,110,0
7838,52,1
7839,38,0
7840,200,0
7841,51,1
7842,40,1
7843,131,1
7844,101,0
7845,44,1
7846,73,1
7847,62,1
7848,61,1
7849,64,1
7850,76,1
7851,69,0
7852,124,0
7853,70,0
7854,173,1
7855,32,0
7856,76,1
7857,44,0
7858,200,0
7859,30,0
7860,83,0
7861,23,0
7862,178,1
7863,89,1
7864,54,1
7865,71,1
7866,92,1
7867,33,1
7868,63,1
7869,117,1
7870,69,0
7871,113,0
7872,192,1
7873,67,1
7874,65,1
7875,58,1
7876,43,0
7877,165,1
7878,69,1
7879,80,1
7880,25,1
7881,200,0
7882,84,1
7883,142,0
7884,53,1
7885,59,0
7886,87,1
7887,81,1
7888,89,1
7889,140,0
7890,77,0
7891,57,0
7892,107,1
7893,170,1
7894,198,0
7895,49,1
7896,56,0
7897,111,0
7898,137,1
7899,43,1
7900,70,0
7901,127,0
7902,89,0
7903,88,0
7904,65,1
7905,60,1
7906,131,1
7907,39,1
7908,51,1
7909,100,1
7910,78,1
7911,49,0
7912,53,1
7913,169,0
7914,54,0
7915,141,1
7916,200,0
7917,93,1
7918,88,0
7919,189,1
7920,83,1
7921,39,1
7922,100,0
7923,54,0
7924,200,0
7925,56,0
7926,117,1
7927,59,1
7928,44,0
7929,63,0
7930,26,1
7931,27,0
7932,115,1
7933,111,0
7934,122,1
7935,34,1
7936,138,0
7937,136,1
7938,61,0
7939,51,0
7940,51,1
7941,136,1
7942,116,1
7943,54,1
7944,180,1
7945,58,1
7946,55,0
7947,88,0
7948,101,0
7949,79,1
7950,28,0
7951,167,1
7952,24,1
7953,200,0
7954,58,1
7955,66,0
7956,95,1
7957,39,1
7958,92,1
7959,88,1
7960,102,0
7961,56,0
7962,100,1
7963,46,1
7964,45,0
7965,156,1
7966,36,1
7967,87,1
7968,54,1
7969,68,1
7970,29,1
7971,108,1
7972,70,0
7973,153,1
7974,71,0
7975,69,1
7976,200,0
7977,80,1
7978,143,0
7979,52,1
7980,92,1
7981,168,0
7982,93,1
7983,154,1
7984,39,1
7985,61,1
7986,137,1
7987,49,1
7988,87,0
7989,87,0
7990,52,0
7991,38,1
7992,53,1
7993,62,1
7994,76,1
7995,76,1
7996,78,1
7997,32,0
7998,89,1
7999,96,1
8000,67,0
8001,42,0
8002,71,1
8003,23,0
8004,85,0
8005,22,0
8006,44,0
8007,172,0
8008,101,1
8009,132,1
8010,79,0
8011,61,0
8012,177,1
8013,118,1
8014,75,0
8015,78,1
8016,97,1
8017,53,0
8018,131,1
8019,101,0
8020,66,1
8021,36,0
8022,48,1
8023,52,1
8024,60,1
8025,36,0
8026,176,1
8027,58,1
8028,71,0
8029,125,1
8030,45,1
8031,52,1
8032,62,0
8033,137,1
8034,61,1
8035,63,0
8036,83,1
8037,101,1
8038,118,0
8039,73,1
8040,121,0
8041,112,1
8042,53,1
8043,140,1
8044,102,1
8045,39,1
8046,200,0
8047,71,0
8048,124,1
8049,150,1
8050,75,0
8051,178,1
8052,142,1
8053,63,1
8054,37,1
8055,74,0
8056,86,1
8057,157,1
8058,55,1
8059,96,1
8060,52,1
8061,130,1
8062,200,0
8063,62,1
8064,58,1
8065,51,1
8066,44,1
8067,161,1
8068,43,0
8069,71,0
8070,117,1
8071,20,0
8072,55,1
8073,48,1
8074,200,0
8075,127,1
8076,46,1
8077,47,1
8078,55,1
8079,46,0
8080,64,1
8081,50,1
8082,170,1
8083,43,1
8084,32,1
8085,121,0
8086,70,0
8087,32,0
8088,171,1
8089,30,0
8090,71,1
8091,49,0
8092,95,1
8093,46,1
8094,91,1
8095,25,0
8096,90,1
8097,37,0
8098,110,1
8099,97,0
8100,116,0
8101,147,0
8102,67,1
8103,105,1
8104,44,1
8105,52,1
8106,29,1
8107,100,1
8108,153,1
8109,67,0
8110,135,1
8111,38,0
8112,106,0
8113,69,1
8114,64,1
8115,81,1
8116,51,1
8117,28,1
8118,85,1
8119,39,0
8120,64,0
8121,196,0
8122,60,1
8123,163,1
8124,168,0
8125,200,0
8126,124,0
8127,57,1
8128,200,0
8129,79,0
8130,107,1
8131,60,1
8132,147,1
8133,79,1
8134,110,0
8135,34,0
8136,42,0
8137,75,0
8138,58,1
8139,71,0
8140,62,1
8141,76,1
8142,119,1
8143,150,1
8144,71,1
8145,73,0
8146,145,0
8147,109,0
8148,85,1
8149,83,0
8150,40,0
8151,16,0
8152,120,1
8153,68,0
8154,200,0
8155,82,0
8156,65,1
8157,40,1
8158,34,0
8159,171,1
8160,92,1
8161,75,0
8162,102,1
8163,54,1
8164,43,1
8165,97,1
8166,54,0
8167,63,0
8168,79,1
8169,73,0
8170,121,1
8171,57,0
8172,32,0
8173,66,0
8174,50,1
8175,95,0
8176,74,1
8177,100,0
8178,91,0
8179,46,1
8180,87,0
8181,49,1
8182,43,0
8183,40,1
8184,69,0
8185,45,1
8186,90,1
8187,57,1
8188,40,0
8189,145,0
8190,73,0
8191,39,1
8192,87,1
8193,129,1
8194,54,0
8195,62,1
8196,45,0
8197,79,0
8198,79,1
8199,36,1
8200,60,1
8201,51,1
8202,130,0
8203,154,1
8204,58,1
8205,21,1
8206,163,0
8207,101,0
8208,124,1
8209,122,0
8210,102,0
8211,36,1
8212,35,0
8213,128,0
8214,115,1
8215,25,1
8216,62,1
8217,90,1
8218,63,0
8219,100,0
8220,189,0
8221,95,1
8222,73,1
8223,170,0
8224,50,0
8225,34,1
8226,155,1
8227,170,1
8228,59,0
8229,52,1
8230,103,1
8231,59,1
8232,200,0
8233,84,0
8234,134,1
8235,133,1
8236,95,0
8237,103,0
8238,74,1
8239,109,1
8240,74,1
8241,77,0
8242,136,1
8243,157,1
8244,93,1
8245,57,1
8246,24,1
8247,37,0
8248,84,1
8249,59,1
8250,50,1
8251,111,1
8252,77,0
8253,82,1
8254,16,0
8255,58,0
8256,58,0
8257,101,1
8258,36,1
8259,58,0
8260,63,0
8261,79,0
8262,93,0
8263,60,1
8264,81,0
8265,87,1
8266,87,0
8267,55,1
8268,75,1
8269,57,0
8270,121,1
8271,200,0
8272,87,0
8273,54,0
8274,33,0
8275,50,0
8276,125,1
8277,99,1
8278,200,0
8279,87,0
8280,178,0
8281,133,1
8282,29,1
8283,48,0
8284,131,0
8285,51,1
8286,55,0
8287,84,0
8288,75,0
8289,146,1
8290,64,0
8291,67,0
8292,112,0
8293,84,1
8294,55,0
8295,75,1
8296,109,0
8297,200,0
8298,44,0
8299,102,0
8300,154,0
8301,55,0
8302,131,1
8303,200,0
8304,36,0
8305,78,1
8306,55,0
8307,105,1
8308,38,0
8309,68,0
8310,108,1
8311,41,0
8312,66,1
8313,70,0
8314,200,0
8315,102,1
8316,27,1
8317,36,0
8318,87,0
8319,200,0
8320,35,1
8321,122,0
8322,48,1
8323,110,1
8324,23,1
8325,71,1
8326,68,1
8327,58,1
8328,159,1
8329,53,0
8330,47,1
8331,47,0
8332,50,0
8333,28,1
8334,91,1
8335,79,0
8336,76,1
8337,200,0
8338,58,1
8339,57,0
8340,125,0
8341,46,1
8342,64,1
8343,37,1
8344,86,1
8345,62,0
8346,83,0
8347,134,1
8348,64,1
8349,53,1
8350,65,1
8351,32,1
8352,115,1
8353,35,0
8354,53,1
8355,34,1
8356,83,1
8357,61,0
8358,200,0
8359,70,1
8360,196,1
8361,80,0
8362,69,1
8363,47,0
8364,40,0
8365,74,0
8366,141,0
8367,64,0
8368,53,1
8369,97,1
8370,36,1
8371,135,0
8372,112,0
8373,37,0
8374,183,0
8375,44,0
8376,51,1
8377,70,1
8378,85,1
8379,97,1
8380,81,1
8381,51,1
8382,50,1
8383,85,1
8384,44,1
8385,200,0
8386,114,1
8387,200,0
8388,94,1
8389,85,0
8390,55,1
8391,49,1
8392,75,0
8393,74,0
8394,91,1
8395,92,1
8396,60,1
8397,59,0
8398,34,0
8399,102,1
8400,77,1
8401,120,1
8402,50,0
8403,127,1
8404,32,0
8405,200,0
8406,39,1
8407,35,1
8408,61,1
8409,35,0
8410,57,1
8411,74,1
8412,48,1
8413,60,1
8414,62,1
8415,78,1
8416,200,0
8417,51,1
8418,56,1
8419,113,1
8420,63,1
8421,126,1
8422,32,0
8423,44,0
8424,38,0
8425,106,0
8426,93,1
8427,60,0
8428,124,0
8429,152,0
8430,44,0
8431,137,1
8432,58,1
8433,50,0
8434,71,1
8435,127,0
8436,60,1
8437,40,1
8438,37,1
8439,57,1
8440,76,0
8441,44,1
8442,132,0
8443,200,0
8444,69,1
8445,71,1
8446,116,0
8447,54,1
8448,60,0
8449,65,1
8450,65,1
8451,112,0
8452,200,0
8453,25,1
8454,99,1
8455,146,1
8456,133,1
8457,111,1
8458,112,1
8459,44,0
8460,142,0
8461,75,1
8462,88,0
8463,53,1
8464,71,1
8465,98,1
8466,32,0
8467,184,0
8468,82,1
8469,69,0
8470,74,0
8471,110,1
8472,131,1
8473,85,0
8474,90,1
8475,20,1
8476,75,1
8477,57,0
8478,133,1
8479,73,0
8480,137,1
8481,139,1
8482,46,1
8483,71,1
8484,65,1
8485,55,1
8486,69,0
8487,200,0
8488,59,0
8489,82,0
8490,88,0
8491,68,0
8492,26,0
8493,37,1
8494,139,1
8495,65,0
8496,37,0
8497,179,1
8498,68,1
8499,57,0
8500,54,1
8501,47,1
8502,41,1
8503,83,1
8504,111,0
8505,37,1
8506,32,1
8507,91,1
8508,93,0
8509,67,1
8510,16,0
8511,86,1
8512,32,0
8513,83,1
8514,87,1
8515,57,1
8516,25,1
8517,39,0
8518,126,0
8519,50,1
8520,114,1
8521,95,0
8522,27,1
8523,85,1
8524,144,0
8525,89,0
8526,135,1
8527,86,1
8528,82,1
8529,89,1
8530,147,1
8531,55,1
8532,121,1
8533,50,1
8534,36,0
8535,61,0
8536,115,0
8537,37,1
8538,79,0
8539,200,0
8540,33,1
8541,39,1
8542,59,1
8543,116,0
8544,67,0
8545,49,0
8546,96,1
8547,101,1
8548,47,1
8549,68,0
8550,40,1
8551,167,0
8552,36,0
8553,123,1
8554,85,1
8555,46,0
8556,119,1
8557,41,0
8558,73,1
8559,71,1
8560,79,0
8561,96,0
8562,144,1
8563,116,1
8564,200,0
8565,200,0
8566,81,0
8567,103,1
8568,119,0
8569,42,1
8570,50,0
8571,63,1
8572,95,0
8573,56,1
8574,91,0
8575,200,0
8576,184,1
8577,166,1
8578,30,1
8579,44,0
8580,46,1
8581,54,1
8582,78,1
8583,128,0
8584,27,0
8585,101,0
8586,138,1
8587,107,1
8588,68,1
8589,27,0
8590,136,0
8591,129,1
8592,167,0
8593,200,0
8594,77,1
8595,83,1
8596,60,0
8597,51,0
8598,73,0
8599,60,1
8600,173,1
8601,152,0
8602,60,0
8603,184,1
8604,104,1
8605,145,1
8606,109,1
8607,138,1
8608,200,0
8609,105,0
8610,72,1
8611,29,1
8612,58,1
8613,55,1
8614,65,0
8615,107,1
8616,100,1
8617,43,1
8618,102,1
8619,120,0
8620,39,1
8621,139,1
8622,117,1
8623,103,0
8624,34,1
8625,72,1
8626,119,1
8627,50,1
8628,74,1
8629,68,1
8630,55,1
8631,42,0
8632,61,1
8633,43,1
8634,162,1
8635,25,0
8636,30,0
8637,49,0
8638,67,0
8639,110,0
8640,82,1
8641,83,1
8642,47,0
8643,65,1
8644,92,1
8645,33,1
8646,103,0
8647,89,1
8648,87,1
8649,126,0
8650,146,1
8651,43,0
8652,165,0
8653,56,0
8654,78,0
8655,167,1
8656,71,0
8657,83,1
8658,133,1
8659,73,1
8660,164,0
8661,64,1
8662,70,1
8663,55,1
8664,74,1
8665,177,0
8666,40,1
8667,200,0
8668,42,0
8669,107,0
8670,158,1
8671,200,0
8672,200,0
8673,64,0
8674,32,1
8675,144,0
8676,34,0
8677,70,1
8678,56,1
8679,53,0
8680,79,1
8681,130,1
8682,127,0
8683,54,1
8684,97,1
8685,118,1
8686,101,1
8687,126,1
8688,43,1
8689,89,0
8690,52,1
8691,41,1
8692,168,0
8693,138,1
8694,78,1
8695,68,1
8696,64,0
8697,102,1
8698,105,1
8699,116,1
8700,45,0
8701,117,0
8702,72,0
8703,200,0
8704,71,0
8705,71,1
8706,81,1
8707,91,0
8708,169,0
8709,95,0
8710,75,1
8711,52,1
8712,137,1
8713,49,1
8714,115,1
8715,27,1
8716,53,1
8717,53,1
8718,61,1
8719,131,1
8720,73,0
8721,35,0
8722,182,1
8723,103,1
8724,96,0
8725,52,1
8726,175,1
8727,44,0
8728,67,1
8729,95,0
8730,154,1
8731,142,1
8732,51,0
8733,87,1
8734,98,1
8735,61,1
8736,85,1
8737,115,0
8738,148,1
8739,111,0
8740,99,1
8741,67,1
8742,84,1
8743,112,1
8744,130,0
8745,52,1
8746,47,1
8747,54,1
8748,44,0
8749,68,1
8750,62,1
8751,84,1
8752,21,0
8753,42,1
8754,200,0
8755,179,0
8756,105,1
8757,66,0
8758,67,1
8759,140,1
8760,66,0
8761,81,0
8762,84,0
8763,51,1
8764,98,0
8765,170,1
8766,56,0
8767,111,0
8768,159,1
8769,64,0
8770,90,1
8771,32,1
8772,79,1
8773,105,0
8774,43,0
8775,36,0
8776,55,1
8777,17,0
8778,54,1
8779,83,1
8780,86,1
8781,50,1
8782,68,1
8783,106,1
8784,130,1
8785,90,1
8786,138,1
8787,165,0
8788,37,1
8789,53,0
8790,58,1
8791,33,1
8792,64,0
8793,200,0
8794,75,1
8795,64,0
8796,71,0
8797,69,1
8798,59,0
8799,200,0
8800,61,1
8801,120,1
8802,75,1
8803,33,1
8804,30,0
8805,64,0
8806,136,0
8807,43,1
8808,60,1
8809,75,0
8810,60,0
8811,62,0
8812,71,0
8813,175,0
8814,36,1
8815,79,1
8816,52,1
8817,66,1
8818,128,1
8819,84,1
8820,85,0
8821,84,1
8822,15,0
8823,41,1
8824,40,1
8825,114,1
8826,75,0
8827,63,1
8828,76,1
8829,43,1
8830,55,1
8831,28,0
8832,94,1
8833,53,0
8834,51,0
8835,68,1
8836,64,1
8837,53,1
8838,92,1
8839,95,0
8840,115,0
8841,61,0
8842,107,1
8843,72,1
8844,73,0
8845,71,0
8846,173,1
8847,129,1
8848,128,1
8849,49,1
8850,78,0
8851,179,1
8852,178,0
8853,94,1
8854,92,1
8855,38,0
8856,200,0
8857,56,1
8858,40,1
8859,40,1
8860,58,1
8861,200,0
8862,128,0
8863,55,1
8864,71,1
8865,42,1
8866,52,1
8867,64,0
8868,168,1
8869,110,1
8870,33,1
8871,40,1
8872,166,1
8873,174,0
8874,36,1
8875,18,1
8876,200,0
8877,50,0
8878,59,1
8879,122,1
8880,200,0
8881,76,1
8882,86,1
8883,72,1
8884,134,1
8885,58,1
8886,89,0
8887,82,1
8888,63,1
8889,65,1
8890,74,0
8891,91,1
8892,42,0
8893,142,0
8894,30,0
8895,75,1
8896,49,1
8897,133,1
8898,65,0
8899,45,1
8900,77,1
8901,63,0
8902,153,1
8903,77,0
8904,97,0
8905,95,1
8906,40,1
8907,150,0
8908,171,0
8909,110,0
8910,65,0
8911,109,0
8912,62,0
8913,111,1
8914,25,0
8915,95,1
8916,82,1
8917,169,1
8918,80,0
8919,105,1
8920,37,1
8921,97,1
8922,105,1
8923,107,1
8924,72,0
8925,53,1
8926,50,1
8927,92,0
8928,75,1
8929,92,0
8930,131,0
8931,127,1
8932,160,0
8933,102,1
8934,47,1
8935,117,0
8936,37,0
8937,200,0
8938,82,0
8939,46,1
8940,200,0
8941,79,0
8942,33,1
8943,50,1
8944,130,1
8945,30,1
8946,70,1
8947,59,1
8948,71,1
8949,32,1
8950,94,1
8951,67,0
8952,39,1
8953,64,0
8954,130,0
8955,200,0
8956,47,1
8957,71,1
8958,110,0
8959,69,0
8960,200,0
8961,99,0
8962,86,0
8963,65,0
8964,42,1
8965,30,0
8966,68,1
8967,64,1
8968,67,1
8969,101,1
8970,200,0
8971,200,0
8972,49,0
8973,29,1
8974,145,0
8975,200,0
8976,37,0
8977,148,0
8978,48,1
8979,59,1
8980,85,0
8981,94,0
8982,145,0
8983,112,1
8984,97,1
8985,74,1
8986,200,0
8987,114,1
8988,50,1
8989,200,0
8990,119,1
8991,121,1
8992,74,0
8993,96,0
8994,111,0
8995,51,1
8996,50,1
8997,46,1
8998,182,1
8999,85,1
9000,106,0
9001,51,1
9002,94,0
9003,69,0
9004,129,0
9005,36,1
9006,84,1
9007,141,1
9008,88,0
9009,91,0
9010,55,0
9011,115,1
9012,123,0
9013,52,0
9014,58,0
9015,32,0
9016,140,1
9017,101,0
9018,89,1
9019,200,0
9020,121,1
9021,70,1
9022,60,0
9023,88,0
9024,98,1
9025,82,0
9026,94,1
9027,44,1
9028,61,1
9029,121,1
9030,49,0
9031,126,0
9032,54,0
9033,37,0
9034,42,1
9035,85,0
9036,93,1
9037,102,1
9038,93,1
9039,160,1
9040,49,0
9041,84,0
9042,42,1
9043,28,0
9044,200,0
9045,75,1
9046,78,1
9047,43,0
9048,46,1
9049,36,0
9050,100,0
9051,39,0
9052,97,1
9053,56,1
9054,51,0
9055,86,1
9056,45,1
9057,101,0
9058,64,0
9059,136,0
9060,59,1
9061,126,0
9062,50,0
9063,125,1
9064,159,0
9065,89,0
9066,92,1
9067,119,1
9068,72,1
9069,51,0
9070,74,1
9071,79,0
9072,58,1
9073,43,1
9074,50,1
9075,71,0
9076,78,0
9077,94,1
9078,65,0
9079,40,1
9080,64,1
9081,87,1
9082,166,1
9083,39,1
9084,68,1
9085,67,1
9086,29,0
9087,93,1
9088,121,0
9089,83,1
9090,43,1
9091,56,1
9092,93,0
9093,36,0
9094,40,1
9095,51,1
9096,80,1
9097,113,1
9098,92,1
9099,58,1
9100,200,0
9101,69,0
9102,109,1
9103,126,1
9104,79,0
9105,26,1
9106,123,1
9107,108,1
9108,41,1
9109,76,1
9110,53,1
9111,173,1
9112,67,0
9113,107,0
9114,71,1
9115,164,0
9116,75,1
9117,167,0
9118,24,1
9119,56,1
9120,120,0
9121,107,1
9122,91,0
9123,75,1
9124,58,1
9125,46,1
9126,78,1
9127,48,0
9128,35,1
9129,36,0
9130,62,1
9131,180,0
9132,81,1
9133,77,0
9134,89,1
9135,78,0
9136,65,0
9137,192,1
9138,44,0
9139,47,1
9140,97,1
9141,99,1
9142,46,1
9143,42,0
9144,121,1
9145,58,0
9146,69,0
9147,108,1
9148,94,1
9149,101,1
9150,200,0
9151,117,1
9152,133,0
9153,45,0
9154,200,0
9155,200,0
9156,56,0
9157,36,1
9158,91,0
9159,83,1
9160,51,1
9161,72,1
9162,86,0
9163,108,1
9164,51,1
9165,36,0
9166,98,0
9167,77,0
9168,72,1
9169,47,1
9170,67,1
9171,200,0
9172,133,1
9173,107,0
9174,52,1
9175,200,0
9176,26,0
9177,142,0
9178,114,1
9179,180,0
9180,58,1
9181,185,1
9182,110,0
9183,93,1
9184,100,1
9185,77,0
9186,109,1
9187,65,1
9188,79,1
9189,72,1
9190,106,1
9191,68,1
9192,75,1
9193,91,1
9194,85,1
9195,133,1
9196,145,0
9197,82,0
9198,68,0
9199,112,1
9200,45,1
9201,59,0
9202,65,0
9203,30,0
9204,101,1
9205,45,0
9206,110,0
9207,127,0
9208,43,1
9209,119,1
9210,49,1
9211,44,1
9212,47,0
9213,92,0
9214,86,1
9215,116,0
9216,43,1
9217,64,0
9218,44,0
9219,96,0
9220,76,1
9221,130,1
9222,53,0
9223,111,0
9224,18,0
9225,35,1
9226,46,1
9227,71,0
9228,87,0
9229,170,0
9230,43,1
9231,109,1
9232,80,0
9233,48,0
9234,89,0
9235,200,0
9236,61,0
9237,176,1
9238,45,1
9239,124,1
9240,98,0
9241,89,0
9242,55,1
9243,92,1
9244,37,0
9245,32,0
9246,49,1
9247,63,0
9248,42,0
9249,104,0
9250,98,0
9251,122,1
9252,46,1
9253,90,0
9254,102,1
9255,106,1
9256,95,0
9257,85,0
9258,47,0
9259,49,0
9260,70,1
9261,162,0
9262,113,1
9263,69,1
9264,117,0
9265,66,1
9266,116,0
9267,101,1
9268,59,1
9269,85,1
9270,113,0
9271,50,0
9272,29,1
9273,52,0
9274,66,0
9275,153,1
9276,75,0
9277,157,0
9278,200,0
9279,200,0
9280,122,1
9281,40,1
9282,141,0
9283,56,1
9284,73,1
9285,89,0
9286,69,1
9287,106,1
9288,124,1
9289,29,1
9290,76,1
9291,67,1
9292,44,1
9293,50,1
9294,102,1
9295,53,0
9296,55,0
9297,59,1
9298,172,0
9299,52,0
9300,42,1
9301,59,1
9302,42,0
9303,57,0
9304,71,1
9305,27,0
9306,146,1
9307,92,1
9308,73,0
9309,54,1
9310,123,1
9311,90,1
9312,37,0
9313,88,0
9314,49,1
9315,57,0
9316,68,1
9317,66,1
9318,72,1
9319,89,0
9320,54,1
9321,200,0
9322,158,0
9323,36,1
9324,200,0
9325,64,1
9326,39,1
9327,55,1
9328,46,0
9329,127,1
9330,80,1
9331,65,1
9332,106,1
9333,200,0
9334,47,0
9335,113,1
9336,49,1
9337,97,0
9338,200,0
9339,73,1
9340,66,0
9341,35,1
9342,35,1
9343,40,1
9344,118,1
9345,73,1
9346,145,1
9347,122,0
9348,78,1
9349,52,0
9350,65,0
9351,109,0
9352,113,0
9353,47,1
9354,121,0
9355,34,1
9356,72,0
9357,169,1
9358,162,1
9359,54,1
9360,54,0
9361,72,1
9362,43,0
9363,90,1
9364,38,1
9365,62,1
9366,99,0
9367,71,0
9368,115,1
9369,125,1
9370,66,1
9371,130,1
9372,58,1
9373,52,0
9374,133,1
9375,139,1
9376,165,1
9377,35,1
9378,141,0
9379,50,0
9380,49,1
9381,23,1
9382,61,1
9383,94,1
9384,52,0
9385,41,1
9386,53,0
9387,134,0
9388,95,1
9389,38,1
9390,152,0
9391,195,1
9392,65,1
9393,34,1
9394,37,1
9395,108,0
9396,192,0
9397,88,1
9398,48,0
9399,95,1
9400,28,0
9401,63,1
9402,39,1
9403,62,0
9404,28,1
9405,60,1
9406,100,0
9407,87,1
9408,50,0
9409,28,1
9410,127,0
9411,33,0
9412,186,0
9413,34,0
9414,45,0
9415,60,1
9416,140,1
9417,84,1
9418,24,1
9419,103,1
9420,66,0
9421,27,0
9422,200,0
9423,59,0
9424,110,1
9425,92,0
9426,60,0
9427,102,0
9428,153,1
9429,62,1
9430,77,1
9431,159,1
9432,72,1
9433,50,0
9434,111,0
9435,33,0
9436,42,0
9437,200,0
9438,70,0
9439,134,0
9440,112,0
9441,50,0
9442,96,0
9443,118,0
9444,45,0
9445,90,1
9446,85,1
9447,200,0
9448,34,1
9449,45,1
9450,110,0
9451,32,1
9452,43,1
9453,111,0
9454,98,1
9455,140,1
9456,64,1
9457,85,1
9458,111,0
9459,30,1
9460,26,1
9461,150,1
9462,60,0
9463,122,0
9464,33,1
9465,69,0
9466,78,0
9467,29,0
9468,41,0
9469,82,1
9470,53,0
9471,67,1
9472,200,0
9473,104,1
9474,35,1
9475,132,0
9476,111,0
9477,46,1
9478,38,1
9479,61,1
9480,118,0
9481,121,0
9482,96,1
9483,101,1
9484,44,1
9485,41,1
9486,82,1
9487,115,1
9488,52,1
9489,68,1
9490,93,1
9491,79,1
9492,73,0
9493,76,1
9494,36,0
9495,64,0
9496,82,0
9497,100,0
9498,42,0
9499,84,1
9500,103,1
9501,98,1
9502,39,1
9503,69,1
9504,64,1
9505,75,0
9506,64,1
9507,45,1
9508,64,1
9509,171,1
9510,154,0
9511,98,0
9512,95,0
9513,176,1
9514,200,0
9515,65,1
9516,64,1
9517,21,1
9518,106,0
9519,74,0
9520,67,1
9521,92,1
9522,124,0
9523,59,1
9524,26,1
9525,85,0
9526,200,0
9527,47,0
9528,54,1
9529,121,0
9530,157,0
9531,81,0
9532,43,0
9533,108,0
9534,57,1
9535,62,1
9536,58,0
9537,46,1
9538,29,1
9539,117,1
9540,75,1
9541,115,1
9542,105,0
9543,52,1
9544,117,1
9545,72,1
9546,82,1
9547,200,0
9548,113,1
9549,53,0
9550,109,0
9551,109,1
9552,80,1
9553,136,1
9554,42,0
9555,63,1
9556,91,1
9557,88,1
9558,74,0
9559,72,0
9560,200,0
9561,80,1
9562,33,1
9563,53,0
9564,57,1
9565,105,1
9566,77,1
9567,31,1
9568,88,0
9569,162,0
9570,106,1
9571,87,1
9572,126,1
9573,83,0
9574,62,0
9575,69,1
9576,32,0
9577,151,0
9578,70,1
9579,60,0
9580,67,0
9581,58,0
9582,61,1
9583,108,0
9584,151,0
9585,62,1
9586,64,1
9587,51,0
9588,200,0
9589,58,0
9590,54,1
9591,73,0
9592,134,0
9593,58,1
9594,52,0
9595,41,0
9596,160,1
9597,43,1
9598,50,0
9599,176,0
9600,138,1
9601,71,1
9602,84,1
9603,44,1
9604,36,1
9605,172,1
9606,96,0
9607,200,0
9608,56,1
9609,29,1
9610,34,0
9611,100,1
9612,129,0
9613,30,0
9614,18,1
9615,29,0
9616,165,0
9617,83,1
9618,71,1
9619,47,0
9620,78,0
9621,114,1
9622,31,0
9623,50,0
9624,57,0
9625,43,1
9626,87,1
9627,57,1
9628,34,0
9629,40,0
9630,61,1
9631,95,1
9632,44,0
9633,110,1
9634,107,0
9635,126,0
9636,61,0
9637,84,0
9638,140,0
9639,83,1
9640,71,1
9641,75,1
9642,33,1
9643,43,1
9644,200,0
9645,170,1
9646,61,1
9647,46,1
9648,111,0
9649,114,0
9650,49,1
9651,92,0
9652,161,1
9653,54,1
9654,40,1
9655,200,0
9656,76,1
9657,72,0
9658,84,0
9659,47,0
9660,65,1
9661,167,1
9662,93,0
9663,91,1
9664,72,0
9665,58,0
9666,82,0
9667,60,0
9668,145,1
9669,82,0
9670,200,0
9671,84,1
9672,127,1
9673,200,0
9674,85,0
9675,46,1
9676,46,1
9677,41,1
9678,89,1
9679,200,0
9680,87,0
9681,38,1
9682,84,0
9683,47,1
9684,114,0
9685,35,0
9686,37,0
9687,115,0
9688,101,0
9689,62,1
9690,101,1
9691,24,0
9692,57,1
9693,93,0
9694,83,1
9695,36,0
9696,104,1
9697,82,0
9698,55,0
9699,90,1
9700,133,1
9701,143,0
9702,112,0
9703,193,1
9704,118,0
9705,171,0
9706,39,0
9707,90,1
9708,41,1
9709,31,1
9710,193,0
9711,200,0
9712,74,0
9713,95,0
9714,76,0
9715,54,1
9716,46,1
9717,88,1
9718,42,0
9719,99,1
9720,67,1
9721,145,0
9722,72,1
9723,130,0
9724,200,0
9725,179,1
9726,29,0
9727,53,0
9728,71,1
9729,155,0
9730,138,1
9731,69,1
9732,111,0
9733,63,1
9734,200,0
9735,83,1
9736,81,0
9737,51,1
9738,135,1
9739,88,1
9740,81,1
9741,108,0
9742,120,1
9743,110,1
9744,106,1
9745,200,0
9746,57,1
9747,92,1
9748,77,1
9749,71,0
9750,67,1
9751,46,1
9752,65,1
9753,143,1
9754,62,1
9755,200,0
9756,99,1
9757,50,1
9758,40,0
9759,110,0
9760,138,0
9761,74,1
9762,124,1
9763,46,0
9764,75,0
9765,106,1
9766,36,1
9767,58,1
9768,83,1
9769,45,1
9770,70,1
9771,103,1
9772,46,0
9773,46,1
9774,154,1
9775,200,0
9776,101,1
9777,200,0
9778,119,1
9779,60,1
9780,91,0
9781,40,0
9782,138,1
9783,78,0
9784,120,1
9785,103,1
9786,113,1
9787,162,0
9788,200,0
9789,44,1
9790,147,1
9791,69,1
9792,52,0
9793,92,0
9794,27,1
9795,24,0
9796,52,1
9797,81,0
9798,200,1
9799,27,1
9800,31,1
9801,72,0
9802,98,1
9803,61,1
9804,55,1
9805,93,1
9806,53,1
9807,40,1
9808,116,0
9809,48,0
9810,113,1
9811,178,1
9812,33,0
9813,52,1
9814,91,1
9815,49,1
9816,127,1
9817,200,0
9818,52,0
9819,37,0
9820,157,1
9821,49,0
9822,63,1
9823,63,0
9824,63,0
9825,90,1
9826,86,0
9827,68,0
9828,94,1
9829,86,1
9830,65,0
9831,134,1
9832,104,1
9833,24,1
9834,190,1
9835,145,1
9836,200,0
9837,128,0
9838,49,1
9839,131,1
9840,52,0
9841,62,1
9842,62,1
9843,39,1
9844,94,1
9845,85,1
9846,112,0
9847,43,1
9848,181,0
9849,94,0
9850,90,1
9851,103,0
9852,93,1
9853,71,0
9854,200,0
9855,77,1
9856,56,1
9857,200,0
9858,40,1
9859,62,0
9860,134,0
9861,114,0
9862,184,0
9863,158,1
9864,71,1
9865,63,1
9866,68,1
9867,67,1
9868,35,1
9869,41,0
9870,48,0
9871,29,1
9872,41,1
9873,57,0
9874,30,0
9875,181,0
9876,61,0
9877,60,0
9878,200,1
9879,83,0
9880,51,1
9881,182,1
9882,200,0
9883,43,1
9884,90,0
9885,52,1
9886,60,1
9887,95,1
9888,39,1
9889,43,1
9890,198,1
9891,28,1
9892,195,1
9893,55,1
9894,135,0
9895,47,1
9896,136,0
9897,54,0
9898,50,0
9899,39,0
9900,155,1
9901,49,1
9902,50,1
9903,70,1
9904,75,0
9905,38,0
9906,77,0
9907,32,1
9908,82,1
9909,47,1
9910,69,1
9911,121,1
9912,59,0
9913,88,0
9914,39,1
9915,113,1
9916,62,1
9917,164,1
9918,200,0
9919,35,0
9920,70,1
9921,103,1
9922,27,0
9923,105,0
9924,72,0
9925,170,1
9926,117,0
9927,46,1
9928,35,0
9929,77,0
9930,122,1
9931,53,0
9932,67,0
9933,50,0
9934,64,1
9935,113,0
9936,55,1
9937,44,1
9938,91,0
9939,142,0
9940,82,1
9941,94,1
9942,106,1
9943,108,1
9944,86,0
9945,115,1
9946,154,1
9947,59,0
9948,69,1
9949,62,1
9950,99,1
9951,67,1
9952,80,0
9953,87,0
9954,53,0
9955,200,0
9956,73,1
9957,53,1
9958,79,1
9959,120,1
9960,52,0
9961,94,1
9962,108,1
9963,71,1
9964,200,0
9965,84,0
9966,23,1
9967,77,1
9968,88,0
9969,94,1
9970,71,1
9971,90,0
9972,60,1
9973,116,1
9974,46,0
9975,111,1
9976,89,0
9977,200,0
9978,131,1
9979,28,0
9980,106,1
9981,68,1
9982,60,0
9983,56,1
9984,66,0
9985,78,1
9986,75,0
9987,131,0
9988,116,1
9989,70,0
9990,29,0
9991,200,0
9992,66,0
9993,29,1
9994,71,1
9995,85,1
9996,71,1
9997,125,1
9998,95,1
9999,179,0
