episode,steps,reward
0,36,0
1,42,0
2,38,0
3,15,0
4,17,0
5,9,0
6,8,0
7,28,0
8,35,0
9,76,0
10,19,0
11,20,0
12,37,0
13,24,0
14,28,0
15,39,0
16,11,0
17,22,0
18,46,0
19,21,0
20,10,0
21,63,0
22,14,0
23,22,0
24,54,0
25,35,0
26,50,0
27,29,0
28,31,0
29,50,0
30,62,0
31,58,0
32,16,0
33,128,0
34,39,0
35,26,0
36,10,0
37,15,0
38,20,0
39,17,0
40,18,0
41,21,0
42,26,0
43,42,0
44,30,0
45,15,0
46,19,0
47,25,0
48,20,0
49,15,0
50,24,0
51,66,0
52,9,0
53,13,0
54,32,0
55,62,0
56,64,0
57,39,0
58,20,0
59,31,0
60,30,0
61,11,0
62,32,0
63,35,0
64,31,0
65,18,0
66,22,0
67,27,0
68,72,0
69,73,0
70,17,0
71,72,0
72,16,0
73,12,0
74,9,0
75,43,0
76,61,0
77,63,0
78,26,0
79,29,0
80,40,0
81,22,0
82,55,0
83,46,0
84,28,0
85,49,0
86,53,0
87,46,0
88,59,0
89,15,0
90,31,0
91,50,0
92,11,0
93,30,0
94,34,0
95,31,0
96,46,0
97,37,1
98,200,0
99,73,0
100,47,0
101,47,0
102,156,0
103,26,0
104,71,0
105,37,0
106,59,0
107,45,0
108,108,0
109,41,0
110,45,0
111,109,0
112,33,0
113,106,0
114,107,0
115,22,0
116,71,0
117,84,0
118,175,0
119,176,0
120,44,0
121,57,0
122,95,0
123,31,0
124,88,0
125,43,0
126,66,0
127,112,1
128,17,0
129,40,0
130,90,0
131,172,0
132,13,0
133,29,0
134,16,0
135,49,0
136,18,0
137,61,0
138,37,0
139,47,0
140,52,0
141,57,0
142,128,0
143,5,0
144,34,0
145,175,0
146,66,0
147,66,0
148,47,0
149,200,0
150,37,0
151,20,0
152,30,0
153,23,0
154,47,0
155,168,0
156,61,0
157,16,0
158,5,0
159,12,0
160,31,0
161,181,0
162,32,0
163,40,0
164,86,0
165,52,0
166,38,0
167,81,0
168,28,0
169,15,0
170,8,0
171,15,0
172,93,0
173,91,0
174,121,0
175,45,0
176,24,0
177,35,0
178,137,0
179,13,0
180,182,0
181,30,0
182,54,0
183,34,0
184,38,0
185,20,0
186,84,0
187,77,0
188,37,0
189,13,0
190,23,0
191,7,0
192,22,0
193,100,0
194,145,0
195,14,0
196,107,0
197,184,0
198,19,0
199,105,0
200,35,0
201,8,0
202,79,0
203,39,0
204,15,0
205,13,0
206,115,0
207,15,0
208,46,0
209,114,0
210,12,0
211,54,0
212,35,1
213,38,0
214,112,1
215,17,0
216,104,0
217,113,0
218,87,0
219,73,0
220,200,0
221,39,0
222,82,0
223,53,0
224,45,0
225,45,0
226,20,0
227,103,0
228,24,0
229,107,0
230,133,0
231,24,0
232,16,0
233,69,0
234,76,0
235,45,0
236,75,0
237,179,0
238,82,0
239,47,0
240,200,0
241,39,0
242,16,0
243,11,0
244,25,0
245,11,0
246,28,0
247,98,0
248,104,0
249,46,0
250,52,0
251,8,0
252,78,0
253,81,0
254,134,0
255,139,0
256,60,0
257,18,0
258,34,0
259,50,0
260,41,0
261,16,0
262,131,0
263,99,0
264,34,0
265,20,0
266,121,0
267,118,0
268,20,0
269,42,0
270,196,0
271,35,0
272,160,0
273,44,0
274,81,0
275,19,0
276,59,0
277,70,0
278,26,0
279,57,0
280,40,0
281,30,0
282,74,0
283,28,0
284,199,0
285,120,0
286,22,0
287,158,0
288,52,0
289,82,0
290,39,0
291,17,0
292,79,0
293,41,0
294,29,0
295,66,0
296,91,1
297,18,0
298,36,0
299,28,0
300,200,0
301,14,0
302,22,0
303,74,0
304,98,0
305,16,0
306,59,0
307,26,0
308,57,0
309,130,1
310,82,1
311,56,0
312,45,0
313,154,1
314,88,0
315,109,1
316,138,0
317,15,0
318,96,0
319,133,0
320,187,0
321,46,0
322,33,0
323,58,0
324,181,0
325,114,1
326,200,0
327,187,0
328,56,0
329,200,0
330,160,0
331,200,0
332,51,0
333,122,0
334,104,1
335,115,0
336,48,0
337,174,0
338,49,0
339,74,0
340,66,0
341,58,0
342,107,0
343,16,0
344,57,0
345,39,0
346,200,0
347,127,0
348,137,0
349,71,0
350,43,0
351,27,0
352,68,0
353,57,1
354,200,0
355,122,0
356,54,0
357,48,1
358,67,0
359,152,0
360,68,0
361,200,0
362,78,0
363,80,0
364,79,0
365,72,0
366,200,0
367,46,0
368,98,0
369,200,0
370,9,0
371,95,0
372,94,1
373,14,0
374,93,0
375,77,0
376,200,0
377,114,0
378,91,0
379,200,0
380,146,0
381,9,0
382,200,0
383,28,0
384,46,0
385,46,0
386,84,0
387,41,0
388,59,0
389,200,0
390,92,0
391,35,0
392,34,0
393,56,0
394,40,0
395,51,0
396,45,0
397,200,0
398,64,0
399,9,0
400,28,0
401,30,0
402,83,0
403,52,0
404,35,0
405,155,0
406,160,0
407,29,0
408,22,0
409,70,0
410,66,0
411,149,0
412,16,0
413,40,0
414,13,0
415,6,0
416,42,0
417,44,1
418,23,0
419,49,0
420,116,0
421,50,0
422,10,0
423,135,0
424,75,0
425,140,0
426,50,0
427,200,0
428,32,0
429,84,0
430,45,0
431,54,0
432,8,0
433,142,0
434,19,0
435,190,0
436,46,0
437,37,0
438,11,0
439,182,1
440,83,0
441,70,0
442,10,0
443,119,0
444,57,0
445,34,0
446,200,0
447,50,0
448,115,0
449,144,0
450,31,0
451,65,0
452,41,0
453,25,0
454,8,0
455,57,0
456,35,0
457,44,0
458,59,0
459,102,0
460,46,1
461,64,0
462,200,0
463,196,0
464,16,0
465,10,0
466,16,0
467,19,0
468,51,0
469,19,0
470,19,0
471,11,0
472,121,0
473,59,0
474,78,0
475,75,0
476,142,0
477,29,0
478,46,0
479,106,0
480,200,0
481,84,0
482,20,0
483,108,0
484,85,0
485,64,0
486,23,0
487,68,0
488,193,0
489,107,0
490,135,0
491,160,0
492,65,0
493,36,0
494,29,0
495,129,0
496,200,0
497,80,0
498,78,0
499,165,0
500,114,1
501,10,0
502,119,0
503,200,0
504,54,0
505,126,0
506,47,0
507,170,0
508,54,0
509,152,0
510,19,0
511,92,0
512,122,0
513,34,0
514,37,0
515,177,0
516,122,0
517,59,0
518,18,0
519,18,0
520,17,0
521,16,0
522,39,0
523,87,0
524,17,0
525,162,0
526,7,0
527,78,0
528,42,0
529,6,0
530,84,0
531,11,0
532,46,0
533,45,0
534,110,1
535,85,0
536,200,0
537,13,0
538,113,0
539,91,0
540,36,0
541,12,0
542,200,0
543,45,0
544,31,0
545,42,0
546,42,0
547,116,0
548,49,0
549,63,0
550,120,1
551,85,0
552,103,0
553,35,0
554,100,0
555,84,0
556,17,0
557,83,0
558,92,0
559,197,0
560,59,0
561,200,0
562,191,0
563,68,0
564,21,0
565,200,0
566,27,0
567,34,0
568,16,0
569,23,0
570,54,0
571,122,0
572,64,0
573,78,0
574,22,0
575,57,0
576,58,0
577,123,1
578,200,0
579,100,0
580,22,0
581,101,0
582,69,0
583,35,0
584,132,0
585,71,1
586,72,0
587,101,0
588,83,0
589,144,0
590,91,0
591,57,0
592,51,0
593,64,0
594,70,0
595,34,0
596,39,0
597,109,1
598,45,0
599,186,0
600,80,0
601,11,0
602,87,0
603,18,0
604,96,0
605,179,0
606,72,0
607,115,0
608,123,0
609,165,0
610,39,0
611,64,0
612,95,0
613,61,0
614,50,0
615,159,0
616,45,0
617,200,0
618,74,0
619,59,0
620,98,0
621,52,0
622,15,0
623,200,0
624,22,0
625,58,0
626,68,0
627,139,0
628,27,0
629,40,0
630,57,1
631,200,0
632,63,0
633,24,0
634,147,0
635,200,0
636,25,0
637,111,0
638,175,0
639,16,0
640,23,0
641,59,0
642,19,0
643,200,0
644,18,0
645,84,0
646,19,0
647,117,0
648,36,0
649,102,0
650,15,0
651,37,0
652,38,0
653,113,0
654,73,0
655,72,0
656,99,0
657,56,0
658,70,0
659,187,0
660,63,0
661,200,0
662,10,0
663,83,0
664,72,0
665,66,0
666,14,0
667,21,0
668,26,0
669,27,0
670,44,0
671,78,0
672,30,0
673,122,0
674,72,0
675,114,0
676,180,0
677,17,0
678,200,0
679,23,0
680,71,0
681,26,0
682,200,0
683,170,0
684,22,0
685,20,0
686,33,0
687,191,1
688,7,0
689,21,0
690,32,0
691,108,0
692,20,0
693,149,1
694,32,0
695,166,0
696,35,0
697,54,0
698,101,0
699,169,0
700,93,1
701,27,0
702,165,1
703,39,0
704,107,1
705,73,1
706,33,0
707,110,0
708,66,0
709,47,0
710,97,0
711,156,0
712,25,0
713,125,0
714,200,0
715,160,0
716,9,0
717,131,1
718,112,0
719,200,0
720,200,0
721,200,0
722,200,0
723,66,1
724,56,0
725,29,0
726,96,1
727,72,0
728,176,1
729,103,0
730,29,0
731,200,0
732,115,0
733,185,1
734,34,0
735,185,0
736,112,1
737,44,0
738,200,0
739,200,0
740,72,0
741,40,0
742,13,0
743,198,0
744,60,0
745,78,0
746,33,0
747,116,0
748,67,1
749,49,0
750,37,0
751,200,0
752,126,0
753,200,0
754,60,0
755,62,0
756,115,0
757,30,0
758,113,0
759,118,0
760,164,0
761,73,0
762,32,0
763,42,0
764,63,0
765,87,0
766,174,0
767,90,0
768,14,0
769,103,0
770,22,0
771,39,0
772,49,1
773,96,0
774,155,1
775,30,0
776,49,0
777,40,0
778,186,0
779,66,1
780,112,0
781,97,1
782,200,0
783,22,0
784,90,0
785,28,0
786,103,0
787,49,0
788,200,0
789,90,1
790,53,0
791,98,1
792,25,1
793,89,0
794,200,0
795,61,0
796,158,1
797,27,0
798,79,0
799,143,0
800,78,0
801,189,1
802,200,0
803,200,0
804,93,0
805,79,0
806,200,0
807,200,0
808,158,0
809,43,1
810,45,0
811,62,0
812,23,0
813,67,1
814,54,0
815,200,0
816,62,0
817,90,1
818,44,1
819,57,1
820,113,1
821,48,0
822,200,0
823,11,0
824,36,0
825,200,0
826,156,0
827,94,0
828,73,1
829,15,0
830,43,1
831,30,1
832,47,1
833,44,1
834,51,1
835,158,1
836,76,1
837,65,0
838,163,1
839,93,0
840,62,0
841,29,0
842,101,0
843,62,0
844,32,0
845,200,0
846,160,0
847,15,0
848,190,0
849,28,0
850,65,0
851,9,0
852,195,0
853,199,0
854,118,1
855,45,0
856,8,0
857,156,1
858,68,0
859,66,1
860,121,0
861,200,0
862,190,1
863,104,0
864,75,0
865,77,0
866,200,0
867,117,0
868,25,0
869,49,0
870,179,1
871,110,0
872,200,0
873,120,0
874,200,0
875,101,0
876,69,1
877,133,1
878,200,0
879,79,0
880,163,0
881,186,0
882,200,0
883,140,0
884,60,0
885,190,0
886,137,0
887,51,0
888,24,0
889,61,0
890,37,0
891,22,0
892,200,0
893,72,0
894,40,0
895,164,0
896,63,0
897,15,0
898,28,0
899,62,0
900,100,0
901,100,0
902,14,0
903,200,0
904,58,1
905,155,0
906,64,0
907,200,0
908,200,0
909,77,0
910,66,0
911,200,0
912,196,0
913,17,0
914,57,0
915,9,0
916,17,0
917,107,1
918,25,0
919,200,0
920,157,0
921,146,0
922,77,0
923,89,1
924,67,0
925,32,0
926,78,0
927,35,1
928,125,0
929,200,0
930,200,0
931,39,0
932,66,1
933,49,0
934,96,0
935,198,1
936,183,0
937,67,0
938,156,0
939,132,0
940,48,0
941,89,0
942,98,0
943,57,0
944,158,1
945,16,0
946,200,0
947,139,0
948,143,0
949,108,0
950,65,0
951,96,1
952,23,0
953,62,0
954,67,0
955,65,0
956,164,0
957,154,1
958,33,0
959,88,0
960,43,0
961,84,0
962,61,0
963,130,1
964,119,1
965,47,1
966,86,0
967,139,1
968,75,0
969,97,1
970,134,0
971,89,0
972,84,0
973,25,0
974,46,0
975,16,0
976,200,0
977,196,1
978,66,0
979,51,0
980,186,0
981,156,0
982,11,0
983,86,0
984,31,0
985,76,0
986,200,0
987,47,0
988,15,0
989,66,0
990,181,0
991,200,0
992,18,0
993,99,0
994,16,0
995,28,0
996,42,0
997,23,0
998,56,0
999,54,0
1000,68,1
1001,146,1
1002,123,0
1003,79,1
1004,200,0
1005,14,0
1006,74,0
1007,29,0
1008,200,0
1009,105,0
1010,46,0
1011,116,1
1012,83,1
1013,139,0
1014,40,0
1015,200,0
1016,80,0
1017,54,0
1018,83,0
1019,134,1
1020,165,1
1021,124,0
1022,11,0
1023,37,0
1024,200,0
1025,102,0
1026,26,0
1027,93,1
1028,112,1
1029,59,1
1030,106,0
1031,31,0
1032,200,0
1033,113,0
1034,76,1
1035,69,1
1036,18,0
1037,94,0
1038,22,0
1039,36,0
1040,200,0
1041,200,0
1042,24,0
1043,12,0
1044,61,0
1045,200,0
1046,200,0
1047,100,0
1048,15,0
1049,133,0
1050,68,1
1051,57,0
1052,31,0
1053,138,0
1054,37,0
1055,168,0
1056,93,1
1057,165,0
1058,200,0
1059,22,0
1060,25,0
1061,57,0
1062,107,0
1063,200,0
1064,112,0
1065,79,1
1066,51,0
1067,28,1
1068,107,0
1069,84,0
1070,53,0
1071,59,0
1072,91,0
1073,178,0
1074,66,0
1075,200,0
1076,158,0
1077,98,0
1078,126,0
1079,91,1
1080,117,0
1081,112,0
1082,77,0
1083,84,0
1084,130,1
1085,86,0
1086,64,0
1087,200,0
1088,156,0
1089,63,0
1090,137,1
1091,200,0
1092,75,0
1093,47,0
1094,23,0
1095,200,0
1096,54,0
1097,34,0
1098,39,1
1099,170,0
1100,81,0
1101,83,0
1102,74,0
1103,55,0
1104,64,0
1105,59,0
1106,127,1
1107,47,0
1108,105,0
1109,200,0
1110,15,0
1111,31,0
1112,200,0
1113,87,0
1114,73,1
1115,88,0
1116,44,0
1117,200,0
1118,23,0
1119,200,0
1120,65,0
1121,89,1
1122,64,0
1123,103,0
1124,167,0
1125,147,0
1126,17,0
1127,106,0
1128,23,0
1129,173,1
1130,63,0
1131,17,0
1132,10,0
1133,158,0
1134,30,0
1135,200,0
1136,102,0
1137,11,0
1138,15,0
1139,48,0
1140,44,0
1141,195,0
1142,26,0
1143,41,1
1144,200,0
1145,21,0
1146,37,0
1147,54,0
1148,40,0
1149,24,0
1150,128,0
1151,96,1
1152,28,0
1153,49,0
1154,88,0
1155,54,1
1156,69,0
1157,106,0
1158,200,0
1159,70,0
1160,72,1
1161,42,0
1162,187,0
1163,103,0
1164,200,0
1165,200,0
1166,79,1
1167,101,0
1168,117,0
1169,68,0
1170,76,0
1171,63,0
1172,119,0
1173,200,0
1174,168,1
1175,36,0
1176,124,0
1177,200,0
1178,20,0
1179,200,0
1180,25,0
1181,126,0
1182,9,0
1183,33,0
1184,33,0
1185,51,0
1186,200,0
1187,18,0
1188,26,0
1189,71,0
1190,37,1
1191,59,1
1192,49,0
1193,82,1
1194,200,0
1195,200,0
1196,200,0
1197,21,0
1198,200,0
1199,8,0
1200,77,1
1201,157,0
1202,44,0
1203,175,0
1204,32,0
1205,18,0
1206,130,0
1207,200,0
1208,128,1
1209,20,0
1210,30,0
1211,53,1
1212,24,0
1213,44,1
1214,48,0
1215,200,0
1216,19,0
1217,82,0
1218,98,1
1219,177,1
1220,200,0
1221,200,0
1222,117,1
1223,40,0
1224,94,0
1225,15,0
1226,86,0
1227,82,1
1228,200,0
1229,200,0
1230,200,0
1231,147,1
1232,199,0
1233,200,0
1234,114,0
1235,200,0
1236,200,0
1237,11,0
1238,57,0
1239,144,1
1240,38,0
1241,18,0
1242,11,0
1243,200,0
1244,26,0
1245,200,0
1246,78,0
1247,68,0
1248,166,0
1249,200,0
1250,105,0
1251,155,0
1252,39,0
1253,27,0
1254,200,0
1255,186,1
1256,36,0
1257,19,0
1258,200,0
1259,200,0
1260,200,0
1261,122,0
1262,20,0
1263,200,0
1264,99,0
1265,165,1
1266,41,0
1267,117,0
1268,106,0
1269,109,1
1270,122,0
1271,113,0
1272,111,0
1273,151,0
1274,27,0
1275,98,0
1276,143,0
1277,200,0
1278,68,0
1279,200,0
1280,57,0
1281,200,0
1282,72,0
1283,87,1
1284,88,0
1285,73,1
1286,118,0
1287,47,0
1288,200,0
1289,107,0
1290,129,0
1291,127,0
1292,200,0
1293,37,1
1294,75,0
1295,113,1
1296,98,0
1297,198,1
1298,106,0
1299,51,0
1300,84,1
1301,73,1
1302,56,0
1303,156,0
1304,111,0
1305,198,0
1306,56,0
1307,117,0
1308,200,0
1309,53,0
1310,77,0
1311,121,0
1312,41,0
1313,136,0
1314,200,0
1315,154,0
1316,119,0
1317,118,0
1318,123,0
1319,200,0
1320,155,0
1321,83,0
1322,86,1
1323,23,0
1324,46,0
1325,79,0
1326,130,1
1327,25,0
1328,190,0
1329,52,0
1330,61,0
1331,48,0
1332,185,0
1333,31,0
1334,172,0
1335,100,0
1336,200,0
1337,10,0
1338,167,0
1339,53,0
1340,200,0
1341,85,0
1342,92,0
1343,113,0
1344,200,0
1345,98,0
1346,49,0
1347,20,0
1348,58,1
1349,31,0
1350,110,0
1351,165,0
1352,13,0
1353,35,0
1354,81,0
1355,71,0
1356,167,0
1357,106,0
1358,35,0
1359,60,0
1360,18,0
1361,167,0
1362,200,0
1363,61,0
1364,181,0
1365,75,1
1366,42,1
1367,200,0
1368,150,0
1369,87,0
1370,75,1
1371,135,0
1372,125,1
1373,163,0
1374,99,1
1375,46,1
1376,200,0
1377,41,0
1378,145,1
1379,200,0
1380,119,1
1381,44,0
1382,51,0
1383,26,0
1384,200,0
1385,108,1
1386,44,0
1387,200,0
1388,200,0
1389,144,0
1390,126,0
1391,147,0
1392,27,0
1393,116,0
1394,200,0
1395,42,0
1396,49,1
1397,72,0
1398,200,0
1399,200,0
1400,58,0
1401,13,0
1402,200,0
1403,49,0
1404,163,1
1405,51,0
1406,200,0
1407,102,0
1408,166,1
1409,104,0
1410,176,0
1411,58,0
1412,109,0
1413,12,0
1414,126,1
1415,83,1
1416,90,1
1417,70,0
1418,92,1
1419,93,0
1420,136,0
1421,102,1
1422,77,0
1423,200,0
1424,200,0
1425,200,0
1426,58,0
1427,35,0
1428,79,1
1429,200,0
1430,146,0
1431,155,1
1432,8,0
1433,44,0
1434,93,0
1435,68,0
1436,76,0
1437,20,0
1438,27,0
1439,185,0
1440,55,0
1441,40,0
1442,103,0
1443,21,0
1444,91,1
1445,200,0
1446,98,0
1447,200,0
1448,56,0
1449,28,0
1450,140,0
1451,26,0
1452,113,0
1453,200,0
1454,157,0
1455,153,0
1456,32,0
1457,35,0
1458,42,0
1459,77,1
1460,200,0
1461,90,1
1462,72,1
1463,21,1
1464,55,0
1465,180,0
1466,200,0
1467,157,0
1468,119,1
1469,169,0
1470,63,0
1471,32,0
1472,95,1
1473,200,0
1474,36,0
1475,121,0
1476,126,0
1477,16,0
1478,200,0
1479,200,0
1480,102,1
1481,115,1
1482,127,0
1483,57,1
1484,190,0
1485,79,0
1486,100,0
1487,106,0
1488,65,0
1489,31,0
1490,200,0
1491,146,0
1492,29,0
1493,127,1
1494,50,0
1495,78,1
1496,32,1
1497,200,0
1498,200,0
1499,86,1
1500,200,0
1501,34,1
1502,128,0
1503,109,0
1504,25,0
1505,170,1
1506,100,0
1507,25,0
1508,44,0
1509,200,0
1510,35,0
1511,200,0
1512,185,1
1513,200,0
1514,109,1
1515,200,0
1516,29,0
1517,64,1
1518,152,0
1519,161,0
1520,200,0
1521,171,1
1522,200,0
1523,11,0
1524,103,0
1525,197,0
1526,152,0
1527,148,1
1528,176,0
1529,160,0
1530,199,1
1531,200,0
1532,121,0
1533,200,0
1534,200,0
1535,69,0
1536,81,0
1537,150,0
1538,200,0
1539,184,0
1540,129,0
1541,60,0
1542,112,1
1543,24,0
1544,86,0
1545,47,1
1546,91,0
1547,53,0
1548,91,0
1549,89,0
1550,85,1
1551,111,0
1552,117,1
1553,15,0
1554,61,1
1555,100,1
1556,40,0
1557,153,0
1558,106,0
1559,169,1
1560,63,0
1561,22,0
1562,134,1
1563,74,0
1564,64,1
1565,200,0
1566,200,0
1567,200,0
1568,42,0
1569,200,0
1570,75,1
1571,46,1
1572,30,0
1573,49,1
1574,41,1
1575,200,0
1576,200,0
1577,89,1
1578,141,1
1579,63,0
1580,130,0
1581,89,1
1582,200,0
1583,200,0
1584,113,0
1585,90,0
1586,35,0
1587,24,0
1588,81,0
1589,94,0
1590,124,1
1591,153,0
1592,71,0
1593,200,0
1594,200,0
1595,91,0
1596,58,0
1597,81,0
1598,56,0
1599,200,0
1600,169,0
1601,74,0
1602,146,1
1603,149,0
1604,59,0
1605,200,0
1606,34,0
1607,40,0
1608,138,0
1609,200,0
1610,74,0
1611,123,0
1612,200,0
1613,31,0
1614,63,0
1615,69,1
1616,200,0
1617,191,0
1618,162,1
1619,143,0
1620,179,0
1621,38,0
1622,106,0
1623,12,0
1624,104,0
1625,133,0
1626,184,0
1627,153,0
1628,200,0
1629,21,0
1630,200,0
1631,200,0
1632,12,0
1633,200,0
1634,200,0
1635,62,0
1636,147,0
1637,82,0
1638,29,0
1639,200,0
1640,63,0
1641,200,0
1642,70,0
1643,18,0
1644,44,0
1645,37,0
1646,189,1
1647,200,0
1648,112,1
1649,181,0
1650,82,0
1651,200,0
1652,25,0
1653,90,1
1654,48,0
1655,200,0
1656,53,0
1657,75,1
1658,78,1
1659,29,0
1660,150,1
1661,61,0
1662,62,1
1663,161,0
1664,166,0
1665,200,0
1666,200,0
1667,133,1
1668,200,0
1669,200,0
1670,48,0
1671,69,0
1672,184,0
1673,200,0
1674,200,0
1675,76,0
1676,34,0
1677,17,0
1678,20,0
1679,200,0
1680,31,0
1681,200,0
1682,56,0
1683,32,0
1684,121,0
1685,200,0
1686,129,0
1687,49,0
1688,148,0
1689,200,0
1690,127,0
1691,35,0
1692,157,0
1693,120,0
1694,36,0
1695,74,0
1696,200,0
1697,200,0
1698,48,0
1699,200,0
1700,200,0
1701,200,0
1702,200,0
1703,200,0
1704,91,0
1705,81,0
1706,108,1
1707,25,0
1708,119,1
1709,167,0
1710,48,0
1711,47,0
1712,93,1
1713,70,0
1714,100,1
1715,200,0
1716,79,1
1717,61,0
1718,77,0
1719,56,0
1720,111,1
1721,101,0
1722,26,0
1723,140,1
1724,63,0
1725,200,0
1726,57,0
1727,30,0
1728,39,1
1729,178,1
1730,43,1
1731,82,0
1732,173,0
1733,55,0
1734,43,1
1735,95,1
1736,90,1
1737,136,1
1738,161,0
1739,114,0
1740,200,0
1741,112,1
1742,155,1
1743,200,0
1744,200,0
1745,42,0
1746,46,0
1747,168,1
1748,200,0
1749,94,0
1750,83,0
1751,177,0
1752,30,0
1753,123,1
1754,200,0
1755,108,0
1756,29,0
1757,64,0
1758,45,0
1759,42,0
1760,200,0
1761,200,0
1762,162,1
1763,150,0
1764,123,0
1765,200,0
1766,23,0
1767,109,0
1768,45,0
1769,200,0
1770,19,0
1771,162,0
1772,83,0
1773,192,0
1774,100,1
1775,193,1
1776,84,0
1777,68,1
1778,173,0
1779,84,0
1780,148,0
1781,14,0
1782,182,0
1783,200,0
1784,171,0
1785,64,0
1786,200,0
1787,195,0
1788,97,1
1789,63,0
1790,59,1
1791,96,1
1792,93,0
1793,34,0
1794,73,0
1795,18,0
1796,200,0
1797,163,1
1798,200,0
1799,75,1
1800,200,0
1801,123,1
1802,70,1
1803,50,0
1804,92,1
1805,100,1
1806,83,1
1807,200,0
1808,200,0
1809,200,0
1810,126,1
1811,61,0
1812,53,0
1813,103,0
1814,174,1
1815,98,0
1816,80,0
1817,200,0
1818,97,1
1819,200,0
1820,36,1
1821,98,1
1822,52,0
1823,56,0
1824,145,1
1825,96,1
1826,39,0
1827,172,1
1828,165,0
1829,47,0
1830,83,1
1831,200,0
1832,91,1
1833,200,0
1834,67,0
1835,162,1
1836,131,1
1837,57,0
1838,200,0
1839,193,0
1840,200,0
1841,45,0
1842,143,0
1843,25,0
1844,41,0
1845,101,0
1846,200,0
1847,31,0
1848,109,0
1849,200,0
1850,92,1
1851,81,0
1852,75,1
1853,35,1
1854,9,0
1855,146,1
1856,142,0
1857,29,0
1858,200,0
1859,56,1
1860,170,0
1861,200,0
1862,147,0
1863,50,0
1864,61,0
1865,97,0
1866,200,0
1867,31,0
1868,176,0
1869,117,0
1870,165,1
1871,59,0
1872,53,1
1873,130,1
1874,82,0
1875,47,0
1876,107,1
1877,138,1
1878,200,0
1879,58,0
1880,124,1
1881,36,1
1882,114,0
1883,64,1
1884,49,1
1885,81,0
1886,151,1
1887,56,0
1888,200,0
1889,95,1
1890,200,0
1891,92,0
1892,41,0
1893,144,0
1894,200,0
1895,200,0
1896,43,1
1897,108,0
1898,200,0
1899,200,0
1900,140,1
1901,74,0
1902,200,0
1903,14,0
1904,200,0
1905,42,0
1906,95,0
1907,97,0
1908,81,0
1909,128,1
1910,57,0
1911,83,0
1912,200,0
1913,115,0
1914,200,0
1915,113,0
1916,156,1
1917,105,0
1918,98,1
1919,37,0
1920,69,0
1921,10,0
1922,176,1
1923,15,0
1924,62,1
1925,200,0
1926,137,0
1927,190,0
1928,124,0
1929,200,0
1930,36,0
1931,75,0
1932,54,0
1933,147,1
1934,117,1
1935,95,0
1936,200,0
1937,46,1
1938,165,1
1939,147,1
1940,30,0
1941,200,0
1942,13,0
1943,112,1
1944,50,0
1945,200,0
1946,78,0
1947,60,0
1948,30,0
1949,200,0
1950,200,0
1951,200,0
1952,200,0
1953,123,0
1954,33,0
1955,55,0
1956,42,0
1957,94,0
1958,200,0
1959,44,0
1960,102,0
1961,131,0
1962,29,0
1963,90,0
1964,200,0
1965,199,0
1966,75,0
1967,172,1
1968,119,1
1969,165,0
1970,9,0
1971,107,0
1972,112,0
1973,175,0
1974,200,0
1975,83,0
1976,124,0
1977,41,0
1978,111,0
1979,38,0
1980,200,0
1981,200,0
1982,200,0
1983,200,0
1984,97,0
1985,200,0
1986,200,0
1987,78,0
1988,156,0
1989,33,0
1990,70,1
1991,31,0
1992,21,0
1993,10,0
1994,66,1
1995,62,0
1996,24,0
1997,51,1
1998,6,0
1999,18,0
2000,121,0
2001,63,0
2002,100,0
2003,96,0
2004,13,0
2005,147,1
2006,200,0
2007,71,0
2008,91,1
2009,126,0
2010,50,0
2011,44,0
2012,18,0
2013,75,1
2014,163,1
2015,161,1
2016,86,0
2017,121,0
2018,200,0
2019,173,1
2020,127,1
2021,54,0
2022,200,0
2023,51,0
2024,138,0
2025,200,0
2026,200,0
2027,99,1
2028,200,0
2029,40,0
2030,25,0
2031,68,0
2032,46,1
2033,200,0
2034,171,1
2035,108,1
2036,196,0
2037,137,0
2038,186,1
2039,62,0
2040,200,0
2041,124,1
2042,30,1
2043,151,0
2044,13,0
2045,200,0
2046,54,0
2047,182,1
2048,171,0
2049,30,0
2050,200,0
2051,161,1
2052,39,0
2053,200,0
2054,36,0
2055,127,1
2056,18,0
2057,195,1
2058,57,1
2059,13,0
2060,109,1
2061,61,1
2062,95,1
2063,36,0
2064,132,0
2065,200,0
2066,71,1
2067,200,0
2068,89,0
2069,93,0
2070,200,0
2071,56,0
2072,183,1
2073,200,0
2074,200,0
2075,68,0
2076,87,0
2077,200,0
2078,31,0
2079,163,0
2080,119,0
2081,200,0
2082,200,0
2083,27,0
2084,26,0
2085,111,0
2086,65,0
2087,161,0
2088,200,0
2089,67,1
2090,199,0
2091,200,0
2092,139,0
2093,200,0
2094,200,0
2095,200,0
2096,21,0
2097,34,0
2098,30,0
2099,20,0
2100,28,0
2101,146,1
2102,72,1
2103,78,1
2104,89,1
2105,33,0
2106,143,0
2107,76,1
2108,200,0
2109,98,1
2110,65,1
2111,125,1
2112,101,0
2113,200,0
2114,95,0
2115,15,0
2116,200,0
2117,137,1
2118,82,0
2119,183,0
2120,200,0
2121,200,0
2122,55,0
2123,200,0
2124,200,0
2125,64,1
2126,79,1
2127,64,0
2128,68,0
2129,41,0
2130,82,1
2131,200,0
2132,107,0
2133,147,1
2134,31,0
2135,34,0
2136,114,0
2137,28,0
2138,89,0
2139,156,0
2140,200,0
2141,109,0
2142,200,0
2143,200,0
2144,167,0
2145,39,0
2146,41,0
2147,72,0
2148,28,0
2149,13,0
2150,120,0
2151,68,1
2152,63,0
2153,108,0
2154,200,0
2155,24,0
2156,74,1
2157,84,0
2158,200,0
2159,111,0
2160,200,0
2161,200,0
2162,87,0
2163,46,0
2164,137,0
2165,200,0
2166,91,0
2167,59,0
2168,93,0
2169,200,0
2170,40,0
2171,50,0
2172,110,0
2173,62,1
2174,33,0
2175,62,1
2176,54,1
2177,25,0
2178,112,0
2179,14,0
2180,23,0
2181,200,0
2182,129,1
2183,91,1
2184,200,0
2185,200,0
2186,54,0
2187,19,0
2188,200,0
2189,115,1
2190,15,0
2191,39,0
2192,112,0
2193,47,0
2194,79,0
2195,200,0
2196,91,1
2197,92,1
2198,132,0
2199,200,0
2200,139,0
2201,95,1
2202,52,0
2203,200,0
2204,8,0
2205,119,0
2206,95,0
2207,121,0
2208,200,0
2209,53,0
2210,127,1
2211,143,1
2212,81,0
2213,200,0
2214,84,1
2215,130,0
2216,20,0
2217,14,0
2218,76,1
2219,32,0
2220,162,1
2221,131,1
2222,200,0
2223,29,0
2224,116,1
2225,80,1
2226,122,0
2227,42,0
2228,34,1
2229,200,0
2230,64,1
2231,49,0
2232,200,0
2233,59,1
2234,75,1
2235,200,0
2236,32,0
2237,147,0
2238,24,0
2239,45,1
2240,89,1
2241,75,1
2242,39,1
2243,91,1
2244,200,0
2245,61,0
2246,79,0
2247,23,1
2248,200,0
2249,168,1
2250,200,0
2251,30,0
2252,200,0
2253,16,0
2254,200,0
2255,67,1
2256,39,0
2257,41,0
2258,134,0
2259,140,0
2260,200,0
2261,141,1
2262,74,1
2263,101,1
2264,200,0
2265,123,1
2266,89,0
2267,22,0
2268,21,0
2269,151,1
2270,111,0
2271,92,0
2272,200,0
2273,38,0
2274,48,0
2275,90,0
2276,159,0
2277,200,0
2278,26,0
2279,200,0
2280,190,0
2281,66,0
2282,59,0
2283,124,0
2284,154,0
2285,120,1
2286,200,0
2287,89,1
2288,200,0
2289,200,0
2290,16,0
2291,31,1
2292,48,0
2293,200,0
2294,112,0
2295,200,0
2296,200,0
2297,119,0
2298,19,0
2299,81,0
2300,102,1
2301,72,1
2302,171,1
2303,48,0
2304,141,0
2305,200,0
2306,200,0
2307,168,0
2308,109,0
2309,59,0
2310,120,1
2311,129,1
2312,88,0
2313,69,0
2314,40,0
2315,37,0
2316,90,0
2317,200,0
2318,92,1
2319,59,1
2320,200,0
2321,139,0
2322,200,0
2323,33,0
2324,16,0
2325,131,1
2326,60,1
2327,199,0
2328,40,0
2329,42,0
2330,67,1
2331,120,1
2332,48,0
2333,26,0
2334,151,1
2335,135,0
2336,47,1
2337,65,1
2338,54,0
2339,154,0
2340,91,0
2341,200,0
2342,86,1
2343,200,0
2344,24,0
2345,200,0
2346,200,0
2347,173,1
2348,200,0
2349,200,0
2350,26,0
2351,127,1
2352,193,1
2353,200,0
2354,90,1
2355,184,1
2356,186,0
2357,113,0
2358,25,0
2359,66,0
2360,128,0
2361,17,0
2362,146,0
2363,103,0
2364,125,1
2365,101,0
2366,57,0
2367,111,0
2368,192,0
2369,200,0
2370,200,0
2371,28,0
2372,200,0
2373,33,0
2374,24,0
2375,200,0
2376,101,0
2377,181,0
2378,200,0
2379,93,0
2380,92,0
2381,200,0
2382,57,0
2383,58,0
2384,200,0
2385,72,0
2386,31,0
2387,200,0
2388,64,1
2389,77,1
2390,173,0
2391,91,0
2392,117,1
2393,28,1
2394,200,0
2395,37,0
2396,81,1
2397,135,0
2398,169,0
2399,31,0
2400,120,0
2401,32,0
2402,158,0
2403,152,1
2404,46,0
2405,95,0
2406,156,1
2407,70,1
2408,200,0
2409,200,0
2410,134,1
2411,166,1
2412,100,1
2413,20,0
2414,200,0
2415,82,1
2416,77,1
2417,21,0
2418,62,0
2419,69,0
2420,63,1
2421,103,1
2422,200,0
2423,158,1
2424,137,1
2425,200,0
2426,200,0
2427,21,0
2428,53,0
2429,179,1
2430,200,0
2431,64,1
2432,93,1
2433,200,0
2434,200,0
2435,200,0
2436,83,0
2437,48,1
2438,188,0
2439,200,0
2440,106,1
2441,188,1
2442,138,1
2443,198,1
2444,200,0
2445,200,0
2446,31,0
2447,183,1
2448,103,0
2449,200,0
2450,110,0
2451,200,0
2452,184,0
2453,193,0
2454,98,0
2455,94,0
2456,149,0
2457,200,0
2458,200,0
2459,159,1
2460,46,0
2461,74,1
2462,142,0
2463,86,0
2464,200,0
2465,123,1
2466,200,0
2467,42,1
2468,57,0
2469,107,0
2470,79,1
2471,123,0
2472,200,0
2473,65,0
2474,63,1
2475,67,1
2476,29,0
2477,115,0
2478,200,0
2479,145,1
2480,99,1
2481,10,0
2482,152,1
2483,196,1
2484,76,1
2485,57,0
2486,89,0
2487,173,0
2488,53,0
2489,43,1
2490,200,0
2491,113,1
2492,88,0
2493,103,0
2494,200,0
2495,42,0
2496,169,0
2497,89,1
2498,59,1
2499,120,0
2500,89,0
2501,50,1
2502,200,0
2503,44,0
2504,81,0
2505,49,1
2506,70,0
2507,15,0
2508,200,0
2509,200,0
2510,146,1
2511,200,0
2512,20,0
2513,173,1
2514,107,0
2515,200,0
2516,49,0
2517,119,0
2518,74,0
2519,97,0
2520,16,0
2521,85,0
2522,62,0
2523,57,1
2524,182,0
2525,11,0
2526,41,1
2527,200,0
2528,42,0
2529,106,1
2530,74,1
2531,13,0
2532,120,0
2533,62,0
2534,177,1
2535,142,1
2536,200,0
2537,164,0
2538,200,0
2539,194,0
2540,19,0
2541,198,0
2542,200,0
2543,142,0
2544,200,0
2545,94,1
2546,171,0
2547,200,0
2548,92,1
2549,42,0
2550,200,0
2551,12,0
2552,124,0
2553,131,1
2554,98,1
2555,35,0
2556,154,0
2557,73,0
2558,104,0
2559,200,0
2560,17,0
2561,68,0
2562,200,0
2563,166,0
2564,110,1
2565,106,0
2566,200,0
2567,200,0
2568,200,0
2569,135,0
2570,11,0
2571,23,0
2572,76,0
2573,32,0
2574,200,0
2575,200,0
2576,194,0
2577,29,0
2578,57,1
2579,79,0
2580,133,1
2581,36,0
2582,72,0
2583,122,0
2584,200,0
2585,200,0
2586,96,1
2587,175,1
2588,12,0
2589,200,0
2590,154,1
2591,179,0
2592,54,0
2593,99,0
2594,97,1
2595,22,0
2596,59,0
2597,32,0
2598,18,0
2599,136,0
2600,200,0
2601,200,0
2602,85,1
2603,25,0
2604,200,0
2605,84,1
2606,131,0
2607,95,0
2608,63,1
2609,31,1
2610,59,1
2611,45,0
2612,200,0
2613,192,0
2614,200,0
2615,61,0
2616,113,0
2617,81,0
2618,134,1
2619,77,1
2620,169,1
2621,164,1
2622,200,0
2623,31,0
2624,58,0
2625,200,0
2626,164,1
2627,92,1
2628,146,0
2629,200,0
2630,200,0
2631,32,0
2632,24,0
2633,200,0
2634,86,0
2635,28,0
2636,24,0
2637,89,1
2638,179,0
2639,144,0
2640,155,0
2641,189,1
2642,200,0
2643,45,0
2644,82,0
2645,200,0
2646,200,0
2647,200,0
2648,50,0
2649,25,0
2650,178,0
2651,55,1
2652,71,0
2653,81,0
2654,186,0
2655,119,1
2656,176,0
2657,200,0
2658,65,1
2659,196,0
2660,80,0
2661,71,0
2662,14,0
2663,47,0
2664,26,1
2665,146,1
2666,108,0
2667,71,1
2668,138,1
2669,200,0
2670,98,0
2671,11,0
2672,157,1
2673,119,1
2674,54,1
2675,45,0
2676,150,1
2677,104,0
2678,118,0
2679,109,1
2680,75,1
2681,49,0
2682,58,0
2683,75,0
2684,200,0
2685,89,0
2686,200,0
2687,45,1
2688,60,0
2689,26,0
2690,12,0
2691,97,1
2692,43,1
2693,200,0
2694,37,0
2695,52,0
2696,96,1
2697,200,0
2698,59,0
2699,94,1
2700,137,1
2701,200,0
2702,200,0
2703,200,0
2704,41,0
2705,120,0
2706,148,1
2707,59,0
2708,90,0
2709,41,1
2710,129,0
2711,175,1
2712,186,1
2713,52,0
2714,73,0
2715,82,1
2716,200,0
2717,79,1
2718,38,0
2719,103,1
2720,80,1
2721,125,1
2722,98,1
2723,129,0
2724,200,0
2725,91,0
2726,97,0
2727,19,0
2728,200,0
2729,62,1
2730,125,1
2731,200,0
2732,168,1
2733,200,0
2734,155,0
2735,135,0
2736,61,0
2737,200,0
2738,163,1
2739,166,0
2740,151,1
2741,200,0
2742,101,1
2743,92,0
2744,200,0
2745,146,0
2746,200,0
2747,17,0
2748,48,0
2749,97,1
2750,200,0
2751,108,1
2752,200,0
2753,110,1
2754,141,0
2755,160,1
2756,172,1
2757,76,1
2758,24,0
2759,27,0
2760,177,0
2761,192,1
2762,159,1
2763,124,1
2764,121,1
2765,89,0
2766,24,0
2767,200,0
2768,106,0
2769,200,0
2770,200,0
2771,188,0
2772,200,0
2773,200,0
2774,17,0
2775,28,0
2776,38,0
2777,200,0
2778,38,0
2779,200,0
2780,200,0
2781,25,0
2782,177,0
2783,26,0
2784,26,0
2785,17,0
2786,200,0
2787,67,0
2788,52,1
2789,32,0
2790,197,0
2791,36,0
2792,51,1
2793,72,1
2794,144,0
2795,45,0
2796,73,0
2797,49,0
2798,92,0
2799,200,0
2800,100,1
2801,200,0
2802,126,1
2803,62,0
2804,200,0
2805,45,0
2806,200,0
2807,81,1
2808,200,0
2809,38,0
2810,52,0
2811,91,0
2812,200,0
2813,200,0
2814,200,0
2815,47,0
2816,22,0
2817,22,0
2818,23,0
2819,83,0
2820,124,0
2821,200,0
2822,200,0
2823,200,0
2824,32,0
2825,158,1
2826,200,0
2827,200,0
2828,17,0
2829,48,1
2830,200,0
2831,63,0
2832,53,0
2833,144,0
2834,152,0
2835,74,1
2836,200,0
2837,200,0
2838,200,0
2839,33,0
2840,120,1
2841,174,1
2842,86,1
2843,200,0
2844,141,1
2845,200,0
2846,59,1
2847,34,0
2848,196,1
2849,82,1
2850,20,0
2851,19,0
2852,101,0
2853,200,0
2854,200,0
2855,50,0
2856,71,1
2857,182,1
2858,82,0
2859,130,0
2860,105,1
2861,118,1
2862,55,1
2863,24,0
2864,200,0
2865,98,1
2866,112,0
2867,106,1
2868,72,0
2869,47,1
2870,83,1
2871,200,0
2872,84,0
2873,38,0
2874,145,1
2875,200,0
2876,37,1
2877,200,0
2878,144,1
2879,112,0
2880,199,1
2881,93,1
2882,81,1
2883,200,0
2884,200,0
2885,21,0
2886,139,0
2887,108,1
2888,163,1
2889,44,0
2890,52,0
2891,126,1
2892,200,0
2893,200,0
2894,131,0
2895,52,0
2896,12,0
2897,17,0
2898,16,0
2899,64,0
2900,200,0
2901,200,0
2902,144,0
2903,37,1
2904,79,0
2905,200,0
2906,46,0
2907,53,0
2908,200,0
2909,78,0
2910,100,1
2911,18,0
2912,191,1
2913,108,1
2914,129,0
2915,200,0
2916,200,0
2917,175,1
2918,159,0
2919,200,0
2920,72,1
2921,200,0
2922,35,0
2923,98,1
2924,54,1
2925,82,0
2926,200,0
2927,200,0
2928,200,0
2929,200,0
2930,64,1
2931,200,0
2932,9,0
2933,83,1
2934,200,0
2935,43,0
2936,102,0
2937,41,0
2938,200,0
2939,76,1
2940,200,0
2941,31,0
2942,64,0
2943,53,1
2944,85,0
2945,51,0
2946,122,1
2947,171,1
2948,200,0
2949,36,0
2950,153,1
2951,41,0
2952,57,1
2953,54,0
2954,114,1
2955,167,1
2956,75,1
2957,194,1
2958,51,0
2959,57,0
2960,200,0
2961,109,1
2962,165,1
2963,144,0
2964,78,1
2965,200,0
2966,78,1
2967,156,1
2968,200,0
2969,53,0
2970,168,0
2971,82,1
2972,58,0
2973,160,0
2974,200,0
2975,58,0
2976,200,0
2977,38,0
2978,152,0
2979,136,0
2980,200,0
2981,172,0
2982,103,0
2983,112,0
2984,200,0
2985,129,1
2986,200,0
2987,83,0
2988,200,0
2989,200,0
2990,174,1
2991,200,0
2992,200,0
2993,200,0
2994,47,0
2995,47,0
2996,200,0
2997,200,0
2998,106,0
2999,200,0
3000,166,0
3001,200,0
3002,100,0
3003,200,0
3004,10,0
3005,136,0
3006,129,0
3007,76,0
3008,148,0
3009,169,1
3010,123,1
3011,11,0
3012,58,0
3013,45,0
3014,200,0
3015,19,0
3016,153,1
3017,200,0
3018,158,0
3019,200,0
3020,66,1
3021,24,1
3022,51,0
3023,89,0
3024,32,1
3025,88,0
3026,104,0
3027,62,0
3028,200,0
3029,75,0
3030,93,1
3031,165,1
3032,119,0
3033,114,1
3034,8,0
3035,156,0
3036,200,0
3037,130,1
3038,164,0
3039,35,0
3040,47,0
3041,43,0
3042,18,0
3043,36,1
3044,188,1
3045,175,0
3046,75,0
3047,88,0
3048,142,0
3049,122,1
3050,70,1
3051,200,0
3052,200,0
3053,164,1
3054,56,1
3055,200,0
3056,117,0
3057,140,1
3058,69,0
3059,37,1
3060,64,1
3061,200,0
3062,17,0
3063,29,0
3064,154,1
3065,37,0
3066,105,1
3067,150,0
3068,11,0
3069,82,1
3070,166,0
3071,200,0
3072,102,1
3073,193,0
3074,57,1
3075,54,1
3076,200,0
3077,145,1
3078,200,0
3079,77,1
3080,122,1
3081,23,0
3082,200,0
3083,154,1
3084,104,1
3085,200,0
3086,48,0
3087,29,0
3088,92,0
3089,200,0
3090,41,1
3091,75,1
3092,51,0
3093,185,1
3094,188,1
3095,200,0
3096,200,0
3097,142,1
3098,81,0
3099,56,1
3100,200,0
3101,164,1
3102,64,0
3103,156,1
3104,33,0
3105,200,0
3106,62,1
3107,83,1
3108,126,1
3109,200,0
3110,7,0
3111,52,0
3112,200,0
3113,200,0
3114,200,0
3115,26,0
3116,132,1
3117,200,0
3118,141,1
3119,200,0
3120,36,0
3121,113,1
3122,7,0
3123,164,0
3124,168,1
3125,157,1
3126,115,0
3127,60,0
3128,178,0
3129,200,0
3130,67,0
3131,200,0
3132,200,0
3133,200,0
3134,200,0
3135,94,0
3136,200,0
3137,120,0
3138,125,1
3139,200,0
3140,66,0
3141,200,0
3142,200,1
3143,198,0
3144,200,0
3145,21,0
3146,200,0
3147,200,0
3148,96,0
3149,42,0
3150,103,0
3151,44,0
3152,56,0
3153,200,0
3154,200,0
3155,200,0
3156,177,0
3157,48,0
3158,98,0
3159,200,0
3160,72,0
3161,152,0
3162,67,0
3163,82,0
3164,200,0
3165,145,0
3166,37,0
3167,200,0
3168,9,0
3169,44,0
3170,69,0
3171,46,1
3172,47,1
3173,200,0
3174,41,0
3175,29,0
3176,71,0
3177,200,0
3178,51,0
3179,45,1
3180,70,1
3181,145,0
3182,56,1
3183,165,0
3184,86,0
3185,200,0
3186,200,0
3187,145,0
3188,165,1
3189,116,1
3190,200,0
3191,200,0
3192,28,0
3193,111,0
3194,200,0
3195,37,0
3196,53,1
3197,119,0
3198,42,1
3199,153,1
3200,200,0
3201,104,1
3202,40,1
3203,102,0
3204,44,0
3205,200,0
3206,56,0
3207,200,0
3208,23,0
3209,185,1
3210,67,1
3211,157,1
3212,162,1
3213,150,1
3214,119,0
3215,107,0
3216,31,0
3217,200,0
3218,73,0
3219,77,1
3220,146,0
3221,151,1
3222,64,0
3223,88,1
3224,67,0
3225,92,0
3226,200,0
3227,14,0
3228,52,0
3229,184,1
3230,78,0
3231,81,0
3232,55,0
3233,145,1
3234,124,0
3235,129,1
3236,41,0
3237,200,0
3238,184,1
3239,200,0
3240,93,1
3241,13,0
3242,134,0
3243,59,1
3244,185,1
3245,53,1
3246,80,1
3247,200,0
3248,195,1
3249,64,1
3250,200,0
3251,87,0
3252,34,0
3253,200,0
3254,37,0
3255,76,0
3256,136,0
3257,200,0
3258,200,0
3259,76,1
3260,200,0
3261,70,1
3262,200,0
3263,184,1
3264,182,1
3265,200,0
3266,110,1
3267,134,1
3268,200,0
3269,47,0
3270,51,0
3271,110,1
3272,23,0
3273,200,0
3274,183,1
3275,58,1
3276,38,0
3277,107,0
3278,200,0
3279,53,0
3280,200,0
3281,200,1
3282,200,0
3283,137,0
3284,121,1
3285,25,0
3286,155,0
3287,74,1
3288,98,1
3289,137,1
3290,113,1
3291,74,0
3292,154,0
3293,121,0
3294,35,0
3295,200,0
3296,200,0
3297,200,0
3298,163,0
3299,200,0
3300,200,0
3301,133,1
3302,34,0
3303,10,0
3304,9,0
3305,57,0
3306,35,0
3307,82,0
3308,149,1
3309,55,0
3310,110,0
3311,106,1
3312,200,0
3313,127,1
3314,147,0
3315,68,1
3316,41,0
3317,31,0
3318,200,0
3319,200,0
3320,152,1
3321,67,1
3322,61,0
3323,47,0
3324,200,0
3325,37,0
3326,140,1
3327,110,1
3328,98,1
3329,114,1
3330,200,0
3331,197,1
3332,74,0
3333,65,1
3334,132,1
3335,200,0
3336,59,0
3337,165,1
3338,120,1
3339,169,1
3340,110,1
3341,39,0
3342,65,1
3343,61,0
3344,64,1
3345,64,0
3346,198,0
3347,143,0
3348,137,1
3349,200,0
3350,200,0
3351,200,0
3352,25,0
3353,200,0
3354,200,0
3355,18,0
3356,200,0
3357,95,1
3358,133,0
3359,196,0
3360,41,0
3361,179,0
3362,24,0
3363,72,0
3364,72,1
3365,197,1
3366,57,1
3367,92,1
3368,118,1
3369,119,0
3370,39,0
3371,139,0
3372,148,1
3373,200,0
3374,136,1
3375,99,0
3376,48,1
3377,95,0
3378,140,0
3379,93,1
3380,200,0
3381,171,1
3382,200,0
3383,113,1
3384,22,0
3385,158,0
3386,164,1
3387,76,0
3388,200,0
3389,192,0
3390,200,0
3391,108,0
3392,57,1
3393,145,0
3394,84,1
3395,51,0
3396,200,0
3397,131,1
3398,129,0
3399,82,1
3400,200,0
3401,200,0
3402,151,1
3403,66,1
3404,83,1
3405,12,0
3406,200,0
3407,200,0
3408,43,0
3409,24,0
3410,32,0
3411,73,0
3412,194,0
3413,200,0
3414,130,0
3415,81,1
3416,107,1
3417,200,0
3418,200,0
3419,200,0
3420,191,1
3421,125,0
3422,105,0
3423,63,0
3424,29,0
3425,200,0
3426,107,0
3427,200,0
3428,54,0
3429,9,0
3430,161,1
3431,200,0
3432,132,0
3433,30,1
3434,23,0
3435,121,1
3436,67,1
3437,77,0
3438,69,1
3439,200,0
3440,55,0
3441,63,1
3442,80,0
3443,121,1
3444,178,1
3445,143,0
3446,103,1
3447,42,0
3448,164,1
3449,200,0
3450,87,1
3451,37,0
3452,200,0
3453,51,0
3454,161,1
3455,200,0
3456,200,0
3457,94,1
3458,200,0
3459,200,0
3460,111,1
3461,200,0
3462,104,1
3463,54,1
3464,60,0
3465,29,0
3466,18,0
3467,200,0
3468,153,1
3469,200,0
3470,132,1
3471,200,0
3472,15,0
3473,200,0
3474,22,0
3475,46,0
3476,31,0
3477,198,1
3478,200,0
3479,200,0
3480,178,0
3481,141,1
3482,75,1
3483,155,0
3484,200,0
3485,200,0
3486,200,0
3487,200,0
3488,157,0
3489,27,0
3490,200,0
3491,74,1
3492,200,0
3493,105,1
3494,169,1
3495,91,0
3496,104,1
3497,45,0
3498,200,0
3499,32,0
3500,26,0
3501,129,1
3502,99,1
3503,200,0
3504,128,1
3505,186,1
3506,116,0
3507,177,0
3508,160,1
3509,64,0
3510,197,0
3511,40,0
3512,112,1
3513,164,1
3514,89,0
3515,200,0
3516,31,0
3517,200,0
3518,50,0
3519,133,0
3520,161,1
3521,168,1
3522,51,1
3523,10,0
3524,58,1
3525,200,0
3526,17,0
3527,12,0
3528,91,0
3529,78,1
3530,147,1
3531,200,0
3532,49,0
3533,32,1
3534,130,0
3535,38,0
3536,30,0
3537,108,0
3538,133,0
3539,200,0
3540,25,0
3541,95,0
3542,124,0
3543,12,0
3544,33,0
3545,200,0
3546,113,1
3547,114,0
3548,128,1
3549,200,0
3550,48,1
3551,200,0
3552,200,0
3553,103,0
3554,169,0
3555,136,1
3556,18,0
3557,93,1
3558,200,0
3559,162,1
3560,200,0
3561,200,0
3562,170,0
3563,148,1
3564,200,0
3565,139,1
3566,106,1
3567,200,0
3568,56,0
3569,37,0
3570,18,0
3571,200,0
3572,200,0
3573,49,0
3574,93,1
3575,144,1
3576,200,0
3577,144,0
3578,79,1
3579,39,0
3580,12,0
3581,23,1
3582,37,1
3583,200,0
3584,83,0
3585,121,1
3586,183,1
3587,177,1
3588,107,1
3589,35,0
3590,200,0
3591,134,1
3592,130,1
3593,151,1
3594,183,0
3595,143,1
3596,200,0
3597,120,0
3598,79,0
3599,82,1
3600,200,0
3601,45,0
3602,91,0
3603,128,1
3604,98,0
3605,200,0
3606,29,0
3607,69,0
3608,70,1
3609,200,0
3610,135,0
3611,112,0
3612,152,1
3613,169,0
3614,52,1
3615,44,1
3616,77,1
3617,142,0
3618,200,0
3619,197,0
3620,22,0
3621,179,0
3622,121,1
3623,196,0
3624,200,0
3625,30,0
3626,200,0
3627,80,0
3628,118,0
3629,182,1
3630,145,1
3631,132,1
3632,180,1
3633,76,0
3634,200,0
3635,34,0
3636,30,0
3637,35,0
3638,130,1
3639,200,0
3640,53,1
3641,200,0
3642,162,0
3643,200,0
3644,82,0
3645,200,0
3646,115,1
3647,132,1
3648,112,0
3649,76,1
3650,200,0
3651,101,0
3652,200,0
3653,117,1
3654,200,0
3655,30,0
3656,37,0
3657,127,0
3658,75,1
3659,200,0
3660,147,0
3661,124,0
3662,52,0
3663,10,0
3664,194,0
3665,119,0
3666,24,0
3667,200,0
3668,85,0
3669,104,0
3670,86,1
3671,73,1
3672,102,0
3673,106,0
3674,78,1
3675,200,0
3676,105,1
3677,200,0
3678,200,0
3679,101,0
3680,131,1
3681,200,0
3682,200,0
3683,183,1
3684,102,1
3685,60,0
3686,200,0
3687,200,0
3688,188,0
3689,78,0
3690,200,0
3691,200,0
3692,163,1
3693,50,1
3694,26,0
3695,135,1
3696,200,0
3697,124,1
3698,18,0
3699,89,0
3700,63,1
3701,200,0
3702,137,1
3703,95,0
3704,99,1
3705,108,1
3706,122,1
3707,109,1
3708,153,1
3709,71,0
3710,31,0
3711,118,0
3712,200,0
3713,200,0
3714,40,0
3715,75,1
3716,171,1
3717,200,0
3718,177,1
3719,200,0
3720,145,0
3721,59,1
3722,152,1
3723,11,0
3724,86,1
3725,105,1
3726,200,0
3727,96,1
3728,200,0
3729,200,0
3730,164,1
3731,124,1
3732,139,0
3733,82,1
3734,138,1
3735,200,0
3736,26,0
3737,114,0
3738,200,0
3739,200,0
3740,200,0
3741,193,1
3742,176,0
3743,7,0
3744,200,0
3745,35,0
3746,35,0
3747,15,0
3748,190,1
3749,7,0
3750,142,1
3751,200,0
3752,200,0
3753,123,1
3754,19,0
3755,200,0
3756,36,0
3757,200,0
3758,200,0
3759,90,0
3760,96,0
3761,88,0
3762,57,0
3763,200,0
3764,200,0
3765,67,0
3766,46,0
3767,102,1
3768,200,0
3769,131,1
3770,95,0
3771,28,0
3772,200,0
3773,64,1
3774,84,0
3775,200,0
3776,61,1
3777,105,1
3778,66,0
3779,171,1
3780,66,0
3781,32,0
3782,86,0
3783,134,1
3784,200,0
3785,139,1
3786,70,0
3787,66,0
3788,60,1
3789,200,0
3790,181,1
3791,41,0
3792,200,0
3793,200,0
3794,182,0
3795,10,0
3796,20,0
3797,47,0
3798,61,0
3799,195,1
3800,7,0
3801,68,1
3802,129,0
3803,156,0
3804,200,0
3805,133,0
3806,162,0
3807,200,0
3808,108,1
3809,174,0
3810,200,0
3811,56,1
3812,198,1
3813,42,0
3814,200,0
3815,27,0
3816,80,1
3817,119,1
3818,200,0
3819,108,1
3820,187,1
3821,200,0
3822,60,1
3823,21,0
3824,102,0
3825,58,0
3826,62,0
3827,31,0
3828,110,0
3829,57,0
3830,20,0
3831,23,0
3832,29,1
3833,192,0
3834,134,1
3835,89,0
3836,52,0
3837,200,0
3838,95,0
3839,200,0
3840,153,1
3841,121,1
3842,127,1
3843,106,0
3844,200,0
3845,200,0
3846,196,1
3847,200,0
3848,122,0
3849,33,0
3850,30,0
3851,200,0
3852,200,0
3853,200,0
3854,109,0
3855,200,0
3856,64,0
3857,121,0
3858,200,0
3859,38,1
3860,200,0
3861,200,0
3862,194,1
3863,90,0
3864,140,1
3865,149,1
3866,122,1
3867,51,1
3868,153,1
3869,111,1
3870,200,0
3871,169,1
3872,161,0
3873,25,0
3874,51,0
3875,55,1
3876,137,1
3877,105,1
3878,82,1
3879,94,1
3880,53,0
3881,22,0
3882,100,1
3883,128,0
3884,192,0
3885,29,0
3886,200,0
3887,200,0
3888,200,0
3889,78,0
3890,87,1
3891,200,0
3892,106,0
3893,84,0
3894,200,0
3895,108,0
3896,170,1
3897,127,1
3898,110,1
3899,135,1
3900,145,0
3901,108,1
3902,200,0
3903,23,0
3904,200,0
3905,187,0
3906,34,0
3907,53,1
3908,200,0
3909,200,0
3910,46,0
3911,86,1
3912,200,0
3913,106,0
3914,86,0
3915,80,0
3916,200,0
3917,200,0
3918,147,1
3919,47,0
3920,72,0
3921,54,0
3922,144,1
3923,137,1
3924,144,1
3925,200,0
3926,200,0
3927,23,0
3928,87,0
3929,54,1
3930,200,0
3931,79,0
3932,107,1
3933,200,0
3934,132,1
3935,171,0
3936,64,1
3937,65,1
3938,200,0
3939,110,0
3940,73,0
3941,200,0
3942,200,0
3943,135,0
3944,15,0
3945,67,0
3946,75,0
3947,152,1
3948,200,0
3949,57,0
3950,160,1
3951,200,0
3952,200,0
3953,112,1
3954,200,0
3955,94,0
3956,200,0
3957,53,0
3958,200,0
3959,51,1
3960,88,1
3961,32,0
3962,200,0
3963,200,0
3964,200,0
3965,134,0
3966,142,0
3967,96,1
3968,91,1
3969,101,0
3970,181,0
3971,121,0
3972,32,0
3973,70,0
3974,85,1
3975,132,1
3976,128,1
3977,117,1
3978,77,1
3979,93,1
3980,69,0
3981,158,1
3982,200,0
3983,112,0
3984,11,0
3985,64,1
3986,52,0
3987,90,1
3988,188,1
3989,133,1
3990,127,0
3991,80,0
3992,74,1
3993,38,0
3994,200,0
3995,132,1
3996,80,1
3997,146,1
3998,110,1
3999,123,1
4000,42,1
4001,64,0
4002,185,1
4003,200,0
4004,200,0
4005,48,1
4006,114,1
4007,53,1
4008,171,1
4009,20,0
4010,131,1
4011,138,1
4012,87,1
4013,200,0
4014,16,0
4015,80,1
4016,200,0
4017,108,1
4018,57,1
4019,200,0
4020,30,0
4021,45,1
4022,162,1
4023,117,1
4024,167,1
4025,76,0
4026,64,1
4027,98,1
4028,142,1
4029,139,1
4030,151,1
4031,140,1
4032,37,0
4033,200,0
4034,28,0
4035,178,0
4036,112,1
4037,200,0
4038,200,0
4039,200,0
4040,109,0
4041,40,1
4042,200,0
4043,85,0
4044,200,0
4045,149,1
4046,200,0
4047,116,0
4048,200,0
4049,120,1
4050,17,0
4051,144,0
4052,200,0
4053,133,1
4054,105,0
4055,200,0
4056,25,0
4057,76,0
4058,200,0
4059,200,0
4060,200,0
4061,134,1
4062,23,0
4063,200,0
4064,190,1
4065,131,1
4066,155,1
4067,82,0
4068,200,0
4069,77,1
4070,45,0
4071,105,1
4072,200,0
4073,192,1
4074,102,0
4075,76,1
4076,93,1
4077,15,0
4078,136,1
4079,51,0
4080,160,1
4081,101,1
4082,26,1
4083,200,0
4084,200,0
4085,95,1
4086,200,0
4087,133,0
4088,61,0
4089,180,1
4090,111,0
4091,111,1
4092,108,0
4093,154,0
4094,112,0
4095,24,1
4096,88,1
4097,30,0
4098,113,0
4099,72,1
4100,200,0
4101,120,1
4102,177,1
4103,15,0
4104,93,1
4105,114,1
4106,61,1
4107,116,0
4108,85,0
4109,179,1
4110,83,1
4111,122,1
4112,200,0
4113,71,1
4114,152,1
4115,200,0
4116,25,0
4117,105,0
4118,100,0
4119,200,0
4120,200,0
4121,76,1
4122,195,0
4123,67,0
4124,200,0
4125,178,0
4126,44,0
4127,94,1
4128,107,0
4129,107,0
4130,200,0
4131,130,1
4132,113,1
4133,49,0
4134,26,0
4135,60,1
4136,150,1
4137,125,1
4138,81,1
4139,75,0
4140,128,1
4141,145,1
4142,24,0
4143,200,0
4144,64,1
4145,110,1
4146,72,1
4147,125,0
4148,86,1
4149,20,0
4150,82,0
4151,75,0
4152,64,1
4153,200,0
4154,141,1
4155,200,0
4156,94,0
4157,200,0
4158,189,1
4159,147,1
4160,13,0
4161,200,0
4162,82,1
4163,83,0
4164,113,1
4165,200,0
4166,158,1
4167,200,0
4168,131,1
4169,117,0
4170,57,1
4171,151,1
4172,171,1
4173,89,1
4174,200,0
4175,166,0
4176,128,1
4177,38,0
4178,170,0
4179,73,0
4180,187,1
4181,87,0
4182,119,1
4183,41,0
4184,144,1
4185,200,0
4186,200,0
4187,104,1
4188,200,0
4189,18,0
4190,32,1
4191,109,1
4192,115,0
4193,200,0
4194,79,1
4195,200,0
4196,148,1
4197,84,1
4198,160,0
4199,114,0
4200,127,1
4201,200,0
4202,78,1
4203,145,1
4204,46,0
4205,12,0
4206,103,0
4207,24,0
4208,49,0
4209,153,1
4210,150,0
4211,132,1
4212,24,0
4213,200,0
4214,200,0
4215,41,0
4216,200,0
4217,174,1
4218,44,1
4219,148,1
4220,87,1
4221,200,0
4222,200,0
4223,37,0
4224,64,0
4225,153,1
4226,27,0
4227,27,0
4228,200,0
4229,16,0
4230,95,0
4231,112,1
4232,65,0
4233,200,0
4234,96,1
4235,100,0
4236,87,0
4237,200,0
4238,200,0
4239,200,0
4240,143,0
4241,111,1
4242,85,0
4243,35,0
4244,135,1
4245,135,1
4246,65,0
4247,166,1
4248,120,1
4249,53,1
4250,62,1
4251,121,1
4252,200,0
4253,74,0
4254,81,0
4255,124,1
4256,46,1
4257,49,1
4258,111,0
4259,200,0
4260,200,0
4261,124,1
4262,200,0
4263,188,0
4264,29,0
4265,197,1
4266,41,0
4267,132,1
4268,200,0
4269,165,0
4270,146,1
4271,89,1
4272,200,0
4273,107,0
4274,52,0
4275,200,0
4276,80,1
4277,112,0
4278,73,1
4279,200,0
4280,200,0
4281,117,0
4282,126,1
4283,161,1
4284,200,0
4285,149,1
4286,200,0
4287,200,0
4288,200,0
4289,27,0
4290,14,0
4291,112,1
4292,156,1
4293,121,1
4294,85,1
4295,110,1
4296,52,1
4297,200,0
4298,176,1
4299,86,1
4300,80,1
4301,56,0
4302,143,1
4303,136,1
4304,125,1
4305,200,0
4306,128,0
4307,155,1
4308,200,0
4309,111,1
4310,160,1
4311,15,0
4312,56,0
4313,110,1
4314,41,0
4315,42,0
4316,46,0
4317,57,1
4318,180,1
4319,107,1
4320,200,0
4321,200,0
4322,88,1
4323,135,1
4324,200,0
4325,163,0
4326,163,0
4327,200,0
4328,63,0
4329,43,1
4330,98,1
4331,200,0
4332,90,1
4333,96,1
4334,200,0
4335,71,0
4336,75,1
4337,21,0
4338,103,1
4339,200,0
4340,130,1
4341,115,1
4342,85,0
4343,82,1
4344,55,0
4345,200,0
4346,200,0
4347,191,0
4348,146,0
4349,200,0
4350,56,1
4351,91,0
4352,145,1
4353,200,0
4354,86,0
4355,98,1
4356,41,0
4357,75,0
4358,83,0
4359,200,0
4360,109,0
4361,143,1
4362,120,1
4363,128,1
4364,200,0
4365,174,1
4366,200,1
4367,121,0
4368,32,0
4369,200,0
4370,170,0
4371,62,0
4372,49,0
4373,64,1
4374,200,0
4375,88,0
4376,124,1
4377,159,0
4378,200,0
4379,198,1
4380,182,1
4381,137,0
4382,147,1
4383,200,0
4384,200,0
4385,138,0
4386,137,1
4387,84,1
4388,200,0
4389,132,0
4390,106,1
4391,65,0
4392,138,1
4393,36,1
4394,120,1
4395,200,0
4396,166,1
4397,21,0
4398,60,1
4399,200,0
4400,53,1
4401,130,1
4402,200,0
4403,51,1
4404,71,1
4405,138,0
4406,59,1
4407,163,1
4408,37,0
4409,72,0
4410,40,1
4411,123,0
4412,118,1
4413,128,1
4414,103,0
4415,108,1
4416,151,0
4417,122,1
4418,200,0
4419,200,0
4420,151,0
4421,20,0
4422,99,1
4423,19,0
4424,18,0
4425,200,0
4426,200,0
4427,19,0
4428,14,0
4429,92,0
4430,115,1
4431,150,1
4432,180,0
4433,200,0
4434,187,1
4435,200,0
4436,52,1
4437,172,0
4438,199,0
4439,94,1
4440,200,0
4441,193,1
4442,68,0
4443,116,1
4444,200,0
4445,81,1
4446,200,0
4447,138,1
4448,200,0
4449,120,1
4450,91,0
4451,168,0
4452,99,0
4453,104,0
4454,81,1
4455,200,0
4456,86,1
4457,38,0
4458,58,0
4459,115,0
4460,175,0
4461,200,0
4462,105,1
4463,146,0
4464,125,1
4465,63,0
4466,119,1
4467,136,1
4468,200,0
4469,200,0
4470,128,1
4471,160,0
4472,177,1
4473,81,1
4474,200,0
4475,25,0
4476,200,0
4477,56,1
4478,104,1
4479,90,0
4480,200,0
4481,17,0
4482,133,1
4483,112,1
4484,83,1
4485,141,1
4486,68,1
4487,200,0
4488,62,0
4489,200,0
4490,166,1
4491,200,0
4492,97,0
4493,154,1
4494,146,1
4495,131,0
4496,135,1
4497,17,0
4498,200,0
4499,186,0
4500,191,1
4501,150,1
4502,37,0
4503,156,1
4504,200,0
4505,186,0
4506,200,0
4507,200,0
4508,200,0
4509,200,0
4510,200,0
4511,142,1
4512,31,1
4513,65,0
4514,76,1
4515,37,0
4516,45,0
4517,53,1
4518,104,0
4519,164,1
4520,43,1
4521,117,0
4522,173,1
4523,200,0
4524,104,1
4525,190,1
4526,107,1
4527,77,1
4528,99,0
4529,200,0
4530,200,0
4531,13,0
4532,94,0
4533,130,0
4534,55,1
4535,31,0
4536,122,1
4537,200,0
4538,152,1
4539,105,1
4540,47,1
4541,200,0
4542,13,0
4543,42,0
4544,105,1
4545,54,1
4546,200,0
4547,59,1
4548,23,1
4549,196,1
4550,124,1
4551,112,1
4552,193,1
4553,198,0
4554,89,1
4555,122,1
4556,22,0
4557,13,0
4558,53,0
4559,142,1
4560,71,1
4561,200,0
4562,73,0
4563,116,1
4564,45,0
4565,85,1
4566,200,0
4567,200,0
4568,200,0
4569,103,1
4570,107,0
4571,150,1
4572,84,1
4573,130,1
4574,200,0
4575,200,0
4576,69,1
4577,200,0
4578,105,1
4579,28,0
4580,200,0
4581,124,1
4582,162,0
4583,99,1
4584,108,0
4585,126,1
4586,200,0
4587,94,0
4588,129,1
4589,105,1
4590,144,0
4591,132,1
4592,144,1
4593,81,0
4594,200,0
4595,69,1
4596,193,0
4597,14,0
4598,119,0
4599,33,0
4600,102,0
4601,200,0
4602,69,1
4603,126,1
4604,200,0
4605,85,0
4606,115,0
4607,81,1
4608,90,1
4609,124,0
4610,51,0
4611,200,0
4612,63,0
4613,119,0
4614,199,0
4615,21,0
4616,154,1
4617,163,1
4618,75,1
4619,200,0
4620,170,1
4621,192,0
4622,112,0
4623,200,0
4624,129,1
4625,80,0
4626,11,0
4627,200,0
4628,153,1
4629,90,1
4630,63,1
4631,153,1
4632,137,1
4633,47,0
4634,83,1
4635,200,0
4636,13,0
4637,54,0
4638,146,1
4639,15,0
4640,64,1
4641,200,0
4642,191,1
4643,51,1
4644,149,0
4645,67,1
4646,85,1
4647,56,1
4648,63,1
4649,200,0
4650,81,1
4651,26,0
4652,13,0
4653,138,1
4654,96,1
4655,139,0
4656,40,0
4657,129,1
4658,97,1
4659,79,1
4660,40,1
4661,113,1
4662,148,1
4663,200,0
4664,148,1
4665,159,0
4666,108,1
4667,113,1
4668,200,0
4669,198,1
4670,54,0
4671,105,0
4672,140,1
4673,45,1
4674,200,0
4675,200,0
4676,61,1
4677,200,0
4678,152,1
4679,23,0
4680,200,0
4681,69,0
4682,94,1
4683,200,0
4684,200,0
4685,200,0
4686,200,0
4687,118,1
4688,166,1
4689,109,0
4690,150,0
4691,126,0
4692,50,0
4693,158,0
4694,191,1
4695,102,1
4696,200,0
4697,147,1
4698,23,0
4699,111,0
4700,181,1
4701,101,1
4702,130,1
4703,175,1
4704,162,1
4705,70,1
4706,197,1
4707,111,1
4708,59,1
4709,94,0
4710,126,1
4711,161,0
4712,200,0
4713,23,0
4714,42,0
4715,200,0
4716,33,1
4717,95,1
4718,19,0
4719,200,0
4720,200,0
4721,139,1
4722,138,1
4723,189,1
4724,172,1
4725,58,0
4726,191,0
4727,121,1
4728,200,0
4729,76,1
4730,117,0
4731,22,0
4732,14,0
4733,200,0
4734,79,0
4735,139,1
4736,92,0
4737,104,0
4738,146,0
4739,92,1
4740,87,1
4741,200,0
4742,151,1
4743,179,1
4744,39,1
4745,200,0
4746,57,1
4747,82,1
4748,11,0
4749,172,1
4750,200,0
4751,200,0
4752,146,1
4753,200,0
4754,97,0
4755,22,0
4756,64,0
4757,200,0
4758,187,1
4759,55,0
4760,200,0
4761,200,0
4762,117,1
4763,90,0
4764,49,0
4765,90,1
4766,63,0
4767,200,0
4768,103,1
4769,63,0
4770,59,0
4771,200,0
4772,66,1
4773,14,0
4774,182,0
4775,26,0
4776,103,0
4777,200,0
4778,80,0
4779,200,0
4780,200,0
4781,200,0
4782,200,0
4783,134,1
4784,150,0
4785,185,1
4786,200,0
4787,74,1
4788,13,0
4789,191,0
4790,87,1
4791,200,0
4792,200,0
4793,85,0
4794,200,0
4795,35,0
4796,9,0
4797,42,0
4798,137,1
4799,137,1
4800,109,0
4801,200,0
4802,127,1
4803,93,1
4804,86,0
4805,40,1
4806,34,1
4807,65,0
4808,120,1
4809,45,1
4810,9,0
4811,106,0
4812,117,1
4813,200,0
4814,200,0
4815,58,1
4816,200,0
4817,44,1
4818,72,0
4819,200,0
4820,200,0
4821,131,1
4822,40,0
4823,180,1
4824,84,1
4825,135,0
4826,25,0
4827,91,1
4828,200,0
4829,200,0
4830,141,0
4831,200,0
4832,135,1
4833,146,1
4834,109,0
4835,147,0
4836,26,0
4837,200,0
4838,111,0
4839,76,1
4840,200,0
4841,200,0
4842,109,1
4843,200,0
4844,200,0
4845,165,0
4846,109,0
4847,108,1
4848,123,0
4849,94,1
4850,64,1
4851,112,0
4852,83,0
4853,46,0
4854,111,1
4855,80,1
4856,129,0
4857,83,1
4858,104,1
4859,200,0
4860,200,0
4861,48,0
4862,76,0
4863,200,0
4864,92,0
4865,104,0
4866,157,1
4867,73,0
4868,200,0
4869,86,1
4870,7,0
4871,162,1
4872,40,0
4873,200,0
4874,91,1
4875,33,0
4876,135,1
4877,31,0
4878,40,1
4879,134,0
4880,92,1
4881,106,1
4882,22,1
4883,69,1
4884,65,0
4885,77,0
4886,163,1
4887,31,1
4888,196,0
4889,171,1
4890,157,1
4891,102,1
4892,116,0
4893,66,1
4894,65,0
4895,135,1
4896,200,0
4897,64,1
4898,69,0
4899,200,0
4900,165,1
4901,200,0
4902,200,0
4903,107,1
4904,167,1
4905,192,1
4906,53,0
4907,115,1
4908,130,0
4909,200,0
4910,200,0
4911,124,1
4912,92,0
4913,200,0
4914,186,0
4915,200,0
4916,54,0
4917,32,0
4918,142,1
4919,148,1
4920,200,0
4921,148,1
4922,109,1
4923,33,0
4924,155,0
4925,25,0
4926,86,0
4927,88,1
4928,99,1
4929,200,0
4930,200,0
4931,40,1
4932,152,1
4933,78,1
4934,94,1
4935,41,1
4936,112,0
4937,56,0
4938,44,0
4939,189,1
4940,200,0
4941,200,0
4942,146,1
4943,200,0
4944,79,1
4945,99,1
4946,176,0
4947,99,0
4948,200,0
4949,68,0
4950,158,1
4951,114,1
4952,200,0
4953,181,1
4954,14,0
4955,200,0
4956,145,1
4957,93,1
4958,116,1
4959,200,0
4960,200,0
4961,156,1
4962,96,0
4963,113,0
4964,121,1
4965,152,1
4966,17,0
4967,44,0
4968,130,0
4969,162,1
4970,180,1
4971,200,0
4972,199,1
4973,124,1
4974,169,1
4975,19,0
4976,200,0
4977,34,0
4978,200,0
4979,92,1
4980,165,0
4981,200,0
4982,200,0
4983,186,0
4984,200,0
4985,145,1
4986,91,1
4987,122,1
4988,200,0
4989,184,1
4990,127,1
4991,168,0
4992,14,0
4993,200,0
4994,10,0
4995,200,0
4996,81,0
4997,21,0
4998,89,1
4999,44,0
5000,143,0
5001,122,1
5002,53,1
5003,193,0
5004,75,1
5005,200,0
5006,19,0
5007,57,1
5008,200,0
5009,88,0
5010,146,0
5011,40,0
5012,200,0
5013,14,0
5014,111,0
5015,89,1
5016,198,0
5017,200,0
5018,200,0
5019,200,1
5020,75,0
5021,200,0
5022,16,0
5023,200,0
5024,200,0
5025,100,0
5026,131,1
5027,85,1
5028,200,0
5029,80,1
5030,43,0
5031,191,1
5032,127,1
5033,200,0
5034,89,1
5035,114,1
5036,55,1
5037,181,1
5038,113,0
5039,168,0
5040,89,1
5041,200,0
5042,78,1
5043,131,0
5044,60,1
5045,43,1
5046,200,0
5047,57,0
5048,33,0
5049,18,0
5050,200,0
5051,200,0
5052,182,1
5053,200,0
5054,200,0
5055,92,0
5056,34,0
5057,77,0
5058,200,0
5059,21,0
5060,200,0
5061,140,0
5062,92,1
5063,47,0
5064,115,0
5065,102,1
5066,135,1
5067,156,0
5068,74,0
5069,135,0
5070,87,0
5071,38,0
5072,106,0
5073,200,0
5074,73,1
5075,200,0
5076,104,1
5077,158,1
5078,99,1
5079,107,1
5080,84,1
5081,60,0
5082,150,0
5083,200,0
5084,62,1
5085,87,0
5086,200,0
5087,71,1
5088,143,1
5089,123,1
5090,109,1
5091,84,0
5092,9,0
5093,46,0
5094,200,0
5095,138,1
5096,182,1
5097,73,0
5098,195,1
5099,130,1
5100,103,1
5101,30,1
5102,176,0
5103,159,0
5104,130,1
5105,57,0
5106,200,0
5107,56,1
5108,94,0
5109,75,1
5110,25,0
5111,166,1
5112,82,0
5113,135,1
5114,44,0
5115,185,1
5116,55,0
5117,144,1
5118,199,0
5119,148,0
5120,200,0
5121,147,0
5122,200,0
5123,160,1
5124,87,1
5125,200,0
5126,173,0
5127,54,0
5128,200,0
5129,200,0
5130,200,0
5131,87,0
5132,200,0
5133,200,0
5134,87,1
5135,200,0
5136,56,1
5137,200,0
5138,200,0
5139,112,0
5140,65,0
5141,200,0
5142,91,1
5143,151,0
5144,200,0
5145,151,1
5146,79,1
5147,94,0
5148,25,0
5149,179,1
5150,119,1
5151,106,1
5152,200,0
5153,200,0
5154,178,1
5155,81,0
5156,200,0
5157,143,0
5158,200,0
5159,190,0
5160,200,0
5161,135,0
5162,119,0
5163,200,0
5164,159,0
5165,200,0
5166,200,0
5167,69,0
5168,39,0
5169,171,1
5170,200,0
5171,200,0
5172,192,0
5173,96,0
5174,18,0
5175,44,0
5176,82,0
5177,167,1
5178,116,0
5179,13,0
5180,62,0
5181,113,1
5182,199,1
5183,90,0
5184,54,0
5185,200,0
5186,95,1
5187,200,0
5188,200,0
5189,107,1
5190,62,0
5191,45,1
5192,80,0
5193,173,1
5194,57,1
5195,160,1
5196,168,1
5197,200,0
5198,94,0
5199,106,1
5200,65,0
5201,148,1
5202,48,0
5203,96,1
5204,68,0
5205,200,0
5206,172,1
5207,72,0
5208,10,0
5209,200,0
5210,129,1
5211,200,0
5212,115,1
5213,16,0
5214,200,0
5215,46,0
5216,83,1
5217,171,1
5218,200,0
5219,12,0
5220,43,1
5221,167,1
5222,50,0
5223,200,0
5224,200,0
5225,93,1
5226,146,1
5227,65,0
5228,116,1
5229,55,1
5230,68,1
5231,93,1
5232,153,1
5233,200,0
5234,104,0
5235,200,0
5236,125,1
5237,56,1
5238,48,0
5239,197,1
5240,48,1
5241,165,0
5242,51,0
5243,120,1
5244,59,1
5245,200,0
5246,29,0
5247,190,1
5248,150,1
5249,135,1
5250,200,0
5251,149,1
5252,177,1
5253,200,0
5254,125,0
5255,45,0
5256,45,0
5257,28,1
5258,78,1
5259,77,1
5260,161,1
5261,200,0
5262,49,1
5263,200,0
5264,120,0
5265,200,0
5266,52,0
5267,164,1
5268,110,1
5269,115,1
5270,200,0
5271,63,1
5272,156,1
5273,103,0
5274,200,0
5275,85,0
5276,50,0
5277,138,1
5278,200,0
5279,200,0
5280,200,0
5281,184,1
5282,200,0
5283,148,1
5284,142,1
5285,116,1
5286,139,1
5287,200,0
5288,105,0
5289,156,1
5290,126,0
5291,88,0
5292,116,0
5293,200,0
5294,200,0
5295,81,0
5296,169,1
5297,169,0
5298,138,1
5299,200,0
5300,45,0
5301,124,1
5302,200,0
5303,56,1
5304,15,0
5305,200,0
5306,178,1
5307,101,1
5308,200,0
5309,200,0
5310,135,1
5311,156,1
5312,200,0
5313,200,0
5314,104,1
5315,135,0
5316,31,0
5317,120,1
5318,87,1
5319,51,1
5320,200,0
5321,98,1
5322,68,1
5323,200,0
5324,44,1
5325,199,1
5326,25,0
5327,78,0
5328,200,0
5329,200,0
5330,160,1
5331,100,1
5332,65,0
5333,114,1
5334,200,0
5335,15,0
5336,36,0
5337,200,0
5338,64,0
5339,200,0
5340,66,1
5341,162,1
5342,95,1
5343,72,0
5344,140,0
5345,200,0
5346,192,1
5347,131,1
5348,116,0
5349,80,0
5350,28,0
5351,200,0
5352,200,0
5353,200,0
5354,140,1
5355,104,1
5356,64,1
5357,83,1
5358,111,1
5359,123,1
5360,100,0
5361,66,1
5362,67,1
5363,143,1
5364,159,1
5365,200,0
5366,47,1
5367,29,1
5368,127,0
5369,130,1
5370,82,1
5371,134,0
5372,175,0
5373,52,0
5374,34,0
5375,145,1
5376,184,1
5377,187,1
5378,69,1
5379,129,1
5380,88,1
5381,94,1
5382,98,1
5383,32,0
5384,120,1
5385,106,0
5386,131,1
5387,200,0
5388,77,1
5389,121,1
5390,142,1
5391,135,1
5392,66,0
5393,34,1
5394,49,1
5395,95,1
5396,73,0
5397,89,1
5398,75,1
5399,48,1
5400,200,0
5401,63,1
5402,200,0
5403,59,0
5404,107,1
5405,200,0
5406,118,1
5407,49,0
5408,200,0
5409,200,0
5410,190,0
5411,140,0
5412,162,1
5413,200,0
5414,89,1
5415,200,0
5416,200,0
5417,18,0
5418,200,0
5419,71,1
5420,15,0
5421,200,0
5422,200,0
5423,200,0
5424,159,0
5425,142,1
5426,81,0
5427,86,1
5428,161,0
5429,92,1
5430,200,0
5431,135,1
5432,81,0
5433,53,0
5434,139,1
5435,200,0
5436,121,1
5437,39,1
5438,81,1
5439,140,1
5440,104,1
5441,95,1
5442,130,1
5443,38,1
5444,122,1
5445,161,1
5446,106,1
5447,153,1
5448,144,1
5449,153,1
5450,20,0
5451,76,1
5452,69,1
5453,21,0
5454,200,0
5455,200,0
5456,200,0
5457,70,1
5458,200,0
5459,186,0
5460,29,0
5461,184,1
5462,76,0
5463,179,1
5464,55,0
5465,12,0
5466,17,0
5467,167,1
5468,200,0
5469,113,0
5470,182,1
5471,179,1
5472,200,0
5473,91,0
5474,51,1
5475,13,0
5476,138,0
5477,109,1
5478,200,0
5479,200,0
5480,200,0
5481,87,1
5482,100,1
5483,122,1
5484,52,0
5485,132,0
5486,200,0
5487,200,0
5488,193,0
5489,19,0
5490,40,0
5491,68,0
5492,200,0
5493,200,0
5494,37,0
5495,12,0
5496,187,1
5497,82,1
5498,85,1
5499,200,0
5500,139,1
5501,120,1
5502,133,1
5503,87,1
5504,52,1
5505,34,0
5506,200,0
5507,122,0
5508,51,1
5509,58,1
5510,111,1
5511,200,0
5512,170,0
5513,69,1
5514,70,1
5515,64,1
5516,118,0
5517,200,0
5518,141,1
5519,73,0
5520,43,0
5521,92,1
5522,173,0
5523,200,0
5524,200,0
5525,60,1
5526,49,1
5527,200,0
5528,200,0
5529,51,1
5530,105,1
5531,189,0
5532,115,1
5533,175,0
5534,95,1
5535,200,0
5536,95,0
5537,200,0
5538,38,1
5539,158,0
5540,88,1
5541,111,1
5542,174,1
5543,180,1
5544,49,0
5545,21,0
5546,147,1
5547,17,0
5548,53,1
5549,200,0
5550,137,1
5551,74,1
5552,200,0
5553,130,1
5554,149,0
5555,127,1
5556,200,0
5557,200,0
5558,60,0
5559,53,1
5560,42,0
5561,85,0
5562,63,0
5563,199,1
5564,200,0
5565,89,0
5566,179,0
5567,198,1
5568,111,0
5569,152,1
5570,200,0
5571,200,0
5572,200,0
5573,166,0
5574,14,0
5575,200,0
5576,200,0
5577,98,1
5578,163,0
5579,200,0
5580,200,0
5581,65,0
5582,179,1
5583,200,0
5584,200,0
5585,200,0
5586,85,0
5587,200,0
5588,79,0
5589,18,0
5590,23,0
5591,110,0
5592,134,1
5593,200,0
5594,189,1
5595,22,0
5596,123,1
5597,200,0
5598,36,0
5599,96,1
5600,97,1
5601,23,0
5602,47,1
5603,69,0
5604,169,0
5605,95,1
5606,119,0
5607,200,0
5608,68,0
5609,76,1
5610,92,1
5611,92,0
5612,105,1
5613,92,1
5614,192,1
5615,60,1
5616,171,0
5617,75,0
5618,91,0
5619,112,1
5620,171,1
5621,40,0
5622,162,1
5623,108,0
5624,173,1
5625,200,0
5626,200,0
5627,53,0
5628,162,1
5629,168,1
5630,100,1
5631,172,1
5632,118,1
5633,200,0
5634,200,0
5635,107,1
5636,99,1
5637,61,0
5638,200,0
5639,114,1
5640,200,0
5641,200,0
5642,200,0
5643,200,0
5644,38,0
5645,116,0
5646,190,1
5647,156,0
5648,28,0
5649,200,0
5650,19,0
5651,197,1
5652,166,1
5653,159,1
5654,200,0
5655,83,1
5656,30,1
5657,69,0
5658,11,0
5659,89,1
5660,48,0
5661,200,0
5662,50,0
5663,101,1
5664,150,0
5665,120,1
5666,200,0
5667,200,0
5668,88,0
5669,200,0
5670,106,0
5671,200,0
5672,66,1
5673,78,1
5674,67,0
5675,152,1
5676,83,1
5677,145,1
5678,77,1
5679,200,0
5680,154,1
5681,77,0
5682,126,1
5683,14,0
5684,200,0
5685,200,0
5686,145,1
5687,166,1
5688,73,0
5689,30,0
5690,44,0
5691,200,0
5692,60,1
5693,183,0
5694,200,0
5695,55,1
5696,150,1
5697,68,1
5698,111,1
5699,95,1
5700,146,0
5701,200,0
5702,68,0
5703,200,0
5704,80,1
5705,177,0
5706,200,0
5707,135,1
5708,99,1
5709,33,0
5710,200,0
5711,52,0
5712,48,1
5713,200,0
5714,200,0
5715,200,0
5716,109,1
5717,60,1
5718,8,0
5719,130,1
5720,49,1
5721,200,0
5722,149,0
5723,138,1
5724,53,0
5725,92,0
5726,200,0
5727,42,1
5728,126,1
5729,32,0
5730,27,0
5731,196,1
5732,13,0
5733,32,1
5734,146,1
5735,87,1
5736,68,1
5737,200,0
5738,185,1
5739,57,1
5740,115,1
5741,91,0
5742,54,1
5743,179,1
5744,200,0
5745,200,0
5746,78,1
5747,52,1
5748,121,0
5749,178,1
5750,200,0
5751,159,1
5752,39,0
5753,99,1
5754,76,1
5755,133,1
5756,200,0
5757,70,0
5758,181,0
5759,175,1
5760,62,1
5761,31,0
5762,200,0
5763,200,0
5764,96,0
5765,200,0
5766,200,0
5767,75,0
5768,74,1
5769,62,0
5770,171,1
5771,200,0
5772,111,1
5773,58,0
5774,137,1
5775,154,0
5776,91,1
5777,65,1
5778,33,0
5779,189,1
5780,12,0
5781,29,0
5782,124,0
5783,178,1
5784,200,0
5785,200,0
5786,200,0
5787,60,1
5788,195,0
5789,200,0
5790,127,1
5791,175,1
5792,159,0
5793,164,0
5794,200,0
5795,69,0
5796,122,0
5797,200,0
5798,185,1
5799,200,0
5800,123,0
5801,147,0
5802,200,0
5803,93,1
5804,76,1
5805,42,1
5806,29,0
5807,200,0
5808,138,0
5809,192,1
5810,46,1
5811,200,0
5812,52,1
5813,85,1
5814,52,1
5815,200,0
5816,95,1
5817,108,1
5818,44,1
5819,107,1
5820,105,1
5821,124,1
5822,185,1
5823,87,0
5824,86,1
5825,169,0
5826,200,0
5827,142,1
5828,15,0
5829,58,0
5830,200,0
5831,24,0
5832,193,0
5833,127,1
5834,200,0
5835,131,1
5836,132,1
5837,107,1
5838,44,1
5839,138,1
5840,71,1
5841,200,0
5842,92,1
5843,58,1
5844,138,1
5845,26,0
5846,86,0
5847,52,0
5848,10,0
5849,178,0
5850,85,0
5851,200,0
5852,200,0
5853,189,1
5854,84,1
5855,55,1
5856,104,1
5857,200,0
5858,172,1
5859,35,0
5860,22,0
5861,61,1
5862,200,0
5863,200,0
5864,200,0
5865,26,0
5866,200,0
5867,66,1
5868,67,1
5869,15,0
5870,150,1
5871,114,0
5872,62,0
5873,43,0
5874,126,1
5875,73,1
5876,200,0
5877,200,0
5878,200,0
5879,165,0
5880,156,1
5881,171,1
5882,136,1
5883,117,1
5884,200,0
5885,200,0
5886,200,0
5887,200,0
5888,81,1
5889,78,0
5890,27,0
5891,200,0
5892,38,0
5893,141,1
5894,96,1
5895,157,0
5896,57,1
5897,11,0
5898,200,0
5899,103,0
5900,66,1
5901,56,1
5902,74,1
5903,83,1
5904,38,1
5905,138,1
5906,200,0
5907,120,0
5908,172,0
5909,200,0
5910,31,0
5911,128,0
5912,81,0
5913,21,0
5914,200,0
5915,200,0
5916,80,1
5917,200,0
5918,171,0
5919,142,1
5920,200,0
5921,156,1
5922,200,0
5923,200,0
5924,184,1
5925,146,1
5926,101,1
5927,200,0
5928,200,0
5929,86,1
5930,163,1
5931,173,0
5932,51,0
5933,75,0
5934,200,0
5935,200,0
5936,85,1
5937,108,1
5938,71,1
5939,151,0
5940,33,1
5941,143,1
5942,61,0
5943,72,1
5944,49,0
5945,200,0
5946,16,0
5947,106,1
5948,184,1
5949,52,1
5950,145,1
5951,91,1
5952,32,0
5953,178,1
5954,51,1
5955,172,1
5956,200,0
5957,198,0
5958,177,1
5959,135,1
5960,200,0
5961,109,0
5962,127,1
5963,200,0
5964,154,1
5965,82,1
5966,200,0
5967,200,0
5968,78,1
5969,200,0
5970,74,0
5971,89,1
5972,114,1
5973,70,1
5974,100,1
5975,129,0
5976,142,0
5977,189,1
5978,192,1
5979,70,0
5980,158,1
5981,94,0
5982,50,0
5983,75,1
5984,28,0
5985,76,0
5986,97,1
5987,132,1
5988,200,0
5989,151,0
5990,66,1
5991,200,0
5992,43,0
5993,69,1
5994,200,0
5995,97,1
5996,200,0
5997,57,1
5998,119,1
5999,84,1
6000,34,0
6001,200,0
6002,200,0
6003,188,1
6004,200,0
6005,39,0
6006,200,0
6007,200,0
6008,200,0
6009,63,1
6010,200,0
6011,200,0
6012,89,1
6013,200,0
6014,66,0
6015,158,1
6016,200,0
6017,187,0
6018,52,0
6019,40,0
6020,200,0
6021,76,0
6022,53,1
6023,87,0
6024,198,1
6025,96,1
6026,200,0
6027,38,1
6028,168,1
6029,113,1
6030,192,1
6031,200,0
6032,160,0
6033,200,0
6034,51,1
6035,158,0
6036,200,0
6037,45,0
6038,88,1
6039,200,0
6040,123,1
6041,86,0
6042,95,0
6043,175,0
6044,114,1
6045,200,0
6046,68,1
6047,177,1
6048,93,1
6049,200,0
6050,152,0
6051,106,1
6052,200,0
6053,200,0
6054,199,1
6055,18,0
6056,200,0
6057,64,1
6058,155,0
6059,89,0
6060,31,0
6061,200,0
6062,159,1
6063,200,0
6064,65,1
6065,68,0
6066,44,0
6067,200,0
6068,200,0
6069,200,0
6070,200,0
6071,200,0
6072,32,0
6073,128,0
6074,128,0
6075,147,0
6076,141,1
6077,83,1
6078,153,1
6079,82,1
6080,153,0
6081,200,0
6082,71,0
6083,180,1
6084,200,0
6085,107,1
6086,154,0
6087,68,1
6088,164,1
6089,200,0
6090,200,0
6091,46,1
6092,200,0
6093,30,0
6094,200,0
6095,187,1
6096,79,1
6097,200,0
6098,151,1
6099,200,0
6100,168,1
6101,150,1
6102,122,0
6103,38,0
6104,197,0
6105,149,0
6106,200,0
6107,180,1
6108,199,0
6109,96,1
6110,43,0
6111,200,0
6112,85,1
6113,115,1
6114,200,0
6115,24,0
6116,95,1
6117,35,1
6118,25,0
6119,68,1
6120,200,0
6121,53,0
6122,47,1
6123,50,1
6124,65,1
6125,175,1
6126,157,1
6127,39,0
6128,137,1
6129,63,0
6130,200,0
6131,181,0
6132,71,1
6133,144,1
6134,192,0
6135,62,0
6136,122,1
6137,48,1
6138,84,0
6139,174,1
6140,149,1
6141,127,1
6142,200,0
6143,143,1
6144,84,1
6145,200,0
6146,25,0
6147,117,1
6148,200,0
6149,163,0
6150,200,0
6151,62,0
6152,83,0
6153,53,1
6154,107,1
6155,192,1
6156,200,0
6157,131,1
6158,98,1
6159,108,1
6160,178,1
6161,24,0
6162,77,1
6163,65,0
6164,200,0
6165,200,0
6166,49,0
6167,200,0
6168,111,0
6169,111,1
6170,112,0
6171,123,0
6172,195,1
6173,115,1
6174,38,0
6175,35,0
6176,57,0
6177,155,1
6178,45,0
6179,70,1
6180,133,1
6181,106,1
6182,89,1
6183,200,0
6184,200,0
6185,89,1
6186,79,1
6187,90,1
6188,54,0
6189,200,0
6190,78,1
6191,200,0
6192,116,0
6193,137,0
6194,90,0
6195,109,1
6196,79,1
6197,59,0
6198,200,0
6199,129,1
6200,100,1
6201,162,1
6202,200,0
6203,121,1
6204,45,0
6205,200,0
6206,86,1
6207,143,1
6208,99,0
6209,200,0
6210,69,1
6211,74,1
6212,137,1
6213,124,1
6214,88,1
6215,134,1
6216,152,1
6217,159,1
6218,61,0
6219,129,1
6220,69,0
6221,134,1
6222,83,0
6223,161,1
6224,200,0
6225,91,1
6226,108,1
6227,139,1
6228,200,0
6229,157,1
6230,72,1
6231,166,1
6232,32,1
6233,71,1
6234,37,0
6235,54,0
6236,200,0
6237,71,0
6238,95,0
6239,181,1
6240,34,0
6241,147,0
6242,49,0
6243,71,0
6244,151,1
6245,200,0
6246,54,1
6247,87,0
6248,130,0
6249,86,0
6250,141,1
6251,200,0
6252,46,1
6253,200,0
6254,200,0
6255,38,1
6256,153,1
6257,39,0
6258,67,1
6259,92,1
6260,57,1
6261,45,1
6262,200,0
6263,200,0
6264,101,0
6265,99,1
6266,200,0
6267,200,0
6268,113,1
6269,121,0
6270,13,0
6271,140,1
6272,158,1
6273,31,1
6274,200,0
6275,181,1
6276,33,0
6277,186,1
6278,200,0
6279,56,0
6280,106,1
6281,163,1
6282,200,0
6283,140,1
6284,154,1
6285,102,1
6286,106,1
6287,110,1
6288,200,0
6289,13,0
6290,60,1
6291,133,0
6292,174,1
6293,98,1
6294,200,0
6295,97,0
6296,133,1
6297,135,1
6298,50,1
6299,125,0
6300,47,1
6301,92,1
6302,62,1
6303,114,0
6304,200,0
6305,126,1
6306,63,1
6307,200,0
6308,109,1
6309,91,1
6310,200,0
6311,27,0
6312,200,0
6313,200,0
6314,113,1
6315,123,0
6316,200,0
6317,200,0
6318,181,0
6319,200,0
6320,138,1
6321,123,1
6322,111,1
6323,83,1
6324,134,1
6325,200,0
6326,90,1
6327,194,1
6328,68,0
6329,200,0
6330,96,1
6331,97,1
6332,107,1
6333,57,1
6334,19,0
6335,120,0
6336,88,1
6337,115,1
6338,200,0
6339,167,0
6340,200,0
6341,200,0
6342,168,1
6343,101,1
6344,45,1
6345,111,1
6346,180,1
6347,200,0
6348,102,0
6349,51,1
6350,200,0
6351,200,0
6352,125,1
6353,172,1
6354,161,1
6355,62,1
6356,32,1
6357,88,0
6358,200,0
6359,12,0
6360,200,0
6361,192,1
6362,200,0
6363,200,0
6364,200,0
6365,200,0
6366,20,0
6367,117,1
6368,200,0
6369,137,1
6370,200,0
6371,110,1
6372,172,1
6373,75,0
6374,200,0
6375,31,0
6376,164,1
6377,200,0
6378,200,0
6379,84,1
6380,78,1
6381,200,0
6382,115,0
6383,131,0
6384,137,1
6385,200,0
6386,125,1
6387,47,0
6388,200,0
6389,200,0
6390,43,1
6391,35,1
6392,200,0
6393,156,1
6394,98,1
6395,95,0
6396,69,1
6397,145,1
6398,166,1
6399,130,1
6400,138,1
6401,62,1
6402,135,1
6403,116,1
6404,200,0
6405,200,0
6406,21,0
6407,185,1
6408,146,1
6409,66,0
6410,148,0
6411,200,0
6412,100,1
6413,42,0
6414,200,0
6415,106,1
6416,41,1
6417,200,0
6418,140,1
6419,74,1
6420,200,0
6421,96,1
6422,200,0
6423,200,0
6424,105,1
6425,86,1
6426,200,0
6427,63,0
6428,175,1
6429,126,1
6430,103,0
6431,103,1
6432,69,1
6433,156,1
6434,143,0
6435,64,0
6436,52,1
6437,42,0
6438,173,1
6439,200,0
6440,149,1
6441,196,0
6442,200,0
6443,53,0
6444,120,1
6445,91,1
6446,150,1
6447,189,1
6448,200,0
6449,71,1
6450,93,0
6451,125,1
6452,200,0
6453,99,1
6454,107,0
6455,152,0
6456,200,0
6457,131,1
6458,80,1
6459,194,0
6460,200,0
6461,90,1
6462,200,0
6463,55,0
6464,200,0
6465,200,0
6466,40,0
6467,182,1
6468,200,0
6469,147,1
6470,95,1
6471,200,0
6472,80,0
6473,126,1
6474,200,0
6475,200,0
6476,200,0
6477,52,1
6478,200,0
6479,165,0
6480,99,1
6481,90,1
6482,200,0
6483,200,0
6484,200,0
6485,106,1
6486,117,1
6487,70,1
6488,126,1
6489,200,0
6490,50,0
6491,40,0
6492,94,0
6493,73,1
6494,36,0
6495,95,1
6496,89,1
6497,50,1
6498,39,1
6499,200,1
6500,38,1
6501,200,0
6502,164,1
6503,75,1
6504,185,1
6505,200,0
6506,187,1
6507,78,1
6508,36,0
6509,43,1
6510,105,1
6511,85,1
6512,199,1
6513,120,1
6514,200,0
6515,75,1
6516,49,1
6517,79,1
6518,104,1
6519,47,0
6520,88,1
6521,50,0
6522,68,1
6523,34,0
6524,200,0
6525,147,1
6526,32,1
6527,163,1
6528,200,0
6529,182,1
6530,200,0
6531,51,0
6532,114,0
6533,40,1
6534,200,0
6535,134,1
6536,125,1
6537,200,0
6538,53,1
6539,53,1
6540,200,0
6541,17,0
6542,137,1
6543,157,1
6544,121,1
6545,183,1
6546,49,0
6547,58,0
6548,51,1
6549,61,1
6550,165,1
6551,200,0
6552,173,0
6553,88,1
6554,134,0
6555,167,1
6556,56,1
6557,83,0
6558,79,1
6559,200,0
6560,148,1
6561,200,0
6562,128,0
6563,93,1
6564,200,0
6565,25,0
6566,163,1
6567,77,1
6568,105,1
6569,34,1
6570,120,1
6571,85,1
6572,48,1
6573,125,0
6574,200,0
6575,200,0
6576,59,1
6577,26,1
6578,68,0
6579,200,0
6580,200,0
6581,147,1
6582,69,0
6583,200,0
6584,200,0
6585,49,1
6586,105,0
6587,200,0
6588,119,0
6589,200,0
6590,200,0
6591,200,0
6592,83,1
6593,200,0
6594,81,1
6595,200,0
6596,88,1
6597,64,1
6598,85,0
6599,118,1
6600,101,1
6601,44,0
6602,9,0
6603,78,1
6604,111,0
6605,15,0
6606,200,0
6607,78,0
6608,200,0
6609,72,1
6610,79,1
6611,101,0
6612,42,1
6613,126,1
6614,103,1
6615,71,1
6616,133,0
6617,53,1
6618,147,0
6619,114,1
6620,181,1
6621,23,0
6622,163,1
6623,181,1
6624,100,1
6625,200,0
6626,92,1
6627,60,1
6628,200,0
6629,102,0
6630,200,0
6631,200,0
6632,200,0
6633,180,1
6634,60,1
6635,58,0
6636,112,1
6637,10,0
6638,200,0
6639,95,1
6640,141,1
6641,200,0
6642,39,0
6643,196,1
6644,45,1
6645,89,1
6646,200,0
6647,200,0
6648,62,1
6649,90,1
6650,129,1
6651,200,0
6652,119,1
6653,87,1
6654,200,0
6655,46,1
6656,186,1
6657,121,1
6658,200,0
6659,58,1
6660,87,1
6661,12,0
6662,124,0
6663,62,1
6664,72,1
6665,110,1
6666,40,0
6667,200,0
6668,107,1
6669,98,1
6670,31,0
6671,188,0
6672,63,0
6673,200,0
6674,200,0
6675,200,0
6676,157,1
6677,152,1
6678,103,0
6679,200,0
6680,200,0
6681,200,0
6682,62,0
6683,119,1
6684,175,0
6685,79,0
6686,171,1
6687,98,1
6688,20,0
6689,200,0
6690,200,0
6691,189,1
6692,200,0
6693,200,0
6694,137,1
6695,170,1
6696,199,1
6697,64,0
6698,200,0
6699,165,1
6700,41,1
6701,200,0
6702,156,1
6703,44,1
6704,56,1
6705,175,0
6706,29,0
6707,141,1
6708,56,1
6709,200,0
6710,62,0
6711,148,1
6712,92,1
6713,200,0
6714,62,0
6715,138,1
6716,200,0
6717,52,0
6718,200,0
6719,81,1
6720,113,1
6721,200,0
6722,200,0
6723,62,1
6724,68,1
6725,139,1
6726,95,1
6727,200,0
6728,67,1
6729,41,1
6730,45,0
6731,55,0
6732,51,0
6733,53,1
6734,86,1
6735,200,0
6736,124,1
6737,112,0
6738,14,0
6739,39,0
6740,96,1
6741,63,1
6742,105,1
6743,63,1
6744,142,0
6745,97,1
6746,200,0
6747,54,1
6748,162,1
6749,81,0
6750,150,0
6751,105,0
6752,200,0
6753,200,0
6754,23,0
6755,155,0
6756,200,0
6757,200,0
6758,200,0
6759,196,1
6760,123,1
6761,115,1
6762,152,0
6763,109,1
6764,35,1
6765,27,0
6766,130,1
6767,100,1
6768,68,0
6769,88,0
6770,200,0
6771,102,1
6772,197,0
6773,99,0
6774,80,1
6775,146,1
6776,200,0
6777,36,0
6778,111,1
6779,163,1
6780,200,0
6781,125,1
6782,75,1
6783,200,0
6784,79,1
6785,78,1
6786,132,1
6787,185,0
6788,67,0
6789,131,1
6790,192,1
6791,200,0
6792,87,1
6793,47,1
6794,188,1
6795,200,0
6796,139,1
6797,120,1
6798,133,0
6799,40,1
6800,200,0
6801,165,0
6802,101,1
6803,190,1
6804,200,0
6805,189,1
6806,73,0
6807,174,1
6808,200,0
6809,177,1
6810,200,0
6811,167,1
6812,72,0
6813,151,0
6814,89,1
6815,177,1
6816,200,0
6817,86,1
6818,40,1
6819,200,0
6820,200,0
6821,129,1
6822,41,0
6823,200,0
6824,96,0
6825,169,1
6826,200,0
6827,147,1
6828,194,1
6829,200,0
6830,153,0
6831,112,1
6832,200,0
6833,150,1
6834,57,0
6835,200,0
6836,50,0
6837,191,1
6838,200,0
6839,191,1
6840,19,0
6841,109,1
6842,48,1
6843,200,0
6844,200,0
6845,28,0
6846,170,0
6847,107,1
6848,147,1
6849,19,0
6850,57,1
6851,82,1
6852,99,1
6853,102,1
6854,83,1
6855,200,0
6856,200,0
6857,128,1
6858,122,1
6859,64,0
6860,28,0
6861,111,1
6862,78,0
6863,133,1
6864,175,1
6865,57,0
6866,155,1
6867,86,0
6868,87,1
6869,184,0
6870,44,0
6871,200,0
6872,94,1
6873,116,1
6874,111,0
6875,148,0
6876,82,1
6877,165,0
6878,200,0
6879,200,0
6880,200,0
6881,189,0
6882,108,1
6883,200,0
6884,94,0
6885,200,0
6886,200,0
6887,152,1
6888,197,1
6889,200,0
6890,109,1
6891,97,1
6892,200,0
6893,200,0
6894,68,0
6895,151,1
6896,111,0
6897,46,0
6898,114,0
6899,145,1
6900,200,0
6901,141,1
6902,114,0
6903,200,0
6904,200,0
6905,200,0
6906,200,0
6907,188,1
6908,187,1
6909,200,0
6910,38,1
6911,200,0
6912,161,1
6913,103,0
6914,24,0
6915,200,0
6916,111,0
6917,180,1
6918,65,0
6919,200,0
6920,14,0
6921,200,0
6922,147,1
6923,27,0
6924,200,0
6925,200,0
6926,105,0
6927,48,1
6928,120,0
6929,175,1
6930,193,1
6931,43,0
6932,72,0
6933,200,0
6934,200,0
6935,102,0
6936,38,0
6937,32,0
6938,200,0
6939,102,1
6940,200,0
6941,200,0
6942,49,1
6943,200,0
6944,191,1
6945,186,0
6946,65,1
6947,105,1
6948,176,1
6949,9,0
6950,58,0
6951,67,1
6952,40,1
6953,200,0
6954,157,1
6955,200,0
6956,200,0
6957,9,0
6958,118,0
6959,59,1
6960,180,1
6961,66,0
6962,51,1
6963,189,0
6964,190,1
6965,91,1
6966,162,0
6967,200,0
6968,69,1
6969,24,1
6970,74,0
6971,116,1
6972,47,0
6973,114,0
6974,75,1
6975,163,0
6976,115,1
6977,112,0
6978,111,1
6979,200,0
6980,62,0
6981,198,1
6982,88,1
6983,200,0
6984,9,0
6985,200,0
6986,200,0
6987,17,0
6988,109,0
6989,200,0
6990,156,1
6991,112,0
6992,200,0
6993,101,0
6994,200,0
6995,152,1
6996,75,1
6997,200,0
6998,158,1
6999,82,1
7000,106,1
7001,200,0
7002,200,0
7003,152,1
7004,66,1
7005,69,0
7006,160,1
7007,65,0
7008,69,0
7009,97,1
7010,133,1
7011,76,0
7012,200,0
7013,144,1
7014,17,0
7015,200,0
7016,200,0
7017,200,0
7018,200,0
7019,199,0
7020,66,1
7021,160,1
7022,200,0
7023,200,0
7024,49,1
7025,26,1
7026,173,1
7027,90,1
7028,95,1
7029,40,0
7030,33,0
7031,200,0
7032,195,1
7033,53,1
7034,200,0
7035,110,1
7036,61,1
7037,155,1
7038,180,1
7039,153,0
7040,102,1
7041,55,0
7042,137,1
7043,78,0
7044,143,1
7045,200,0
7046,52,1
7047,128,1
7048,54,1
7049,112,0
7050,5,0
7051,39,0
7052,130,1
7053,200,0
7054,200,0
7055,177,1
7056,184,0
7057,73,0
7058,55,1
7059,200,0
7060,14,0
7061,60,1
7062,200,0
7063,85,1
7064,200,0
7065,69,1
7066,187,1
7067,72,0
7068,101,0
7069,110,1
7070,60,1
7071,117,1
7072,76,1
7073,63,0
7074,200,0
7075,177,0
7076,171,1
7077,194,0
7078,113,1
7079,200,0
7080,189,1
7081,200,0
7082,42,0
7083,66,1
7084,166,0
7085,28,0
7086,45,1
7087,183,1
7088,89,1
7089,166,1
7090,69,0
7091,200,0
7092,114,1
7093,46,0
7094,111,1
7095,171,1
7096,101,1
7097,133,1
7098,17,0
7099,140,1
7100,117,1
7101,200,0
7102,165,1
7103,170,1
7104,137,1
7105,114,1
7106,200,0
7107,36,0
7108,197,1
7109,56,0
7110,44,1
7111,200,0
7112,153,1
7113,200,0
7114,44,0
7115,200,0
7116,158,0
7117,200,0
7118,20,0
7119,75,1
7120,200,0
7121,200,0
7122,200,0
7123,200,0
7124,71,1
7125,66,1
7126,200,0
7127,144,1
7128,57,0
7129,200,0
7130,193,1
7131,57,1
7132,82,1
7133,138,0
7134,200,0
7135,163,0
7136,82,1
7137,62,1
7138,116,1
7139,163,1
7140,200,0
7141,90,0
7142,80,0
7143,167,1
7144,60,0
7145,66,0
7146,107,0
7147,13,0
7148,198,1
7149,200,0
7150,126,1
7151,60,1
7152,165,1
7153,62,1
7154,76,1
7155,104,1
7156,100,0
7157,137,1
7158,173,1
7159,75,1
7160,163,1
7161,200,0
7162,141,1
7163,70,1
7164,84,1
7165,66,1
7166,81,1
7167,200,0
7168,52,1
7169,191,1
7170,75,1
7171,93,1
7172,94,1
7173,50,0
7174,180,1
7175,134,1
7176,61,0
7177,128,1
7178,141,1
7179,61,1
7180,76,1
7181,99,1
7182,192,1
7183,172,0
7184,112,1
7185,82,1
7186,40,1
7187,75,1
7188,128,1
7189,42,1
7190,80,1
7191,200,0
7192,147,1
7193,76,1
7194,200,0
7195,95,1
7196,66,1
7197,200,0
7198,102,1
7199,55,1
7200,55,1
7201,172,1
7202,124,1
7203,164,0
7204,66,1
7205,79,1
7206,27,1
7207,119,1
7208,200,0
7209,45,1
7210,126,1
7211,154,1
7212,124,1
7213,90,1
7214,60,1
7215,40,1
7216,95,1
7217,111,1
7218,200,0
7219,39,1
7220,35,1
7221,128,1
7222,200,0
7223,200,0
7224,42,1
7225,198,1
7226,95,0
7227,200,0
7228,30,1
7229,102,0
7230,127,1
7231,200,0
7232,91,1
7233,61,0
7234,93,1
7235,121,1
7236,54,1
7237,21,0
7238,40,1
7239,47,0
7240,200,0
7241,80,1
7242,200,0
7243,126,1
7244,152,1
7245,80,0
7246,87,0
7247,200,0
7248,20,0
7249,146,1
7250,159,1
7251,76,1
7252,146,1
7253,200,0
7254,169,1
7255,146,1
7256,200,0
7257,72,1
7258,114,1
7259,200,0
7260,72,0
7261,96,0
7262,65,1
7263,141,1
7264,200,0
7265,200,0
7266,118,1
7267,200,0
7268,80,1
7269,200,0
7270,15,0
7271,116,1
7272,122,1
7273,163,1
7274,200,1
7275,126,1
7276,113,0
7277,113,1
7278,200,0
7279,57,1
7280,136,1
7281,95,1
7282,54,1
7283,171,1
7284,121,1
7285,200,0
7286,77,1
7287,70,0
7288,79,0
7289,89,0
7290,44,1
7291,92,1
7292,200,0
7293,29,0
7294,98,0
7295,114,1
7296,200,0
7297,200,0
7298,52,0
7299,200,0
7300,179,1
7301,146,1
7302,109,0
7303,145,1
7304,81,1
7305,196,1
7306,200,0
7307,200,0
7308,191,0
7309,67,0
7310,200,0
7311,77,1
7312,129,1
7313,63,1
7314,200,0
7315,175,1
7316,168,1
7317,200,0
7318,149,1
7319,197,1
7320,35,1
7321,73,1
7322,200,0
7323,121,1
7324,19,0
7325,43,1
7326,103,1
7327,200,0
7328,59,1
7329,60,0
7330,60,1
7331,182,1
7332,175,1
7333,50,1
7334,200,0
7335,200,0
7336,69,1
7337,200,0
7338,72,1
7339,23,0
7340,49,0
7341,200,0
7342,200,0
7343,200,0
7344,62,1
7345,162,0
7346,200,0
7347,165,1
7348,200,0
7349,114,1
7350,102,1
7351,167,1
7352,90,1
7353,149,1
7354,23,0
7355,131,1
7356,167,0
7357,24,0
7358,200,0
7359,150,1
7360,93,1
7361,200,0
7362,73,1
7363,96,1
7364,200,0
7365,108,1
7366,190,1
7367,200,0
7368,30,0
7369,168,0
7370,200,0
7371,200,0
7372,112,1
7373,183,1
7374,144,1
7375,200,0
7376,200,0
7377,200,0
7378,177,1
7379,43,0
7380,33,0
7381,188,1
7382,59,1
7383,141,0
7384,50,1
7385,87,0
7386,200,0
7387,139,1
7388,200,0
7389,177,1
7390,200,0
7391,47,0
7392,21,0
7393,200,0
7394,107,0
7395,200,0
7396,102,0
7397,200,0
7398,200,0
7399,104,1
7400,10,0
7401,65,1
7402,20,0
7403,14,0
7404,200,0
7405,57,1
7406,197,0
7407,66,0
7408,176,1
7409,192,1
7410,200,0
7411,157,1
7412,200,1
7413,50,1
7414,93,1
7415,83,1
7416,83,1
7417,200,0
7418,39,0
7419,200,0
7420,200,0
7421,17,0
7422,144,1
7423,200,0
7424,120,1
7425,112,1
7426,200,0
7427,90,0
7428,86,1
7429,53,0
7430,7,0
7431,177,0
7432,68,0
7433,94,1
7434,200,0
7435,64,1
7436,43,0
7437,115,1
7438,73,1
7439,183,1
7440,200,0
7441,71,1
7442,80,1
7443,36,0
7444,148,1
7445,23,0
7446,157,1
7447,82,0
7448,200,0
7449,78,1
7450,32,0
7451,200,0
7452,33,0
7453,200,0
7454,173,1
7455,200,0
7456,123,1
7457,188,0
7458,91,1
7459,54,1
7460,94,1
7461,170,0
7462,82,0
7463,45,0
7464,178,1
7465,176,1
7466,200,0
7467,135,0
7468,47,1
7469,137,1
7470,200,0
7471,133,1
7472,70,1
7473,200,0
7474,72,1
7475,180,1
7476,69,1
7477,48,1
7478,48,1
7479,172,1
7480,186,1
7481,141,1
7482,182,1
7483,200,0
7484,142,1
7485,200,0
7486,64,0
7487,99,0
7488,197,0
7489,140,1
7490,186,1
7491,52,0
7492,80,1
7493,46,0
7494,89,1
7495,40,0
7496,117,1
7497,200,1
7498,193,1
7499,147,1
7500,200,0
7501,119,1
7502,101,1
7503,119,1
7504,200,0
7505,133,0
7506,138,1
7507,200,0
7508,62,1
7509,67,1
7510,193,0
7511,74,0
7512,118,1
7513,84,0
7514,200,0
7515,200,0
7516,40,0
7517,47,1
7518,151,1
7519,159,1
7520,163,0
7521,55,0
7522,156,1
7523,77,1
7524,200,0
7525,191,1
7526,135,0
7527,200,0
7528,59,1
7529,62,1
7530,51,0
7531,200,0
7532,154,1
7533,13,0
7534,62,0
7535,200,0
7536,100,1
7537,95,1
7538,200,0
7539,200,0
7540,156,1
7541,39,1
7542,103,1
7543,48,1
7544,200,0
7545,113,1
7546,86,0
7547,70,1
7548,97,1
7549,79,0
7550,145,0
7551,60,1
7552,135,1
7553,200,0
7554,52,1
7555,126,0
7556,49,0
7557,200,0
7558,139,1
7559,98,1
7560,21,0
7561,76,1
7562,170,1
7563,33,0
7564,168,1
7565,134,0
7566,60,1
7567,39,0
7568,100,1
7569,24,1
7570,141,1
7571,168,1
7572,61,1
7573,135,0
7574,119,1
7575,38,0
7576,86,0
7577,44,1
7578,36,1
7579,82,1
7580,107,1
7581,115,1
7582,116,1
7583,99,1
7584,127,0
7585,69,1
7586,25,1
7587,125,0
7588,15,0
7589,119,1
7590,136,1
7591,121,1
7592,200,0
7593,200,0
7594,104,1
7595,63,1
7596,45,0
7597,200,0
7598,106,1
7599,53,1
7600,71,1
7601,167,1
7602,85,1
7603,123,1
7604,81,0
7605,200,0
7606,72,1
7607,65,1
7608,72,1
7609,200,0
7610,63,0
7611,21,0
7612,200,0
7613,192,1
7614,113,1
7615,96,0
7616,71,1
7617,136,0
7618,200,0
7619,139,1
7620,93,0
7621,70,0
7622,65,0
7623,60,1
7624,198,1
7625,200,0
7626,52,1
7627,163,0
7628,178,1
7629,89,1
7630,175,1
7631,50,1
7632,137,1
7633,185,1
7634,154,1
7635,200,0
7636,200,0
7637,76,1
7638,200,0
7639,164,1
7640,93,1
7641,141,1
7642,44,1
7643,66,1
7644,95,1
7645,193,1
7646,184,1
7647,193,1
7648,111,1
7649,22,0
7650,193,1
7651,84,0
7652,157,1
7653,24,0
7654,92,1
7655,97,1
7656,147,1
7657,84,0
7658,200,0
7659,153,1
7660,92,0
7661,68,1
7662,148,1
7663,92,1
7664,92,0
7665,51,1
7666,92,1
7667,200,0
7668,153,1
7669,31,0
7670,200,0
7671,38,0
7672,179,1
7673,200,0
7674,200,0
7675,53,1
7676,200,0
7677,200,0
7678,200,0
7679,15,0
7680,62,1
7681,30,0
7682,93,1
7683,62,1
7684,115,1
7685,197,1
7686,46,1
7687,77,1
7688,200,0
7689,144,1
7690,155,0
7691,187,1
7692,200,0
7693,200,0
7694,23,0
7695,69,0
7696,200,0
7697,79,1
7698,106,1
7699,200,0
7700,91,1
7701,188,0
7702,71,1
7703,183,0
7704,178,0
7705,200,0
7706,135,1
7707,173,1
7708,172,1
7709,118,1
7710,200,0
7711,10,0
7712,84,0
7713,196,0
7714,200,0
7715,99,1
7716,122,0
7717,49,0
7718,28,0
7719,136,1
7720,200,0
7721,200,0
7722,200,0
7723,190,1
7724,200,0
7725,200,0
7726,80,1
7727,160,1
7728,54,0
7729,16,0
7730,153,0
7731,200,0
7732,50,1
7733,200,0
7734,200,0
7735,110,0
7736,92,1
7737,40,1
7738,200,0
7739,200,0
7740,131,1
7741,61,1
7742,52,1
7743,43,0
7744,200,0
7745,170,1
7746,200,0
7747,200,1
7748,192,1
7749,200,0
7750,49,0
7751,143,1
7752,195,1
7753,49,1
7754,63,1
7755,81,1
7756,116,1
7757,200,0
7758,104,1
7759,61,0
7760,84,1
7761,87,1
7762,24,0
7763,135,0
7764,80,1
7765,200,0
7766,200,0
7767,143,1
7768,108,0
7769,200,0
7770,140,1
7771,70,0
7772,45,1
7773,200,0
7774,200,0
7775,148,1
7776,200,0
7777,149,0
7778,7,0
7779,98,1
7780,24,1
7781,37,0
7782,54,0
7783,57,1
7784,200,0
7785,153,1
7786,200,0
7787,128,1
7788,110,0
7789,102,1
7790,200,0
7791,157,1
7792,12,0
7793,128,1
7794,51,0
7795,200,0
7796,166,1
7797,200,0
7798,200,0
7799,78,1
7800,195,1
7801,154,1
7802,92,1
7803,45,1
7804,130,0
7805,124,0
7806,100,0
7807,129,1
7808,116,1
7809,157,1
7810,184,1
7811,118,1
7812,95,1
7813,193,1
7814,97,1
7815,108,0
7816,200,0
7817,200,0
7818,26,0
7819,200,0
7820,61,0
7821,95,0
7822,200,0
7823,176,1
7824,147,1
7825,95,1
7826,200,0
7827,200,0
7828,200,0
7829,200,0
7830,176,1
7831,73,1
7832,164,1
7833,84,1
7834,181,1
7835,200,0
7836,200,0
7837,101,0
7838,200,0
7839,200,0
7840,155,1
7841,59,1
7842,138,1
7843,58,1
7844,53,1
7845,99,1
7846,40,0
7847,110,1
7848,200,0
7849,200,0
7850,200,0
7851,200,0
7852,192,1
7853,131,0
7854,46,1
7855,66,1
7856,77,1
7857,107,1
7858,137,1
7859,200,0
7860,173,0
7861,74,0
7862,29,0
7863,187,1
7864,200,0
7865,91,0
7866,27,0
7867,200,0
7868,76,0
7869,197,1
7870,106,1
7871,101,1
7872,200,0
7873,150,1
7874,70,0
7875,103,1
7876,200,0
7877,80,1
7878,195,1
7879,198,1
7880,200,0
7881,125,1
7882,63,0
7883,200,0
7884,200,0
7885,186,1
7886,146,1
7887,147,1
7888,200,0
7889,72,0
7890,200,0
7891,200,0
7892,96,1
7893,160,1
7894,73,1
7895,78,0
7896,93,0
7897,146,0
7898,23,0
7899,88,1
7900,20,0
7901,200,0
7902,127,1
7903,200,0
7904,94,0
7905,133,1
7906,200,0
7907,122,1
7908,31,0
7909,60,1
7910,62,1
7911,48,1
7912,200,0
7913,195,1
7914,200,0
7915,25,1
7916,32,0
7917,200,0
7918,51,1
7919,63,1
7920,137,1
7921,200,0
7922,145,1
7923,114,1
7924,79,1
7925,85,1
7926,118,1
7927,54,0
7928,27,0
7929,200,0
7930,85,1
7931,50,1
7932,165,1
7933,70,1
7934,162,0
7935,80,1
7936,155,0
7937,171,1
7938,111,1
7939,69,1
7940,49,1
7941,82,0
7942,142,1
7943,200,0
7944,109,1
7945,69,1
7946,119,0
7947,46,1
7948,37,0
7949,200,0
7950,122,1
7951,200,0
7952,200,0
7953,200,0
7954,200,0
7955,87,1
7956,187,1
7957,53,1
7958,31,0
7959,77,0
7960,58,0
7961,78,1
7962,32,0
7963,96,1
7964,56,0
7965,200,0
7966,200,0
7967,122,1
7968,75,1
7969,141,1
7970,127,0
7971,95,0
7972,82,1
7973,113,1
7974,146,1
7975,26,0
7976,135,1
7977,136,1
7978,105,1
7979,151,1
7980,96,1
7981,157,1
7982,200,0
7983,200,0
7984,200,0
7985,71,1
7986,124,1
7987,115,1
7988,74,1
7989,62,1
7990,200,0
7991,153,1
7992,154,1
7993,64,1
7994,74,1
7995,128,1
7996,123,1
7997,161,1
7998,75,1
7999,58,1
8000,73,1
8001,9,0
8002,78,1
8003,137,0
8004,126,1
8005,47,1
8006,70,1
8007,60,0
8008,57,1
8009,159,0
8010,146,1
8011,198,1
8012,200,0
8013,162,1
8014,16,0
8015,200,0
8016,25,0
8017,200,0
8018,74,1
8019,200,0
8020,36,1
8021,146,1
8022,101,1
8023,105,1
8024,200,0
8025,60,1
8026,90,1
8027,200,0
8028,59,1
8029,27,1
8030,29,0
8031,75,1
8032,15,0
8033,187,1
8034,200,0
8035,45,1
8036,189,1
8037,128,0
8038,84,0
8039,101,1
8040,200,0
8041,200,0
8042,87,1
8043,96,1
8044,92,1
8045,25,0
8046,48,1
8047,136,1
8048,200,0
8049,200,0
8050,200,0
8051,72,1
8052,71,1
8053,50,0
8054,81,1
8055,103,1
8056,200,0
8057,60,0
8058,129,1
8059,39,1
8060,75,1
8061,58,0
8062,75,1
8063,193,0
8064,135,1
8065,97,1
8066,156,1
8067,48,0
8068,101,1
8069,73,1
8070,75,1
8071,200,0
8072,195,0
8073,196,1
8074,103,1
8075,200,0
8076,200,0
8077,200,0
8078,61,1
8079,80,1
8080,87,1
8081,200,0
8082,115,0
8083,200,0
8084,17,0
8085,171,1
8086,34,1
8087,69,1
8088,64,1
8089,194,1
8090,116,1
8091,21,0
8092,200,0
8093,162,1
8094,30,1
8095,86,1
8096,200,0
8097,52,1
8098,200,0
8099,34,0
8100,52,1
8101,110,1
8102,180,1
8103,52,1
8104,107,0
8105,72,1
8106,169,1
8107,98,0
8108,81,1
8109,155,1
8110,200,0
8111,129,1
8112,80,1
8113,62,1
8114,77,1
8115,200,0
8116,162,1
8117,99,1
8118,180,1
8119,169,0
8120,162,1
8121,96,0
8122,144,1
8123,24,0
8124,21,0
8125,200,0
8126,165,1
8127,200,0
8128,200,0
8129,116,1
8130,38,1
8131,200,0
8132,62,1
8133,164,1
8134,200,0
8135,73,1
8136,178,1
8137,168,0
8138,200,0
8139,80,0
8140,153,1
8141,200,0
8142,42,1
8143,88,0
8144,13,0
8145,112,1
8146,142,1
8147,200,0
8148,62,1
8149,79,0
8150,200,0
8151,118,1
8152,161,1
8153,34,0
8154,118,1
8155,200,0
8156,140,1
8157,90,1
8158,145,1
8159,69,0
8160,83,1
8161,161,1
8162,121,0
8163,100,1
8164,200,0
8165,200,0
8166,94,1
8167,161,1
8168,68,1
8169,200,0
8170,200,0
8171,136,0
8172,200,0
8173,12,0
8174,94,0
8175,165,1
8176,120,1
8177,102,0
8178,154,1
8179,16,0
8180,200,0
8181,170,1
8182,106,1
8183,200,0
8184,147,0
8185,198,1
8186,200,0
8187,200,0
8188,200,0
8189,144,0
8190,63,1
8191,200,0
8192,104,0
8193,103,1
8194,181,1
8195,93,1
8196,68,0
8197,200,0
8198,54,1
8199,200,0
8200,62,0
8201,200,0
8202,82,1
8203,20,0
8204,200,0
8205,200,0
8206,35,1
8207,74,1
8208,156,0
8209,115,1
8210,200,0
8211,69,1
8212,200,0
8213,32,0
8214,159,1
8215,200,0
8216,131,1
8217,84,1
8218,85,0
8219,51,0
8220,175,1
8221,36,0
8222,97,1
8223,190,0
8224,38,1
8225,122,1
8226,130,1
8227,84,1
8228,13,0
8229,156,0
8230,61,1
8231,63,1
8232,96,1
8233,200,0
8234,200,0
8235,129,1
8236,200,0
8237,200,0
8238,58,1
8239,116,1
8240,152,1
8241,200,0
8242,72,1
8243,18,0
8244,47,0
8245,200,0
8246,161,1
8247,55,0
8248,122,1
8249,193,1
8250,160,1
8251,69,0
8252,74,1
8253,89,1
8254,200,0
8255,80,1
8256,45,1
8257,59,1
8258,64,1
8259,107,1
8260,57,1
8261,200,0
8262,83,0
8263,173,0
8264,37,0
8265,180,1
8266,158,0
8267,188,1
8268,104,0
8269,174,1
8270,74,1
8271,64,0
8272,172,1
8273,109,1
8274,200,0
8275,69,1
8276,149,0
8277,80,0
8278,59,1
8279,200,0
8280,129,1
8281,101,1
8282,200,0
8283,95,1
8284,77,1
8285,94,1
8286,49,1
8287,200,0
8288,200,0
8289,200,0
8290,125,0
8291,127,1
8292,132,1
8293,45,0
8294,106,1
8295,103,1
8296,200,0
8297,200,0
8298,54,1
8299,133,0
8300,62,1
8301,65,0
8302,161,1
8303,91,1
8304,200,0
8305,135,1
8306,41,1
8307,91,1
8308,108,1
8309,71,1
8310,65,1
8311,170,1
8312,98,0
8313,73,1
8314,62,0
8315,12,0
8316,43,0
8317,44,1
8318,36,0
8319,42,1
8320,71,1
8321,38,1
8322,158,1
8323,52,1
8324,134,1
8325,57,1
8326,152,1
8327,104,1
8328,31,1
8329,72,1
8330,65,1
8331,153,0
8332,41,1
8333,33,0
8334,81,1
8335,200,0
8336,138,1
8337,182,1
8338,65,1
8339,115,1
8340,109,0
8341,200,0
8342,200,0
8343,200,0
8344,113,1
8345,46,0
8346,84,0
8347,59,1
8348,142,0
8349,115,0
8350,200,0
8351,60,1
8352,192,1
8353,200,0
8354,200,0
8355,179,1
8356,47,1
8357,200,0
8358,145,1
8359,143,1
8360,107,1
8361,175,1
8362,22,0
8363,200,0
8364,53,0
8365,109,0
8366,120,1
8367,99,1
8368,130,1
8369,49,1
8370,148,1
8371,60,1
8372,34,0
8373,103,1
8374,117,1
8375,69,1
8376,68,1
8377,53,1
8378,200,0
8379,146,1
8380,115,1
8381,200,0
8382,193,1
8383,200,0
8384,95,1
8385,139,1
8386,200,0
8387,66,0
8388,74,1
8389,105,1
8390,138,1
8391,59,1
8392,20,0
8393,200,0
8394,200,1
8395,200,0
8396,200,0
8397,111,1
8398,103,1
8399,93,0
8400,125,0
8401,73,1
8402,40,1
8403,196,1
8404,128,1
8405,89,1
8406,110,1
8407,68,1
8408,114,1
8409,45,0
8410,200,0
8411,142,0
8412,166,1
8413,155,1
8414,134,0
8415,200,0
8416,115,0
8417,179,1
8418,200,0
8419,57,1
8420,50,1
8421,78,1
8422,32,0
8423,115,1
8424,96,0
8425,85,1
8426,200,0
8427,51,1
8428,200,0
8429,181,0
8430,9,0
8431,28,1
8432,136,1
8433,191,0
8434,118,1
8435,200,0
8436,135,1
8437,85,1
8438,34,1
8439,166,1
8440,120,1
8441,79,1
8442,121,1
8443,200,0
8444,175,1
8445,105,0
8446,65,0
8447,101,1
8448,109,1
8449,200,0
8450,109,1
8451,200,0
8452,100,1
8453,192,1
8454,196,1
8455,103,1
8456,200,0
8457,82,0
8458,112,0
8459,92,1
8460,200,0
8461,131,0
8462,68,0
8463,118,1
8464,47,1
8465,100,1
8466,113,1
8467,103,1
8468,200,0
8469,107,1
8470,64,1
8471,109,1
8472,143,1
8473,200,0
8474,74,1
8475,60,0
8476,82,1
8477,66,1
8478,191,1
8479,160,1
8480,25,0
8481,200,0
8482,32,0
8483,50,1
8484,70,1
8485,60,1
8486,200,0
8487,66,1
8488,42,1
8489,117,1
8490,200,0
8491,174,1
8492,200,0
8493,200,0
8494,170,0
8495,122,1
8496,37,1
8497,200,0
8498,200,0
8499,135,1
8500,200,0
8501,106,1
8502,49,1
8503,20,0
8504,200,0
8505,109,1
8506,200,0
8507,88,1
8508,71,1
8509,94,1
8510,192,0
8511,34,0
8512,109,0
8513,184,1
8514,55,0
8515,79,1
8516,149,1
8517,101,1
8518,103,1
8519,92,1
8520,200,0
8521,128,0
8522,200,0
8523,120,1
8524,127,1
8525,200,0
8526,66,0
8527,200,0
8528,161,1
8529,200,0
8530,168,1
8531,200,0
8532,28,0
8533,191,0
8534,200,0
8535,182,1
8536,200,0
8537,106,1
8538,200,0
8539,111,1
8540,196,1
8541,41,0
8542,186,1
8543,175,0
8544,95,1
8545,87,0
8546,200,1
8547,37,1
8548,91,1
8549,86,1
8550,29,0
8551,200,0
8552,120,1
8553,96,1
8554,99,0
8555,160,1
8556,74,1
8557,85,1
8558,145,1
8559,94,1
8560,102,0
8561,116,1
8562,96,0
8563,193,1
8564,164,1
8565,65,1
8566,91,1
8567,57,1
8568,59,1
8569,110,1
8570,30,0
8571,141,0
8572,98,1
8573,84,1
8574,91,0
8575,117,1
8576,69,0
8577,107,1
8578,122,1
8579,95,1
8580,13,0
8581,118,1
8582,164,1
8583,68,1
8584,130,1
8585,200,0
8586,189,1
8587,152,1
8588,182,1
8589,52,1
8590,78,1
8591,33,0
8592,72,1
8593,122,1
8594,106,1
8595,84,1
8596,44,1
8597,200,0
8598,111,0
8599,142,0
8600,200,0
8601,95,1
8602,51,1
8603,179,0
8604,21,0
8605,184,1
8606,100,1
8607,93,0
8608,188,1
8609,72,1
8610,85,1
8611,145,1
8612,167,0
8613,101,0
8614,37,0
8615,42,0
8616,74,1
8617,200,0
8618,72,1
8619,104,1
8620,168,1
8621,200,0
8622,200,0
8623,138,1
8624,174,0
8625,124,0
8626,78,1
8627,200,0
8628,75,1
8629,113,1
8630,200,0
8631,85,1
8632,200,0
8633,200,0
8634,104,0
8635,200,0
8636,198,1
8637,127,0
8638,36,1
8639,142,1
8640,200,0
8641,200,0
8642,76,1
8643,54,1
8644,95,1
8645,160,1
8646,129,0
8647,74,0
8648,102,1
8649,185,1
8650,95,1
8651,200,0
8652,109,0
8653,117,1
8654,200,0
8655,200,0
8656,83,0
8657,200,0
8658,200,0
8659,200,0
8660,187,1
8661,58,1
8662,170,1
8663,98,1
8664,90,0
8665,40,0
8666,36,1
8667,29,0
8668,13,0
8669,100,1
8670,123,1
8671,100,1
8672,100,1
8673,65,1
8674,69,1
8675,116,1
8676,115,1
8677,140,1
8678,200,0
8679,73,0
8680,200,0
8681,114,1
8682,37,0
8683,200,0
8684,200,0
8685,99,1
8686,120,1
8687,31,1
8688,200,0
8689,200,0
8690,76,1
8691,200,0
8692,43,1
8693,200,0
8694,88,0
8695,45,1
8696,131,1
8697,200,0
8698,52,1
8699,104,1
8700,122,1
8701,129,0
8702,27,0
8703,76,1
8704,170,1
8705,20,0
8706,163,1
8707,200,0
8708,134,1
8709,127,1
8710,141,1
8711,157,1
8712,107,0
8713,40,1
8714,200,0
8715,200,0
8716,58,1
8717,98,1
8718,77,0
8719,178,0
8720,129,1
8721,200,0
8722,60,1
8723,107,0
8724,101,0
8725,200,0
8726,93,1
8727,63,1
8728,166,1
8729,67,0
8730,140,1
8731,200,0
8732,56,1
8733,73,1
8734,100,1
8735,116,1
8736,200,0
8737,58,1
8738,175,0
8739,152,1
8740,80,0
8741,11,0
8742,143,0
8743,67,0
8744,64,1
8745,58,1
8746,64,1
8747,139,1
8748,175,1
8749,200,0
8750,83,1
8751,115,1
8752,102,1
8753,151,1
8754,146,0
8755,105,1
8756,159,1
8757,83,1
8758,200,0
8759,97,1
8760,200,0
8761,89,1
8762,200,0
8763,200,0
8764,200,0
8765,107,1
8766,200,1
8767,200,0
8768,50,0
8769,55,1
8770,107,1
8771,88,0
8772,102,1
8773,156,1
8774,195,1
8775,200,0
8776,200,0
8777,142,1
8778,200,0
8779,200,0
8780,100,1
8781,50,1
8782,120,0
8783,158,1
8784,84,1
8785,138,1
8786,173,1
8787,19,0
8788,53,1
8789,200,0
8790,200,0
8791,71,0
8792,131,0
8793,200,0
8794,66,0
8795,200,0
8796,187,0
8797,184,1
8798,108,1
8799,200,0
8800,200,0
8801,116,1
8802,141,1
8803,127,1
8804,7,0
8805,161,1
8806,125,1
8807,22,0
8808,114,0
8809,153,1
8810,172,1
8811,200,0
8812,55,1
8813,200,0
8814,96,1
8815,200,0
8816,103,1
8817,119,1
8818,200,0
8819,86,1
8820,30,1
8821,171,1
8822,200,0
8823,114,0
8824,200,0
8825,64,1
8826,45,0
8827,59,1
8828,51,1
8829,200,0
8830,179,1
8831,200,0
8832,141,1
8833,200,0
8834,18,0
8835,192,1
8836,200,0
8837,200,0
8838,11,0
8839,122,1
8840,106,0
8841,200,0
8842,157,1
8843,154,1
8844,152,1
8845,100,0
8846,162,1
8847,82,0
8848,200,0
8849,131,1
8850,52,0
8851,61,0
8852,123,1
8853,200,0
8854,79,1
8855,160,1
8856,53,1
8857,9,0
8858,200,0
8859,52,1
8860,131,0
8861,40,0
8862,200,0
8863,115,1
8864,200,0
8865,84,1
8866,118,0
8867,199,0
8868,70,1
8869,200,0
8870,32,0
8871,137,1
8872,135,1
8873,54,0
8874,137,1
8875,200,0
8876,200,0
8877,86,0
8878,200,0
8879,76,1
8880,78,1
8881,143,1
8882,129,1
8883,50,1
8884,125,1
8885,66,1
8886,56,1
8887,77,1
8888,72,0
8889,180,1
8890,53,1
8891,200,0
8892,58,0
8893,129,1
8894,200,0
8895,158,1
8896,200,0
8897,136,1
8898,133,1
8899,98,1
8900,143,1
8901,200,0
8902,200,0
8903,143,1
8904,23,1
8905,83,1
8906,134,0
8907,54,1
8908,105,0
8909,71,0
8910,200,0
8911,169,1
8912,116,0
8913,136,1
8914,200,0
8915,73,1
8916,134,1
8917,120,1
8918,69,1
8919,101,1
8920,102,1
8921,109,1
8922,200,0
8923,171,1
8924,138,0
8925,142,1
8926,200,0
8927,200,0
8928,184,1
8929,200,0
8930,20,0
8931,175,0
8932,200,0
8933,200,0
8934,200,0
8935,52,1
8936,80,1
8937,23,0
8938,157,1
8939,153,0
8940,174,1
8941,120,1
8942,64,1
8943,60,1
8944,146,1
8945,200,0
8946,108,1
8947,165,1
8948,53,1
8949,192,0
8950,163,1
8951,22,0
8952,160,1
8953,200,0
8954,111,1
8955,138,0
8956,11,0
8957,74,1
8958,186,0
8959,132,0
8960,173,1
8961,189,1
8962,121,0
8963,200,0
8964,150,1
8965,200,0
8966,66,1
8967,38,0
8968,51,0
8969,94,1
8970,79,1
8971,91,1
8972,148,1
8973,29,0
8974,190,0
8975,82,0
8976,112,1
8977,70,1
8978,102,0
8979,200,0
8980,200,0
8981,150,1
8982,200,0
8983,94,1
8984,200,0
8985,200,0
8986,148,1
8987,200,0
8988,200,0
8989,200,0
8990,200,0
8991,98,0
8992,99,1
8993,176,1
8994,79,0
8995,200,0
8996,157,1
8997,88,1
8998,59,1
8999,96,0
9000,42,0
9001,117,0
9002,200,0
9003,72,1
9004,76,1
9005,66,1
9006,124,1
9007,48,1
9008,200,0
9009,135,1
9010,118,1
9011,200,0
9012,200,0
9013,200,0
9014,92,0
9015,19,0
9016,63,1
9017,147,0
9018,150,1
9019,95,1
9020,117,1
9021,116,1
9022,34,1
9023,200,0
9024,131,1
9025,56,0
9026,67,1
9027,105,1
9028,136,1
9029,46,1
9030,47,1
9031,94,1
9032,132,0
9033,200,0
9034,200,0
9035,92,1
9036,139,1
9037,85,1
9038,200,0
9039,67,1
9040,200,0
9041,65,1
9042,71,0
9043,164,1
9044,87,0
9045,200,0
9046,86,1
9047,200,0
9048,200,0
9049,135,1
9050,129,0
9051,113,1
9052,78,0
9053,200,0
9054,109,1
9055,200,0
9056,89,1
9057,200,0
9058,126,1
9059,191,1
9060,157,1
9061,39,0
9062,200,0
9063,16,0
9064,90,1
9065,76,1
9066,17,0
9067,55,1
9068,91,1
9069,200,0
9070,113,1
9071,67,1
9072,134,1
9073,66,0
9074,161,0
9075,108,1
9076,157,0
9077,73,1
9078,58,1
9079,78,0
9080,149,1
9081,78,1
9082,59,0
9083,88,1
9084,10,0
9085,87,1
9086,166,1
9087,96,1
9088,127,1
9089,83,1
9090,147,1
9091,200,0
9092,93,0
9093,22,1
9094,200,0
9095,145,1
9096,52,1
9097,200,0
9098,200,0
9099,200,0
9100,97,1
9101,71,1
9102,200,0
9103,62,0
9104,149,1
9105,200,0
9106,155,1
9107,122,1
9108,113,1
9109,200,0
9110,118,1
9111,200,0
9112,66,0
9113,121,1
9114,43,0
9115,30,0
9116,138,1
9117,167,1
9118,85,1
9119,109,0
9120,189,1
9121,93,1
9122,160,0
9123,93,1
9124,68,1
9125,11,0
9126,200,0
9127,106,1
9128,111,0
9129,200,0
9130,140,1
9131,195,1
9132,43,0
9133,28,0
9134,110,1
9135,92,1
9136,97,0
9137,200,0
9138,200,0
9139,72,1
9140,200,0
9141,154,1
9142,155,1
9143,200,0
9144,134,1
9145,200,0
9146,139,1
9147,200,0
9148,88,1
9149,150,1
9150,200,0
9151,63,1
9152,200,0
9153,159,1
9154,169,1
9155,113,1
9156,42,0
9157,43,1
9158,200,0
9159,162,1
9160,141,1
9161,153,1
9162,163,1
9163,55,1
9164,23,0
9165,123,1
9166,200,0
9167,159,1
9168,141,1
9169,121,0
9170,133,1
9171,85,1
9172,143,1
9173,45,0
9174,200,0
9175,90,1
9176,200,0
9177,136,1
9178,76,0
9179,37,0
9180,48,0
9181,200,0
9182,184,1
9183,63,1
9184,49,1
9185,54,1
9186,75,1
9187,41,0
9188,200,0
9189,170,0
9190,178,1
9191,42,0
9192,200,0
9193,200,0
9194,200,0
9195,62,1
9196,125,1
9197,82,1
9198,44,0
9199,170,1
9200,191,0
9201,69,1
9202,17,0
9203,84,1
9204,38,0
9205,200,0
9206,174,1
9207,164,1
9208,193,1
9209,58,0
9210,153,1
9211,128,0
9212,146,0
9213,86,1
9214,144,1
9215,130,1
9216,200,0
9217,200,0
9218,181,1
9219,92,1
9220,94,1
9221,96,1
9222,130,1
9223,127,1
9224,200,0
9225,90,1
9226,95,1
9227,200,0
9228,200,0
9229,43,1
9230,87,1
9231,38,0
9232,160,1
9233,149,0
9234,33,0
9235,58,0
9236,200,0
9237,175,1
9238,200,0
9239,154,1
9240,118,0
9241,126,1
9242,65,1
9243,32,0
9244,65,1
9245,56,1
9246,39,0
9247,200,0
9248,163,1
9249,105,1
9250,117,1
9251,108,1
9252,13,0
9253,141,1
9254,157,1
9255,37,0
9256,35,1
9257,72,1
9258,66,1
9259,56,1
9260,95,0
9261,188,1
9262,12,0
9263,152,1
9264,200,0
9265,200,0
9266,124,1
9267,59,0
9268,72,1
9269,200,0
9270,17,0
9271,200,0
9272,200,0
9273,200,0
9274,56,1
9275,70,1
9276,124,1
9277,200,0
9278,200,0
9279,162,1
9280,25,0
9281,17,0
9282,144,1
9283,200,0
9284,94,1
9285,167,1
9286,61,1
9287,116,1
9288,122,1
9289,167,1
9290,33,1
9291,88,0
9292,66,0
9293,40,0
9294,65,1
9295,100,1
9296,117,1
9297,200,0
9298,35,1
9299,70,1
9300,58,1
9301,146,1
9302,78,1
9303,70,1
9304,102,0
9305,44,1
9306,111,1
9307,185,1
9308,139,1
9309,59,1
9310,35,1
9311,44,1
9312,108,1
9313,136,1
9314,170,1
9315,124,0
9316,76,0
9317,120,1
9318,160,1
9319,200,0
9320,46,1
9321,108,1
9322,170,1
9323,167,1
9324,62,1
9325,200,0
9326,200,0
9327,109,1
9328,155,1
9329,144,1
9330,60,1
9331,200,0
9332,200,0
9333,148,0
9334,73,1
9335,200,0
9336,61,1
9337,200,0
9338,200,0
9339,116,0
9340,161,1
9341,125,1
9342,66,1
9343,148,0
9344,138,1
9345,173,1
9346,93,0
9347,177,1
9348,200,0
9349,200,0
9350,200,0
9351,200,0
9352,200,0
9353,200,0
9354,19,0
9355,171,1
9356,132,1
9357,88,0
9358,23,0
9359,32,0
9360,200,0
9361,165,1
9362,200,0
9363,186,1
9364,50,0
9365,134,1
9366,119,1
9367,73,1
9368,200,0
9369,156,1
9370,200,0
9371,200,0
9372,9,0
9373,200,0
9374,164,1
9375,60,1
9376,94,1
9377,200,0
9378,139,1
9379,42,0
9380,81,1
9381,50,1
9382,63,1
9383,86,1
9384,40,0
9385,35,0
9386,79,1
9387,101,0
9388,35,0
9389,122,1
9390,160,1
9391,85,1
9392,90,1
9393,134,0
9394,93,1
9395,52,1
9396,11,0
9397,54,1
9398,34,0
9399,102,1
9400,41,1
9401,133,1
9402,200,0
9403,32,1
9404,124,0
9405,150,1
9406,121,1
9407,154,1
9408,103,1
9409,72,1
9410,168,1
9411,195,0
9412,200,0
9413,159,1
9414,32,0
9415,173,0
9416,200,0
9417,70,1
9418,38,1
9419,200,0
9420,166,1
9421,130,1
9422,87,1
9423,32,0
9424,62,1
9425,79,0
9426,126,1
9427,156,1
9428,98,1
9429,85,1
9430,161,1
9431,200,0
9432,150,1
9433,119,1
9434,155,1
9435,56,1
9436,65,0
9437,67,0
9438,135,0
9439,60,0
9440,101,1
9441,200,0
9442,117,1
9443,102,0
9444,91,0
9445,200,0
9446,72,1
9447,109,1
9448,8,0
9449,51,0
9450,127,1
9451,140,1
9452,144,1
9453,137,1
9454,159,1
9455,73,1
9456,171,1
9457,125,1
9458,76,1
9459,128,1
9460,88,1
9461,68,1
9462,106,1
9463,113,1
9464,72,1
9465,84,1
9466,55,1
9467,62,1
9468,77,0
9469,68,1
9470,89,1
9471,90,1
9472,167,1
9473,200,0
9474,64,0
9475,200,0
9476,125,0
9477,200,0
9478,133,1
9479,156,1
9480,156,1
9481,175,1
9482,200,0
9483,37,0
9484,126,0
9485,200,0
9486,200,0
9487,143,1
9488,120,1
9489,200,0
9490,41,0
9491,200,0
9492,132,1
9493,136,1
9494,64,1
9495,160,0
9496,153,0
9497,44,0
9498,123,1
9499,150,1
9500,44,0
9501,112,1
9502,141,1
9503,11,0
9504,44,1
9505,200,0
9506,151,1
9507,75,0
9508,200,0
9509,95,1
9510,104,1
9511,65,1
9512,196,1
9513,200,0
9514,135,0
9515,178,1
9516,59,1
9517,200,0
9518,200,0
9519,200,0
9520,200,0
9521,104,1
9522,161,1
9523,98,1
9524,117,0
9525,89,0
9526,77,1
9527,111,1
9528,200,0
9529,157,1
9530,200,0
9531,200,0
9532,137,1
9533,200,0
9534,150,1
9535,97,0
9536,120,1
9537,124,1
9538,67,0
9539,200,0
9540,200,0
9541,34,1
9542,74,0
9543,144,1
9544,115,0
9545,200,0
9546,134,1
9547,167,1
9548,200,0
9549,180,0
9550,79,1
9551,200,0
9552,200,0
9553,48,1
9554,57,0
9555,169,1
9556,200,0
9557,194,1
9558,200,0
9559,200,0
9560,148,0
9561,200,0
9562,99,1
9563,193,1
9564,200,0
9565,39,1
9566,18,0
9567,124,1
9568,150,1
9569,148,1
9570,182,1
9571,52,0
9572,184,1
9573,200,0
9574,176,1
9575,200,0
9576,200,0
9577,200,0
9578,200,0
9579,152,0
9580,93,1
9581,200,0
9582,200,0
9583,121,1
9584,87,0
9585,62,0
9586,200,0
9587,71,0
9588,80,0
9589,200,0
9590,149,1
9591,107,0
9592,124,1
9593,151,1
9594,93,1
9595,85,1
9596,139,1
9597,158,1
9598,170,1
9599,44,1
9600,112,1
9601,143,1
9602,79,1
9603,90,1
9604,114,1
9605,157,0
9606,57,0
9607,76,1
9608,152,1
9609,78,1
9610,86,0
9611,74,1
9612,200,0
9613,146,1
9614,116,0
9615,135,1
9616,31,0
9617,164,1
9618,154,0
9619,55,1
9620,93,1
9621,72,1
9622,120,1
9623,117,1
9624,200,0
9625,145,1
9626,188,1
9627,124,1
9628,200,0
9629,54,0
9630,90,1
9631,200,0
9632,200,0
9633,77,1
9634,200,1
9635,36,0
9636,76,1
9637,197,1
9638,200,0
9639,163,1
9640,127,1
9641,88,0
9642,108,1
9643,123,1
9644,122,1
9645,49,1
9646,69,1
9647,72,0
9648,40,0
9649,49,1
9650,170,1
9651,121,1
9652,200,0
9653,111,0
9654,187,0
9655,177,1
9656,147,1
9657,184,1
9658,97,1
9659,91,1
9660,78,1
9661,167,1
9662,200,0
9663,200,0
9664,105,1
9665,200,0
9666,172,1
9667,139,1
9668,200,0
9669,116,1
9670,200,0
9671,75,1
9672,132,1
9673,116,1
9674,34,0
9675,168,1
9676,32,0
9677,200,0
9678,130,1
9679,67,1
9680,37,1
9681,79,0
9682,116,1
9683,200,0
9684,10,0
9685,151,0
9686,118,1
9687,47,1
9688,100,1
9689,89,1
9690,86,1
9691,200,0
9692,72,1
9693,189,0
9694,62,1
9695,45,1
9696,200,0
9697,116,1
9698,144,1
9699,105,1
9700,163,0
9701,200,0
9702,63,1
9703,165,0
9704,103,1
9705,65,1
9706,129,1
9707,134,1
9708,168,1
9709,121,1
9710,40,1
9711,150,1
9712,52,0
9713,52,1
9714,72,0
9715,108,1
9716,45,1
9717,200,0
9718,156,1
9719,178,1
9720,200,0
9721,131,1
9722,35,1
9723,136,1
9724,149,0
9725,200,0
9726,134,1
9727,193,1
9728,102,1
9729,190,1
9730,84,1
9731,180,0
9732,200,0
9733,200,0
9734,118,1
9735,114,1
9736,137,1
9737,129,1
9738,155,1
9739,200,0
9740,150,1
9741,98,1
9742,99,0
9743,193,1
9744,149,1
9745,51,1
9746,200,0
9747,144,1
9748,89,1
9749,69,1
9750,200,0
9751,200,0
9752,58,1
9753,21,0
9754,68,1
9755,19,0
9756,200,0
9757,37,0
9758,200,0
9759,134,1
9760,52,1
9761,200,0
9762,25,1
9763,153,1
9764,104,1
9765,200,0
9766,200,0
9767,65,1
9768,136,1
9769,88,1
9770,113,0
9771,76,0
9772,84,0
9773,105,1
9774,54,1
9775,200,0
9776,125,1
9777,68,0
9778,105,0
9779,200,0
9780,141,1
9781,176,1
9782,104,1
9783,129,1
9784,128,1
9785,200,0
9786,156,1
9787,200,0
9788,130,1
9789,143,0
9790,131,1
9791,57,1
9792,67,1
9793,200,0
9794,129,1
9795,88,1
9796,123,0
9797,103,0
9798,21,0
9799,168,1
9800,66,1
9801,82,1
9802,200,0
9803,150,1
9804,88,0
9805,196,1
9806,75,1
9807,162,0
9808,152,1
9809,141,1
9810,122,1
9811,104,0
9812,66,1
9813,72,1
9814,30,0
9815,99,1
9816,66,0
9817,124,1
9818,128,0
9819,200,0
9820,78,1
9821,112,1
9822,117,1
9823,66,1
9824,149,1
9825,92,1
9826,86,1
9827,136,1
9828,112,1
9829,78,1
9830,200,0
9831,122,0
9832,178,1
9833,117,1
9834,175,1
9835,57,1
9836,200,0
9837,132,1
9838,200,0
9839,200,0
9840,19,0
9841,200,0
9842,112,0
9843,200,0
9844,88,1
9845,122,1
9846,93,0
9847,73,1
9848,200,0
9849,75,0
9850,83,0
9851,28,1
9852,158,1
9853,164,0
9854,54,0
9855,126,0
9856,67,0
9857,102,1
9858,74,1
9859,21,0
9860,50,1
9861,200,0
9862,24,0
9863,124,1
9864,192,1
9865,101,1
9866,70,0
9867,200,0
9868,185,1
9869,150,1
9870,145,1
9871,33,0
9872,121,0
9873,138,1
9874,198,1
9875,191,1
9876,29,0
9877,200,0
9878,200,0
9879,200,0
9880,200,0
9881,181,1
9882,75,1
9883,200,0
9884,112,0
9885,200,0
9886,200,0
9887,84,0
9888,180,1
9889,139,1
9890,55,0
9891,196,1
9892,153,1
9893,18,0
9894,177,1
9895,71,1
9896,74,0
9897,72,1
9898,86,1
9899,79,1
9900,172,1
9901,56,1
9902,148,0
9903,117,1
9904,200,0
9905,200,0
9906,49,1
9907,168,1
9908,108,1
9909,94,1
9910,200,0
9911,70,1
9912,55,0
9913,200,0
9914,104,1
9915,22,0
9916,102,1
9917,36,0
9918,87,1
9919,200,0
9920,152,1
9921,76,1
9922,78,1
9923,200,0
9924,164,1
9925,200,0
9926,190,1
9927,187,1
9928,188,1
9929,200,0
9930,145,1
9931,87,1
9932,60,1
9933,70,1
9934,17,0
9935,130,0
9936,106,1
9937,200,0
9938,158,1
9939,143,1
9940,200,0
9941,99,1
9942,117,1
9943,154,1
9944,81,0
9945,52,0
9946,42,0
9947,189,1
9948,199,1
9949,184,1
9950,104,1
9951,200,0
9952,86,1
9953,193,1
9954,134,1
9955,138,1
9956,129,1
9957,72,1
9958,129,1
9959,57,1
9960,133,1
9961,62,1
9962,159,1
9963,84,1
9964,118,1
9965,200,0
9966,55,1
9967,86,1
9968,75,1
9969,60,1
9970,58,1
9971,95,0
9972,187,1
9973,195,1
9974,87,1
9975,87,0
9976,157,0
9977,82,0
9978,116,0
9979,82,1
9980,97,1
9981,200,0
9982,110,0
9983,200,0
9984,99,1
9985,200,0
9986,116,1
9987,51,1
9988,200,0
9989,170,0
9990,139,1
9991,139,1
9992,47,1
9993,115,0
9994,162,1
9995,200,0
9996,79,1
9997,200,0
9998,36,0
9999,58,1
