episode,steps,reward
0,21,0
1,15,0
2,28,0
3,30,0
4,29,0
5,52,0
6,40,0
7,71,0
8,10,0
9,8,0
10,28,0
11,48,0
12,11,0
13,45,0
14,50,0
15,31,0
16,26,0
17,31,0
18,27,0
19,32,0
20,158,0
21,91,0
22,24,0
23,9,0
24,12,0
25,39,0
26,14,0
27,29,0
28,62,0
29,37,0
30,12,0
31,51,0
32,22,0
33,97,0
34,11,0
35,40,0
36,31,0
37,11,0
38,23,0
39,44,0
40,27,0
41,77,0
42,5,0
43,22,0
44,28,0
45,19,0
46,52,0
47,29,0
48,26,0
49,34,0
50,11,0
51,25,0
52,85,0
53,57,0
54,45,0
55,33,0
56,40,0
57,14,0
58,29,0
59,16,0
60,49,0
61,48,0
62,35,0
63,41,0
64,7,0
65,19,0
66,51,0
67,20,0
68,14,0
69,27,0
70,21,0
71,18,0
72,85,0
73,41,0
74,25,0
75,14,0
76,53,0
77,53,0
78,37,0
79,13,0
80,25,0
81,95,0
82,9,0
83,16,0
84,22,0
85,16,0
86,65,0
87,30,0
88,7,0
89,25,0
90,20,0
91,22,0
92,50,0
93,11,0
94,12,0
95,97,0
96,15,0
97,8,0
98,27,0
99,16,0
100,10,0
101,16,0
102,13,0
103,39,0
104,28,0
105,9,0
106,38,0
107,24,0
108,19,0
109,18,0
110,19,0
111,31,0
112,19,0
113,21,0
114,22,0
115,17,0
116,27,0
117,35,0
118,14,0
119,70,0
120,14,0
121,73,0
122,28,0
123,10,0
124,9,0
125,15,0
126,57,0
127,36,0
128,12,0
129,33,0
130,36,0
131,38,0
132,21,0
133,17,0
134,68,0
135,35,0
136,24,0
137,34,0
138,16,0
139,13,0
140,16,0
141,49,0
142,41,0
143,47,0
144,5,0
145,25,0
146,24,0
147,25,0
148,31,0
149,77,0
150,17,0
151,65,0
152,51,0
153,26,0
154,15,0
155,10,0
156,7,0
157,55,0
158,23,0
159,47,0
160,14,0
161,196,0
162,23,0
163,31,0
164,35,0
165,24,0
166,13,0
167,36,0
168,41,0
169,10,0
170,22,0
171,84,0
172,16,0
173,13,0
174,11,0
175,29,0
176,31,0
177,43,0
178,54,0
179,9,0
180,31,0
181,43,0
182,77,0
183,17,0
184,11,0
185,118,0
186,25,0
187,61,0
188,38,0
189,9,0
190,24,0
191,9,0
192,31,0
193,11,0
194,20,0
195,11,0
196,29,0
197,15,0
198,53,0
199,68,0
200,57,0
201,36,0
202,24,0
203,12,0
204,16,0
205,45,0
206,12,0
207,17,0
208,83,0
209,13,0
210,27,0
211,59,0
212,89,0
213,26,0
214,74,0
215,44,0
216,15,0
217,20,0
218,40,0
219,51,0
220,48,0
221,37,0
222,19,0
223,39,0
224,41,0
225,17,0
226,10,0
227,32,0
228,21,0
229,53,0
230,46,0
231,11,0
232,15,0
233,17,0
234,42,0
235,23,0
236,43,0
237,13,0
238,22,0
239,44,0
240,45,0
241,8,0
242,17,0
243,75,0
244,33,0
245,36,0
246,10,0
247,25,0
248,32,0
249,32,0
250,41,0
251,24,0
252,10,0
253,15,0
254,20,0
255,22,0
256,51,0
257,17,0
258,7,0
259,34,0
260,53,0
261,21,0
262,19,0
263,36,0
264,7,0
265,18,0
266,36,0
267,34,0
268,42,0
269,82,0
270,11,0
271,74,0
272,31,0
273,31,0
274,28,0
275,34,0
276,11,0
277,48,0
278,18,0
279,14,0
280,11,0
281,18,0
282,22,0
283,49,0
284,110,0
285,34,0
286,34,0
287,43,0
288,11,0
289,70,0
290,82,0
291,27,0
292,76,0
293,18,0
294,12,0
295,30,0
296,5,0
297,45,0
298,10,0
299,50,0
300,24,0
301,18,0
302,27,0
303,15,0
304,40,0
305,15,0
306,43,0
307,9,0
308,17,0
309,58,0
310,37,0
311,15,0
312,21,0
313,9,0
314,84,0
315,49,0
316,32,0
317,49,0
318,25,0
319,13,0
320,17,0
321,18,0
322,32,0
323,24,0
324,53,0
325,54,0
326,27,0
327,21,0
328,16,0
329,10,0
330,32,0
331,19,0
332,36,0
333,49,0
334,74,0
335,32,0
336,27,0
337,24,0
338,30,0
339,41,0
340,23,0
341,17,0
342,46,0
343,7,0
344,12,0
345,61,0
346,10,0
347,14,0
348,30,0
349,20,0
350,8,0
351,107,0
352,12,0
353,101,0
354,42,0
355,44,0
356,17,0
357,24,0
358,11,0
359,16,0
360,78,0
361,14,0
362,14,0
363,63,0
364,23,0
365,43,0
366,44,0
367,36,0
368,49,0
369,13,0
370,70,0
371,41,0
372,16,0
373,37,0
374,16,0
375,163,0
376,62,0
377,53,0
378,21,0
379,7,0
380,73,0
381,8,0
382,16,0
383,10,0
384,44,0
385,12,0
386,52,0
387,16,0
388,5,0
389,28,0
390,74,0
391,31,0
392,40,0
393,26,0
394,15,0
395,17,0
396,41,0
397,26,0
398,52,0
399,61,0
400,22,0
401,26,0
402,49,0
403,74,0
404,17,0
405,45,0
406,25,0
407,68,0
408,25,0
409,43,0
410,9,0
411,9,0
412,19,0
413,32,0
414,17,0
415,51,0
416,15,0
417,50,0
418,40,0
419,81,0
420,25,0
421,23,0
422,16,0
423,62,0
424,37,0
425,8,0
426,5,0
427,10,0
428,44,0
429,22,0
430,18,0
431,25,0
432,11,0
433,16,0
434,32,0
435,50,0
436,45,0
437,65,0
438,13,0
439,27,0
440,57,0
441,12,0
442,76,0
443,6,0
444,21,0
445,49,0
446,19,0
447,57,0
448,66,0
449,63,0
450,20,0
451,58,0
452,20,0
453,18,0
454,80,0
455,12,0
456,44,0
457,63,0
458,27,0
459,20,0
460,60,0
461,19,0
462,72,0
463,23,0
464,27,0
465,7,0
466,12,0
467,27,0
468,39,0
469,10,0
470,43,0
471,31,0
472,18,0
473,47,0
474,32,0
475,40,0
476,37,0
477,16,0
478,126,0
479,5,0
480,200,0
481,109,0
482,27,0
483,58,0
484,39,0
485,35,0
486,32,0
487,6,0
488,18,0
489,19,0
490,11,0
491,63,0
492,7,0
493,20,0
494,27,0
495,19,0
496,20,0
497,13,0
498,13,0
499,23,0
500,15,0
501,18,0
502,28,0
503,14,0
504,102,0
505,5,0
506,51,0
507,7,0
508,8,0
509,25,0
510,24,0
511,67,0
512,34,0
513,16,0
514,16,0
515,42,0
516,16,0
517,14,0
518,31,0
519,48,0
520,37,0
521,44,0
522,13,0
523,49,0
524,60,0
525,27,0
526,15,0
527,104,0
528,15,0
529,33,0
530,40,0
531,31,0
532,18,0
533,41,0
534,8,0
535,38,0
536,30,0
537,6,0
538,27,0
539,9,0
540,29,0
541,26,0
542,22,0
543,55,0
544,7,0
545,25,0
546,31,0
547,9,0
548,50,0
549,33,0
550,24,0
551,24,0
552,32,0
553,7,0
554,31,0
555,11,0
556,81,0
557,27,0
558,23,0
559,19,0
560,31,0
561,17,0
562,17,0
563,69,0
564,33,0
565,63,0
566,79,0
567,62,0
568,22,0
569,75,0
570,24,0
571,23,0
572,11,0
573,41,0
574,44,0
575,9,0
576,20,0
577,23,0
578,37,0
579,14,0
580,37,0
581,29,0
582,25,0
583,9,0
584,29,0
585,67,0
586,5,0
587,11,0
588,5,0
589,18,0
590,31,0
591,58,0
592,33,0
593,15,0
594,16,0
595,84,0
596,32,0
597,24,0
598,54,0
599,15,0
600,70,0
601,15,0
602,15,0
603,88,0
604,29,0
605,66,0
606,42,0
607,97,0
608,47,0
609,18,0
610,43,0
611,52,0
612,49,0
613,23,0
614,34,0
615,11,0
616,9,0
617,107,0
618,25,0
619,90,0
620,40,0
621,18,0
622,25,0
623,82,0
624,38,0
625,28,0
626,9,0
627,42,0
628,17,0
629,13,0
630,30,0
631,8,0
632,15,0
633,8,0
634,9,0
635,29,0
636,15,0
637,18,0
638,40,0
639,20,0
640,24,0
641,22,0
642,52,0
643,27,0
644,16,0
645,8,0
646,32,0
647,42,0
648,115,0
649,6,0
650,6,0
651,57,0
652,8,0
653,38,0
654,25,0
655,12,0
656,18,0
657,29,0
658,25,0
659,14,0
660,8,0
661,41,0
662,18,0
663,20,0
664,18,0
665,18,0
666,112,0
667,52,0
668,20,0
669,10,0
670,5,0
671,19,0
672,7,0
673,59,0
674,42,0
675,50,0
676,12,0
677,38,0
678,39,0
679,24,0
680,29,0
681,27,0
682,35,0
683,14,0
684,54,0
685,33,0
686,24,0
687,29,0
688,33,0
689,36,0
690,24,0
691,16,0
692,54,0
693,14,0
694,42,0
695,32,0
696,42,0
697,40,0
698,10,0
699,26,0
700,43,0
701,45,0
702,35,0
703,13,0
704,89,0
705,26,0
706,28,0
707,22,0
708,31,0
709,59,0
710,14,0
711,13,0
712,23,0
713,31,0
714,17,0
715,25,0
716,34,0
717,10,0
718,6,0
719,8,0
720,40,0
721,11,0
722,23,0
723,46,0
724,21,0
725,30,0
726,47,0
727,24,0
728,35,0
729,20,0
730,8,0
731,6,0
732,31,0
733,24,0
734,58,0
735,26,0
736,33,0
737,31,0
738,29,0
739,20,0
740,21,0
741,10,0
742,46,0
743,42,0
744,71,0
745,51,0
746,14,0
747,9,0
748,32,0
749,113,0
750,38,0
751,10,0
752,11,0
753,27,0
754,70,0
755,44,0
756,33,0
757,19,0
758,22,0
759,39,0
760,22,0
761,20,0
762,23,0
763,34,0
764,16,0
765,46,0
766,23,0
767,16,0
768,90,0
769,39,0
770,10,0
771,60,0
772,21,0
773,38,0
774,23,0
775,15,0
776,88,0
777,17,0
778,19,0
779,16,0
780,35,0
781,28,0
782,29,0
783,22,0
784,26,0
785,17,0
786,21,0
787,71,0
788,16,0
789,34,0
790,97,0
791,6,0
792,17,0
793,47,0
794,31,0
795,26,0
796,52,0
797,29,0
798,17,0
799,32,0
800,63,0
801,181,0
802,19,0
803,26,0
804,8,0
805,45,0
806,11,0
807,44,0
808,114,0
809,32,0
810,19,0
811,46,0
812,50,0
813,17,0
814,34,0
815,36,0
816,21,0
817,25,0
818,21,0
819,25,0
820,58,0
821,52,0
822,44,0
823,9,0
824,33,0
825,15,0
826,17,0
827,17,0
828,27,0
829,28,0
830,40,0
831,17,0
832,8,0
833,14,0
834,97,0
835,12,0
836,6,0
837,12,0
838,12,0
839,41,0
840,87,0
841,29,0
842,25,0
843,29,0
844,51,0
845,22,0
846,12,0
847,25,0
848,41,0
849,20,0
850,18,0
851,48,0
852,11,0
853,98,0
854,13,0
855,14,0
856,114,0
857,34,0
858,36,0
859,50,0
860,53,0
861,17,0
862,18,0
863,49,0
864,43,0
865,15,0
866,55,0
867,16,0
868,36,0
869,66,0
870,39,0
871,37,0
872,14,0
873,18,0
874,22,0
875,13,0
876,16,0
877,92,0
878,13,0
879,16,0
880,13,0
881,5,0
882,17,0
883,40,0
884,24,0
885,20,0
886,54,0
887,13,0
888,30,0
889,16,0
890,7,0
891,20,0
892,18,0
893,50,0
894,21,0
895,26,0
896,10,0
897,33,0
898,44,0
899,35,0
900,34,0
901,33,0
902,58,0
903,19,0
904,47,0
905,29,0
906,9,0
907,58,0
908,42,0
909,7,0
910,81,0
911,43,0
912,32,0
913,7,0
914,29,0
915,33,0
916,37,0
917,29,0
918,25,0
919,25,0
920,17,0
921,23,0
922,45,0
923,13,0
924,26,0
925,18,0
926,8,0
927,40,0
928,20,0
929,6,0
930,34,0
931,12,0
932,55,0
933,12,0
934,45,0
935,34,0
936,77,0
937,24,0
938,34,0
939,40,0
940,35,0
941,48,0
942,5,0
943,27,0
944,13,0
945,32,0
946,29,0
947,14,0
948,48,0
949,75,0
950,51,0
951,30,0
952,48,0
953,19,0
954,20,0
955,56,0
956,8,0
957,58,0
958,18,0
959,30,0
960,22,0
961,10,0
962,53,0
963,22,0
964,30,0
965,137,0
966,36,0
967,10,0
968,10,0
969,13,0
970,7,0
971,19,0
972,26,0
973,38,0
974,17,0
975,54,0
976,30,0
977,97,0
978,28,0
979,17,0
980,10,0
981,27,0
982,18,0
983,45,0
984,43,0
985,36,0
986,26,0
987,12,0
988,9,0
989,17,0
990,23,0
991,16,0
992,22,0
993,23,0
994,37,0
995,19,0
996,48,0
997,72,0
998,37,0
999,58,0
1000,10,0
1001,53,0
1002,40,0
1003,26,0
1004,56,0
1005,42,0
1006,27,0
1007,76,0
1008,16,0
1009,9,0
1010,14,0
1011,10,0
1012,31,0
1013,20,0
1014,31,0
1015,21,0
1016,28,0
1017,8,0
1018,13,0
1019,53,0
1020,51,0
1021,19,0
1022,77,0
1023,102,0
1024,14,0
1025,44,0
1026,59,0
1027,19,0
1028,64,0
1029,22,0
1030,38,0
1031,20,0
1032,23,0
1033,37,0
1034,26,0
1035,23,0
1036,127,0
1037,36,0
1038,17,0
1039,42,0
1040,11,0
1041,108,0
1042,43,0
1043,16,0
1044,62,0
1045,81,0
1046,36,0
1047,21,0
1048,17,0
1049,75,0
1050,15,0
1051,22,0
1052,25,0
1053,34,0
1054,38,0
1055,7,0
1056,18,0
1057,55,0
1058,17,0
1059,40,0
1060,55,0
1061,13,0
1062,43,0
1063,29,0
1064,17,0
1065,42,0
1066,49,0
1067,34,0
1068,85,0
1069,47,0
1070,28,0
1071,48,0
1072,20,0
1073,19,0
1074,18,0
1075,41,0
1076,14,0
1077,20,0
1078,16,0
1079,86,0
1080,24,0
1081,13,0
1082,15,0
1083,46,0
1084,88,0
1085,15,0
1086,9,0
1087,38,0
1088,13,0
1089,23,0
1090,14,0
1091,33,0
1092,14,0
1093,19,0
1094,13,0
1095,12,0
1096,38,0
1097,46,0
1098,11,0
1099,16,0
1100,41,0
1101,20,0
1102,27,0
1103,50,0
1104,14,0
1105,20,0
1106,34,0
1107,131,0
1108,19,0
1109,39,0
1110,11,0
1111,35,0
1112,193,0
1113,20,0
1114,9,0
1115,8,0
1116,17,0
1117,14,0
1118,47,0
1119,30,0
1120,37,0
1121,20,0
1122,25,0
1123,52,0
1124,16,0
1125,43,0
1126,20,0
1127,8,0
1128,12,0
1129,53,0
1130,18,0
1131,40,0
1132,9,0
1133,17,0
1134,52,0
1135,104,0
1136,27,0
1137,59,0
1138,62,0
1139,29,0
1140,65,0
1141,9,0
1142,18,0
1143,16,0
1144,35,0
1145,38,0
1146,13,0
1147,23,0
1148,12,0
1149,32,0
1150,23,0
1151,20,0
1152,18,0
1153,29,0
1154,12,0
1155,37,0
1156,9,0
1157,13,0
1158,20,0
1159,31,0
1160,27,0
1161,23,0
1162,41,0
1163,16,0
1164,37,0
1165,89,0
1166,12,0
1167,70,0
1168,50,0
1169,29,0
1170,42,0
1171,34,0
1172,27,0
1173,28,0
1174,29,0
1175,11,0
1176,5,0
1177,24,0
1178,29,0
1179,20,0
1180,51,0
1181,9,0
1182,28,0
1183,29,0
1184,49,0
1185,61,0
1186,7,0
1187,18,0
1188,23,0
1189,14,0
1190,33,0
1191,39,0
1192,21,0
1193,33,0
1194,56,0
1195,17,0
1196,14,0
1197,69,0
1198,12,0
1199,8,0
1200,18,0
1201,24,0
1202,14,0
1203,64,0
1204,9,0
1205,62,0
1206,20,0
1207,21,0
1208,26,0
1209,9,0
1210,27,0
1211,48,0
1212,29,0
1213,34,0
1214,13,0
1215,21,0
1216,38,0
1217,22,0
1218,45,0
1219,14,0
1220,55,0
1221,11,0
1222,21,0
1223,18,0
1224,53,0
1225,29,0
1226,34,0
1227,7,0
1228,18,0
1229,16,0
1230,81,0
1231,10,0
1232,63,0
1233,18,0
1234,18,0
1235,11,0
1236,26,0
1237,86,0
1238,23,0
1239,101,0
1240,11,0
1241,33,0
1242,29,0
1243,30,0
1244,14,0
1245,27,0
1246,56,0
1247,78,0
1248,10,0
1249,47,0
1250,60,0
1251,52,0
1252,19,0
1253,45,0
1254,53,0
1255,16,0
1256,20,0
1257,10,0
1258,20,0
1259,45,0
1260,30,0
1261,70,0
1262,11,0
1263,15,0
1264,11,0
1265,117,0
1266,23,0
1267,52,0
1268,20,0
1269,33,0
1270,21,0
1271,27,0
1272,16,0
1273,70,0
1274,55,0
1275,25,0
1276,53,0
1277,47,0
1278,18,0
1279,26,0
1280,22,0
1281,42,0
1282,24,0
1283,13,0
1284,26,0
1285,81,0
1286,18,0
1287,10,0
1288,37,0
1289,13,0
1290,13,0
1291,21,0
1292,53,0
1293,16,0
1294,39,0
1295,36,0
1296,51,0
1297,82,0
1298,27,0
1299,25,0
1300,48,0
1301,15,0
1302,18,0
1303,85,0
1304,23,0
1305,26,0
1306,11,0
1307,29,0
1308,32,0
1309,24,0
1310,95,0
1311,93,0
1312,43,0
1313,31,0
1314,10,0
1315,50,0
1316,10,0
1317,45,0
1318,17,0
1319,16,0
1320,37,0
1321,12,0
1322,45,0
1323,27,0
1324,7,0
1325,20,0
1326,77,0
1327,18,0
1328,18,0
1329,17,0
1330,5,0
1331,35,0
1332,60,0
1333,17,0
1334,106,0
1335,8,0
1336,61,0
1337,45,0
1338,92,0
1339,65,0
1340,14,0
1341,27,0
1342,23,0
1343,62,0
1344,24,0
1345,24,0
1346,15,0
1347,15,0
1348,23,0
1349,11,0
1350,21,0
1351,95,0
1352,34,0
1353,47,0
1354,14,0
1355,15,0
1356,18,0
1357,36,0
1358,123,0
1359,39,0
1360,16,0
1361,18,0
1362,36,0
1363,16,0
1364,6,0
1365,17,0
1366,30,0
1367,41,0
1368,8,0
1369,25,0
1370,23,0
1371,20,0
1372,85,0
1373,22,0
1374,34,0
1375,19,0
1376,24,0
1377,48,0
1378,50,0
1379,13,0
1380,43,0
1381,18,0
1382,14,0
1383,44,0
1384,20,0
1385,29,0
1386,20,0
1387,58,0
1388,43,0
1389,14,0
1390,13,0
1391,62,0
1392,50,0
1393,55,0
1394,48,0
1395,5,0
1396,23,0
1397,23,0
1398,32,0
1399,9,0
1400,17,0
1401,18,0
1402,29,0
1403,25,0
1404,63,0
1405,40,0
1406,23,0
1407,23,0
1408,15,0
1409,81,0
1410,23,0
1411,15,0
1412,54,0
1413,18,0
1414,160,0
1415,9,0
1416,59,0
1417,14,0
1418,7,0
1419,158,0
1420,67,0
1421,52,0
1422,26,0
1423,58,0
1424,40,0
1425,22,0
1426,31,0
1427,10,0
1428,45,0
1429,27,0
1430,46,0
1431,94,0
1432,73,0
1433,23,0
1434,39,0
1435,26,0
1436,13,0
1437,72,0
1438,26,0
1439,45,0
1440,62,0
1441,23,0
1442,11,0
1443,20,0
1444,12,0
1445,23,0
1446,5,0
1447,82,0
1448,12,0
1449,22,0
1450,8,0
1451,13,0
1452,11,0
1453,21,0
1454,21,0
1455,16,0
1456,25,0
1457,73,0
1458,23,0
1459,11,0
1460,24,0
1461,13,0
1462,48,0
1463,16,0
1464,23,0
1465,39,0
1466,43,0
1467,50,0
1468,20,0
1469,44,0
1470,26,0
1471,128,0
1472,41,0
1473,21,0
1474,45,0
1475,46,0
1476,13,0
1477,14,0
1478,15,0
1479,30,0
1480,25,0
1481,15,0
1482,12,0
1483,25,0
1484,24,0
1485,73,0
1486,10,0
1487,36,0
1488,24,0
1489,54,0
1490,9,0
1491,7,0
1492,81,0
1493,19,0
1494,16,0
1495,43,0
1496,29,0
1497,26,0
1498,30,0
1499,8,0
1500,53,0
1501,25,0
1502,17,0
1503,15,0
1504,78,0
1505,87,0
1506,24,0
1507,12,0
1508,44,0
1509,54,0
1510,73,0
1511,14,0
1512,16,0
1513,48,0
1514,30,0
1515,16,0
1516,25,0
1517,30,0
1518,23,0
1519,16,0
1520,22,0
1521,12,0
1522,41,0
1523,18,0
1524,11,0
1525,23,0
1526,19,0
1527,17,0
1528,15,0
1529,78,0
1530,23,0
1531,28,0
1532,14,0
1533,70,0
1534,80,0
1535,6,0
1536,93,0
1537,33,0
1538,67,0
1539,31,0
1540,15,0
1541,73,0
1542,21,0
1543,37,0
1544,31,0
1545,37,0
1546,62,0
1547,9,0
1548,28,0
1549,31,0
1550,46,0
1551,47,0
1552,25,0
1553,23,0
1554,18,0
1555,83,0
1556,81,0
1557,15,0
1558,11,0
1559,11,0
1560,68,0
1561,19,0
1562,9,0
1563,37,0
1564,38,0
1565,49,0
1566,8,0
1567,59,0
1568,69,0
1569,27,0
1570,10,0
1571,30,0
1572,9,0
1573,15,0
1574,21,0
1575,7,0
1576,33,0
1577,24,0
1578,19,0
1579,23,0
1580,26,0
1581,22,0
1582,19,0
1583,16,0
1584,18,0
1585,16,0
1586,26,0
1587,22,0
1588,16,0
1589,23,0
1590,47,0
1591,19,0
1592,12,0
1593,35,0
1594,17,0
1595,16,0
1596,11,0
1597,10,0
1598,20,0
1599,44,0
1600,24,0
1601,15,0
1602,22,0
1603,22,0
1604,34,0
1605,35,0
1606,14,0
1607,11,0
1608,34,0
1609,30,0
1610,12,0
1611,49,0
1612,32,0
1613,65,0
1614,65,0
1615,68,0
1616,24,0
1617,26,0
1618,77,0
1619,64,0
1620,9,0
1621,14,0
1622,137,0
1623,27,0
1624,13,0
1625,8,0
1626,8,0
1627,22,0
1628,21,0
1629,59,0
1630,40,0
1631,12,0
1632,12,0
1633,7,0
1634,12,0
1635,28,0
1636,7,0
1637,28,0
1638,42,0
1639,17,0
1640,24,0
1641,27,0
1642,40,0
1643,20,0
1644,55,0
1645,39,0
1646,24,0
1647,7,0
1648,43,0
1649,14,0
1650,33,0
1651,37,0
1652,23,0
1653,44,0
1654,29,0
1655,8,0
1656,23,0
1657,56,0
1658,37,0
1659,47,0
1660,50,0
1661,35,0
1662,71,0
1663,15,0
1664,42,0
1665,11,0
1666,20,0
1667,54,0
1668,62,0
1669,32,0
1670,55,0
1671,19,0
1672,9,0
1673,35,0
1674,20,0
1675,22,0
1676,18,0
1677,25,0
1678,13,0
1679,12,0
1680,13,0
1681,24,0
1682,21,0
1683,43,0
1684,9,0
1685,95,0
1686,47,0
1687,12,0
1688,36,0
1689,13,0
1690,17,0
1691,53,0
1692,14,0
1693,122,0
1694,19,0
1695,23,0
1696,43,0
1697,37,0
1698,30,0
1699,16,0
1700,62,0
1701,30,0
1702,19,0
1703,63,0
1704,23,0
1705,41,0
1706,20,0
1707,104,0
1708,8,0
1709,43,0
1710,11,0
1711,46,0
1712,42,0
1713,35,0
1714,113,0
1715,12,0
1716,17,0
1717,80,0
1718,15,0
1719,43,0
1720,14,0
1721,55,0
1722,35,0
1723,13,0
1724,14,0
1725,39,0
1726,46,0
1727,32,0
1728,26,0
1729,12,0
1730,45,0
1731,36,0
1732,31,0
1733,53,0
1734,14,0
1735,36,0
1736,10,0
1737,52,0
1738,14,0
1739,67,0
1740,37,0
1741,37,0
1742,20,0
1743,13,0
1744,128,0
1745,36,0
1746,22,0
1747,34,0
1748,9,0
1749,56,0
1750,74,0
1751,5,0
1752,32,0
1753,46,0
1754,55,0
1755,7,0
1756,10,0
1757,15,0
1758,23,0
1759,13,0
1760,44,0
1761,24,0
1762,16,0
1763,13,0
1764,13,0
1765,182,0
1766,19,0
1767,7,0
1768,33,0
1769,80,0
1770,22,0
1771,30,0
1772,36,0
1773,44,0
1774,20,0
1775,17,0
1776,19,0
1777,8,0
1778,51,0
1779,33,0
1780,10,0
1781,32,0
1782,12,0
1783,30,0
1784,83,0
1785,24,0
1786,30,0
1787,17,0
1788,22,0
1789,11,0
1790,40,0
1791,6,0
1792,20,0
1793,33,0
1794,68,0
1795,64,0
1796,53,0
1797,28,0
1798,52,0
1799,22,0
1800,7,0
1801,45,0
1802,61,0
1803,13,0
1804,51,0
1805,24,0
1806,23,0
1807,11,0
1808,5,0
1809,15,0
1810,30,0
1811,65,0
1812,94,0
1813,17,0
1814,31,0
1815,6,0
1816,21,0
1817,12,0
1818,16,0
1819,21,0
1820,24,0
1821,49,0
1822,12,0
1823,40,0
1824,16,0
1825,19,0
1826,63,0
1827,81,0
1828,13,0
1829,36,0
1830,22,0
1831,20,0
1832,40,0
1833,9,0
1834,75,0
1835,17,0
1836,17,0
1837,20,0
1838,38,0
1839,22,0
1840,13,0
1841,21,0
1842,14,0
1843,24,0
1844,34,0
1845,75,0
1846,27,0
1847,12,0
1848,21,0
1849,6,0
1850,97,0
1851,13,0
1852,22,0
1853,20,0
1854,33,0
1855,26,0
1856,41,0
1857,12,0
1858,12,0
1859,37,0
1860,15,0
1861,21,0
1862,37,0
1863,70,0
1864,50,0
1865,19,0
1866,29,0
1867,33,0
1868,47,0
1869,9,0
1870,31,0
1871,51,0
1872,123,0
1873,7,0
1874,190,0
1875,25,0
1876,127,0
1877,24,0
1878,45,0
1879,66,0
1880,71,0
1881,28,0
1882,27,0
1883,16,0
1884,54,0
1885,22,0
1886,12,0
1887,42,0
1888,37,0
1889,18,0
1890,19,0
1891,55,0
1892,30,0
1893,15,0
1894,20,0
1895,12,0
1896,32,0
1897,33,0
1898,59,0
1899,26,0
1900,17,0
1901,17,0
1902,20,0
1903,25,0
1904,28,0
1905,6,0
1906,51,0
1907,21,0
1908,22,0
1909,9,0
1910,17,0
1911,25,0
1912,18,0
1913,13,0
1914,54,0
1915,27,0
1916,39,0
1917,11,0
1918,36,0
1919,48,0
1920,10,0
1921,81,0
1922,116,0
1923,42,0
1924,64,0
1925,17,0
1926,21,0
1927,9,0
1928,23,0
1929,24,0
1930,15,0
1931,48,0
1932,17,0
1933,32,0
1934,16,0
1935,12,0
1936,49,0
1937,28,0
1938,24,0
1939,33,0
1940,18,0
1941,13,0
1942,77,0
1943,31,0
1944,52,0
1945,10,0
1946,6,0
1947,10,0
1948,54,0
1949,21,0
1950,44,0
1951,70,0
1952,13,0
1953,35,0
1954,12,0
1955,24,0
1956,13,0
1957,24,0
1958,64,0
1959,16,0
1960,39,0
1961,25,0
1962,27,0
1963,34,0
1964,108,0
1965,18,0
1966,28,0
1967,86,0
1968,17,0
1969,16,0
1970,16,0
1971,75,0
1972,41,0
1973,25,0
1974,24,0
1975,45,0
1976,25,0
1977,13,0
1978,5,0
1979,20,0
1980,50,0
1981,23,0
1982,24,0
1983,31,0
1984,43,0
1985,57,0
1986,17,0
1987,41,0
1988,22,0
1989,35,0
1990,61,0
1991,91,0
1992,10,0
1993,10,0
1994,25,0
1995,11,0
1996,27,0
1997,33,0
1998,5,0
1999,37,0
2000,44,0
2001,45,0
2002,18,0
2003,55,0
2004,27,0
2005,15,0
2006,77,0
2007,15,0
2008,28,0
2009,32,0
2010,29,0
2011,37,0
2012,18,0
2013,16,0
2014,17,0
2015,15,0
2016,66,0
2017,12,0
2018,70,0
2019,51,0
2020,45,0
2021,17,0
2022,34,0
2023,63,0
2024,19,0
2025,43,0
2026,51,0
2027,9,0
2028,19,0
2029,64,0
2030,23,0
2031,19,0
2032,27,0
2033,8,0
2034,56,0
2035,28,0
2036,68,0
2037,22,0
2038,52,0
2039,30,0
2040,81,0
2041,28,0
2042,21,0
2043,52,0
2044,33,0
2045,37,0
2046,23,0
2047,33,0
2048,11,0
2049,35,0
2050,14,0
2051,61,0
2052,22,0
2053,25,0
2054,19,0
2055,5,0
2056,39,0
2057,54,0
2058,27,0
2059,28,0
2060,11,0
2061,9,0
2062,14,0
2063,21,0
2064,41,0
2065,13,0
2066,17,0
2067,17,0
2068,16,0
2069,41,0
2070,24,0
2071,19,0
2072,101,0
2073,30,0
2074,29,0
2075,29,0
2076,31,0
2077,20,0
2078,27,0
2079,19,0
2080,18,0
2081,103,0
2082,11,0
2083,34,0
2084,25,0
2085,27,0
2086,43,0
2087,29,0
2088,85,0
2089,45,0
2090,114,0
2091,32,0
2092,68,0
2093,11,0
2094,8,0
2095,12,0
2096,6,0
2097,62,0
2098,36,0
2099,45,0
2100,29,0
2101,12,0
2102,56,0
2103,13,0
2104,39,0
2105,13,0
2106,22,0
2107,52,0
2108,55,0
2109,18,0
2110,54,0
2111,12,0
2112,20,0
2113,17,0
2114,52,0
2115,59,0
2116,23,0
2117,41,0
2118,16,0
2119,47,0
2120,27,0
2121,79,0
2122,27,0
2123,35,0
2124,32,0
2125,21,0
2126,57,0
2127,6,0
2128,9,0
2129,38,0
2130,56,0
2131,14,0
2132,22,0
2133,31,0
2134,17,0
2135,17,0
2136,31,0
2137,18,0
2138,35,0
2139,32,0
2140,36,0
2141,24,0
2142,29,0
2143,21,0
2144,10,0
2145,90,0
2146,27,0
2147,62,0
2148,36,0
2149,20,0
2150,9,0
2151,9,0
2152,35,0
2153,13,0
2154,20,0
2155,23,0
2156,50,0
2157,51,0
2158,13,0
2159,85,0
2160,19,0
2161,22,0
2162,11,0
2163,12,0
2164,9,0
2165,50,0
2166,51,0
2167,17,0
2168,34,0
2169,29,0
2170,89,0
2171,19,0
2172,20,0
2173,27,0
2174,22,0
2175,45,0
2176,19,0
2177,29,0
2178,28,0
2179,28,0
2180,35,0
2181,59,0
2182,21,0
2183,34,0
2184,62,0
2185,26,0
2186,9,0
2187,21,0
2188,26,0
2189,49,0
2190,10,0
2191,20,0
2192,34,0
2193,19,0
2194,34,0
2195,8,0
2196,21,0
2197,16,0
2198,47,0
2199,15,0
2200,18,0
2201,39,0
2202,15,0
2203,30,0
2204,102,0
2205,40,0
2206,71,0
2207,24,0
2208,97,0
2209,12,0
2210,78,0
2211,10,0
2212,30,0
2213,13,0
2214,64,0
2215,45,0
2216,54,0
2217,32,0
2218,52,0
2219,10,0
2220,49,0
2221,72,0
2222,10,0
2223,24,0
2224,6,0
2225,31,0
2226,41,0
2227,12,0
2228,18,0
2229,32,0
2230,9,0
2231,20,0
2232,14,0
2233,13,0
2234,72,0
2235,45,0
2236,12,0
2237,34,0
2238,12,0
2239,23,0
2240,96,0
2241,20,0
2242,63,0
2243,11,0
2244,17,0
2245,31,0
2246,15,0
2247,55,0
2248,10,0
2249,27,0
2250,26,0
2251,27,0
2252,77,0
2253,20,0
2254,18,0
2255,11,0
2256,45,0
2257,106,0
2258,67,0
2259,29,0
2260,38,0
2261,14,0
2262,25,0
2263,39,0
2264,18,0
2265,21,0
2266,11,0
2267,10,0
2268,15,0
2269,22,0
2270,38,0
2271,58,0
2272,37,0
2273,29,0
2274,89,0
2275,40,0
2276,21,0
2277,61,0
2278,38,0
2279,32,0
2280,31,0
2281,20,0
2282,17,0
2283,60,0
2284,9,0
2285,75,0
2286,75,0
2287,48,0
2288,48,0
2289,17,0
2290,21,0
2291,37,0
2292,53,0
2293,25,0
2294,13,0
2295,8,0
2296,69,0
2297,91,0
2298,24,0
2299,24,0
2300,35,0
2301,11,0
2302,76,0
2303,19,0
2304,38,0
2305,22,0
2306,17,0
2307,58,0
2308,12,0
2309,52,0
2310,23,0
2311,28,0
2312,29,0
2313,11,0
2314,41,0
2315,40,0
2316,19,0
2317,22,0
2318,61,0
2319,47,0
2320,10,0
2321,73,0
2322,38,0
2323,69,0
2324,13,0
2325,12,0
2326,16,0
2327,20,0
2328,17,0
2329,5,0
2330,49,0
2331,17,0
2332,62,0
2333,18,0
2334,26,0
2335,13,0
2336,45,0
2337,33,0
2338,20,0
2339,8,0
2340,25,0
2341,8,0
2342,14,0
2343,42,0
2344,35,0
2345,9,0
2346,41,0
2347,27,0
2348,65,0
2349,133,0
2350,54,0
2351,17,0
2352,40,0
2353,36,0
2354,17,0
2355,20,0
2356,42,0
2357,16,0
2358,26,0
2359,61,0
2360,16,0
2361,12,0
2362,28,0
2363,10,0
2364,46,0
2365,34,0
2366,64,0
2367,59,0
2368,11,0
2369,19,0
2370,28,0
2371,33,0
2372,13,0
2373,13,0
2374,24,0
2375,29,0
2376,7,0
2377,23,0
2378,42,1
2379,29,0
2380,31,1
2381,88,1
2382,92,1
2383,53,0
2384,64,0
2385,31,0
2386,152,0
2387,54,1
2388,26,0
2389,91,0
2390,51,0
2391,26,0
2392,69,0
2393,190,0
2394,48,0
2395,27,0
2396,47,0
2397,34,0
2398,50,0
2399,43,0
2400,55,0
2401,53,0
2402,45,1
2403,176,0
2404,66,1
2405,46,1
2406,94,1
2407,92,0
2408,43,1
2409,65,1
2410,104,0
2411,145,1
2412,67,1
2413,101,0
2414,66,1
2415,89,1
2416,52,1
2417,69,0
2418,66,1
2419,155,1
2420,111,0
2421,128,1
2422,75,1
2423,67,0
2424,135,1
2425,131,1
2426,136,0
2427,200,0
2428,38,1
2429,40,1
2430,50,1
2431,115,0
2432,47,1
2433,40,1
2434,90,1
2435,86,1
2436,53,1
2437,64,1
2438,98,1
2439,185,1
2440,53,1
2441,110,0
2442,71,1
2443,35,0
2444,60,1
2445,51,1
2446,142,1
2447,20,0
2448,157,1
2449,145,1
2450,59,1
2451,122,1
2452,123,1
2453,23,1
2454,87,1
2455,83,1
2456,29,1
2457,200,0
2458,58,1
2459,42,1
2460,136,0
2461,49,1
2462,94,1
2463,104,0
2464,79,1
2465,30,0
2466,81,1
2467,116,1
2468,61,1
2469,87,1
2470,155,1
2471,72,1
2472,53,1
2473,29,1
2474,200,1
2475,52,1
2476,48,1
2477,110,0
2478,135,1
2479,100,1
2480,113,1
2481,128,1
2482,200,0
2483,40,1
2484,153,0
2485,67,1
2486,94,1
2487,166,1
2488,200,0
2489,173,1
2490,51,1
2491,64,1
2492,112,1
2493,62,1
2494,141,1
2495,49,0
2496,62,1
2497,53,1
2498,80,1
2499,68,1
2500,51,1
2501,200,0
2502,150,1
2503,160,1
2504,36,1
2505,200,0
2506,37,0
2507,37,1
2508,125,1
2509,115,1
2510,131,1
2511,60,1
2512,107,1
2513,39,1
2514,72,1
2515,65,1
2516,103,1
2517,78,1
2518,59,1
2519,80,1
2520,64,1
2521,153,0
2522,54,1
2523,100,1
2524,34,1
2525,166,1
2526,74,1
2527,23,0
2528,34,0
2529,57,1
2530,93,1
2531,116,1
2532,138,1
2533,64,1
2534,55,1
2535,78,1
2536,116,1
2537,114,1
2538,125,1
2539,50,1
2540,178,1
2541,141,1
2542,25,1
2543,68,1
2544,44,1
2545,52,1
2546,92,1
2547,68,1
2548,92,1
2549,90,1
2550,66,0
2551,52,1
2552,120,1
2553,54,1
2554,123,1
2555,47,1
2556,32,1
2557,51,1
2558,47,0
2559,132,1
2560,71,1
2561,140,1
2562,23,1
2563,73,1
2564,64,1
2565,24,1
2566,46,1
2567,103,1
2568,54,1
2569,31,0
2570,39,1
2571,30,1
2572,31,1
2573,34,1
2574,99,1
2575,98,1
2576,200,0
2577,133,1
2578,36,1
2579,34,0
2580,177,1
2581,34,0
2582,91,1
2583,53,1
2584,200,0
2585,81,1
2586,28,1
2587,29,1
2588,107,1
2589,65,1
2590,58,1
2591,86,1
2592,54,1
2593,84,1
2594,28,0
2595,199,1
2596,50,1
2597,200,0
2598,38,1
2599,57,1
2600,77,1
2601,114,1
2602,23,1
2603,55,1
2604,61,1
2605,92,1
2606,113,1
2607,195,1
2608,56,1
2609,174,1
2610,111,1
2611,45,1
2612,76,1
2613,61,1
2614,105,0
2615,81,1
2616,57,0
2617,123,0
2618,135,0
2619,70,1
2620,34,0
2621,200,0
2622,65,1
2623,166,1
2624,54,1
2625,38,0
2626,53,0
2627,37,0
2628,170,1
2629,74,1
2630,66,0
2631,185,1
2632,79,0
2633,45,1
2634,182,1
2635,49,1
2636,22,1
2637,62,1
2638,98,1
2639,57,1
2640,21,0
2641,39,1
2642,81,1
2643,71,1
2644,32,1
2645,41,1
2646,54,1
2647,39,1
2648,85,1
2649,53,1
2650,62,1
2651,116,1
2652,54,0
2653,103,0
2654,88,1
2655,51,1
2656,86,1
2657,99,1
2658,81,0
2659,20,0
2660,94,0
2661,98,1
2662,74,1
2663,64,1
2664,47,1
2665,59,1
2666,79,1
2667,17,0
2668,36,1
2669,62,1
2670,55,0
2671,40,1
2672,58,0
2673,30,0
2674,62,0
2675,42,0
2676,137,0
2677,39,1
2678,85,1
2679,89,1
2680,58,0
2681,91,1
2682,63,1
2683,42,1
2684,61,1
2685,85,1
2686,75,1
2687,41,1
2688,43,1
2689,136,1
2690,29,1
2691,59,1
2692,22,0
2693,125,1
2694,66,1
2695,120,0
2696,87,1
2697,53,1
2698,34,1
2699,78,0
2700,35,1
2701,105,1
2702,30,1
2703,66,0
2704,36,0
2705,40,1
2706,43,0
2707,129,1
2708,65,1
2709,120,1
2710,57,1
2711,38,1
2712,200,0
2713,48,0
2714,40,1
2715,127,1
2716,96,1
2717,78,1
2718,90,1
2719,54,1
2720,200,0
2721,56,1
2722,41,1
2723,43,1
2724,115,1
2725,123,1
2726,90,1
2727,141,1
2728,39,1
2729,174,1
2730,47,1
2731,82,1
2732,114,1
2733,137,1
2734,52,1
2735,90,1
2736,82,1
2737,153,1
2738,27,1
2739,167,1
2740,117,1
2741,107,1
2742,44,1
2743,16,0
2744,43,0
2745,58,1
2746,110,1
2747,200,0
2748,65,1
2749,97,1
2750,200,0
2751,97,1
2752,38,1
2753,43,0
2754,129,1
2755,80,0
2756,53,1
2757,77,1
2758,117,1
2759,110,1
2760,65,1
2761,67,1
2762,147,1
2763,35,1
2764,116,1
2765,111,1
2766,155,1
2767,46,1
2768,174,1
2769,184,1
2770,91,1
2771,61,0
2772,40,0
2773,53,1
2774,142,1
2775,64,0
2776,200,1
2777,79,0
2778,169,1
2779,200,0
2780,200,0
2781,101,1
2782,58,1
2783,100,1
2784,148,1
2785,75,1
2786,90,1
2787,169,1
2788,90,0
2789,114,1
2790,133,1
2791,55,0
2792,56,1
2793,60,1
2794,44,0
2795,200,0
2796,58,1
2797,30,1
2798,59,1
2799,50,0
2800,54,1
2801,55,1
2802,86,0
2803,165,0
2804,68,1
2805,38,0
2806,121,1
2807,47,1
2808,89,1
2809,90,1
2810,75,1
2811,141,0
2812,180,1
2813,60,1
2814,69,0
2815,81,1
2816,128,1
2817,82,1
2818,45,1
2819,54,1
2820,51,1
2821,33,1
2822,112,1
2823,69,0
2824,103,0
2825,28,0
2826,41,1
2827,63,1
2828,24,1
2829,71,1
2830,135,1
2831,56,1
2832,51,0
2833,71,0
2834,94,1
2835,105,1
2836,52,1
2837,50,1
2838,38,1
2839,63,1
2840,138,1
2841,58,1
2842,101,0
2843,48,1
2844,110,1
2845,129,1
2846,79,1
2847,54,1
2848,37,1
2849,127,1
2850,200,0
2851,71,0
2852,65,0
2853,30,1
2854,90,1
2855,60,1
2856,69,1
2857,35,0
2858,54,1
2859,113,1
2860,29,1
2861,120,1
2862,71,1
2863,110,0
2864,61,1
2865,137,1
2866,53,1
2867,39,1
2868,19,0
2869,87,1
2870,81,1
2871,135,1
2872,107,1
2873,112,0
2874,185,1
2875,36,0
2876,63,1
2877,82,1
2878,200,0
2879,80,1
2880,108,1
2881,43,0
2882,39,1
2883,200,0
2884,114,1
2885,64,1
2886,115,1
2887,167,1
2888,47,1
2889,31,0
2890,163,1
2891,110,1
2892,56,1
2893,42,1
2894,48,1
2895,67,1
2896,118,1
2897,59,1
2898,45,1
2899,94,1
2900,45,1
2901,109,0
2902,83,0
2903,80,1
2904,45,1
2905,56,1
2906,151,1
2907,200,0
2908,23,1
2909,11,0
2910,72,1
2911,109,0
2912,59,1
2913,51,1
2914,105,1
2915,82,1
2916,113,1
2917,41,1
2918,64,0
2919,38,1
2920,17,0
2921,88,1
2922,28,0
2923,28,0
2924,52,1
2925,127,1
2926,47,0
2927,70,1
2928,94,1
2929,52,1
2930,14,0
2931,94,1
2932,111,1
2933,111,1
2934,43,0
2935,102,1
2936,47,1
2937,67,1
2938,96,1
2939,183,1
2940,61,1
2941,89,0
2942,85,1
2943,34,1
2944,54,1
2945,32,0
2946,67,1
2947,108,1
2948,76,1
2949,46,1
2950,32,1
2951,176,1
2952,52,1
2953,60,1
2954,99,1
2955,40,0
2956,20,1
2957,74,1
2958,150,1
2959,20,0
2960,68,1
2961,106,1
2962,72,1
2963,40,1
2964,42,1
2965,116,1
2966,47,1
2967,32,1
2968,37,1
2969,147,1
2970,65,1
2971,189,0
2972,62,1
2973,89,1
2974,109,1
2975,94,1
2976,107,1
2977,84,1
2978,58,1
2979,170,1
2980,83,1
2981,134,0
2982,48,1
2983,62,1
2984,102,1
2985,54,1
2986,46,1
2987,45,1
2988,69,1
2989,90,1
2990,80,1
2991,59,1
2992,83,1
2993,44,1
2994,58,1
2995,91,1
2996,112,1
2997,39,1
2998,31,0
2999,115,1
3000,48,1
3001,48,1
3002,136,1
3003,29,1
3004,42,1
3005,83,1
3006,99,1
3007,48,1
3008,99,1
3009,32,0
3010,96,1
3011,37,0
3012,41,0
3013,29,1
3014,74,1
3015,40,1
3016,97,0
3017,62,1
3018,72,1
3019,48,1
3020,180,1
3021,57,1
3022,14,0
3023,89,1
3024,23,0
3025,139,1
3026,101,1
3027,165,1
3028,146,1
3029,86,0
3030,86,1
3031,77,1
3032,190,1
3033,87,1
3034,49,0
3035,78,1
3036,18,0
3037,49,1
3038,79,1
3039,70,1
3040,200,0
3041,142,1
3042,84,1
3043,53,1
3044,44,1
3045,57,1
3046,109,0
3047,138,1
3048,200,0
3049,54,1
3050,66,1
3051,74,1
3052,141,1
3053,16,1
3054,47,1
3055,103,1
3056,54,1
3057,106,1
3058,50,1
3059,72,1
3060,131,0
3061,68,1
3062,122,1
3063,76,1
3064,50,1
3065,75,1
3066,75,1
3067,106,1
3068,97,1
3069,46,1
3070,97,1
3071,66,1
3072,78,1
3073,87,1
3074,86,1
3075,82,0
3076,200,0
3077,145,1
3078,153,1
3079,55,0
3080,90,1
3081,47,1
3082,74,1
3083,24,0
3084,65,0
3085,94,1
3086,54,0
3087,128,1
3088,44,1
3089,35,1
3090,186,0
3091,114,1
3092,200,0
3093,65,1
3094,34,0
3095,49,1
3096,200,0
3097,48,1
3098,126,1
3099,56,1
3100,11,0
3101,185,1
3102,81,1
3103,164,1
3104,40,0
3105,95,0
3106,107,1
3107,113,1
3108,118,1
3109,200,0
3110,35,1
3111,64,1
3112,46,1
3113,47,1
3114,140,1
3115,160,1
3116,56,0
3117,200,0
3118,55,1
3119,66,1
3120,50,1
3121,113,1
3122,50,1
3123,54,1
3124,96,1
3125,57,1
3126,200,0
3127,67,1
3128,33,1
3129,54,1
3130,45,1
3131,78,1
3132,36,1
3133,115,1
3134,41,1
3135,66,1
3136,125,1
3137,50,1
3138,182,1
3139,55,1
3140,89,1
3141,175,1
3142,51,1
3143,200,0
3144,38,1
3145,92,1
3146,111,1
3147,59,1
3148,26,1
3149,101,1
3150,38,1
3151,154,1
3152,61,1
3153,85,1
3154,25,0
3155,40,0
3156,57,1
3157,94,1
3158,81,1
3159,40,1
3160,106,1
3161,58,1
3162,26,1
3163,58,0
3164,12,0
3165,124,1
3166,47,1
3167,132,1
3168,52,1
3169,167,1
3170,32,1
3171,38,1
3172,42,1
3173,100,1
3174,102,1
3175,63,1
3176,45,1
3177,55,0
3178,120,1
3179,35,1
3180,32,1
3181,67,1
3182,104,1
3183,105,1
3184,44,1
3185,38,0
3186,74,1
3187,67,0
3188,78,1
3189,62,1
3190,178,1
3191,107,1
3192,46,1
3193,37,1
3194,48,1
3195,45,1
3196,62,1
3197,200,0
3198,35,1
3199,41,1
3200,73,1
3201,85,1
3202,44,1
3203,62,1
3204,60,1
3205,49,1
3206,103,1
3207,50,0
3208,55,1
3209,81,1
3210,35,1
3211,28,1
3212,110,1
3213,84,1
3214,87,1
3215,75,1
3216,50,1
3217,140,1
3218,36,1
3219,63,1
3220,76,1
3221,60,1
3222,71,1
3223,69,1
3224,131,1
3225,54,0
3226,53,1
3227,43,1
3228,27,0
3229,163,0
3230,75,1
3231,56,1
3232,132,1
3233,65,1
3234,72,1
3235,37,1
3236,50,1
3237,64,1
3238,63,1
3239,44,0
3240,49,1
3241,27,0
3242,149,1
3243,68,1
3244,42,1
3245,97,1
3246,46,1
3247,39,1
3248,102,1
3249,69,1
3250,27,1
3251,30,1
3252,194,1
3253,100,1
3254,100,1
3255,146,1
3256,124,1
3257,31,0
3258,32,1
3259,74,1
3260,70,1
3261,79,1
3262,37,0
3263,141,0
3264,134,1
3265,42,1
3266,58,1
3267,131,1
3268,57,1
3269,50,1
3270,109,1
3271,21,0
3272,16,0
3273,133,1
3274,66,1
3275,110,1
3276,162,1
3277,174,1
3278,64,1
3279,72,1
3280,142,0
3281,89,1
3282,98,1
3283,73,1
3284,108,1
3285,69,0
3286,88,1
3287,50,1
3288,160,1
3289,57,1
3290,65,1
3291,62,1
3292,79,1
3293,80,1
3294,187,1
3295,57,0
3296,90,1
3297,136,0
3298,64,1
3299,47,1
3300,135,1
3301,110,0
3302,29,1
3303,160,1
3304,29,1
3305,53,1
3306,90,0
3307,79,1
3308,79,1
3309,57,1
3310,117,1
3311,48,1
3312,146,1
3313,56,1
3314,67,0
3315,69,1
3316,111,1
3317,53,1
3318,79,1
3319,82,1
3320,123,1
3321,105,1
3322,98,1
3323,56,1
3324,129,1
3325,75,1
3326,72,1
3327,72,1
3328,48,1
3329,84,0
3330,103,1
3331,109,1
3332,168,1
3333,187,1
3334,49,1
3335,69,1
3336,81,1
3337,89,1
3338,73,0
3339,72,1
3340,45,1
3341,36,1
3342,57,1
3343,41,1
3344,88,1
3345,62,1
3346,59,0
3347,56,1
3348,77,1
3349,28,1
3350,58,1
3351,168,1
3352,107,0
3353,82,0
3354,31,0
3355,32,0
3356,27,1
3357,168,1
3358,31,1
3359,73,1
3360,67,1
3361,90,0
3362,137,1
3363,121,1
3364,49,1
3365,44,0
3366,51,1
3367,42,0
3368,107,0
3369,91,1
3370,77,1
3371,99,0
3372,43,1
3373,18,1
3374,106,1
3375,102,1
3376,76,0
3377,42,1
3378,189,1
3379,106,1
3380,20,0
3381,21,0
3382,140,1
3383,103,1
3384,110,1
3385,86,0
3386,70,1
3387,104,1
3388,44,0
3389,186,1
3390,93,1
3391,91,1
3392,52,1
3393,65,1
3394,186,1
3395,109,1
3396,33,0
3397,80,1
3398,28,1
3399,37,1
3400,111,1
3401,114,1
3402,68,0
3403,56,1
3404,181,1
3405,47,1
3406,117,0
3407,200,0
3408,93,0
3409,44,1
3410,46,1
3411,29,0
3412,141,1
3413,168,1
3414,110,1
3415,58,1
3416,51,1
3417,182,1
3418,79,1
3419,108,1
3420,45,0
3421,82,1
3422,77,1
3423,117,1
3424,72,1
3425,200,0
3426,129,0
3427,37,1
3428,63,1
3429,143,1
3430,173,1
3431,106,1
3432,33,1
3433,31,1
3434,62,0
3435,50,1
3436,77,1
3437,39,1
3438,52,0
3439,71,1
3440,72,1
3441,47,1
3442,84,0
3443,124,1
3444,58,0
3445,118,1
3446,73,1
3447,93,1
3448,39,0
3449,62,0
3450,73,1
3451,78,1
3452,43,1
3453,192,1
3454,77,0
3455,156,1
3456,116,1
3457,88,1
3458,69,1
3459,53,1
3460,93,0
3461,70,1
3462,45,1
3463,174,1
3464,48,0
3465,90,1
3466,68,0
3467,38,1
3468,51,1
3469,128,0
3470,32,0
3471,47,1
3472,200,0
3473,66,1
3474,27,0
3475,129,1
3476,57,1
3477,42,1
3478,144,1
3479,119,1
3480,127,1
3481,77,0
3482,101,1
3483,68,1
3484,23,0
3485,77,1
3486,81,1
3487,34,1
3488,103,1
3489,37,0
3490,62,0
3491,50,1
3492,44,1
3493,78,1
3494,32,1
3495,67,1
3496,96,1
3497,27,0
3498,198,0
3499,56,1
3500,73,1
3501,90,1
3502,76,1
3503,51,1
3504,53,1
3505,104,1
3506,44,0
3507,68,1
3508,150,1
3509,52,0
3510,68,1
3511,42,1
3512,30,1
3513,52,1
3514,200,0
3515,90,1
3516,73,1
3517,79,1
3518,127,1
3519,156,1
3520,112,1
3521,52,1
3522,54,1
3523,32,0
3524,74,0
3525,33,1
3526,20,0
3527,74,1
3528,157,1
3529,200,0
3530,24,0
3531,94,1
3532,75,1
3533,33,1
3534,70,1
3535,80,1
3536,77,1
3537,33,0
3538,30,1
3539,60,1
3540,67,1
3541,147,1
3542,88,0
3543,124,1
3544,111,1
3545,38,1
3546,92,0
3547,81,1
3548,20,0
3549,75,1
3550,33,0
3551,54,1
3552,68,1
3553,150,1
3554,44,0
3555,80,1
3556,102,1
3557,58,1
3558,46,1
3559,74,1
3560,55,1
3561,67,1
3562,98,1
3563,125,0
3564,151,0
3565,92,1
3566,142,0
3567,66,0
3568,79,1
3569,69,1
3570,54,1
3571,144,1
3572,111,0
3573,61,1
3574,73,1
3575,44,1
3576,70,1
3577,51,1
3578,59,1
3579,45,1
3580,72,1
3581,29,1
3582,103,1
3583,49,1
3584,52,0
3585,74,1
3586,88,1
3587,92,1
3588,76,1
3589,94,1
3590,106,0
3591,74,1
3592,93,1
3593,46,0
3594,80,1
3595,52,1
3596,34,1
3597,104,1
3598,44,1
3599,86,1
3600,61,1
3601,38,1
3602,90,1
3603,127,1
3604,166,1
3605,100,1
3606,59,1
3607,49,0
3608,57,1
3609,40,1
3610,47,1
3611,53,1
3612,106,1
3613,200,0
3614,41,1
3615,172,1
3616,39,1
3617,104,0
3618,29,0
3619,121,1
3620,45,1
3621,53,0
3622,71,1
3623,165,0
3624,33,1
3625,57,0
3626,200,0
3627,63,1
3628,51,0
3629,60,1
3630,55,1
3631,46,1
3632,120,1
3633,39,0
3634,88,1
3635,81,1
3636,60,1
3637,134,0
3638,114,1
3639,49,1
3640,200,0
3641,43,1
3642,47,1
3643,135,0
3644,106,1
3645,59,1
3646,71,1
3647,81,1
3648,34,0
3649,50,1
3650,169,1
3651,70,0
3652,76,1
3653,76,1
3654,138,1
3655,105,1
3656,30,1
3657,95,1
3658,59,1
3659,111,1
3660,101,1
3661,31,1
3662,149,1
3663,61,1
3664,52,0
3665,91,1
3666,42,1
3667,189,1
3668,65,1
3669,86,1
3670,46,1
3671,41,1
3672,147,1
3673,47,1
3674,126,1
3675,127,1
3676,35,1
3677,54,1
3678,131,1
3679,96,1
3680,79,1
3681,62,1
3682,104,1
3683,176,1
3684,200,0
3685,16,0
3686,43,0
3687,86,1
3688,45,1
3689,200,0
3690,48,1
3691,71,1
3692,101,1
3693,72,1
3694,79,1
3695,131,1
3696,166,0
3697,51,1
3698,48,1
3699,103,1
3700,86,1
3701,79,1
3702,120,1
3703,126,1
3704,62,1
3705,64,1
3706,39,1
3707,66,1
3708,101,1
3709,32,1
3710,65,1
3711,126,1
3712,132,1
3713,41,1
3714,64,1
3715,45,1
3716,130,1
3717,31,1
3718,65,1
3719,79,1
3720,32,1
3721,44,1
3722,54,0
3723,46,1
3724,123,1
3725,61,0
3726,121,1
3727,35,1
3728,52,1
3729,36,1
3730,103,1
3731,83,1
3732,74,1
3733,71,1
3734,80,1
3735,93,1
3736,104,1
3737,24,0
3738,48,1
3739,200,0
3740,60,1
3741,33,1
3742,200,0
3743,76,1
3744,49,1
3745,98,1
3746,49,1
3747,61,1
3748,77,1
3749,131,1
3750,137,1
3751,29,1
3752,36,1
3753,123,0
3754,86,1
3755,78,1
3756,97,0
3757,200,0
3758,94,1
3759,60,1
3760,30,1
3761,31,0
3762,51,1
3763,61,1
3764,63,1
3765,27,1
3766,186,1
3767,32,0
3768,56,0
3769,72,1
3770,70,1
3771,110,1
3772,145,1
3773,61,1
3774,81,1
3775,84,1
3776,58,1
3777,92,1
3778,115,1
3779,52,1
3780,56,1
3781,61,1
3782,47,1
3783,55,1
3784,59,1
3785,200,0
3786,50,1
3787,154,1
3788,82,1
3789,58,1
3790,65,0
3791,200,0
3792,35,1
3793,189,1
3794,86,1
3795,87,1
3796,103,1
3797,62,1
3798,77,1
3799,92,1
3800,200,0
3801,182,1
3802,177,1
3803,46,1
3804,65,1
3805,66,1
3806,69,0
3807,126,1
3808,94,1
3809,48,1
3810,92,0
3811,98,1
3812,36,1
3813,180,1
3814,53,0
3815,92,1
3816,200,0
3817,158,1
3818,44,1
3819,100,1
3820,91,1
3821,29,0
3822,165,1
3823,40,1
3824,111,1
3825,131,1
3826,40,1
3827,75,1
3828,30,1
3829,139,1
3830,173,1
3831,95,1
3832,57,0
3833,21,1
3834,100,1
3835,93,1
3836,112,1
3837,159,1
3838,80,1
3839,147,1
3840,68,1
3841,55,1
3842,59,0
3843,200,0
3844,81,1
3845,56,1
3846,49,1
3847,76,1
3848,75,1
3849,52,1
3850,74,1
3851,96,0
3852,101,1
3853,75,1
3854,94,1
3855,25,0
3856,45,1
3857,88,1
3858,35,1
3859,32,1
3860,35,1
3861,161,0
3862,132,1
3863,48,1
3864,78,1
3865,59,1
3866,69,1
3867,142,1
3868,51,1
3869,53,1
3870,92,1
3871,50,1
3872,161,1
3873,149,1
3874,63,1
3875,139,1
3876,57,1
3877,125,0
3878,55,1
3879,43,0
3880,36,1
3881,96,1
3882,94,1
3883,114,1
3884,200,0
3885,101,1
3886,107,1
3887,61,1
3888,76,1
3889,74,1
3890,13,0
3891,20,0
3892,121,1
3893,98,1
3894,35,1
3895,140,1
3896,77,1
3897,41,1
3898,75,0
3899,46,1
3900,56,0
3901,57,1
3902,41,1
3903,102,0
3904,75,1
3905,184,1
3906,176,1
3907,52,1
3908,139,1
3909,111,1
3910,66,1
3911,121,0
3912,99,1
3913,120,0
3914,49,1
3915,89,1
3916,82,1
3917,35,0
3918,128,1
3919,89,1
3920,54,0
3921,61,1
3922,25,0
3923,121,1
3924,9,0
3925,56,1
3926,70,1
3927,28,1
3928,108,1
3929,55,1
3930,64,1
3931,72,0
3932,31,1
3933,57,1
3934,113,1
3935,113,1
3936,91,1
3937,109,1
3938,114,0
3939,85,1
3940,82,1
3941,72,0
3942,37,1
3943,70,1
3944,60,0
3945,153,0
3946,124,1
3947,49,1
3948,140,1
3949,66,1
3950,48,1
3951,55,1
3952,97,1
3953,47,1
3954,128,1
3955,100,1
3956,107,1
3957,180,1
3958,95,1
3959,38,1
3960,191,0
3961,97,1
3962,89,1
3963,131,1
3964,68,1
3965,55,1
3966,137,0
3967,45,0
3968,84,1
3969,105,1
3970,51,1
3971,80,1
3972,164,1
3973,135,1
3974,78,1
3975,102,1
3976,95,1
3977,85,1
3978,58,1
3979,93,1
3980,200,0
3981,70,1
3982,59,1
3983,61,0
3984,116,1
3985,65,1
3986,49,0
3987,124,1
3988,72,1
3989,87,0
3990,168,1
3991,101,1
3992,71,1
3993,88,1
3994,66,1
3995,48,1
3996,96,1
3997,69,0
3998,123,0
3999,109,0
4000,86,1
4001,57,1
4002,86,1
4003,132,1
4004,118,0
4005,57,1
4006,118,1
4007,41,1
4008,192,1
4009,126,1
4010,200,0
4011,49,1
4012,103,1
4013,167,1
4014,81,0
4015,53,0
4016,82,1
4017,50,1
4018,45,1
4019,37,1
4020,162,1
4021,190,1
4022,138,1
4023,80,1
4024,166,1
4025,126,1
4026,79,1
4027,49,1
4028,62,1
4029,121,1
4030,138,0
4031,86,1
4032,27,0
4033,122,1
4034,46,1
4035,49,1
4036,58,1
4037,128,1
4038,200,0
4039,36,1
4040,141,1
4041,64,0
4042,51,1
4043,200,0
4044,47,0
4045,113,1
4046,40,1
4047,139,1
4048,146,1
4049,59,1
4050,141,1
4051,81,1
4052,15,0
4053,61,1
4054,82,0
4055,43,0
4056,89,1
4057,56,1
4058,88,1
4059,53,0
4060,200,0
4061,131,1
4062,49,1
4063,123,1
4064,39,1
4065,118,1
4066,74,0
4067,200,0
4068,86,1
4069,143,1
4070,200,0
4071,64,1
4072,85,1
4073,126,1
4074,60,1
4075,200,0
4076,54,1
4077,119,1
4078,42,1
4079,78,1
4080,23,0
4081,68,1
4082,92,1
4083,44,0
4084,37,1
4085,113,0
4086,108,1
4087,25,0
4088,73,1
4089,39,0
4090,70,1
4091,129,1
4092,46,1
4093,26,1
4094,53,0
4095,57,1
4096,172,1
4097,64,1
4098,48,0
4099,159,1
4100,49,0
4101,51,1
4102,101,1
4103,41,0
4104,91,1
4105,83,1
4106,36,1
4107,47,1
4108,40,1
4109,65,1
4110,30,1
4111,97,1
4112,86,1
4113,94,1
4114,196,1
4115,52,0
4116,97,1
4117,90,1
4118,83,1
4119,83,1
4120,89,1
4121,200,0
4122,166,0
4123,81,1
4124,55,1
4125,65,1
4126,144,1
4127,101,1
4128,135,1
4129,129,0
4130,65,1
4131,168,0
4132,200,0
4133,35,0
4134,69,1
4135,85,1
4136,29,1
4137,35,1
4138,38,1
4139,112,1
4140,101,0
4141,42,1
4142,48,0
4143,200,0
4144,53,1
4145,63,0
4146,71,1
4147,114,1
4148,91,0
4149,146,1
4150,99,1
4151,64,1
4152,99,1
4153,139,1
4154,200,0
4155,63,1
4156,200,0
4157,51,1
4158,104,1
4159,128,1
4160,120,1
4161,66,1
4162,70,0
4163,179,1
4164,41,1
4165,76,1
4166,22,0
4167,126,0
4168,110,1
4169,174,1
4170,74,1
4171,53,0
4172,115,1
4173,47,1
4174,73,0
4175,66,1
4176,59,1
4177,153,1
4178,64,1
4179,118,1
4180,111,1
4181,51,1
4182,70,1
4183,200,0
4184,48,0
4185,179,1
4186,168,1
4187,50,0
4188,197,1
4189,152,1
4190,29,1
4191,61,1
4192,103,0
4193,94,1
4194,32,1
4195,31,1
4196,76,1
4197,148,1
4198,70,0
4199,20,0
4200,94,1
4201,200,0
4202,41,0
4203,110,1
4204,46,1
4205,70,1
4206,86,1
4207,62,1
4208,106,1
4209,94,1
4210,14,0
4211,51,0
4212,38,1
4213,37,0
4214,57,0
4215,88,1
4216,35,0
4217,93,1
4218,100,1
4219,62,1
4220,119,0
4221,44,1
4222,57,1
4223,63,1
4224,20,0
4225,66,1
4226,200,0
4227,76,0
4228,81,1
4229,30,1
4230,66,1
4231,38,0
4232,81,1
4233,76,1
4234,85,1
4235,35,0
4236,64,0
4237,112,1
4238,40,0
4239,40,0
4240,46,1
4241,25,1
4242,92,1
4243,85,1
4244,34,0
4245,81,1
4246,52,0
4247,52,1
4248,112,1
4249,143,1
4250,194,1
4251,80,1
4252,93,1
4253,56,1
4254,91,1
4255,44,0
4256,67,1
4257,200,0
4258,42,1
4259,53,1
4260,28,1
4261,75,1
4262,76,1
4263,81,1
4264,141,1
4265,50,1
4266,40,0
4267,27,1
4268,19,0
4269,64,1
4270,92,1
4271,41,1
4272,36,1
4273,32,1
4274,46,1
4275,56,1
4276,63,1
4277,32,1
4278,78,1
4279,42,1
4280,23,0
4281,123,1
4282,200,0
4283,29,0
4284,97,1
4285,47,1
4286,79,0
4287,72,1
4288,153,1
4289,24,0
4290,35,1
4291,43,0
4292,51,1
4293,52,1
4294,41,1
4295,52,1
4296,200,0
4297,66,1
4298,160,1
4299,35,1
4300,106,1
4301,56,0
4302,104,1
4303,59,1
4304,89,1
4305,77,1
4306,112,1
4307,132,1
4308,70,1
4309,30,1
4310,175,1
4311,152,1
4312,57,1
4313,134,0
4314,110,1
4315,48,1
4316,61,0
4317,104,1
4318,59,1
4319,108,1
4320,49,0
4321,51,1
4322,19,0
4323,53,1
4324,42,1
4325,41,1
4326,46,1
4327,90,1
4328,80,1
4329,62,1
4330,107,1
4331,20,1
4332,39,1
4333,51,1
4334,44,1
4335,32,1
4336,118,0
4337,53,0
4338,71,1
4339,83,1
4340,67,1
4341,69,1
4342,99,0
4343,114,1
4344,57,1
4345,99,1
4346,45,1
4347,91,1
4348,14,0
4349,110,1
4350,41,1
4351,40,1
4352,41,1
4353,200,0
4354,105,1
4355,71,1
4356,50,1
4357,113,1
4358,68,0
4359,62,1
4360,53,1
4361,50,1
4362,86,1
4363,52,1
4364,96,1
4365,86,1
4366,79,1
4367,67,1
4368,26,1
4369,40,0
4370,80,1
4371,34,0
4372,38,0
4373,32,1
4374,160,1
4375,43,1
4376,116,0
4377,22,0
4378,53,1
4379,62,1
4380,38,1
4381,101,1
4382,60,1
4383,139,0
4384,159,1
4385,36,0
4386,90,1
4387,55,0
4388,42,1
4389,48,0
4390,33,1
4391,178,0
4392,85,1
4393,118,0
4394,40,1
4395,91,1
4396,93,1
4397,58,1
4398,131,1
4399,38,1
4400,82,1
4401,71,1
4402,62,0
4403,45,1
4404,100,1
4405,177,1
4406,18,0
4407,75,1
4408,49,1
4409,64,1
4410,70,1
4411,48,1
4412,41,1
4413,77,1
4414,63,1
4415,74,1
4416,46,1
4417,43,0
4418,56,0
4419,43,1
4420,57,1
4421,80,0
4422,77,1
4423,14,0
4424,57,0
4425,66,1
4426,38,1
4427,89,1
4428,80,1
4429,200,0
4430,41,0
4431,138,1
4432,109,0
4433,50,1
4434,68,1
4435,55,1
4436,79,0
4437,111,0
4438,40,1
4439,100,1
4440,131,1
4441,47,1
4442,14,0
4443,80,0
4444,61,1
4445,61,1
4446,92,1
4447,187,1
4448,80,1
4449,106,0
4450,72,1
4451,21,0
4452,61,1
4453,67,1
4454,61,1
4455,149,1
4456,200,1
4457,47,1
4458,95,1
4459,31,1
4460,49,1
4461,69,1
4462,27,1
4463,126,1
4464,32,1
4465,77,1
4466,46,0
4467,57,1
4468,64,0
4469,61,1
4470,121,1
4471,71,1
4472,54,1
4473,94,1
4474,27,1
4475,67,1
4476,36,1
4477,81,1
4478,36,1
4479,109,0
4480,24,1
4481,74,0
4482,117,1
4483,57,1
4484,175,1
4485,68,1
4486,66,1
4487,86,0
4488,31,0
4489,57,1
4490,184,1
4491,85,1
4492,41,0
4493,32,1
4494,42,1
4495,27,0
4496,169,1
4497,84,1
4498,41,1
4499,96,1
4500,109,1
4501,80,1
4502,55,1
4503,30,1
4504,81,0
4505,109,1
4506,42,1
4507,52,1
4508,41,0
4509,92,1
4510,32,1
4511,51,0
4512,67,0
4513,95,1
4514,36,0
4515,53,1
4516,90,1
4517,44,1
4518,58,0
4519,130,1
4520,54,1
4521,71,1
4522,36,1
4523,29,1
4524,50,1
4525,82,1
4526,112,0
4527,28,1
4528,32,0
4529,51,1
4530,65,1
4531,29,1
4532,97,1
4533,38,0
4534,85,0
4535,35,1
4536,55,1
4537,93,1
4538,79,0
4539,69,1
4540,99,1
4541,126,1
4542,89,1
4543,26,0
4544,34,0
4545,70,0
4546,61,0
4547,56,1
4548,80,1
4549,71,1
4550,31,1
4551,83,1
4552,52,1
4553,52,1
4554,57,1
4555,74,1
4556,104,1
4557,37,1
4558,78,1
4559,99,1
4560,101,1
4561,110,1
4562,75,1
4563,167,1
4564,31,1
4565,200,0
4566,62,0
4567,54,1
4568,48,0
4569,117,1
4570,128,1
4571,31,0
4572,64,0
4573,41,1
4574,41,1
4575,61,1
4576,58,1
4577,86,1
4578,67,0
4579,32,0
4580,192,1
4581,92,1
4582,69,0
4583,61,1
4584,64,1
4585,42,1
4586,34,1
4587,45,1
4588,40,1
4589,76,1
4590,117,1
4591,45,1
4592,75,1
4593,29,0
4594,45,1
4595,117,1
4596,118,0
4597,129,1
4598,37,1
4599,97,1
4600,65,0
4601,45,1
4602,73,0
4603,91,1
4604,47,0
4605,97,0
4606,71,1
4607,94,1
4608,81,1
4609,92,1
4610,64,1
4611,61,1
4612,117,1
4613,200,0
4614,101,1
4615,75,0
4616,51,1
4617,55,1
4618,62,1
4619,68,1
4620,108,1
4621,80,1
4622,48,0
4623,85,1
4624,53,1
4625,58,1
4626,59,1
4627,52,1
4628,64,1
4629,78,1
4630,34,1
4631,79,1
4632,35,0
4633,41,1
4634,50,1
4635,41,1
4636,36,1
4637,69,1
4638,65,1
4639,50,1
4640,55,1
4641,62,1
4642,41,1
4643,69,1
4644,57,1
4645,15,0
4646,42,1
4647,70,1
4648,200,0
4649,75,1
4650,154,0
4651,98,1
4652,131,0
4653,26,1
4654,41,1
4655,27,1
4656,74,1
4657,191,1
4658,29,1
4659,40,0
4660,21,1
4661,68,1
4662,56,1
4663,70,1
4664,43,1
4665,75,1
4666,72,0
4667,54,1
4668,54,0
4669,102,1
4670,83,1
4671,65,1
4672,188,1
4673,112,1
4674,78,0
4675,64,1
4676,159,1
4677,78,1
4678,33,1
4679,33,0
4680,70,0
4681,85,1
4682,95,1
4683,68,1
4684,80,1
4685,57,1
4686,109,0
4687,48,0
4688,56,1
4689,81,0
4690,73,1
4691,133,0
4692,58,1
4693,77,1
4694,61,1
4695,63,1
4696,121,1
4697,114,1
4698,15,0
4699,24,0
4700,88,0
4701,120,1
4702,94,1
4703,48,1
4704,28,1
4705,55,1
4706,200,0
4707,56,1
4708,129,0
4709,53,1
4710,72,0
4711,45,1
4712,49,1
4713,41,1
4714,34,0
4715,56,1
4716,113,1
4717,90,1
4718,41,0
4719,63,1
4720,146,1
4721,200,0
4722,88,1
4723,106,1
4724,48,1
4725,26,0
4726,140,1
4727,44,1
4728,71,1
4729,83,1
4730,130,1
4731,42,0
4732,77,1
4733,39,0
4734,57,1
4735,54,1
4736,28,1
4737,67,1
4738,45,0
4739,164,1
4740,106,1
4741,58,1
4742,92,1
4743,28,0
4744,118,1
4745,84,1
4746,167,1
4747,61,1
4748,54,1
4749,67,1
4750,36,1
4751,24,1
4752,172,1
4753,138,0
4754,76,1
4755,53,1
4756,39,1
4757,32,0
4758,55,1
4759,67,1
4760,116,1
4761,81,1
4762,75,1
4763,30,0
4764,98,1
4765,97,1
4766,89,1
4767,61,1
4768,80,1
4769,39,1
4770,55,1
4771,137,1
4772,90,1
4773,44,1
4774,51,1
4775,47,1
4776,89,1
4777,139,1
4778,137,1
4779,180,1
4780,24,1
4781,28,0
4782,46,1
4783,30,0
4784,165,0
4785,59,1
4786,121,1
4787,70,1
4788,145,1
4789,116,0
4790,99,1
4791,51,1
4792,97,1
4793,39,1
4794,23,1
4795,66,1
4796,17,0
4797,28,1
4798,36,1
4799,30,1
4800,69,0
4801,38,1
4802,56,1
4803,55,1
4804,51,1
4805,86,1
4806,58,1
4807,77,1
4808,89,1
4809,166,1
4810,180,1
4811,132,1
4812,32,0
4813,70,1
4814,32,1
4815,104,1
4816,82,1
4817,43,1
4818,70,1
4819,92,1
4820,79,1
4821,61,1
4822,49,0
4823,20,0
4824,147,1
4825,200,0
4826,46,1
4827,200,0
4828,38,1
4829,192,1
4830,31,1
4831,109,1
4832,50,1
4833,58,1
4834,71,1
4835,200,0
4836,38,0
4837,153,1
4838,105,1
4839,103,1
4840,93,1
4841,77,1
4842,106,1
4843,68,1
4844,142,1
4845,148,1
4846,115,1
4847,198,0
4848,35,0
4849,28,1
4850,87,1
4851,200,0
4852,33,1
4853,42,1
4854,57,1
4855,52,1
4856,56,1
4857,63,1
4858,46,1
4859,78,1
4860,178,1
4861,91,1
4862,48,1
4863,101,1
4864,61,1
4865,37,1
4866,140,1
4867,132,0
4868,122,0
4869,166,1
4870,48,0
4871,190,1
4872,27,0
4873,73,0
4874,44,1
4875,75,1
4876,170,1
4877,64,1
4878,83,1
4879,32,1
4880,96,1
4881,200,0
4882,123,1
4883,47,1
4884,178,1
4885,82,1
4886,66,1
4887,75,1
4888,51,1
4889,78,1
4890,175,1
4891,44,1
4892,139,1
4893,63,1
4894,82,1
4895,51,1
4896,92,1
4897,38,1
4898,189,1
4899,131,1
4900,106,1
4901,160,1
4902,195,1
4903,19,0
4904,70,1
4905,56,1
4906,71,1
4907,27,1
4908,58,0
4909,74,1
4910,104,1
4911,36,1
4912,49,1
4913,105,1
4914,60,1
4915,138,1
4916,37,1
4917,94,0
4918,200,0
4919,97,1
4920,91,1
4921,44,1
4922,38,0
4923,57,1
4924,52,1
4925,87,1
4926,38,1
4927,64,1
4928,63,0
4929,119,1
4930,154,0
4931,59,1
4932,41,1
4933,38,1
4934,113,1
4935,61,1
4936,46,1
4937,21,0
4938,65,0
4939,53,1
4940,87,0
4941,126,1
4942,61,1
4943,56,1
4944,190,1
4945,49,1
4946,40,0
4947,75,1
4948,42,1
4949,105,1
4950,40,1
4951,75,1
4952,48,0
4953,33,1
4954,53,1
4955,119,1
4956,50,1
4957,123,1
4958,194,1
4959,113,1
4960,75,1
4961,126,1
4962,63,1
4963,51,1
4964,95,1
4965,60,1
4966,34,1
4967,35,1
4968,90,1
4969,147,1
4970,75,1
4971,63,1
4972,62,0
4973,94,1
4974,28,1
4975,65,1
4976,97,1
4977,101,1
4978,200,0
4979,48,1
4980,64,1
4981,92,1
4982,188,1
4983,49,1
4984,175,1
4985,129,1
4986,52,1
4987,73,1
4988,125,0
4989,84,1
4990,19,0
4991,45,1
4992,48,1
4993,63,1
4994,35,1
4995,87,1
4996,109,1
4997,64,1
4998,43,1
4999,47,1
5000,48,1
5001,161,1
5002,186,1
5003,81,1
5004,73,1
5005,186,1
5006,116,1
5007,37,1
5008,49,1
5009,40,0
5010,109,1
5011,104,1
5012,52,1
5013,168,1
5014,82,1
5015,68,1
5016,73,1
5017,53,0
5018,66,1
5019,159,1
5020,75,1
5021,121,1
5022,54,1
5023,53,0
5024,57,0
5025,109,0
5026,94,1
5027,71,1
5028,33,1
5029,48,1
5030,123,1
5031,98,1
5032,106,1
5033,74,1
5034,153,0
5035,130,1
5036,83,1
5037,77,1
5038,50,1
5039,103,1
5040,26,1
5041,57,1
5042,80,1
5043,157,1
5044,61,1
5045,57,1
5046,93,1
5047,38,0
5048,200,0
5049,61,1
5050,84,1
5051,48,1
5052,42,0
5053,94,1
5054,17,0
5055,71,1
5056,51,1
5057,200,0
5058,75,1
5059,51,1
5060,88,1
5061,60,1
5062,84,1
5063,61,1
5064,81,1
5065,59,1
5066,140,0
5067,79,1
5068,37,1
5069,44,1
5070,134,1
5071,24,0
5072,15,0
5073,56,1
5074,106,1
5075,96,1
5076,138,1
5077,97,1
5078,119,1
5079,28,1
5080,24,0
5081,102,1
5082,51,1
5083,70,1
5084,88,1
5085,85,1
5086,63,1
5087,89,1
5088,155,1
5089,106,1
5090,30,1
5091,114,1
5092,105,1
5093,182,1
5094,176,1
5095,66,1
5096,46,0
5097,59,1
5098,61,1
5099,44,0
5100,152,1
5101,134,1
5102,76,1
5103,81,1
5104,59,0
5105,45,1
5106,28,1
5107,29,1
5108,160,1
5109,60,1
5110,105,1
5111,114,1
5112,81,1
5113,177,1
5114,123,1
5115,89,1
5116,58,1
5117,174,1
5118,114,1
5119,57,1
5120,61,1
5121,41,1
5122,84,0
5123,55,0
5124,143,1
5125,65,1
5126,89,1
5127,112,1
5128,51,1
5129,65,1
5130,42,1
5131,47,1
5132,117,1
5133,40,1
5134,50,1
5135,158,0
5136,50,1
5137,28,1
5138,43,1
5139,40,1
5140,42,1
5141,21,1
5142,127,1
5143,48,1
5144,68,1
5145,117,1
5146,78,1
5147,101,1
5148,50,1
5149,114,1
5150,83,1
5151,42,1
5152,28,1
5153,45,1
5154,60,1
5155,31,1
5156,54,1
5157,20,0
5158,88,1
5159,71,1
5160,85,1
5161,88,0
5162,77,1
5163,84,0
5164,84,1
5165,147,0
5166,49,1
5167,57,0
5168,37,1
5169,49,1
5170,36,1
5171,31,1
5172,24,0
5173,95,1
5174,170,0
5175,89,1
5176,73,1
5177,47,1
5178,113,1
5179,42,1
5180,43,1
5181,156,1
5182,48,1
5183,167,0
5184,30,1
5185,56,1
5186,62,1
5187,61,0
5188,77,1
5189,63,0
5190,59,1
5191,138,1
5192,81,1
5193,200,0
5194,69,1
5195,59,1
5196,150,1
5197,40,0
5198,77,1
5199,45,1
5200,32,1
5201,84,1
5202,59,0
5203,63,1
5204,43,1
5205,30,1
5206,60,1
5207,43,1
5208,38,1
5209,83,1
5210,37,1
5211,119,1
5212,53,0
5213,47,1
5214,102,0
5215,52,1
5216,62,1
5217,140,1
5218,88,0
5219,64,1
5220,127,1
5221,84,1
5222,44,1
5223,103,1
5224,62,1
5225,113,1
5226,144,1
5227,103,1
5228,29,0
5229,73,1
5230,69,1
5231,98,1
5232,149,1
5233,47,0
5234,143,1
5235,80,1
5236,82,1
5237,46,0
5238,90,1
5239,79,1
5240,92,1
5241,121,1
5242,57,1
5243,50,1
5244,62,1
5245,78,1
5246,56,1
5247,108,1
5248,45,1
5249,66,1
5250,88,1
5251,78,1
5252,41,1
5253,57,1
5254,49,1
5255,40,1
5256,48,1
5257,200,0
5258,84,1
5259,45,1
5260,160,1
5261,35,1
5262,55,1
5263,145,1
5264,63,1
5265,45,1
5266,103,1
5267,58,1
5268,133,1
5269,43,1
5270,137,1
5271,79,1
5272,40,0
5273,181,1
5274,46,1
5275,82,1
5276,83,1
5277,25,1
5278,128,1
5279,28,1
5280,50,1
5281,84,1
5282,42,1
5283,200,0
5284,13,0
5285,200,0
5286,124,1
5287,135,1
5288,92,1
5289,84,1
5290,86,1
5291,119,1
5292,28,1
5293,107,1
5294,70,1
5295,65,1
5296,54,1
5297,103,1
5298,78,1
5299,30,1
5300,130,1
5301,117,1
5302,30,1
5303,149,1
5304,92,0
5305,54,1
5306,110,1
5307,16,0
5308,98,1
5309,31,1
5310,56,1
5311,49,1
5312,100,0
5313,77,0
5314,60,1
5315,129,1
5316,37,1
5317,112,1
5318,142,1
5319,200,0
5320,28,0
5321,50,1
5322,91,0
5323,107,1
5324,70,1
5325,43,1
5326,38,1
5327,197,0
5328,135,1
5329,61,1
5330,197,1
5331,80,1
5332,53,1
5333,24,0
5334,105,1
5335,38,1
5336,34,1
5337,52,1
5338,58,1
5339,50,1
5340,45,1
5341,95,1
5342,156,1
5343,63,1
5344,80,0
5345,96,1
5346,36,1
5347,25,1
5348,43,0
5349,200,0
5350,92,1
5351,64,1
5352,76,1
5353,33,1
5354,140,1
5355,93,1
5356,160,1
5357,90,1
5358,163,1
5359,59,1
5360,81,1
5361,45,1
5362,52,1
5363,200,0
5364,45,1
5365,200,0
5366,84,1
5367,75,1
5368,85,1
5369,11,0
5370,135,1
5371,61,1
5372,74,1
5373,52,1
5374,50,1
5375,75,0
5376,31,0
5377,64,1
5378,94,1
5379,73,1
5380,108,1
5381,160,1
5382,40,1
5383,45,1
5384,101,1
5385,83,1
5386,79,0
5387,37,1
5388,67,1
5389,85,1
5390,67,1
5391,98,1
5392,162,1
5393,77,1
5394,180,1
5395,36,0
5396,50,1
5397,46,1
5398,60,1
5399,166,1
5400,200,0
5401,47,1
5402,74,1
5403,48,1
5404,98,1
5405,194,1
5406,64,0
5407,64,1
5408,79,1
5409,69,0
5410,28,0
5411,89,1
5412,54,1
5413,105,1
5414,34,1
5415,102,1
5416,38,1
5417,107,1
5418,48,1
5419,157,1
5420,52,1
5421,27,1
5422,35,1
5423,70,1
5424,121,0
5425,49,1
5426,52,1
5427,62,1
5428,100,1
5429,194,1
5430,117,1
5431,146,1
5432,200,0
5433,26,0
5434,28,1
5435,135,0
5436,161,1
5437,88,1
5438,69,1
5439,67,1
5440,146,1
5441,61,1
5442,54,1
5443,80,1
5444,161,1
5445,40,1
5446,165,1
5447,36,1
5448,200,0
5449,22,1
5450,33,1
5451,81,1
5452,64,1
5453,200,0
5454,170,1
5455,51,1
5456,70,1
5457,95,1
5458,53,1
5459,62,1
5460,114,1
5461,138,1
5462,30,0
5463,79,0
5464,90,1
5465,82,0
5466,78,1
5467,69,1
5468,72,1
5469,46,1
5470,43,1
5471,72,1
5472,37,1
5473,41,0
5474,103,1
5475,61,1
5476,76,1
5477,33,1
5478,148,1
5479,132,1
5480,104,1
5481,59,0
5482,80,1
5483,75,1
5484,49,1
5485,107,1
5486,63,1
5487,75,1
5488,108,1
5489,42,1
5490,106,1
5491,192,1
5492,113,0
5493,71,1
5494,82,1
5495,58,1
5496,80,1
5497,53,0
5498,58,1
5499,139,1
5500,200,0
5501,188,0
5502,30,1
5503,78,1
5504,140,1
5505,34,1
5506,42,1
5507,79,1
5508,65,0
5509,73,1
5510,143,1
5511,113,1
5512,107,1
5513,45,1
5514,103,1
5515,178,1
5516,77,1
5517,158,1
5518,64,0
5519,74,1
5520,43,1
5521,29,1
5522,141,1
5523,52,1
5524,61,1
5525,52,1
5526,114,1
5527,137,1
5528,69,1
5529,50,1
5530,54,1
5531,71,1
5532,34,1
5533,115,1
5534,28,1
5535,68,1
5536,180,1
5537,176,1
5538,36,0
5539,72,1
5540,56,1
5541,200,0
5542,97,1
5543,42,1
5544,94,1
5545,79,1
5546,50,1
5547,147,1
5548,57,0
5549,14,0
5550,111,1
5551,63,1
5552,73,1
5553,69,1
5554,86,1
5555,61,1
5556,126,1
5557,78,1
5558,39,1
5559,45,1
5560,85,1
5561,158,1
5562,15,0
5563,100,1
5564,112,1
5565,83,1
5566,68,1
5567,66,1
5568,109,1
5569,56,1
5570,107,1
5571,50,1
5572,200,0
5573,41,1
5574,70,1
5575,122,1
5576,137,1
5577,95,1
5578,132,1
5579,23,1
5580,58,1
5581,67,1
5582,63,1
5583,54,1
5584,20,0
5585,154,1
5586,50,1
5587,149,1
5588,22,0
5589,200,0
5590,53,1
5591,41,1
5592,102,1
5593,53,0
5594,114,0
5595,109,1
5596,48,1
5597,89,1
5598,112,1
5599,95,0
5600,40,1
5601,52,1
5602,88,1
5603,142,1
5604,158,0
5605,25,1
5606,55,0
5607,40,1
5608,46,1
5609,30,1
5610,65,0
5611,29,0
5612,93,1
5613,88,1
5614,36,1
5615,82,1
5616,46,0
5617,77,1
5618,71,1
5619,200,0
5620,97,1
5621,48,0
5622,14,0
5623,58,1
5624,87,1
5625,101,1
5626,107,1
5627,136,1
5628,140,1
5629,62,1
5630,78,1
5631,99,1
5632,200,0
5633,102,0
5634,120,1
5635,91,1
5636,46,1
5637,137,1
5638,97,1
5639,61,1
5640,44,1
5641,43,0
5642,103,0
5643,43,1
5644,200,0
5645,66,1
5646,51,0
5647,129,1
5648,69,1
5649,100,1
5650,38,1
5651,72,1
5652,48,1
5653,114,0
5654,47,1
5655,45,1
5656,42,1
5657,67,1
5658,200,0
5659,42,1
5660,62,1
5661,127,1
5662,83,1
5663,125,1
5664,200,0
5665,81,1
5666,83,1
5667,61,1
5668,115,1
5669,133,1
5670,11,0
5671,25,1
5672,93,1
5673,153,0
5674,57,1
5675,39,1
5676,99,1
5677,42,1
5678,100,1
5679,200,0
5680,74,1
5681,74,1
5682,38,1
5683,138,1
5684,200,0
5685,35,1
5686,134,1
5687,200,0
5688,59,1
5689,102,1
5690,33,0
5691,107,1
5692,90,1
5693,56,1
5694,39,1
5695,64,1
5696,107,1
5697,98,1
5698,106,1
5699,118,1
5700,48,1
5701,87,0
5702,88,1
5703,39,1
5704,24,1
5705,104,1
5706,44,0
5707,57,1
5708,193,1
5709,146,1
5710,157,1
5711,99,1
5712,136,1
5713,80,1
5714,131,1
5715,67,1
5716,24,0
5717,106,1
5718,41,1
5719,106,1
5720,54,1
5721,31,0
5722,20,0
5723,37,1
5724,44,1
5725,69,1
5726,89,1
5727,51,1
5728,67,1
5729,70,1
5730,121,1
5731,92,1
5732,52,1
5733,58,1
5734,77,1
5735,66,1
5736,74,1
5737,126,1
5738,47,1
5739,69,1
5740,63,1
5741,27,0
5742,87,1
5743,86,1
5744,56,1
5745,73,1
5746,43,0
5747,50,0
5748,66,1
5749,31,1
5750,68,1
5751,38,1
5752,20,0
5753,86,1
5754,48,1
5755,110,1
5756,56,1
5757,59,1
5758,30,1
5759,36,1
5760,40,1
5761,66,1
5762,103,1
5763,97,1
5764,23,1
5765,67,1
5766,51,1
5767,66,0
5768,72,1
5769,31,1
5770,85,1
5771,49,1
5772,31,1
5773,63,1
5774,137,1
5775,47,1
5776,83,1
5777,84,1
5778,80,1
5779,29,1
5780,63,1
5781,147,1
5782,97,1
5783,71,1
5784,83,0
5785,65,0
5786,155,1
5787,71,1
5788,35,1
5789,139,1
5790,87,1
5791,42,1
5792,40,1
5793,50,1
5794,124,0
5795,153,1
5796,164,0
5797,59,1
5798,127,1
5799,119,1
5800,143,1
5801,107,1
5802,56,0
5803,65,1
5804,60,1
5805,44,0
5806,88,1
5807,91,1
5808,52,1
5809,73,1
5810,90,1
5811,49,1
5812,25,1
5813,40,1
5814,53,1
5815,114,1
5816,29,0
5817,109,1
5818,114,1
5819,53,1
5820,40,1
5821,159,1
5822,21,0
5823,42,1
5824,30,1
5825,91,1
5826,32,1
5827,36,1
5828,94,1
5829,56,1
5830,74,1
5831,89,1
5832,81,1
5833,200,0
5834,72,1
5835,20,0
5836,66,1
5837,67,1
5838,66,0
5839,133,1
5840,71,1
5841,200,0
5842,67,1
5843,44,1
5844,88,1
5845,27,1
5846,68,1
5847,37,1
5848,95,1
5849,160,1
5850,74,1
5851,58,1
5852,51,0
5853,142,1
5854,106,1
5855,49,1
5856,200,1
5857,39,1
5858,112,1
5859,27,1
5860,28,0
5861,89,1
5862,113,0
5863,64,1
5864,174,1
5865,68,1
5866,39,1
5867,34,0
5868,33,1
5869,46,1
5870,31,1
5871,77,1
5872,77,1
5873,78,1
5874,100,1
5875,67,1
5876,69,1
5877,58,1
5878,100,1
5879,129,1
5880,93,1
5881,164,1
5882,131,1
5883,45,1
5884,200,0
5885,92,1
5886,89,1
5887,95,0
5888,68,1
5889,74,1
5890,84,1
5891,48,1
5892,37,1
5893,36,1
5894,141,1
5895,36,1
5896,87,1
5897,69,1
5898,73,1
5899,94,0
5900,61,1
5901,50,1
5902,191,1
5903,175,1
5904,94,1
5905,40,1
5906,49,1
5907,36,1
5908,58,1
5909,69,1
5910,52,1
5911,101,1
5912,36,1
5913,65,1
5914,71,1
5915,32,1
5916,80,1
5917,104,1
5918,47,1
5919,86,1
5920,61,1
5921,54,0
5922,30,1
5923,96,1
5924,95,1
5925,117,1
5926,63,1
5927,125,0
5928,102,1
5929,75,1
5930,58,1
5931,47,1
5932,107,1
5933,35,0
5934,184,1
5935,149,1
5936,39,1
5937,97,1
5938,72,1
5939,100,1
5940,38,1
5941,30,1
5942,190,1
5943,37,1
5944,134,1
5945,140,0
5946,127,1
5947,34,0
5948,99,1
5949,58,1
5950,197,1
5951,57,1
5952,82,1
5953,69,1
5954,59,1
5955,42,1
5956,54,1
5957,59,1
5958,56,1
5959,91,1
5960,41,1
5961,47,1
5962,34,1
5963,39,1
5964,119,0
5965,83,1
5966,58,1
5967,56,1
5968,44,1
5969,81,1
5970,119,1
5971,122,1
5972,103,1
5973,25,1
5974,73,1
5975,86,1
5976,46,0
5977,129,1
5978,65,1
5979,99,1
5980,87,0
5981,121,1
5982,121,1
5983,34,1
5984,27,1
5985,66,1
5986,77,1
5987,98,1
5988,68,1
5989,93,1
5990,113,1
5991,57,1
5992,18,0
5993,139,0
5994,122,1
5995,104,1
5996,62,1
5997,117,1
5998,126,0
5999,112,1
6000,71,1
6001,75,1
6002,104,1
6003,76,1
6004,62,1
6005,124,1
6006,54,1
6007,194,1
6008,49,1
6009,29,1
6010,71,1
6011,53,1
6012,90,0
6013,76,1
6014,43,1
6015,87,1
6016,32,0
6017,39,1
6018,82,0
6019,92,1
6020,29,1
6021,66,1
6022,32,0
6023,57,1
6024,36,1
6025,49,1
6026,53,1
6027,96,1
6028,114,0
6029,200,0
6030,49,1
6031,34,1
6032,81,1
6033,38,1
6034,200,0
6035,48,1
6036,86,1
6037,161,1
6038,57,1
6039,55,0
6040,88,1
6041,102,1
6042,81,1
6043,72,1
6044,45,1
6045,40,1
6046,92,0
6047,76,1
6048,48,1
6049,66,1
6050,24,0
6051,33,0
6052,54,1
6053,140,0
6054,58,1
6055,119,1
6056,48,1
6057,65,1
6058,26,0
6059,100,1
6060,200,0
6061,114,1
6062,115,1
6063,81,1
6064,108,1
6065,50,1
6066,176,1
6067,74,1
6068,72,1
6069,31,1
6070,101,1
6071,102,1
6072,149,1
6073,82,1
6074,50,0
6075,73,1
6076,45,0
6077,169,1
6078,47,1
6079,92,1
6080,62,1
6081,30,1
6082,131,1
6083,34,1
6084,63,1
6085,39,0
6086,111,1
6087,91,1
6088,62,0
6089,103,1
6090,70,1
6091,155,1
6092,61,1
6093,74,1
6094,200,0
6095,132,1
6096,95,0
6097,115,0
6098,69,1
6099,73,1
6100,200,0
6101,50,1
6102,61,0
6103,59,1
6104,90,1
6105,62,1
6106,155,1
6107,37,0
6108,58,1
6109,38,1
6110,107,1
6111,57,1
6112,121,1
6113,33,0
6114,85,1
6115,106,1
6116,62,1
6117,60,0
6118,76,1
6119,37,1
6120,50,1
6121,101,1
6122,44,1
6123,81,1
6124,55,1
6125,200,0
6126,65,0
6127,153,1
6128,136,1
6129,82,1
6130,30,1
6131,61,1
6132,76,1
6133,106,1
6134,39,1
6135,28,0
6136,150,1
6137,73,1
6138,46,1
6139,52,1
6140,132,1
6141,35,1
6142,103,1
6143,33,1
6144,108,1
6145,38,1
6146,53,1
6147,144,1
6148,39,0
6149,111,1
6150,48,1
6151,116,1
6152,51,1
6153,77,1
6154,82,1
6155,51,1
6156,67,1
6157,39,1
6158,78,1
6159,65,1
6160,109,1
6161,87,1
6162,128,1
6163,157,1
6164,143,1
6165,109,1
6166,137,1
6167,158,1
6168,33,1
6169,40,1
6170,154,1
6171,156,1
6172,55,1
6173,40,1
6174,69,1
6175,51,1
6176,43,1
6177,100,1
6178,78,0
6179,48,1
6180,30,1
6181,116,1
6182,106,1
6183,42,1
6184,81,1
6185,92,1
6186,113,1
6187,45,1
6188,90,1
6189,18,0
6190,46,0
6191,47,1
6192,80,1
6193,91,1
6194,49,1
6195,52,1
6196,41,1
6197,27,0
6198,173,1
6199,62,1
6200,156,1
6201,158,1
6202,105,1
6203,26,1
6204,119,1
6205,143,1
6206,96,1
6207,77,1
6208,106,1
6209,84,1
6210,44,1
6211,134,1
6212,34,0
6213,65,1
6214,41,0
6215,39,0
6216,54,1
6217,108,0
6218,66,1
6219,110,1
6220,73,1
6221,196,1
6222,72,1
6223,45,1
6224,44,1
6225,49,1
6226,129,1
6227,67,1
6228,176,0
6229,72,1
6230,126,1
6231,74,1
6232,73,1
6233,35,0
6234,65,1
6235,78,1
6236,54,1
6237,68,1
6238,53,0
6239,168,1
6240,200,0
6241,200,0
6242,155,1
6243,84,1
6244,41,1
6245,93,1
6246,144,1
6247,109,1
6248,70,1
6249,200,0
6250,139,1
6251,105,1
6252,44,1
6253,97,1
6254,82,1
6255,146,1
6256,30,0
6257,200,0
6258,79,1
6259,88,1
6260,83,1
6261,34,1
6262,47,1
6263,124,1
6264,21,0
6265,38,0
6266,100,1
6267,110,1
6268,178,1
6269,42,0
6270,19,0
6271,73,1
6272,200,0
6273,35,1
6274,37,0
6275,109,1
6276,36,1
6277,110,0
6278,38,1
6279,73,1
6280,24,1
6281,200,0
6282,131,1
6283,159,1
6284,46,0
6285,47,1
6286,36,1
6287,176,1
6288,105,1
6289,63,1
6290,170,1
6291,58,1
6292,84,1
6293,78,1
6294,67,1
6295,23,0
6296,66,1
6297,33,1
6298,144,1
6299,155,1
6300,150,1
6301,27,1
6302,66,1
6303,36,0
6304,32,1
6305,15,0
6306,48,1
6307,200,0
6308,66,1
6309,64,1
6310,88,1
6311,101,1
6312,72,1
6313,47,0
6314,100,1
6315,101,1
6316,43,1
6317,39,1
6318,40,1
6319,69,1
6320,116,1
6321,45,1
6322,128,1
6323,155,1
6324,98,1
6325,123,1
6326,52,1
6327,44,1
6328,59,1
6329,138,1
6330,44,1
6331,87,1
6332,93,0
6333,84,1
6334,55,1
6335,61,1
6336,58,1
6337,21,1
6338,48,1
6339,35,1
6340,59,1
6341,23,1
6342,73,1
6343,142,1
6344,45,1
6345,31,1
6346,71,1
6347,36,1
6348,126,0
6349,30,1
6350,54,0
6351,41,1
6352,58,1
6353,43,1
6354,200,0
6355,49,1
6356,61,1
6357,40,1
6358,26,1
6359,67,1
6360,65,1
6361,56,0
6362,53,1
6363,31,0
6364,81,0
6365,149,1
6366,119,0
6367,51,1
6368,142,1
6369,18,1
6370,86,1
6371,50,1
6372,81,1
6373,78,1
6374,53,1
6375,64,1
6376,51,1
6377,72,1
6378,86,1
6379,14,0
6380,200,0
6381,78,1
6382,101,1
6383,99,1
6384,124,1
6385,70,1
6386,111,1
6387,27,1
6388,57,1
6389,51,1
6390,49,1
6391,101,0
6392,80,1
6393,71,1
6394,37,0
6395,57,1
6396,84,1
6397,99,1
6398,54,1
6399,200,0
6400,45,1
6401,185,1
6402,88,1
6403,101,1
6404,105,1
6405,62,1
6406,67,1
6407,132,1
6408,66,1
6409,80,1
6410,162,1
6411,52,1
6412,55,1
6413,79,1
6414,140,0
6415,89,1
6416,113,1
6417,83,1
6418,142,1
6419,92,0
6420,108,1
6421,93,1
6422,46,1
6423,70,1
6424,76,1
6425,95,1
6426,25,0
6427,51,1
6428,128,1
6429,93,1
6430,68,1
6431,101,1
6432,50,1
6433,37,1
6434,139,1
6435,121,1
6436,99,1
6437,58,1
6438,86,1
6439,66,1
6440,14,0
6441,37,1
6442,71,1
6443,87,1
6444,52,1
6445,58,1
6446,42,1
6447,46,1
6448,96,1
6449,82,1
6450,79,1
6451,40,1
6452,141,1
6453,60,1
6454,64,1
6455,103,1
6456,89,1
6457,102,1
6458,49,1
6459,69,0
6460,30,1
6461,184,1
6462,161,1
6463,53,1
6464,49,1
6465,113,1
6466,60,1
6467,141,1
6468,30,1
6469,103,1
6470,82,1
6471,55,1
6472,62,1
6473,95,1
6474,163,1
6475,68,1
6476,54,0
6477,122,1
6478,40,1
6479,64,1
6480,101,1
6481,60,0
6482,56,1
6483,40,1
6484,191,1
6485,200,0
6486,92,1
6487,146,1
6488,94,1
6489,83,1
6490,31,1
6491,92,1
6492,54,1
6493,44,1
6494,114,1
6495,15,0
6496,30,1
6497,51,1
6498,61,1
6499,92,1
6500,156,1
6501,67,1
6502,79,1
6503,110,1
6504,36,1
6505,37,1
6506,185,1
6507,63,1
6508,82,1
6509,34,1
6510,129,1
6511,17,1
6512,86,1
6513,54,1
6514,100,1
6515,74,1
6516,124,1
6517,39,0
6518,108,1
6519,63,1
6520,49,1
6521,43,1
6522,59,1
6523,102,1
6524,125,1
6525,64,0
6526,78,1
6527,33,1
6528,141,1
6529,200,0
6530,59,1
6531,88,1
6532,59,1
6533,184,1
6534,34,1
6535,113,1
6536,59,1
6537,177,1
6538,112,0
6539,90,1
6540,76,1
6541,81,1
6542,39,1
6543,81,1
6544,90,1
6545,95,0
6546,60,1
6547,97,1
6548,60,1
6549,100,1
6550,191,1
6551,128,1
6552,80,1
6553,101,1
6554,128,1
6555,97,1
6556,110,1
6557,56,1
6558,60,1
6559,117,1
6560,27,0
6561,37,1
6562,98,1
6563,42,1
6564,133,1
6565,43,1
6566,58,1
6567,131,1
6568,159,1
6569,121,1
6570,68,1
6571,46,1
6572,200,0
6573,63,1
6574,139,1
6575,52,1
6576,200,0
6577,72,0
6578,84,1
6579,75,1
6580,68,1
6581,124,1
6582,26,0
6583,91,1
6584,43,0
6585,51,1
6586,50,0
6587,93,1
6588,129,1
6589,112,1
6590,118,1
6591,130,1
6592,65,1
6593,26,1
6594,82,1
6595,88,1
6596,39,1
6597,139,1
6598,52,1
6599,51,1
6600,116,1
6601,75,1
6602,37,1
6603,23,1
6604,70,1
6605,66,1
6606,103,1
6607,63,1
6608,56,1
6609,67,1
6610,164,1
6611,74,1
6612,162,1
6613,32,1
6614,40,1
6615,135,1
6616,63,1
6617,50,1
6618,74,1
6619,106,1
6620,99,1
6621,34,1
6622,132,1
6623,105,1
6624,48,0
6625,111,1
6626,79,1
6627,66,1
6628,50,1
6629,32,0
6630,55,1
6631,82,1
6632,70,1
6633,152,1
6634,56,1
6635,155,1
6636,33,0
6637,150,0
6638,35,1
6639,23,0
6640,81,1
6641,93,1
6642,69,1
6643,31,1
6644,65,1
6645,49,1
6646,147,1
6647,200,0
6648,81,1
6649,190,1
6650,84,1
6651,51,0
6652,178,1
6653,43,1
6654,56,1
6655,200,0
6656,73,1
6657,44,1
6658,37,1
6659,90,1
6660,61,1
6661,57,1
6662,57,1
6663,45,1
6664,153,0
6665,58,1
6666,107,0
6667,109,1
6668,59,1
6669,87,1
6670,38,1
6671,89,0
6672,66,1
6673,59,1
6674,131,1
6675,36,1
6676,66,1
6677,144,1
6678,70,1
6679,57,1
6680,80,1
6681,82,1
6682,43,1
6683,90,1
6684,77,1
6685,80,1
6686,110,1
6687,55,1
6688,36,1
6689,193,1
6690,175,1
6691,76,1
6692,53,1
6693,168,1
6694,73,1
6695,74,1
6696,200,0
6697,200,0
6698,115,1
6699,46,1
6700,95,1
6701,65,1
6702,200,0
6703,100,1
6704,148,1
6705,41,1
6706,57,1
6707,48,1
6708,188,0
6709,51,1
6710,71,0
6711,195,1
6712,177,1
6713,61,1
6714,89,1
6715,108,1
6716,33,1
6717,36,0
6718,148,1
6719,56,0
6720,63,1
6721,74,1
6722,84,1
6723,43,1
6724,27,0
6725,48,1
6726,117,1
6727,176,1
6728,172,1
6729,57,1
6730,25,1
6731,71,1
6732,52,1
6733,49,1
6734,126,0
6735,110,1
6736,63,0
6737,40,1
6738,73,0
6739,59,1
6740,31,1
6741,82,1
6742,190,1
6743,114,1
6744,113,1
6745,88,1
6746,119,1
6747,60,1
6748,123,1
6749,53,1
6750,34,0
6751,62,1
6752,151,1
6753,124,1
6754,48,1
6755,19,0
6756,73,1
6757,115,1
6758,50,1
6759,53,1
6760,42,1
6761,42,1
6762,59,0
6763,200,0
6764,63,1
6765,28,1
6766,108,1
6767,78,1
6768,56,1
6769,106,1
6770,160,1
6771,89,1
6772,138,0
6773,113,1
6774,88,1
6775,92,0
6776,56,1
6777,82,1
6778,28,0
6779,200,0
6780,41,1
6781,135,1
6782,66,1
6783,55,1
6784,136,1
6785,161,0
6786,116,1
6787,97,1
6788,39,0
6789,28,1
6790,55,1
6791,152,1
6792,52,1
6793,109,1
6794,72,1
6795,39,1
6796,155,1
6797,78,1
6798,66,1
6799,135,1
6800,109,1
6801,117,0
6802,51,1
6803,35,0
6804,155,1
6805,62,1
6806,26,1
6807,97,1
6808,44,1
6809,64,1
6810,193,1
6811,52,1
6812,87,1
6813,13,0
6814,61,1
6815,64,1
6816,73,1
6817,65,1
6818,32,1
6819,182,1
6820,73,1
6821,75,0
6822,103,1
6823,200,0
6824,52,1
6825,100,1
6826,95,1
6827,186,1
6828,64,1
6829,105,1
6830,71,1
6831,55,1
6832,59,1
6833,57,1
6834,57,1
6835,75,0
6836,51,1
6837,200,0
6838,44,0
6839,36,1
6840,180,1
6841,85,1
6842,155,1
6843,42,1
6844,125,1
6845,87,1
6846,83,1
6847,81,1
6848,21,1
6849,27,0
6850,55,1
6851,59,1
6852,200,0
6853,109,0
6854,46,1
6855,53,0
6856,113,1
6857,155,1
6858,108,1
6859,155,1
6860,73,1
6861,49,0
6862,121,1
6863,28,0
6864,42,1
6865,130,0
6866,51,0
6867,36,1
6868,121,1
6869,50,0
6870,55,1
6871,54,1
6872,93,1
6873,107,1
6874,71,0
6875,39,1
6876,169,1
6877,58,1
6878,105,1
6879,77,1
6880,142,1
6881,118,0
6882,107,1
6883,114,1
6884,12,0
6885,124,1
6886,69,1
6887,115,1
6888,54,0
6889,74,1
6890,143,1
6891,182,0
6892,71,1
6893,110,1
6894,103,1
6895,76,0
6896,200,0
6897,76,1
6898,125,1
6899,174,1
6900,62,1
6901,65,1
6902,41,0
6903,97,1
6904,41,1
6905,167,1
6906,65,1
6907,85,1
6908,26,1
6909,84,1
6910,79,1
6911,103,0
6912,53,0
6913,179,1
6914,42,1
6915,64,0
6916,119,1
6917,42,1
6918,200,0
6919,36,1
6920,122,1
6921,29,1
6922,122,1
6923,57,1
6924,56,1
6925,111,1
6926,100,1
6927,127,1
6928,32,1
6929,41,0
6930,106,1
6931,35,1
6932,92,1
6933,101,1
6934,47,1
6935,112,1
6936,59,1
6937,129,1
6938,89,0
6939,199,1
6940,157,1
6941,72,1
6942,84,1
6943,74,0
6944,13,0
6945,83,1
6946,52,1
6947,101,0
6948,101,1
6949,83,1
6950,94,1
6951,142,1
6952,124,1
6953,101,0
6954,65,1
6955,127,1
6956,95,1
6957,55,1
6958,96,0
6959,200,0
6960,148,1
6961,115,1
6962,76,1
6963,82,1
6964,40,1
6965,73,1
6966,66,1
6967,42,1
6968,52,1
6969,192,1
6970,51,1
6971,75,1
6972,153,1
6973,95,1
6974,84,1
6975,111,1
6976,37,1
6977,55,1
6978,99,1
6979,47,1
6980,125,1
6981,52,1
6982,71,0
6983,79,1
6984,30,1
6985,119,1
6986,127,1
6987,33,1
6988,25,1
6989,152,1
6990,200,0
6991,26,0
6992,148,1
6993,40,1
6994,71,1
6995,87,1
6996,88,1
6997,36,1
6998,75,1
6999,78,1
7000,144,1
7001,135,1
7002,49,1
7003,94,1
7004,42,1
7005,55,1
7006,108,1
7007,130,0
7008,69,1
7009,200,0
7010,42,1
7011,117,0
7012,92,1
7013,63,1
7014,42,1
7015,103,1
7016,162,1
7017,38,1
7018,121,1
7019,74,1
7020,166,0
7021,123,1
7022,76,1
7023,52,1
7024,60,1
7025,90,1
7026,78,1
7027,60,0
7028,25,1
7029,11,0
7030,67,1
7031,89,1
7032,130,1
7033,44,1
7034,31,0
7035,55,1
7036,76,1
7037,69,0
7038,17,1
7039,84,1
7040,119,1
7041,60,1
7042,37,1
7043,78,1
7044,62,1
7045,71,1
7046,45,1
7047,66,1
7048,38,1
7049,85,1
7050,83,1
7051,63,1
7052,143,1
7053,88,0
7054,54,1
7055,125,1
7056,55,1
7057,47,0
7058,143,1
7059,140,1
7060,23,1
7061,66,0
7062,34,1
7063,200,0
7064,35,0
7065,42,1
7066,49,0
7067,76,1
7068,44,1
7069,92,1
7070,92,1
7071,129,1
7072,200,0
7073,56,0
7074,72,1
7075,113,1
7076,109,1
7077,200,0
7078,76,0
7079,54,1
7080,78,1
7081,78,1
7082,80,1
7083,55,1
7084,31,1
7085,67,0
7086,96,1
7087,52,1
7088,44,0
7089,60,1
7090,127,1
7091,73,1
7092,98,1
7093,121,1
7094,76,0
7095,173,1
7096,39,1
7097,200,0
7098,28,0
7099,97,1
7100,180,1
7101,35,1
7102,120,1
7103,44,1
7104,200,0
7105,109,1
7106,59,1
7107,170,1
7108,59,1
7109,86,1
7110,41,1
7111,39,1
7112,142,1
7113,37,1
7114,69,1
7115,78,0
7116,72,1
7117,60,1
7118,77,1
7119,127,1
7120,35,1
7121,49,1
7122,14,0
7123,44,1
7124,93,1
7125,169,1
7126,35,0
7127,73,1
7128,26,1
7129,28,1
7130,92,1
7131,158,1
7132,93,1
7133,63,1
7134,88,0
7135,63,1
7136,96,1
7137,27,1
7138,68,1
7139,103,1
7140,76,1
7141,82,1
7142,200,0
7143,113,1
7144,185,1
7145,171,1
7146,23,1
7147,38,1
7148,50,0
7149,56,1
7150,28,1
7151,78,1
7152,32,1
7153,11,0
7154,200,0
7155,31,0
7156,74,1
7157,27,0
7158,83,1
7159,29,1
7160,77,1
7161,70,1
7162,153,1
7163,172,1
7164,102,1
7165,34,1
7166,170,1
7167,92,1
7168,135,1
7169,21,1
7170,55,0
7171,35,1
7172,138,1
7173,48,0
7174,35,1
7175,149,1
7176,41,1
7177,32,1
7178,113,1
7179,200,0
7180,200,0
7181,112,1
7182,76,0
7183,96,1
7184,144,1
7185,155,1
7186,86,1
7187,98,1
7188,110,0
7189,68,1
7190,73,1
7191,50,1
7192,21,0
7193,85,1
7194,89,1
7195,80,1
7196,116,1
7197,50,1
7198,19,0
7199,70,1
7200,48,1
7201,64,0
7202,38,1
7203,50,1
7204,25,0
7205,122,1
7206,89,1
7207,11,0
7208,88,1
7209,69,1
7210,27,1
7211,33,1
7212,42,0
7213,35,0
7214,53,1
7215,99,1
7216,39,1
7217,87,1
7218,54,1
7219,57,1
7220,44,1
7221,36,0
7222,148,1
7223,36,1
7224,21,0
7225,51,0
7226,63,1
7227,47,1
7228,90,0
7229,92,1
7230,57,1
7231,78,0
7232,122,0
7233,116,1
7234,52,1
7235,70,1
7236,44,1
7237,60,1
7238,66,1
7239,117,1
7240,173,1
7241,138,1
7242,40,0
7243,90,1
7244,77,1
7245,108,1
7246,20,0
7247,37,1
7248,72,1
7249,50,1
7250,21,0
7251,76,0
7252,72,1
7253,38,0
7254,38,1
7255,59,1
7256,82,1
7257,63,1
7258,116,1
7259,54,1
7260,14,0
7261,69,1
7262,66,1
7263,56,1
7264,52,1
7265,59,1
7266,102,1
7267,198,1
7268,155,1
7269,18,0
7270,80,1
7271,52,0
7272,89,1
7273,79,1
7274,117,1
7275,63,1
7276,81,1
7277,62,1
7278,34,1
7279,28,0
7280,44,1
7281,63,1
7282,14,0
7283,101,1
7284,138,1
7285,88,1
7286,89,1
7287,86,1
7288,20,0
7289,58,0
7290,111,1
7291,66,1
7292,55,1
7293,150,1
7294,83,1
7295,32,1
7296,70,1
7297,43,0
7298,77,1
7299,59,1
7300,83,1
7301,70,1
7302,72,1
7303,175,1
7304,90,1
7305,70,1
7306,68,1
7307,62,1
7308,27,1
7309,128,1
7310,118,1
7311,39,1
7312,144,1
7313,192,1
7314,22,0
7315,44,1
7316,40,1
7317,68,1
7318,73,1
7319,25,0
7320,56,1
7321,31,1
7322,56,1
7323,115,1
7324,67,0
7325,82,1
7326,72,1
7327,67,1
7328,76,1
7329,35,1
7330,120,1
7331,68,1
7332,76,1
7333,38,1
7334,64,1
7335,64,1
7336,34,1
7337,95,1
7338,39,1
7339,61,1
7340,37,0
7341,137,1
7342,171,1
7343,195,1
7344,60,1
7345,71,1
7346,40,1
7347,27,1
7348,90,1
7349,69,0
7350,85,1
7351,21,1
7352,54,0
7353,40,1
7354,67,1
7355,60,1
7356,36,1
7357,16,0
7358,103,1
7359,37,0
7360,77,1
7361,52,1
7362,129,1
7363,69,1
7364,36,0
7365,42,0
7366,72,1
7367,42,1
7368,135,1
7369,59,1
7370,109,1
7371,103,1
7372,97,1
7373,55,1
7374,89,1
7375,78,1
7376,71,1
7377,63,1
7378,22,0
7379,40,1
7380,84,0
7381,137,1
7382,38,1
7383,52,1
7384,72,1
7385,51,1
7386,71,1
7387,182,1
7388,56,1
7389,91,1
7390,23,1
7391,61,1
7392,24,0
7393,67,1
7394,71,1
7395,43,1
7396,75,1
7397,43,1
7398,161,1
7399,43,0
7400,98,1
7401,64,1
7402,42,1
7403,64,1
7404,57,0
7405,51,1
7406,56,1
7407,88,1
7408,175,1
7409,37,1
7410,136,1
7411,31,1
7412,118,1
7413,23,1
7414,193,1
7415,21,1
7416,47,1
7417,36,1
7418,92,1
7419,109,0
7420,44,1
7421,59,1
7422,61,1
7423,107,1
7424,78,1
7425,199,1
7426,46,0
7427,88,1
7428,29,1
7429,79,1
7430,71,1
7431,34,1
7432,37,1
7433,119,1
7434,50,1
7435,121,1
7436,38,0
7437,101,1
7438,79,1
7439,40,1
7440,152,1
7441,53,1
7442,93,0
7443,50,0
7444,83,1
7445,78,1
7446,74,1
7447,54,0
7448,57,1
7449,68,0
7450,183,1
7451,76,1
7452,45,1
7453,65,0
7454,51,1
7455,53,1
7456,29,1
7457,200,0
7458,47,1
7459,87,1
7460,52,1
7461,45,1
7462,13,0
7463,44,1
7464,37,1
7465,46,1
7466,27,1
7467,126,1
7468,148,0
7469,49,1
7470,42,1
7471,200,0
7472,200,0
7473,90,0
7474,173,1
7475,71,1
7476,45,1
7477,135,1
7478,97,1
7479,32,1
7480,30,1
7481,111,1
7482,124,1
7483,59,1
7484,50,1
7485,63,0
7486,112,1
7487,27,0
7488,66,1
7489,112,1
7490,81,1
7491,43,1
7492,143,1
7493,141,1
7494,28,1
7495,121,1
7496,51,1
7497,66,1
7498,119,1
7499,79,1
7500,64,1
7501,149,1
7502,200,0
7503,54,1
7504,80,1
7505,29,0
7506,83,1
7507,53,1
7508,31,1
7509,49,1
7510,41,1
7511,88,1
7512,46,1
7513,57,1
7514,36,1
7515,66,1
7516,44,1
7517,173,1
7518,55,1
7519,48,1
7520,99,0
7521,200,1
7522,117,1
7523,87,1
7524,127,1
7525,68,1
7526,149,1
7527,118,1
7528,116,1
7529,149,1
7530,60,1
7531,51,1
7532,101,1
7533,55,1
7534,47,1
7535,26,1
7536,77,1
7537,157,1
7538,88,1
7539,27,0
7540,48,1
7541,64,1
7542,160,1
7543,74,1
7544,200,0
7545,68,1
7546,33,1
7547,200,0
7548,132,1
7549,49,1
7550,59,1
7551,141,1
7552,147,1
7553,51,1
7554,46,1
7555,27,0
7556,54,1
7557,144,1
7558,66,1
7559,35,1
7560,29,0
7561,49,1
7562,71,0
7563,186,1
7564,130,1
7565,126,1
7566,87,1
7567,94,1
7568,46,1
7569,102,1
7570,125,1
7571,127,1
7572,37,1
7573,96,1
7574,112,1
7575,103,0
7576,55,1
7577,81,1
7578,135,1
7579,52,1
7580,62,1
7581,107,1
7582,32,1
7583,31,0
7584,96,1
7585,31,0
7586,50,1
7587,155,1
7588,66,0
7589,74,1
7590,95,1
7591,81,1
7592,83,0
7593,46,1
7594,172,0
7595,109,1
7596,95,1
7597,200,0
7598,105,1
7599,95,1
7600,102,1
7601,41,1
7602,127,1
7603,94,1
7604,126,1
7605,124,1
7606,119,1
7607,107,1
7608,116,1
7609,67,1
7610,115,0
7611,74,0
7612,100,1
7613,126,1
7614,59,1
7615,123,1
7616,44,1
7617,117,1
7618,148,1
7619,52,1
7620,38,1
7621,41,1
7622,48,1
7623,89,1
7624,56,1
7625,67,1
7626,169,1
7627,20,0
7628,96,1
7629,39,1
7630,58,1
7631,133,1
7632,27,1
7633,48,1
7634,55,1
7635,75,1
7636,68,1
7637,53,1
7638,200,0
7639,43,1
7640,34,1
7641,155,0
7642,52,1
7643,64,0
7644,67,1
7645,83,0
7646,58,1
7647,43,1
7648,106,1
7649,52,1
7650,64,1
7651,44,1
7652,79,0
7653,43,1
7654,107,1
7655,70,1
7656,78,1
7657,105,1
7658,82,1
7659,103,1
7660,92,1
7661,32,1
7662,51,1
7663,53,1
7664,47,1
7665,36,1
7666,60,0
7667,51,1
7668,84,1
7669,151,1
7670,83,1
7671,39,1
7672,25,0
7673,200,0
7674,85,1
7675,42,1
7676,68,1
7677,48,1
7678,71,1
7679,75,0
7680,120,1
7681,49,1
7682,85,1
7683,35,0
7684,200,0
7685,95,1
7686,76,1
7687,60,1
7688,167,1
7689,82,1
7690,118,1
7691,34,0
7692,30,1
7693,82,1
7694,169,1
7695,28,1
7696,51,1
7697,34,1
7698,55,1
7699,68,1
7700,145,1
7701,114,1
7702,50,0
7703,88,1
7704,157,1
7705,131,1
7706,32,1
7707,24,0
7708,85,1
7709,50,1
7710,85,1
7711,66,1
7712,200,0
7713,54,1
7714,176,1
7715,122,0
7716,92,1
7717,66,1
7718,93,1
7719,56,0
7720,115,1
7721,50,1
7722,50,1
7723,103,1
7724,54,1
7725,41,1
7726,145,1
7727,82,1
7728,32,0
7729,9,0
7730,52,1
7731,83,1
7732,107,1
7733,102,1
7734,60,1
7735,38,1
7736,51,0
7737,34,1
7738,46,1
7739,34,1
7740,94,1
7741,89,1
7742,42,0
7743,57,1
7744,11,0
7745,58,1
7746,49,1
7747,139,1
7748,87,1
7749,53,1
7750,77,1
7751,78,1
7752,87,1
7753,89,1
7754,59,0
7755,40,1
7756,61,1
7757,105,1
7758,64,1
7759,68,0
7760,61,1
7761,38,1
7762,156,1
7763,69,1
7764,76,1
7765,187,1
7766,82,1
7767,59,1
7768,27,0
7769,153,1
7770,98,1
7771,64,1
7772,74,1
7773,29,1
7774,85,1
7775,50,0
7776,189,0
7777,63,1
7778,154,1
7779,16,0
7780,40,0
7781,23,0
7782,68,1
7783,41,1
7784,27,0
7785,57,1
7786,56,1
7787,61,1
7788,63,1
7789,50,1
7790,116,0
7791,149,1
7792,70,1
7793,200,0
7794,108,1
7795,136,1
7796,38,1
7797,90,1
7798,35,1
7799,80,1
7800,96,1
7801,105,1
7802,137,0
7803,75,1
7804,76,1
7805,70,1
7806,52,1
7807,126,1
7808,50,1
7809,83,1
7810,25,0
7811,187,1
7812,44,1
7813,23,1
7814,41,1
7815,12,0
7816,57,0
7817,158,1
7818,94,1
7819,61,1
7820,68,1
7821,87,1
7822,55,1
7823,49,1
7824,112,1
7825,48,1
7826,169,1
7827,105,1
7828,61,1
7829,31,1
7830,26,1
7831,54,1
7832,128,1
7833,103,1
7834,128,1
7835,67,1
7836,99,1
7837,47,0
7838,95,1
7839,39,0
7840,75,1
7841,101,1
7842,50,0
7843,33,1
7844,76,0
7845,44,1
7846,53,0
7847,59,1
7848,67,1
7849,61,1
7850,93,0
7851,46,1
7852,103,1
7853,20,0
7854,105,1
7855,118,0
7856,121,1
7857,41,1
7858,134,0
7859,106,1
7860,22,1
7861,28,1
7862,133,1
7863,27,1
7864,24,1
7865,66,1
7866,32,0
7867,58,1
7868,116,1
7869,45,1
7870,86,1
7871,44,1
7872,21,0
7873,22,1
7874,111,1
7875,71,0
7876,82,1
7877,80,1
7878,51,1
7879,62,1
7880,37,0
7881,52,1
7882,23,1
7883,132,1
7884,75,1
7885,94,1
7886,157,1
7887,143,0
7888,55,1
7889,117,1
7890,62,1
7891,57,1
7892,49,1
7893,170,1
7894,76,0
7895,57,0
7896,89,1
7897,48,1
7898,124,1
7899,64,1
7900,38,1
7901,63,1
7902,128,1
7903,172,0
7904,66,1
7905,45,1
7906,66,1
7907,71,1
7908,46,1
7909,40,1
7910,51,1
7911,32,1
7912,122,1
7913,41,1
7914,124,1
7915,60,1
7916,125,1
7917,136,1
7918,83,1
7919,28,1
7920,46,1
7921,96,1
7922,91,1
7923,111,1
7924,200,0
7925,104,1
7926,31,0
7927,95,1
7928,81,1
7929,31,1
7930,84,1
7931,200,0
7932,55,1
7933,200,0
7934,44,1
7935,89,1
7936,31,0
7937,30,0
7938,66,1
7939,101,1
7940,155,1
7941,40,0
7942,45,0
7943,110,0
7944,200,0
7945,36,1
7946,23,0
7947,76,1
7948,65,1
7949,71,1
7950,76,1
7951,62,1
7952,29,1
7953,51,1
7954,120,1
7955,59,1
7956,77,1
7957,122,1
7958,68,1
7959,49,1
7960,30,0
7961,74,1
7962,188,1
7963,74,1
7964,67,1
7965,45,1
7966,110,1
7967,43,0
7968,38,1
7969,176,1
7970,128,1
7971,31,1
7972,122,1
7973,93,1
7974,56,1
7975,115,1
7976,54,1
7977,102,1
7978,24,0
7979,70,0
7980,111,1
7981,111,1
7982,109,1
7983,200,0
7984,74,0
7985,74,1
7986,37,1
7987,22,1
7988,68,0
7989,69,1
7990,89,1
7991,200,0
7992,132,1
7993,34,1
7994,200,0
7995,84,1
7996,43,1
7997,39,1
7998,30,1
7999,200,0
8000,87,1
8001,108,1
8002,65,1
8003,57,1
8004,77,1
8005,84,1
8006,44,1
8007,65,1
8008,29,0
8009,28,1
8010,96,1
8011,90,1
8012,152,1
8013,129,1
8014,200,0
8015,26,1
8016,85,1
8017,65,1
8018,19,0
8019,189,0
8020,72,1
8021,67,0
8022,36,1
8023,133,1
8024,84,1
8025,89,1
8026,28,1
8027,74,1
8028,70,1
8029,68,0
8030,50,1
8031,12,0
8032,65,1
8033,57,0
8034,168,1
8035,81,1
8036,61,1
8037,80,1
8038,37,1
8039,94,1
8040,58,1
8041,70,1
8042,67,1
8043,130,1
8044,163,0
8045,82,0
8046,98,0
8047,140,1
8048,74,1
8049,41,1
8050,169,1
8051,87,1
8052,97,1
8053,176,1
8054,136,1
8055,13,0
8056,63,1
8057,82,1
8058,125,1
8059,83,1
8060,130,1
8061,87,1
8062,21,0
8063,104,1
8064,24,1
8065,71,1
8066,43,0
8067,36,1
8068,115,1
8069,85,1
8070,93,1
8071,67,1
8072,63,1
8073,63,1
8074,64,1
8075,83,0
8076,64,1
8077,89,1
8078,24,1
8079,50,0
8080,38,0
8081,28,1
8082,38,1
8083,38,1
8084,41,1
8085,76,1
8086,108,1
8087,71,1
8088,55,1
8089,170,1
8090,75,1
8091,39,1
8092,129,1
8093,92,0
8094,114,1
8095,36,1
8096,117,1
8097,41,1
8098,71,1
8099,43,1
8100,144,1
8101,63,1
8102,11,0
8103,50,1
8104,149,1
8105,103,1
8106,34,1
8107,65,1
8108,36,0
8109,95,1
8110,32,1
8111,164,1
8112,77,1
8113,41,0
8114,139,1
8115,74,1
8116,79,0
8117,80,1
8118,53,1
8119,90,0
8120,148,1
8121,152,1
8122,113,1
8123,146,1
8124,62,1
8125,43,1
8126,73,1
8127,90,1
8128,64,1
8129,46,1
8130,54,1
8131,200,0
8132,94,1
8133,75,1
8134,108,1
8135,44,0
8136,127,1
8137,63,1
8138,64,1
8139,53,1
8140,27,0
8141,63,1
8142,48,1
8143,70,1
8144,73,1
8145,27,0
8146,127,1
8147,69,1
8148,99,1
8149,90,1
8150,172,1
8151,63,1
8152,30,1
8153,75,1
8154,68,1
8155,53,1
8156,200,0
8157,140,1
8158,60,0
8159,192,1
8160,118,1
8161,198,1
8162,71,1
8163,70,1
8164,195,1
8165,67,1
8166,34,1
8167,33,1
8168,58,1
8169,100,1
8170,38,1
8171,86,1
8172,109,0
8173,111,1
8174,49,1
8175,94,1
8176,100,1
8177,54,1
8178,26,1
8179,90,0
8180,40,1
8181,56,1
8182,57,1
8183,50,1
8184,83,1
8185,72,1
8186,89,1
8187,181,1
8188,74,1
8189,44,1
8190,164,1
8191,113,1
8192,65,1
8193,37,1
8194,108,1
8195,33,0
8196,74,1
8197,55,1
8198,40,1
8199,77,1
8200,53,1
8201,52,1
8202,73,1
8203,89,1
8204,147,1
8205,114,1
8206,105,1
8207,86,1
8208,133,1
8209,28,1
8210,57,1
8211,53,1
8212,117,1
8213,101,0
8214,78,1
8215,72,0
8216,109,1
8217,64,1
8218,70,1
8219,58,1
8220,60,1
8221,41,1
8222,43,1
8223,70,1
8224,44,0
8225,107,0
8226,109,1
8227,200,0
8228,18,0
8229,57,1
8230,32,1
8231,101,1
8232,126,1
8233,78,1
8234,56,1
8235,57,1
8236,92,1
8237,155,1
8238,40,1
8239,51,1
8240,107,1
8241,95,1
8242,53,0
8243,85,1
8244,54,1
8245,91,0
8246,53,1
8247,114,0
8248,73,0
8249,73,0
8250,30,1
8251,89,1
8252,74,1
8253,32,0
8254,66,1
8255,33,0
8256,57,1
8257,84,1
8258,119,1
8259,102,1
8260,200,0
8261,39,1
8262,50,1
8263,55,1
8264,88,1
8265,42,1
8266,39,1
8267,89,1
8268,200,0
8269,37,1
8270,29,0
8271,51,1
8272,62,1
8273,53,1
8274,19,0
8275,77,1
8276,39,1
8277,93,1
8278,51,1
8279,106,1
8280,169,1
8281,55,1
8282,96,0
8283,111,1
8284,67,1
8285,119,1
8286,65,1
8287,43,1
8288,93,1
8289,60,1
8290,37,1
8291,45,1
8292,101,1
8293,74,1
8294,148,1
8295,86,1
8296,111,0
8297,75,1
8298,49,1
8299,90,1
8300,73,1
8301,119,1
8302,141,1
8303,54,1
8304,40,1
8305,200,0
8306,78,1
8307,55,0
8308,26,1
8309,56,1
8310,86,1
8311,82,1
8312,63,1
8313,82,1
8314,26,1
8315,114,1
8316,120,1
8317,86,1
8318,82,1
8319,107,1
8320,86,1
8321,41,1
8322,49,1
8323,82,1
8324,159,1
8325,30,0
8326,91,1
8327,55,1
8328,87,1
8329,142,1
8330,50,1
8331,44,1
8332,48,1
8333,46,1
8334,93,1
8335,85,1
8336,71,1
8337,44,0
8338,71,1
8339,116,1
8340,34,1
8341,90,1
8342,140,1
8343,36,1
8344,45,1
8345,37,1
8346,60,0
8347,38,1
8348,145,0
8349,74,0
8350,69,1
8351,51,1
8352,141,1
8353,45,1
8354,50,1
8355,89,1
8356,62,1
8357,40,1
8358,71,1
8359,41,0
8360,24,1
8361,22,0
8362,89,1
8363,84,1
8364,50,1
8365,48,1
8366,128,1
8367,76,1
8368,43,1
8369,28,1
8370,31,0
8371,50,1
8372,56,1
8373,44,1
8374,82,1
8375,87,1
8376,33,1
8377,93,1
8378,61,1
8379,59,1
8380,41,1
8381,200,0
8382,151,1
8383,82,1
8384,66,1
8385,108,1
8386,189,1
8387,28,0
8388,73,1
8389,120,1
8390,17,0
8391,52,1
8392,200,0
8393,49,0
8394,115,0
8395,79,1
8396,73,1
8397,22,0
8398,43,1
8399,72,1
8400,175,1
8401,43,1
8402,118,1
8403,73,1
8404,81,1
8405,92,1
8406,82,1
8407,118,1
8408,130,1
8409,94,1
8410,94,1
8411,200,0
8412,28,1
8413,56,1
8414,110,1
8415,51,1
8416,146,1
8417,142,1
8418,111,1
8419,125,1
8420,76,1
8421,54,1
8422,68,1
8423,24,0
8424,13,0
8425,87,0
8426,96,1
8427,19,0
8428,62,1
8429,66,1
8430,33,1
8431,117,1
8432,167,1
8433,82,1
8434,74,1
8435,58,1
8436,157,0
8437,102,1
8438,144,1
8439,33,0
8440,138,1
8441,61,1
8442,173,1
8443,82,1
8444,35,1
8445,56,1
8446,122,1
8447,93,1
8448,34,1
8449,59,1
8450,30,0
8451,32,1
8452,69,1
8453,138,1
8454,115,1
8455,58,1
8456,51,1
8457,42,1
8458,153,1
8459,71,1
8460,114,1
8461,57,1
8462,47,0
8463,116,1
8464,36,1
8465,112,0
8466,62,1
8467,41,1
8468,62,0
8469,40,1
8470,118,1
8471,141,1
8472,90,0
8473,40,1
8474,132,1
8475,109,1
8476,55,1
8477,131,1
8478,59,1
8479,100,1
8480,95,1
8481,53,1
8482,72,1
8483,45,1
8484,77,1
8485,83,1
8486,72,1
8487,29,0
8488,141,1
8489,139,1
8490,126,1
8491,106,1
8492,122,1
8493,200,0
8494,58,1
8495,65,1
8496,52,1
8497,149,1
8498,77,0
8499,54,1
8500,60,1
8501,171,1
8502,75,1
8503,62,1
8504,41,1
8505,46,1
8506,115,1
8507,56,1
8508,53,1
8509,57,1
8510,54,1
8511,61,1
8512,70,1
8513,116,1
8514,180,1
8515,121,1
8516,162,1
8517,53,1
8518,64,1
8519,69,1
8520,92,1
8521,33,0
8522,38,1
8523,15,0
8524,39,1
8525,101,1
8526,55,1
8527,63,1
8528,50,0
8529,31,1
8530,85,1
8531,61,1
8532,49,1
8533,65,1
8534,15,0
8535,61,1
8536,84,1
8537,89,1
8538,115,1
8539,28,1
8540,117,1
8541,64,1
8542,80,1
8543,94,1
8544,87,1
8545,98,1
8546,84,1
8547,45,1
8548,27,1
8549,158,1
8550,102,1
8551,92,1
8552,53,1
8553,16,0
8554,80,1
8555,42,1
8556,139,1
8557,60,1
8558,98,0
8559,136,1
8560,62,1
8561,98,1
8562,33,1
8563,132,1
8564,88,0
8565,91,0
8566,85,1
8567,38,1
8568,188,1
8569,38,1
8570,120,1
8571,48,0
8572,85,1
8573,110,1
8574,89,1
8575,163,1
8576,21,1
8577,116,1
8578,92,1
8579,80,1
8580,100,1
8581,35,0
8582,96,1
8583,76,1
8584,105,1
8585,17,0
8586,123,1
8587,117,0
8588,58,1
8589,135,1
8590,52,1
8591,85,0
8592,31,0
8593,104,1
8594,97,1
8595,23,0
8596,100,1
8597,42,1
8598,29,1
8599,105,1
8600,200,0
8601,78,1
8602,200,0
8603,32,1
8604,49,0
8605,50,0
8606,41,0
8607,46,1
8608,68,1
8609,119,1
8610,66,1
8611,69,1
8612,39,1
8613,181,1
8614,76,1
8615,80,1
8616,31,1
8617,68,1
8618,127,1
8619,159,1
8620,40,1
8621,154,1
8622,105,1
8623,58,1
8624,151,1
8625,58,0
8626,20,0
8627,98,0
8628,55,1
8629,36,1
8630,67,1
8631,66,1
8632,55,1
8633,55,1
8634,56,1
8635,17,0
8636,69,1
8637,47,1
8638,39,1
8639,50,1
8640,190,0
8641,69,1
8642,85,1
8643,200,0
8644,50,1
8645,84,1
8646,64,0
8647,31,1
8648,99,1
8649,98,0
8650,67,1
8651,70,1
8652,80,1
8653,35,0
8654,82,1
8655,38,1
8656,54,1
8657,77,1
8658,64,1
8659,49,1
8660,71,0
8661,51,1
8662,126,1
8663,166,1
8664,57,1
8665,113,1
8666,62,1
8667,200,0
8668,66,1
8669,141,1
8670,44,1
8671,41,1
8672,87,0
8673,151,1
8674,114,1
8675,42,1
8676,133,1
8677,40,1
8678,74,1
8679,92,1
8680,58,1
8681,30,1
8682,124,1
8683,46,1
8684,39,1
8685,28,1
8686,93,1
8687,53,1
8688,20,0
8689,102,1
8690,35,1
8691,58,1
8692,77,1
8693,73,1
8694,40,1
8695,40,1
8696,72,1
8697,22,0
8698,102,1
8699,70,1
8700,200,0
8701,171,1
8702,33,1
8703,126,1
8704,37,1
8705,67,1
8706,45,1
8707,33,1
8708,101,1
8709,165,0
8710,33,1
8711,55,1
8712,50,1
8713,38,0
8714,79,1
8715,45,1
8716,53,1
8717,123,1
8718,69,1
8719,110,1
8720,26,0
8721,57,1
8722,90,1
8723,52,1
8724,47,1
8725,48,1
8726,67,1
8727,179,1
8728,81,1
8729,41,1
8730,15,0
8731,191,1
8732,26,0
8733,28,0
8734,65,0
8735,75,1
8736,91,0
8737,144,1
8738,150,1
8739,109,1
8740,87,1
8741,66,1
8742,121,1
8743,74,1
8744,76,1
8745,200,0
8746,102,1
8747,57,1
8748,82,1
8749,143,1
8750,72,1
8751,103,1
8752,114,1
8753,200,0
8754,200,0
8755,70,1
8756,51,1
8757,47,1
8758,66,1
8759,147,1
8760,96,0
8761,91,1
8762,156,1
8763,76,1
8764,36,1
8765,177,1
8766,126,1
8767,45,1
8768,16,0
8769,174,1
8770,83,1
8771,35,0
8772,53,0
8773,119,1
8774,46,0
8775,45,1
8776,59,1
8777,59,1
8778,18,0
8779,67,1
8780,128,1
8781,194,1
8782,76,1
8783,200,0
8784,66,1
8785,43,0
8786,54,1
8787,89,1
8788,89,1
8789,38,1
8790,53,0
8791,162,1
8792,61,0
8793,63,1
8794,52,1
8795,99,1
8796,50,0
8797,95,1
8798,136,0
8799,92,1
8800,30,1
8801,158,1
8802,44,1
8803,74,1
8804,36,1
8805,111,1
8806,87,1
8807,67,1
8808,46,1
8809,63,1
8810,30,0
8811,107,1
8812,89,0
8813,90,1
8814,38,1
8815,85,1
8816,64,1
8817,65,1
8818,191,1
8819,83,1
8820,98,1
8821,111,1
8822,87,1
8823,124,1
8824,59,1
8825,153,1
8826,110,1
8827,78,1
8828,34,1
8829,200,0
8830,59,1
8831,122,1
8832,80,1
8833,130,1
8834,26,0
8835,68,1
8836,67,1
8837,21,0
8838,158,0
8839,62,1
8840,20,0
8841,139,1
8842,93,1
8843,73,1
8844,131,1
8845,56,1
8846,35,1
8847,200,0
8848,18,0
8849,56,1
8850,106,0
8851,53,0
8852,64,1
8853,69,1
8854,113,1
8855,37,1
8856,44,1
8857,47,1
8858,88,1
8859,63,1
8860,71,1
8861,74,0
8862,106,1
8863,104,1
8864,70,1
8865,58,1
8866,124,1
8867,53,1
8868,30,1
8869,89,1
8870,49,1
8871,28,1
8872,92,1
8873,103,0
8874,52,1
8875,126,1
8876,90,1
8877,83,1
8878,95,1
8879,71,1
8880,77,1
8881,56,1
8882,39,1
8883,55,1
8884,59,1
8885,131,1
8886,38,1
8887,67,1
8888,84,1
8889,200,0
8890,105,1
8891,35,1
8892,34,1
8893,158,1
8894,84,1
8895,100,1
8896,87,1
8897,32,1
8898,105,0
8899,17,0
8900,155,1
8901,79,1
8902,67,1
8903,138,0
8904,58,1
8905,52,0
8906,69,1
8907,57,1
8908,115,0
8909,18,0
8910,115,1
8911,101,1
8912,50,1
8913,200,0
8914,117,1
8915,55,1
8916,120,1
8917,72,1
8918,34,1
8919,76,1
8920,78,1
8921,65,1
8922,133,1
8923,52,1
8924,135,1
8925,160,1
8926,66,1
8927,89,1
8928,91,1
8929,63,1
8930,136,1
8931,61,1
8932,31,1
8933,48,1
8934,196,1
8935,36,1
8936,52,1
8937,24,1
8938,46,1
8939,78,1
8940,99,0
8941,134,1
8942,46,1
8943,131,0
8944,95,1
8945,100,1
8946,152,0
8947,149,1
8948,79,1
8949,25,1
8950,41,1
8951,93,1
8952,200,0
8953,91,1
8954,35,1
8955,101,1
8956,36,0
8957,55,1
8958,36,1
8959,149,1
8960,176,1
8961,28,1
8962,49,1
8963,81,1
8964,50,0
8965,35,0
8966,86,1
8967,50,1
8968,123,1
8969,33,0
8970,36,1
8971,62,1
8972,52,1
8973,62,1
8974,50,1
8975,48,1
8976,57,1
8977,27,0
8978,120,1
8979,75,1
8980,200,0
8981,70,1
8982,200,0
8983,124,1
8984,44,1
8985,63,1
8986,182,1
8987,200,0
8988,73,1
8989,120,1
8990,78,1
8991,68,1
8992,11,0
8993,200,0
8994,53,1
8995,200,0
8996,92,1
8997,72,1
8998,97,1
8999,86,1
9000,33,1
9001,67,1
9002,78,1
9003,90,1
9004,35,1
9005,126,1
9006,104,1
9007,35,1
9008,28,0
9009,27,1
9010,98,1
9011,66,0
9012,53,1
9013,49,1
9014,65,1
9015,48,1
9016,18,1
9017,15,0
9018,131,1
9019,177,1
9020,62,1
9021,94,1
9022,102,1
9023,16,0
9024,83,1
9025,44,1
9026,64,1
9027,93,0
9028,80,1
9029,85,1
9030,24,1
9031,141,1
9032,83,1
9033,91,1
9034,38,1
9035,72,1
9036,66,1
9037,32,0
9038,116,1
9039,155,1
9040,40,1
9041,46,0
9042,83,1
9043,102,0
9044,64,1
9045,88,1
9046,48,1
9047,63,1
9048,87,1
9049,25,0
9050,47,1
9051,64,0
9052,29,1
9053,45,1
9054,113,1
9055,88,1
9056,36,1
9057,84,1
9058,54,1
9059,72,1
9060,162,1
9061,105,1
9062,95,1
9063,52,1
9064,25,1
9065,117,1
9066,124,1
9067,90,0
9068,34,1
9069,155,1
9070,167,1
9071,85,1
9072,126,0
9073,101,1
9074,71,1
9075,34,0
9076,74,1
9077,23,0
9078,100,0
9079,100,1
9080,85,1
9081,67,1
9082,47,1
9083,33,1
9084,74,1
9085,59,0
9086,125,1
9087,58,1
9088,24,1
9089,155,1
9090,64,1
9091,140,0
9092,71,1
9093,112,1
9094,61,1
9095,37,1
9096,76,1
9097,106,1
9098,46,1
9099,108,1
9100,98,1
9101,53,1
9102,62,1
9103,81,1
9104,200,0
9105,103,1
9106,102,1
9107,112,1
9108,60,1
9109,80,1
9110,62,1
9111,200,0
9112,48,1
9113,186,1
9114,60,1
9115,107,1
9116,58,1
9117,99,1
9118,42,1
9119,53,0
9120,51,1
9121,52,1
9122,59,1
9123,38,1
9124,170,1
9125,132,1
9126,109,1
9127,39,1
9128,65,1
9129,26,0
9130,81,1
9131,62,1
9132,115,1
9133,171,1
9134,70,1
9135,59,0
9136,54,1
9137,89,1
9138,68,1
9139,94,1
9140,147,1
9141,28,1
9142,45,1
9143,53,0
9144,60,1
9145,65,1
9146,30,1
9147,58,0
9148,200,0
9149,60,1
9150,52,0
9151,200,0
9152,79,1
9153,43,1
9154,126,1
9155,77,1
9156,52,1
9157,61,1
9158,84,1
9159,45,1
9160,99,1
9161,53,0
9162,89,1
9163,54,1
9164,61,1
9165,37,0
9166,28,1
9167,78,1
9168,89,1
9169,81,1
9170,21,1
9171,41,1
9172,134,1
9173,56,1
9174,200,0
9175,58,1
9176,49,1
9177,62,0
9178,42,1
9179,38,1
9180,42,1
9181,34,1
9182,130,1
9183,126,1
9184,44,1
9185,75,1
9186,67,1
9187,27,1
9188,44,0
9189,48,0
9190,45,1
9191,69,1
9192,28,1
9193,184,1
9194,46,1
9195,83,1
9196,77,1
9197,69,1
9198,41,1
9199,43,1
9200,177,1
9201,134,1
9202,55,1
9203,93,1
9204,126,1
9205,42,1
9206,98,1
9207,85,1
9208,119,1
9209,77,1
9210,46,1
9211,133,1
9212,79,1
9213,200,0
9214,131,1
9215,39,1
9216,41,0
9217,64,1
9218,20,0
9219,200,0
9220,64,1
9221,177,1
9222,37,1
9223,52,1
9224,39,0
9225,56,1
9226,49,1
9227,68,1
9228,77,1
9229,41,1
9230,85,0
9231,26,1
9232,55,0
9233,29,1
9234,67,1
9235,48,1
9236,111,1
9237,38,1
9238,77,1
9239,43,1
9240,106,1
9241,83,1
9242,39,1
9243,25,1
9244,55,1
9245,62,1
9246,93,1
9247,67,1
9248,94,1
9249,90,1
9250,86,1
9251,54,1
9252,47,1
9253,39,1
9254,69,1
9255,55,1
9256,66,1
9257,41,1
9258,159,1
9259,31,0
9260,118,0
9261,110,1
9262,152,1
9263,83,1
9264,49,1
9265,131,1
9266,52,1
9267,129,0
9268,184,1
9269,24,1
9270,78,1
9271,22,0
9272,63,1
9273,93,1
9274,53,1
9275,33,0
9276,30,1
9277,77,1
9278,35,0
9279,111,1
9280,138,1
9281,93,1
9282,44,1
9283,31,0
9284,53,1
9285,200,0
9286,155,1
9287,34,1
9288,105,1
9289,66,1
9290,156,1
9291,50,0
9292,85,0
9293,74,0
9294,59,1
9295,114,1
9296,200,0
9297,189,1
9298,85,1
9299,61,1
9300,108,1
9301,91,0
9302,78,1
9303,96,1
9304,77,1
9305,69,1
9306,111,0
9307,93,1
9308,65,1
9309,32,1
9310,137,1
9311,42,1
9312,54,1
9313,50,1
9314,67,1
9315,124,1
9316,27,1
9317,75,1
9318,163,1
9319,61,1
9320,24,0
9321,136,1
9322,88,1
9323,77,1
9324,86,1
9325,32,1
9326,63,1
9327,200,0
9328,106,1
9329,110,1
9330,125,1
9331,48,1
9332,155,0
9333,170,1
9334,34,0
9335,55,1
9336,40,1
9337,92,1
9338,128,1
9339,90,1
9340,91,1
9341,106,1
9342,77,1
9343,53,1
9344,19,0
9345,32,0
9346,33,1
9347,41,1
9348,103,1
9349,83,1
9350,38,1
9351,31,1
9352,72,1
9353,90,1
9354,26,1
9355,82,1
9356,32,1
9357,95,1
9358,37,1
9359,62,1
9360,58,1
9361,88,1
9362,55,1
9363,157,0
9364,104,1
9365,139,1
9366,118,1
9367,182,1
9368,37,1
9369,87,1
9370,94,1
9371,49,1
9372,91,1
9373,200,0
9374,71,1
9375,41,1
9376,91,1
9377,49,0
9378,128,1
9379,61,1
9380,34,1
9381,47,0
9382,92,0
9383,43,1
9384,46,1
9385,108,1
9386,78,1
9387,103,1
9388,44,0
9389,24,1
9390,68,1
9391,147,1
9392,135,1
9393,86,1
9394,74,1
9395,111,1
9396,52,0
9397,51,1
9398,40,1
9399,72,1
9400,61,1
9401,117,1
9402,54,1
9403,123,1
9404,141,1
9405,123,1
9406,148,1
9407,66,1
9408,53,1
9409,73,1
9410,200,0
9411,64,1
9412,42,0
9413,106,1
9414,27,1
9415,38,1
9416,35,0
9417,167,0
9418,135,1
9419,25,1
9420,78,1
9421,46,1
9422,71,1
9423,50,1
9424,62,1
9425,146,1
9426,200,0
9427,49,1
9428,81,1
9429,70,1
9430,28,1
9431,200,0
9432,55,1
9433,45,1
9434,82,1
9435,157,1
9436,97,1
9437,182,1
9438,78,1
9439,45,1
9440,92,0
9441,78,1
9442,64,1
9443,76,1
9444,58,1
9445,44,1
9446,101,1
9447,42,1
9448,200,0
9449,71,1
9450,40,1
9451,50,1
9452,200,0
9453,57,1
9454,50,0
9455,70,1
9456,190,1
9457,53,1
9458,37,1
9459,54,1
9460,57,0
9461,36,0
9462,91,0
9463,62,1
9464,60,1
9465,64,1
9466,89,1
9467,89,1
9468,55,1
9469,108,1
9470,25,1
9471,107,1
9472,34,1
9473,59,1
9474,107,1
9475,170,1
9476,84,1
9477,49,1
9478,30,1
9479,200,0
9480,70,1
9481,200,0
9482,55,1
9483,48,1
9484,123,1
9485,41,1
9486,17,0
9487,53,0
9488,73,1
9489,50,0
9490,87,1
9491,52,1
9492,41,1
9493,108,1
9494,45,1
9495,65,1
9496,110,1
9497,67,1
9498,108,1
9499,131,1
9500,33,1
9501,136,1
9502,101,1
9503,71,1
9504,53,1
9505,45,1
9506,95,1
9507,62,0
9508,85,1
9509,173,1
9510,59,0
9511,176,1
9512,83,1
9513,114,1
9514,69,1
9515,38,1
9516,46,1
9517,80,1
9518,112,1
9519,62,1
9520,66,1
9521,73,1
9522,31,0
9523,116,1
9524,151,1
9525,49,0
9526,44,1
9527,69,1
9528,137,1
9529,141,1
9530,66,1
9531,78,0
9532,60,1
9533,200,0
9534,142,1
9535,28,0
9536,148,0
9537,82,1
9538,45,1
9539,72,1
9540,33,1
9541,78,1
9542,28,0
9543,127,1
9544,51,1
9545,66,1
9546,29,0
9547,93,1
9548,174,1
9549,55,1
9550,117,1
9551,112,1
9552,103,1
9553,171,1
9554,127,1
9555,74,1
9556,106,1
9557,200,0
9558,139,1
9559,97,1
9560,39,1
9561,118,1
9562,81,1
9563,33,1
9564,139,0
9565,35,1
9566,126,1
9567,30,0
9568,28,0
9569,163,1
9570,200,0
9571,56,1
9572,158,1
9573,132,0
9574,94,1
9575,40,1
9576,94,1
9577,113,1
9578,126,1
9579,60,1
9580,50,1
9581,44,1
9582,68,1
9583,200,0
9584,82,1
9585,57,1
9586,92,1
9587,85,1
9588,200,0
9589,67,1
9590,79,0
9591,59,1
9592,73,1
9593,53,1
9594,74,1
9595,71,1
9596,63,1
9597,71,1
9598,68,1
9599,121,1
9600,116,1
9601,43,1
9602,30,0
9603,92,1
9604,32,0
9605,85,1
9606,77,1
9607,54,1
9608,39,1
9609,42,0
9610,180,1
9611,56,1
9612,159,0
9613,35,1
9614,115,1
9615,132,1
9616,196,1
9617,48,1
9618,91,1
9619,67,1
9620,61,1
9621,40,1
9622,151,1
9623,36,0
9624,90,1
9625,34,1
9626,52,1
9627,49,1
9628,68,1
9629,136,1
9630,151,1
9631,120,1
9632,56,1
9633,108,1
9634,141,1
9635,83,1
9636,63,1
9637,70,1
9638,45,1
9639,61,1
9640,119,1
9641,95,1
9642,30,1
9643,101,1
9644,66,1
9645,66,1
9646,107,1
9647,59,1
9648,38,1
9649,59,0
9650,131,1
9651,42,1
9652,68,1
9653,40,1
9654,119,1
9655,144,1
9656,37,1
9657,141,0
9658,53,1
9659,68,1
9660,75,1
9661,200,0
9662,44,1
9663,73,1
9664,47,1
9665,75,1
9666,127,1
9667,74,1
9668,93,1
9669,64,1
9670,70,1
9671,71,1
9672,171,1
9673,71,1
9674,55,1
9675,200,0
9676,41,1
9677,48,1
9678,129,1
9679,47,1
9680,61,1
9681,60,1
9682,113,1
9683,178,1
9684,48,1
9685,53,1
9686,104,1
9687,94,1
9688,129,1
9689,35,0
9690,103,1
9691,200,0
9692,158,0
9693,39,1
9694,32,1
9695,23,0
9696,40,1
9697,50,1
9698,99,1
9699,76,1
9700,54,1
9701,46,0
9702,164,1
9703,64,1
9704,102,1
9705,92,1
9706,111,1
9707,32,0
9708,126,1
9709,50,1
9710,61,1
9711,73,0
9712,101,0
9713,67,1
9714,49,1
9715,130,0
9716,124,1
9717,144,1
9718,77,1
9719,103,1
9720,57,0
9721,157,1
9722,45,0
9723,49,1
9724,23,0
9725,73,1
9726,72,1
9727,90,1
9728,49,1
9729,197,1
9730,85,1
9731,41,0
9732,55,1
9733,41,1
9734,40,1
9735,55,1
9736,35,0
9737,52,0
9738,133,1
9739,66,1
9740,86,1
9741,43,1
9742,39,0
9743,49,1
9744,38,1
9745,89,1
9746,57,1
9747,53,1
9748,67,1
9749,13,0
9750,18,0
9751,200,0
9752,43,1
9753,51,1
9754,38,1
9755,58,1
9756,70,1
9757,24,0
9758,36,1
9759,60,1
9760,72,1
9761,42,1
9762,99,1
9763,139,1
9764,47,1
9765,63,0
9766,137,1
9767,189,1
9768,52,1
9769,68,1
9770,38,1
9771,129,1
9772,200,0
9773,43,1
9774,24,1
9775,86,1
9776,43,0
9777,81,1
9778,90,1
9779,94,0
9780,80,0
9781,48,1
9782,31,1
9783,142,1
9784,199,1
9785,196,1
9786,48,1
9787,59,1
9788,55,1
9789,96,1
9790,38,1
9791,23,1
9792,62,1
9793,143,1
9794,69,1
9795,200,0
9796,128,1
9797,52,1
9798,57,1
9799,59,1
9800,74,1
9801,43,1
9802,122,1
9803,145,1
9804,148,1
9805,49,1
9806,97,1
9807,77,0
9808,200,0
9809,116,1
9810,200,0
9811,72,1
9812,49,1
9813,152,1
9814,121,0
9815,112,1
9816,56,1
9817,84,1
9818,53,1
9819,115,1
9820,30,1
9821,41,1
9822,132,1
9823,84,1
9824,65,1
9825,89,1
9826,38,1
9827,39,1
9828,159,1
9829,131,1
9830,196,1
9831,142,1
9832,68,1
9833,18,0
9834,97,1
9835,105,1
9836,102,1
9837,64,1
9838,99,1
9839,109,1
9840,171,1
9841,48,1
9842,138,1
9843,83,1
9844,46,0
9845,121,1
9846,51,0
9847,98,1
9848,120,1
9849,147,0
9850,85,1
9851,134,1
9852,42,1
9853,29,1
9854,41,1
9855,73,0
9856,63,1
9857,200,0
9858,120,1
9859,55,1
9860,179,1
9861,45,1
9862,42,1
9863,47,1
9864,103,0
9865,73,1
9866,59,1
9867,36,0
9868,60,1
9869,20,1
9870,80,1
9871,77,1
9872,126,1
9873,109,1
9874,106,1
9875,103,1
9876,47,1
9877,34,1
9878,59,1
9879,78,1
9880,124,1
9881,24,0
9882,107,1
9883,36,1
9884,34,1
9885,65,1
9886,113,1
9887,81,1
9888,61,1
9889,67,1
9890,125,1
9891,105,1
9892,29,0
9893,84,1
9894,104,1
9895,41,1
9896,59,1
9897,134,1
9898,35,1
9899,144,1
9900,66,1
9901,73,1
9902,31,1
9903,85,1
9904,81,1
9905,52,1
9906,82,1
9907,15,0
9908,61,0
9909,65,1
9910,51,1
9911,200,0
9912,107,1
9913,123,0
9914,98,1
9915,29,1
9916,45,1
9917,51,1
9918,143,1
9919,81,1
9920,74,1
9921,96,1
9922,30,1
9923,61,1
9924,64,1
9925,67,1
9926,40,1
9927,46,1
9928,50,1
9929,74,1
9930,39,1
9931,76,1
9932,152,0
9933,12,0
9934,45,1
9935,107,1
9936,45,1
9937,89,0
9938,166,1
9939,178,1
9940,116,1
9941,41,1
9942,89,1
9943,32,1
9944,48,1
9945,137,1
9946,114,0
9947,43,1
9948,29,1
9949,38,1
9950,60,1
9951,46,0
9952,27,1
9953,96,0
9954,76,1
9955,45,1
9956,51,1
9957,86,1
9958,94,1
9959,133,1
9960,94,1
9961,118,1
9962,78,1
9963,87,0
9964,40,1
9965,138,1
9966,57,1
9967,79,1
9968,105,1
9969,69,1
9970,94,1
9971,76,1
9972,192,0
9973,94,1
9974,57,1
9975,39,1
9976,56,1
9977,155,1
9978,149,1
9979,142,1
9980,79,1
9981,39,1
9982,32,1
9983,81,1
9984,106,1
9985,110,0
9986,60,1
9987,50,1
9988,103,1
9989,116,1
9990,54,1
9991,51,0
9992,66,1
9993,45,1
9994,31,1
9995,98,1
9996,73,1
9997,56,1
9998,106,1
9999,42,1
