episode,steps,reward
0,77,0
1,92,0
2,57,0
3,27,0
4,6,0
5,28,0
6,17,0
7,29,0
8,35,0
9,51,0
10,10,0
11,29,0
12,17,0
13,37,0
14,15,0
15,13,0
16,14,0
17,20,0
18,33,0
19,51,0
20,19,0
21,25,0
22,41,0
23,160,0
24,9,0
25,62,0
26,67,0
27,35,0
28,50,0
29,17,0
30,15,0
31,55,0
32,18,0
33,28,0
34,15,0
35,26,0
36,17,0
37,34,0
38,27,0
39,33,1
40,13,0
41,47,0
42,28,0
43,105,0
44,15,0
45,31,0
46,23,0
47,18,0
48,15,0
49,17,0
50,24,0
51,33,0
52,82,0
53,37,0
54,22,0
55,8,0
56,26,0
57,35,0
58,67,0
59,12,0
60,18,0
61,57,0
62,7,0
63,14,0
64,56,0
65,30,0
66,11,0
67,5,0
68,12,0
69,17,0
70,50,0
71,25,0
72,36,0
73,40,0
74,6,0
75,61,0
76,32,0
77,8,0
78,91,0
79,12,0
80,9,0
81,9,0
82,29,0
83,13,0
84,5,0
85,13,0
86,19,0
87,14,0
88,15,0
89,9,0
90,5,0
91,17,0
92,33,0
93,62,0
94,10,0
95,32,0
96,22,0
97,23,0
98,9,0
99,30,0
100,11,0
101,39,0
102,9,0
103,67,0
104,8,0
105,11,0
106,6,0
107,23,0
108,7,0
109,68,0
110,19,0
111,15,0
112,28,0
113,8,0
114,14,0
115,13,0
116,6,0
117,8,0
118,59,0
119,15,0
120,39,0
121,23,0
122,11,0
123,6,0
124,7,0
125,136,0
126,24,0
127,10,0
128,12,0
129,19,0
130,25,0
131,8,0
132,11,0
133,13,0
134,5,0
135,5,0
136,18,0
137,11,0
138,74,0
139,15,0
140,16,0
141,8,0
142,5,0
143,11,0
144,8,0
145,19,0
146,12,0
147,16,0
148,5,0
149,7,0
150,13,0
151,6,0
152,7,0
153,13,0
154,16,0
155,6,0
156,35,0
157,30,0
158,18,0
159,28,0
160,27,0
161,23,0
162,15,0
163,67,0
164,11,0
165,27,0
166,20,0
167,15,0
168,37,0
169,7,0
170,30,0
171,15,0
172,24,0
173,19,0
174,24,0
175,40,0
176,12,0
177,11,0
178,24,0
179,21,0
180,39,0
181,7,0
182,36,0
183,14,0
184,15,0
185,8,0
186,13,0
187,16,0
188,69,0
189,25,0
190,23,0
191,21,0
192,10,0
193,123,0
194,20,0
195,8,0
196,21,0
197,48,0
198,14,0
199,44,0
200,31,0
201,9,0
202,13,0
203,38,0
204,19,0
205,28,0
206,16,0
207,10,0
208,18,0
209,41,0
210,15,0
211,24,0
212,36,0
213,18,0
214,35,0
215,11,0
216,15,0
217,17,0
218,16,0
219,9,0
220,16,0
221,13,0
222,56,0
223,27,0
224,23,0
225,22,0
226,12,0
227,9,0
228,37,0
229,17,0
230,17,0
231,10,0
232,17,0
233,10,0
234,17,0
235,7,0
236,28,0
237,13,0
238,27,0
239,35,0
240,20,0
241,10,0
242,10,0
243,21,0
244,9,0
245,13,0
246,10,0
247,23,0
248,13,0
249,31,0
250,11,0
251,7,0
252,25,0
253,10,0
254,19,0
255,13,0
256,12,0
257,13,0
258,15,0
259,14,0
260,14,0
261,16,0
262,137,0
263,33,0
264,12,0
265,13,0
266,34,0
267,13,0
268,17,0
269,11,0
270,24,0
271,11,0
272,8,0
273,13,0
274,30,0
275,9,0
276,11,0
277,17,0
278,20,0
279,23,0
280,34,0
281,44,0
282,13,0
283,36,0
284,8,0
285,12,0
286,12,0
287,34,0
288,9,0
289,24,0
290,13,0
291,32,0
292,8,0
293,25,0
294,7,0
295,10,0
296,59,0
297,125,1
298,11,0
299,16,0
300,14,0
301,22,0
302,9,0
303,12,0
304,26,0
305,59,0
306,26,0
307,22,0
308,22,0
309,41,0
310,20,0
311,19,0
312,33,0
313,16,0
314,14,0
315,27,0
316,17,0
317,9,0
318,17,0
319,18,0
320,30,0
321,23,0
322,30,0
323,14,0
324,31,0
325,17,0
326,14,0
327,34,0
328,9,0
329,9,0
330,16,0
331,20,0
332,25,0
333,15,0
334,64,0
335,16,0
336,15,0
337,18,0
338,34,0
339,16,0
340,13,0
341,22,0
342,31,0
343,18,0
344,17,0
345,29,0
346,17,0
347,28,0
348,32,0
349,12,0
350,23,0
351,16,0
352,33,0
353,20,0
354,9,0
355,8,0
356,23,0
357,12,0
358,18,0
359,13,0
360,29,0
361,12,0
362,18,0
363,25,0
364,14,0
365,53,0
366,36,0
367,34,0
368,24,0
369,25,0
370,31,0
371,16,0
372,32,0
373,11,0
374,13,0
375,88,0
376,21,0
377,14,0
378,21,0
379,22,0
380,12,0
381,15,0
382,27,0
383,48,0
384,14,0
385,18,0
386,10,0
387,25,0
388,28,0
389,9,0
390,10,0
391,31,0
392,35,0
393,20,0
394,29,0
395,28,0
396,21,0
397,9,0
398,16,0
399,8,0
400,15,0
401,46,0
402,17,0
403,70,0
404,25,0
405,43,0
406,10,0
407,33,0
408,9,0
409,14,0
410,9,0
411,21,0
412,11,0
413,47,0
414,9,0
415,27,0
416,21,0
417,27,0
418,9,0
419,16,0
420,17,0
421,25,0
422,27,0
423,22,0
424,25,0
425,51,0
426,48,0
427,12,0
428,24,0
429,19,0
430,9,0
431,16,0
432,19,0
433,52,0
434,18,0
435,63,0
436,33,0
437,37,0
438,13,0
439,10,0
440,36,0
441,23,0
442,67,0
443,9,0
444,22,0
445,52,0
446,37,0
447,11,0
448,73,0
449,41,0
450,30,0
451,18,0
452,22,0
453,23,0
454,25,0
455,41,0
456,16,0
457,134,0
458,15,0
459,23,0
460,18,0
461,25,0
462,61,0
463,29,0
464,51,0
465,20,0
466,19,0
467,29,0
468,45,0
469,30,0
470,16,0
471,27,0
472,28,0
473,28,0
474,33,0
475,13,0
476,20,0
477,71,0
478,15,0
479,30,0
480,17,0
481,36,0
482,52,1
483,9,0
484,71,0
485,101,0
486,28,0
487,53,0
488,49,0
489,53,0
490,29,0
491,34,0
492,45,0
493,54,0
494,66,0
495,19,0
496,50,0
497,17,0
498,74,0
499,45,0
500,22,0
501,36,0
502,42,0
503,22,0
504,51,0
505,47,0
506,22,0
507,45,0
508,44,0
509,38,0
510,45,0
511,83,0
512,18,0
513,31,1
514,55,0
515,35,0
516,70,0
517,11,0
518,36,0
519,49,0
520,53,0
521,22,0
522,23,0
523,45,0
524,78,0
525,40,0
526,61,0
527,9,0
528,13,0
529,30,0
530,9,0
531,21,0
532,52,0
533,42,0
534,73,0
535,16,0
536,58,0
537,44,0
538,29,0
539,60,0
540,30,0
541,24,0
542,34,0
543,53,0
544,33,0
545,9,0
546,135,0
547,41,0
548,75,1
549,31,0
550,46,0
551,55,0
552,35,0
553,25,0
554,8,0
555,32,0
556,75,0
557,89,0
558,31,0
559,122,0
560,42,0
561,35,0
562,74,0
563,45,0
564,60,0
565,75,0
566,22,0
567,62,0
568,26,0
569,25,0
570,32,0
571,13,0
572,95,0
573,132,0
574,22,0
575,36,0
576,27,0
577,20,0
578,14,0
579,61,0
580,44,0
581,25,0
582,43,0
583,28,0
584,22,0
585,19,0
586,55,0
587,37,0
588,30,0
589,39,0
590,61,0
591,51,0
592,60,0
593,41,0
594,25,0
595,40,0
596,36,0
597,21,0
598,84,0
599,47,0
600,59,0
601,45,0
602,48,0
603,68,0
604,51,0
605,55,0
606,25,0
607,81,0
608,26,0
609,80,0
610,53,0
611,40,0
612,31,0
613,78,1
614,30,0
615,33,0
616,57,0
617,92,0
618,20,0
619,52,0
620,79,0
621,30,0
622,81,0
623,51,0
624,28,0
625,88,0
626,27,0
627,55,0
628,75,0
629,50,0
630,41,0
631,61,0
632,63,0
633,87,0
634,31,0
635,45,0
636,26,0
637,85,0
638,34,1
639,55,0
640,52,0
641,59,0
642,28,0
643,47,0
644,33,0
645,109,0
646,27,0
647,38,0
648,58,0
649,22,0
650,39,0
651,17,0
652,21,0
653,40,0
654,51,1
655,32,0
656,29,1
657,23,0
658,28,0
659,57,0
660,54,0
661,91,1
662,42,1
663,64,0
664,35,0
665,39,0
666,63,0
667,56,1
668,34,1
669,52,0
670,42,0
671,58,0
672,26,0
673,33,0
674,57,0
675,47,0
676,148,0
677,79,0
678,44,0
679,89,0
680,39,0
681,38,0
682,104,1
683,38,0
684,51,0
685,37,0
686,55,0
687,48,0
688,52,0
689,44,0
690,178,0
691,58,0
692,35,1
693,42,1
694,37,0
695,58,0
696,200,0
697,55,0
698,57,0
699,44,0
700,57,0
701,43,0
702,43,0
703,68,0
704,80,0
705,38,0
706,76,0
707,49,0
708,34,0
709,57,0
710,70,0
711,38,0
712,71,1
713,55,0
714,36,1
715,71,0
716,50,0
717,48,0
718,80,0
719,49,1
720,46,1
721,200,0
722,87,0
723,31,0
724,46,0
725,34,0
726,67,1
727,45,0
728,11,0
729,53,1
730,44,0
731,84,0
732,127,1
733,40,0
734,62,0
735,91,0
736,73,0
737,84,0
738,51,0
739,51,0
740,41,0
741,29,0
742,15,0
743,53,0
744,29,0
745,14,0
746,81,0
747,40,0
748,59,1
749,18,0
750,122,1
751,61,0
752,36,1
753,86,0
754,44,0
755,46,0
756,52,0
757,25,0
758,112,0
759,69,0
760,67,0
761,36,0
762,148,0
763,34,0
764,24,0
765,54,0
766,48,1
767,130,0
768,60,0
769,32,0
770,85,1
771,75,0
772,57,0
773,69,0
774,62,1
775,78,0
776,41,0
777,47,0
778,53,1
779,33,0
780,40,0
781,64,0
782,33,0
783,26,0
784,33,1
785,43,0
786,37,0
787,67,0
788,93,0
789,24,0
790,23,0
791,78,1
792,42,0
793,41,0
794,48,0
795,51,0
796,48,0
797,98,0
798,35,0
799,34,0
800,80,0
801,14,0
802,12,0
803,108,0
804,39,0
805,46,1
806,164,0
807,28,0
808,119,0
809,16,0
810,60,1
811,77,0
812,54,0
813,31,0
814,83,0
815,59,0
816,31,1
817,34,0
818,81,0
819,44,0
820,28,0
821,37,0
822,27,0
823,53,0
824,46,0
825,71,0
826,21,0
827,96,0
828,41,0
829,37,0
830,27,0
831,16,0
832,183,0
833,187,0
834,83,0
835,31,0
836,99,0
837,35,0
838,108,0
839,39,0
840,112,0
841,81,0
842,37,0
843,168,0
844,12,0
845,65,0
846,58,0
847,72,0
848,70,0
849,35,0
850,102,0
851,85,0
852,15,0
853,79,0
854,104,0
855,132,0
856,74,0
857,91,0
858,116,0
859,35,0
860,56,0
861,97,0
862,86,0
863,55,0
864,66,0
865,10,0
866,66,0
867,31,0
868,56,0
869,100,0
870,82,0
871,53,0
872,19,0
873,78,0
874,23,0
875,40,0
876,43,0
877,91,0
878,69,0
879,52,0
880,194,0
881,200,0
882,57,0
883,100,0
884,31,0
885,182,0
886,40,0
887,45,0
888,50,0
889,61,0
890,40,0
891,48,0
892,78,0
893,74,0
894,29,0
895,84,0
896,77,0
897,95,0
898,105,0
899,38,0
900,100,0
901,24,0
902,93,0
903,64,0
904,136,0
905,66,0
906,81,0
907,98,0
908,69,0
909,87,0
910,64,0
911,26,0
912,42,0
913,47,0
914,41,0
915,84,0
916,33,0
917,88,0
918,78,0
919,64,0
920,136,0
921,120,0
922,23,0
923,69,0
924,93,0
925,18,0
926,63,0
927,98,0
928,50,0
929,32,0
930,63,0
931,95,0
932,11,0
933,56,0
934,115,0
935,64,0
936,53,0
937,124,0
938,33,0
939,93,0
940,148,0
941,100,0
942,127,0
943,17,0
944,54,0
945,87,0
946,75,0
947,56,0
948,85,0
949,47,0
950,110,0
951,121,0
952,168,0
953,121,0
954,28,0
955,44,0
956,82,0
957,100,0
958,182,0
959,76,0
960,108,0
961,148,0
962,98,0
963,58,0
964,53,0
965,143,0
966,93,0
967,93,0
968,112,0
969,50,0
970,55,0
971,123,0
972,126,0
973,87,0
974,48,0
975,38,0
976,41,0
977,200,0
978,44,0
979,68,0
980,51,0
981,33,0
982,88,0
983,61,0
984,63,0
985,36,0
986,84,0
987,102,0
988,45,0
989,101,0
990,104,0
991,40,0
992,91,0
993,52,0
994,79,0
995,198,0
996,31,0
997,28,0
998,136,0
999,22,0
1000,30,0
1001,82,0
1002,79,0
1003,108,0
1004,31,0
1005,105,0
1006,65,0
1007,95,0
1008,28,0
1009,52,0
1010,20,0
1011,89,0
1012,25,0
1013,28,0
1014,30,0
1015,93,0
1016,161,0
1017,200,0
1018,79,0
1019,188,0
1020,149,0
1021,92,0
1022,58,0
1023,92,0
1024,94,0
1025,119,0
1026,107,0
1027,200,0
1028,16,0
1029,58,0
1030,45,0
1031,127,0
1032,22,0
1033,66,0
1034,77,0
1035,42,0
1036,84,0
1037,110,0
1038,175,0
1039,91,0
1040,62,0
1041,104,0
1042,37,0
1043,75,0
1044,107,0
1045,34,0
1046,28,0
1047,118,0
1048,33,0
1049,50,0
1050,38,0
1051,65,0
1052,99,0
1053,76,0
1054,114,0
1055,85,0
1056,92,0
1057,54,0
1058,131,0
1059,108,0
1060,160,0
1061,49,0
1062,93,0
1063,52,0
1064,71,0
1065,93,0
1066,120,0
1067,76,0
1068,185,0
1069,56,0
1070,22,0
1071,75,0
1072,200,0
1073,131,0
1074,110,0
1075,12,0
1076,137,0
1077,98,0
1078,15,0
1079,57,0
1080,85,0
1081,63,0
1082,89,0
1083,61,0
1084,91,0
1085,65,1
1086,196,0
1087,58,0
1088,34,0
1089,106,0
1090,34,0
1091,69,0
1092,97,0
1093,62,0
1094,43,1
1095,109,0
1096,38,0
1097,47,0
1098,171,0
1099,137,0
1100,70,0
1101,55,0
1102,125,0
1103,87,0
1104,105,0
1105,65,0
1106,61,0
1107,53,0
1108,135,0
1109,76,0
1110,107,0
1111,72,0
1112,67,0
1113,105,0
1114,58,0
1115,48,0
1116,200,0
1117,51,0
1118,110,0
1119,58,0
1120,178,0
1121,200,0
1122,67,0
1123,139,0
1124,29,0
1125,163,0
1126,200,0
1127,55,0
1128,106,0
1129,133,0
1130,67,0
1131,103,0
1132,63,0
1133,200,0
1134,40,0
1135,200,0
1136,75,0
1137,103,0
1138,73,0
1139,97,0
1140,200,0
1141,66,0
1142,58,0
1143,59,0
1144,82,0
1145,173,0
1146,140,0
1147,77,0
1148,35,0
1149,21,0
1150,79,0
1151,32,0
1152,108,0
1153,67,0
1154,100,0
1155,108,0
1156,99,0
1157,60,0
1158,58,0
1159,20,0
1160,81,0
1161,200,0
1162,54,0
1163,74,0
1164,132,0
1165,36,0
1166,66,1
1167,171,0
1168,49,0
1169,65,0
1170,65,0
1171,26,0
1172,51,0
1173,200,0
1174,34,0
1175,50,0
1176,135,0
1177,88,0
1178,33,0
1179,93,0
1180,20,0
1181,50,0
1182,41,0
1183,66,0
1184,94,0
1185,112,0
1186,46,0
1187,125,0
1188,200,0
1189,32,0
1190,170,0
1191,15,0
1192,200,0
1193,172,0
1194,71,0
1195,106,0
1196,86,0
1197,56,0
1198,91,0
1199,101,0
1200,144,0
1201,48,0
1202,132,0
1203,21,0
1204,148,0
1205,111,0
1206,73,0
1207,40,0
1208,198,0
1209,51,0
1210,200,0
1211,66,0
1212,33,0
1213,200,0
1214,97,0
1215,89,0
1216,67,0
1217,64,0
1218,46,0
1219,41,0
1220,162,0
1221,145,0
1222,63,0
1223,12,0
1224,91,0
1225,53,0
1226,60,0
1227,49,0
1228,36,0
1229,72,0
1230,35,0
1231,70,0
1232,69,0
1233,85,0
1234,73,0
1235,85,0
1236,128,0
1237,87,0
1238,68,0
1239,95,0
1240,103,0
1241,35,0
1242,31,0
1243,198,0
1244,79,0
1245,48,0
1246,78,0
1247,64,0
1248,88,0
1249,96,0
1250,68,0
1251,93,0
1252,173,0
1253,37,0
1254,145,0
1255,74,0
1256,85,0
1257,89,0
1258,110,0
1259,58,0
1260,68,0
1261,91,0
1262,77,0
1263,176,0
1264,200,0
1265,95,0
1266,70,0
1267,64,0
1268,33,0
1269,189,0
1270,36,0
1271,30,0
1272,93,0
1273,74,0
1274,62,0
1275,42,0
1276,29,0
1277,101,0
1278,126,0
1279,46,0
1280,45,0
1281,57,0
1282,67,0
1283,152,0
1284,67,0
1285,59,0
1286,106,0
1287,55,0
1288,45,0
1289,77,0
1290,127,0
1291,69,0
1292,121,0
1293,72,0
1294,95,0
1295,97,0
1296,87,0
1297,59,0
1298,109,0
1299,80,0
1300,69,0
1301,96,0
1302,163,0
1303,113,0
1304,34,0
1305,95,0
1306,123,0
1307,97,0
1308,57,0
1309,73,0
1310,74,0
1311,43,0
1312,95,0
1313,52,0
1314,31,0
1315,139,0
1316,200,0
1317,131,0
1318,46,0
1319,157,0
1320,80,0
1321,111,0
1322,175,0
1323,92,0
1324,74,0
1325,42,0
1326,60,0
1327,68,0
1328,152,0
1329,64,0
1330,45,0
1331,58,0
1332,140,0
1333,130,0
1334,42,0
1335,71,0
1336,200,0
1337,144,0
1338,44,0
1339,76,0
1340,130,0
1341,68,0
1342,44,0
1343,120,0
1344,45,0
1345,174,1
1346,82,0
1347,23,0
1348,36,0
1349,158,0
1350,40,0
1351,132,0
1352,75,0
1353,58,0
1354,40,0
1355,114,0
1356,200,0
1357,32,0
1358,35,0
1359,200,0
1360,71,0
1361,19,0
1362,63,0
1363,22,0
1364,34,0
1365,32,0
1366,47,0
1367,137,0
1368,176,0
1369,23,0
1370,83,0
1371,185,0
1372,80,0
1373,200,0
1374,101,0
1375,33,0
1376,112,0
1377,67,0
1378,48,0
1379,84,0
1380,59,0
1381,84,0
1382,61,0
1383,50,0
1384,58,0
1385,77,1
1386,62,0
1387,102,0
1388,141,0
1389,25,0
1390,43,0
1391,84,0
1392,63,1
1393,200,0
1394,168,0
1395,200,0
1396,47,0
1397,144,0
1398,128,0
1399,92,0
1400,50,0
1401,24,0
1402,200,0
1403,147,0
1404,64,0
1405,186,0
1406,104,0
1407,73,0
1408,148,0
1409,166,0
1410,137,0
1411,75,0
1412,151,0
1413,161,0
1414,80,0
1415,61,0
1416,56,0
1417,77,0
1418,20,0
1419,90,0
1420,82,0
1421,54,0
1422,60,0
1423,74,0
1424,200,0
1425,98,0
1426,155,0
1427,60,0
1428,87,1
1429,68,0
1430,52,0
1431,200,0
1432,53,0
1433,167,0
1434,55,0
1435,115,0
1436,81,0
1437,93,0
1438,81,0
1439,113,0
1440,66,0
1441,91,0
1442,98,0
1443,43,0
1444,131,0
1445,190,0
1446,52,0
1447,100,0
1448,113,0
1449,36,0
1450,33,0
1451,200,0
1452,71,0
1453,200,0
1454,170,0
1455,103,0
1456,145,0
1457,15,0
1458,84,0
1459,200,0
1460,92,0
1461,158,0
1462,63,0
1463,46,0
1464,114,0
1465,190,0
1466,104,0
1467,31,0
1468,80,0
1469,133,0
1470,136,0
1471,157,0
1472,117,0
1473,49,0
1474,105,0
1475,172,0
1476,62,0
1477,51,0
1478,51,0
1479,85,1
1480,165,0
1481,65,0
1482,97,0
1483,54,0
1484,89,0
1485,81,0
1486,56,0
1487,59,0
1488,57,0
1489,50,0
1490,54,0
1491,133,0
1492,86,0
1493,112,0
1494,37,0
1495,51,0
1496,63,0
1497,20,0
1498,134,0
1499,46,0
1500,169,0
1501,24,0
1502,99,0
1503,161,0
1504,122,0
1505,179,0
1506,130,0
1507,154,0
1508,70,0
1509,190,0
1510,88,0
1511,71,0
1512,123,0
1513,200,0
1514,42,0
1515,19,0
1516,200,0
1517,117,0
1518,84,0
1519,66,0
1520,49,0
1521,153,0
1522,76,0
1523,37,0
1524,151,0
1525,200,0
1526,68,0
1527,98,1
1528,94,0
1529,170,0
1530,129,0
1531,62,0
1532,97,0
1533,28,0
1534,153,0
1535,40,0
1536,37,0
1537,84,0
1538,137,0
1539,71,1
1540,28,0
1541,43,0
1542,168,0
1543,127,0
1544,120,0
1545,37,0
1546,196,0
1547,39,0
1548,133,0
1549,50,0
1550,200,0
1551,51,0
1552,99,0
1553,184,0
1554,49,0
1555,38,0
1556,200,0
1557,63,0
1558,137,0
1559,53,0
1560,200,0
1561,73,0
1562,31,0
1563,110,0
1564,73,0
1565,191,0
1566,87,0
1567,102,0
1568,166,0
1569,41,0
1570,80,0
1571,48,0
1572,34,0
1573,121,0
1574,68,0
1575,175,0
1576,41,0
1577,105,0
1578,91,0
1579,53,0
1580,151,0
1581,88,0
1582,113,0
1583,36,0
1584,158,0
1585,32,0
1586,36,0
1587,105,0
1588,50,1
1589,59,0
1590,165,0
1591,90,0
1592,46,0
1593,139,0
1594,200,0
1595,77,0
1596,80,0
1597,166,0
1598,56,0
1599,98,0
1600,58,1
1601,65,0
1602,76,0
1603,72,0
1604,43,0
1605,117,0
1606,72,0
1607,58,0
1608,136,0
1609,78,0
1610,107,0
1611,152,0
1612,20,0
1613,200,0
1614,16,0
1615,37,0
1616,39,0
1617,120,0
1618,106,0
1619,97,0
1620,171,0
1621,67,0
1622,106,0
1623,170,0
1624,49,0
1625,83,0
1626,44,0
1627,34,0
1628,52,0
1629,85,0
1630,75,0
1631,200,0
1632,123,0
1633,200,0
1634,76,0
1635,76,0
1636,19,0
1637,29,0
1638,52,0
1639,160,0
1640,34,0
1641,103,0
1642,110,0
1643,200,0
1644,35,0
1645,83,0
1646,43,0
1647,151,0
1648,140,0
1649,81,0
1650,65,0
1651,108,0
1652,55,0
1653,173,0
1654,102,0
1655,101,1
1656,200,0
1657,100,0
1658,185,0
1659,45,0
1660,200,0
1661,69,0
1662,56,0
1663,109,0
1664,90,0
1665,135,0
1666,200,0
1667,47,0
1668,34,0
1669,56,0
1670,170,0
1671,92,0
1672,82,0
1673,55,0
1674,163,0
1675,53,0
1676,200,0
1677,200,0
1678,76,0
1679,33,0
1680,69,0
1681,53,0
1682,48,0
1683,127,0
1684,127,0
1685,200,0
1686,200,0
1687,61,1
1688,36,0
1689,174,0
1690,145,0
1691,193,0
1692,54,0
1693,50,0
1694,71,0
1695,20,0
1696,51,0
1697,108,0
1698,68,0
1699,54,0
1700,39,0
1701,28,0
1702,110,0
1703,80,0
1704,138,0
1705,71,0
1706,72,0
1707,53,0
1708,43,0
1709,34,0
1710,24,0
1711,46,0
1712,48,0
1713,99,0
1714,110,0
1715,98,0
1716,50,0
1717,116,0
1718,90,0
1719,200,0
1720,60,0
1721,138,0
1722,179,0
1723,80,0
1724,188,0
1725,181,0
1726,62,0
1727,47,0
1728,43,0
1729,47,0
1730,102,1
1731,123,0
1732,45,0
1733,72,0
1734,110,0
1735,77,0
1736,103,0
1737,94,0
1738,200,0
1739,42,1
1740,31,0
1741,114,0
1742,185,0
1743,20,0
1744,53,0
1745,112,0
1746,62,0
1747,52,0
1748,36,0
1749,115,0
1750,121,0
1751,58,1
1752,54,0
1753,111,0
1754,67,0
1755,200,0
1756,47,0
1757,56,0
1758,45,0
1759,54,0
1760,71,0
1761,155,0
1762,81,0
1763,59,0
1764,22,0
1765,108,0
1766,70,0
1767,200,0
1768,65,0
1769,94,0
1770,107,0
1771,15,0
1772,200,0
1773,200,0
1774,21,0
1775,96,0
1776,200,0
1777,15,0
1778,95,0
1779,55,0
1780,101,0
1781,132,0
1782,72,0
1783,72,0
1784,103,0
1785,170,0
1786,57,0
1787,78,0
1788,44,0
1789,102,0
1790,32,0
1791,104,0
1792,39,0
1793,33,0
1794,152,0
1795,61,0
1796,77,0
1797,54,0
1798,200,0
1799,117,0
1800,34,0
1801,173,0
1802,99,0
1803,65,0
1804,107,0
1805,115,0
1806,24,0
1807,130,0
1808,200,0
1809,67,0
1810,168,0
1811,153,0
1812,63,0
1813,167,0
1814,122,1
1815,200,0
1816,138,0
1817,44,0
1818,54,0
1819,48,0
1820,75,0
1821,57,0
1822,58,0
1823,200,0
1824,44,0
1825,135,0
1826,79,0
1827,80,0
1828,74,0
1829,43,0
1830,127,0
1831,87,0
1832,86,0
1833,106,0
1834,29,0
1835,44,0
1836,40,0
1837,200,0
1838,126,0
1839,69,0
1840,76,0
1841,200,0
1842,71,0
1843,200,0
1844,52,0
1845,200,0
1846,200,0
1847,136,0
1848,200,0
1849,81,1
1850,186,1
1851,200,0
1852,68,0
1853,132,0
1854,135,0
1855,200,0
1856,68,0
1857,111,0
1858,77,0
1859,74,0
1860,37,0
1861,37,0
1862,200,0
1863,129,0
1864,134,0
1865,64,0
1866,73,0
1867,116,0
1868,61,0
1869,155,0
1870,61,0
1871,29,0
1872,61,0
1873,200,0
1874,71,0
1875,48,0
1876,77,0
1877,200,0
1878,200,0
1879,91,0
1880,164,0
1881,59,0
1882,192,0
1883,98,0
1884,39,0
1885,68,0
1886,126,0
1887,33,0
1888,54,0
1889,42,0
1890,165,0
1891,200,0
1892,156,0
1893,75,0
1894,14,0
1895,63,0
1896,36,0
1897,97,0
1898,147,0
1899,81,0
1900,134,0
1901,175,0
1902,70,0
1903,191,0
1904,115,0
1905,72,0
1906,52,0
1907,63,0
1908,70,0
1909,96,0
1910,36,0
1911,82,0
1912,57,1
1913,63,0
1914,37,0
1915,80,0
1916,89,0
1917,105,0
1918,64,0
1919,27,1
1920,156,0
1921,75,0
1922,100,0
1923,66,0
1924,200,0
1925,95,0
1926,128,0
1927,97,0
1928,155,0
1929,90,0
1930,53,0
1931,63,0
1932,129,0
1933,58,0
1934,49,0
1935,54,0
1936,54,0
1937,62,0
1938,200,0
1939,71,0
1940,63,1
1941,33,0
1942,95,0
1943,57,0
1944,58,0
1945,159,0
1946,34,0
1947,92,0
1948,182,0
1949,120,0
1950,37,0
1951,31,0
1952,57,0
1953,153,0
1954,80,0
1955,60,0
1956,104,0
1957,59,0
1958,200,0
1959,126,0
1960,82,1
1961,109,0
1962,69,0
1963,76,0
1964,48,0
1965,183,0
1966,47,0
1967,53,0
1968,149,0
1969,56,0
1970,92,0
1971,165,0
1972,26,0
1973,94,0
1974,65,0
1975,47,0
1976,129,0
1977,50,0
1978,30,0
1979,103,0
1980,69,0
1981,140,0
1982,62,0
1983,103,0
1984,101,0
1985,82,0
1986,44,0
1987,200,0
1988,104,0
1989,55,0
1990,200,0
1991,58,0
1992,187,0
1993,35,0
1994,70,0
1995,142,0
1996,67,0
1997,37,0
1998,55,0
1999,200,0
2000,28,0
2001,137,0
2002,164,0
2003,27,0
2004,143,0
2005,51,0
2006,200,0
2007,31,0
2008,34,0
2009,38,0
2010,46,0
2011,200,0
2012,72,0
2013,29,0
2014,200,0
2015,170,0
2016,90,0
2017,118,0
2018,45,0
2019,64,0
2020,31,0
2021,200,0
2022,117,0
2023,138,1
2024,97,0
2025,44,0
2026,200,0
2027,200,0
2028,188,0
2029,95,0
2030,134,0
2031,65,0
2032,28,0
2033,113,0
2034,39,0
2035,192,0
2036,54,0
2037,113,0
2038,29,0
2039,62,0
2040,71,0
2041,200,0
2042,44,0
2043,82,0
2044,38,0
2045,31,0
2046,101,0
2047,107,0
2048,109,0
2049,88,0
2050,138,0
2051,163,0
2052,136,0
2053,69,0
2054,27,0
2055,93,0
2056,91,0
2057,76,0
2058,38,0
2059,141,0
2060,200,0
2061,101,0
2062,200,0
2063,52,0
2064,91,0
2065,104,0
2066,85,0
2067,200,0
2068,186,0
2069,55,0
2070,29,0
2071,84,0
2072,79,0
2073,43,0
2074,54,0
2075,121,0
2076,180,0
2077,187,0
2078,60,0
2079,159,0
2080,198,0
2081,100,0
2082,26,0
2083,41,0
2084,115,0
2085,52,0
2086,65,0
2087,103,0
2088,32,0
2089,36,0
2090,86,0
2091,73,0
2092,200,0
2093,118,0
2094,200,0
2095,105,0
2096,134,0
2097,81,0
2098,132,0
2099,48,0
2100,67,0
2101,21,0
2102,33,1
2103,200,0
2104,27,0
2105,43,0
2106,136,1
2107,49,0
2108,184,0
2109,47,0
2110,56,0
2111,40,0
2112,43,0
2113,37,1
2114,115,0
2115,20,0
2116,167,0
2117,49,0
2118,75,0
2119,64,0
2120,38,1
2121,24,0
2122,48,0
2123,105,1
2124,52,0
2125,49,0
2126,200,0
2127,74,0
2128,48,0
2129,193,0
2130,102,0
2131,53,0
2132,43,0
2133,200,0
2134,51,0
2135,76,0
2136,44,0
2137,81,0
2138,43,1
2139,58,0
2140,36,0
2141,152,0
2142,136,0
2143,102,0
2144,115,0
2145,200,0
2146,104,0
2147,137,0
2148,88,0
2149,61,0
2150,152,0
2151,82,0
2152,123,0
2153,89,0
2154,103,0
2155,100,0
2156,154,0
2157,47,0
2158,129,0
2159,51,0
2160,43,0
2161,39,0
2162,99,0
2163,48,0
2164,49,0
2165,52,0
2166,117,0
2167,41,0
2168,50,0
2169,66,0
2170,75,0
2171,200,0
2172,192,0
2173,118,0
2174,90,0
2175,111,0
2176,110,0
2177,115,0
2178,50,0
2179,186,1
2180,165,0
2181,78,0
2182,21,0
2183,87,0
2184,93,1
2185,45,0
2186,166,0
2187,88,0
2188,92,0
2189,137,0
2190,87,0
2191,200,0
2192,52,0
2193,126,1
2194,62,0
2195,144,0
2196,83,0
2197,63,0
2198,68,0
2199,58,0
2200,37,0
2201,39,0
2202,57,0
2203,90,0
2204,57,0
2205,67,0
2206,102,0
2207,39,0
2208,40,0
2209,21,0
2210,70,0
2211,41,0
2212,81,0
2213,45,0
2214,47,0
2215,132,0
2216,169,0
2217,63,0
2218,38,0
2219,177,0
2220,93,0
2221,191,0
2222,200,0
2223,51,0
2224,70,0
2225,110,0
2226,86,0
2227,43,0
2228,69,0
2229,31,0
2230,69,0
2231,36,0
2232,101,0
2233,59,1
2234,59,0
2235,109,1
2236,113,1
2237,65,1
2238,73,1
2239,44,1
2240,67,1
2241,63,1
2242,41,1
2243,54,1
2244,53,1
2245,60,1
2246,178,1
2247,63,0
2248,98,1
2249,37,0
2250,45,1
2251,43,1
2252,69,1
2253,48,1
2254,45,1
2255,43,1
2256,52,1
2257,61,1
2258,46,1
2259,47,1
2260,36,1
2261,43,1
2262,36,0
2263,101,1
2264,124,1
2265,200,0
2266,54,1
2267,47,0
2268,101,1
2269,92,1
2270,66,0
2271,35,1
2272,77,0
2273,32,1
2274,102,1
2275,200,0
2276,19,0
2277,149,1
2278,66,1
2279,117,1
2280,48,1
2281,113,1
2282,66,1
2283,39,1
2284,40,0
2285,92,1
2286,76,0
2287,106,1
2288,99,0
2289,90,1
2290,43,1
2291,72,1
2292,38,0
2293,137,1
2294,75,1
2295,119,1
2296,132,0
2297,53,1
2298,54,1
2299,77,1
2300,85,1
2301,89,1
2302,80,1
2303,75,1
2304,112,0
2305,131,1
2306,82,0
2307,53,1
2308,114,0
2309,25,1
2310,62,1
2311,37,1
2312,63,1
2313,40,0
2314,133,1
2315,56,1
2316,39,1
2317,44,1
2318,64,1
2319,103,1
2320,80,0
2321,200,0
2322,56,0
2323,172,1
2324,75,1
2325,73,1
2326,37,0
2327,200,0
2328,124,1
2329,43,1
2330,52,1
2331,82,1
2332,42,1
2333,63,1
2334,120,1
2335,96,1
2336,47,1
2337,45,0
2338,91,1
2339,55,1
2340,89,1
2341,36,1
2342,51,1
2343,38,1
2344,89,1
2345,52,1
2346,54,1
2347,66,0
2348,52,1
2349,167,1
2350,43,1
2351,93,1
2352,48,1
2353,200,0
2354,90,1
2355,78,1
2356,37,0
2357,64,1
2358,150,1
2359,54,1
2360,103,1
2361,44,1
2362,151,1
2363,46,0
2364,39,1
2365,96,1
2366,66,0
2367,171,0
2368,51,1
2369,31,1
2370,97,1
2371,52,1
2372,64,1
2373,38,0
2374,32,1
2375,104,1
2376,47,0
2377,114,1
2378,144,0
2379,87,1
2380,53,1
2381,178,0
2382,102,0
2383,78,0
2384,37,0
2385,59,1
2386,71,1
2387,75,1
2388,97,1
2389,131,1
2390,108,0
2391,51,1
2392,77,1
2393,29,1
2394,43,1
2395,52,0
2396,63,1
2397,61,0
2398,87,1
2399,62,0
2400,22,1
2401,48,1
2402,105,1
2403,27,1
2404,86,1
2405,94,1
2406,46,1
2407,103,0
2408,46,1
2409,81,1
2410,103,1
2411,155,1
2412,56,1
2413,72,1
2414,55,1
2415,36,1
2416,53,1
2417,21,0
2418,57,1
2419,61,0
2420,56,1
2421,105,1
2422,86,1
2423,53,1
2424,91,1
2425,37,1
2426,63,1
2427,56,0
2428,91,0
2429,48,1
2430,119,1
2431,57,1
2432,67,1
2433,68,1
2434,34,1
2435,186,1
2436,101,1
2437,49,1
2438,79,1
2439,162,1
2440,88,1
2441,72,1
2442,66,1
2443,83,1
2444,53,1
2445,85,1
2446,36,1
2447,65,1
2448,55,1
2449,79,1
2450,65,1
2451,92,1
2452,34,1
2453,163,1
2454,95,1
2455,36,1
2456,36,1
2457,47,1
2458,93,0
2459,67,1
2460,49,1
2461,64,1
2462,29,1
2463,20,1
2464,62,1
2465,69,1
2466,58,1
2467,71,1
2468,92,1
2469,68,1
2470,43,1
2471,101,1
2472,101,1
2473,124,1
2474,122,1
2475,62,1
2476,170,1
2477,71,1
2478,66,1
2479,93,0
2480,61,0
2481,45,0
2482,85,0
2483,112,1
2484,85,1
2485,114,1
2486,200,0
2487,56,1
2488,48,0
2489,42,1
2490,116,1
2491,131,0
2492,70,1
2493,40,1
2494,86,1
2495,108,0
2496,155,1
2497,98,1
2498,54,1
2499,70,1
2500,21,1
2501,74,1
2502,76,1
2503,49,1
2504,100,0
2505,83,1
2506,139,1
2507,121,0
2508,124,1
2509,136,0
2510,48,0
2511,46,1
2512,42,0
2513,67,1
2514,115,1
2515,43,1
2516,47,1
2517,57,1
2518,61,1
2519,37,1
2520,106,1
2521,23,1
2522,200,0
2523,57,1
2524,149,1
2525,34,0
2526,111,1
2527,63,0
2528,57,0
2529,145,1
2530,50,1
2531,23,0
2532,137,0
2533,56,1
2534,77,1
2535,42,0
2536,32,1
2537,45,1
2538,72,1
2539,107,1
2540,148,1
2541,183,0
2542,45,1
2543,110,1
2544,45,0
2545,85,1
2546,83,0
2547,54,1
2548,200,0
2549,67,1
2550,75,1
2551,62,1
2552,95,1
2553,50,1
2554,28,1
2555,46,1
2556,45,0
2557,60,1
2558,103,1
2559,49,1
2560,79,1
2561,130,1
2562,103,1
2563,113,1
2564,44,0
2565,41,1
2566,88,1
2567,80,1
2568,95,0
2569,31,1
2570,120,1
2571,33,1
2572,87,1
2573,174,0
2574,46,1
2575,135,0
2576,36,1
2577,115,1
2578,95,1
2579,181,1
2580,57,1
2581,58,1
2582,39,1
2583,98,0
2584,43,1
2585,70,1
2586,81,1
2587,92,1
2588,108,1
2589,200,0
2590,105,1
2591,134,1
2592,31,0
2593,122,1
2594,42,1
2595,68,1
2596,55,1
2597,200,0
2598,61,1
2599,42,0
2600,179,1
2601,54,1
2602,30,1
2603,127,0
2604,96,1
2605,82,1
2606,66,0
2607,88,1
2608,50,0
2609,71,1
2610,28,1
2611,29,1
2612,60,1
2613,37,1
2614,67,1
2615,82,1
2616,76,0
2617,53,1
2618,49,1
2619,82,0
2620,123,1
2621,79,1
2622,136,1
2623,50,1
2624,133,1
2625,78,1
2626,47,1
2627,44,1
2628,75,0
2629,53,1
2630,42,1
2631,52,1
2632,77,0
2633,144,1
2634,49,1
2635,98,0
2636,41,1
2637,87,0
2638,43,1
2639,94,1
2640,70,0
2641,61,1
2642,183,1
2643,180,1
2644,72,1
2645,74,1
2646,67,1
2647,63,1
2648,111,0
2649,47,1
2650,38,1
2651,25,0
2652,50,1
2653,156,1
2654,78,1
2655,41,1
2656,76,0
2657,88,1
2658,47,1
2659,50,1
2660,105,1
2661,184,1
2662,53,1
2663,120,1
2664,67,1
2665,57,1
2666,126,1
2667,50,1
2668,114,1
2669,107,1
2670,130,0
2671,75,1
2672,98,1
2673,131,0
2674,59,1
2675,90,0
2676,85,1
2677,81,0
2678,94,1
2679,51,1
2680,57,1
2681,98,1
2682,112,1
2683,87,0
2684,49,0
2685,200,0
2686,91,1
2687,46,1
2688,94,1
2689,84,1
2690,58,1
2691,117,1
2692,154,1
2693,62,0
2694,53,1
2695,36,1
2696,90,1
2697,53,1
2698,50,1
2699,73,0
2700,107,0
2701,97,1
2702,147,1
2703,130,1
2704,157,0
2705,48,1
2706,148,1
2707,50,1
2708,42,1
2709,53,0
2710,106,1
2711,98,1
2712,50,1
2713,39,1
2714,200,0
2715,60,1
2716,100,1
2717,46,1
2718,59,1
2719,68,1
2720,121,1
2721,75,1
2722,31,0
2723,116,1
2724,37,1
2725,161,1
2726,49,0
2727,61,1
2728,109,0
2729,83,0
2730,124,1
2731,46,1
2732,126,1
2733,41,0
2734,86,1
2735,48,0
2736,52,1
2737,64,1
2738,70,1
2739,73,1
2740,30,1
2741,42,1
2742,70,1
2743,156,1
2744,60,1
2745,87,1
2746,43,1
2747,163,1
2748,157,1
2749,45,1
2750,180,1
2751,52,1
2752,93,1
2753,51,1
2754,72,1
2755,71,1
2756,50,1
2757,76,1
2758,112,1
2759,98,0
2760,40,0
2761,156,1
2762,113,1
2763,72,1
2764,29,1
2765,67,1
2766,42,1
2767,51,1
2768,91,1
2769,61,1
2770,118,1
2771,64,1
2772,67,1
2773,62,1
2774,78,1
2775,53,1
2776,119,1
2777,58,1
2778,39,1
2779,48,1
2780,48,1
2781,38,1
2782,52,1
2783,139,1
2784,17,1
2785,74,0
2786,64,1
2787,53,1
2788,39,1
2789,101,1
2790,48,1
2791,37,1
2792,51,1
2793,33,0
2794,53,1
2795,32,1
2796,101,1
2797,50,0
2798,200,0
2799,117,1
2800,59,1
2801,49,0
2802,200,0
2803,36,1
2804,85,1
2805,48,1
2806,173,1
2807,81,1
2808,51,1
2809,28,1
2810,150,1
2811,49,0
2812,52,1
2813,64,0
2814,52,1
2815,90,0
2816,27,0
2817,47,1
2818,57,1
2819,23,1
2820,48,1
2821,54,1
2822,81,0
2823,113,1
2824,23,1
2825,136,1
2826,79,1
2827,98,0
2828,60,1
2829,91,1
2830,56,1
2831,63,0
2832,111,1
2833,27,1
2834,76,1
2835,96,1
2836,105,0
2837,81,1
2838,52,0
2839,124,0
2840,191,1
2841,44,1
2842,56,1
2843,200,0
2844,31,1
2845,124,1
2846,93,1
2847,36,1
2848,64,0
2849,80,1
2850,170,1
2851,61,1
2852,66,0
2853,67,1
2854,28,1
2855,41,1
2856,108,0
2857,27,1
2858,38,0
2859,62,1
2860,88,1
2861,55,1
2862,164,1
2863,69,1
2864,76,1
2865,65,1
2866,51,1
2867,99,1
2868,55,1
2869,39,1
2870,85,1
2871,51,1
2872,50,0
2873,116,1
2874,55,0
2875,57,0
2876,88,1
2877,50,0
2878,113,1
2879,116,1
2880,64,1
2881,37,0
2882,97,1
2883,78,1
2884,74,1
2885,64,1
2886,47,1
2887,59,1
2888,79,1
2889,79,1
2890,54,0
2891,63,1
2892,95,1
2893,105,1
2894,49,1
2895,27,1
2896,57,1
2897,58,1
2898,33,0
2899,113,1
2900,104,1
2901,89,1
2902,67,0
2903,60,1
2904,97,1
2905,109,1
2906,56,0
2907,85,1
2908,75,1
2909,41,1
2910,43,1
2911,136,1
2912,31,1
2913,59,1
2914,33,1
2915,96,1
2916,68,1
2917,57,1
2918,87,1
2919,53,1
2920,33,1
2921,53,1
2922,43,0
2923,50,1
2924,46,1
2925,33,1
2926,49,1
2927,38,1
2928,95,1
2929,127,1
2930,25,1
2931,103,0
2932,53,1
2933,68,1
2934,152,0
2935,63,1
2936,68,1
2937,95,1
2938,53,1
2939,54,1
2940,69,0
2941,59,1
2942,56,0
2943,53,1
2944,109,1
2945,104,1
2946,108,1
2947,93,0
2948,65,0
2949,126,1
2950,97,1
2951,38,1
2952,48,1
2953,68,1
2954,64,1
2955,34,0
2956,42,0
2957,170,1
2958,77,1
2959,32,1
2960,99,1
2961,34,1
2962,53,1
2963,106,1
2964,106,1
2965,35,1
2966,40,1
2967,33,0
2968,140,1
2969,147,1
2970,63,1
2971,40,1
2972,74,0
2973,50,1
2974,166,1
2975,43,0
2976,47,0
2977,129,0
2978,86,1
2979,71,1
2980,24,1
2981,73,0
2982,63,1
2983,112,0
2984,101,0
2985,35,1
2986,32,1
2987,65,1
2988,132,0
2989,38,0
2990,82,1
2991,52,1
2992,91,1
2993,56,1
2994,44,0
2995,112,1
2996,72,0
2997,62,1
2998,47,0
2999,107,1
3000,116,1
3001,200,0
3002,49,0
3003,35,1
3004,57,1
3005,51,0
3006,123,1
3007,56,1
3008,77,1
3009,163,1
3010,75,0
3011,24,0
3012,130,1
3013,85,1
3014,104,1
3015,119,1
3016,106,1
3017,62,1
3018,14,0
3019,48,1
3020,138,0
3021,97,1
3022,59,1
3023,84,1
3024,43,1
3025,91,1
3026,68,1
3027,49,1
3028,35,1
3029,38,1
3030,89,1
3031,90,1
3032,60,1
3033,42,1
3034,180,1
3035,72,1
3036,47,0
3037,79,0
3038,128,1
3039,82,1
3040,45,1
3041,94,1
3042,65,1
3043,147,0
3044,112,1
3045,69,0
3046,116,1
3047,117,1
3048,45,1
3049,67,1
3050,16,0
3051,33,1
3052,29,0
3053,56,1
3054,41,1
3055,71,0
3056,94,1
3057,40,1
3058,74,0
3059,50,1
3060,38,1
3061,63,1
3062,138,1
3063,66,0
3064,100,0
3065,48,1
3066,110,1
3067,129,1
3068,79,1
3069,54,1
3070,46,0
3071,127,1
3072,200,0
3073,196,1
3074,76,1
3075,27,1
3076,84,1
3077,65,1
3078,69,1
3079,74,1
3080,54,1
3081,60,1
3082,52,1
3083,149,1
3084,71,1
3085,110,0
3086,68,0
3087,66,1
3088,52,1
3089,64,1
3090,47,0
3091,73,0
3092,80,1
3093,119,0
3094,105,1
3095,44,1
3096,183,1
3097,95,1
3098,61,1
3099,45,1
3100,69,1
3101,79,1
3102,52,1
3103,35,1
3104,38,1
3105,85,1
3106,113,1
3107,67,1
3108,72,1
3109,164,0
3110,46,1
3111,39,1
3112,83,0
3113,108,1
3114,54,1
3115,32,1
3116,47,1
3117,178,1
3118,61,0
3119,59,1
3120,199,0
3121,94,1
3122,95,0
3123,28,1
3124,83,0
3125,80,1
3126,45,1
3127,157,1
3128,151,1
3129,200,0
3130,23,1
3131,57,0
3132,72,1
3133,109,0
3134,59,1
3135,51,1
3136,105,1
3137,82,1
3138,41,0
3139,41,1
3140,70,1
3141,80,1
3142,82,1
3143,88,1
3144,67,0
3145,97,1
3146,52,1
3147,60,0
3148,71,1
3149,70,1
3150,105,1
3151,52,1
3152,65,1
3153,72,0
3154,52,1
3155,111,1
3156,200,0
3157,115,1
3158,47,1
3159,67,1
3160,96,1
3161,183,1
3162,61,1
3163,114,1
3164,90,1
3165,34,1
3166,54,1
3167,111,1
3168,67,1
3169,108,1
3170,109,1
3171,46,1
3172,32,1
3173,176,1
3174,52,1
3175,60,1
3176,99,1
3177,54,1
3178,20,1
3179,45,1
3180,85,1
3181,52,0
3182,68,1
3183,106,1
3184,72,1
3185,40,1
3186,90,1
3187,37,1
3188,41,0
3189,32,1
3190,37,1
3191,113,1
3192,65,1
3193,200,0
3194,62,1
3195,89,1
3196,109,1
3197,94,1
3198,107,1
3199,135,1
3200,96,1
3201,77,0
3202,104,1
3203,134,0
3204,49,0
3205,54,1
3206,90,1
3207,36,1
3208,45,1
3209,38,1
3210,67,1
3211,89,1
3212,90,1
3213,59,1
3214,61,1
3215,168,1
3216,95,0
3217,90,1
3218,90,1
3219,68,1
3220,42,1
3221,98,1
3222,89,1
3223,42,1
3224,128,1
3225,58,1
3226,28,1
3227,82,1
3228,98,1
3229,48,1
3230,105,1
3231,68,1
3232,96,1
3233,45,1
3234,74,1
3235,37,0
3236,72,1
3237,67,1
3238,82,1
3239,119,1
3240,66,1
3241,48,1
3242,41,1
3243,56,1
3244,163,1
3245,74,0
3246,80,1
3247,117,1
3248,88,1
3249,80,1
3250,107,1
3251,49,0
3252,88,1
3253,75,1
3254,105,0
3255,200,0
3256,56,0
3257,77,1
3258,89,1
3259,48,1
3260,78,1
3261,69,1
3262,133,1
3263,133,0
3264,83,1
3265,52,1
3266,43,1
3267,46,1
3268,106,1
3269,117,0
3270,82,1
3271,53,1
3272,67,0
3273,73,1
3274,90,1
3275,34,0
3276,29,1
3277,40,1
3278,52,1
3279,50,1
3280,48,1
3281,61,1
3282,38,1
3283,120,1
3284,67,0
3285,74,1
3286,34,0
3287,98,1
3288,106,0
3289,56,1
3290,55,0
3291,45,1
3292,84,1
3293,25,0
3294,119,1
3295,97,1
3296,42,1
3297,200,0
3298,69,1
3299,142,1
3300,147,1
3301,76,1
3302,63,1
3303,46,1
3304,73,1
3305,108,1
3306,71,1
3307,95,1
3308,54,0
3309,124,1
3310,43,1
3311,32,1
3312,93,0
3313,43,1
3314,193,0
3315,64,1
3316,81,1
3317,48,1
3318,100,1
3319,101,0
3320,60,1
3321,58,1
3322,61,0
3323,161,1
3324,61,1
3325,89,0
3326,30,1
3327,100,0
3328,106,1
3329,112,1
3330,103,1
3331,93,0
3332,33,1
3333,112,1
3334,46,1
3335,48,1
3336,159,1
3337,116,1
3338,56,0
3339,51,1
3340,36,0
3341,56,1
3342,45,0
3343,65,1
3344,53,1
3345,69,0
3346,48,0
3347,78,1
3348,85,1
3349,64,1
3350,35,0
3351,23,0
3352,33,0
3353,45,1
3354,48,1
3355,114,1
3356,30,1
3357,43,0
3358,56,1
3359,57,0
3360,59,1
3361,76,1
3362,87,1
3363,175,1
3364,72,1
3365,182,0
3366,94,1
3367,48,1
3368,47,1
3369,56,1
3370,57,1
3371,99,1
3372,78,1
3373,151,1
3374,127,1
3375,200,0
3376,162,1
3377,72,1
3378,52,1
3379,100,1
3380,74,1
3381,39,1
3382,111,1
3383,48,1
3384,38,1
3385,123,0
3386,59,1
3387,39,1
3388,46,1
3389,83,1
3390,20,0
3391,46,1
3392,32,1
3393,35,1
3394,94,1
3395,86,0
3396,101,1
3397,72,1
3398,98,1
3399,39,0
3400,113,1
3401,39,0
3402,130,1
3403,66,1
3404,40,0
3405,103,1
3406,40,1
3407,43,1
3408,75,1
3409,62,1
3410,100,1
3411,57,1
3412,78,1
3413,51,1
3414,120,1
3415,33,1
3416,46,1
3417,57,1
3418,86,1
3419,41,1
3420,57,1
3421,40,1
3422,72,1
3423,69,1
3424,117,1
3425,62,1
3426,59,1
3427,42,1
3428,80,1
3429,95,1
3430,48,1
3431,78,1
3432,69,1
3433,25,1
3434,115,0
3435,83,1
3436,86,1
3437,74,1
3438,46,1
3439,200,0
3440,43,1
3441,20,0
3442,75,0
3443,94,0
3444,52,1
3445,126,1
3446,64,0
3447,61,1
3448,65,1
3449,39,1
3450,63,0
3451,94,1
3452,52,0
3453,73,0
3454,42,0
3455,62,1
3456,28,1
3457,48,1
3458,44,1
3459,91,1
3460,54,1
3461,45,0
3462,46,1
3463,54,1
3464,47,1
3465,67,1
3466,112,1
3467,135,1
3468,62,0
3469,39,1
3470,60,1
3471,43,1
3472,95,1
3473,75,1
3474,72,1
3475,100,1
3476,105,1
3477,144,1
3478,122,1
3479,90,1
3480,87,1
3481,155,1
3482,94,1
3483,49,0
3484,96,1
3485,97,1
3486,103,0
3487,50,1
3488,57,1
3489,128,1
3490,56,1
3491,103,1
3492,96,0
3493,83,1
3494,25,1
3495,94,1
3496,86,0
3497,61,1
3498,93,0
3499,32,0
3500,69,1
3501,46,1
3502,56,1
3503,89,1
3504,40,0
3505,72,1
3506,107,1
3507,69,0
3508,50,0
3509,47,1
3510,51,1
3511,55,1
3512,61,1
3513,67,0
3514,79,1
3515,79,1
3516,147,1
3517,51,1
3518,57,1
3519,131,0
3520,80,0
3521,44,1
3522,132,1
3523,103,0
3524,37,1
3525,109,1
3526,94,1
3527,47,1
3528,84,1
3529,50,1
3530,137,1
3531,56,1
3532,151,1
3533,149,1
3534,135,0
3535,81,1
3536,67,0
3537,55,1
3538,105,1
3539,30,1
3540,75,1
3541,73,0
3542,127,1
3543,48,1
3544,88,1
3545,55,1
3546,28,1
3547,23,0
3548,65,1
3549,54,0
3550,59,1
3551,57,0
3552,99,1
3553,84,0
3554,48,0
3555,133,1
3556,57,1
3557,67,1
3558,81,1
3559,89,1
3560,83,1
3561,72,1
3562,44,0
3563,42,1
3564,57,1
3565,41,1
3566,88,1
3567,62,1
3568,67,1
3569,53,1
3570,194,1
3571,200,0
3572,57,1
3573,141,1
3574,93,1
3575,91,1
3576,75,0
3577,44,1
3578,47,1
3579,167,1
3580,31,1
3581,21,1
3582,67,1
3583,90,0
3584,137,1
3585,121,1
3586,49,1
3587,47,1
3588,51,1
3589,42,0
3590,100,1
3591,108,0
3592,77,1
3593,103,1
3594,44,1
3595,73,1
3596,60,1
3597,59,0
3598,80,1
3599,50,0
3600,97,1
3601,81,0
3602,165,1
3603,48,0
3604,27,1
3605,61,1
3606,68,1
3607,87,0
3608,67,1
3609,103,1
3610,44,0
3611,185,1
3612,74,1
3613,69,1
3614,49,1
3615,92,1
3616,181,1
3617,109,1
3618,49,1
3619,80,1
3620,28,1
3621,37,1
3622,111,1
3623,92,1
3624,114,0
3625,48,1
3626,108,1
3627,47,1
3628,168,1
3629,41,1
3630,104,1
3631,74,1
3632,97,1
3633,44,1
3634,39,0
3635,93,1
3636,168,1
3637,58,1
3638,51,1
3639,129,1
3640,25,1
3641,57,1
3642,34,1
3643,105,1
3644,76,1
3645,116,1
3646,64,1
3647,53,1
3648,127,1
3649,32,1
3650,61,1
3651,156,0
3652,75,1
3653,57,0
3654,33,1
3655,31,1
3656,109,1
3657,97,1
3658,75,1
3659,39,1
3660,49,0
3661,58,0
3662,72,1
3663,200,0
3664,87,1
3665,54,1
3666,61,1
3667,117,1
3668,76,1
3669,88,1
3670,51,0
3671,40,1
3672,84,1
3673,62,1
3674,72,1
3675,62,1
3676,51,0
3677,156,1
3678,105,1
3679,85,1
3680,68,1
3681,45,1
3682,34,1
3683,66,1
3684,75,1
3685,62,0
3686,70,1
3687,80,1
3688,200,0
3689,37,1
3690,53,1
3691,130,1
3692,30,1
3693,42,1
3694,133,1
3695,71,1
3696,60,1
3697,124,1
3698,58,1
3699,42,1
3700,146,1
3701,118,1
3702,126,1
3703,81,1
3704,99,1
3705,63,1
3706,69,1
3707,77,1
3708,87,0
3709,61,1
3710,59,0
3711,76,1
3712,50,0
3713,45,1
3714,65,1
3715,116,1
3716,31,1
3717,90,1
3718,89,1
3719,36,0
3720,200,0
3721,31,1
3722,69,1
3723,53,0
3724,71,1
3725,51,1
3726,60,1
3727,25,0
3728,80,1
3729,67,1
3730,129,1
3731,148,0
3732,44,1
3733,82,1
3734,30,1
3735,200,0
3736,57,1
3737,90,1
3738,72,1
3739,78,1
3740,98,1
3741,81,1
3742,52,1
3743,50,1
3744,54,1
3745,110,1
3746,83,0
3747,89,0
3748,63,0
3749,76,0
3750,156,0
3751,155,1
3752,30,0
3753,88,1
3754,75,1
3755,56,0
3756,70,1
3757,79,1
3758,31,0
3759,38,1
3760,76,1
3761,60,1
3762,67,1
3763,98,1
3764,106,1
3765,71,1
3766,111,1
3767,106,1
3768,92,0
3769,77,0
3770,41,1
3771,75,1
3772,33,0
3773,54,1
3774,68,1
3775,150,1
3776,53,1
3777,80,1
3778,86,0
3779,58,1
3780,46,1
3781,46,0
3782,55,1
3783,67,1
3784,98,1
3785,127,0
3786,155,0
3787,92,1
3788,52,1
3789,66,0
3790,29,0
3791,69,1
3792,174,0
3793,102,1
3794,33,1
3795,61,1
3796,73,1
3797,58,1
3798,70,1
3799,51,1
3800,47,1
3801,45,1
3802,72,1
3803,88,1
3804,103,1
3805,49,1
3806,52,0
3807,74,1
3808,35,0
3809,92,1
3810,76,1
3811,44,1
3812,62,1
3813,74,1
3814,49,0
3815,39,0
3816,64,1
3817,118,1
3818,34,1
3819,104,1
3820,44,1
3821,86,1
3822,61,1
3823,67,1
3824,98,1
3825,70,1
3826,166,1
3827,100,1
3828,126,1
3829,47,0
3830,57,1
3831,40,1
3832,47,1
3833,53,1
3834,106,1
3835,200,0
3836,59,1
3837,172,1
3838,39,1
3839,83,1
3840,89,0
3841,121,1
3842,35,0
3843,41,1
3844,71,1
3845,200,0
3846,72,1
3847,59,0
3848,137,1
3849,63,1
3850,51,0
3851,60,1
3852,65,0
3853,46,1
3854,120,1
3855,110,0
3856,88,1
3857,81,1
3858,144,1
3859,143,0
3860,113,1
3861,48,1
3862,200,0
3863,43,1
3864,45,1
3865,43,1
3866,54,1
3867,70,1
3868,63,1
3869,71,0
3870,106,1
3871,43,1
3872,75,1
3873,132,0
3874,61,0
3875,106,0
3876,200,0
3877,105,1
3878,30,1
3879,94,1
3880,75,1
3881,44,0
3882,165,1
3883,29,1
3884,84,1
3885,27,1
3886,46,0
3887,89,1
3888,33,1
3889,71,1
3890,85,1
3891,38,1
3892,62,0
3893,39,1
3894,106,1
3895,42,1
3896,134,1
3897,41,0
3898,34,1
3899,56,1
3900,102,1
3901,93,1
3902,200,0
3903,54,1
3904,105,1
3905,93,1
3906,178,1
3907,51,0
3908,120,1
3909,81,1
3910,44,1
3911,76,0
3912,115,1
3913,68,1
3914,100,1
3915,87,1
3916,55,1
3917,122,1
3918,113,1
3919,50,1
3920,40,1
3921,92,1
3922,84,1
3923,77,1
3924,117,1
3925,37,1
3926,62,1
3927,63,1
3928,72,1
3929,63,1
3930,92,1
3931,27,1
3932,65,1
3933,39,1
3934,140,1
3935,88,1
3936,63,1
3937,42,1
3938,70,1
3939,167,1
3940,47,1
3941,77,1
3942,39,0
3943,43,1
3944,91,1
3945,84,0
3946,122,1
3947,66,0
3948,196,1
3949,51,1
3950,41,1
3951,35,1
3952,39,1
3953,72,0
3954,72,1
3955,101,1
3956,79,1
3957,59,1
3958,34,1
3959,68,1
3960,47,1
3961,97,0
3962,58,1
3963,33,1
3964,33,1
3965,62,1
3966,61,1
3967,97,1
3968,49,1
3969,60,1
3970,48,0
3971,106,1
3972,91,1
3973,50,1
3974,44,1
3975,40,1
3976,80,1
3977,51,0
3978,108,1
3979,41,1
3980,47,1
3981,42,1
3982,57,1
3983,137,1
3984,50,1
3985,64,1
3986,162,1
3987,29,1
3988,78,1
3989,133,1
3990,116,1
3991,67,1
3992,68,1
3993,107,1
3994,143,1
3995,63,1
3996,80,1
3997,83,1
3998,77,1
3999,86,1
4000,134,0
4001,45,1
4002,55,1
4003,59,1
4004,54,1
4005,84,1
4006,62,1
4007,114,1
4008,45,1
4009,82,0
4010,56,0
4011,57,1
4012,67,0
4013,169,1
4014,92,1
4015,80,1
4016,39,1
4017,108,1
4018,102,1
4019,55,1
4020,88,1
4021,91,0
4022,159,0
4023,32,1
4024,176,1
4025,196,1
4026,64,1
4027,105,0
4028,19,0
4029,42,1
4030,74,1
4031,47,1
4032,88,1
4033,42,1
4034,70,1
4035,179,1
4036,49,1
4037,88,1
4038,56,1
4039,95,0
4040,48,1
4041,126,1
4042,55,1
4043,121,1
4044,81,1
4045,84,0
4046,132,0
4047,95,1
4048,97,1
4049,94,1
4050,28,1
4051,167,1
4052,91,1
4053,68,1
4054,66,0
4055,24,1
4056,97,1
4057,29,1
4058,56,1
4059,41,1
4060,79,1
4061,147,1
4062,57,1
4063,49,1
4064,104,1
4065,29,1
4066,68,1
4067,48,1
4068,58,0
4069,63,1
4070,89,0
4071,52,1
4072,59,1
4073,57,1
4074,36,1
4075,69,1
4076,40,1
4077,62,1
4078,144,1
4079,54,0
4080,31,1
4081,25,0
4082,35,1
4083,168,0
4084,126,1
4085,45,1
4086,77,1
4087,57,1
4088,68,1
4089,141,1
4090,50,1
4091,52,1
4092,75,1
4093,45,1
4094,129,0
4095,200,0
4096,53,1
4097,57,0
4098,50,1
4099,122,0
4100,63,1
4101,52,1
4102,80,0
4103,200,0
4104,93,1
4105,113,1
4106,23,0
4107,80,1
4108,28,1
4109,91,0
4110,76,1
4111,74,1
4112,33,0
4113,58,1
4114,121,1
4115,62,1
4116,35,1
4117,121,0
4118,77,1
4119,174,1
4120,69,0
4121,46,1
4122,60,0
4123,57,1
4124,41,1
4125,111,0
4126,75,1
4127,68,0
4128,41,1
4129,52,1
4130,139,1
4131,53,1
4132,102,1
4133,121,0
4134,90,1
4135,131,0
4136,49,1
4137,70,0
4138,82,1
4139,44,1
4140,128,1
4141,49,1
4142,46,1
4143,68,0
4144,23,1
4145,56,0
4146,69,1
4147,56,1
4148,70,1
4149,28,1
4150,64,0
4151,55,1
4152,63,1
4153,52,0
4154,24,0
4155,88,1
4156,113,1
4157,113,1
4158,91,1
4159,109,1
4160,120,0
4161,89,0
4162,82,1
4163,29,1
4164,37,1
4165,70,1
4166,60,0
4167,200,0
4168,113,1
4169,46,0
4170,87,1
4171,66,1
4172,51,1
4173,37,1
4174,42,0
4175,47,1
4176,128,1
4177,100,1
4178,107,1
4179,180,1
4180,105,1
4181,38,1
4182,73,1
4183,44,1
4184,89,1
4185,131,1
4186,68,1
4187,55,1
4188,135,0
4189,39,1
4190,84,1
4191,105,1
4192,73,1
4193,80,1
4194,21,1
4195,135,1
4196,78,1
4197,102,1
4198,64,1
4199,85,1
4200,58,1
4201,93,1
4202,78,1
4203,70,1
4204,59,1
4205,131,1
4206,116,1
4207,65,1
4208,71,1
4209,91,1
4210,72,1
4211,99,0
4212,168,1
4213,102,0
4214,71,1
4215,98,1
4216,73,0
4217,48,1
4218,31,1
4219,83,0
4220,123,0
4221,109,0
4222,163,0
4223,42,0
4224,87,1
4225,132,1
4226,51,1
4227,56,0
4228,63,0
4229,45,1
4230,106,1
4231,68,0
4232,68,1
4233,114,1
4234,61,0
4235,46,1
4236,97,1
4237,59,0
4238,74,1
4239,50,1
4240,44,1
4241,44,1
4242,162,1
4243,66,1
4244,200,1
4245,80,1
4246,161,1
4247,32,1
4248,83,0
4249,47,1
4250,60,1
4251,70,1
4252,124,1
4253,32,0
4254,27,0
4255,95,1
4256,86,1
4257,61,1
4258,58,1
4259,122,1
4260,67,1
4261,32,1
4262,48,0
4263,130,1
4264,51,1
4265,24,1
4266,93,1
4267,112,1
4268,66,1
4269,63,1
4270,81,0
4271,98,1
4272,141,1
4273,94,1
4274,70,0
4275,61,1
4276,64,1
4277,94,1
4278,83,0
4279,68,1
4280,89,1
4281,48,1
4282,100,1
4283,131,1
4284,107,1
4285,59,0
4286,48,1
4287,57,1
4288,133,1
4289,59,1
4290,49,1
4291,75,1
4292,69,0
4293,54,1
4294,39,1
4295,141,1
4296,36,1
4297,102,1
4298,53,1
4299,117,1
4300,80,1
4301,78,1
4302,53,1
4303,68,1
4304,62,1
4305,37,1
4306,200,0
4307,28,1
4308,108,1
4309,25,0
4310,76,1
4311,136,1
4312,70,1
4313,129,1
4314,53,1
4315,41,1
4316,46,1
4317,57,1
4318,90,1
4319,64,1
4320,46,0
4321,153,1
4322,71,1
4323,51,1
4324,99,1
4325,38,0
4326,62,1
4327,109,1
4328,57,1
4329,43,1
4330,40,1
4331,55,0
4332,29,1
4333,123,1
4334,56,0
4335,51,0
4336,83,0
4337,52,0
4338,66,0
4339,89,1
4340,82,1
4341,58,1
4342,94,0
4343,107,1
4344,94,1
4345,42,1
4346,53,1
4347,65,1
4348,40,0
4349,101,1
4350,52,1
4351,129,0
4352,65,1
4353,42,1
4354,150,1
4355,57,1
4356,69,1
4357,89,1
4358,43,1
4359,35,1
4360,40,1
4361,108,1
4362,45,1
4363,42,1
4364,48,0
4365,200,0
4366,50,1
4367,63,0
4368,126,1
4369,64,1
4370,91,0
4371,133,1
4372,200,0
4373,63,1
4374,130,1
4375,33,0
4376,82,0
4377,94,1
4378,64,1
4379,24,1
4380,49,0
4381,67,0
4382,119,1
4383,65,1
4384,106,1
4385,175,1
4386,25,1
4387,75,1
4388,84,1
4389,176,1
4390,84,0
4391,132,1
4392,74,1
4393,35,1
4394,115,1
4395,74,1
4396,47,1
4397,65,1
4398,131,1
4399,93,0
4400,48,1
4401,112,1
4402,103,1
4403,51,1
4404,30,1
4405,200,0
4406,48,0
4407,179,1
4408,113,0
4409,55,0
4410,42,0
4411,152,1
4412,28,1
4413,31,1
4414,107,0
4415,47,0
4416,26,1
4417,75,0
4418,41,1
4419,58,1
4420,70,0
4421,79,1
4422,94,1
4423,121,1
4424,101,1
4425,61,1
4426,46,1
4427,70,1
4428,86,1
4429,30,1
4430,106,1
4431,94,1
4432,52,1
4433,51,0
4434,81,1
4435,81,0
4436,112,1
4437,88,1
4438,200,0
4439,56,1
4440,90,1
4441,62,1
4442,41,1
4443,34,1
4444,57,1
4445,63,1
4446,156,1
4447,66,1
4448,58,0
4449,73,1
4450,81,1
4451,188,0
4452,66,1
4453,51,1
4454,81,1
4455,76,1
4456,39,1
4457,95,0
4458,64,0
4459,112,1
4460,36,1
4461,45,0
4462,46,1
4463,60,1
4464,123,1
4465,99,0
4466,82,1
4467,81,1
4468,141,0
4469,52,1
4470,112,1
4471,200,0
4472,26,1
4473,80,1
4474,69,0
4475,123,0
4476,136,0
4477,27,0
4478,67,1
4479,200,0
4480,42,1
4481,65,1
4482,28,1
4483,75,1
4484,52,0
4485,81,1
4486,56,0
4487,36,1
4488,129,1
4489,166,1
4490,67,1
4491,44,1
4492,92,1
4493,58,1
4494,36,1
4495,32,1
4496,46,1
4497,56,1
4498,46,0
4499,24,0
4500,78,1
4501,42,1
4502,177,1
4503,67,0
4504,72,1
4505,125,1
4506,103,1
4507,64,1
4508,96,1
4509,88,0
4510,153,1
4511,24,0
4512,35,1
4513,88,1
4514,141,0
4515,52,1
4516,32,1
4517,22,0
4518,200,0
4519,66,1
4520,160,1
4521,39,1
4522,106,1
4523,40,1
4524,104,1
4525,34,0
4526,89,1
4527,77,1
4528,112,1
4529,200,0
4530,70,1
4531,67,1
4532,87,1
4533,152,1
4534,57,1
4535,134,0
4536,46,1
4537,48,1
4538,135,1
4539,190,0
4540,59,1
4541,108,1
4542,127,1
4543,51,1
4544,58,1
4545,53,1
4546,64,1
4547,72,1
4548,46,1
4549,90,1
4550,80,1
4551,62,1
4552,107,1
4553,39,1
4554,39,1
4555,51,1
4556,29,1
4557,32,1
4558,120,1
4559,53,0
4560,71,1
4561,142,1
4562,67,1
4563,57,1
4564,27,1
4565,114,1
4566,86,1
4567,33,0
4568,45,1
4569,91,1
4570,63,0
4571,73,0
4572,47,1
4573,40,1
4574,41,1
4575,200,0
4576,105,1
4577,124,1
4578,50,1
4579,113,1
4580,73,1
4581,62,1
4582,53,1
4583,50,1
4584,86,1
4585,52,1
4586,96,1
4587,86,1
4588,79,1
4589,53,1
4590,26,1
4591,74,1
4592,80,1
4593,95,1
4594,39,0
4595,32,1
4596,160,1
4597,43,1
4598,113,0
4599,64,1
4600,112,1
4601,162,1
4602,38,1
4603,101,1
4604,60,1
4605,94,0
4606,159,1
4607,88,1
4608,90,1
4609,55,0
4610,42,1
4611,48,0
4612,33,1
4613,117,0
4614,51,1
4615,54,1
4616,83,1
4617,70,1
4618,93,1
4619,59,1
4620,70,1
4621,38,1
4622,117,1
4623,71,1
4624,100,1
4625,93,1
4626,17,0
4627,46,0
4628,50,1
4629,75,1
4630,49,1
4631,60,0
4632,70,1
4633,155,1
4634,80,0
4635,77,1
4636,47,0
4637,74,1
4638,144,1
4639,113,1
4640,63,1
4641,76,1
4642,57,1
4643,61,1
4644,77,1
4645,67,1
4646,60,0
4647,66,1
4648,121,0
4649,89,1
4650,59,1
4651,200,0
4652,134,0
4653,135,1
4654,186,1
4655,21,1
4656,46,1
4657,55,1
4658,78,1
4659,41,0
4660,40,1
4661,45,1
4662,144,1
4663,106,1
4664,58,1
4665,73,1
4666,61,1
4667,61,1
4668,92,1
4669,187,1
4670,80,1
4671,49,0
4672,140,1
4673,64,1
4674,184,1
4675,196,1
4676,61,1
4677,90,0
4678,56,1
4679,33,0
4680,95,1
4681,108,1
4682,49,1
4683,83,1
4684,61,1
4685,126,1
4686,68,1
4687,118,1
4688,46,0
4689,102,1
4690,64,0
4691,61,1
4692,121,1
4693,117,1
4694,39,1
4695,40,1
4696,53,1
4697,67,1
4698,36,1
4699,81,1
4700,36,1
4701,123,0
4702,107,1
4703,86,1
4704,117,1
4705,79,1
4706,175,1
4707,68,1
4708,79,1
4709,86,0
4710,111,0
4711,57,1
4712,171,1
4713,85,1
4714,38,1
4715,36,1
4716,42,1
4717,71,1
4718,153,1
4719,87,1
4720,200,0
4721,96,1
4722,39,1
4723,79,1
4724,55,1
4725,30,1
4726,57,1
4727,45,0
4728,128,1
4729,84,1
4730,41,0
4731,62,1
4732,91,1
4733,54,1
4734,69,1
4735,95,1
4736,58,0
4737,53,1
4738,90,1
4739,100,1
4740,55,1
4741,130,1
4742,54,1
4743,71,1
4744,36,1
4745,39,0
4746,50,1
4747,82,1
4748,43,1
4749,78,1
4750,68,1
4751,51,1
4752,71,0
4753,29,1
4754,97,1
4755,38,0
4756,88,1
4757,35,1
4758,55,1
4759,93,1
4760,79,0
4761,69,1
4762,68,0
4763,126,1
4764,89,1
4765,71,1
4766,47,0
4767,145,1
4768,80,1
4769,200,0
4770,80,1
4771,71,1
4772,31,1
4773,77,0
4774,41,1
4775,52,1
4776,57,1
4777,74,1
4778,104,1
4779,37,1
4780,78,1
4781,55,1
4782,103,1
4783,110,1
4784,75,1
4785,167,1
4786,31,1
4787,200,0
4788,72,1
4789,54,1
4790,57,1
4791,117,1
4792,128,1
4793,57,1
4794,68,0
4795,38,1
4796,53,1
4797,61,1
4798,180,1
4799,86,1
4800,167,1
4801,39,1
4802,192,1
4803,92,1
4804,67,0
4805,47,1
4806,42,1
4807,42,1
4808,87,1
4809,51,1
4810,40,1
4811,76,1
4812,117,1
4813,45,1
4814,75,1
4815,41,0
4816,45,1
4817,55,0
4818,43,1
4819,129,1
4820,37,1
4821,97,1
4822,118,1
4823,45,1
4824,106,1
4825,91,1
4826,54,0
4827,41,1
4828,54,1
4829,94,1
4830,81,1
4831,92,1
4832,49,0
4833,61,1
4834,82,0
4835,97,0
4836,101,1
4837,80,1
4838,62,1
4839,76,1
4840,62,1
4841,24,0
4842,108,1
4843,80,1
4844,62,0
4845,85,1
4846,53,1
4847,58,1
4848,64,0
4849,52,1
4850,64,1
4851,78,1
4852,34,1
4853,79,1
4854,35,0
4855,41,1
4856,50,1
4857,52,1
4858,75,1
4859,77,0
4860,65,1
4861,50,1
4862,55,1
4863,62,1
4864,41,1
4865,69,1
4866,39,1
4867,45,1
4868,42,1
4869,70,1
4870,200,0
4871,30,1
4872,154,0
4873,98,1
4874,131,0
4875,30,1
4876,91,1
4877,40,1
4878,74,1
4879,191,1
4880,84,1
4881,38,0
4882,48,1
4883,68,1
4884,75,1
4885,144,1
4886,43,1
4887,75,1
4888,72,0
4889,54,1
4890,105,1
4891,102,1
4892,56,0
4893,65,1
4894,188,1
4895,112,1
4896,78,0
4897,84,0
4898,85,1
4899,78,1
4900,33,1
4901,43,0
4902,62,1
4903,85,1
4904,95,1
4905,63,1
4906,89,1
4907,38,1
4908,109,0
4909,33,1
4910,56,1
4911,57,1
4912,73,1
4913,117,1
4914,58,1
4915,77,1
4916,63,1
4917,63,1
4918,62,1
4919,56,0
4920,64,1
4921,63,1
4922,88,0
4923,120,1
4924,94,1
4925,48,1
4926,116,1
4927,55,1
4928,78,1
4929,156,1
4930,129,0
4931,120,0
4932,72,0
4933,45,1
4934,59,1
4935,41,1
4936,62,0
4937,82,1
4938,67,1
4939,90,1
4940,161,1
4941,63,1
4942,37,0
4943,127,1
4944,58,1
4945,60,0
4946,59,1
4947,58,1
4948,38,0
4949,60,1
4950,70,1
4951,87,0
4952,34,1
4953,42,0
4954,96,1
4955,39,0
4956,56,1
4957,54,1
4958,126,1
4959,67,1
4960,55,1
4961,46,1
4962,166,1
4963,71,1
4964,50,0
4965,44,1
4966,126,1
4967,72,1
4968,166,1
4969,65,0
4970,76,1
4971,47,0
4972,36,1
4973,23,1
4974,31,0
4975,113,1
4976,48,1
4977,53,1
4978,32,1
4979,64,1
4980,52,1
4981,63,0
4982,60,1
4983,41,0
4984,83,1
4985,61,0
4986,134,1
4987,91,1
4988,88,1
4989,36,0
4990,73,1
4991,132,0
4992,95,1
4993,132,0
4994,142,1
4995,43,1
4996,50,1
4997,51,1
4998,88,1
4999,157,1
5000,83,1
5001,179,1
5002,39,1
5003,76,0
5004,81,0
5005,30,0
5006,105,0
5007,57,1
5008,104,1
5009,69,1
5010,144,1
5011,123,1
5012,91,1
5013,174,1
5014,89,1
5015,87,1
5016,68,1
5017,61,1
5018,53,1
5019,63,1
5020,39,1
5021,122,1
5022,64,1
5023,64,1
5024,70,0
5025,54,1
5026,52,1
5027,39,1
5028,52,1
5029,60,1
5030,88,1
5031,107,1
5032,192,1
5033,131,1
5034,34,0
5035,82,1
5036,30,0
5037,103,1
5038,81,1
5039,42,1
5040,49,0
5041,30,1
5042,77,0
5043,60,1
5044,60,1
5045,38,1
5046,162,0
5047,107,0
5048,49,1
5049,47,1
5050,37,1
5051,111,1
5052,30,1
5053,77,1
5054,32,1
5055,43,1
5056,47,0
5057,123,0
5058,38,0
5059,85,1
5060,104,1
5061,102,1
5062,92,1
5063,53,0
5064,108,1
5065,63,1
5066,64,1
5067,79,1
5068,83,1
5069,83,1
5070,151,1
5071,39,0
5072,86,1
5073,168,1
5074,37,1
5075,39,1
5076,55,1
5077,51,1
5078,55,1
5079,64,1
5080,46,1
5081,75,1
5082,161,1
5083,87,1
5084,47,1
5085,64,1
5086,41,1
5087,59,0
5088,140,1
5089,200,0
5090,50,1
5091,52,0
5092,61,1
5093,67,0
5094,27,0
5095,50,1
5096,44,1
5097,69,1
5098,41,0
5099,120,1
5100,55,0
5101,32,1
5102,68,0
5103,89,1
5104,61,1
5105,45,1
5106,173,1
5107,64,0
5108,55,1
5109,62,0
5110,172,1
5111,69,1
5112,82,1
5113,43,1
5114,67,1
5115,73,0
5116,77,1
5117,45,0
5118,82,1
5119,37,1
5120,153,1
5121,179,1
5122,104,1
5123,51,1
5124,130,1
5125,47,1
5126,69,1
5127,56,1
5128,70,1
5129,22,1
5130,58,0
5131,73,1
5132,66,1
5133,165,0
5134,49,1
5135,101,1
5136,56,1
5137,52,1
5138,33,1
5139,198,1
5140,66,1
5141,97,1
5142,90,1
5143,43,1
5144,78,1
5145,55,1
5146,54,1
5147,100,0
5148,37,1
5149,93,1
5150,57,1
5151,113,1
5152,90,0
5153,51,1
5154,63,1
5155,71,1
5156,109,1
5157,46,0
5158,45,1
5159,30,1
5160,97,1
5161,51,1
5162,48,0
5163,125,0
5164,60,1
5165,54,1
5166,40,1
5167,199,1
5168,80,1
5169,65,1
5170,77,1
5171,93,1
5172,27,1
5173,52,1
5174,75,1
5175,41,1
5176,85,1
5177,67,1
5178,106,1
5179,121,1
5180,25,1
5181,113,1
5182,64,1
5183,125,1
5184,77,1
5185,55,1
5186,85,1
5187,59,1
5188,147,1
5189,29,1
5190,88,1
5191,115,0
5192,81,1
5193,83,0
5194,42,1
5195,20,0
5196,86,1
5197,65,1
5198,155,1
5199,97,1
5200,107,0
5201,19,0
5202,59,1
5203,87,1
5204,97,1
5205,34,1
5206,96,1
5207,33,0
5208,55,0
5209,72,1
5210,77,1
5211,155,1
5212,19,0
5213,52,1
5214,51,1
5215,65,1
5216,43,1
5217,71,0
5218,107,1
5219,71,1
5220,33,1
5221,47,1
5222,110,1
5223,49,0
5224,178,1
5225,55,0
5226,95,0
5227,200,0
5228,104,1
5229,48,1
5230,79,1
5231,121,1
5232,87,1
5233,64,1
5234,81,1
5235,39,0
5236,76,1
5237,87,0
5238,32,1
5239,42,0
5240,67,1
5241,97,1
5242,73,1
5243,48,1
5244,54,1
5245,53,0
5246,107,0
5247,50,1
5248,97,0
5249,70,1
5250,33,1
5251,45,1
5252,67,0
5253,56,1
5254,192,1
5255,73,1
5256,200,0
5257,141,0
5258,38,1
5259,76,1
5260,46,1
5261,82,1
5262,48,0
5263,37,0
5264,43,0
5265,142,1
5266,90,1
5267,54,1
5268,80,1
5269,119,0
5270,89,0
5271,60,1
5272,20,0
5273,45,1
5274,90,1
5275,44,0
5276,17,0
5277,67,0
5278,50,1
5279,83,1
5280,74,1
5281,51,1
5282,75,1
5283,58,1
5284,64,1
5285,60,1
5286,80,1
5287,57,1
5288,140,0
5289,83,1
5290,133,0
5291,43,1
5292,72,1
5293,90,1
5294,40,1
5295,55,1
5296,117,1
5297,93,1
5298,137,0
5299,24,1
5300,57,0
5301,24,1
5302,66,1
5303,96,1
5304,34,1
5305,68,1
5306,91,0
5307,80,1
5308,62,1
5309,73,0
5310,57,1
5311,62,1
5312,60,1
5313,38,1
5314,91,0
5315,149,1
5316,97,1
5317,55,0
5318,87,1
5319,59,1
5320,61,1
5321,44,0
5322,151,1
5323,88,1
5324,114,1
5325,92,1
5326,78,1
5327,57,1
5328,120,1
5329,27,0
5330,167,0
5331,59,1
5332,82,1
5333,182,1
5334,80,1
5335,130,0
5336,92,0
5337,53,0
5338,192,0
5339,172,1
5340,109,1
5341,53,1
5342,60,1
5343,38,1
5344,79,0
5345,54,1
5346,64,1
5347,64,1
5348,72,1
5349,110,1
5350,50,1
5351,77,1
5352,63,1
5353,46,1
5354,116,1
5355,33,1
5356,49,1
5357,33,0
5358,49,1
5359,31,1
5360,29,1
5361,31,1
5362,39,1
5363,70,1
5364,124,1
5365,58,1
5366,29,1
5367,116,1
5368,77,1
5369,118,1
5370,49,1
5371,113,1
5372,82,1
5373,41,1
5374,38,1
5375,37,1
5376,49,0
5377,38,1
5378,50,1
5379,53,1
5380,56,0
5381,81,1
5382,160,0
5383,97,1
5384,76,1
5385,120,1
5386,42,1
5387,124,1
5388,48,1
5389,74,1
5390,37,1
5391,98,0
5392,71,1
5393,31,1
5394,20,0
5395,88,1
5396,143,1
5397,88,1
5398,72,1
5399,59,1
5400,112,1
5401,41,1
5402,82,1
5403,89,0
5404,45,1
5405,78,1
5406,32,0
5407,42,1
5408,59,1
5409,108,1
5410,72,1
5411,67,1
5412,51,1
5413,68,1
5414,80,1
5415,51,0
5416,67,1
5417,48,1
5418,35,1
5419,87,0
5420,82,0
5421,130,1
5422,108,1
5423,83,1
5424,54,0
5425,83,1
5426,76,1
5427,86,1
5428,46,1
5429,42,1
5430,130,1
5431,82,1
5432,54,1
5433,53,1
5434,143,1
5435,53,0
5436,55,1
5437,53,1
5438,61,1
5439,50,1
5440,88,0
5441,53,1
5442,70,0
5443,86,0
5444,44,1
5445,46,1
5446,61,1
5447,82,1
5448,38,1
5449,86,0
5450,45,0
5451,84,1
5452,32,0
5453,64,1
5454,52,1
5455,47,0
5456,53,1
5457,79,1
5458,75,1
5459,46,0
5460,64,1
5461,184,1
5462,91,1
5463,120,1
5464,94,1
5465,47,1
5466,57,1
5467,161,1
5468,29,0
5469,52,1
5470,126,1
5471,53,1
5472,94,1
5473,83,1
5474,112,0
5475,70,1
5476,61,0
5477,39,1
5478,48,1
5479,43,1
5480,57,1
5481,39,1
5482,100,1
5483,35,1
5484,54,1
5485,104,0
5486,45,1
5487,62,1
5488,103,1
5489,51,0
5490,106,1
5491,135,1
5492,100,1
5493,78,1
5494,135,1
5495,139,1
5496,54,0
5497,46,0
5498,67,1
5499,20,0
5500,125,1
5501,45,1
5502,50,1
5503,92,0
5504,78,0
5505,80,1
5506,144,1
5507,200,0
5508,123,1
5509,112,1
5510,93,1
5511,83,1
5512,63,1
5513,133,1
5514,71,1
5515,186,0
5516,50,1
5517,64,1
5518,51,1
5519,102,1
5520,77,1
5521,31,1
5522,104,1
5523,70,1
5524,37,1
5525,82,1
5526,48,1
5527,59,1
5528,106,1
5529,72,1
5530,33,0
5531,51,0
5532,44,1
5533,53,1
5534,91,0
5535,115,1
5536,58,1
5537,46,0
5538,34,1
5539,62,0
5540,117,0
5541,151,0
5542,105,1
5543,56,1
5544,94,1
5545,72,1
5546,51,1
5547,61,1
5548,64,0
5549,83,0
5550,135,1
5551,35,1
5552,189,1
5553,50,1
5554,58,0
5555,54,1
5556,73,1
5557,96,0
5558,40,1
5559,50,1
5560,53,1
5561,52,1
5562,55,1
5563,20,0
5564,97,1
5565,62,1
5566,96,1
5567,95,1
5568,33,1
5569,23,1
5570,86,1
5571,76,1
5572,41,1
5573,66,1
5574,113,1
5575,84,1
5576,77,0
5577,31,0
5578,158,1
5579,55,1
5580,200,0
5581,58,1
5582,80,1
5583,44,1
5584,36,0
5585,95,1
5586,46,1
5587,40,1
5588,77,0
5589,92,1
5590,48,1
5591,38,1
5592,60,0
5593,48,1
5594,69,1
5595,50,1
5596,49,1
5597,77,1
5598,51,0
5599,63,1
5600,75,1
5601,71,1
5602,33,1
5603,67,1
5604,98,1
5605,44,1
5606,99,1
5607,150,0
5608,145,1
5609,36,1
5610,67,1
5611,137,1
5612,68,1
5613,82,0
5614,144,1
5615,68,1
5616,102,1
5617,99,1
5618,101,1
5619,61,1
5620,58,1
5621,165,1
5622,176,0
5623,36,1
5624,101,0
5625,65,0
5626,175,1
5627,61,1
5628,118,1
5629,89,1
5630,52,0
5631,69,0
5632,33,1
5633,88,1
5634,63,1
5635,41,1
5636,21,1
5637,75,1
5638,31,1
5639,106,1
5640,85,1
5641,89,1
5642,51,1
5643,40,1
5644,114,1
5645,39,1
5646,125,1
5647,46,1
5648,52,1
5649,59,1
5650,56,0
5651,152,0
5652,61,1
5653,135,1
5654,69,0
5655,39,1
5656,30,1
5657,60,0
5658,110,1
5659,88,1
5660,54,1
5661,147,1
5662,47,1
5663,87,1
5664,47,1
5665,78,1
5666,135,1
5667,34,1
5668,160,1
5669,130,1
5670,26,0
5671,39,0
5672,167,0
5673,80,1
5674,28,0
5675,152,1
5676,82,1
5677,46,1
5678,38,0
5679,76,0
5680,90,0
5681,57,0
5682,102,1
5683,132,1
5684,51,1
5685,131,1
5686,69,0
5687,31,1
5688,76,1
5689,46,1
5690,71,1
5691,44,0
5692,42,1
5693,69,1
5694,35,1
5695,33,0
5696,61,1
5697,32,0
5698,53,1
5699,79,1
5700,79,0
5701,130,1
5702,103,1
5703,102,1
5704,76,1
5705,73,0
5706,36,0
5707,106,1
5708,72,1
5709,81,1
5710,46,1
5711,85,1
5712,40,0
5713,77,1
5714,99,1
5715,79,1
5716,81,1
5717,55,1
5718,122,0
5719,49,0
5720,51,1
5721,52,1
5722,59,1
5723,86,1
5724,57,1
5725,177,1
5726,84,0
5727,35,1
5728,45,1
5729,100,1
5730,34,0
5731,72,1
5732,65,0
5733,108,1
5734,42,0
5735,45,1
5736,103,1
5737,123,1
5738,63,0
5739,71,1
5740,56,0
5741,42,1
5742,51,0
5743,58,0
5744,140,1
5745,51,1
5746,25,0
5747,41,1
5748,67,0
5749,49,0
5750,68,1
5751,49,1
5752,71,1
5753,40,1
5754,33,1
5755,103,0
5756,40,1
5757,78,1
5758,98,1
5759,147,1
5760,54,1
5761,200,0
5762,36,1
5763,72,0
5764,139,0
5765,72,1
5766,91,1
5767,95,1
5768,48,0
5769,57,0
5770,40,0
5771,114,1
5772,106,1
5773,62,1
5774,37,0
5775,119,1
5776,36,1
5777,67,0
5778,73,1
5779,40,0
5780,38,1
5781,59,1
5782,119,1
5783,109,1
5784,65,1
5785,51,1
5786,128,1
5787,74,1
5788,68,1
5789,86,1
5790,127,1
5791,55,1
5792,82,1
5793,37,1
5794,90,1
5795,31,1
5796,65,1
5797,114,1
5798,39,0
5799,88,1
5800,66,0
5801,41,1
5802,56,1
5803,68,1
5804,72,1
5805,55,1
5806,30,0
5807,73,1
5808,49,1
5809,91,1
5810,46,1
5811,193,0
5812,52,1
5813,84,1
5814,52,1
5815,45,1
5816,38,1
5817,62,1
5818,31,1
5819,85,1
5820,77,1
5821,96,1
5822,43,1
5823,79,1
5824,86,1
5825,137,0
5826,31,1
5827,38,1
5828,79,0
5829,66,1
5830,66,1
5831,29,1
5832,109,0
5833,62,0
5834,193,1
5835,88,1
5836,65,1
5837,81,1
5838,69,1
5839,51,1
5840,70,1
5841,137,1
5842,64,1
5843,48,0
5844,35,1
5845,56,1
5846,94,0
5847,109,1
5848,98,1
5849,19,1
5850,84,0
5851,153,0
5852,200,0
5853,80,1
5854,124,0
5855,84,1
5856,100,1
5857,155,1
5858,71,0
5859,47,1
5860,97,1
5861,52,0
5862,44,1
5863,148,0
5864,136,1
5865,69,1
5866,69,1
5867,107,1
5868,110,1
5869,40,1
5870,61,1
5871,44,0
5872,58,1
5873,72,1
5874,91,1
5875,64,1
5876,47,1
5877,44,1
5878,62,1
5879,152,0
5880,60,1
5881,147,1
5882,60,1
5883,195,1
5884,103,1
5885,116,1
5886,71,1
5887,36,1
5888,81,1
5889,58,1
5890,117,0
5891,92,1
5892,64,0
5893,31,1
5894,45,1
5895,166,1
5896,54,1
5897,40,1
5898,182,1
5899,40,1
5900,66,1
5901,74,1
5902,49,1
5903,72,1
5904,37,1
5905,136,1
5906,87,1
5907,33,1
5908,30,1
5909,146,0
5910,59,1
5911,99,1
5912,27,0
5913,105,1
5914,89,1
5915,23,1
5916,58,1
5917,64,1
5918,108,1
5919,97,1
5920,186,1
5921,87,1
5922,99,1
5923,67,1
5924,80,1
5925,35,1
5926,23,1
5927,105,1
5928,51,1
5929,52,1
5930,51,0
5931,89,1
5932,188,1
5933,184,1
5934,134,1
5935,74,1
5936,39,0
5937,55,1
5938,97,1
5939,62,1
5940,71,1
5941,77,1
5942,49,1
5943,36,1
5944,33,1
5945,87,1
5946,66,1
5947,68,1
5948,59,0
5949,52,1
5950,85,0
5951,91,1
5952,55,1
5953,115,1
5954,50,1
5955,57,1
5956,76,1
5957,51,1
5958,73,1
5959,42,1
5960,46,1
5961,44,1
5962,53,0
5963,147,1
5964,172,1
5965,77,0
5966,56,1
5967,73,1
5968,78,1
5969,93,0
5970,55,1
5971,65,0
5972,58,1
5973,79,0
5974,32,1
5975,31,1
5976,47,1
5977,110,1
5978,53,1
5979,58,1
5980,36,1
5981,60,1
5982,69,1
5983,64,1
5984,89,1
5985,200,0
5986,200,0
5987,121,1
5988,87,1
5989,100,1
5990,101,1
5991,30,1
5992,43,0
5993,43,1
5994,71,1
5995,35,1
5996,87,1
5997,29,1
5998,80,1
5999,77,1
6000,74,1
6001,89,1
6002,60,1
6003,177,1
6004,129,1
6005,67,1
6006,93,0
6007,101,1
6008,103,1
6009,63,1
6010,115,1
6011,79,0
6012,79,1
6013,41,1
6014,200,0
6015,44,1
6016,200,0
6017,153,1
6018,195,1
6019,57,1
6020,116,1
6021,99,1
6022,65,1
6023,63,0
6024,94,1
6025,64,1
6026,54,1
6027,22,0
6028,85,1
6029,65,1
6030,47,1
6031,152,1
6032,41,1
6033,194,0
6034,26,0
6035,63,1
6036,54,1
6037,68,1
6038,66,1
6039,33,0
6040,91,0
6041,53,1
6042,40,1
6043,47,1
6044,56,1
6045,44,1
6046,96,0
6047,91,1
6048,31,1
6049,72,1
6050,93,1
6051,70,1
6052,92,1
6053,55,1
6054,83,1
6055,29,0
6056,32,1
6057,69,1
6058,140,1
6059,59,1
6060,143,0
6061,48,1
6062,71,1
6063,190,0
6064,65,1
6065,36,0
6066,125,1
6067,35,1
6068,67,0
6069,37,1
6070,178,0
6071,66,1
6072,46,1
6073,55,1
6074,77,1
6075,44,1
6076,93,1
6077,38,1
6078,115,1
6079,40,1
6080,39,1
6081,52,1
6082,28,0
6083,87,1
6084,62,1
6085,60,1
6086,100,0
6087,36,1
6088,38,1
6089,39,1
6090,98,1
6091,44,1
6092,151,1
6093,76,1
6094,53,0
6095,66,1
6096,39,0
6097,200,0
6098,67,1
6099,57,1
6100,143,1
6101,132,1
6102,83,1
6103,161,1
6104,120,1
6105,30,1
6106,151,1
6107,92,1
6108,89,1
6109,66,0
6110,96,1
6111,73,1
6112,143,0
6113,47,1
6114,53,1
6115,35,1
6116,112,1
6117,35,1
6118,179,0
6119,68,1
6120,33,0
6121,94,0
6122,47,1
6123,49,1
6124,65,1
6125,166,0
6126,80,1
6127,40,1
6128,39,1
6129,118,0
6130,52,1
6131,85,1
6132,51,1
6133,98,1
6134,188,1
6135,65,1
6136,40,0
6137,32,1
6138,78,1
6139,103,1
6140,39,1
6141,85,1
6142,56,1
6143,86,1
6144,65,1
6145,52,0
6146,97,0
6147,108,0
6148,57,1
6149,107,0
6150,67,1
6151,74,1
6152,54,1
6153,49,1
6154,83,1
6155,132,1
6156,91,1
6157,36,1
6158,42,0
6159,55,1
6160,71,1
6161,94,1
6162,37,1
6163,61,1
6164,73,1
6165,47,1
6166,70,1
6167,73,1
6168,110,1
6169,20,1
6170,86,1
6171,52,1
6172,199,1
6173,38,0
6174,89,1
6175,68,1
6176,59,1
6177,127,0
6178,61,1
6179,61,0
6180,56,1
6181,76,0
6182,78,1
6183,47,1
6184,44,0
6185,39,1
6186,112,0
6187,75,1
6188,52,1
6189,55,1
6190,71,1
6191,144,0
6192,114,1
6193,119,1
6194,101,1
6195,35,0
6196,70,1
6197,149,1
6198,91,0
6199,63,1
6200,46,1
6201,42,1
6202,116,1
6203,30,0
6204,83,1
6205,34,1
6206,27,1
6207,65,1
6208,71,1
6209,95,1
6210,50,1
6211,93,1
6212,112,1
6213,56,1
6214,28,0
6215,48,1
6216,99,1
6217,101,1
6218,54,1
6219,85,0
6220,131,0
6221,35,1
6222,117,1
6223,73,1
6224,65,1
6225,47,1
6226,61,1
6227,84,0
6228,71,0
6229,81,1
6230,26,0
6231,98,0
6232,73,1
6233,75,0
6234,112,1
6235,71,1
6236,38,1
6237,86,1
6238,34,1
6239,71,1
6240,42,0
6241,153,1
6242,78,0
6243,93,1
6244,64,1
6245,54,1
6246,109,1
6247,48,1
6248,110,1
6249,59,0
6250,81,1
6251,200,0
6252,63,1
6253,34,1
6254,105,1
6255,41,0
6256,200,0
6257,70,1
6258,67,1
6259,74,1
6260,51,1
6261,133,0
6262,85,1
6263,101,1
6264,76,1
6265,65,0
6266,46,1
6267,139,1
6268,93,0
6269,74,1
6270,30,1
6271,61,1
6272,33,1
6273,94,1
6274,119,1
6275,140,0
6276,55,1
6277,116,1
6278,44,1
6279,64,1
6280,37,0
6281,70,1
6282,200,0
6283,45,0
6284,122,1
6285,21,0
6286,65,0
6287,62,1
6288,175,1
6289,72,1
6290,60,1
6291,33,0
6292,100,1
6293,81,1
6294,156,1
6295,83,1
6296,50,0
6297,69,1
6298,127,1
6299,166,1
6300,108,1
6301,97,1
6302,61,1
6303,38,1
6304,22,0
6305,53,1
6306,60,1
6307,69,1
6308,72,1
6309,29,1
6310,97,0
6311,88,0
6312,69,1
6313,36,0
6314,114,1
6315,95,1
6316,120,1
6317,61,1
6318,166,1
6319,92,0
6320,71,1
6321,65,1
6322,155,1
6323,33,1
6324,121,1
6325,68,1
6326,104,1
6327,61,1
6328,159,1
6329,137,1
6330,56,1
6331,74,1
6332,66,1
6333,147,1
6334,118,1
6335,93,1
6336,57,1
6337,104,1
6338,61,1
6339,54,0
6340,58,1
6341,32,1
6342,61,1
6343,64,0
6344,42,1
6345,80,1
6346,33,0
6347,68,1
6348,34,0
6349,83,1
6350,79,1
6351,81,1
6352,92,0
6353,159,1
6354,75,1
6355,65,1
6356,88,1
6357,30,1
6358,69,0
6359,71,1
6360,200,0
6361,51,1
6362,44,1
6363,64,1
6364,148,1
6365,119,1
6366,66,1
6367,28,0
6368,33,1
6369,62,1
6370,99,0
6371,110,1
6372,49,1
6373,104,1
6374,53,1
6375,79,1
6376,73,0
6377,43,0
6378,65,1
6379,52,1
6380,75,1
6381,31,1
6382,141,0
6383,96,0
6384,117,1
6385,80,0
6386,63,0
6387,103,1
6388,102,1
6389,200,0
6390,31,1
6391,56,1
6392,107,0
6393,111,1
6394,62,1
6395,48,0
6396,63,0
6397,72,1
6398,42,1
6399,83,1
6400,78,0
6401,47,1
6402,25,1
6403,110,1
6404,66,0
6405,39,1
6406,43,1
6407,51,1
6408,118,0
6409,65,1
6410,72,1
6411,33,1
6412,95,1
6413,81,1
6414,80,1
6415,32,0
6416,49,1
6417,63,0
6418,36,1
6419,53,1
6420,118,1
6421,63,1
6422,134,1
6423,48,0
6424,105,1
6425,59,0
6426,66,0
6427,81,1
6428,88,1
6429,149,0
6430,100,1
6431,83,1
6432,43,1
6433,55,1
6434,93,1
6435,64,1
6436,71,1
6437,77,1
6438,34,1
6439,61,1
6440,65,1
6441,64,1
6442,152,0
6443,127,1
6444,72,1
6445,50,1
6446,47,1
6447,63,1
6448,126,1
6449,66,1
6450,44,0
6451,71,1
6452,106,0
6453,63,1
6454,72,1
6455,34,0
6456,88,1
6457,76,1
6458,53,1
6459,50,0
6460,43,1
6461,97,1
6462,64,1
6463,68,0
6464,146,1
6465,129,1
6466,57,1
6467,46,1
6468,56,1
6469,68,0
6470,121,1
6471,165,0
6472,89,1
6473,54,1
6474,43,1
6475,112,1
6476,93,1
6477,52,1
6478,63,0
6479,69,0
6480,97,1
6481,86,1
6482,130,0
6483,31,1
6484,41,1
6485,132,1
6486,158,1
6487,42,1
6488,101,1
6489,74,1
6490,126,1
6491,81,1
6492,47,0
6493,78,1
6494,200,0
6495,32,0
6496,112,1
6497,98,1
6498,37,1
6499,51,1
6500,37,1
6501,72,1
6502,56,0
6503,74,1
6504,131,1
6505,123,1
6506,23,0
6507,63,1
6508,40,1
6509,158,1
6510,104,1
6511,82,1
6512,132,0
6513,57,1
6514,79,1
6515,83,1
6516,74,1
6517,31,1
6518,51,0
6519,31,1
6520,143,1
6521,146,1
6522,68,1
6523,62,0
6524,65,1
6525,98,1
6526,31,1
6527,121,0
6528,55,1
6529,134,1
6530,63,1
6531,69,1
6532,82,1
6533,41,1
6534,76,1
6535,74,1
6536,85,0
6537,122,0
6538,88,1
6539,14,0
6540,38,1
6541,66,1
6542,54,0
6543,49,0
6544,81,0
6545,72,0
6546,161,1
6547,65,1
6548,145,1
6549,61,1
6550,54,1
6551,39,0
6552,79,1
6553,35,1
6554,52,1
6555,80,0
6556,52,1
6557,80,0
6558,49,1
6559,60,1
6560,47,1
6561,83,0
6562,54,1
6563,30,1
6564,101,1
6565,140,1
6566,45,1
6567,39,1
6568,106,1
6569,44,1
6570,55,1
6571,85,1
6572,83,0
6573,39,1
6574,200,0
6575,33,1
6576,59,1
6577,26,1
6578,30,1
6579,42,1
6580,162,1
6581,60,0
6582,64,1
6583,54,0
6584,158,1
6585,166,1
6586,76,0
6587,148,1
6588,119,0
6589,37,1
6590,124,1
6591,37,0
6592,85,1
6593,49,1
6594,57,0
6595,77,1
6596,52,1
6597,39,0
6598,57,0
6599,71,1
6600,93,1
6601,42,1
6602,34,0
6603,53,1
6604,66,0
6605,82,0
6606,99,0
6607,152,1
6608,86,1
6609,49,1
6610,55,1
6611,43,1
6612,36,1
6613,50,0
6614,47,1
6615,47,0
6616,65,1
6617,57,1
6618,24,0
6619,64,1
6620,50,1
6621,200,0
6622,35,1
6623,68,1
6624,78,0
6625,200,0
6626,92,1
6627,60,1
6628,65,1
6629,200,0
6630,65,1
6631,64,0
6632,143,1
6633,23,0
6634,114,1
6635,38,0
6636,99,1
6637,50,1
6638,66,0
6639,86,0
6640,94,1
6641,44,1
6642,103,1
6643,91,1
6644,45,1
6645,48,1
6646,60,1
6647,75,1
6648,25,0
6649,50,1
6650,90,0
6651,82,1
6652,54,1
6653,96,1
6654,45,1
6655,36,1
6656,71,1
6657,120,1
6658,41,0
6659,56,1
6660,82,1
6661,65,1
6662,76,1
6663,101,1
6664,70,1
6665,71,0
6666,51,1
6667,64,1
6668,41,1
6669,45,1
6670,143,1
6671,44,0
6672,78,1
6673,43,1
6674,111,0
6675,28,1
6676,58,1
6677,99,1
6678,36,1
6679,99,1
6680,62,0
6681,88,1
6682,58,1
6683,166,1
6684,58,0
6685,28,0
6686,49,1
6687,123,0
6688,59,1
6689,48,1
6690,30,1
6691,102,1
6692,90,1
6693,59,1
6694,114,0
6695,174,1
6696,62,1
6697,53,1
6698,200,0
6699,110,1
6700,41,1
6701,48,1
6702,101,1
6703,83,1
6704,54,1
6705,34,1
6706,196,1
6707,163,0
6708,91,1
6709,53,0
6710,36,1
6711,82,1
6712,52,1
6713,37,0
6714,70,1
6715,76,1
6716,86,1
6717,87,1
6718,27,1
6719,49,1
6720,60,1
6721,86,0
6722,91,0
6723,66,1
6724,70,1
6725,86,0
6726,53,1
6727,110,1
6728,84,1
6729,31,0
6730,80,1
6731,48,1
6732,116,1
6733,21,0
6734,98,1
6735,54,1
6736,45,1
6737,57,1
6738,123,1
6739,39,0
6740,98,1
6741,48,1
6742,46,1
6743,39,1
6744,113,0
6745,97,1
6746,115,1
6747,23,1
6748,77,1
6749,31,1
6750,40,0
6751,113,1
6752,42,1
6753,200,0
6754,59,1
6755,178,1
6756,36,1
6757,109,1
6758,58,1
6759,176,1
6760,121,1
6761,89,1
6762,33,0
6763,58,1
6764,88,0
6765,80,1
6766,200,0
6767,78,0
6768,60,1
6769,42,1
6770,113,0
6771,94,0
6772,187,0
6773,111,1
6774,59,0
6775,101,1
6776,165,1
6777,94,1
6778,82,1
6779,148,1
6780,59,1
6781,106,1
6782,18,0
6783,63,1
6784,79,1
6785,36,1
6786,131,1
6787,144,0
6788,58,1
6789,125,1
6790,47,1
6791,58,0
6792,63,1
6793,45,1
6794,58,1
6795,148,1
6796,73,1
6797,42,0
6798,50,0
6799,64,1
6800,73,1
6801,101,0
6802,73,1
6803,101,1
6804,74,1
6805,86,1
6806,42,0
6807,62,1
6808,34,1
6809,84,1
6810,128,1
6811,93,1
6812,74,1
6813,57,1
6814,64,1
6815,81,0
6816,81,1
6817,98,1
6818,41,1
6819,138,1
6820,34,0
6821,63,1
6822,104,0
6823,145,0
6824,63,0
6825,28,1
6826,45,1
6827,64,1
6828,101,1
6829,25,1
6830,50,1
6831,66,1
6832,140,0
6833,61,1
6834,69,0
6835,31,1
6836,38,1
6837,125,1
6838,61,1
6839,189,1
6840,73,1
6841,104,1
6842,99,1
6843,74,1
6844,110,1
6845,76,1
6846,44,1
6847,44,1
6848,31,1
6849,65,1
6850,57,1
6851,45,1
6852,200,0
6853,81,1
6854,68,1
6855,135,1
6856,44,1
6857,128,1
6858,62,1
6859,25,1
6860,48,0
6861,29,1
6862,74,1
6863,90,1
6864,28,0
6865,31,1
6866,64,1
6867,49,1
6868,72,0
6869,114,1
6870,40,1
6871,141,1
6872,75,1
6873,58,0
6874,75,1
6875,22,0
6876,55,1
6877,86,1
6878,178,1
6879,78,1
6880,36,1
6881,85,1
6882,60,1
6883,70,1
6884,53,1
6885,88,0
6886,83,0
6887,85,1
6888,142,1
6889,60,0
6890,49,1
6891,86,1
6892,37,1
6893,43,1
6894,64,1
6895,57,1
6896,129,1
6897,52,1
6898,87,1
6899,27,0
6900,69,1
6901,72,1
6902,120,1
6903,102,0
6904,91,1
6905,31,0
6906,74,1
6907,62,1
6908,104,0
6909,88,1
6910,131,1
6911,48,0
6912,170,1
6913,40,1
6914,59,1
6915,84,0
6916,72,1
6917,45,1
6918,165,0
6919,127,0
6920,55,0
6921,46,1
6922,88,1
6923,55,0
6924,200,0
6925,97,1
6926,42,0
6927,37,1
6928,88,1
6929,46,1
6930,200,0
6931,32,1
6932,63,0
6933,161,1
6934,193,1
6935,70,1
6936,182,1
6937,105,1
6938,50,1
6939,126,0
6940,51,1
6941,85,0
6942,51,1
6943,63,0
6944,31,0
6945,37,1
6946,31,1
6947,65,0
6948,115,1
6949,175,1
6950,174,1
6951,101,1
6952,58,1
6953,70,1
6954,62,1
6955,78,1
6956,136,1
6957,62,1
6958,57,1
6959,39,1
6960,124,1
6961,45,1
6962,57,1
6963,128,1
6964,181,0
6965,113,1
6966,118,1
6967,87,1
6968,108,1
6969,59,1
6970,43,1
6971,116,1
6972,37,1
6973,59,1
6974,38,1
6975,117,1
6976,57,1
6977,68,1
6978,76,1
6979,113,1
6980,95,1
6981,57,1
6982,39,1
6983,40,1
6984,194,0
6985,87,1
6986,62,1
6987,28,1
6988,105,1
6989,98,1
6990,52,1
6991,101,1
6992,105,0
6993,96,1
6994,177,1
6995,113,1
6996,88,1
6997,92,0
6998,42,1
6999,79,1
7000,83,0
7001,66,0
7002,49,0
7003,23,1
7004,65,1
7005,85,1
7006,64,1
7007,135,0
7008,76,0
7009,95,1
7010,62,1
7011,61,0
7012,54,1
7013,86,1
7014,51,1
7015,108,1
7016,72,1
7017,37,1
7018,149,1
7019,77,1
7020,54,1
7021,45,1
7022,67,0
7023,200,1
7024,73,1
7025,167,1
7026,95,1
7027,32,1
7028,94,1
7029,96,1
7030,39,1
7031,68,1
7032,128,1
7033,138,1
7034,79,1
7035,35,1
7036,66,1
7037,53,1
7038,66,1
7039,60,1
7040,31,1
7041,66,0
7042,72,1
7043,53,0
7044,52,1
7045,123,1
7046,66,1
7047,99,1
7048,88,1
7049,104,1
7050,55,1
7051,104,1
7052,119,1
7053,50,1
7054,106,1
7055,37,1
7056,57,1
7057,38,1
7058,47,1
7059,143,1
7060,117,0
7061,65,1
7062,118,1
7063,52,0
7064,68,1
7065,41,1
7066,112,1
7067,86,1
7068,128,1
7069,48,1
7070,24,1
7071,85,1
7072,76,1
7073,27,1
7074,200,0
7075,107,1
7076,43,1
7077,75,1
7078,66,1
7079,83,1
7080,33,1
7081,154,1
7082,126,1
7083,54,0
7084,120,1
7085,105,0
7086,40,1
7087,69,1
7088,51,0
7089,58,1
7090,31,1
7091,64,1
7092,46,1
7093,33,1
7094,92,1
7095,171,1
7096,82,1
7097,40,1
7098,41,0
7099,58,1
7100,104,1
7101,186,0
7102,92,1
7103,127,1
7104,101,0
7105,46,1
7106,120,1
7107,86,0
7108,68,1
7109,106,1
7110,50,0
7111,45,1
7112,132,1
7113,84,1
7114,64,1
7115,112,1
7116,53,0
7117,106,1
7118,200,0
7119,82,1
7120,55,1
7121,173,1
7122,81,1
7123,55,1
7124,43,0
7125,96,1
7126,40,1
7127,167,1
7128,61,1
7129,84,1
7130,26,1
7131,83,1
7132,103,1
7133,103,0
7134,62,0
7135,66,1
7136,37,0
7137,53,0
7138,116,1
7139,41,1
7140,86,0
7141,36,1
7142,89,0
7143,110,1
7144,200,0
7145,46,0
7146,89,1
7147,59,1
7148,50,0
7149,125,1
7150,50,1
7151,91,1
7152,78,1
7153,118,1
7154,123,1
7155,74,1
7156,55,1
7157,67,0
7158,38,1
7159,75,1
7160,91,0
7161,97,0
7162,49,0
7163,70,1
7164,84,1
7165,135,1
7166,32,1
7167,82,1
7168,124,1
7169,57,1
7170,60,1
7171,42,1
7172,95,1
7173,79,0
7174,72,0
7175,131,1
7176,57,1
7177,36,1
7178,56,1
7179,55,1
7180,48,0
7181,91,1
7182,67,1
7183,41,1
7184,77,1
7185,77,1
7186,52,0
7187,68,1
7188,62,0
7189,63,1
7190,58,0
7191,124,0
7192,75,1
7193,39,1
7194,96,0
7195,47,0
7196,64,1
7197,37,1
7198,36,1
7199,54,1
7200,58,0
7201,129,1
7202,97,1
7203,51,1
7204,79,1
7205,50,1
7206,26,1
7207,123,1
7208,124,1
7209,45,1
7210,59,1
7211,140,1
7212,72,0
7213,44,1
7214,88,0
7215,61,1
7216,70,1
7217,86,1
7218,49,1
7219,126,1
7220,54,0
7221,32,0
7222,79,1
7223,134,1
7224,70,1
7225,88,1
7226,33,0
7227,178,1
7228,117,1
7229,40,1
7230,55,1
7231,130,1
7232,40,0
7233,53,1
7234,84,1
7235,62,1
7236,69,1
7237,82,1
7238,92,1
7239,37,0
7240,145,1
7241,73,1
7242,171,1
7243,119,1
7244,75,1
7245,54,1
7246,50,1
7247,89,1
7248,154,1
7249,56,1
7250,24,1
7251,73,1
7252,115,1
7253,41,1
7254,200,0
7255,53,0
7256,131,1
7257,55,1
7258,75,1
7259,185,1
7260,200,0
7261,119,0
7262,49,1
7263,140,1
7264,100,0
7265,199,1
7266,57,1
7267,146,0
7268,44,1
7269,53,1
7270,37,1
7271,92,1
7272,82,1
7273,62,1
7274,141,0
7275,52,1
7276,76,1
7277,126,1
7278,52,1
7279,115,0
7280,166,1
7281,76,1
7282,54,1
7283,53,0
7284,47,1
7285,188,1
7286,54,0
7287,41,1
7288,49,0
7289,75,1
7290,44,1
7291,45,0
7292,129,0
7293,72,1
7294,35,0
7295,114,1
7296,69,1
7297,55,1
7298,54,1
7299,85,1
7300,74,1
7301,39,0
7302,77,1
7303,48,0
7304,80,1
7305,80,1
7306,29,1
7307,168,1
7308,93,1
7309,43,1
7310,123,0
7311,59,1
7312,101,1
7313,74,1
7314,33,0
7315,120,1
7316,89,1
7317,32,0
7318,40,1
7319,72,1
7320,53,1
7321,73,1
7322,59,0
7323,85,1
7324,119,1
7325,136,0
7326,124,0
7327,76,1
7328,58,1
7329,169,1
7330,200,0
7331,85,1
7332,40,1
7333,50,1
7334,111,1
7335,110,1
7336,44,1
7337,89,0
7338,61,1
7339,59,0
7340,79,0
7341,127,1
7342,35,1
7343,45,1
7344,58,1
7345,46,1
7346,92,1
7347,78,1
7348,149,1
7349,60,1
7350,200,0
7351,94,1
7352,95,1
7353,52,1
7354,70,0
7355,96,1
7356,158,1
7357,68,0
7358,96,1
7359,60,1
7360,103,1
7361,54,1
7362,73,1
7363,78,1
7364,186,0
7365,86,1
7366,37,1
7367,124,0
7368,43,1
7369,71,1
7370,79,0
7371,46,0
7372,69,1
7373,68,1
7374,86,1
7375,59,1
7376,84,1
7377,26,1
7378,48,1
7379,28,0
7380,77,1
7381,29,1
7382,76,1
7383,50,1
7384,78,1
7385,121,1
7386,75,1
7387,24,1
7388,106,1
7389,88,1
7390,131,1
7391,109,1
7392,61,1
7393,50,1
7394,126,1
7395,135,1
7396,88,1
7397,144,0
7398,40,1
7399,31,1
7400,72,0
7401,65,1
7402,59,0
7403,52,0
7404,76,0
7405,96,1
7406,159,0
7407,39,1
7408,64,1
7409,97,1
7410,62,1
7411,89,1
7412,22,0
7413,50,1
7414,77,1
7415,85,1
7416,59,1
7417,44,0
7418,115,1
7419,78,0
7420,26,1
7421,51,1
7422,109,1
7423,47,1
7424,44,1
7425,57,1
7426,145,1
7427,154,1
7428,86,1
7429,71,1
7430,82,1
7431,30,1
7432,63,1
7433,34,1
7434,48,0
7435,35,0
7436,51,1
7437,63,1
7438,48,1
7439,65,1
7440,54,1
7441,73,1
7442,43,1
7443,92,1
7444,130,1
7445,86,0
7446,97,1
7447,25,0
7448,183,1
7449,41,1
7450,44,1
7451,59,1
7452,94,1
7453,200,0
7454,62,0
7455,98,1
7456,64,0
7457,64,1
7458,90,1
7459,138,0
7460,66,1
7461,103,0
7462,86,0
7463,135,1
7464,112,1
7465,84,1
7466,76,1
7467,107,1
7468,49,1
7469,36,1
7470,62,0
7471,137,0
7472,35,1
7473,117,0
7474,58,1
7475,131,1
7476,68,1
7477,133,1
7478,71,0
7479,62,1
7480,108,1
7481,47,1
7482,43,1
7483,67,1
7484,48,1
7485,66,1
7486,152,0
7487,56,1
7488,84,1
7489,69,1
7490,159,1
7491,60,1
7492,78,1
7493,47,1
7494,49,1
7495,36,1
7496,102,0
7497,57,1
7498,79,0
7499,111,1
7500,33,1
7501,50,1
7502,61,1
7503,76,1
7504,49,1
7505,91,1
7506,138,1
7507,98,1
7508,85,1
7509,82,1
7510,72,1
7511,167,1
7512,117,0
7513,65,1
7514,53,1
7515,62,0
7516,82,1
7517,110,1
7518,69,1
7519,72,1
7520,103,1
7521,44,1
7522,36,1
7523,21,1
7524,69,1
7525,162,1
7526,88,1
7527,168,0
7528,28,1
7529,29,1
7530,47,0
7531,36,1
7532,103,1
7533,61,1
7534,128,0
7535,178,1
7536,105,0
7537,44,1
7538,38,1
7539,125,1
7540,28,1
7541,36,1
7542,200,0
7543,85,1
7544,50,1
7545,52,1
7546,66,0
7547,70,1
7548,86,1
7549,66,1
7550,64,1
7551,103,1
7552,115,1
7553,68,1
7554,74,1
7555,59,1
7556,34,1
7557,60,1
7558,33,1
7559,110,0
7560,38,0
7561,41,1
7562,49,1
7563,144,0
7564,132,1
7565,126,0
7566,60,1
7567,70,1
7568,39,1
7569,128,1
7570,67,1
7571,58,1
7572,76,0
7573,51,1
7574,96,1
7575,54,1
7576,50,1
7577,58,1
7578,36,1
7579,113,1
7580,100,1
7581,74,1
7582,117,1
7583,136,1
7584,128,0
7585,68,1
7586,75,1
7587,36,1
7588,52,1
7589,66,0
7590,136,1
7591,56,1
7592,104,1
7593,159,1
7594,94,1
7595,63,1
7596,78,1
7597,139,1
7598,75,1
7599,56,1
7600,29,1
7601,44,1
7602,82,1
7603,123,1
7604,44,1
7605,60,0
7606,72,1
7607,47,1
7608,67,1
7609,133,0
7610,51,1
7611,90,1
7612,79,1
7613,50,1
7614,46,1
7615,148,1
7616,58,1
7617,42,1
7618,74,1
7619,42,1
7620,82,1
7621,94,1
7622,49,1
7623,60,1
7624,200,0
7625,63,1
7626,75,1
7627,48,1
7628,77,1
7629,36,0
7630,30,1
7631,24,1
7632,137,1
7633,36,0
7634,64,1
7635,77,1
7636,136,1
7637,31,0
7638,84,1
7639,36,1
7640,79,0
7641,109,0
7642,48,1
7643,77,0
7644,59,1
7645,94,1
7646,44,1
7647,144,1
7648,81,1
7649,72,1
7650,26,0
7651,72,1
7652,135,1
7653,87,0
7654,74,0
7655,97,1
7656,45,1
7657,41,1
7658,40,0
7659,140,1
7660,53,1
7661,38,1
7662,71,1
7663,59,0
7664,88,0
7665,165,1
7666,76,1
7667,49,1
7668,72,1
7669,59,0
7670,62,1
7671,127,0
7672,97,0
7673,74,0
7674,64,1
7675,100,1
7676,85,1
7677,54,1
7678,130,0
7679,140,1
7680,60,1
7681,96,0
7682,51,1
7683,28,1
7684,34,0
7685,43,1
7686,34,1
7687,44,1
7688,61,0
7689,144,1
7690,31,0
7691,25,1
7692,41,1
7693,109,0
7694,68,1
7695,46,1
7696,167,1
7697,65,1
7698,43,1
7699,146,1
7700,73,0
7701,31,1
7702,71,1
7703,102,1
7704,148,1
7705,51,1
7706,44,0
7707,63,0
7708,103,1
7709,27,0
7710,66,1
7711,102,1
7712,84,0
7713,74,1
7714,97,1
7715,86,1
7716,28,1
7717,160,1
7718,32,1
7719,50,0
7720,118,1
7721,77,1
7722,63,1
7723,147,1
7724,86,0
7725,53,1
7726,54,1
7727,100,1
7728,51,0
7729,82,1
7730,30,1
7731,49,1
7732,48,1
7733,85,1
7734,44,1
7735,57,1
7736,88,1
7737,53,0
7738,43,1
7739,169,1
7740,41,0
7741,47,1
7742,99,0
7743,170,1
7744,34,0
7745,88,1
7746,136,1
7747,78,1
7748,47,0
7749,65,1
7750,96,1
7751,143,1
7752,58,1
7753,49,1
7754,63,1
7755,66,0
7756,116,1
7757,24,1
7758,76,1
7759,153,1
7760,128,0
7761,87,1
7762,126,1
7763,139,1
7764,106,0
7765,73,1
7766,200,0
7767,67,1
7768,131,1
7769,138,1
7770,130,1
7771,39,1
7772,64,1
7773,108,1
7774,68,0
7775,42,1
7776,45,1
7777,27,0
7778,46,1
7779,57,0
7780,52,1
7781,38,1
7782,147,1
7783,22,0
7784,74,0
7785,84,1
7786,102,1
7787,130,0
7788,86,1
7789,47,1
7790,41,1
7791,67,1
7792,95,0
7793,126,1
7794,24,1
7795,63,1
7796,110,1
7797,101,0
7798,82,1
7799,43,0
7800,100,1
7801,33,0
7802,117,1
7803,124,1
7804,40,0
7805,82,1
7806,38,1
7807,114,1
7808,99,1
7809,74,1
7810,72,1
7811,71,1
7812,27,1
7813,80,1
7814,81,0
7815,46,1
7816,113,1
7817,78,1
7818,62,1
7819,82,1
7820,126,1
7821,94,1
7822,121,1
7823,46,1
7824,166,0
7825,175,1
7826,200,0
7827,132,0
7828,161,1
7829,103,0
7830,146,1
7831,67,1
7832,40,1
7833,74,0
7834,99,1
7835,69,0
7836,58,1
7837,66,0
7838,52,1
7839,115,1
7840,106,0
7841,44,1
7842,37,1
7843,40,1
7844,180,0
7845,69,0
7846,130,1
7847,41,0
7848,36,0
7849,48,1
7850,55,1
7851,64,1
7852,57,1
7853,89,1
7854,73,1
7855,47,1
7856,92,1
7857,132,1
7858,75,0
7859,59,1
7860,69,0
7861,38,1
7862,40,1
7863,135,0
7864,50,1
7865,64,0
7866,56,1
7867,54,0
7868,57,1
7869,43,1
7870,92,1
7871,71,1
7872,63,1
7873,44,1
7874,94,1
7875,55,1
7876,87,1
7877,55,0
7878,93,1
7879,104,1
7880,69,1
7881,102,1
7882,87,0
7883,27,1
7884,34,1
7885,52,1
7886,57,1
7887,60,0
7888,55,1
7889,48,1
7890,80,0
7891,150,0
7892,81,1
7893,70,0
7894,46,1
7895,30,1
7896,77,1
7897,102,1
7898,68,1
7899,142,0
7900,60,1
7901,84,1
7902,119,1
7903,78,1
7904,113,1
7905,116,1
7906,148,0
7907,92,1
7908,61,1
7909,57,1
7910,166,1
7911,81,1
7912,43,1
7913,34,0
7914,38,1
7915,60,0
7916,87,1
7917,34,0
7918,46,1
7919,58,0
7920,79,1
7921,50,1
7922,106,0
7923,116,1
7924,64,1
7925,101,0
7926,132,1
7927,113,0
7928,80,0
7929,29,1
7930,76,0
7931,47,1
7932,94,1
7933,97,1
7934,69,1
7935,41,1
7936,132,0
7937,143,1
7938,111,1
7939,63,1
7940,91,1
7941,74,0
7942,78,0
7943,46,1
7944,60,0
7945,98,1
7946,53,1
7947,40,1
7948,144,1
7949,64,1
7950,32,0
7951,47,1
7952,44,1
7953,82,1
7954,89,1
7955,106,1
7956,59,1
7957,36,1
7958,43,1
7959,50,1
7960,45,1
7961,32,1
7962,65,0
7963,38,1
7964,95,1
7965,68,1
7966,34,1
7967,37,1
7968,48,1
7969,77,0
7970,87,1
7971,120,1
7972,75,1
7973,64,0
7974,45,0
7975,157,0
7976,80,1
7977,63,1
7978,57,1
7979,38,0
7980,84,1
7981,131,1
7982,63,1
7983,34,1
7984,50,1
7985,67,1
7986,70,1
7987,116,1
7988,74,1
7989,58,1
7990,45,1
7991,117,1
7992,105,1
7993,48,1
7994,73,1
7995,55,1
7996,64,1
7997,62,1
7998,139,1
7999,58,1
8000,59,1
8001,162,1
8002,79,1
8003,34,0
8004,58,1
8005,95,1
8006,34,1
8007,89,1
8008,54,1
8009,60,1
8010,99,1
8011,75,1
8012,60,1
8013,147,1
8014,103,1
8015,167,1
8016,106,1
8017,135,1
8018,37,1
8019,90,1
8020,34,1
8021,79,1
8022,71,1
8023,63,1
8024,150,1
8025,60,1
8026,73,1
8027,61,0
8028,59,1
8029,111,1
8030,138,0
8031,82,1
8032,84,1
8033,73,1
8034,121,1
8035,35,1
8036,91,1
8037,54,1
8038,55,0
8039,63,1
8040,94,1
8041,68,1
8042,180,1
8043,56,1
8044,54,1
8045,49,1
8046,79,1
8047,71,1
8048,158,1
8049,93,1
8050,112,1
8051,30,1
8052,33,0
8053,57,0
8054,127,1
8055,52,1
8056,126,1
8057,120,1
8058,82,0
8059,198,0
8060,57,1
8061,78,0
8062,75,1
8063,80,1
8064,59,1
8065,67,1
8066,46,0
8067,26,1
8068,77,1
8069,58,1
8070,52,0
8071,58,1
8072,55,0
8073,46,1
8074,71,1
8075,36,1
8076,103,1
8077,61,1
8078,95,1
8079,44,0
8080,164,1
8081,42,1
8082,149,1
8083,65,1
8084,33,1
8085,42,1
8086,38,1
8087,62,1
8088,49,0
8089,33,1
8090,30,0
8091,44,1
8092,83,1
8093,121,0
8094,28,1
8095,131,1
8096,118,1
8097,123,0
8098,36,1
8099,71,1
8100,49,1
8101,102,1
8102,27,1
8103,31,1
8104,21,1
8105,46,0
8106,74,1
8107,93,1
8108,82,1
8109,47,0
8110,38,1
8111,32,0
8112,59,1
8113,58,1
8114,49,1
8115,19,0
8116,200,0
8117,93,1
8118,59,1
8119,82,1
8120,109,1
8121,63,1
8122,52,1
8123,56,1
8124,81,0
8125,42,0
8126,65,1
8127,44,1
8128,36,1
8129,70,1
8130,77,0
8131,30,1
8132,50,1
8133,67,1
8134,121,1
8135,200,0
8136,71,0
8137,59,1
8138,153,1
8139,138,0
8140,154,1
8141,27,1
8142,87,1
8143,72,1
8144,46,1
8145,94,1
8146,200,0
8147,98,1
8148,37,1
8149,119,1
8150,80,1
8151,49,0
8152,84,1
8153,30,1
8154,41,1
8155,74,0
8156,44,1
8157,86,1
8158,144,1
8159,30,0
8160,58,1
8161,40,1
8162,116,1
8163,79,1
8164,114,1
8165,88,1
8166,90,1
8167,37,1
8168,40,0
8169,125,0
8170,64,1
8171,41,1
8172,122,1
8173,61,1
8174,45,1
8175,31,0
8176,142,1
8177,57,1
8178,74,0
8179,122,1
8180,59,1
8181,76,1
8182,29,0
8183,72,1
8184,67,0
8185,68,0
8186,62,1
8187,42,1
8188,60,1
8189,93,1
8190,51,0
8191,74,0
8192,133,1
8193,151,1
8194,31,1
8195,54,1
8196,50,1
8197,35,1
8198,65,1
8199,104,1
8200,160,1
8201,71,0
8202,46,1
8203,88,1
8204,43,1
8205,108,0
8206,98,1
8207,73,1
8208,72,1
8209,107,1
8210,198,1
8211,54,1
8212,59,1
8213,109,0
8214,98,1
8215,41,1
8216,108,1
8217,46,1
8218,50,1
8219,39,1
8220,32,1
8221,53,1
8222,63,1
8223,56,1
8224,67,1
8225,43,1
8226,47,1
8227,81,1
8228,48,1
8229,63,1
8230,27,1
8231,37,0
8232,99,1
8233,64,0
8234,134,1
8235,123,1
8236,44,0
8237,43,0
8238,84,1
8239,86,1
8240,33,0
8241,197,1
8242,71,1
8243,51,0
8244,35,1
8245,132,1
8246,105,1
8247,68,1
8248,30,1
8249,70,1
8250,77,0
8251,82,0
8252,50,1
8253,53,1
8254,64,1
8255,72,1
8256,46,1
8257,66,1
8258,95,1
8259,59,1
8260,56,1
8261,100,0
8262,35,1
8263,68,1
8264,67,1
8265,104,1
8266,183,1
8267,79,0
8268,193,1
8269,132,1
8270,21,1
8271,49,1
8272,41,1
8273,61,1
8274,66,1
8275,102,1
8276,135,1
8277,44,1
8278,53,0
8279,78,1
8280,41,1
8281,118,1
8282,96,1
8283,59,1
8284,76,1
8285,94,1
8286,57,1
8287,71,1
8288,78,1
8289,86,1
8290,106,1
8291,84,1
8292,92,1
8293,66,1
8294,61,1
8295,59,1
8296,126,0
8297,83,0
8298,119,0
8299,91,1
8300,82,1
8301,50,0
8302,142,1
8303,39,1
8304,56,1
8305,83,1
8306,82,1
8307,68,1
8308,102,1
8309,65,1
8310,55,1
8311,88,1
8312,33,1
8313,33,1
8314,109,0
8315,130,1
8316,60,1
8317,41,1
8318,34,1
8319,40,1
8320,69,1
8321,62,1
8322,143,1
8323,73,0
8324,119,1
8325,37,0
8326,148,1
8327,61,0
8328,34,1
8329,60,1
8330,113,1
8331,93,1
8332,55,1
8333,161,1
8334,77,1
8335,41,0
8336,93,1
8337,72,1
8338,155,1
8339,72,0
8340,51,0
8341,200,0
8342,147,1
8343,151,1
8344,92,1
8345,71,1
8346,58,1
8347,43,1
8348,71,1
8349,63,1
8350,55,1
8351,60,1
8352,89,1
8353,80,1
8354,91,1
8355,83,1
8356,52,1
8357,39,1
8358,125,1
8359,62,1
8360,64,1
8361,154,1
8362,46,1
8363,62,1
8364,34,1
8365,72,1
8366,72,1
8367,136,1
8368,123,1
8369,56,1
8370,148,1
8371,89,1
8372,69,1
8373,62,1
8374,36,1
8375,69,1
8376,67,1
8377,51,1
8378,110,0
8379,134,1
8380,87,0
8381,100,1
8382,72,0
8383,143,1
8384,78,0
8385,69,1
8386,194,1
8387,66,1
8388,33,1
8389,30,1
8390,51,1
8391,98,1
8392,38,1
8393,81,1
8394,109,0
8395,59,1
8396,48,1
8397,76,1
8398,75,1
8399,42,1
8400,117,1
8401,73,1
8402,174,1
8403,44,0
8404,55,1
8405,46,1
8406,82,1
8407,71,1
8408,55,1
8409,42,0
8410,63,1
8411,43,1
8412,125,1
8413,37,0
8414,28,1
8415,28,1
8416,82,1
8417,179,1
8418,74,1
8419,53,1
8420,39,1
8421,66,0
8422,113,1
8423,129,1
8424,72,1
8425,107,0
8426,70,0
8427,70,1
8428,116,0
8429,103,0
8430,135,1
8431,40,1
8432,95,1
8433,54,1
8434,68,0
8435,74,1
8436,107,1
8437,73,1
8438,34,1
8439,64,1
8440,66,1
8441,56,1
8442,54,1
8443,49,1
8444,41,1
8445,99,0
8446,44,0
8447,96,0
8448,158,1
8449,172,0
8450,131,1
8451,48,1
8452,27,1
8453,100,1
8454,34,0
8455,73,1
8456,56,1
8457,137,0
8458,80,1
8459,148,1
8460,58,1
8461,48,1
8462,146,0
8463,93,1
8464,42,1
8465,84,1
8466,44,1
8467,96,1
8468,52,1
8469,42,1
8470,143,1
8471,51,1
8472,72,0
8473,53,1
8474,45,1
8475,146,1
8476,90,0
8477,79,0
8478,79,1
8479,141,1
8480,36,1
8481,105,1
8482,200,0
8483,63,1
8484,83,1
8485,44,1
8486,157,0
8487,39,1
8488,75,1
8489,85,1
8490,55,1
8491,152,1
8492,60,1
8493,50,1
8494,56,1
8495,48,1
8496,42,1
8497,69,1
8498,34,1
8499,92,1
8500,36,1
8501,34,1
8502,68,0
8503,54,1
8504,63,0
8505,96,1
8506,79,1
8507,88,1
8508,51,0
8509,39,1
8510,86,1
8511,57,1
8512,102,1
8513,61,1
8514,93,1
8515,71,1
8516,78,1
8517,85,1
8518,163,1
8519,74,1
8520,64,0
8521,67,1
8522,109,1
8523,89,1
8524,87,0
8525,54,1
8526,100,1
8527,200,0
8528,72,0
8529,61,0
8530,26,1
8531,29,1
8532,72,1
8533,81,1
8534,59,1
8535,48,0
8536,37,1
8537,114,1
8538,66,0
8539,40,0
8540,75,0
8541,54,1
8542,60,1
8543,40,1
8544,19,1
8545,77,1
8546,72,1
8547,21,0
8548,91,1
8549,51,1
8550,69,1
8551,106,0
8552,41,1
8553,43,1
8554,43,1
8555,137,1
8556,54,1
8557,90,1
8558,99,0
8559,99,0
8560,71,1
8561,76,1
8562,32,1
8563,53,1
8564,69,1
8565,66,1
8566,44,1
8567,53,0
8568,46,1
8569,59,1
8570,94,1
8571,71,1
8572,68,1
8573,41,1
8574,105,1
8575,49,0
8576,72,0
8577,110,1
8578,65,1
8579,48,1
8580,76,1
8581,59,0
8582,25,1
8583,49,1
8584,89,1
8585,85,1
8586,51,1
8587,83,0
8588,45,0
8589,72,1
8590,108,1
8591,29,1
8592,39,1
8593,47,1
8594,71,1
8595,36,1
8596,44,1
8597,85,1
8598,58,1
8599,93,1
8600,15,0
8601,53,1
8602,36,1
8603,88,0
8604,165,1
8605,66,1
8606,65,1
8607,103,1
8608,118,1
8609,32,0
8610,76,1
8611,55,1
8612,43,1
8613,64,1
8614,65,1
8615,138,1
8616,93,1
8617,77,1
8618,73,1
8619,103,1
8620,71,1
8621,79,1
8622,103,1
8623,43,1
8624,99,1
8625,72,1
8626,78,1
8627,158,1
8628,69,0
8629,127,1
8630,126,1
8631,79,1
8632,86,1
8633,14,0
8634,24,1
8635,53,1
8636,30,1
8637,53,0
8638,130,1
8639,96,1
8640,82,1
8641,68,1
8642,75,1
8643,110,1
8644,34,1
8645,66,1
8646,97,1
8647,43,0
8648,33,1
8649,57,1
8650,72,0
8651,64,1
8652,32,1
8653,22,1
8654,69,1
8655,81,1
8656,19,0
8657,154,1
8658,66,1
8659,77,1
8660,57,1
8661,32,0
8662,132,0
8663,59,1
8664,41,0
8665,48,0
8666,69,1
8667,58,1
8668,116,1
8669,97,1
8670,31,1
8671,79,1
8672,90,1
8673,33,1
8674,68,1
8675,172,1
8676,114,1
8677,55,1
8678,22,0
8679,29,0
8680,75,0
8681,69,1
8682,88,1
8683,105,0
8684,42,0
8685,77,1
8686,115,1
8687,52,1
8688,107,1
8689,40,1
8690,155,1
8691,96,0
8692,51,1
8693,140,1
8694,87,0
8695,39,1
8696,81,0
8697,95,1
8698,54,1
8699,104,1
8700,58,1
8701,98,1
8702,93,1
8703,31,1
8704,65,1
8705,68,0
8706,76,1
8707,83,1
8708,69,1
8709,65,1
8710,71,1
8711,124,1
8712,125,1
8713,97,1
8714,120,1
8715,200,0
8716,57,1
8717,65,1
8718,50,1
8719,121,1
8720,77,0
8721,50,1
8722,59,1
8723,74,1
8724,71,1
8725,139,1
8726,39,1
8727,63,1
8728,115,1
8729,55,1
8730,40,1
8731,58,1
8732,43,1
8733,60,1
8734,70,1
8735,44,1
8736,175,1
8737,116,1
8738,20,0
8739,51,1
8740,63,1
8741,68,1
8742,62,0
8743,200,0
8744,30,1
8745,61,0
8746,37,1
8747,95,1
8748,94,1
8749,59,0
8750,49,0
8751,31,1
8752,84,1
8753,91,1
8754,52,1
8755,38,1
8756,28,0
8757,60,1
8758,133,1
8759,80,1
8760,114,1
8761,87,1
8762,33,1
8763,63,1
8764,63,1
8765,90,1
8766,95,0
8767,92,1
8768,83,1
8769,45,1
8770,26,1
8771,80,0
8772,121,1
8773,109,1
8774,50,1
8775,35,1
8776,78,1
8777,31,1
8778,138,1
8779,59,1
8780,88,0
8781,132,1
8782,61,1
8783,96,1
8784,94,1
8785,75,1
8786,101,1
8787,91,0
8788,59,1
8789,34,1
8790,81,1
8791,65,1
8792,127,0
8793,32,0
8794,78,1
8795,98,1
8796,90,1
8797,182,1
8798,106,1
8799,50,1
8800,168,1
8801,67,1
8802,74,0
8803,53,1
8804,59,0
8805,45,1
8806,100,1
8807,64,0
8808,116,1
8809,111,1
8810,116,1
8811,47,1
8812,48,1
8813,96,1
8814,41,1
8815,46,1
8816,96,1
8817,76,1
8818,96,0
8819,41,1
8820,43,1
8821,35,1
8822,66,1
8823,135,0
8824,89,0
8825,31,1
8826,53,1
8827,72,1
8828,48,1
8829,45,1
8830,66,1
8831,119,1
8832,65,1
8833,68,1
8834,25,1
8835,180,1
8836,167,1
8837,117,1
8838,30,1
8839,123,1
8840,46,1
8841,126,1
8842,78,1
8843,76,0
8844,179,1
8845,57,1
8846,63,1
8847,200,0
8848,80,1
8849,93,0
8850,53,1
8851,29,1
8852,66,1
8853,64,1
8854,72,1
8855,66,1
8856,200,0
8857,60,1
8858,200,0
8859,66,1
8860,164,0
8861,49,1
8862,97,1
8863,67,1
8864,45,1
8865,73,1
8866,72,1
8867,188,1
8868,70,1
8869,31,1
8870,70,0
8871,100,0
8872,68,1
8873,29,0
8874,80,1
8875,61,1
8876,48,1
8877,53,1
8878,111,1
8879,76,1
8880,63,1
8881,98,0
8882,68,0
8883,28,0
8884,79,1
8885,165,1
8886,79,1
8887,112,1
8888,54,1
8889,124,0
8890,130,1
8891,61,0
8892,47,1
8893,34,1
8894,75,1
8895,200,0
8896,42,0
8897,56,1
8898,70,1
8899,39,1
8900,73,1
8901,75,1
8902,33,1
8903,32,1
8904,109,1
8905,45,1
8906,200,0
8907,25,1
8908,86,1
8909,53,1
8910,182,1
8911,92,0
8912,51,1
8913,57,1
8914,65,0
8915,71,1
8916,105,1
8917,38,1
8918,69,1
8919,101,1
8920,48,1
8921,55,1
8922,150,0
8923,170,1
8924,90,0
8925,125,1
8926,74,1
8927,66,1
8928,41,1
8929,31,1
8930,103,1
8931,167,1
8932,32,1
8933,153,1
8934,48,1
8935,48,1
8936,78,1
8937,49,1
8938,52,1
8939,100,1
8940,38,1
8941,109,1
8942,190,1
8943,38,0
8944,71,0
8945,141,1
8946,46,1
8947,72,1
8948,63,1
8949,178,1
8950,53,1
8951,41,1
8952,71,1
8953,191,1
8954,34,1
8955,142,0
8956,62,1
8957,74,1
8958,59,1
8959,142,1
8960,126,1
8961,116,1
8962,86,1
8963,91,0
8964,110,1
8965,66,1
8966,155,1
8967,73,1
8968,76,1
8969,55,1
8970,79,1
8971,129,1
8972,70,1
8973,34,1
8974,155,1
8975,82,0
8976,132,1
8977,109,1
8978,50,1
8979,41,1
8980,62,1
8981,102,1
8982,89,1
8983,64,1
8984,122,1
8985,39,1
8986,57,0
8987,200,0
8988,56,1
8989,38,0
8990,69,1
8991,85,1
8992,85,0
8993,114,1
8994,155,1
8995,46,1
8996,36,0
8997,31,1
8998,37,1
8999,92,0
9000,119,1
9001,56,1
9002,109,1
9003,37,0
9004,72,1
9005,73,1
9006,65,1
9007,73,1
9008,53,1
9009,87,1
9010,29,1
9011,37,1
9012,103,1
9013,200,0
9014,45,1
9015,45,1
9016,64,1
9017,112,1
9018,40,1
9019,73,1
9020,83,1
9021,67,1
9022,26,1
9023,168,1
9024,31,1
9025,69,1
9026,31,1
9027,126,1
9028,136,1
9029,54,0
9030,53,1
9031,85,1
9032,82,1
9033,116,1
9034,73,0
9035,92,1
9036,37,1
9037,68,1
9038,80,0
9039,33,0
9040,102,0
9041,73,1
9042,67,0
9043,67,1
9044,103,1
9045,119,1
9046,200,0
9047,23,0
9048,143,1
9049,113,1
9050,31,1
9051,164,0
9052,55,1
9053,125,1
9054,79,1
9055,128,1
9056,55,1
9057,50,1
9058,67,1
9059,58,1
9060,110,1
9061,51,0
9062,91,1
9063,98,0
9064,90,1
9065,72,1
9066,125,1
9067,75,1
9068,34,1
9069,200,0
9070,28,1
9071,53,1
9072,144,1
9073,53,0
9074,63,1
9075,71,1
9076,50,1
9077,141,1
9078,57,1
9079,46,1
9080,63,0
9081,143,1
9082,91,1
9083,27,0
9084,140,1
9085,53,1
9086,100,1
9087,43,1
9088,123,1
9089,52,1
9090,38,1
9091,37,1
9092,41,1
9093,53,1
9094,91,1
9095,100,1
9096,42,0
9097,180,1
9098,77,0
9099,86,1
9100,89,1
9101,70,1
9102,85,1
9103,56,1
9104,61,1
9105,51,1
9106,58,1
9107,108,0
9108,40,1
9109,66,1
9110,106,1
9111,45,1
9112,89,0
9113,34,1
9114,33,1
9115,49,1
9116,108,0
9117,100,1
9118,136,1
9119,29,1
9120,24,1
9121,93,1
9122,88,1
9123,73,1
9124,58,0
9125,173,1
9126,45,1
9127,36,1
9128,51,1
9129,44,1
9130,137,1
9131,58,0
9132,86,1
9133,68,0
9134,168,1
9135,102,0
9136,77,1
9137,67,0
9138,32,1
9139,21,1
9140,129,1
9141,60,1
9142,39,1
9143,62,1
9144,68,1
9145,137,1
9146,127,1
9147,60,1
9148,66,1
9149,106,0
9150,25,0
9151,62,1
9152,125,1
9153,59,1
9154,155,1
9155,111,1
9156,71,1
9157,103,1
9158,99,1
9159,30,0
9160,44,1
9161,31,1
9162,70,1
9163,36,1
9164,47,1
9165,127,1
9166,88,1
9167,39,1
9168,51,1
9169,39,1
9170,78,1
9171,23,1
9172,39,1
9173,93,1
9174,158,1
9175,90,1
9176,48,0
9177,63,1
9178,28,0
9179,54,1
9180,51,1
9181,145,0
9182,81,1
9183,50,1
9184,29,0
9185,104,1
9186,59,1
9187,29,1
9188,85,1
9189,43,1
9190,143,1
9191,83,1
9192,37,1
9193,44,1
9194,69,1
9195,55,1
9196,46,1
9197,67,1
9198,52,1
9199,152,1
9200,118,1
9201,69,1
9202,200,0
9203,45,1
9204,50,1
9205,123,1
9206,70,1
9207,84,1
9208,133,1
9209,200,0
9210,72,1
9211,52,1
9212,140,1
9213,109,1
9214,35,1
9215,72,1
9216,51,1
9217,147,0
9218,47,1
9219,69,1
9220,97,1
9221,107,1
9222,59,1
9223,28,1
9224,61,0
9225,87,1
9226,34,1
9227,123,1
9228,100,1
9229,51,0
9230,43,1
9231,57,1
9232,93,1
9233,61,1
9234,40,1
9235,40,1
9236,93,1
9237,45,1
9238,42,1
9239,68,1
9240,112,1
9241,82,1
9242,37,1
9243,78,1
9244,71,0
9245,35,1
9246,29,1
9247,55,1
9248,43,1
9249,30,1
9250,78,1
9251,130,0
9252,30,0
9253,130,1
9254,46,0
9255,88,1
9256,37,0
9257,69,1
9258,63,1
9259,57,1
9260,100,0
9261,152,1
9262,50,0
9263,47,0
9264,82,1
9265,137,1
9266,90,0
9267,38,0
9268,47,1
9269,51,0
9270,78,1
9271,35,1
9272,43,1
9273,64,0
9274,22,1
9275,111,1
9276,70,1
9277,101,1
9278,59,1
9279,84,1
9280,56,1
9281,41,1
9282,39,1
9283,111,1
9284,94,1
9285,47,1
9286,39,0
9287,116,1
9288,93,0
9289,45,0
9290,33,1
9291,34,1
9292,119,1
9293,76,1
9294,64,1
9295,54,0
9296,28,0
9297,75,1
9298,71,1
9299,83,1
9300,106,1
9301,79,1
9302,78,1
9303,31,1
9304,70,1
9305,47,0
9306,38,0
9307,53,0
9308,55,1
9309,57,1
9310,35,1
9311,155,1
9312,62,1
9313,108,0
9314,77,1
9315,109,1
9316,58,1
9317,30,1
9318,58,1
9319,41,0
9320,77,1
9321,105,1
9322,97,1
9323,72,1
9324,62,1
9325,79,1
9326,128,0
9327,101,1
9328,99,1
9329,154,1
9330,53,1
9331,78,1
9332,55,1
9333,42,1
9334,42,0
9335,184,1
9336,77,1
9337,55,1
9338,82,1
9339,98,1
9340,37,1
9341,97,1
9342,51,1
9343,96,1
9344,58,1
9345,35,1
9346,30,1
9347,130,1
9348,55,0
9349,39,1
9350,56,1
9351,73,1
9352,33,1
9353,95,0
9354,35,1
9355,104,1
9356,67,1
9357,54,0
9358,142,1
9359,87,0
9360,65,1
9361,79,1
9362,146,1
9363,26,1
9364,58,1
9365,140,1
9366,44,1
9367,51,1
9368,29,1
9369,114,1
9370,87,1
9371,60,1
9372,52,0
9373,200,0
9374,85,1
9375,38,1
9376,67,1
9377,75,1
9378,80,1
9379,41,1
9380,81,1
9381,49,0
9382,64,1
9383,86,1
9384,85,1
9385,53,1
9386,44,1
9387,38,0
9388,79,1
9389,77,1
9390,113,1
9391,69,0
9392,26,1
9393,37,1
9394,86,1
9395,52,1
9396,160,0
9397,54,1
9398,54,0
9399,70,1
9400,62,1
9401,74,1
9402,41,1
9403,69,1
9404,55,0
9405,122,1
9406,51,1
9407,132,1
9408,62,1
9409,72,1
9410,168,1
9411,115,0
9412,44,1
9413,71,1
9414,74,1
9415,73,0
9416,33,0
9417,200,0
9418,66,1
9419,68,1
9420,40,1
9421,57,1
9422,200,0
9423,59,1
9424,60,0
9425,41,1
9426,91,1
9427,119,0
9428,65,0
9429,181,1
9430,70,1
9431,77,1
9432,41,1
9433,134,1
9434,76,1
9435,200,0
9436,111,1
9437,38,1
9438,47,1
9439,161,1
9440,96,1
9441,91,1
9442,114,1
9443,103,0
9444,32,1
9445,173,1
9446,50,1
9447,100,1
9448,49,1
9449,125,1
9450,47,0
9451,40,1
9452,126,1
9453,46,1
9454,42,1
9455,93,1
9456,62,0
9457,192,1
9458,111,1
9459,141,1
9460,72,1
9461,41,1
9462,131,1
9463,82,1
9464,44,1
9465,36,1
9466,54,1
9467,56,1
9468,139,1
9469,66,1
9470,58,1
9471,86,1
9472,115,1
9473,53,1
9474,46,1
9475,183,1
9476,68,1
9477,51,1
9478,65,1
9479,72,1
9480,156,1
9481,93,1
9482,116,1
9483,109,1
9484,36,0
9485,200,0
9486,48,1
9487,34,1
9488,115,1
9489,59,1
9490,64,1
9491,106,1
9492,74,1
9493,69,0
9494,47,1
9495,92,1
9496,13,0
9497,106,0
9498,64,0
9499,77,1
9500,61,1
9501,117,0
9502,35,1
9503,90,1
9504,29,0
9505,39,1
9506,64,1
9507,184,1
9508,67,1
9509,95,1
9510,69,0
9511,65,1
9512,103,1
9513,175,1
9514,82,0
9515,74,0
9516,58,1
9517,110,1
9518,59,1
9519,111,1
9520,95,1
9521,52,1
9522,125,1
9523,98,1
9524,52,0
9525,27,0
9526,74,1
9527,93,1
9528,67,1
9529,93,1
9530,25,0
9531,98,1
9532,62,0
9533,160,0
9534,50,1
9535,37,1
9536,70,0
9537,84,0
9538,81,1
9539,142,1
9540,162,1
9541,46,0
9542,56,1
9543,79,1
9544,78,1
9545,75,1
9546,46,1
9547,112,1
9548,59,1
9549,96,0
9550,107,1
9551,109,1
9552,72,0
9553,49,1
9554,174,1
9555,91,0
9556,65,1
9557,55,1
9558,39,1
9559,36,1
9560,128,1
9561,87,1
9562,81,1
9563,69,1
9564,75,1
9565,53,1
9566,57,1
9567,65,1
9568,56,0
9569,64,1
9570,72,0
9571,82,1
9572,63,0
9573,58,1
9574,76,0
9575,53,1
9576,48,1
9577,27,1
9578,31,1
9579,103,0
9580,36,1
9581,71,0
9582,57,1
9583,109,1
9584,22,0
9585,157,1
9586,106,1
9587,47,1
9588,88,1
9589,119,1
9590,36,1
9591,85,1
9592,109,1
9593,46,1
9594,87,1
9595,61,1
9596,58,1
9597,40,1
9598,76,0
9599,72,1
9600,87,1
9601,46,1
9602,76,1
9603,83,1
9604,116,0
9605,51,1
9606,61,1
9607,78,0
9608,72,1
9609,102,1
9610,85,0
9611,47,1
9612,178,0
9613,156,1
9614,114,1
9615,84,1
9616,200,0
9617,131,1
9618,172,1
9619,57,1
9620,42,1
9621,68,1
9622,60,1
9623,100,0
9624,53,1
9625,72,1
9626,136,1
9627,122,1
9628,118,1
9629,68,1
9630,49,1
9631,72,1
9632,116,1
9633,31,1
9634,92,0
9635,43,0
9636,37,1
9637,31,1
9638,41,0
9639,53,1
9640,57,1
9641,54,1
9642,77,1
9643,59,1
9644,84,1
9645,44,0
9646,62,1
9647,72,1
9648,90,1
9649,57,0
9650,80,1
9651,66,1
9652,31,1
9653,39,1
9654,54,1
9655,44,1
9656,55,1
9657,46,0
9658,52,1
9659,135,1
9660,74,1
9661,44,1
9662,88,1
9663,78,1
9664,61,1
9665,85,1
9666,57,1
9667,43,1
9668,84,1
9669,97,1
9670,71,0
9671,68,1
9672,33,1
9673,48,1
9674,65,1
9675,52,1
9676,41,0
9677,33,1
9678,112,0
9679,49,1
9680,40,1
9681,53,1
9682,46,1
9683,200,0
9684,80,0
9685,64,1
9686,58,1
9687,65,1
9688,108,0
9689,84,0
9690,40,1
9691,53,0
9692,94,1
9693,77,1
9694,111,1
9695,43,1
9696,68,1
9697,47,1
9698,82,1
9699,131,1
9700,80,1
9701,100,1
9702,63,1
9703,180,0
9704,32,1
9705,50,1
9706,82,1
9707,47,1
9708,25,1
9709,53,0
9710,75,0
9711,53,0
9712,86,1
9713,48,1
9714,40,1
9715,107,1
9716,27,1
9717,176,1
9718,82,1
9719,120,1
9720,107,1
9721,129,1
9722,33,1
9723,121,1
9724,52,1
9725,67,1
9726,50,0
9727,122,1
9728,96,1
9729,141,1
9730,137,1
9731,93,1
9732,79,1
9733,128,1
9734,82,1
9735,49,0
9736,142,1
9737,132,0
9738,49,1
9739,64,1
9740,75,1
9741,72,1
9742,65,1
9743,77,1
9744,29,1
9745,78,0
9746,131,1
9747,87,1
9748,49,0
9749,67,1
9750,77,0
9751,79,1
9752,36,1
9753,156,1
9754,55,1
9755,132,1
9756,132,1
9757,64,1
9758,148,0
9759,48,1
9760,44,1
9761,42,1
9762,53,1
9763,71,1
9764,24,1
9765,105,1
9766,44,1
9767,65,1
9768,29,0
9769,63,1
9770,70,1
9771,94,0
9772,110,1
9773,71,1
9774,87,1
9775,68,0
9776,54,0
9777,46,1
9778,103,1
9779,23,1
9780,143,1
9781,74,1
9782,35,1
9783,83,1
9784,91,1
9785,53,0
9786,110,0
9787,35,1
9788,124,1
9789,47,1
9790,28,0
9791,57,1
9792,140,1
9793,196,1
9794,65,0
9795,52,0
9796,108,0
9797,34,1
9798,67,0
9799,113,1
9800,76,1
9801,57,1
9802,48,1
9803,82,0
9804,40,0
9805,27,1
9806,41,0
9807,59,1
9808,88,1
9809,38,1
9810,55,1
9811,72,1
9812,73,1
9813,51,1
9814,43,0
9815,78,0
9816,73,1
9817,62,1
9818,61,1
9819,66,1
9820,41,1
9821,63,1
9822,95,1
9823,40,1
9824,30,0
9825,90,1
9826,32,0
9827,88,1
9828,72,1
9829,53,1
9830,58,0
9831,58,0
9832,34,1
9833,59,1
9834,63,0
9835,37,1
9836,112,1
9837,48,1
9838,79,1
9839,47,1
9840,87,0
9841,59,1
9842,58,1
9843,24,1
9844,150,1
9845,36,0
9846,135,1
9847,34,1
9848,97,1
9849,51,0
9850,127,1
9851,84,0
9852,63,1
9853,47,1
9854,50,1
9855,154,0
9856,140,1
9857,85,0
9858,64,1
9859,96,1
9860,42,1
9861,83,1
9862,64,1
9863,123,1
9864,30,1
9865,41,1
9866,65,1
9867,59,1
9868,105,0
9869,65,1
9870,50,1
9871,48,1
9872,147,1
9873,38,1
9874,64,1
9875,28,1
9876,40,1
9877,69,0
9878,39,1
9879,68,1
9880,51,1
9881,21,1
9882,51,1
9883,85,0
9884,44,1
9885,82,0
9886,38,1
9887,37,1
9888,130,1
9889,71,1
9890,200,0
9891,46,0
9892,68,1
9893,46,0
9894,80,1
9895,70,1
9896,79,0
9897,75,1
9898,88,1
9899,78,1
9900,125,1
9901,65,0
9902,60,1
9903,46,1
9904,62,1
9905,194,1
9906,55,1
9907,91,1
9908,39,1
9909,78,0
9910,65,1
9911,33,1
9912,55,0
9913,62,1
9914,44,0
9915,39,1
9916,31,1
9917,43,1
9918,127,1
9919,51,1
9920,92,0
9921,74,1
9922,35,1
9923,79,1
9924,160,1
9925,63,1
9926,79,1
9927,191,1
9928,114,1
9929,32,0
9930,106,1
9931,87,1
9932,60,1
9933,73,0
9934,129,1
9935,66,1
9936,57,1
9937,139,0
9938,121,1
9939,125,1
9940,77,1
9941,45,1
9942,57,0
9943,154,1
9944,45,0
9945,77,1
9946,38,1
9947,72,1
9948,72,1
9949,84,1
9950,48,1
9951,164,0
9952,77,0
9953,50,1
9954,44,1
9955,40,1
9956,45,1
9957,43,1
9958,61,1
9959,54,1
9960,119,1
9961,45,1
9962,91,1
9963,42,1
9964,81,1
9965,48,1
9966,24,0
9967,86,1
9968,53,1
9969,52,1
9970,54,0
9971,43,0
9972,19,0
9973,54,0
9974,42,1
9975,51,1
9976,38,1
9977,56,1
9978,94,1
9979,24,0
9980,35,1
9981,104,1
9982,61,0
9983,35,0
9984,68,0
9985,147,1
9986,46,1
9987,66,0
9988,70,1
9989,188,1
9990,62,1
9991,29,1
9992,52,1
9993,115,0
9994,141,0
9995,42,1
9996,53,1
9997,81,1
9998,73,1
9999,55,1
