episode,steps,reward
0,54,0
1,11,0
2,53,0
3,21,0
4,32,0
5,121,0
6,21,0
7,35,0
8,9,0
9,30,0
10,8,0
11,23,0
12,66,0
13,63,0
14,53,0
15,18,0
16,17,0
17,18,0
18,52,0
19,9,0
20,10,0
21,104,0
22,24,0
23,35,0
24,33,0
25,22,0
26,57,0
27,32,0
28,8,0
29,15,0
30,33,0
31,29,0
32,7,0
33,15,0
34,26,0
35,42,0
36,28,0
37,51,0
38,22,0
39,13,0
40,27,0
41,11,0
42,16,0
43,23,0
44,30,0
45,78,0
46,37,0
47,68,0
48,13,0
49,11,0
50,26,0
51,18,0
52,12,0
53,25,0
54,28,0
55,22,0
56,58,0
57,12,0
58,25,0
59,17,0
60,16,0
61,53,0
62,15,0
63,33,0
64,23,0
65,46,0
66,11,0
67,31,0
68,78,0
69,60,0
70,11,0
71,66,0
72,18,0
73,39,0
74,23,0
75,12,0
76,49,0
77,28,0
78,74,0
79,11,0
80,11,0
81,25,0
82,47,0
83,54,0
84,42,0
85,17,0
86,13,0
87,65,0
88,42,0
89,39,0
90,5,0
91,22,0
92,17,0
93,17,0
94,21,0
95,22,0
96,55,0
97,14,0
98,12,0
99,37,0
100,20,0
101,19,0
102,11,0
103,7,0
104,12,0
105,7,0
106,21,0
107,7,0
108,40,0
109,44,0
110,70,0
111,45,0
112,15,0
113,24,0
114,35,0
115,51,0
116,28,0
117,15,0
118,12,0
119,34,0
120,11,0
121,19,0
122,124,0
123,21,0
124,11,0
125,22,0
126,47,0
127,24,0
128,18,0
129,16,0
130,44,0
131,19,0
132,85,0
133,5,0
134,50,0
135,20,0
136,8,0
137,18,0
138,115,0
139,30,0
140,53,0
141,17,0
142,31,0
143,63,0
144,15,0
145,7,0
146,30,0
147,13,0
148,54,1
149,49,1
150,19,0
151,32,0
152,59,0
153,40,0
154,80,1
155,32,0
156,45,0
157,132,1
158,151,0
159,72,0
160,78,0
161,120,1
162,135,0
163,37,1
164,70,0
165,52,0
166,40,0
167,94,1
168,33,0
169,45,0
170,113,1
171,91,0
172,55,0
173,117,0
174,59,0
175,110,0
176,71,0
177,29,0
178,72,0
179,65,0
180,82,0
181,83,0
182,124,1
183,77,0
184,200,0
185,45,0
186,163,0
187,98,0
188,86,0
189,84,0
190,113,0
191,68,1
192,165,1
193,102,1
194,136,0
195,41,1
196,33,0
197,33,1
198,37,0
199,74,1
200,138,0
201,119,0
202,178,0
203,200,0
204,15,0
205,121,0
206,54,0
207,32,0
208,80,0
209,94,0
210,158,0
211,107,0
212,55,1
213,200,0
214,145,0
215,200,0
216,88,0
217,68,0
218,95,0
219,200,0
220,77,1
221,22,1
222,36,1
223,58,0
224,92,0
225,60,1
226,65,1
227,71,0
228,35,1
229,37,1
230,106,1
231,25,0
232,110,0
233,40,1
234,29,0
235,72,1
236,46,0
237,57,0
238,88,1
239,65,1
240,64,1
241,74,0
242,55,1
243,55,0
244,106,1
245,45,0
246,50,1
247,67,1
248,56,1
249,44,1
250,109,0
251,98,1
252,35,1
253,77,0
254,104,0
255,89,1
256,38,1
257,41,1
258,99,1
259,44,0
260,48,1
261,64,1
262,82,1
263,48,0
264,69,0
265,52,1
266,28,0
267,62,0
268,50,0
269,43,0
270,45,0
271,31,1
272,184,1
273,25,0
274,157,1
275,74,1
276,81,1
277,37,0
278,66,1
279,78,0
280,79,1
281,47,1
282,89,1
283,60,1
284,37,0
285,52,1
286,102,1
287,35,0
288,93,0
289,36,1
290,90,0
291,90,0
292,47,0
293,40,0
294,190,0
295,80,0
296,64,0
297,130,1
298,108,0
299,158,1
300,88,1
301,60,1
302,54,0
303,53,1
304,47,0
305,17,0
306,73,0
307,88,1
308,84,0
309,101,0
310,43,0
311,46,0
312,82,1
313,19,1
314,66,1
315,48,0
316,107,0
317,20,0
318,44,1
319,46,1
320,87,1
321,100,1
322,78,0
323,65,0
324,53,0
325,33,1
326,95,1
327,182,0
328,39,1
329,40,1
330,113,0
331,145,0
332,74,0
333,75,0
334,61,1
335,39,1
336,16,0
337,145,0
338,64,1
339,85,0
340,49,0
341,73,0
342,120,0
343,57,1
344,125,1
345,66,0
346,59,0
347,71,0
348,39,1
349,37,0
350,48,0
351,200,0
352,71,1
353,200,0
354,50,1
355,85,1
356,45,1
357,49,0
358,74,0
359,120,1
360,119,0
361,64,1
362,35,0
363,33,1
364,32,0
365,45,0
366,54,1
367,83,0
368,131,0
369,58,1
370,35,1
371,62,1
372,44,1
373,43,1
374,81,1
375,47,0
376,67,1
377,80,0
378,77,0
379,118,0
380,64,1
381,90,0
382,61,1
383,35,0
384,74,1
385,153,0
386,33,1
387,126,1
388,59,0
389,77,1
390,134,0
391,18,0
392,102,1
393,58,0
394,100,0
395,90,1
396,51,0
397,125,1
398,67,0
399,58,1
400,92,0
401,50,0
402,81,0
403,47,0
404,73,0
405,77,1
406,139,1
407,129,1
408,48,1
409,63,1
410,62,1
411,65,1
412,120,0
413,20,0
414,114,1
415,76,0
416,89,1
417,180,1
418,92,1
419,12,0
420,43,0
421,77,0
422,86,0
423,90,0
424,39,0
425,46,1
426,74,0
427,71,0
428,52,1
429,87,0
430,45,0
431,57,1
432,140,0
433,47,1
434,23,0
435,53,1
436,31,0
437,61,0
438,79,0
439,21,0
440,72,1
441,53,1
442,45,0
443,38,0
444,125,0
445,39,1
446,36,1
447,200,0
448,27,1
449,33,0
450,129,0
451,44,1
452,53,1
453,43,0
454,39,0
455,101,1
456,48,0
457,63,0
458,48,1
459,37,0
460,59,1
461,75,0
462,81,1
463,22,0
464,53,1
465,61,0
466,70,1
467,57,0
468,58,0
469,148,0
470,33,1
471,62,1
472,80,1
473,139,0
474,95,1
475,23,0
476,66,0
477,64,1
478,103,0
479,56,1
480,83,0
481,50,0
482,95,1
483,72,1
484,47,0
485,45,0
486,111,0
487,42,0
488,64,0
489,118,1
490,43,0
491,40,0
492,45,0
493,69,0
494,66,0
495,81,1
496,81,1
497,50,0
498,69,0
499,58,1
500,115,1
501,54,0
502,69,0
503,79,1
504,55,1
505,15,0
506,90,0
507,22,0
508,67,0
509,129,0
510,99,1
511,157,0
512,62,0
513,34,0
514,83,0
515,76,1
516,128,1
517,123,0
518,43,1
519,65,0
520,113,0
521,29,0
522,38,1
523,40,0
524,48,0
525,82,0
526,122,0
527,47,0
528,43,1
529,27,0
530,118,1
531,66,1
532,69,1
533,46,1
534,113,0
535,68,1
536,67,0
537,48,1
538,37,1
539,33,0
540,17,0
541,21,0
542,61,0
543,79,1
544,37,1
545,33,0
546,24,0
547,69,1
548,166,0
549,51,0
550,42,0
551,200,0
552,63,1
553,118,0
554,71,1
555,110,1
556,73,0
557,36,0
558,25,1
559,73,1
560,81,1
561,106,0
562,33,0
563,66,1
564,37,0
565,35,1
566,125,1
567,32,1
568,53,0
569,73,0
570,146,0
571,107,0
572,96,0
573,29,1
574,36,0
575,105,0
576,68,0
577,126,0
578,73,1
579,159,1
580,53,0
581,82,1
582,36,0
583,87,0
584,66,0
585,129,1
586,53,0
587,63,0
588,106,0
589,68,1
590,83,0
591,129,0
592,98,0
593,200,0
594,76,1
595,65,1
596,46,1
597,165,0
598,99,1
599,97,0
600,143,1
601,35,1
602,76,0
603,39,1
604,78,0
605,42,0
606,98,1
607,75,1
608,79,1
609,52,0
610,56,1
611,149,0
612,38,0
613,57,0
614,59,0
615,50,0
616,43,1
617,95,0
618,60,0
619,86,0
620,77,0
621,112,0
622,53,1
623,44,0
624,57,0
625,156,1
626,63,0
627,71,1
628,72,1
629,74,0
630,30,1
631,52,1
632,74,1
633,99,0
634,54,0
635,43,1
636,33,0
637,70,1
638,16,0
639,44,1
640,81,0
641,68,0
642,93,0
643,82,1
644,46,0
645,56,1
646,67,0
647,139,0
648,23,0
649,200,0
650,30,0
651,157,0
652,85,0
653,93,0
654,98,0
655,51,0
656,9,0
657,96,0
658,43,1
659,54,1
660,54,1
661,81,1
662,200,0
663,62,0
664,128,1
665,45,0
666,45,0
667,63,0
668,43,0
669,48,0
670,87,0
671,128,0
672,45,0
673,45,0
674,84,1
675,173,0
676,76,1
677,142,1
678,47,0
679,36,0
680,117,1
681,59,0
682,63,0
683,32,0
684,42,0
685,154,1
686,19,0
687,88,1
688,99,1
689,29,0
690,73,0
691,47,1
692,98,0
693,65,0
694,52,0
695,38,1
696,87,0
697,48,1
698,66,1
699,75,0
700,75,0
701,99,1
702,27,0
703,60,0
704,56,0
705,33,1
706,86,1
707,113,1
708,93,0
709,118,0
710,44,1
711,38,0
712,59,0
713,73,0
714,44,1
715,35,1
716,84,1
717,56,1
718,73,0
719,40,1
720,46,1
721,64,0
722,33,0
723,200,0
724,103,0
725,77,1
726,54,0
727,147,1
728,64,0
729,58,1
730,59,1
731,70,0
732,30,0
733,43,1
734,132,1
735,42,1
736,66,1
737,95,1
738,163,0
739,81,1
740,55,1
741,89,0
742,74,1
743,121,0
744,53,0
745,40,1
746,122,1
747,62,0
748,67,0
749,51,0
750,41,0
751,81,0
752,62,0
753,57,0
754,70,0
755,99,0
756,70,0
757,31,0
758,72,1
759,38,0
760,79,1
761,20,0
762,30,0
763,34,0
764,39,1
765,70,1
766,44,0
767,125,1
768,106,1
769,75,1
770,75,1
771,81,1
772,95,0
773,82,1
774,47,1
775,57,1
776,37,1
777,18,0
778,60,0
779,61,1
780,92,0
781,42,0
782,39,1
783,39,0
784,59,0
785,146,0
786,37,1
787,81,0
788,32,1
789,129,1
790,83,0
791,146,0
792,49,1
793,41,0
794,57,1
795,67,1
796,27,0
797,50,1
798,125,0
799,78,1
800,57,1
801,38,0
802,40,0
803,82,0
804,69,1
805,80,1
806,53,0
807,55,0
808,120,0
809,58,0
810,75,1
811,39,0
812,90,1
813,22,0
814,79,1
815,55,1
816,48,1
817,52,0
818,65,0
819,67,0
820,88,1
821,103,0
822,81,0
823,72,1
824,58,1
825,37,1
826,52,1
827,41,1
828,129,0
829,110,1
830,28,0
831,77,1
832,45,0
833,89,0
834,70,0
835,26,0
836,64,0
837,65,1
838,60,0
839,61,0
840,62,1
841,72,0
842,177,1
843,40,1
844,73,0
845,50,1
846,91,0
847,23,1
848,150,1
849,33,1
850,55,1
851,79,0
852,28,1
853,54,0
854,43,0
855,63,1
856,41,1
857,95,0
858,78,0
859,15,0
860,72,1
861,83,0
862,64,1
863,161,0
864,116,0
865,94,1
866,69,1
867,148,1
868,71,0
869,79,0
870,120,0
871,101,0
872,21,0
873,86,0
874,60,1
875,137,0
876,41,0
877,49,0
878,48,0
879,70,0
880,51,0
881,120,1
882,74,1
883,66,1
884,45,0
885,78,1
886,76,1
887,55,0
888,66,1
889,74,0
890,37,1
891,61,1
892,60,1
893,39,0
894,82,0
895,131,1
896,28,1
897,68,0
898,116,1
899,57,0
900,50,0
901,84,1
902,190,0
903,68,1
904,88,1
905,51,0
906,27,1
907,171,0
908,129,0
909,56,1
910,24,1
911,73,0
912,193,0
913,44,1
914,66,1
915,90,1
916,48,0
917,116,1
918,54,1
919,54,1
920,147,0
921,73,0
922,131,0
923,54,0
924,75,0
925,38,0
926,19,0
927,47,0
928,31,0
929,192,1
930,30,0
931,64,0
932,40,0
933,134,0
934,62,1
935,163,1
936,87,0
937,173,0
938,140,1
939,71,0
940,52,0
941,61,0
942,48,0
943,62,0
944,40,1
945,58,1
946,99,1
947,119,1
948,83,0
949,33,0
950,49,0
951,43,1
952,57,1
953,26,0
954,40,1
955,91,0
956,45,0
957,79,1
958,74,0
959,57,1
960,63,1
961,35,1
962,75,0
963,45,1
964,54,0
965,67,0
966,45,0
967,76,1
968,47,1
969,77,0
970,32,1
971,104,0
972,55,1
973,112,1
974,192,1
975,112,0
976,59,0
977,71,0
978,86,0
979,82,0
980,123,0
981,46,1
982,68,1
983,79,1
984,64,0
985,185,1
986,61,1
987,41,1
988,55,0
989,54,1
990,46,1
991,76,1
992,107,1
993,44,0
994,86,1
995,26,0
996,55,1
997,47,1
998,48,1
999,64,1
1000,82,0
1001,200,0
1002,34,0
1003,94,0
1004,93,0
1005,88,1
1006,23,0
1007,37,0
1008,46,1
1009,44,0
1010,154,0
1011,170,1
1012,94,0
1013,97,0
1014,25,0
1015,70,1
1016,137,1
1017,56,0
1018,146,1
1019,44,1
1020,68,1
1021,109,0
1022,29,0
1023,184,0
1024,50,1
1025,70,0
1026,74,1
1027,131,0
1028,95,1
1029,82,0
1030,53,1
1031,93,1
1032,43,0
1033,54,0
1034,96,0
1035,52,0
1036,72,0
1037,90,1
1038,35,0
1039,43,1
1040,105,0
1041,55,0
1042,63,0
1043,24,0
1044,84,0
1045,70,0
1046,108,1
1047,40,0
1048,60,1
1049,36,1
1050,25,0
1051,35,0
1052,63,1
1053,85,1
1054,74,0
1055,86,1
1056,59,0
1057,82,0
1058,54,0
1059,63,1
1060,180,0
1061,86,1
1062,10,0
1063,100,1
1064,45,0
1065,57,1
1066,34,0
1067,30,0
1068,82,0
1069,20,0
1070,29,0
1071,127,0
1072,134,0
1073,106,0
1074,101,0
1075,86,1
1076,46,0
1077,80,0
1078,107,0
1079,94,1
1080,19,0
1081,50,1
1082,51,1
1083,105,0
1084,121,1
1085,78,0
1086,44,1
1087,51,0
1088,50,0
1089,71,1
1090,73,1
1091,38,0
1092,70,1
1093,45,0
1094,80,0
1095,57,0
1096,71,0
1097,106,1
1098,75,0
1099,153,0
1100,56,1
1101,40,1
1102,58,0
1103,36,0
1104,82,1
1105,136,1
1106,51,0
1107,53,0
1108,120,0
1109,86,0
1110,46,0
1111,46,0
1112,87,0
1113,100,0
1114,28,0
1115,59,1
1116,60,0
1117,28,1
1118,35,1
1119,34,1
1120,46,0
1121,22,0
1122,74,1
1123,96,0
1124,21,0
1125,66,0
1126,105,0
1127,133,0
1128,118,0
1129,51,1
1130,35,0
1131,63,1
1132,45,1
1133,55,1
1134,122,0
1135,47,1
1136,44,1
1137,60,1
1138,78,0
1139,39,1
1140,82,0
1141,38,0
1142,25,0
1143,37,0
1144,39,1
1145,96,0
1146,65,0
1147,56,1
1148,83,0
1149,89,0
1150,46,0
1151,35,0
1152,67,1
1153,78,0
1154,38,1
1155,102,0
1156,144,1
1157,63,0
1158,71,1
1159,179,0
1160,53,0
1161,39,0
1162,58,0
1163,35,0
1164,58,0
1165,134,0
1166,72,0
1167,63,0
1168,20,1
1169,126,1
1170,41,1
1171,24,1
1172,45,1
1173,71,0
1174,51,0
1175,30,1
1176,41,1
1177,105,1
1178,70,1
1179,20,1
1180,55,1
1181,81,0
1182,50,0
1183,47,1
1184,51,0
1185,44,0
1186,27,0
1187,58,1
1188,32,1
1189,86,1
1190,77,1
1191,108,0
1192,64,1
1193,58,0
1194,60,1
1195,98,1
1196,54,0
1197,61,0
1198,51,0
1199,117,1
1200,55,1
1201,40,0
1202,107,0
1203,64,0
1204,172,1
1205,39,1
1206,51,0
1207,59,0
1208,56,1
1209,76,1
1210,105,0
1211,85,1
1212,80,1
1213,110,1
1214,71,1
1215,53,1
1216,88,1
1217,129,0
1218,93,1
1219,121,1
1220,46,0
1221,44,0
1222,78,1
1223,37,0
1224,71,0
1225,85,0
1226,32,1
1227,25,1
1228,107,1
1229,99,0
1230,65,0
1231,110,1
1232,86,1
1233,55,1
1234,50,0
1235,48,1
1236,23,0
1237,61,1
1238,71,0
1239,28,0
1240,78,0
1241,68,0
1242,98,0
1243,60,1
1244,40,0
1245,81,1
1246,67,0
1247,96,0
1248,47,0
1249,70,1
1250,47,0
1251,47,0
1252,22,0
1253,37,0
1254,79,0
1255,42,0
1256,70,1
1257,62,1
1258,53,1
1259,76,0
1260,131,1
1261,51,1
1262,102,0
1263,49,0
1264,47,0
1265,56,0
1266,47,0
1267,100,1
1268,33,0
1269,35,0
1270,18,1
1271,21,0
1272,43,0
1273,72,0
1274,42,0
1275,29,1
1276,92,1
1277,182,0
1278,55,1
1279,10,0
1280,66,0
1281,40,0
1282,43,0
1283,35,0
1284,101,0
1285,51,0
1286,35,0
1287,96,0
1288,71,0
1289,85,0
1290,16,0
1291,24,0
1292,75,0
1293,96,0
1294,63,1
1295,86,1
1296,72,1
1297,50,0
1298,64,1
1299,60,0
1300,66,0
1301,56,1
1302,166,1
1303,99,1
1304,68,0
1305,52,1
1306,60,1
1307,57,0
1308,41,0
1309,83,0
1310,42,0
1311,33,1
1312,115,1
1313,16,0
1314,32,0
1315,71,1
1316,43,0
1317,79,0
1318,135,0
1319,106,0
1320,39,0
1321,177,0
1322,87,0
1323,93,0
1324,90,1
1325,39,0
1326,104,0
1327,42,1
1328,37,0
1329,70,0
1330,48,0
1331,98,0
1332,44,1
1333,53,0
1334,66,0
1335,89,1
1336,200,0
1337,121,1
1338,73,0
1339,46,0
1340,55,1
1341,45,1
1342,31,1
1343,96,0
1344,60,0
1345,82,1
1346,37,0
1347,86,1
1348,105,0
1349,100,1
1350,31,0
1351,95,1
1352,27,1
1353,66,1
1354,53,0
1355,53,1
1356,40,1
1357,43,1
1358,40,0
1359,125,1
1360,125,0
1361,65,0
1362,30,0
1363,73,1
1364,85,0
1365,49,0
1366,101,0
1367,24,0
1368,129,1
1369,91,1
1370,27,0
1371,44,1
1372,116,1
1373,24,0
1374,64,1
1375,91,1
1376,124,1
1377,105,0
1378,48,1
1379,51,0
1380,40,1
1381,200,0
1382,126,0
1383,110,0
1384,51,0
1385,23,0
1386,107,0
1387,44,0
1388,36,0
1389,23,0
1390,36,0
1391,56,0
1392,124,1
1393,41,1
1394,32,1
1395,23,0
1396,56,1
1397,122,0
1398,97,0
1399,49,0
1400,73,1
1401,121,1
1402,54,0
1403,55,0
1404,29,1
1405,43,1
1406,54,0
1407,60,0
1408,77,1
1409,136,1
1410,116,1
1411,65,0
1412,46,0
1413,40,0
1414,75,0
1415,59,1
1416,75,0
1417,23,0
1418,91,1
1419,81,0
1420,69,0
1421,120,0
1422,34,0
1423,128,1
1424,57,0
1425,102,0
1426,132,0
1427,52,1
1428,61,0
1429,140,0
1430,54,0
1431,91,1
1432,180,1
1433,101,0
1434,85,0
1435,56,1
1436,125,0
1437,107,1
1438,36,0
1439,97,1
1440,47,1
1441,51,0
1442,120,1
1443,24,0
1444,38,0
1445,87,0
1446,131,0
1447,90,1
1448,23,1
1449,98,0
1450,28,1
1451,64,1
1452,171,0
1453,63,0
1454,47,1
1455,66,0
1456,69,1
1457,118,0
1458,20,0
1459,150,1
1460,95,1
1461,55,0
1462,55,0
1463,31,0
1464,98,0
1465,179,1
1466,73,1
1467,59,0
1468,71,0
1469,130,1
1470,81,0
1471,57,1
1472,30,1
1473,49,1
1474,52,0
1475,84,0
1476,50,1
1477,23,0
1478,60,1
1479,59,1
1480,55,1
1481,60,0
1482,56,0
1483,109,1
1484,73,1
1485,114,1
1486,50,1
1487,174,0
1488,83,0
1489,50,0
1490,51,0
1491,36,1
1492,48,0
1493,29,0
1494,61,1
1495,54,0
1496,51,0
1497,64,0
1498,43,1
1499,200,0
1500,31,0
1501,141,1
1502,56,0
1503,169,1
1504,71,1
1505,57,0
1506,27,0
1507,23,0
1508,33,0
1509,17,0
1510,58,0
1511,38,0
1512,39,0
1513,39,0
1514,34,1
1515,122,1
1516,75,1
1517,125,1
1518,70,0
1519,41,0
1520,24,0
1521,64,0
1522,22,1
1523,37,1
1524,99,0
1525,48,0
1526,151,1
1527,79,1
1528,27,0
1529,179,0
1530,65,1
1531,43,1
1532,141,1
1533,158,0
1534,121,1
1535,31,0
1536,53,0
1537,94,1
1538,62,1
1539,54,0
1540,119,0
1541,37,1
1542,88,0
1543,75,0
1544,110,0
1545,91,0
1546,84,1
1547,29,1
1548,51,1
1549,47,0
1550,148,0
1551,80,0
1552,40,0
1553,69,0
1554,166,0
1555,30,0
1556,36,0
1557,37,0
1558,47,0
1559,31,0
1560,46,0
1561,65,1
1562,129,1
1563,48,1
1564,54,0
1565,52,0
1566,95,0
1567,62,0
1568,39,0
1569,51,1
1570,61,1
1571,119,1
1572,76,0
1573,60,1
1574,101,0
1575,38,1
1576,180,0
1577,49,0
1578,72,0
1579,154,0
1580,58,0
1581,75,1
1582,30,0
1583,116,0
1584,39,1
1585,49,1
1586,38,0
1587,50,1
1588,111,1
1589,88,1
1590,45,1
1591,66,1
1592,176,0
1593,91,1
1594,81,1
1595,113,0
1596,28,0
1597,39,1
1598,43,1
1599,28,0
1600,59,0
1601,23,0
1602,48,0
1603,46,0
1604,124,0
1605,37,1
1606,68,0
1607,133,0
1608,25,0
1609,81,0
1610,91,1
1611,133,1
1612,37,1
1613,39,0
1614,46,0
1615,56,0
1616,128,1
1617,46,0
1618,56,1
1619,91,0
1620,52,0
1621,63,0
1622,52,1
1623,60,1
1624,53,0
1625,36,0
1626,99,1
1627,28,0
1628,56,0
1629,52,0
1630,115,0
1631,151,0
1632,65,1
1633,73,0
1634,77,0
1635,40,1
1636,47,0
1637,62,0
1638,40,0
1639,133,1
1640,44,1
1641,146,0
1642,90,1
1643,63,1
1644,134,0
1645,96,0
1646,51,0
1647,69,0
1648,26,1
1649,98,0
1650,173,0
1651,99,0
1652,75,1
1653,37,1
1654,110,1
1655,54,0
1656,26,1
1657,39,0
1658,42,0
1659,53,0
1660,42,1
1661,55,1
1662,29,0
1663,41,1
1664,94,1
1665,48,0
1666,53,1
1667,28,0
1668,33,0
1669,40,1
1670,123,0
1671,96,1
1672,99,0
1673,65,0
1674,85,1
1675,49,0
1676,119,1
1677,98,1
1678,28,0
1679,60,0
1680,76,1
1681,40,1
1682,59,0
1683,55,1
1684,55,0
1685,62,0
1686,34,0
1687,76,1
1688,65,0
1689,64,0
1690,89,0
1691,45,1
1692,200,0
1693,77,1
1694,26,1
1695,64,1
1696,93,1
1697,43,1
1698,69,1
1699,92,1
1700,40,0
1701,104,0
1702,43,0
1703,59,1
1704,35,0
1705,54,0
1706,49,0
1707,66,0
1708,153,0
1709,62,1
1710,87,0
1711,56,1
1712,74,0
1713,146,0
1714,31,0
1715,64,1
1716,50,1
1717,96,1
1718,46,0
1719,49,0
1720,72,1
1721,25,0
1722,30,1
1723,79,1
1724,67,0
1725,86,0
1726,70,0
1727,32,0
1728,45,0
1729,61,0
1730,29,0
1731,67,1
1732,50,1
1733,52,0
1734,34,1
1735,78,1
1736,99,1
1737,107,0
1738,62,0
1739,52,0
1740,49,1
1741,48,0
1742,40,1
1743,72,0
1744,39,1
1745,27,1
1746,50,1
1747,96,0
1748,19,1
1749,131,0
1750,108,0
1751,200,0
1752,34,0
1753,44,0
1754,88,0
1755,34,1
1756,29,1
1757,46,1
1758,63,0
1759,108,0
1760,15,0
1761,66,1
1762,34,1
1763,95,0
1764,35,1
1765,55,1
1766,40,0
1767,73,0
1768,162,1
1769,37,1
1770,35,0
1771,30,1
1772,62,0
1773,49,0
1774,32,1
1775,155,1
1776,37,0
1777,95,0
1778,80,1
1779,163,0
1780,72,1
1781,95,1
1782,98,0
1783,15,0
1784,74,1
1785,19,0
1786,81,0
1787,40,1
1788,44,0
1789,129,0
1790,38,1
1791,54,1
1792,165,0
1793,96,0
1794,94,0
1795,69,0
1796,44,0
1797,200,0
1798,69,0
1799,41,0
1800,135,0
1801,48,1
1802,100,1
1803,97,0
1804,89,1
1805,71,0
1806,105,0
1807,111,0
1808,57,1
1809,32,0
1810,34,0
1811,32,1
1812,114,0
1813,72,1
1814,74,0
1815,39,0
1816,76,1
1817,80,1
1818,46,0
1819,62,1
1820,57,1
1821,94,1
1822,149,1
1823,117,0
1824,92,0
1825,135,0
1826,42,0
1827,99,1
1828,78,1
1829,37,0
1830,98,0
1831,44,0
1832,38,0
1833,60,1
1834,134,1
1835,99,0
1836,72,0
1837,107,1
1838,57,0
1839,31,0
1840,75,0
1841,105,0
1842,49,0
1843,115,1
1844,34,0
1845,43,1
1846,72,0
1847,51,1
1848,79,0
1849,151,0
1850,44,0
1851,55,0
1852,94,1
1853,108,1
1854,80,1
1855,89,0
1856,36,0
1857,87,1
1858,75,0
1859,100,1
1860,97,0
1861,46,1
1862,76,1
1863,40,0
1864,115,1
1865,67,1
1866,48,1
1867,83,1
1868,176,1
1869,47,0
1870,49,0
1871,104,0
1872,56,1
1873,77,0
1874,49,1
1875,94,1
1876,154,0
1877,78,1
1878,60,1
1879,37,1
1880,54,1
1881,35,0
1882,54,0
1883,42,1
1884,118,0
1885,90,1
1886,66,1
1887,60,0
1888,126,1
1889,95,1
1890,78,1
1891,65,1
1892,63,1
1893,116,0
1894,95,1
1895,33,0
1896,30,1
1897,17,0
1898,67,1
1899,55,0
1900,51,0
1901,20,0
1902,46,1
1903,71,1
1904,60,1
1905,81,0
1906,49,1
1907,43,0
1908,138,0
1909,33,0
1910,22,1
1911,55,1
1912,40,1
1913,185,0
1914,35,0
1915,26,1
1916,81,0
1917,180,1
1918,10,0
1919,53,1
1920,38,1
1921,44,0
1922,88,0
1923,31,0
1924,200,0
1925,26,1
1926,77,0
1927,53,0
1928,36,1
1929,26,0
1930,109,0
1931,110,1
1932,140,0
1933,84,1
1934,37,1
1935,35,1
1936,55,1
1937,52,1
1938,71,0
1939,35,0
1940,83,1
1941,39,1
1942,200,0
1943,117,0
1944,56,1
1945,42,0
1946,79,1
1947,37,0
1948,19,0
1949,88,0
1950,62,1
1951,49,1
1952,48,0
1953,35,1
1954,129,1
1955,52,0
1956,197,1
1957,200,0
1958,31,0
1959,95,0
1960,36,0
1961,98,0
1962,48,0
1963,49,1
1964,98,1
1965,128,1
1966,134,0
1967,48,0
1968,122,1
1969,74,1
1970,36,1
1971,42,0
1972,113,0
1973,57,0
1974,111,1
1975,185,1
1976,63,0
1977,60,0
1978,67,0
1979,99,0
1980,73,1
1981,75,1
1982,141,0
1983,144,1
1984,48,0
1985,32,1
1986,66,1
1987,105,1
1988,61,1
1989,34,1
1990,57,1
1991,42,0
1992,58,1
1993,34,1
1994,181,1
1995,44,1
1996,77,0
1997,161,0
1998,70,1
1999,69,1
2000,140,0
2001,62,0
2002,61,1
2003,47,0
2004,120,0
2005,92,0
2006,83,1
2007,38,1
2008,35,0
2009,28,1
2010,137,0
2011,103,0
2012,86,0
2013,127,0
2014,92,0
2015,65,0
2016,99,0
2017,45,0
2018,47,0
2019,100,0
2020,69,0
2021,107,0
2022,44,0
2023,32,0
2024,53,0
2025,69,1
2026,107,0
2027,66,1
2028,200,0
2029,57,0
2030,94,0
2031,32,0
2032,56,1
2033,80,0
2034,200,0
2035,72,1
2036,104,0
2037,81,0
2038,114,1
2039,97,1
2040,43,1
2041,35,0
2042,34,1
2043,27,1
2044,107,0
2045,153,0
2046,44,0
2047,52,0
2048,43,0
2049,67,1
2050,68,1
2051,93,0
2052,46,1
2053,110,0
2054,89,0
2055,78,0
2056,108,0
2057,48,1
2058,35,0
2059,44,0
2060,62,1
2061,82,0
2062,65,1
2063,137,0
2064,81,1
2065,70,1
2066,47,1
2067,33,1
2068,120,1
2069,73,0
2070,16,0
2071,43,1
2072,52,0
2073,29,1
2074,59,0
2075,95,1
2076,52,0
2077,73,1
2078,25,1
2079,74,1
2080,58,1
2081,96,1
2082,112,1
2083,103,0
2084,78,0
2085,29,0
2086,56,0
2087,66,1
2088,124,0
2089,83,0
2090,50,0
2091,137,0
2092,69,1
2093,79,1
2094,133,0
2095,43,0
2096,15,0
2097,60,0
2098,93,0
2099,111,0
2100,37,1
2101,57,0
2102,58,1
2103,41,0
2104,51,1
2105,106,0
2106,60,0
2107,95,0
2108,147,1
2109,46,0
2110,107,0
2111,101,1
2112,47,1
2113,31,1
2114,76,0
2115,14,0
2116,200,0
2117,22,0
2118,88,1
2119,76,0
2120,31,0
2121,125,1
2122,60,0
2123,42,0
2124,57,1
2125,115,1
2126,46,0
2127,74,1
2128,100,0
2129,68,1
2130,98,1
2131,43,0
2132,57,0
2133,62,1
2134,60,0
2135,129,0
2136,21,1
2137,99,1
2138,40,0
2139,47,1
2140,44,1
2141,70,0
2142,50,0
2143,39,0
2144,27,1
2145,54,1
2146,59,1
2147,42,0
2148,48,1
2149,125,1
2150,36,0
2151,36,0
2152,46,0
2153,125,1
2154,200,0
2155,58,0
2156,159,1
2157,101,0
2158,93,1
2159,53,1
2160,88,1
2161,95,0
2162,33,1
2163,32,1
2164,127,0
2165,19,0
2166,132,0
2167,21,0
2168,71,0
2169,46,1
2170,59,0
2171,57,0
2172,34,0
2173,40,0
2174,59,1
2175,75,0
2176,71,0
2177,135,1
2178,44,1
2179,25,0
2180,73,1
2181,33,1
2182,138,0
2183,176,0
2184,73,0
2185,50,0
2186,54,0
2187,55,0
2188,49,1
2189,78,1
2190,90,0
2191,82,0
2192,70,0
2193,105,1
2194,110,0
2195,76,0
2196,54,1
2197,65,1
2198,23,0
2199,63,1
2200,38,0
2201,64,0
2202,47,1
2203,122,1
2204,30,1
2205,44,1
2206,44,0
2207,65,1
2208,104,0
2209,80,0
2210,39,1
2211,61,1
2212,50,1
2213,78,0
2214,75,1
2215,37,0
2216,200,0
2217,47,1
2218,40,0
2219,69,0
2220,72,0
2221,36,1
2222,63,0
2223,121,1
2224,57,0
2225,48,0
2226,63,1
2227,60,0
2228,56,1
2229,76,1
2230,37,0
2231,39,0
2232,40,1
2233,34,1
2234,93,1
2235,87,0
2236,70,1
2237,53,0
2238,88,1
2239,35,0
2240,95,1
2241,49,1
2242,121,0
2243,69,0
2244,60,0
2245,83,1
2246,67,0
2247,151,0
2248,55,1
2249,46,1
2250,33,0
2251,153,0
2252,75,0
2253,97,0
2254,88,1
2255,64,0
2256,121,1
2257,53,1
2258,34,0
2259,85,0
2260,76,0
2261,65,1
2262,64,0
2263,33,0
2264,105,1
2265,52,0
2266,115,1
2267,167,1
2268,76,0
2269,52,0
2270,52,1
2271,66,1
2272,79,1
2273,49,1
2274,30,0
2275,70,1
2276,50,1
2277,90,0
2278,133,1
2279,39,1
2280,52,1
2281,80,0
2282,31,0
2283,44,0
2284,80,0
2285,65,1
2286,42,0
2287,88,1
2288,45,0
2289,27,1
2290,31,1
2291,56,0
2292,28,1
2293,77,1
2294,95,0
2295,38,0
2296,79,0
2297,48,0
2298,82,0
2299,98,1
2300,68,1
2301,57,0
2302,73,1
2303,56,1
2304,39,0
2305,38,1
2306,39,0
2307,58,0
2308,55,0
2309,56,0
2310,104,1
2311,54,0
2312,54,0
2313,88,0
2314,39,1
2315,51,0
2316,56,0
2317,87,1
2318,49,1
2319,114,0
2320,47,0
2321,53,1
2322,70,0
2323,26,0
2324,135,1
2325,132,0
2326,50,1
2327,44,0
2328,45,1
2329,40,1
2330,68,0
2331,61,0
2332,84,0
2333,49,0
2334,86,0
2335,37,0
2336,66,0
2337,57,1
2338,80,0
2339,66,0
2340,159,1
2341,45,0
2342,58,0
2343,25,1
2344,36,0
2345,37,0
2346,105,0
2347,107,0
2348,69,1
2349,50,0
2350,63,0
2351,29,0
2352,131,1
2353,31,1
2354,162,1
2355,60,1
2356,126,1
2357,130,1
2358,69,1
2359,104,0
2360,110,0
2361,106,0
2362,125,1
2363,126,0
2364,63,0
2365,101,1
2366,73,1
2367,67,1
2368,82,0
2369,70,1
2370,61,0
2371,83,1
2372,65,1
2373,69,1
2374,71,1
2375,200,0
2376,58,1
2377,50,0
2378,33,1
2379,121,1
2380,31,0
2381,64,0
2382,43,0
2383,90,1
2384,101,0
2385,104,1
2386,99,1
2387,55,0
2388,71,1
2389,25,0
2390,49,0
2391,60,1
2392,37,0
2393,141,1
2394,49,0
2395,200,0
2396,143,1
2397,34,1
2398,83,0
2399,59,0
2400,47,0
2401,42,0
2402,111,1
2403,66,1
2404,32,0
2405,48,1
2406,50,0
2407,63,0
2408,76,0
2409,42,0
2410,43,0
2411,36,0
2412,29,0
2413,129,1
2414,58,1
2415,112,1
2416,76,0
2417,57,0
2418,84,1
2419,53,0
2420,23,0
2421,117,0
2422,91,0
2423,78,1
2424,34,0
2425,35,1
2426,40,0
2427,73,1
2428,111,0
2429,50,0
2430,196,0
2431,61,0
2432,124,0
2433,28,1
2434,88,0
2435,110,1
2436,67,0
2437,79,0
2438,68,0
2439,67,1
2440,49,0
2441,96,0
2442,56,0
2443,36,1
2444,49,1
2445,38,1
2446,44,1
2447,99,0
2448,51,1
2449,110,1
2450,83,1
2451,171,1
2452,36,1
2453,42,1
2454,39,0
2455,74,0
2456,88,0
2457,73,0
2458,32,0
2459,125,1
2460,154,0
2461,88,0
2462,41,0
2463,47,1
2464,53,1
2465,38,1
2466,68,1
2467,73,1
2468,60,1
2469,54,1
2470,59,1
2471,22,0
2472,80,0
2473,56,0
2474,71,0
2475,76,0
2476,86,0
2477,109,1
2478,200,0
2479,106,1
2480,125,0
2481,54,1
2482,123,0
2483,44,1
2484,44,0
2485,58,1
2486,200,0
2487,62,0
2488,48,0
2489,153,0
2490,48,0
2491,32,1
2492,144,1
2493,45,1
2494,83,0
2495,60,1
2496,89,0
2497,24,0
2498,78,1
2499,23,0
2500,30,0
2501,48,1
2502,42,0
2503,126,0
2504,42,0
2505,29,0
2506,53,0
2507,37,0
2508,81,0
2509,48,0
2510,65,0
2511,65,1
2512,38,1
2513,46,0
2514,77,1
2515,40,1
2516,40,1
2517,77,0
2518,53,0
2519,37,1
2520,51,1
2521,45,0
2522,45,1
2523,49,0
2524,90,0
2525,33,0
2526,33,1
2527,37,0
2528,27,0
2529,112,1
2530,61,0
2531,135,1
2532,45,0
2533,46,0
2534,168,0
2535,67,0
2536,61,0
2537,24,0
2538,46,1
2539,32,1
2540,63,0
2541,50,0
2542,149,1
2543,51,1
2544,26,0
2545,80,0
2546,30,1
2547,47,0
2548,50,0
2549,69,0
2550,40,0
2551,47,1
2552,43,1
2553,36,1
2554,30,0
2555,49,1
2556,50,0
2557,49,1
2558,56,0
2559,49,1
2560,69,1
2561,98,0
2562,56,0
2563,29,0
2564,55,0
2565,85,0
2566,104,0
2567,24,0
2568,70,1
2569,65,1
2570,41,0
2571,34,0
2572,56,0
2573,23,0
2574,74,0
2575,91,0
2576,25,0
2577,49,0
2578,84,0
2579,56,0
2580,27,0
2581,153,1
2582,62,0
2583,122,1
2584,32,1
2585,90,0
2586,53,0
2587,36,0
2588,46,1
2589,30,0
2590,64,0
2591,96,1
2592,25,0
2593,77,1
2594,48,0
2595,36,0
2596,48,1
2597,53,1
2598,53,0
2599,86,1
2600,29,1
2601,44,0
2602,42,1
2603,61,1
2604,59,1
2605,99,1
2606,88,0
2607,59,0
2608,60,1
2609,29,0
2610,44,1
2611,47,0
2612,60,1
2613,37,0
2614,20,1
2615,22,0
2616,63,0
2617,104,1
2618,53,0
2619,89,1
2620,37,1
2621,39,1
2622,103,0
2623,86,0
2624,94,0
2625,52,0
2626,64,0
2627,18,0
2628,73,0
2629,30,0
2630,62,1
2631,66,1
2632,114,0
2633,40,0
2634,61,0
2635,40,0
2636,86,1
2637,68,0
2638,45,0
2639,30,0
2640,69,1
2641,65,0
2642,41,0
2643,118,1
2644,71,0
2645,39,1
2646,14,0
2647,101,1
2648,30,0
2649,40,0
2650,136,0
2651,100,1
2652,47,0
2653,26,1
2654,56,1
2655,76,1
2656,48,1
2657,91,0
2658,51,1
2659,118,0
2660,29,1
2661,67,0
2662,117,1
2663,78,0
2664,50,0
2665,34,0
2666,44,1
2667,36,0
2668,48,0
2669,22,0
2670,38,0
2671,39,0
2672,62,0
2673,15,0
2674,79,0
2675,62,1
2676,42,0
2677,29,0
2678,101,0
2679,48,0
2680,33,0
2681,51,0
2682,29,0
2683,53,0
2684,31,1
2685,100,1
2686,94,0
2687,200,0
2688,98,0
2689,34,1
2690,62,1
2691,112,0
2692,40,0
2693,82,0
2694,31,0
2695,172,1
2696,31,1
2697,26,0
2698,28,0
2699,64,0
2700,52,0
2701,51,1
2702,64,0
2703,52,0
2704,41,1
2705,50,1
2706,66,0
2707,49,0
2708,23,0
2709,29,0
2710,53,0
2711,22,0
2712,122,0
2713,23,0
2714,33,1
2715,79,0
2716,98,0
2717,79,1
2718,30,0
2719,56,0
2720,62,1
2721,60,0
2722,27,0
2723,76,0
2724,79,1
2725,66,0
2726,81,0
2727,56,0
2728,26,0
2729,35,0
2730,26,1
2731,57,1
2732,87,1
2733,67,1
2734,117,1
2735,43,1
2736,38,0
2737,64,0
2738,37,0
2739,41,0
2740,60,1
2741,47,1
2742,66,1
2743,26,1
2744,38,1
2745,46,1
2746,46,0
2747,37,0
2748,99,0
2749,86,1
2750,53,1
2751,149,0
2752,69,0
2753,71,1
2754,65,0
2755,55,1
2756,47,0
2757,55,0
2758,39,0
2759,43,0
2760,51,0
2761,50,0
2762,68,1
2763,80,0
2764,65,1
2765,39,0
2766,51,0
2767,127,0
2768,88,1
2769,35,0
2770,20,0
2771,96,0
2772,35,1
2773,28,1
2774,63,1
2775,46,1
2776,39,0
2777,79,0
2778,17,0
2779,54,0
2780,63,0
2781,94,1
2782,42,0
2783,35,0
2784,36,0
2785,53,1
2786,58,0
2787,103,0
2788,63,1
2789,42,0
2790,89,0
2791,34,0
2792,54,1
2793,91,0
2794,24,0
2795,22,1
2796,84,0
2797,74,1
2798,41,0
2799,42,0
2800,104,1
2801,25,1
2802,56,1
2803,22,0
2804,48,0
2805,58,1
2806,40,1
2807,87,0
2808,50,1
2809,31,1
2810,78,0
2811,60,1
2812,36,0
2813,31,0
2814,33,0
2815,34,0
2816,38,0
2817,45,0
2818,73,1
2819,25,0
2820,112,0
2821,52,1
2822,28,0
2823,60,1
2824,60,0
2825,34,1
2826,77,0
2827,51,1
2828,53,1
2829,69,0
2830,55,1
2831,58,1
2832,37,1
2833,46,0
2834,103,1
2835,123,0
2836,86,0
2837,67,1
2838,72,1
2839,97,0
2840,44,0
2841,48,0
2842,68,0
2843,60,1
2844,34,0
2845,53,0
2846,44,0
2847,57,0
2848,32,0
2849,59,0
2850,35,1
2851,52,1
2852,73,1
2853,56,1
2854,16,0
2855,72,0
2856,24,0
2857,63,1
2858,60,0
2859,62,1
2860,98,1
2861,74,0
2862,42,1
2863,101,1
2864,43,0
2865,146,1
2866,111,0
2867,85,0
2868,22,1
2869,24,0
2870,46,1
2871,52,0
2872,70,0
2873,30,1
2874,33,1
2875,31,1
2876,65,0
2877,78,0
2878,36,0
2879,81,0
2880,24,0
2881,91,0
2882,55,1
2883,97,0
2884,47,1
2885,72,0
2886,40,0
2887,40,0
2888,107,0
2889,28,0
2890,51,0
2891,50,1
2892,53,1
2893,56,1
2894,56,1
2895,110,1
2896,43,1
2897,77,0
2898,44,0
2899,71,0
2900,33,0
2901,127,0
2902,85,0
2903,33,0
2904,100,0
2905,33,0
2906,62,0
2907,14,0
2908,30,0
2909,138,0
2910,49,1
2911,59,0
2912,84,0
2913,43,0
2914,58,1
2915,68,0
2916,47,1
2917,33,1
2918,45,1
2919,38,0
2920,87,0
2921,24,0
2922,42,0
2923,102,0
2924,72,0
2925,47,0
2926,77,1
2927,91,1
2928,78,1
2929,42,0
2930,91,1
2931,44,0
2932,23,1
2933,65,0
2934,69,0
2935,32,0
2936,58,1
2937,37,0
2938,35,1
2939,24,0
2940,19,0
2941,29,0
2942,56,0
2943,41,0
2944,71,0
2945,59,1
2946,51,1
2947,51,1
2948,50,0
2949,38,0
2950,47,1
2951,72,1
2952,66,0
2953,100,0
2954,48,0
2955,49,0
2956,84,1
2957,79,0
2958,48,0
2959,32,1
2960,117,1
2961,109,1
2962,193,1
2963,50,0
2964,31,1
2965,81,1
2966,64,0
2967,56,0
2968,41,1
2969,53,1
2970,113,0
2971,92,0
2972,16,0
2973,18,0
2974,60,1
2975,46,0
2976,72,0
2977,51,0
2978,41,1
2979,30,1
2980,51,1
2981,76,1
2982,119,0
2983,76,0
2984,122,0
2985,94,1
2986,50,1
2987,34,0
2988,31,0
2989,48,1
2990,79,0
2991,46,1
2992,31,1
2993,38,0
2994,71,0
2995,63,1
2996,33,1
2997,72,0
2998,159,1
2999,35,1
3000,39,0
3001,78,0
3002,124,0
3003,45,1
3004,32,0
3005,47,0
3006,72,1
3007,45,1
3008,39,1
3009,42,1
3010,94,0
3011,47,1
3012,51,1
3013,74,1
3014,80,0
3015,45,0
3016,55,1
3017,74,1
3018,90,1
3019,23,0
3020,11,0
3021,49,1
3022,109,0
3023,57,1
3024,46,1
3025,81,0
3026,37,1
3027,41,0
3028,51,1
3029,64,0
3030,34,0
3031,81,1
3032,68,1
3033,69,0
3034,28,0
3035,52,0
3036,60,0
3037,72,0
3038,70,0
3039,54,0
3040,52,0
3041,14,0
3042,71,0
3043,52,0
3044,111,0
3045,47,0
3046,47,0
3047,44,1
3048,62,1
3049,96,0
3050,40,0
3051,55,1
3052,90,1
3053,95,1
3054,30,0
3055,51,1
3056,30,0
3057,41,1
3058,104,1
3059,68,1
3060,46,0
3061,31,1
3062,162,1
3063,52,0
3064,60,0
3065,95,1
3066,40,0
3067,19,1
3068,72,1
3069,85,0
3070,20,0
3071,28,0
3072,61,1
3073,57,1
3074,39,1
3075,42,0
3076,188,0
3077,41,0
3078,31,1
3079,37,0
3080,113,0
3081,65,0
3082,200,0
3083,57,1
3084,89,0
3085,107,1
3086,94,0
3087,55,0
3088,84,0
3089,80,1
3090,74,0
3091,41,0
3092,63,1
3093,95,1
3094,52,0
3095,89,1
3096,25,0
3097,53,1
3098,13,0
3099,46,0
3100,29,1
3101,89,0
3102,104,0
3103,45,1
3104,90,0
3105,62,0
3106,72,0
3107,83,1
3108,66,0
3109,31,0
3110,61,0
3111,44,0
3112,50,0
3113,44,0
3114,58,0
3115,28,0
3116,71,1
3117,98,0
3118,48,0
3119,33,1
3120,44,1
3121,96,0
3122,44,1
3123,74,0
3124,132,0
3125,61,1
3126,38,0
3127,107,1
3128,74,1
3129,79,0
3130,45,0
3131,39,0
3132,55,1
3133,14,0
3134,74,0
3135,63,1
3136,90,1
3137,84,1
3138,75,1
3139,71,0
3140,49,0
3141,88,0
3142,72,1
3143,66,0
3144,62,0
3145,54,0
3146,63,0
3147,14,0
3148,47,0
3149,60,1
3150,69,0
3151,69,0
3152,71,0
3153,36,0
3154,45,0
3155,42,1
3156,30,1
3157,69,1
3158,43,0
3159,76,1
3160,53,0
3161,200,0
3162,73,0
3163,55,0
3164,10,0
3165,29,0
3166,99,0
3167,52,0
3168,41,1
3169,47,1
3170,60,1
3171,38,0
3172,65,0
3173,115,1
3174,45,0
3175,30,1
3176,98,0
3177,106,0
3178,55,1
3179,55,0
3180,44,0
3181,35,0
3182,57,1
3183,45,1
3184,95,0
3185,42,0
3186,48,1
3187,66,1
3188,80,0
3189,94,0
3190,51,1
3191,63,0
3192,42,1
3193,51,1
3194,27,0
3195,67,0
3196,95,0
3197,146,0
3198,46,0
3199,43,0
3200,32,0
3201,47,1
3202,131,0
3203,112,1
3204,64,0
3205,81,0
3206,40,1
3207,121,0
3208,101,0
3209,54,1
3210,58,0
3211,69,0
3212,72,1
3213,77,0
3214,89,0
3215,60,0
3216,38,1
3217,32,0
3218,60,1
3219,49,1
3220,80,1
3221,32,1
3222,49,0
3223,90,0
3224,24,1
3225,45,1
3226,116,0
3227,65,0
3228,49,1
3229,79,0
3230,47,1
3231,43,0
3232,45,0
3233,49,0
3234,54,0
3235,136,0
3236,71,0
3237,83,1
3238,29,1
3239,30,1
3240,38,0
3241,31,0
3242,45,0
3243,48,1
3244,114,0
3245,29,1
3246,43,0
3247,126,0
3248,39,1
3249,51,1
3250,37,1
3251,86,1
3252,170,0
3253,48,0
3254,118,0
3255,94,0
3256,48,0
3257,44,0
3258,56,0
3259,41,1
3260,80,0
3261,77,1
3262,79,1
3263,59,1
3264,81,1
3265,140,1
3266,86,1
3267,59,0
3268,67,0
3269,74,0
3270,29,1
3271,88,1
3272,46,1
3273,37,0
3274,88,1
3275,12,0
3276,39,0
3277,25,1
3278,44,0
3279,20,0
3280,45,1
3281,32,0
3282,30,1
3283,49,0
3284,98,0
3285,57,1
3286,64,1
3287,39,0
3288,90,0
3289,100,0
3290,39,0
3291,50,0
3292,65,1
3293,83,0
3294,48,1
3295,39,1
3296,68,0
3297,68,0
3298,35,0
3299,72,0
3300,43,1
3301,78,0
3302,51,0
3303,43,0
3304,38,0
3305,43,1
3306,55,1
3307,86,0
3308,90,0
3309,56,1
3310,105,1
3311,49,1
3312,65,1
3313,51,0
3314,51,0
3315,30,1
3316,40,1
3317,43,1
3318,50,0
3319,47,1
3320,78,0
3321,62,1
3322,24,1
3323,115,0
3324,59,0
3325,86,0
3326,74,0
3327,20,0
3328,119,0
3329,39,1
3330,20,0
3331,72,0
3332,64,0
3333,42,1
3334,44,0
3335,77,1
3336,59,1
3337,49,1
3338,45,1
3339,27,0
3340,94,0
3341,34,1
3342,67,1
3343,40,0
3344,62,0
3345,23,1
3346,36,0
3347,40,1
3348,38,0
3349,52,1
3350,37,1
3351,49,0
3352,73,1
3353,47,0
3354,66,1
3355,70,1
3356,33,0
3357,65,0
3358,38,1
3359,56,1
3360,43,0
3361,70,1
3362,75,0
3363,40,0
3364,77,1
3365,103,0
3366,24,1
3367,116,1
3368,90,0
3369,38,0
3370,128,1
3371,66,1
3372,49,0
3373,24,1
3374,30,0
3375,48,1
3376,52,0
3377,30,0
3378,33,1
3379,53,0
3380,102,1
3381,96,0
3382,83,0
3383,58,1
3384,89,0
3385,65,0
3386,60,1
3387,93,0
3388,32,0
3389,69,0
3390,46,0
3391,56,0
3392,72,1
3393,88,1
3394,72,0
3395,34,0
3396,69,0
3397,56,1
3398,47,0
3399,51,0
3400,55,0
3401,61,0
3402,67,0
3403,69,0
3404,55,1
3405,100,0
3406,51,0
3407,53,1
3408,51,0
3409,80,0
3410,44,0
3411,36,0
3412,103,0
3413,20,0
3414,48,0
3415,26,1
3416,56,0
3417,82,1
3418,38,1
3419,132,1
3420,42,1
3421,107,0
3422,40,0
3423,78,0
3424,90,1
3425,67,0
3426,88,0
3427,44,0
3428,77,1
3429,56,1
3430,99,1
3431,22,0
3432,50,0
3433,85,0
3434,50,1
3435,27,1
3436,23,0
3437,64,1
3438,25,1
3439,54,1
3440,57,0
3441,96,0
3442,55,0
3443,47,1
3444,101,1
3445,57,0
3446,67,0
3447,73,0
3448,84,1
3449,33,0
3450,26,0
3451,24,0
3452,36,0
3453,57,0
3454,37,0
3455,88,0
3456,60,1
3457,67,0
3458,51,1
3459,56,0
3460,200,0
3461,57,0
3462,137,0
3463,93,0
3464,90,1
3465,56,1
3466,32,0
3467,61,1
3468,91,1
3469,30,1
3470,39,0
3471,31,0
3472,60,1
3473,59,0
3474,199,0
3475,47,1
3476,47,0
3477,51,0
3478,42,0
3479,87,0
3480,108,0
3481,65,0
3482,143,0
3483,44,0
3484,32,0
3485,30,1
3486,95,0
3487,80,0
3488,50,0
3489,95,1
3490,81,0
3491,164,1
3492,21,0
3493,27,0
3494,69,0
3495,68,0
3496,89,0
3497,56,1
3498,59,0
3499,30,0
3500,19,0
3501,74,0
3502,69,0
3503,49,0
3504,76,0
3505,68,0
3506,55,0
3507,33,0
3508,40,0
3509,46,0
3510,113,0
3511,96,1
3512,89,1
3513,75,1
3514,41,0
3515,108,0
3516,27,1
3517,83,1
3518,24,1
3519,43,1
3520,74,0
3521,58,0
3522,50,1
3523,33,0
3524,76,0
3525,73,0
3526,57,1
3527,51,0
3528,72,1
3529,24,1
3530,57,0
3531,34,0
3532,33,1
3533,76,0
3534,14,0
3535,100,0
3536,53,0
3537,89,0
3538,30,1
3539,61,0
3540,91,1
3541,39,0
3542,59,0
3543,33,0
3544,31,0
3545,102,1
3546,96,1
3547,60,0
3548,39,0
3549,49,0
3550,58,0
3551,72,0
3552,47,0
3553,86,0
3554,40,0
3555,55,1
3556,97,1
3557,76,0
3558,21,0
3559,58,0
3560,76,0
3561,44,0
3562,60,1
3563,72,0
3564,60,1
3565,47,0
3566,154,1
3567,104,1
3568,84,1
3569,68,0
3570,45,0
3571,29,1
3572,27,0
3573,75,0
3574,62,0
3575,48,0
3576,76,1
3577,65,0
3578,75,0
3579,50,0
3580,26,0
3581,32,0
3582,42,0
3583,123,1
3584,111,0
3585,21,0
3586,116,1
3587,58,0
3588,40,1
3589,145,1
3590,114,1
3591,129,1
3592,81,0
3593,98,1
3594,63,0
3595,53,0
3596,67,1
3597,87,0
3598,33,0
3599,59,0
3600,76,0
3601,50,0
3602,36,1
3603,49,0
3604,76,1
3605,31,0
3606,90,0
3607,85,1
3608,33,1
3609,200,0
3610,54,0
3611,31,1
3612,66,1
3613,43,1
3614,33,1
3615,55,1
3616,71,1
3617,29,0
3618,30,0
3619,129,0
3620,70,1
3621,44,0
3622,82,0
3623,31,0
3624,47,1
3625,56,1
3626,86,0
3627,56,0
3628,91,1
3629,98,0
3630,85,0
3631,51,1
3632,51,0
3633,32,0
3634,47,0
3635,54,0
3636,94,0
3637,20,0
3638,14,0
3639,157,0
3640,152,1
3641,44,1
3642,80,1
3643,75,0
3644,47,0
3645,70,0
3646,79,0
3647,31,0
3648,30,0
3649,28,1
3650,59,0
3651,29,0
3652,45,1
3653,86,0
3654,70,0
3655,111,0
3656,35,0
3657,68,1
3658,69,0
3659,84,1
3660,75,0
3661,30,0
3662,54,0
3663,31,0
3664,149,0
3665,84,0
3666,75,1
3667,79,0
3668,55,1
3669,46,0
3670,35,0
3671,40,0
3672,64,1
3673,86,0
3674,127,0
3675,105,1
3676,42,1
3677,52,0
3678,155,1
3679,79,0
3680,78,0
3681,41,1
3682,57,0
3683,40,1
3684,61,0
3685,74,0
3686,64,1
3687,32,0
3688,76,0
3689,48,1
3690,45,0
3691,38,0
3692,35,0
3693,103,0
3694,36,0
3695,52,0
3696,62,1
3697,26,1
3698,92,0
3699,40,0
3700,15,0
3701,55,0
3702,35,1
3703,27,1
3704,34,1
3705,14,0
3706,47,1
3707,31,1
3708,103,1
3709,44,0
3710,61,1
3711,47,0
3712,36,1
3713,89,1
3714,53,1
3715,52,1
3716,100,0
3717,107,0
3718,55,0
3719,38,1
3720,39,1
3721,116,1
3722,39,1
3723,79,1
3724,117,1
3725,34,1
3726,30,0
3727,39,0
3728,70,0
3729,30,0
3730,97,0
3731,52,0
3732,42,0
3733,67,1
3734,183,0
3735,72,0
3736,34,0
3737,72,1
3738,62,1
3739,26,1
3740,59,1
3741,60,1
3742,46,0
3743,104,0
3744,111,0
3745,88,0
3746,68,0
3747,58,1
3748,62,0
3749,69,0
3750,48,0
3751,82,0
3752,37,0
3753,42,1
3754,38,1
3755,29,0
3756,50,0
3757,59,1
3758,83,1
3759,67,1
3760,44,1
3761,93,0
3762,119,0
3763,54,1
3764,87,0
3765,36,1
3766,100,1
3767,30,0
3768,78,1
3769,35,0
3770,95,1
3771,49,0
3772,53,1
3773,82,1
3774,63,1
3775,43,0
3776,42,0
3777,33,0
3778,62,1
3779,44,0
3780,31,0
3781,40,0
3782,39,0
3783,82,1
3784,14,0
3785,130,1
3786,29,0
3787,33,1
3788,56,0
3789,101,1
3790,82,1
3791,129,1
3792,30,1
3793,105,0
3794,88,1
3795,167,1
3796,58,0
3797,43,0
3798,39,1
3799,44,0
3800,42,0
3801,115,0
3802,104,0
3803,63,1
3804,59,1
3805,40,1
3806,122,0
3807,93,0
3808,48,1
3809,40,0
3810,41,0
3811,77,1
3812,63,1
3813,110,1
3814,58,1
3815,62,0
3816,36,0
3817,72,0
3818,62,1
3819,90,1
3820,27,0
3821,40,1
3822,81,0
3823,62,1
3824,87,1
3825,17,0
3826,94,0
3827,69,0
3828,63,1
3829,46,1
3830,60,1
3831,32,0
3832,22,1
3833,91,0
3834,48,1
3835,98,1
3836,123,0
3837,120,0
3838,31,0
3839,41,0
3840,94,0
3841,39,0
3842,23,0
3843,72,0
3844,101,0
3845,75,1
3846,59,0
3847,100,0
3848,50,0
3849,46,1
3850,103,1
3851,55,1
3852,26,0
3853,62,0
3854,39,0
3855,45,0
3856,34,1
3857,46,1
3858,48,1
3859,48,0
3860,29,1
3861,87,1
3862,74,0
3863,37,1
3864,47,0
3865,70,1
3866,87,0
3867,60,1
3868,43,0
3869,47,0
3870,103,1
3871,58,0
3872,103,1
3873,50,0
3874,63,0
3875,57,1
3876,28,1
3877,77,1
3878,36,1
3879,11,0
3880,54,0
3881,42,1
3882,53,0
3883,39,1
3884,29,0
3885,79,1
3886,37,1
3887,75,1
3888,79,1
3889,25,0
3890,45,0
3891,159,1
3892,51,1
3893,42,1
3894,44,1
3895,60,1
3896,77,1
3897,27,1
3898,82,0
3899,40,1
3900,24,0
3901,67,0
3902,169,0
3903,36,0
3904,80,0
3905,39,0
3906,91,1
3907,100,1
3908,39,1
3909,88,0
3910,41,0
3911,41,0
3912,32,0
3913,72,0
3914,119,1
3915,18,0
3916,51,1
3917,69,0
3918,39,1
3919,40,1
3920,54,1
3921,62,0
3922,42,0
3923,69,0
3924,24,0
3925,67,1
3926,88,0
3927,55,1
3928,95,0
3929,46,0
3930,52,1
3931,49,0
3932,121,0
3933,81,0
3934,45,0
3935,110,0
3936,93,0
3937,96,1
3938,94,0
3939,28,0
3940,88,1
3941,51,1
3942,68,0
3943,58,0
3944,24,0
3945,85,0
3946,29,0
3947,55,1
3948,40,0
3949,23,0
3950,71,1
3951,71,0
3952,49,0
3953,54,0
3954,27,0
3955,67,1
3956,46,1
3957,58,0
3958,63,0
3959,103,0
3960,52,0
3961,57,0
3962,56,1
3963,31,0
3964,82,0
3965,37,0
3966,51,0
3967,26,0
3968,54,0
3969,30,0
3970,25,0
3971,47,0
3972,48,1
3973,126,0
3974,50,0
3975,77,0
3976,56,1
3977,54,1
3978,42,0
3979,37,0
3980,51,0
3981,35,1
3982,45,0
3983,129,0
3984,200,0
3985,49,1
3986,98,1
3987,37,0
3988,121,0
3989,43,0
3990,50,1
3991,80,0
3992,71,1
3993,44,0
3994,107,1
3995,51,0
3996,64,0
3997,43,1
3998,39,1
3999,66,1
4000,58,1
4001,33,0
4002,20,0
4003,41,1
4004,62,0
4005,35,0
4006,121,0
4007,35,0
4008,141,0
4009,42,0
4010,46,0
4011,25,1
4012,56,0
4013,41,0
4014,98,0
4015,75,0
4016,54,1
4017,78,1
4018,52,0
4019,137,0
4020,51,1
4021,56,1
4022,121,0
4023,89,1
4024,94,1
4025,48,1
4026,22,0
4027,53,1
4028,32,0
4029,104,0
4030,45,1
4031,190,0
4032,34,0
4033,27,0
4034,61,1
4035,24,1
4036,45,1
4037,67,1
4038,163,0
4039,108,0
4040,39,0
4041,64,0
4042,130,0
4043,28,1
4044,51,1
4045,109,1
4046,74,0
4047,78,0
4048,79,1
4049,64,0
4050,48,1
4051,72,1
4052,72,0
4053,37,0
4054,70,0
4055,45,1
4056,159,0
4057,112,0
4058,46,0
4059,31,1
4060,29,0
4061,36,0
4062,55,0
4063,42,0
4064,45,1
4065,59,0
4066,28,0
4067,32,0
4068,52,1
4069,96,1
4070,38,0
4071,73,0
4072,77,1
4073,87,1
4074,28,0
4075,68,0
4076,39,0
4077,135,0
4078,54,0
4079,49,0
4080,64,1
4081,54,0
4082,77,0
4083,164,0
4084,134,0
4085,49,0
4086,111,0
4087,64,0
4088,84,1
4089,46,1
4090,62,1
4091,77,0
4092,70,0
4093,57,1
4094,36,0
4095,114,1
4096,43,0
4097,55,1
4098,124,0
4099,61,1
4100,93,0
4101,166,0
4102,30,1
4103,71,0
4104,87,1
4105,61,0
4106,45,1
4107,30,1
4108,27,0
4109,123,0
4110,61,0
4111,55,0
4112,42,0
4113,86,0
4114,90,0
4115,49,0
4116,56,0
4117,42,1
4118,45,0
4119,101,1
4120,68,0
4121,68,0
4122,55,1
4123,29,0
4124,58,0
4125,63,0
4126,35,0
4127,41,0
4128,41,0
4129,22,1
4130,62,0
4131,24,0
4132,64,0
4133,175,0
4134,73,1
4135,160,0
4136,89,0
4137,82,0
4138,33,1
4139,42,0
4140,15,0
4141,123,0
4142,32,0
4143,48,0
4144,95,0
4145,86,0
4146,30,1
4147,45,0
4148,56,0
4149,61,1
4150,32,0
4151,32,1
4152,130,0
4153,51,0
4154,22,0
4155,47,0
4156,39,0
4157,32,1
4158,61,1
4159,82,1
4160,79,0
4161,43,0
4162,68,1
4163,15,0
4164,61,0
4165,64,0
4166,45,0
4167,35,0
4168,54,1
4169,52,0
4170,45,1
4171,91,1
4172,35,0
4173,106,0
4174,32,0
4175,28,0
4176,37,1
4177,51,1
4178,59,0
4179,48,1
4180,62,1
4181,62,0
4182,41,0
4183,13,0
4184,124,1
4185,76,0
4186,102,0
4187,52,1
4188,62,0
4189,75,0
4190,78,0
4191,53,0
4192,68,0
4193,61,0
4194,41,1
4195,40,0
4196,57,0
4197,108,0
4198,34,1
4199,76,0
4200,132,0
4201,70,0
4202,184,1
4203,54,1
4204,31,0
4205,46,0
4206,72,0
4207,80,0
4208,32,0
4209,31,1
4210,145,1
4211,31,0
4212,47,0
4213,98,1
4214,51,1
4215,38,1
4216,109,0
4217,54,1
4218,42,0
4219,30,1
4220,51,0
4221,28,1
4222,113,0
4223,83,0
4224,56,0
4225,41,0
4226,21,0
4227,36,0
4228,34,0
4229,52,1
4230,58,0
4231,32,0
4232,107,0
4233,77,1
4234,36,0
4235,52,1
4236,41,1
4237,21,1
4238,57,1
4239,111,1
4240,38,1
4241,65,0
4242,40,1
4243,70,1
4244,42,1
4245,48,0
4246,88,1
4247,28,0
4248,30,0
4249,39,0
4250,103,1
4251,41,0
4252,42,0
4253,48,0
4254,64,1
4255,36,1
4256,63,0
4257,37,0
4258,33,1
4259,70,0
4260,105,0
4261,107,0
4262,137,1
4263,104,1
4264,33,0
4265,82,0
4266,45,1
4267,30,0
4268,23,1
4269,44,0
4270,43,1
4271,116,1
4272,55,1
4273,104,1
4274,116,1
4275,73,0
4276,62,1
4277,22,0
4278,153,1
4279,84,0
4280,59,1
4281,72,1
4282,40,0
4283,94,1
4284,74,0
4285,47,0
4286,59,1
4287,33,1
4288,61,1
4289,47,1
4290,80,1
4291,87,1
4292,50,1
4293,64,1
4294,200,0
4295,31,0
4296,97,0
4297,113,0
4298,73,0
4299,42,0
4300,76,0
4301,35,1
4302,31,0
4303,107,0
4304,94,0
4305,26,0
4306,73,0
4307,41,0
4308,55,1
4309,60,1
4310,20,0
4311,93,1
4312,78,1
4313,101,0
4314,62,1
4315,46,0
4316,12,0
4317,33,0
4318,27,0
4319,104,0
4320,19,0
4321,14,0
4322,34,0
4323,64,1
4324,82,1
4325,102,1
4326,76,1
4327,200,0
4328,53,1
4329,89,0
4330,60,0
4331,24,0
4332,42,0
4333,57,0
4334,60,1
4335,29,0
4336,43,0
4337,38,0
4338,59,0
4339,49,0
4340,22,0
4341,48,1
4342,44,1
4343,42,1
4344,76,0
4345,57,0
4346,95,0
4347,64,0
4348,70,0
4349,34,0
4350,44,0
4351,58,0
4352,24,1
4353,87,1
4354,85,0
4355,80,0
4356,20,1
4357,58,0
4358,119,1
4359,110,1
4360,179,1
4361,25,1
4362,57,0
4363,69,0
4364,43,1
4365,28,0
4366,27,0
4367,67,0
4368,93,1
4369,42,0
4370,64,1
4371,28,0
4372,108,0
4373,48,0
4374,83,1
4375,45,1
4376,37,0
4377,54,0
4378,22,0
4379,68,1
4380,45,0
4381,93,1
4382,59,1
4383,37,0
4384,33,0
4385,47,0
4386,113,0
4387,46,0
4388,22,0
4389,41,0
4390,44,1
4391,23,0
4392,90,1
4393,76,1
4394,35,0
4395,23,0
4396,27,0
4397,88,0
4398,74,0
4399,117,1
4400,58,0
4401,36,0
4402,41,1
4403,52,1
4404,53,0
4405,34,1
4406,53,0
4407,52,0
4408,59,1
4409,47,1
4410,33,0
4411,109,0
4412,42,0
4413,42,1
4414,60,1
4415,91,1
4416,61,0
4417,59,0
4418,78,1
4419,72,0
4420,32,0
4421,88,1
4422,92,0
4423,41,1
4424,92,1
4425,47,1
4426,50,0
4427,67,1
4428,94,1
4429,55,1
4430,109,0
4431,107,1
4432,53,1
4433,85,0
4434,33,0
4435,75,1
4436,43,0
4437,48,1
4438,91,0
4439,93,1
4440,61,0
4441,108,0
4442,41,1
4443,39,0
4444,52,1
4445,30,0
4446,33,1
4447,89,0
4448,48,1
4449,73,0
4450,84,0
4451,69,0
4452,58,1
4453,28,1
4454,115,0
4455,87,0
4456,36,0
4457,46,1
4458,44,0
4459,14,0
4460,65,0
4461,42,1
4462,29,1
4463,97,1
4464,99,0
4465,109,1
4466,57,1
4467,85,0
4468,99,0
4469,78,1
4470,63,1
4471,54,1
4472,51,1
4473,87,1
4474,53,1
4475,97,1
4476,86,0
4477,80,0
4478,39,0
4479,25,0
4480,60,1
4481,81,1
4482,149,0
4483,108,0
4484,34,0
4485,113,0
4486,45,1
4487,142,1
4488,41,0
4489,55,1
4490,63,0
4491,39,0
4492,74,0
4493,61,1
4494,92,1
4495,163,1
4496,79,0
4497,45,1
4498,138,0
4499,43,0
4500,44,0
4501,34,0
4502,119,0
4503,90,1
4504,37,1
4505,80,1
4506,88,1
4507,95,1
4508,57,0
4509,103,0
4510,38,0
4511,91,1
4512,70,1
4513,97,1
4514,62,1
4515,19,1
4516,126,0
4517,18,1
4518,96,1
4519,49,0
4520,39,0
4521,31,1
4522,47,1
4523,119,1
4524,57,1
4525,45,0
4526,73,0
4527,43,0
4528,113,0
4529,37,1
4530,43,0
4531,55,1
4532,80,0
4533,75,0
4534,14,0
4535,37,0
4536,86,0
4537,36,1
4538,65,1
4539,61,1
4540,132,0
4541,86,1
4542,133,1
4543,159,1
4544,21,0
4545,44,1
4546,24,0
4547,79,0
4548,36,0
4549,38,1
4550,45,0
4551,116,1
4552,61,1
4553,58,0
4554,67,1
4555,57,1
4556,60,1
4557,92,0
4558,42,1
4559,19,0
4560,108,0
4561,54,0
4562,56,0
4563,180,1
4564,67,0
4565,19,0
4566,90,0
4567,78,1
4568,19,1
4569,94,1
4570,38,0
4571,49,0
4572,69,0
4573,42,1
4574,65,1
4575,31,1
4576,30,1
4577,46,0
4578,57,0
4579,64,0
4580,99,1
4581,50,0
4582,66,0
4583,45,1
4584,94,0
4585,27,0
4586,67,0
4587,36,0
4588,81,0
4589,52,0
4590,60,0
4591,40,1
4592,95,0
4593,43,0
4594,79,0
4595,142,1
4596,67,0
4597,78,1
4598,62,1
4599,86,0
4600,43,1
4601,106,1
4602,55,0
4603,39,0
4604,34,0
4605,60,0
4606,27,0
4607,65,1
4608,78,0
4609,40,1
4610,53,1
4611,38,1
4612,79,0
4613,50,1
4614,27,1
4615,41,0
4616,45,0
4617,42,0
4618,66,1
4619,41,0
4620,92,0
4621,53,1
4622,97,1
4623,73,0
4624,95,0
4625,36,0
4626,52,1
4627,90,0
4628,44,0
4629,56,0
4630,55,1
4631,54,0
4632,64,0
4633,35,1
4634,28,0
4635,43,1
4636,78,1
4637,59,0
4638,28,0
4639,32,0
4640,48,0
4641,66,1
4642,79,1
4643,34,0
4644,38,0
4645,134,1
4646,12,0
4647,55,0
4648,18,0
4649,28,0
4650,61,1
4651,29,0
4652,60,1
4653,53,0
4654,43,0
4655,30,0
4656,168,0
4657,49,1
4658,130,1
4659,80,0
4660,71,0
4661,30,1
4662,68,0
4663,52,0
4664,52,0
4665,56,1
4666,74,0
4667,68,1
4668,37,0
4669,64,1
4670,44,1
4671,79,0
4672,70,1
4673,74,1
4674,166,1
4675,30,1
4676,122,1
4677,70,0
4678,52,1
4679,45,0
4680,66,1
4681,41,0
4682,51,0
4683,68,0
4684,34,0
4685,40,1
4686,15,0
4687,138,1
4688,62,1
4689,43,0
4690,39,0
4691,88,1
4692,83,0
4693,67,0
4694,44,0
4695,21,0
4696,39,0
4697,87,0
4698,43,1
4699,40,0
4700,37,0
4701,49,0
4702,45,0
4703,72,1
4704,54,1
4705,44,0
4706,25,1
4707,46,0
4708,17,0
4709,47,1
4710,60,0
4711,65,0
4712,37,1
4713,92,1
4714,65,1
4715,50,0
4716,41,0
4717,54,0
4718,31,1
4719,56,1
4720,91,1
4721,49,0
4722,18,0
4723,82,0
4724,98,1
4725,101,0
4726,75,0
4727,59,0
4728,40,1
4729,62,0
4730,61,1
4731,40,1
4732,80,0
4733,45,0
4734,75,1
4735,62,1
4736,56,0
4737,51,1
4738,46,0
4739,37,0
4740,45,1
4741,33,1
4742,79,0
4743,27,0
4744,41,0
4745,49,1
4746,41,0
4747,70,1
4748,70,0
4749,24,0
4750,44,1
4751,49,1
4752,53,1
4753,39,1
4754,62,1
4755,39,0
4756,41,1
4757,41,0
4758,65,1
4759,200,0
4760,27,1
4761,90,0
4762,97,1
4763,50,1
4764,29,1
4765,41,0
4766,38,0
4767,47,0
4768,98,1
4769,30,1
4770,38,0
4771,21,0
4772,55,1
4773,64,0
4774,50,1
4775,37,0
4776,47,1
4777,72,0
4778,33,0
4779,41,0
4780,76,1
4781,78,1
4782,58,1
4783,188,0
4784,101,1
4785,78,0
4786,54,0
4787,49,0
4788,39,1
4789,29,1
4790,33,0
4791,62,0
4792,84,0
4793,112,0
4794,64,1
4795,81,0
4796,39,1
4797,44,0
4798,38,0
4799,58,1
4800,60,0
4801,74,1
4802,106,0
4803,77,0
4804,78,0
4805,116,1
4806,53,0
4807,63,1
4808,56,0
4809,15,0
4810,82,1
4811,97,0
4812,121,1
4813,46,0
4814,49,1
4815,29,0
4816,56,1
4817,58,0
4818,59,0
4819,200,0
4820,112,1
4821,72,0
4822,46,0
4823,49,0
4824,30,0
4825,34,0
4826,28,0
4827,48,0
4828,91,1
4829,54,0
4830,65,0
4831,71,1
4832,130,1
4833,59,1
4834,105,1
4835,59,0
4836,61,1
4837,49,1
4838,52,1
4839,46,0
4840,82,1
4841,42,0
4842,42,0
4843,53,0
4844,66,0
4845,57,0
4846,33,1
4847,60,0
4848,31,1
4849,54,0
4850,157,1
4851,92,0
4852,57,1
4853,49,1
4854,28,0
4855,41,1
4856,73,0
4857,95,0
4858,59,1
4859,54,0
4860,34,0
4861,39,0
4862,24,0
4863,101,1
4864,58,1
4865,184,0
4866,43,0
4867,34,1
4868,58,1
4869,53,1
4870,63,0
4871,68,1
4872,52,0
4873,72,1
4874,45,0
4875,41,0
4876,92,1
4877,89,0
4878,61,0
4879,75,0
4880,37,1
4881,89,0
4882,121,1
4883,90,0
4884,44,0
4885,25,0
4886,47,0
4887,41,0
4888,139,0
4889,137,0
4890,180,0
4891,24,0
4892,91,0
4893,46,0
4894,25,0
4895,38,1
4896,58,1
4897,63,1
4898,70,0
4899,145,0
4900,49,0
4901,92,0
4902,51,0
4903,17,0
4904,32,0
4905,43,1
4906,62,1
4907,55,1
4908,28,0
4909,36,0
4910,30,0
4911,69,0
4912,38,0
4913,50,1
4914,55,0
4915,53,0
4916,40,0
4917,23,0
4918,37,1
4919,89,0
4920,108,1
4921,83,1
4922,90,1
4923,89,0
4924,53,1
4925,51,1
4926,104,0
4927,82,0
4928,43,0
4929,70,0
4930,34,0
4931,79,0
4932,51,0
4933,45,0
4934,40,0
4935,146,1
4936,68,1
4937,46,0
4938,104,0
4939,29,0
4940,112,1
4941,18,1
4942,77,0
4943,36,0
4944,86,1
4945,71,0
4946,143,1
4947,47,0
4948,72,1
4949,105,0
4950,103,0
4951,93,0
4952,51,1
4953,99,1
4954,64,1
4955,65,1
4956,79,0
4957,82,0
4958,32,1
4959,60,0
4960,39,0
4961,62,0
4962,53,1
4963,36,1
4964,72,0
4965,55,0
4966,41,1
4967,55,0
4968,64,0
4969,46,0
4970,54,1
4971,55,1
4972,85,1
4973,53,0
4974,60,0
4975,41,0
4976,37,0
4977,46,1
4978,124,0
4979,50,0
4980,82,0
4981,61,0
4982,46,0
4983,27,0
4984,48,1
4985,39,1
4986,68,0
4987,41,0
4988,119,0
4989,55,0
4990,30,0
4991,75,0
4992,89,0
4993,25,1
4994,45,0
4995,167,0
4996,56,0
4997,55,0
4998,36,0
4999,70,1
5000,57,1
5001,76,1
5002,35,1
5003,65,1
5004,73,0
5005,77,0
5006,50,0
5007,63,1
5008,76,1
5009,37,1
5010,149,0
5011,39,1
5012,94,1
5013,141,0
5014,49,1
5015,68,0
5016,55,1
5017,53,0
5018,39,0
5019,58,0
5020,28,0
5021,22,0
5022,55,0
5023,49,0
5024,89,1
5025,56,0
5026,52,0
5027,47,1
5028,91,1
5029,43,0
5030,61,0
5031,90,0
5032,26,0
5033,70,1
5034,31,1
5035,48,1
5036,43,0
5037,37,0
5038,49,1
5039,48,1
5040,85,1
5041,89,0
5042,60,0
5043,33,0
5044,43,0
5045,107,1
5046,46,0
5047,45,0
5048,30,0
5049,93,0
5050,51,0
5051,48,0
5052,50,1
5053,57,1
5054,58,1
5055,40,0
5056,52,0
5057,54,1
5058,47,1
5059,77,0
5060,56,1
5061,27,0
5062,67,0
5063,48,0
5064,44,0
5065,56,0
5066,61,1
5067,104,0
5068,50,0
5069,56,0
5070,27,1
5071,56,1
5072,116,1
5073,77,0
5074,51,0
5075,65,1
5076,59,0
5077,71,1
5078,28,1
5079,88,0
5080,115,0
5081,88,0
5082,118,0
5083,30,1
5084,20,0
5085,85,0
5086,65,0
5087,40,1
5088,53,0
5089,39,1
5090,56,1
5091,58,0
5092,87,0
5093,72,0
5094,33,1
5095,56,0
5096,103,0
5097,55,0
5098,69,1
5099,74,0
5100,42,0
5101,41,0
5102,33,1
5103,49,1
5104,64,1
5105,77,0
5106,54,1
5107,90,1
5108,71,0
5109,152,0
5110,46,1
5111,110,0
5112,20,0
5113,117,1
5114,63,1
5115,79,0
5116,200,0
5117,104,0
5118,43,1
5119,45,1
5120,109,0
5121,86,1
5122,57,0
5123,58,1
5124,40,1
5125,63,0
5126,36,0
5127,64,0
5128,79,0
5129,42,1
5130,94,1
5131,70,0
5132,45,1
5133,54,0
5134,37,0
5135,54,0
5136,50,0
5137,82,1
5138,48,0
5139,33,0
5140,37,1
5141,49,1
5142,55,0
5143,192,0
5144,54,0
5145,81,1
5146,31,0
5147,48,0
5148,76,0
5149,43,1
5150,48,0
5151,152,0
5152,117,0
5153,76,1
5154,80,0
5155,45,0
5156,53,0
5157,80,0
5158,53,0
5159,89,0
5160,43,0
5161,31,0
5162,62,0
5163,72,1
5164,96,0
5165,55,1
5166,117,1
5167,48,0
5168,73,1
5169,74,0
5170,51,0
5171,51,1
5172,39,0
5173,54,1
5174,60,0
5175,36,0
5176,40,0
5177,114,1
5178,80,0
5179,30,0
5180,43,0
5181,63,1
5182,57,1
5183,40,0
5184,55,0
5185,106,0
5186,77,1
5187,115,1
5188,24,0
5189,57,0
5190,24,0
5191,66,0
5192,14,0
5193,34,0
5194,27,0
5195,37,1
5196,39,1
5197,19,0
5198,84,0
5199,47,1
5200,57,1
5201,51,0
5202,33,0
5203,92,1
5204,123,0
5205,90,1
5206,64,0
5207,46,0
5208,52,1
5209,23,0
5210,86,1
5211,62,0
5212,63,1
5213,110,1
5214,91,1
5215,59,0
5216,59,1
5217,31,0
5218,56,0
5219,67,1
5220,76,1
5221,71,0
5222,162,1
5223,69,1
5224,130,0
5225,91,0
5226,22,0
5227,30,0
5228,172,0
5229,109,0
5230,33,1
5231,59,1
5232,34,1
5233,20,0
5234,50,1
5235,39,1
5236,19,0
5237,49,0
5238,95,1
5239,50,0
5240,76,0
5241,58,1
5242,45,1
5243,61,1
5244,33,0
5245,49,0
5246,69,0
5247,38,0
5248,31,0
5249,29,0
5250,39,0
5251,24,1
5252,33,1
5253,96,0
5254,57,0
5255,24,0
5256,66,0
5257,64,0
5258,112,1
5259,49,0
5260,110,0
5261,76,0
5262,44,0
5263,37,1
5264,37,0
5265,88,1
5266,30,0
5267,49,0
5268,20,0
5269,44,0
5270,79,1
5271,106,1
5272,97,0
5273,53,0
5274,112,1
5275,42,0
5276,40,0
5277,88,0
5278,72,1
5279,75,0
5280,40,0
5281,55,0
5282,31,0
5283,36,1
5284,62,1
5285,29,1
5286,81,1
5287,71,0
5288,50,1
5289,44,1
5290,41,0
5291,51,1
5292,67,1
5293,45,0
5294,69,0
5295,33,0
5296,41,1
5297,86,0
5298,105,1
5299,72,0
5300,59,0
5301,48,0
5302,46,1
5303,63,1
5304,74,0
5305,43,1
5306,48,0
5307,34,1
5308,87,0
5309,81,0
5310,110,1
5311,31,0
5312,83,0
5313,97,1
5314,83,0
5315,134,1
5316,70,1
5317,39,1
5318,55,1
5319,105,0
5320,51,0
5321,37,0
5322,59,0
5323,65,1
5324,46,0
5325,55,0
5326,46,1
5327,61,0
5328,67,1
5329,88,0
5330,51,1
5331,70,0
5332,59,1
5333,44,0
5334,90,0
5335,45,0
5336,82,0
5337,33,1
5338,81,0
5339,45,0
5340,38,0
5341,32,0
5342,64,0
5343,52,0
5344,86,0
5345,52,1
5346,65,0
5347,68,1
5348,175,1
5349,89,1
5350,183,1
5351,54,1
5352,79,0
5353,94,0
5354,47,0
5355,57,0
5356,154,1
5357,35,1
5358,82,0
5359,124,1
5360,53,0
5361,94,0
5362,82,0
5363,39,0
5364,55,0
5365,95,0
5366,37,1
5367,47,1
5368,147,1
5369,44,1
5370,25,0
5371,67,0
5372,28,1
5373,41,1
5374,107,0
5375,50,0
5376,34,0
5377,99,1
5378,40,0
5379,105,1
5380,65,0
5381,100,0
5382,51,1
5383,135,0
5384,116,0
5385,46,0
5386,26,1
5387,40,1
5388,43,0
5389,124,1
5390,45,0
5391,50,0
5392,92,0
5393,101,0
5394,53,1
5395,137,0
5396,75,0
5397,54,0
5398,113,1
5399,91,1
5400,47,0
5401,60,1
5402,38,0
5403,71,0
5404,78,1
5405,33,1
5406,47,1
5407,39,1
5408,101,1
5409,77,0
5410,31,0
5411,104,0
5412,45,1
5413,28,1
5414,61,1
5415,46,0
5416,53,0
5417,31,1
5418,72,0
5419,33,0
5420,52,1
5421,36,0
5422,44,1
5423,21,0
5424,50,0
5425,57,1
5426,46,0
5427,31,1
5428,62,0
5429,90,0
5430,81,0
5431,35,0
5432,41,0
5433,91,0
5434,68,1
5435,48,1
5436,42,1
5437,62,1
5438,80,0
5439,134,1
5440,32,1
5441,116,0
5442,36,0
5443,50,0
5444,24,0
5445,56,0
5446,32,0
5447,34,0
5448,54,0
5449,53,0
5450,48,0
5451,33,1
5452,20,0
5453,70,0
5454,56,1
5455,96,0
5456,94,1
5457,37,0
5458,87,0
5459,71,1
5460,75,1
5461,41,0
5462,65,1
5463,113,0
5464,31,0
5465,36,0
5466,67,1
5467,155,1
5468,57,1
5469,50,0
5470,48,0
5471,76,1
5472,43,1
5473,37,1
5474,94,1
5475,34,1
5476,40,0
5477,77,0
5478,40,0
5479,95,1
5480,11,0
5481,60,0
5482,48,0
5483,58,1
5484,39,0
5485,47,0
5486,56,0
5487,31,0
5488,63,0
5489,102,1
5490,71,0
5491,33,0
5492,84,1
5493,97,0
5494,46,1
5495,99,0
5496,76,0
5497,80,0
5498,36,0
5499,43,0
5500,54,0
5501,68,0
5502,82,0
5503,143,0
5504,33,0
5505,92,1
5506,65,0
5507,101,0
5508,58,1
5509,56,0
5510,48,0
5511,56,0
5512,44,1
5513,82,0
5514,46,1
5515,56,1
5516,59,1
5517,118,0
5518,77,1
5519,21,0
5520,69,0
5521,32,0
5522,43,1
5523,63,0
5524,41,0
5525,21,0
5526,75,0
5527,37,0
5528,59,0
5529,42,0
5530,81,0
5531,51,0
5532,19,0
5533,35,0
5534,35,1
5535,96,1
5536,46,0
5537,52,0
5538,57,0
5539,51,0
5540,127,1
5541,79,0
5542,87,0
5543,69,0
5544,33,0
5545,26,0
5546,36,0
5547,52,0
5548,48,1
5549,29,0
5550,88,1
5551,95,1
5552,86,0
5553,34,0
5554,78,0
5555,115,0
5556,32,0
5557,101,1
5558,41,1
5559,44,1
5560,20,0
5561,82,1
5562,44,1
5563,67,1
5564,44,1
5565,41,1
5566,43,1
5567,36,0
5568,63,1
5569,90,0
5570,56,0
5571,97,1
5572,129,1
5573,48,1
5574,57,1
5575,19,0
5576,38,0
5577,67,1
5578,92,1
5579,67,1
5580,40,1
5581,41,0
5582,50,1
5583,58,0
5584,41,0
5585,52,1
5586,32,0
5587,72,1
5588,64,1
5589,95,0
5590,130,0
5591,98,1
5592,101,0
5593,44,0
5594,48,0
5595,47,0
5596,106,0
5597,66,0
5598,77,1
5599,105,1
5600,84,1
5601,58,0
5602,68,1
5603,81,1
5604,74,1
5605,27,1
5606,51,1
5607,122,0
5608,49,0
5609,50,1
5610,45,1
5611,63,0
5612,83,1
5613,57,0
5614,54,1
5615,79,0
5616,26,1
5617,45,0
5618,78,0
5619,65,0
5620,72,0
5621,65,0
5622,67,0
5623,104,0
5624,33,1
5625,61,0
5626,118,0
5627,63,0
5628,71,0
5629,43,1
5630,41,0
5631,56,0
5632,58,0
5633,56,0
5634,51,0
5635,58,1
5636,52,0
5637,39,1
5638,50,1
5639,68,0
5640,47,1
5641,71,0
5642,58,1
5643,33,0
5644,43,1
5645,39,0
5646,34,0
5647,51,0
5648,20,0
5649,70,0
5650,30,0
5651,35,0
5652,72,0
5653,34,1
5654,37,1
5655,43,1
5656,71,0
5657,48,0
5658,144,0
5659,38,0
5660,14,0
5661,91,0
5662,30,1
5663,37,0
5664,43,0
5665,73,1
5666,67,0
5667,73,1
5668,62,1
5669,33,1
5670,59,0
5671,84,0
5672,103,0
5673,42,0
5674,50,0
5675,147,1
5676,44,0
5677,65,1
5678,49,1
5679,41,1
5680,39,0
5681,82,0
5682,37,0
5683,60,1
5684,31,0
5685,63,1
5686,93,1
5687,38,1
5688,84,1
5689,66,0
5690,22,0
5691,55,1
5692,37,0
5693,71,1
5694,46,0
5695,16,0
5696,72,1
5697,46,1
5698,88,1
5699,22,0
5700,172,0
5701,35,0
5702,43,1
5703,52,0
5704,45,0
5705,38,0
5706,61,1
5707,71,0
5708,84,0
5709,128,1
5710,92,1
5711,42,1
5712,54,1
5713,78,1
5714,64,1
5715,32,1
5716,65,1
5717,79,0
5718,58,1
5719,47,1
5720,38,0
5721,65,0
5722,62,0
5723,97,0
5724,82,1
5725,39,1
5726,48,1
5727,69,0
5728,44,1
5729,70,0
5730,132,1
5731,50,0
5732,58,0
5733,34,0
5734,56,0
5735,94,0
5736,68,1
5737,76,0
5738,44,1
5739,84,0
5740,39,0
5741,28,0
5742,79,1
5743,124,0
5744,52,1
5745,49,1
5746,141,0
5747,43,0
5748,52,1
5749,96,0
5750,52,0
5751,36,1
5752,77,1
5753,51,0
5754,36,1
5755,69,0
5756,107,0
5757,110,0
5758,100,1
5759,60,1
5760,25,0
5761,75,0
5762,28,1
5763,18,0
5764,61,1
5765,47,0
5766,44,0
5767,32,0
5768,54,0
5769,60,0
5770,60,0
5771,57,1
5772,195,0
5773,17,0
5774,108,0
5775,52,1
5776,34,0
5777,81,0
5778,56,1
5779,56,0
5780,92,0
5781,34,1
5782,46,1
5783,59,0
5784,28,0
5785,31,1
5786,40,0
5787,179,1
5788,39,1
5789,66,0
5790,73,1
5791,48,1
5792,51,0
5793,54,0
5794,132,1
5795,39,0
5796,33,0
5797,30,0
5798,40,0
5799,50,0
5800,39,1
5801,54,0
5802,94,1
5803,59,1
5804,24,1
5805,55,0
5806,44,1
5807,65,1
5808,32,0
5809,153,1
5810,53,0
5811,51,0
5812,34,1
5813,49,1
5814,29,1
5815,22,1
5816,75,1
5817,37,0
5818,52,0
5819,51,0
5820,89,0
5821,80,0
5822,175,1
5823,41,1
5824,52,1
5825,20,0
5826,43,1
5827,74,0
5828,61,1
5829,24,0
5830,63,1
5831,58,0
5832,35,1
5833,33,0
5834,35,1
5835,42,0
5836,66,1
5837,59,0
5838,40,1
5839,85,0
5840,88,1
5841,48,1
5842,95,1
5843,48,0
5844,70,0
5845,64,1
5846,51,0
5847,68,0
5848,54,0
5849,46,0
5850,43,1
5851,56,0
5852,27,0
5853,76,1
5854,103,0
5855,32,1
5856,73,0
5857,78,0
5858,50,0
5859,55,0
5860,30,0
5861,58,0
5862,36,0
5863,20,0
5864,85,0
5865,47,0
5866,139,0
5867,26,1
5868,58,0
5869,35,1
5870,35,0
5871,38,0
5872,38,0
5873,89,0
5874,102,0
5875,116,0
5876,43,1
5877,51,0
5878,66,0
5879,72,0
5880,31,0
5881,41,1
5882,114,0
5883,71,0
5884,37,0
5885,137,0
5886,46,1
5887,82,0
5888,79,0
5889,75,1
5890,29,0
5891,32,0
5892,143,0
5893,52,1
5894,69,0
5895,83,0
5896,65,0
5897,152,1
5898,70,0
5899,35,0
5900,136,1
5901,80,1
5902,42,0
5903,39,1
5904,47,0
5905,126,1
5906,150,0
5907,164,0
5908,58,1
5909,118,0
5910,102,0
5911,47,0
5912,104,1
5913,83,1
5914,65,0
5915,57,1
5916,22,0
5917,86,1
5918,69,1
5919,49,1
5920,72,1
5921,37,1
5922,46,1
5923,34,1
5924,34,0
5925,55,0
5926,72,1
5927,29,0
5928,105,0
5929,114,0
5930,42,0
5931,39,1
5932,49,1
5933,57,1
5934,41,1
5935,20,1
5936,90,1
5937,32,0
5938,36,0
5939,94,0
5940,54,1
5941,74,0
5942,57,1
5943,77,1
5944,37,0
5945,33,1
5946,70,1
5947,63,1
5948,43,0
5949,68,1
5950,71,0
5951,58,0
5952,200,0
5953,29,1
5954,44,0
5955,69,0
5956,27,0
5957,59,1
5958,46,0
5959,44,0
5960,98,1
5961,58,1
5962,57,0
5963,28,0
5964,35,0
5965,95,0
5966,39,1
5967,116,1
5968,33,1
5969,41,1
5970,21,0
5971,68,0
5972,88,1
5973,63,1
5974,62,1
5975,58,0
5976,37,1
5977,39,0
5978,30,0
5979,21,0
5980,32,1
5981,30,1
5982,77,0
5983,46,1
5984,68,0
5985,83,0
5986,28,0
5987,68,1
5988,58,0
5989,37,0
5990,27,1
5991,85,1
5992,77,1
5993,122,1
5994,32,1
5995,153,1
5996,91,1
5997,85,1
5998,12,0
5999,39,0
6000,74,0
6001,81,1
6002,48,0
6003,119,0
6004,36,0
6005,113,1
6006,36,0
6007,39,0
6008,69,0
6009,52,1
6010,94,0
6011,49,0
6012,50,0
6013,46,1
6014,175,0
6015,61,1
6016,40,0
6017,40,1
6018,35,1
6019,54,1
6020,85,0
6021,29,0
6022,99,1
6023,36,0
6024,62,0
6025,36,1
6026,32,0
6027,79,1
6028,104,0
6029,42,0
6030,86,0
6031,20,1
6032,54,0
6033,30,0
6034,52,0
6035,81,1
6036,23,0
6037,59,1
6038,125,0
6039,44,0
6040,31,0
6041,56,1
6042,37,1
6043,85,0
6044,35,0
6045,40,0
6046,67,1
6047,66,1
6048,56,1
6049,72,0
6050,97,0
6051,80,0
6052,30,0
6053,38,0
6054,37,0
6055,31,1
6056,75,1
6057,127,0
6058,34,0
6059,87,1
6060,53,1
6061,90,1
6062,34,1
6063,81,1
6064,49,1
6065,49,0
6066,42,0
6067,47,1
6068,59,0
6069,57,0
6070,82,0
6071,38,0
6072,46,0
6073,52,0
6074,23,1
6075,52,1
6076,16,0
6077,54,0
6078,56,0
6079,44,0
6080,68,1
6081,115,1
6082,121,0
6083,102,1
6084,25,0
6085,71,1
6086,55,1
6087,91,0
6088,65,0
6089,36,1
6090,44,0
6091,87,0
6092,28,1
6093,52,0
6094,34,0
6095,27,0
6096,66,0
6097,73,1
6098,97,0
6099,55,1
6100,81,0
6101,113,0
6102,57,0
6103,18,0
6104,62,0
6105,102,1
6106,74,0
6107,81,1
6108,113,0
6109,126,0
6110,39,1
6111,70,1
6112,74,1
6113,66,1
6114,49,1
6115,50,1
6116,108,1
6117,54,0
6118,82,1
6119,40,1
6120,33,0
6121,70,1
6122,53,0
6123,90,0
6124,59,1
6125,38,0
6126,87,0
6127,28,0
6128,71,0
6129,89,0
6130,52,0
6131,29,0
6132,59,1
6133,65,1
6134,55,1
6135,35,0
6136,49,0
6137,52,1
6138,86,1
6139,31,1
6140,200,0
6141,48,1
6142,36,1
6143,80,1
6144,38,0
6145,200,0
6146,142,0
6147,45,0
6148,75,0
6149,41,0
6150,44,1
6151,88,0
6152,102,0
6153,77,1
6154,71,1
6155,43,1
6156,40,0
6157,92,0
6158,75,1
6159,42,1
6160,62,1
6161,24,0
6162,33,0
6163,53,0
6164,104,1
6165,57,0
6166,118,0
6167,45,1
6168,65,0
6169,38,0
6170,69,1
6171,80,0
6172,50,1
6173,114,1
6174,73,0
6175,107,1
6176,45,1
6177,43,0
6178,73,1
6179,61,1
6180,30,1
6181,101,0
6182,55,0
6183,150,0
6184,82,0
6185,50,0
6186,21,0
6187,57,0
6188,167,1
6189,46,1
6190,91,0
6191,62,0
6192,39,1
6193,131,0
6194,34,0
6195,62,0
6196,39,0
6197,73,1
6198,48,1
6199,60,1
6200,103,0
6201,70,0
6202,136,1
6203,56,1
6204,74,0
6205,97,1
6206,63,1
6207,34,0
6208,66,1
6209,68,1
6210,67,1
6211,160,0
6212,93,0
6213,66,0
6214,66,0
6215,85,0
6216,62,0
6217,149,0
6218,148,0
6219,57,1
6220,44,0
6221,67,1
6222,57,0
6223,17,0
6224,33,0
6225,79,1
6226,105,1
6227,62,0
6228,38,0
6229,60,1
6230,34,1
6231,18,0
6232,100,1
6233,43,1
6234,82,1
6235,46,1
6236,189,0
6237,90,0
6238,85,0
6239,80,1
6240,82,0
6241,30,0
6242,98,0
6243,76,0
6244,36,0
6245,38,1
6246,28,0
6247,150,0
6248,72,1
6249,67,0
6250,32,0
6251,45,1
6252,35,0
6253,103,0
6254,32,1
6255,52,1
6256,54,0
6257,33,0
6258,39,0
6259,66,1
6260,111,0
6261,48,0
6262,52,1
6263,51,0
6264,67,0
6265,82,0
6266,51,0
6267,36,0
6268,40,0
6269,47,0
6270,64,0
6271,76,1
6272,96,1
6273,129,0
6274,115,1
6275,20,0
6276,107,1
6277,103,1
6278,157,0
6279,33,0
6280,25,1
6281,126,1
6282,56,1
6283,55,0
6284,30,0
6285,69,0
6286,56,1
6287,43,0
6288,84,1
6289,99,0
6290,48,0
6291,33,0
6292,111,1
6293,95,1
6294,40,1
6295,81,0
6296,53,1
6297,104,0
6298,39,1
6299,73,1
6300,18,0
6301,44,0
6302,60,1
6303,80,0
6304,42,1
6305,43,1
6306,52,0
6307,37,1
6308,54,0
6309,27,1
6310,23,0
6311,29,1
6312,29,0
6313,104,1
6314,23,1
6315,107,1
6316,84,0
6317,92,0
6318,127,1
6319,102,0
6320,84,0
6321,23,1
6322,79,0
6323,36,0
6324,65,0
6325,41,0
6326,27,1
6327,51,0
6328,105,0
6329,66,0
6330,84,0
6331,42,0
6332,133,0
6333,55,1
6334,45,0
6335,40,1
6336,49,0
6337,128,0
6338,67,0
6339,42,0
6340,72,0
6341,60,1
6342,70,1
6343,73,0
6344,60,0
6345,65,0
6346,65,1
6347,54,0
6348,68,0
6349,44,1
6350,168,0
6351,200,0
6352,200,0
6353,133,1
6354,70,1
6355,58,1
6356,89,1
6357,58,1
6358,109,0
6359,70,0
6360,200,0
6361,96,0
6362,55,0
6363,19,0
6364,95,0
6365,80,1
6366,25,0
6367,89,1
6368,200,0
6369,56,1
6370,60,1
6371,65,1
6372,42,0
6373,42,1
6374,121,1
6375,66,1
6376,41,1
6377,63,0
6378,43,1
6379,56,0
6380,83,1
6381,19,0
6382,73,0
6383,200,0
6384,35,0
6385,32,1
6386,100,0
6387,37,0
6388,43,1
6389,49,1
6390,51,1
6391,24,0
6392,71,1
6393,60,0
6394,26,1
6395,77,0
6396,54,0
6397,39,1
6398,102,1
6399,104,0
6400,65,1
6401,30,0
6402,17,0
6403,72,1
6404,44,1
6405,73,1
6406,45,1
6407,70,1
6408,30,1
6409,27,1
6410,26,1
6411,43,0
6412,41,0
6413,52,1
6414,56,0
6415,11,0
6416,121,0
6417,49,1
6418,50,0
6419,58,1
6420,69,0
6421,82,0
6422,41,0
6423,73,1
6424,74,0
6425,85,0
6426,122,0
6427,42,1
6428,31,1
6429,36,1
6430,65,0
6431,48,0
6432,47,1
6433,21,0
6434,26,1
6435,159,1
6436,35,1
6437,51,0
6438,59,1
6439,48,0
6440,59,1
6441,72,1
6442,61,0
6443,44,0
6444,80,0
6445,39,0
6446,31,0
6447,49,0
6448,28,0
6449,54,1
6450,83,0
6451,54,0
6452,48,0
6453,98,1
6454,95,1
6455,45,0
6456,29,0
6457,43,0
6458,62,0
6459,55,0
6460,43,1
6461,83,0
6462,47,1
6463,57,0
6464,29,0
6465,35,1
6466,25,1
6467,93,0
6468,64,1
6469,82,1
6470,60,0
6471,63,0
6472,54,0
6473,38,0
6474,166,0
6475,53,0
6476,119,1
6477,59,1
6478,41,0
6479,56,1
6480,49,1
6481,18,0
6482,49,0
6483,62,0
6484,69,1
6485,52,0
6486,55,0
6487,50,0
6488,71,0
6489,65,0
6490,35,1
6491,34,0
6492,55,1
6493,81,1
6494,82,0
6495,99,0
6496,152,0
6497,73,1
6498,21,0
6499,56,1
6500,45,0
6501,37,1
6502,75,0
6503,44,1
6504,71,0
6505,48,1
6506,54,1
6507,29,1
6508,66,1
6509,51,1
6510,23,0
6511,44,1
6512,162,0
6513,88,0
6514,97,1
6515,95,0
6516,47,1
6517,65,0
6518,200,0
6519,66,0
6520,34,0
6521,145,0
6522,52,0
6523,111,1
6524,77,1
6525,64,0
6526,110,0
6527,75,1
6528,83,0
6529,97,0
6530,41,0
6531,42,1
6532,58,1
6533,93,1
6534,53,1
6535,47,1
6536,32,0
6537,56,1
6538,51,0
6539,30,1
6540,83,1
6541,55,1
6542,99,0
6543,145,1
6544,36,0
6545,71,0
6546,119,1
6547,41,0
6548,56,0
6549,31,1
6550,39,1
6551,19,0
6552,43,1
6553,70,0
6554,53,1
6555,60,1
6556,62,1
6557,41,0
6558,29,0
6559,62,1
6560,80,0
6561,78,0
6562,32,1
6563,114,1
6564,58,1
6565,58,0
6566,98,0
6567,86,0
6568,56,0
6569,39,1
6570,56,0
6571,54,0
6572,135,1
6573,58,0
6574,49,0
6575,28,0
6576,112,0
6577,59,0
6578,48,0
6579,48,1
6580,69,0
6581,72,1
6582,58,0
6583,53,0
6584,148,1
6585,94,0
6586,48,1
6587,120,0
6588,110,0
6589,41,0
6590,48,0
6591,18,0
6592,74,1
6593,44,1
6594,20,0
6595,108,1
6596,163,0
6597,37,1
6598,53,0
6599,35,1
6600,81,0
6601,30,0
6602,83,1
6603,70,0
6604,44,0
6605,86,0
6606,48,0
6607,24,0
6608,48,1
6609,60,0
6610,86,0
6611,101,1
6612,63,1
6613,20,0
6614,82,1
6615,38,0
6616,52,1
6617,53,1
6618,31,0
6619,80,0
6620,48,0
6621,79,1
6622,19,0
6623,50,0
6624,65,1
6625,97,1
6626,57,0
6627,98,1
6628,112,1
6629,80,1
6630,48,0
6631,33,0
6632,37,1
6633,113,0
6634,95,0
6635,43,1
6636,17,1
6637,77,0
6638,38,1
6639,32,1
6640,113,0
6641,42,0
6642,33,0
6643,58,1
6644,95,1
6645,56,0
6646,103,1
6647,43,1
6648,89,1
6649,31,0
6650,89,0
6651,125,0
6652,56,1
6653,88,0
6654,73,1
6655,48,0
6656,78,0
6657,60,0
6658,37,1
6659,113,0
6660,50,1
6661,77,1
6662,111,0
6663,31,0
6664,73,1
6665,107,0
6666,37,0
6667,82,0
6668,155,1
6669,48,1
6670,86,1
6671,24,0
6672,20,0
6673,51,0
6674,32,1
6675,117,0
6676,84,1
6677,67,1
6678,125,0
6679,28,1
6680,114,1
6681,20,0
6682,15,0
6683,51,1
6684,54,1
6685,57,1
6686,42,0
6687,28,0
6688,100,0
6689,57,1
6690,101,0
6691,72,0
6692,116,0
6693,65,1
6694,86,0
6695,56,1
6696,56,0
6697,54,0
6698,46,1
6699,36,1
6700,93,0
6701,72,1
6702,41,1
6703,52,1
6704,74,1
6705,47,1
6706,97,0
6707,41,0
6708,56,0
6709,34,0
6710,80,1
6711,40,0
6712,74,1
6713,46,0
6714,27,0
6715,42,1
6716,60,1
6717,55,1
6718,56,0
6719,50,0
6720,124,1
6721,46,1
6722,58,1
6723,69,0
6724,31,0
6725,37,1
6726,75,1
6727,59,0
6728,159,0
6729,69,1
6730,81,0
6731,99,0
6732,29,1
6733,35,0
6734,46,0
6735,72,0
6736,49,0
6737,12,0
6738,33,1
6739,49,1
6740,45,0
6741,46,0
6742,25,1
6743,68,0
6744,54,0
6745,36,1
6746,114,1
6747,33,0
6748,59,1
6749,54,0
6750,46,0
6751,73,0
6752,40,0
6753,67,1
6754,30,0
6755,41,0
6756,49,0
6757,71,0
6758,111,1
6759,38,0
6760,64,0
6761,29,0
6762,29,1
6763,50,1
6764,38,1
6765,68,1
6766,85,1
6767,66,0
6768,26,1
6769,35,1
6770,85,0
6771,57,1
6772,37,1
6773,53,0
6774,51,0
6775,135,0
6776,66,1
6777,18,1
6778,56,0
6779,61,0
6780,31,1
6781,66,1
6782,46,1
6783,17,0
6784,45,1
6785,63,0
6786,30,0
6787,36,0
6788,62,0
6789,47,0
6790,41,0
6791,35,0
6792,52,1
6793,88,1
6794,52,1
6795,73,1
6796,44,1
6797,83,0
6798,67,1
6799,32,0
6800,177,1
6801,35,1
6802,70,1
6803,53,0
6804,84,0
6805,68,1
6806,36,1
6807,100,1
6808,74,1
6809,55,0
6810,45,1
6811,71,0
6812,56,1
6813,18,0
6814,96,1
6815,42,0
6816,37,0
6817,69,0
6818,42,1
6819,49,1
6820,20,0
6821,41,1
6822,104,1
6823,37,1
6824,64,1
6825,95,1
6826,43,1
6827,31,1
6828,56,0
6829,47,1
6830,105,0
6831,50,1
6832,63,0
6833,31,0
6834,41,0
6835,32,1
6836,38,0
6837,14,0
6838,118,0
6839,174,0
6840,53,1
6841,49,1
6842,65,1
6843,61,1
6844,35,1
6845,104,1
6846,58,1
6847,49,1
6848,39,0
6849,52,1
6850,70,0
6851,57,0
6852,92,1
6853,108,1
6854,59,0
6855,23,0
6856,21,0
6857,105,1
6858,57,1
6859,43,0
6860,58,0
6861,37,0
6862,33,1
6863,141,0
6864,22,0
6865,57,0
6866,30,0
6867,76,0
6868,51,0
6869,83,1
6870,56,0
6871,39,0
6872,40,0
6873,45,1
6874,87,0
6875,62,0
6876,28,0
6877,99,1
6878,106,0
6879,45,0
6880,57,1
6881,119,1
6882,60,1
6883,26,1
6884,38,0
6885,86,0
6886,92,0
6887,41,1
6888,78,1
6889,39,0
6890,66,0
6891,49,0
6892,79,0
6893,64,0
6894,46,1
6895,28,1
6896,83,1
6897,76,0
6898,94,1
6899,59,1
6900,18,0
6901,50,1
6902,85,1
6903,18,0
6904,44,1
6905,63,1
6906,37,0
6907,80,1
6908,68,1
6909,22,0
6910,59,0
6911,67,0
6912,200,0
6913,59,1
6914,80,1
6915,60,0
6916,31,1
6917,24,1
6918,49,1
6919,39,0
6920,68,0
6921,84,1
6922,94,0
6923,79,0
6924,31,1
6925,56,0
6926,49,1
6927,65,1
6928,46,0
6929,29,1
6930,68,0
6931,72,0
6932,49,1
6933,52,0
6934,120,1
6935,42,1
6936,64,0
6937,88,0
6938,104,0
6939,55,0
6940,78,1
6941,48,1
6942,48,1
6943,58,0
6944,27,0
6945,54,1
6946,86,1
6947,47,0
6948,60,0
6949,27,1
6950,64,0
6951,100,1
6952,69,0
6953,68,0
6954,39,1
6955,112,0
6956,48,0
6957,55,1
6958,48,0
6959,23,1
6960,84,1
6961,54,0
6962,50,0
6963,92,0
6964,105,1
6965,43,0
6966,79,0
6967,66,0
6968,20,0
6969,46,0
6970,77,1
6971,114,0
6972,31,0
6973,50,1
6974,28,0
6975,39,1
6976,67,1
6977,30,0
6978,25,1
6979,30,1
6980,51,0
6981,30,0
6982,19,0
6983,36,0
6984,65,0
6985,79,1
6986,40,0
6987,41,0
6988,58,0
6989,104,0
6990,74,0
6991,88,1
6992,83,0
6993,56,0
6994,75,1
6995,12,0
6996,41,0
6997,54,0
6998,105,1
6999,52,0
7000,51,0
7001,46,1
7002,14,0
7003,30,1
7004,114,1
7005,42,0
7006,124,1
7007,90,1
7008,46,0
7009,73,1
7010,31,0
7011,61,0
7012,17,0
7013,45,0
7014,54,0
7015,60,1
7016,67,1
7017,61,0
7018,81,1
7019,26,0
7020,70,1
7021,85,0
7022,103,0
7023,75,0
7024,53,1
7025,58,0
7026,53,0
7027,103,1
7028,40,1
7029,116,0
7030,34,0
7031,64,1
7032,34,0
7033,128,1
7034,46,0
7035,57,1
7036,53,0
7037,50,0
7038,124,0
7039,50,0
7040,87,1
7041,33,0
7042,118,0
7043,122,1
7044,74,0
7045,46,0
7046,51,0
7047,38,0
7048,74,0
7049,83,0
7050,105,0
7051,49,0
7052,48,1
7053,81,1
7054,99,1
7055,29,1
7056,68,1
7057,86,0
7058,84,1
7059,57,1
7060,42,0
7061,95,0
7062,79,0
7063,90,1
7064,118,0
7065,56,0
7066,33,1
7067,50,0
7068,43,0
7069,75,1
7070,72,1
7071,43,0
7072,38,1
7073,19,0
7074,74,1
7075,33,0
7076,74,0
7077,61,0
7078,37,0
7079,36,0
7080,124,0
7081,75,0
7082,82,0
7083,96,0
7084,47,0
7085,39,1
7086,42,1
7087,35,0
7088,12,0
7089,40,0
7090,82,1
7091,42,1
7092,44,1
7093,56,1
7094,64,1
7095,32,0
7096,46,0
7097,50,1
7098,40,1
7099,49,0
7100,31,0
7101,40,1
7102,43,1
7103,57,1
7104,48,0
7105,69,0
7106,86,0
7107,49,0
7108,38,0
7109,74,0
7110,82,0
7111,30,1
7112,54,1
7113,45,1
7114,90,0
7115,33,0
7116,28,1
7117,115,1
7118,19,0
7119,55,0
7120,127,1
7121,38,0
7122,52,1
7123,81,0
7124,30,0
7125,55,1
7126,82,0
7127,91,0
7128,29,1
7129,145,0
7130,48,1
7131,49,1
7132,114,1
7133,70,0
7134,53,0
7135,49,0
7136,86,0
7137,76,1
7138,56,0
7139,23,1
7140,11,0
7141,63,1
7142,92,0
7143,32,0
7144,43,0
7145,31,0
7146,35,1
7147,74,1
7148,105,1
7149,16,0
7150,50,1
7151,49,0
7152,140,0
7153,100,0
7154,56,1
7155,52,1
7156,125,1
7157,43,1
7158,46,1
7159,39,0
7160,92,0
7161,64,1
7162,53,1
7163,29,1
7164,54,0
7165,74,0
7166,126,0
7167,52,0
7168,58,0
7169,166,0
7170,75,1
7171,19,1
7172,54,0
7173,33,0
7174,133,0
7175,25,0
7176,39,1
7177,49,0
7178,73,1
7179,28,0
7180,45,0
7181,128,0
7182,63,1
7183,35,0
7184,53,0
7185,68,1
7186,43,0
7187,50,0
7188,85,0
7189,51,0
7190,52,1
7191,50,1
7192,72,1
7193,79,1
7194,78,0
7195,47,0
7196,67,0
7197,91,1
7198,27,1
7199,53,0
7200,51,1
7201,72,1
7202,61,0
7203,24,0
7204,57,1
7205,74,0
7206,48,0
7207,36,1
7208,71,1
7209,53,0
7210,72,0
7211,112,1
7212,85,0
7213,111,1
7214,13,0
7215,64,1
7216,53,0
7217,43,0
7218,168,1
7219,49,0
7220,80,0
7221,89,0
7222,75,0
7223,111,0
7224,56,0
7225,44,0
7226,79,0
7227,106,1
7228,63,0
7229,77,0
7230,113,1
7231,194,1
7232,45,0
7233,45,0
7234,63,1
7235,97,1
7236,78,0
7237,36,0
7238,90,0
7239,116,1
7240,20,0
7241,53,1
7242,121,1
7243,73,1
7244,70,1
7245,120,0
7246,24,0
7247,96,0
7248,26,0
7249,39,0
7250,54,0
7251,73,0
7252,78,0
7253,131,0
7254,110,1
7255,182,1
7256,124,0
7257,40,1
7258,34,0
7259,63,1
7260,46,0
7261,37,0
7262,67,1
7263,85,1
7264,28,1
7265,200,0
7266,12,0
7267,48,0
7268,75,0
7269,77,0
7270,39,0
7271,75,1
7272,17,0
7273,133,0
7274,13,0
7275,53,1
7276,61,1
7277,101,0
7278,88,0
7279,89,1
7280,21,0
7281,57,1
7282,45,0
7283,90,0
7284,44,0
7285,81,1
7286,51,1
7287,39,1
7288,31,0
7289,67,1
7290,63,1
7291,200,1
7292,52,0
7293,74,0
7294,95,1
7295,87,1
7296,57,1
7297,49,1
7298,55,1
7299,62,0
7300,89,0
7301,53,0
7302,50,0
7303,21,0
7304,83,0
7305,59,0
7306,44,0
7307,114,1
7308,78,0
7309,19,0
7310,51,0
7311,45,1
7312,38,1
7313,92,1
7314,56,1
7315,25,0
7316,154,0
7317,67,0
7318,71,0
7319,79,0
7320,28,1
7321,63,0
7322,46,1
7323,67,1
7324,35,0
7325,48,1
7326,63,0
7327,48,0
7328,65,0
7329,52,1
7330,65,0
7331,42,1
7332,46,0
7333,129,1
7334,34,0
7335,21,0
7336,23,1
7337,59,1
7338,39,1
7339,59,1
7340,59,0
7341,30,0
7342,39,1
7343,62,0
7344,65,0
7345,27,0
7346,32,0
7347,77,1
7348,175,0
7349,55,1
7350,47,1
7351,86,0
7352,82,1
7353,59,1
7354,84,0
7355,74,1
7356,107,0
7357,43,0
7358,34,1
7359,62,0
7360,137,0
7361,34,1
7362,117,0
7363,58,0
7364,38,0
7365,43,0
7366,116,1
7367,72,0
7368,62,0
7369,105,0
7370,40,0
7371,40,1
7372,52,0
7373,46,1
7374,58,1
7375,51,1
7376,39,0
7377,36,0
7378,64,1
7379,77,1
7380,18,0
7381,71,0
7382,52,0
7383,30,0
7384,76,0
7385,79,1
7386,69,0
7387,36,1
7388,84,1
7389,33,0
7390,28,0
7391,61,0
7392,75,0
7393,47,0
7394,80,0
7395,44,0
7396,79,0
7397,51,0
7398,82,0
7399,20,0
7400,127,0
7401,68,0
7402,61,0
7403,39,1
7404,50,0
7405,52,1
7406,59,1
7407,73,0
7408,35,0
7409,63,0
7410,84,0
7411,36,0
7412,21,0
7413,40,1
7414,50,1
7415,50,1
7416,66,0
7417,67,0
7418,29,0
7419,26,0
7420,36,0
7421,102,0
7422,61,0
7423,128,0
7424,36,0
7425,22,0
7426,43,1
7427,38,0
7428,121,1
7429,49,1
7430,25,0
7431,111,1
7432,32,1
7433,49,0
7434,52,0
7435,62,0
7436,63,1
7437,86,0
7438,58,0
7439,64,0
7440,37,0
7441,66,1
7442,33,1
7443,70,1
7444,58,0
7445,34,0
7446,60,0
7447,94,1
7448,43,1
7449,34,0
7450,40,0
7451,45,1
7452,144,0
7453,73,1
7454,45,1
7455,21,1
7456,70,0
7457,38,1
7458,29,1
7459,67,0
7460,174,1
7461,83,0
7462,22,0
7463,96,0
7464,36,0
7465,50,0
7466,58,0
7467,35,1
7468,41,0
7469,44,1
7470,37,0
7471,60,1
7472,28,0
7473,102,0
7474,36,0
7475,36,0
7476,72,1
7477,75,0
7478,53,0
7479,79,0
7480,52,0
7481,47,1
7482,51,1
7483,70,1
7484,63,0
7485,42,1
7486,139,0
7487,75,0
7488,58,0
7489,22,0
7490,43,0
7491,56,1
7492,18,0
7493,42,1
7494,57,0
7495,49,1
7496,46,0
7497,35,0
7498,133,0
7499,51,0
7500,89,0
7501,32,1
7502,50,0
7503,24,0
7504,90,1
7505,53,1
7506,38,0
7507,74,0
7508,41,1
7509,42,0
7510,100,0
7511,75,1
7512,60,0
7513,85,1
7514,63,0
7515,74,1
7516,48,0
7517,53,0
7518,67,1
7519,30,0
7520,34,0
7521,137,0
7522,32,0
7523,58,1
7524,22,0
7525,133,1
7526,27,0
7527,46,0
7528,38,0
7529,42,0
7530,56,1
7531,40,0
7532,77,0
7533,54,1
7534,34,1
7535,44,0
7536,112,0
7537,42,0
7538,70,1
7539,25,0
7540,72,0
7541,95,1
7542,87,0
7543,71,1
7544,86,1
7545,87,0
7546,40,0
7547,39,0
7548,58,1
7549,53,0
7550,37,1
7551,68,1
7552,51,0
7553,31,1
7554,50,0
7555,76,0
7556,70,0
7557,35,1
7558,60,0
7559,61,1
7560,119,0
7561,68,1
7562,68,0
7563,44,0
7564,57,0
7565,42,0
7566,44,1
7567,130,0
7568,36,1
7569,56,1
7570,97,0
7571,27,0
7572,25,1
7573,20,0
7574,40,1
7575,26,0
7576,76,0
7577,29,1
7578,139,1
7579,54,0
7580,45,0
7581,41,0
7582,24,0
7583,68,0
7584,46,0
7585,50,1
7586,58,1
7587,42,0
7588,145,1
7589,39,1
7590,26,0
7591,25,1
7592,100,1
7593,67,1
7594,62,1
7595,44,1
7596,63,0
7597,35,1
7598,46,1
7599,74,1
7600,102,0
7601,77,0
7602,74,0
7603,121,0
7604,72,0
7605,22,0
7606,153,1
7607,32,0
7608,64,0
7609,117,1
7610,64,1
7611,82,1
7612,109,1
7613,73,1
7614,49,1
7615,75,0
7616,83,0
7617,21,1
7618,58,1
7619,25,1
7620,49,0
7621,43,1
7622,85,0
7623,80,0
7624,52,1
7625,39,1
7626,104,1
7627,63,0
7628,131,0
7629,42,0
7630,47,0
7631,52,0
7632,92,1
7633,82,0
7634,70,0
7635,97,0
7636,121,0
7637,30,1
7638,62,0
7639,33,0
7640,115,1
7641,55,1
7642,49,0
7643,63,0
7644,66,0
7645,52,0
7646,25,1
7647,75,0
7648,153,0
7649,114,0
7650,27,0
7651,125,1
7652,21,0
7653,123,0
7654,31,0
7655,114,1
7656,64,1
7657,31,0
7658,39,0
7659,72,1
7660,28,1
7661,62,1
7662,108,0
7663,67,0
7664,35,1
7665,45,0
7666,45,0
7667,60,0
7668,34,1
7669,29,0
7670,37,0
7671,111,0
7672,22,0
7673,59,0
7674,80,1
7675,40,1
7676,130,0
7677,42,1
7678,71,0
7679,60,0
7680,65,0
7681,20,0
7682,64,0
7683,24,0
7684,62,0
7685,70,1
7686,118,1
7687,82,0
7688,57,0
7689,34,0
7690,34,0
7691,53,1
7692,52,0
7693,70,0
7694,37,1
7695,157,0
7696,114,0
7697,94,1
7698,60,0
7699,70,0
7700,10,0
7701,94,0
7702,116,0
7703,84,0
7704,46,0
7705,110,1
7706,66,1
7707,32,0
7708,80,1
7709,122,1
7710,81,0
7711,99,0
7712,38,0
7713,51,0
7714,52,0
7715,48,0
7716,102,0
7717,74,0
7718,102,0
7719,144,1
7720,80,0
7721,112,0
7722,83,1
7723,98,1
7724,67,0
7725,56,1
7726,70,0
7727,47,1
7728,95,1
7729,70,1
7730,44,0
7731,33,0
7732,40,0
7733,102,1
7734,69,0
7735,54,1
7736,67,0
7737,36,0
7738,29,1
7739,54,0
7740,36,1
7741,57,0
7742,53,1
7743,23,1
7744,49,0
7745,74,0
7746,60,0
7747,26,0
7748,28,0
7749,164,0
7750,37,1
7751,43,0
7752,59,1
7753,50,0
7754,37,0
7755,33,1
7756,80,0
7757,51,0
7758,42,0
7759,92,0
7760,48,1
7761,63,0
7762,21,0
7763,39,0
7764,42,0
7765,87,0
7766,41,1
7767,93,0
7768,41,1
7769,32,1
7770,95,1
7771,93,0
7772,34,0
7773,30,1
7774,51,1
7775,49,1
7776,35,0
7777,30,0
7778,47,0
7779,72,0
7780,200,0
7781,33,1
7782,42,1
7783,46,0
7784,29,1
7785,77,0
7786,37,0
7787,64,1
7788,142,0
7789,57,1
7790,84,0
7791,32,0
7792,48,0
7793,79,0
7794,35,0
7795,148,0
7796,87,0
7797,60,1
7798,54,1
7799,152,0
7800,80,1
7801,93,1
7802,34,0
7803,52,1
7804,60,0
7805,62,0
7806,45,0
7807,35,1
7808,28,0
7809,79,0
7810,45,1
7811,55,0
7812,56,1
7813,64,0
7814,96,0
7815,105,0
7816,64,1
7817,27,1
7818,29,0
7819,76,0
7820,33,1
7821,42,1
7822,80,1
7823,67,1
7824,52,1
7825,27,0
7826,121,0
7827,94,1
7828,12,0
7829,82,1
7830,57,1
7831,35,1
7832,33,0
7833,44,0
7834,93,1
7835,46,0
7836,40,0
7837,142,1
7838,63,1
7839,32,0
7840,9,0
7841,51,0
7842,74,1
7843,54,0
7844,104,1
7845,59,0
7846,54,0
7847,51,0
7848,38,0
7849,43,0
7850,27,1
7851,60,0
7852,46,0
7853,91,1
7854,96,0
7855,28,1
7856,44,1
7857,47,1
7858,74,0
7859,86,0
7860,118,0
7861,34,1
7862,75,0
7863,51,0
7864,77,1
7865,59,0
7866,59,1
7867,56,1
7868,38,0
7869,62,1
7870,135,0
7871,50,0
7872,11,0
7873,49,1
7874,67,0
7875,61,1
7876,70,1
7877,73,1
7878,38,1
7879,92,1
7880,94,0
7881,98,0
7882,47,1
7883,37,0
7884,151,0
7885,63,0
7886,44,0
7887,99,1
7888,73,0
7889,49,1
7890,115,1
7891,40,0
7892,28,0
7893,58,0
7894,30,0
7895,34,0
7896,46,0
7897,54,0
7898,60,0
7899,29,1
7900,51,0
7901,60,0
7902,95,1
7903,167,1
7904,33,1
7905,38,0
7906,60,1
7907,37,0
7908,72,1
7909,28,1
7910,78,1
7911,67,1
7912,59,1
7913,150,0
7914,58,0
7915,72,0
7916,75,0
7917,58,0
7918,82,1
7919,49,0
7920,79,1
7921,23,1
7922,73,0
7923,43,0
7924,34,1
7925,38,1
7926,49,1
7927,57,1
7928,85,1
7929,34,0
7930,68,0
7931,67,0
7932,38,0
7933,50,1
7934,48,1
7935,77,0
7936,46,1
7937,123,1
7938,93,0
7939,59,0
7940,29,1
7941,25,0
7942,57,0
7943,106,0
7944,49,0
7945,126,0
7946,33,0
7947,54,0
7948,93,0
7949,20,1
7950,42,1
7951,74,0
7952,80,0
7953,59,0
7954,59,1
7955,38,0
7956,27,1
7957,53,1
7958,50,0
7959,18,0
7960,48,0
7961,55,0
7962,46,0
7963,69,1
7964,22,0
7965,31,1
7966,61,0
7967,53,0
7968,47,0
7969,90,1
7970,28,0
7971,145,1
7972,65,0
7973,52,1
7974,28,0
7975,28,0
7976,62,0
7977,32,0
7978,48,1
7979,30,0
7980,44,0
7981,58,0
7982,45,1
7983,23,1
7984,131,0
7985,79,1
7986,54,0
7987,36,0
7988,59,1
7989,49,0
7990,123,0
7991,24,1
7992,12,0
7993,41,0
7994,98,1
7995,91,1
7996,29,0
7997,46,0
7998,58,0
7999,19,0
8000,32,0
8001,34,0
8002,58,0
8003,48,1
8004,21,0
8005,200,0
8006,54,0
8007,91,1
8008,50,0
8009,33,0
8010,38,1
8011,52,0
8012,36,0
8013,137,1
8014,49,1
8015,58,1
8016,38,1
8017,36,0
8018,66,1
8019,77,0
8020,28,1
8021,49,0
8022,27,0
8023,42,1
8024,65,1
8025,71,0
8026,40,0
8027,107,0
8028,138,0
8029,130,0
8030,27,0
8031,118,0
8032,84,1
8033,176,0
8034,62,1
8035,55,1
8036,98,0
8037,31,0
8038,119,0
8039,79,0
8040,49,0
8041,83,0
8042,30,0
8043,40,1
8044,165,1
8045,44,0
8046,108,0
8047,31,0
8048,30,0
8049,53,0
8050,39,0
8051,45,1
8052,78,1
8053,44,0
8054,82,1
8055,189,0
8056,37,0
8057,23,0
8058,94,1
8059,64,0
8060,40,1
8061,122,0
8062,26,0
8063,42,0
8064,34,1
8065,138,1
8066,77,0
8067,65,0
8068,60,0
8069,39,0
8070,76,0
8071,15,0
8072,72,0
8073,63,1
8074,30,0
8075,62,0
8076,42,0
8077,58,1
8078,78,1
8079,33,1
8080,75,0
8081,45,1
8082,23,0
8083,80,1
8084,46,0
8085,45,1
8086,35,0
8087,64,1
8088,104,0
8089,36,0
8090,66,0
8091,32,1
8092,28,1
8093,42,1
8094,59,1
8095,27,1
8096,73,0
8097,26,0
8098,22,0
8099,19,0
8100,66,1
8101,35,0
8102,109,0
8103,100,0
8104,41,0
8105,16,0
8106,46,0
8107,38,1
8108,38,0
8109,32,0
8110,49,1
8111,63,0
8112,93,0
8113,46,1
8114,52,0
8115,75,1
8116,69,0
8117,46,0
8118,62,1
8119,33,0
8120,45,1
8121,98,0
8122,90,0
8123,134,0
8124,120,1
8125,97,0
8126,200,0
8127,84,0
8128,76,1
8129,67,0
8130,90,1
8131,67,1
8132,40,0
8133,26,1
8134,100,1
8135,83,0
8136,39,1
8137,37,1
8138,66,1
8139,77,0
8140,119,0
8141,50,0
8142,12,0
8143,64,0
8144,63,0
8145,80,1
8146,81,0
8147,36,1
8148,21,0
8149,49,1
8150,28,0
8151,35,0
8152,58,0
8153,23,0
8154,104,0
8155,80,0
8156,81,0
8157,92,1
8158,132,0
8159,21,0
8160,38,0
8161,114,1
8162,22,0
8163,33,1
8164,100,1
8165,69,1
8166,19,0
8167,36,0
8168,36,0
8169,123,1
8170,39,1
8171,95,1
8172,39,0
8173,21,0
8174,94,0
8175,57,0
8176,55,1
8177,139,1
8178,37,1
8179,105,1
8180,84,0
8181,44,1
8182,59,0
8183,32,0
8184,59,0
8185,126,0
8186,83,0
8187,86,1
8188,28,0
8189,13,0
8190,52,1
8191,142,0
8192,88,1
8193,37,0
8194,37,0
8195,39,0
8196,28,0
8197,98,1
8198,65,0
8199,43,1
8200,26,1
8201,32,1
8202,33,0
8203,54,1
8204,38,1
8205,56,1
8206,37,1
8207,34,0
8208,40,0
8209,61,1
8210,64,0
8211,53,1
8212,89,1
8213,92,1
8214,83,0
8215,21,0
8216,59,0
8217,34,0
8218,69,0
8219,112,0
8220,53,1
8221,22,0
8222,33,0
8223,43,1
8224,44,0
8225,30,0
8226,72,0
8227,75,1
8228,46,0
8229,27,0
8230,200,0
8231,147,0
8232,137,0
8233,73,1
8234,107,1
8235,38,0
8236,43,0
8237,48,0
8238,62,0
8239,47,0
8240,36,0
8241,60,1
8242,44,0
8243,42,1
8244,31,0
8245,48,1
8246,38,1
8247,118,1
8248,32,1
8249,58,1
8250,31,1
8251,46,0
8252,62,0
8253,32,0
8254,72,0
8255,69,1
8256,27,0
8257,96,0
8258,53,1
8259,27,1
8260,65,0
8261,80,1
8262,62,0
8263,102,1
8264,43,0
8265,49,0
8266,48,1
8267,53,1
8268,129,1
8269,76,0
8270,45,1
8271,72,0
8272,37,1
8273,35,0
8274,56,1
8275,44,1
8276,65,0
8277,48,1
8278,37,0
8279,46,0
8280,56,1
8281,38,0
8282,119,0
8283,103,0
8284,45,1
8285,48,0
8286,48,0
8287,36,1
8288,40,1
8289,25,0
8290,65,1
8291,40,0
8292,46,0
8293,21,0
8294,25,0
8295,64,0
8296,72,0
8297,38,1
8298,124,0
8299,46,1
8300,38,1
8301,68,0
8302,37,0
8303,25,1
8304,28,0
8305,82,0
8306,34,0
8307,44,0
8308,42,1
8309,38,0
8310,62,0
8311,51,0
8312,36,1
8313,72,0
8314,84,0
8315,70,0
8316,70,0
8317,107,0
8318,117,0
8319,56,0
8320,34,1
8321,95,0
8322,55,0
8323,59,0
8324,78,0
8325,68,1
8326,32,0
8327,33,1
8328,59,0
8329,101,1
8330,56,0
8331,75,0
8332,46,0
8333,15,0
8334,58,1
8335,41,0
8336,85,0
8337,95,1
8338,64,0
8339,23,0
8340,51,1
8341,29,0
8342,63,1
8343,28,0
8344,74,1
8345,41,0
8346,44,1
8347,82,1
8348,149,1
8349,38,0
8350,27,1
8351,101,0
8352,94,1
8353,103,0
8354,34,0
8355,45,1
8356,29,0
8357,53,0
8358,43,1
8359,73,0
8360,53,1
8361,81,0
8362,54,1
8363,50,0
8364,32,0
8365,65,1
8366,33,0
8367,40,1
8368,84,0
8369,37,1
8370,102,0
8371,170,1
8372,28,0
8373,50,0
8374,45,1
8375,87,1
8376,40,1
8377,169,0
8378,87,0
8379,57,1
8380,60,0
8381,62,1
8382,51,0
8383,58,0
8384,50,0
8385,77,0
8386,70,1
8387,35,1
8388,93,0
8389,142,1
8390,37,0
8391,165,1
8392,44,0
8393,39,0
8394,98,1
8395,75,0
8396,60,1
8397,65,0
8398,39,0
8399,35,1
8400,44,1
8401,41,1
8402,62,1
8403,18,0
8404,73,1
8405,79,0
8406,86,0
8407,100,0
8408,75,0
8409,48,1
8410,69,0
8411,73,0
8412,92,0
8413,65,0
8414,51,0
8415,39,0
8416,15,0
8417,22,0
8418,50,1
8419,27,1
8420,31,1
8421,74,1
8422,82,0
8423,56,0
8424,82,0
8425,24,1
8426,110,1
8427,118,1
8428,38,0
8429,74,0
8430,57,0
8431,38,0
8432,58,1
8433,24,1
8434,78,1
8435,75,1
8436,32,0
8437,91,0
8438,52,1
8439,73,0
8440,67,0
8441,43,0
8442,44,0
8443,50,0
8444,76,0
8445,75,1
8446,85,0
8447,40,0
8448,41,0
8449,69,1
8450,72,0
8451,34,0
8452,84,0
8453,72,0
8454,35,1
8455,45,0
8456,37,0
8457,54,0
8458,38,0
8459,96,1
8460,74,0
8461,69,0
8462,44,1
8463,106,1
8464,41,0
8465,63,1
8466,81,1
8467,60,1
8468,38,1
8469,77,0
8470,37,0
8471,25,0
8472,68,0
8473,80,0
8474,45,1
8475,51,0
8476,81,0
8477,43,1
8478,33,1
8479,134,0
8480,27,0
8481,31,0
8482,48,0
8483,57,0
8484,37,1
8485,45,0
8486,86,0
8487,60,1
8488,66,0
8489,15,0
8490,54,1
8491,38,0
8492,159,1
8493,31,0
8494,69,1
8495,66,0
8496,22,0
8497,120,0
8498,28,0
8499,77,0
8500,57,1
8501,23,0
8502,47,1
8503,66,1
8504,49,0
8505,95,0
8506,128,1
8507,24,1
8508,22,0
8509,72,1
8510,46,1
8511,105,0
8512,45,1
8513,101,1
8514,73,0
8515,22,0
8516,92,0
8517,80,1
8518,111,0
8519,26,1
8520,92,0
8521,90,0
8522,74,1
8523,25,1
8524,55,0
8525,27,0
8526,42,1
8527,134,0
8528,50,1
8529,54,1
8530,25,0
8531,76,0
8532,54,0
8533,17,1
8534,64,0
8535,98,1
8536,21,0
8537,31,0
8538,27,0
8539,59,1
8540,65,1
8541,33,0
8542,110,0
8543,71,1
8544,82,0
8545,34,1
8546,58,0
8547,68,1
8548,79,1
8549,144,0
8550,58,0
8551,137,1
8552,60,1
8553,172,0
8554,77,0
8555,31,1
8556,55,1
8557,45,0
8558,93,0
8559,32,1
8560,57,1
8561,30,0
8562,32,0
8563,69,0
8564,30,1
8565,115,0
8566,56,1
8567,34,0
8568,42,0
8569,71,1
8570,70,1
8571,114,0
8572,51,0
8573,47,0
8574,115,1
8575,33,0
8576,116,0
8577,61,1
8578,41,0
8579,39,1
8580,200,0
8581,95,0
8582,124,0
8583,90,0
8584,40,0
8585,79,1
8586,29,0
8587,55,0
8588,127,1
8589,59,0
8590,99,1
8591,94,1
8592,51,1
8593,67,0
8594,43,1
8595,77,0
8596,49,1
8597,71,0
8598,67,0
8599,72,1
8600,125,1
8601,126,0
8602,98,1
8603,121,1
8604,21,0
8605,58,0
8606,65,0
8607,51,1
8608,149,0
8609,85,0
8610,52,1
8611,60,0
8612,76,1
8613,73,0
8614,61,1
8615,40,1
8616,46,0
8617,114,1
8618,56,0
8619,41,1
8620,56,1
8621,55,1
8622,61,0
8623,70,0
8624,45,0
8625,176,1
8626,37,1
8627,64,1
8628,40,0
8629,64,0
8630,69,0
8631,36,0
8632,34,0
8633,58,1
8634,35,0
8635,68,1
8636,97,1
8637,163,0
8638,65,0
8639,55,1
8640,44,0
8641,85,0
8642,55,0
8643,50,0
8644,39,0
8645,51,1
8646,61,0
8647,81,1
8648,81,1
8649,16,0
8650,36,0
8651,101,1
8652,64,0
8653,64,1
8654,35,1
8655,51,1
8656,34,0
8657,84,0
8658,41,0
8659,27,0
8660,32,1
8661,99,1
8662,92,0
8663,51,1
8664,39,1
8665,50,0
8666,81,1
8667,139,0
8668,60,0
8669,101,0
8670,54,1
8671,29,1
8672,97,1
8673,69,1
8674,57,0
8675,88,0
8676,91,0
8677,62,0
8678,33,1
8679,106,1
8680,36,1
8681,40,1
8682,32,0
8683,79,1
8684,81,0
8685,84,0
8686,62,1
8687,25,0
8688,112,1
8689,84,1
8690,80,0
8691,100,0
8692,86,1
8693,96,0
8694,48,0
8695,102,0
8696,17,0
8697,117,1
8698,27,0
8699,58,0
8700,22,0
8701,49,1
8702,118,1
8703,42,0
8704,47,1
8705,31,1
8706,22,1
8707,82,1
8708,86,0
8709,30,0
8710,140,0
8711,33,0
8712,78,0
8713,200,0
8714,32,0
8715,55,0
8716,93,0
8717,44,0
8718,46,0
8719,67,1
8720,24,0
8721,66,0
8722,69,0
8723,12,0
8724,181,0
8725,43,1
8726,82,0
8727,31,0
8728,56,0
8729,37,1
8730,76,1
8731,38,0
8732,82,1
8733,66,0
8734,58,0
8735,63,0
8736,54,0
8737,54,0
8738,73,1
8739,54,1
8740,30,1
8741,67,0
8742,37,0
8743,53,0
8744,67,0
8745,55,0
8746,61,1
8747,69,0
8748,46,0
8749,117,0
8750,20,0
8751,77,1
8752,68,1
8753,47,1
8754,75,1
8755,73,1
8756,61,1
8757,48,1
8758,33,0
8759,99,0
8760,36,0
8761,67,0
8762,56,0
8763,72,0
8764,35,0
8765,38,1
8766,35,1
8767,44,1
8768,77,0
8769,64,0
8770,46,1
8771,71,0
8772,51,0
8773,80,1
8774,166,0
8775,57,0
8776,79,1
8777,56,1
8778,29,1
8779,67,0
8780,101,1
8781,44,0
8782,11,0
8783,106,1
8784,149,0
8785,114,0
8786,50,0
8787,56,1
8788,40,0
8789,74,0
8790,76,1
8791,56,1
8792,55,0
8793,111,1
8794,46,0
8795,106,1
8796,27,0
8797,50,0
8798,53,0
8799,121,1
8800,91,1
8801,35,0
8802,58,0
8803,62,0
8804,72,1
8805,39,1
8806,39,1
8807,71,0
8808,21,0
8809,49,1
8810,57,1
8811,146,0
8812,171,0
8813,89,0
8814,126,0
8815,138,1
8816,67,0
8817,43,0
8818,78,0
8819,41,0
8820,165,0
8821,33,0
8822,55,0
8823,49,1
8824,112,0
8825,79,0
8826,45,0
8827,53,0
8828,120,1
8829,40,1
8830,110,0
8831,40,0
8832,56,1
8833,90,0
8834,143,0
8835,47,0
8836,48,0
8837,38,0
8838,179,0
8839,54,1
8840,44,1
8841,64,0
8842,185,1
8843,27,0
8844,24,0
8845,96,0
8846,75,0
8847,62,1
8848,143,1
8849,128,1
8850,98,1
8851,87,0
8852,66,0
8853,112,0
8854,87,1
8855,67,1
8856,39,0
8857,77,0
8858,56,1
8859,81,0
8860,130,1
8861,71,1
8862,35,0
8863,60,0
8864,31,1
8865,126,0
8866,111,0
8867,25,0
8868,42,1
8869,63,1
8870,43,0
8871,84,1
8872,76,1
8873,125,0
8874,41,0
8875,35,1
8876,171,1
8877,35,1
8878,45,0
8879,16,0
8880,57,0
8881,82,1
8882,29,0
8883,51,0
8884,47,1
8885,46,0
8886,32,1
8887,37,0
8888,43,0
8889,121,0
8890,64,1
8891,128,0
8892,72,0
8893,74,0
8894,33,1
8895,66,0
8896,53,0
8897,54,0
8898,68,0
8899,15,0
8900,38,0
8901,91,0
8902,162,0
8903,61,0
8904,33,1
8905,48,0
8906,113,0
8907,66,0
8908,95,0
8909,87,1
8910,69,1
8911,27,1
8912,150,1
8913,44,0
8914,53,0
8915,30,0
8916,31,1
8917,86,0
8918,53,1
8919,37,1
8920,63,0
8921,45,1
8922,107,0
8923,105,1
8924,88,1
8925,30,0
8926,39,0
8927,35,0
8928,33,0
8929,187,0
8930,74,1
8931,90,1
8932,69,1
8933,86,0
8934,121,0
8935,57,0
8936,35,1
8937,110,0
8938,39,0
8939,33,0
8940,200,0
8941,56,1
8942,115,1
8943,80,0
8944,129,1
8945,26,0
8946,52,1
8947,67,0
8948,42,1
8949,115,0
8950,63,1
8951,95,0
8952,46,0
8953,92,0
8954,73,0
8955,83,0
8956,56,0
8957,35,0
8958,136,0
8959,29,1
8960,54,1
8961,113,1
8962,53,0
8963,32,0
8964,52,1
8965,55,0
8966,37,0
8967,58,0
8968,47,0
8969,76,0
8970,37,1
8971,54,0
8972,59,1
8973,33,0
8974,24,1
8975,28,0
8976,44,1
8977,124,0
8978,53,0
8979,30,0
8980,40,0
8981,43,0
8982,29,0
8983,70,0
8984,103,0
8985,48,1
8986,117,1
8987,89,1
8988,77,1
8989,55,1
8990,71,0
8991,42,1
8992,56,0
8993,37,0
8994,53,1
8995,59,0
8996,130,1
8997,40,0
8998,67,0
8999,94,1
9000,48,0
9001,37,0
9002,35,0
9003,34,0
9004,54,1
9005,84,0
9006,56,1
9007,78,1
9008,47,1
9009,105,0
9010,36,1
9011,51,0
9012,76,0
9013,67,0
9014,138,0
9015,46,1
9016,38,1
9017,58,1
9018,36,0
9019,113,0
9020,67,0
9021,87,1
9022,89,0
9023,169,1
9024,172,1
9025,113,1
9026,55,0
9027,120,0
9028,70,1
9029,33,1
9030,64,0
9031,42,1
9032,64,0
9033,70,1
9034,50,1
9035,130,0
9036,47,1
9037,65,0
9038,70,1
9039,60,1
9040,45,1
9041,53,1
9042,33,1
9043,29,1
9044,48,0
9045,35,1
9046,35,1
9047,52,0
9048,66,1
9049,45,1
9050,32,1
9051,34,0
9052,18,0
9053,53,0
9054,21,0
9055,90,0
9056,42,0
9057,56,1
9058,40,0
9059,79,0
9060,23,0
9061,40,1
9062,93,0
9063,160,1
9064,91,0
9065,48,0
9066,48,1
9067,7,0
9068,65,0
9069,43,0
9070,132,1
9071,82,1
9072,27,1
9073,44,1
9074,38,0
9075,67,1
9076,30,0
9077,86,0
9078,46,1
9079,48,1
9080,84,0
9081,163,0
9082,45,1
9083,37,1
9084,56,1
9085,47,1
9086,159,1
9087,53,1
9088,27,0
9089,119,1
9090,70,1
9091,74,1
9092,57,1
9093,51,0
9094,124,0
9095,43,1
9096,33,1
9097,135,1
9098,89,0
9099,73,0
9100,50,0
9101,51,1
9102,26,0
9103,11,0
9104,25,1
9105,34,0
9106,112,1
9107,42,1
9108,70,1
9109,96,0
9110,23,0
9111,61,0
9112,62,0
9113,78,0
9114,69,1
9115,94,1
9116,83,1
9117,29,0
9118,12,0
9119,45,1
9120,21,1
9121,29,0
9122,15,0
9123,58,0
9124,41,1
9125,65,0
9126,47,0
9127,18,0
9128,15,0
9129,115,1
9130,84,0
9131,39,1
9132,93,1
9133,15,0
9134,58,0
9135,32,1
9136,74,0
9137,63,1
9138,31,0
9139,79,1
9140,39,1
9141,52,0
9142,132,0
9143,80,1
9144,47,0
9145,37,0
9146,71,0
9147,64,1
9148,32,0
9149,100,0
9150,38,0
9151,47,0
9152,44,0
9153,83,0
9154,115,0
9155,64,0
9156,103,1
9157,26,1
9158,59,0
9159,79,1
9160,25,0
9161,95,0
9162,64,0
9163,25,0
9164,28,1
9165,74,1
9166,14,0
9167,41,0
9168,26,0
9169,54,0
9170,42,1
9171,40,0
9172,103,0
9173,95,0
9174,49,0
9175,25,0
9176,33,0
9177,123,1
9178,90,0
9179,41,1
9180,45,1
9181,137,0
9182,79,1
9183,65,0
9184,37,0
9185,44,1
9186,74,0
9187,72,1
9188,23,0
9189,97,0
9190,81,1
9191,16,0
9192,32,0
9193,47,0
9194,47,0
9195,56,1
9196,53,0
9197,56,1
9198,58,0
9199,23,1
9200,154,1
9201,63,1
9202,140,0
9203,48,0
9204,54,0
9205,60,0
9206,31,1
9207,61,1
9208,101,1
9209,44,1
9210,106,1
9211,98,0
9212,167,0
9213,58,1
9214,80,1
9215,117,1
9216,102,1
9217,50,1
9218,111,1
9219,54,1
9220,43,1
9221,58,0
9222,66,0
9223,93,0
9224,185,1
9225,49,1
9226,80,1
9227,56,1
9228,99,0
9229,39,0
9230,53,0
9231,110,0
9232,51,1
9233,59,0
9234,44,0
9235,32,1
9236,43,1
9237,55,0
9238,38,1
9239,59,0
9240,43,0
9241,34,1
9242,61,1
9243,38,0
9244,158,1
9245,69,0
9246,52,1
9247,20,0
9248,19,0
9249,38,0
9250,80,1
9251,131,1
9252,27,1
9253,44,1
9254,141,1
9255,48,1
9256,52,1
9257,30,0
9258,58,0
9259,133,1
9260,60,0
9261,52,0
9262,44,1
9263,86,0
9264,41,0
9265,96,1
9266,76,1
9267,52,0
9268,43,1
9269,83,0
9270,63,1
9271,38,1
9272,60,1
9273,86,1
9274,54,0
9275,42,1
9276,38,0
9277,82,1
9278,42,1
9279,88,1
9280,77,1
9281,27,0
9282,39,1
9283,95,0
9284,41,1
9285,75,1
9286,43,1
9287,43,1
9288,41,1
9289,42,0
9290,71,0
9291,42,0
9292,33,1
9293,130,0
9294,124,0
9295,41,1
9296,54,1
9297,64,0
9298,76,0
9299,44,0
9300,98,0
9301,45,0
9302,69,0
9303,41,0
9304,31,1
9305,76,0
9306,74,0
9307,70,0
9308,69,0
9309,41,0
9310,58,0
9311,39,1
9312,109,0
9313,51,0
9314,45,0
9315,94,1
9316,33,1
9317,90,0
9318,182,0
9319,71,1
9320,53,0
9321,42,1
9322,133,0
9323,77,1
9324,48,1
9325,115,1
9326,39,0
9327,147,1
9328,64,0
9329,31,1
9330,33,0
9331,42,0
9332,163,0
9333,33,1
9334,52,0
9335,37,0
9336,55,1
9337,49,0
9338,68,0
9339,77,0
9340,41,0
9341,98,1
9342,70,0
9343,29,0
9344,28,1
9345,57,1
9346,126,0
9347,107,0
9348,35,1
9349,73,1
9350,42,1
9351,106,0
9352,83,0
9353,30,0
9354,84,0
9355,55,0
9356,58,0
9357,55,1
9358,67,0
9359,61,1
9360,87,1
9361,86,0
9362,54,0
9363,47,0
9364,154,0
9365,69,0
9366,52,1
9367,25,1
9368,41,0
9369,47,1
9370,33,1
9371,200,0
9372,110,0
9373,37,0
9374,83,0
9375,49,0
9376,18,0
9377,52,0
9378,33,1
9379,65,0
9380,23,1
9381,76,1
9382,22,0
9383,48,1
9384,93,0
9385,53,0
9386,33,0
9387,30,0
9388,77,0
9389,35,0
9390,99,1
9391,36,1
9392,91,1
9393,44,0
9394,31,0
9395,51,1
9396,186,1
9397,123,1
9398,35,0
9399,89,1
9400,66,0
9401,104,1
9402,50,0
9403,81,0
9404,74,0
9405,59,0
9406,35,0
9407,61,1
9408,113,1
9409,84,1
9410,53,1
9411,108,0
9412,91,0
9413,77,1
9414,31,1
9415,76,0
9416,68,1
9417,68,1
9418,93,0
9419,64,0
9420,32,0
9421,108,1
9422,42,0
9423,51,1
9424,39,0
9425,57,0
9426,123,1
9427,25,0
9428,76,0
9429,163,0
9430,60,1
9431,64,1
9432,80,1
9433,79,1
9434,76,1
9435,65,1
9436,55,1
9437,63,0
9438,134,1
9439,46,0
9440,110,0
9441,70,1
9442,49,0
9443,167,0
9444,84,0
9445,34,0
9446,44,0
9447,43,1
9448,40,1
9449,128,0
9450,88,1
9451,82,1
9452,37,0
9453,76,1
9454,51,1
9455,19,0
9456,68,1
9457,57,0
9458,40,1
9459,102,0
9460,28,0
9461,30,0
9462,34,0
9463,71,1
9464,44,0
9465,200,0
9466,29,1
9467,26,0
9468,107,0
9469,27,1
9470,62,0
9471,58,0
9472,84,0
9473,55,0
9474,49,1
9475,112,1
9476,50,0
9477,71,1
9478,120,1
9479,24,1
9480,86,1
9481,93,0
9482,48,0
9483,89,0
9484,62,0
9485,57,0
9486,51,0
9487,90,1
9488,66,0
9489,88,1
9490,50,0
9491,61,1
9492,47,0
9493,96,0
9494,53,0
9495,41,0
9496,108,0
9497,73,1
9498,54,0
9499,35,0
9500,48,0
9501,33,1
9502,147,0
9503,117,0
9504,85,1
9505,47,1
9506,109,1
9507,52,0
9508,51,0
9509,33,1
9510,70,1
9511,29,1
9512,117,0
9513,54,0
9514,73,1
9515,137,1
9516,123,0
9517,122,1
9518,52,0
9519,50,1
9520,73,0
9521,85,1
9522,26,1
9523,33,0
9524,43,0
9525,31,1
9526,32,1
9527,35,0
9528,54,1
9529,59,0
9530,25,0
9531,78,0
9532,61,0
9533,71,0
9534,50,0
9535,62,0
9536,28,0
9537,40,0
9538,42,1
9539,39,0
9540,68,1
9541,60,0
9542,43,0
9543,55,0
9544,45,0
9545,14,0
9546,73,1
9547,32,0
9548,102,1
9549,75,1
9550,29,0
9551,90,0
9552,68,0
9553,63,0
9554,75,0
9555,55,0
9556,16,0
9557,33,1
9558,19,0
9559,40,0
9560,69,1
9561,36,1
9562,49,1
9563,67,0
9564,54,0
9565,52,1
9566,18,0
9567,131,1
9568,51,1
9569,41,0
9570,54,0
9571,47,1
9572,122,0
9573,25,0
9574,65,1
9575,59,0
9576,62,0
9577,71,1
9578,85,0
9579,41,0
9580,70,0
9581,29,1
9582,57,1
9583,32,0
9584,44,1
9585,191,1
9586,35,0
9587,83,0
9588,50,0
9589,83,0
9590,83,1
9591,64,1
9592,181,1
9593,33,1
9594,48,0
9595,89,1
9596,54,0
9597,26,1
9598,53,0
9599,43,1
9600,51,1
9601,87,0
9602,50,0
9603,41,0
9604,108,0
9605,29,1
9606,64,1
9607,86,0
9608,57,1
9609,56,1
9610,130,1
9611,67,0
9612,125,1
9613,53,0
9614,68,1
9615,43,1
9616,45,0
9617,95,0
9618,59,1
9619,85,0
9620,96,0
9621,53,0
9622,37,1
9623,83,0
9624,55,1
9625,69,0
9626,30,0
9627,46,0
9628,66,1
9629,56,1
9630,61,1
9631,66,0
9632,73,0
9633,26,1
9634,113,1
9635,149,1
9636,47,0
9637,44,0
9638,68,1
9639,137,0
9640,141,0
9641,58,0
9642,80,1
9643,57,1
9644,135,1
9645,134,1
9646,157,0
9647,91,1
9648,41,0
9649,38,0
9650,43,0
9651,28,0
9652,73,1
9653,25,0
9654,55,1
9655,46,0
9656,66,0
9657,24,1
9658,64,1
9659,106,1
9660,52,0
9661,27,0
9662,74,0
9663,88,1
9664,170,1
9665,99,1
9666,50,1
9667,104,1
9668,200,0
9669,122,1
9670,75,1
9671,29,0
9672,115,1
9673,42,1
9674,40,0
9675,112,0
9676,31,0
9677,125,1
9678,48,1
9679,35,0
9680,60,0
9681,43,1
9682,55,1
9683,164,1
9684,26,1
9685,72,1
9686,32,1
9687,58,0
9688,83,1
9689,80,0
9690,58,1
9691,49,1
9692,68,1
9693,67,1
9694,94,1
9695,67,1
9696,57,0
9697,90,1
9698,39,1
9699,56,1
9700,67,0
9701,88,0
9702,68,0
9703,31,0
9704,53,0
9705,74,0
9706,64,0
9707,110,0
9708,69,0
9709,42,1
9710,119,1
9711,98,1
9712,49,0
9713,36,1
9714,91,1
9715,35,0
9716,85,0
9717,73,1
9718,54,0
9719,39,0
9720,53,0
9721,36,1
9722,47,1
9723,89,1
9724,200,0
9725,113,1
9726,49,0
9727,37,1
9728,27,0
9729,91,0
9730,43,0
9731,59,1
9732,26,0
9733,89,0
9734,36,0
9735,90,0
9736,15,0
9737,52,0
9738,48,0
9739,129,1
9740,135,1
9741,45,1
9742,48,0
9743,52,1
9744,103,1
9745,23,1
9746,78,1
9747,45,0
9748,70,0
9749,23,1
9750,75,0
9751,66,1
9752,24,0
9753,30,0
9754,95,1
9755,66,0
9756,64,0
9757,101,1
9758,58,0
9759,52,0
9760,52,0
9761,131,0
9762,40,1
9763,65,1
9764,113,1
9765,41,1
9766,75,0
9767,168,1
9768,18,0
9769,52,1
9770,53,0
9771,54,1
9772,190,0
9773,45,0
9774,73,0
9775,25,1
9776,75,0
9777,118,0
9778,72,1
9779,74,1
9780,64,0
9781,69,1
9782,51,0
9783,34,0
9784,71,0
9785,53,1
9786,59,0
9787,41,0
9788,51,0
9789,126,1
9790,45,1
9791,61,0
9792,48,0
9793,62,0
9794,120,0
9795,31,1
9796,53,0
9797,44,1
9798,78,1
9799,38,1
9800,23,0
9801,55,0
9802,200,0
9803,38,0
9804,36,1
9805,32,0
9806,23,0
9807,40,0
9808,49,1
9809,41,0
9810,75,1
9811,38,1
9812,41,1
9813,32,0
9814,64,0
9815,80,1
9816,90,0
9817,127,1
9818,31,0
9819,41,0
9820,50,0
9821,61,0
9822,73,0
9823,39,0
9824,67,0
9825,48,1
9826,131,0
9827,123,0
9828,144,0
9829,77,0
9830,47,1
9831,57,0
9832,155,1
9833,45,0
9834,38,0
9835,40,0
9836,73,0
9837,64,1
9838,87,1
9839,30,0
9840,40,0
9841,82,1
9842,45,0
9843,32,0
9844,28,1
9845,35,1
9846,45,0
9847,41,0
9848,41,0
9849,58,0
9850,44,0
9851,86,0
9852,11,0
9853,82,0
9854,49,0
9855,18,0
9856,88,0
9857,54,0
9858,40,0
9859,36,0
9860,29,0
9861,44,0
9862,153,0
9863,43,0
9864,32,0
9865,38,0
9866,57,1
9867,69,1
9868,61,1
9869,36,0
9870,62,1
9871,54,1
9872,41,1
9873,43,1
9874,40,1
9875,47,0
9876,29,0
9877,14,0
9878,189,0
9879,23,0
9880,43,1
9881,32,1
9882,55,1
9883,47,0
9884,43,0
9885,66,1
9886,82,1
9887,43,0
9888,81,0
9889,90,0
9890,94,0
9891,47,0
9892,57,0
9893,200,0
9894,120,1
9895,33,0
9896,74,1
9897,48,0
9898,58,0
9899,23,0
9900,39,0
9901,41,0
9902,102,0
9903,60,1
9904,97,1
9905,57,1
9906,26,0
9907,127,1
9908,47,1
9909,57,0
9910,56,1
9911,56,0
9912,42,1
9913,92,1
9914,141,1
9915,63,1
9916,49,0
9917,43,1
9918,148,1
9919,33,0
9920,44,1
9921,45,0
9922,68,1
9923,48,1
9924,72,1
9925,30,0
9926,109,1
9927,50,1
9928,69,1
9929,41,0
9930,31,0
9931,47,1
9932,20,0
9933,175,0
9934,129,1
9935,46,1
9936,88,0
9937,20,0
9938,14,0
9939,108,0
9940,52,1
9941,81,0
9942,61,0
9943,67,0
9944,16,0
9945,38,1
9946,118,1
9947,38,1
9948,37,0
9949,65,0
9950,90,0
9951,42,1
9952,42,0
9953,35,1
9954,82,1
9955,49,0
9956,109,0
9957,51,0
9958,80,1
9959,120,0
9960,200,0
9961,19,1
9962,46,0
9963,41,1
9964,74,1
9965,41,0
9966,74,0
9967,62,1
9968,200,0
9969,41,0
9970,24,1
9971,42,0
9972,38,1
9973,40,0
9974,47,0
9975,88,0
9976,73,0
9977,39,0
9978,45,0
9979,60,0
9980,36,1
9981,50,1
9982,120,1
9983,37,0
9984,74,1
9985,42,1
9986,99,1
9987,47,0
9988,19,0
9989,54,1
9990,22,1
9991,119,1
9992,24,0
9993,26,1
9994,34,0
9995,45,1
9996,64,1
9997,56,0
9998,50,1
9999,61,0
