episode,steps,reward
0,9,0
1,39,0
2,35,0
3,15,0
4,27,0
5,56,0
6,26,0
7,17,0
8,29,0
9,24,0
10,42,0
11,30,1
12,54,0
13,13,0
14,27,0
15,32,0
16,72,0
17,104,0
18,74,0
19,46,0
20,30,0
21,72,0
22,118,0
23,72,0
24,26,0
25,42,0
26,44,0
27,39,0
28,65,0
29,81,0
30,63,0
31,18,0
32,32,0
33,122,0
34,17,0
35,36,0
36,79,0
37,25,0
38,50,0
39,23,0
40,25,0
41,79,0
42,34,0
43,19,0
44,56,0
45,13,0
46,69,0
47,44,0
48,41,0
49,25,0
50,177,0
51,15,0
52,99,0
53,13,0
54,20,0
55,41,0
56,9,0
57,23,0
58,20,0
59,19,0
60,86,0
61,9,0
62,54,0
63,56,0
64,41,0
65,35,0
66,41,0
67,17,0
68,19,0
69,133,0
70,149,0
71,22,0
72,37,0
73,24,0
74,15,0
75,35,0
76,51,0
77,200,0
78,40,0
79,23,0
80,56,0
81,25,0
82,26,0
83,8,0
84,39,0
85,97,0
86,23,0
87,18,0
88,21,0
89,18,0
90,16,0
91,121,0
92,76,0
93,18,0
94,34,0
95,11,0
96,9,0
97,32,0
98,11,0
99,22,0
100,44,0
101,20,0
102,26,0
103,126,0
104,10,0
105,25,0
106,12,0
107,13,0
108,13,0
109,13,0
110,18,0
111,8,0
112,63,0
113,65,0
114,44,0
115,46,0
116,11,0
117,29,0
118,10,0
119,89,0
120,34,0
121,26,0
122,23,0
123,45,0
124,76,0
125,77,0
126,54,0
127,200,0
128,62,0
129,51,0
130,24,0
131,50,0
132,78,1
133,180,0
134,21,0
135,35,0
136,147,0
137,60,0
138,86,1
139,142,0
140,96,0
141,13,0
142,127,0
143,17,0
144,200,0
145,142,1
146,31,0
147,57,0
148,26,0
149,73,0
150,76,0
151,122,1
152,51,0
153,155,0
154,99,0
155,58,0
156,21,0
157,166,0
158,18,0
159,80,0
160,9,0
161,200,0
162,20,0
163,12,0
164,11,0
165,12,0
166,23,0
167,53,0
168,69,0
169,53,0
170,33,0
171,12,0
172,35,0
173,10,0
174,34,0
175,69,0
176,15,0
177,115,0
178,23,0
179,95,0
180,53,0
181,200,0
182,36,0
183,87,1
184,49,0
185,54,0
186,39,0
187,173,0
188,200,0
189,26,0
190,55,0
191,38,0
192,18,0
193,41,0
194,42,0
195,26,0
196,37,0
197,54,0
198,77,0
199,103,0
200,74,0
201,98,1
202,46,1
203,29,0
204,98,1
205,52,0
206,34,1
207,35,0
208,23,0
209,50,1
210,55,0
211,38,0
212,48,0
213,44,0
214,94,1
215,70,0
216,82,0
217,47,1
218,123,1
219,47,0
220,19,0
221,51,0
222,49,1
223,66,1
224,47,0
225,45,0
226,80,0
227,55,0
228,134,0
229,86,0
230,37,0
231,76,0
232,29,0
233,73,0
234,59,0
235,200,0
236,117,0
237,10,0
238,200,0
239,128,0
240,11,0
241,35,1
242,141,1
243,167,1
244,85,0
245,45,1
246,38,0
247,70,0
248,125,1
249,47,1
250,71,0
251,43,1
252,85,1
253,200,0
254,49,1
255,101,0
256,98,1
257,24,0
258,10,0
259,64,0
260,48,1
261,98,0
262,124,1
263,79,1
264,79,1
265,112,1
266,61,1
267,200,0
268,56,0
269,86,0
270,76,0
271,62,1
272,100,1
273,98,1
274,80,1
275,56,0
276,81,1
277,130,1
278,87,1
279,122,1
280,170,1
281,123,1
282,90,1
283,110,0
284,76,1
285,91,1
286,200,0
287,23,0
288,49,1
289,76,0
290,54,0
291,168,1
292,64,1
293,51,1
294,78,1
295,49,1
296,66,1
297,48,0
298,70,1
299,161,1
300,165,1
301,47,0
302,75,1
303,44,1
304,36,1
305,29,1
306,60,1
307,58,1
308,86,1
309,34,0
310,102,1
311,49,1
312,200,0
313,72,0
314,111,1
315,60,0
316,58,1
317,152,1
318,100,1
319,56,1
320,81,1
321,171,1
322,81,0
323,62,1
324,109,1
325,39,1
326,63,1
327,144,1
328,58,1
329,75,1
330,101,1
331,124,1
332,190,1
333,90,1
334,51,1
335,43,1
336,77,1
337,70,1
338,134,1
339,44,1
340,103,0
341,25,0
342,31,0
343,28,0
344,165,1
345,127,1
346,37,0
347,13,0
348,156,0
349,111,1
350,200,0
351,19,0
352,169,0
353,30,0
354,35,0
355,141,1
356,89,1
357,45,1
358,82,1
359,111,1
360,200,0
361,70,1
362,37,1
363,37,1
364,83,1
365,107,0
366,25,0
367,15,0
368,69,1
369,157,1
370,104,1
371,197,0
372,120,1
373,94,1
374,44,1
375,144,1
376,74,1
377,74,1
378,62,1
379,91,1
380,56,1
381,92,1
382,118,1
383,60,1
384,46,1
385,105,1
386,105,1
387,59,1
388,38,1
389,82,1
390,193,1
391,42,0
392,71,1
393,145,1
394,190,1
395,29,0
396,52,1
397,122,1
398,70,0
399,74,1
400,51,1
401,199,0
402,117,1
403,172,1
404,154,1
405,9,0
406,194,0
407,30,0
408,55,0
409,200,0
410,28,0
411,18,0
412,55,0
413,44,1
414,42,0
415,79,1
416,135,0
417,38,1
418,189,1
419,58,1
420,135,0
421,75,0
422,32,0
423,18,0
424,74,1
425,89,1
426,51,0
427,48,1
428,68,1
429,64,1
430,115,1
431,86,1
432,58,1
433,96,1
434,92,1
435,200,0
436,62,0
437,24,0
438,125,1
439,145,1
440,48,0
441,183,1
442,90,0
443,156,1
444,120,1
445,132,1
446,111,0
447,20,0
448,79,0
449,173,1
450,200,0
451,116,1
452,45,1
453,140,1
454,64,1
455,140,0
456,75,1
457,14,0
458,37,0
459,108,1
460,45,0
461,43,0
462,38,1
463,136,1
464,100,1
465,164,1
466,52,0
467,47,1
468,138,1
469,41,1
470,75,1
471,200,0
472,50,1
473,55,1
474,79,0
475,75,1
476,47,1
477,200,0
478,100,0
479,71,1
480,158,1
481,92,1
482,56,0
483,41,1
484,63,1
485,57,1
486,47,1
487,65,0
488,103,1
489,88,1
490,133,1
491,102,1
492,75,0
493,79,1
494,63,1
495,131,1
496,36,1
497,156,0
498,61,0
499,30,1
500,106,1
501,33,1
502,59,1
503,57,0
504,91,1
505,90,1
506,113,1
507,13,0
508,83,1
509,45,1
510,95,1
511,125,1
512,177,1
513,75,1
514,85,1
515,114,0
516,169,1
517,172,1
518,81,1
519,57,0
520,92,1
521,92,1
522,82,1
523,87,1
524,107,1
525,46,0
526,200,0
527,122,0
528,90,0
529,70,0
530,149,1
531,48,1
532,98,0
533,75,1
534,119,0
535,154,1
536,123,0
537,101,1
538,86,1
539,160,1
540,31,0
541,130,1
542,82,1
543,152,1
544,52,1
545,138,1
546,124,1
547,62,1
548,113,1
549,58,0
550,200,0
551,80,1
552,100,0
553,98,1
554,146,1
555,30,1
556,127,1
557,200,0
558,62,1
559,66,1
560,100,1
561,36,0
562,52,1
563,200,0
564,21,0
565,104,0
566,39,1
567,12,0
568,70,1
569,9,0
570,46,0
571,95,1
572,87,1
573,104,1
574,71,0
575,200,0
576,110,1
577,107,1
578,81,1
579,58,1
580,66,1
581,122,1
582,29,0
583,113,1
584,175,1
585,34,1
586,87,1
587,110,0
588,73,0
589,52,1
590,102,1
591,102,1
592,44,1
593,91,1
594,179,0
595,19,0
596,106,1
597,69,1
598,87,1
599,11,0
600,39,0
601,90,1
602,82,1
603,46,1
604,138,1
605,200,0
606,100,1
607,156,1
608,56,0
609,86,1
610,37,1
611,69,1
612,121,1
613,77,1
614,29,0
615,90,1
616,57,1
617,138,1
618,68,0
619,200,0
620,68,1
621,88,1
622,40,1
623,87,1
624,99,1
625,18,0
626,39,1
627,37,0
628,80,1
629,23,0
630,122,0
631,100,1
632,88,1
633,90,1
634,61,1
635,48,1
636,73,0
637,47,1
638,50,1
639,46,1
640,89,1
641,84,1
642,125,1
643,109,1
644,34,1
645,65,0
646,45,1
647,89,1
648,32,1
649,114,1
650,89,1
651,57,1
652,48,1
653,92,1
654,129,1
655,78,1
656,73,1
657,95,1
658,59,1
659,148,1
660,182,1
661,45,1
662,143,0
663,125,0
664,34,0
665,75,1
666,34,1
667,108,1
668,44,1
669,57,1
670,200,0
671,66,0
672,35,1
673,200,0
674,134,0
675,13,0
676,64,1
677,151,1
678,120,1
679,42,0
680,71,1
681,104,1
682,55,0
683,200,0
684,28,1
685,94,1
686,117,0
687,49,1
688,81,1
689,44,1
690,48,1
691,86,1
692,68,1
693,20,0
694,65,0
695,58,1
696,100,1
697,86,1
698,150,1
699,63,1
700,83,1
701,131,1
702,58,0
703,50,1
704,71,1
705,51,1
706,149,1
707,162,1
708,53,1
709,69,1
710,198,1
711,50,0
712,14,0
713,66,1
714,89,1
715,98,1
716,65,1
717,73,1
718,161,1
719,72,1
720,200,0
721,76,1
722,41,1
723,28,0
724,107,1
725,101,1
726,111,1
727,99,0
728,107,1
729,48,1
730,124,1
731,76,0
732,82,1
733,127,0
734,44,1
735,26,0
736,32,0
737,116,1
738,110,0
739,86,1
740,86,0
741,94,1
742,60,1
743,60,1
744,126,1
745,23,0
746,64,1
747,127,1
748,60,1
749,38,1
750,181,1
751,10,0
752,66,1
753,119,1
754,21,0
755,86,1
756,90,1
757,57,1
758,99,1
759,60,1
760,200,0
761,120,1
762,92,0
763,95,1
764,99,0
765,33,0
766,48,0
767,80,1
768,37,1
769,26,0
770,153,1
771,80,1
772,74,1
773,180,0
774,91,1
775,113,1
776,69,0
777,177,1
778,137,1
779,42,0
780,200,0
781,35,1
782,40,1
783,129,1
784,16,0
785,42,1
786,20,0
787,118,0
788,97,1
789,40,1
790,109,0
791,83,1
792,164,0
793,70,1
794,123,1
795,139,1
796,45,1
797,59,1
798,118,1
799,78,1
800,53,0
801,58,1
802,192,1
803,21,0
804,156,1
805,141,1
806,57,1
807,96,1
808,105,1
809,66,1
810,66,1
811,18,0
812,55,1
813,110,0
814,51,1
815,72,1
816,51,1
817,47,1
818,56,0
819,113,1
820,133,1
821,32,0
822,200,0
823,41,1
824,39,1
825,45,1
826,69,1
827,66,1
828,88,1
829,79,1
830,41,0
831,128,1
832,108,1
833,157,1
834,56,0
835,70,1
836,87,0
837,78,1
838,84,1
839,86,1
840,123,1
841,73,1
842,180,1
843,101,0
844,82,1
845,53,0
846,37,1
847,137,0
848,82,1
849,40,0
850,63,1
851,82,1
852,12,0
853,11,0
854,33,1
855,80,1
856,57,1
857,97,1
858,198,0
859,34,0
860,46,1
861,87,1
862,45,1
863,61,1
864,22,1
865,31,1
866,65,1
867,113,1
868,166,0
869,63,0
870,82,1
871,39,1
872,117,1
873,88,1
874,176,1
875,59,1
876,196,1
877,18,0
878,149,1
879,29,0
880,200,0
881,93,0
882,51,1
883,98,1
884,169,1
885,83,0
886,200,0
887,52,0
888,107,1
889,30,0
890,8,0
891,55,1
892,75,1
893,126,1
894,78,1
895,45,0
896,187,1
897,44,1
898,66,1
899,200,0
900,26,0
901,53,1
902,69,1
903,69,0
904,107,1
905,100,1
906,34,0
907,37,0
908,103,0
909,68,1
910,126,1
911,140,1
912,110,1
913,82,1
914,81,1
915,42,1
916,104,1
917,52,1
918,52,0
919,163,1
920,58,0
921,83,1
922,69,1
923,59,0
924,174,1
925,89,0
926,200,0
927,74,1
928,31,0
929,58,1
930,73,1
931,159,1
932,66,1
933,50,0
934,75,1
935,125,1
936,61,1
937,29,1
938,68,1
939,51,0
940,72,1
941,77,1
942,50,1
943,116,0
944,90,1
945,24,0
946,16,0
947,36,0
948,67,1
949,30,1
950,22,0
951,53,1
952,61,0
953,90,0
954,116,0
955,52,1
956,82,1
957,58,1
958,96,1
959,105,1
960,70,1
961,73,0
962,20,0
963,39,0
964,50,1
965,73,1
966,52,1
967,59,0
968,55,0
969,54,0
970,48,0
971,106,1
972,74,1
973,80,1
974,67,1
975,93,1
976,25,1
977,49,0
978,55,1
979,28,0
980,89,0
981,117,1
982,98,1
983,8,0
984,115,0
985,139,1
986,15,0
987,100,0
988,29,0
989,79,1
990,67,0
991,28,0
992,52,1
993,22,0
994,50,1
995,200,0
996,46,1
997,164,1
998,43,1
999,43,1
1000,63,1
1001,66,1
1002,81,1
1003,156,1
1004,9,0
1005,65,1
1006,162,1
1007,83,1
1008,37,1
1009,73,1
1010,140,1
1011,114,1
1012,66,0
1013,25,1
1014,111,1
1015,164,1
1016,25,0
1017,52,0
1018,53,0
1019,84,1
1020,65,0
1021,86,0
1022,46,1
1023,14,0
1024,87,0
1025,190,1
1026,55,1
1027,200,0
1028,93,0
1029,107,1
1030,179,1
1031,65,1
1032,27,1
1033,74,1
1034,98,1
1035,23,0
1036,107,1
1037,43,0
1038,141,1
1039,68,1
1040,94,0
1041,31,0
1042,134,1
1043,73,0
1044,75,1
1045,77,0
1046,72,1
1047,43,1
1048,84,1
1049,85,1
1050,39,0
1051,73,1
1052,43,1
1053,27,1
1054,64,1
1055,38,1
1056,54,1
1057,103,1
1058,78,1
1059,54,1
1060,148,1
1061,171,1
1062,30,0
1063,62,1
1064,70,1
1065,103,1
1066,200,0
1067,157,0
1068,97,1
1069,84,0
1070,97,1
1071,89,0
1072,159,1
1073,200,0
1074,9,0
1075,66,1
1076,132,1
1077,49,1
1078,44,1
1079,150,0
1080,62,1
1081,67,1
1082,51,1
1083,24,1
1084,51,0
1085,46,1
1086,71,1
1087,70,1
1088,43,0
1089,51,1
1090,26,1
1091,73,1
1092,92,1
1093,109,1
1094,46,1
1095,200,0
1096,56,0
1097,119,1
1098,101,1
1099,117,1
1100,129,1
1101,116,1
1102,66,1
1103,95,1
1104,82,1
1105,96,1
1106,14,0
1107,65,1
1108,71,1
1109,93,1
1110,36,1
1111,57,1
1112,60,1
1113,59,1
1114,32,1
1115,9,0
1116,13,0
1117,158,0
1118,134,0
1119,49,1
1120,75,1
1121,61,0
1122,125,1
1123,35,0
1124,148,1
1125,47,1
1126,40,1
1127,56,1
1128,64,1
1129,26,1
1130,105,1
1131,61,0
1132,66,0
1133,118,1
1134,73,1
1135,39,1
1136,81,1
1137,115,1
1138,79,1
1139,60,1
1140,55,1
1141,39,0
1142,57,1
1143,68,1
1144,38,1
1145,69,1
1146,47,0
1147,38,1
1148,53,1
1149,39,1
1150,60,1
1151,68,1
1152,71,1
1153,51,0
1154,26,1
1155,17,0
1156,117,1
1157,38,0
1158,41,1
1159,53,1
1160,42,1
1161,129,1
1162,111,1
1163,200,0
1164,78,1
1165,53,0
1166,89,1
1167,76,1
1168,43,1
1169,62,0
1170,66,1
1171,84,1
1172,68,0
1173,65,1
1174,72,1
1175,178,1
1176,100,1
1177,65,1
1178,114,1
1179,93,1
1180,42,1
1181,153,1
1182,24,0
1183,76,0
1184,82,1
1185,123,1
1186,123,1
1187,179,1
1188,88,1
1189,121,1
1190,50,1
1191,97,1
1192,68,1
1193,78,1
1194,175,1
1195,88,0
1196,13,0
1197,116,1
1198,168,1
1199,90,1
1200,193,0
1201,83,1
1202,155,1
1203,120,1
1204,62,0
1205,22,1
1206,178,1
1207,131,1
1208,31,0
1209,143,1
1210,60,0
1211,17,0
1212,98,1
1213,12,0
1214,138,1
1215,139,1
1216,57,1
1217,52,1
1218,108,1
1219,65,1
1220,132,1
1221,74,1
1222,164,1
1223,72,1
1224,81,1
1225,200,0
1226,94,1
1227,82,1
1228,132,1
1229,71,1
1230,69,1
1231,119,1
1232,33,1
1233,62,1
1234,85,1
1235,195,1
1236,93,1
1237,178,1
1238,57,1
1239,48,0
1240,174,1
1241,72,1
1242,132,1
1243,62,1
1244,58,0
1245,149,0
1246,75,1
1247,200,0
1248,94,1
1249,36,1
1250,113,1
1251,15,0
1252,31,0
1253,135,0
1254,67,1
1255,72,0
1256,45,0
1257,180,1
1258,68,1
1259,45,1
1260,58,1
1261,59,1
1262,78,0
1263,86,0
1264,78,1
1265,58,1
1266,134,1
1267,21,0
1268,198,1
1269,31,1
1270,57,1
1271,141,1
1272,74,1
1273,22,0
1274,125,1
1275,48,1
1276,37,1
1277,38,1
1278,61,1
1279,96,1
1280,44,1
1281,82,1
1282,33,1
1283,34,0
1284,44,1
1285,146,1
1286,149,1
1287,58,1
1288,102,1
1289,48,1
1290,85,1
1291,74,1
1292,59,1
1293,200,0
1294,72,1
1295,97,1
1296,69,1
1297,51,1
1298,199,1
1299,200,0
1300,21,0
1301,55,1
1302,200,0
1303,8,0
1304,102,1
1305,82,1
1306,114,1
1307,89,0
1308,112,1
1309,57,0
1310,71,1
1311,109,0
1312,137,1
1313,91,0
1314,45,1
1315,64,1
1316,116,0
1317,64,1
1318,194,1
1319,60,0
1320,10,0
1321,77,1
1322,77,1
1323,49,1
1324,110,1
1325,44,0
1326,62,1
1327,87,1
1328,53,1
1329,59,1
1330,80,1
1331,91,1
1332,65,1
1333,82,1
1334,77,0
1335,70,1
1336,52,0
1337,30,0
1338,83,1
1339,42,1
1340,26,0
1341,59,1
1342,80,1
1343,167,1
1344,171,1
1345,109,1
1346,111,1
1347,37,0
1348,71,1
1349,88,0
1350,56,1
1351,200,0
1352,123,1
1353,109,1
1354,85,0
1355,200,0
1356,38,1
1357,78,1
1358,132,0
1359,123,1
1360,182,1
1361,139,1
1362,85,1
1363,56,1
1364,134,1
1365,200,0
1366,67,1
1367,96,1
1368,52,1
1369,200,0
1370,170,1
1371,84,1
1372,142,1
1373,26,1
1374,55,1
1375,63,1
1376,24,0
1377,83,1
1378,58,0
1379,118,1
1380,15,0
1381,129,1
1382,57,1
1383,127,0
1384,17,0
1385,115,1
1386,169,1
1387,119,0
1388,95,1
1389,48,1
1390,139,1
1391,141,0
1392,57,1
1393,91,1
1394,156,1
1395,15,0
1396,119,1
1397,74,1
1398,40,0
1399,131,1
1400,112,1
1401,54,0
1402,103,1
1403,41,1
1404,149,1
1405,122,1
1406,106,1
1407,52,1
1408,34,0
1409,47,1
1410,17,0
1411,107,1
1412,100,1
1413,60,1
1414,54,1
1415,67,1
1416,47,1
1417,66,1
1418,14,0
1419,45,1
1420,62,0
1421,48,1
1422,80,1
1423,86,1
1424,63,1
1425,55,0
1426,45,1
1427,80,1
1428,57,1
1429,157,1
1430,112,1
1431,30,1
1432,157,1
1433,61,1
1434,45,1
1435,58,1
1436,53,1
1437,81,1
1438,61,0
1439,29,0
1440,67,1
1441,10,0
1442,87,1
1443,49,1
1444,36,1
1445,87,1
1446,51,0
1447,28,1
1448,55,0
1449,60,1
1450,124,1
1451,127,1
1452,69,1
1453,46,1
1454,200,0
1455,73,1
1456,157,0
1457,21,1
1458,66,1
1459,181,0
1460,133,1
1461,81,1
1462,41,1
1463,106,1
1464,119,1
1465,39,1
1466,58,0
1467,122,1
1468,51,1
1469,148,1
1470,65,1
1471,78,1
1472,43,1
1473,82,1
1474,38,1
1475,55,0
1476,43,1
1477,186,1
1478,96,1
1479,70,0
1480,23,0
1481,83,1
1482,89,1
1483,16,0
1484,49,1
1485,68,1
1486,79,1
1487,77,1
1488,102,1
1489,41,0
1490,64,1
1491,73,1
1492,195,1
1493,53,1
1494,42,0
1495,58,1
1496,41,1
1497,58,1
1498,137,1
1499,74,1
1500,63,1
1501,200,0
1502,75,0
1503,99,1
1504,101,1
1505,76,1
1506,120,1
1507,187,1
1508,46,0
1509,163,1
1510,179,1
1511,87,1
1512,28,1
1513,36,1
1514,139,1
1515,38,1
1516,52,1
1517,51,1
1518,99,1
1519,197,1
1520,65,1
1521,92,1
1522,87,1
1523,83,1
1524,108,1
1525,97,1
1526,59,1
1527,149,1
1528,41,1
1529,128,1
1530,74,1
1531,64,1
1532,160,0
1533,80,1
1534,39,1
1535,185,1
1536,63,0
1537,200,0
1538,45,1
1539,200,0
1540,59,1
1541,111,1
1542,88,1
1543,105,1
1544,162,1
1545,161,1
1546,118,1
1547,200,0
1548,38,1
1549,24,1
1550,135,1
1551,91,1
1552,90,1
1553,118,1
1554,48,1
1555,80,1
1556,160,1
1557,74,0
1558,85,1
1559,98,1
1560,49,1
1561,69,1
1562,99,1
1563,42,1
1564,24,0
1565,83,1
1566,148,0
1567,50,1
1568,50,1
1569,53,1
1570,98,1
1571,66,0
1572,28,1
1573,78,1
1574,69,1
1575,129,1
1576,51,0
1577,40,1
1578,174,1
1579,67,1
1580,108,1
1581,76,1
1582,42,1
1583,26,0
1584,54,1
1585,149,1
1586,41,0
1587,18,0
1588,42,1
1589,71,1
1590,81,1
1591,55,1
1592,51,0
1593,20,0
1594,63,1
1595,56,1
1596,31,1
1597,47,0
1598,49,0
1599,47,1
1600,104,1
1601,93,1
1602,35,1
1603,113,1
1604,200,0
1605,135,1
1606,87,1
1607,48,1
1608,42,1
1609,96,1
1610,191,1
1611,64,1
1612,48,1
1613,69,1
1614,40,1
1615,117,1
1616,54,1
1617,105,0
1618,50,1
1619,37,1
1620,95,1
1621,41,1
1622,84,1
1623,70,0
1624,84,1
1625,60,1
1626,52,1
1627,42,1
1628,41,1
1629,70,1
1630,127,0
1631,71,1
1632,193,1
1633,37,1
1634,142,1
1635,200,1
1636,60,1
1637,90,0
1638,51,1
1639,134,1
1640,57,1
1641,73,0
1642,41,0
1643,98,1
1644,36,1
1645,94,0
1646,89,1
1647,36,0
1648,106,1
1649,45,1
1650,79,1
1651,136,1
1652,157,1
1653,39,1
1654,116,0
1655,87,1
1656,14,0
1657,95,1
1658,67,1
1659,104,1
1660,18,0
1661,37,1
1662,43,0
1663,118,1
1664,84,1
1665,65,1
1666,53,1
1667,200,0
1668,92,1
1669,200,0
1670,195,1
1671,34,0
1672,29,1
1673,200,0
1674,39,1
1675,52,0
1676,99,1
1677,148,1
1678,80,1
1679,20,0
1680,29,0
1681,104,1
1682,98,1
1683,40,1
1684,57,1
1685,85,1
1686,65,1
1687,43,1
1688,51,1
1689,157,0
1690,121,1
1691,109,1
1692,155,1
1693,126,1
1694,74,0
1695,42,1
1696,99,1
1697,139,1
1698,49,1
1699,101,1
1700,15,0
1701,200,0
1702,102,1
1703,90,1
1704,60,1
1705,57,1
1706,20,1
1707,66,1
1708,92,1
1709,59,0
1710,107,1
1711,63,1
1712,65,1
1713,187,1
1714,56,0
1715,132,0
1716,109,0
1717,54,1
1718,59,1
1719,107,1
1720,44,1
1721,36,1
1722,75,1
1723,38,1
1724,200,0
1725,43,1
1726,42,1
1727,33,1
1728,28,1
1729,63,1
1730,59,1
1731,97,0
1732,49,1
1733,67,0
1734,148,1
1735,113,0
1736,49,1
1737,56,1
1738,87,1
1739,54,1
1740,135,1
1741,100,1
1742,200,0
1743,83,0
1744,55,0
1745,83,1
1746,69,0
1747,74,1
1748,33,1
1749,65,0
1750,200,0
1751,46,0
1752,130,1
1753,62,0
1754,28,0
1755,106,1
1756,23,0
1757,149,1
1758,111,1
1759,153,1
1760,99,1
1761,63,1
1762,140,1
1763,137,1
1764,139,1
1765,182,1
1766,101,1
1767,59,0
1768,200,1
1769,125,1
1770,51,1
1771,35,1
1772,111,1
1773,59,1
1774,115,1
1775,124,1
1776,61,1
1777,38,0
1778,57,0
1779,157,1
1780,80,0
1781,24,1
1782,98,1
1783,24,1
1784,80,1
1785,42,1
1786,129,0
1787,58,1
1788,67,1
1789,162,1
1790,86,1
1791,28,1
1792,39,0
1793,167,1
1794,38,0
1795,55,1
1796,74,1
1797,100,1
1798,200,0
1799,72,1
1800,133,1
1801,51,0
1802,147,1
1803,86,0
1804,63,1
1805,58,1
1806,56,1
1807,53,1
1808,84,1
1809,49,1
1810,144,1
1811,150,1
1812,54,1
1813,60,1
1814,61,1
1815,63,0
1816,114,1
1817,60,1
1818,113,1
1819,41,0
1820,45,1
1821,83,1
1822,49,1
1823,76,1
1824,200,0
1825,48,1
1826,31,1
1827,62,1
1828,56,1
1829,51,1
1830,63,1
1831,152,1
1832,43,1
1833,44,1
1834,125,1
1835,56,1
1836,200,0
1837,10,0
1838,63,1
1839,27,0
1840,49,1
1841,32,1
1842,97,0
1843,138,0
1844,47,1
1845,30,1
1846,69,1
1847,30,1
1848,125,1
1849,72,1
1850,35,1
1851,56,1
1852,68,1
1853,30,1
1854,69,0
1855,86,1
1856,114,1
1857,33,0
1858,61,0
1859,29,0
1860,86,1
1861,118,1
1862,86,1
1863,64,1
1864,42,1
1865,63,1
1866,37,0
1867,141,0
1868,50,0
1869,68,1
1870,106,1
1871,200,0
1872,71,1
1873,186,1
1874,34,1
1875,81,1
1876,192,1
1877,144,1
1878,91,1
1879,91,1
1880,117,1
1881,174,1
1882,108,0
1883,104,0
1884,80,1
1885,40,1
1886,41,1
1887,84,0
1888,47,1
1889,36,1
1890,33,0
1891,47,1
1892,183,1
1893,47,1
1894,68,1
1895,54,1
1896,49,1
1897,189,1
1898,52,1
1899,103,0
1900,62,1
1901,39,1
1902,95,1
1903,63,1
1904,124,1
1905,23,1
1906,61,1
1907,102,1
1908,42,1
1909,193,1
1910,11,0
1911,72,1
1912,156,0
1913,48,0
1914,136,1
1915,84,1
1916,42,1
1917,23,1
1918,146,1
1919,38,1
1920,99,1
1921,113,1
1922,175,1
1923,56,1
1924,36,1
1925,176,1
1926,100,1
1927,83,1
1928,172,1
1929,42,1
1930,46,1
1931,36,1
1932,26,0
1933,71,1
1934,31,1
1935,49,1
1936,46,1
1937,66,0
1938,38,1
1939,68,1
1940,144,1
1941,25,1
1942,51,1
1943,122,1
1944,146,1
1945,56,1
1946,39,1
1947,46,1
1948,24,0
1949,200,0
1950,46,1
1951,85,1
1952,91,1
1953,43,0
1954,76,1
1955,53,1
1956,64,1
1957,53,1
1958,55,1
1959,21,0
1960,22,1
1961,57,1
1962,82,1
1963,97,1
1964,152,1
1965,67,1
1966,73,1
1967,36,1
1968,76,1
1969,11,0
1970,76,1
1971,25,0
1972,135,1
1973,74,1
1974,151,1
1975,76,1
1976,65,1
1977,137,1
1978,111,1
1979,53,1
1980,90,1
1981,38,1
1982,98,1
1983,173,1
1984,99,1
1985,77,1
1986,39,1
1987,118,1
1988,64,1
1989,59,1
1990,39,1
1991,62,1
1992,105,1
1993,98,1
1994,56,1
1995,41,0
1996,21,0
1997,178,0
1998,59,1
1999,15,0
2000,178,1
2001,36,0
2002,39,1
2003,15,0
2004,100,1
2005,101,0
2006,66,1
2007,86,1
2008,49,1
2009,57,1
2010,91,0
2011,30,1
2012,60,1
2013,77,1
2014,57,1
2015,71,0
2016,59,1
2017,60,0
2018,62,1
2019,35,1
2020,80,1
2021,65,1
2022,64,1
2023,136,1
2024,53,1
2025,200,0
2026,92,1
2027,32,1
2028,66,1
2029,80,0
2030,44,1
2031,52,1
2032,111,1
2033,33,0
2034,112,1
2035,43,1
2036,98,1
2037,195,1
2038,61,1
2039,53,0
2040,87,1
2041,153,1
2042,115,1
2043,87,1
2044,96,1
2045,47,1
2046,146,1
2047,31,1
2048,16,0
2049,56,1
2050,139,1
2051,55,1
2052,60,1
2053,144,1
2054,95,1
2055,41,1
2056,80,1
2057,108,1
2058,28,0
2059,70,1
2060,38,0
2061,45,1
2062,61,1
2063,75,1
2064,72,1
2065,152,1
2066,200,0
2067,35,1
2068,79,1
2069,29,0
2070,107,1
2071,83,1
2072,72,1
2073,129,1
2074,40,1
2075,46,1
2076,72,1
2077,83,0
2078,50,1
2079,52,1
2080,87,0
2081,55,1
2082,102,0
2083,108,1
2084,149,1
2085,145,1
2086,114,1
2087,131,1
2088,91,1
2089,94,1
2090,44,1
2091,63,1
2092,109,1
2093,25,1
2094,200,0
2095,52,0
2096,69,0
2097,55,1
2098,120,0
2099,71,1
2100,200,0
2101,189,1
2102,98,1
2103,59,0
2104,91,1
2105,139,1
2106,49,1
2107,31,1
2108,38,0
2109,37,0
2110,60,1
2111,89,1
2112,94,1
2113,79,1
2114,78,0
2115,186,1
2116,68,0
2117,82,1
2118,50,1
2119,72,1
2120,44,1
2121,175,1
2122,99,1
2123,123,1
2124,176,1
2125,165,1
2126,44,1
2127,97,1
2128,149,1
2129,81,1
2130,200,0
2131,36,0
2132,34,0
2133,135,1
2134,90,1
2135,124,1
2136,110,1
2137,104,1
2138,71,1
2139,124,0
2140,56,1
2141,113,1
2142,99,1
2143,44,1
2144,147,1
2145,13,0
2146,62,1
2147,35,1
2148,89,1
2149,139,1
2150,200,0
2151,46,1
2152,96,1
2153,58,1
2154,95,1
2155,151,1
2156,118,1
2157,115,1
2158,84,1
2159,46,1
2160,52,0
2161,33,0
2162,106,0
2163,167,1
2164,45,1
2165,38,1
2166,90,1
2167,141,1
2168,99,1
2169,38,1
2170,64,1
2171,64,1
2172,37,0
2173,47,1
2174,105,1
2175,49,1
2176,90,1
2177,100,1
2178,32,1
2179,81,1
2180,77,1
2181,25,0
2182,62,1
2183,91,0
2184,64,0
2185,95,1
2186,110,1
2187,83,1
2188,89,1
2189,46,0
2190,93,1
2191,76,1
2192,60,1
2193,97,1
2194,124,1
2195,119,1
2196,71,1
2197,23,1
2198,68,1
2199,81,1
2200,160,1
2201,181,1
2202,47,1
2203,49,1
2204,138,1
2205,114,1
2206,77,1
2207,54,1
2208,97,0
2209,98,1
2210,52,1
2211,51,1
2212,161,1
2213,71,1
2214,43,1
2215,84,1
2216,49,1
2217,97,0
2218,92,1
2219,67,1
2220,60,1
2221,69,1
2222,96,1
2223,47,0
2224,68,1
2225,64,1
2226,39,0
2227,156,1
2228,93,1
2229,31,0
2230,28,0
2231,122,1
2232,69,0
2233,42,1
2234,59,0
2235,19,1
2236,68,1
2237,146,1
2238,97,1
2239,51,1
2240,54,1
2241,174,1
2242,200,1
2243,200,0
2244,64,1
2245,96,1
2246,54,1
2247,76,1
2248,81,1
2249,81,1
2250,173,1
2251,139,0
2252,56,0
2253,83,0
2254,45,1
2255,90,1
2256,23,1
2257,106,1
2258,32,1
2259,77,1
2260,54,1
2261,30,1
2262,144,1
2263,109,1
2264,119,1
2265,140,1
2266,67,0
2267,97,1
2268,36,1
2269,77,1
2270,92,1
2271,74,0
2272,40,0
2273,84,1
2274,40,1
2275,200,0
2276,140,1
2277,127,1
2278,48,0
2279,148,1
2280,52,1
2281,200,0
2282,88,1
2283,63,1
2284,39,1
2285,62,1
2286,38,1
2287,116,0
2288,83,1
2289,200,1
2290,181,1
2291,60,1
2292,126,0
2293,105,1
2294,97,1
2295,48,1
2296,171,1
2297,106,1
2298,87,1
2299,134,1
2300,75,1
2301,136,1
2302,95,1
2303,59,1
2304,51,1
2305,114,1
2306,164,0
2307,158,1
2308,190,1
2309,78,0
2310,200,0
2311,67,1
2312,99,1
2313,200,0
2314,77,1
2315,42,1
2316,144,0
2317,47,1
2318,91,1
2319,75,1
2320,106,1
2321,63,1
2322,77,1
2323,58,1
2324,42,1
2325,8,0
2326,67,1
2327,182,1
2328,47,1
2329,77,1
2330,161,1
2331,60,0
2332,86,1
2333,141,1
2334,14,0
2335,60,1
2336,78,1
2337,117,0
2338,93,1
2339,80,1
2340,117,1
2341,38,1
2342,200,0
2343,147,1
2344,102,1
2345,86,1
2346,127,0
2347,112,1
2348,62,1
2349,99,1
2350,38,1
2351,47,1
2352,132,1
2353,69,1
2354,164,1
2355,28,1
2356,128,1
2357,58,1
2358,63,1
2359,17,0
2360,96,1
2361,88,1
2362,134,0
2363,39,1
2364,32,1
2365,57,1
2366,40,1
2367,200,0
2368,44,1
2369,104,1
2370,81,1
2371,116,1
2372,98,1
2373,44,1
2374,127,0
2375,50,1
2376,28,1
2377,128,1
2378,194,1
2379,168,1
2380,85,1
2381,172,1
2382,68,1
2383,72,1
2384,200,0
2385,200,0
2386,110,1
2387,49,0
2388,82,1
2389,200,0
2390,67,1
2391,55,1
2392,121,1
2393,66,1
2394,129,1
2395,66,1
2396,32,0
2397,86,1
2398,72,1
2399,147,1
2400,106,1
2401,150,1
2402,79,1
2403,84,0
2404,91,1
2405,52,1
2406,30,1
2407,59,1
2408,165,1
2409,49,0
2410,76,1
2411,28,1
2412,56,1
2413,139,1
2414,42,0
2415,114,1
2416,104,1
2417,64,1
2418,91,1
2419,55,1
2420,186,1
2421,102,1
2422,69,0
2423,27,0
2424,101,0
2425,68,1
2426,141,1
2427,45,1
2428,138,1
2429,25,0
2430,59,0
2431,95,1
2432,121,0
2433,100,1
2434,70,1
2435,144,1
2436,89,0
2437,187,1
2438,144,1
2439,96,1
2440,159,1
2441,148,1
2442,62,1
2443,107,1
2444,103,1
2445,43,1
2446,10,0
2447,62,1
2448,67,1
2449,21,0
2450,29,1
2451,56,0
2452,76,1
2453,91,1
2454,128,1
2455,60,1
2456,76,1
2457,122,1
2458,152,1
2459,61,1
2460,82,1
2461,100,1
2462,67,1
2463,133,1
2464,200,0
2465,63,1
2466,66,1
2467,60,1
2468,129,1
2469,44,1
2470,113,1
2471,40,0
2472,54,1
2473,45,1
2474,70,1
2475,51,1
2476,47,1
2477,35,1
2478,38,1
2479,61,1
2480,42,1
2481,54,1
2482,165,1
2483,12,0
2484,74,1
2485,128,1
2486,40,0
2487,98,1
2488,107,0
2489,173,1
2490,195,1
2491,200,0
2492,77,1
2493,89,1
2494,95,1
2495,65,1
2496,76,1
2497,122,0
2498,110,1
2499,132,1
2500,42,1
2501,77,0
2502,48,1
2503,59,1
2504,57,1
2505,90,1
2506,51,1
2507,101,1
2508,70,0
2509,90,1
2510,152,1
2511,96,1
2512,32,1
2513,75,1
2514,34,1
2515,138,1
2516,176,1
2517,125,0
2518,50,1
2519,54,1
2520,55,1
2521,50,1
2522,79,1
2523,45,0
2524,175,1
2525,73,1
2526,86,0
2527,50,1
2528,76,1
2529,63,1
2530,76,1
2531,23,1
2532,64,1
2533,39,1
2534,64,1
2535,52,1
2536,200,0
2537,61,1
2538,74,1
2539,44,1
2540,84,1
2541,104,1
2542,125,1
2543,50,1
2544,62,1
2545,119,0
2546,80,1
2547,50,1
2548,59,1
2549,200,0
2550,74,1
2551,44,1
2552,56,1
2553,42,0
2554,39,1
2555,64,1
2556,124,1
2557,57,1
2558,87,1
2559,65,1
2560,95,1
2561,57,1
2562,19,0
2563,37,1
2564,35,1
2565,57,1
2566,135,1
2567,99,1
2568,87,1
2569,101,1
2570,91,1
2571,168,1
2572,43,1
2573,126,1
2574,53,1
2575,108,0
2576,77,0
2577,200,0
2578,117,1
2579,65,1
2580,151,1
2581,100,1
2582,103,1
2583,44,1
2584,157,1
2585,75,1
2586,39,1
2587,78,1
2588,27,1
2589,173,1
2590,126,1
2591,49,0
2592,82,1
2593,109,1
2594,73,1
2595,127,1
2596,33,1
2597,112,1
2598,58,1
2599,98,1
2600,200,0
2601,73,1
2602,22,0
2603,148,1
2604,35,1
2605,132,1
2606,47,1
2607,139,1
2608,64,0
2609,52,1
2610,77,1
2611,136,1
2612,47,1
2613,66,1
2614,82,1
2615,26,0
2616,44,1
2617,82,1
2618,63,1
2619,131,1
2620,58,1
2621,185,1
2622,23,1
2623,27,0
2624,104,1
2625,34,1
2626,99,1
2627,95,1
2628,30,1
2629,70,1
2630,25,1
2631,82,1
2632,41,1
2633,155,1
2634,57,1
2635,76,1
2636,138,1
2637,45,1
2638,52,1
2639,77,1
2640,58,1
2641,51,1
2642,40,0
2643,105,1
2644,55,1
2645,53,1
2646,91,1
2647,37,1
2648,63,1
2649,61,1
2650,89,1
2651,48,1
2652,119,1
2653,45,1
2654,21,0
2655,68,1
2656,34,1
2657,176,1
2658,27,1
2659,49,1
2660,78,0
2661,63,0
2662,88,1
2663,67,1
2664,15,0
2665,83,1
2666,47,1
2667,56,0
2668,36,1
2669,65,1
2670,55,1
2671,79,1
2672,65,1
2673,57,1
2674,34,1
2675,58,0
2676,95,1
2677,117,1
2678,36,1
2679,30,1
2680,93,0
2681,41,1
2682,49,1
2683,120,1
2684,85,1
2685,122,1
2686,50,0
2687,36,0
2688,200,0
2689,29,0
2690,92,1
2691,68,1
2692,43,1
2693,109,1
2694,101,1
2695,124,1
2696,122,1
2697,128,0
2698,102,1
2699,71,1
2700,66,1
2701,93,0
2702,58,0
2703,57,0
2704,85,0
2705,112,1
2706,64,0
2707,70,1
2708,79,1
2709,56,1
2710,107,0
2711,42,1
2712,52,0
2713,125,1
2714,68,1
2715,50,1
2716,200,0
2717,101,1
2718,105,1
2719,121,1
2720,61,1
2721,39,0
2722,47,1
2723,81,1
2724,21,0
2725,99,1
2726,144,1
2727,87,1
2728,27,0
2729,165,1
2730,31,1
2731,188,1
2732,56,0
2733,46,1
2734,42,0
2735,78,0
2736,115,1
2737,9,0
2738,19,0
2739,50,1
2740,122,1
2741,38,1
2742,72,1
2743,76,1
2744,153,1
2745,19,0
2746,154,1
2747,67,1
2748,115,1
2749,76,1
2750,78,1
2751,146,1
2752,67,1
2753,38,0
2754,120,0
2755,91,1
2756,94,1
2757,34,1
2758,92,1
2759,51,0
2760,31,1
2761,52,1
2762,75,1
2763,200,0
2764,25,1
2765,125,1
2766,74,1
2767,94,1
2768,109,1
2769,200,0
2770,61,0
2771,68,1
2772,52,1
2773,33,0
2774,96,1
2775,131,1
2776,31,1
2777,63,1
2778,45,0
2779,24,0
2780,44,1
2781,148,0
2782,43,0
2783,80,1
2784,37,0
2785,33,0
2786,54,0
2787,56,0
2788,28,0
2789,81,1
2790,78,1
2791,129,1
2792,162,1
2793,23,0
2794,88,1
2795,71,1
2796,153,1
2797,165,1
2798,95,1
2799,117,1
2800,70,1
2801,169,1
2802,56,1
2803,74,1
2804,34,0
2805,80,1
2806,63,1
2807,71,1
2808,76,1
2809,86,0
2810,116,1
2811,53,0
2812,61,1
2813,158,1
2814,90,0
2815,123,1
2816,46,1
2817,44,1
2818,68,1
2819,22,0
2820,62,1
2821,115,1
2822,153,1
2823,18,0
2824,53,1
2825,155,1
2826,46,1
2827,52,1
2828,105,1
2829,31,0
2830,109,1
2831,72,1
2832,26,0
2833,30,1
2834,82,1
2835,38,1
2836,57,1
2837,43,1
2838,200,0
2839,55,1
2840,45,1
2841,90,1
2842,148,1
2843,87,0
2844,136,1
2845,60,0
2846,151,1
2847,86,1
2848,66,1
2849,46,1
2850,94,1
2851,90,0
2852,43,1
2853,99,1
2854,47,1
2855,145,1
2856,67,1
2857,30,0
2858,66,1
2859,65,0
2860,67,1
2861,23,0
2862,145,0
2863,159,1
2864,200,0
2865,128,1
2866,49,0
2867,152,1
2868,59,1
2869,200,0
2870,33,0
2871,200,0
2872,45,1
2873,32,1
2874,50,1
2875,127,0
2876,80,1
2877,40,1
2878,90,1
2879,83,1
2880,65,1
2881,64,1
2882,102,1
2883,185,1
2884,59,1
2885,11,0
2886,71,1
2887,61,1
2888,60,1
2889,18,0
2890,63,0
2891,57,1
2892,115,1
2893,99,1
2894,54,0
2895,119,1
2896,123,1
2897,56,1
2898,87,1
2899,83,1
2900,95,1
2901,200,0
2902,71,1
2903,42,1
2904,112,1
2905,49,1
2906,21,1
2907,66,1
2908,106,1
2909,28,0
2910,95,1
2911,33,0
2912,58,1
2913,87,1
2914,155,1
2915,72,1
2916,200,0
2917,36,1
2918,90,1
2919,42,1
2920,50,1
2921,52,0
2922,107,0
2923,45,0
2924,148,1
2925,127,1
2926,110,0
2927,131,1
2928,21,0
2929,67,1
2930,94,1
2931,166,1
2932,200,0
2933,173,1
2934,51,1
2935,64,1
2936,172,0
2937,62,1
2938,141,1
2939,38,1
2940,144,1
2941,53,1
2942,26,1
2943,68,1
2944,51,1
2945,200,0
2946,145,1
2947,200,0
2948,59,0
2949,69,1
2950,161,1
2951,53,1
2952,125,1
2953,115,1
2954,131,1
2955,38,1
2956,107,1
2957,74,1
2958,69,1
2959,65,1
2960,60,1
2961,74,1
2962,31,1
2963,81,1
2964,63,1
2965,157,1
2966,61,1
2967,76,0
2968,34,1
2969,84,1
2970,74,1
2971,47,1
2972,181,1
2973,57,1
2974,91,1
2975,131,1
2976,138,1
2977,66,0
2978,61,0
2979,43,0
2980,30,0
2981,52,0
2982,125,1
2983,118,1
2984,83,0
2985,141,1
2986,25,1
2987,68,1
2988,46,1
2989,53,1
2990,139,1
2991,28,0
2992,200,0
2993,94,1
2994,200,0
2995,129,1
2996,126,1
2997,130,1
2998,200,0
2999,83,0
3000,33,1
3001,150,1
3002,51,1
3003,133,1
3004,52,1
3005,144,1
3006,20,1
3007,96,1
3008,64,1
3009,52,1
3010,53,1
3011,200,0
3012,54,1
3013,149,1
3014,39,1
3015,45,0
3016,12,0
3017,133,1
3018,99,1
3019,98,1
3020,200,0
3021,133,1
3022,100,1
3023,55,0
3024,177,1
3025,47,0
3026,91,1
3027,94,1
3028,200,0
3029,81,1
3030,27,1
3031,29,1
3032,154,1
3033,65,1
3034,58,1
3035,86,1
3036,54,1
3037,84,1
3038,66,1
3039,120,1
3040,57,1
3041,23,1
3042,75,1
3043,54,1
3044,22,0
3045,113,1
3046,42,0
3047,136,1
3048,79,1
3049,98,0
3050,81,0
3051,91,1
3052,97,0
3053,150,0
3054,111,1
3055,45,1
3056,76,1
3057,47,1
3058,105,0
3059,136,1
3060,64,1
3061,124,0
3062,29,0
3063,44,1
3064,56,1
3065,200,0
3066,31,1
3067,124,1
3068,41,1
3069,38,0
3070,62,0
3071,80,1
3072,55,0
3073,34,0
3074,15,0
3075,67,1
3076,96,1
3077,78,1
3078,107,0
3079,187,1
3080,161,1
3081,99,1
3082,54,1
3083,57,1
3084,164,1
3085,69,1
3086,76,1
3087,65,1
3088,51,1
3089,99,1
3090,55,1
3091,39,1
3092,85,1
3093,51,1
3094,50,0
3095,116,1
3096,167,1
3097,53,1
3098,26,1
3099,51,0
3100,112,1
3101,116,1
3102,30,1
3103,93,1
3104,96,0
3105,107,1
3106,74,1
3107,17,0
3108,47,1
3109,59,1
3110,79,1
3111,79,1
3112,54,0
3113,63,1
3114,95,1
3115,105,1
3116,49,1
3117,65,0
3118,57,1
3119,58,1
3120,42,1
3121,34,1
3122,86,1
3123,89,1
3124,69,1
3125,39,0
3126,63,1
3127,102,1
3128,23,1
3129,85,1
3130,62,1
3131,41,1
3132,74,1
3133,136,1
3134,28,1
3135,59,1
3136,22,0
3137,47,0
3138,66,1
3139,120,0
3140,62,1
3141,53,1
3142,33,1
3143,78,0
3144,63,1
3145,42,1
3146,31,1
3147,69,0
3148,44,0
3149,51,0
3150,95,1
3151,127,1
3152,25,1
3153,55,0
3154,32,0
3155,68,1
3156,62,1
3157,118,1
3158,68,1
3159,95,1
3160,53,1
3161,54,1
3162,86,1
3163,59,1
3164,56,0
3165,130,0
3166,32,0
3167,43,1
3168,108,1
3169,86,0
3170,69,1
3171,85,0
3172,97,1
3173,63,0
3174,195,1
3175,68,1
3176,64,1
3177,76,1
3178,53,1
3179,44,1
3180,96,0
3181,54,1
3182,27,1
3183,39,1
3184,53,1
3185,109,1
3186,106,1
3187,51,1
3188,81,1
3189,57,1
3190,140,1
3191,70,0
3192,63,1
3193,52,0
3194,49,0
3195,50,1
3196,166,1
3197,34,1
3198,47,0
3199,38,1
3200,86,1
3201,71,1
3202,24,1
3203,74,0
3204,63,1
3205,112,0
3206,101,0
3207,35,1
3208,32,1
3209,65,1
3210,31,0
3211,42,1
3212,82,1
3213,52,1
3214,91,1
3215,56,1
3216,145,0
3217,112,1
3218,72,0
3219,62,1
3220,95,1
3221,107,1
3222,116,1
3223,200,0
3224,47,1
3225,100,1
3226,57,1
3227,77,1
3228,123,1
3229,56,1
3230,77,1
3231,163,1
3232,80,1
3233,33,0
3234,75,0
3235,85,1
3236,104,1
3237,115,1
3238,33,0
3239,132,0
3240,71,1
3241,14,0
3242,66,1
3243,34,1
3244,59,1
3245,84,1
3246,125,0
3247,91,1
3248,68,1
3249,49,1
3250,100,1
3251,47,1
3252,89,1
3253,90,1
3254,64,1
3255,42,1
3256,180,1
3257,71,1
3258,73,0
3259,81,1
3260,71,0
3261,85,1
3262,30,1
3263,89,1
3264,61,1
3265,65,1
3266,111,1
3267,91,0
3268,103,0
3269,117,1
3270,142,0
3271,63,1
3272,24,1
3273,19,1
3274,34,0
3275,56,1
3276,51,0
3277,71,0
3278,94,1
3279,28,1
3280,52,1
3281,42,0
3282,59,1
3283,63,1
3284,138,1
3285,118,1
3286,139,1
3287,103,1
3288,39,1
3289,118,0
3290,79,1
3291,82,1
3292,21,0
3293,127,1
3294,200,0
3295,71,0
3296,50,1
3297,51,1
3298,84,1
3299,170,1
3300,69,1
3301,74,1
3302,54,1
3303,113,1
3304,29,1
3305,120,1
3306,33,0
3307,65,0
3308,68,0
3309,200,0
3310,53,1
3311,24,0
3312,36,1
3313,87,1
3314,81,1
3315,185,1
3316,107,1
3317,48,1
3318,185,1
3319,58,1
3320,62,1
3321,49,1
3322,71,0
3323,80,1
3324,121,1
3325,36,1
3326,39,1
3327,200,0
3328,114,1
3329,38,1
3330,115,1
3331,167,1
3332,47,1
3333,100,1
3334,173,1
3335,110,1
3336,56,1
3337,34,1
3338,48,1
3339,67,1
3340,70,1
3341,93,1
3342,98,1
3343,69,1
3344,158,1
3345,57,1
3346,139,1
3347,79,1
3348,50,1
3349,200,0
3350,153,1
3351,200,0
3352,24,1
3353,80,1
3354,100,1
3355,112,0
3356,79,1
3357,52,1
3358,73,0
3359,88,1
3360,102,1
3361,42,1
3362,64,0
3363,38,1
3364,83,1
3365,93,1
3366,56,1
3367,53,1
3368,62,1
3369,95,1
3370,72,1
3371,93,1
3372,58,1
3373,55,1
3374,82,1
3375,75,0
3376,52,1
3377,111,1
3378,200,0
3379,111,1
3380,12,0
3381,30,0
3382,26,0
3383,147,1
3384,77,1
3385,140,1
3386,90,1
3387,27,1
3388,54,1
3389,32,0
3390,67,1
3391,108,1
3392,76,1
3393,46,1
3394,67,1
3395,157,1
3396,91,1
3397,60,1
3398,99,1
3399,43,0
3400,32,1
3401,21,0
3402,137,1
3403,53,1
3404,68,1
3405,74,0
3406,72,1
3407,109,1
3408,42,1
3409,116,1
3410,47,1
3411,68,1
3412,37,1
3413,147,1
3414,33,0
3415,200,0
3416,62,1
3417,44,1
3418,109,1
3419,94,1
3420,107,1
3421,135,1
3422,58,1
3423,170,1
3424,41,1
3425,134,0
3426,96,1
3427,200,0
3428,102,1
3429,37,1
3430,46,1
3431,33,1
3432,69,1
3433,90,1
3434,80,1
3435,62,1
3436,83,1
3437,75,1
3438,58,1
3439,91,1
3440,112,1
3441,14,0
3442,45,1
3443,79,0
3444,48,1
3445,48,1
3446,65,1
3447,29,1
3448,98,1
3449,83,1
3450,99,1
3451,48,1
3452,99,1
3453,43,1
3454,171,1
3455,37,0
3456,41,0
3457,29,1
3458,74,1
3459,94,1
3460,83,1
3461,71,1
3462,71,1
3463,48,1
3464,41,1
3465,57,1
3466,114,1
3467,89,1
3468,82,1
3469,139,1
3470,101,1
3471,200,0
3472,146,1
3473,85,0
3474,171,1
3475,77,1
3476,89,1
3477,51,1
3478,56,0
3479,78,1
3480,14,0
3481,49,1
3482,79,1
3483,70,1
3484,133,1
3485,142,1
3486,102,1
3487,53,1
3488,44,1
3489,57,1
3490,73,1
3491,138,1
3492,200,0
3493,54,1
3494,66,1
3495,123,1
3496,141,1
3497,35,1
3498,138,1
3499,103,1
3500,73,1
3501,106,1
3502,50,1
3503,74,1
3504,149,1
3505,68,1
3506,122,1
3507,68,1
3508,42,1
3509,100,1
3510,75,1
3511,106,1
3512,97,1
3513,45,1
3514,97,1
3515,25,0
3516,78,1
3517,200,0
3518,141,1
3519,36,1
3520,184,0
3521,145,1
3522,153,1
3523,77,1
3524,118,1
3525,42,0
3526,113,1
3527,125,1
3528,69,0
3529,94,1
3530,54,0
3531,128,1
3532,67,1
3533,88,1
3534,49,0
3535,114,1
3536,200,0
3537,66,1
3538,101,1
3539,58,1
3540,29,1
3541,48,1
3542,63,1
3543,39,0
3544,69,1
3545,128,0
3546,75,1
3547,145,1
3548,47,1
3549,165,1
3550,70,1
3551,113,1
3552,118,1
3553,200,0
3554,35,1
3555,92,1
3556,130,1
3557,25,1
3558,159,1
3559,40,1
3560,64,1
3561,72,0
3562,138,1
3563,19,0
3564,50,1
3565,113,1
3566,50,1
3567,54,1
3568,143,1
3569,45,1
3570,200,0
3571,64,1
3572,33,1
3573,53,0
3574,31,0
3575,49,0
3576,78,0
3577,67,1
3578,41,1
3579,43,0
3580,125,1
3581,48,1
3582,75,1
3583,46,1
3584,60,0
3585,131,0
3586,66,1
3587,200,0
3588,105,1
3589,124,1
3590,33,0
3591,59,1
3592,33,0
3593,94,0
3594,38,1
3595,173,1
3596,182,1
3597,92,0
3598,177,1
3599,73,1
3600,57,1
3601,105,0
3602,81,1
3603,40,1
3604,106,1
3605,58,1
3606,44,1
3607,7,0
3608,62,1
3609,23,1
3610,47,1
3611,132,1
3612,52,1
3613,167,1
3614,35,1
3615,38,1
3616,44,1
3617,100,1
3618,102,1
3619,72,1
3620,61,0
3621,91,1
3622,120,1
3623,43,1
3624,134,1
3625,67,1
3626,104,1
3627,83,1
3628,44,1
3629,38,0
3630,24,0
3631,67,0
3632,124,1
3633,62,1
3634,101,1
3635,51,1
3636,79,1
3637,81,1
3638,48,1
3639,45,1
3640,88,1
3641,200,0
3642,58,1
3643,41,1
3644,73,1
3645,85,1
3646,39,1
3647,62,1
3648,60,1
3649,44,1
3650,100,1
3651,50,0
3652,53,1
3653,81,1
3654,26,1
3655,46,1
3656,104,1
3657,84,1
3658,67,1
3659,75,1
3660,46,1
3661,113,1
3662,86,1
3663,63,1
3664,76,1
3665,60,1
3666,71,1
3667,106,1
3668,131,1
3669,145,1
3670,53,1
3671,43,1
3672,48,1
3673,163,0
3674,75,1
3675,47,1
3676,132,1
3677,65,1
3678,121,1
3679,37,1
3680,50,1
3681,120,1
3682,63,1
3683,49,0
3684,48,1
3685,54,1
3686,149,1
3687,68,1
3688,42,1
3689,97,1
3690,53,0
3691,39,1
3692,50,1
3693,69,1
3694,59,0
3695,27,0
3696,194,1
3697,100,1
3698,100,1
3699,146,1
3700,124,1
3701,189,1
3702,36,0
3703,74,1
3704,77,1
3705,28,0
3706,69,1
3707,141,0
3708,134,1
3709,53,1
3710,29,1
3711,131,1
3712,98,0
3713,50,1
3714,109,1
3715,89,1
3716,23,1
3717,133,1
3718,107,1
3719,110,1
3720,162,1
3721,90,0
3722,102,1
3723,77,1
3724,142,0
3725,74,1
3726,98,1
3727,68,0
3728,117,1
3729,69,0
3730,88,1
3731,48,1
3732,160,1
3733,68,1
3734,65,1
3735,62,1
3736,79,1
3737,104,1
3738,171,1
3739,13,0
3740,90,1
3741,51,0
3742,64,1
3743,50,1
3744,200,0
3745,174,1
3746,20,0
3747,160,1
3748,29,1
3749,53,1
3750,89,0
3751,79,1
3752,37,1
3753,57,1
3754,117,1
3755,115,1
3756,146,1
3757,56,1
3758,67,0
3759,80,1
3760,49,0
3761,82,1
3762,79,1
3763,46,1
3764,123,1
3765,105,1
3766,98,1
3767,56,1
3768,129,1
3769,75,1
3770,72,1
3771,72,1
3772,113,1
3773,27,1
3774,107,0
3775,109,1
3776,48,0
3777,104,1
3778,49,1
3779,69,1
3780,85,1
3781,134,1
3782,181,1
3783,84,0
3784,123,1
3785,40,1
3786,60,1
3787,46,1
3788,71,1
3789,63,1
3790,66,1
3791,54,1
3792,53,1
3793,174,0
3794,49,1
3795,142,1
3796,94,1
3797,12,0
3798,87,0
3799,196,1
3800,35,1
3801,124,0
3802,37,1
3803,36,1
3804,70,1
3805,200,0
3806,139,1
3807,145,1
3808,50,1
3809,122,0
3810,57,0
3811,57,0
3812,79,1
3813,63,0
3814,116,1
3815,82,1
3816,39,1
3817,74,1
3818,105,1
3819,96,1
3820,76,0
3821,63,1
3822,99,1
3823,106,1
3824,175,1
3825,126,1
3826,140,1
3827,103,1
3828,110,1
3829,93,0
3830,70,1
3831,104,1
3832,44,0
3833,186,1
3834,93,1
3835,70,1
3836,13,0
3837,65,1
3838,181,1
3839,62,0
3840,54,1
3841,51,1
3842,43,1
3843,37,1
3844,115,1
3845,200,0
3846,122,1
3847,49,1
3848,138,1
3849,23,1
3850,171,1
3851,200,0
3852,86,1
3853,44,1
3854,118,1
3855,110,1
3856,22,1
3857,86,1
3858,129,1
3859,124,1
3860,47,1
3861,187,1
3862,22,1
3863,9,0
3864,34,1
3865,105,1
3866,76,1
3867,116,1
3868,57,0
3869,109,0
3870,124,0
3871,42,1
3872,65,1
3873,169,0
3874,170,1
3875,68,0
3876,33,1
3877,31,1
3878,109,1
3879,97,1
3880,75,1
3881,39,1
3882,49,0
3883,58,0
3884,72,1
3885,53,0
3886,67,1
3887,54,1
3888,61,1
3889,117,1
3890,70,1
3891,88,1
3892,49,1
3893,77,1
3894,50,1
3895,62,1
3896,72,1
3897,48,1
3898,15,0
3899,156,1
3900,57,1
3901,36,0
3902,68,1
3903,45,1
3904,34,1
3905,66,1
3906,75,1
3907,62,0
3908,48,0
3909,16,0
3910,200,0
3911,69,0
3912,51,1
3913,125,0
3914,25,0
3915,47,1
3916,35,0
3917,66,1
3918,27,0
3919,129,1
3920,57,1
3921,42,1
3922,154,1
3923,110,0
3924,127,1
3925,111,1
3926,101,1
3927,69,1
3928,80,1
3929,78,1
3930,124,1
3931,66,1
3932,103,1
3933,78,1
3934,50,0
3935,45,1
3936,65,1
3937,116,1
3938,31,1
3939,73,1
3940,89,1
3941,87,0
3942,200,0
3943,32,1
3944,73,1
3945,90,1
3946,76,1
3947,51,1
3948,53,1
3949,35,0
3950,48,0
3951,68,1
3952,150,1
3953,185,1
3954,68,1
3955,42,1
3956,118,1
3957,52,1
3958,200,0
3959,86,1
3960,73,1
3961,79,1
3962,127,1
3963,156,1
3964,112,1
3965,51,1
3966,55,1
3967,110,1
3968,129,1
3969,89,0
3970,93,1
3971,74,1
3972,157,1
3973,156,1
3974,55,1
3975,94,1
3976,112,1
3977,47,0
3978,71,1
3979,77,1
3980,31,0
3981,31,1
3982,200,0
3983,76,1
3984,75,1
3985,99,1
3986,86,1
3987,71,1
3988,80,1
3989,136,1
3990,116,1
3991,132,1
3992,55,1
3993,79,1
3994,44,1
3995,167,1
3996,55,1
3997,158,1
3998,41,1
3999,81,1
4000,81,1
4001,168,1
4002,47,1
4003,41,0
4004,58,1
4005,47,1
4006,44,1
4007,121,1
4008,72,1
4009,111,1
4010,141,0
4011,87,1
4012,49,1
4013,57,0
4014,147,0
4015,104,1
4016,81,1
4017,63,1
4018,75,1
4019,67,1
4020,50,1
4021,52,1
4022,50,1
4023,46,1
4024,81,1
4025,34,1
4026,108,1
4027,52,1
4028,11,0
4029,86,1
4030,97,1
4031,16,0
4032,89,1
4033,45,1
4034,185,1
4035,74,1
4036,48,0
4037,42,1
4038,14,0
4039,49,0
4040,34,1
4041,108,1
4042,60,1
4043,90,1
4044,62,1
4045,106,1
4046,78,1
4047,70,1
4048,200,0
4049,110,1
4050,38,1
4051,31,0
4052,128,1
4053,33,1
4054,24,1
4055,53,1
4056,117,1
4057,53,1
4058,42,1
4059,200,0
4060,57,1
4061,181,1
4062,152,1
4063,122,1
4064,46,1
4065,42,1
4066,72,1
4067,52,1
4068,168,1
4069,55,1
4070,61,1
4071,64,1
4072,51,0
4073,51,1
4074,98,1
4075,44,1
4076,122,1
4077,39,0
4078,96,1
4079,83,1
4080,63,1
4081,38,1
4082,114,1
4083,49,1
4084,193,0
4085,43,1
4086,47,1
4087,136,0
4088,55,1
4089,63,0
4090,71,1
4091,55,1
4092,111,1
4093,70,1
4094,169,1
4095,135,1
4096,45,1
4097,76,1
4098,138,1
4099,105,1
4100,70,1
4101,95,1
4102,59,1
4103,111,1
4104,101,1
4105,67,1
4106,149,1
4107,61,1
4108,52,0
4109,91,1
4110,105,0
4111,189,1
4112,22,0
4113,86,1
4114,82,1
4115,41,1
4116,147,1
4117,47,1
4118,141,1
4119,46,1
4120,35,1
4121,66,1
4122,131,1
4123,96,1
4124,200,0
4125,62,1
4126,108,1
4127,176,1
4128,165,1
4129,118,0
4130,120,1
4131,86,1
4132,45,1
4133,38,1
4134,48,1
4135,91,1
4136,101,1
4137,72,1
4138,200,1
4139,131,1
4140,113,1
4141,50,1
4142,98,1
4143,70,0
4144,84,1
4145,133,1
4146,117,1
4147,164,0
4148,62,1
4149,64,1
4150,73,1
4151,54,1
4152,101,1
4153,32,1
4154,69,1
4155,126,1
4156,132,1
4157,158,1
4158,17,0
4159,45,1
4160,130,1
4161,31,1
4162,66,1
4163,103,0
4164,58,1
4165,44,1
4166,97,1
4167,59,0
4168,123,1
4169,69,0
4170,119,1
4171,200,0
4172,52,1
4173,94,0
4174,29,0
4175,39,0
4176,31,1
4177,115,1
4178,80,1
4179,93,1
4180,35,1
4181,93,1
4182,36,1
4183,200,0
4184,60,1
4185,33,1
4186,34,1
4187,39,0
4188,49,1
4189,47,1
4190,50,1
4191,103,1
4192,51,0
4193,131,1
4194,71,1
4195,29,1
4196,36,1
4197,46,1
4198,86,1
4199,75,1
4200,144,1
4201,32,1
4202,94,1
4203,60,1
4204,58,1
4205,138,1
4206,51,1
4207,61,0
4208,108,1
4209,66,1
4210,186,1
4211,30,1
4212,56,0
4213,72,1
4214,70,1
4215,40,0
4216,86,1
4217,29,0
4218,81,1
4219,84,1
4220,80,1
4221,92,1
4222,47,1
4223,52,1
4224,162,1
4225,36,1
4226,47,1
4227,65,0
4228,59,1
4229,200,0
4230,50,1
4231,80,0
4232,82,1
4233,27,1
4234,67,0
4235,200,0
4236,35,1
4237,128,0
4238,40,1
4239,87,1
4240,103,1
4241,62,1
4242,77,1
4243,41,0
4244,200,0
4245,182,1
4246,177,1
4247,46,1
4248,22,1
4249,45,0
4250,19,0
4251,115,1
4252,94,1
4253,34,1
4254,61,0
4255,13,0
4256,22,0
4257,180,1
4258,100,1
4259,39,1
4260,200,0
4261,20,0
4262,43,0
4263,100,1
4264,91,1
4265,110,1
4266,164,1
4267,35,1
4268,47,1
4269,59,0
4270,35,1
4271,93,1
4272,125,1
4273,131,1
4274,173,1
4275,95,1
4276,57,0
4277,50,1
4278,100,1
4279,31,0
4280,112,1
4281,159,1
4282,23,0
4283,146,0
4284,68,1
4285,18,0
4286,200,0
4287,132,1
4288,122,1
4289,56,1
4290,74,0
4291,76,1
4292,75,1
4293,52,1
4294,74,1
4295,90,0
4296,31,0
4297,75,1
4298,38,1
4299,62,1
4300,145,1
4301,140,0
4302,35,1
4303,25,0
4304,36,1
4305,50,1
4306,132,1
4307,76,0
4308,21,0
4309,59,1
4310,69,1
4311,142,1
4312,93,1
4313,53,1
4314,92,1
4315,50,1
4316,161,1
4317,149,1
4318,63,1
4319,139,1
4320,55,1
4321,84,1
4322,63,1
4323,55,1
4324,78,1
4325,200,0
4326,94,1
4327,114,1
4328,52,1
4329,92,1
4330,107,1
4331,98,1
4332,81,1
4333,74,1
4334,33,0
4335,20,0
4336,44,1
4337,53,1
4338,36,1
4339,67,0
4340,94,1
4341,39,1
4342,98,0
4343,49,1
4344,21,1
4345,59,1
4346,42,1
4347,42,0
4348,77,1
4349,71,1
4350,42,1
4351,53,1
4352,158,1
4353,104,1
4354,68,1
4355,126,1
4356,99,1
4357,153,1
4358,77,0
4359,94,1
4360,71,1
4361,45,1
4362,130,1
4363,37,1
4364,200,0
4365,200,0
4366,99,1
4367,110,1
4368,69,1
4369,72,1
4370,94,1
4371,24,0
4372,108,1
4373,40,0
4374,64,1
4375,52,0
4376,34,1
4377,89,1
4378,132,1
4379,108,1
4380,34,0
4381,110,1
4382,154,1
4383,47,1
4384,83,1
4385,77,1
4386,41,1
4387,73,1
4388,54,1
4389,48,1
4390,124,1
4391,49,1
4392,140,1
4393,30,1
4394,51,1
4395,35,1
4396,98,1
4397,51,1
4398,57,1
4399,73,1
4400,40,1
4401,200,0
4402,105,1
4403,43,1
4404,76,1
4405,62,1
4406,101,1
4407,93,1
4408,51,0
4409,42,1
4410,200,0
4411,81,1
4412,85,1
4413,109,1
4414,43,1
4415,81,1
4416,186,1
4417,162,1
4418,71,1
4419,133,1
4420,67,1
4421,34,1
4422,73,1
4423,90,1
4424,75,1
4425,71,1
4426,60,1
4427,37,1
4428,200,0
4429,65,1
4430,32,1
4431,125,1
4432,97,1
4433,45,1
4434,200,0
4435,27,0
4436,200,0
4437,92,1
4438,83,1
4439,25,0
4440,32,1
4441,75,1
4442,102,0
4443,41,1
4444,200,0
4445,58,1
4446,87,1
4447,92,0
4448,84,1
4449,139,1
4450,56,1
4451,41,1
4452,106,1
4453,126,1
4454,200,0
4455,58,1
4456,118,1
4457,48,1
4458,78,1
4459,47,1
4460,13,0
4461,50,1
4462,44,1
4463,73,1
4464,162,1
4465,83,1
4466,133,1
4467,60,0
4468,166,1
4469,40,1
4470,120,1
4471,53,1
4472,62,1
4473,121,1
4474,104,1
4475,86,1
4476,67,0
4477,93,1
4478,46,1
4479,49,1
4480,58,1
4481,128,1
4482,200,0
4483,36,1
4484,141,1
4485,66,1
4486,121,1
4487,200,0
4488,47,0
4489,113,1
4490,67,1
4491,139,1
4492,146,1
4493,83,1
4494,95,1
4495,81,1
4496,70,0
4497,61,1
4498,65,1
4499,155,1
4500,23,1
4501,56,1
4502,89,1
4503,99,1
4504,100,1
4505,98,0
4506,99,1
4507,42,1
4508,43,1
4509,51,0
4510,69,1
4511,59,1
4512,116,1
4513,75,1
4514,64,0
4515,54,1
4516,9,0
4517,87,1
4518,76,1
4519,102,1
4520,64,1
4521,108,1
4522,66,1
4523,78,1
4524,53,1
4525,68,1
4526,92,1
4527,80,0
4528,90,0
4529,113,0
4530,108,1
4531,50,1
4532,73,1
4533,148,0
4534,70,1
4535,67,1
4536,47,1
4537,27,1
4538,53,0
4539,58,1
4540,44,0
4541,65,1
4542,77,1
4543,66,1
4544,33,1
4545,54,1
4546,104,1
4547,83,1
4548,64,1
4549,62,0
4550,36,1
4551,47,1
4552,41,1
4553,65,1
4554,33,1
4555,127,1
4556,86,1
4557,94,1
4558,83,0
4559,101,1
4560,97,1
4561,25,0
4562,109,1
4563,83,1
4564,32,0
4565,200,0
4566,166,0
4567,36,0
4568,55,1
4569,54,1
4570,26,1
4571,27,1
4572,148,1
4573,129,0
4574,37,1
4575,172,1
4576,184,1
4577,57,1
4578,156,1
4579,85,1
4580,29,1
4581,36,1
4582,155,1
4583,96,1
4584,44,1
4585,42,1
4586,48,0
4587,24,1
4588,50,1
4589,56,0
4590,126,1
4591,43,0
4592,37,1
4593,42,1
4594,200,0
4595,63,1
4596,130,1
4597,139,1
4598,70,0
4599,10,0
4600,200,0
4601,80,1
4602,104,1
4603,128,1
4604,18,0
4605,66,1
4606,72,0
4607,179,1
4608,25,1
4609,75,1
4610,78,1
4611,176,1
4612,34,0
4613,174,1
4614,74,1
4615,48,1
4616,115,1
4617,50,1
4618,47,1
4619,65,1
4620,53,1
4621,93,0
4622,48,1
4623,74,0
4624,103,1
4625,51,1
4626,30,1
4627,200,0
4628,48,0
4629,179,1
4630,113,0
4631,73,0
4632,44,1
4633,152,1
4634,23,1
4635,31,1
4636,107,0
4637,94,1
4638,77,1
4639,75,0
4640,59,1
4641,54,1
4642,90,1
4643,80,1
4644,27,0
4645,122,1
4646,102,1
4647,68,1
4648,47,1
4649,76,1
4650,86,1
4651,11,0
4652,22,0
4653,94,1
4654,14,0
4655,32,1
4656,81,1
4657,70,1
4658,112,1
4659,88,1
4660,118,0
4661,56,1
4662,90,1
4663,84,1
4664,41,1
4665,34,1
4666,57,1
4667,63,1
4668,29,0
4669,66,1
4670,38,0
4671,59,1
4672,46,0
4673,30,1
4674,66,1
4675,51,1
4676,81,1
4677,76,1
4678,57,0
4679,32,1
4680,64,0
4681,71,0
4682,86,1
4683,52,0
4684,46,1
4685,21,0
4686,123,1
4687,99,0
4688,78,0
4689,81,1
4690,73,1
4691,52,1
4692,112,1
4693,63,1
4694,26,1
4695,65,1
4696,69,0
4697,56,1
4698,26,0
4699,27,0
4700,67,1
4701,200,0
4702,57,1
4703,65,1
4704,27,1
4705,75,1
4706,76,1
4707,34,1
4708,56,0
4709,52,0
4710,40,0
4711,166,1
4712,19,0
4713,45,1
4714,200,0
4715,42,1
4716,37,1
4717,14,0
4718,31,1
4719,57,1
4720,148,1
4721,33,1
4722,43,1
4723,53,1
4724,177,1
4725,99,1
4726,200,0
4727,35,0
4728,97,1
4729,47,1
4730,79,0
4731,72,1
4732,108,0
4733,54,1
4734,35,1
4735,34,1
4736,16,0
4737,52,1
4738,14,0
4739,52,1
4740,200,0
4741,37,0
4742,160,1
4743,26,1
4744,106,1
4745,40,1
4746,104,1
4747,33,0
4748,89,1
4749,77,1
4750,112,1
4751,77,1
4752,54,0
4753,74,0
4754,87,1
4755,152,1
4756,57,1
4757,74,0
4758,26,0
4759,48,1
4760,61,0
4761,104,1
4762,59,1
4763,109,1
4764,128,1
4765,61,1
4766,58,1
4767,32,1
4768,46,1
4769,129,1
4770,200,1
4771,91,1
4772,92,1
4773,79,1
4774,108,1
4775,26,0
4776,39,1
4777,51,1
4778,39,1
4779,32,1
4780,79,1
4781,70,1
4782,49,1
4783,83,1
4784,67,1
4785,57,1
4786,98,0
4787,114,1
4788,86,1
4789,62,1
4790,45,1
4791,91,1
4792,53,1
4793,110,1
4794,47,1
4795,40,1
4796,41,1
4797,200,0
4798,105,1
4799,71,1
4800,50,1
4801,113,1
4802,73,1
4803,62,1
4804,53,1
4805,21,0
4806,86,1
4807,95,1
4808,96,1
4809,43,1
4810,79,1
4811,131,1
4812,76,1
4813,74,1
4814,80,1
4815,200,0
4816,39,0
4817,69,1
4818,160,1
4819,48,1
4820,140,1
4821,34,1
4822,53,1
4823,162,1
4824,38,1
4825,101,1
4826,60,1
4827,93,0
4828,159,1
4829,36,0
4830,90,1
4831,55,0
4832,42,1
4833,48,0
4834,34,1
4835,119,1
4836,151,1
4837,54,1
4838,78,1
4839,91,1
4840,93,1
4841,58,1
4842,103,1
4843,93,0
4844,176,1
4845,78,1
4846,28,0
4847,47,1
4848,26,0
4849,130,1
4850,51,1
4851,56,0
4852,49,1
4853,39,1
4854,36,1
4855,48,1
4856,123,1
4857,77,1
4858,45,1
4859,200,0
4860,57,0
4861,54,1
4862,63,1
4863,56,1
4864,57,1
4865,107,0
4866,77,1
4867,19,0
4868,55,0
4869,56,1
4870,38,1
4871,89,1
4872,80,1
4873,200,0
4874,188,1
4875,135,1
4876,186,1
4877,50,1
4878,40,0
4879,55,1
4880,79,0
4881,42,0
4882,40,1
4883,45,1
4884,131,1
4885,106,1
4886,58,1
4887,73,1
4888,61,1
4889,61,1
4890,92,1
4891,134,0
4892,80,1
4893,106,0
4894,72,1
4895,64,1
4896,61,1
4897,67,1
4898,19,0
4899,90,0
4900,200,1
4901,55,1
4902,62,1
4903,31,1
4904,49,1
4905,83,1
4906,61,1
4907,126,1
4908,68,1
4909,118,1
4910,46,0
4911,57,1
4912,64,0
4913,107,1
4914,121,1
4915,117,1
4916,39,1
4917,94,1
4918,110,1
4919,67,1
4920,36,1
4921,81,1
4922,36,1
4923,123,0
4924,58,0
4925,95,0
4926,120,1
4927,102,1
4928,190,1
4929,43,1
4930,71,1
4931,103,1
4932,128,1
4933,152,1
4934,84,1
4935,92,1
4936,31,1
4937,37,1
4938,39,1
4939,63,1
4940,101,1
4941,40,0
4942,43,1
4943,56,1
4944,118,1
4945,79,1
4946,59,1
4947,30,1
4948,41,0
4949,100,1
4950,43,1
4951,62,1
4952,58,1
4953,122,1
4954,33,1
4955,58,1
4956,91,1
4957,37,1
4958,52,1
4959,69,1
4960,72,0
4961,44,1
4962,56,1
4963,119,1
4964,56,1
4965,38,0
4966,39,1
4967,25,1
4968,50,1
4969,82,1
4970,104,1
4971,35,1
4972,32,0
4973,52,1
4974,61,1
4975,29,1
4976,98,1
4977,28,1
4978,90,0
4979,19,1
4980,56,1
4981,105,1
4982,33,1
4983,31,1
4984,131,1
4985,62,0
4986,90,1
4987,46,1
4988,59,1
4989,171,1
4990,61,1
4991,127,1
4992,91,1
4993,73,1
4994,31,1
4995,113,1
4996,79,1
4997,65,1
4998,200,0
4999,80,1
5000,105,1
5001,38,1
5002,79,1
5003,29,1
5004,30,1
5005,111,1
5006,64,0
5007,167,1
5008,38,1
5009,200,0
5010,32,0
5011,57,1
5012,61,1
5013,33,1
5014,134,1
5015,129,1
5016,168,1
5017,41,1
5018,39,1
5019,62,1
5020,178,0
5021,86,1
5022,184,1
5023,45,1
5024,200,0
5025,48,1
5026,113,1
5027,61,1
5028,21,0
5029,43,1
5030,200,0
5031,79,1
5032,101,1
5033,127,1
5034,118,1
5035,46,1
5036,83,1
5037,53,1
5038,48,1
5039,70,1
5040,88,1
5041,145,1
5042,55,1
5043,130,1
5044,92,1
5045,49,1
5046,20,0
5047,117,1
5048,70,1
5049,49,0
5050,23,1
5051,79,0
5052,80,1
5053,94,1
5054,46,1
5055,84,1
5056,122,1
5057,97,0
5058,62,1
5059,67,1
5060,45,1
5061,76,1
5062,28,0
5063,24,0
5064,119,1
5065,81,1
5066,62,0
5067,197,1
5068,61,1
5069,44,0
5070,108,1
5071,104,1
5072,66,1
5073,37,0
5074,58,0
5075,101,1
5076,52,1
5077,43,1
5078,58,1
5079,58,1
5080,55,1
5081,79,1
5082,121,1
5083,91,1
5084,56,1
5085,63,1
5086,42,1
5087,182,1
5088,57,1
5089,46,1
5090,200,0
5091,64,1
5092,200,0
5093,132,1
5094,143,1
5095,66,1
5096,127,1
5097,27,1
5098,98,1
5099,28,1
5100,90,1
5101,198,1
5102,88,1
5103,95,1
5104,46,1
5105,55,0
5106,75,1
5107,148,1
5108,63,0
5109,111,1
5110,105,1
5111,56,1
5112,42,1
5113,37,1
5114,76,1
5115,66,1
5116,129,1
5117,116,1
5118,71,0
5119,69,1
5120,92,1
5121,200,0
5122,126,1
5123,163,1
5124,199,1
5125,35,1
5126,54,1
5127,67,1
5128,81,1
5129,79,1
5130,95,1
5131,66,1
5132,69,1
5133,62,1
5134,159,1
5135,106,0
5136,60,1
5137,144,1
5138,200,0
5139,84,1
5140,142,1
5141,46,1
5142,50,1
5143,108,1
5144,98,1
5145,200,0
5146,24,0
5147,85,1
5148,121,1
5149,65,1
5150,58,0
5151,56,1
5152,200,0
5153,113,1
5154,72,0
5155,73,1
5156,51,1
5157,33,1
5158,34,0
5159,52,1
5160,121,1
5161,92,1
5162,80,0
5163,18,0
5164,74,1
5165,200,0
5166,60,1
5167,106,1
5168,48,1
5169,82,1
5170,140,1
5171,53,1
5172,71,1
5173,83,1
5174,130,1
5175,42,0
5176,60,1
5177,70,1
5178,13,0
5179,54,1
5180,60,1
5181,98,1
5182,56,1
5183,76,0
5184,101,1
5185,154,1
5186,92,1
5187,45,1
5188,118,1
5189,73,1
5190,167,1
5191,61,1
5192,54,1
5193,67,1
5194,36,1
5195,24,1
5196,172,1
5197,138,0
5198,76,1
5199,59,1
5200,39,1
5201,32,0
5202,140,1
5203,105,1
5204,116,1
5205,81,1
5206,75,1
5207,36,1
5208,98,1
5209,97,1
5210,179,1
5211,61,1
5212,80,1
5213,39,1
5214,89,1
5215,137,1
5216,90,1
5217,44,1
5218,51,1
5219,47,1
5220,89,1
5221,139,1
5222,137,1
5223,180,1
5224,24,1
5225,111,1
5226,46,1
5227,23,1
5228,78,1
5229,59,1
5230,121,1
5231,70,1
5232,200,0
5233,44,0
5234,9,0
5235,51,1
5236,97,1
5237,89,1
5238,35,0
5239,66,1
5240,17,0
5241,28,1
5242,40,1
5243,30,1
5244,70,0
5245,38,1
5246,56,1
5247,55,1
5248,53,1
5249,40,1
5250,120,1
5251,77,1
5252,89,1
5253,166,1
5254,180,1
5255,132,1
5256,89,1
5257,45,0
5258,32,1
5259,104,1
5260,82,1
5261,43,1
5262,70,1
5263,92,1
5264,79,1
5265,51,1
5266,47,0
5267,22,0
5268,147,1
5269,200,0
5270,46,1
5271,17,0
5272,38,1
5273,192,1
5274,56,1
5275,44,1
5276,50,1
5277,58,1
5278,71,1
5279,200,0
5280,47,1
5281,124,1
5282,105,1
5283,103,1
5284,93,1
5285,77,1
5286,106,1
5287,68,1
5288,142,1
5289,147,1
5290,115,1
5291,198,0
5292,35,0
5293,122,1
5294,47,1
5295,200,0
5296,35,1
5297,123,1
5298,55,1
5299,52,1
5300,56,1
5301,63,1
5302,46,1
5303,78,1
5304,129,1
5305,91,1
5306,48,1
5307,101,1
5308,61,1
5309,88,1
5310,44,1
5311,123,1
5312,126,0
5313,157,1
5314,61,1
5315,190,1
5316,27,0
5317,50,1
5318,44,1
5319,75,1
5320,41,0
5321,64,1
5322,41,1
5323,25,1
5324,96,1
5325,200,0
5326,65,1
5327,47,1
5328,178,1
5329,82,1
5330,96,0
5331,11,0
5332,85,1
5333,78,1
5334,175,1
5335,44,1
5336,139,1
5337,92,1
5338,82,1
5339,51,1
5340,92,1
5341,38,1
5342,17,0
5343,131,1
5344,106,1
5345,160,1
5346,195,1
5347,19,0
5348,70,1
5349,41,1
5350,71,1
5351,40,1
5352,69,1
5353,28,0
5354,104,1
5355,177,1
5356,49,1
5357,105,1
5358,60,1
5359,55,1
5360,34,1
5361,97,0
5362,45,0
5363,97,1
5364,90,1
5365,44,1
5366,38,0
5367,57,1
5368,17,0
5369,87,1
5370,38,1
5371,56,0
5372,59,1
5373,119,1
5374,144,0
5375,59,1
5376,41,1
5377,38,1
5378,113,1
5379,59,1
5380,46,1
5381,31,1
5382,67,0
5383,53,1
5384,87,0
5385,126,1
5386,61,1
5387,107,1
5388,190,1
5389,49,1
5390,81,1
5391,75,1
5392,29,0
5393,105,1
5394,40,1
5395,75,1
5396,48,0
5397,96,1
5398,53,1
5399,69,1
5400,50,1
5401,36,1
5402,194,1
5403,130,1
5404,39,1
5405,126,1
5406,63,1
5407,51,1
5408,95,1
5409,80,1
5410,64,1
5411,35,1
5412,90,1
5413,72,1
5414,75,1
5415,127,1
5416,45,1
5417,28,0
5418,28,1
5419,65,1
5420,97,1
5421,101,1
5422,200,0
5423,48,1
5424,64,1
5425,92,1
5426,188,1
5427,49,1
5428,175,1
5429,129,1
5430,100,1
5431,104,0
5432,133,0
5433,84,1
5434,58,1
5435,61,1
5436,107,1
5437,63,1
5438,35,1
5439,73,1
5440,109,1
5441,64,1
5442,98,0
5443,45,1
5444,48,1
5445,18,0
5446,190,0
5447,81,1
5448,73,1
5449,186,1
5450,49,1
5451,55,1
5452,49,1
5453,26,1
5454,107,1
5455,104,1
5456,52,1
5457,168,1
5458,82,1
5459,37,1
5460,73,1
5461,72,1
5462,66,1
5463,159,1
5464,75,1
5465,121,1
5466,59,1
5467,44,1
5468,57,0
5469,19,1
5470,94,1
5471,71,1
5472,34,1
5473,46,1
5474,43,1
5475,98,1
5476,106,1
5477,15,0
5478,153,0
5479,31,0
5480,47,0
5481,77,1
5482,63,1
5483,71,1
5484,26,1
5485,57,1
5486,79,1
5487,78,0
5488,19,0
5489,57,1
5490,93,1
5491,122,1
5492,97,1
5493,61,1
5494,84,1
5495,48,1
5496,73,0
5497,94,1
5498,31,1
5499,71,1
5500,51,1
5501,200,0
5502,75,1
5503,84,1
5504,88,1
5505,60,1
5506,84,1
5507,61,1
5508,81,1
5509,59,1
5510,110,1
5511,9,0
5512,30,0
5513,44,1
5514,76,1
5515,26,0
5516,41,1
5517,56,1
5518,106,1
5519,96,1
5520,138,1
5521,97,1
5522,119,1
5523,30,1
5524,121,1
5525,55,1
5526,51,1
5527,70,1
5528,24,0
5529,85,1
5530,73,0
5531,83,1
5532,63,1
5533,106,1
5534,27,0
5535,32,0
5536,105,1
5537,56,1
5538,176,1
5539,66,1
5540,46,0
5541,25,0
5542,61,1
5543,44,0
5544,152,1
5545,134,1
5546,76,1
5547,81,1
5548,59,0
5549,89,1
5550,121,1
5551,29,1
5552,160,1
5553,60,1
5554,53,1
5555,114,1
5556,110,1
5557,177,1
5558,78,1
5559,134,1
5560,65,0
5561,172,1
5562,109,1
5563,57,1
5564,61,1
5565,88,1
5566,83,0
5567,144,1
5568,143,1
5569,37,0
5570,89,1
5571,112,1
5572,102,1
5573,78,1
5574,42,1
5575,47,1
5576,117,1
5577,40,1
5578,50,1
5579,82,1
5580,41,0
5581,49,1
5582,55,1
5583,40,1
5584,42,1
5585,124,1
5586,127,1
5587,50,1
5588,68,1
5589,117,1
5590,134,1
5591,124,1
5592,27,1
5593,114,1
5594,83,1
5595,45,1
5596,200,0
5597,43,1
5598,60,1
5599,48,1
5600,69,1
5601,60,1
5602,88,1
5603,75,0
5604,85,1
5605,88,0
5606,77,1
5607,85,0
5608,84,1
5609,147,0
5610,76,1
5611,117,1
5612,37,1
5613,21,0
5614,36,1
5615,31,1
5616,131,1
5617,95,1
5618,171,0
5619,147,0
5620,73,1
5621,79,1
5622,113,1
5623,42,1
5624,43,1
5625,156,1
5626,62,1
5627,169,0
5628,27,1
5629,43,1
5630,62,1
5631,109,1
5632,77,1
5633,69,1
5634,59,1
5635,138,1
5636,81,1
5637,200,0
5638,69,1
5639,59,1
5640,94,1
5641,136,1
5642,77,1
5643,45,1
5644,32,1
5645,84,1
5646,47,1
5647,64,1
5648,43,1
5649,52,1
5650,48,1
5651,89,1
5652,112,1
5653,83,1
5654,28,1
5655,119,1
5656,54,0
5657,47,1
5658,93,0
5659,52,1
5660,62,1
5661,140,1
5662,88,0
5663,28,0
5664,127,1
5665,20,0
5666,44,1
5667,91,0
5668,62,1
5669,113,1
5670,144,1
5671,103,1
5672,45,0
5673,73,1
5674,69,1
5675,98,1
5676,106,1
5677,47,0
5678,143,1
5679,80,1
5680,82,1
5681,46,0
5682,90,1
5683,79,1
5684,92,1
5685,121,1
5686,57,1
5687,104,1
5688,62,1
5689,60,1
5690,56,1
5691,39,1
5692,85,1
5693,44,1
5694,88,1
5695,41,1
5696,41,1
5697,200,0
5698,152,1
5699,40,1
5700,157,1
5701,200,0
5702,84,1
5703,25,0
5704,160,1
5705,35,1
5706,55,1
5707,116,0
5708,63,1
5709,45,1
5710,103,1
5711,58,1
5712,133,1
5713,43,1
5714,137,1
5715,79,1
5716,40,0
5717,181,1
5718,46,1
5719,45,1
5720,84,1
5721,20,0
5722,128,1
5723,21,0
5724,50,1
5725,84,1
5726,50,1
5727,200,0
5728,110,1
5729,146,1
5730,124,1
5731,57,1
5732,92,1
5733,84,1
5734,86,1
5735,69,1
5736,123,1
5737,107,1
5738,18,0
5739,65,1
5740,54,1
5741,103,1
5742,78,1
5743,92,1
5744,105,1
5745,117,1
5746,30,1
5747,107,1
5748,49,1
5749,54,1
5750,110,1
5751,55,1
5752,98,1
5753,55,1
5754,41,1
5755,49,1
5756,100,0
5757,104,1
5758,60,1
5759,129,1
5760,39,1
5761,157,1
5762,58,1
5763,200,0
5764,35,0
5765,35,1
5766,91,0
5767,107,1
5768,70,1
5769,43,1
5770,111,1
5771,197,0
5772,135,1
5773,46,1
5774,104,1
5775,36,0
5776,62,1
5777,24,0
5778,105,1
5779,165,1
5780,35,1
5781,54,1
5782,14,0
5783,48,1
5784,45,1
5785,20,0
5786,156,1
5787,55,1
5788,166,1
5789,96,1
5790,31,1
5791,25,1
5792,88,1
5793,76,1
5794,92,1
5795,64,1
5796,114,1
5797,46,1
5798,140,1
5799,95,1
5800,160,1
5801,90,1
5802,163,1
5803,59,1
5804,81,1
5805,45,1
5806,52,1
5807,200,0
5808,46,1
5809,200,0
5810,107,1
5811,43,0
5812,85,1
5813,40,1
5814,135,1
5815,200,0
5816,74,1
5817,52,1
5818,50,1
5819,61,1
5820,53,0
5821,45,1
5822,76,1
5823,73,1
5824,26,1
5825,68,1
5826,40,1
5827,108,1
5828,101,1
5829,83,1
5830,80,0
5831,37,1
5832,67,1
5833,85,1
5834,68,1
5835,86,0
5836,162,1
5837,77,1
5838,40,0
5839,36,0
5840,81,1
5841,46,1
5842,60,1
5843,166,1
5844,71,0
5845,93,1
5846,74,1
5847,48,1
5848,98,1
5849,37,0
5850,64,0
5851,64,1
5852,21,0
5853,69,0
5854,24,0
5855,89,1
5856,54,1
5857,41,1
5858,31,0
5859,80,1
5860,59,1
5861,107,1
5862,167,1
5863,157,1
5864,52,1
5865,27,1
5866,35,1
5867,70,1
5868,121,0
5869,49,1
5870,52,1
5871,200,0
5872,100,1
5873,194,1
5874,83,0
5875,150,1
5876,200,0
5877,11,0
5878,28,1
5879,135,0
5880,161,1
5881,13,0
5882,68,1
5883,49,1
5884,47,1
5885,63,0
5886,54,1
5887,63,1
5888,161,1
5889,35,1
5890,173,1
5891,133,1
5892,200,0
5893,176,1
5894,94,1
5895,81,1
5896,64,1
5897,28,0
5898,170,1
5899,50,1
5900,70,1
5901,95,1
5902,34,0
5903,62,1
5904,103,1
5905,138,1
5906,84,1
5907,79,0
5908,90,1
5909,73,0
5910,78,1
5911,69,1
5912,72,1
5913,200,0
5914,43,1
5915,72,1
5916,37,1
5917,55,1
5918,105,1
5919,32,0
5920,65,1
5921,101,1
5922,148,1
5923,132,1
5924,104,1
5925,75,1
5926,80,1
5927,75,1
5928,45,1
5929,20,0
5930,63,1
5931,75,1
5932,108,1
5933,49,0
5934,70,1
5935,192,1
5936,100,1
5937,71,1
5938,82,1
5939,58,1
5940,80,1
5941,72,1
5942,58,1
5943,110,1
5944,200,0
5945,86,1
5946,57,1
5947,177,1
5948,80,0
5949,30,1
5950,93,0
5951,78,1
5952,27,0
5953,72,1
5954,14,0
5955,45,0
5956,42,0
5957,87,1
5958,103,1
5959,75,0
5960,77,1
5961,57,1
5962,64,0
5963,76,1
5964,54,1
5965,25,1
5966,141,1
5967,52,1
5968,61,1
5969,56,1
5970,93,1
5971,137,1
5972,69,1
5973,50,1
5974,54,1
5975,71,1
5976,40,0
5977,115,1
5978,42,1
5979,68,1
5980,180,1
5981,176,1
5982,61,1
5983,62,0
5984,56,1
5985,200,0
5986,33,1
5987,42,1
5988,94,1
5989,79,1
5990,74,1
5991,147,1
5992,32,1
5993,14,0
5994,111,1
5995,63,1
5996,73,1
5997,55,1
5998,39,0
5999,39,1
6000,34,1
6001,78,1
6002,39,1
6003,45,1
6004,117,1
6005,158,1
6006,43,1
6007,57,1
6008,103,0
6009,44,1
6010,68,1
6011,66,1
6012,109,1
6013,39,0
6014,107,1
6015,50,1
6016,200,0
6017,41,1
6018,70,1
6019,122,1
6020,137,1
6021,44,0
6022,148,1
6023,23,1
6024,54,1
6025,67,1
6026,63,1
6027,54,1
6028,48,1
6029,154,1
6030,50,1
6031,149,1
6032,22,0
6033,200,0
6034,52,1
6035,84,1
6036,52,1
6037,45,1
6038,38,1
6039,62,1
6040,57,1
6041,85,1
6042,134,1
6043,95,0
6044,39,1
6045,67,1
6046,86,1
6047,137,0
6048,31,1
6049,78,1
6050,79,0
6051,66,1
6052,66,1
6053,38,0
6054,65,0
6055,62,0
6056,193,1
6057,68,1
6058,65,1
6059,49,1
6060,46,0
6061,51,1
6062,70,1
6063,16,0
6064,50,0
6065,61,0
6066,37,0
6067,56,1
6068,111,1
6069,119,1
6070,81,0
6071,135,1
6072,135,1
6073,150,1
6074,28,0
6075,41,1
6076,40,1
6077,23,0
6078,100,1
6079,165,1
6080,43,1
6081,47,1
6082,97,1
6083,52,0
6084,44,1
6085,18,0
6086,72,1
6087,69,1
6088,69,1
6089,66,1
6090,51,0
6091,129,1
6092,64,1
6093,25,0
6094,121,1
6095,46,1
6096,48,1
6097,114,0
6098,47,1
6099,45,1
6100,42,1
6101,67,1
6102,94,0
6103,42,1
6104,62,1
6105,127,1
6106,83,1
6107,125,1
6108,72,1
6109,81,1
6110,83,1
6111,61,1
6112,115,1
6113,133,1
6114,200,0
6115,56,0
6116,49,0
6117,153,0
6118,57,1
6119,81,1
6120,99,1
6121,42,1
6122,100,1
6123,58,0
6124,35,0
6125,24,0
6126,38,1
6127,138,1
6128,200,0
6129,33,1
6130,134,1
6131,200,0
6132,81,1
6133,102,1
6134,55,1
6135,107,1
6136,90,1
6137,56,1
6138,77,1
6139,65,1
6140,107,1
6141,97,1
6142,106,1
6143,118,1
6144,145,1
6145,87,0
6146,88,1
6147,39,1
6148,24,1
6149,104,1
6150,124,1
6151,57,1
6152,193,1
6153,146,1
6154,157,1
6155,53,0
6156,136,1
6157,76,1
6158,131,1
6159,56,1
6160,71,1
6161,106,1
6162,72,1
6163,106,1
6164,54,1
6165,73,1
6166,93,1
6167,65,1
6168,44,1
6169,69,1
6170,31,1
6171,51,1
6172,110,1
6173,200,0
6174,121,1
6175,92,1
6176,52,1
6177,58,1
6178,77,1
6179,68,1
6180,74,1
6181,126,1
6182,102,1
6183,69,1
6184,51,0
6185,89,1
6186,75,0
6187,137,1
6188,56,1
6189,73,1
6190,86,1
6191,50,0
6192,66,1
6193,31,1
6194,58,1
6195,71,1
6196,30,0
6197,31,1
6198,47,1
6199,110,1
6200,56,1
6201,59,1
6202,30,1
6203,36,1
6204,73,1
6205,66,1
6206,103,1
6207,87,1
6208,78,1
6209,67,1
6210,38,0
6211,145,1
6212,72,1
6213,75,1
6214,85,1
6215,49,1
6216,40,1
6217,63,1
6218,137,1
6219,47,1
6220,83,1
6221,102,1
6222,80,1
6223,29,1
6224,68,1
6225,147,1
6226,97,1
6227,71,1
6228,94,1
6229,65,0
6230,155,1
6231,21,1
6232,35,1
6233,139,1
6234,87,1
6235,42,1
6236,33,1
6237,50,1
6238,124,0
6239,13,0
6240,164,0
6241,59,1
6242,127,1
6243,119,1
6244,47,0
6245,107,1
6246,56,0
6247,65,1
6248,60,1
6249,22,0
6250,88,1
6251,91,1
6252,52,1
6253,16,0
6254,41,1
6255,194,0
6256,25,1
6257,44,1
6258,55,1
6259,114,1
6260,29,0
6261,109,1
6262,114,1
6263,55,1
6264,40,1
6265,43,0
6266,58,1
6267,42,1
6268,30,1
6269,174,1
6270,32,1
6271,127,1
6272,94,1
6273,56,1
6274,74,1
6275,89,1
6276,81,1
6277,37,0
6278,72,1
6279,134,1
6280,57,1
6281,67,1
6282,66,0
6283,133,1
6284,71,1
6285,200,0
6286,67,1
6287,44,1
6288,88,1
6289,31,1
6290,68,1
6291,46,1
6292,95,1
6293,36,1
6294,75,1
6295,142,1
6296,28,1
6297,25,1
6298,106,1
6299,56,1
6300,39,1
6301,39,1
6302,39,1
6303,53,1
6304,50,1
6305,89,1
6306,190,1
6307,64,1
6308,58,0
6309,38,1
6310,84,1
6311,63,1
6312,33,1
6313,46,1
6314,31,1
6315,77,1
6316,77,1
6317,72,1
6318,83,1
6319,160,1
6320,69,1
6321,58,1
6322,33,1
6323,132,1
6324,93,1
6325,164,1
6326,131,1
6327,45,1
6328,200,0
6329,92,1
6330,38,0
6331,12,0
6332,39,0
6333,74,1
6334,84,1
6335,48,1
6336,35,0
6337,36,1
6338,141,1
6339,36,1
6340,39,1
6341,69,1
6342,73,1
6343,94,0
6344,61,1
6345,50,1
6346,37,1
6347,175,1
6348,67,1
6349,51,1
6350,49,1
6351,134,1
6352,58,1
6353,69,1
6354,52,1
6355,101,1
6356,36,1
6357,65,1
6358,37,1
6359,32,1
6360,80,1
6361,104,1
6362,54,1
6363,86,1
6364,21,1
6365,54,0
6366,30,1
6367,96,1
6368,95,1
6369,28,1
6370,63,1
6371,125,0
6372,44,1
6373,31,0
6374,58,1
6375,47,1
6376,107,1
6377,35,0
6378,184,1
6379,149,1
6380,69,1
6381,97,1
6382,104,1
6383,100,1
6384,38,1
6385,30,1
6386,38,0
6387,37,1
6388,134,1
6389,140,0
6390,127,1
6391,88,1
6392,99,1
6393,58,1
6394,197,1
6395,57,1
6396,82,1
6397,69,1
6398,47,1
6399,42,1
6400,54,1
6401,30,1
6402,56,1
6403,91,1
6404,41,1
6405,46,1
6406,48,1
6407,15,0
6408,42,0
6409,83,1
6410,72,0
6411,56,1
6412,43,1
6413,80,1
6414,119,1
6415,122,1
6416,103,1
6417,35,0
6418,73,1
6419,86,1
6420,109,1
6421,129,1
6422,85,1
6423,58,1
6424,87,0
6425,121,1
6426,84,1
6427,35,1
6428,27,1
6429,66,1
6430,77,1
6431,98,1
6432,68,1
6433,75,1
6434,21,0
6435,57,1
6436,91,1
6437,58,1
6438,122,1
6439,48,0
6440,62,1
6441,117,1
6442,126,0
6443,112,1
6444,71,1
6445,75,1
6446,104,1
6447,76,1
6448,62,1
6449,107,1
6450,106,1
6451,81,1
6452,59,1
6453,143,1
6454,71,1
6455,70,0
6456,90,0
6457,60,1
6458,43,1
6459,87,1
6460,28,0
6461,71,1
6462,42,0
6463,63,1
6464,29,1
6465,66,1
6466,66,1
6467,57,1
6468,114,1
6469,49,1
6470,142,1
6471,94,1
6472,128,0
6473,200,0
6474,49,1
6475,34,1
6476,81,1
6477,78,1
6478,200,0
6479,71,1
6480,45,1
6481,75,1
6482,57,1
6483,45,1
6484,86,1
6485,102,1
6486,81,1
6487,72,1
6488,50,0
6489,40,1
6490,33,0
6491,76,1
6492,48,1
6493,66,1
6494,35,1
6495,170,1
6496,54,1
6497,51,0
6498,98,1
6499,119,1
6500,53,0
6501,65,1
6502,23,1
6503,71,1
6504,200,0
6505,54,0
6506,115,1
6507,81,1
6508,108,1
6509,50,1
6510,176,1
6511,74,1
6512,72,1
6513,31,1
6514,101,1
6515,102,1
6516,150,1
6517,82,1
6518,50,0
6519,73,1
6520,45,0
6521,169,1
6522,47,1
6523,92,1
6524,88,1
6525,30,1
6526,131,1
6527,55,1
6528,63,1
6529,39,0
6530,111,1
6531,80,1
6532,104,0
6533,103,1
6534,70,1
6535,155,1
6536,124,1
6537,74,1
6538,139,0
6539,132,1
6540,34,0
6541,24,0
6542,69,1
6543,73,1
6544,200,0
6545,36,1
6546,59,0
6547,68,1
6548,90,1
6549,62,1
6550,21,0
6551,28,0
6552,58,1
6553,38,1
6554,45,0
6555,57,1
6556,137,0
6557,94,1
6558,85,1
6559,106,1
6560,73,1
6561,60,0
6562,83,1
6563,109,1
6564,131,1
6565,101,1
6566,44,1
6567,81,1
6568,55,1
6569,200,0
6570,90,0
6571,48,0
6572,136,1
6573,37,0
6574,110,1
6575,16,0
6576,76,1
6577,106,1
6578,28,0
6579,32,1
6580,150,1
6581,73,1
6582,46,1
6583,52,1
6584,132,1
6585,60,1
6586,103,1
6587,55,1
6588,108,1
6589,42,1
6590,47,0
6591,40,1
6592,98,1
6593,111,1
6594,48,1
6595,116,1
6596,58,1
6597,79,1
6598,82,1
6599,51,1
6600,67,1
6601,53,1
6602,78,1
6603,65,1
6604,109,1
6605,87,1
6606,108,1
6607,157,1
6608,34,0
6609,109,1
6610,137,1
6611,158,1
6612,33,1
6613,24,1
6614,154,1
6615,156,1
6616,55,1
6617,40,1
6618,69,1
6619,51,1
6620,43,1
6621,100,1
6622,79,0
6623,48,1
6624,30,1
6625,116,1
6626,106,1
6627,42,1
6628,81,1
6629,92,1
6630,113,1
6631,101,1
6632,90,1
6633,18,0
6634,95,1
6635,47,1
6636,80,1
6637,91,1
6638,49,1
6639,52,1
6640,41,1
6641,27,0
6642,36,0
6643,62,1
6644,31,1
6645,158,1
6646,105,1
6647,26,1
6648,119,1
6649,140,1
6650,96,1
6651,77,1
6652,106,1
6653,84,1
6654,53,1
6655,134,1
6656,36,0
6657,65,1
6658,41,0
6659,52,0
6660,54,1
6661,200,0
6662,66,1
6663,110,1
6664,73,1
6665,196,1
6666,72,1
6667,46,1
6668,44,1
6669,49,1
6670,129,1
6671,67,1
6672,168,0
6673,118,1
6674,126,1
6675,20,0
6676,52,0
6677,34,0
6678,65,1
6679,38,0
6680,54,1
6681,68,1
6682,43,1
6683,168,1
6684,200,0
6685,200,0
6686,131,1
6687,140,1
6688,59,1
6689,93,1
6690,40,1
6691,19,0
6692,200,0
6693,200,0
6694,100,0
6695,55,1
6696,44,1
6697,97,1
6698,82,1
6699,92,1
6700,200,0
6701,200,0
6702,182,1
6703,88,1
6704,83,1
6705,42,1
6706,47,1
6707,124,1
6708,33,1
6709,73,1
6710,100,1
6711,110,1
6712,171,0
6713,25,0
6714,99,1
6715,73,1
6716,80,1
6717,35,1
6718,39,0
6719,109,1
6720,39,1
6721,98,1
6722,38,1
6723,73,1
6724,24,1
6725,75,1
6726,59,0
6727,188,1
6728,133,1
6729,61,0
6730,188,1
6731,180,1
6732,104,1
6733,82,1
6734,132,0
6735,17,0
6736,149,1
6737,78,1
6738,67,1
6739,40,0
6740,66,1
6741,33,1
6742,70,1
6743,155,1
6744,150,1
6745,44,1
6746,29,1
6747,100,1
6748,60,1
6749,15,0
6750,72,1
6751,200,0
6752,63,1
6753,64,1
6754,88,1
6755,101,1
6756,72,1
6757,72,1
6758,100,1
6759,101,1
6760,55,1
6761,44,0
6762,39,1
6763,68,1
6764,44,1
6765,147,1
6766,122,1
6767,70,0
6768,161,1
6769,83,0
6770,51,1
6771,61,1
6772,54,1
6773,66,1
6774,79,1
6775,21,0
6776,52,1
6777,40,0
6778,52,1
6779,70,0
6780,49,1
6781,81,1
6782,47,1
6783,83,0
6784,54,1
6785,30,1
6786,101,1
6787,59,1
6788,83,0
6789,29,1
6790,28,0
6791,62,0
6792,55,1
6793,10,0
6794,83,0
6795,51,1
6796,200,0
6797,200,0
6798,63,1
6799,26,1
6800,61,1
6801,42,1
6802,127,1
6803,67,1
6804,65,1
6805,53,0
6806,53,1
6807,200,0
6808,33,1
6809,149,1
6810,119,0
6811,46,1
6812,142,1
6813,89,1
6814,86,1
6815,50,1
6816,53,0
6817,153,1
6818,53,1
6819,93,1
6820,100,1
6821,72,1
6822,86,1
6823,98,1
6824,200,0
6825,53,1
6826,101,1
6827,99,1
6828,124,1
6829,66,1
6830,67,1
6831,21,0
6832,49,1
6833,51,1
6834,49,1
6835,75,0
6836,52,1
6837,71,1
6838,114,1
6839,57,1
6840,84,1
6841,99,1
6842,54,1
6843,200,0
6844,31,1
6845,59,0
6846,78,0
6847,68,1
6848,133,1
6849,62,1
6850,67,1
6851,66,0
6852,66,1
6853,80,1
6854,162,1
6855,52,1
6856,110,1
6857,40,1
6858,64,1
6859,89,1
6860,8,0
6861,92,1
6862,142,1
6863,152,1
6864,108,1
6865,93,1
6866,46,1
6867,70,1
6868,76,1
6869,95,1
6870,35,1
6871,51,1
6872,128,1
6873,93,1
6874,68,1
6875,101,1
6876,188,1
6877,37,1
6878,139,1
6879,121,1
6880,45,0
6881,38,1
6882,86,1
6883,66,1
6884,164,0
6885,71,1
6886,71,1
6887,87,1
6888,52,1
6889,58,1
6890,42,1
6891,46,1
6892,96,1
6893,82,1
6894,79,1
6895,40,1
6896,141,1
6897,60,1
6898,64,1
6899,103,1
6900,89,1
6901,102,1
6902,49,1
6903,62,1
6904,30,1
6905,184,1
6906,161,1
6907,53,1
6908,50,1
6909,113,1
6910,64,1
6911,49,1
6912,42,1
6913,103,1
6914,82,1
6915,55,1
6916,56,1
6917,95,1
6918,50,1
6919,53,1
6920,200,0
6921,49,1
6922,35,1
6923,64,1
6924,101,1
6925,84,1
6926,46,1
6927,20,0
6928,191,1
6929,200,0
6930,92,1
6931,45,1
6932,94,1
6933,83,1
6934,31,1
6935,92,1
6936,54,1
6937,44,1
6938,114,1
6939,15,0
6940,35,1
6941,81,1
6942,61,1
6943,92,1
6944,156,1
6945,62,1
6946,79,1
6947,110,1
6948,38,0
6949,110,1
6950,185,1
6951,63,1
6952,82,1
6953,31,1
6954,129,1
6955,19,0
6956,86,1
6957,54,1
6958,117,1
6959,74,1
6960,124,1
6961,123,1
6962,108,1
6963,63,1
6964,56,1
6965,43,1
6966,59,1
6967,102,1
6968,125,1
6969,64,0
6970,78,1
6971,95,1
6972,141,1
6973,200,0
6974,59,1
6975,88,1
6976,59,1
6977,184,1
6978,34,1
6979,113,1
6980,59,1
6981,177,1
6982,111,0
6983,90,1
6984,33,0
6985,66,1
6986,35,1
6987,81,1
6988,35,0
6989,157,1
6990,96,1
6991,97,1
6992,200,0
6993,100,1
6994,191,1
6995,112,1
6996,34,1
6997,101,1
6998,128,1
6999,97,1
7000,110,1
7001,56,1
7002,60,1
7003,117,1
7004,77,1
7005,67,1
7006,98,1
7007,42,1
7008,133,1
7009,200,0
7010,58,1
7011,53,1
7012,159,1
7013,121,1
7014,68,1
7015,46,1
7016,68,0
7017,63,1
7018,167,1
7019,52,1
7020,200,0
7021,101,1
7022,86,1
7023,75,1
7024,20,0
7025,125,1
7026,29,1
7027,91,1
7028,151,1
7029,81,1
7030,98,1
7031,93,1
7032,129,1
7033,55,1
7034,118,1
7035,76,1
7036,65,1
7037,77,1
7038,82,1
7039,20,1
7040,24,1
7041,139,1
7042,57,1
7043,62,0
7044,115,1
7045,75,1
7046,30,1
7047,23,1
7048,70,1
7049,66,1
7050,103,1
7051,60,1
7052,56,1
7053,67,1
7054,164,1
7055,34,1
7056,66,1
7057,98,1
7058,38,1
7059,87,1
7060,61,1
7061,124,0
7062,73,1
7063,81,0
7064,99,1
7065,35,1
7066,35,1
7067,76,1
7068,48,0
7069,49,0
7070,71,1
7071,30,1
7072,37,1
7073,81,1
7074,55,1
7075,26,1
7076,19,0
7077,54,1
7078,44,1
7079,128,1
7080,33,0
7081,22,0
7082,54,0
7083,29,1
7084,95,1
7085,90,1
7086,175,1
7087,30,1
7088,64,1
7089,49,1
7090,73,0
7091,114,1
7092,40,1
7093,91,0
7094,29,0
7095,30,1
7096,75,1
7097,41,1
7098,16,0
7099,86,1
7100,66,1
7101,51,0
7102,36,1
7103,85,1
7104,60,1
7105,53,1
7106,53,1
7107,88,0
7108,134,0
7109,85,1
7110,142,1
7111,60,0
7112,62,1
7113,86,1
7114,37,1
7115,199,1
7116,64,1
7117,57,1
7118,63,1
7119,31,1
7120,36,1
7121,62,1
7122,69,1
7123,45,1
7124,120,1
7125,102,0
7126,102,1
7127,31,0
7128,74,1
7129,62,1
7130,83,0
7131,87,0
7132,131,1
7133,192,1
7134,158,0
7135,71,1
7136,52,0
7137,84,0
7138,72,1
7139,78,1
7140,165,0
7141,43,0
7142,55,0
7143,46,1
7144,88,1
7145,76,0
7146,200,0
7147,100,1
7148,148,1
7149,41,1
7150,125,1
7151,48,1
7152,188,0
7153,51,1
7154,65,0
7155,200,0
7156,177,1
7157,70,1
7158,186,1
7159,60,1
7160,33,1
7161,174,1
7162,148,1
7163,27,0
7164,63,1
7165,74,1
7166,78,1
7167,43,1
7168,36,1
7169,200,0
7170,117,1
7171,176,1
7172,174,1
7173,108,1
7174,175,1
7175,71,1
7176,52,1
7177,49,1
7178,122,0
7179,110,1
7180,58,1
7181,40,1
7182,173,1
7183,59,1
7184,59,1
7185,82,1
7186,190,1
7187,114,1
7188,113,1
7189,88,1
7190,119,1
7191,60,1
7192,123,1
7193,53,1
7194,34,0
7195,62,1
7196,90,0
7197,124,1
7198,48,1
7199,31,1
7200,73,1
7201,46,0
7202,106,1
7203,45,1
7204,42,1
7205,42,1
7206,93,1
7207,58,0
7208,38,0
7209,28,1
7210,108,1
7211,86,1
7212,101,1
7213,106,1
7214,160,1
7215,89,1
7216,138,0
7217,114,1
7218,88,1
7219,70,1
7220,118,1
7221,82,1
7222,106,1
7223,200,0
7224,198,1
7225,38,0
7226,73,1
7227,60,1
7228,96,1
7229,161,0
7230,116,1
7231,97,1
7232,39,0
7233,28,1
7234,55,1
7235,152,1
7236,52,1
7237,109,1
7238,91,1
7239,37,1
7240,152,1
7241,78,1
7242,111,0
7243,74,0
7244,109,1
7245,117,0
7246,51,1
7247,25,1
7248,155,1
7249,62,1
7250,95,1
7251,59,1
7252,44,1
7253,64,1
7254,62,1
7255,46,0
7256,87,1
7257,84,1
7258,61,1
7259,85,0
7260,73,1
7261,65,1
7262,32,1
7263,182,1
7264,161,1
7265,78,0
7266,128,1
7267,200,0
7268,64,0
7269,100,1
7270,95,1
7271,186,1
7272,64,1
7273,105,1
7274,90,1
7275,55,1
7276,59,1
7277,57,1
7278,57,1
7279,88,1
7280,9,0
7281,200,0
7282,44,0
7283,60,1
7284,182,1
7285,85,1
7286,155,1
7287,36,1
7288,125,1
7289,87,1
7290,83,1
7291,60,1
7292,21,1
7293,75,1
7294,55,1
7295,28,1
7296,200,0
7297,104,1
7298,88,1
7299,67,1
7300,113,1
7301,86,0
7302,34,1
7303,200,0
7304,59,0
7305,85,1
7306,121,1
7307,74,1
7308,42,1
7309,130,0
7310,89,1
7311,109,1
7312,54,1
7313,139,1
7314,55,1
7315,54,1
7316,93,1
7317,107,1
7318,89,0
7319,200,0
7320,169,1
7321,50,1
7322,105,1
7323,77,1
7324,18,0
7325,142,0
7326,106,1
7327,58,0
7328,101,1
7329,35,0
7330,69,1
7331,115,1
7332,63,1
7333,74,1
7334,83,1
7335,182,0
7336,71,1
7337,126,1
7338,47,0
7339,179,1
7340,67,1
7341,76,1
7342,125,1
7343,174,1
7344,62,1
7345,12,0
7346,36,0
7347,97,1
7348,41,1
7349,167,1
7350,40,1
7351,85,1
7352,52,1
7353,84,1
7354,104,1
7355,126,1
7356,53,0
7357,179,1
7358,91,1
7359,61,0
7360,119,1
7361,135,1
7362,200,0
7363,36,1
7364,108,1
7365,126,1
7366,122,1
7367,57,1
7368,90,1
7369,111,1
7370,100,1
7371,127,1
7372,50,1
7373,170,1
7374,106,1
7375,140,1
7376,124,1
7377,101,1
7378,47,1
7379,112,1
7380,59,1
7381,129,1
7382,86,0
7383,76,0
7384,157,1
7385,72,1
7386,84,1
7387,58,1
7388,82,1
7389,83,1
7390,129,1
7391,58,1
7392,101,1
7393,28,0
7394,20,0
7395,143,1
7396,143,1
7397,107,1
7398,53,1
7399,52,1
7400,95,1
7401,55,1
7402,149,0
7403,92,1
7404,148,1
7405,115,1
7406,76,1
7407,82,1
7408,34,0
7409,69,1
7410,49,0
7411,81,1
7412,38,1
7413,192,1
7414,51,1
7415,75,1
7416,153,1
7417,91,1
7418,66,1
7419,72,1
7420,29,0
7421,55,1
7422,99,1
7423,129,1
7424,98,1
7425,52,1
7426,81,0
7427,79,1
7428,27,1
7429,38,1
7430,127,1
7431,46,1
7432,48,0
7433,152,1
7434,122,0
7435,161,1
7436,60,1
7437,62,1
7438,71,1
7439,87,1
7440,88,1
7441,36,1
7442,75,1
7443,113,1
7444,144,1
7445,135,1
7446,49,1
7447,89,1
7448,91,1
7449,26,0
7450,108,1
7451,135,0
7452,67,1
7453,200,0
7454,42,1
7455,138,1
7456,92,1
7457,24,0
7458,42,1
7459,90,1
7460,162,1
7461,38,1
7462,157,1
7463,47,1
7464,173,1
7465,123,1
7466,76,1
7467,55,1
7468,60,1
7469,90,1
7470,165,0
7471,93,1
7472,159,1
7473,76,1
7474,67,1
7475,89,1
7476,130,1
7477,77,1
7478,132,1
7479,55,1
7480,76,1
7481,75,0
7482,60,1
7483,131,1
7484,60,1
7485,139,1
7486,120,1
7487,24,0
7488,62,1
7489,17,0
7490,45,1
7491,66,1
7492,59,1
7493,85,1
7494,83,1
7495,63,1
7496,143,1
7497,88,0
7498,54,1
7499,125,1
7500,55,1
7501,68,1
7502,143,1
7503,76,1
7504,23,1
7505,58,1
7506,33,1
7507,30,0
7508,30,1
7509,42,1
7510,49,0
7511,76,1
7512,44,1
7513,45,0
7514,93,0
7515,129,1
7516,200,0
7517,53,0
7518,59,1
7519,24,0
7520,109,1
7521,200,0
7522,73,1
7523,57,1
7524,35,1
7525,79,1
7526,40,1
7527,197,1
7528,49,1
7529,200,0
7530,51,1
7531,25,1
7532,114,1
7533,50,1
7534,128,1
7535,73,1
7536,98,1
7537,121,1
7538,77,0
7539,32,0
7540,39,1
7541,200,0
7542,159,1
7543,97,1
7544,180,1
7545,87,1
7546,120,1
7547,61,1
7548,132,1
7549,109,1
7550,59,1
7551,170,1
7552,59,1
7553,117,1
7554,121,0
7555,39,1
7556,142,1
7557,112,1
7558,69,1
7559,195,1
7560,72,1
7561,60,1
7562,77,1
7563,127,1
7564,35,1
7565,49,1
7566,56,0
7567,44,1
7568,75,1
7569,169,1
7570,138,1
7571,37,0
7572,160,1
7573,134,1
7574,95,1
7575,42,1
7576,23,0
7577,49,1
7578,121,1
7579,24,0
7580,96,1
7581,27,1
7582,43,1
7583,103,1
7584,76,1
7585,82,1
7586,200,0
7587,113,1
7588,134,1
7589,171,1
7590,145,1
7591,97,1
7592,40,1
7593,56,1
7594,39,1
7595,68,1
7596,86,1
7597,59,1
7598,200,0
7599,12,0
7600,74,1
7601,79,1
7602,83,1
7603,41,1
7604,58,1
7605,17,0
7606,86,1
7607,91,0
7608,95,1
7609,30,1
7610,170,1
7611,92,1
7612,137,0
7613,26,0
7614,107,1
7615,25,1
7616,59,1
7617,47,0
7618,35,1
7619,182,1
7620,41,1
7621,32,1
7622,113,1
7623,200,0
7624,200,0
7625,112,1
7626,76,0
7627,99,1
7628,146,1
7629,57,0
7630,45,0
7631,98,1
7632,66,1
7633,68,1
7634,73,1
7635,50,1
7636,21,0
7637,84,0
7638,89,1
7639,80,1
7640,113,1
7641,26,0
7642,137,1
7643,59,1
7644,120,1
7645,64,0
7646,119,1
7647,58,1
7648,145,1
7649,122,1
7650,12,0
7651,73,1
7652,88,1
7653,37,1
7654,69,0
7655,49,1
7656,29,0
7657,35,0
7658,53,1
7659,99,1
7660,39,1
7661,87,1
7662,54,1
7663,57,1
7664,44,1
7665,111,0
7666,148,1
7667,74,1
7668,21,0
7669,36,0
7670,63,1
7671,173,0
7672,97,0
7673,92,1
7674,57,1
7675,61,0
7676,137,0
7677,116,1
7678,71,1
7679,82,1
7680,44,1
7681,188,1
7682,95,1
7683,117,1
7684,173,1
7685,138,1
7686,100,1
7687,90,1
7688,77,1
7689,108,1
7690,47,1
7691,37,1
7692,72,1
7693,130,1
7694,37,1
7695,200,0
7696,72,1
7697,133,1
7698,38,1
7699,123,1
7700,82,1
7701,63,1
7702,116,1
7703,54,1
7704,45,1
7705,94,1
7706,66,1
7707,56,1
7708,42,0
7709,59,1
7710,102,1
7711,198,1
7712,74,1
7713,75,1
7714,80,1
7715,52,0
7716,89,1
7717,76,1
7718,26,1
7719,63,1
7720,81,1
7721,114,1
7722,34,1
7723,51,1
7724,62,1
7725,63,1
7726,50,1
7727,101,1
7728,41,1
7729,88,1
7730,51,1
7731,86,1
7732,72,1
7733,168,1
7734,65,1
7735,66,1
7736,55,1
7737,55,1
7738,83,1
7739,200,0
7740,70,1
7741,42,0
7742,77,1
7743,59,1
7744,83,1
7745,70,1
7746,72,1
7747,175,1
7748,90,1
7749,70,1
7750,30,1
7751,62,1
7752,27,1
7753,128,1
7754,118,1
7755,39,1
7756,144,1
7757,192,1
7758,22,0
7759,46,1
7760,40,1
7761,68,1
7762,29,1
7763,25,0
7764,56,1
7765,38,1
7766,56,1
7767,115,1
7768,67,0
7769,82,1
7770,72,1
7771,44,1
7772,24,0
7773,35,1
7774,35,0
7775,68,1
7776,76,1
7777,38,1
7778,140,1
7779,64,1
7780,139,1
7781,95,1
7782,39,1
7783,61,1
7784,31,1
7785,137,1
7786,171,1
7787,195,1
7788,60,1
7789,71,1
7790,40,1
7791,27,1
7792,106,1
7793,143,1
7794,84,0
7795,22,0
7796,55,1
7797,40,1
7798,67,1
7799,37,1
7800,36,1
7801,59,1
7802,103,1
7803,71,0
7804,77,1
7805,52,1
7806,129,1
7807,69,1
7808,34,0
7809,42,0
7810,72,1
7811,119,1
7812,135,1
7813,96,1
7814,109,1
7815,103,1
7816,97,1
7817,40,1
7818,42,0
7819,78,1
7820,75,1
7821,63,1
7822,22,0
7823,40,1
7824,84,0
7825,137,1
7826,38,1
7827,10,0
7828,72,1
7829,51,1
7830,67,1
7831,182,1
7832,56,1
7833,91,1
7834,33,0
7835,61,1
7836,24,0
7837,67,1
7838,71,1
7839,43,1
7840,75,1
7841,43,1
7842,161,1
7843,131,1
7844,54,1
7845,64,1
7846,42,1
7847,64,1
7848,40,0
7849,51,1
7850,78,1
7851,36,0
7852,175,1
7853,48,1
7854,57,0
7855,33,0
7856,118,1
7857,23,1
7858,193,1
7859,31,0
7860,47,1
7861,23,0
7862,92,1
7863,109,0
7864,44,1
7865,66,1
7866,61,1
7867,197,1
7868,78,1
7869,199,1
7870,82,1
7871,88,1
7872,26,0
7873,79,1
7874,71,1
7875,85,1
7876,37,1
7877,119,1
7878,50,1
7879,121,1
7880,34,0
7881,101,1
7882,54,1
7883,40,1
7884,152,1
7885,86,1
7886,91,1
7887,63,1
7888,91,1
7889,78,1
7890,74,1
7891,57,0
7892,57,1
7893,161,1
7894,183,1
7895,76,1
7896,45,1
7897,46,1
7898,51,1
7899,53,1
7900,141,1
7901,200,0
7902,47,1
7903,88,0
7904,21,0
7905,45,1
7906,13,0
7907,44,1
7908,37,1
7909,46,1
7910,27,1
7911,126,1
7912,148,0
7913,48,1
7914,42,1
7915,200,0
7916,200,0
7917,97,1
7918,173,1
7919,71,1
7920,45,1
7921,135,1
7922,147,1
7923,32,1
7924,30,1
7925,187,1
7926,46,1
7927,11,0
7928,44,0
7929,63,0
7930,112,1
7931,27,0
7932,127,0
7933,55,1
7934,81,1
7935,139,1
7936,99,0
7937,141,1
7938,28,1
7939,121,1
7940,51,1
7941,66,1
7942,200,0
7943,79,1
7944,84,1
7945,149,1
7946,200,0
7947,54,1
7948,94,1
7949,159,1
7950,65,1
7951,53,1
7952,31,1
7953,200,0
7954,41,1
7955,88,1
7956,83,1
7957,57,1
7958,36,1
7959,66,1
7960,44,1
7961,173,1
7962,55,1
7963,32,1
7964,81,1
7965,200,1
7966,125,1
7967,87,1
7968,127,1
7969,68,1
7970,149,1
7971,118,1
7972,116,1
7973,149,1
7974,25,0
7975,51,1
7976,101,1
7977,55,1
7978,21,0
7979,37,1
7980,71,0
7981,157,1
7982,88,1
7983,200,0
7984,48,1
7985,64,1
7986,160,1
7987,74,1
7988,187,0
7989,68,1
7990,31,1
7991,41,1
7992,132,1
7993,49,1
7994,59,1
7995,56,1
7996,147,1
7997,51,1
7998,36,0
7999,71,1
8000,54,1
8001,37,1
8002,66,1
8003,151,1
8004,88,1
8005,24,0
8006,66,1
8007,186,1
8008,130,1
8009,126,1
8010,87,1
8011,94,1
8012,181,1
8013,102,1
8014,60,1
8015,67,1
8016,37,1
8017,96,1
8018,112,1
8019,102,0
8020,55,1
8021,69,1
8022,135,1
8023,52,1
8024,52,1
8025,107,1
8026,47,1
8027,80,1
8028,98,0
8029,116,1
8030,50,1
8031,155,1
8032,66,0
8033,74,1
8034,95,1
8035,152,0
8036,80,1
8037,138,1
8038,79,1
8039,105,1
8040,95,1
8041,200,0
8042,72,0
8043,82,1
8044,102,1
8045,23,1
8046,51,0
8047,94,1
8048,126,1
8049,124,1
8050,54,1
8051,107,1
8052,116,1
8053,53,1
8054,115,0
8055,78,0
8056,100,1
8057,126,1
8058,46,0
8059,123,1
8060,111,1
8061,117,1
8062,148,1
8063,52,1
8064,109,1
8065,41,1
8066,48,1
8067,89,1
8068,56,1
8069,68,1
8070,169,1
8071,49,1
8072,96,1
8073,39,1
8074,58,1
8075,133,1
8076,73,1
8077,47,1
8078,72,1
8079,60,1
8080,67,1
8081,29,1
8082,164,1
8083,53,1
8084,43,1
8085,58,1
8086,50,1
8087,65,0
8088,34,1
8089,113,1
8090,57,1
8091,43,1
8092,104,0
8093,50,1
8094,63,1
8095,36,0
8096,94,1
8097,55,1
8098,87,1
8099,40,1
8100,93,1
8101,133,1
8102,82,1
8103,103,1
8104,92,1
8105,31,1
8106,51,1
8107,53,1
8108,59,1
8109,36,1
8110,30,0
8111,36,1
8112,70,1
8113,151,1
8114,65,1
8115,39,1
8116,49,1
8117,31,1
8118,85,1
8119,150,0
8120,68,1
8121,106,1
8122,71,1
8123,75,0
8124,120,1
8125,49,1
8126,85,1
8127,35,0
8128,200,0
8129,22,0
8130,76,1
8131,60,1
8132,167,1
8133,82,1
8134,118,1
8135,34,0
8136,30,1
8137,16,0
8138,169,1
8139,28,1
8140,34,1
8141,42,0
8142,55,1
8143,68,1
8144,145,1
8145,114,1
8146,65,1
8147,88,1
8148,157,1
8149,131,1
8150,32,1
8151,23,1
8152,85,1
8153,50,1
8154,85,1
8155,66,1
8156,200,0
8157,54,1
8158,27,0
8159,132,0
8160,92,1
8161,12,0
8162,93,1
8163,111,1
8164,68,1
8165,30,1
8166,50,1
8167,69,1
8168,85,1
8169,41,1
8170,145,1
8171,82,1
8172,55,1
8173,9,0
8174,111,1
8175,75,0
8176,107,1
8177,107,1
8178,60,1
8179,38,1
8180,51,0
8181,38,0
8182,46,1
8183,37,1
8184,94,1
8185,47,1
8186,184,1
8187,96,0
8188,148,1
8189,58,1
8190,46,1
8191,139,1
8192,122,1
8193,122,1
8194,77,1
8195,78,1
8196,87,1
8197,89,1
8198,81,1
8199,63,1
8200,61,1
8201,28,1
8202,64,1
8203,157,1
8204,61,1
8205,35,1
8206,156,1
8207,66,1
8208,76,1
8209,132,1
8210,82,1
8211,67,0
8212,103,1
8213,153,1
8214,71,1
8215,51,1
8216,74,1
8217,29,1
8218,29,0
8219,177,1
8220,140,1
8221,125,1
8222,153,1
8223,83,1
8224,175,1
8225,103,1
8226,125,1
8227,11,0
8228,68,1
8229,57,1
8230,56,1
8231,61,1
8232,63,1
8233,108,1
8234,111,0
8235,163,1
8236,27,1
8237,200,0
8238,132,1
8239,24,0
8240,70,1
8241,90,1
8242,37,1
8243,80,1
8244,96,1
8245,63,1
8246,200,0
8247,112,1
8248,73,1
8249,69,1
8250,59,1
8251,29,0
8252,140,0
8253,82,1
8254,84,1
8255,73,1
8256,121,1
8257,35,1
8258,43,0
8259,159,0
8260,54,1
8261,62,1
8262,94,1
8263,61,1
8264,68,1
8265,87,1
8266,55,1
8267,123,1
8268,112,1
8269,57,0
8270,169,1
8271,105,1
8272,57,1
8273,67,1
8274,57,0
8275,57,0
8276,70,0
8277,121,0
8278,128,1
8279,136,1
8280,123,1
8281,150,1
8282,95,1
8283,39,0
8284,83,1
8285,80,1
8286,65,0
8287,71,1
8288,77,1
8289,15,0
8290,84,1
8291,67,0
8292,18,0
8293,39,0
8294,55,0
8295,46,1
8296,103,1
8297,22,1
8298,34,1
8299,73,1
8300,121,1
8301,44,0
8302,134,0
8303,19,0
8304,87,1
8305,79,1
8306,25,1
8307,42,1
8308,52,1
8309,66,1
8310,61,1
8311,58,1
8312,96,1
8313,44,1
8314,86,1
8315,76,1
8316,19,1
8317,85,1
8318,131,1
8319,67,0
8320,82,1
8321,80,1
8322,51,1
8323,107,1
8324,28,1
8325,21,0
8326,126,1
8327,132,1
8328,94,1
8329,26,1
8330,155,1
8331,39,1
8332,19,0
8333,117,1
8334,62,1
8335,60,1
8336,49,1
8337,21,0
8338,76,0
8339,59,0
8340,190,1
8341,48,1
8342,45,1
8343,64,1
8344,51,1
8345,63,1
8346,100,1
8347,196,0
8348,66,1
8349,45,1
8350,36,1
8351,71,1
8352,75,1
8353,40,1
8354,51,1
8355,27,0
8356,26,0
8357,61,0
8358,66,1
8359,60,1
8360,125,1
8361,136,1
8362,83,1
8363,22,0
8364,42,1
8365,96,1
8366,133,1
8367,111,1
8368,200,0
8369,88,1
8370,31,0
8371,114,1
8372,81,1
8373,49,0
8374,84,1
8375,31,1
8376,29,1
8377,200,0
8378,44,1
8379,89,1
8380,145,1
8381,56,0
8382,66,1
8383,101,1
8384,155,1
8385,80,1
8386,44,0
8387,113,0
8388,200,0
8389,65,1
8390,23,0
8391,58,1
8392,65,1
8393,156,1
8394,125,1
8395,62,1
8396,46,1
8397,40,1
8398,120,1
8399,132,1
8400,54,0
8401,60,0
8402,48,0
8403,88,1
8404,63,1
8405,74,1
8406,188,1
8407,74,1
8408,67,1
8409,45,1
8410,132,1
8411,135,1
8412,38,1
8413,176,1
8414,44,1
8415,31,1
8416,122,1
8417,93,1
8418,56,1
8419,36,1
8420,54,1
8421,102,1
8422,32,0
8423,87,1
8424,31,1
8425,200,0
8426,109,1
8427,32,1
8428,74,0
8429,74,1
8430,20,0
8431,22,1
8432,21,0
8433,69,1
8434,81,1
8435,200,0
8436,127,1
8437,41,1
8438,16,0
8439,84,1
8440,43,1
8441,39,1
8442,30,1
8443,53,1
8444,71,1
8445,85,1
8446,175,1
8447,62,1
8448,77,1
8449,84,1
8450,65,1
8451,65,1
8452,33,0
8453,28,1
8454,96,1
8455,90,1
8456,50,1
8457,129,1
8458,85,1
8459,26,1
8460,85,1
8461,65,1
8462,20,0
8463,189,0
8464,72,1
8465,40,0
8466,162,1
8467,133,1
8468,84,1
8469,89,1
8470,32,1
8471,74,1
8472,70,1
8473,77,0
8474,47,1
8475,12,0
8476,65,1
8477,80,1
8478,47,1
8479,81,1
8480,61,1
8481,80,1
8482,37,1
8483,94,1
8484,58,1
8485,46,1
8486,190,1
8487,130,1
8488,36,0
8489,82,0
8490,93,1
8491,68,0
8492,38,0
8493,41,1
8494,139,1
8495,87,1
8496,97,1
8497,102,1
8498,136,1
8499,65,1
8500,43,1
8501,36,0
8502,125,1
8503,83,1
8504,96,1
8505,87,1
8506,77,1
8507,43,1
8508,37,1
8509,71,1
8510,16,0
8511,89,1
8512,115,1
8513,110,1
8514,95,1
8515,67,1
8516,63,1
8517,63,1
8518,64,1
8519,116,1
8520,200,0
8521,89,1
8522,24,1
8523,55,1
8524,59,1
8525,91,1
8526,38,1
8527,37,1
8528,84,1
8529,76,1
8530,108,1
8531,71,1
8532,40,1
8533,88,0
8534,52,1
8535,39,1
8536,129,1
8537,139,1
8538,114,1
8539,36,1
8540,117,1
8541,41,1
8542,71,1
8543,43,1
8544,144,1
8545,63,1
8546,134,1
8547,50,1
8548,92,1
8549,103,1
8550,36,0
8551,65,1
8552,36,0
8553,96,1
8554,43,1
8555,74,1
8556,80,1
8557,41,0
8558,139,1
8559,74,1
8560,110,1
8561,80,1
8562,30,1
8563,200,0
8564,148,1
8565,152,1
8566,118,1
8567,146,1
8568,62,1
8569,45,1
8570,73,1
8571,90,1
8572,64,1
8573,36,0
8574,86,1
8575,75,0
8576,95,1
8577,171,1
8578,47,1
8579,48,0
8580,116,1
8581,63,1
8582,65,1
8583,105,1
8584,27,0
8585,63,1
8586,56,1
8587,70,1
8588,73,1
8589,99,1
8590,131,1
8591,69,1
8592,58,1
8593,90,1
8594,133,0
8595,63,1
8596,61,1
8597,67,1
8598,68,1
8599,53,1
8600,200,0
8601,125,0
8602,60,0
8603,192,1
8604,118,1
8605,128,1
8606,71,1
8607,70,1
8608,195,1
8609,67,1
8610,34,1
8611,33,1
8612,58,1
8613,100,1
8614,41,1
8615,86,1
8616,103,1
8617,59,1
8618,49,1
8619,77,1
8620,100,1
8621,54,1
8622,26,1
8623,90,0
8624,200,0
8625,38,1
8626,57,1
8627,178,1
8628,83,1
8629,40,1
8630,89,1
8631,42,0
8632,74,1
8633,44,1
8634,164,1
8635,19,0
8636,65,1
8637,37,1
8638,108,1
8639,39,1
8640,75,1
8641,55,1
8642,39,1
8643,77,1
8644,56,1
8645,60,1
8646,73,1
8647,89,1
8648,147,1
8649,114,1
8650,105,1
8651,86,1
8652,133,1
8653,66,1
8654,57,1
8655,55,1
8656,117,1
8657,97,0
8658,78,1
8659,76,1
8660,100,1
8661,69,1
8662,70,1
8663,58,1
8664,78,1
8665,56,1
8666,43,1
8667,103,1
8668,42,0
8669,107,0
8670,160,1
8671,200,0
8672,91,1
8673,57,1
8674,32,1
8675,101,1
8676,34,0
8677,78,1
8678,56,1
8679,102,0
8680,92,1
8681,155,1
8682,40,1
8683,56,1
8684,107,1
8685,95,1
8686,45,1
8687,85,1
8688,54,1
8689,91,0
8690,53,1
8691,114,0
8692,144,1
8693,73,0
8694,31,1
8695,89,1
8696,200,0
8697,69,1
8698,82,1
8699,63,0
8700,64,1
8701,142,1
8702,119,1
8703,102,1
8704,200,0
8705,11,0
8706,70,1
8707,55,1
8708,88,1
8709,42,1
8710,75,1
8711,52,1
8712,200,0
8713,64,1
8714,35,1
8715,51,1
8716,62,1
8717,53,1
8718,38,1
8719,77,1
8720,39,1
8721,93,1
8722,51,1
8723,106,1
8724,85,1
8725,43,1
8726,87,0
8727,111,1
8728,88,1
8729,90,1
8730,65,1
8731,102,1
8732,93,1
8733,87,1
8734,117,1
8735,15,0
8736,101,1
8737,74,1
8738,79,1
8739,86,1
8740,103,1
8741,75,1
8742,49,1
8743,90,1
8744,73,1
8745,119,1
8746,141,1
8747,189,1
8748,109,0
8749,200,0
8750,78,1
8751,65,1
8752,28,1
8753,56,1
8754,86,1
8755,82,1
8756,56,1
8757,82,1
8758,33,1
8759,114,1
8760,120,1
8761,86,1
8762,153,1
8763,107,1
8764,34,1
8765,41,1
8766,49,1
8767,82,1
8768,159,1
8769,33,1
8770,91,1
8771,34,1
8772,87,1
8773,142,1
8774,50,1
8775,44,1
8776,50,1
8777,76,1
8778,93,1
8779,85,1
8780,71,1
8781,62,1
8782,54,1
8783,72,1
8784,33,1
8785,90,1
8786,140,1
8787,46,1
8788,45,1
8789,37,1
8790,47,1
8791,38,1
8792,145,0
8793,144,1
8794,97,1
8795,51,1
8796,141,1
8797,38,1
8798,50,1
8799,89,1
8800,51,1
8801,78,1
8802,34,1
8803,57,1
8804,136,1
8805,21,0
8806,80,1
8807,84,1
8808,50,1
8809,94,1
8810,128,1
8811,76,1
8812,110,1
8813,28,1
8814,49,1
8815,50,1
8816,67,1
8817,122,1
8818,121,1
8819,87,1
8820,125,1
8821,94,1
8822,61,1
8823,59,1
8824,51,1
8825,200,0
8826,110,0
8827,76,1
8828,81,1
8829,119,1
8830,188,1
8831,28,0
8832,77,1
8833,118,1
8834,44,1
8835,51,1
8836,67,1
8837,139,1
8838,99,1
8839,78,1
8840,73,1
8841,104,1
8842,75,1
8843,81,1
8844,174,1
8845,32,1
8846,118,1
8847,73,1
8848,80,1
8849,92,1
8850,84,0
8851,118,1
8852,130,1
8853,108,1
8854,94,1
8855,200,0
8856,28,1
8857,63,1
8858,110,1
8859,46,1
8860,146,1
8861,142,1
8862,77,1
8863,28,1
8864,76,1
8865,79,1
8866,68,1
8867,64,0
8868,100,1
8869,55,1
8870,33,1
8871,58,1
8872,62,1
8873,66,1
8874,33,1
8875,117,1
8876,167,1
8877,36,1
8878,42,1
8879,58,1
8880,157,0
8881,102,1
8882,144,1
8883,107,1
8884,138,1
8885,61,1
8886,173,1
8887,82,1
8888,35,1
8889,56,1
8890,45,0
8891,93,1
8892,34,1
8893,100,1
8894,92,1
8895,32,1
8896,69,1
8897,138,1
8898,115,1
8899,58,1
8900,51,1
8901,50,1
8902,153,1
8903,71,1
8904,114,1
8905,200,0
8906,47,0
8907,116,1
8908,116,1
8909,31,1
8910,200,0
8911,154,1
8912,76,1
8913,200,0
8914,118,1
8915,141,1
8916,90,0
8917,30,1
8918,132,1
8919,109,1
8920,55,1
8921,131,1
8922,59,1
8923,100,1
8924,95,1
8925,53,1
8926,72,1
8927,45,1
8928,77,1
8929,89,1
8930,72,1
8931,119,1
8932,141,1
8933,139,1
8934,126,1
8935,106,1
8936,122,1
8937,33,0
8938,58,1
8939,65,1
8940,52,1
8941,148,1
8942,77,0
8943,54,1
8944,47,1
8945,174,0
8946,75,1
8947,62,1
8948,41,1
8949,46,1
8950,115,1
8951,56,1
8952,54,1
8953,59,1
8954,41,0
8955,61,1
8956,70,1
8957,45,1
8958,180,1
8959,40,1
8960,25,0
8961,109,1
8962,64,1
8963,69,1
8964,44,1
8965,31,0
8966,34,0
8967,36,1
8968,39,1
8969,36,1
8970,95,1
8971,63,1
8972,87,0
8973,31,1
8974,50,0
8975,61,1
8976,51,0
8977,39,1
8978,80,1
8979,61,1
8980,29,0
8981,24,0
8982,115,1
8983,22,0
8984,117,1
8985,62,1
8986,80,1
8987,37,1
8988,87,1
8989,98,1
8990,84,1
8991,45,1
8992,20,1
8993,158,1
8994,102,1
8995,92,1
8996,53,1
8997,101,1
8998,80,1
8999,42,1
9000,139,1
9001,60,1
9002,95,0
9003,136,1
9004,62,1
9005,98,1
9006,71,1
9007,132,1
9008,88,0
9009,91,0
9010,85,1
9011,38,1
9012,188,1
9013,15,0
9014,120,1
9015,32,0
9016,85,1
9017,110,1
9018,89,1
9019,163,1
9020,24,0
9021,116,1
9022,92,1
9023,80,1
9024,100,1
9025,101,1
9026,96,1
9027,76,1
9028,105,1
9029,114,1
9030,123,1
9031,114,0
9032,58,1
9033,135,1
9034,52,1
9035,85,0
9036,96,1
9037,104,1
9038,49,1
9039,24,1
9040,100,1
9041,42,1
9042,29,1
9043,105,1
9044,200,0
9045,78,1
9046,200,0
9047,32,1
9048,50,0
9049,38,1
9050,51,1
9051,46,1
9052,68,1
9053,119,1
9054,66,1
9055,69,1
9056,39,1
9057,181,1
9058,76,1
9059,133,1
9060,31,1
9061,56,1
9062,50,0
9063,127,1
9064,38,1
9065,154,1
9066,105,1
9067,58,1
9068,63,1
9069,56,1
9070,17,0
9071,66,0
9072,55,1
9073,36,1
9074,67,1
9075,34,1
9076,55,1
9077,55,1
9078,56,1
9079,79,1
9080,69,1
9081,47,1
9082,121,1
9083,49,1
9084,199,1
9085,69,1
9086,85,1
9087,200,0
9088,113,1
9089,35,1
9090,20,0
9091,12,0
9092,99,1
9093,119,1
9094,67,1
9095,70,1
9096,80,1
9097,105,1
9098,82,1
9099,76,1
9100,54,1
9101,77,1
9102,64,1
9103,126,1
9104,130,1
9105,28,0
9106,126,1
9107,166,1
9108,57,1
9109,113,1
9110,62,1
9111,170,0
9112,67,0
9113,141,1
9114,47,1
9115,41,1
9116,200,0
9117,151,1
9118,114,1
9119,88,1
9120,54,0
9121,40,1
9122,74,1
9123,75,1
9124,58,1
9125,30,1
9126,124,1
9127,69,1
9128,39,1
9129,28,1
9130,93,1
9131,47,1
9132,124,1
9133,102,1
9134,35,1
9135,58,1
9136,65,0
9137,73,1
9138,128,1
9139,33,1
9140,85,0
9141,124,1
9142,102,1
9143,70,1
9144,146,1
9145,171,1
9146,87,0
9147,126,1
9148,37,1
9149,67,1
9150,45,1
9151,38,1
9152,131,1
9153,165,0
9154,200,0
9155,55,1
9156,50,1
9157,120,1
9158,79,1
9159,45,1
9160,53,1
9161,123,1
9162,69,1
9163,110,1
9164,65,1
9165,27,1
9166,90,1
9167,52,1
9168,47,1
9169,48,1
9170,67,1
9171,179,1
9172,81,1
9173,41,1
9174,101,0
9175,191,1
9176,41,1
9177,142,0
9178,88,0
9179,75,1
9180,58,1
9181,144,1
9182,34,0
9183,55,1
9184,87,1
9185,76,0
9186,121,1
9187,124,1
9188,29,1
9189,200,0
9190,108,0
9191,57,1
9192,83,1
9193,143,1
9194,72,1
9195,103,1
9196,175,1
9197,38,0
9198,200,0
9199,70,1
9200,50,1
9201,74,1
9202,66,1
9203,30,0
9204,13,0
9205,91,1
9206,49,0
9207,76,1
9208,98,1
9209,177,1
9210,126,1
9211,47,0
9212,70,1
9213,174,1
9214,83,1
9215,177,1
9216,53,0
9217,121,1
9218,46,0
9219,33,1
9220,59,1
9221,59,1
9222,121,1
9223,67,1
9224,128,1
9225,72,1
9226,76,1
9227,66,1
9228,66,1
9229,62,1
9230,54,1
9231,89,1
9232,89,1
9233,38,1
9234,91,0
9235,162,1
9236,61,0
9237,63,1
9238,52,1
9239,99,1
9240,66,1
9241,77,1
9242,59,1
9243,99,1
9244,44,1
9245,158,1
9246,44,1
9247,200,0
9248,32,1
9249,105,1
9250,88,1
9251,67,1
9252,46,1
9253,63,1
9254,30,0
9255,116,1
9256,87,1
9257,90,1
9258,38,1
9259,39,1
9260,64,1
9261,33,0
9262,191,1
9263,83,1
9264,69,1
9265,111,1
9266,87,1
9267,124,1
9268,59,1
9269,153,1
9270,110,1
9271,78,1
9272,59,1
9273,200,0
9274,68,0
9275,122,1
9276,80,1
9277,130,1
9278,26,0
9279,68,1
9280,67,1
9281,43,1
9282,157,1
9283,62,1
9284,20,0
9285,139,1
9286,93,1
9287,73,1
9288,131,1
9289,77,1
9290,34,1
9291,136,0
9292,40,1
9293,65,1
9294,106,0
9295,48,0
9296,32,0
9297,54,1
9298,49,1
9299,37,1
9300,58,1
9301,47,1
9302,87,1
9303,66,1
9304,78,1
9305,89,1
9306,147,1
9307,53,1
9308,46,0
9309,58,1
9310,124,1
9311,53,1
9312,30,1
9313,89,1
9314,49,1
9315,28,1
9316,70,1
9317,105,0
9318,52,1
9319,126,1
9320,90,1
9321,83,1
9322,95,1
9323,71,1
9324,77,1
9325,56,1
9326,35,1
9327,21,0
9328,59,1
9329,131,1
9330,29,0
9331,67,1
9332,90,1
9333,200,0
9334,37,0
9335,35,1
9336,34,1
9337,158,1
9338,84,1
9339,100,1
9340,93,0
9341,144,1
9342,105,0
9343,17,0
9344,31,0
9345,79,1
9346,67,1
9347,138,0
9348,58,1
9349,45,1
9350,55,1
9351,57,1
9352,140,1
9353,41,1
9354,115,1
9355,101,1
9356,50,1
9357,97,0
9358,78,1
9359,94,0
9360,34,1
9361,72,1
9362,34,1
9363,76,1
9364,78,1
9365,65,1
9366,133,1
9367,52,1
9368,135,1
9369,44,1
9370,66,1
9371,75,1
9372,91,1
9373,63,1
9374,136,1
9375,61,1
9376,77,1
9377,48,1
9378,141,0
9379,36,1
9380,52,1
9381,54,1
9382,46,1
9383,37,0
9384,36,0
9385,71,0
9386,48,0
9387,116,0
9388,95,1
9389,100,1
9390,160,0
9391,40,1
9392,79,1
9393,23,1
9394,41,1
9395,93,1
9396,200,0
9397,91,1
9398,48,0
9399,64,1
9400,25,0
9401,55,1
9402,44,1
9403,149,1
9404,186,1
9405,28,1
9406,49,1
9407,81,1
9408,70,1
9409,30,1
9410,85,1
9411,50,1
9412,144,1
9413,33,0
9414,38,0
9415,52,1
9416,38,1
9417,58,1
9418,14,0
9419,48,1
9420,57,1
9421,22,0
9422,120,1
9423,75,1
9424,200,0
9425,51,1
9426,51,1
9427,124,1
9428,51,1
9429,63,1
9430,182,1
9431,200,0
9432,73,1
9433,58,0
9434,17,0
9435,22,0
9436,141,1
9437,27,1
9438,35,1
9439,200,0
9440,92,1
9441,72,1
9442,97,1
9443,29,0
9444,63,1
9445,67,1
9446,78,1
9447,61,1
9448,35,1
9449,126,1
9450,104,1
9451,32,1
9452,62,1
9453,58,1
9454,98,1
9455,15,0
9456,67,1
9457,49,1
9458,65,1
9459,48,1
9460,25,0
9461,150,1
9462,131,1
9463,177,1
9464,29,1
9465,94,1
9466,102,1
9467,50,1
9468,46,1
9469,44,1
9470,64,1
9471,93,0
9472,80,1
9473,85,1
9474,20,1
9475,141,1
9476,83,1
9477,52,0
9478,38,1
9479,24,0
9480,66,1
9481,57,1
9482,23,0
9483,155,1
9484,49,1
9485,43,0
9486,83,1
9487,102,0
9488,64,1
9489,88,1
9490,48,1
9491,24,0
9492,87,1
9493,34,1
9494,96,1
9495,60,1
9496,29,1
9497,42,1
9498,113,1
9499,88,1
9500,36,1
9501,85,1
9502,53,1
9503,72,1
9504,40,1
9505,132,0
9506,200,0
9507,66,1
9508,25,1
9509,117,1
9510,122,1
9511,90,0
9512,19,0
9513,155,1
9514,99,1
9515,85,1
9516,57,1
9517,39,1
9518,120,1
9519,200,0
9520,93,1
9521,74,1
9522,168,1
9523,100,1
9524,85,1
9525,32,1
9526,47,1
9527,47,0
9528,74,1
9529,53,0
9530,125,1
9531,58,1
9532,24,1
9533,200,0
9534,64,1
9535,140,0
9536,78,1
9537,54,1
9538,61,1
9539,37,1
9540,76,1
9541,106,1
9542,46,1
9543,66,1
9544,98,1
9545,88,1
9546,68,1
9547,76,1
9548,200,0
9549,103,1
9550,102,1
9551,112,1
9552,41,0
9553,80,1
9554,62,1
9555,200,0
9556,34,1
9557,186,1
9558,89,1
9559,107,1
9560,34,1
9561,113,1
9562,42,1
9563,53,0
9564,49,1
9565,52,1
9566,59,1
9567,72,1
9568,94,1
9569,132,1
9570,109,1
9571,39,1
9572,64,0
9573,43,0
9574,81,1
9575,62,1
9576,43,1
9577,171,1
9578,70,1
9579,59,0
9580,20,1
9581,20,1
9582,38,1
9583,94,1
9584,147,1
9585,28,1
9586,45,1
9587,49,0
9588,86,1
9589,65,1
9590,30,1
9591,58,0
9592,200,0
9593,60,1
9594,52,0
9595,200,0
9596,86,1
9597,43,1
9598,126,1
9599,77,1
9600,33,0
9601,12,0
9602,92,0
9603,45,1
9604,102,1
9605,77,1
9606,106,1
9607,54,1
9608,45,1
9609,36,0
9610,34,0
9611,84,1
9612,33,0
9613,81,1
9614,21,1
9615,41,1
9616,86,1
9617,51,1
9618,200,0
9619,58,1
9620,49,1
9621,60,0
9622,42,1
9623,71,0
9624,58,0
9625,34,1
9626,81,0
9627,64,1
9628,44,1
9629,75,1
9630,87,0
9631,200,0
9632,44,0
9633,98,1
9634,58,1
9635,60,1
9636,34,1
9637,184,1
9638,109,1
9639,83,1
9640,77,1
9641,69,1
9642,41,1
9643,43,1
9644,177,1
9645,109,1
9646,54,1
9647,93,1
9648,126,1
9649,132,1
9650,98,1
9651,85,1
9652,119,1
9653,89,1
9654,46,1
9655,133,1
9656,79,1
9657,200,0
9658,131,1
9659,39,1
9660,41,0
9661,64,1
9662,20,0
9663,200,0
9664,64,1
9665,177,1
9666,37,1
9667,52,1
9668,37,1
9669,56,1
9670,56,1
9671,68,1
9672,77,1
9673,41,1
9674,133,1
9675,50,1
9676,29,1
9677,29,1
9678,67,1
9679,76,1
9680,111,1
9681,38,1
9682,77,1
9683,43,1
9684,106,1
9685,83,1
9686,30,1
9687,84,1
9688,55,1
9689,62,1
9690,93,1
9691,67,1
9692,94,1
9693,200,0
9694,86,1
9695,58,0
9696,47,1
9697,39,1
9698,69,1
9699,55,1
9700,66,1
9701,64,1
9702,159,1
9703,128,1
9704,118,0
9705,109,1
9706,39,0
9707,83,1
9708,49,1
9709,131,1
9710,52,1
9711,200,0
9712,74,0
9713,24,1
9714,78,1
9715,22,0
9716,63,1
9717,200,0
9718,53,1
9719,49,1
9720,103,1
9721,77,1
9722,159,1
9723,92,1
9724,130,1
9725,200,0
9726,61,1
9727,200,0
9728,71,1
9729,200,0
9730,155,1
9731,166,1
9732,105,1
9733,66,1
9734,156,1
9735,50,0
9736,60,1
9737,60,1
9738,59,1
9739,114,1
9740,200,0
9741,189,1
9742,85,1
9743,94,1
9744,108,1
9745,91,0
9746,78,1
9747,96,1
9748,77,1
9749,69,1
9750,48,0
9751,93,1
9752,120,1
9753,44,1
9754,137,1
9755,42,1
9756,54,1
9757,59,1
9758,67,1
9759,124,1
9760,84,1
9761,76,1
9762,163,1
9763,61,1
9764,60,0
9765,136,1
9766,88,1
9767,77,1
9768,38,1
9769,116,1
9770,63,1
9771,200,0
9772,46,0
9773,110,1
9774,125,1
9775,48,1
9776,167,0
9777,85,1
9778,97,1
9779,44,0
9780,13,0
9781,26,1
9782,128,1
9783,90,1
9784,140,1
9785,106,1
9786,77,1
9787,53,1
9788,58,1
9789,32,0
9790,33,1
9791,41,1
9792,103,1
9793,83,1
9794,30,1
9795,9,0
9796,72,1
9797,44,0
9798,200,0
9799,82,1
9800,29,0
9801,95,1
9802,36,1
9803,62,1
9804,58,1
9805,88,1
9806,55,1
9807,156,0
9808,153,1
9809,77,0
9810,118,1
9811,182,1
9812,40,0
9813,87,1
9814,94,1
9815,49,1
9816,91,1
9817,62,1
9818,49,0
9819,86,1
9820,91,1
9821,66,1
9822,128,1
9823,61,1
9824,60,1
9825,90,1
9826,91,1
9827,54,1
9828,46,1
9829,70,1
9830,78,1
9831,55,1
9832,37,0
9833,24,1
9834,68,1
9835,147,1
9836,135,1
9837,20,0
9838,74,1
9839,111,1
9840,173,1
9841,31,0
9842,93,1
9843,72,1
9844,33,1
9845,117,1
9846,83,1
9847,123,1
9848,32,0
9849,123,1
9850,148,1
9851,103,0
9852,53,1
9853,73,1
9854,86,1
9855,28,1
9856,41,1
9857,36,0
9858,35,1
9859,34,1
9860,200,0
9861,74,1
9862,136,1
9863,56,1
9864,78,1
9865,63,1
9866,87,1
9867,57,1
9868,62,1
9869,47,1
9870,40,0
9871,49,1
9872,81,1
9873,70,1
9874,60,1
9875,52,1
9876,55,1
9877,45,1
9878,29,0
9879,78,1
9880,29,0
9881,107,1
9882,78,1
9883,42,0
9884,90,0
9885,78,1
9886,39,0
9887,75,1
9888,64,1
9889,44,1
9890,30,1
9891,95,1
9892,200,0
9893,71,1
9894,40,1
9895,50,1
9896,200,0
9897,57,1
9898,200,0
9899,70,1
9900,190,1
9901,53,1
9902,37,1
9903,54,1
9904,49,1
9905,38,0
9906,34,0
9907,56,1
9908,59,1
9909,62,1
9910,89,1
9911,85,1
9912,41,1
9913,70,1
9914,73,1
9915,81,1
9916,62,1
9917,77,1
9918,105,1
9919,35,0
9920,141,1
9921,48,1
9922,81,1
9923,101,1
9924,68,1
9925,200,0
9926,111,1
9927,48,1
9928,123,1
9929,41,1
9930,9,0
9931,128,1
9932,73,1
9933,50,0
9934,87,1
9935,52,1
9936,41,1
9937,108,1
9938,45,1
9939,65,1
9940,153,1
9941,67,1
9942,108,1
9943,41,0
9944,116,1
9945,136,1
9946,53,1
9947,71,1
9948,53,1
9949,45,1
9950,95,1
9951,63,0
9952,85,1
9953,173,1
9954,53,0
9955,34,0
9956,83,1
9957,114,1
9958,69,1
9959,47,1
9960,46,1
9961,80,1
9962,112,1
9963,62,1
9964,66,1
9965,193,1
9966,28,1
9967,116,1
9968,151,1
9969,47,0
9970,44,1
9971,69,1
9972,137,1
9973,141,1
9974,37,1
9975,68,1
9976,60,1
9977,200,0
9978,142,1
9979,100,0
9980,92,1
9981,47,0
9982,60,0
9983,72,1
9984,28,1
9985,78,1
9986,25,1
9987,127,1
9988,51,1
9989,41,0
9990,35,1
9991,65,1
9992,175,1
9993,55,1
9994,117,1
9995,112,1
9996,103,1
9997,171,1
9998,127,1
9999,74,1
