episode,steps,reward
0,11,0
1,16,0
2,38,0
3,105,0
4,26,0
5,7,0
6,34,0
7,72,0
8,27,0
9,57,0
10,37,0
11,11,0
12,24,0
13,11,0
14,48,0
15,33,0
16,81,0
17,7,0
18,23,0
19,7,0
20,32,0
21,15,0
22,10,0
23,10,0
24,67,0
25,22,0
26,12,0
27,24,0
28,115,0
29,20,0
30,37,0
31,22,0
32,30,0
33,24,0
34,26,0
35,12,0
36,22,0
37,36,0
38,40,0
39,39,0
40,63,0
41,12,0
42,43,0
43,80,0
44,9,0
45,57,0
46,33,0
47,34,0
48,22,0
49,58,0
50,81,0
51,16,0
52,16,0
53,13,0
54,14,0
55,26,0
56,24,0
57,30,0
58,80,0
59,24,0
60,15,0
61,14,0
62,13,0
63,38,0
64,30,0
65,58,0
66,13,0
67,52,0
68,48,0
69,77,0
70,19,0
71,40,0
72,19,0
73,18,0
74,80,0
75,7,0
76,79,0
77,19,0
78,46,0
79,57,0
80,51,0
81,62,0
82,48,0
83,63,0
84,42,0
85,49,0
86,138,0
87,34,0
88,36,0
89,128,0
90,76,0
91,35,0
92,43,0
93,41,0
94,35,0
95,40,0
96,96,0
97,71,0
98,78,0
99,73,0
100,40,0
101,74,1
102,48,0
103,36,0
104,18,0
105,46,0
106,59,1
107,61,1
108,39,0
109,83,0
110,28,1
111,45,1
112,45,0
113,84,0
114,52,0
115,55,0
116,36,0
117,99,0
118,41,0
119,82,0
120,51,0
121,200,0
122,83,0
123,83,0
124,40,0
125,18,0
126,94,0
127,40,0
128,65,0
129,51,0
130,101,0
131,99,0
132,166,0
133,61,0
134,122,0
135,62,0
136,200,0
137,63,1
138,52,0
139,14,0
140,76,0
141,103,0
142,101,0
143,48,0
144,200,0
145,200,0
146,200,0
147,179,0
148,40,0
149,33,0
150,45,0
151,77,0
152,43,0
153,81,0
154,79,0
155,58,0
156,65,0
157,88,0
158,113,0
159,136,0
160,95,0
161,83,0
162,32,0
163,200,0
164,45,0
165,48,0
166,44,0
167,51,0
168,113,0
169,145,0
170,32,0
171,148,0
172,24,0
173,108,0
174,190,0
175,87,0
176,99,0
177,182,0
178,48,0
179,200,0
180,200,0
181,55,0
182,200,0
183,116,0
184,47,0
185,178,0
186,17,0
187,63,0
188,141,0
189,93,1
190,87,0
191,60,0
192,110,0
193,93,0
194,64,0
195,68,0
196,134,0
197,56,0
198,40,0
199,117,0
200,111,0
201,127,0
202,159,0
203,132,0
204,127,0
205,109,0
206,62,0
207,67,0
208,148,0
209,95,0
210,72,0
211,57,0
212,126,0
213,139,0
214,15,0
215,79,0
216,76,1
217,82,0
218,48,0
219,54,0
220,93,0
221,59,0
222,200,0
223,49,0
224,56,0
225,73,0
226,120,0
227,47,0
228,53,1
229,47,0
230,35,0
231,110,0
232,21,0
233,39,0
234,120,0
235,69,0
236,113,0
237,83,0
238,46,0
239,134,0
240,108,0
241,105,0
242,48,0
243,136,0
244,112,0
245,99,0
246,200,0
247,80,1
248,65,0
249,45,1
250,57,1
251,43,1
252,79,1
253,100,1
254,111,0
255,47,1
256,91,0
257,128,1
258,62,0
259,97,1
260,63,1
261,78,1
262,50,0
263,76,1
264,60,0
265,53,1
266,104,0
267,79,1
268,58,1
269,102,1
270,132,0
271,37,0
272,74,1
273,103,0
274,79,0
275,108,1
276,83,0
277,27,1
278,52,1
279,43,1
280,200,0
281,50,1
282,47,1
283,100,1
284,88,0
285,74,1
286,94,0
287,68,0
288,48,1
289,20,0
290,92,1
291,107,1
292,51,0
293,50,1
294,45,1
295,46,1
296,79,1
297,85,0
298,99,0
299,160,1
300,71,0
301,151,0
302,100,1
303,48,1
304,114,0
305,52,1
306,128,1
307,87,1
308,104,0
309,51,1
310,60,1
311,129,0
312,64,0
313,59,1
314,110,1
315,45,1
316,54,1
317,77,0
318,110,1
319,58,0
320,76,1
321,133,0
322,36,0
323,56,1
324,71,0
325,98,1
326,54,1
327,144,1
328,72,0
329,73,1
330,74,1
331,121,1
332,27,0
333,54,1
334,37,1
335,128,1
336,51,1
337,70,1
338,162,1
339,33,1
340,79,1
341,27,0
342,82,1
343,40,0
344,54,1
345,49,1
346,51,0
347,90,1
348,50,0
349,200,0
350,104,1
351,38,1
352,55,1
353,56,1
354,33,0
355,51,1
356,47,0
357,72,1
358,47,1
359,82,1
360,75,0
361,169,0
362,30,1
363,34,1
364,81,1
365,94,1
366,85,0
367,106,1
368,60,1
369,70,1
370,56,1
371,46,1
372,65,1
373,34,0
374,75,1
375,48,0
376,96,0
377,87,0
378,41,0
379,53,1
380,92,1
381,92,1
382,47,1
383,46,1
384,108,1
385,44,0
386,52,1
387,78,0
388,115,1
389,89,0
390,110,1
391,117,0
392,26,1
393,33,0
394,121,0
395,57,0
396,57,0
397,20,0
398,62,0
399,65,1
400,47,0
401,48,1
402,32,1
403,60,1
404,62,1
405,46,1
406,37,1
407,125,1
408,34,1
409,52,0
410,37,1
411,84,1
412,48,0
413,42,1
414,81,0
415,76,1
416,76,1
417,25,1
418,129,1
419,27,1
420,106,1
421,63,1
422,35,0
423,118,0
424,93,1
425,171,0
426,106,0
427,42,1
428,151,1
429,58,1
430,40,1
431,99,0
432,70,0
433,95,1
434,52,1
435,39,1
436,45,1
437,21,1
438,181,1
439,196,1
440,54,1
441,36,1
442,130,1
443,34,1
444,117,1
445,50,0
446,100,1
447,36,1
448,133,1
449,30,1
450,99,0
451,112,1
452,120,1
453,37,1
454,59,1
455,70,0
456,55,1
457,37,1
458,66,1
459,35,1
460,59,1
461,158,0
462,37,1
463,74,1
464,70,0
465,87,1
466,31,1
467,60,1
468,48,0
469,59,0
470,200,0
471,163,1
472,55,1
473,108,0
474,66,0
475,32,1
476,34,1
477,29,1
478,78,1
479,61,1
480,158,1
481,78,1
482,105,1
483,74,1
484,74,0
485,85,1
486,44,1
487,30,0
488,89,1
489,85,1
490,28,0
491,35,1
492,126,0
493,75,1
494,75,0
495,123,1
496,52,0
497,94,0
498,46,1
499,36,1
500,39,1
501,29,0
502,122,0
503,69,1
504,34,1
505,80,1
506,73,1
507,122,1
508,65,1
509,45,1
510,45,1
511,78,0
512,53,0
513,74,1
514,118,1
515,91,0
516,104,0
517,156,1
518,57,1
519,148,0
520,37,1
521,84,1
522,69,1
523,81,1
524,102,1
525,97,1
526,101,1
527,135,1
528,83,0
529,39,0
530,84,0
531,84,0
532,39,1
533,26,1
534,105,0
535,70,1
536,61,1
537,95,0
538,78,1
539,32,1
540,66,1
541,131,1
542,41,0
543,33,1
544,46,1
545,130,1
546,98,0
547,107,1
548,63,0
549,89,1
550,59,1
551,35,1
552,80,1
553,93,0
554,21,1
555,38,1
556,43,1
557,88,1
558,81,1
559,53,0
560,36,1
561,168,1
562,80,1
563,43,1
564,65,1
565,38,1
566,33,1
567,28,1
568,69,1
569,42,1
570,62,0
571,45,0
572,64,1
573,115,1
574,76,0
575,101,0
576,126,1
577,57,0
578,45,0
579,44,1
580,61,1
581,45,1
582,38,0
583,98,0
584,58,1
585,77,0
586,63,1
587,134,0
588,99,1
589,35,1
590,57,1
591,107,0
592,67,0
593,76,1
594,36,1
595,115,0
596,61,0
597,92,1
598,62,1
599,34,1
600,93,1
601,55,0
602,38,1
603,43,1
604,29,1
605,182,1
606,33,0
607,116,1
608,73,1
609,78,1
610,54,0
611,70,0
612,77,1
613,69,0
614,46,0
615,19,0
616,46,1
617,66,1
618,46,0
619,114,0
620,68,1
621,41,1
622,137,0
623,68,0
624,140,0
625,26,1
626,26,1
627,69,0
628,46,1
629,65,0
630,77,0
631,105,0
632,58,0
633,135,1
634,54,1
635,59,0
636,63,1
637,45,1
638,50,1
639,67,1
640,128,1
641,41,1
642,96,1
643,41,1
644,78,1
645,75,1
646,43,1
647,86,1
648,42,0
649,62,0
650,34,0
651,64,0
652,53,0
653,100,0
654,84,1
655,99,1
656,63,0
657,48,1
658,37,1
659,73,1
660,154,1
661,33,1
662,95,0
663,102,1
664,71,0
665,84,1
666,89,1
667,94,1
668,55,0
669,61,1
670,200,0
671,57,1
672,57,1
673,58,0
674,86,0
675,44,1
676,45,1
677,118,0
678,59,0
679,112,1
680,49,1
681,64,1
682,120,1
683,48,0
684,70,0
685,94,1
686,112,1
687,47,1
688,51,0
689,67,1
690,47,1
691,71,0
692,139,1
693,30,0
694,84,1
695,61,1
696,136,0
697,39,0
698,52,1
699,34,0
700,67,1
701,187,0
702,53,1
703,90,1
704,75,1
705,61,0
706,55,1
707,81,0
708,94,1
709,66,1
710,66,0
711,73,1
712,39,1
713,63,1
714,87,1
715,99,1
716,26,1
717,48,0
718,157,1
719,46,1
720,51,1
721,53,1
722,70,0
723,97,0
724,61,1
725,51,0
726,57,1
727,27,0
728,69,0
729,75,1
730,61,1
731,63,1
732,79,1
733,101,1
734,43,1
735,41,0
736,57,1
737,47,1
738,86,1
739,145,0
740,68,0
741,113,1
742,59,1
743,59,1
744,96,1
745,116,1
746,56,1
747,74,1
748,93,1
749,120,0
750,87,1
751,100,1
752,69,1
753,51,1
754,75,1
755,57,0
756,59,1
757,58,0
758,102,1
759,24,1
760,97,0
761,64,0
762,60,1
763,31,1
764,110,0
765,165,0
766,77,1
767,33,1
768,38,1
769,66,1
770,163,0
771,40,0
772,21,1
773,69,1
774,48,1
775,111,1
776,88,1
777,59,1
778,33,1
779,33,1
780,113,1
781,56,1
782,145,0
783,176,1
784,33,0
785,55,1
786,61,1
787,46,0
788,92,1
789,198,1
790,38,1
791,133,0
792,44,0
793,41,1
794,121,1
795,45,1
796,35,1
797,48,0
798,56,1
799,29,0
800,22,0
801,39,1
802,158,1
803,42,1
804,56,1
805,43,1
806,138,1
807,124,0
808,18,1
809,138,1
810,110,0
811,52,0
812,42,1
813,98,0
814,44,0
815,35,0
816,121,0
817,88,0
818,42,1
819,25,0
820,37,1
821,47,0
822,57,0
823,54,1
824,71,1
825,54,1
826,82,1
827,63,1
828,85,1
829,51,1
830,35,1
831,92,1
832,81,1
833,69,0
834,98,1
835,66,1
836,69,1
837,39,1
838,45,0
839,77,1
840,112,1
841,46,0
842,83,0
843,30,0
844,87,1
845,63,0
846,31,0
847,200,0
848,120,1
849,170,0
850,122,0
851,61,1
852,35,1
853,66,1
854,33,1
855,75,1
856,77,1
857,50,0
858,34,1
859,86,1
860,34,1
861,63,1
862,63,0
863,53,1
864,62,1
865,57,1
866,43,1
867,110,1
868,113,0
869,65,0
870,44,1
871,35,1
872,88,1
873,34,1
874,66,1
875,41,1
876,52,1
877,47,1
878,113,1
879,87,1
880,120,1
881,37,0
882,108,1
883,28,1
884,44,1
885,53,1
886,112,1
887,108,0
888,83,0
889,129,1
890,27,1
891,36,1
892,80,1
893,146,1
894,76,1
895,46,1
896,61,0
897,49,0
898,35,0
899,70,0
900,45,0
901,57,1
902,38,1
903,78,0
904,105,1
905,84,1
906,27,1
907,55,1
908,94,0
909,83,0
910,72,1
911,66,1
912,79,0
913,91,1
914,77,1
915,32,1
916,121,0
917,126,0
918,135,1
919,43,0
920,61,0
921,84,1
922,39,0
923,102,0
924,200,0
925,116,0
926,86,0
927,73,1
928,118,1
929,42,1
930,56,1
931,96,1
932,77,0
933,40,0
934,72,1
935,72,1
936,36,1
937,84,0
938,114,1
939,94,0
940,83,1
941,47,0
942,48,1
943,62,1
944,123,0
945,42,1
946,67,1
947,51,1
948,67,1
949,51,1
950,70,0
951,53,1
952,57,1
953,43,1
954,47,1
955,158,1
956,45,0
957,61,1
958,90,1
959,78,1
960,56,0
961,59,0
962,50,0
963,43,0
964,45,1
965,76,0
966,48,1
967,58,0
968,56,0
969,71,1
970,87,1
971,81,0
972,55,0
973,71,0
974,37,1
975,47,1
976,72,0
977,41,0
978,55,1
979,65,0
980,200,0
981,23,0
982,44,1
983,38,0
984,74,1
985,70,0
986,47,0
987,29,1
988,74,0
989,35,1
990,63,1
991,52,0
992,97,1
993,71,1
994,123,1
995,138,0
996,107,0
997,78,1
998,49,0
999,62,1
1000,62,1
1001,65,1
1002,72,1
1003,89,1
1004,119,1
1005,54,1
1006,50,1
1007,33,1
1008,59,1
1009,39,1
1010,54,1
1011,51,0
1012,45,0
1013,24,1
1014,54,0
1015,200,1
1016,90,1
1017,63,0
1018,61,1
1019,97,1
1020,40,0
1021,131,1
1022,109,0
1023,24,1
1024,82,1
1025,74,0
1026,115,0
1027,166,1
1028,22,0
1029,53,0
1030,40,1
1031,117,0
1032,33,1
1033,51,1
1034,48,0
1035,73,0
1036,47,0
1037,67,1
1038,29,1
1039,67,1
1040,34,0
1041,73,1
1042,72,1
1043,48,0
1044,36,1
1045,78,0
1046,72,1
1047,66,1
1048,63,1
1049,76,1
1050,81,1
1051,85,1
1052,43,1
1053,25,1
1054,63,1
1055,32,1
1056,93,1
1057,65,1
1058,200,0
1059,52,1
1060,146,1
1061,51,1
1062,48,1
1063,143,0
1064,45,1
1065,44,1
1066,86,1
1067,130,1
1068,40,1
1069,85,1
1070,36,1
1071,93,0
1072,21,1
1073,68,1
1074,23,0
1075,98,1
1076,22,0
1077,52,1
1078,37,1
1079,37,0
1080,60,1
1081,77,1
1082,49,1
1083,38,1
1084,129,1
1085,44,1
1086,53,1
1087,74,0
1088,110,1
1089,69,1
1090,27,1
1091,55,0
1092,36,1
1093,44,1
1094,20,0
1095,159,0
1096,33,1
1097,43,1
1098,68,1
1099,50,1
1100,129,1
1101,62,1
1102,94,1
1103,73,1
1104,82,1
1105,92,1
1106,154,0
1107,46,1
1108,39,1
1109,90,1
1110,43,1
1111,36,1
1112,79,1
1113,54,1
1114,73,1
1115,89,1
1116,35,1
1117,58,1
1118,86,1
1119,44,0
1120,43,0
1121,27,1
1122,52,1
1123,76,1
1124,69,0
1125,60,1
1126,34,1
1127,53,1
1128,55,0
1129,25,1
1130,48,1
1131,59,1
1132,76,1
1133,50,0
1134,49,0
1135,47,0
1136,76,1
1137,68,1
1138,93,1
1139,69,0
1140,95,0
1141,89,0
1142,43,1
1143,68,1
1144,37,1
1145,132,1
1146,36,1
1147,43,0
1148,58,0
1149,38,1
1150,77,0
1151,72,1
1152,57,0
1153,128,0
1154,97,0
1155,79,1
1156,47,0
1157,55,1
1158,30,0
1159,70,1
1160,39,1
1161,67,0
1162,111,1
1163,35,1
1164,151,0
1165,58,0
1166,70,0
1167,54,1
1168,32,0
1169,56,1
1170,74,0
1171,84,1
1172,95,0
1173,60,1
1174,25,0
1175,88,0
1176,35,1
1177,129,1
1178,57,0
1179,87,1
1180,83,0
1181,115,1
1182,32,0
1183,52,1
1184,63,0
1185,33,1
1186,89,0
1187,28,0
1188,61,1
1189,19,0
1190,66,0
1191,96,1
1192,102,1
1193,48,1
1194,84,0
1195,66,1
1196,200,0
1197,36,0
1198,58,1
1199,105,0
1200,37,1
1201,55,0
1202,133,0
1203,118,1
1204,90,0
1205,27,0
1206,69,0
1207,80,1
1208,42,0
1209,56,0
1210,60,0
1211,84,1
1212,53,0
1213,56,1
1214,21,0
1215,28,1
1216,72,0
1217,66,1
1218,63,0
1219,61,1
1220,154,0
1221,81,0
1222,91,1
1223,35,1
1224,49,1
1225,44,1
1226,60,0
1227,80,1
1228,103,0
1229,127,0
1230,74,0
1231,86,0
1232,161,0
1233,49,1
1234,56,0
1235,60,1
1236,116,0
1237,97,1
1238,66,0
1239,125,1
1240,46,1
1241,46,1
1242,51,1
1243,74,0
1244,74,1
1245,117,1
1246,49,1
1247,107,0
1248,87,1
1249,45,1
1250,197,0
1251,51,0
1252,79,0
1253,133,1
1254,153,1
1255,32,0
1256,65,0
1257,90,1
1258,45,0
1259,26,0
1260,56,1
1261,58,1
1262,77,0
1263,88,0
1264,63,0
1265,46,0
1266,97,1
1267,56,1
1268,56,1
1269,78,0
1270,48,1
1271,116,1
1272,68,1
1273,25,1
1274,60,0
1275,35,0
1276,43,1
1277,70,1
1278,56,1
1279,48,0
1280,79,0
1281,93,0
1282,45,1
1283,36,0
1284,41,1
1285,33,1
1286,69,1
1287,42,0
1288,74,1
1289,39,1
1290,85,1
1291,102,1
1292,68,0
1293,51,1
1294,32,1
1295,70,1
1296,44,1
1297,35,0
1298,82,0
1299,51,1
1300,106,0
1301,91,1
1302,90,0
1303,67,1
1304,97,1
1305,61,0
1306,98,1
1307,53,0
1308,125,0
1309,56,0
1310,38,0
1311,66,0
1312,83,0
1313,161,1
1314,133,1
1315,157,1
1316,31,1
1317,84,1
1318,108,0
1319,54,1
1320,53,1
1321,44,1
1322,90,0
1323,37,1
1324,71,1
1325,92,1
1326,58,0
1327,44,0
1328,75,1
1329,105,0
1330,45,1
1331,40,1
1332,94,1
1333,103,1
1334,77,0
1335,76,1
1336,76,1
1337,73,1
1338,78,0
1339,55,1
1340,121,0
1341,44,1
1342,78,1
1343,85,1
1344,58,1
1345,91,1
1346,109,0
1347,37,0
1348,146,1
1349,19,1
1350,54,1
1351,75,0
1352,56,1
1353,70,1
1354,90,1
1355,148,1
1356,93,1
1357,66,1
1358,75,0
1359,35,1
1360,120,1
1361,92,1
1362,47,1
1363,96,0
1364,63,1
1365,49,0
1366,53,1
1367,67,1
1368,108,1
1369,56,0
1370,22,0
1371,33,0
1372,96,0
1373,28,0
1374,33,1
1375,54,1
1376,67,1
1377,63,0
1378,62,0
1379,72,1
1380,38,1
1381,56,1
1382,52,1
1383,128,0
1384,54,0
1385,39,1
1386,186,1
1387,39,0
1388,49,0
1389,55,1
1390,77,1
1391,40,0
1392,62,1
1393,136,0
1394,155,0
1395,91,1
1396,103,1
1397,59,0
1398,104,1
1399,50,1
1400,100,1
1401,77,1
1402,43,1
1403,25,1
1404,61,1
1405,69,1
1406,133,1
1407,107,1
1408,108,1
1409,64,0
1410,26,0
1411,38,1
1412,38,1
1413,35,0
1414,130,1
1415,38,1
1416,98,1
1417,80,0
1418,78,1
1419,30,1
1420,115,0
1421,110,1
1422,69,1
1423,41,0
1424,35,1
1425,85,0
1426,41,1
1427,63,0
1428,47,1
1429,200,0
1430,88,0
1431,39,0
1432,38,1
1433,32,1
1434,45,1
1435,49,0
1436,41,0
1437,80,1
1438,51,0
1439,145,1
1440,56,0
1441,117,1
1442,103,0
1443,43,1
1444,44,1
1445,85,1
1446,136,1
1447,31,0
1448,149,0
1449,60,1
1450,114,1
1451,33,1
1452,88,1
1453,44,1
1454,103,1
1455,40,0
1456,173,1
1457,33,0
1458,104,1
1459,35,1
1460,84,1
1461,76,0
1462,132,0
1463,26,0
1464,68,0
1465,43,1
1466,80,1
1467,83,1
1468,59,0
1469,82,1
1470,49,1
1471,32,1
1472,48,1
1473,88,1
1474,44,1
1475,61,0
1476,42,1
1477,35,1
1478,94,1
1479,62,1
1480,46,0
1481,61,0
1482,96,0
1483,34,1
1484,35,0
1485,65,1
1486,75,1
1487,31,0
1488,155,0
1489,58,0
1490,58,1
1491,119,1
1492,176,1
1493,33,0
1494,78,0
1495,42,1
1496,48,0
1497,80,1
1498,64,1
1499,69,1
1500,82,0
1501,19,1
1502,41,0
1503,108,1
1504,43,1
1505,41,1
1506,93,0
1507,67,1
1508,23,0
1509,65,0
1510,102,1
1511,67,1
1512,51,0
1513,49,1
1514,70,1
1515,70,0
1516,45,1
1517,75,1
1518,55,0
1519,24,0
1520,46,1
1521,32,0
1522,90,1
1523,73,1
1524,102,1
1525,85,1
1526,55,1
1527,54,1
1528,53,0
1529,44,0
1530,48,1
1531,60,0
1532,159,0
1533,47,1
1534,52,1
1535,73,0
1536,63,0
1537,113,1
1538,55,0
1539,66,1
1540,23,0
1541,150,1
1542,78,0
1543,62,1
1544,54,1
1545,152,0
1546,69,1
1547,200,0
1548,61,0
1549,86,1
1550,78,0
1551,98,1
1552,90,1
1553,41,1
1554,120,1
1555,102,1
1556,48,1
1557,21,0
1558,51,0
1559,75,0
1560,69,1
1561,66,1
1562,117,0
1563,46,0
1564,39,1
1565,50,0
1566,167,1
1567,62,1
1568,70,1
1569,23,0
1570,49,1
1571,67,1
1572,34,1
1573,114,1
1574,47,0
1575,45,1
1576,56,1
1577,63,1
1578,200,0
1579,65,1
1580,102,0
1581,61,0
1582,99,0
1583,113,1
1584,145,1
1585,84,0
1586,41,0
1587,65,0
1588,33,1
1589,101,1
1590,70,0
1591,19,1
1592,72,1
1593,106,1
1594,76,0
1595,65,0
1596,30,1
1597,65,0
1598,76,1
1599,56,1
1600,58,1
1601,93,1
1602,33,1
1603,29,0
1604,156,1
1605,122,0
1606,60,0
1607,71,1
1608,25,1
1609,97,0
1610,42,1
1611,49,1
1612,22,0
1613,66,1
1614,56,1
1615,78,1
1616,94,1
1617,118,0
1618,62,1
1619,81,0
1620,86,1
1621,43,1
1622,32,0
1623,14,1
1624,34,0
1625,75,1
1626,51,1
1627,41,1
1628,40,1
1629,115,1
1630,62,1
1631,70,1
1632,77,0
1633,66,0
1634,70,1
1635,143,0
1636,53,0
1637,77,1
1638,60,1
1639,64,1
1640,89,1
1641,61,1
1642,39,0
1643,61,1
1644,40,1
1645,52,0
1646,30,0
1647,115,1
1648,67,1
1649,41,1
1650,50,1
1651,78,0
1652,118,1
1653,48,0
1654,98,0
1655,189,1
1656,61,0
1657,89,1
1658,63,1
1659,200,0
1660,45,0
1661,42,1
1662,43,0
1663,109,1
1664,63,1
1665,61,1
1666,58,1
1667,100,0
1668,88,0
1669,64,1
1670,44,0
1671,72,1
1672,51,1
1673,62,0
1674,40,1
1675,41,1
1676,79,1
1677,123,0
1678,110,1
1679,20,1
1680,76,0
1681,45,0
1682,96,1
1683,50,1
1684,57,1
1685,60,1
1686,94,0
1687,52,0
1688,51,1
1689,96,0
1690,38,0
1691,37,1
1692,115,1
1693,108,1
1694,85,1
1695,56,0
1696,51,0
1697,50,1
1698,83,1
1699,57,0
1700,63,0
1701,128,1
1702,63,1
1703,33,0
1704,26,1
1705,57,1
1706,73,0
1707,61,1
1708,81,1
1709,57,0
1710,41,0
1711,65,0
1712,75,1
1713,54,0
1714,56,0
1715,121,0
1716,36,1
1717,35,0
1718,59,1
1719,46,0
1720,95,1
1721,31,1
1722,75,1
1723,67,1
1724,189,0
1725,96,0
1726,79,1
1727,27,1
1728,28,1
1729,77,1
1730,44,1
1731,79,0
1732,78,1
1733,80,0
1734,57,0
1735,67,0
1736,49,1
1737,21,0
1738,51,1
1739,84,1
1740,45,1
1741,74,1
1742,199,0
1743,126,1
1744,79,1
1745,41,0
1746,57,1
1747,81,0
1748,97,0
1749,83,1
1750,200,0
1751,46,0
1752,100,1
1753,65,1
1754,41,1
1755,136,0
1756,156,0
1757,67,0
1758,67,0
1759,42,1
1760,62,1
1761,113,0
1762,88,1
1763,200,0
1764,114,0
1765,80,0
1766,29,0
1767,59,0
1768,53,1
1769,47,1
1770,112,1
1771,33,1
1772,127,1
1773,37,1
1774,77,1
1775,69,1
1776,50,0
1777,59,1
1778,46,1
1779,119,0
1780,80,0
1781,37,1
1782,79,0
1783,97,1
1784,146,1
1785,93,1
1786,50,0
1787,51,1
1788,59,1
1789,67,1
1790,49,0
1791,32,0
1792,148,1
1793,37,1
1794,68,0
1795,49,1
1796,77,0
1797,101,1
1798,190,0
1799,76,1
1800,96,1
1801,45,1
1802,50,1
1803,37,1
1804,135,1
1805,33,1
1806,56,1
1807,113,1
1808,200,0
1809,30,1
1810,38,0
1811,37,1
1812,79,1
1813,53,1
1814,51,0
1815,28,1
1816,85,0
1817,57,1
1818,65,0
1819,47,1
1820,102,1
1821,53,0
1822,63,0
1823,56,0
1824,39,0
1825,156,0
1826,91,1
1827,32,1
1828,112,0
1829,121,1
1830,72,1
1831,49,1
1832,94,1
1833,95,1
1834,63,1
1835,54,1
1836,166,1
1837,67,1
1838,29,1
1839,61,1
1840,49,1
1841,105,1
1842,75,1
1843,110,0
1844,75,1
1845,35,1
1846,102,0
1847,40,1
1848,77,0
1849,30,0
1850,47,0
1851,67,1
1852,67,1
1853,39,1
1854,63,0
1855,36,0
1856,34,1
1857,88,0
1858,25,0
1859,70,0
1860,73,1
1861,98,0
1862,80,0
1863,71,1
1864,77,1
1865,139,1
1866,44,1
1867,103,0
1868,31,0
1869,102,1
1870,100,1
1871,124,1
1872,52,1
1873,130,0
1874,39,1
1875,87,1
1876,88,1
1877,144,0
1878,200,0
1879,115,0
1880,32,0
1881,135,1
1882,69,0
1883,60,0
1884,88,1
1885,40,1
1886,60,1
1887,87,0
1888,35,1
1889,52,0
1890,84,0
1891,68,0
1892,37,1
1893,37,1
1894,56,0
1895,74,1
1896,47,1
1897,59,0
1898,50,0
1899,108,1
1900,61,1
1901,46,1
1902,159,1
1903,59,1
1904,58,1
1905,73,1
1906,58,1
1907,77,0
1908,48,1
1909,97,0
1910,36,0
1911,121,0
1912,148,0
1913,47,0
1914,132,1
1915,63,1
1916,76,0
1917,35,1
1918,42,1
1919,66,0
1920,70,0
1921,47,0
1922,85,1
1923,43,1
1924,89,1
1925,76,1
1926,131,1
1927,200,0
1928,179,0
1929,40,1
1930,49,0
1931,41,1
1932,23,0
1933,83,0
1934,48,1
1935,45,1
1936,42,1
1937,57,0
1938,49,0
1939,101,0
1940,39,1
1941,36,1
1942,111,1
1943,50,1
1944,73,0
1945,45,1
1946,60,1
1947,81,1
1948,200,0
1949,153,0
1950,105,1
1951,186,0
1952,200,0
1953,60,1
1954,40,1
1955,54,0
1956,64,1
1957,61,1
1958,63,1
1959,96,1
1960,34,1
1961,51,1
1962,38,1
1963,64,0
1964,70,0
1965,62,1
1966,43,0
1967,71,1
1968,38,1
1969,33,1
1970,60,0
1971,177,0
1972,76,0
1973,64,1
1974,57,0
1975,94,1
1976,152,0
1977,123,1
1978,152,1
1979,68,0
1980,92,0
1981,38,1
1982,41,0
1983,70,1
1984,105,0
1985,88,1
1986,34,1
1987,123,1
1988,51,1
1989,55,1
1990,60,0
1991,67,0
1992,45,0
1993,32,1
1994,53,1
1995,41,0
1996,26,1
1997,88,1
1998,45,0
1999,29,1
2000,152,1
2001,76,0
2002,51,1
2003,50,1
2004,82,1
2005,162,0
2006,66,1
2007,43,1
2008,49,1
2009,48,1
2010,37,1
2011,79,0
2012,72,0
2013,71,1
2014,34,0
2015,63,1
2016,63,1
2017,47,0
2018,67,1
2019,129,0
2020,72,1
2021,60,1
2022,37,1
2023,87,1
2024,61,1
2025,54,0
2026,75,1
2027,32,1
2028,62,1
2029,109,1
2030,37,1
2031,67,1
2032,107,1
2033,46,0
2034,80,0
2035,37,1
2036,114,1
2037,190,0
2038,109,0
2039,28,0
2040,96,1
2041,151,1
2042,60,1
2043,43,0
2044,84,1
2045,130,1
2046,67,1
2047,29,1
2048,65,1
2049,103,0
2050,65,1
2051,55,1
2052,147,1
2053,84,0
2054,23,1
2055,29,1
2056,129,0
2057,32,1
2058,71,1
2059,65,1
2060,38,0
2061,61,0
2062,66,0
2063,63,1
2064,69,0
2065,115,1
2066,88,0
2067,32,1
2068,74,1
2069,117,1
2070,86,1
2071,58,1
2072,67,1
2073,46,1
2074,98,1
2075,33,1
2076,69,0
2077,54,1
2078,44,1
2079,67,1
2080,87,0
2081,25,0
2082,90,0
2083,56,0
2084,28,1
2085,32,1
2086,54,0
2087,128,1
2088,58,1
2089,176,1
2090,103,1
2091,98,0
2092,119,0
2093,22,1
2094,26,1
2095,134,0
2096,69,0
2097,135,1
2098,100,1
2099,36,0
2100,72,1
2101,182,1
2102,35,1
2103,43,0
2104,119,1
2105,60,1
2106,30,1
2107,41,1
2108,63,1
2109,110,1
2110,59,1
2111,45,1
2112,88,0
2113,65,1
2114,47,1
2115,90,1
2116,68,0
2117,86,1
2118,17,1
2119,39,0
2120,38,1
2121,38,0
2122,88,0
2123,131,1
2124,81,0
2125,82,0
2126,113,0
2127,81,1
2128,118,0
2129,39,0
2130,85,0
2131,69,1
2132,50,1
2133,111,0
2134,37,1
2135,95,1
2136,79,1
2137,101,0
2138,53,0
2139,86,0
2140,126,1
2141,59,0
2142,74,1
2143,51,1
2144,65,1
2145,90,0
2146,67,0
2147,69,0
2148,36,1
2149,110,1
2150,58,1
2151,143,1
2152,80,1
2153,58,1
2154,57,0
2155,102,0
2156,51,0
2157,123,0
2158,85,1
2159,31,1
2160,125,0
2161,43,1
2162,124,1
2163,39,1
2164,87,1
2165,36,1
2166,94,0
2167,86,0
2168,97,1
2169,63,0
2170,76,0
2171,55,1
2172,68,1
2173,46,0
2174,58,1
2175,75,0
2176,87,1
2177,34,0
2178,45,1
2179,118,1
2180,61,1
2181,92,1
2182,71,0
2183,47,0
2184,62,0
2185,67,0
2186,81,1
2187,63,1
2188,138,1
2189,46,0
2190,84,1
2191,68,0
2192,56,1
2193,54,1
2194,38,0
2195,74,1
2196,61,1
2197,29,0
2198,71,0
2199,44,1
2200,24,1
2201,200,0
2202,40,0
2203,72,1
2204,66,1
2205,106,1
2206,56,0
2207,25,0
2208,42,0
2209,79,0
2210,81,0
2211,72,1
2212,44,1
2213,70,1
2214,54,1
2215,49,1
2216,123,0
2217,101,1
2218,52,1
2219,82,1
2220,44,0
2221,122,1
2222,98,1
2223,62,1
2224,81,1
2225,55,1
2226,120,0
2227,138,0
2228,66,0
2229,178,1
2230,65,0
2231,37,0
2232,114,0
2233,45,1
2234,45,1
2235,41,0
2236,71,0
2237,64,1
2238,51,1
2239,171,1
2240,40,1
2241,120,1
2242,88,0
2243,56,0
2244,53,1
2245,51,1
2246,28,0
2247,103,1
2248,118,0
2249,76,1
2250,50,0
2251,102,0
2252,132,1
2253,67,0
2254,41,1
2255,84,1
2256,26,1
2257,80,0
2258,28,0
2259,63,1
2260,80,1
2261,43,0
2262,157,1
2263,67,0
2264,52,1
2265,58,0
2266,85,1
2267,112,0
2268,31,1
2269,57,0
2270,100,1
2271,90,1
2272,40,0
2273,108,0
2274,85,1
2275,68,0
2276,166,1
2277,50,1
2278,50,1
2279,67,1
2280,32,1
2281,19,0
2282,176,1
2283,61,1
2284,47,1
2285,63,0
2286,50,1
2287,74,1
2288,46,1
2289,67,1
2290,53,1
2291,28,1
2292,169,0
2293,102,1
2294,47,1
2295,96,1
2296,95,0
2297,92,1
2298,104,1
2299,147,0
2300,43,0
2301,72,0
2302,65,0
2303,124,0
2304,47,0
2305,32,1
2306,69,1
2307,117,0
2308,83,1
2309,61,1
2310,106,0
2311,57,0
2312,82,1
2313,72,1
2314,93,1
2315,56,0
2316,150,1
2317,41,1
2318,45,1
2319,87,0
2320,175,0
2321,102,1
2322,101,0
2323,46,1
2324,66,0
2325,81,1
2326,32,1
2327,45,1
2328,78,0
2329,51,0
2330,85,1
2331,38,1
2332,80,1
2333,84,1
2334,60,1
2335,86,1
2336,200,0
2337,48,1
2338,131,1
2339,52,0
2340,102,1
2341,30,1
2342,53,0
2343,137,0
2344,76,0
2345,63,1
2346,55,0
2347,145,0
2348,90,0
2349,54,0
2350,37,0
2351,40,0
2352,113,1
2353,40,1
2354,50,0
2355,120,1
2356,36,0
2357,56,0
2358,45,0
2359,115,1
2360,37,1
2361,31,1
2362,86,0
2363,72,0
2364,62,0
2365,110,1
2366,82,0
2367,135,0
2368,114,0
2369,92,1
2370,79,1
2371,69,1
2372,79,0
2373,44,1
2374,24,1
2375,58,1
2376,39,1
2377,74,1
2378,195,1
2379,67,1
2380,56,1
2381,56,1
2382,65,1
2383,80,1
2384,129,0
2385,114,1
2386,92,0
2387,49,0
2388,64,1
2389,120,1
2390,20,1
2391,30,1
2392,42,1
2393,130,1
2394,194,1
2395,51,1
2396,116,0
2397,91,0
2398,35,1
2399,60,1
2400,27,1
2401,49,0
2402,68,1
2403,39,1
2404,59,1
2405,63,1
2406,33,1
2407,51,0
2408,58,0
2409,49,0
2410,71,1
2411,29,1
2412,43,1
2413,33,0
2414,67,1
2415,108,0
2416,75,0
2417,161,1
2418,38,0
2419,40,1
2420,62,1
2421,62,0
2422,52,0
2423,27,0
2424,58,1
2425,44,0
2426,44,1
2427,61,1
2428,200,0
2429,25,0
2430,57,0
2431,32,1
2432,34,0
2433,48,1
2434,74,0
2435,52,1
2436,39,1
2437,109,1
2438,194,1
2439,58,1
2440,41,1
2441,113,1
2442,57,1
2443,100,1
2444,174,0
2445,54,0
2446,40,1
2447,70,0
2448,56,1
2449,130,0
2450,34,1
2451,66,1
2452,80,1
2453,89,1
2454,84,0
2455,25,1
2456,42,0
2457,102,0
2458,80,1
2459,108,1
2460,46,1
2461,56,1
2462,87,1
2463,60,1
2464,60,0
2465,31,1
2466,86,1
2467,54,0
2468,83,1
2469,44,1
2470,137,1
2471,37,0
2472,43,1
2473,55,1
2474,24,1
2475,29,1
2476,29,1
2477,35,1
2478,51,1
2479,84,0
2480,123,1
2481,69,1
2482,34,1
2483,33,0
2484,36,0
2485,57,0
2486,115,1
2487,168,1
2488,43,1
2489,68,0
2490,79,1
2491,37,1
2492,77,1
2493,86,1
2494,53,1
2495,31,1
2496,76,1
2497,23,1
2498,41,0
2499,86,1
2500,21,0
2501,109,0
2502,81,0
2503,47,0
2504,51,1
2505,34,1
2506,40,0
2507,81,1
2508,77,0
2509,51,0
2510,103,0
2511,75,1
2512,31,1
2513,60,0
2514,41,1
2515,71,0
2516,174,1
2517,97,1
2518,78,1
2519,40,1
2520,43,1
2521,68,1
2522,84,1
2523,149,1
2524,79,1
2525,67,1
2526,49,1
2527,102,1
2528,48,1
2529,80,1
2530,54,1
2531,44,1
2532,74,0
2533,119,0
2534,68,0
2535,33,0
2536,94,0
2537,34,0
2538,35,1
2539,58,0
2540,56,1
2541,77,1
2542,200,0
2543,95,0
2544,59,1
2545,106,0
2546,88,0
2547,39,1
2548,35,0
2549,32,1
2550,53,0
2551,52,1
2552,88,0
2553,72,1
2554,61,1
2555,104,0
2556,75,1
2557,55,1
2558,60,0
2559,61,1
2560,89,1
2561,53,1
2562,51,0
2563,34,1
2564,75,1
2565,38,1
2566,88,1
2567,64,0
2568,56,0
2569,148,0
2570,71,1
2571,112,0
2572,42,0
2573,115,1
2574,42,1
2575,134,0
2576,69,0
2577,61,1
2578,36,0
2579,47,1
2580,60,1
2581,53,1
2582,113,1
2583,41,1
2584,98,0
2585,63,1
2586,48,0
2587,95,1
2588,38,1
2589,129,1
2590,49,1
2591,23,0
2592,64,0
2593,24,0
2594,62,1
2595,200,0
2596,31,1
2597,65,0
2598,47,0
2599,65,1
2600,87,1
2601,90,0
2602,50,1
2603,95,1
2604,114,1
2605,68,0
2606,55,1
2607,28,1
2608,80,1
2609,102,0
2610,97,1
2611,42,0
2612,134,0
2613,59,1
2614,72,1
2615,45,1
2616,35,1
2617,45,0
2618,73,0
2619,48,0
2620,58,1
2621,79,1
2622,22,1
2623,59,1
2624,63,0
2625,173,1
2626,83,1
2627,64,0
2628,47,0
2629,69,0
2630,41,1
2631,58,1
2632,73,0
2633,87,1
2634,54,0
2635,34,0
2636,52,1
2637,35,1
2638,106,1
2639,44,0
2640,68,0
2641,51,1
2642,63,1
2643,42,1
2644,55,1
2645,81,1
2646,86,1
2647,54,1
2648,72,1
2649,56,0
2650,89,1
2651,101,0
2652,126,0
2653,53,0
2654,93,0
2655,67,1
2656,67,0
2657,107,0
2658,200,0
2659,48,1
2660,73,1
2661,78,0
2662,33,1
2663,71,1
2664,113,1
2665,38,1
2666,64,0
2667,84,1
2668,45,1
2669,45,1
2670,53,1
2671,76,1
2672,65,1
2673,60,0
2674,53,1
2675,101,0
2676,35,1
2677,107,1
2678,51,0
2679,43,0
2680,107,1
2681,51,1
2682,64,0
2683,84,0
2684,144,0
2685,70,1
2686,67,0
2687,68,1
2688,57,1
2689,70,0
2690,88,1
2691,31,1
2692,33,0
2693,100,1
2694,117,1
2695,79,1
2696,61,1
2697,63,1
2698,100,1
2699,81,1
2700,142,0
2701,59,0
2702,59,1
2703,45,0
2704,185,1
2705,106,1
2706,111,0
2707,68,1
2708,31,1
2709,63,1
2710,55,1
2711,48,1
2712,115,1
2713,57,1
2714,31,0
2715,37,1
2716,66,0
2717,66,1
2718,200,0
2719,102,1
2720,60,1
2721,65,1
2722,41,1
2723,104,1
2724,75,0
2725,200,0
2726,100,0
2727,186,1
2728,72,0
2729,139,1
2730,171,0
2731,83,0
2732,56,0
2733,44,1
2734,57,0
2735,83,0
2736,119,1
2737,50,0
2738,106,0
2739,62,1
2740,60,1
2741,54,1
2742,91,1
2743,45,0
2744,178,1
2745,29,1
2746,147,1
2747,38,1
2748,25,1
2749,57,1
2750,57,0
2751,51,1
2752,41,1
2753,81,1
2754,102,0
2755,88,1
2756,62,1
2757,55,0
2758,40,1
2759,47,1
2760,71,1
2761,111,1
2762,198,1
2763,72,1
2764,39,1
2765,120,1
2766,85,1
2767,56,0
2768,107,0
2769,85,1
2770,52,0
2771,66,1
2772,79,0
2773,78,1
2774,86,1
2775,87,0
2776,56,1
2777,111,0
2778,45,0
2779,49,1
2780,56,0
2781,39,1
2782,76,1
2783,77,1
2784,191,0
2785,105,0
2786,62,1
2787,84,1
2788,80,1
2789,37,1
2790,95,0
2791,90,0
2792,39,1
2793,73,0
2794,86,1
2795,51,1
2796,33,0
2797,78,0
2798,35,1
2799,99,1
2800,65,1
2801,104,0
2802,85,1
2803,133,0
2804,22,0
2805,200,0
2806,67,0
2807,96,1
2808,82,0
2809,78,0
2810,91,1
2811,196,1
2812,59,0
2813,63,0
2814,45,1
2815,65,1
2816,41,1
2817,42,1
2818,49,1
2819,154,0
2820,60,0
2821,76,1
2822,106,0
2823,48,1
2824,47,1
2825,52,0
2826,86,1
2827,133,1
2828,66,0
2829,112,1
2830,27,1
2831,39,0
2832,28,1
2833,44,1
2834,24,0
2835,36,1
2836,73,0
2837,63,1
2838,53,0
2839,42,0
2840,56,1
2841,51,0
2842,50,0
2843,54,0
2844,58,0
2845,49,1
2846,68,0
2847,70,0
2848,46,1
2849,38,1
2850,82,1
2851,52,1
2852,36,1
2853,111,0
2854,47,1
2855,44,1
2856,39,1
2857,98,0
2858,40,1
2859,87,0
2860,34,1
2861,72,0
2862,61,0
2863,65,1
2864,159,0
2865,37,0
2866,47,1
2867,72,1
2868,93,0
2869,168,0
2870,111,0
2871,111,0
2872,31,1
2873,59,1
2874,62,1
2875,117,1
2876,50,1
2877,40,1
2878,80,0
2879,56,1
2880,46,1
2881,49,1
2882,97,1
2883,68,0
2884,46,1
2885,79,0
2886,54,0
2887,52,0
2888,69,1
2889,60,0
2890,176,1
2891,20,0
2892,83,0
2893,67,1
2894,95,0
2895,95,1
2896,39,0
2897,77,0
2898,63,0
2899,81,0
2900,42,1
2901,47,1
2902,60,0
2903,141,0
2904,63,1
2905,56,0
2906,49,0
2907,97,1
2908,62,0
2909,28,0
2910,93,1
2911,30,0
2912,56,1
2913,87,1
2914,179,0
2915,93,0
2916,200,0
2917,36,1
2918,89,1
2919,41,1
2920,35,1
2921,45,1
2922,100,0
2923,59,0
2924,91,0
2925,200,0
2926,76,1
2927,63,0
2928,62,0
2929,79,0
2930,92,1
2931,105,1
2932,105,1
2933,28,1
2934,48,1
2935,54,1
2936,175,0
2937,80,1
2938,101,1
2939,58,1
2940,82,1
2941,46,0
2942,31,1
2943,43,1
2944,31,0
2945,70,1
2946,36,1
2947,56,1
2948,78,0
2949,61,1
2950,89,1
2951,37,1
2952,88,1
2953,55,1
2954,48,1
2955,100,1
2956,93,1
2957,39,1
2958,53,0
2959,63,1
2960,87,1
2961,72,1
2962,29,1
2963,69,0
2964,75,0
2965,156,1
2966,60,1
2967,108,1
2968,53,0
2969,114,1
2970,73,1
2971,48,1
2972,190,0
2973,48,1
2974,112,0
2975,121,0
2976,62,1
2977,66,0
2978,58,1
2979,25,0
2980,99,1
2981,111,1
2982,40,0
2983,40,0
2984,97,0
2985,71,1
2986,28,1
2987,84,1
2988,75,1
2989,51,1
2990,83,0
2991,82,0
2992,116,0
2993,49,1
2994,200,0
2995,66,1
2996,51,0
2997,57,0
2998,97,1
2999,53,0
3000,81,0
3001,55,1
3002,39,1
3003,42,0
3004,55,0
3005,96,0
3006,47,1
3007,133,1
3008,69,0
3009,52,1
3010,36,1
3011,46,0
3012,60,1
3013,167,0
3014,50,1
3015,30,0
3016,69,0
3017,34,1
3018,142,1
3019,50,0
3020,90,0
3021,66,1
3022,99,1
3023,47,0
3024,105,0
3025,107,1
3026,117,0
3027,52,1
3028,60,1
3029,70,1
3030,40,1
3031,27,1
3032,90,1
3033,103,1
3034,50,1
3035,64,0
3036,51,1
3037,67,0
3038,35,0
3039,163,1
3040,62,0
3041,37,1
3042,115,0
3043,51,1
3044,22,0
3045,106,1
3046,35,1
3047,47,0
3048,78,1
3049,84,1
3050,79,1
3051,83,1
3052,68,0
3053,121,0
3054,98,1
3055,26,1
3056,38,0
3057,65,0
3058,138,0
3059,122,0
3060,38,0
3061,24,1
3062,200,0
3063,27,0
3064,56,1
3065,62,1
3066,48,0
3067,116,1
3068,92,1
3069,56,1
3070,64,0
3071,77,1
3072,75,1
3073,66,1
3074,58,0
3075,27,0
3076,30,1
3077,41,1
3078,44,1
3079,73,1
3080,41,1
3081,113,1
3082,88,1
3083,78,0
3084,133,0
3085,106,1
3086,156,0
3087,64,1
3088,49,1
3089,43,1
3090,62,1
3091,70,0
3092,97,0
3093,50,1
3094,50,0
3095,135,1
3096,46,0
3097,32,1
3098,65,1
3099,51,0
3100,96,0
3101,57,0
3102,106,1
3103,69,0
3104,96,0
3105,50,0
3106,48,0
3107,149,1
3108,45,1
3109,47,0
3110,24,0
3111,78,1
3112,49,1
3113,62,1
3114,55,0
3115,111,0
3116,78,0
3117,59,1
3118,62,0
3119,71,1
3120,121,1
3121,57,0
3122,63,1
3123,88,1
3124,68,1
3125,76,0
3126,162,0
3127,43,1
3128,49,1
3129,80,0
3130,73,1
3131,40,1
3132,44,0
3133,116,0
3134,32,1
3135,78,1
3136,54,1
3137,49,1
3138,46,1
3139,134,1
3140,87,1
3141,200,0
3142,30,1
3143,78,0
3144,45,0
3145,42,1
3146,45,1
3147,69,0
3148,48,1
3149,91,0
3150,84,1
3151,117,1
3152,48,1
3153,98,0
3154,51,1
3155,40,0
3156,124,0
3157,62,1
3158,172,0
3159,74,1
3160,89,1
3161,49,1
3162,69,0
3163,77,0
3164,120,0
3165,55,0
3166,45,0
3167,74,0
3168,126,1
3169,87,0
3170,94,1
3171,70,1
3172,67,1
3173,68,1
3174,47,1
3175,67,1
3176,59,1
3177,75,1
3178,92,1
3179,47,1
3180,103,1
3181,53,1
3182,87,1
3183,75,0
3184,106,0
3185,120,1
3186,110,1
3187,28,1
3188,39,1
3189,33,0
3190,136,1
3191,58,0
3192,61,1
3193,81,1
3194,50,0
3195,49,1
3196,155,1
3197,43,0
3198,158,1
3199,71,0
3200,54,0
3201,111,1
3202,110,1
3203,45,1
3204,198,0
3205,112,0
3206,63,0
3207,37,1
3208,48,1
3209,76,0
3210,57,1
3211,41,1
3212,79,1
3213,51,1
3214,77,0
3215,149,1
3216,39,0
3217,43,1
3218,72,0
3219,96,1
3220,39,0
3221,121,0
3222,72,0
3223,200,0
3224,80,1
3225,111,0
3226,58,1
3227,55,1
3228,114,1
3229,55,1
3230,89,1
3231,59,0
3232,75,0
3233,33,0
3234,163,1
3235,56,0
3236,93,1
3237,62,0
3238,102,0
3239,61,1
3240,91,0
3241,30,1
3242,61,0
3243,32,1
3244,48,0
3245,55,1
3246,67,1
3247,89,0
3248,67,1
3249,46,1
3250,73,0
3251,39,1
3252,52,1
3253,85,1
3254,82,1
3255,62,1
3256,65,0
3257,57,1
3258,72,0
3259,79,0
3260,71,0
3261,85,1
3262,30,1
3263,53,1
3264,49,0
3265,42,0
3266,111,1
3267,91,0
3268,30,1
3269,90,0
3270,51,1
3271,42,1
3272,54,1
3273,39,0
3274,30,0
3275,49,1
3276,51,0
3277,37,0
3278,104,1
3279,67,0
3280,76,1
3281,49,1
3282,47,1
3283,60,1
3284,62,0
3285,66,0
3286,100,0
3287,113,1
3288,44,1
3289,83,1
3290,78,1
3291,46,1
3292,46,0
3293,155,0
3294,71,0
3295,116,0
3296,91,1
3297,37,1
3298,96,1
3299,50,1
3300,54,1
3301,73,1
3302,200,0
3303,113,1
3304,29,1
3305,26,1
3306,65,1
3307,99,1
3308,129,1
3309,200,0
3310,49,1
3311,62,0
3312,31,0
3313,50,1
3314,81,1
3315,75,0
3316,63,0
3317,31,1
3318,63,1
3319,81,0
3320,71,0
3321,43,1
3322,46,1
3323,70,0
3324,163,1
3325,54,0
3326,37,1
3327,69,1
3328,62,1
3329,38,1
3330,46,1
3331,61,1
3332,46,1
3333,38,1
3334,98,0
3335,107,1
3336,54,1
3337,50,1
3338,46,1
3339,200,0
3340,51,0
3341,36,1
3342,45,1
3343,93,1
3344,74,0
3345,50,1
3346,35,1
3347,46,1
3348,79,1
3349,73,1
3350,110,0
3351,87,1
3352,22,1
3353,55,0
3354,67,1
3355,140,0
3356,56,1
3357,44,1
3358,130,0
3359,36,1
3360,33,1
3361,40,1
3362,66,0
3363,61,1
3364,118,0
3365,87,0
3366,69,0
3367,28,0
3368,133,0
3369,69,0
3370,83,0
3371,32,1
3372,53,1
3373,146,0
3374,64,1
3375,141,0
3376,51,1
3377,115,1
3378,47,0
3379,112,0
3380,72,0
3381,146,0
3382,72,0
3383,156,0
3384,53,1
3385,90,1
3386,89,1
3387,27,1
3388,30,0
3389,41,1
3390,39,1
3391,103,1
3392,46,0
3393,61,1
3394,47,1
3395,61,0
3396,51,1
3397,173,1
3398,33,0
3399,62,1
3400,41,1
3401,41,1
3402,43,0
3403,52,0
3404,56,1
3405,104,1
3406,56,1
3407,44,0
3408,83,1
3409,93,0
3410,41,0
3411,40,1
3412,36,1
3413,71,0
3414,93,1
3415,115,0
3416,66,1
3417,200,0
3418,69,1
3419,62,1
3420,54,0
3421,129,0
3422,90,0
3423,113,1
3424,43,0
3425,62,1
3426,113,1
3427,50,1
3428,44,1
3429,53,1
3430,106,0
3431,192,1
3432,47,0
3433,27,1
3434,107,0
3435,103,1
3436,122,1
3437,62,0
3438,41,0
3439,87,1
3440,67,1
3441,171,1
3442,132,0
3443,63,0
3444,43,1
3445,40,1
3446,151,1
3447,119,1
3448,40,1
3449,69,1
3450,105,1
3451,110,0
3452,31,1
3453,67,1
3454,94,1
3455,37,0
3456,41,0
3457,33,1
3458,125,1
3459,37,1
3460,78,0
3461,115,1
3462,107,0
3463,80,0
3464,39,1
3465,54,1
3466,70,0
3467,31,1
3468,61,1
3469,95,1
3470,74,0
3471,93,1
3472,67,1
3473,43,0
3474,70,0
3475,102,1
3476,105,0
3477,70,0
3478,54,0
3479,35,0
3480,47,1
3481,44,0
3482,52,0
3483,68,1
3484,44,1
3485,137,1
3486,106,0
3487,52,1
3488,44,1
3489,41,1
3490,83,1
3491,58,0
3492,81,1
3493,52,1
3494,64,1
3495,86,1
3496,99,1
3497,28,0
3498,28,1
3499,60,0
3500,51,1
3501,39,1
3502,82,1
3503,78,1
3504,32,1
3505,77,1
3506,121,1
3507,152,0
3508,45,0
3509,109,0
3510,106,0
3511,104,1
3512,70,1
3513,70,0
3514,30,0
3515,25,0
3516,56,0
3517,61,0
3518,41,1
3519,81,0
3520,101,1
3521,80,0
3522,89,0
3523,57,0
3524,62,1
3525,74,1
3526,50,1
3527,109,1
3528,64,1
3529,72,0
3530,54,0
3531,46,0
3532,42,1
3533,60,1
3534,58,1
3535,158,0
3536,111,1
3537,63,1
3538,80,1
3539,112,1
3540,45,1
3541,200,0
3542,65,0
3543,68,1
3544,122,1
3545,96,0
3546,64,0
3547,200,0
3548,54,0
3549,36,1
3550,74,0
3551,57,1
3552,48,1
3553,70,1
3554,46,0
3555,49,0
3556,51,1
3557,43,1
3558,43,1
3559,54,0
3560,55,0
3561,48,1
3562,98,0
3563,51,1
3564,172,1
3565,89,1
3566,68,0
3567,54,1
3568,45,0
3569,74,0
3570,82,1
3571,64,1
3572,66,0
3573,23,0
3574,33,0
3575,44,1
3576,48,1
3577,109,0
3578,49,0
3579,145,0
3580,57,0
3581,57,0
3582,75,1
3583,67,1
3584,196,1
3585,95,0
3586,66,1
3587,113,1
3588,67,0
3589,47,1
3590,48,1
3591,55,1
3592,47,1
3593,168,1
3594,76,1
3595,150,1
3596,120,1
3597,200,0
3598,108,1
3599,81,0
3600,61,0
3601,65,1
3602,73,1
3603,25,1
3604,79,0
3605,85,0
3606,35,1
3607,86,1
3608,58,1
3609,38,1
3610,113,0
3611,66,1
3612,29,1
3613,36,1
3614,84,1
3615,28,1
3616,44,1
3617,41,0
3618,128,0
3619,83,0
3620,49,0
3621,140,0
3622,135,0
3623,52,1
3624,121,0
3625,110,0
3626,122,0
3627,78,1
3628,44,1
3629,149,1
3630,147,1
3631,67,0
3632,75,0
3633,55,1
3634,119,1
3635,50,1
3636,74,1
3637,70,0
3638,42,1
3639,58,1
3640,85,1
3641,55,1
3642,172,1
3643,56,1
3644,106,0
3645,71,0
3646,62,1
3647,52,1
3648,30,1
3649,38,1
3650,124,1
3651,94,1
3652,69,0
3653,105,0
3654,60,1
3655,65,0
3656,110,1
3657,82,1
3658,85,1
3659,73,1
3660,33,1
3661,200,0
3662,43,1
3663,43,1
3664,60,0
3665,47,1
3666,41,1
3667,78,0
3668,64,0
3669,59,0
3670,63,1
3671,52,1
3672,109,0
3673,200,0
3674,52,0
3675,61,0
3676,131,1
3677,125,0
3678,68,1
3679,31,0
3680,50,1
3681,38,0
3682,51,1
3683,146,1
3684,74,0
3685,72,1
3686,68,0
3687,63,0
3688,29,0
3689,31,1
3690,146,1
3691,89,1
3692,67,1
3693,66,1
3694,99,1
3695,27,0
3696,59,0
3697,98,1
3698,100,1
3699,166,0
3700,115,1
3701,39,1
3702,55,0
3703,71,1
3704,81,0
3705,88,1
3706,70,1
3707,56,1
3708,131,1
3709,117,1
3710,33,1
3711,55,1
3712,51,1
3713,164,1
3714,59,0
3715,69,1
3716,23,1
3717,48,1
3718,87,0
3719,59,1
3720,151,1
3721,32,0
3722,50,1
3723,129,1
3724,55,1
3725,70,1
3726,62,0
3727,68,0
3728,102,1
3729,69,0
3730,93,1
3731,118,1
3732,50,1
3733,43,1
3734,72,1
3735,59,0
3736,67,0
3737,53,1
3738,131,1
3739,58,0
3740,139,0
3741,136,0
3742,49,1
3743,43,1
3744,33,1
3745,48,0
3746,45,1
3747,72,0
3748,74,0
3749,27,1
3750,100,1
3751,36,1
3752,154,1
3753,55,1
3754,105,1
3755,65,0
3756,139,0
3757,63,1
3758,67,0
3759,54,0
3760,131,0
3761,76,1
3762,53,1
3763,58,0
3764,40,0
3765,48,0
3766,83,1
3767,44,0
3768,129,1
3769,45,1
3770,114,0
3771,68,1
3772,87,1
3773,73,1
3774,94,1
3775,103,1
3776,80,0
3777,100,1
3778,88,1
3779,48,1
3780,62,1
3781,129,1
3782,75,1
3783,96,1
3784,23,1
3785,97,1
3786,56,1
3787,35,1
3788,95,0
3789,72,0
3790,66,1
3791,84,1
3792,47,1
3793,96,1
3794,56,1
3795,91,1
3796,92,1
3797,156,1
3798,75,0
3799,26,0
3800,70,1
3801,68,1
3802,29,1
3803,71,1
3804,82,1
3805,59,1
3806,106,1
3807,139,0
3808,46,1
3809,49,0
3810,77,1
3811,42,0
3812,112,1
3813,91,1
3814,92,1
3815,109,1
3816,64,1
3817,72,1
3818,29,1
3819,155,1
3820,76,0
3821,61,1
3822,93,1
3823,81,0
3824,36,1
3825,103,1
3826,26,1
3827,32,0
3828,96,1
3829,60,1
3830,61,0
3831,37,0
3832,62,1
3833,200,0
3834,73,1
3835,68,1
3836,48,1
3837,70,1
3838,107,1
3839,116,0
3840,48,1
3841,48,1
3842,23,1
3843,35,1
3844,93,1
3845,87,1
3846,136,0
3847,200,0
3848,107,1
3849,43,1
3850,43,0
3851,39,1
3852,42,1
3853,42,1
3854,39,1
3855,49,1
3856,41,1
3857,95,0
3858,23,1
3859,56,1
3860,124,0
3861,62,0
3862,94,1
3863,116,0
3864,75,1
3865,32,1
3866,75,1
3867,75,0
3868,62,1
3869,52,1
3870,67,0
3871,35,1
3872,64,1
3873,90,1
3874,66,1
3875,59,0
3876,32,1
3877,35,0
3878,95,0
3879,66,0
3880,75,1
3881,65,0
3882,47,1
3883,58,0
3884,71,1
3885,200,0
3886,92,1
3887,52,1
3888,58,0
3889,66,0
3890,75,1
3891,104,0
3892,65,1
3893,62,0
3894,99,1
3895,57,0
3896,85,1
3897,47,1
3898,45,0
3899,105,0
3900,62,0
3901,175,0
3902,67,1
3903,68,1
3904,34,1
3905,115,1
3906,44,0
3907,58,0
3908,64,1
3909,80,1
3910,200,0
3911,35,1
3912,116,1
3913,58,1
3914,68,0
3915,28,0
3916,121,1
3917,77,1
3918,44,1
3919,115,1
3920,57,1
3921,44,1
3922,54,1
3923,121,0
3924,93,1
3925,84,1
3926,97,1
3927,199,1
3928,66,0
3929,65,1
3930,87,0
3931,53,1
3932,198,0
3933,75,1
3934,89,1
3935,35,1
3936,49,0
3937,92,1
3938,46,0
3939,41,0
3940,67,0
3941,31,0
3942,65,0
3943,52,1
3944,147,0
3945,53,0
3946,71,1
3947,92,1
3948,61,1
3949,27,0
3950,79,1
3951,60,0
3952,128,1
3953,69,1
3954,43,1
3955,60,1
3956,30,1
3957,52,1
3958,55,1
3959,108,0
3960,71,1
3961,90,1
3962,97,1
3963,91,0
3964,50,1
3965,47,1
3966,53,1
3967,100,0
3968,83,0
3969,93,1
3970,89,1
3971,106,1
3972,60,0
3973,70,0
3974,63,1
3975,155,1
3976,75,1
3977,61,1
3978,114,1
3979,44,0
3980,31,0
3981,37,1
3982,26,1
3983,57,1
3984,82,0
3985,69,1
3986,87,0
3987,50,0
3988,167,0
3989,50,1
3990,67,1
3991,69,0
3992,52,0
3993,102,1
3994,33,0
3995,53,1
3996,66,1
3997,147,1
3998,53,1
3999,74,1
4000,71,1
4001,54,1
4002,45,1
4003,50,1
4004,35,1
4005,140,1
4006,125,1
4007,114,1
4008,72,0
4009,111,1
4010,81,1
4011,66,0
4012,78,1
4013,88,1
4014,97,1
4015,70,0
4016,119,1
4017,64,1
4018,119,0
4019,51,0
4020,65,1
4021,52,1
4022,50,1
4023,44,1
4024,144,0
4025,27,1
4026,127,1
4027,51,0
4028,70,1
4029,80,0
4030,100,0
4031,91,1
4032,73,1
4033,33,1
4034,84,0
4035,33,1
4036,69,1
4037,39,0
4038,137,0
4039,58,1
4040,32,1
4041,178,0
4042,43,1
4043,56,1
4044,82,0
4045,71,0
4046,26,1
4047,95,1
4048,136,1
4049,117,1
4050,200,0
4051,59,0
4052,33,1
4053,38,1
4054,99,0
4055,87,1
4056,61,0
4057,81,0
4058,57,1
4059,54,1
4060,38,1
4061,70,0
4062,42,1
4063,73,1
4064,44,1
4065,60,1
4066,65,1
4067,156,0
4068,72,1
4069,54,0
4070,99,1
4071,61,0
4072,54,1
4073,58,1
4074,70,0
4075,55,0
4076,102,1
4077,114,1
4078,51,0
4079,66,1
4080,74,1
4081,35,1
4082,113,1
4083,47,1
4084,80,1
4085,35,1
4086,50,0
4087,51,1
4088,40,1
4089,65,0
4090,72,1
4091,142,1
4092,65,1
4093,43,1
4094,99,0
4095,89,0
4096,200,0
4097,83,1
4098,200,0
4099,130,1
4100,176,1
4101,47,0
4102,146,0
4103,36,0
4104,49,0
4105,52,1
4106,76,1
4107,62,1
4108,45,0
4109,68,0
4110,45,0
4111,54,1
4112,89,0
4113,43,0
4114,71,0
4115,38,1
4116,104,0
4117,25,0
4118,86,1
4119,54,1
4120,77,1
4121,65,1
4122,71,1
4123,43,0
4124,200,0
4125,53,1
4126,56,0
4127,87,1
4128,82,1
4129,57,0
4130,43,0
4131,80,1
4132,43,1
4133,42,0
4134,80,1
4135,84,0
4136,86,1
4137,67,1
4138,37,1
4139,162,0
4140,163,0
4141,47,1
4142,39,1
4143,41,0
4144,75,1
4145,129,1
4146,109,1
4147,57,1
4148,101,1
4149,63,1
4150,71,1
4151,68,0
4152,88,1
4153,32,1
4154,38,0
4155,68,0
4156,61,1
4157,155,1
4158,78,0
4159,40,1
4160,69,1
4161,129,1
4162,90,0
4163,82,1
4164,39,0
4165,42,1
4166,52,0
4167,58,0
4168,49,0
4169,69,0
4170,138,1
4171,53,0
4172,40,1
4173,34,1
4174,38,1
4175,73,1
4176,79,1
4177,136,0
4178,58,0
4179,89,1
4180,124,0
4181,56,0
4182,45,1
4183,93,0
4184,39,1
4185,25,1
4186,76,1
4187,39,0
4188,55,1
4189,78,0
4190,51,0
4191,49,0
4192,31,0
4193,28,1
4194,112,0
4195,50,1
4196,82,1
4197,57,1
4198,100,0
4199,53,0
4200,89,0
4201,58,0
4202,39,0
4203,150,0
4204,57,1
4205,98,1
4206,55,1
4207,61,1
4208,118,1
4209,80,1
4210,49,0
4211,45,0
4212,56,0
4213,52,1
4214,84,0
4215,100,0
4216,38,1
4217,59,1
4218,23,1
4219,36,1
4220,74,1
4221,78,1
4222,89,1
4223,63,1
4224,84,0
4225,200,0
4226,51,1
4227,48,1
4228,59,1
4229,74,1
4230,25,1
4231,154,1
4232,39,1
4233,24,0
4234,67,0
4235,70,1
4236,50,0
4237,79,1
4238,38,1
4239,41,0
4240,99,1
4241,54,1
4242,87,1
4243,44,1
4244,39,1
4245,31,1
4246,27,1
4247,59,0
4248,74,0
4249,54,1
4250,69,0
4251,38,1
4252,53,1
4253,46,1
4254,56,0
4255,97,1
4256,55,0
4257,178,1
4258,178,0
4259,67,0
4260,80,0
4261,91,0
4262,71,1
4263,52,1
4264,47,1
4265,39,0
4266,40,0
4267,50,1
4268,43,0
4269,91,1
4270,46,0
4271,93,1
4272,35,1
4273,84,1
4274,90,1
4275,37,1
4276,57,0
4277,41,1
4278,63,0
4279,103,1
4280,33,1
4281,38,1
4282,187,1
4283,69,1
4284,196,0
4285,61,1
4286,111,1
4287,39,0
4288,68,1
4289,49,1
4290,159,1
4291,62,1
4292,68,1
4293,70,0
4294,54,1
4295,73,0
4296,97,1
4297,42,1
4298,92,1
4299,48,0
4300,104,0
4301,54,0
4302,28,1
4303,25,0
4304,57,1
4305,139,0
4306,125,1
4307,61,0
4308,37,0
4309,55,1
4310,51,1
4311,68,1
4312,48,1
4313,49,1
4314,73,1
4315,44,1
4316,81,1
4317,99,0
4318,48,1
4319,96,1
4320,146,1
4321,119,0
4322,80,0
4323,52,0
4324,48,1
4325,88,1
4326,43,1
4327,62,1
4328,41,1
4329,52,0
4330,42,1
4331,125,0
4332,81,1
4333,59,0
4334,32,1
4335,39,0
4336,96,1
4337,102,0
4338,34,1
4339,67,0
4340,34,1
4341,23,1
4342,70,0
4343,45,1
4344,68,0
4345,54,1
4346,40,1
4347,91,0
4348,67,0
4349,53,1
4350,37,1
4351,51,1
4352,154,0
4353,50,1
4354,78,0
4355,121,0
4356,97,1
4357,90,1
4358,47,1
4359,56,0
4360,81,1
4361,41,1
4362,125,1
4363,45,1
4364,200,0
4365,41,1
4366,26,1
4367,66,1
4368,22,1
4369,55,1
4370,66,1
4371,51,1
4372,107,1
4373,53,1
4374,64,1
4375,57,0
4376,27,1
4377,118,0
4378,105,0
4379,72,1
4380,35,0
4381,82,0
4382,60,1
4383,86,1
4384,50,1
4385,69,1
4386,27,0
4387,87,1
4388,57,0
4389,88,1
4390,39,1
4391,46,0
4392,126,1
4393,84,0
4394,183,1
4395,44,0
4396,44,0
4397,44,1
4398,43,0
4399,87,0
4400,51,1
4401,50,1
4402,113,0
4403,71,1
4404,106,1
4405,56,1
4406,34,0
4407,38,1
4408,200,0
4409,66,1
4410,155,0
4411,46,0
4412,92,0
4413,111,1
4414,56,1
4415,75,1
4416,116,0
4417,60,0
4418,77,1
4419,165,1
4420,63,1
4421,104,1
4422,42,0
4423,61,1
4424,97,0
4425,69,1
4426,37,1
4427,59,0
4428,113,1
4429,39,1
4430,49,0
4431,62,1
4432,60,1
4433,45,1
4434,126,1
4435,48,0
4436,70,1
4437,48,0
4438,80,0
4439,44,1
4440,29,1
4441,65,1
4442,79,0
4443,58,1
4444,68,0
4445,56,1
4446,97,1
4447,109,1
4448,112,0
4449,69,1
4450,63,1
4451,68,0
4452,95,0
4453,68,0
4454,67,1
4455,46,0
4456,52,1
4457,102,0
4458,63,1
4459,34,1
4460,110,1
4461,49,1
4462,21,1
4463,60,1
4464,21,1
4465,90,0
4466,119,1
4467,121,1
4468,158,1
4469,153,1
4470,70,0
4471,32,1
4472,41,1
4473,111,1
4474,53,1
4475,29,0
4476,27,0
4477,102,0
4478,97,0
4479,45,1
4480,56,0
4481,75,0
4482,67,1
4483,40,0
4484,48,0
4485,74,0
4486,57,1
4487,87,1
4488,92,1
4489,70,0
4490,48,0
4491,60,1
4492,86,1
4493,89,1
4494,94,1
4495,62,0
4496,132,1
4497,87,1
4498,69,1
4499,200,0
4500,26,1
4501,49,0
4502,32,1
4503,94,1
4504,91,0
4505,82,0
4506,107,1
4507,32,0
4508,44,0
4509,36,1
4510,74,0
4511,63,1
4512,47,1
4513,85,1
4514,88,1
4515,95,1
4516,33,1
4517,123,1
4518,34,1
4519,133,1
4520,64,1
4521,200,0
4522,84,1
4523,186,0
4524,106,1
4525,67,1
4526,81,0
4527,44,0
4528,64,0
4529,57,0
4530,107,1
4531,33,1
4532,75,1
4533,31,1
4534,88,0
4535,104,1
4536,60,1
4537,40,1
4538,48,0
4539,187,1
4540,108,0
4541,42,0
4542,159,0
4543,61,1
4544,85,1
4545,28,1
4546,122,0
4547,73,1
4548,37,1
4549,44,0
4550,77,0
4551,40,1
4552,49,1
4553,45,0
4554,95,1
4555,122,1
4556,56,0
4557,56,0
4558,86,0
4559,52,0
4560,32,1
4561,88,1
4562,75,1
4563,57,1
4564,99,0
4565,106,1
4566,93,1
4567,36,0
4568,47,0
4569,55,1
4570,34,1
4571,71,1
4572,91,0
4573,129,0
4574,64,1
4575,39,1
4576,39,1
4577,124,1
4578,47,0
4579,70,1
4580,33,1
4581,60,0
4582,36,1
4583,102,1
4584,100,0
4585,49,0
4586,43,0
4587,68,1
4588,35,1
4589,51,1
4590,54,1
4591,44,0
4592,96,1
4593,88,0
4594,62,1
4595,153,0
4596,126,1
4597,33,0
4598,38,0
4599,91,1
4600,55,0
4601,26,1
4602,46,0
4603,86,0
4604,115,1
4605,54,1
4606,103,1
4607,113,1
4608,24,1
4609,51,1
4610,74,1
4611,90,1
4612,83,0
4613,56,0
4614,108,1
4615,34,1
4616,92,1
4617,45,1
4618,46,1
4619,57,1
4620,102,1
4621,66,1
4622,49,0
4623,103,1
4624,87,0
4625,59,0
4626,152,1
4627,52,0
4628,52,1
4629,114,1
4630,87,0
4631,46,1
4632,52,0
4633,76,0
4634,32,1
4635,59,1
4636,52,1
4637,100,0
4638,25,1
4639,76,1
4640,65,0
4641,62,1
4642,58,1
4643,71,1
4644,42,1
4645,109,0
4646,154,1
4647,61,1
4648,117,1
4649,77,0
4650,64,1
4651,42,1
4652,102,1
4653,52,1
4654,61,1
4655,39,1
4656,63,1
4657,49,1
4658,131,1
4659,65,1
4660,44,0
4661,66,1
4662,118,0
4663,60,0
4664,38,1
4665,42,0
4666,56,1
4667,59,1
4668,173,1
4669,65,1
4670,47,0
4671,58,1
4672,46,0
4673,28,0
4674,81,1
4675,61,1
4676,41,1
4677,50,0
4678,55,1
4679,67,0
4680,95,0
4681,76,0
4682,40,0
4683,36,1
4684,44,1
4685,60,1
4686,85,1
4687,200,0
4688,32,0
4689,19,1
4690,60,1
4691,51,1
4692,118,1
4693,178,1
4694,33,1
4695,69,1
4696,68,1
4697,55,1
4698,159,0
4699,27,0
4700,66,1
4701,108,0
4702,55,1
4703,81,1
4704,27,1
4705,110,1
4706,50,1
4707,61,1
4708,127,1
4709,48,1
4710,52,1
4711,47,1
4712,31,0
4713,72,0
4714,106,0
4715,57,1
4716,51,0
4717,31,1
4718,43,0
4719,55,1
4720,46,0
4721,31,1
4722,48,1
4723,49,0
4724,73,1
4725,68,1
4726,129,0
4727,39,0
4728,39,1
4729,42,1
4730,46,1
4731,138,1
4732,99,0
4733,54,1
4734,35,1
4735,42,0
4736,84,1
4737,50,1
4738,39,0
4739,39,1
4740,51,1
4741,84,0
4742,43,1
4743,31,1
4744,99,1
4745,62,1
4746,65,1
4747,56,1
4748,44,1
4749,74,1
4750,68,0
4751,83,1
4752,68,1
4753,64,1
4754,85,1
4755,69,0
4756,55,1
4757,85,0
4758,45,1
4759,45,1
4760,150,1
4761,171,1
4762,28,0
4763,86,0
4764,110,0
4765,52,0
4766,68,1
4767,45,1
4768,49,0
4769,78,1
4770,117,0
4771,146,1
4772,95,0
4773,61,0
4774,95,1
4775,37,1
4776,58,1
4777,34,0
4778,27,1
4779,42,1
4780,86,1
4781,53,0
4782,70,1
4783,82,1
4784,59,0
4785,53,1
4786,24,1
4787,40,1
4788,76,1
4789,61,0
4790,81,0
4791,64,0
4792,52,1
4793,84,0
4794,111,0
4795,37,0
4796,60,0
4797,187,1
4798,74,0
4799,122,1
4800,84,1
4801,154,0
4802,95,1
4803,74,1
4804,52,1
4805,21,0
4806,72,0
4807,94,1
4808,117,1
4809,113,1
4810,58,0
4811,51,1
4812,37,0
4813,92,1
4814,79,1
4815,70,0
4816,39,0
4817,55,1
4818,58,0
4819,51,0
4820,90,1
4821,33,1
4822,63,0
4823,58,1
4824,39,1
4825,101,0
4826,57,1
4827,43,1
4828,127,0
4829,57,1
4830,77,0
4831,82,0
4832,79,1
4833,51,1
4834,39,0
4835,38,0
4836,63,0
4837,36,1
4838,80,1
4839,86,1
4840,200,0
4841,47,1
4842,108,1
4843,37,1
4844,137,0
4845,77,1
4846,152,0
4847,163,1
4848,46,1
4849,48,0
4850,49,1
4851,97,1
4852,48,1
4853,63,1
4854,75,0
4855,62,0
4856,80,0
4857,96,0
4858,44,1
4859,71,1
4860,127,1
4861,113,1
4862,44,1
4863,111,0
4864,64,1
4865,91,0
4866,41,1
4867,23,0
4868,96,1
4869,65,1
4870,41,1
4871,108,1
4872,59,1
4873,83,0
4874,85,1
4875,109,0
4876,92,1
4877,25,0
4878,52,1
4879,93,0
4880,87,1
4881,82,0
4882,44,1
4883,40,0
4884,94,0
4885,60,1
4886,42,0
4887,73,1
4888,53,1
4889,59,1
4890,61,1
4891,72,1
4892,77,1
4893,40,0
4894,62,0
4895,56,0
4896,200,0
4897,85,0
4898,42,0
4899,90,0
4900,90,1
4901,21,1
4902,109,1
4903,60,1
4904,48,1
4905,68,1
4906,41,1
4907,113,1
4908,50,0
4909,52,0
4910,43,1
4911,51,0
4912,64,0
4913,106,1
4914,200,0
4915,116,1
4916,41,0
4917,36,1
4918,26,1
4919,88,1
4920,35,1
4921,111,1
4922,34,1
4923,56,1
4924,40,1
4925,59,1
4926,65,0
4927,93,1
4928,188,1
4929,65,1
4930,92,0
4931,59,1
4932,98,0
4933,42,1
4934,49,0
4935,107,1
4936,36,0
4937,41,1
4938,39,1
4939,44,1
4940,63,1
4941,84,1
4942,91,1
4943,52,1
4944,78,0
4945,31,0
4946,47,1
4947,25,1
4948,158,1
4949,45,0
4950,80,1
4951,40,1
4952,41,0
4953,60,1
4954,90,1
4955,170,0
4956,73,0
4957,71,0
4958,43,1
4959,51,1
4960,72,0
4961,65,1
4962,55,1
4963,57,0
4964,64,1
4965,62,1
4966,34,1
4967,33,1
4968,53,0
4969,104,0
4970,59,0
4971,27,1
4972,47,1
4973,64,1
4974,74,0
4975,35,0
4976,32,1
4977,43,1
4978,88,0
4979,17,1
4980,54,1
4981,105,1
4982,68,1
4983,92,0
4984,98,1
4985,110,1
4986,51,1
4987,57,0
4988,48,1
4989,142,1
4990,83,1
4991,200,0
4992,83,0
4993,74,1
4994,40,1
4995,64,1
4996,51,1
4997,51,1
4998,68,1
4999,73,0
5000,77,1
5001,36,1
5002,65,0
5003,53,1
5004,27,1
5005,142,0
5006,64,0
5007,200,0
5008,29,1
5009,99,1
5010,65,1
5011,59,0
5012,68,0
5013,34,1
5014,152,0
5015,49,1
5016,49,0
5017,38,1
5018,52,1
5019,132,1
5020,150,1
5021,60,1
5022,64,0
5023,43,1
5024,64,1
5025,64,0
5026,74,0
5027,58,1
5028,40,1
5029,36,1
5030,86,1
5031,69,0
5032,39,1
5033,40,0
5034,44,1
5035,50,1
5036,74,1
5037,32,0
5038,49,1
5039,40,1
5040,38,1
5041,65,1
5042,45,1
5043,36,0
5044,115,1
5045,33,1
5046,55,0
5047,37,0
5048,48,0
5049,55,0
5050,63,1
5051,74,1
5052,103,0
5053,90,1
5054,49,0
5055,50,1
5056,96,0
5057,77,0
5058,100,1
5059,81,1
5060,95,1
5061,54,1
5062,60,0
5063,105,1
5064,39,1
5065,89,1
5066,59,0
5067,73,1
5068,95,1
5069,142,1
5070,67,0
5071,39,0
5072,88,0
5073,37,0
5074,32,1
5075,50,0
5076,40,0
5077,40,1
5078,48,1
5079,47,1
5080,55,1
5081,72,0
5082,120,1
5083,43,1
5084,69,1
5085,52,1
5086,41,1
5087,69,1
5088,55,1
5089,45,1
5090,62,0
5091,77,1
5092,69,0
5093,26,1
5094,88,1
5095,101,1
5096,131,0
5097,39,1
5098,40,1
5099,118,1
5100,66,1
5101,33,0
5102,26,0
5103,83,1
5104,20,1
5105,49,0
5106,87,1
5107,55,0
5108,101,1
5109,46,1
5110,72,0
5111,39,1
5112,43,0
5113,117,0
5114,134,0
5115,56,1
5116,166,1
5117,150,0
5118,44,1
5119,78,0
5120,144,1
5121,38,1
5122,38,0
5123,90,1
5124,67,0
5125,82,1
5126,72,0
5127,75,1
5128,79,1
5129,88,1
5130,75,1
5131,32,1
5132,55,1
5133,37,1
5134,32,1
5135,106,0
5136,77,0
5137,75,1
5138,62,1
5139,62,1
5140,92,1
5141,56,0
5142,46,1
5143,103,0
5144,83,0
5145,62,1
5146,64,1
5147,38,1
5148,38,1
5149,52,1
5150,35,1
5151,72,1
5152,125,1
5153,46,1
5154,63,0
5155,63,0
5156,51,1
5157,23,0
5158,34,0
5159,50,1
5160,76,0
5161,89,1
5162,78,0
5163,60,1
5164,53,0
5165,147,0
5166,36,0
5167,64,1
5168,58,1
5169,56,1
5170,40,1
5171,54,1
5172,67,1
5173,92,1
5174,84,0
5175,32,1
5176,89,1
5177,39,0
5178,92,1
5179,52,1
5180,70,1
5181,66,1
5182,65,1
5183,161,0
5184,95,0
5185,70,1
5186,90,1
5187,32,1
5188,86,0
5189,63,1
5190,200,0
5191,65,0
5192,73,1
5193,50,1
5194,34,1
5195,46,1
5196,31,0
5197,50,1
5198,149,1
5199,58,0
5200,40,1
5201,57,1
5202,51,1
5203,63,0
5204,59,0
5205,35,0
5206,41,0
5207,43,1
5208,167,1
5209,97,1
5210,101,0
5211,25,0
5212,72,1
5213,65,0
5214,94,1
5215,60,0
5216,30,1
5217,48,1
5218,38,1
5219,100,1
5220,87,1
5221,138,1
5222,83,0
5223,93,0
5224,24,1
5225,28,0
5226,55,0
5227,30,0
5228,65,1
5229,85,1
5230,200,0
5231,55,1
5232,34,1
5233,146,1
5234,102,1
5235,59,1
5236,88,1
5237,51,0
5238,92,1
5239,60,1
5240,11,0
5241,37,1
5242,61,1
5243,43,1
5244,69,0
5245,56,0
5246,34,1
5247,53,1
5248,44,1
5249,80,0
5250,69,1
5251,54,1
5252,105,0
5253,105,1
5254,62,1
5255,49,1
5256,34,0
5257,70,1
5258,31,1
5259,102,1
5260,105,0
5261,41,1
5262,52,1
5263,29,1
5264,54,0
5265,60,1
5266,75,1
5267,52,0
5268,91,0
5269,52,1
5270,55,1
5271,47,1
5272,38,1
5273,92,1
5274,72,1
5275,51,0
5276,23,1
5277,41,1
5278,47,0
5279,123,0
5280,58,0
5281,80,1
5282,200,0
5283,77,1
5284,79,0
5285,53,0
5286,71,0
5287,32,1
5288,35,0
5289,37,0
5290,34,1
5291,34,0
5292,94,1
5293,42,0
5294,72,1
5295,92,0
5296,57,1
5297,41,0
5298,64,0
5299,40,1
5300,198,1
5301,42,1
5302,43,1
5303,80,0
5304,115,1
5305,57,0
5306,46,1
5307,199,1
5308,63,0
5309,36,1
5310,58,0
5311,83,0
5312,49,1
5313,81,1
5314,54,1
5315,182,1
5316,27,0
5317,27,0
5318,89,1
5319,59,0
5320,86,0
5321,18,0
5322,65,1
5323,30,1
5324,106,1
5325,39,0
5326,66,1
5327,74,1
5328,165,1
5329,61,1
5330,54,1
5331,33,1
5332,110,0
5333,88,0
5334,135,0
5335,32,1
5336,64,1
5337,48,1
5338,76,1
5339,43,0
5340,61,1
5341,37,1
5342,88,0
5343,200,0
5344,101,1
5345,50,1
5346,69,0
5347,47,1
5348,63,0
5349,54,1
5350,53,0
5351,53,0
5352,58,0
5353,71,1
5354,50,1
5355,58,0
5356,76,1
5357,63,1
5358,68,0
5359,80,0
5360,85,1
5361,30,1
5362,66,0
5363,77,0
5364,113,0
5365,42,1
5366,71,0
5367,54,1
5368,25,0
5369,76,1
5370,36,1
5371,56,0
5372,55,1
5373,50,0
5374,94,1
5375,50,1
5376,72,0
5377,70,1
5378,38,0
5379,58,1
5380,99,0
5381,36,1
5382,66,0
5383,50,1
5384,47,0
5385,86,0
5386,76,1
5387,107,1
5388,88,0
5389,198,1
5390,53,1
5391,57,1
5392,76,1
5393,108,1
5394,200,0
5395,65,1
5396,51,0
5397,41,0
5398,47,1
5399,61,0
5400,200,0
5401,47,1
5402,25,1
5403,178,0
5404,55,1
5405,83,0
5406,81,1
5407,151,0
5408,138,0
5409,58,1
5410,51,1
5411,27,1
5412,87,1
5413,115,0
5414,60,0
5415,85,0
5416,46,1
5417,28,0
5418,68,0
5419,64,1
5420,92,1
5421,96,1
5422,93,0
5423,75,1
5424,56,1
5425,108,1
5426,45,1
5427,56,1
5428,95,1
5429,66,0
5430,55,0
5431,66,0
5432,64,0
5433,75,0
5434,41,0
5435,88,1
5436,98,0
5437,63,1
5438,82,1
5439,55,0
5440,35,0
5441,124,0
5442,50,0
5443,51,1
5444,39,1
5445,63,0
5446,115,1
5447,67,1
5448,98,1
5449,200,0
5450,103,1
5451,59,0
5452,74,1
5453,115,1
5454,85,1
5455,61,1
5456,67,0
5457,40,1
5458,60,1
5459,56,1
5460,63,1
5461,43,0
5462,85,0
5463,89,0
5464,33,0
5465,44,1
5466,60,1
5467,53,0
5468,54,0
5469,105,0
5470,124,1
5471,45,1
5472,42,0
5473,97,1
5474,54,0
5475,92,1
5476,96,0
5477,51,1
5478,200,0
5479,79,1
5480,48,0
5481,26,1
5482,42,1
5483,99,1
5484,46,1
5485,85,0
5486,75,1
5487,141,1
5488,44,1
5489,68,1
5490,93,1
5491,69,0
5492,88,0
5493,20,0
5494,30,1
5495,72,0
5496,88,1
5497,44,0
5498,54,0
5499,28,0
5500,100,0
5501,200,0
5502,66,0
5503,50,1
5504,47,1
5505,57,1
5506,81,0
5507,59,1
5508,78,1
5509,86,0
5510,118,1
5511,92,0
5512,35,0
5513,122,0
5514,86,0
5515,54,1
5516,39,1
5517,25,1
5518,77,0
5519,76,1
5520,37,0
5521,94,0
5522,57,0
5523,29,1
5524,114,1
5525,51,1
5526,33,1
5527,27,0
5528,63,0
5529,55,0
5530,95,0
5531,151,0
5532,145,1
5533,56,1
5534,45,1
5535,41,1
5536,55,1
5537,92,0
5538,66,0
5539,54,0
5540,24,1
5541,59,1
5542,37,0
5543,44,0
5544,146,1
5545,132,1
5546,47,1
5547,41,0
5548,59,0
5549,57,1
5550,127,0
5551,59,0
5552,158,0
5553,52,0
5554,32,1
5555,116,0
5556,67,1
5557,65,1
5558,97,0
5559,36,0
5560,47,0
5561,195,0
5562,34,1
5563,52,1
5564,36,1
5565,39,0
5566,78,0
5567,50,1
5568,63,1
5569,40,1
5570,35,0
5571,146,1
5572,156,1
5573,57,0
5574,43,0
5575,44,1
5576,59,1
5577,32,1
5578,71,1
5579,103,1
5580,31,0
5581,70,0
5582,62,1
5583,40,0
5584,39,1
5585,109,1
5586,96,0
5587,142,0
5588,51,0
5589,104,0
5590,91,0
5591,66,1
5592,48,1
5593,200,0
5594,73,1
5595,120,1
5596,82,1
5597,43,1
5598,58,1
5599,38,1
5600,47,1
5601,53,1
5602,43,1
5603,74,0
5604,72,1
5605,41,0
5606,151,0
5607,84,0
5608,48,1
5609,105,1
5610,49,0
5611,57,0
5612,74,1
5613,58,1
5614,51,1
5615,74,1
5616,34,1
5617,93,0
5618,28,1
5619,50,0
5620,69,1
5621,56,0
5622,43,1
5623,40,1
5624,32,0
5625,45,0
5626,67,0
5627,77,1
5628,29,0
5629,37,0
5630,62,1
5631,113,0
5632,104,0
5633,57,1
5634,58,1
5635,58,1
5636,107,0
5637,76,1
5638,66,1
5639,36,1
5640,96,1
5641,52,0
5642,118,1
5643,55,1
5644,46,1
5645,89,0
5646,54,0
5647,82,1
5648,76,1
5649,200,0
5650,38,1
5651,53,1
5652,56,1
5653,81,1
5654,79,0
5655,59,0
5656,153,0
5657,60,0
5658,54,1
5659,52,0
5660,60,1
5661,39,1
5662,88,0
5663,50,1
5664,121,1
5665,57,1
5666,76,0
5667,90,0
5668,59,1
5669,100,0
5670,51,0
5671,123,1
5672,147,1
5673,70,1
5674,32,0
5675,63,1
5676,78,0
5677,97,1
5678,79,0
5679,74,1
5680,75,1
5681,46,0
5682,88,1
5683,69,1
5684,62,0
5685,57,1
5686,78,0
5687,46,1
5688,200,0
5689,83,0
5690,53,1
5691,51,1
5692,105,0
5693,52,1
5694,49,1
5695,71,1
5696,89,1
5697,61,0
5698,134,0
5699,48,1
5700,46,1
5701,197,1
5702,59,0
5703,38,1
5704,98,1
5705,27,1
5706,38,0
5707,104,0
5708,50,0
5709,61,1
5710,99,0
5711,50,0
5712,104,1
5713,141,0
5714,99,1
5715,110,1
5716,58,1
5717,188,1
5718,48,0
5719,25,1
5720,58,1
5721,39,1
5722,110,0
5723,44,1
5724,113,0
5725,129,0
5726,34,0
5727,79,1
5728,179,1
5729,55,1
5730,117,0
5731,135,1
5732,126,0
5733,82,1
5734,59,1
5735,69,1
5736,101,1
5737,141,0
5738,30,1
5739,74,1
5740,38,1
5741,100,1
5742,76,1
5743,30,1
5744,103,1
5745,30,0
5746,36,1
5747,173,0
5748,54,0
5749,57,1
5750,29,1
5751,106,1
5752,37,1
5753,200,0
5754,61,1
5755,144,1
5756,74,1
5757,53,0
5758,56,1
5759,46,0
5760,30,1
5761,62,0
5762,129,0
5763,151,0
5764,93,1
5765,50,1
5766,91,0
5767,127,1
5768,57,1
5769,132,1
5770,62,1
5771,83,0
5772,99,0
5773,27,1
5774,60,1
5775,101,0
5776,71,0
5777,54,1
5778,72,1
5779,32,0
5780,34,1
5781,53,1
5782,98,1
5783,38,0
5784,200,0
5785,100,0
5786,68,1
5787,55,1
5788,166,1
5789,95,1
5790,36,1
5791,47,0
5792,77,0
5793,87,1
5794,27,0
5795,67,1
5796,112,1
5797,64,0
5798,33,1
5799,31,0
5800,81,1
5801,54,1
5802,77,0
5803,30,0
5804,91,0
5805,42,1
5806,52,1
5807,99,0
5808,45,1
5809,52,0
5810,77,0
5811,85,0
5812,107,0
5813,81,1
5814,88,0
5815,47,1
5816,56,1
5817,82,1
5818,78,1
5819,76,0
5820,51,0
5821,72,0
5822,87,1
5823,98,0
5824,32,1
5825,84,1
5826,155,1
5827,104,1
5828,98,1
5829,142,0
5830,86,0
5831,47,0
5832,73,0
5833,51,1
5834,66,1
5835,34,0
5836,85,1
5837,45,0
5838,90,1
5839,94,1
5840,75,1
5841,87,0
5842,69,1
5843,58,1
5844,57,0
5845,95,0
5846,82,0
5847,115,1
5848,53,1
5849,62,1
5850,52,0
5851,76,1
5852,52,0
5853,69,0
5854,30,1
5855,54,1
5856,62,1
5857,195,1
5858,31,0
5859,56,1
5860,37,1
5861,31,0
5862,82,1
5863,79,1
5864,31,1
5865,41,1
5866,49,1
5867,33,1
5868,124,1
5869,105,1
5870,83,1
5871,85,1
5872,65,1
5873,78,1
5874,82,0
5875,47,1
5876,81,1
5877,58,1
5878,101,1
5879,71,1
5880,69,0
5881,46,1
5882,53,1
5883,87,1
5884,81,1
5885,63,0
5886,63,1
5887,82,1
5888,155,1
5889,29,1
5890,119,0
5891,94,0
5892,34,1
5893,23,1
5894,32,0
5895,78,1
5896,135,0
5897,151,1
5898,40,1
5899,74,1
5900,36,0
5901,60,1
5902,34,0
5903,54,0
5904,40,0
5905,95,1
5906,58,1
5907,62,0
5908,57,1
5909,165,1
5910,66,1
5911,91,1
5912,72,1
5913,32,0
5914,39,1
5915,65,1
5916,37,1
5917,33,0
5918,59,1
5919,31,0
5920,48,1
5921,102,1
5922,78,0
5923,129,1
5924,116,1
5925,125,1
5926,85,0
5927,46,1
5928,37,0
5929,157,1
5930,66,0
5931,58,0
5932,104,1
5933,83,1
5934,40,0
5935,36,0
5936,142,1
5937,79,1
5938,26,1
5939,49,1
5940,81,1
5941,83,0
5942,49,1
5943,52,1
5944,102,0
5945,82,1
5946,71,1
5947,107,0
5948,80,0
5949,34,1
5950,88,0
5951,88,0
5952,23,0
5953,76,1
5954,84,1
5955,64,1
5956,51,0
5957,38,0
5958,81,0
5959,61,1
5960,43,0
5961,29,0
5962,73,0
5963,51,1
5964,56,0
5965,58,0
5966,53,1
5967,75,0
5968,57,1
5969,51,1
5970,61,0
5971,50,1
5972,49,0
5973,46,1
5974,70,1
5975,57,1
5976,40,1
5977,40,1
5978,44,0
5979,23,0
5980,97,1
5981,30,0
5982,51,1
5983,44,0
5984,33,1
5985,130,0
5986,97,1
5987,68,1
5988,43,0
5989,71,0
5990,48,0
5991,151,1
5992,38,0
5993,112,1
5994,105,1
5995,29,1
5996,37,0
5997,62,0
5998,29,0
5999,45,0
6000,65,0
6001,39,0
6002,64,1
6003,37,0
6004,124,1
6005,144,1
6006,41,1
6007,89,1
6008,92,0
6009,68,1
6010,63,1
6011,136,0
6012,109,1
6013,63,0
6014,81,1
6015,36,1
6016,22,0
6017,41,0
6018,62,1
6019,122,1
6020,38,1
6021,83,1
6022,73,0
6023,38,1
6024,54,1
6025,36,1
6026,70,1
6027,160,0
6028,30,0
6029,71,1
6030,45,1
6031,54,0
6032,45,1
6033,129,0
6034,38,1
6035,75,1
6036,51,1
6037,42,1
6038,35,0
6039,81,1
6040,27,1
6041,85,1
6042,127,1
6043,122,1
6044,89,0
6045,53,0
6046,81,0
6047,40,0
6048,31,1
6049,26,1
6050,85,1
6051,65,1
6052,46,1
6053,41,0
6054,91,1
6055,43,0
6056,80,1
6057,71,0
6058,51,1
6059,47,1
6060,46,0
6061,141,1
6062,69,1
6063,93,0
6064,50,0
6065,52,0
6066,40,1
6067,59,1
6068,102,0
6069,61,0
6070,94,1
6071,42,1
6072,84,0
6073,200,0
6074,200,0
6075,60,0
6076,91,0
6077,83,1
6078,35,1
6079,140,1
6080,155,0
6081,51,1
6082,94,1
6083,144,1
6084,34,1
6085,75,1
6086,95,0
6087,45,1
6088,101,1
6089,47,1
6090,106,0
6091,37,0
6092,119,0
6093,40,1
6094,46,0
6095,26,1
6096,87,1
6097,52,0
6098,54,0
6099,41,0
6100,56,0
6101,142,0
6102,79,0
6103,57,1
6104,56,1
6105,115,1
6106,50,1
6107,63,1
6108,96,1
6109,58,1
6110,111,1
6111,45,1
6112,103,0
6113,42,0
6114,81,1
6115,45,1
6116,75,0
6117,195,1
6118,30,1
6119,36,1
6120,91,1
6121,38,1
6122,89,1
6123,72,1
6124,67,1
6125,124,0
6126,53,1
6127,167,1
6128,49,0
6129,76,1
6130,55,0
6131,135,1
6132,111,1
6133,65,1
6134,83,0
6135,114,0
6136,52,1
6137,56,1
6138,74,1
6139,41,1
6140,63,1
6141,28,1
6142,50,0
6143,53,0
6144,95,1
6145,57,1
6146,45,1
6147,82,1
6148,39,1
6149,33,1
6150,44,0
6151,57,1
6152,82,0
6153,102,1
6154,173,0
6155,115,0
6156,40,1
6157,97,1
6158,22,0
6159,40,1
6160,97,1
6161,78,1
6162,69,1
6163,51,1
6164,137,1
6165,42,1
6166,49,0
6167,42,0
6168,42,0
6169,65,1
6170,52,0
6171,51,1
6172,56,0
6173,98,0
6174,65,1
6175,114,1
6176,40,0
6177,41,1
6178,62,1
6179,50,1
6180,90,1
6181,54,0
6182,109,1
6183,37,0
6184,55,1
6185,61,1
6186,184,0
6187,62,1
6188,63,0
6189,54,1
6190,107,0
6191,92,0
6192,54,1
6193,60,0
6194,171,1
6195,133,1
6196,29,0
6197,47,0
6198,52,1
6199,100,1
6200,36,1
6201,108,0
6202,34,1
6203,47,0
6204,73,1
6205,38,0
6206,81,0
6207,120,0
6208,64,0
6209,42,0
6210,64,0
6211,66,0
6212,100,1
6213,183,1
6214,38,0
6215,35,1
6216,70,1
6217,61,1
6218,88,0
6219,28,1
6220,76,1
6221,79,0
6222,60,0
6223,25,1
6224,54,1
6225,176,1
6226,128,1
6227,83,0
6228,83,0
6229,53,1
6230,32,0
6231,61,1
6232,104,1
6233,70,0
6234,46,1
6235,38,0
6236,73,0
6237,43,1
6238,61,1
6239,200,0
6240,81,0
6241,89,0
6242,127,1
6243,63,1
6244,59,0
6245,63,0
6246,109,1
6247,91,1
6248,74,1
6249,34,0
6250,83,1
6251,62,1
6252,39,1
6253,76,0
6254,102,0
6255,50,1
6256,31,1
6257,55,1
6258,66,1
6259,104,1
6260,47,0
6261,128,1
6262,156,1
6263,61,1
6264,41,1
6265,45,0
6266,68,1
6267,43,1
6268,21,1
6269,117,1
6270,26,0
6271,54,1
6272,93,1
6273,59,0
6274,90,1
6275,53,0
6276,97,1
6277,82,0
6278,31,1
6279,102,1
6280,94,1
6281,122,0
6282,65,0
6283,71,0
6284,62,1
6285,47,0
6286,64,1
6287,46,0
6288,200,0
6289,31,1
6290,55,0
6291,118,1
6292,38,1
6293,64,1
6294,56,1
6295,62,1
6296,50,0
6297,58,1
6298,59,0
6299,30,0
6300,157,0
6301,81,1
6302,78,1
6303,51,1
6304,62,1
6305,86,1
6306,57,1
6307,64,0
6308,174,1
6309,102,0
6310,37,1
6311,122,1
6312,40,1
6313,45,1
6314,49,1
6315,130,0
6316,92,0
6317,65,1
6318,69,1
6319,62,1
6320,66,1
6321,50,1
6322,45,1
6323,36,0
6324,78,1
6325,60,0
6326,84,1
6327,61,0
6328,154,0
6329,34,0
6330,78,0
6331,87,1
6332,95,1
6333,58,0
6334,90,1
6335,46,1
6336,53,0
6337,73,1
6338,96,1
6339,45,1
6340,33,1
6341,62,1
6342,33,0
6343,94,0
6344,46,1
6345,49,1
6346,76,1
6347,124,1
6348,44,0
6349,46,1
6350,64,1
6351,54,1
6352,51,1
6353,34,1
6354,36,1
6355,92,1
6356,39,0
6357,37,0
6358,32,1
6359,31,1
6360,99,1
6361,100,0
6362,60,0
6363,84,1
6364,39,0
6365,63,1
6366,81,1
6367,52,0
6368,97,0
6369,102,0
6370,56,1
6371,63,1
6372,42,1
6373,95,0
6374,58,1
6375,35,1
6376,82,1
6377,35,0
6378,161,1
6379,25,1
6380,57,1
6381,54,1
6382,72,1
6383,83,0
6384,112,1
6385,98,1
6386,31,0
6387,92,0
6388,62,1
6389,71,1
6390,98,1
6391,57,1
6392,79,1
6393,28,1
6394,132,1
6395,38,0
6396,171,0
6397,66,1
6398,103,0
6399,53,1
6400,114,0
6401,58,1
6402,52,1
6403,180,1
6404,76,1
6405,46,1
6406,44,0
6407,37,1
6408,71,1
6409,110,0
6410,17,0
6411,54,1
6412,79,1
6413,79,0
6414,63,0
6415,118,1
6416,69,1
6417,173,0
6418,54,0
6419,163,1
6420,159,0
6421,43,0
6422,45,1
6423,66,0
6424,85,0
6425,115,1
6426,98,0
6427,33,1
6428,47,0
6429,55,1
6430,64,0
6431,94,1
6432,48,1
6433,100,1
6434,124,1
6435,54,1
6436,51,1
6437,62,0
6438,117,1
6439,89,0
6440,57,0
6441,61,1
6442,83,1
6443,34,1
6444,56,0
6445,66,1
6446,64,1
6447,41,1
6448,60,1
6449,141,0
6450,82,0
6451,153,0
6452,63,0
6453,104,0
6454,80,1
6455,75,0
6456,132,0
6457,89,1
6458,66,0
6459,79,1
6460,35,1
6461,52,1
6462,72,1
6463,106,0
6464,38,1
6465,71,0
6466,40,1
6467,50,1
6468,49,0
6469,46,1
6470,50,1
6471,84,0
6472,29,1
6473,38,0
6474,61,1
6475,61,0
6476,69,1
6477,40,0
6478,65,0
6479,26,0
6480,65,1
6481,70,1
6482,49,1
6483,133,0
6484,38,0
6485,136,1
6486,74,1
6487,55,0
6488,37,0
6489,77,0
6490,108,1
6491,73,1
6492,39,1
6493,47,1
6494,32,1
6495,62,0
6496,118,1
6497,51,0
6498,82,0
6499,52,1
6500,57,1
6501,56,0
6502,53,0
6503,68,1
6504,49,1
6505,50,1
6506,92,1
6507,171,1
6508,67,0
6509,41,0
6510,96,0
6511,48,1
6512,68,1
6513,33,0
6514,82,0
6515,65,1
6516,161,0
6517,80,1
6518,50,0
6519,66,1
6520,57,1
6521,97,1
6522,25,0
6523,37,1
6524,56,1
6525,166,0
6526,129,1
6527,51,1
6528,68,1
6529,88,0
6530,71,1
6531,44,1
6532,86,1
6533,103,1
6534,51,0
6535,57,0
6536,62,0
6537,72,1
6538,97,1
6539,49,1
6540,143,1
6541,93,1
6542,85,1
6543,122,1
6544,124,0
6545,50,1
6546,38,1
6547,42,0
6548,99,0
6549,48,0
6550,101,0
6551,60,1
6552,56,1
6553,72,1
6554,92,1
6555,78,0
6556,117,1
6557,55,0
6558,67,0
6559,102,1
6560,40,1
6561,59,0
6562,33,0
6563,61,1
6564,97,1
6565,45,1
6566,35,0
6567,79,1
6568,70,0
6569,154,1
6570,83,0
6571,70,1
6572,72,0
6573,80,1
6574,111,0
6575,90,0
6576,54,0
6577,29,1
6578,40,1
6579,60,0
6580,70,1
6581,55,0
6582,67,0
6583,66,1
6584,47,1
6585,48,0
6586,127,1
6587,34,1
6588,83,1
6589,51,1
6590,31,1
6591,35,1
6592,54,1
6593,117,0
6594,33,1
6595,108,1
6596,50,1
6597,84,1
6598,92,0
6599,43,0
6600,49,0
6601,51,1
6602,153,1
6603,63,0
6604,70,1
6605,82,1
6606,128,1
6607,155,0
6608,63,0
6609,125,0
6610,99,1
6611,64,0
6612,32,1
6613,78,1
6614,111,0
6615,46,1
6616,50,1
6617,41,0
6618,65,1
6619,71,1
6620,46,1
6621,79,1
6622,78,0
6623,65,0
6624,69,1
6625,107,1
6626,90,1
6627,36,1
6628,57,0
6629,49,1
6630,82,0
6631,57,1
6632,43,1
6633,32,1
6634,95,1
6635,58,1
6636,71,1
6637,39,1
6638,46,0
6639,49,1
6640,153,1
6641,52,1
6642,29,1
6643,23,0
6644,139,1
6645,50,0
6646,58,1
6647,39,0
6648,129,1
6649,80,0
6650,86,1
6651,96,0
6652,96,0
6653,82,1
6654,75,1
6655,54,1
6656,33,0
6657,87,1
6658,64,0
6659,23,1
6660,46,1
6661,52,1
6662,58,1
6663,73,1
6664,142,0
6665,108,1
6666,53,1
6667,51,1
6668,85,0
6669,54,0
6670,144,1
6671,72,1
6672,53,0
6673,70,1
6674,55,0
6675,71,0
6676,68,0
6677,54,0
6678,80,1
6679,75,1
6680,63,0
6681,78,1
6682,98,1
6683,70,1
6684,93,0
6685,69,0
6686,145,1
6687,34,0
6688,70,0
6689,47,0
6690,55,1
6691,64,0
6692,120,1
6693,57,1
6694,135,1
6695,119,1
6696,34,1
6697,60,1
6698,44,0
6699,162,1
6700,85,1
6701,59,1
6702,95,1
6703,71,1
6704,62,1
6705,58,1
6706,40,1
6707,139,1
6708,76,1
6709,24,0
6710,91,1
6711,114,0
6712,84,1
6713,47,1
6714,58,1
6715,88,1
6716,200,0
6717,95,1
6718,86,1
6719,82,1
6720,36,1
6721,75,0
6722,48,1
6723,79,1
6724,122,0
6725,68,1
6726,147,1
6727,63,0
6728,116,0
6729,63,1
6730,30,1
6731,125,1
6732,56,1
6733,85,1
6734,29,1
6735,41,0
6736,101,0
6737,71,0
6738,72,1
6739,28,1
6740,80,1
6741,29,1
6742,26,1
6743,40,0
6744,95,1
6745,92,0
6746,72,0
6747,65,0
6748,41,0
6749,91,1
6750,70,0
6751,104,0
6752,56,1
6753,84,1
6754,145,0
6755,55,0
6756,62,1
6757,125,0
6758,85,0
6759,122,0
6760,56,0
6761,33,1
6762,34,1
6763,69,1
6764,128,0
6765,145,1
6766,119,1
6767,71,0
6768,158,1
6769,34,1
6770,50,1
6771,57,1
6772,47,0
6773,83,0
6774,23,1
6775,61,0
6776,42,1
6777,54,0
6778,37,1
6779,65,0
6780,55,1
6781,98,0
6782,53,1
6783,62,0
6784,74,1
6785,81,1
6786,97,1
6787,93,1
6788,51,0
6789,46,0
6790,41,1
6791,46,0
6792,72,1
6793,84,1
6794,41,0
6795,46,1
6796,55,1
6797,31,1
6798,43,1
6799,23,0
6800,93,0
6801,104,0
6802,65,0
6803,60,0
6804,61,1
6805,53,0
6806,52,1
6807,66,0
6808,63,0
6809,97,1
6810,79,0
6811,41,0
6812,141,1
6813,47,1
6814,86,1
6815,56,1
6816,26,0
6817,132,1
6818,51,1
6819,62,1
6820,57,0
6821,95,0
6822,71,1
6823,42,1
6824,34,0
6825,42,0
6826,78,1
6827,37,1
6828,51,0
6829,78,0
6830,72,1
6831,34,0
6832,60,0
6833,31,1
6834,65,1
6835,51,1
6836,51,0
6837,93,0
6838,64,1
6839,25,1
6840,49,0
6841,47,1
6842,54,1
6843,146,1
6844,154,0
6845,59,0
6846,40,0
6847,88,0
6848,57,0
6849,60,1
6850,68,1
6851,200,0
6852,66,1
6853,66,1
6854,118,0
6855,48,0
6856,125,0
6857,63,1
6858,85,0
6859,47,1
6860,65,0
6861,88,1
6862,50,1
6863,41,0
6864,37,0
6865,66,0
6866,77,0
6867,47,1
6868,58,1
6869,56,1
6870,103,0
6871,142,1
6872,112,0
6873,66,1
6874,75,1
6875,47,0
6876,41,1
6877,35,1
6878,71,1
6879,144,0
6880,40,0
6881,147,0
6882,80,1
6883,63,1
6884,17,0
6885,37,1
6886,69,1
6887,129,1
6888,52,1
6889,56,1
6890,74,0
6891,56,0
6892,154,0
6893,67,1
6894,40,1
6895,45,1
6896,94,0
6897,127,0
6898,57,1
6899,96,0
6900,85,0
6901,111,0
6902,59,1
6903,68,0
6904,151,0
6905,134,1
6906,153,0
6907,81,1
6908,167,1
6909,47,1
6910,47,0
6911,47,1
6912,45,1
6913,66,1
6914,55,0
6915,109,1
6916,89,0
6917,100,1
6918,49,1
6919,47,1
6920,93,0
6921,88,1
6922,49,0
6923,47,1
6924,99,0
6925,72,1
6926,200,0
6927,34,1
6928,159,0
6929,200,0
6930,62,0
6931,53,0
6932,79,1
6933,75,1
6934,44,0
6935,81,1
6936,69,1
6937,72,1
6938,134,0
6939,51,1
6940,48,1
6941,60,1
6942,95,0
6943,41,0
6944,56,1
6945,62,1
6946,22,1
6947,66,0
6948,52,1
6949,38,1
6950,57,0
6951,31,0
6952,79,1
6953,48,1
6954,115,1
6955,43,1
6956,61,1
6957,48,1
6958,106,0
6959,74,1
6960,124,1
6961,100,0
6962,63,0
6963,47,1
6964,135,0
6965,39,1
6966,42,0
6967,55,1
6968,41,1
6969,39,1
6970,151,1
6971,59,0
6972,40,0
6973,120,0
6974,41,1
6975,127,1
6976,50,1
6977,93,1
6978,34,1
6979,86,1
6980,41,1
6981,132,0
6982,141,0
6983,99,1
6984,34,0
6985,121,0
6986,96,1
6987,88,0
6988,46,0
6989,179,1
6990,73,0
6991,42,1
6992,74,1
6993,107,1
6994,81,0
6995,110,1
6996,49,1
6997,70,1
6998,65,0
6999,33,1
7000,81,1
7001,44,1
7002,66,1
7003,100,0
7004,18,0
7005,35,1
7006,50,1
7007,53,1
7008,18,0
7009,82,1
7010,61,0
7011,62,1
7012,48,0
7013,75,0
7014,59,0
7015,43,0
7016,68,0
7017,92,0
7018,51,0
7019,67,1
7020,50,0
7021,63,1
7022,44,0
7023,111,1
7024,102,1
7025,25,1
7026,69,0
7027,96,1
7028,42,0
7029,45,1
7030,58,1
7031,39,0
7032,44,1
7033,79,0
7034,52,1
7035,39,1
7036,49,1
7037,81,0
7038,79,1
7039,47,1
7040,106,1
7041,172,0
7042,34,0
7043,62,0
7044,38,1
7045,200,0
7046,46,0
7047,27,1
7048,41,1
7049,26,0
7050,82,0
7051,55,1
7052,32,1
7053,139,1
7054,44,1
7055,144,1
7056,103,1
7057,200,0
7058,45,0
7059,117,0
7060,32,1
7061,51,1
7062,44,1
7063,66,0
7064,73,1
7065,34,1
7066,131,1
7067,64,1
7068,71,1
7069,133,0
7070,27,1
7071,64,1
7072,126,0
7073,48,1
7074,53,1
7075,100,1
7076,67,1
7077,111,0
7078,35,1
7079,64,0
7080,131,0
7081,35,0
7082,43,1
7083,26,1
7084,71,1
7085,38,1
7086,69,1
7087,56,0
7088,39,1
7089,48,1
7090,71,0
7091,109,0
7092,51,0
7093,62,1
7094,51,1
7095,28,1
7096,152,1
7097,33,1
7098,52,0
7099,141,1
7100,72,1
7101,51,0
7102,37,1
7103,75,1
7104,55,1
7105,71,0
7106,57,1
7107,57,0
7108,74,1
7109,66,0
7110,107,0
7111,54,0
7112,59,1
7113,40,1
7114,23,1
7115,43,1
7116,76,0
7117,77,1
7118,127,1
7119,61,0
7120,35,1
7121,61,1
7122,77,1
7123,47,1
7124,135,1
7125,121,0
7126,86,1
7127,50,1
7128,72,1
7129,74,0
7130,104,0
7131,97,0
7132,25,0
7133,107,0
7134,34,1
7135,69,1
7136,53,0
7137,80,1
7138,76,0
7139,45,1
7140,165,0
7141,127,0
7142,63,1
7143,44,1
7144,52,0
7145,50,0
7146,80,0
7147,79,0
7148,42,0
7149,36,1
7150,67,1
7151,40,1
7152,48,1
7153,31,1
7154,125,1
7155,95,0
7156,46,0
7157,72,1
7158,159,0
7159,110,0
7160,27,0
7161,36,0
7162,46,1
7163,104,0
7164,42,0
7165,63,0
7166,125,1
7167,43,1
7168,27,0
7169,38,0
7170,29,1
7171,116,1
7172,47,1
7173,52,1
7174,156,1
7175,64,1
7176,51,1
7177,34,1
7178,95,1
7179,56,1
7180,54,1
7181,126,1
7182,90,1
7183,42,1
7184,49,0
7185,136,1
7186,175,1
7187,111,1
7188,77,1
7189,95,1
7190,124,0
7191,56,1
7192,42,1
7193,61,1
7194,34,0
7195,58,1
7196,90,0
7197,71,0
7198,86,0
7199,26,0
7200,100,0
7201,86,0
7202,69,0
7203,64,1
7204,38,1
7205,53,0
7206,67,1
7207,86,1
7208,31,0
7209,32,0
7210,72,0
7211,61,0
7212,56,1
7213,56,1
7214,119,1
7215,59,1
7216,41,0
7217,200,0
7218,93,1
7219,92,0
7220,40,1
7221,79,1
7222,50,1
7223,84,0
7224,163,0
7225,22,1
7226,200,0
7227,51,1
7228,61,1
7229,95,1
7230,37,0
7231,93,1
7232,50,0
7233,60,0
7234,49,1
7235,109,0
7236,51,1
7237,120,1
7238,68,0
7239,63,0
7240,61,0
7241,65,0
7242,35,0
7243,152,1
7244,105,1
7245,97,0
7246,58,1
7247,65,0
7248,85,1
7249,30,1
7250,40,1
7251,77,1
7252,38,1
7253,62,1
7254,79,1
7255,91,1
7256,78,1
7257,31,1
7258,63,0
7259,48,1
7260,64,1
7261,42,1
7262,28,1
7263,49,0
7264,66,0
7265,48,1
7266,51,1
7267,110,0
7268,18,0
7269,60,1
7270,96,1
7271,172,1
7272,39,0
7273,82,0
7274,47,1
7275,71,0
7276,124,1
7277,57,1
7278,56,1
7279,113,0
7280,63,0
7281,185,0
7282,29,0
7283,58,1
7284,117,1
7285,67,1
7286,67,1
7287,38,1
7288,123,1
7289,127,1
7290,92,1
7291,41,0
7292,29,1
7293,151,1
7294,58,1
7295,49,0
7296,97,0
7297,58,0
7298,42,1
7299,74,1
7300,141,1
7301,77,0
7302,63,1
7303,155,1
7304,118,1
7305,60,0
7306,75,1
7307,59,0
7308,38,1
7309,110,1
7310,58,1
7311,36,1
7312,29,1
7313,50,0
7314,36,1
7315,42,0
7316,35,0
7317,63,1
7318,71,0
7319,39,1
7320,36,1
7321,69,0
7322,103,1
7323,72,1
7324,139,1
7325,118,0
7326,111,0
7327,149,1
7328,102,1
7329,90,1
7330,74,0
7331,116,0
7332,97,1
7333,79,1
7334,71,0
7335,114,0
7336,62,1
7337,126,1
7338,108,1
7339,123,1
7340,146,1
7341,45,1
7342,69,0
7343,99,0
7344,80,1
7345,70,0
7346,47,0
7347,76,1
7348,51,1
7349,117,0
7350,66,1
7351,67,1
7352,48,1
7353,82,1
7354,92,0
7355,49,0
7356,131,0
7357,87,1
7358,57,1
7359,60,0
7360,70,0
7361,42,1
7362,138,1
7363,59,1
7364,63,1
7365,46,1
7366,105,1
7367,200,0
7368,80,0
7369,51,1
7370,93,0
7371,134,1
7372,29,1
7373,86,1
7374,50,0
7375,54,1
7376,121,1
7377,73,1
7378,135,1
7379,88,0
7380,37,1
7381,72,0
7382,60,1
7383,76,0
7384,78,0
7385,46,1
7386,80,1
7387,57,1
7388,42,1
7389,67,1
7390,82,1
7391,83,1
7392,56,1
7393,56,0
7394,127,1
7395,62,1
7396,72,0
7397,137,0
7398,55,0
7399,64,0
7400,55,1
7401,55,1
7402,91,0
7403,71,1
7404,41,1
7405,88,0
7406,49,0
7407,73,1
7408,33,0
7409,80,1
7410,67,1
7411,142,1
7412,62,1
7413,114,0
7414,75,1
7415,75,1
7416,75,1
7417,40,1
7418,37,1
7419,38,0
7420,43,0
7421,25,1
7422,58,0
7423,88,1
7424,41,1
7425,47,1
7426,64,0
7427,54,0
7428,32,0
7429,53,0
7430,45,1
7431,45,1
7432,49,0
7433,39,1
7434,39,1
7435,26,0
7436,169,1
7437,45,1
7438,90,0
7439,37,0
7440,48,1
7441,46,0
7442,60,0
7443,78,1
7444,29,1
7445,53,1
7446,58,1
7447,104,1
7448,135,0
7449,31,1
7450,90,1
7451,39,1
7452,54,1
7453,181,1
7454,38,0
7455,51,1
7456,92,1
7457,30,0
7458,54,1
7459,81,1
7460,89,1
7461,37,0
7462,142,0
7463,47,1
7464,48,1
7465,110,1
7466,67,1
7467,65,0
7468,47,1
7469,74,0
7470,200,0
7471,33,0
7472,22,1
7473,72,1
7474,83,0
7475,85,1
7476,50,0
7477,47,0
7478,131,1
7479,43,1
7480,73,1
7481,94,0
7482,72,0
7483,110,0
7484,48,1
7485,86,0
7486,72,0
7487,79,1
7488,57,1
7489,77,1
7490,54,1
7491,44,1
7492,54,1
7493,72,1
7494,75,1
7495,61,1
7496,48,1
7497,53,1
7498,74,0
7499,94,0
7500,64,1
7501,107,0
7502,78,0
7503,77,1
7504,53,1
7505,50,1
7506,45,0
7507,133,0
7508,35,0
7509,42,1
7510,49,0
7511,71,1
7512,31,0
7513,45,0
7514,71,0
7515,177,0
7516,35,0
7517,57,0
7518,67,1
7519,44,0
7520,56,0
7521,84,1
7522,79,0
7523,57,1
7524,48,1
7525,70,1
7526,83,0
7527,76,1
7528,45,1
7529,115,0
7530,156,1
7531,45,0
7532,38,1
7533,67,0
7534,52,0
7535,31,0
7536,83,1
7537,135,0
7538,145,0
7539,32,0
7540,50,1
7541,163,1
7542,56,1
7543,56,0
7544,75,1
7545,116,0
7546,120,1
7547,73,1
7548,62,1
7549,34,0
7550,81,0
7551,167,1
7552,73,0
7553,65,1
7554,45,1
7555,63,0
7556,110,1
7557,77,1
7558,80,0
7559,79,0
7560,75,0
7561,112,0
7562,83,0
7563,111,1
7564,96,0
7565,63,1
7566,56,0
7567,78,1
7568,82,1
7569,161,1
7570,125,1
7571,59,1
7572,40,1
7573,18,1
7574,157,1
7575,52,1
7576,71,1
7577,146,1
7578,175,0
7579,57,1
7580,185,1
7581,57,1
7582,56,0
7583,53,1
7584,72,1
7585,86,0
7586,186,1
7587,62,1
7588,137,0
7589,62,0
7590,25,0
7591,74,1
7592,72,1
7593,51,1
7594,99,0
7595,149,1
7596,50,1
7597,88,0
7598,61,0
7599,38,0
7600,89,1
7601,125,0
7602,76,1
7603,39,1
7604,74,1
7605,41,1
7606,133,0
7607,190,1
7608,111,0
7609,48,1
7610,68,0
7611,101,1
7612,200,0
7613,26,0
7614,56,1
7615,45,0
7616,93,0
7617,69,0
7618,26,1
7619,61,0
7620,48,1
7621,30,1
7622,75,0
7623,80,0
7624,40,0
7625,43,1
7626,75,0
7627,85,0
7628,85,1
7629,101,1
7630,64,1
7631,53,1
7632,108,1
7633,88,1
7634,52,1
7635,199,0
7636,65,0
7637,83,1
7638,58,1
7639,44,0
7640,126,1
7641,44,1
7642,35,1
7643,58,0
7644,44,1
7645,69,0
7646,103,0
7647,58,1
7648,81,1
7649,93,0
7650,71,1
7651,51,1
7652,50,0
7653,38,1
7654,30,1
7655,49,1
7656,56,1
7657,35,0
7658,29,0
7659,102,1
7660,79,0
7661,64,1
7662,59,1
7663,60,0
7664,41,1
7665,76,0
7666,194,0
7667,33,1
7668,58,1
7669,52,0
7670,91,1
7671,71,1
7672,86,0
7673,64,0
7674,33,0
7675,44,0
7676,62,0
7677,39,0
7678,43,0
7679,129,1
7680,75,1
7681,25,0
7682,80,1
7683,68,1
7684,109,0
7685,31,0
7686,58,1
7687,78,0
7688,76,1
7689,34,0
7690,46,1
7691,33,1
7692,62,0
7693,137,0
7694,33,1
7695,76,0
7696,57,1
7697,92,1
7698,39,1
7699,131,1
7700,72,0
7701,116,1
7702,65,1
7703,38,1
7704,67,1
7705,64,1
7706,45,1
7707,66,1
7708,38,0
7709,95,1
7710,94,0
7711,69,1
7712,75,1
7713,73,1
7714,129,1
7715,52,0
7716,80,1
7717,75,1
7718,77,1
7719,56,1
7720,153,0
7721,82,1
7722,57,0
7723,62,1
7724,60,1
7725,148,0
7726,59,0
7727,200,0
7728,54,1
7729,77,1
7730,50,1
7731,54,0
7732,90,1
7733,163,0
7734,93,0
7735,97,1
7736,53,1
7737,50,0
7738,103,1
7739,57,1
7740,76,0
7741,56,1
7742,100,1
7743,166,0
7744,115,1
7745,62,0
7746,37,1
7747,52,0
7748,79,0
7749,100,0
7750,26,1
7751,31,0
7752,63,1
7753,35,1
7754,100,1
7755,42,0
7756,34,0
7757,134,0
7758,22,0
7759,70,1
7760,37,1
7761,120,0
7762,26,1
7763,98,0
7764,115,0
7765,75,1
7766,47,1
7767,44,0
7768,62,0
7769,111,0
7770,97,1
7771,64,1
7772,79,0
7773,60,1
7774,90,1
7775,106,1
7776,80,1
7777,66,0
7778,59,1
7779,59,1
7780,99,1
7781,90,0
7782,74,0
7783,38,1
7784,37,0
7785,146,0
7786,148,1
7787,80,0
7788,32,0
7789,69,1
7790,94,1
7791,77,1
7792,66,1
7793,158,0
7794,83,0
7795,65,0
7796,97,0
7797,45,0
7798,51,0
7799,66,1
7800,34,1
7801,66,0
7802,51,0
7803,73,0
7804,62,1
7805,86,1
7806,100,1
7807,187,1
7808,80,1
7809,108,0
7810,86,1
7811,49,1
7812,77,1
7813,38,0
7814,44,1
7815,50,1
7816,69,1
7817,117,0
7818,89,1
7819,138,1
7820,86,1
7821,98,0
7822,71,1
7823,64,0
7824,53,0
7825,114,1
7826,41,1
7827,57,0
7828,47,1
7829,76,1
7830,34,1
7831,126,0
7832,161,1
7833,87,1
7834,77,1
7835,74,0
7836,45,1
7837,88,1
7838,52,1
7839,38,0
7840,66,0
7841,74,1
7842,40,1
7843,64,0
7844,101,0
7845,31,0
7846,31,1
7847,138,1
7848,57,0
7849,52,1
7850,76,1
7851,65,1
7852,83,0
7853,38,0
7854,107,0
7855,32,0
7856,57,1
7857,45,0
7858,84,0
7859,30,0
7860,87,0
7861,23,0
7862,79,0
7863,75,0
7864,55,0
7865,73,0
7866,52,1
7867,36,0
7868,43,1
7869,85,1
7870,62,1
7871,69,1
7872,119,0
7873,79,1
7874,117,0
7875,84,1
7876,71,1
7877,85,1
7878,31,1
7879,82,0
7880,46,1
7881,169,0
7882,65,1
7883,36,1
7884,154,1
7885,59,0
7886,30,1
7887,47,0
7888,119,0
7889,44,0
7890,75,0
7891,57,0
7892,34,0
7893,114,1
7894,61,0
7895,85,1
7896,43,1
7897,192,1
7898,111,1
7899,171,0
7900,51,0
7901,75,0
7902,55,1
7903,88,0
7904,68,1
7905,43,1
7906,83,1
7907,39,1
7908,61,0
7909,75,1
7910,78,1
7911,62,0
7912,42,1
7913,43,1
7914,40,1
7915,144,1
7916,40,0
7917,116,0
7918,108,0
7919,64,1
7920,35,0
7921,166,1
7922,200,0
7923,35,1
7924,30,1
7925,75,0
7926,66,1
7927,130,0
7928,44,0
7929,63,0
7930,111,1
7931,27,0
7932,73,1
7933,176,0
7934,87,1
7935,73,1
7936,143,1
7937,89,1
7938,51,1
7939,69,0
7940,45,1
7941,74,1
7942,111,0
7943,64,1
7944,62,1
7945,75,1
7946,71,1
7947,47,1
7948,74,1
7949,79,1
7950,48,1
7951,200,0
7952,97,0
7953,63,1
7954,38,1
7955,61,1
7956,87,1
7957,49,1
7958,67,0
7959,89,0
7960,106,1
7961,168,1
7962,42,0
7963,46,1
7964,51,1
7965,164,1
7966,78,1
7967,90,0
7968,41,0
7969,68,1
7970,129,0
7971,108,1
7972,91,0
7973,113,1
7974,54,1
7975,48,1
7976,100,1
7977,80,1
7978,126,1
7979,24,1
7980,68,0
7981,191,1
7982,111,1
7983,99,0
7984,39,1
7985,163,1
7986,173,0
7987,74,1
7988,102,0
7989,59,0
7990,130,1
7991,38,1
7992,112,0
7993,27,1
7994,79,0
7995,161,0
7996,72,0
7997,34,1
7998,44,1
7999,41,1
8000,101,0
8001,37,1
8002,29,0
8003,23,0
8004,101,0
8005,22,0
8006,55,1
8007,184,1
8008,37,1
8009,99,0
8010,39,1
8011,77,0
8012,164,1
8013,88,0
8014,78,1
8015,114,1
8016,34,1
8017,63,1
8018,122,0
8019,101,0
8020,27,1
8021,68,0
8022,115,1
8023,35,0
8024,95,0
8025,46,0
8026,69,1
8027,58,1
8028,70,0
8029,113,1
8030,41,0
8031,67,0
8032,68,1
8033,70,1
8034,51,0
8035,138,0
8036,86,0
8037,105,0
8038,109,1
8039,93,0
8040,38,1
8041,79,1
8042,71,0
8043,81,1
8044,91,0
8045,56,1
8046,150,0
8047,52,0
8048,48,0
8049,200,0
8050,132,0
8051,107,1
8052,200,0
8053,159,1
8054,115,0
8055,101,1
8056,97,1
8057,69,0
8058,51,0
8059,77,0
8060,52,1
8061,98,0
8062,96,0
8063,74,1
8064,64,0
8065,39,1
8066,200,0
8067,71,1
8068,43,0
8069,66,1
8070,67,0
8071,20,0
8072,59,0
8073,66,0
8074,57,1
8075,30,1
8076,22,1
8077,40,1
8078,48,1
8079,200,0
8080,92,0
8081,95,1
8082,60,1
8083,43,1
8084,53,1
8085,82,0
8086,49,1
8087,32,0
8088,67,1
8089,30,0
8090,194,1
8091,40,1
8092,104,0
8093,70,1
8094,71,0
8095,25,0
8096,54,1
8097,54,1
8098,104,1
8099,41,1
8100,92,1
8101,59,0
8102,30,1
8103,112,0
8104,72,0
8105,59,0
8106,29,1
8107,148,1
8108,144,1
8109,81,0
8110,62,1
8111,46,1
8112,80,1
8113,119,0
8114,59,1
8115,61,0
8116,45,1
8117,56,1
8118,97,1
8119,42,1
8120,62,1
8121,46,1
8122,55,1
8123,75,0
8124,104,1
8125,89,1
8126,70,1
8127,64,1
8128,200,0
8129,85,1
8130,59,1
8131,53,1
8132,133,0
8133,78,0
8134,92,1
8135,34,0
8136,37,1
8137,64,1
8138,58,1
8139,43,1
8140,34,1
8141,76,1
8142,135,1
8143,68,1
8144,52,1
8145,54,1
8146,63,1
8147,85,1
8148,132,0
8149,34,0
8150,43,1
8151,16,0
8152,114,0
8153,32,1
8154,40,1
8155,63,0
8156,73,0
8157,40,1
8158,144,1
8159,157,1
8160,80,0
8161,41,0
8162,80,1
8163,54,1
8164,143,1
8165,41,0
8166,43,1
8167,21,1
8168,44,1
8169,39,1
8170,127,1
8171,62,1
8172,32,0
8173,45,1
8174,87,0
8175,76,0
8176,52,1
8177,102,1
8178,74,1
8179,53,1
8180,87,0
8181,49,1
8182,41,1
8183,34,1
8184,119,1
8185,48,0
8186,86,0
8187,57,1
8188,32,1
8189,42,1
8190,49,1
8191,68,1
8192,200,0
8193,170,1
8194,45,0
8195,86,1
8196,45,0
8197,76,1
8198,79,1
8199,79,0
8200,60,1
8201,38,0
8202,87,1
8203,154,1
8204,62,1
8205,26,0
8206,48,1
8207,66,1
8208,60,1
8209,139,0
8210,75,1
8211,58,1
8212,41,1
8213,173,0
8214,138,1
8215,29,0
8216,62,1
8217,38,1
8218,63,0
8219,49,0
8220,78,0
8221,72,1
8222,48,1
8223,114,1
8224,78,1
8225,32,1
8226,76,1
8227,82,1
8228,33,1
8229,110,1
8230,53,1
8231,59,1
8232,56,1
8233,46,1
8234,74,1
8235,94,1
8236,60,1
8237,31,1
8238,134,0
8239,52,0
8240,36,1
8241,43,0
8242,27,1
8243,55,0
8244,41,0
8245,57,1
8246,200,0
8247,43,0
8248,70,1
8249,61,0
8250,106,1
8251,98,1
8252,67,1
8253,82,1
8254,16,0
8255,72,1
8256,54,1
8257,33,1
8258,43,0
8259,36,0
8260,57,1
8261,80,0
8262,89,1
8263,61,1
8264,66,1
8265,78,1
8266,39,0
8267,47,1
8268,36,1
8269,45,1
8270,53,1
8271,56,0
8272,99,1
8273,31,1
8274,33,0
8275,52,1
8276,100,1
8277,99,1
8278,200,0
8279,30,1
8280,82,0
8281,76,0
8282,51,1
8283,59,1
8284,72,1
8285,79,1
8286,154,0
8287,58,1
8288,44,1
8289,26,1
8290,64,0
8291,67,0
8292,47,1
8293,74,1
8294,55,0
8295,45,1
8296,87,0
8297,36,1
8298,34,1
8299,61,1
8300,116,1
8301,55,0
8302,134,0
8303,104,1
8304,30,1
8305,111,1
8306,37,1
8307,41,1
8308,34,1
8309,49,0
8310,88,1
8311,53,0
8312,30,0
8313,70,0
8314,62,1
8315,106,0
8316,27,1
8317,36,0
8318,126,1
8319,59,0
8320,35,1
8321,68,0
8322,48,1
8323,127,0
8324,23,1
8325,50,1
8326,19,1
8327,52,1
8328,90,1
8329,92,1
8330,98,0
8331,47,0
8332,90,1
8333,32,0
8334,144,1
8335,64,0
8336,34,1
8337,118,1
8338,57,0
8339,54,0
8340,51,0
8341,48,1
8342,42,1
8343,29,0
8344,140,1
8345,40,1
8346,76,1
8347,49,1
8348,55,1
8349,159,1
8350,35,1
8351,56,0
8352,35,1
8353,39,1
8354,39,0
8355,81,0
8356,41,1
8357,60,0
8358,71,0
8359,38,1
8360,133,1
8361,87,1
8362,53,0
8363,57,1
8364,49,0
8365,71,1
8366,92,0
8367,61,1
8368,58,0
8369,127,1
8370,36,1
8371,67,0
8372,78,1
8373,44,1
8374,145,0
8375,29,1
8376,39,1
8377,70,1
8378,43,1
8379,78,1
8380,49,1
8381,47,1
8382,61,0
8383,62,0
8384,48,0
8385,77,1
8386,139,0
8387,103,0
8388,121,0
8389,60,1
8390,42,1
8391,49,1
8392,63,1
8393,47,0
8394,180,1
8395,60,1
8396,40,1
8397,33,1
8398,143,0
8399,73,1
8400,74,0
8401,80,0
8402,58,1
8403,43,1
8404,31,0
8405,71,1
8406,63,0
8407,51,1
8408,76,0
8409,80,1
8410,57,1
8411,92,1
8412,51,0
8413,37,0
8414,68,0
8415,70,1
8416,106,0
8417,51,1
8418,42,1
8419,135,1
8420,51,1
8421,70,0
8422,32,0
8423,65,0
8424,44,0
8425,39,0
8426,100,1
8427,58,1
8428,74,0
8429,108,0
8430,26,0
8431,60,0
8432,61,0
8433,50,0
8434,73,0
8435,88,1
8436,60,1
8437,40,1
8438,105,1
8439,99,1
8440,48,1
8441,49,0
8442,42,1
8443,149,0
8444,48,0
8445,106,1
8446,89,1
8447,54,1
8448,77,1
8449,65,1
8450,44,1
8451,153,0
8452,118,0
8453,31,0
8454,147,1
8455,124,1
8456,84,0
8457,175,1
8458,142,1
8459,34,0
8460,86,0
8461,75,1
8462,90,0
8463,53,1
8464,200,0
8465,52,0
8466,25,1
8467,98,0
8468,109,0
8469,53,0
8470,40,0
8471,77,0
8472,71,0
8473,87,0
8474,58,1
8475,53,1
8476,63,1
8477,57,0
8478,77,0
8479,65,1
8480,29,0
8481,31,0
8482,46,1
8483,167,1
8484,34,1
8485,98,1
8486,50,0
8487,74,1
8488,77,1
8489,40,0
8490,62,0
8491,80,1
8492,26,0
8493,46,1
8494,200,0
8495,20,1
8496,93,1
8497,126,1
8498,68,1
8499,41,1
8500,55,0
8501,47,1
8502,122,1
8503,55,1
8504,41,0
8505,59,0
8506,28,0
8507,62,1
8508,35,1
8509,65,0
8510,16,0
8511,50,1
8512,65,0
8513,26,1
8514,52,1
8515,114,0
8516,46,1
8517,58,1
8518,48,1
8519,83,0
8520,64,1
8521,44,0
8522,30,1
8523,83,0
8524,141,1
8525,89,0
8526,135,1
8527,112,1
8528,77,1
8529,67,1
8530,102,1
8531,64,0
8532,50,1
8533,87,1
8534,31,1
8535,32,1
8536,57,1
8537,51,0
8538,90,0
8539,36,1
8540,66,0
8541,39,1
8542,82,0
8543,139,0
8544,62,1
8545,73,0
8546,83,1
8547,82,1
8548,51,0
8549,52,1
8550,46,0
8551,96,0
8552,49,0
8553,179,0
8554,109,1
8555,41,1
8556,42,1
8557,41,0
8558,64,1
8559,71,1
8560,147,0
8561,96,0
8562,78,1
8563,55,0
8564,117,1
8565,135,1
8566,91,1
8567,142,0
8568,111,0
8569,42,1
8570,53,1
8571,60,1
8572,54,1
8573,41,1
8574,86,1
8575,79,1
8576,107,1
8577,88,1
8578,58,0
8579,30,1
8580,125,1
8581,58,0
8582,57,1
8583,153,1
8584,27,0
8585,58,0
8586,30,1
8587,85,0
8588,60,0
8589,27,0
8590,119,1
8591,64,1
8592,115,1
8593,200,0
8594,78,0
8595,109,1
8596,51,1
8597,51,0
8598,46,1
8599,53,1
8600,52,1
8601,42,1
8602,61,1
8603,51,0
8604,72,0
8605,68,1
8606,94,1
8607,55,1
8608,47,1
8609,63,1
8610,72,1
8611,38,0
8612,44,0
8613,55,1
8614,38,0
8615,87,1
8616,121,1
8617,36,1
8618,60,0
8619,66,1
8620,39,1
8621,39,1
8622,59,0
8623,63,1
8624,89,1
8625,37,1
8626,93,1
8627,43,1
8628,91,0
8629,56,0
8630,37,1
8631,42,0
8632,61,1
8633,25,0
8634,53,1
8635,37,0
8636,24,1
8637,27,1
8638,81,1
8639,68,1
8640,73,1
8641,83,1
8642,36,1
8643,62,0
8644,157,1
8645,60,1
8646,71,1
8647,141,0
8648,200,0
8649,90,1
8650,78,0
8651,161,1
8652,55,1
8653,39,1
8654,54,1
8655,53,1
8656,57,0
8657,72,1
8658,74,0
8659,107,0
8660,97,0
8661,57,1
8662,106,0
8663,55,1
8664,63,1
8665,52,0
8666,40,1
8667,107,0
8668,42,0
8669,99,0
8670,196,1
8671,60,0
8672,32,0
8673,47,1
8674,25,1
8675,148,0
8676,34,0
8677,59,1
8678,56,1
8679,50,0
8680,200,0
8681,163,1
8682,118,0
8683,62,1
8684,146,0
8685,92,1
8686,45,1
8687,95,1
8688,105,1
8689,40,0
8690,55,0
8691,41,1
8692,118,1
8693,46,0
8694,51,1
8695,89,1
8696,64,0
8697,172,0
8698,115,0
8699,106,0
8700,75,1
8701,117,0
8702,95,1
8703,99,1
8704,89,0
8705,62,1
8706,38,1
8707,60,1
8708,151,1
8709,66,1
8710,95,0
8711,52,1
8712,100,0
8713,37,1
8714,50,1
8715,45,1
8716,92,1
8717,46,1
8718,41,1
8719,77,1
8720,33,1
8721,86,0
8722,90,1
8723,50,1
8724,53,1
8725,64,1
8726,175,1
8727,126,0
8728,48,1
8729,200,0
8730,53,0
8731,43,1
8732,91,0
8733,53,1
8734,94,0
8735,52,0
8736,85,1
8737,72,1
8738,95,1
8739,98,1
8740,47,1
8741,55,0
8742,57,1
8743,56,0
8744,15,1
8745,133,1
8746,62,1
8747,129,0
8748,53,1
8749,92,1
8750,35,0
8751,57,1
8752,23,1
8753,40,0
8754,66,0
8755,79,1
8756,63,1
8757,65,0
8758,88,0
8759,74,1
8760,80,1
8761,57,1
8762,82,0
8763,63,1
8764,60,0
8765,62,1
8766,18,1
8767,94,1
8768,70,1
8769,84,1
8770,84,1
8771,46,1
8772,104,0
8773,115,0
8774,102,1
8775,66,1
8776,35,1
8777,17,0
8778,64,0
8779,120,1
8780,57,0
8781,121,0
8782,68,1
8783,70,1
8784,44,0
8785,45,1
8786,59,0
8787,195,0
8788,80,0
8789,53,0
8790,46,1
8791,82,1
8792,46,1
8793,97,0
8794,51,0
8795,49,1
8796,77,1
8797,59,1
8798,63,1
8799,78,1
8800,62,1
8801,107,1
8802,42,1
8803,33,1
8804,32,1
8805,64,0
8806,108,1
8807,99,1
8808,34,1
8809,90,1
8810,97,1
8811,63,1
8812,200,0
8813,29,1
8814,38,0
8815,41,1
8816,52,1
8817,59,1
8818,79,0
8819,62,0
8820,54,1
8821,35,1
8822,15,0
8823,52,1
8824,86,0
8825,97,0
8826,200,0
8827,63,1
8828,97,1
8829,56,0
8830,70,1
8831,28,0
8832,73,1
8833,51,1
8834,42,1
8835,52,1
8836,178,0
8837,144,0
8838,62,1
8839,117,0
8840,81,0
8841,50,0
8842,67,1
8843,70,0
8844,100,1
8845,25,1
8846,91,1
8847,59,1
8848,65,1
8849,67,0
8850,78,0
8851,139,0
8852,131,0
8853,69,1
8854,107,1
8855,89,1
8856,29,1
8857,90,0
8858,30,1
8859,33,1
8860,58,1
8861,138,1
8862,117,1
8863,38,1
8864,71,1
8865,71,1
8866,52,1
8867,33,1
8868,128,0
8869,53,1
8870,29,1
8871,29,1
8872,73,0
8873,50,1
8874,159,0
8875,26,0
8876,68,1
8877,80,1
8878,23,1
8879,83,1
8880,112,1
8881,79,0
8882,75,1
8883,72,1
8884,200,0
8885,85,1
8886,58,0
8887,72,1
8888,35,1
8889,53,1
8890,86,0
8891,112,1
8892,28,1
8893,55,1
8894,30,0
8895,75,1
8896,112,0
8897,98,1
8898,92,0
8899,45,1
8900,22,0
8901,40,1
8902,72,0
8903,68,1
8904,83,1
8905,95,1
8906,35,0
8907,112,1
8908,58,0
8909,42,1
8910,96,1
8911,80,1
8912,62,0
8913,191,1
8914,36,0
8915,107,0
8916,143,1
8917,49,1
8918,74,1
8919,121,1
8920,52,1
8921,48,1
8922,105,1
8923,76,0
8924,66,1
8925,53,1
8926,50,1
8927,106,1
8928,75,1
8929,77,1
8930,97,1
8931,29,0
8932,70,1
8933,170,0
8934,89,0
8935,40,1
8936,70,0
8937,145,0
8938,71,0
8939,64,1
8940,53,1
8941,77,1
8942,77,0
8943,35,0
8944,100,1
8945,74,1
8946,52,0
8947,51,1
8948,38,1
8949,44,0
8950,55,0
8951,69,0
8952,39,1
8953,36,1
8954,36,0
8955,59,1
8956,52,0
8957,146,1
8958,104,1
8959,126,0
8960,83,0
8961,45,1
8962,64,1
8963,57,1
8964,42,1
8965,30,0
8966,87,1
8967,109,0
8968,39,1
8969,88,1
8970,172,1
8971,90,0
8972,49,0
8973,42,1
8974,84,1
8975,103,0
8976,50,0
8977,55,1
8978,52,0
8979,59,1
8980,60,0
8981,79,1
8982,79,0
8983,116,0
8984,65,1
8985,62,1
8986,62,1
8987,90,1
8988,67,0
8989,200,0
8990,42,1
8991,39,1
8992,35,0
8993,38,0
8994,67,1
8995,51,1
8996,37,1
8997,46,1
8998,81,1
8999,30,1
9000,136,1
9001,51,1
9002,84,0
9003,64,1
9004,120,1
9005,27,0
9006,110,0
9007,74,1
9008,56,1
9009,91,0
9010,67,0
9011,32,1
9012,58,0
9013,47,0
9014,70,1
9015,32,0
9016,87,0
9017,102,0
9018,106,1
9019,111,0
9020,41,1
9021,66,1
9022,100,0
9023,84,0
9024,53,0
9025,82,1
9026,72,1
9027,145,0
9028,66,1
9029,90,1
9030,49,0
9031,44,0
9032,79,1
9033,90,1
9034,42,1
9035,72,0
9036,40,1
9037,45,1
9038,93,1
9039,49,1
9040,62,0
9041,40,1
9042,200,0
9043,59,1
9044,147,1
9045,46,0
9046,79,0
9047,177,1
9048,52,0
9049,39,1
9050,47,1
9051,55,1
9052,44,1
9053,63,1
9054,81,1
9055,62,1
9056,24,1
9057,168,1
9058,42,1
9059,139,1
9060,31,1
9061,56,1
9062,54,0
9063,125,1
9064,75,1
9065,77,0
9066,140,1
9067,57,1
9068,96,0
9069,61,1
9070,97,1
9071,95,0
9072,48,1
9073,137,0
9074,50,1
9075,64,1
9076,77,0
9077,115,0
9078,55,0
9079,40,1
9080,80,1
9081,74,1
9082,61,0
9083,49,0
9084,60,1
9085,75,0
9086,44,1
9087,73,1
9088,108,1
9089,96,0
9090,47,1
9091,76,1
9092,63,1
9093,36,0
9094,108,1
9095,65,0
9096,80,1
9097,58,1
9098,79,1
9099,116,1
9100,56,0
9101,75,1
9102,62,1
9103,98,0
9104,65,1
9105,27,0
9106,113,1
9107,36,1
9108,78,1
9109,76,1
9110,53,1
9111,43,1
9112,96,0
9113,76,0
9114,132,1
9115,23,0
9116,75,1
9117,200,0
9118,34,0
9119,127,1
9120,92,0
9121,48,0
9122,97,1
9123,111,0
9124,58,1
9125,74,0
9126,73,0
9127,41,1
9128,66,1
9129,41,1
9130,64,0
9131,52,1
9132,76,0
9133,67,0
9134,38,1
9135,64,1
9136,65,0
9137,70,1
9138,44,0
9139,40,1
9140,94,1
9141,62,1
9142,46,1
9143,49,0
9144,118,0
9145,135,1
9146,53,1
9147,108,1
9148,71,0
9149,101,1
9150,40,1
9151,59,0
9152,101,1
9153,50,1
9154,68,0
9155,55,1
9156,77,0
9157,42,1
9158,87,1
9159,71,0
9160,51,1
9161,53,0
9162,31,1
9163,91,1
9164,65,1
9165,75,0
9166,113,0
9167,64,1
9168,43,1
9169,44,1
9170,114,1
9171,164,1
9172,177,0
9173,94,1
9174,68,0
9175,200,0
9176,26,0
9177,142,0
9178,174,0
9179,73,1
9180,98,0
9181,113,0
9182,130,0
9183,109,1
9184,124,0
9185,76,0
9186,150,1
9187,68,0
9188,61,1
9189,39,0
9190,100,1
9191,58,1
9192,68,0
9193,91,1
9194,68,1
9195,48,0
9196,120,1
9197,61,0
9198,49,1
9199,103,1
9200,136,0
9201,40,1
9202,55,1
9203,30,0
9204,101,1
9205,63,0
9206,83,1
9207,39,1
9208,65,0
9209,88,0
9210,85,1
9211,38,0
9212,68,1
9213,108,1
9214,85,0
9215,66,1
9216,51,0
9217,76,1
9218,63,1
9219,30,1
9220,58,1
9221,92,0
9222,119,1
9223,56,0
9224,18,0
9225,75,0
9226,70,1
9227,58,1
9228,63,1
9229,70,1
9230,43,1
9231,93,1
9232,39,1
9233,36,1
9234,73,1
9235,72,0
9236,37,0
9237,75,1
9238,45,1
9239,124,1
9240,123,1
9241,68,1
9242,55,1
9243,65,1
9244,25,1
9245,32,0
9246,60,0
9247,45,0
9248,42,0
9249,80,1
9250,84,1
9251,54,0
9252,34,1
9253,50,0
9254,102,1
9255,97,0
9256,76,0
9257,139,1
9258,36,1
9259,38,1
9260,91,1
9261,51,1
9262,72,0
9263,48,1
9264,67,0
9265,52,0
9266,78,1
9267,101,1
9268,62,0
9269,51,1
9270,125,0
9271,64,0
9272,62,1
9273,64,1
9274,98,0
9275,137,0
9276,78,1
9277,83,1
9278,54,1
9279,66,0
9280,164,0
9281,40,1
9282,108,1
9283,106,1
9284,58,1
9285,103,1
9286,69,1
9287,106,1
9288,71,1
9289,54,1
9290,33,1
9291,95,1
9292,42,0
9293,121,1
9294,125,1
9295,53,0
9296,80,1
9297,175,1
9298,49,1
9299,54,1
9300,55,1
9301,38,1
9302,95,0
9303,33,0
9304,60,1
9305,27,0
9306,49,0
9307,23,1
9308,88,0
9309,37,1
9310,116,1
9311,56,1
9312,111,1
9313,89,1
9314,49,1
9315,55,0
9316,141,0
9317,146,0
9318,36,1
9319,87,1
9320,38,1
9321,54,0
9322,106,0
9323,55,0
9324,111,0
9325,44,1
9326,64,0
9327,50,1
9328,53,1
9329,183,1
9330,61,0
9331,65,1
9332,108,0
9333,58,0
9334,89,0
9335,82,0
9336,31,1
9337,57,1
9338,134,1
9339,92,1
9340,111,0
9341,36,0
9342,105,0
9343,40,1
9344,118,1
9345,82,1
9346,58,0
9347,84,1
9348,42,1
9349,52,0
9350,70,0
9351,40,1
9352,113,0
9353,31,1
9354,108,1
9355,34,1
9356,58,1
9357,94,0
9358,68,0
9359,60,0
9360,106,0
9361,93,0
9362,91,0
9363,44,1
9364,89,0
9365,59,1
9366,67,1
9367,66,1
9368,101,0
9369,32,0
9370,66,1
9371,99,1
9372,58,1
9373,44,1
9374,41,1
9375,59,1
9376,27,1
9377,64,0
9378,70,1
9379,103,1
9380,49,1
9381,55,1
9382,57,1
9383,76,1
9384,52,0
9385,59,0
9386,53,0
9387,102,1
9388,59,0
9389,38,1
9390,41,0
9391,66,1
9392,130,0
9393,41,0
9394,37,1
9395,92,1
9396,92,0
9397,63,0
9398,48,0
9399,132,0
9400,28,0
9401,63,1
9402,50,1
9403,144,0
9404,46,0
9405,48,1
9406,97,1
9407,101,1
9408,50,0
9409,28,1
9410,171,1
9411,88,0
9412,100,0
9413,33,0
9414,84,1
9415,24,1
9416,31,1
9417,200,0
9418,57,0
9419,54,1
9420,57,1
9421,27,0
9422,117,1
9423,60,1
9424,78,1
9425,82,1
9426,65,1
9427,46,0
9428,68,0
9429,163,1
9430,79,1
9431,86,1
9432,69,1
9433,58,0
9434,121,0
9435,31,1
9436,34,1
9437,58,1
9438,46,0
9439,59,0
9440,121,1
9441,68,1
9442,93,0
9443,81,1
9444,40,1
9445,58,1
9446,85,1
9447,200,0
9448,52,0
9449,108,0
9450,55,1
9451,57,1
9452,72,0
9453,50,0
9454,93,1
9455,102,1
9456,64,1
9457,39,1
9458,113,1
9459,30,1
9460,26,1
9461,83,0
9462,88,1
9463,81,1
9464,39,0
9465,50,0
9466,71,0
9467,29,0
9468,39,0
9469,45,0
9470,52,0
9471,44,1
9472,153,1
9473,119,0
9474,30,0
9475,164,1
9476,72,1
9477,86,1
9478,33,1
9479,61,1
9480,60,1
9481,123,1
9482,98,0
9483,54,1
9484,55,1
9485,54,0
9486,120,0
9487,68,1
9488,52,1
9489,102,1
9490,62,0
9491,56,0
9492,75,1
9493,34,1
9494,48,0
9495,64,0
9496,20,1
9497,147,1
9498,39,1
9499,67,0
9500,55,1
9501,73,0
9502,46,0
9503,40,1
9504,45,0
9505,132,0
9506,64,1
9507,67,1
9508,134,1
9509,120,1
9510,89,0
9511,61,0
9512,29,1
9513,46,0
9514,58,1
9515,65,1
9516,87,1
9517,92,1
9518,40,1
9519,67,0
9520,69,0
9521,69,1
9522,95,0
9523,69,0
9524,47,0
9525,84,0
9526,43,0
9527,47,0
9528,38,0
9529,59,0
9530,54,1
9531,67,1
9532,59,1
9533,200,0
9534,57,1
9535,62,1
9536,71,1
9537,95,1
9538,32,0
9539,27,1
9540,54,1
9541,55,0
9542,76,1
9543,164,1
9544,60,0
9545,72,1
9546,73,1
9547,92,0
9548,74,1
9549,92,1
9550,98,1
9551,65,1
9552,52,1
9553,59,0
9554,48,0
9555,73,0
9556,182,1
9557,113,1
9558,74,0
9559,50,0
9560,80,1
9561,108,1
9562,42,1
9563,55,0
9564,50,1
9565,95,1
9566,59,1
9567,87,0
9568,43,1
9569,139,1
9570,97,1
9571,47,1
9572,64,1
9573,64,1
9574,49,1
9575,96,1
9576,34,1
9577,156,1
9578,88,1
9579,52,1
9580,141,1
9581,55,1
9582,140,1
9583,38,1
9584,86,0
9585,29,1
9586,57,1
9587,108,1
9588,57,1
9589,45,1
9590,22,0
9591,95,0
9592,115,0
9593,73,1
9594,52,0
9595,91,0
9596,84,1
9597,51,0
9598,86,0
9599,75,1
9600,65,0
9601,81,0
9602,92,0
9603,75,1
9604,97,0
9605,78,1
9606,84,1
9607,52,1
9608,60,0
9609,52,0
9610,34,0
9611,76,1
9612,58,0
9613,71,1
9614,30,0
9615,29,0
9616,81,1
9617,51,1
9618,80,1
9619,38,1
9620,54,0
9621,25,1
9622,34,1
9623,71,0
9624,57,0
9625,51,1
9626,57,0
9627,54,0
9628,79,0
9629,46,1
9630,92,0
9631,61,0
9632,44,0
9633,98,0
9634,40,1
9635,58,1
9636,45,0
9637,70,0
9638,69,1
9639,58,0
9640,105,1
9641,67,1
9642,33,1
9643,43,1
9644,170,1
9645,200,0
9646,89,1
9647,61,0
9648,35,1
9649,31,1
9650,49,1
9651,110,0
9652,52,0
9653,87,0
9654,148,1
9655,149,1
9656,88,0
9657,52,0
9658,180,1
9659,37,1
9660,46,1
9661,118,1
9662,59,0
9663,47,1
9664,55,0
9665,109,0
9666,75,1
9667,60,0
9668,77,1
9669,62,0
9670,34,0
9671,112,1
9672,50,1
9673,39,1
9674,78,1
9675,34,1
9676,200,0
9677,30,1
9678,37,1
9679,198,1
9680,84,0
9681,83,1
9682,89,0
9683,39,1
9684,200,0
9685,102,0
9686,62,0
9687,35,1
9688,58,1
9689,55,1
9690,101,1
9691,26,1
9692,46,0
9693,50,1
9694,83,1
9695,34,0
9696,42,1
9697,74,1
9698,45,1
9699,50,1
9700,55,1
9701,71,1
9702,157,0
9703,125,1
9704,118,0
9705,47,1
9706,39,0
9707,76,1
9708,49,1
9709,31,1
9710,63,1
9711,58,1
9712,46,1
9713,22,1
9714,50,0
9715,62,0
9716,139,0
9717,88,1
9718,47,0
9719,185,0
9720,54,0
9721,88,1
9722,103,1
9723,60,1
9724,31,1
9725,89,1
9726,29,0
9727,38,1
9728,63,1
9729,157,1
9730,70,0
9731,41,1
9732,83,1
9733,58,0
9734,113,1
9735,174,1
9736,81,0
9737,35,0
9738,25,0
9739,123,1
9740,58,1
9741,27,1
9742,45,1
9743,38,0
9744,121,1
9745,124,0
9746,50,0
9747,38,0
9748,108,1
9749,92,1
9750,65,0
9751,54,0
9752,43,0
9753,39,0
9754,68,1
9755,153,0
9756,49,1
9757,36,1
9758,33,1
9759,85,1
9760,101,1
9761,91,0
9762,124,1
9763,46,0
9764,75,0
9765,76,1
9766,77,1
9767,115,1
9768,126,1
9769,45,1
9770,58,1
9771,80,1
9772,46,0
9773,46,1
9774,71,0
9775,96,1
9776,77,1
9777,167,1
9778,91,0
9779,50,1
9780,40,1
9781,42,1
9782,89,1
9783,82,1
9784,71,1
9785,103,1
9786,74,1
9787,50,1
9788,50,0
9789,66,1
9790,99,0
9791,50,0
9792,35,1
9793,80,1
9794,53,1
9795,24,0
9796,39,0
9797,82,1
9798,132,1
9799,27,1
9800,47,0
9801,44,1
9802,56,0
9803,71,0
9804,55,1
9805,49,1
9806,53,1
9807,105,0
9808,46,0
9809,42,1
9810,84,0
9811,99,0
9812,33,0
9813,60,0
9814,91,1
9815,62,1
9816,47,0
9817,172,1
9818,52,0
9819,52,1
9820,58,0
9821,40,1
9822,63,1
9823,42,1
9824,79,1
9825,90,1
9826,96,1
9827,43,1
9828,106,1
9829,78,0
9830,78,1
9831,99,1
9832,42,1
9833,20,1
9834,67,1
9835,127,1
9836,111,1
9837,134,1
9838,53,0
9839,87,0
9840,52,0
9841,56,1
9842,59,1
9843,68,0
9844,44,1
9845,83,0
9846,53,1
9847,71,1
9848,55,1
9849,72,1
9850,115,1
9851,66,1
9852,73,1
9853,89,1
9854,37,1
9855,29,1
9856,56,1
9857,105,1
9858,46,0
9859,62,0
9860,73,0
9861,89,0
9862,56,1
9863,63,0
9864,81,0
9865,70,0
9866,100,0
9867,44,0
9868,32,1
9869,50,0
9870,48,0
9871,51,0
9872,110,1
9873,41,1
9874,30,0
9875,54,0
9876,65,1
9877,57,1
9878,50,0
9879,46,0
9880,51,1
9881,173,0
9882,38,0
9883,43,1
9884,36,0
9885,50,0
9886,60,1
9887,95,1
9888,53,0
9889,43,1
9890,134,1
9891,77,1
9892,91,1
9893,81,1
9894,34,0
9895,42,0
9896,25,0
9897,44,1
9898,75,1
9899,64,0
9900,129,1
9901,49,1
9902,37,1
9903,36,1
9904,44,1
9905,31,0
9906,26,0
9907,72,1
9908,51,1
9909,133,1
9910,52,0
9911,112,1
9912,50,1
9913,52,0
9914,73,1
9915,54,1
9916,34,1
9917,37,0
9918,96,1
9919,46,1
9920,133,1
9921,62,0
9922,27,0
9923,88,1
9924,55,0
9925,102,0
9926,103,1
9927,58,0
9928,22,1
9929,69,0
9930,87,0
9931,53,0
9932,54,0
9933,54,1
9934,123,0
9935,101,0
9936,29,0
9937,47,0
9938,25,1
9939,59,1
9940,67,1
9941,51,1
9942,94,0
9943,55,1
9944,31,1
9945,84,1
9946,51,1
9947,105,1
9948,51,1
9949,51,0
9950,92,1
9951,137,1
9952,59,0
9953,81,0
9954,68,0
9955,155,1
9956,73,1
9957,42,1
9958,132,0
9959,95,0
9960,44,1
9961,43,0
9962,72,1
9963,58,1
9964,64,1
9965,140,1
9966,23,1
9967,104,1
9968,36,1
9969,94,1
9970,49,0
9971,66,1
9972,61,0
9973,102,0
9974,46,0
9975,71,1
9976,95,1
9977,148,1
9978,107,1
9979,28,0
9980,148,0
9981,43,1
9982,40,1
9983,68,0
9984,28,1
9985,70,1
9986,54,1
9987,51,1
9988,116,1
9989,61,1
9990,29,0
9991,62,1
9992,57,1
9993,71,1
9994,71,1
9995,103,1
9996,65,0
9997,47,1
9998,39,0
9999,88,1
