episode,steps,reward
0,68,0
1,44,0
2,20,0
3,28,0
4,22,0
5,132,0
6,39,0
7,31,0
8,16,0
9,23,0
10,24,0
11,14,0
12,21,0
13,44,0
14,28,0
15,20,0
16,34,0
17,19,0
18,35,0
19,28,0
20,40,0
21,11,0
22,9,0
23,14,0
24,23,0
25,22,0
26,11,0
27,11,0
28,29,0
29,17,0
30,30,0
31,126,0
32,35,0
33,33,0
34,13,0
35,37,0
36,10,0
37,28,0
38,14,0
39,19,0
40,24,0
41,14,0
42,5,0
43,18,0
44,18,0
45,30,0
46,26,0
47,15,0
48,8,0
49,19,0
50,15,0
51,15,0
52,26,0
53,13,0
54,30,0
55,10,0
56,40,0
57,6,0
58,37,0
59,13,0
60,6,0
61,41,0
62,7,0
63,21,0
64,7,0
65,8,0
66,16,0
67,12,0
68,12,0
69,16,0
70,14,0
71,10,0
72,34,0
73,12,0
74,22,0
75,10,0
76,16,0
77,11,0
78,18,0
79,9,0
80,19,0
81,20,0
82,15,0
83,16,0
84,8,0
85,15,0
86,17,0
87,15,0
88,26,0
89,17,0
90,7,0
91,30,0
92,17,0
93,20,0
94,17,0
95,22,0
96,50,0
97,28,0
98,62,0
99,16,0
100,17,0
101,14,0
102,20,0
103,72,0
104,18,0
105,19,0
106,12,0
107,25,0
108,12,0
109,22,1
110,24,0
111,32,0
112,25,0
113,40,0
114,25,0
115,14,0
116,18,0
117,10,0
118,15,0
119,23,0
120,20,0
121,65,0
122,9,0
123,20,0
124,22,0
125,67,0
126,20,0
127,9,0
128,10,0
129,11,0
130,13,0
131,22,0
132,12,0
133,12,0
134,16,0
135,12,0
136,8,0
137,13,0
138,22,0
139,26,0
140,26,0
141,8,0
142,14,0
143,13,0
144,44,0
145,24,0
146,12,0
147,9,0
148,14,0
149,11,0
150,15,0
151,10,0
152,17,0
153,17,0
154,17,0
155,16,0
156,29,0
157,18,0
158,13,0
159,15,0
160,15,0
161,10,0
162,17,0
163,23,0
164,19,0
165,11,0
166,25,0
167,19,0
168,16,0
169,9,0
170,46,0
171,25,0
172,21,0
173,15,0
174,13,0
175,10,0
176,44,0
177,11,0
178,41,0
179,29,0
180,32,0
181,7,0
182,41,0
183,11,0
184,24,0
185,10,0
186,16,0
187,24,0
188,17,0
189,119,0
190,11,0
191,19,0
192,22,0
193,18,0
194,11,0
195,27,0
196,19,0
197,32,0
198,13,0
199,69,0
200,13,0
201,8,0
202,19,0
203,44,0
204,33,0
205,44,0
206,27,0
207,65,0
208,10,0
209,86,0
210,9,0
211,24,0
212,40,0
213,32,0
214,16,0
215,22,0
216,38,0
217,15,0
218,35,0
219,36,0
220,48,0
221,32,0
222,13,0
223,27,0
224,36,0
225,79,0
226,39,0
227,9,0
228,16,0
229,68,0
230,42,0
231,14,0
232,35,0
233,39,0
234,8,0
235,77,0
236,87,0
237,18,0
238,35,0
239,41,0
240,26,0
241,74,0
242,21,0
243,29,0
244,21,0
245,69,0
246,77,0
247,52,0
248,16,0
249,31,0
250,64,0
251,35,0
252,31,0
253,34,0
254,38,0
255,52,0
256,38,0
257,30,0
258,43,0
259,39,1
260,24,0
261,44,0
262,33,0
263,45,0
264,125,0
265,51,0
266,50,0
267,55,0
268,68,0
269,25,0
270,45,0
271,32,0
272,10,0
273,46,0
274,24,0
275,122,0
276,76,0
277,34,0
278,30,0
279,31,0
280,21,0
281,41,0
282,38,0
283,85,0
284,55,0
285,37,0
286,57,1
287,32,0
288,68,0
289,55,0
290,58,0
291,17,0
292,89,0
293,87,0
294,66,0
295,113,0
296,56,0
297,43,0
298,31,0
299,78,0
300,67,1
301,11,0
302,42,0
303,33,0
304,76,0
305,23,0
306,40,0
307,43,0
308,33,0
309,48,0
310,70,0
311,16,0
312,40,1
313,87,0
314,62,0
315,91,0
316,60,0
317,200,0
318,40,0
319,91,0
320,50,0
321,18,0
322,32,0
323,73,0
324,57,0
325,48,0
326,36,0
327,25,0
328,58,0
329,37,0
330,73,0
331,35,0
332,67,0
333,22,0
334,26,0
335,48,0
336,65,0
337,55,0
338,58,0
339,145,0
340,60,0
341,55,0
342,24,0
343,111,0
344,66,0
345,43,1
346,45,0
347,52,0
348,24,0
349,70,0
350,23,0
351,18,0
352,35,0
353,46,0
354,65,0
355,35,1
356,37,0
357,38,0
358,70,0
359,120,0
360,43,1
361,41,0
362,58,0
363,67,0
364,36,0
365,30,1
366,52,0
367,26,0
368,36,1
369,38,0
370,31,1
371,59,1
372,37,1
373,86,0
374,50,0
375,24,0
376,65,0
377,34,0
378,112,1
379,37,0
380,77,1
381,59,0
382,105,0
383,29,0
384,103,0
385,36,0
386,93,1
387,28,0
388,39,0
389,27,0
390,36,0
391,50,0
392,110,0
393,68,0
394,42,0
395,75,0
396,70,0
397,79,0
398,37,1
399,42,0
400,36,0
401,70,0
402,102,1
403,45,0
404,63,0
405,63,0
406,146,0
407,84,0
408,77,0
409,85,0
410,29,0
411,41,0
412,31,0
413,49,0
414,80,0
415,200,0
416,45,0
417,49,0
418,62,0
419,39,0
420,59,0
421,41,0
422,81,0
423,32,0
424,42,0
425,161,0
426,69,0
427,104,0
428,48,0
429,32,0
430,95,0
431,33,0
432,52,0
433,60,0
434,50,0
435,36,0
436,16,0
437,59,0
438,59,0
439,71,0
440,89,0
441,55,0
442,53,0
443,55,0
444,33,0
445,19,0
446,89,0
447,193,0
448,96,0
449,200,0
450,42,0
451,89,0
452,135,0
453,32,0
454,91,0
455,49,0
456,41,0
457,87,0
458,28,0
459,85,0
460,143,0
461,45,0
462,200,0
463,52,0
464,193,0
465,57,0
466,53,0
467,57,0
468,29,0
469,19,0
470,200,0
471,19,0
472,59,0
473,95,0
474,167,0
475,113,0
476,136,0
477,175,0
478,82,0
479,40,0
480,86,0
481,39,0
482,33,0
483,50,0
484,71,0
485,154,0
486,24,0
487,200,0
488,169,0
489,31,0
490,137,0
491,161,0
492,71,0
493,138,0
494,101,0
495,48,0
496,51,0
497,176,0
498,28,0
499,35,0
500,155,0
501,98,0
502,200,0
503,121,0
504,31,0
505,47,0
506,200,0
507,121,0
508,44,0
509,30,0
510,87,0
511,33,0
512,94,0
513,200,0
514,164,0
515,130,0
516,37,0
517,63,0
518,118,0
519,82,0
520,68,0
521,118,0
522,78,0
523,90,0
524,200,0
525,89,0
526,200,0
527,61,0
528,72,0
529,53,0
530,162,0
531,90,0
532,46,0
533,101,0
534,91,0
535,200,0
536,86,0
537,113,0
538,151,0
539,147,0
540,81,0
541,200,0
542,93,0
543,80,0
544,106,0
545,182,0
546,164,0
547,76,0
548,56,0
549,169,0
550,16,0
551,103,0
552,47,0
553,126,0
554,136,0
555,200,0
556,104,0
557,99,0
558,58,0
559,200,0
560,199,0
561,49,0
562,150,0
563,142,0
564,178,0
565,35,0
566,83,0
567,53,0
568,178,0
569,200,0
570,75,0
571,75,0
572,67,0
573,58,0
574,28,0
575,98,0
576,157,0
577,52,0
578,13,0
579,123,0
580,175,0
581,20,0
582,64,0
583,47,0
584,67,0
585,145,0
586,56,0
587,62,0
588,83,0
589,45,0
590,22,0
591,116,0
592,35,0
593,87,0
594,26,0
595,200,0
596,113,0
597,27,0
598,153,0
599,60,0
600,90,0
601,200,0
602,50,0
603,139,0
604,77,0
605,77,0
606,129,1
607,107,0
608,200,0
609,88,0
610,75,0
611,200,0
612,94,0
613,125,0
614,31,0
615,119,0
616,41,0
617,114,0
618,92,0
619,175,0
620,167,1
621,39,0
622,200,0
623,50,0
624,58,0
625,122,0
626,195,0
627,85,0
628,90,0
629,65,0
630,32,0
631,118,0
632,46,0
633,54,0
634,67,0
635,22,0
636,35,0
637,157,0
638,57,0
639,118,0
640,66,0
641,151,0
642,30,0
643,63,0
644,92,0
645,28,0
646,128,0
647,132,0
648,157,0
649,115,0
650,76,0
651,101,0
652,21,0
653,68,0
654,102,0
655,94,0
656,43,0
657,24,0
658,151,0
659,200,0
660,71,0
661,72,0
662,105,0
663,37,0
664,93,0
665,82,0
666,102,0
667,39,0
668,68,0
669,39,0
670,89,0
671,172,0
672,60,0
673,33,0
674,58,0
675,200,0
676,40,0
677,73,0
678,53,0
679,84,0
680,80,0
681,166,0
682,100,0
683,62,0
684,39,0
685,38,0
686,141,0
687,52,0
688,59,0
689,200,0
690,131,0
691,29,0
692,105,0
693,45,0
694,65,0
695,34,0
696,177,0
697,177,0
698,95,0
699,135,0
700,200,0
701,69,0
702,64,0
703,68,0
704,33,0
705,104,0
706,96,0
707,132,0
708,37,0
709,52,0
710,157,0
711,85,0
712,121,0
713,160,0
714,89,0
715,60,0
716,58,0
717,81,0
718,156,0
719,67,0
720,100,0
721,200,0
722,65,0
723,134,0
724,150,0
725,200,0
726,153,0
727,81,0
728,200,0
729,94,0
730,151,0
731,177,0
732,79,0
733,65,0
734,181,0
735,39,0
736,136,0
737,77,0
738,131,0
739,94,0
740,64,0
741,69,0
742,29,0
743,53,0
744,37,0
745,39,0
746,151,0
747,63,0
748,119,0
749,158,0
750,113,0
751,87,0
752,200,0
753,200,0
754,200,0
755,41,0
756,60,0
757,48,0
758,200,0
759,200,0
760,66,0
761,67,0
762,115,0
763,165,0
764,33,0
765,36,0
766,166,0
767,151,0
768,60,0
769,55,0
770,79,0
771,158,0
772,40,0
773,200,0
774,85,1
775,69,0
776,110,0
777,92,0
778,37,0
779,17,0
780,147,0
781,42,0
782,200,0
783,100,0
784,108,0
785,41,0
786,200,0
787,86,0
788,79,0
789,98,0
790,45,0
791,38,0
792,134,0
793,80,0
794,131,0
795,48,0
796,53,0
797,118,0
798,106,0
799,75,0
800,107,0
801,64,0
802,41,0
803,200,0
804,59,0
805,200,0
806,138,0
807,101,0
808,60,0
809,115,0
810,45,0
811,38,0
812,23,0
813,30,0
814,200,0
815,168,0
816,32,0
817,101,0
818,94,0
819,149,0
820,90,0
821,73,0
822,37,0
823,59,0
824,90,0
825,50,0
826,57,0
827,67,0
828,64,0
829,200,0
830,133,0
831,38,0
832,77,0
833,122,0
834,200,0
835,177,0
836,200,0
837,200,0
838,151,0
839,70,0
840,200,0
841,95,0
842,155,0
843,103,0
844,21,0
845,134,0
846,71,0
847,185,0
848,53,0
849,132,0
850,150,0
851,83,1
852,126,0
853,86,0
854,145,0
855,133,0
856,79,0
857,145,0
858,200,0
859,200,0
860,159,0
861,81,0
862,175,0
863,200,0
864,200,0
865,96,0
866,93,0
867,200,0
868,96,0
869,138,0
870,200,0
871,200,0
872,20,0
873,170,1
874,138,0
875,50,0
876,200,0
877,94,0
878,132,0
879,56,0
880,200,0
881,64,1
882,59,0
883,200,0
884,200,0
885,181,0
886,49,0
887,65,0
888,84,1
889,69,0
890,88,0
891,99,0
892,93,0
893,148,0
894,62,0
895,67,0
896,96,0
897,27,0
898,140,0
899,55,0
900,60,1
901,106,0
902,93,0
903,95,0
904,130,0
905,54,0
906,139,0
907,146,0
908,139,0
909,95,0
910,97,0
911,168,0
912,40,0
913,53,0
914,200,0
915,156,0
916,75,0
917,157,0
918,72,0
919,200,0
920,41,0
921,93,0
922,61,0
923,72,0
924,40,0
925,45,0
926,60,0
927,54,1
928,112,0
929,200,0
930,57,0
931,66,0
932,114,0
933,118,0
934,117,0
935,73,0
936,76,0
937,200,0
938,79,0
939,184,0
940,165,0
941,200,0
942,172,0
943,68,0
944,58,0
945,85,0
946,163,0
947,69,0
948,152,0
949,100,0
950,106,0
951,120,0
952,56,0
953,51,0
954,200,0
955,141,0
956,190,0
957,98,0
958,104,0
959,133,0
960,24,0
961,69,0
962,86,0
963,105,0
964,36,0
965,50,0
966,143,0
967,19,0
968,146,0
969,77,0
970,23,0
971,106,0
972,84,0
973,95,0
974,157,0
975,36,0
976,126,0
977,200,0
978,37,0
979,75,0
980,171,1
981,59,0
982,62,0
983,70,0
984,59,0
985,200,0
986,86,0
987,49,0
988,114,0
989,101,0
990,67,0
991,74,1
992,45,0
993,197,0
994,179,0
995,80,0
996,200,0
997,103,0
998,130,0
999,81,0
1000,31,0
1001,125,0
1002,68,0
1003,104,0
1004,68,0
1005,107,0
1006,35,0
1007,40,0
1008,78,0
1009,92,0
1010,165,0
1011,108,0
1012,132,0
1013,146,0
1014,109,0
1015,149,0
1016,115,1
1017,129,0
1018,115,1
1019,131,0
1020,147,0
1021,92,0
1022,124,0
1023,188,0
1024,200,0
1025,48,0
1026,107,0
1027,73,0
1028,149,0
1029,189,0
1030,200,0
1031,128,0
1032,98,0
1033,78,0
1034,66,0
1035,100,0
1036,74,0
1037,19,0
1038,96,0
1039,82,0
1040,200,0
1041,126,1
1042,79,0
1043,66,0
1044,103,0
1045,116,0
1046,56,0
1047,161,0
1048,194,0
1049,191,0
1050,64,0
1051,67,0
1052,187,0
1053,57,0
1054,44,0
1055,50,0
1056,100,0
1057,82,0
1058,131,0
1059,116,0
1060,200,0
1061,200,0
1062,65,0
1063,35,0
1064,200,0
1065,93,0
1066,200,0
1067,73,0
1068,124,0
1069,106,0
1070,200,0
1071,200,0
1072,72,1
1073,50,1
1074,69,1
1075,51,1
1076,199,1
1077,36,1
1078,25,1
1079,45,1
1080,63,1
1081,35,1
1082,109,1
1083,59,1
1084,114,1
1085,89,0
1086,112,1
1087,148,1
1088,38,0
1089,86,1
1090,137,1
1091,94,1
1092,45,1
1093,113,1
1094,114,0
1095,64,1
1096,194,1
1097,53,1
1098,37,1
1099,77,1
1100,77,1
1101,50,1
1102,64,1
1103,175,1
1104,62,1
1105,87,1
1106,33,1
1107,66,1
1108,80,1
1109,91,1
1110,65,1
1111,82,1
1112,200,0
1113,98,1
1114,75,1
1115,100,1
1116,142,1
1117,42,1
1118,22,1
1119,59,1
1120,80,1
1121,186,0
1122,171,1
1123,101,1
1124,146,0
1125,22,1
1126,71,1
1127,88,0
1128,56,1
1129,200,0
1130,123,1
1131,109,1
1132,64,1
1133,61,1
1134,54,1
1135,78,1
1136,70,1
1137,75,1
1138,162,1
1139,138,1
1140,82,1
1141,55,1
1142,127,1
1143,43,1
1144,67,1
1145,39,1
1146,110,1
1147,200,0
1148,170,1
1149,84,1
1150,142,1
1151,105,1
1152,54,1
1153,63,1
1154,77,1
1155,84,1
1156,58,0
1157,87,1
1158,40,1
1159,129,1
1160,47,1
1161,200,0
1162,112,1
1163,115,1
1164,169,1
1165,74,1
1166,88,1
1167,59,1
1168,139,1
1169,141,0
1170,130,0
1171,91,1
1172,45,1
1173,94,1
1174,119,1
1175,45,1
1176,140,1
1177,40,1
1178,61,1
1179,79,1
1180,75,1
1181,33,1
1182,132,1
1183,127,0
1184,106,1
1185,52,1
1186,88,1
1187,53,1
1188,75,1
1189,107,1
1190,131,0
1191,63,1
1192,83,1
1193,67,1
1194,64,1
1195,145,1
1196,127,1
1197,35,1
1198,160,1
1199,88,1
1200,28,0
1201,86,1
1202,63,1
1203,74,1
1204,45,1
1205,80,1
1206,55,1
1207,157,1
1208,112,1
1209,75,1
1210,157,1
1211,61,1
1212,45,1
1213,56,1
1214,53,1
1215,195,1
1216,200,0
1217,51,1
1218,67,1
1219,120,1
1220,87,1
1221,65,1
1222,46,1
1223,87,1
1224,56,0
1225,33,0
1226,109,1
1227,60,1
1228,124,1
1229,127,1
1230,69,1
1231,146,1
1232,45,1
1233,76,1
1234,68,1
1235,39,1
1236,80,1
1237,105,1
1238,133,1
1239,81,1
1240,46,1
1241,106,1
1242,119,1
1243,48,1
1244,37,1
1245,122,1
1246,51,1
1247,148,1
1248,65,1
1249,35,1
1250,111,1
1251,82,1
1252,38,1
1253,25,1
1254,50,1
1255,48,1
1256,96,1
1257,125,1
1258,195,1
1259,83,1
1260,89,1
1261,46,1
1262,45,1
1263,68,1
1264,80,1
1265,74,1
1266,102,1
1267,145,1
1268,64,1
1269,73,1
1270,195,1
1271,53,1
1272,60,1
1273,58,1
1274,41,1
1275,58,1
1276,137,1
1277,74,1
1278,63,1
1279,200,0
1280,127,1
1281,99,1
1282,38,0
1283,46,1
1284,93,0
1285,79,1
1286,35,1
1287,49,1
1288,179,1
1289,87,1
1290,28,1
1291,62,1
1292,139,1
1293,38,1
1294,52,1
1295,51,1
1296,99,1
1297,197,1
1298,65,1
1299,92,1
1300,87,1
1301,83,1
1302,108,1
1303,28,1
1304,59,1
1305,31,1
1306,99,1
1307,54,1
1308,74,1
1309,51,1
1310,155,0
1311,67,1
1312,40,1
1313,185,1
1314,63,0
1315,200,0
1316,45,1
1317,200,0
1318,59,1
1319,111,1
1320,88,1
1321,139,1
1322,86,1
1323,161,1
1324,118,1
1325,200,0
1326,51,1
1327,94,1
1328,43,0
1329,91,1
1330,90,1
1331,47,1
1332,118,1
1333,80,1
1334,40,1
1335,71,0
1336,85,1
1337,96,1
1338,49,1
1339,69,1
1340,99,1
1341,74,1
1342,111,1
1343,123,1
1344,56,1
1345,74,1
1346,50,1
1347,53,1
1348,98,1
1349,66,0
1350,71,0
1351,78,1
1352,69,1
1353,33,1
1354,64,1
1355,40,1
1356,174,1
1357,67,1
1358,116,1
1359,60,1
1360,155,1
1361,124,1
1362,47,1
1363,91,1
1364,113,1
1365,58,1
1366,40,1
1367,181,1
1368,81,1
1369,55,1
1370,104,1
1371,136,1
1372,105,1
1373,104,1
1374,49,1
1375,157,1
1376,58,0
1377,47,1
1378,104,1
1379,93,1
1380,35,1
1381,48,1
1382,200,0
1383,135,1
1384,118,1
1385,149,1
1386,42,1
1387,96,1
1388,182,1
1389,64,1
1390,48,1
1391,52,0
1392,44,1
1393,117,1
1394,35,1
1395,200,0
1396,51,1
1397,36,1
1398,96,1
1399,71,1
1400,85,1
1401,22,1
1402,34,0
1403,61,1
1404,96,1
1405,46,1
1406,44,1
1407,71,1
1408,50,1
1409,164,1
1410,60,1
1411,38,1
1412,143,1
1413,199,1
1414,100,1
1415,68,1
1416,53,1
1417,64,1
1418,57,1
1419,59,1
1420,200,0
1421,98,1
1422,36,1
1423,155,1
1424,89,1
1425,117,1
1426,106,1
1427,37,1
1428,79,1
1429,136,1
1430,146,1
1431,79,0
1432,58,1
1433,86,1
1434,85,1
1435,183,1
1436,67,1
1437,104,1
1438,27,1
1439,37,1
1440,163,1
1441,49,1
1442,84,1
1443,65,1
1444,51,1
1445,200,0
1446,92,1
1447,200,0
1448,124,1
1449,73,1
1450,80,0
1451,200,0
1452,44,1
1453,45,1
1454,99,1
1455,63,0
1456,85,1
1457,37,1
1458,200,0
1459,105,1
1460,149,1
1461,37,1
1462,153,1
1463,87,1
1464,92,1
1465,45,0
1466,84,1
1467,63,1
1468,54,1
1469,46,1
1470,128,1
1471,126,1
1472,69,1
1473,52,0
1474,99,1
1475,87,1
1476,49,1
1477,51,0
1478,31,1
1479,200,0
1480,48,1
1481,90,1
1482,60,1
1483,57,1
1484,99,1
1485,66,1
1486,92,1
1487,97,1
1488,107,1
1489,63,1
1490,78,1
1491,187,1
1492,200,0
1493,138,0
1494,109,0
1495,52,1
1496,33,1
1497,107,1
1498,99,1
1499,86,1
1500,75,1
1501,36,1
1502,97,1
1503,133,1
1504,42,1
1505,35,1
1506,38,1
1507,58,1
1508,59,1
1509,166,1
1510,49,1
1511,84,1
1512,148,1
1513,92,1
1514,49,1
1515,31,1
1516,87,1
1517,58,1
1518,135,1
1519,100,1
1520,92,1
1521,113,1
1522,97,1
1523,38,0
1524,40,1
1525,75,1
1526,56,1
1527,84,1
1528,200,0
1529,46,0
1530,130,1
1531,77,0
1532,109,0
1533,106,1
1534,149,0
1535,66,1
1536,111,1
1537,153,1
1538,70,1
1539,63,1
1540,140,1
1541,55,1
1542,94,1
1543,182,1
1544,101,1
1545,59,0
1546,46,1
1547,70,1
1548,52,1
1549,36,1
1550,95,1
1551,165,1
1552,51,1
1553,124,1
1554,61,1
1555,60,1
1556,50,1
1557,157,1
1558,80,0
1559,200,0
1560,145,1
1561,127,1
1562,80,1
1563,42,1
1564,112,1
1565,48,1
1566,66,1
1567,144,1
1568,200,0
1569,114,1
1570,151,1
1571,167,1
1572,57,1
1573,55,1
1574,88,1
1575,128,1
1576,200,0
1577,76,1
1578,59,1
1579,80,1
1580,105,1
1581,82,1
1582,63,1
1583,39,1
1584,73,1
1585,114,1
1586,84,1
1587,71,1
1588,134,1
1589,68,1
1590,79,1
1591,59,1
1592,52,0
1593,80,1
1594,112,1
1595,66,1
1596,200,0
1597,51,1
1598,174,1
1599,83,1
1600,70,1
1601,62,1
1602,71,1
1603,66,1
1604,67,1
1605,62,1
1606,78,1
1607,51,1
1608,63,1
1609,78,0
1610,200,0
1611,78,1
1612,125,1
1613,56,1
1614,200,0
1615,109,1
1616,57,1
1617,77,1
1618,58,1
1619,32,1
1620,118,1
1621,180,1
1622,77,1
1623,39,1
1624,39,1
1625,41,1
1626,125,1
1627,100,1
1628,151,1
1629,88,1
1630,73,1
1631,62,1
1632,64,0
1633,147,1
1634,169,1
1635,53,1
1636,71,1
1637,114,1
1638,86,1
1639,118,1
1640,38,1
1641,71,1
1642,81,1
1643,64,1
1644,94,0
1645,125,1
1646,75,1
1647,53,1
1648,172,1
1649,200,0
1650,54,1
1651,119,1
1652,38,1
1653,88,1
1654,75,1
1655,110,1
1656,91,1
1657,91,1
1658,194,1
1659,174,1
1660,95,1
1661,200,0
1662,80,1
1663,40,1
1664,71,1
1665,63,1
1666,31,1
1667,66,1
1668,40,0
1669,47,1
1670,44,1
1671,80,1
1672,67,1
1673,132,1
1674,122,1
1675,100,1
1676,52,1
1677,93,1
1678,62,1
1679,43,1
1680,54,1
1681,63,1
1682,124,1
1683,78,1
1684,61,1
1685,117,1
1686,29,1
1687,193,1
1688,49,1
1689,72,1
1690,200,0
1691,36,0
1692,136,1
1693,30,1
1694,76,0
1695,83,1
1696,65,1
1697,141,1
1698,57,1
1699,113,1
1700,175,1
1701,47,1
1702,93,1
1703,176,1
1704,100,1
1705,83,1
1706,170,1
1707,42,1
1708,46,1
1709,34,0
1710,37,1
1711,117,1
1712,26,1
1713,49,1
1714,46,1
1715,124,1
1716,82,1
1717,67,1
1718,133,1
1719,41,1
1720,66,1
1721,50,1
1722,146,1
1723,45,1
1724,46,0
1725,46,1
1726,114,1
1727,130,1
1728,46,1
1729,61,1
1730,91,1
1731,133,1
1732,59,1
1733,53,1
1734,64,1
1735,53,1
1736,55,1
1737,130,1
1738,28,1
1739,57,1
1740,82,1
1741,116,0
1742,152,1
1743,67,1
1744,148,1
1745,76,0
1746,48,1
1747,47,1
1748,76,1
1749,123,1
1750,76,0
1751,74,1
1752,71,1
1753,162,1
1754,65,1
1755,137,1
1756,162,1
1757,53,1
1758,90,1
1759,54,0
1760,98,1
1761,173,1
1762,116,1
1763,77,1
1764,39,1
1765,118,1
1766,64,1
1767,59,1
1768,39,1
1769,45,1
1770,70,0
1771,98,1
1772,56,1
1773,79,1
1774,47,1
1775,178,0
1776,59,1
1777,38,1
1778,28,1
1779,98,1
1780,84,1
1781,120,0
1782,100,1
1783,151,1
1784,66,1
1785,86,1
1786,49,1
1787,165,1
1788,90,1
1789,102,1
1790,60,1
1791,77,1
1792,57,1
1793,55,0
1794,59,1
1795,57,0
1796,62,1
1797,35,1
1798,80,1
1799,65,1
1800,64,1
1801,136,1
1802,52,1
1803,200,0
1804,55,0
1805,32,1
1806,65,1
1807,96,1
1808,44,1
1809,52,1
1810,111,1
1811,73,0
1812,114,0
1813,128,1
1814,71,1
1815,35,1
1816,61,1
1817,40,1
1818,66,1
1819,153,1
1820,115,1
1821,87,1
1822,96,1
1823,47,1
1824,146,1
1825,31,1
1826,93,1
1827,56,1
1828,139,1
1829,74,1
1830,49,1
1831,136,1
1832,25,1
1833,22,1
1834,80,1
1835,108,1
1836,131,1
1837,144,0
1838,46,1
1839,22,1
1840,61,1
1841,43,1
1842,72,1
1843,152,1
1844,200,0
1845,35,1
1846,84,1
1847,105,1
1848,107,1
1849,62,1
1850,72,1
1851,129,1
1852,48,1
1853,46,1
1854,72,1
1855,40,1
1856,50,1
1857,82,1
1858,100,1
1859,55,1
1860,102,0
1861,108,1
1862,149,1
1863,145,1
1864,51,1
1865,131,1
1866,91,1
1867,94,1
1868,49,1
1869,63,1
1870,109,1
1871,45,0
1872,200,0
1873,42,1
1874,104,1
1875,123,1
1876,118,0
1877,36,0
1878,200,0
1879,189,1
1880,52,1
1881,125,1
1882,91,1
1883,162,1
1884,34,1
1885,31,1
1886,163,1
1887,196,1
1888,60,1
1889,87,1
1890,172,1
1891,73,1
1892,54,1
1893,98,1
1894,57,1
1895,80,1
1896,19,1
1897,89,1
1898,50,1
1899,44,1
1900,99,1
1901,123,1
1902,96,1
1903,165,1
1904,46,1
1905,97,1
1906,69,1
1907,39,0
1908,200,0
1909,71,1
1910,45,1
1911,135,1
1912,90,1
1913,124,1
1914,110,1
1915,104,1
1916,71,1
1917,105,0
1918,37,1
1919,113,1
1920,99,1
1921,52,1
1922,147,1
1923,41,1
1924,125,1
1925,74,1
1926,39,1
1927,77,1
1928,200,0
1929,46,1
1930,53,0
1931,58,1
1932,95,1
1933,151,1
1934,117,1
1935,52,0
1936,84,1
1937,42,1
1938,48,0
1939,140,1
1940,121,1
1941,47,1
1942,44,1
1943,38,1
1944,90,1
1945,141,1
1946,99,1
1947,72,1
1948,135,1
1949,175,1
1950,98,1
1951,47,1
1952,105,1
1953,90,0
1954,90,1
1955,100,1
1956,112,1
1957,81,1
1958,48,1
1959,87,1
1960,152,1
1961,44,1
1962,63,0
1963,95,1
1964,110,1
1965,83,1
1966,63,1
1967,51,1
1968,93,1
1969,91,0
1970,60,1
1971,97,1
1972,124,1
1973,119,1
1974,71,1
1975,23,1
1976,63,1
1977,81,1
1978,160,1
1979,181,1
1980,47,1
1981,49,1
1982,104,0
1983,114,1
1984,77,1
1985,54,1
1986,200,0
1987,49,1
1988,95,1
1989,61,1
1990,161,1
1991,71,1
1992,108,1
1993,84,1
1994,49,1
1995,171,1
1996,92,1
1997,67,1
1998,60,1
1999,69,1
2000,103,1
2001,79,1
2002,68,1
2003,64,1
2004,112,0
2005,156,1
2006,78,1
2007,58,1
2008,101,1
2009,53,1
2010,55,1
2011,59,0
2012,48,1
2013,130,0
2014,37,1
2015,76,1
2016,81,1
2017,143,1
2018,42,1
2019,173,1
2020,165,1
2021,150,1
2022,62,1
2023,96,1
2024,185,1
2025,76,1
2026,37,1
2027,81,1
2028,200,0
2029,37,1
2030,129,1
2031,70,0
2032,45,1
2033,90,1
2034,31,1
2035,81,0
2036,32,1
2037,77,1
2038,54,1
2039,30,1
2040,27,1
2041,109,1
2042,119,1
2043,140,1
2044,87,1
2045,97,1
2046,36,1
2047,175,1
2048,92,1
2049,88,0
2050,83,1
2051,84,1
2052,40,1
2053,200,0
2054,140,1
2055,127,1
2056,47,1
2057,148,1
2058,105,1
2059,137,1
2060,88,1
2061,63,1
2062,51,1
2063,30,0
2064,38,1
2065,200,0
2066,53,1
2067,200,1
2068,200,0
2069,60,1
2070,127,0
2071,105,1
2072,98,1
2073,76,1
2074,63,0
2075,106,1
2076,129,1
2077,134,1
2078,34,1
2079,123,1
2080,75,1
2081,59,1
2082,42,1
2083,114,1
2084,52,0
2085,158,1
2086,190,1
2087,63,1
2088,200,0
2089,67,1
2090,99,1
2091,200,0
2092,76,1
2093,141,1
2094,169,1
2095,48,1
2096,31,1
2097,70,1
2098,106,1
2099,63,1
2100,47,1
2101,21,0
2102,42,1
2103,45,1
2104,67,1
2105,182,1
2106,47,1
2107,77,1
2108,161,1
2109,131,1
2110,86,1
2111,141,1
2112,80,1
2113,67,1
2114,84,1
2115,120,1
2116,93,1
2117,84,1
2118,43,1
2119,35,1
2120,198,0
2121,147,1
2122,103,1
2123,86,1
2124,123,0
2125,47,1
2126,62,1
2127,99,1
2128,93,0
2129,158,1
2130,132,1
2131,69,1
2132,107,1
2133,122,1
2134,31,1
2135,86,0
2136,63,1
2137,107,1
2138,73,1
2139,35,1
2140,134,0
2141,94,1
2142,62,0
2143,57,1
2144,52,1
2145,200,0
2146,105,1
2147,104,1
2148,81,1
2149,116,1
2150,98,1
2151,57,1
2152,118,1
2153,49,1
2154,78,1
2155,128,1
2156,194,1
2157,96,1
2158,94,1
2159,41,0
2160,68,1
2161,52,1
2162,200,0
2163,200,0
2164,110,1
2165,49,0
2166,82,1
2167,200,0
2168,66,1
2169,54,1
2170,44,1
2171,66,1
2172,82,1
2173,66,1
2174,138,1
2175,86,1
2176,33,0
2177,147,1
2178,80,1
2179,150,1
2180,79,1
2181,19,1
2182,46,1
2183,71,1
2184,94,1
2185,59,1
2186,165,1
2187,44,1
2188,76,1
2189,28,1
2190,80,1
2191,139,1
2192,99,1
2193,114,1
2194,104,1
2195,78,1
2196,99,1
2197,56,1
2198,80,0
2199,77,0
2200,171,1
2201,93,1
2202,149,1
2203,80,1
2204,141,1
2205,65,0
2206,43,1
2207,57,1
2208,23,1
2209,104,1
2210,109,0
2211,100,1
2212,58,1
2213,109,1
2214,41,1
2215,187,1
2216,200,0
2217,60,1
2218,159,1
2219,148,1
2220,167,1
2221,107,1
2222,103,1
2223,61,0
2224,37,1
2225,62,1
2226,67,1
2227,152,0
2228,29,1
2229,31,0
2230,76,1
2231,34,1
2232,194,1
2233,60,1
2234,76,1
2235,122,1
2236,152,1
2237,90,1
2238,82,1
2239,100,1
2240,67,1
2241,75,1
2242,200,0
2243,63,1
2244,67,1
2245,60,1
2246,30,1
2247,44,1
2248,113,1
2249,40,0
2250,54,1
2251,45,1
2252,70,1
2253,51,1
2254,47,1
2255,44,1
2256,38,1
2257,137,1
2258,42,1
2259,47,1
2260,165,1
2261,128,1
2262,74,1
2263,58,0
2264,129,1
2265,125,1
2266,107,0
2267,173,1
2268,101,1
2269,96,1
2270,52,1
2271,89,1
2272,114,1
2273,65,1
2274,37,1
2275,122,0
2276,110,1
2277,132,1
2278,42,1
2279,82,0
2280,48,1
2281,59,1
2282,57,1
2283,34,1
2284,51,1
2285,101,1
2286,200,0
2287,71,1
2288,152,1
2289,96,1
2290,25,1
2291,75,1
2292,34,1
2293,138,1
2294,176,1
2295,70,1
2296,50,1
2297,54,1
2298,55,1
2299,77,1
2300,79,1
2301,90,1
2302,175,1
2303,73,1
2304,150,1
2305,121,0
2306,76,1
2307,63,1
2308,76,1
2309,23,1
2310,79,1
2311,38,1
2312,64,1
2313,56,0
2314,200,0
2315,61,1
2316,74,1
2317,45,1
2318,170,1
2319,104,1
2320,94,0
2321,200,0
2322,62,1
2323,82,1
2324,66,0
2325,87,1
2326,59,1
2327,200,0
2328,74,1
2329,43,1
2330,56,1
2331,90,1
2332,37,1
2333,144,0
2334,124,1
2335,57,1
2336,48,1
2337,65,1
2338,67,0
2339,80,0
2340,52,0
2341,37,1
2342,51,1
2343,57,1
2344,135,1
2345,99,1
2346,87,1
2347,101,1
2348,53,1
2349,168,1
2350,32,0
2351,126,1
2352,53,1
2353,108,0
2354,74,0
2355,196,1
2356,117,1
2357,62,1
2358,151,1
2359,100,1
2360,103,1
2361,43,1
2362,157,1
2363,70,1
2364,104,1
2365,89,1
2366,64,1
2367,150,1
2368,102,1
2369,50,1
2370,90,0
2371,88,1
2372,73,1
2373,141,1
2374,33,1
2375,112,1
2376,47,0
2377,117,1
2378,200,0
2379,77,1
2380,67,1
2381,173,1
2382,42,1
2383,86,0
2384,47,1
2385,138,1
2386,71,1
2387,72,1
2388,77,1
2389,136,1
2390,181,1
2391,66,1
2392,82,1
2393,32,1
2394,44,1
2395,84,0
2396,86,1
2397,79,1
2398,95,1
2399,185,1
2400,22,1
2401,39,1
2402,56,0
2403,115,0
2404,99,1
2405,95,1
2406,48,0
2407,97,1
2408,87,1
2409,82,1
2410,55,1
2411,160,1
2412,57,1
2413,76,1
2414,58,1
2415,92,1
2416,52,1
2417,39,1
2418,200,0
2419,48,0
2420,56,1
2421,105,1
2422,77,1
2423,54,1
2424,88,1
2425,43,1
2426,51,1
2427,58,0
2428,89,1
2429,89,1
2430,119,1
2431,59,1
2432,59,1
2433,75,1
2434,35,1
2435,188,1
2436,126,0
2437,67,1
2438,58,1
2439,44,1
2440,89,1
2441,68,1
2442,68,1
2443,84,1
2444,47,1
2445,86,1
2446,37,1
2447,66,1
2448,71,1
2449,40,1
2450,66,1
2451,167,1
2452,60,1
2453,171,1
2454,33,0
2455,48,1
2456,37,1
2457,106,1
2458,107,1
2459,73,1
2460,50,1
2461,64,1
2462,155,1
2463,22,1
2464,89,1
2465,71,1
2466,62,1
2467,72,1
2468,131,1
2469,149,1
2470,71,1
2471,107,1
2472,107,0
2473,126,1
2474,126,0
2475,63,1
2476,200,0
2477,147,0
2478,128,1
2479,83,1
2480,72,1
2481,43,0
2482,89,1
2483,184,1
2484,87,1
2485,78,1
2486,173,1
2487,63,1
2488,44,1
2489,42,1
2490,153,1
2491,142,1
2492,68,1
2493,50,1
2494,200,0
2495,101,1
2496,105,1
2497,121,1
2498,38,1
2499,76,1
2500,47,1
2501,81,1
2502,62,1
2503,37,1
2504,144,1
2505,87,1
2506,200,0
2507,165,1
2508,148,1
2509,83,0
2510,80,1
2511,47,1
2512,74,1
2513,74,0
2514,118,1
2515,44,1
2516,50,1
2517,56,1
2518,122,1
2519,56,1
2520,42,0
2521,44,1
2522,200,0
2523,54,1
2524,154,1
2525,60,1
2526,115,1
2527,76,1
2528,78,1
2529,146,1
2530,67,1
2531,87,1
2532,200,0
2533,91,1
2534,94,1
2535,22,1
2536,92,1
2537,51,0
2538,76,1
2539,110,1
2540,200,0
2541,200,0
2542,46,1
2543,72,0
2544,75,0
2545,94,1
2546,75,0
2547,65,1
2548,59,1
2549,68,1
2550,71,1
2551,52,1
2552,96,1
2553,131,1
2554,31,1
2555,63,1
2556,156,1
2557,45,1
2558,44,1
2559,80,0
2560,200,0
2561,133,1
2562,200,0
2563,121,1
2564,45,1
2565,58,0
2566,78,0
2567,81,1
2568,78,1
2569,32,1
2570,162,1
2571,200,0
2572,88,1
2573,71,1
2574,37,1
2575,191,1
2576,95,1
2577,117,1
2578,83,1
2579,169,1
2580,56,1
2581,74,1
2582,40,1
2583,80,1
2584,53,1
2585,71,1
2586,76,1
2587,182,0
2588,116,1
2589,200,0
2590,174,1
2591,125,1
2592,128,0
2593,123,1
2594,46,1
2595,44,1
2596,64,1
2597,200,0
2598,62,1
2599,42,0
2600,149,1
2601,55,1
2602,97,1
2603,155,1
2604,95,1
2605,83,1
2606,63,1
2607,89,1
2608,49,1
2609,79,1
2610,42,1
2611,30,1
2612,47,0
2613,38,1
2614,74,0
2615,83,1
2616,157,1
2617,55,1
2618,57,1
2619,90,1
2620,148,1
2621,70,1
2622,136,1
2623,51,1
2624,151,1
2625,86,1
2626,66,1
2627,46,1
2628,94,1
2629,63,0
2630,43,1
2631,65,1
2632,42,1
2633,145,1
2634,67,1
2635,137,0
2636,66,1
2637,40,1
2638,52,1
2639,53,1
2640,66,1
2641,159,1
2642,200,0
2643,47,1
2644,49,0
2645,169,1
2646,135,1
2647,64,1
2648,136,0
2649,200,0
2650,38,1
2651,32,1
2652,50,1
2653,200,0
2654,80,1
2655,110,1
2656,90,1
2657,83,1
2658,68,0
2659,64,1
2660,106,1
2661,57,1
2662,53,1
2663,66,0
2664,71,1
2665,34,1
2666,129,1
2667,62,1
2668,142,1
2669,57,1
2670,157,1
2671,99,1
2672,71,1
2673,119,1
2674,123,1
2675,56,1
2676,87,1
2677,83,1
2678,95,1
2679,200,0
2680,71,1
2681,40,1
2682,141,1
2683,25,1
2684,94,1
2685,200,0
2686,106,1
2687,120,1
2688,95,1
2689,86,1
2690,58,1
2691,87,1
2692,155,1
2693,72,1
2694,53,1
2695,29,1
2696,91,1
2697,52,1
2698,36,1
2699,101,0
2700,115,1
2701,100,1
2702,115,1
2703,127,1
2704,110,0
2705,131,1
2706,149,1
2707,67,1
2708,94,1
2709,166,1
2710,200,0
2711,173,1
2712,51,1
2713,41,1
2714,200,0
2715,140,1
2716,141,1
2717,38,1
2718,144,1
2719,53,1
2720,80,1
2721,68,1
2722,51,1
2723,200,0
2724,200,0
2725,200,0
2726,57,0
2727,69,1
2728,103,1
2729,37,1
2730,125,1
2731,57,1
2732,56,1
2733,109,1
2734,107,1
2735,74,1
2736,69,1
2737,65,1
2738,86,1
2739,74,1
2740,59,1
2741,81,1
2742,63,1
2743,157,1
2744,61,1
2745,88,1
2746,34,1
2747,84,1
2748,170,1
2749,47,1
2750,200,0
2751,53,1
2752,91,1
2753,131,1
2754,138,1
2755,66,0
2756,65,0
2757,77,1
2758,30,0
2759,114,1
2760,125,1
2761,118,1
2762,96,1
2763,141,1
2764,29,1
2765,68,1
2766,44,1
2767,52,1
2768,92,1
2769,68,1
2770,92,1
2771,90,1
2772,200,0
2773,122,1
2774,120,1
2775,129,1
2776,123,1
2777,48,1
2778,32,1
2779,51,1
2780,55,0
2781,132,1
2782,71,1
2783,140,1
2784,17,1
2785,73,1
2786,64,1
2787,63,1
2788,46,1
2789,103,1
2790,54,1
2791,74,1
2792,39,1
2793,60,0
2794,54,1
2795,133,1
2796,99,1
2797,98,1
2798,200,0
2799,133,1
2800,36,1
2801,61,1
2802,177,1
2803,47,0
2804,63,1
2805,53,1
2806,200,0
2807,81,1
2808,42,1
2809,29,1
2810,154,1
2811,65,1
2812,58,1
2813,73,1
2814,54,1
2815,114,1
2816,40,1
2817,199,1
2818,118,1
2819,24,1
2820,38,1
2821,57,1
2822,77,1
2823,114,1
2824,23,1
2825,55,1
2826,174,1
2827,92,1
2828,61,1
2829,200,0
2830,200,0
2831,91,0
2832,101,1
2833,31,1
2834,77,1
2835,110,1
2836,66,0
2837,140,1
2838,152,1
2839,160,1
2840,196,1
2841,71,1
2842,59,1
2843,153,0
2844,33,1
2845,151,1
2846,59,1
2847,28,0
2848,58,1
2849,82,1
2850,142,1
2851,62,1
2852,91,1
2853,68,1
2854,30,1
2855,42,1
2856,182,1
2857,28,1
2858,50,1
2859,100,1
2860,55,1
2861,56,1
2862,152,0
2863,95,1
2864,77,1
2865,68,1
2866,159,1
2867,200,0
2868,83,1
2869,40,1
2870,88,1
2871,53,1
2872,43,1
2873,48,1
2874,84,1
2875,133,1
2876,89,1
2877,65,1
2878,88,1
2879,123,1
2880,65,1
2881,37,0
2882,97,1
2883,126,0
2884,87,1
2885,65,1
2886,49,1
2887,107,1
2888,200,0
2889,38,1
2890,48,1
2891,64,1
2892,61,0
2893,124,1
2894,50,1
2895,50,0
2896,133,1
2897,72,1
2898,42,1
2899,96,0
2900,26,1
2901,91,1
2902,166,1
2903,52,1
2904,64,1
2905,36,1
2906,54,1
2907,91,1
2908,75,1
2909,42,1
2910,53,1
2911,137,1
2912,56,1
2913,60,1
2914,33,1
2915,200,0
2916,191,1
2917,58,1
2918,73,1
2919,42,1
2920,34,1
2921,56,1
2922,128,1
2923,50,1
2924,32,1
2925,80,1
2926,50,1
2927,38,1
2928,96,1
2929,95,1
2930,64,1
2931,108,1
2932,56,1
2933,76,1
2934,124,0
2935,62,1
2936,40,1
2937,97,1
2938,60,1
2939,76,1
2940,69,0
2941,116,1
2942,200,0
2943,126,1
2944,110,1
2945,105,1
2946,113,1
2947,87,0
2948,89,1
2949,137,1
2950,73,1
2951,39,1
2952,57,1
2953,107,1
2954,106,1
2955,136,1
2956,75,1
2957,86,1
2958,106,1
2959,152,1
2960,115,1
2961,104,1
2962,119,1
2963,109,1
2964,106,1
2965,43,1
2966,47,1
2967,34,0
2968,141,1
2969,194,1
2970,65,1
2971,41,1
2972,200,0
2973,44,0
2974,40,1
2975,200,0
2976,145,0
2977,115,1
2978,89,1
2979,77,1
2980,25,1
2981,110,1
2982,65,1
2983,67,1
2984,147,1
2985,35,1
2986,34,1
2987,82,1
2988,49,1
2989,46,1
2990,174,1
2991,53,1
2992,92,1
2993,31,1
2994,42,0
2995,144,1
2996,67,1
2997,39,1
2998,159,1
2999,112,1
3000,63,1
3001,170,1
3002,200,0
3003,84,1
3004,58,1
3005,100,1
3006,148,1
3007,75,1
3008,90,1
3009,169,1
3010,103,1
3011,114,1
3012,133,1
3013,53,0
3014,35,1
3015,55,1
3016,107,1
3017,200,0
3018,31,1
3019,49,1
3020,69,1
3021,76,1
3022,101,1
3023,59,1
3024,30,1
3025,127,1
3026,105,1
3027,52,1
3028,104,1
3029,39,1
3030,115,1
3031,173,0
3032,61,1
3033,43,1
3034,181,1
3035,61,1
3036,112,1
3037,99,1
3038,71,0
3039,37,1
3040,49,1
3041,96,1
3042,66,1
3043,99,1
3044,43,1
3045,67,0
3046,112,1
3047,122,1
3048,45,1
3049,71,1
3050,88,1
3051,33,1
3052,34,0
3053,51,1
3054,57,1
3055,142,1
3056,95,1
3057,43,1
3058,61,1
3059,72,1
3060,60,1
3061,63,1
3062,92,1
3063,121,1
3064,140,1
3065,87,1
3066,111,1
3067,118,0
3068,80,1
3069,55,1
3070,40,1
3071,129,1
3072,200,0
3073,200,0
3074,76,1
3075,26,1
3076,85,1
3077,61,1
3078,48,1
3079,75,1
3080,77,1
3081,61,1
3082,61,1
3083,120,1
3084,45,0
3085,57,1
3086,114,0
3087,167,1
3088,69,1
3089,72,0
3090,36,1
3091,87,1
3092,81,1
3093,185,1
3094,107,1
3095,48,1
3096,185,1
3097,58,1
3098,62,1
3099,49,1
3100,73,0
3101,80,1
3102,121,1
3103,36,1
3104,39,1
3105,200,0
3106,114,1
3107,64,1
3108,115,1
3109,167,1
3110,47,1
3111,100,1
3112,163,1
3113,110,1
3114,73,1
3115,34,1
3116,48,1
3117,67,1
3118,70,1
3119,93,1
3120,136,1
3121,69,1
3122,158,1
3123,29,1
3124,139,1
3125,82,1
3126,50,1
3127,200,0
3128,197,1
3129,166,1
3130,58,1
3131,56,0
3132,100,1
3133,200,0
3134,79,1
3135,52,1
3136,105,1
3137,35,1
3138,102,1
3139,42,1
3140,64,0
3141,87,1
3142,83,1
3143,93,1
3144,56,1
3145,52,1
3146,62,1
3147,95,1
3148,72,1
3149,93,1
3150,147,1
3151,55,1
3152,82,1
3153,97,1
3154,65,1
3155,111,1
3156,200,0
3157,95,1
3158,51,1
3159,184,1
3160,136,0
3161,128,1
3162,62,1
3163,117,1
3164,84,1
3165,39,1
3166,83,1
3167,110,1
3168,96,1
3169,114,1
3170,110,1
3171,47,1
3172,93,1
3173,61,0
3174,54,1
3175,69,1
3176,80,1
3177,55,1
3178,20,1
3179,77,1
3180,39,0
3181,58,1
3182,72,1
3183,107,1
3184,27,1
3185,83,1
3186,87,1
3187,38,1
3188,47,1
3189,35,1
3190,39,1
3191,114,1
3192,105,1
3193,106,0
3194,83,1
3195,75,1
3196,111,1
3197,96,1
3198,165,1
3199,153,1
3200,126,1
3201,43,1
3202,42,1
3203,118,0
3204,86,1
3205,62,1
3206,102,1
3207,37,1
3208,46,1
3209,33,1
3210,69,1
3211,90,1
3212,94,1
3213,52,1
3214,83,1
3215,75,1
3216,58,1
3217,91,1
3218,112,1
3219,38,1
3220,23,1
3221,21,1
3222,48,1
3223,53,1
3224,65,1
3225,63,1
3226,98,1
3227,83,1
3228,99,1
3229,47,1
3230,99,1
3231,43,1
3232,171,1
3233,37,0
3234,85,1
3235,29,1
3236,74,1
3237,94,1
3238,83,1
3239,123,1
3240,71,1
3241,48,1
3242,180,1
3243,57,1
3244,114,1
3245,89,1
3246,82,1
3247,139,1
3248,101,1
3249,165,1
3250,146,1
3251,93,0
3252,86,1
3253,77,1
3254,89,1
3255,51,1
3256,55,0
3257,78,1
3258,58,1
3259,49,1
3260,79,1
3261,70,1
3262,102,0
3263,142,1
3264,84,1
3265,53,1
3266,44,1
3267,57,1
3268,109,0
3269,138,1
3270,200,0
3271,54,1
3272,66,1
3273,74,1
3274,141,1
3275,28,0
3276,47,1
3277,103,1
3278,54,1
3279,106,1
3280,50,1
3281,72,1
3282,149,1
3283,68,1
3284,122,1
3285,68,1
3286,42,1
3287,75,1
3288,75,1
3289,106,1
3290,97,1
3291,45,1
3292,41,0
3293,66,1
3294,78,1
3295,99,1
3296,86,1
3297,200,0
3298,186,0
3299,145,1
3300,153,1
3301,77,1
3302,90,1
3303,112,1
3304,74,1
3305,43,1
3306,70,0
3307,94,1
3308,54,0
3309,128,1
3310,67,1
3311,41,1
3312,200,0
3313,114,1
3314,200,0
3315,66,1
3316,101,1
3317,49,1
3318,200,0
3319,48,1
3320,63,1
3321,57,1
3322,69,1
3323,130,0
3324,75,1
3325,145,1
3326,31,1
3327,165,1
3328,70,1
3329,113,1
3330,118,1
3331,200,0
3332,131,1
3333,64,1
3334,46,1
3335,58,0
3336,140,1
3337,47,1
3338,56,0
3339,200,0
3340,55,1
3341,66,1
3342,64,1
3343,113,1
3344,50,1
3345,54,1
3346,116,1
3347,76,0
3348,200,0
3349,66,1
3350,33,1
3351,54,1
3352,167,1
3353,78,1
3354,79,0
3355,115,1
3356,107,1
3357,66,1
3358,125,1
3359,77,1
3360,75,1
3361,55,1
3362,89,1
3363,166,1
3364,66,1
3365,200,0
3366,105,1
3367,55,1
3368,48,1
3369,59,1
3370,58,1
3371,196,1
3372,119,1
3373,154,1
3374,182,1
3375,145,1
3376,63,0
3377,73,1
3378,62,1
3379,110,0
3380,81,1
3381,40,1
3382,106,1
3383,58,1
3384,44,1
3385,56,0
3386,62,1
3387,23,1
3388,47,1
3389,132,1
3390,52,1
3391,167,1
3392,32,1
3393,38,1
3394,44,1
3395,100,1
3396,102,1
3397,63,1
3398,21,1
3399,59,0
3400,120,1
3401,43,1
3402,134,1
3403,67,1
3404,104,1
3405,83,1
3406,48,1
3407,70,1
3408,131,1
3409,67,0
3410,100,1
3411,62,1
3412,101,1
3413,51,1
3414,200,0
3415,37,1
3416,48,1
3417,45,1
3418,88,1
3419,126,1
3420,67,1
3421,41,1
3422,36,0
3423,85,1
3424,75,0
3425,74,1
3426,60,1
3427,44,1
3428,100,1
3429,98,1
3430,53,1
3431,81,1
3432,69,1
3433,27,1
3434,104,1
3435,84,1
3436,87,1
3437,75,1
3438,50,1
3439,140,1
3440,36,1
3441,63,1
3442,76,1
3443,70,0
3444,71,1
3445,159,1
3446,131,1
3447,54,0
3448,72,1
3449,43,1
3450,48,1
3451,134,0
3452,75,1
3453,141,1
3454,148,1
3455,65,1
3456,72,1
3457,37,1
3458,50,1
3459,120,1
3460,63,1
3461,60,0
3462,48,1
3463,80,1
3464,149,1
3465,68,1
3466,42,1
3467,97,1
3468,96,1
3469,39,1
3470,50,1
3471,69,1
3472,133,1
3473,84,1
3474,194,1
3475,100,1
3476,100,1
3477,146,1
3478,124,1
3479,189,1
3480,87,1
3481,74,1
3482,70,1
3483,79,1
3484,29,1
3485,145,0
3486,134,1
3487,68,0
3488,58,1
3489,131,1
3490,57,1
3491,146,1
3492,109,1
3493,89,1
3494,25,1
3495,133,1
3496,66,1
3497,110,1
3498,162,1
3499,185,1
3500,64,1
3501,72,1
3502,142,0
3503,89,1
3504,94,0
3505,68,0
3506,108,1
3507,74,0
3508,87,1
3509,48,1
3510,160,1
3511,56,1
3512,64,1
3513,168,1
3514,66,1
3515,79,1
3516,148,1
3517,58,0
3518,80,1
3519,128,1
3520,62,1
3521,47,1
3522,135,1
3523,99,1
3524,58,1
3525,160,1
3526,96,1
3527,53,1
3528,92,0
3529,79,1
3530,60,1
3531,57,1
3532,153,1
3533,120,1
3534,146,1
3535,56,1
3536,67,0
3537,69,1
3538,38,1
3539,53,1
3540,90,0
3541,82,1
3542,123,1
3543,70,0
3544,98,1
3545,69,1
3546,129,1
3547,60,1
3548,35,1
3549,72,1
3550,113,1
3551,49,0
3552,103,1
3553,109,1
3554,168,1
3555,134,1
3556,56,1
3557,69,1
3558,126,1
3559,134,1
3560,145,1
3561,121,1
3562,35,1
3563,44,1
3564,60,1
3565,140,1
3566,103,1
3567,108,0
3568,152,1
3569,54,1
3570,90,1
3571,174,0
3572,58,1
3573,142,1
3574,94,1
3575,153,1
3576,73,1
3577,45,1
3578,35,1
3579,124,0
3580,37,1
3581,22,1
3582,70,1
3583,200,0
3584,139,1
3585,145,1
3586,50,1
3587,110,1
3588,71,1
3589,200,0
3590,113,1
3591,126,1
3592,80,1
3593,200,0
3594,48,1
3595,74,1
3596,105,1
3597,96,1
3598,41,1
3599,54,0
3600,99,1
3601,106,1
3602,175,1
3603,126,1
3604,140,1
3605,103,1
3606,101,1
3607,90,0
3608,104,1
3609,104,1
3610,44,0
3611,186,1
3612,106,1
3613,91,1
3614,52,1
3615,65,1
3616,81,0
3617,112,1
3618,54,1
3619,41,1
3620,47,1
3621,91,1
3622,115,1
3623,108,1
3624,122,1
3625,49,1
3626,138,1
3627,21,1
3628,171,1
3629,200,0
3630,121,1
3631,44,1
3632,118,1
3633,110,1
3634,36,1
3635,86,1
3636,78,0
3637,64,1
3638,49,1
3639,187,1
3640,34,1
3641,137,1
3642,49,1
3643,82,1
3644,77,1
3645,117,1
3646,115,1
3647,135,1
3648,124,0
3649,35,1
3650,63,1
3651,141,1
3652,173,1
3653,89,1
3654,34,1
3655,71,0
3656,83,1
3657,51,1
3658,77,1
3659,142,1
3660,43,0
3661,179,1
3662,83,1
3663,198,1
3664,95,1
3665,125,1
3666,58,0
3667,118,1
3668,86,1
3669,91,1
3670,39,0
3671,78,1
3672,73,1
3673,78,1
3674,73,1
3675,62,1
3676,111,1
3677,157,1
3678,116,1
3679,88,1
3680,69,1
3681,53,1
3682,52,1
3683,70,1
3684,72,1
3685,174,1
3686,70,1
3687,90,1
3688,200,0
3689,38,1
3690,56,1
3691,126,0
3692,30,1
3693,47,1
3694,200,0
3695,66,1
3696,27,0
3697,85,1
3698,58,1
3699,59,1
3700,154,1
3701,119,1
3702,127,1
3703,83,1
3704,59,1
3705,68,1
3706,80,1
3707,78,1
3708,124,1
3709,66,1
3710,48,0
3711,78,1
3712,77,1
3713,50,1
3714,44,1
3715,78,1
3716,31,1
3717,67,1
3718,96,1
3719,76,1
3720,138,1
3721,32,1
3722,33,1
3723,90,1
3724,76,1
3725,51,1
3726,53,1
3727,104,1
3728,48,0
3729,68,1
3730,150,1
3731,185,1
3732,44,1
3733,42,1
3734,118,1
3735,148,0
3736,200,0
3737,90,1
3738,73,1
3739,79,1
3740,127,1
3741,156,1
3742,112,1
3743,51,1
3744,55,1
3745,110,1
3746,89,0
3747,89,0
3748,40,0
3749,74,1
3750,157,1
3751,156,1
3752,55,1
3753,94,1
3754,115,1
3755,33,1
3756,71,1
3757,77,1
3758,31,0
3759,41,0
3760,101,1
3761,53,0
3762,183,1
3763,147,1
3764,85,1
3765,71,1
3766,200,0
3767,40,1
3768,115,1
3769,52,0
3770,167,1
3771,200,0
3772,53,1
3773,167,1
3774,173,1
3775,158,1
3776,88,1
3777,81,1
3778,71,1
3779,168,1
3780,47,1
3781,41,0
3782,58,1
3783,47,1
3784,102,1
3785,121,1
3786,72,1
3787,111,1
3788,141,0
3789,77,1
3790,81,1
3791,57,0
3792,164,0
3793,104,1
3794,34,1
3795,63,1
3796,74,1
3797,62,1
3798,101,1
3799,128,1
3800,49,1
3801,54,1
3802,200,0
3803,27,1
3804,107,1
3805,52,1
3806,77,1
3807,86,1
3808,97,1
3809,111,1
3810,114,1
3811,56,1
3812,102,1
3813,74,1
3814,51,0
3815,42,1
3816,81,1
3817,52,0
3818,34,1
3819,108,1
3820,60,1
3821,90,1
3822,62,1
3823,106,1
3824,30,0
3825,70,1
3826,200,0
3827,110,1
3828,38,1
3829,33,0
3830,128,1
3831,99,1
3832,32,1
3833,90,1
3834,117,1
3835,82,0
3836,42,1
3837,47,1
3838,57,1
3839,181,1
3840,124,1
3841,122,1
3842,40,1
3843,59,1
3844,72,1
3845,52,1
3846,168,1
3847,57,0
3848,61,1
3849,64,1
3850,22,1
3851,51,1
3852,55,1
3853,47,1
3854,122,1
3855,39,0
3856,96,1
3857,83,1
3858,154,1
3859,38,1
3860,114,1
3861,49,1
3862,194,0
3863,43,1
3864,47,1
3865,135,0
3866,55,1
3867,70,0
3868,71,1
3869,81,1
3870,108,1
3871,50,1
3872,169,1
3873,79,1
3874,76,1
3875,76,1
3876,138,1
3877,105,1
3878,70,1
3879,95,1
3880,59,1
3881,111,1
3882,101,1
3883,31,1
3884,149,1
3885,61,1
3886,52,0
3887,91,1
3888,42,1
3889,189,1
3890,58,1
3891,86,1
3892,46,1
3893,41,1
3894,147,1
3895,47,1
3896,141,1
3897,57,1
3898,35,1
3899,54,1
3900,131,1
3901,96,1
3902,79,1
3903,62,1
3904,108,1
3905,176,1
3906,200,0
3907,121,0
3908,64,1
3909,86,1
3910,45,1
3911,200,0
3912,48,1
3913,71,1
3914,101,1
3915,90,1
3916,79,1
3917,131,1
3918,113,1
3919,51,1
3920,48,1
3921,37,1
3922,86,1
3923,79,1
3924,88,1
3925,41,1
3926,112,0
3927,64,1
3928,73,1
3929,66,1
3930,101,1
3931,32,1
3932,65,1
3933,126,1
3934,132,1
3935,158,1
3936,64,1
3937,45,1
3938,130,1
3939,131,1
3940,47,1
3941,79,1
3942,32,1
3943,44,1
3944,97,1
3945,136,1
3946,123,1
3947,125,1
3948,121,1
3949,35,1
3950,52,1
3951,94,0
3952,103,1
3953,19,1
3954,74,1
3955,187,1
3956,80,1
3957,93,1
3958,104,1
3959,93,1
3960,48,1
3961,75,0
3962,60,1
3963,33,1
3964,200,0
3965,37,0
3966,45,1
3967,47,1
3968,50,1
3969,61,1
3970,77,1
3971,131,1
3972,137,1
3973,29,1
3974,36,1
3975,183,1
3976,86,1
3977,75,1
3978,97,0
3979,200,0
3980,94,1
3981,39,0
3982,58,1
3983,138,1
3984,51,1
3985,67,1
3986,118,1
3987,27,1
3988,186,1
3989,134,1
3990,56,0
3991,72,1
3992,70,1
3993,110,1
3994,145,1
3995,61,1
3996,81,1
3997,84,1
3998,58,1
3999,92,1
4000,115,1
4001,52,1
4002,37,1
4003,60,1
4004,200,0
4005,85,1
4006,59,1
4007,200,0
4008,50,1
4009,154,1
4010,82,1
4011,58,1
4012,65,0
4013,200,0
4014,107,1
4015,189,1
4016,86,1
4017,109,1
4018,103,1
4019,62,1
4020,113,1
4021,92,1
4022,200,0
4023,182,1
4024,177,1
4025,46,1
4026,65,1
4027,166,1
4028,69,0
4029,115,1
4030,94,1
4031,62,1
4032,38,1
4033,98,1
4034,72,1
4035,180,1
4036,100,1
4037,92,1
4038,200,0
4039,178,1
4040,51,1
4041,100,1
4042,91,1
4043,110,1
4044,165,1
4045,105,1
4046,107,1
4047,109,1
4048,46,0
4049,93,1
4050,125,1
4051,131,1
4052,173,1
4053,95,1
4054,57,0
4055,21,1
4056,100,1
4057,93,1
4058,112,1
4059,159,1
4060,80,1
4061,147,1
4062,68,1
4063,55,1
4064,180,1
4065,29,1
4066,81,1
4067,49,1
4068,87,1
4069,76,1
4070,75,1
4071,147,0
4072,74,1
4073,96,0
4074,36,1
4075,75,1
4076,43,1
4077,69,1
4078,44,1
4079,88,1
4080,35,1
4081,25,0
4082,54,1
4083,200,0
4084,132,1
4085,52,1
4086,78,1
4087,145,1
4088,69,1
4089,142,1
4090,51,1
4091,53,1
4092,92,1
4093,50,1
4094,161,1
4095,149,1
4096,63,1
4097,139,1
4098,55,1
4099,120,0
4100,55,1
4101,55,1
4102,78,1
4103,200,0
4104,94,1
4105,114,1
4106,52,1
4107,92,1
4108,46,1
4109,98,1
4110,81,1
4111,43,1
4112,32,1
4113,72,1
4114,44,1
4115,53,1
4116,36,1
4117,179,1
4118,94,1
4119,39,1
4120,60,1
4121,49,1
4122,98,0
4123,59,1
4124,55,1
4125,150,1
4126,77,1
4127,71,1
4128,42,1
4129,53,1
4130,134,1
4131,104,1
4132,102,1
4133,126,1
4134,99,1
4135,153,1
4136,54,1
4137,94,1
4138,81,1
4139,45,1
4140,130,1
4141,93,1
4142,181,1
4143,200,0
4144,26,1
4145,54,1
4146,69,1
4147,60,1
4148,94,1
4149,28,1
4150,71,0
4151,46,0
4152,64,1
4153,127,1
4154,32,1
4155,89,1
4156,132,1
4157,108,1
4158,94,1
4159,110,1
4160,114,0
4161,120,1
4162,83,1
4163,30,1
4164,41,1
4165,73,1
4166,54,1
4167,48,1
4168,124,1
4169,49,1
4170,140,1
4171,80,1
4172,52,1
4173,59,1
4174,98,1
4175,51,1
4176,200,0
4177,73,1
4178,108,1
4179,200,0
4180,105,1
4181,43,1
4182,76,1
4183,62,1
4184,101,1
4185,148,1
4186,96,1
4187,57,1
4188,200,0
4189,105,1
4190,48,0
4191,109,1
4192,74,1
4193,81,1
4194,186,1
4195,162,1
4196,72,1
4197,133,1
4198,67,1
4199,128,1
4200,73,1
4201,90,1
4202,75,1
4203,71,1
4204,60,1
4205,83,1
4206,200,0
4207,66,1
4208,71,1
4209,125,1
4210,80,1
4211,130,1
4212,200,0
4213,107,1
4214,200,0
4215,75,1
4216,84,1
4217,50,1
4218,32,1
4219,32,1
4220,102,0
4221,153,1
4222,200,0
4223,58,1
4224,87,1
4225,81,1
4226,52,1
4227,51,1
4228,41,1
4229,45,1
4230,106,1
4231,126,1
4232,200,0
4233,58,1
4234,103,1
4235,48,1
4236,112,1
4237,53,0
4238,82,1
4239,52,1
4240,45,1
4241,73,1
4242,120,1
4243,80,1
4244,140,1
4245,81,1
4246,166,1
4247,40,1
4248,120,1
4249,48,1
4250,74,1
4251,121,1
4252,103,1
4253,86,1
4254,50,1
4255,140,1
4256,46,1
4257,51,1
4258,56,0
4259,128,1
4260,200,0
4261,36,1
4262,141,1
4263,66,1
4264,56,1
4265,58,1
4266,102,1
4267,113,1
4268,67,1
4269,139,1
4270,146,1
4271,99,1
4272,145,1
4273,110,0
4274,90,1
4275,62,1
4276,65,1
4277,155,1
4278,54,0
4279,57,1
4280,52,0
4281,109,1
4282,89,1
4283,90,1
4284,99,1
4285,57,0
4286,43,1
4287,58,1
4288,70,1
4289,94,1
4290,50,1
4291,55,1
4292,200,0
4293,64,1
4294,40,1
4295,126,1
4296,60,1
4297,103,1
4298,54,1
4299,54,1
4300,88,1
4301,94,0
4302,52,1
4303,88,1
4304,95,1
4305,65,1
4306,200,0
4307,49,0
4308,129,1
4309,37,1
4310,75,1
4311,130,1
4312,69,1
4313,126,0
4314,47,1
4315,27,1
4316,167,1
4317,98,1
4318,158,1
4319,65,1
4320,77,1
4321,159,1
4322,72,1
4323,54,1
4324,99,1
4325,41,0
4326,64,1
4327,83,1
4328,36,1
4329,47,1
4330,40,1
4331,164,1
4332,30,1
4333,127,1
4334,86,1
4335,94,1
4336,88,0
4337,52,0
4338,30,1
4339,54,1
4340,83,1
4341,83,1
4342,200,0
4343,200,0
4344,166,0
4345,25,1
4346,55,1
4347,57,1
4348,40,0
4349,44,1
4350,148,1
4351,134,0
4352,117,1
4353,172,1
4354,184,1
4355,57,1
4356,144,1
4357,85,1
4358,43,1
4359,36,1
4360,41,1
4361,112,1
4362,45,1
4363,43,1
4364,51,1
4365,171,1
4366,53,1
4367,130,1
4368,71,1
4369,114,1
4370,98,1
4371,146,1
4372,99,1
4373,64,1
4374,99,1
4375,139,1
4376,50,1
4377,189,1
4378,200,0
4379,26,1
4380,104,1
4381,128,1
4382,120,1
4383,66,1
4384,70,0
4385,179,1
4386,24,1
4387,26,1
4388,100,1
4389,126,0
4390,110,1
4391,174,1
4392,117,1
4393,35,1
4394,44,1
4395,76,1
4396,75,0
4397,66,1
4398,59,1
4399,153,1
4400,53,1
4401,118,1
4402,111,1
4403,69,1
4404,36,1
4405,200,0
4406,59,1
4407,85,1
4408,158,1
4409,65,1
4410,49,1
4411,153,1
4412,31,1
4413,62,1
4414,88,1
4415,96,1
4416,26,1
4417,88,1
4418,57,1
4419,54,1
4420,90,1
4421,80,1
4422,99,1
4423,122,1
4424,102,1
4425,68,1
4426,47,1
4427,76,1
4428,87,1
4429,66,1
4430,107,1
4431,139,1
4432,50,1
4433,200,0
4434,84,1
4435,71,1
4436,117,1
4437,67,1
4438,148,1
4439,56,1
4440,99,1
4441,64,1
4442,200,0
4443,30,1
4444,68,1
4445,64,1
4446,200,0
4447,70,1
4448,34,1
4449,61,1
4450,82,1
4451,144,0
4452,87,1
4453,61,1
4454,132,1
4455,141,1
4456,86,1
4457,39,1
4458,132,1
4459,129,1
4460,92,1
4461,53,1
4462,47,1
4463,166,1
4464,125,1
4465,113,1
4466,200,0
4467,81,1
4468,84,1
4469,53,1
4470,113,1
4471,200,0
4472,194,1
4473,80,1
4474,91,1
4475,57,1
4476,200,0
4477,27,0
4478,67,1
4479,132,1
4480,43,1
4481,62,1
4482,29,1
4483,62,1
4484,47,1
4485,141,1
4486,68,1
4487,63,1
4488,51,1
4489,69,1
4490,166,1
4491,66,1
4492,200,0
4493,42,1
4494,156,1
4495,33,1
4496,47,1
4497,57,1
4498,48,0
4499,33,1
4500,27,1
4501,53,1
4502,177,1
4503,99,1
4504,200,0
4505,45,1
4506,24,1
4507,65,1
4508,101,1
4509,105,1
4510,137,1
4511,63,1
4512,36,1
4513,94,1
4514,163,1
4515,87,1
4516,41,1
4517,53,1
4518,39,1
4519,66,1
4520,165,1
4521,31,1
4522,173,1
4523,43,1
4524,101,1
4525,138,0
4526,151,1
4527,61,1
4528,113,1
4529,82,1
4530,78,1
4531,68,1
4532,89,1
4533,161,1
4534,58,1
4535,97,1
4536,111,1
4537,57,1
4538,136,1
4539,200,0
4540,59,1
4541,109,1
4542,128,1
4543,93,1
4544,57,1
4545,54,1
4546,52,0
4547,129,1
4548,200,1
4549,91,1
4550,92,1
4551,72,1
4552,108,1
4553,44,1
4554,39,1
4555,53,1
4556,30,1
4557,63,1
4558,107,0
4559,82,1
4560,76,1
4561,148,1
4562,71,1
4563,70,1
4564,29,1
4565,115,1
4566,87,1
4567,22,1
4568,48,1
4569,107,1
4570,104,1
4571,111,1
4572,58,1
4573,41,1
4574,40,1
4575,200,0
4576,129,1
4577,119,0
4578,85,1
4579,153,1
4580,116,1
4581,200,0
4582,60,1
4583,67,1
4584,91,1
4585,98,1
4586,98,1
4587,40,1
4588,80,1
4589,74,1
4590,39,0
4591,45,1
4592,84,1
4593,96,1
4594,33,0
4595,32,1
4596,115,1
4597,48,1
4598,144,1
4599,39,1
4600,78,1
4601,85,1
4602,39,1
4603,74,1
4604,62,1
4605,100,1
4606,71,1
4607,79,1
4608,104,1
4609,138,1
4610,43,1
4611,44,1
4612,43,0
4613,119,1
4614,36,1
4615,63,1
4616,78,1
4617,137,1
4618,68,1
4619,107,1
4620,74,1
4621,39,1
4622,118,1
4623,78,1
4624,103,1
4625,72,0
4626,49,1
4627,131,1
4628,51,1
4629,76,1
4630,50,1
4631,64,1
4632,136,1
4633,52,1
4634,124,1
4635,85,1
4636,71,1
4637,75,1
4638,188,1
4639,112,1
4640,64,1
4641,78,1
4642,54,1
4643,80,0
4644,80,1
4645,83,1
4646,91,1
4647,71,1
4648,63,1
4649,90,1
4650,81,1
4651,200,0
4652,200,0
4653,138,1
4654,111,1
4655,21,1
4656,42,1
4657,63,1
4658,37,1
4659,106,1
4660,44,1
4661,105,1
4662,147,1
4663,109,1
4664,81,1
4665,74,1
4666,82,1
4667,105,1
4668,73,1
4669,126,1
4670,81,1
4671,108,0
4672,126,1
4673,200,0
4674,191,1
4675,68,1
4676,64,1
4677,154,1
4678,154,1
4679,38,1
4680,102,1
4681,43,1
4682,50,1
4683,70,1
4684,62,1
4685,104,1
4686,70,1
4687,69,1
4688,81,1
4689,101,1
4690,55,1
4691,63,1
4692,46,1
4693,102,1
4694,63,1
4695,71,1
4696,54,1
4697,92,1
4698,37,1
4699,46,1
4700,37,1
4701,109,0
4702,59,0
4703,81,1
4704,120,1
4705,102,1
4706,190,1
4707,69,1
4708,71,1
4709,103,1
4710,128,1
4711,152,1
4712,94,1
4713,92,1
4714,73,1
4715,65,1
4716,26,1
4717,63,1
4718,200,0
4719,87,1
4720,59,1
4721,56,1
4722,50,1
4723,80,1
4724,59,1
4725,30,1
4726,58,1
4727,100,1
4728,129,1
4729,62,1
4730,186,1
4731,63,1
4732,47,1
4733,58,1
4734,91,1
4735,94,1
4736,52,1
4737,69,1
4738,70,0
4739,65,1
4740,56,1
4741,119,1
4742,56,1
4743,72,1
4744,39,1
4745,33,1
4746,38,1
4747,97,1
4748,104,1
4749,59,1
4750,104,1
4751,52,1
4752,61,1
4753,29,1
4754,98,1
4755,162,1
4756,144,1
4757,36,1
4758,56,1
4759,105,1
4760,117,1
4761,147,1
4762,131,1
4763,112,1
4764,90,1
4765,43,1
4766,59,1
4767,171,1
4768,79,1
4769,127,1
4770,91,1
4771,73,1
4772,31,1
4773,113,1
4774,79,1
4775,65,1
4776,58,1
4777,80,1
4778,105,1
4779,38,1
4780,79,1
4781,102,1
4782,53,1
4783,110,1
4784,64,0
4785,167,1
4786,38,1
4787,200,0
4788,85,1
4789,57,1
4790,61,1
4791,121,1
4792,134,1
4793,60,1
4794,168,1
4795,65,1
4796,39,1
4797,62,1
4798,165,0
4799,86,1
4800,184,1
4801,40,1
4802,200,0
4803,48,1
4804,113,1
4805,61,1
4806,56,1
4807,43,1
4808,200,0
4809,79,1
4810,101,1
4811,35,1
4812,118,1
4813,46,1
4814,83,1
4815,58,1
4816,21,1
4817,40,1
4818,88,1
4819,145,1
4820,56,1
4821,130,1
4822,92,1
4823,49,1
4824,67,0
4825,94,1
4826,70,1
4827,47,1
4828,79,1
4829,79,0
4830,200,0
4831,94,1
4832,57,0
4833,84,1
4834,122,1
4835,97,0
4836,62,1
4837,67,1
4838,143,1
4839,76,1
4840,50,1
4841,29,1
4842,119,1
4843,81,1
4844,53,1
4845,197,1
4846,61,1
4847,58,1
4848,108,1
4849,104,1
4850,66,1
4851,37,0
4852,60,0
4853,101,1
4854,52,1
4855,43,1
4856,58,1
4857,58,1
4858,83,1
4859,79,1
4860,121,1
4861,91,1
4862,56,1
4863,63,1
4864,42,1
4865,182,1
4866,58,1
4867,46,1
4868,42,1
4869,77,1
4870,200,0
4871,58,1
4872,143,1
4873,66,1
4874,127,1
4875,27,1
4876,98,1
4877,40,1
4878,23,1
4879,198,1
4880,88,1
4881,95,1
4882,64,1
4883,69,1
4884,57,1
4885,111,1
4886,45,1
4887,111,1
4888,94,1
4889,56,1
4890,42,1
4891,37,1
4892,76,1
4893,66,1
4894,129,1
4895,116,1
4896,142,1
4897,64,1
4898,92,1
4899,200,0
4900,126,1
4901,116,1
4902,199,1
4903,92,1
4904,134,1
4905,67,1
4906,91,1
4907,79,1
4908,95,1
4909,66,1
4910,69,1
4911,62,1
4912,159,1
4913,107,0
4914,60,1
4915,78,1
4916,200,0
4917,154,1
4918,142,1
4919,117,1
4920,50,1
4921,108,1
4922,98,1
4923,200,0
4924,200,0
4925,85,1
4926,121,1
4927,65,1
4928,59,0
4929,56,1
4930,200,0
4931,200,0
4932,47,0
4933,46,1
4934,53,0
4935,33,1
4936,63,0
4937,52,1
4938,113,1
4939,182,1
4940,167,1
4941,84,1
4942,74,1
4943,200,0
4944,60,1
4945,106,1
4946,61,1
4947,82,1
4948,140,1
4949,123,1
4950,71,1
4951,83,1
4952,62,1
4953,80,1
4954,100,1
4955,70,1
4956,98,1
4957,55,1
4958,60,1
4959,67,1
4960,45,0
4961,164,1
4962,101,1
4963,154,1
4964,92,1
4965,45,1
4966,118,1
4967,85,1
4968,167,1
4969,109,1
4970,54,1
4971,67,1
4972,42,1
4973,24,1
4974,172,1
4975,112,1
4976,76,1
4977,53,1
4978,47,1
4979,64,1
4980,55,1
4981,67,1
4982,116,1
4983,81,1
4984,75,1
4985,63,1
4986,91,1
4987,97,1
4988,89,1
4989,61,1
4990,80,1
4991,198,1
4992,100,1
4993,137,1
4994,90,1
4995,44,1
4996,51,1
4997,47,1
4998,89,1
4999,139,1
5000,137,1
5001,180,1
5002,38,1
5003,111,1
5004,46,1
5005,30,0
5006,165,0
5007,69,1
5008,121,1
5009,70,1
5010,145,1
5011,126,0
5012,92,1
5013,200,0
5014,97,1
5015,43,1
5016,27,1
5017,176,1
5018,62,1
5019,28,1
5020,27,1
5021,124,1
5022,70,0
5023,32,1
5024,56,1
5025,55,1
5026,53,1
5027,40,1
5028,64,1
5029,77,1
5030,89,1
5031,166,1
5032,180,1
5033,132,1
5034,89,1
5035,83,1
5036,32,1
5037,104,1
5038,82,1
5039,43,1
5040,70,1
5041,92,1
5042,79,1
5043,61,1
5044,49,0
5045,42,1
5046,147,1
5047,200,0
5048,46,1
5049,104,1
5050,38,1
5051,144,1
5052,31,1
5053,72,1
5054,149,1
5055,87,1
5056,71,1
5057,200,0
5058,47,1
5059,96,1
5060,105,1
5061,103,1
5062,42,0
5063,77,1
5064,106,1
5065,68,1
5066,142,1
5067,147,1
5068,115,1
5069,198,0
5070,35,0
5071,28,1
5072,87,1
5073,200,0
5074,35,1
5075,42,1
5076,57,1
5077,52,1
5078,56,1
5079,65,1
5080,46,1
5081,78,1
5082,129,1
5083,91,1
5084,48,1
5085,101,1
5086,61,1
5087,39,1
5088,44,1
5089,47,1
5090,122,0
5091,166,1
5092,67,1
5093,190,1
5094,40,1
5095,200,0
5096,44,1
5097,75,1
5098,170,1
5099,70,1
5100,29,1
5101,32,1
5102,96,1
5103,200,0
5104,65,1
5105,47,1
5106,178,1
5107,53,1
5108,66,1
5109,75,1
5110,85,1
5111,78,1
5112,75,1
5113,44,1
5114,139,1
5115,54,1
5116,82,1
5117,51,1
5118,92,1
5119,38,1
5120,190,0
5121,131,1
5122,106,1
5123,160,1
5124,195,1
5125,136,1
5126,70,1
5127,151,1
5128,71,1
5129,27,1
5130,58,0
5131,74,1
5132,104,1
5133,36,1
5134,49,1
5135,105,1
5136,60,1
5137,55,1
5138,37,1
5139,94,0
5140,70,1
5141,98,1
5142,91,1
5143,44,1
5144,67,1
5145,57,1
5146,52,1
5147,87,1
5148,38,1
5149,64,1
5150,59,1
5151,119,1
5152,144,0
5153,59,1
5154,41,1
5155,38,1
5156,113,1
5157,61,1
5158,46,1
5159,31,1
5160,67,0
5161,53,1
5162,88,0
5163,126,1
5164,61,1
5165,56,1
5166,190,1
5167,79,1
5168,81,1
5169,75,1
5170,42,1
5171,105,1
5172,59,1
5173,75,1
5174,48,0
5175,33,1
5176,53,1
5177,119,1
5178,85,0
5179,37,1
5180,20,1
5181,168,1
5182,38,1
5183,126,1
5184,63,1
5185,57,1
5186,95,1
5187,80,1
5188,64,1
5189,35,1
5190,90,1
5191,147,1
5192,36,1
5193,127,1
5194,50,1
5195,20,0
5196,28,1
5197,83,1
5198,97,1
5199,101,1
5200,200,0
5201,48,1
5202,64,1
5203,92,1
5204,188,1
5205,49,1
5206,175,1
5207,129,1
5208,100,1
5209,119,1
5210,133,0
5211,200,0
5212,58,1
5213,45,1
5214,107,1
5215,65,1
5216,45,0
5217,73,1
5218,109,1
5219,165,1
5220,43,1
5221,51,1
5222,48,1
5223,42,1
5224,191,0
5225,81,1
5226,73,1
5227,186,1
5228,49,1
5229,48,1
5230,68,1
5231,75,1
5232,107,1
5233,104,1
5234,54,1
5235,168,1
5236,82,1
5237,37,1
5238,73,1
5239,80,1
5240,48,1
5241,159,1
5242,75,1
5243,121,1
5244,60,1
5245,122,1
5246,125,1
5247,52,1
5248,94,1
5249,71,1
5250,34,1
5251,46,1
5252,123,1
5253,98,1
5254,106,1
5255,74,1
5256,153,0
5257,130,1
5258,83,1
5259,77,1
5260,63,1
5261,75,1
5262,31,0
5263,57,1
5264,79,1
5265,157,1
5266,61,1
5267,58,1
5268,113,1
5269,122,1
5270,97,1
5271,61,1
5272,84,1
5273,48,1
5274,149,1
5275,97,1
5276,18,1
5277,71,1
5278,51,1
5279,200,0
5280,75,1
5281,51,1
5282,88,1
5283,60,1
5284,84,1
5285,61,1
5286,81,1
5287,59,1
5288,140,0
5289,84,1
5290,37,1
5291,44,1
5292,77,1
5293,91,1
5294,41,1
5295,56,1
5296,106,1
5297,96,1
5298,138,1
5299,97,1
5300,119,1
5301,36,1
5302,200,0
5303,55,1
5304,51,1
5305,70,1
5306,88,1
5307,85,1
5308,63,1
5309,83,1
5310,142,1
5311,106,1
5312,30,1
5313,41,1
5314,105,1
5315,56,1
5316,176,1
5317,66,1
5318,97,1
5319,91,1
5320,61,1
5321,106,1
5322,152,1
5323,134,1
5324,76,1
5325,81,1
5326,59,0
5327,43,1
5328,121,1
5329,29,1
5330,160,1
5331,60,1
5332,105,1
5333,114,1
5334,81,1
5335,177,1
5336,94,0
5337,134,1
5338,58,1
5339,174,1
5340,114,1
5341,57,1
5342,61,1
5343,88,1
5344,150,1
5345,135,1
5346,143,1
5347,37,0
5348,89,1
5349,112,1
5350,51,1
5351,78,1
5352,50,0
5353,47,1
5354,117,1
5355,40,1
5356,50,1
5357,82,1
5358,41,0
5359,32,1
5360,43,1
5361,40,1
5362,42,1
5363,124,1
5364,127,1
5365,48,1
5366,21,1
5367,117,1
5368,78,1
5369,124,1
5370,86,1
5371,114,1
5372,83,1
5373,65,1
5374,38,1
5375,43,1
5376,60,1
5377,38,1
5378,54,1
5379,60,1
5380,88,1
5381,71,1
5382,85,1
5383,88,0
5384,77,1
5385,87,0
5386,84,1
5387,147,0
5388,76,1
5389,57,0
5390,80,1
5391,94,1
5392,36,1
5393,38,1
5394,42,1
5395,95,1
5396,174,0
5397,89,1
5398,73,1
5399,58,0
5400,113,1
5401,82,1
5402,43,1
5403,164,1
5404,32,1
5405,169,0
5406,27,1
5407,43,1
5408,62,1
5409,109,1
5410,77,1
5411,200,0
5412,51,1
5413,138,1
5414,81,1
5415,200,0
5416,69,1
5417,59,1
5418,119,1
5419,136,1
5420,77,1
5421,131,1
5422,109,1
5423,84,1
5424,73,0
5425,158,0
5426,179,1
5427,56,1
5428,60,1
5429,89,1
5430,112,1
5431,83,1
5432,81,1
5433,119,1
5434,54,0
5435,92,1
5436,93,0
5437,60,1
5438,62,1
5439,140,1
5440,88,0
5441,63,1
5442,133,1
5443,84,1
5444,44,1
5445,91,0
5446,62,1
5447,113,1
5448,92,1
5449,103,1
5450,48,0
5451,73,1
5452,69,1
5453,98,1
5454,54,1
5455,149,1
5456,154,1
5457,80,1
5458,82,1
5459,46,0
5460,90,1
5461,79,1
5462,92,1
5463,121,1
5464,57,1
5465,50,1
5466,62,1
5467,166,1
5468,56,1
5469,108,1
5470,200,0
5471,44,1
5472,102,1
5473,78,1
5474,136,1
5475,71,1
5476,152,1
5477,40,1
5478,157,1
5479,200,0
5480,84,1
5481,50,1
5482,57,1
5483,24,1
5484,34,1
5485,165,1
5486,46,1
5487,45,1
5488,103,1
5489,58,1
5490,133,1
5491,175,1
5492,137,1
5493,79,1
5494,108,0
5495,181,1
5496,67,1
5497,45,1
5498,83,1
5499,93,1
5500,128,1
5501,28,1
5502,50,1
5503,84,1
5504,42,1
5505,200,0
5506,110,1
5507,200,0
5508,124,1
5509,115,1
5510,92,1
5511,84,1
5512,86,1
5513,119,1
5514,123,1
5515,107,1
5516,29,1
5517,65,1
5518,54,1
5519,200,0
5520,78,1
5521,31,1
5522,98,0
5523,117,1
5524,30,1
5525,149,1
5526,80,1
5527,62,1
5528,110,1
5529,55,1
5530,31,0
5531,31,1
5532,41,1
5533,49,1
5534,100,0
5535,77,0
5536,60,1
5537,129,1
5538,37,1
5539,75,1
5540,58,1
5541,200,0
5542,106,1
5543,61,1
5544,189,0
5545,107,1
5546,70,1
5547,61,1
5548,111,1
5549,197,0
5550,89,1
5551,46,1
5552,197,1
5553,27,1
5554,72,0
5555,33,1
5556,105,1
5557,38,1
5558,40,1
5559,52,1
5560,58,1
5561,53,1
5562,200,0
5563,101,0
5564,156,1
5565,63,1
5566,166,1
5567,96,1
5568,36,1
5569,89,1
5570,88,1
5571,200,0
5572,92,1
5573,64,1
5574,200,0
5575,127,1
5576,140,1
5577,54,1
5578,160,1
5579,90,1
5580,163,1
5581,59,1
5582,81,1
5583,45,1
5584,52,1
5585,200,0
5586,46,1
5587,200,0
5588,84,1
5589,75,1
5590,85,1
5591,40,1
5592,135,1
5593,61,1
5594,74,1
5595,52,1
5596,50,1
5597,83,0
5598,47,1
5599,96,1
5600,76,1
5601,73,1
5602,34,1
5603,68,1
5604,40,1
5605,108,1
5606,101,1
5607,190,1
5608,159,0
5609,37,1
5610,67,1
5611,85,1
5612,69,1
5613,98,1
5614,101,1
5615,77,1
5616,180,1
5617,105,1
5618,79,1
5619,46,1
5620,184,0
5621,166,1
5622,200,0
5623,37,1
5624,151,1
5625,165,1
5626,98,1
5627,62,1
5628,64,0
5629,64,1
5630,79,1
5631,116,1
5632,61,1
5633,89,1
5634,84,0
5635,41,1
5636,22,1
5637,102,1
5638,36,1
5639,107,1
5640,87,1
5641,48,1
5642,41,1
5643,29,1
5644,99,1
5645,33,1
5646,200,0
5647,81,1
5648,76,1
5649,200,0
5650,100,1
5651,194,1
5652,117,1
5653,146,1
5654,200,0
5655,51,1
5656,28,1
5657,135,0
5658,161,1
5659,88,1
5660,69,1
5661,67,1
5662,49,1
5663,88,1
5664,54,1
5665,80,1
5666,161,1
5667,35,1
5668,165,1
5669,104,1
5670,200,0
5671,176,1
5672,94,1
5673,96,1
5674,64,1
5675,200,0
5676,170,1
5677,50,1
5678,70,1
5679,95,1
5680,53,1
5681,62,1
5682,103,1
5683,138,1
5684,84,1
5685,79,0
5686,90,1
5687,157,1
5688,78,1
5689,69,1
5690,72,1
5691,46,1
5692,43,1
5693,72,1
5694,37,1
5695,83,1
5696,103,1
5697,57,1
5698,76,1
5699,33,1
5700,148,1
5701,132,1
5702,104,1
5703,74,1
5704,134,1
5705,75,1
5706,45,1
5707,107,1
5708,63,1
5709,75,1
5710,108,1
5711,86,1
5712,106,1
5713,192,1
5714,100,1
5715,71,1
5716,82,1
5717,58,1
5718,80,1
5719,72,1
5720,58,1
5721,110,1
5722,200,0
5723,76,0
5724,102,1
5725,78,1
5726,81,0
5727,36,1
5728,42,1
5729,79,1
5730,46,1
5731,73,1
5732,143,1
5733,113,1
5734,107,1
5735,45,1
5736,103,1
5737,178,1
5738,77,1
5739,158,1
5740,62,0
5741,74,1
5742,43,1
5743,68,0
5744,141,1
5745,52,1
5746,25,0
5747,52,1
5748,114,1
5749,70,1
5750,69,1
5751,50,1
5752,54,1
5753,71,1
5754,34,1
5755,115,1
5756,28,1
5757,80,1
5758,180,1
5759,176,1
5760,61,1
5761,104,1
5762,56,1
5763,200,0
5764,33,1
5765,42,1
5766,94,1
5767,79,1
5768,49,0
5769,147,1
5770,32,1
5771,200,1
5772,111,1
5773,63,1
5774,73,1
5775,83,1
5776,86,1
5777,43,1
5778,126,1
5779,170,1
5780,39,1
5781,45,1
5782,117,1
5783,158,1
5784,43,1
5785,57,1
5786,103,0
5787,74,1
5788,75,1
5789,66,1
5790,109,1
5791,56,1
5792,107,1
5793,50,1
5794,200,0
5795,41,1
5796,70,1
5797,122,1
5798,137,1
5799,95,1
5800,132,1
5801,42,1
5802,54,1
5803,67,1
5804,76,1
5805,42,1
5806,48,1
5807,159,1
5808,50,1
5809,76,1
5810,200,0
5811,200,0
5812,61,0
5813,85,1
5814,102,1
5815,45,1
5816,43,1
5817,109,1
5818,32,1
5819,51,0
5820,112,1
5821,96,0
5822,39,1
5823,78,1
5824,88,1
5825,142,1
5826,43,1
5827,40,1
5828,39,1
5829,54,1
5830,46,1
5831,30,1
5832,65,0
5833,119,1
5834,93,1
5835,131,1
5836,81,1
5837,82,1
5838,71,1
5839,140,1
5840,71,1
5841,137,1
5842,97,1
5843,59,1
5844,35,1
5845,58,1
5846,113,1
5847,101,1
5848,107,1
5849,20,1
5850,140,1
5851,200,0
5852,78,1
5853,99,1
5854,200,0
5855,85,1
5856,200,0
5857,143,1
5858,184,1
5859,54,1
5860,58,1
5861,61,1
5862,44,1
5863,193,1
5864,99,1
5865,70,1
5866,200,0
5867,66,1
5868,49,0
5869,129,1
5870,64,1
5871,42,1
5872,54,1
5873,168,1
5874,48,1
5875,111,0
5876,48,1
5877,45,1
5878,105,1
5879,173,0
5880,62,0
5881,150,1
5882,138,1
5883,127,1
5884,83,1
5885,125,1
5886,200,0
5887,81,1
5888,113,1
5889,61,1
5890,53,1
5891,133,1
5892,46,0
5893,25,1
5894,58,1
5895,153,0
5896,57,1
5897,39,1
5898,99,1
5899,42,1
5900,100,1
5901,143,1
5902,74,1
5903,74,1
5904,38,1
5905,138,1
5906,200,0
5907,35,1
5908,105,1
5909,200,0
5910,60,1
5911,102,1
5912,35,0
5913,105,1
5914,90,1
5915,56,1
5916,40,1
5917,36,1
5918,78,1
5919,97,1
5920,106,1
5921,118,1
5922,145,1
5923,88,0
5924,88,1
5925,148,1
5926,87,0
5927,104,1
5928,51,1
5929,65,1
5930,193,1
5931,146,1
5932,157,1
5933,99,1
5934,136,1
5935,88,1
5936,42,0
5937,56,1
5938,98,1
5939,106,1
5940,41,1
5941,106,1
5942,54,1
5943,72,1
5944,36,1
5945,90,1
5946,69,1
5947,184,0
5948,89,1
5949,51,1
5950,110,1
5951,200,0
5952,121,1
5953,92,1
5954,51,1
5955,58,1
5956,77,1
5957,66,1
5958,82,1
5959,126,1
5960,47,1
5961,69,1
5962,63,1
5963,89,1
5964,87,1
5965,86,1
5966,56,1
5967,73,1
5968,43,0
5969,88,1
5970,66,1
5971,84,1
5972,89,1
5973,71,1
5974,140,1
5975,86,1
5976,48,1
5977,110,1
5978,56,1
5979,59,1
5980,30,1
5981,74,1
5982,73,1
5983,66,1
5984,103,1
5985,200,0
5986,78,1
5987,67,1
5988,107,1
5989,145,1
5990,72,1
5991,31,1
5992,36,0
5993,49,1
5994,40,1
5995,63,1
5996,137,1
5997,47,1
5998,83,1
5999,102,1
6000,48,1
6001,99,1
6002,63,1
6003,147,1
6004,97,1
6005,200,0
6006,83,0
6007,121,1
6008,155,1
6009,71,1
6010,131,1
6011,141,1
6012,87,1
6013,42,1
6014,62,1
6015,50,1
6016,124,0
6017,153,1
6018,164,0
6019,59,1
6020,88,1
6021,119,1
6022,52,1
6023,61,1
6024,120,1
6025,65,1
6026,60,1
6027,30,1
6028,88,1
6029,91,1
6030,53,1
6031,73,1
6032,90,1
6033,194,0
6034,25,1
6035,49,1
6036,200,0
6037,114,1
6038,66,1
6039,109,1
6040,114,1
6041,55,1
6042,36,1
6043,159,1
6044,56,1
6045,47,1
6046,68,1
6047,174,1
6048,32,1
6049,39,1
6050,94,1
6051,62,1
6052,108,1
6053,89,1
6054,81,1
6055,200,0
6056,72,1
6057,82,1
6058,66,1
6059,67,1
6060,66,0
6061,133,1
6062,71,1
6063,200,0
6064,67,1
6065,46,0
6066,88,1
6067,31,1
6068,68,1
6069,43,1
6070,95,1
6071,160,1
6072,64,0
6073,58,1
6074,53,1
6075,25,1
6076,106,1
6077,49,1
6078,149,1
6079,41,1
6080,112,1
6081,27,1
6082,50,1
6083,89,1
6084,123,0
6085,64,1
6086,159,1
6087,38,1
6088,39,1
6089,63,1
6090,33,1
6091,45,1
6092,31,1
6093,77,1
6094,77,1
6095,72,1
6096,83,1
6097,67,1
6098,118,1
6099,58,1
6100,95,1
6101,129,1
6102,93,1
6103,161,1
6104,131,1
6105,45,1
6106,200,0
6107,92,1
6108,89,1
6109,40,1
6110,98,1
6111,74,1
6112,84,1
6113,48,1
6114,37,1
6115,36,1
6116,141,1
6117,200,0
6118,87,1
6119,69,1
6120,73,1
6121,94,0
6122,61,1
6123,50,1
6124,41,1
6125,175,1
6126,67,1
6127,39,1
6128,49,1
6129,134,1
6130,58,1
6131,69,1
6132,52,1
6133,101,1
6134,36,1
6135,57,1
6136,37,1
6137,32,1
6138,80,1
6139,104,1
6140,47,1
6141,86,1
6142,33,1
6143,54,0
6144,30,1
6145,96,1
6146,95,1
6147,117,1
6148,65,1
6149,41,1
6150,197,1
6151,129,1
6152,58,1
6153,65,1
6154,107,1
6155,79,1
6156,184,1
6157,149,1
6158,69,1
6159,97,1
6160,72,1
6161,100,1
6162,38,1
6163,30,1
6164,200,0
6165,37,1
6166,134,1
6167,140,0
6168,127,1
6169,20,1
6170,56,1
6171,27,1
6172,197,1
6173,57,1
6174,200,0
6175,69,1
6176,59,1
6177,42,1
6178,54,1
6179,59,1
6180,56,1
6181,91,1
6182,78,1
6183,50,1
6184,48,1
6185,74,1
6186,71,1
6187,83,1
6188,58,1
6189,56,1
6190,43,1
6191,193,1
6192,119,1
6193,122,1
6194,103,1
6195,37,0
6196,73,1
6197,86,1
6198,121,1
6199,129,1
6200,65,1
6201,58,1
6202,92,0
6203,121,1
6204,121,1
6205,61,1
6206,35,1
6207,66,1
6208,77,1
6209,98,1
6210,68,1
6211,75,1
6212,113,1
6213,57,1
6214,34,1
6215,62,0
6216,122,1
6217,104,1
6218,85,1
6219,117,1
6220,126,0
6221,112,1
6222,71,1
6223,75,1
6224,104,1
6225,76,1
6226,62,1
6227,124,1
6228,106,1
6229,85,1
6230,59,1
6231,143,1
6232,109,1
6233,53,1
6234,92,0
6235,76,1
6236,38,1
6237,87,1
6238,34,1
6239,71,1
6240,89,1
6241,92,1
6242,121,1
6243,96,0
6244,66,1
6245,57,1
6246,53,1
6247,177,1
6248,53,1
6249,94,1
6250,116,0
6251,200,0
6252,79,1
6253,200,0
6254,81,1
6255,53,1
6256,200,0
6257,150,1
6258,47,1
6259,75,1
6260,41,1
6261,114,1
6262,124,1
6263,200,0
6264,81,1
6265,72,1
6266,182,1
6267,40,1
6268,92,0
6269,76,1
6270,48,1
6271,66,1
6272,35,1
6273,170,1
6274,54,1
6275,183,1
6276,200,0
6277,119,1
6278,48,1
6279,65,1
6280,38,1
6281,100,1
6282,80,0
6283,64,0
6284,115,1
6285,81,1
6286,37,1
6287,50,1
6288,176,1
6289,74,1
6290,72,1
6291,31,1
6292,101,1
6293,102,1
6294,150,1
6295,82,1
6296,50,0
6297,73,1
6298,45,0
6299,169,1
6300,62,1
6301,92,1
6302,62,1
6303,148,1
6304,131,1
6305,41,1
6306,63,1
6307,135,1
6308,111,1
6309,80,1
6310,172,0
6311,164,1
6312,70,1
6313,112,1
6314,61,1
6315,106,1
6316,200,0
6317,132,1
6318,95,0
6319,115,0
6320,98,1
6321,73,1
6322,200,0
6323,93,1
6324,93,0
6325,67,1
6326,90,1
6327,62,1
6328,155,1
6329,37,0
6330,58,1
6331,86,1
6332,58,1
6333,57,1
6334,159,0
6335,94,1
6336,85,1
6337,106,1
6338,128,1
6339,47,1
6340,76,1
6341,37,1
6342,131,1
6343,101,1
6344,86,1
6345,81,1
6346,34,0
6347,200,0
6348,90,0
6349,153,1
6350,136,1
6351,82,1
6352,110,1
6353,159,1
6354,76,1
6355,106,1
6356,196,1
6357,30,1
6358,150,1
6359,73,1
6360,171,0
6361,52,1
6362,132,1
6363,60,1
6364,103,1
6365,31,0
6366,89,1
6367,28,0
6368,53,1
6369,63,1
6370,67,1
6371,108,1
6372,48,1
6373,116,1
6374,53,1
6375,77,1
6376,82,1
6377,51,1
6378,67,1
6379,53,1
6380,78,1
6381,31,1
6382,109,1
6383,87,1
6384,137,1
6385,157,1
6386,143,1
6387,109,1
6388,137,1
6389,158,1
6390,33,1
6391,40,1
6392,154,1
6393,156,1
6394,55,1
6395,73,1
6396,69,1
6397,76,1
6398,43,1
6399,30,1
6400,109,1
6401,48,1
6402,30,1
6403,116,1
6404,106,1
6405,42,1
6406,81,1
6407,92,1
6408,107,0
6409,101,1
6410,90,1
6411,64,0
6412,95,1
6413,61,1
6414,80,1
6415,91,1
6416,49,1
6417,52,1
6418,38,1
6419,54,1
6420,135,1
6421,62,1
6422,156,1
6423,158,1
6424,105,1
6425,86,1
6426,119,1
6427,141,1
6428,96,1
6429,77,1
6430,106,1
6431,84,1
6432,44,1
6433,134,1
6434,97,1
6435,65,1
6436,86,1
6437,39,0
6438,30,1
6439,200,0
6440,66,1
6441,110,1
6442,124,1
6443,196,1
6444,75,1
6445,45,1
6446,79,1
6447,49,1
6448,129,1
6449,67,1
6450,176,0
6451,72,1
6452,126,1
6453,74,1
6454,200,0
6455,161,1
6456,65,1
6457,64,1
6458,54,1
6459,36,0
6460,30,1
6461,168,1
6462,200,0
6463,46,1
6464,131,1
6465,65,1
6466,41,1
6467,93,1
6468,144,1
6469,109,1
6470,200,0
6471,200,0
6472,139,1
6473,55,1
6474,44,1
6475,97,1
6476,82,1
6477,146,1
6478,200,0
6479,200,0
6480,99,1
6481,56,1
6482,83,1
6483,42,1
6484,47,1
6485,124,1
6486,162,1
6487,46,1
6488,100,1
6489,110,1
6490,178,1
6491,107,1
6492,132,1
6493,78,1
6494,200,0
6495,61,1
6496,200,0
6497,109,1
6498,119,1
6499,110,0
6500,38,1
6501,116,1
6502,153,1
6503,75,1
6504,131,1
6505,158,1
6506,133,1
6507,43,1
6508,42,1
6509,176,1
6510,105,1
6511,63,1
6512,43,0
6513,58,1
6514,84,1
6515,78,1
6516,67,1
6517,32,1
6518,66,1
6519,33,1
6520,70,1
6521,155,1
6522,150,1
6523,44,1
6524,66,1
6525,36,0
6526,32,1
6527,164,1
6528,79,1
6529,200,0
6530,66,1
6531,64,1
6532,81,1
6533,43,1
6534,72,1
6535,134,1
6536,100,1
6537,117,1
6538,53,1
6539,26,1
6540,39,1
6541,68,1
6542,44,1
6543,147,1
6544,28,1
6545,139,1
6546,161,1
6547,62,1
6548,94,1
6549,44,1
6550,26,1
6551,133,1
6552,80,1
6553,57,1
6554,177,1
6555,200,0
6556,54,1
6557,63,1
6558,32,1
6559,82,1
6560,47,1
6561,200,0
6562,55,1
6563,73,1
6564,51,0
6565,78,1
6566,46,1
6567,40,1
6568,107,1
6569,34,1
6570,77,1
6571,85,1
6572,170,1
6573,41,1
6574,83,1
6575,40,1
6576,63,1
6577,26,1
6578,61,1
6579,42,1
6580,127,1
6581,67,1
6582,65,1
6583,56,0
6584,52,1
6585,200,0
6586,81,0
6587,149,1
6588,129,1
6589,46,1
6590,142,1
6591,36,1
6592,86,1
6593,50,1
6594,74,1
6595,94,1
6596,72,1
6597,61,1
6598,100,1
6599,72,1
6600,86,1
6601,98,1
6602,200,0
6603,78,1
6604,101,1
6605,99,1
6606,124,1
6607,66,1
6608,111,1
6609,50,1
6610,31,0
6611,51,1
6612,49,1
6613,94,1
6614,52,1
6615,71,1
6616,114,1
6617,57,1
6618,48,0
6619,99,1
6620,146,1
6621,200,0
6622,45,1
6623,185,1
6624,88,1
6625,101,1
6626,105,1
6627,62,1
6628,150,1
6629,200,0
6630,66,1
6631,47,1
6632,162,1
6633,52,1
6634,110,1
6635,40,1
6636,64,1
6637,89,1
6638,113,1
6639,92,1
6640,142,1
6641,92,0
6642,49,0
6643,93,1
6644,46,1
6645,70,1
6646,76,1
6647,95,1
6648,35,1
6649,51,1
6650,128,1
6651,93,1
6652,68,1
6653,101,1
6654,50,1
6655,37,1
6656,139,1
6657,121,1
6658,99,1
6659,38,1
6660,86,1
6661,66,1
6662,159,0
6663,71,1
6664,71,1
6665,87,1
6666,52,1
6667,58,1
6668,42,1
6669,40,1
6670,96,1
6671,82,1
6672,79,1
6673,40,1
6674,141,1
6675,60,1
6676,64,1
6677,103,1
6678,37,1
6679,102,1
6680,74,1
6681,132,1
6682,56,1
6683,184,1
6684,161,1
6685,53,1
6686,50,1
6687,113,1
6688,56,1
6689,141,1
6690,114,1
6691,103,1
6692,82,1
6693,55,1
6694,62,1
6695,95,1
6696,163,1
6697,68,1
6698,54,0
6699,122,1
6700,77,0
6701,64,1
6702,101,1
6703,60,0
6704,56,1
6705,41,1
6706,191,1
6707,200,0
6708,92,1
6709,146,1
6710,94,1
6711,83,1
6712,31,1
6713,92,1
6714,72,1
6715,76,1
6716,114,1
6717,89,1
6718,35,1
6719,51,1
6720,61,1
6721,92,1
6722,156,1
6723,62,1
6724,79,1
6725,110,1
6726,58,1
6727,110,1
6728,65,0
6729,63,1
6730,82,1
6731,34,1
6732,129,1
6733,37,1
6734,86,1
6735,53,1
6736,24,1
6737,74,1
6738,124,1
6739,123,1
6740,108,1
6741,63,1
6742,49,1
6743,63,1
6744,69,1
6745,102,1
6746,125,1
6747,64,0
6748,78,1
6749,33,1
6750,78,1
6751,200,0
6752,59,1
6753,165,0
6754,59,1
6755,184,1
6756,34,1
6757,113,1
6758,59,1
6759,177,1
6760,42,1
6761,90,1
6762,76,1
6763,66,1
6764,35,1
6765,81,1
6766,90,1
6767,95,0
6768,96,1
6769,97,1
6770,84,1
6771,102,1
6772,191,1
6773,55,1
6774,80,1
6775,101,1
6776,128,1
6777,97,1
6778,110,1
6779,56,1
6780,60,1
6781,117,1
6782,51,0
6783,37,1
6784,98,1
6785,118,0
6786,133,1
6787,43,1
6788,58,1
6789,131,1
6790,159,1
6791,121,1
6792,68,1
6793,46,1
6794,200,0
6795,63,1
6796,139,1
6797,52,1
6798,200,0
6799,64,1
6800,84,1
6801,75,1
6802,68,1
6803,48,0
6804,158,1
6805,91,1
6806,151,1
6807,66,1
6808,34,1
6809,93,1
6810,129,1
6811,112,1
6812,118,1
6813,83,1
6814,65,1
6815,77,1
6816,82,1
6817,88,1
6818,39,1
6819,200,0
6820,104,1
6821,82,1
6822,115,1
6823,75,1
6824,37,1
6825,100,1
6826,70,1
6827,66,1
6828,103,1
6829,32,1
6830,56,1
6831,67,1
6832,164,1
6833,74,1
6834,70,1
6835,32,1
6836,40,1
6837,135,1
6838,63,1
6839,50,1
6840,74,1
6841,108,1
6842,102,1
6843,36,1
6844,132,1
6845,105,1
6846,73,1
6847,107,1
6848,79,1
6849,66,1
6850,57,1
6851,47,1
6852,70,1
6853,82,1
6854,70,1
6855,56,1
6856,56,1
6857,155,1
6858,39,1
6859,26,1
6860,122,1
6861,30,1
6862,81,1
6863,93,1
6864,69,1
6865,37,1
6866,65,1
6867,63,1
6868,147,1
6869,200,0
6870,41,1
6871,190,1
6872,84,1
6873,56,1
6874,178,1
6875,43,1
6876,56,1
6877,86,1
6878,106,0
6879,124,1
6880,37,1
6881,90,1
6882,61,1
6883,57,1
6884,57,1
6885,58,0
6886,153,0
6887,58,1
6888,107,0
6889,109,1
6890,59,1
6891,87,1
6892,38,1
6893,89,0
6894,66,1
6895,89,1
6896,177,1
6897,53,1
6898,66,1
6899,144,1
6900,70,1
6901,57,1
6902,80,1
6903,82,1
6904,43,1
6905,90,1
6906,61,1
6907,80,1
6908,110,1
6909,200,0
6910,85,1
6911,193,1
6912,175,1
6913,41,1
6914,55,1
6915,168,1
6916,73,1
6917,47,1
6918,200,0
6919,200,0
6920,115,1
6921,105,1
6922,95,1
6923,65,1
6924,200,0
6925,100,1
6926,148,1
6927,41,1
6928,57,1
6929,48,1
6930,188,0
6931,51,1
6932,115,1
6933,195,1
6934,177,1
6935,61,1
6936,186,1
6937,108,1
6938,33,1
6939,102,1
6940,158,1
6941,91,1
6942,65,1
6943,74,1
6944,78,1
6945,41,1
6946,34,1
6947,200,0
6948,117,1
6949,176,1
6950,66,1
6951,95,1
6952,25,1
6953,71,1
6954,52,1
6955,49,1
6956,123,0
6957,110,1
6958,190,1
6959,40,1
6960,73,0
6961,59,1
6962,31,1
6963,82,1
6964,190,1
6965,114,1
6966,113,1
6967,88,1
6968,119,1
6969,60,1
6970,123,1
6971,66,1
6972,34,0
6973,62,1
6974,88,0
6975,124,1
6976,48,1
6977,31,1
6978,74,1
6979,115,1
6980,106,1
6981,53,1
6982,42,1
6983,148,0
6984,59,0
6985,58,0
6986,63,1
6987,30,1
6988,108,1
6989,86,1
6990,56,1
6991,106,1
6992,160,1
6993,89,1
6994,139,0
6995,113,1
6996,88,1
6997,102,1
6998,58,1
6999,82,1
7000,88,1
7001,200,0
7002,198,1
7003,135,1
7004,66,1
7005,55,1
7006,96,1
7007,162,0
7008,116,1
7009,97,1
7010,39,0
7011,61,0
7012,55,1
7013,152,1
7014,52,1
7015,109,1
7016,91,1
7017,39,1
7018,152,1
7019,78,1
7020,62,1
7021,51,1
7022,73,0
7023,117,0
7024,80,1
7025,168,1
7026,130,1
7027,62,1
7028,95,1
7029,97,1
7030,51,1
7031,64,1
7032,193,1
7033,200,0
7034,87,1
7035,84,1
7036,71,1
7037,85,0
7038,73,1
7039,65,1
7040,32,1
7041,182,1
7042,73,1
7043,78,0
7044,128,1
7045,200,0
7046,52,1
7047,100,1
7048,95,1
7049,186,1
7050,64,1
7051,105,1
7052,71,1
7053,51,1
7054,59,1
7055,57,1
7056,123,1
7057,125,1
7058,66,1
7059,200,0
7060,44,0
7061,60,1
7062,124,1
7063,85,1
7064,155,1
7065,42,1
7066,125,1
7067,87,1
7068,83,1
7069,60,1
7070,21,1
7071,75,1
7072,78,1
7073,28,1
7074,200,0
7075,104,1
7076,46,1
7077,67,1
7078,113,1
7079,86,0
7080,34,1
7081,187,1
7082,104,1
7083,82,1
7084,121,1
7085,74,1
7086,42,1
7087,130,0
7088,50,1
7089,36,1
7090,121,1
7091,139,1
7092,55,1
7093,54,1
7094,93,1
7095,107,1
7096,71,0
7097,39,1
7098,169,1
7099,50,1
7100,105,1
7101,83,1
7102,142,1
7103,161,1
7104,107,1
7105,51,1
7106,101,1
7107,124,1
7108,60,0
7109,115,1
7110,63,1
7111,49,1
7112,83,1
7113,182,0
7114,71,1
7115,110,1
7116,96,1
7117,153,1
7118,200,0
7119,76,1
7120,125,1
7121,174,1
7122,89,0
7123,43,1
7124,36,0
7125,97,1
7126,41,1
7127,167,1
7128,40,1
7129,85,1
7130,52,1
7131,84,1
7132,104,1
7133,125,1
7134,48,1
7135,167,0
7136,31,1
7137,57,1
7138,119,1
7139,42,1
7140,200,0
7141,37,1
7142,108,1
7143,126,1
7144,122,1
7145,57,1
7146,90,1
7147,111,1
7148,100,1
7149,127,1
7150,50,1
7151,99,1
7152,161,1
7153,35,1
7154,200,0
7155,101,1
7156,47,1
7157,112,1
7158,59,1
7159,129,1
7160,137,1
7161,81,0
7162,157,1
7163,72,1
7164,84,1
7165,39,1
7166,92,1
7167,83,1
7168,129,1
7169,58,1
7170,65,1
7171,44,1
7172,59,1
7173,143,1
7174,143,1
7175,134,1
7176,65,1
7177,54,1
7178,95,1
7179,55,1
7180,96,0
7181,191,0
7182,148,1
7183,42,1
7184,79,1
7185,82,1
7186,160,0
7187,52,1
7188,63,1
7189,81,1
7190,38,1
7191,192,1
7192,137,1
7193,75,1
7194,153,1
7195,91,1
7196,66,1
7197,72,1
7198,36,1
7199,55,1
7200,99,1
7201,129,1
7202,98,1
7203,52,1
7204,71,0
7205,79,1
7206,27,1
7207,51,0
7208,39,1
7209,46,1
7210,60,1
7211,152,1
7212,107,0
7213,161,1
7214,148,1
7215,62,1
7216,71,1
7217,87,1
7218,88,1
7219,86,1
7220,75,1
7221,113,1
7222,144,1
7223,135,1
7224,74,1
7225,125,1
7226,57,1
7227,55,1
7228,108,1
7229,130,0
7230,67,1
7231,200,0
7232,42,1
7233,58,1
7234,92,1
7235,63,1
7236,70,1
7237,90,1
7238,162,1
7239,38,1
7240,157,1
7241,47,1
7242,173,1
7243,123,1
7244,76,1
7245,52,1
7246,60,1
7247,90,1
7248,49,1
7249,93,1
7250,25,1
7251,76,1
7252,125,0
7253,46,1
7254,130,1
7255,96,1
7256,132,1
7257,69,1
7258,76,1
7259,69,0
7260,60,1
7261,158,1
7262,60,1
7263,139,1
7264,120,1
7265,78,1
7266,62,1
7267,200,0
7268,45,1
7269,66,1
7270,38,1
7271,85,1
7272,83,1
7273,63,1
7274,143,1
7275,53,1
7276,29,1
7277,125,1
7278,55,1
7279,96,0
7280,143,1
7281,76,1
7282,55,1
7283,58,1
7284,34,1
7285,200,0
7286,100,1
7287,76,0
7288,49,0
7289,76,1
7290,44,1
7291,92,1
7292,200,0
7293,129,1
7294,200,0
7295,49,1
7296,72,1
7297,113,1
7298,109,1
7299,190,1
7300,76,0
7301,54,1
7302,78,1
7303,78,1
7304,80,1
7305,82,1
7306,49,1
7307,115,0
7308,96,1
7309,52,1
7310,44,0
7311,77,1
7312,127,1
7313,76,1
7314,98,1
7315,121,1
7316,163,1
7317,77,1
7318,39,1
7319,200,0
7320,55,1
7321,97,1
7322,180,1
7323,87,1
7324,120,1
7325,44,1
7326,132,1
7327,109,1
7328,59,1
7329,170,1
7330,59,1
7331,86,1
7332,40,1
7333,39,1
7334,142,1
7335,112,1
7336,69,1
7337,86,0
7338,72,1
7339,60,1
7340,142,1
7341,127,1
7342,35,1
7343,49,1
7344,47,1
7345,88,1
7346,93,1
7347,169,1
7348,138,1
7349,73,1
7350,160,1
7351,134,1
7352,92,1
7353,158,1
7354,93,1
7355,127,1
7356,174,1
7357,63,1
7358,96,1
7359,27,1
7360,61,0
7361,103,1
7362,91,1
7363,82,1
7364,200,0
7365,113,1
7366,134,1
7367,200,0
7368,46,1
7369,97,1
7370,155,1
7371,56,1
7372,111,1
7373,74,0
7374,32,1
7375,67,1
7376,200,0
7377,33,1
7378,35,1
7379,79,1
7380,51,0
7381,28,1
7382,138,0
7383,70,1
7384,86,1
7385,114,0
7386,102,1
7387,24,1
7388,170,1
7389,92,1
7390,126,1
7391,110,1
7392,62,1
7393,120,0
7394,138,1
7395,133,1
7396,102,0
7397,149,1
7398,41,1
7399,32,1
7400,113,1
7401,200,0
7402,200,0
7403,112,1
7404,74,1
7405,99,1
7406,146,1
7407,42,1
7408,86,1
7409,98,1
7410,108,0
7411,82,1
7412,73,1
7413,53,0
7414,62,1
7415,85,1
7416,89,1
7417,80,1
7418,116,1
7419,200,0
7420,137,1
7421,83,1
7422,70,1
7423,64,0
7424,38,1
7425,58,1
7426,146,1
7427,122,1
7428,89,1
7429,73,1
7430,88,1
7431,41,1
7432,111,1
7433,49,1
7434,58,1
7435,35,0
7436,53,1
7437,81,1
7438,39,1
7439,102,1
7440,54,1
7441,105,1
7442,44,1
7443,121,1
7444,148,1
7445,83,1
7446,157,1
7447,111,0
7448,101,1
7449,47,1
7450,98,0
7451,92,1
7452,57,1
7453,61,0
7454,136,0
7455,116,1
7456,71,1
7457,70,1
7458,44,1
7459,60,1
7460,60,0
7461,30,0
7462,141,1
7463,81,1
7464,100,1
7465,108,1
7466,77,1
7467,108,1
7468,47,1
7469,37,1
7470,72,1
7471,117,1
7472,35,1
7473,200,0
7474,72,1
7475,133,1
7476,69,1
7477,59,1
7478,82,1
7479,63,1
7480,116,1
7481,142,1
7482,45,1
7483,69,1
7484,66,1
7485,121,1
7486,52,1
7487,59,1
7488,102,1
7489,200,0
7490,74,1
7491,75,1
7492,80,1
7493,52,0
7494,34,1
7495,76,1
7496,26,1
7497,63,1
7498,81,1
7499,62,1
7500,76,1
7501,55,1
7502,62,1
7503,148,0
7504,50,1
7505,101,1
7506,138,1
7507,92,1
7508,89,1
7509,86,1
7510,72,1
7511,131,1
7512,111,1
7513,66,1
7514,55,1
7515,55,1
7516,83,1
7517,200,0
7518,70,1
7519,36,1
7520,77,1
7521,59,1
7522,83,1
7523,70,1
7524,72,1
7525,175,1
7526,90,1
7527,70,1
7528,68,1
7529,62,1
7530,27,1
7531,128,1
7532,118,1
7533,62,1
7534,144,1
7535,192,1
7536,81,1
7537,95,1
7538,40,1
7539,68,1
7540,73,1
7541,39,1
7542,56,1
7543,38,1
7544,56,1
7545,188,0
7546,67,0
7547,82,1
7548,72,1
7549,44,1
7550,76,1
7551,55,1
7552,120,1
7553,68,1
7554,80,1
7555,38,1
7556,35,1
7557,64,1
7558,43,0
7559,95,1
7560,39,1
7561,61,1
7562,37,0
7563,137,1
7564,171,1
7565,195,1
7566,60,1
7567,71,1
7568,40,1
7569,67,1
7570,56,1
7571,143,1
7572,117,1
7573,152,1
7574,178,1
7575,40,1
7576,67,1
7577,60,1
7578,31,1
7579,59,1
7580,165,1
7581,73,1
7582,118,1
7583,200,0
7584,129,1
7585,69,1
7586,79,1
7587,128,0
7588,72,1
7589,119,1
7590,135,1
7591,42,0
7592,109,1
7593,159,1
7594,97,1
7595,40,1
7596,89,1
7597,78,1
7598,71,1
7599,63,1
7600,29,1
7601,40,1
7602,84,0
7603,137,1
7604,38,1
7605,52,1
7606,153,1
7607,70,0
7608,67,1
7609,182,1
7610,56,1
7611,96,1
7612,33,0
7613,61,1
7614,51,1
7615,173,1
7616,99,1
7617,96,1
7618,75,1
7619,43,1
7620,161,1
7621,131,1
7622,98,1
7623,60,1
7624,200,0
7625,64,1
7626,89,1
7627,51,1
7628,106,1
7629,88,1
7630,175,1
7631,26,1
7632,136,1
7633,42,0
7634,118,1
7635,80,1
7636,193,1
7637,21,1
7638,70,1
7639,44,1
7640,92,1
7641,109,0
7642,44,1
7643,59,1
7644,61,1
7645,107,1
7646,78,1
7647,136,1
7648,82,1
7649,88,1
7650,33,0
7651,79,1
7652,94,1
7653,85,1
7654,62,1
7655,119,1
7656,50,1
7657,200,0
7658,34,0
7659,101,1
7660,97,0
7661,40,1
7662,152,1
7663,60,0
7664,79,1
7665,63,1
7666,132,1
7667,78,1
7668,151,1
7669,67,1
7670,57,1
7671,161,1
7672,134,0
7673,76,1
7674,45,1
7675,51,1
7676,113,1
7677,53,1
7678,141,1
7679,200,0
7680,44,1
7681,118,1
7682,52,1
7683,24,1
7684,69,1
7685,44,1
7686,37,1
7687,90,1
7688,58,1
7689,126,1
7690,148,0
7691,48,1
7692,42,1
7693,200,0
7694,200,0
7695,89,1
7696,173,1
7697,71,1
7698,54,1
7699,166,1
7700,147,1
7701,32,1
7702,30,1
7703,111,1
7704,124,1
7705,59,1
7706,52,1
7707,63,0
7708,112,1
7709,42,1
7710,127,0
7711,112,1
7712,81,1
7713,43,1
7714,143,1
7715,141,1
7716,53,1
7717,51,0
7718,51,1
7719,99,0
7720,119,1
7721,79,1
7722,83,1
7723,149,1
7724,200,0
7725,54,1
7726,80,1
7727,161,1
7728,83,1
7729,53,1
7730,31,1
7731,48,1
7732,41,1
7733,88,1
7734,46,1
7735,57,1
7736,92,1
7737,66,1
7738,105,1
7739,173,1
7740,55,1
7741,48,1
7742,52,1
7743,200,1
7744,125,1
7745,87,1
7746,127,1
7747,71,1
7748,149,1
7749,109,1
7750,116,1
7751,149,1
7752,60,1
7753,51,1
7754,101,1
7755,55,1
7756,121,1
7757,27,1
7758,77,1
7759,157,1
7760,88,1
7761,200,0
7762,200,0
7763,64,1
7764,160,1
7765,74,1
7766,200,0
7767,68,1
7768,33,1
7769,41,1
7770,132,1
7771,59,1
7772,59,1
7773,141,1
7774,147,1
7775,51,1
7776,46,1
7777,71,1
7778,54,1
7779,110,1
7780,30,0
7781,39,1
7782,88,1
7783,49,1
7784,66,1
7785,186,1
7786,130,1
7787,126,1
7788,87,1
7789,94,1
7790,181,1
7791,157,1
7792,125,1
7793,67,1
7794,37,1
7795,96,1
7796,112,1
7797,104,0
7798,55,1
7799,69,1
7800,141,1
7801,52,1
7802,60,1
7803,107,1
7804,71,1
7805,60,0
7806,200,0
7807,116,1
7808,50,1
7809,155,1
7810,66,0
7811,74,1
7812,95,1
7813,81,1
7814,80,1
7815,46,1
7816,79,1
7817,105,1
7818,95,1
7819,200,0
7820,72,0
7821,82,1
7822,123,1
7823,41,1
7824,127,1
7825,94,1
7826,126,1
7827,124,1
7828,200,0
7829,107,1
7830,116,1
7831,67,1
7832,41,1
7833,77,0
7834,100,1
7835,126,1
7836,59,1
7837,123,1
7838,111,1
7839,117,1
7840,148,1
7841,52,1
7842,36,1
7843,41,1
7844,98,1
7845,89,1
7846,56,1
7847,68,1
7848,169,1
7849,49,1
7850,96,1
7851,39,1
7852,58,1
7853,133,1
7854,27,1
7855,88,1
7856,55,1
7857,75,1
7858,68,1
7859,200,0
7860,200,0
7861,110,1
7862,51,1
7863,141,1
7864,52,1
7865,200,0
7866,67,1
7867,83,0
7868,58,1
7869,44,1
7870,133,1
7871,73,1
7872,64,1
7873,44,1
7874,79,0
7875,43,1
7876,107,1
7877,70,1
7878,78,1
7879,105,1
7880,82,1
7881,103,1
7882,92,1
7883,30,1
7884,35,1
7885,53,1
7886,59,1
7887,67,0
7888,62,1
7889,51,1
7890,84,1
7891,151,1
7892,83,1
7893,39,1
7894,90,0
7895,200,0
7896,85,1
7897,200,0
7898,105,1
7899,106,1
7900,71,1
7901,75,0
7902,120,1
7903,74,1
7904,85,1
7905,87,1
7906,200,0
7907,95,1
7908,76,1
7909,60,1
7910,167,1
7911,200,0
7912,118,1
7913,42,1
7914,79,1
7915,82,1
7916,169,1
7917,53,1
7918,46,1
7919,63,1
7920,54,1
7921,68,1
7922,145,1
7923,114,1
7924,65,1
7925,88,1
7926,157,1
7927,131,1
7928,85,1
7929,31,1
7930,85,1
7931,50,1
7932,85,1
7933,66,1
7934,200,0
7935,59,1
7936,27,0
7937,145,0
7938,92,1
7939,66,1
7940,93,1
7941,56,0
7942,115,1
7943,50,1
7944,98,1
7945,69,1
7946,54,1
7947,41,1
7948,145,1
7949,82,1
7950,41,1
7951,51,1
7952,47,1
7953,83,1
7954,107,1
7955,107,1
7956,60,1
7957,47,1
7958,78,1
7959,51,1
7960,46,1
7961,34,1
7962,94,1
7963,104,1
7964,184,1
7965,57,1
7966,34,1
7967,42,1
7968,49,1
7969,139,1
7970,122,1
7971,62,0
7972,77,1
7973,78,1
7974,87,1
7975,176,1
7976,81,1
7977,63,1
7978,61,1
7979,105,1
7980,89,1
7981,157,1
7982,61,1
7983,35,1
7984,156,1
7985,69,1
7986,76,1
7987,115,1
7988,72,1
7989,59,1
7990,103,1
7991,56,0
7992,98,1
7993,51,1
7994,74,1
7995,55,1
7996,44,0
7997,174,1
7998,160,1
7999,125,1
8000,153,1
8001,162,1
8002,34,1
8003,31,0
8004,68,1
8005,149,1
8006,68,1
8007,35,1
8008,56,1
8009,140,1
8010,63,1
8011,196,1
8012,140,1
8013,163,1
8014,70,1
8015,200,0
8016,108,1
8017,136,1
8018,38,1
8019,42,1
8020,37,1
8021,146,1
8022,96,1
8023,105,1
8024,137,0
8025,75,1
8026,76,1
8027,70,1
8028,60,1
8029,126,1
8030,144,1
8031,83,1
8032,200,0
8033,187,1
8034,124,0
8035,37,1
8036,106,1
8037,69,1
8038,95,0
8039,64,1
8040,94,1
8041,159,1
8042,113,1
8043,87,1
8044,55,1
8045,123,1
8046,112,1
8047,77,0
8048,169,1
8049,105,1
8050,113,1
8051,31,1
8052,35,0
8053,57,0
8054,128,1
8055,103,1
8056,128,1
8057,136,1
8058,99,1
8059,150,1
8060,95,1
8061,111,1
8062,75,1
8063,101,1
8064,135,1
8065,71,1
8066,77,1
8067,31,1
8068,84,1
8069,59,1
8070,67,1
8071,61,1
8072,93,0
8073,46,1
8074,103,1
8075,103,1
8076,105,1
8077,73,1
8078,121,1
8079,60,1
8080,134,0
8081,49,1
8082,87,1
8083,79,1
8084,31,1
8085,42,1
8086,146,1
8087,66,1
8088,32,0
8089,35,1
8090,96,1
8091,44,1
8092,86,1
8093,138,1
8094,65,1
8095,85,1
8096,131,1
8097,68,0
8098,82,1
8099,80,1
8100,51,1
8101,107,1
8102,28,1
8103,52,1
8104,23,1
8105,132,1
8106,94,1
8107,94,1
8108,147,1
8109,55,0
8110,38,1
8111,117,1
8112,62,1
8113,60,1
8114,49,1
8115,63,0
8116,76,0
8117,57,0
8118,190,1
8119,85,1
8120,124,1
8121,64,1
8122,144,1
8123,63,1
8124,100,1
8125,172,0
8126,66,1
8127,45,1
8128,66,1
8129,71,1
8130,47,0
8131,102,1
8132,51,1
8133,118,1
8134,122,1
8135,54,1
8136,124,1
8137,60,1
8138,127,1
8139,136,1
8140,83,1
8141,45,1
8142,42,1
8143,79,1
8144,48,1
8145,111,1
8146,200,0
8147,123,1
8148,55,1
8149,114,1
8150,81,1
8151,66,1
8152,84,1
8153,39,1
8154,55,1
8155,186,0
8156,44,1
8157,89,1
8158,63,1
8159,34,1
8160,66,1
8161,101,1
8162,155,1
8163,40,0
8164,114,1
8165,200,0
8166,200,0
8167,65,1
8168,55,1
8169,58,1
8170,65,1
8171,71,1
8172,76,1
8173,62,1
8174,46,1
8175,31,0
8176,120,1
8177,59,1
8178,77,1
8179,122,1
8180,68,1
8181,88,1
8182,63,1
8183,69,1
8184,188,1
8185,74,1
8186,67,1
8187,45,1
8188,110,1
8189,96,1
8190,65,1
8191,176,1
8192,44,1
8193,81,1
8194,60,1
8195,93,1
8196,56,1
8197,36,1
8198,54,1
8199,102,1
8200,166,1
8201,87,1
8202,49,1
8203,111,1
8204,109,1
8205,60,0
8206,111,0
8207,74,1
8208,37,1
8209,51,1
8210,108,1
8211,69,1
8212,104,1
8213,200,0
8214,127,1
8215,30,1
8216,200,0
8217,84,1
8218,54,1
8219,39,1
8220,33,1
8221,200,0
8222,87,1
8223,108,1
8224,142,1
8225,57,1
8226,77,1
8227,84,1
8228,48,1
8229,65,1
8230,49,1
8231,59,1
8232,96,1
8233,200,0
8234,152,1
8235,129,1
8236,85,1
8237,40,0
8238,85,1
8239,65,1
8240,60,1
8241,189,0
8242,72,1
8243,48,1
8244,36,1
8245,133,1
8246,84,1
8247,89,1
8248,32,1
8249,74,1
8250,70,1
8251,77,0
8252,50,1
8253,89,1
8254,65,1
8255,80,1
8256,47,1
8257,81,1
8258,61,1
8259,80,1
8260,56,1
8261,94,1
8262,35,1
8263,70,1
8264,67,1
8265,130,1
8266,182,1
8267,82,0
8268,93,1
8269,140,1
8270,35,1
8271,53,1
8272,139,1
8273,87,1
8274,97,1
8275,176,1
8276,136,1
8277,65,1
8278,43,1
8279,26,1
8280,42,1
8281,83,1
8282,130,1
8283,87,1
8284,77,1
8285,104,1
8286,57,1
8287,71,1
8288,60,0
8289,89,1
8290,115,1
8291,85,1
8292,93,1
8293,67,1
8294,63,1
8295,63,1
8296,126,0
8297,83,0
8298,120,0
8299,89,1
8300,44,0
8301,60,1
8302,38,0
8303,39,1
8304,139,1
8305,38,1
8306,84,1
8307,76,1
8308,108,1
8309,71,1
8310,55,1
8311,170,1
8312,52,1
8313,39,1
8314,129,1
8315,137,1
8316,114,1
8317,36,1
8318,117,1
8319,41,1
8320,29,1
8321,43,1
8322,144,1
8323,63,1
8324,88,1
8325,50,1
8326,149,1
8327,103,1
8328,34,1
8329,65,1
8330,36,0
8331,95,1
8332,43,1
8333,164,1
8334,77,1
8335,200,0
8336,139,1
8337,74,1
8338,139,0
8339,80,1
8340,30,1
8341,90,0
8342,146,1
8343,152,1
8344,113,1
8345,40,1
8346,62,1
8347,45,1
8348,73,1
8349,90,1
8350,64,1
8351,62,1
8352,54,1
8353,200,0
8354,94,1
8355,84,1
8356,108,1
8357,44,0
8358,127,1
8359,63,1
8360,66,1
8361,54,1
8362,47,1
8363,63,1
8364,48,1
8365,107,1
8366,73,1
8367,115,1
8368,131,1
8369,69,1
8370,58,1
8371,90,1
8372,172,1
8373,63,1
8374,61,1
8375,75,1
8376,68,1
8377,53,1
8378,200,0
8379,140,1
8380,92,1
8381,192,1
8382,118,1
8383,198,1
8384,95,1
8385,70,1
8386,195,1
8387,67,1
8388,33,1
8389,37,1
8390,58,1
8391,100,1
8392,41,1
8393,86,1
8394,109,0
8395,111,1
8396,49,1
8397,77,1
8398,100,1
8399,54,1
8400,167,1
8401,90,0
8402,200,0
8403,67,1
8404,76,1
8405,52,1
8406,83,1
8407,40,1
8408,89,1
8409,42,0
8410,74,1
8411,44,1
8412,140,1
8413,113,1
8414,65,1
8415,37,1
8416,108,1
8417,114,1
8418,75,1
8419,55,1
8420,39,1
8421,77,1
8422,73,1
8423,60,1
8424,73,1
8425,89,1
8426,147,1
8427,51,1
8428,105,1
8429,86,1
8430,133,1
8431,41,1
8432,180,1
8433,150,1
8434,117,1
8435,114,1
8436,40,1
8437,76,1
8438,100,1
8439,64,1
8440,70,1
8441,58,1
8442,60,1
8443,56,1
8444,43,1
8445,69,1
8446,63,1
8447,113,0
8448,160,1
8449,200,0
8450,91,1
8451,57,1
8452,32,1
8453,101,1
8454,126,1
8455,78,1
8456,56,1
8457,56,1
8458,92,1
8459,155,1
8460,40,1
8461,51,1
8462,107,1
8463,95,1
8464,47,1
8465,85,1
8466,54,1
8467,91,0
8468,53,1
8469,114,0
8470,144,1
8471,73,0
8472,82,1
8473,89,1
8474,74,1
8475,69,1
8476,82,1
8477,105,1
8478,64,1
8479,142,1
8480,119,1
8481,102,1
8482,200,0
8483,39,1
8484,50,1
8485,58,1
8486,151,1
8487,42,1
8488,78,1
8489,89,1
8490,200,0
8491,26,1
8492,60,1
8493,51,1
8494,62,1
8495,53,1
8496,38,1
8497,138,1
8498,69,1
8499,93,1
8500,51,1
8501,106,1
8502,85,1
8503,55,1
8504,39,1
8505,109,1
8506,67,1
8507,90,1
8508,65,1
8509,102,1
8510,93,1
8511,87,1
8512,117,1
8513,61,1
8514,101,1
8515,74,1
8516,79,1
8517,86,1
8518,60,1
8519,75,1
8520,130,1
8521,90,1
8522,82,0
8523,119,1
8524,141,1
8525,44,1
8526,109,0
8527,200,0
8528,78,1
8529,65,1
8530,28,1
8531,56,1
8532,86,1
8533,82,1
8534,56,1
8535,82,1
8536,35,1
8537,114,1
8538,120,1
8539,86,1
8540,195,1
8541,107,1
8542,86,1
8543,61,1
8544,49,1
8545,82,1
8546,138,1
8547,111,1
8548,91,1
8549,55,1
8550,87,1
8551,142,1
8552,50,1
8553,44,1
8554,48,1
8555,46,1
8556,93,1
8557,85,1
8558,71,1
8559,197,1
8560,75,1
8561,72,1
8562,33,1
8563,90,1
8564,140,1
8565,67,1
8566,45,1
8567,37,1
8568,48,1
8569,59,1
8570,145,0
8571,74,0
8572,69,1
8573,51,1
8574,141,1
8575,126,1
8576,101,1
8577,89,1
8578,61,1
8579,79,1
8580,77,1
8581,54,1
8582,124,1
8583,68,1
8584,104,1
8585,81,1
8586,62,1
8587,81,1
8588,69,1
8589,73,1
8590,134,1
8591,29,1
8592,48,1
8593,48,1
8594,82,1
8595,84,1
8596,120,1
8597,86,1
8598,126,1
8599,84,1
8600,42,1
8601,55,1
8602,40,1
8603,200,0
8604,165,1
8605,76,1
8606,78,1
8607,119,1
8608,188,1
8609,28,0
8610,77,1
8611,118,1
8612,44,1
8613,51,1
8614,67,1
8615,139,1
8616,99,1
8617,78,1
8618,73,1
8619,104,1
8620,75,1
8621,81,1
8622,174,1
8623,43,1
8624,118,1
8625,73,1
8626,80,1
8627,150,1
8628,102,1
8629,152,0
8630,130,1
8631,108,1
8632,94,1
8633,200,0
8634,28,1
8635,56,1
8636,40,1
8637,51,1
8638,146,1
8639,142,1
8640,111,1
8641,125,1
8642,76,1
8643,79,1
8644,68,1
8645,64,0
8646,100,1
8647,33,1
8648,96,1
8649,58,1
8650,76,1
8651,66,1
8652,33,1
8653,117,1
8654,167,1
8655,82,1
8656,42,1
8657,52,1
8658,77,1
8659,102,1
8660,144,1
8661,33,0
8662,138,1
8663,61,1
8664,173,1
8665,82,1
8666,35,1
8667,56,1
8668,122,1
8669,104,1
8670,34,1
8671,59,1
8672,92,1
8673,32,1
8674,69,1
8675,116,1
8676,115,1
8677,58,1
8678,51,1
8679,40,1
8680,153,1
8681,71,1
8682,114,1
8683,107,0
8684,47,0
8685,116,1
8686,116,1
8687,112,0
8688,62,1
8689,65,1
8690,155,1
8691,200,0
8692,118,1
8693,141,1
8694,90,0
8695,30,1
8696,132,1
8697,109,1
8698,65,1
8699,131,1
8700,59,1
8701,100,1
8702,95,1
8703,53,1
8704,170,1
8705,49,1
8706,77,1
8707,89,1
8708,72,1
8709,119,1
8710,141,1
8711,139,1
8712,126,1
8713,106,1
8714,122,1
8715,200,0
8716,58,1
8717,65,1
8718,52,1
8719,149,1
8720,77,0
8721,54,1
8722,60,1
8723,174,0
8724,75,1
8725,62,1
8726,41,1
8727,46,1
8728,115,1
8729,56,1
8730,54,1
8731,59,1
8732,43,1
8733,61,1
8734,70,1
8735,45,1
8736,180,1
8737,135,1
8738,69,1
8739,53,1
8740,64,1
8741,69,1
8742,44,1
8743,31,0
8744,38,1
8745,36,1
8746,39,1
8747,101,1
8748,163,1
8749,63,1
8750,87,0
8751,30,1
8752,85,1
8753,108,0
8754,47,1
8755,65,1
8756,80,1
8757,61,1
8758,84,1
8759,89,1
8760,115,1
8761,81,1
8762,117,1
8763,147,1
8764,48,1
8765,94,1
8766,58,1
8767,98,1
8768,84,1
8769,55,1
8770,26,1
8771,120,0
8772,126,1
8773,200,0
8774,53,1
8775,74,1
8776,77,1
8777,200,0
8778,139,1
8779,60,1
8780,98,0
8781,136,1
8782,62,1
8783,98,1
8784,71,1
8785,132,1
8786,101,1
8787,177,0
8788,85,1
8789,38,1
8790,188,1
8791,38,1
8792,120,1
8793,93,1
8794,85,1
8795,110,1
8796,110,1
8797,184,1
8798,90,1
8799,55,1
8800,92,1
8801,107,1
8802,100,1
8803,101,1
8804,96,1
8805,76,1
8806,105,1
8807,114,1
8808,123,1
8809,114,0
8810,58,1
8811,135,1
8812,52,1
8813,88,0
8814,46,1
8815,79,1
8816,97,1
8817,77,1
8818,100,1
8819,42,1
8820,30,1
8821,41,1
8822,33,1
8823,78,1
8824,200,0
8825,59,1
8826,51,0
8827,93,1
8828,51,1
8829,88,1
8830,68,1
8831,52,0
8832,38,1
8833,69,1
8834,39,1
8835,107,1
8836,76,1
8837,45,1
8838,31,1
8839,68,1
8840,127,1
8841,159,1
8842,168,1
8843,154,1
8844,105,1
8845,51,1
8846,63,1
8847,111,1
8848,81,1
8849,98,0
8850,55,1
8851,36,1
8852,67,1
8853,66,1
8854,76,1
8855,55,1
8856,65,0
8857,79,1
8858,92,1
8859,74,1
8860,39,1
8861,50,1
8862,190,0
8863,69,1
8864,85,1
8865,200,0
8866,140,1
8867,182,1
8868,72,1
8869,110,1
8870,99,1
8871,119,1
8872,67,1
8873,70,1
8874,80,1
8875,105,1
8876,82,1
8877,127,1
8878,54,1
8879,77,1
8880,64,1
8881,126,1
8882,71,0
8883,51,1
8884,126,1
8885,166,1
8886,110,1
8887,113,1
8888,62,1
8889,170,0
8890,49,0
8891,141,1
8892,47,1
8893,41,1
8894,200,0
8895,151,1
8896,114,1
8897,56,1
8898,133,1
8899,40,1
8900,74,1
8901,75,1
8902,58,1
8903,30,1
8904,124,1
8905,46,1
8906,39,1
8907,46,0
8908,102,0
8909,189,0
8910,124,1
8911,102,1
8912,33,1
8913,58,1
8914,63,0
8915,73,1
8916,128,1
8917,42,1
8918,72,1
8919,124,1
8920,102,1
8921,70,1
8922,146,1
8923,171,1
8924,88,0
8925,126,1
8926,61,1
8927,67,1
8928,138,1
8929,33,1
8930,133,0
8931,165,0
8932,31,1
8933,154,1
8934,50,1
8935,120,1
8936,79,1
8937,47,1
8938,53,1
8939,123,1
8940,69,1
8941,43,1
8942,64,1
8943,44,0
8944,90,1
8945,52,1
8946,47,1
8947,48,1
8948,67,1
8949,179,1
8950,81,1
8951,115,1
8952,101,0
8953,191,1
8954,34,1
8955,159,1
8956,182,0
8957,75,1
8958,85,1
8959,144,1
8960,150,1
8961,109,1
8962,186,1
8963,66,1
8964,121,1
8965,124,1
8966,76,1
8967,200,0
8968,77,1
8969,57,1
8970,82,1
8971,143,1
8972,72,1
8973,35,1
8974,114,1
8975,200,0
8976,200,0
8977,70,1
8978,51,1
8979,47,1
8980,66,1
8981,147,1
8982,82,1
8983,91,1
8984,156,1
8985,76,1
8986,36,1
8987,177,1
8988,126,1
8989,45,1
8990,70,1
8991,174,1
8992,77,1
8993,177,1
8994,143,1
8995,54,1
8996,46,0
8997,33,1
8998,53,1
8999,95,0
9000,121,1
9001,67,1
9002,128,1
9003,72,1
9004,76,1
9005,66,1
9006,66,1
9007,73,1
9008,54,1
9009,89,1
9010,89,1
9011,108,1
9012,91,0
9013,162,1
9014,61,0
9015,63,1
9016,83,1
9017,113,1
9018,200,0
9019,95,1
9020,135,1
9021,92,1
9022,30,1
9023,158,1
9024,44,1
9025,200,0
9026,36,1
9027,111,1
9028,87,1
9029,67,1
9030,46,1
9031,63,1
9032,88,1
9033,107,1
9034,87,1
9035,90,1
9036,38,1
9037,85,1
9038,72,1
9039,65,1
9040,191,1
9041,83,1
9042,69,1
9043,111,1
9044,87,1
9045,124,1
9046,59,1
9047,153,1
9048,142,1
9049,78,1
9050,59,1
9051,200,0
9052,59,1
9053,126,1
9054,80,1
9055,130,1
9056,56,1
9057,68,1
9058,67,1
9059,43,1
9060,157,1
9061,92,0
9062,146,1
9063,139,1
9064,93,1
9065,73,1
9066,131,1
9067,56,1
9068,35,1
9069,136,0
9070,46,1
9071,56,1
9072,106,0
9073,86,1
9074,64,1
9075,54,1
9076,49,1
9077,37,1
9078,44,1
9079,47,1
9080,87,1
9081,144,1
9082,110,1
9083,74,0
9084,103,0
9085,104,1
9086,97,1
9087,58,1
9088,124,1
9089,53,1
9090,118,1
9091,89,1
9092,49,1
9093,28,1
9094,70,1
9095,105,0
9096,52,1
9097,126,1
9098,90,1
9099,83,1
9100,66,1
9101,71,1
9102,77,1
9103,56,1
9104,149,1
9105,80,1
9106,59,1
9107,131,1
9108,38,1
9109,200,0
9110,109,1
9111,200,0
9112,105,1
9113,35,1
9114,34,1
9115,158,1
9116,84,1
9117,65,1
9118,93,0
9119,156,1
9120,105,0
9121,180,1
9122,155,1
9123,84,1
9124,67,1
9125,138,0
9126,58,1
9127,63,1
9128,187,1
9129,57,1
9130,140,1
9131,67,1
9132,115,1
9133,101,1
9134,200,0
9135,97,0
9136,117,1
9137,94,0
9138,34,1
9139,22,1
9140,34,1
9141,76,1
9142,78,1
9143,65,1
9144,139,1
9145,140,1
9146,135,1
9147,38,1
9148,66,1
9149,101,1
9150,91,1
9151,63,1
9152,136,1
9153,60,1
9154,77,1
9155,113,1
9156,196,1
9157,104,1
9158,100,1
9159,54,1
9160,61,1
9161,78,1
9162,99,0
9163,25,1
9164,117,1
9165,26,1
9166,95,1
9167,100,1
9168,141,1
9169,40,1
9170,79,1
9171,23,1
9172,41,1
9173,93,1
9174,200,0
9175,91,1
9176,34,1
9177,200,1
9178,34,0
9179,64,1
9180,35,1
9181,149,1
9182,186,1
9183,60,1
9184,49,1
9185,74,1
9186,70,1
9187,30,1
9188,85,1
9189,50,1
9190,144,1
9191,84,1
9192,37,0
9193,52,1
9194,90,1
9195,58,1
9196,25,1
9197,160,1
9198,57,1
9199,45,1
9200,120,1
9201,75,1
9202,200,0
9203,51,1
9204,200,0
9205,124,1
9206,51,1
9207,94,1
9208,182,1
9209,200,0
9210,73,1
9211,58,0
9212,78,1
9213,109,1
9214,141,1
9215,61,1
9216,53,1
9217,200,0
9218,92,1
9219,72,1
9220,97,1
9221,86,1
9222,63,1
9223,67,1
9224,78,1
9225,90,1
9226,35,1
9227,126,1
9228,35,0
9229,35,1
9230,62,1
9231,58,1
9232,98,1
9233,33,0
9234,53,1
9235,49,1
9236,65,1
9237,48,1
9238,45,1
9239,150,1
9240,131,1
9241,177,1
9242,29,1
9243,94,1
9244,64,1
9245,57,1
9246,46,1
9247,74,1
9248,64,1
9249,31,1
9250,80,1
9251,87,1
9252,51,1
9253,141,1
9254,83,1
9255,91,1
9256,38,1
9257,72,1
9258,66,1
9259,168,1
9260,48,0
9261,155,1
9262,49,1
9263,97,1
9264,83,1
9265,102,0
9266,64,1
9267,88,1
9268,48,1
9269,63,1
9270,87,1
9271,40,1
9272,96,1
9273,68,1
9274,29,1
9275,151,1
9276,113,1
9277,105,1
9278,200,0
9279,103,1
9280,53,1
9281,72,1
9282,40,1
9283,128,0
9284,44,0
9285,52,1
9286,44,1
9287,117,1
9288,122,1
9289,91,0
9290,34,1
9291,155,1
9292,167,1
9293,62,1
9294,66,1
9295,101,1
9296,71,1
9297,80,0
9298,74,1
9299,71,1
9300,100,0
9301,100,1
9302,85,1
9303,67,1
9304,61,1
9305,31,1
9306,74,1
9307,50,0
9308,125,1
9309,58,1
9310,35,1
9311,200,0
9312,64,1
9313,140,0
9314,78,1
9315,112,1
9316,200,0
9317,37,1
9318,76,1
9319,106,1
9320,46,1
9321,66,1
9322,98,1
9323,88,1
9324,68,1
9325,81,1
9326,200,0
9327,103,1
9328,129,1
9329,112,1
9330,60,1
9331,80,1
9332,68,0
9333,64,1
9334,93,1
9335,186,1
9336,81,0
9337,107,1
9338,34,1
9339,99,1
9340,42,1
9341,53,0
9342,51,1
9343,98,1
9344,59,1
9345,38,1
9346,170,1
9347,50,0
9348,56,0
9349,83,1
9350,68,1
9351,77,1
9352,81,1
9353,103,1
9354,43,1
9355,171,1
9356,70,1
9357,58,0
9358,69,1
9359,89,1
9360,68,1
9361,94,1
9362,200,0
9363,28,1
9364,45,1
9365,53,0
9366,50,0
9367,65,1
9368,30,1
9369,115,1
9370,200,0
9371,60,1
9372,58,1
9373,200,0
9374,79,1
9375,43,1
9376,126,1
9377,77,1
9378,41,1
9379,61,1
9380,84,1
9381,45,1
9382,99,1
9383,53,0
9384,89,1
9385,54,1
9386,45,1
9387,38,0
9388,91,1
9389,78,1
9390,89,1
9391,81,1
9392,27,1
9393,41,1
9394,134,1
9395,56,1
9396,200,0
9397,58,1
9398,87,1
9399,63,0
9400,42,1
9401,74,1
9402,42,1
9403,37,1
9404,130,1
9405,126,1
9406,53,1
9407,133,1
9408,67,1
9409,76,0
9410,44,0
9411,98,1
9412,45,1
9413,140,1
9414,34,1
9415,184,1
9416,46,1
9417,83,1
9418,77,1
9419,69,1
9420,41,1
9421,118,1
9422,177,1
9423,63,1
9424,51,1
9425,93,1
9426,126,1
9427,71,1
9428,98,1
9429,85,1
9430,119,1
9431,77,1
9432,46,1
9433,133,1
9434,88,1
9435,200,0
9436,131,1
9437,74,1
9438,48,1
9439,167,1
9440,73,1
9441,200,0
9442,117,1
9443,33,0
9444,81,1
9445,52,1
9446,86,1
9447,56,1
9448,125,1
9449,68,1
9450,77,1
9451,41,1
9452,133,1
9453,50,1
9454,29,1
9455,77,1
9456,67,1
9457,126,1
9458,111,1
9459,60,1
9460,77,1
9461,68,1
9462,131,1
9463,83,1
9464,57,1
9465,35,1
9466,55,1
9467,62,1
9468,93,1
9469,67,1
9470,94,1
9471,94,0
9472,86,1
9473,51,1
9474,47,1
9475,154,1
9476,69,1
9477,55,1
9478,66,1
9479,41,1
9480,54,1
9481,128,1
9482,42,0
9483,109,1
9484,152,1
9485,83,1
9486,45,1
9487,42,1
9488,52,1
9489,129,0
9490,44,1
9491,107,1
9492,78,1
9493,47,1
9494,63,1
9495,93,1
9496,53,1
9497,109,1
9498,70,1
9499,76,1
9500,158,1
9501,111,1
9502,138,1
9503,93,1
9504,44,1
9505,200,0
9506,71,1
9507,200,0
9508,155,1
9509,96,1
9510,105,1
9511,66,1
9512,156,1
9513,155,1
9514,60,1
9515,74,0
9516,59,1
9517,112,0
9518,200,0
9519,189,1
9520,85,1
9521,61,1
9522,108,1
9523,93,0
9524,78,1
9525,19,1
9526,77,1
9527,94,1
9528,139,1
9529,93,1
9530,65,1
9531,32,1
9532,137,1
9533,42,1
9534,54,1
9535,50,1
9536,67,1
9537,124,1
9538,84,1
9539,75,1
9540,163,1
9541,61,1
9542,60,0
9543,136,1
9544,88,1
9545,77,1
9546,38,1
9547,116,1
9548,63,1
9549,200,0
9550,106,1
9551,110,1
9552,125,1
9553,48,1
9554,155,0
9555,170,1
9556,67,1
9557,55,1
9558,50,1
9559,92,1
9560,128,1
9561,90,1
9562,91,1
9563,33,1
9564,77,1
9565,43,1
9566,58,1
9567,77,1
9568,70,0
9569,69,1
9570,103,1
9571,83,1
9572,30,1
9573,63,1
9574,72,1
9575,90,1
9576,200,0
9577,28,1
9578,32,1
9579,75,1
9580,37,1
9581,62,1
9582,81,0
9583,88,1
9584,55,1
9585,160,0
9586,153,1
9587,77,0
9588,118,1
9589,182,1
9590,37,1
9591,123,1
9592,94,1
9593,49,1
9594,91,1
9595,62,1
9596,49,0
9597,41,1
9598,91,1
9599,66,1
9600,128,1
9601,61,1
9602,64,1
9603,90,1
9604,91,1
9605,43,1
9606,100,1
9607,108,1
9608,78,1
9609,103,1
9610,37,1
9611,41,0
9612,128,1
9613,147,1
9614,135,1
9615,86,1
9616,74,1
9617,138,1
9618,61,0
9619,51,1
9620,93,1
9621,72,1
9622,61,1
9623,112,0
9624,74,1
9625,123,1
9626,141,1
9627,123,1
9628,148,1
9629,103,0
9630,53,1
9631,73,1
9632,86,1
9633,28,1
9634,49,1
9635,106,1
9636,40,1
9637,34,1
9638,200,0
9639,74,1
9640,135,1
9641,56,1
9642,78,1
9643,63,1
9644,71,1
9645,50,1
9646,35,1
9647,42,1
9648,200,0
9649,49,1
9650,41,1
9651,70,1
9652,30,0
9653,52,1
9654,68,1
9655,45,1
9656,78,1
9657,78,1
9658,97,1
9659,107,1
9660,78,1
9661,45,1
9662,91,0
9663,78,1
9664,64,1
9665,95,1
9666,58,1
9667,44,1
9668,30,1
9669,95,1
9670,200,0
9671,71,1
9672,40,1
9673,83,1
9674,200,0
9675,57,1
9676,200,0
9677,70,1
9678,190,1
9679,53,1
9680,37,1
9681,54,1
9682,49,1
9683,144,0
9684,91,0
9685,56,1
9686,59,1
9687,62,1
9688,89,1
9689,85,1
9690,41,1
9691,70,1
9692,73,1
9693,81,1
9694,62,1
9695,77,1
9696,105,1
9697,49,1
9698,83,1
9699,105,1
9700,81,1
9701,101,1
9702,68,1
9703,200,0
9704,111,1
9705,56,1
9706,123,1
9707,41,1
9708,27,1
9709,128,1
9710,73,1
9711,50,0
9712,87,1
9713,52,1
9714,41,1
9715,108,1
9716,45,1
9717,65,1
9718,110,1
9719,67,1
9720,108,1
9721,131,1
9722,35,1
9723,136,1
9724,53,1
9725,71,1
9726,53,1
9727,45,1
9728,95,1
9729,179,1
9730,85,1
9731,173,1
9732,58,0
9733,176,1
9734,49,1
9735,114,1
9736,148,1
9737,47,1
9738,46,1
9739,80,1
9740,112,1
9741,62,1
9742,45,1
9743,73,1
9744,28,1
9745,116,1
9746,151,1
9747,88,1
9748,76,1
9749,69,1
9750,137,1
9751,141,1
9752,37,1
9753,68,1
9754,60,1
9755,200,0
9756,142,1
9757,100,0
9758,193,1
9759,47,0
9760,45,1
9761,43,1
9762,54,1
9763,78,1
9764,43,1
9765,127,1
9766,51,1
9767,66,1
9768,29,0
9769,65,1
9770,175,1
9771,55,1
9772,117,1
9773,45,1
9774,103,1
9775,171,1
9776,127,1
9777,74,1
9778,106,1
9779,200,0
9780,139,1
9781,97,1
9782,39,1
9783,118,1
9784,146,1
9785,40,1
9786,109,1
9787,31,1
9788,126,1
9789,49,1
9790,139,1
9791,163,1
9792,200,0
9793,56,1
9794,177,0
9795,135,0
9796,94,1
9797,40,1
9798,94,1
9799,113,1
9800,126,1
9801,82,1
9802,50,1
9803,158,1
9804,68,1
9805,27,1
9806,82,1
9807,120,1
9808,92,1
9809,43,1
9810,200,0
9811,67,1
9812,79,0
9813,59,1
9814,55,1
9815,53,1
9816,74,1
9817,71,1
9818,113,1
9819,71,1
9820,68,1
9821,98,1
9822,116,1
9823,43,1
9824,78,1
9825,92,1
9826,105,1
9827,85,1
9828,77,1
9829,54,1
9830,49,1
9831,51,0
9832,180,1
9833,57,1
9834,159,0
9835,53,1
9836,115,1
9837,49,1
9838,89,1
9839,48,1
9840,91,1
9841,67,1
9842,95,1
9843,102,1
9844,89,1
9845,36,0
9846,90,1
9847,62,1
9848,52,1
9849,49,1
9850,68,1
9851,136,1
9852,66,1
9853,48,1
9854,56,1
9855,108,1
9856,141,1
9857,102,1
9858,63,1
9859,70,1
9860,45,1
9861,61,1
9862,119,1
9863,95,1
9864,31,1
9865,101,1
9866,66,1
9867,66,1
9868,107,1
9869,79,1
9870,52,1
9871,58,0
9872,147,1
9873,50,1
9874,68,1
9875,40,1
9876,119,1
9877,75,1
9878,169,1
9879,83,0
9880,53,1
9881,38,1
9882,76,1
9883,135,1
9884,170,0
9885,112,1
9886,47,1
9887,75,1
9888,127,1
9889,74,1
9890,79,1
9891,64,1
9892,138,1
9893,51,0
9894,171,1
9895,71,1
9896,55,1
9897,200,0
9898,41,1
9899,79,1
9900,129,1
9901,47,1
9902,61,1
9903,60,1
9904,113,1
9905,178,1
9906,75,1
9907,53,1
9908,104,1
9909,94,1
9910,129,1
9911,70,1
9912,66,1
9913,200,0
9914,104,1
9915,40,1
9916,32,1
9917,64,1
9918,87,1
9919,68,1
9920,99,1
9921,76,1
9922,101,0
9923,80,1
9924,124,1
9925,64,1
9926,102,1
9927,92,1
9928,128,1
9929,52,1
9930,126,1
9931,47,1
9932,61,1
9933,68,1
9934,88,1
9935,67,1
9936,49,1
9937,147,1
9938,124,1
9939,144,1
9940,77,1
9941,103,1
9942,57,0
9943,157,1
9944,114,1
9945,63,0
9946,46,1
9947,113,1
9948,75,1
9949,90,1
9950,49,1
9951,197,1
9952,85,1
9953,52,1
9954,55,1
9955,41,1
9956,49,1
9957,57,1
9958,43,1
9959,41,1
9960,133,1
9961,66,1
9962,146,1
9963,43,1
9964,43,1
9965,49,1
9966,38,1
9967,89,1
9968,54,1
9969,53,1
9970,61,0
9971,56,1
9972,19,0
9973,200,0
9974,43,1
9975,41,1
9976,167,0
9977,56,1
9978,70,1
9979,82,1
9980,36,1
9981,82,1
9982,110,0
9983,42,1
9984,99,1
9985,139,1
9986,52,1
9987,62,0
9988,137,1
9989,189,1
9990,63,1
9991,68,1
9992,46,1
9993,129,1
9994,200,0
9995,43,1
9996,54,1
9997,86,1
9998,120,1
9999,81,1
