episode,steps,reward
0,14,0
1,16,0
2,56,0
3,19,0
4,8,0
5,14,0
6,23,0
7,35,0
8,33,0
9,9,0
10,32,0
11,23,0
12,15,0
13,89,0
14,88,0
15,16,0
16,20,0
17,12,0
18,19,0
19,105,0
20,16,0
21,41,0
22,48,0
23,28,0
24,46,0
25,10,0
26,18,0
27,21,0
28,17,0
29,5,0
30,9,0
31,46,0
32,21,0
33,53,0
34,43,0
35,11,0
36,15,0
37,94,0
38,74,0
39,92,0
40,12,0
41,9,0
42,59,0
43,11,0
44,9,0
45,29,0
46,12,0
47,12,0
48,9,0
49,7,0
50,6,0
51,24,0
52,38,0
53,11,0
54,11,0
55,13,0
56,19,0
57,5,0
58,23,0
59,24,0
60,6,0
61,14,0
62,11,0
63,29,0
64,20,0
65,6,0
66,15,0
67,21,0
68,25,0
69,38,0
70,7,0
71,35,0
72,7,0
73,10,0
74,38,0
75,8,0
76,24,0
77,12,0
78,30,0
79,36,0
80,25,0
81,14,0
82,7,0
83,12,0
84,8,0
85,19,0
86,46,0
87,28,0
88,17,0
89,18,0
90,9,0
91,41,0
92,22,0
93,45,0
94,16,0
95,17,0
96,19,0
97,14,0
98,6,0
99,9,0
100,18,0
101,16,0
102,7,0
103,25,0
104,5,0
105,12,0
106,23,0
107,47,0
108,9,0
109,18,0
110,8,0
111,16,0
112,10,0
113,14,0
114,26,0
115,19,0
116,10,0
117,13,0
118,22,0
119,26,0
120,15,0
121,14,0
122,8,0
123,23,0
124,5,0
125,10,0
126,17,0
127,23,0
128,12,0
129,15,0
130,10,0
131,17,0
132,23,0
133,8,0
134,32,0
135,22,0
136,46,0
137,20,0
138,72,0
139,11,0
140,5,0
141,16,0
142,8,0
143,17,0
144,10,0
145,9,0
146,31,0
147,27,0
148,15,0
149,43,0
150,16,0
151,28,0
152,14,0
153,12,0
154,21,0
155,16,0
156,12,0
157,69,0
158,107,0
159,24,0
160,15,0
161,16,0
162,15,0
163,25,0
164,39,0
165,16,0
166,45,0
167,20,0
168,23,0
169,12,0
170,15,0
171,13,0
172,8,0
173,21,0
174,13,0
175,8,0
176,18,0
177,21,0
178,27,0
179,17,0
180,32,0
181,47,0
182,15,0
183,7,0
184,12,0
185,100,0
186,57,0
187,11,0
188,30,0
189,14,0
190,27,0
191,83,1
192,17,0
193,29,0
194,33,0
195,28,0
196,25,0
197,16,0
198,15,0
199,17,0
200,17,0
201,8,0
202,15,0
203,72,0
204,34,0
205,12,0
206,28,0
207,23,0
208,9,0
209,28,0
210,35,0
211,53,0
212,56,0
213,50,0
214,7,0
215,21,0
216,14,0
217,39,0
218,11,0
219,10,0
220,15,0
221,27,0
222,7,0
223,27,0
224,10,0
225,13,0
226,16,0
227,56,0
228,53,0
229,13,0
230,23,0
231,11,0
232,9,0
233,31,0
234,31,0
235,17,0
236,13,0
237,30,0
238,14,0
239,23,0
240,20,0
241,40,0
242,15,0
243,26,0
244,28,0
245,16,0
246,14,0
247,10,0
248,14,0
249,14,0
250,14,0
251,20,0
252,12,0
253,15,0
254,34,0
255,11,0
256,15,0
257,23,0
258,41,0
259,15,0
260,15,0
261,59,0
262,7,0
263,23,0
264,13,0
265,22,0
266,24,0
267,21,0
268,20,0
269,12,0
270,9,0
271,8,0
272,44,0
273,14,0
274,12,0
275,18,0
276,11,0
277,66,0
278,11,0
279,32,0
280,82,0
281,41,0
282,44,0
283,17,0
284,25,0
285,31,0
286,15,0
287,17,0
288,25,0
289,31,0
290,29,0
291,25,0
292,18,0
293,55,0
294,29,0
295,14,0
296,14,0
297,15,0
298,10,0
299,41,0
300,19,0
301,37,0
302,10,0
303,47,0
304,9,0
305,10,0
306,8,0
307,41,0
308,13,0
309,22,0
310,33,0
311,10,0
312,30,0
313,27,0
314,12,0
315,19,0
316,41,0
317,7,0
318,42,0
319,42,0
320,17,0
321,35,0
322,9,0
323,21,0
324,14,0
325,12,0
326,33,0
327,23,0
328,70,0
329,19,0
330,7,0
331,15,0
332,38,0
333,20,0
334,40,0
335,49,0
336,18,0
337,67,0
338,47,1
339,20,0
340,54,0
341,22,0
342,40,0
343,12,0
344,25,0
345,13,0
346,70,0
347,20,0
348,20,0
349,31,0
350,11,0
351,16,0
352,28,0
353,35,0
354,20,0
355,24,0
356,13,0
357,44,0
358,27,0
359,36,0
360,33,0
361,68,0
362,31,0
363,45,0
364,30,0
365,28,0
366,24,0
367,44,0
368,35,0
369,47,0
370,41,0
371,34,0
372,9,0
373,39,0
374,17,0
375,46,0
376,200,0
377,43,0
378,26,0
379,58,0
380,61,0
381,13,0
382,44,0
383,71,0
384,17,0
385,30,0
386,12,0
387,36,0
388,49,0
389,15,0
390,42,0
391,15,0
392,33,0
393,50,0
394,20,0
395,39,0
396,58,0
397,9,0
398,37,0
399,47,0
400,18,0
401,76,0
402,22,0
403,36,0
404,9,0
405,14,0
406,47,0
407,24,0
408,23,0
409,19,0
410,11,0
411,42,0
412,29,0
413,16,0
414,39,1
415,24,0
416,33,0
417,74,0
418,37,0
419,7,0
420,40,0
421,80,0
422,18,0
423,9,0
424,43,0
425,96,0
426,127,0
427,23,0
428,60,0
429,71,0
430,94,0
431,29,0
432,8,0
433,36,0
434,24,0
435,39,0
436,17,0
437,37,0
438,45,0
439,79,0
440,54,1
441,37,0
442,46,0
443,61,0
444,85,0
445,7,0
446,14,0
447,44,1
448,33,0
449,102,0
450,9,0
451,31,0
452,38,0
453,77,0
454,29,0
455,23,0
456,91,0
457,50,0
458,33,0
459,36,0
460,18,0
461,15,0
462,18,0
463,35,0
464,53,0
465,15,0
466,28,0
467,90,0
468,52,0
469,40,0
470,83,0
471,55,0
472,36,1
473,50,0
474,19,0
475,43,0
476,7,0
477,22,0
478,30,0
479,45,0
480,10,0
481,12,0
482,23,0
483,17,0
484,31,0
485,127,0
486,103,0
487,24,0
488,42,0
489,55,0
490,24,0
491,22,0
492,14,0
493,51,0
494,14,0
495,47,0
496,18,0
497,92,0
498,96,0
499,61,0
500,15,0
501,12,0
502,16,0
503,30,0
504,24,0
505,48,0
506,21,0
507,48,0
508,23,0
509,69,0
510,27,0
511,24,0
512,43,0
513,103,1
514,29,0
515,27,0
516,10,0
517,22,0
518,60,0
519,42,1
520,7,0
521,37,0
522,53,0
523,52,0
524,50,0
525,60,0
526,11,0
527,27,0
528,68,0
529,11,0
530,73,0
531,29,0
532,24,0
533,38,0
534,49,0
535,87,0
536,105,0
537,68,1
538,96,0
539,39,0
540,29,0
541,14,0
542,29,0
543,29,0
544,26,0
545,54,1
546,42,0
547,61,0
548,92,0
549,16,0
550,67,0
551,15,0
552,21,0
553,54,1
554,34,1
555,76,0
556,26,0
557,14,0
558,58,0
559,43,0
560,38,1
561,26,0
562,32,0
563,31,1
564,66,0
565,79,0
566,25,0
567,105,0
568,24,0
569,68,0
570,28,0
571,55,0
572,24,0
573,29,0
574,59,1
575,23,0
576,54,0
577,12,0
578,66,1
579,59,0
580,14,0
581,42,0
582,50,0
583,15,0
584,98,0
585,13,0
586,37,0
587,59,0
588,28,0
589,18,0
590,42,0
591,52,0
592,98,1
593,26,0
594,24,0
595,45,0
596,23,0
597,40,0
598,14,0
599,16,0
600,40,0
601,21,0
602,56,0
603,69,0
604,54,0
605,15,0
606,48,0
607,60,0
608,11,0
609,57,0
610,48,0
611,37,0
612,91,0
613,48,0
614,32,0
615,8,0
616,45,0
617,107,1
618,63,0
619,45,0
620,100,0
621,31,0
622,49,0
623,52,0
624,42,0
625,27,0
626,35,0
627,31,0
628,24,0
629,23,0
630,46,0
631,89,0
632,55,0
633,38,0
634,78,0
635,33,0
636,41,1
637,51,0
638,13,0
639,99,0
640,66,0
641,51,0
642,60,1
643,36,1
644,43,1
645,26,0
646,85,0
647,79,0
648,69,1
649,68,0
650,15,0
651,26,1
652,24,0
653,66,1
654,86,0
655,42,0
656,35,1
657,37,0
658,41,0
659,68,0
660,17,0
661,38,1
662,25,0
663,45,0
664,68,0
665,53,0
666,49,0
667,69,0
668,22,0
669,55,0
670,14,0
671,26,0
672,36,0
673,66,0
674,60,0
675,88,0
676,23,0
677,117,0
678,39,0
679,13,0
680,32,0
681,17,0
682,30,0
683,57,0
684,15,0
685,18,0
686,17,0
687,23,0
688,76,0
689,78,0
690,36,0
691,11,0
692,200,0
693,98,0
694,112,0
695,33,0
696,80,0
697,101,0
698,61,0
699,18,0
700,9,0
701,14,0
702,57,0
703,88,0
704,88,0
705,43,0
706,10,0
707,42,0
708,41,0
709,66,0
710,11,0
711,70,0
712,64,0
713,35,0
714,15,0
715,33,0
716,9,0
717,20,0
718,45,0
719,14,0
720,12,0
721,24,0
722,37,0
723,98,0
724,195,0
725,55,0
726,70,0
727,7,0
728,29,0
729,16,0
730,9,0
731,88,0
732,17,0
733,60,0
734,57,0
735,52,0
736,106,0
737,11,0
738,37,0
739,46,0
740,31,0
741,10,0
742,33,0
743,31,0
744,55,0
745,107,0
746,196,0
747,26,0
748,14,0
749,91,0
750,107,0
751,19,0
752,54,0
753,23,0
754,8,0
755,50,0
756,19,0
757,13,0
758,38,0
759,31,0
760,97,0
761,105,0
762,79,1
763,20,0
764,50,0
765,56,0
766,12,0
767,15,0
768,49,0
769,87,0
770,68,0
771,69,0
772,90,0
773,62,0
774,79,0
775,66,0
776,23,0
777,10,0
778,61,0
779,72,0
780,49,0
781,53,0
782,24,0
783,40,0
784,32,0
785,84,0
786,55,0
787,41,0
788,22,0
789,67,0
790,116,0
791,29,0
792,12,0
793,82,0
794,104,0
795,60,0
796,200,0
797,65,0
798,87,0
799,100,0
800,21,0
801,54,0
802,12,0
803,20,0
804,9,0
805,66,0
806,44,0
807,83,0
808,60,0
809,11,0
810,48,0
811,15,0
812,28,0
813,22,0
814,181,0
815,46,0
816,55,0
817,33,0
818,138,0
819,88,0
820,81,0
821,40,0
822,32,0
823,42,0
824,16,0
825,47,0
826,43,0
827,86,0
828,27,0
829,66,0
830,100,1
831,112,0
832,55,0
833,76,0
834,38,0
835,184,0
836,99,0
837,92,0
838,44,0
839,38,0
840,12,0
841,90,0
842,32,0
843,42,0
844,35,0
845,63,0
846,9,0
847,95,0
848,20,0
849,16,0
850,45,0
851,99,0
852,58,0
853,108,0
854,25,0
855,28,0
856,32,0
857,52,0
858,49,0
859,53,0
860,89,0
861,72,0
862,8,0
863,49,0
864,151,0
865,24,0
866,77,0
867,195,0
868,58,0
869,26,0
870,13,0
871,74,0
872,13,0
873,65,0
874,33,0
875,85,0
876,71,0
877,103,0
878,45,0
879,50,0
880,72,0
881,53,0
882,12,0
883,63,0
884,78,0
885,183,0
886,168,0
887,100,0
888,145,0
889,30,0
890,33,0
891,24,0
892,81,0
893,61,0
894,66,0
895,30,0
896,73,0
897,75,0
898,171,0
899,162,0
900,30,0
901,106,0
902,15,0
903,30,0
904,200,0
905,57,0
906,27,0
907,13,0
908,33,0
909,25,0
910,78,0
911,16,0
912,70,0
913,59,0
914,69,0
915,185,0
916,16,0
917,66,0
918,27,0
919,88,0
920,82,0
921,8,0
922,23,0
923,166,0
924,13,0
925,96,0
926,21,0
927,135,0
928,173,0
929,77,0
930,14,0
931,183,0
932,44,0
933,25,0
934,21,0
935,105,0
936,36,0
937,77,0
938,43,0
939,71,0
940,42,0
941,76,0
942,43,0
943,200,0
944,85,0
945,87,0
946,52,0
947,142,0
948,116,0
949,58,0
950,71,0
951,32,0
952,56,1
953,11,0
954,93,0
955,67,0
956,83,0
957,155,0
958,34,0
959,65,0
960,25,0
961,115,0
962,38,0
963,109,0
964,121,0
965,134,0
966,26,1
967,119,0
968,28,0
969,54,0
970,134,0
971,25,0
972,68,0
973,75,0
974,13,0
975,84,0
976,53,0
977,53,0
978,159,0
979,10,0
980,99,0
981,11,0
982,38,0
983,82,0
984,96,0
985,9,0
986,30,0
987,63,0
988,95,0
989,81,0
990,27,0
991,51,0
992,41,0
993,86,0
994,67,0
995,87,0
996,95,0
997,107,0
998,71,0
999,200,0
1000,29,0
1001,46,0
1002,15,0
1003,13,0
1004,43,0
1005,72,0
1006,143,0
1007,30,0
1008,59,0
1009,48,0
1010,104,0
1011,74,0
1012,28,0
1013,55,0
1014,61,0
1015,89,0
1016,27,0
1017,89,0
1018,59,0
1019,70,0
1020,31,0
1021,47,0
1022,170,0
1023,12,0
1024,22,0
1025,49,0
1026,57,0
1027,46,0
1028,57,0
1029,62,0
1030,64,0
1031,27,0
1032,58,0
1033,20,0
1034,79,0
1035,37,0
1036,15,0
1037,77,0
1038,36,0
1039,38,0
1040,92,0
1041,62,0
1042,42,0
1043,20,0
1044,38,0
1045,97,0
1046,53,0
1047,76,0
1048,73,0
1049,34,0
1050,37,0
1051,116,0
1052,9,0
1053,40,0
1054,55,0
1055,39,0
1056,91,0
1057,35,0
1058,9,0
1059,43,0
1060,82,0
1061,68,0
1062,55,0
1063,16,0
1064,63,0
1065,69,0
1066,71,0
1067,8,0
1068,30,0
1069,25,0
1070,19,0
1071,39,0
1072,200,0
1073,49,0
1074,10,0
1075,18,0
1076,18,0
1077,17,0
1078,34,0
1079,50,0
1080,34,0
1081,183,0
1082,200,0
1083,145,0
1084,106,0
1085,25,0
1086,89,0
1087,68,0
1088,24,0
1089,84,0
1090,24,0
1091,35,0
1092,21,0
1093,149,0
1094,32,0
1095,26,0
1096,23,0
1097,23,0
1098,39,0
1099,200,0
1100,93,1
1101,116,0
1102,89,0
1103,25,0
1104,120,0
1105,60,0
1106,15,0
1107,160,0
1108,47,0
1109,62,0
1110,37,0
1111,63,0
1112,82,0
1113,30,0
1114,67,0
1115,56,0
1116,23,0
1117,45,0
1118,24,0
1119,38,0
1120,192,0
1121,145,0
1122,69,0
1123,73,0
1124,27,0
1125,38,0
1126,73,0
1127,128,0
1128,69,0
1129,28,0
1130,78,0
1131,18,0
1132,78,0
1133,56,0
1134,111,0
1135,73,0
1136,24,0
1137,88,0
1138,26,0
1139,68,0
1140,194,1
1141,77,0
1142,43,0
1143,200,0
1144,52,0
1145,55,1
1146,49,0
1147,20,0
1148,112,0
1149,82,0
1150,71,1
1151,68,0
1152,44,0
1153,75,1
1154,56,0
1155,111,0
1156,35,0
1157,44,1
1158,98,1
1159,75,1
1160,35,0
1161,21,0
1162,42,1
1163,67,0
1164,17,0
1165,24,1
1166,25,0
1167,24,0
1168,52,0
1169,24,0
1170,37,1
1171,38,0
1172,41,1
1173,55,0
1174,127,1
1175,17,0
1176,46,0
1177,67,0
1178,48,0
1179,64,0
1180,27,0
1181,62,0
1182,24,1
1183,45,1
1184,75,1
1185,40,1
1186,24,1
1187,46,1
1188,71,0
1189,114,0
1190,66,0
1191,66,0
1192,65,0
1193,55,1
1194,54,1
1195,38,0
1196,26,0
1197,8,0
1198,38,1
1199,78,0
1200,47,1
1201,112,0
1202,58,0
1203,21,0
1204,49,1
1205,56,0
1206,49,1
1207,87,1
1208,54,1
1209,28,0
1210,62,1
1211,80,0
1212,36,0
1213,134,1
1214,36,1
1215,24,0
1216,25,0
1217,69,0
1218,44,0
1219,200,0
1220,25,0
1221,43,0
1222,36,0
1223,35,0
1224,20,0
1225,42,0
1226,33,1
1227,26,0
1228,66,1
1229,59,0
1230,29,1
1231,83,0
1232,51,0
1233,57,1
1234,85,0
1235,37,0
1236,23,0
1237,105,1
1238,15,0
1239,22,0
1240,33,0
1241,103,1
1242,38,0
1243,27,0
1244,28,0
1245,49,1
1246,80,0
1247,34,0
1248,91,1
1249,21,0
1250,48,0
1251,42,0
1252,58,0
1253,78,1
1254,68,1
1255,40,1
1256,129,1
1257,79,1
1258,98,0
1259,26,1
1260,70,0
1261,44,0
1262,24,1
1263,30,1
1264,31,0
1265,36,0
1266,65,0
1267,95,1
1268,20,0
1269,163,1
1270,65,0
1271,18,1
1272,51,0
1273,33,0
1274,15,0
1275,30,0
1276,89,1
1277,155,0
1278,49,1
1279,27,1
1280,118,0
1281,56,1
1282,36,0
1283,48,0
1284,46,0
1285,49,1
1286,12,0
1287,45,0
1288,81,0
1289,40,0
1290,41,0
1291,51,0
1292,41,0
1293,62,0
1294,41,1
1295,72,0
1296,57,0
1297,45,0
1298,70,1
1299,49,0
1300,66,0
1301,181,1
1302,33,1
1303,53,0
1304,33,0
1305,58,1
1306,39,0
1307,91,0
1308,116,1
1309,97,0
1310,92,1
1311,29,0
1312,53,0
1313,42,1
1314,27,1
1315,60,0
1316,21,0
1317,85,0
1318,86,0
1319,55,0
1320,149,0
1321,62,0
1322,102,1
1323,200,0
1324,38,0
1325,67,1
1326,42,0
1327,187,0
1328,35,1
1329,33,0
1330,61,0
1331,37,0
1332,53,0
1333,46,1
1334,60,0
1335,91,0
1336,67,0
1337,31,0
1338,61,0
1339,29,1
1340,64,1
1341,60,1
1342,29,1
1343,79,1
1344,68,0
1345,103,1
1346,14,0
1347,80,0
1348,104,1
1349,60,0
1350,29,1
1351,50,1
1352,60,1
1353,107,1
1354,62,0
1355,32,0
1356,35,0
1357,40,0
1358,37,1
1359,43,0
1360,100,1
1361,74,0
1362,17,0
1363,78,0
1364,82,1
1365,34,0
1366,24,0
1367,24,0
1368,49,0
1369,70,0
1370,45,1
1371,26,1
1372,45,1
1373,16,1
1374,10,0
1375,31,0
1376,63,0
1377,81,0
1378,46,1
1379,30,0
1380,74,1
1381,200,0
1382,108,1
1383,16,0
1384,43,1
1385,115,0
1386,87,0
1387,42,1
1388,78,1
1389,26,0
1390,71,0
1391,27,0
1392,35,1
1393,28,1
1394,27,1
1395,23,0
1396,15,0
1397,64,0
1398,98,0
1399,18,0
1400,36,0
1401,114,1
1402,49,0
1403,28,1
1404,58,0
1405,74,0
1406,23,0
1407,48,0
1408,74,1
1409,56,0
1410,37,1
1411,62,0
1412,13,0
1413,56,0
1414,91,0
1415,13,0
1416,38,0
1417,147,0
1418,46,0
1419,20,0
1420,31,0
1421,28,0
1422,94,1
1423,46,1
1424,10,0
1425,36,0
1426,69,0
1427,48,1
1428,68,0
1429,138,1
1430,136,0
1431,63,0
1432,106,1
1433,22,0
1434,53,0
1435,143,1
1436,140,1
1437,8,0
1438,51,1
1439,120,0
1440,37,1
1441,54,0
1442,81,1
1443,47,0
1444,49,1
1445,46,1
1446,32,1
1447,86,1
1448,21,1
1449,66,0
1450,77,0
1451,94,0
1452,42,1
1453,38,0
1454,38,0
1455,36,0
1456,67,1
1457,24,0
1458,200,0
1459,101,0
1460,79,1
1461,85,1
1462,76,0
1463,36,0
1464,69,1
1465,24,1
1466,76,1
1467,55,1
1468,45,1
1469,61,0
1470,33,0
1471,50,0
1472,37,0
1473,56,1
1474,33,0
1475,29,0
1476,88,1
1477,25,0
1478,51,1
1479,47,1
1480,53,1
1481,49,0
1482,28,1
1483,105,0
1484,34,0
1485,67,0
1486,200,0
1487,93,0
1488,28,0
1489,33,0
1490,73,0
1491,51,1
1492,95,0
1493,30,0
1494,27,0
1495,36,0
1496,70,0
1497,43,1
1498,33,1
1499,88,0
1500,95,1
1501,49,0
1502,50,1
1503,61,1
1504,54,0
1505,19,0
1506,13,0
1507,49,1
1508,40,0
1509,32,0
1510,54,0
1511,47,0
1512,33,0
1513,70,0
1514,40,1
1515,18,0
1516,46,1
1517,75,1
1518,52,0
1519,7,0
1520,53,1
1521,67,0
1522,69,0
1523,58,1
1524,67,0
1525,65,0
1526,97,1
1527,62,0
1528,90,0
1529,44,0
1530,71,1
1531,77,1
1532,47,1
1533,124,0
1534,15,0
1535,51,0
1536,41,0
1537,47,0
1538,89,0
1539,38,0
1540,45,1
1541,40,0
1542,27,1
1543,88,1
1544,30,0
1545,25,0
1546,17,0
1547,33,0
1548,84,1
1549,69,0
1550,49,0
1551,19,0
1552,40,1
1553,57,0
1554,23,0
1555,42,0
1556,25,0
1557,71,0
1558,45,1
1559,69,0
1560,51,0
1561,59,0
1562,7,0
1563,35,0
1564,52,0
1565,80,0
1566,18,0
1567,86,0
1568,76,0
1569,85,1
1570,85,1
1571,58,1
1572,139,1
1573,58,1
1574,98,1
1575,48,1
1576,78,1
1577,25,0
1578,51,1
1579,88,0
1580,44,0
1581,22,0
1582,48,0
1583,105,1
1584,54,0
1585,57,1
1586,28,1
1587,89,0
1588,76,1
1589,85,1
1590,59,0
1591,89,1
1592,48,1
1593,95,0
1594,20,0
1595,51,0
1596,28,1
1597,34,1
1598,98,1
1599,107,0
1600,41,0
1601,99,1
1602,24,0
1603,20,0
1604,200,0
1605,50,0
1606,55,1
1607,32,0
1608,29,1
1609,19,0
1610,33,1
1611,62,1
1612,45,1
1613,65,1
1614,48,0
1615,37,1
1616,21,0
1617,54,1
1618,61,1
1619,70,1
1620,40,0
1621,118,1
1622,59,0
1623,74,0
1624,47,0
1625,35,0
1626,77,0
1627,111,1
1628,51,1
1629,27,0
1630,117,0
1631,68,0
1632,62,1
1633,39,0
1634,69,0
1635,38,1
1636,18,0
1637,31,1
1638,38,1
1639,42,0
1640,29,0
1641,52,0
1642,65,0
1643,114,1
1644,24,0
1645,48,1
1646,72,0
1647,49,1
1648,19,0
1649,48,0
1650,70,1
1651,97,1
1652,61,1
1653,43,0
1654,111,0
1655,13,0
1656,9,0
1657,73,1
1658,67,0
1659,50,0
1660,100,0
1661,29,0
1662,11,0
1663,11,0
1664,25,0
1665,15,0
1666,22,0
1667,83,0
1668,78,1
1669,14,0
1670,39,0
1671,82,1
1672,99,0
1673,60,0
1674,43,1
1675,81,0
1676,48,1
1677,37,1
1678,63,0
1679,58,1
1680,71,1
1681,55,1
1682,14,0
1683,44,0
1684,144,1
1685,29,1
1686,117,0
1687,53,0
1688,50,1
1689,37,1
1690,87,1
1691,61,1
1692,32,0
1693,69,0
1694,24,1
1695,24,0
1696,69,1
1697,58,0
1698,47,1
1699,40,1
1700,171,0
1701,42,1
1702,42,1
1703,100,0
1704,33,1
1705,35,0
1706,35,1
1707,18,0
1708,38,1
1709,34,0
1710,45,0
1711,49,0
1712,56,0
1713,28,0
1714,29,1
1715,57,0
1716,118,0
1717,46,0
1718,69,1
1719,94,1
1720,95,1
1721,12,0
1722,66,1
1723,29,0
1724,32,1
1725,28,0
1726,65,1
1727,115,0
1728,54,1
1729,123,0
1730,35,0
1731,72,1
1732,66,1
1733,45,0
1734,20,0
1735,33,1
1736,52,1
1737,82,0
1738,78,1
1739,25,0
1740,34,0
1741,68,0
1742,55,0
1743,46,0
1744,37,1
1745,53,0
1746,14,0
1747,72,1
1748,83,0
1749,23,1
1750,93,0
1751,69,0
1752,26,1
1753,50,1
1754,93,0
1755,41,0
1756,79,1
1757,38,1
1758,29,0
1759,111,0
1760,63,0
1761,37,1
1762,31,0
1763,37,0
1764,47,0
1765,49,0
1766,66,1
1767,21,1
1768,43,0
1769,53,1
1770,23,1
1771,25,0
1772,60,1
1773,25,0
1774,28,1
1775,63,1
1776,145,0
1777,59,1
1778,89,1
1779,122,1
1780,48,1
1781,130,1
1782,46,1
1783,7,0
1784,18,0
1785,41,1
1786,80,0
1787,38,1
1788,117,1
1789,49,0
1790,95,1
1791,23,0
1792,39,0
1793,42,1
1794,22,0
1795,9,0
1796,43,1
1797,49,0
1798,18,0
1799,82,1
1800,148,0
1801,84,1
1802,40,0
1803,45,0
1804,89,0
1805,9,0
1806,38,0
1807,93,0
1808,54,1
1809,74,1
1810,26,0
1811,65,1
1812,52,0
1813,47,0
1814,73,1
1815,36,1
1816,12,0
1817,58,1
1818,82,0
1819,38,1
1820,11,0
1821,49,1
1822,28,0
1823,50,1
1824,47,0
1825,37,1
1826,31,1
1827,52,0
1828,68,1
1829,13,0
1830,29,0
1831,87,1
1832,28,0
1833,35,0
1834,85,0
1835,34,0
1836,8,0
1837,91,0
1838,90,1
1839,29,1
1840,36,0
1841,58,1
1842,14,0
1843,18,0
1844,54,1
1845,29,1
1846,68,0
1847,53,1
1848,53,0
1849,94,1
1850,103,1
1851,81,1
1852,30,0
1853,48,0
1854,36,1
1855,58,1
1856,9,0
1857,56,1
1858,42,1
1859,53,0
1860,46,0
1861,75,0
1862,64,0
1863,48,1
1864,148,1
1865,129,1
1866,70,1
1867,45,1
1868,56,0
1869,87,1
1870,70,0
1871,66,1
1872,50,0
1873,56,0
1874,24,0
1875,58,1
1876,90,0
1877,12,0
1878,68,0
1879,44,1
1880,50,1
1881,54,1
1882,86,1
1883,28,1
1884,97,0
1885,77,0
1886,104,1
1887,20,0
1888,46,0
1889,47,0
1890,78,0
1891,151,1
1892,22,0
1893,69,0
1894,48,0
1895,25,0
1896,113,1
1897,43,0
1898,29,0
1899,21,0
1900,64,0
1901,45,1
1902,131,1
1903,71,0
1904,99,0
1905,75,1
1906,127,0
1907,108,0
1908,82,0
1909,27,0
1910,17,0
1911,53,1
1912,200,0
1913,183,1
1914,39,0
1915,88,1
1916,48,1
1917,173,1
1918,12,0
1919,67,0
1920,19,0
1921,174,0
1922,84,1
1923,8,0
1924,42,0
1925,9,0
1926,63,1
1927,29,0
1928,43,1
1929,19,0
1930,68,0
1931,31,0
1932,30,0
1933,129,0
1934,31,0
1935,93,0
1936,51,1
1937,62,0
1938,85,0
1939,40,0
1940,134,0
1941,90,1
1942,37,0
1943,61,1
1944,115,1
1945,73,0
1946,67,1
1947,32,1
1948,105,1
1949,114,1
1950,29,1
1951,47,1
1952,44,1
1953,19,0
1954,74,0
1955,37,1
1956,81,0
1957,33,0
1958,124,1
1959,44,0
1960,26,0
1961,57,1
1962,27,0
1963,37,1
1964,120,0
1965,9,0
1966,23,0
1967,47,0
1968,74,0
1969,41,1
1970,23,0
1971,87,1
1972,171,0
1973,50,0
1974,29,0
1975,34,0
1976,77,0
1977,106,0
1978,35,0
1979,13,0
1980,86,0
1981,93,1
1982,44,0
1983,197,1
1984,41,1
1985,43,0
1986,28,0
1987,11,0
1988,11,0
1989,61,1
1990,26,0
1991,58,0
1992,112,0
1993,35,0
1994,44,0
1995,33,0
1996,86,0
1997,68,1
1998,30,1
1999,51,0
2000,102,0
2001,45,1
2002,59,1
2003,66,1
2004,149,0
2005,73,1
2006,44,0
2007,30,1
2008,58,0
2009,43,0
2010,24,0
2011,7,0
2012,27,0
2013,52,0
2014,200,0
2015,58,0
2016,79,0
2017,118,0
2018,109,1
2019,42,0
2020,158,0
2021,36,1
2022,20,0
2023,23,0
2024,98,0
2025,74,0
2026,49,0
2027,41,0
2028,58,0
2029,49,1
2030,34,0
2031,70,0
2032,19,0
2033,105,0
2034,119,0
2035,151,0
2036,79,0
2037,53,1
2038,69,1
2039,90,1
2040,67,1
2041,112,0
2042,54,0
2043,116,1
2044,33,1
2045,118,0
2046,57,1
2047,30,0
2048,51,0
2049,57,0
2050,52,1
2051,49,0
2052,37,1
2053,88,0
2054,49,0
2055,64,1
2056,19,0
2057,41,1
2058,58,0
2059,42,1
2060,44,0
2061,82,1
2062,64,1
2063,116,0
2064,36,0
2065,54,1
2066,72,0
2067,45,1
2068,39,0
2069,69,1
2070,91,1
2071,64,0
2072,52,1
2073,89,1
2074,65,0
2075,119,1
2076,49,0
2077,72,1
2078,34,1
2079,54,1
2080,56,1
2081,74,0
2082,86,1
2083,13,0
2084,60,0
2085,28,1
2086,55,1
2087,63,1
2088,32,0
2089,112,1
2090,56,1
2091,43,1
2092,102,1
2093,69,1
2094,55,0
2095,43,1
2096,50,1
2097,90,1
2098,36,0
2099,19,0
2100,23,0
2101,55,1
2102,55,1
2103,50,0
2104,38,0
2105,60,1
2106,59,1
2107,16,0
2108,146,1
2109,93,0
2110,124,1
2111,99,1
2112,42,1
2113,37,1
2114,59,1
2115,17,0
2116,136,1
2117,25,1
2118,86,1
2119,57,1
2120,90,1
2121,139,1
2122,74,1
2123,59,0
2124,60,0
2125,113,1
2126,59,1
2127,73,1
2128,38,0
2129,66,1
2130,63,1
2131,52,1
2132,54,1
2133,26,0
2134,94,1
2135,18,0
2136,28,0
2137,98,1
2138,38,0
2139,45,1
2140,40,0
2141,28,0
2142,14,0
2143,94,1
2144,25,1
2145,27,0
2146,61,1
2147,56,0
2148,47,1
2149,123,1
2150,81,1
2151,36,0
2152,39,1
2153,40,0
2154,119,1
2155,54,1
2156,43,1
2157,101,1
2158,92,1
2159,55,0
2160,87,1
2161,83,0
2162,32,1
2163,31,1
2164,200,0
2165,59,1
2166,175,1
2167,46,0
2168,46,0
2169,116,1
2170,58,1
2171,33,1
2172,29,0
2173,50,1
2174,36,0
2175,84,0
2176,70,1
2177,99,0
2178,90,1
2179,168,1
2180,72,1
2181,32,1
2182,14,0
2183,175,1
2184,16,0
2185,103,0
2186,53,1
2187,62,1
2188,48,1
2189,45,0
2190,89,1
2191,31,1
2192,75,1
2193,113,0
2194,47,1
2195,75,1
2196,63,1
2197,110,1
2198,56,1
2199,62,1
2200,17,0
2201,63,1
2202,40,0
2203,14,0
2204,16,0
2205,39,1
2206,44,1
2207,35,0
2208,28,0
2209,93,0
2210,200,0
2211,82,1
2212,49,1
2213,59,1
2214,51,1
2215,37,0
2216,154,0
2217,43,1
2218,64,1
2219,142,1
2220,33,0
2221,42,1
2222,28,0
2223,120,1
2224,96,1
2225,47,1
2226,118,1
2227,91,1
2228,9,0
2229,89,1
2230,67,0
2231,51,1
2232,56,1
2233,32,1
2234,45,0
2235,17,0
2236,66,0
2237,17,0
2238,86,1
2239,115,1
2240,93,1
2241,48,1
2242,29,1
2243,7,0
2244,78,1
2245,57,0
2246,64,1
2247,150,1
2248,80,1
2249,30,0
2250,44,1
2251,151,1
2252,50,0
2253,39,1
2254,56,0
2255,41,1
2256,115,1
2257,51,1
2258,68,1
2259,97,1
2260,52,1
2261,38,0
2262,38,0
2263,32,1
2264,104,1
2265,53,1
2266,153,0
2267,145,0
2268,30,1
2269,53,1
2270,191,0
2271,35,1
2272,82,0
2273,46,1
2274,96,1
2275,24,0
2276,49,1
2277,38,0
2278,131,1
2279,38,1
2280,66,1
2281,77,1
2282,10,0
2283,21,1
2284,87,1
2285,63,1
2286,129,1
2287,57,1
2288,15,0
2289,32,1
2290,48,1
2291,105,1
2292,47,0
2293,51,1
2294,36,1
2295,48,0
2296,54,1
2297,87,1
2298,81,1
2299,103,1
2300,155,1
2301,56,1
2302,35,1
2303,38,1
2304,45,1
2305,7,0
2306,155,1
2307,57,1
2308,46,1
2309,56,1
2310,105,1
2311,86,1
2312,85,1
2313,14,0
2314,37,1
2315,63,1
2316,64,0
2317,91,0
2318,48,1
2319,21,0
2320,45,1
2321,23,0
2322,68,1
2323,200,0
2324,17,0
2325,101,1
2326,79,0
2327,78,0
2328,44,1
2329,39,1
2330,72,1
2331,68,1
2332,83,1
2333,53,1
2334,91,0
2335,15,0
2336,33,1
2337,12,0
2338,79,1
2339,65,1
2340,57,1
2341,55,1
2342,58,0
2343,22,1
2344,117,1
2345,36,1
2346,19,0
2347,84,0
2348,67,1
2349,25,0
2350,98,1
2351,85,1
2352,122,1
2353,28,1
2354,53,0
2355,58,1
2356,28,0
2357,92,1
2358,68,1
2359,43,1
2360,63,1
2361,44,1
2362,124,1
2363,62,1
2364,62,1
2365,31,0
2366,33,0
2367,66,1
2368,93,0
2369,28,0
2370,19,0
2371,106,0
2372,74,1
2373,85,1
2374,114,1
2375,35,1
2376,56,1
2377,108,0
2378,35,1
2379,116,1
2380,131,0
2381,36,0
2382,99,1
2383,86,1
2384,102,1
2385,109,0
2386,98,1
2387,24,0
2388,34,0
2389,42,1
2390,74,1
2391,15,0
2392,36,1
2393,105,0
2394,24,0
2395,116,0
2396,142,1
2397,116,1
2398,134,1
2399,40,0
2400,46,1
2401,55,1
2402,67,1
2403,69,0
2404,43,1
2405,47,1
2406,25,0
2407,61,1
2408,37,1
2409,106,1
2410,48,0
2411,200,0
2412,18,0
2413,149,1
2414,34,0
2415,27,1
2416,75,1
2417,57,0
2418,21,0
2419,74,1
2420,46,1
2421,53,1
2422,56,1
2423,77,1
2424,65,1
2425,90,1
2426,47,1
2427,10,0
2428,107,1
2429,41,0
2430,195,0
2431,98,0
2432,110,1
2433,45,0
2434,85,1
2435,14,0
2436,54,1
2437,59,0
2438,67,1
2439,51,1
2440,33,0
2441,12,0
2442,50,1
2443,99,1
2444,46,1
2445,42,1
2446,53,0
2447,59,0
2448,49,1
2449,52,0
2450,78,1
2451,200,0
2452,113,1
2453,104,0
2454,67,1
2455,52,0
2456,80,1
2457,71,1
2458,32,1
2459,162,1
2460,155,1
2461,87,1
2462,170,0
2463,46,1
2464,189,1
2465,94,1
2466,115,1
2467,70,1
2468,31,0
2469,86,1
2470,58,1
2471,31,1
2472,98,0
2473,53,1
2474,70,1
2475,81,1
2476,92,1
2477,108,1
2478,200,0
2479,105,1
2480,64,0
2481,13,0
2482,66,1
2483,63,1
2484,43,1
2485,55,1
2486,95,0
2487,39,0
2488,113,0
2489,179,1
2490,54,1
2491,30,1
2492,120,0
2493,96,1
2494,51,1
2495,35,0
2496,28,0
2497,49,1
2498,71,1
2499,24,1
2500,29,1
2501,60,1
2502,37,1
2503,48,1
2504,82,1
2505,76,0
2506,65,1
2507,49,1
2508,82,0
2509,24,0
2510,79,1
2511,66,1
2512,39,1
2513,133,1
2514,78,1
2515,47,1
2516,44,1
2517,55,0
2518,25,0
2519,42,1
2520,52,1
2521,71,0
2522,11,0
2523,49,1
2524,90,1
2525,136,1
2526,34,1
2527,43,1
2528,23,0
2529,158,0
2530,37,0
2531,30,0
2532,44,0
2533,38,1
2534,152,1
2535,67,1
2536,15,0
2537,33,0
2538,47,1
2539,45,1
2540,48,0
2541,50,1
2542,156,1
2543,52,1
2544,18,0
2545,97,0
2546,88,1
2547,47,1
2548,50,1
2549,33,0
2550,184,1
2551,52,1
2552,44,1
2553,17,0
2554,30,1
2555,126,1
2556,28,0
2557,114,1
2558,59,0
2559,129,1
2560,75,1
2561,98,1
2562,56,1
2563,25,1
2564,66,0
2565,85,1
2566,81,0
2567,94,1
2568,88,1
2569,57,1
2570,41,1
2571,38,1
2572,40,0
2573,20,1
2574,9,0
2575,91,1
2576,26,0
2577,94,1
2578,84,1
2579,56,1
2580,111,1
2581,154,1
2582,34,1
2583,51,1
2584,36,1
2585,90,1
2586,42,1
2587,36,1
2588,45,1
2589,23,0
2590,59,0
2591,147,1
2592,53,0
2593,98,1
2594,41,1
2595,148,1
2596,50,1
2597,93,1
2598,57,0
2599,106,1
2600,98,1
2601,111,0
2602,39,1
2603,62,1
2604,139,1
2605,59,1
2606,11,0
2607,76,0
2608,52,1
2609,29,0
2610,75,1
2611,51,1
2612,116,1
2613,94,1
2614,161,1
2615,23,1
2616,61,1
2617,96,1
2618,46,1
2619,44,0
2620,46,1
2621,126,1
2622,32,1
2623,86,1
2624,50,0
2625,52,1
2626,12,0
2627,70,1
2628,73,1
2629,59,1
2630,19,0
2631,40,1
2632,156,1
2633,102,1
2634,49,1
2635,25,1
2636,50,1
2637,21,0
2638,67,1
2639,180,1
2640,37,1
2641,65,1
2642,51,1
2643,72,1
2644,84,1
2645,50,1
2646,76,1
2647,30,0
2648,98,0
2649,67,1
2650,156,1
2651,62,0
2652,72,1
2653,37,1
2654,26,0
2655,105,1
2656,51,1
2657,91,1
2658,55,1
2659,118,1
2660,64,1
2661,188,0
2662,62,1
2663,78,1
2664,109,0
2665,34,1
2666,47,1
2667,39,1
2668,48,1
2669,55,0
2670,131,1
2671,39,1
2672,36,0
2673,155,0
2674,79,0
2675,29,1
2676,23,1
2677,33,0
2678,101,1
2679,48,1
2680,37,1
2681,21,0
2682,53,1
2683,53,1
2684,25,0
2685,101,1
2686,30,1
2687,200,0
2688,117,1
2689,99,1
2690,48,0
2691,200,0
2692,40,1
2693,62,1
2694,56,0
2695,173,1
2696,9,0
2697,41,1
2698,28,1
2699,26,0
2700,58,0
2701,67,1
2702,64,0
2703,15,0
2704,55,0
2705,22,1
2706,47,1
2707,49,1
2708,9,0
2709,29,1
2710,54,1
2711,22,0
2712,87,0
2713,42,0
2714,25,0
2715,167,0
2716,98,0
2717,78,1
2718,40,1
2719,56,1
2720,195,1
2721,111,1
2722,27,1
2723,76,1
2724,61,1
2725,26,0
2726,81,1
2727,39,0
2728,124,0
2729,26,0
2730,70,1
2731,56,1
2732,22,1
2733,76,1
2734,124,1
2735,44,1
2736,68,0
2737,62,0
2738,40,1
2739,170,1
2740,61,1
2741,66,0
2742,67,1
2743,60,1
2744,78,1
2745,103,0
2746,51,1
2747,37,0
2748,99,1
2749,54,1
2750,55,1
2751,149,0
2752,69,1
2753,76,1
2754,65,1
2755,32,1
2756,99,1
2757,68,1
2758,39,1
2759,85,1
2760,71,1
2761,52,0
2762,116,1
2763,80,1
2764,56,0
2765,26,1
2766,64,1
2767,113,0
2768,116,1
2769,71,1
2770,20,0
2771,102,0
2772,122,1
2773,9,0
2774,64,1
2775,112,1
2776,59,1
2777,79,1
2778,79,1
2779,54,0
2780,63,1
2781,95,1
2782,105,1
2783,22,0
2784,43,0
2785,57,1
2786,58,1
2787,137,0
2788,73,0
2789,86,1
2790,89,1
2791,35,1
2792,90,1
2793,63,1
2794,34,1
2795,23,1
2796,85,1
2797,75,1
2798,41,1
2799,37,0
2800,136,1
2801,28,1
2802,59,1
2803,84,1
2804,47,0
2805,68,1
2806,43,1
2807,58,1
2808,53,1
2809,33,1
2810,53,1
2811,34,1
2812,41,0
2813,46,1
2814,33,1
2815,23,0
2816,141,0
2817,95,1
2818,127,1
2819,63,1
2820,111,1
2821,27,0
2822,25,0
2823,153,0
2824,63,1
2825,68,1
2826,44,1
2827,53,1
2828,27,0
2829,86,1
2830,29,0
2831,55,1
2832,79,1
2833,44,0
2834,43,1
2835,18,0
2836,121,1
2837,17,0
2838,70,1
2839,38,0
2840,38,1
2841,22,0
2842,15,0
2843,64,1
2844,76,1
2845,17,0
2846,44,1
2847,96,0
2848,32,1
2849,27,1
2850,34,1
2851,53,1
2852,106,1
2853,106,1
2854,35,1
2855,40,1
2856,24,1
2857,140,1
2858,41,1
2859,63,1
2860,52,0
2861,75,0
2862,50,1
2863,166,1
2864,67,1
2865,191,1
2866,38,1
2867,48,0
2868,71,1
2869,52,1
2870,129,0
2871,63,1
2872,112,0
2873,101,0
2874,32,1
2875,71,0
2876,64,1
2877,157,1
2878,47,0
2879,82,1
2880,119,0
2881,91,1
2882,140,1
2883,136,1
2884,112,1
2885,72,0
2886,40,0
2887,41,0
2888,107,1
2889,116,1
2890,51,1
2891,149,1
2892,35,1
2893,57,1
2894,19,0
2895,123,1
2896,56,1
2897,77,1
2898,151,1
2899,80,1
2900,101,1
2901,130,1
2902,85,1
2903,104,1
2904,115,1
2905,106,1
2906,200,0
2907,38,1
2908,29,1
2909,66,1
2910,28,1
2911,59,1
2912,84,1
2913,43,1
2914,91,1
2915,68,1
2916,62,1
2917,63,0
2918,34,0
2919,89,1
2920,90,1
2921,20,0
2922,142,0
2923,180,1
2924,72,1
2925,84,1
2926,185,0
2927,37,1
2928,17,0
2929,45,1
2930,55,0
2931,65,1
2932,48,1
2933,112,1
2934,69,0
2935,103,0
2936,35,1
2937,41,1
2938,112,1
2939,20,0
2940,71,1
2941,34,0
2942,56,1
2943,14,0
2944,106,1
2945,94,1
2946,49,1
2947,52,1
2948,50,1
2949,11,0
2950,70,1
2951,29,0
2952,24,0
2953,111,0
2954,36,0
2955,110,1
2956,39,1
2957,85,1
2958,41,0
2959,37,1
2960,43,0
2961,9,0
2962,71,0
2963,76,1
2964,32,1
2965,84,1
2966,69,0
2967,69,1
2968,38,1
2969,29,1
2970,113,1
2971,29,1
2972,16,0
2973,71,1
2974,111,0
2975,46,1
2976,77,1
2977,128,1
2978,52,1
2979,35,1
2980,79,0
2981,80,1
2982,119,0
2983,105,1
2984,44,1
2985,64,1
2986,57,1
2987,40,1
2988,54,1
2989,69,1
2990,40,0
2991,52,1
2992,71,1
2993,38,1
2994,85,1
2995,62,1
2996,36,1
2997,113,1
2998,164,0
2999,50,1
3000,55,1
3001,175,1
3002,34,1
3003,13,0
3004,32,1
3005,35,1
3006,51,0
3007,56,0
3008,59,1
3009,32,1
3010,94,1
3011,45,1
3012,53,1
3013,50,0
3014,29,1
3015,23,0
3016,43,1
3017,151,1
3018,15,0
3019,29,0
3020,56,0
3021,72,1
3022,130,1
3023,59,1
3024,51,1
3025,81,0
3026,29,1
3027,41,0
3028,53,0
3029,46,0
3030,20,0
3031,82,1
3032,88,1
3033,67,0
3034,97,1
3035,52,1
3036,62,0
3037,59,1
3038,70,1
3039,54,1
3040,52,1
3041,65,1
3042,72,0
3043,111,1
3044,111,1
3045,43,0
3046,53,1
3047,19,0
3048,67,1
3049,96,1
3050,183,1
3051,72,1
3052,89,0
3053,79,1
3054,42,1
3055,54,1
3056,111,1
3057,67,1
3058,108,1
3059,76,1
3060,46,1
3061,49,0
3062,176,1
3063,52,1
3064,20,0
3065,99,1
3066,43,0
3067,68,1
3068,8,0
3069,33,0
3070,23,1
3071,28,0
3072,75,0
3073,72,1
3074,40,1
3075,42,1
3076,37,1
3077,36,0
3078,68,1
3079,37,1
3080,113,1
3081,33,0
3082,200,0
3083,56,1
3084,28,0
3085,109,1
3086,94,1
3087,56,0
3088,84,1
3089,58,1
3090,170,1
3091,34,0
3092,137,1
3093,96,1
3094,54,1
3095,37,0
3096,23,0
3097,129,0
3098,38,1
3099,31,1
3100,89,1
3101,51,1
3102,49,1
3103,45,1
3104,168,1
3105,41,0
3106,90,1
3107,107,1
3108,28,0
3109,48,0
3110,98,1
3111,44,1
3112,42,1
3113,11,0
3114,58,1
3115,28,1
3116,82,1
3117,98,1
3118,48,1
3119,105,1
3120,68,1
3121,96,1
3122,45,1
3123,74,1
3124,37,0
3125,72,1
3126,38,1
3127,82,1
3128,65,1
3129,34,1
3130,48,1
3131,44,0
3132,124,1
3133,8,0
3134,9,0
3135,80,1
3136,117,1
3137,29,1
3138,80,1
3139,107,1
3140,49,0
3141,7,0
3142,75,1
3143,66,0
3144,105,0
3145,49,0
3146,39,0
3147,89,1
3148,47,0
3149,47,0
3150,69,1
3151,133,1
3152,147,1
3153,83,1
3154,52,1
3155,108,0
3156,46,1
3157,12,0
3158,116,0
3159,10,0
3160,53,1
3161,65,1
3162,73,1
3163,75,1
3164,22,0
3165,29,1
3166,99,1
3167,52,1
3168,50,1
3169,74,1
3170,61,1
3171,33,0
3172,71,0
3173,12,0
3174,67,1
3175,163,1
3176,39,1
3177,21,0
3178,45,1
3179,55,0
3180,45,1
3181,32,0
3182,200,0
3183,34,0
3184,97,1
3185,42,1
3186,82,0
3187,80,0
3188,142,1
3189,51,0
3190,76,1
3191,63,1
3192,42,0
3193,73,1
3194,21,0
3195,71,1
3196,95,1
3197,49,1
3198,67,0
3199,74,1
3200,34,0
3201,93,0
3202,110,0
3203,193,0
3204,64,1
3205,18,0
3206,97,1
3207,98,0
3208,103,0
3209,60,1
3210,58,1
3211,11,0
3212,161,1
3213,61,1
3214,89,0
3215,35,0
3216,37,0
3217,32,1
3218,18,0
3219,103,1
3220,97,0
3221,48,0
3222,63,1
3223,28,0
3224,25,1
3225,143,0
3226,25,1
3227,56,0
3228,51,1
3229,81,1
3230,56,1
3231,47,0
3232,26,1
3233,32,0
3234,19,0
3235,112,1
3236,43,1
3237,47,0
3238,64,1
3239,32,1
3240,22,0
3241,12,0
3242,70,0
3243,11,0
3244,7,0
3245,107,1
3246,35,1
3247,56,1
3248,44,1
3249,30,1
3250,43,1
3251,87,1
3252,175,1
3253,48,1
3254,40,0
3255,37,1
3256,23,0
3257,16,0
3258,56,1
3259,57,1
3260,33,0
3261,78,1
3262,151,1
3263,60,1
3264,84,1
3265,162,1
3266,50,0
3267,52,1
3268,68,1
3269,74,1
3270,112,1
3271,111,1
3272,48,1
3273,38,1
3274,128,0
3275,84,0
3276,36,1
3277,38,0
3278,83,1
3279,20,0
3280,46,1
3281,22,0
3282,35,1
3283,36,0
3284,86,0
3285,101,1
3286,72,1
3287,39,1
3288,13,0
3289,66,0
3290,32,1
3291,30,1
3292,66,1
3293,63,0
3294,94,0
3295,40,1
3296,38,0
3297,68,1
3298,62,1
3299,78,1
3300,57,1
3301,78,1
3302,51,1
3303,43,1
3304,52,1
3305,46,1
3306,57,1
3307,22,0
3308,57,0
3309,144,1
3310,124,1
3311,56,0
3312,69,1
3313,52,1
3314,60,1
3315,30,1
3316,146,1
3317,73,1
3318,30,1
3319,72,1
3320,49,0
3321,39,1
3322,46,1
3323,135,0
3324,32,0
3325,44,0
3326,74,1
3327,22,0
3328,119,0
3329,43,1
3330,49,1
3331,72,0
3332,59,1
3333,176,1
3334,126,1
3335,58,1
3336,61,1
3337,50,1
3338,20,0
3339,66,0
3340,52,1
3341,40,0
3342,76,1
3343,148,1
3344,62,1
3345,28,1
3346,36,1
3347,13,0
3348,28,1
3349,13,0
3350,63,1
3351,46,1
3352,54,1
3353,47,1
3354,67,1
3355,112,1
3356,135,1
3357,65,0
3358,20,1
3359,60,1
3360,119,1
3361,95,1
3362,27,0
3363,152,0
3364,27,0
3365,87,1
3366,144,1
3367,122,1
3368,18,0
3369,87,1
3370,155,1
3371,68,1
3372,49,0
3373,96,1
3374,97,1
3375,117,1
3376,50,1
3377,57,1
3378,38,1
3379,56,1
3380,67,0
3381,88,0
3382,20,0
3383,126,1
3384,94,1
3385,65,1
3386,61,1
3387,95,0
3388,28,0
3389,69,1
3390,38,1
3391,27,0
3392,89,1
3393,38,0
3394,72,1
3395,107,1
3396,139,0
3397,59,0
3398,47,1
3399,51,1
3400,56,1
3401,61,1
3402,67,0
3403,67,0
3404,36,1
3405,73,1
3406,51,1
3407,35,0
3408,31,0
3409,61,1
3410,44,1
3411,49,1
3412,104,0
3413,57,1
3414,109,1
3415,25,1
3416,57,0
3417,84,1
3418,9,0
3419,58,1
3420,56,1
3421,113,1
3422,118,1
3423,78,0
3424,85,0
3425,67,0
3426,55,1
3427,44,1
3428,30,1
3429,34,0
3430,35,0
3431,22,0
3432,17,0
3433,88,1
3434,18,0
3435,19,0
3436,82,0
3437,65,1
3438,54,0
3439,53,1
3440,52,0
3441,99,1
3442,57,1
3443,51,1
3444,42,0
3445,18,0
3446,67,1
3447,81,1
3448,89,1
3449,200,0
3450,26,0
3451,45,1
3452,36,1
3453,57,1
3454,22,0
3455,88,1
3456,107,0
3457,67,1
3458,53,1
3459,77,1
3460,200,0
3461,57,1
3462,141,1
3463,93,1
3464,91,1
3465,35,0
3466,22,0
3467,47,1
3468,167,1
3469,31,1
3470,83,0
3471,35,1
3472,90,0
3473,21,0
3474,121,1
3475,49,1
3476,107,1
3477,14,0
3478,132,0
3479,78,1
3480,109,0
3481,77,1
3482,22,0
3483,48,1
3484,20,1
3485,43,1
3486,52,0
3487,80,1
3488,50,0
3489,189,1
3490,90,0
3491,165,1
3492,17,0
3493,27,1
3494,69,0
3495,68,1
3496,90,0
3497,104,1
3498,103,1
3499,38,1
3500,185,1
3501,35,1
3502,69,1
3503,13,0
3504,9,0
3505,69,0
3506,109,1
3507,33,0
3508,40,1
3509,46,1
3510,37,1
3511,111,1
3512,92,1
3513,25,0
3514,69,1
3515,108,1
3516,47,1
3517,168,1
3518,41,1
3519,34,0
3520,74,1
3521,100,0
3522,51,1
3523,38,1
3524,82,1
3525,168,1
3526,100,1
3527,38,1
3528,129,1
3529,18,1
3530,57,1
3531,34,1
3532,105,1
3533,22,0
3534,116,1
3535,58,1
3536,107,0
3537,127,1
3538,36,1
3539,61,1
3540,152,0
3541,39,1
3542,60,0
3543,33,1
3544,71,0
3545,109,1
3546,97,1
3547,75,1
3548,65,0
3549,49,0
3550,35,1
3551,72,1
3552,39,0
3553,86,0
3554,54,1
3555,61,1
3556,15,0
3557,76,1
3558,88,1
3559,73,0
3560,77,1
3561,84,1
3562,78,1
3563,16,0
3564,62,1
3565,94,1
3566,156,1
3567,57,1
3568,37,1
3569,68,1
3570,45,1
3571,103,1
3572,66,1
3573,22,0
3574,62,0
3575,34,1
3576,26,1
3577,191,0
3578,53,0
3579,50,1
3580,130,1
3581,30,1
3582,42,1
3583,133,1
3584,113,0
3585,27,0
3586,124,1
3587,55,1
3588,42,1
3589,63,1
3590,118,1
3591,134,1
3592,81,1
3593,16,0
3594,63,1
3595,135,1
3596,77,1
3597,87,0
3598,15,0
3599,59,0
3600,76,1
3601,51,0
3602,33,0
3603,39,1
3604,77,1
3605,27,0
3606,90,1
3607,89,1
3608,27,0
3609,199,1
3610,31,1
3611,69,1
3612,53,0
3613,71,1
3614,48,1
3615,60,1
3616,31,0
3617,80,1
3618,15,0
3619,129,1
3620,16,0
3621,44,1
3622,82,1
3623,9,0
3624,200,0
3625,27,0
3626,38,0
3627,72,1
3628,78,1
3629,98,1
3630,81,0
3631,52,1
3632,52,1
3633,54,1
3634,79,0
3635,72,0
3636,94,1
3637,20,0
3638,14,0
3639,200,0
3640,155,1
3641,51,1
3642,88,1
3643,79,1
3644,56,0
3645,35,0
3646,79,1
3647,77,1
3648,145,0
3649,76,1
3650,60,1
3651,67,1
3652,98,1
3653,88,0
3654,71,1
3655,111,1
3656,38,1
3657,92,0
3658,144,1
3659,166,1
3660,28,0
3661,55,1
3662,32,1
3663,41,0
3664,150,1
3665,31,1
3666,80,1
3667,43,1
3668,58,1
3669,46,1
3670,74,1
3671,55,1
3672,86,1
3673,98,1
3674,125,0
3675,164,0
3676,92,1
3677,52,1
3678,44,0
3679,49,1
3680,69,1
3681,27,0
3682,102,1
3683,21,0
3684,61,1
3685,73,1
3686,58,1
3687,32,1
3688,51,1
3689,47,1
3690,34,1
3691,200,0
3692,24,0
3693,103,1
3694,29,0
3695,14,0
3696,30,0
3697,28,1
3698,92,1
3699,76,1
3700,45,1
3701,11,0
3702,11,0
3703,28,1
3704,41,1
3705,64,1
3706,58,1
3707,32,1
3708,104,1
3709,21,1
3710,86,1
3711,62,1
3712,7,0
3713,90,1
3714,127,1
3715,166,1
3716,19,0
3717,26,0
3718,58,0
3719,57,1
3720,100,1
3721,77,1
3722,53,1
3723,106,1
3724,200,0
3725,59,1
3726,55,1
3727,27,0
3728,83,1
3729,13,0
3730,121,1
3731,52,0
3732,41,1
3733,71,1
3734,200,0
3735,72,1
3736,71,0
3737,137,1
3738,63,1
3739,51,0
3740,60,1
3741,55,1
3742,47,1
3743,120,1
3744,112,1
3745,32,1
3746,81,1
3747,30,1
3748,62,1
3749,69,0
3750,48,1
3751,89,1
3752,43,1
3753,45,1
3754,43,1
3755,29,0
3756,51,1
3757,24,0
3758,14,0
3759,106,1
3760,43,1
3761,75,1
3762,76,1
3763,44,1
3764,56,0
3765,38,1
3766,105,1
3767,82,1
3768,94,1
3769,75,1
3770,131,1
3771,145,0
3772,65,1
3773,31,1
3774,38,1
3775,57,0
3776,89,1
3777,13,0
3778,71,1
3779,44,0
3780,38,1
3781,44,0
3782,39,1
3783,106,1
3784,42,1
3785,56,0
3786,34,0
3787,78,1
3788,47,0
3789,102,1
3790,93,1
3791,200,0
3792,94,0
3793,63,1
3794,93,1
3795,178,1
3796,60,0
3797,43,0
3798,81,1
3799,44,1
3800,66,0
3801,115,1
3802,104,1
3803,100,1
3804,68,1
3805,55,1
3806,40,1
3807,133,1
3808,13,0
3809,40,1
3810,81,1
3811,46,1
3812,140,0
3813,117,1
3814,37,1
3815,101,0
3816,63,1
3817,72,1
3818,53,1
3819,58,1
3820,55,1
3821,65,1
3822,39,1
3823,103,0
3824,88,1
3825,63,1
3826,42,1
3827,69,1
3828,169,0
3829,116,1
3830,77,1
3831,32,1
3832,52,1
3833,91,1
3834,81,0
3835,122,1
3836,61,0
3837,121,1
3838,33,0
3839,52,1
3840,98,1
3841,17,0
3842,143,1
3843,47,1
3844,101,1
3845,79,1
3846,18,0
3847,34,1
3848,56,0
3849,11,0
3850,97,0
3851,58,1
3852,26,1
3853,33,1
3854,37,0
3855,61,1
3856,43,1
3857,49,1
3858,122,0
3859,46,0
3860,106,1
3861,91,1
3862,65,1
3863,83,1
3864,36,0
3865,80,1
3866,17,1
3867,108,1
3868,30,1
3869,47,1
3870,34,0
3871,58,1
3872,47,0
3873,37,1
3874,43,0
3875,113,0
3876,62,1
3877,64,1
3878,133,1
3879,11,0
3880,23,0
3881,68,1
3882,53,0
3883,143,1
3884,29,0
3885,87,1
3886,83,1
3887,77,1
3888,86,1
3889,45,0
3890,45,1
3891,52,0
3892,35,1
3893,54,1
3894,84,1
3895,62,1
3896,114,1
3897,45,1
3898,22,0
3899,58,0
3900,26,1
3901,65,0
3902,169,1
3903,36,1
3904,80,1
3905,200,0
3906,29,0
3907,102,1
3908,55,1
3909,71,0
3910,45,1
3911,160,0
3912,32,1
3913,33,1
3914,120,1
3915,64,1
3916,96,0
3917,34,0
3918,139,1
3919,74,1
3920,28,1
3921,88,1
3922,98,1
3923,42,0
3924,11,0
3925,98,1
3926,88,1
3927,56,1
3928,96,0
3929,48,1
3930,126,1
3931,55,1
3932,121,1
3933,81,1
3934,85,0
3935,42,0
3936,95,1
3937,97,1
3938,87,0
3939,48,1
3940,154,1
3941,91,1
3942,28,1
3943,28,0
3944,24,1
3945,97,1
3946,72,1
3947,56,1
3948,41,1
3949,79,1
3950,147,1
3951,71,1
3952,17,0
3953,135,1
3954,27,1
3955,38,1
3956,48,1
3957,10,0
3958,26,0
3959,83,0
3960,105,1
3961,59,1
3962,57,1
3963,79,0
3964,82,1
3965,9,0
3966,25,0
3967,47,1
3968,55,0
3969,31,1
3970,83,1
3971,46,0
3972,200,0
3973,126,1
3974,45,1
3975,77,1
3976,57,1
3977,68,1
3978,141,1
3979,50,1
3980,52,1
3981,75,1
3982,45,1
3983,48,1
3984,140,0
3985,53,1
3986,36,0
3987,50,1
3988,57,1
3989,43,0
3990,52,1
3991,35,1
3992,18,0
3993,44,1
3994,113,1
3995,20,0
3996,80,1
3997,44,1
3998,61,1
3999,49,0
4000,74,1
4001,32,1
4002,58,1
4003,70,1
4004,22,0
4005,47,1
4006,21,0
4007,35,1
4008,174,1
4009,42,1
4010,46,1
4011,150,1
4012,57,1
4013,41,1
4014,149,1
4015,75,1
4016,53,1
4017,79,1
4018,52,1
4019,139,1
4020,27,1
4021,66,1
4022,121,0
4023,90,1
4024,120,0
4025,49,1
4026,89,1
4027,34,0
4028,32,1
4029,65,0
4030,89,1
4031,190,0
4032,61,1
4033,40,1
4034,121,1
4035,69,1
4036,56,1
4037,70,1
4038,21,0
4039,108,1
4040,55,1
4041,63,1
4042,58,0
4043,31,1
4044,29,0
4045,37,0
4046,113,1
4047,41,0
4048,109,1
4049,114,0
4050,41,1
4051,82,1
4052,72,0
4053,37,1
4054,70,1
4055,105,1
4056,200,0
4057,16,0
4058,47,0
4059,87,1
4060,29,1
4061,48,1
4062,50,1
4063,97,1
4064,181,0
4065,16,0
4066,100,1
4067,28,1
4068,180,1
4069,105,1
4070,200,0
4071,35,1
4072,97,1
4073,89,1
4074,131,1
4075,36,0
4076,39,0
4077,136,0
4078,52,1
4079,84,1
4080,36,0
4081,56,1
4082,80,1
4083,164,1
4084,135,1
4085,49,1
4086,102,1
4087,64,1
4088,85,1
4089,58,1
4090,93,1
4091,78,1
4092,70,1
4093,59,1
4094,36,1
4095,116,1
4096,65,1
4097,42,1
4098,124,1
4099,72,1
4100,87,0
4101,168,1
4102,101,1
4103,71,1
4104,16,0
4105,66,1
4106,30,1
4107,96,1
4108,144,0
4109,123,0
4110,8,0
4111,55,1
4112,42,0
4113,16,0
4114,61,0
4115,22,0
4116,57,1
4117,60,0
4118,45,1
4119,106,1
4120,68,0
4121,34,0
4122,12,0
4123,31,0
4124,58,0
4125,63,1
4126,131,1
4127,13,0
4128,41,1
4129,44,1
4130,68,1
4131,162,1
4132,64,0
4133,113,1
4134,60,0
4135,161,1
4136,38,0
4137,83,0
4138,52,1
4139,42,1
4140,70,1
4141,124,1
4142,32,0
4143,40,0
4144,80,1
4145,86,1
4146,48,1
4147,45,1
4148,61,0
4149,67,1
4150,40,0
4151,16,0
4152,57,1
4153,24,0
4154,200,0
4155,47,0
4156,39,1
4157,66,1
4158,63,1
4159,81,0
4160,79,1
4161,141,1
4162,71,0
4163,145,1
4164,61,1
4165,19,0
4166,94,1
4167,29,1
4168,56,1
4169,35,1
4170,48,1
4171,100,1
4172,131,1
4173,107,1
4174,27,0
4175,48,1
4176,37,0
4177,69,1
4178,59,1
4179,49,1
4180,75,1
4181,38,0
4182,54,1
4183,39,1
4184,87,1
4185,76,1
4186,102,1
4187,53,1
4188,65,0
4189,49,0
4190,78,1
4191,139,1
4192,68,1
4193,62,1
4194,37,1
4195,40,0
4196,57,0
4197,19,0
4198,35,1
4199,66,0
4200,136,1
4201,70,1
4202,68,1
4203,46,1
4204,131,1
4205,46,1
4206,57,1
4207,172,1
4208,34,0
4209,32,1
4210,153,1
4211,31,1
4212,29,1
4213,99,1
4214,23,0
4215,39,1
4216,109,1
4217,57,1
4218,32,1
4219,29,1
4220,17,0
4221,78,1
4222,96,1
4223,85,1
4224,56,0
4225,88,0
4226,100,1
4227,25,0
4228,51,1
4229,54,0
4230,58,1
4231,32,0
4232,107,1
4233,60,0
4234,20,1
4235,53,1
4236,51,1
4237,40,0
4238,25,1
4239,52,1
4240,130,0
4241,65,1
4242,42,1
4243,150,1
4244,33,1
4245,48,0
4246,89,1
4247,28,1
4248,30,1
4249,39,1
4250,13,0
4251,117,1
4252,42,1
4253,49,0
4254,200,0
4255,50,1
4256,105,1
4257,126,1
4258,32,1
4259,15,0
4260,43,1
4261,109,0
4262,63,1
4263,130,1
4264,38,0
4265,70,0
4266,10,0
4267,102,1
4268,24,1
4269,82,0
4270,47,1
4271,29,0
4272,70,1
4273,106,1
4274,23,0
4275,25,1
4276,75,1
4277,37,0
4278,176,1
4279,86,0
4280,136,0
4281,113,1
4282,48,1
4283,115,1
4284,46,1
4285,47,1
4286,65,1
4287,131,1
4288,87,0
4289,48,1
4290,62,0
4291,103,1
4292,120,1
4293,30,1
4294,200,0
4295,58,1
4296,179,1
4297,48,1
4298,40,1
4299,46,1
4300,152,1
4301,29,1
4302,31,1
4303,103,0
4304,29,1
4305,77,1
4306,78,0
4307,41,1
4308,103,1
4309,70,0
4310,79,1
4311,94,1
4312,121,1
4313,21,0
4314,25,0
4315,46,1
4316,70,1
4317,150,1
4318,30,1
4319,83,0
4320,19,0
4321,52,1
4322,51,0
4323,43,0
4324,33,1
4325,57,0
4326,88,1
4327,200,0
4328,56,1
4329,90,1
4330,46,0
4331,24,0
4332,42,0
4333,57,1
4334,63,1
4335,29,0
4336,66,1
4337,117,0
4338,59,1
4339,40,1
4340,37,0
4341,107,1
4342,59,1
4343,81,1
4344,32,0
4345,57,0
4346,32,1
4347,11,0
4348,68,0
4349,56,0
4350,48,0
4351,46,1
4352,21,0
4353,92,1
4354,85,1
4355,79,0
4356,81,1
4357,22,0
4358,30,0
4359,112,1
4360,143,1
4361,194,1
4362,65,1
4363,69,0
4364,56,1
4365,91,1
4366,50,0
4367,31,0
4368,200,0
4369,10,0
4370,53,1
4371,28,1
4372,75,1
4373,76,1
4374,34,1
4375,56,0
4376,59,0
4377,40,0
4378,27,1
4379,67,1
4380,44,1
4381,92,1
4382,41,1
4383,74,0
4384,41,1
4385,66,1
4386,113,1
4387,48,0
4388,22,0
4389,43,1
4390,42,1
4391,23,0
4392,68,0
4393,72,1
4394,24,0
4395,103,1
4396,64,1
4397,79,0
4398,72,1
4399,9,0
4400,63,1
4401,106,1
4402,43,0
4403,139,1
4404,52,1
4405,14,0
4406,52,1
4407,200,0
4408,66,1
4409,160,1
4410,43,0
4411,106,1
4412,40,1
4413,104,1
4414,59,1
4415,89,1
4416,77,1
4417,112,1
4418,132,1
4419,54,0
4420,74,0
4421,87,1
4422,152,1
4423,40,1
4424,128,0
4425,23,0
4426,30,0
4427,61,0
4428,104,1
4429,35,0
4430,108,1
4431,127,1
4432,51,1
4433,85,1
4434,53,1
4435,42,1
4436,38,0
4437,46,1
4438,90,1
4439,80,1
4440,62,1
4441,107,1
4442,39,1
4443,39,1
4444,51,1
4445,39,1
4446,59,1
4447,64,1
4448,53,0
4449,71,1
4450,32,0
4451,67,1
4452,69,1
4453,99,0
4454,114,1
4455,86,1
4456,62,1
4457,45,1
4458,43,1
4459,14,0
4460,15,0
4461,22,0
4462,40,1
4463,13,0
4464,35,0
4465,105,1
4466,71,1
4467,50,1
4468,113,1
4469,73,1
4470,62,1
4471,53,1
4472,50,1
4473,86,1
4474,95,1
4475,24,0
4476,43,1
4477,79,1
4478,30,0
4479,26,1
4480,74,1
4481,34,0
4482,70,0
4483,44,0
4484,32,1
4485,50,0
4486,41,0
4487,116,0
4488,34,1
4489,37,1
4490,62,1
4491,38,1
4492,101,1
4493,31,1
4494,180,0
4495,159,1
4496,25,0
4497,90,1
4498,55,0
4499,42,1
4500,48,0
4501,43,0
4502,134,0
4503,51,1
4504,54,1
4505,40,1
4506,91,1
4507,17,0
4508,24,0
4509,55,1
4510,38,1
4511,82,1
4512,71,1
4513,75,0
4514,45,1
4515,46,1
4516,45,1
4517,24,0
4518,75,1
4519,49,1
4520,64,1
4521,26,1
4522,50,1
4523,10,0
4524,29,0
4525,35,0
4526,74,1
4527,144,1
4528,43,0
4529,63,1
4530,43,1
4531,57,1
4532,29,0
4533,77,1
4534,19,0
4535,37,1
4536,56,1
4537,38,1
4538,89,1
4539,80,1
4540,60,0
4541,188,1
4542,135,1
4543,186,1
4544,21,1
4545,38,1
4546,55,1
4547,93,1
4548,36,1
4549,40,1
4550,53,0
4551,131,1
4552,24,0
4553,58,1
4554,54,0
4555,61,1
4556,61,1
4557,92,1
4558,134,0
4559,80,1
4560,107,0
4561,72,1
4562,21,0
4563,184,1
4564,196,1
4565,19,0
4566,90,0
4567,56,1
4568,55,1
4569,48,0
4570,30,1
4571,49,1
4572,69,1
4573,27,1
4574,126,1
4575,32,1
4576,77,1
4577,75,1
4578,102,1
4579,64,0
4580,24,0
4581,121,1
4582,66,1
4583,61,0
4584,40,1
4585,110,1
4586,67,1
4587,94,1
4588,81,1
4589,171,1
4590,109,0
4591,34,0
4592,74,0
4593,43,1
4594,79,1
4595,175,1
4596,68,1
4597,19,0
4598,86,0
4599,126,1
4600,57,1
4601,126,0
4602,85,1
4603,37,0
4604,64,1
4605,42,1
4606,47,0
4607,34,1
4608,78,0
4609,41,1
4610,55,1
4611,39,1
4612,79,1
4613,55,1
4614,30,1
4615,41,0
4616,80,0
4617,42,1
4618,28,1
4619,42,0
4620,62,1
4621,91,1
4622,42,0
4623,90,1
4624,95,1
4625,50,1
4626,53,1
4627,90,1
4628,44,1
4629,30,0
4630,130,1
4631,42,1
4632,21,1
4633,111,1
4634,39,0
4635,200,0
4636,9,0
4637,120,1
4638,28,1
4639,68,1
4640,51,1
4641,65,1
4642,50,1
4643,46,0
4644,38,0
4645,143,1
4646,35,1
4647,55,1
4648,93,1
4649,32,1
4650,69,1
4651,76,0
4652,126,1
4653,89,1
4654,35,1
4655,30,0
4656,70,0
4657,61,0
4658,200,0
4659,80,1
4660,71,1
4661,31,1
4662,84,0
4663,42,1
4664,72,1
4665,22,0
4666,74,1
4667,38,1
4668,37,1
4669,78,1
4670,55,1
4671,29,1
4672,110,1
4673,17,0
4674,167,1
4675,31,1
4676,64,0
4677,62,0
4678,54,1
4679,48,0
4680,31,1
4681,128,1
4682,108,0
4683,64,0
4684,38,1
4685,53,1
4686,61,1
4687,33,0
4688,86,1
4689,37,0
4690,46,1
4691,192,1
4692,67,0
4693,68,0
4694,47,1
4695,42,1
4696,42,1
4697,87,1
4698,51,1
4699,40,1
4700,76,1
4701,117,1
4702,45,1
4703,75,1
4704,58,1
4705,45,1
4706,36,1
4707,46,0
4708,129,1
4709,80,1
4710,97,1
4711,65,0
4712,45,1
4713,14,0
4714,135,1
4715,59,0
4716,169,1
4717,54,1
4718,94,1
4719,81,1
4720,92,1
4721,43,1
4722,36,0
4723,23,0
4724,97,0
4725,101,1
4726,75,0
4727,44,1
4728,76,1
4729,62,1
4730,68,1
4731,118,1
4732,80,1
4733,55,1
4734,85,1
4735,53,1
4736,58,1
4737,59,1
4738,52,1
4739,35,1
4740,78,1
4741,100,1
4742,61,0
4743,83,1
4744,129,1
4745,105,1
4746,41,1
4747,17,1
4748,69,1
4749,10,0
4750,50,1
4751,55,1
4752,62,1
4753,68,1
4754,69,1
4755,39,1
4756,45,1
4757,42,1
4758,70,1
4759,88,0
4760,75,1
4761,155,0
4762,64,1
4763,146,1
4764,26,1
4765,41,1
4766,27,1
4767,74,1
4768,64,0
4769,84,1
4770,73,0
4771,21,1
4772,68,1
4773,56,1
4774,102,0
4775,17,0
4776,75,1
4777,72,0
4778,54,1
4779,45,1
4780,36,1
4781,83,1
4782,65,1
4783,188,1
4784,92,1
4785,78,0
4786,72,0
4787,49,1
4788,78,1
4789,125,1
4790,52,0
4791,70,0
4792,85,1
4793,112,1
4794,63,1
4795,16,0
4796,38,1
4797,41,1
4798,33,1
4799,69,1
4800,120,1
4801,73,1
4802,130,0
4803,58,1
4804,77,1
4805,114,1
4806,63,1
4807,13,0
4808,17,0
4809,64,1
4810,54,0
4811,12,0
4812,120,1
4813,45,1
4814,48,1
4815,63,0
4816,55,1
4817,200,0
4818,156,1
4819,129,0
4820,34,0
4821,50,0
4822,45,1
4823,11,0
4824,11,0
4825,34,0
4826,27,0
4827,102,1
4828,22,0
4829,79,0
4830,63,1
4831,83,0
4832,127,1
4833,58,1
4834,60,0
4835,59,1
4836,58,1
4837,38,0
4838,51,1
4839,70,1
4840,78,0
4841,39,0
4842,42,0
4843,59,1
4844,70,1
4845,13,0
4846,32,1
4847,67,0
4848,67,1
4849,45,0
4850,46,1
4851,111,0
4852,71,1
4853,23,0
4854,56,1
4855,126,1
4856,72,1
4857,167,1
4858,66,0
4859,11,0
4860,81,1
4861,133,1
4862,23,1
4863,31,0
4864,113,1
4865,71,0
4866,53,1
4867,73,1
4868,57,1
4869,37,1
4870,42,1
4871,59,0
4872,50,1
4873,48,0
4874,47,0
4875,142,0
4876,66,0
4877,88,1
4878,60,1
4879,67,0
4880,197,1
4881,55,1
4882,116,1
4883,142,1
4884,43,1
4885,25,0
4886,46,1
4887,41,0
4888,157,1
4889,88,0
4890,179,1
4891,39,1
4892,110,1
4893,84,0
4894,65,1
4895,37,1
4896,67,1
4897,104,1
4898,69,1
4899,11,0
4900,123,1
4901,59,1
4902,50,1
4903,89,1
4904,37,1
4905,68,1
4906,61,1
4907,10,0
4908,27,1
4909,78,0
4910,122,1
4911,192,1
4912,64,1
4913,49,1
4914,9,0
4915,48,1
4916,39,1
4917,52,1
4918,60,1
4919,88,1
4920,65,0
4921,192,1
4922,131,1
4923,88,1
4924,52,1
4925,49,1
4926,15,0
4927,81,1
4928,49,1
4929,49,0
4930,30,1
4931,32,0
4932,60,1
4933,76,1
4934,20,0
4935,161,0
4936,71,1
4937,45,1
4938,35,1
4939,29,1
4940,111,1
4941,86,1
4942,78,0
4943,50,1
4944,20,0
4945,19,1
4946,123,0
4947,40,0
4948,85,1
4949,104,1
4950,102,1
4951,12,0
4952,53,0
4953,108,1
4954,63,1
4955,15,0
4956,79,1
4957,37,1
4958,83,1
4959,151,1
4960,62,1
4961,86,1
4962,139,0
4963,37,1
4964,39,1
4965,55,1
4966,51,1
4967,55,1
4968,64,1
4969,52,0
4970,75,1
4971,161,1
4972,37,1
4973,47,1
4974,14,0
4975,86,1
4976,200,0
4977,140,1
4978,44,1
4979,50,1
4980,30,1
4981,61,1
4982,138,0
4983,37,1
4984,86,0
4985,44,1
4986,43,1
4987,42,0
4988,120,1
4989,83,1
4990,30,1
4991,68,0
4992,89,1
4993,28,1
4994,45,1
4995,47,1
4996,81,1
4997,55,1
4998,62,0
4999,172,1
5000,69,1
5001,82,1
5002,104,1
5003,67,1
5004,51,1
5005,77,1
5006,50,1
5007,82,1
5008,37,1
5009,153,1
5010,146,0
5011,104,1
5012,158,1
5013,142,0
5014,47,1
5015,69,1
5016,26,1
5017,70,1
5018,22,1
5019,58,0
5020,47,1
5021,22,0
5022,167,0
5023,49,1
5024,101,1
5025,56,1
5026,121,1
5027,21,0
5028,26,0
5029,66,1
5030,97,1
5031,70,1
5032,43,1
5033,55,1
5034,55,1
5035,78,1
5036,76,1
5037,37,1
5038,39,0
5039,57,1
5040,113,1
5041,74,0
5042,51,1
5043,33,1
5044,71,1
5045,109,1
5046,44,1
5047,54,1
5048,21,0
5049,97,1
5050,35,0
5051,48,0
5052,77,1
5053,29,0
5054,110,1
5055,111,0
5056,54,1
5057,58,1
5058,65,1
5059,77,1
5060,11,0
5061,102,1
5062,52,1
5063,38,1
5064,95,1
5065,47,1
5066,14,0
5067,16,0
5068,35,1
5069,56,1
5070,113,1
5071,36,1
5072,125,1
5073,66,0
5074,41,1
5075,77,1
5076,59,1
5077,34,1
5078,29,1
5079,88,1
5080,45,1
5081,81,0
5082,83,0
5083,42,1
5084,29,0
5085,24,1
5086,65,1
5087,155,1
5088,42,0
5089,96,0
5090,113,1
5091,7,0
5092,87,1
5093,92,0
5094,34,1
5095,51,0
5096,103,1
5097,55,0
5098,72,1
5099,74,0
5100,44,1
5101,42,0
5102,34,1
5103,51,1
5104,65,1
5105,43,1
5106,9,0
5107,107,1
5108,32,0
5109,152,1
5110,26,0
5111,110,1
5112,148,1
5113,178,1
5114,68,1
5115,79,0
5116,103,1
5117,104,1
5118,40,1
5119,23,0
5120,121,1
5121,84,0
5122,57,0
5123,81,1
5124,69,1
5125,76,1
5126,87,0
5127,49,0
5128,56,1
5129,67,1
5130,97,1
5131,10,0
5132,48,1
5133,53,1
5134,41,1
5135,44,1
5136,105,0
5137,76,0
5138,27,0
5139,33,1
5140,46,1
5141,79,1
5142,95,1
5143,160,0
5144,121,1
5145,200,0
5146,57,1
5147,15,0
5148,76,1
5149,46,1
5150,48,0
5151,42,1
5152,44,0
5153,59,1
5154,90,1
5155,19,0
5156,54,1
5157,80,1
5158,65,0
5159,25,0
5160,60,1
5161,31,1
5162,71,1
5163,82,1
5164,27,0
5165,85,1
5166,45,1
5167,51,1
5168,77,1
5169,74,1
5170,51,1
5171,75,1
5172,43,0
5173,64,1
5174,60,1
5175,99,1
5176,41,0
5177,140,0
5178,74,1
5179,25,0
5180,43,1
5181,72,1
5182,90,1
5183,15,0
5184,55,1
5185,117,1
5186,93,1
5187,115,1
5188,98,1
5189,58,0
5190,24,1
5191,15,0
5192,14,0
5193,34,1
5194,27,0
5195,24,0
5196,36,1
5197,56,0
5198,93,0
5199,57,1
5200,25,1
5201,26,1
5202,160,1
5203,192,1
5204,149,1
5205,97,1
5206,76,1
5207,46,0
5208,59,1
5209,24,0
5210,32,0
5211,39,0
5212,48,1
5213,114,1
5214,92,1
5215,59,0
5216,20,0
5217,25,1
5218,63,1
5219,66,1
5220,97,1
5221,71,1
5222,178,0
5223,80,1
5224,131,0
5225,169,1
5226,53,0
5227,30,1
5228,23,0
5229,109,1
5230,34,1
5231,60,1
5232,80,1
5233,80,0
5234,72,0
5235,64,1
5236,64,1
5237,68,1
5238,110,1
5239,23,0
5240,22,0
5241,63,1
5242,46,1
5243,116,1
5244,33,1
5245,49,1
5246,69,1
5247,32,1
5248,50,1
5249,29,1
5250,101,1
5251,39,1
5252,70,1
5253,94,0
5254,58,1
5255,24,0
5256,8,0
5257,64,1
5258,118,1
5259,49,1
5260,113,1
5261,82,1
5262,121,1
5263,38,1
5264,44,1
5265,60,1
5266,30,1
5267,50,1
5268,20,0
5269,44,1
5270,15,0
5271,162,0
5272,88,0
5273,76,1
5274,120,1
5275,42,1
5276,124,1
5277,13,0
5278,74,1
5279,190,1
5280,101,1
5281,37,0
5282,31,1
5283,128,1
5284,17,0
5285,143,1
5286,88,1
5287,72,1
5288,59,1
5289,43,1
5290,41,1
5291,82,1
5292,91,0
5293,16,0
5294,24,1
5295,24,1
5296,42,1
5297,21,0
5298,108,1
5299,72,1
5300,67,1
5301,51,1
5302,68,1
5303,38,1
5304,76,1
5305,42,1
5306,12,0
5307,35,1
5308,87,0
5309,27,0
5310,130,1
5311,32,1
5312,15,0
5313,46,1
5314,83,1
5315,68,0
5316,27,0
5317,46,1
5318,88,1
5319,105,0
5320,9,0
5321,54,1
5322,58,0
5323,11,0
5324,54,0
5325,54,1
5326,120,1
5327,61,1
5328,200,0
5329,128,1
5330,53,1
5331,70,0
5332,19,0
5333,77,0
5334,46,1
5335,33,1
5336,17,0
5337,24,0
5338,16,0
5339,50,0
5340,84,1
5341,32,0
5342,51,0
5343,65,1
5344,25,0
5345,53,1
5346,75,0
5347,75,1
5348,177,1
5349,64,1
5350,184,1
5351,91,1
5352,120,1
5353,94,1
5354,47,1
5355,57,1
5356,70,1
5357,54,1
5358,45,0
5359,126,1
5360,30,1
5361,60,0
5362,83,1
5363,39,1
5364,58,0
5365,95,0
5366,11,0
5367,72,1
5368,43,1
5369,77,1
5370,78,0
5371,100,1
5372,35,1
5373,160,1
5374,52,0
5375,77,1
5376,64,0
5377,97,1
5378,51,0
5379,14,0
5380,135,1
5381,100,1
5382,78,1
5383,135,1
5384,77,1
5385,45,1
5386,46,0
5387,67,1
5388,80,0
5389,125,1
5390,45,1
5391,50,1
5392,92,0
5393,115,1
5394,26,0
5395,13,0
5396,194,0
5397,123,1
5398,112,1
5399,26,1
5400,47,1
5401,63,1
5402,10,0
5403,27,1
5404,87,1
5405,50,1
5406,64,1
5407,51,1
5408,102,1
5409,66,1
5410,30,1
5411,98,0
5412,116,1
5413,37,1
5414,82,1
5415,35,0
5416,53,1
5417,106,1
5418,72,1
5419,33,0
5420,54,1
5421,36,0
5422,46,1
5423,109,1
5424,24,0
5425,58,1
5426,50,0
5427,34,1
5428,95,1
5429,117,0
5430,83,0
5431,42,1
5432,41,1
5433,78,0
5434,23,0
5435,51,1
5436,61,1
5437,38,1
5438,20,0
5439,84,0
5440,35,1
5441,189,1
5442,50,1
5443,17,0
5444,27,1
5445,73,1
5446,135,1
5447,86,1
5448,50,1
5449,53,1
5450,29,0
5451,200,0
5452,87,1
5453,48,0
5454,62,1
5455,61,1
5456,95,1
5457,38,0
5458,84,0
5459,86,1
5460,41,0
5461,41,1
5462,66,1
5463,75,1
5464,84,1
5465,105,0
5466,25,1
5467,158,1
5468,55,1
5469,200,0
5470,58,1
5471,80,1
5472,44,1
5473,50,1
5474,23,1
5475,45,1
5476,40,1
5477,80,0
5478,92,1
5479,99,1
5480,11,0
5481,60,0
5482,152,1
5483,69,1
5484,50,1
5485,49,1
5486,56,1
5487,31,0
5488,21,0
5489,92,1
5490,106,1
5491,83,1
5492,84,1
5493,98,1
5494,104,1
5495,99,1
5496,30,1
5497,145,1
5498,62,1
5499,43,1
5500,137,1
5501,67,1
5502,84,0
5503,55,0
5504,33,0
5505,38,1
5506,19,0
5507,101,1
5508,43,1
5509,58,1
5510,48,1
5511,99,1
5512,40,1
5513,63,0
5514,62,0
5515,175,1
5516,38,0
5517,9,0
5518,89,1
5519,21,0
5520,84,1
5521,61,1
5522,88,1
5523,53,1
5524,131,1
5525,35,0
5526,75,1
5527,38,1
5528,106,1
5529,85,1
5530,89,1
5531,35,1
5532,71,1
5533,35,1
5534,39,1
5535,125,1
5536,46,1
5537,53,0
5538,36,0
5539,98,1
5540,152,0
5541,15,0
5542,85,1
5543,71,0
5544,60,1
5545,102,1
5546,36,0
5547,59,1
5548,29,0
5549,77,1
5550,48,1
5551,46,1
5552,63,0
5553,27,1
5554,78,1
5555,135,1
5556,34,1
5557,160,1
5558,36,1
5559,86,1
5560,81,1
5561,94,1
5562,44,1
5563,133,0
5564,152,1
5565,69,0
5566,46,1
5567,69,1
5568,139,1
5569,92,0
5570,92,1
5571,102,1
5572,96,1
5573,51,1
5574,79,0
5575,19,0
5576,44,1
5577,76,1
5578,24,0
5579,71,1
5580,45,1
5581,42,1
5582,69,1
5583,89,0
5584,31,0
5585,55,0
5586,40,1
5587,40,0
5588,79,1
5589,79,0
5590,130,1
5591,103,1
5592,45,1
5593,76,1
5594,178,1
5595,47,1
5596,106,1
5597,72,1
5598,81,1
5599,107,1
5600,85,1
5601,45,0
5602,77,1
5603,99,1
5604,45,1
5605,81,1
5606,55,1
5607,80,1
5608,135,0
5609,51,1
5610,41,0
5611,71,0
5612,45,0
5613,42,1
5614,177,1
5615,92,0
5616,30,1
5617,45,1
5618,78,1
5619,27,0
5620,72,1
5621,65,0
5622,108,1
5623,78,0
5624,58,0
5625,62,0
5626,123,1
5627,61,0
5628,71,1
5629,83,1
5630,66,1
5631,41,1
5632,59,0
5633,60,1
5634,51,1
5635,25,0
5636,41,1
5637,67,0
5638,92,1
5639,43,1
5640,49,1
5641,71,1
5642,70,1
5643,55,1
5644,103,0
5645,40,1
5646,78,1
5647,51,0
5648,147,1
5649,54,1
5650,36,0
5651,36,1
5652,70,0
5653,30,1
5654,38,1
5655,91,1
5656,200,0
5657,49,1
5658,144,1
5659,48,0
5660,114,1
5661,106,1
5662,62,1
5663,72,1
5664,75,1
5665,77,1
5666,67,0
5667,65,0
5668,39,0
5669,38,1
5670,59,1
5671,84,1
5672,94,0
5673,65,1
5674,51,1
5675,25,1
5676,21,0
5677,68,1
5678,86,1
5679,183,1
5680,43,0
5681,22,0
5682,37,1
5683,90,1
5684,31,1
5685,65,1
5686,114,1
5687,38,1
5688,28,0
5689,28,1
5690,30,0
5691,56,1
5692,37,1
5693,72,1
5694,55,1
5695,20,0
5696,73,1
5697,49,1
5698,91,1
5699,46,1
5700,185,0
5701,70,1
5702,84,1
5703,86,0
5704,53,0
5705,130,1
5706,62,1
5707,37,0
5708,85,1
5709,134,1
5710,98,0
5711,39,1
5712,73,1
5713,86,1
5714,200,0
5715,56,1
5716,78,1
5717,79,0
5718,15,0
5719,35,1
5720,33,0
5721,22,0
5722,63,0
5723,193,1
5724,68,1
5725,65,1
5726,18,0
5727,46,0
5728,51,1
5729,70,1
5730,16,0
5731,95,1
5732,41,0
5733,138,1
5734,56,1
5735,94,0
5736,101,1
5737,98,1
5738,135,1
5739,75,0
5740,24,1
5741,182,1
5742,80,1
5743,124,0
5744,55,1
5745,100,1
5746,155,1
5747,43,1
5748,69,1
5749,97,1
5750,57,1
5751,32,1
5752,146,1
5753,136,1
5754,77,1
5755,74,1
5756,26,1
5757,110,1
5758,40,1
5759,61,1
5760,68,0
5761,46,0
5762,72,1
5763,91,1
5764,26,0
5765,28,0
5766,44,1
5767,32,1
5768,14,0
5769,60,1
5770,147,1
5771,60,1
5772,26,0
5773,103,1
5774,116,1
5775,71,1
5776,36,1
5777,81,1
5778,58,1
5779,78,0
5780,92,1
5781,11,0
5782,58,1
5783,92,1
5784,196,1
5785,32,1
5786,80,1
5787,98,1
5788,40,1
5789,66,1
5790,74,1
5791,48,1
5792,72,1
5793,31,1
5794,136,1
5795,39,1
5796,33,1
5797,30,1
5798,146,0
5799,59,1
5800,99,1
5801,54,1
5802,96,1
5803,89,1
5804,25,1
5805,30,1
5806,64,1
5807,74,1
5808,97,1
5809,100,0
5810,117,1
5811,51,1
5812,67,1
5813,80,1
5814,35,1
5815,20,1
5816,105,1
5817,30,1
5818,49,1
5819,49,0
5820,89,1
5821,116,1
5822,184,1
5823,134,1
5824,45,0
5825,22,0
5826,69,1
5827,23,0
5828,62,1
5829,24,0
5830,77,1
5831,140,1
5832,77,1
5833,33,1
5834,36,1
5835,19,0
5836,68,1
5837,59,0
5838,41,1
5839,85,0
5840,91,1
5841,55,1
5842,115,1
5843,50,1
5844,57,1
5845,76,1
5846,51,1
5847,73,1
5848,27,0
5849,63,1
5850,44,1
5851,56,1
5852,39,0
5853,76,1
5854,16,0
5855,56,1
5856,73,1
5857,78,1
5858,55,0
5859,57,0
5860,30,1
5861,58,1
5862,36,1
5863,101,1
5864,85,1
5865,56,1
5866,139,0
5867,53,1
5868,23,0
5869,60,1
5870,60,1
5871,39,1
5872,33,0
5873,89,1
5874,102,0
5875,200,0
5876,42,0
5877,57,0
5878,100,1
5879,101,1
5880,13,0
5881,43,0
5882,60,0
5883,71,1
5884,85,1
5885,30,1
5886,29,1
5887,80,1
5888,52,0
5889,59,0
5890,89,1
5891,25,0
5892,15,0
5893,32,1
5894,67,1
5895,36,0
5896,101,1
5897,103,1
5898,36,0
5899,34,1
5900,79,0
5901,79,1
5902,45,0
5903,200,0
5904,44,1
5905,118,0
5906,13,0
5907,195,1
5908,159,1
5909,91,1
5910,78,1
5911,60,0
5912,46,1
5913,94,1
5914,64,1
5915,54,1
5916,10,0
5917,85,1
5918,65,1
5919,47,1
5920,76,0
5921,41,1
5922,24,0
5923,65,1
5924,32,1
5925,54,1
5926,68,1
5927,66,1
5928,103,1
5929,77,1
5930,58,0
5931,40,1
5932,106,1
5933,40,0
5934,44,1
5935,74,0
5936,89,1
5937,62,1
5938,38,1
5939,93,1
5940,70,1
5941,79,1
5942,88,1
5943,83,1
5944,11,0
5945,99,1
5946,45,0
5947,29,0
5948,45,0
5949,66,0
5950,72,1
5951,71,1
5952,190,0
5953,15,0
5954,52,1
5955,67,1
5956,35,1
5957,64,1
5958,63,1
5959,41,1
5960,66,1
5961,57,1
5962,47,0
5963,50,0
5964,44,1
5965,41,0
5966,38,1
5967,115,1
5968,32,1
5969,39,1
5970,52,1
5971,40,1
5972,104,0
5973,62,1
5974,79,1
5975,200,0
5976,19,0
5977,76,0
5978,60,1
5979,85,0
5980,44,1
5981,151,1
5982,76,1
5983,76,1
5984,151,1
5985,33,1
5986,200,0
5987,67,1
5988,57,1
5989,91,0
5990,129,1
5991,83,1
5992,72,1
5993,43,0
5994,53,1
5995,151,1
5996,92,1
5997,16,0
5998,66,0
5999,96,1
6000,33,1
6001,126,0
6002,47,1
6003,53,1
6004,44,1
6005,112,1
6006,74,1
6007,179,0
6008,68,1
6009,99,1
6010,60,1
6011,47,1
6012,49,1
6013,65,1
6014,166,0
6015,80,1
6016,43,1
6017,56,1
6018,53,1
6019,52,1
6020,85,1
6021,51,1
6022,98,1
6023,141,1
6024,75,0
6025,35,1
6026,21,0
6027,90,0
6028,103,1
6029,39,1
6030,85,1
6031,29,1
6032,54,0
6033,65,1
6034,44,0
6035,97,0
6036,125,1
6037,57,1
6038,20,0
6039,43,1
6040,125,1
6041,54,1
6042,49,1
6043,83,1
6044,36,0
6045,27,0
6046,131,1
6047,36,1
6048,55,1
6049,44,0
6050,94,1
6051,93,0
6052,61,1
6053,100,0
6054,47,1
6055,70,1
6056,73,1
6057,110,1
6058,98,1
6059,86,1
6060,52,1
6061,31,0
6062,109,0
6063,38,0
6064,11,0
6065,59,1
6066,131,0
6067,46,1
6068,59,1
6069,56,1
6070,80,0
6071,8,0
6072,46,1
6073,33,1
6074,39,1
6075,120,0
6076,75,1
6077,16,0
6078,55,1
6079,41,1
6080,49,1
6081,61,0
6082,119,1
6083,101,1
6084,42,0
6085,70,1
6086,62,1
6087,42,0
6088,63,1
6089,35,1
6090,42,1
6091,48,0
6092,30,0
6093,61,0
6094,28,1
6095,29,0
6096,13,0
6097,71,1
6098,95,1
6099,104,1
6100,93,1
6101,112,1
6102,56,1
6103,28,0
6104,48,1
6105,9,0
6106,45,0
6107,54,1
6108,85,0
6109,88,1
6110,21,0
6111,117,1
6112,73,1
6113,65,1
6114,47,1
6115,32,1
6116,123,1
6117,53,1
6118,81,1
6119,39,1
6120,108,0
6121,109,1
6122,66,0
6123,112,1
6124,71,1
6125,39,1
6126,25,0
6127,39,1
6128,131,1
6129,111,1
6130,153,1
6131,27,1
6132,44,0
6133,64,1
6134,54,1
6135,109,1
6136,95,0
6137,108,1
6138,59,0
6139,81,1
6140,42,0
6141,82,0
6142,34,1
6143,105,1
6144,40,0
6145,200,0
6146,70,1
6147,45,1
6148,74,1
6149,51,1
6150,133,0
6151,85,1
6152,112,1
6153,22,0
6154,21,0
6155,41,1
6156,45,0
6157,125,1
6158,74,1
6159,40,1
6160,53,0
6161,33,1
6162,30,1
6163,119,1
6164,34,0
6165,55,1
6166,116,1
6167,88,1
6168,64,1
6169,23,1
6170,70,1
6171,200,0
6172,139,1
6173,122,1
6174,71,1
6175,106,1
6176,41,0
6177,175,1
6178,41,0
6179,60,1
6180,37,0
6181,100,1
6182,53,1
6183,81,1
6184,83,1
6185,48,0
6186,69,1
6187,127,1
6188,166,1
6189,45,1
6190,78,0
6191,61,1
6192,29,1
6193,36,0
6194,33,1
6195,25,0
6196,134,1
6197,72,1
6198,80,1
6199,62,0
6200,88,0
6201,147,1
6202,134,1
6203,114,1
6204,95,1
6205,120,1
6206,61,1
6207,42,0
6208,25,0
6209,71,1
6210,65,1
6211,155,1
6212,14,0
6213,52,1
6214,68,1
6215,51,0
6216,61,1
6217,61,0
6218,27,0
6219,56,1
6220,46,1
6221,40,1
6222,147,1
6223,20,0
6224,93,1
6225,77,1
6226,104,1
6227,84,0
6228,59,0
6229,58,1
6230,34,0
6231,18,0
6232,66,0
6233,42,1
6234,81,1
6235,106,0
6236,17,0
6237,92,0
6238,83,1
6239,79,1
6240,81,1
6241,92,0
6242,16,0
6243,14,0
6244,65,1
6245,43,0
6246,23,1
6247,69,0
6248,39,0
6249,68,0
6250,51,1
6251,113,1
6252,64,1
6253,148,1
6254,119,1
6255,51,1
6256,34,1
6257,33,1
6258,40,1
6259,99,0
6260,49,1
6261,52,1
6262,51,1
6263,116,0
6264,52,0
6265,74,1
6266,50,1
6267,65,1
6268,21,0
6269,75,1
6270,31,1
6271,72,1
6272,68,1
6273,117,1
6274,80,0
6275,63,0
6276,112,0
6277,102,1
6278,32,1
6279,31,1
6280,39,1
6281,106,0
6282,111,1
6283,54,1
6284,46,1
6285,12,0
6286,50,1
6287,42,1
6288,83,1
6289,78,0
6290,47,1
6291,25,1
6292,110,1
6293,67,0
6294,39,1
6295,15,0
6296,51,1
6297,30,0
6298,65,1
6299,43,1
6300,33,1
6301,95,1
6302,46,1
6303,80,1
6304,90,1
6305,38,0
6306,36,0
6307,36,1
6308,16,0
6309,200,0
6310,63,1
6311,26,0
6312,57,0
6313,105,1
6314,64,0
6315,64,1
6316,81,1
6317,88,1
6318,89,0
6319,100,1
6320,83,1
6321,52,1
6322,55,1
6323,11,0
6324,64,1
6325,49,1
6326,24,1
6327,49,1
6328,149,0
6329,65,1
6330,64,1
6331,72,1
6332,127,1
6333,54,1
6334,46,1
6335,39,1
6336,60,1
6337,126,1
6338,66,1
6339,41,0
6340,71,1
6341,59,0
6342,63,1
6343,72,1
6344,54,0
6345,33,1
6346,51,0
6347,53,1
6348,67,1
6349,23,0
6350,97,1
6351,64,1
6352,70,0
6353,146,1
6354,65,1
6355,57,1
6356,83,1
6357,40,1
6358,19,0
6359,121,1
6360,165,0
6361,89,1
6362,54,1
6363,11,0
6364,112,1
6365,93,1
6366,145,1
6367,70,0
6368,78,0
6369,180,1
6370,13,0
6371,65,0
6372,31,1
6373,83,0
6374,132,0
6375,28,1
6376,38,0
6377,23,1
6378,45,0
6379,55,1
6380,29,0
6381,60,0
6382,72,1
6383,200,0
6384,54,0
6385,87,1
6386,160,1
6387,37,1
6388,51,1
6389,37,1
6390,72,1
6391,56,0
6392,74,1
6393,126,1
6394,123,1
6395,61,0
6396,45,1
6397,40,1
6398,27,0
6399,104,1
6400,23,1
6401,30,1
6402,57,1
6403,79,1
6404,15,0
6405,106,1
6406,20,0
6407,71,1
6408,31,1
6409,143,1
6410,146,1
6411,68,1
6412,78,0
6413,65,1
6414,98,1
6415,41,0
6416,121,0
6417,55,1
6418,134,1
6419,63,1
6420,69,1
6421,82,1
6422,41,1
6423,76,1
6424,25,0
6425,115,0
6426,95,1
6427,55,1
6428,61,1
6429,38,1
6430,45,0
6431,48,0
6432,146,1
6433,81,0
6434,72,0
6435,161,1
6436,161,1
6437,51,1
6438,61,1
6439,54,1
6440,31,1
6441,79,1
6442,61,0
6443,52,1
6444,85,0
6445,52,1
6446,33,0
6447,83,0
6448,81,1
6449,47,1
6450,83,0
6451,54,1
6452,48,1
6453,48,0
6454,140,1
6455,45,1
6456,29,1
6457,18,0
6458,71,1
6459,55,1
6460,10,0
6461,83,0
6462,39,1
6463,58,1
6464,200,0
6465,26,1
6466,23,0
6467,91,0
6468,38,0
6469,162,1
6470,60,0
6471,64,1
6472,81,1
6473,48,0
6474,26,0
6475,14,0
6476,148,1
6477,119,0
6478,71,1
6479,135,1
6480,22,0
6481,85,1
6482,49,1
6483,11,0
6484,77,1
6485,52,1
6486,20,1
6487,44,1
6488,71,1
6489,65,0
6490,13,0
6491,34,0
6492,77,1
6493,135,1
6494,59,1
6495,43,1
6496,152,1
6497,86,1
6498,21,0
6499,55,1
6500,43,1
6501,53,1
6502,53,0
6503,47,1
6504,70,1
6505,37,0
6506,57,1
6507,166,0
6508,64,1
6509,148,1
6510,200,0
6511,27,1
6512,59,0
6513,9,0
6514,200,0
6515,92,1
6516,27,1
6517,65,1
6518,200,0
6519,65,1
6520,34,1
6521,19,0
6522,51,1
6523,101,1
6524,35,0
6525,37,1
6526,50,1
6527,68,1
6528,86,0
6529,94,1
6530,63,0
6531,103,1
6532,56,1
6533,45,1
6534,48,1
6535,60,1
6536,75,1
6537,34,1
6538,69,1
6539,94,1
6540,82,1
6541,78,0
6542,96,1
6543,143,1
6544,36,1
6545,71,1
6546,120,1
6547,35,0
6548,56,1
6549,82,1
6550,65,1
6551,73,1
6552,71,1
6553,70,1
6554,79,1
6555,15,0
6556,64,1
6557,27,0
6558,31,0
6559,47,1
6560,80,1
6561,78,1
6562,92,1
6563,96,0
6564,28,1
6565,60,0
6566,99,1
6567,86,1
6568,88,0
6569,73,1
6570,127,0
6571,60,0
6572,25,0
6573,60,0
6574,28,0
6575,49,1
6576,106,0
6577,17,0
6578,48,1
6579,30,1
6580,32,0
6581,16,0
6582,111,1
6583,50,0
6584,174,1
6585,50,1
6586,53,1
6587,150,0
6588,110,1
6589,41,1
6590,48,1
6591,101,1
6592,83,1
6593,54,1
6594,34,1
6595,196,1
6596,163,0
6597,62,1
6598,41,1
6599,36,1
6600,82,1
6601,30,1
6602,40,0
6603,70,1
6604,44,1
6605,70,1
6606,15,0
6607,27,1
6608,27,0
6609,60,1
6610,86,0
6611,154,1
6612,66,1
6613,21,0
6614,106,1
6615,53,1
6616,10,0
6617,129,1
6618,62,1
6619,66,1
6620,48,1
6621,56,1
6622,19,0
6623,98,1
6624,54,1
6625,33,0
6626,31,0
6627,123,1
6628,43,0
6629,73,0
6630,48,1
6631,46,1
6632,39,1
6633,30,0
6634,18,0
6635,115,1
6636,60,1
6637,47,1
6638,65,0
6639,137,1
6640,54,1
6641,39,1
6642,200,0
6643,59,1
6644,112,1
6645,56,1
6646,109,1
6647,58,1
6648,176,1
6649,64,1
6650,89,1
6651,52,1
6652,58,1
6653,61,1
6654,80,1
6655,46,0
6656,16,0
6657,60,1
6658,42,1
6659,59,1
6660,91,1
6661,175,1
6662,111,1
6663,31,1
6664,101,1
6665,131,0
6666,94,1
6667,82,1
6668,156,1
6669,60,1
6670,106,1
6671,27,0
6672,36,1
6673,79,1
6674,28,0
6675,131,1
6676,144,0
6677,44,0
6678,63,1
6679,151,1
6680,46,1
6681,63,1
6682,45,1
6683,58,1
6684,56,1
6685,10,0
6686,42,0
6687,50,0
6688,79,0
6689,111,0
6690,101,0
6691,19,0
6692,18,0
6693,98,1
6694,36,1
6695,136,0
6696,52,1
6697,34,1
6698,55,1
6699,128,1
6700,93,1
6701,81,1
6702,57,1
6703,64,1
6704,87,0
6705,81,1
6706,98,1
6707,32,0
6708,58,0
6709,35,0
6710,63,1
6711,41,1
6712,75,1
6713,34,0
6714,28,1
6715,69,1
6716,35,0
6717,101,1
6718,130,1
6719,50,1
6720,129,1
6721,140,0
6722,61,1
6723,74,0
6724,31,1
6725,78,1
6726,87,1
6727,61,1
6728,162,1
6729,22,0
6730,87,0
6731,99,1
6732,32,1
6733,110,1
6734,46,1
6735,44,1
6736,44,0
6737,71,1
6738,65,1
6739,36,1
6740,12,0
6741,46,1
6742,26,1
6743,19,0
6744,135,1
6745,21,0
6746,17,0
6747,77,1
6748,28,1
6749,48,1
6750,29,1
6751,74,1
6752,60,1
6753,68,1
6754,36,1
6755,64,1
6756,49,1
6757,72,0
6758,114,1
6759,76,1
6760,24,0
6761,95,1
6762,30,1
6763,75,1
6764,41,1
6765,55,1
6766,86,1
6767,73,1
6768,169,1
6769,36,1
6770,85,1
6771,33,1
6772,38,1
6773,53,1
6774,55,0
6775,151,0
6776,54,0
6777,142,1
6778,56,0
6779,62,1
6780,32,1
6781,64,1
6782,43,1
6783,17,0
6784,88,1
6785,63,1
6786,14,0
6787,12,0
6788,62,1
6789,27,0
6790,41,0
6791,120,1
6792,102,0
6793,91,1
6794,20,0
6795,74,1
6796,62,1
6797,89,0
6798,87,0
6799,32,1
6800,192,1
6801,68,0
6802,40,1
6803,47,1
6804,84,0
6805,13,0
6806,32,0
6807,107,1
6808,22,0
6809,55,0
6810,46,1
6811,27,0
6812,31,0
6813,200,0
6814,97,1
6815,113,1
6816,46,1
6817,21,1
6818,46,1
6819,10,0
6820,57,0
6821,54,1
6822,164,1
6823,193,1
6824,70,1
6825,182,1
6826,45,1
6827,11,0
6828,134,0
6829,51,1
6830,56,0
6831,51,1
6832,65,0
6833,95,0
6834,45,1
6835,26,0
6836,28,1
6837,58,0
6838,175,1
6839,24,0
6840,54,1
6841,23,1
6842,70,1
6843,62,1
6844,47,1
6845,136,1
6846,17,0
6847,200,0
6848,39,1
6849,53,1
6850,71,1
6851,28,1
6852,128,1
6853,82,1
6854,64,1
6855,118,1
6856,87,1
6857,108,1
6858,54,0
6859,43,1
6860,116,1
6861,37,1
6862,99,1
6863,27,0
6864,20,0
6865,64,0
6866,68,1
6867,57,0
6868,61,0
6869,19,0
6870,41,1
6871,39,1
6872,40,1
6873,17,0
6874,87,1
6875,27,0
6876,28,1
6877,105,1
6878,106,1
6879,52,1
6880,101,1
6881,104,1
6882,81,0
6883,177,1
6884,108,1
6885,88,1
6886,112,0
6887,61,0
6888,79,1
6889,80,1
6890,66,0
6891,155,1
6892,32,0
6893,65,1
6894,18,0
6895,64,1
6896,135,0
6897,73,0
6898,95,1
6899,62,1
6900,78,1
6901,54,1
6902,86,1
6903,21,0
6904,108,1
6905,72,1
6906,37,1
6907,29,1
6908,60,0
6909,65,1
6910,45,1
6911,70,0
6912,200,1
6913,73,1
6914,167,1
6915,94,1
6916,68,1
6917,26,1
6918,96,1
6919,39,1
6920,68,1
6921,75,1
6922,138,1
6923,30,0
6924,13,0
6925,56,0
6926,53,1
6927,89,1
6928,60,1
6929,51,1
6930,176,1
6931,150,1
6932,76,0
6933,52,1
6934,200,0
6935,15,0
6936,99,1
6937,88,1
6938,104,1
6939,72,0
6940,41,1
6941,99,1
6942,15,0
6943,32,0
6944,8,0
6945,51,1
6946,38,1
6947,47,1
6948,200,0
6949,117,0
6950,65,1
6951,118,1
6952,84,1
6953,68,1
6954,32,1
6955,40,1
6956,86,1
6957,79,1
6958,78,1
6959,20,1
6960,85,1
6961,76,1
6962,50,0
6963,200,0
6964,17,0
6965,43,1
6966,75,1
6967,109,1
6968,83,1
6969,65,1
6970,154,1
6971,8,0
6972,31,1
6973,120,1
6974,26,1
6975,40,1
6976,69,1
6977,49,0
6978,58,1
6979,31,1
6980,64,1
6981,46,1
6982,44,0
6983,25,0
6984,171,1
6985,82,1
6986,26,0
6987,42,0
6988,58,1
6989,25,1
6990,76,1
6991,106,0
6992,83,1
6993,56,1
6994,46,1
6995,120,1
6996,57,1
6997,24,0
6998,86,1
6999,36,0
7000,50,1
7001,66,1
7002,84,1
7003,64,1
7004,126,1
7005,42,0
7006,106,1
7007,200,0
7008,46,1
7009,55,1
7010,64,0
7011,61,1
7012,42,1
7013,45,1
7014,184,1
7015,28,0
7016,167,1
7017,61,1
7018,117,1
7019,50,1
7020,66,1
7021,59,1
7022,103,0
7023,43,1
7024,14,0
7025,63,0
7026,59,1
7027,22,0
7028,41,1
7029,116,1
7030,12,0
7031,85,0
7032,36,1
7033,31,0
7034,49,0
7035,89,1
7036,59,1
7037,19,0
7038,125,1
7039,50,1
7040,91,1
7041,78,1
7042,118,1
7043,123,1
7044,74,1
7045,46,1
7046,27,1
7047,16,0
7048,75,1
7049,85,0
7050,105,0
7051,51,0
7052,70,1
7053,84,1
7054,135,1
7055,81,1
7056,28,0
7057,124,1
7058,191,1
7059,60,1
7060,42,1
7061,95,1
7062,79,0
7063,50,0
7064,131,1
7065,57,1
7066,53,1
7067,50,0
7068,61,1
7069,48,0
7070,91,1
7071,78,1
7072,41,1
7073,89,1
7074,77,1
7075,52,0
7076,68,1
7077,72,0
7078,38,0
7079,49,0
7080,179,1
7081,75,1
7082,75,1
7083,86,0
7084,47,0
7085,64,1
7086,37,1
7087,36,1
7088,54,1
7089,40,1
7090,84,1
7091,97,1
7092,51,1
7093,59,1
7094,50,1
7095,75,1
7096,42,1
7097,45,1
7098,45,1
7099,86,0
7100,140,1
7101,124,1
7102,26,0
7103,58,1
7104,61,1
7105,70,1
7106,66,1
7107,148,1
7108,44,0
7109,74,1
7110,112,1
7111,79,1
7112,134,1
7113,47,1
7114,71,0
7115,106,1
7116,23,0
7117,117,1
7118,40,1
7119,55,1
7120,130,1
7121,38,0
7122,53,1
7123,15,0
7124,27,0
7125,41,1
7126,21,0
7127,92,1
7128,42,0
7129,52,1
7130,39,1
7131,48,1
7132,119,1
7133,75,1
7134,14,0
7135,121,1
7136,89,1
7137,44,1
7138,56,1
7139,24,1
7140,73,1
7141,66,1
7142,92,1
7143,47,1
7144,21,0
7145,131,1
7146,55,1
7147,75,1
7148,185,1
7149,74,0
7150,83,1
7151,74,0
7152,103,0
7153,100,0
7154,199,1
7155,57,1
7156,17,0
7157,44,1
7158,55,0
7159,37,1
7160,92,1
7161,82,1
7162,62,1
7163,28,1
7164,45,0
7165,48,0
7166,126,1
7167,52,1
7168,62,1
7169,166,1
7170,76,1
7171,54,1
7172,58,0
7173,47,1
7174,47,1
7175,27,0
7176,41,1
7177,49,0
7178,75,1
7179,28,1
7180,62,0
7181,34,0
7182,72,1
7183,35,0
7184,59,0
7185,69,1
7186,35,0
7187,54,1
7188,72,0
7189,74,1
7190,37,0
7191,77,1
7192,77,1
7193,13,0
7194,80,1
7195,48,1
7196,15,0
7197,46,1
7198,43,1
7199,123,0
7200,49,1
7201,101,1
7202,74,1
7203,59,1
7204,120,1
7205,14,0
7206,68,1
7207,51,1
7208,72,1
7209,53,1
7210,24,0
7211,67,0
7212,85,1
7213,119,1
7214,136,0
7215,124,0
7216,32,0
7217,58,1
7218,87,0
7219,49,0
7220,85,1
7221,93,0
7222,11,0
7223,111,1
7224,68,1
7225,44,1
7226,61,1
7227,64,0
7228,58,1
7229,21,0
7230,47,1
7231,28,1
7232,45,1
7233,45,1
7234,79,1
7235,92,1
7236,78,1
7237,19,0
7238,60,1
7239,200,0
7240,31,0
7241,95,1
7242,41,1
7243,12,0
7244,47,1
7245,121,1
7246,29,1
7247,18,0
7248,60,1
7249,34,1
7250,54,1
7251,73,1
7252,78,1
7253,131,1
7254,46,0
7255,184,1
7256,124,0
7257,43,1
7258,32,0
7259,72,1
7260,46,0
7261,69,1
7262,68,1
7263,19,0
7264,87,0
7265,200,0
7266,31,0
7267,30,1
7268,47,1
7269,77,1
7270,27,1
7271,34,1
7272,50,1
7273,78,1
7274,13,0
7275,52,0
7276,66,1
7277,101,0
7278,61,1
7279,131,1
7280,31,1
7281,61,1
7282,45,0
7283,90,0
7284,16,0
7285,56,0
7286,135,0
7287,41,1
7288,31,1
7289,113,1
7290,65,1
7291,40,0
7292,119,1
7293,76,0
7294,96,1
7295,200,0
7296,39,1
7297,64,1
7298,97,1
7299,62,1
7300,89,1
7301,21,0
7302,50,1
7303,19,0
7304,83,1
7305,59,1
7306,79,1
7307,115,1
7308,49,1
7309,26,1
7310,44,0
7311,46,1
7312,27,0
7313,45,0
7314,63,0
7315,145,1
7316,154,1
7317,67,1
7318,71,1
7319,82,1
7320,30,1
7321,63,1
7322,48,1
7323,31,1
7324,35,0
7325,35,0
7326,31,0
7327,11,0
7328,65,1
7329,53,1
7330,65,1
7331,43,1
7332,36,0
7333,24,0
7334,34,1
7335,42,1
7336,35,0
7337,79,1
7338,39,0
7339,36,0
7340,59,1
7341,33,0
7342,78,0
7343,93,1
7344,107,0
7345,36,1
7346,32,1
7347,90,1
7348,179,1
7349,66,1
7350,110,1
7351,82,0
7352,32,0
7353,103,1
7354,84,1
7355,76,1
7356,107,1
7357,46,1
7358,41,0
7359,64,0
7360,18,0
7361,33,1
7362,114,0
7363,58,1
7364,131,1
7365,68,1
7366,118,1
7367,187,1
7368,62,1
7369,108,1
7370,47,1
7371,43,1
7372,67,1
7373,48,1
7374,66,1
7375,42,0
7376,56,1
7377,36,0
7378,69,1
7379,159,1
7380,60,1
7381,78,1
7382,52,0
7383,96,0
7384,36,1
7385,103,0
7386,69,0
7387,68,0
7388,25,1
7389,33,1
7390,50,1
7391,61,1
7392,76,1
7393,49,1
7394,12,0
7395,138,1
7396,82,1
7397,51,1
7398,82,1
7399,72,1
7400,75,1
7401,34,0
7402,17,0
7403,53,1
7404,47,0
7405,57,1
7406,109,0
7407,49,0
7408,35,1
7409,103,1
7410,84,1
7411,36,1
7412,69,1
7413,69,1
7414,162,1
7415,88,1
7416,68,1
7417,28,1
7418,29,1
7419,12,0
7420,36,1
7421,64,0
7422,61,1
7423,128,0
7424,29,0
7425,92,0
7426,33,0
7427,38,1
7428,125,1
7429,72,1
7430,25,0
7431,195,0
7432,35,1
7433,50,1
7434,114,1
7435,64,0
7436,70,1
7437,86,1
7438,66,1
7439,23,0
7440,65,0
7441,115,1
7442,68,1
7443,74,1
7444,59,1
7445,48,0
7446,60,1
7447,33,1
7448,128,1
7449,38,1
7450,41,1
7451,8,0
7452,144,0
7453,132,1
7454,194,1
7455,60,1
7456,70,1
7457,39,1
7458,128,1
7459,67,1
7460,175,1
7461,84,1
7462,151,1
7463,55,1
7464,36,1
7465,50,1
7466,58,1
7467,9,0
7468,44,0
7469,18,0
7470,67,1
7471,76,1
7472,46,1
7473,200,0
7474,68,1
7475,101,1
7476,119,1
7477,52,1
7478,66,0
7479,52,1
7480,56,1
7481,75,1
7482,159,1
7483,94,1
7484,37,1
7485,41,0
7486,139,1
7487,75,1
7488,56,1
7489,72,1
7490,34,1
7491,82,1
7492,38,0
7493,101,1
7494,54,0
7495,72,1
7496,77,1
7497,35,1
7498,53,0
7499,51,1
7500,90,1
7501,79,1
7502,50,1
7503,24,0
7504,59,1
7505,66,0
7506,42,1
7507,74,1
7508,42,1
7509,82,1
7510,45,0
7511,19,0
7512,86,1
7513,34,1
7514,83,1
7515,75,1
7516,48,1
7517,77,1
7518,85,1
7519,30,1
7520,34,0
7521,41,0
7522,38,0
7523,64,1
7524,22,1
7525,41,0
7526,31,0
7527,46,1
7528,38,0
7529,42,0
7530,67,1
7531,48,1
7532,116,0
7533,59,1
7534,94,1
7535,44,1
7536,144,1
7537,42,1
7538,72,1
7539,25,0
7540,72,1
7541,102,1
7542,43,0
7543,70,1
7544,97,1
7545,87,1
7546,41,1
7547,82,1
7548,140,1
7549,53,1
7550,58,1
7551,71,1
7552,52,1
7553,91,1
7554,59,0
7555,15,0
7556,70,0
7557,72,1
7558,48,1
7559,67,1
7560,102,0
7561,12,0
7562,38,0
7563,44,1
7564,46,1
7565,43,1
7566,15,0
7567,130,0
7568,140,1
7569,39,1
7570,97,1
7571,51,1
7572,44,1
7573,114,1
7574,43,1
7575,26,0
7576,44,1
7577,57,1
7578,144,1
7579,43,1
7580,48,1
7581,41,1
7582,57,0
7583,17,0
7584,46,1
7585,58,1
7586,39,1
7587,43,1
7588,146,1
7589,70,0
7590,34,1
7591,26,1
7592,24,1
7593,148,1
7594,75,0
7595,44,0
7596,125,1
7597,103,1
7598,47,1
7599,134,1
7600,102,1
7601,84,0
7602,74,1
7603,96,0
7604,86,1
7605,32,0
7606,54,0
7607,32,1
7608,64,1
7609,118,1
7610,77,1
7611,63,1
7612,17,0
7613,86,0
7614,22,0
7615,59,0
7616,100,0
7617,11,0
7618,82,1
7619,46,1
7620,49,1
7621,37,1
7622,85,1
7623,44,1
7624,13,0
7625,96,1
7626,55,0
7627,63,1
7628,169,1
7629,59,0
7630,35,0
7631,15,0
7632,200,0
7633,151,0
7634,100,1
7635,74,1
7636,65,1
7637,31,1
7638,65,1
7639,96,1
7640,41,0
7641,58,1
7642,63,1
7643,63,1
7644,72,0
7645,116,1
7646,20,0
7647,51,1
7648,153,1
7649,128,0
7650,87,1
7651,126,1
7652,40,0
7653,157,1
7654,32,0
7655,200,0
7656,67,1
7657,131,1
7658,39,1
7659,130,1
7660,59,0
7661,64,1
7662,108,1
7663,60,0
7664,42,1
7665,32,1
7666,67,1
7667,46,1
7668,9,0
7669,83,1
7670,38,1
7671,121,1
7672,21,0
7673,66,0
7674,84,1
7675,102,1
7676,11,0
7677,86,1
7678,47,1
7679,13,0
7680,67,1
7681,87,0
7682,126,1
7683,36,1
7684,63,1
7685,110,1
7686,32,0
7687,82,1
7688,69,1
7689,30,0
7690,47,1
7691,26,0
7692,75,0
7693,145,1
7694,49,1
7695,38,1
7696,114,1
7697,99,1
7698,74,1
7699,10,0
7700,71,1
7701,27,1
7702,33,0
7703,80,1
7704,8,0
7705,113,1
7706,78,1
7707,39,1
7708,82,1
7709,126,1
7710,94,1
7711,99,1
7712,39,1
7713,179,0
7714,52,0
7715,200,0
7716,129,0
7717,73,0
7718,117,0
7719,58,1
7720,52,1
7721,40,1
7722,77,0
7723,31,1
7724,67,0
7725,58,1
7726,92,0
7727,170,1
7728,115,1
7729,73,0
7730,25,0
7731,37,1
7732,40,1
7733,44,1
7734,95,1
7735,66,0
7736,67,1
7737,36,0
7738,48,1
7739,55,1
7740,64,1
7741,57,1
7742,31,1
7743,32,1
7744,49,1
7745,21,1
7746,60,1
7747,64,1
7748,159,1
7749,164,1
7750,38,1
7751,53,1
7752,70,1
7753,64,1
7754,112,1
7755,63,1
7756,54,0
7757,64,0
7758,43,1
7759,92,1
7760,81,0
7761,13,0
7762,36,0
7763,39,1
7764,42,1
7765,87,1
7766,69,1
7767,67,1
7768,44,1
7769,69,1
7770,19,0
7771,94,0
7772,27,1
7773,39,0
7774,52,1
7775,45,0
7776,136,1
7777,41,0
7778,33,0
7779,114,1
7780,158,0
7781,64,1
7782,61,0
7783,23,0
7784,30,1
7785,71,1
7786,109,0
7787,107,0
7788,88,1
7789,11,0
7790,84,1
7791,119,1
7792,200,0
7793,79,1
7794,97,0
7795,148,0
7796,92,1
7797,61,1
7798,26,0
7799,142,0
7800,81,1
7801,111,1
7802,34,0
7803,30,1
7804,16,0
7805,87,1
7806,25,0
7807,46,1
7808,44,1
7809,79,1
7810,50,1
7811,89,0
7812,42,1
7813,39,1
7814,46,1
7815,38,1
7816,126,1
7817,31,1
7818,200,0
7819,76,0
7820,47,1
7821,21,1
7822,97,1
7823,69,1
7824,54,1
7825,27,0
7826,9,0
7827,19,0
7828,63,1
7829,49,1
7830,74,0
7831,78,0
7832,26,1
7833,44,1
7834,98,1
7835,38,0
7836,40,1
7837,144,1
7838,64,1
7839,78,0
7840,47,1
7841,46,0
7842,82,1
7843,89,1
7844,33,0
7845,74,1
7846,46,1
7847,97,0
7848,50,1
7849,44,0
7850,35,1
7851,61,1
7852,21,0
7853,29,0
7854,9,0
7855,34,1
7856,37,1
7857,37,1
7858,74,0
7859,56,0
7860,52,1
7861,42,0
7862,30,0
7863,139,1
7864,88,1
7865,59,0
7866,63,1
7867,57,1
7868,38,0
7869,74,1
7870,135,0
7871,32,1
7872,93,1
7873,50,1
7874,67,1
7875,70,1
7876,200,0
7877,74,1
7878,58,1
7879,44,0
7880,117,1
7881,121,1
7882,59,1
7883,34,0
7884,40,1
7885,62,1
7886,62,1
7887,139,1
7888,24,1
7889,59,1
7890,36,0
7891,40,0
7892,31,0
7893,58,1
7894,33,1
7895,23,0
7896,78,0
7897,54,1
7898,60,1
7899,99,1
7900,51,1
7901,60,1
7902,63,0
7903,30,0
7904,167,1
7905,106,1
7906,135,1
7907,37,1
7908,90,1
7909,34,1
7910,79,1
7911,18,0
7912,63,1
7913,150,1
7914,60,1
7915,70,1
7916,87,1
7917,59,1
7918,14,0
7919,49,1
7920,82,1
7921,21,1
7922,73,1
7923,43,1
7924,35,1
7925,40,1
7926,54,1
7927,97,0
7928,43,0
7929,34,1
7930,68,1
7931,67,1
7932,56,1
7933,66,0
7934,121,1
7935,79,1
7936,71,1
7937,158,1
7938,93,1
7939,60,1
7940,30,1
7941,26,1
7942,57,0
7943,127,1
7944,52,1
7945,126,1
7946,120,1
7947,82,0
7948,198,0
7949,57,1
7950,73,0
7951,75,1
7952,80,1
7953,38,1
7954,67,1
7955,40,1
7956,65,1
7957,49,1
7958,58,1
7959,54,0
7960,58,1
7961,81,0
7962,49,1
7963,65,1
7964,82,1
7965,34,1
7966,61,1
7967,53,1
7968,51,1
7969,164,1
7970,28,1
7971,149,1
7972,65,1
7973,68,1
7974,42,1
7975,23,1
7976,45,0
7977,13,0
7978,57,1
7979,30,0
7980,89,0
7981,31,0
7982,50,0
7983,18,0
7984,81,1
7985,118,1
7986,68,0
7987,77,1
7988,71,1
7989,49,1
7990,102,1
7991,27,1
7992,12,0
7993,63,0
7994,35,0
7995,92,1
7996,29,1
7997,47,1
7998,54,1
7999,91,1
8000,28,1
8001,22,1
8002,58,1
8003,17,1
8004,63,0
8005,200,0
8006,90,1
8007,143,0
8008,82,1
8009,109,1
8010,63,1
8011,52,1
8012,56,1
8013,83,0
8014,138,1
8015,65,1
8016,44,1
8017,36,1
8018,70,1
8019,77,0
8020,40,1
8021,99,1
8022,27,0
8023,11,0
8024,53,1
8025,200,0
8026,59,1
8027,107,1
8028,138,0
8029,154,1
8030,27,1
8031,81,0
8032,72,1
8033,46,1
8034,94,1
8035,200,0
8036,98,1
8037,31,0
8038,119,1
8039,80,1
8040,34,0
8041,16,0
8042,30,1
8043,41,1
8044,92,0
8045,44,1
8046,86,1
8047,66,1
8048,17,0
8049,58,1
8050,40,1
8051,116,1
8052,17,0
8053,14,0
8054,88,1
8055,90,1
8056,17,0
8057,68,1
8058,74,0
8059,36,0
8060,39,1
8061,75,1
8062,26,1
8063,45,1
8064,31,0
8065,142,1
8066,57,1
8067,50,1
8068,60,0
8069,39,0
8070,76,1
8071,59,1
8072,66,1
8073,71,1
8074,78,0
8075,62,1
8076,42,1
8077,108,1
8078,75,1
8079,37,1
8080,56,0
8081,90,1
8082,26,1
8083,66,0
8084,142,1
8085,50,1
8086,35,1
8087,65,1
8088,26,0
8089,27,0
8090,69,0
8091,31,1
8092,29,1
8093,43,1
8094,31,1
8095,98,1
8096,73,1
8097,26,0
8098,107,1
8099,78,1
8100,67,1
8101,81,1
8102,109,0
8103,68,0
8104,41,1
8105,21,0
8106,15,0
8107,50,1
8108,38,1
8109,25,1
8110,53,1
8111,63,1
8112,93,1
8113,36,1
8114,45,0
8115,76,1
8116,118,1
8117,43,1
8118,63,1
8119,33,0
8120,55,1
8121,99,1
8122,62,0
8123,134,1
8124,123,1
8125,99,1
8126,28,1
8127,84,1
8128,63,1
8129,19,0
8130,71,1
8131,71,1
8132,75,0
8133,35,1
8134,132,1
8135,7,0
8136,54,0
8137,30,1
8138,70,1
8139,77,0
8140,77,0
8141,50,1
8142,53,1
8143,7,0
8144,34,0
8145,40,1
8146,56,1
8147,35,1
8148,86,1
8149,48,0
8150,100,0
8151,35,1
8152,68,1
8153,67,1
8154,104,1
8155,173,0
8156,80,0
8157,193,1
8158,132,1
8159,29,1
8160,38,1
8161,136,1
8162,27,0
8163,66,1
8164,102,1
8165,135,1
8166,44,1
8167,57,1
8168,36,0
8169,124,1
8170,118,1
8171,96,1
8172,33,1
8173,76,1
8174,94,1
8175,57,1
8176,71,1
8177,15,0
8178,86,1
8179,27,0
8180,84,1
8181,92,1
8182,23,0
8183,61,1
8184,59,1
8185,62,1
8186,83,0
8187,118,1
8188,91,1
8189,13,0
8190,43,1
8191,38,0
8192,30,1
8193,138,1
8194,94,0
8195,41,1
8196,12,0
8197,102,1
8198,65,1
8199,50,1
8200,88,1
8201,33,1
8202,33,1
8203,57,1
8204,130,1
8205,60,1
8206,167,1
8207,44,0
8208,33,0
8209,69,1
8210,62,1
8211,54,1
8212,40,1
8213,11,0
8214,37,0
8215,17,0
8216,100,1
8217,36,0
8218,60,1
8219,113,1
8220,55,1
8221,22,0
8222,13,0
8223,77,1
8224,15,0
8225,30,0
8226,72,1
8227,155,1
8228,50,1
8229,48,0
8230,200,0
8231,147,1
8232,42,1
8233,50,0
8234,71,1
8235,58,1
8236,42,1
8237,39,1
8238,63,1
8239,33,0
8240,46,1
8241,59,1
8242,80,1
8243,91,1
8244,51,0
8245,98,1
8246,39,1
8247,125,1
8248,62,1
8249,64,1
8250,53,1
8251,46,1
8252,62,1
8253,34,1
8254,65,1
8255,72,1
8256,136,1
8257,91,0
8258,93,1
8259,148,1
8260,89,1
8261,196,0
8262,49,0
8263,111,1
8264,45,0
8265,67,1
8266,36,1
8267,110,0
8268,29,0
8269,76,0
8270,100,1
8271,72,0
8272,200,0
8273,28,0
8274,69,1
8275,194,1
8276,66,1
8277,74,1
8278,37,1
8279,45,0
8280,98,1
8281,38,1
8282,47,1
8283,68,0
8284,76,1
8285,64,0
8286,76,1
8287,39,1
8288,42,1
8289,25,1
8290,73,1
8291,14,0
8292,45,0
8293,71,1
8294,13,0
8295,40,0
8296,71,1
8297,55,1
8298,180,1
8299,36,0
8300,43,1
8301,68,1
8302,37,0
8303,49,1
8304,28,1
8305,82,1
8306,40,0
8307,53,1
8308,40,1
8309,36,1
8310,62,0
8311,29,0
8312,40,1
8313,12,0
8314,96,1
8315,70,0
8316,70,1
8317,137,1
8318,33,1
8319,56,1
8320,39,1
8321,95,1
8322,108,1
8323,118,1
8324,74,1
8325,77,1
8326,73,1
8327,115,1
8328,64,1
8329,66,1
8330,16,0
8331,54,1
8332,49,1
8333,41,1
8334,59,1
8335,60,1
8336,88,1
8337,110,1
8338,200,0
8339,22,0
8340,48,1
8341,72,1
8342,60,1
8343,114,0
8344,73,1
8345,28,0
8346,42,1
8347,80,1
8348,148,1
8349,91,1
8350,24,1
8351,146,0
8352,93,1
8353,70,0
8354,9,0
8355,24,0
8356,41,0
8357,92,1
8358,42,1
8359,34,0
8360,51,1
8361,72,0
8362,42,1
8363,45,1
8364,73,1
8365,15,0
8366,71,1
8367,79,1
8368,141,1
8369,36,1
8370,105,1
8371,200,0
8372,21,1
8373,49,1
8374,44,1
8375,157,0
8376,15,0
8377,58,1
8378,85,1
8379,55,1
8380,152,1
8381,166,1
8382,132,1
8383,56,1
8384,48,1
8385,113,1
8386,69,1
8387,34,1
8388,92,1
8389,91,1
8390,31,1
8391,41,0
8392,44,0
8393,156,0
8394,96,1
8395,62,1
8396,67,0
8397,51,0
8398,38,1
8399,86,1
8400,57,1
8401,102,1
8402,47,1
8403,71,0
8404,71,1
8405,47,0
8406,85,1
8407,163,1
8408,74,1
8409,80,1
8410,15,0
8411,109,1
8412,89,1
8413,88,0
8414,15,0
8415,14,0
8416,200,0
8417,70,1
8418,61,0
8419,26,1
8420,55,1
8421,72,1
8422,81,1
8423,34,0
8424,48,0
8425,37,1
8426,114,1
8427,67,0
8428,58,1
8429,168,0
8430,38,1
8431,36,0
8432,57,1
8433,19,1
8434,77,1
8435,72,1
8436,108,1
8437,91,1
8438,51,1
8439,69,1
8440,66,0
8441,41,1
8442,43,1
8443,55,1
8444,32,0
8445,54,1
8446,90,1
8447,87,1
8448,45,0
8449,53,1
8450,76,1
8451,84,1
8452,55,1
8453,69,1
8454,66,1
8455,44,1
8456,53,0
8457,52,0
8458,59,1
8459,57,0
8460,30,0
8461,40,0
8462,41,1
8463,105,1
8464,31,1
8465,62,1
8466,49,0
8467,59,1
8468,52,1
8469,76,1
8470,22,1
8471,138,1
8472,49,1
8473,89,1
8474,104,0
8475,15,0
8476,83,0
8477,39,1
8478,72,1
8479,39,1
8480,26,1
8481,51,0
8482,47,1
8483,14,0
8484,15,0
8485,82,1
8486,85,1
8487,34,0
8488,41,0
8489,40,1
8490,18,0
8491,70,1
8492,158,1
8493,165,1
8494,66,1
8495,65,1
8496,30,0
8497,118,1
8498,72,1
8499,76,1
8500,55,1
8501,34,0
8502,25,0
8503,65,1
8504,39,1
8505,93,1
8506,77,1
8507,28,0
8508,17,0
8509,71,1
8510,79,1
8511,35,1
8512,10,0
8513,99,1
8514,72,1
8515,78,1
8516,91,1
8517,50,0
8518,29,0
8519,25,1
8520,79,1
8521,86,1
8522,13,0
8523,17,0
8524,53,1
8525,117,0
8526,53,0
8527,130,1
8528,46,1
8529,82,1
8530,27,1
8531,75,1
8532,79,1
8533,34,1
8534,29,0
8535,97,1
8536,34,1
8537,33,1
8538,15,0
8539,58,1
8540,35,1
8541,98,1
8542,56,0
8543,38,1
8544,81,1
8545,32,1
8546,38,0
8547,66,1
8548,36,0
8549,57,1
8550,66,0
8551,131,1
8552,59,1
8553,39,0
8554,75,1
8555,83,1
8556,60,1
8557,37,1
8558,97,1
8559,31,1
8560,79,1
8561,34,0
8562,46,0
8563,68,1
8564,31,1
8565,114,1
8566,55,1
8567,127,1
8568,30,1
8569,14,0
8570,69,1
8571,98,0
8572,164,1
8573,46,0
8574,77,1
8575,115,1
8576,52,1
8577,107,1
8578,151,1
8579,72,1
8580,32,1
8581,101,0
8582,140,1
8583,97,0
8584,45,1
8585,20,0
8586,75,0
8587,54,1
8588,104,1
8589,58,1
8590,98,1
8591,58,1
8592,49,1
8593,152,1
8594,41,0
8595,76,1
8596,83,1
8597,69,1
8598,65,1
8599,71,1
8600,124,1
8601,125,1
8602,27,0
8603,30,1
8604,100,1
8605,57,1
8606,65,1
8607,50,1
8608,121,1
8609,77,0
8610,50,1
8611,47,1
8612,74,1
8613,52,0
8614,60,1
8615,39,1
8616,63,1
8617,115,1
8618,13,0
8619,12,0
8620,58,1
8621,54,1
8622,35,0
8623,70,1
8624,44,1
8625,175,1
8626,116,1
8627,63,1
8628,51,1
8629,75,1
8630,68,1
8631,65,0
8632,124,0
8633,70,0
8634,41,0
8635,37,1
8636,95,1
8637,94,1
8638,56,0
8639,87,0
8640,31,1
8641,85,1
8642,59,1
8643,84,1
8644,120,0
8645,15,0
8646,60,1
8647,73,0
8648,80,1
8649,114,1
8650,29,0
8651,33,1
8652,61,1
8653,45,1
8654,90,1
8655,50,1
8656,92,1
8657,20,0
8658,40,1
8659,27,1
8660,120,0
8661,51,1
8662,94,1
8663,50,1
8664,92,1
8665,78,1
8666,79,1
8667,138,1
8668,59,1
8669,79,0
8670,132,1
8671,15,0
8672,36,1
8673,104,0
8674,75,1
8675,101,1
8676,88,1
8677,59,1
8678,34,1
8679,95,1
8680,71,0
8681,39,1
8682,9,0
8683,78,1
8684,67,0
8685,82,1
8686,182,1
8687,106,1
8688,50,1
8689,168,1
8690,14,0
8691,72,1
8692,53,1
8693,95,1
8694,46,0
8695,100,1
8696,17,0
8697,116,1
8698,97,1
8699,116,1
8700,47,1
8701,48,1
8702,117,1
8703,147,1
8704,46,1
8705,15,0
8706,76,1
8707,96,0
8708,41,1
8709,43,1
8710,35,1
8711,66,1
8712,66,0
8713,57,0
8714,31,1
8715,53,1
8716,31,0
8717,53,0
8718,58,0
8719,66,1
8720,119,1
8721,38,1
8722,68,1
8723,39,1
8724,180,1
8725,167,1
8726,117,1
8727,30,1
8728,123,1
8729,123,1
8730,15,0
8731,45,1
8732,54,0
8733,179,1
8734,57,1
8735,135,1
8736,56,1
8737,169,1
8738,40,0
8739,111,1
8740,21,0
8741,66,1
8742,90,1
8743,51,1
8744,66,1
8745,56,1
8746,17,0
8747,88,0
8748,44,1
8749,161,0
8750,39,1
8751,39,0
8752,20,0
8753,45,1
8754,73,1
8755,72,1
8756,53,0
8757,47,1
8758,31,1
8759,65,1
8760,132,1
8761,68,1
8762,52,1
8763,27,0
8764,34,0
8765,48,1
8766,62,0
8767,45,0
8768,76,1
8769,63,1
8770,100,0
8771,70,0
8772,151,1
8773,79,1
8774,165,1
8775,79,1
8776,112,1
8777,58,0
8778,28,1
8779,43,1
8780,62,0
8781,43,1
8782,91,1
8783,104,1
8784,200,0
8785,113,1
8786,56,1
8787,70,1
8788,39,1
8789,73,1
8790,75,1
8791,33,1
8792,32,1
8793,109,1
8794,45,1
8795,116,1
8796,37,1
8797,26,0
8798,47,1
8799,182,1
8800,92,0
8801,41,0
8802,57,1
8803,65,0
8804,38,0
8805,40,1
8806,40,1
8807,69,1
8808,23,0
8809,48,1
8810,55,1
8811,150,0
8812,36,1
8813,90,0
8814,57,1
8815,74,1
8816,66,1
8817,41,1
8818,31,1
8819,12,0
8820,167,1
8821,93,0
8822,54,1
8823,48,1
8824,109,1
8825,78,1
8826,44,1
8827,52,1
8828,100,0
8829,38,1
8830,27,0
8831,26,0
8832,15,0
8833,71,0
8834,44,1
8835,25,0
8836,18,0
8837,39,1
8838,178,1
8839,13,0
8840,41,1
8841,101,0
8842,191,1
8843,62,1
8844,145,0
8845,40,0
8846,74,1
8847,21,0
8848,142,1
8849,126,1
8850,54,1
8851,86,1
8852,65,1
8853,110,1
8854,42,1
8855,155,1
8856,26,1
8857,76,1
8858,55,1
8859,55,0
8860,129,1
8861,12,0
8862,102,1
8863,62,0
8864,38,0
8865,13,0
8866,69,1
8867,50,1
8868,41,1
8869,20,0
8870,46,0
8871,89,1
8872,63,0
8873,84,1
8874,39,1
8875,52,1
8876,200,0
8877,56,1
8878,45,1
8879,15,0
8880,85,1
8881,91,0
8882,114,1
8883,97,0
8884,46,1
8885,50,1
8886,44,1
8887,36,1
8888,132,1
8889,119,1
8890,51,0
8891,109,1
8892,71,1
8893,72,1
8894,73,1
8895,65,1
8896,53,0
8897,53,1
8898,87,1
8899,76,1
8900,107,1
8901,38,1
8902,39,1
8903,45,1
8904,55,1
8905,46,1
8906,44,0
8907,54,0
8908,73,1
8909,56,1
8910,112,0
8911,21,0
8912,7,0
8913,43,1
8914,86,0
8915,28,1
8916,128,0
8917,136,1
8918,47,1
8919,36,1
8920,85,1
8921,82,1
8922,25,0
8923,148,0
8924,92,1
8925,37,1
8926,39,1
8927,80,0
8928,33,0
8929,48,0
8930,33,0
8931,67,0
8932,67,1
8933,84,1
8934,119,1
8935,23,1
8936,38,0
8937,110,1
8938,36,1
8939,31,1
8940,182,0
8941,55,1
8942,88,1
8943,92,0
8944,23,0
8945,55,1
8946,50,1
8947,67,1
8948,41,1
8949,110,1
8950,85,1
8951,91,1
8952,98,0
8953,90,1
8954,72,1
8955,41,0
8956,55,1
8957,34,1
8958,34,0
8959,28,1
8960,39,0
8961,144,1
8962,92,1
8963,39,1
8964,51,1
8965,33,1
8966,51,0
8967,57,1
8968,46,1
8969,31,1
8970,143,1
8971,52,1
8972,58,1
8973,30,1
8974,53,1
8975,28,0
8976,43,1
8977,123,1
8978,52,1
8979,117,1
8980,83,1
8981,32,1
8982,53,1
8983,27,0
8984,100,1
8985,89,0
8986,180,1
8987,100,0
8988,86,1
8989,17,0
8990,96,1
8991,139,1
8992,56,1
8993,61,1
8994,21,0
8995,58,1
8996,17,0
8997,37,1
8998,66,1
8999,19,0
9000,45,1
9001,89,0
9002,35,1
9003,52,1
9004,49,1
9005,38,0
9006,92,1
9007,136,1
9008,75,0
9009,56,1
9010,36,0
9011,17,0
9012,73,1
9013,66,1
9014,56,0
9015,10,0
9016,36,1
9017,51,1
9018,157,0
9019,104,1
9020,58,0
9021,64,0
9022,68,0
9023,168,1
9024,105,0
9025,77,1
9026,54,1
9027,32,1
9028,70,0
9029,129,1
9030,77,1
9031,39,1
9032,62,1
9033,68,1
9034,49,1
9035,127,1
9036,159,1
9037,40,1
9038,69,1
9039,59,1
9040,62,1
9041,125,1
9042,60,1
9043,155,1
9044,47,1
9045,52,0
9046,103,1
9047,51,1
9048,48,1
9049,62,1
9050,79,0
9051,70,1
9052,42,1
9053,47,0
9054,27,1
9055,88,1
9056,39,1
9057,51,1
9058,39,1
9059,78,1
9060,25,1
9061,39,1
9062,93,1
9063,158,1
9064,58,0
9065,49,0
9066,63,1
9067,34,0
9068,54,1
9069,54,0
9070,145,0
9071,81,1
9072,50,1
9073,62,1
9074,49,0
9075,59,1
9076,29,1
9077,43,1
9078,50,1
9079,47,1
9080,83,1
9081,158,1
9082,44,1
9083,69,1
9084,116,0
9085,46,1
9086,43,0
9087,52,1
9088,27,0
9089,118,1
9090,69,1
9091,200,0
9092,45,1
9093,53,1
9094,123,1
9095,70,1
9096,15,0
9097,133,1
9098,200,0
9099,72,1
9100,16,0
9101,50,1
9102,23,0
9103,11,0
9104,72,1
9105,51,1
9106,198,1
9107,47,1
9108,12,0
9109,97,1
9110,107,1
9111,59,1
9112,66,1
9113,61,0
9114,60,1
9115,35,1
9116,123,1
9117,58,0
9118,12,0
9119,28,0
9120,57,1
9121,93,1
9122,15,0
9123,12,0
9124,40,1
9125,93,1
9126,127,0
9127,21,1
9128,68,1
9129,112,1
9130,82,1
9131,37,1
9132,120,1
9133,15,0
9134,57,1
9135,29,1
9136,77,0
9137,62,1
9138,34,1
9139,78,1
9140,38,1
9141,20,1
9142,130,1
9143,46,0
9144,88,1
9145,42,0
9146,69,1
9147,34,0
9148,10,0
9149,101,0
9150,152,1
9151,39,1
9152,42,0
9153,18,0
9154,137,1
9155,90,1
9156,88,1
9157,22,1
9158,21,0
9159,102,0
9160,25,0
9161,93,1
9162,69,0
9163,22,1
9164,111,1
9165,70,1
9166,101,1
9167,13,0
9168,28,0
9169,56,1
9170,27,1
9171,45,0
9172,111,1
9173,30,0
9174,47,1
9175,24,1
9176,33,0
9177,95,0
9178,56,0
9179,53,1
9180,50,1
9181,24,0
9182,76,1
9183,64,1
9184,100,1
9185,42,1
9186,75,1
9187,35,1
9188,83,1
9189,106,1
9190,60,1
9191,52,0
9192,31,1
9193,70,1
9194,42,1
9195,53,0
9196,50,0
9197,55,1
9198,15,0
9199,85,0
9200,58,1
9201,62,1
9202,118,0
9203,77,1
9204,24,0
9205,67,0
9206,30,1
9207,39,0
9208,41,0
9209,43,1
9210,105,1
9211,97,1
9212,72,1
9213,62,1
9214,130,1
9215,128,0
9216,101,1
9217,99,1
9218,200,0
9219,32,0
9220,42,1
9221,55,1
9222,29,0
9223,48,1
9224,184,1
9225,46,1
9226,53,1
9227,16,0
9228,98,1
9229,7,0
9230,97,1
9231,51,1
9232,50,1
9233,58,1
9234,35,1
9235,30,1
9236,130,1
9237,56,0
9238,14,0
9239,56,1
9240,29,1
9241,80,1
9242,102,1
9243,112,1
9244,103,1
9245,67,1
9246,104,0
9247,142,1
9248,40,1
9249,65,1
9250,79,1
9251,42,0
9252,26,1
9253,43,1
9254,20,0
9255,59,1
9256,51,1
9257,29,1
9258,63,0
9259,110,1
9260,60,1
9261,54,1
9262,111,0
9263,85,1
9264,38,1
9265,65,1
9266,75,1
9267,80,1
9268,41,1
9269,81,1
9270,111,1
9271,28,1
9272,15,0
9273,85,1
9274,53,1
9275,43,0
9276,75,0
9277,13,0
9278,40,1
9279,113,1
9280,69,0
9281,26,1
9282,37,1
9283,86,1
9284,52,1
9285,85,1
9286,54,1
9287,65,1
9288,40,1
9289,47,0
9290,74,1
9291,41,1
9292,69,1
9293,23,0
9294,54,0
9295,51,1
9296,51,1
9297,36,1
9298,72,1
9299,168,1
9300,115,0
9301,60,1
9302,42,1
9303,73,0
9304,73,0
9305,24,0
9306,22,0
9307,66,1
9308,68,1
9309,22,1
9310,57,1
9311,200,0
9312,59,1
9313,64,0
9314,41,1
9315,19,0
9316,32,1
9317,65,0
9318,73,1
9319,70,1
9320,77,1
9321,41,1
9322,134,1
9323,76,1
9324,104,0
9325,111,1
9326,106,1
9327,36,0
9328,63,1
9329,96,1
9330,200,0
9331,114,1
9332,33,0
9333,76,1
9334,122,0
9335,13,0
9336,62,0
9337,124,1
9338,35,0
9339,47,0
9340,39,1
9341,85,0
9342,46,1
9343,28,1
9344,27,1
9345,62,0
9346,46,1
9347,111,1
9348,54,1
9349,102,0
9350,41,1
9351,131,1
9352,82,1
9353,30,1
9354,36,1
9355,54,1
9356,56,1
9357,139,1
9358,66,1
9359,58,1
9360,86,1
9361,115,1
9362,18,0
9363,46,1
9364,183,1
9365,68,1
9366,51,1
9367,65,1
9368,48,0
9369,156,1
9370,93,1
9371,116,1
9372,109,1
9373,39,0
9374,200,0
9375,48,1
9376,18,0
9377,51,1
9378,86,0
9379,39,1
9380,106,1
9381,74,1
9382,102,1
9383,86,1
9384,92,1
9385,52,1
9386,36,0
9387,64,0
9388,77,1
9389,61,1
9390,11,0
9391,136,0
9392,90,1
9393,62,0
9394,39,1
9395,64,1
9396,184,1
9397,69,0
9398,54,0
9399,71,0
9400,65,1
9401,103,1
9402,89,1
9403,82,0
9404,74,0
9405,72,1
9406,110,1
9407,59,1
9408,111,1
9409,95,1
9410,93,1
9411,125,1
9412,98,1
9413,37,1
9414,149,1
9415,74,1
9416,67,1
9417,67,1
9418,93,1
9419,78,1
9420,98,1
9421,17,0
9422,14,0
9423,50,1
9424,37,1
9425,70,0
9426,85,1
9427,89,0
9428,65,0
9429,162,1
9430,46,0
9431,56,1
9432,79,1
9433,78,1
9434,75,1
9435,64,1
9436,112,1
9437,43,0
9438,96,0
9439,23,0
9440,38,0
9441,72,0
9442,49,1
9443,174,1
9444,82,1
9445,65,1
9446,62,0
9447,39,1
9448,36,1
9449,128,1
9450,87,1
9451,81,1
9452,38,1
9453,75,1
9454,55,1
9455,19,0
9456,67,1
9457,28,1
9458,56,0
9459,72,0
9460,82,1
9461,108,0
9462,9,0
9463,76,0
9464,55,1
9465,48,1
9466,81,1
9467,60,1
9468,69,1
9469,26,1
9470,41,1
9471,57,1
9472,76,0
9473,24,0
9474,157,1
9475,106,1
9476,47,1
9477,70,1
9478,119,1
9479,54,1
9480,85,1
9481,109,1
9482,46,1
9483,87,1
9484,61,1
9485,58,1
9486,49,1
9487,45,0
9488,44,1
9489,87,1
9490,46,1
9491,40,0
9492,48,0
9493,11,0
9494,42,1
9495,61,1
9496,78,0
9497,72,1
9498,52,1
9499,37,0
9500,21,1
9501,67,1
9502,156,1
9503,114,1
9504,84,1
9505,200,0
9506,42,0
9507,172,1
9508,27,0
9509,31,1
9510,68,1
9511,36,1
9512,100,0
9513,54,1
9514,72,1
9515,100,1
9516,27,0
9517,118,1
9518,68,1
9519,49,1
9520,72,1
9521,116,1
9522,25,1
9523,95,0
9524,37,1
9525,29,1
9526,20,0
9527,40,0
9528,53,1
9529,75,1
9530,24,1
9531,23,0
9532,59,1
9533,87,1
9534,44,0
9535,11,0
9536,45,1
9537,90,1
9538,57,0
9539,35,1
9540,39,1
9541,59,1
9542,39,1
9543,54,1
9544,44,1
9545,127,1
9546,19,0
9547,13,0
9548,126,1
9549,87,1
9550,44,1
9551,88,1
9552,64,0
9553,37,0
9554,74,1
9555,86,1
9556,16,0
9557,34,0
9558,97,1
9559,75,1
9560,75,1
9561,34,0
9562,48,1
9563,65,1
9564,52,1
9565,191,0
9566,33,1
9567,200,0
9568,49,1
9569,41,1
9570,53,1
9571,123,1
9572,7,0
9573,90,0
9574,27,0
9575,47,0
9576,65,1
9577,109,1
9578,75,0
9579,111,0
9580,28,0
9581,10,0
9582,55,1
9583,35,1
9584,43,1
9585,37,0
9586,19,0
9587,82,1
9588,22,0
9589,80,1
9590,60,1
9591,63,1
9592,184,0
9593,41,1
9594,56,1
9595,82,1
9596,73,1
9597,16,0
9598,108,0
9599,44,0
9600,49,0
9601,86,1
9602,58,0
9603,52,1
9604,52,0
9605,27,1
9606,55,0
9607,82,1
9608,31,0
9609,55,1
9610,129,1
9611,47,0
9612,121,1
9613,52,1
9614,67,1
9615,42,1
9616,22,0
9617,96,1
9618,141,1
9619,137,1
9620,93,1
9621,30,0
9622,128,1
9623,82,1
9624,44,0
9625,142,1
9626,11,0
9627,45,1
9628,64,1
9629,58,0
9630,60,1
9631,65,1
9632,77,1
9633,24,1
9634,78,0
9635,22,0
9636,35,0
9637,58,1
9638,67,1
9639,75,1
9640,80,0
9641,25,0
9642,21,0
9643,55,1
9644,132,1
9645,22,0
9646,26,0
9647,90,1
9648,77,1
9649,20,0
9650,42,1
9651,29,0
9652,71,1
9653,12,0
9654,54,1
9655,44,1
9656,57,0
9657,45,1
9658,63,1
9659,173,1
9660,94,0
9661,13,0
9662,40,1
9663,87,1
9664,29,1
9665,125,1
9666,60,1
9667,103,1
9668,148,1
9669,119,1
9670,74,1
9671,15,0
9672,83,1
9673,149,1
9674,47,1
9675,119,1
9676,25,1
9677,124,1
9678,30,0
9679,44,1
9680,200,0
9681,140,1
9682,28,1
9683,65,0
9684,43,0
9685,142,1
9686,106,1
9687,52,1
9688,115,1
9689,76,1
9690,57,1
9691,33,0
9692,74,0
9693,66,1
9694,196,1
9695,65,1
9696,59,1
9697,27,0
9698,38,1
9699,55,1
9700,72,1
9701,22,0
9702,77,1
9703,44,0
9704,84,0
9705,73,1
9706,62,1
9707,61,1
9708,66,1
9709,54,0
9710,107,0
9711,43,0
9712,40,1
9713,49,1
9714,90,1
9715,104,1
9716,88,1
9717,53,1
9718,53,1
9719,42,1
9720,42,0
9721,34,1
9722,59,1
9723,171,1
9724,37,1
9725,16,0
9726,108,1
9727,79,1
9728,47,1
9729,125,1
9730,59,1
9731,94,1
9732,24,1
9733,88,1
9734,36,0
9735,135,1
9736,61,1
9737,52,1
9738,67,0
9739,127,1
9740,26,0
9741,139,1
9742,47,1
9743,50,1
9744,26,0
9745,140,1
9746,76,1
9747,44,1
9748,96,1
9749,52,0
9750,76,0
9751,64,1
9752,123,1
9753,30,1
9754,41,1
9755,31,1
9756,59,1
9757,100,0
9758,58,1
9759,50,1
9760,48,1
9761,37,1
9762,63,0
9763,64,1
9764,28,1
9765,111,1
9766,69,0
9767,35,1
9768,68,1
9769,38,1
9770,50,0
9771,75,1
9772,39,0
9773,45,0
9774,72,1
9775,38,1
9776,22,0
9777,130,1
9778,36,1
9779,183,0
9780,46,0
9781,21,0
9782,48,0
9783,34,0
9784,70,1
9785,66,1
9786,56,1
9787,88,1
9788,48,1
9789,125,1
9790,65,0
9791,110,0
9792,46,1
9793,37,0
9794,151,0
9795,41,1
9796,91,1
9797,102,1
9798,78,0
9799,65,1
9800,148,1
9801,58,0
9802,200,0
9803,36,1
9804,39,1
9805,31,1
9806,23,0
9807,88,0
9808,50,1
9809,92,0
9810,26,1
9811,85,1
9812,87,0
9813,160,1
9814,63,1
9815,18,0
9816,107,0
9817,126,1
9818,12,0
9819,106,1
9820,37,0
9821,60,1
9822,73,0
9823,35,1
9824,85,1
9825,47,1
9826,139,0
9827,25,0
9828,125,1
9829,77,1
9830,45,1
9831,57,0
9832,154,1
9833,45,0
9834,77,1
9835,47,0
9836,72,1
9837,72,1
9838,84,1
9839,63,1
9840,62,0
9841,81,1
9842,34,0
9843,65,1
9844,40,1
9845,40,1
9846,43,1
9847,45,0
9848,32,1
9849,66,0
9850,64,1
9851,41,1
9852,83,1
9853,16,0
9854,48,1
9855,55,1
9856,86,1
9857,53,1
9858,146,0
9859,40,1
9860,28,1
9861,42,1
9862,62,0
9863,47,1
9864,30,1
9865,38,1
9866,44,1
9867,94,1
9868,77,1
9869,35,1
9870,42,0
9871,52,1
9872,35,0
9873,68,0
9874,39,1
9875,67,0
9876,63,1
9877,83,0
9878,148,0
9879,62,1
9880,112,1
9881,36,1
9882,115,0
9883,42,1
9884,63,1
9885,27,1
9886,81,1
9887,18,0
9888,55,1
9889,23,0
9890,154,1
9891,64,0
9892,47,1
9893,65,0
9894,53,0
9895,44,0
9896,72,1
9897,47,1
9898,97,1
9899,40,1
9900,91,1
9901,57,1
9902,101,1
9903,35,1
9904,95,1
9905,13,0
9906,25,1
9907,126,1
9908,52,1
9909,57,1
9910,55,1
9911,56,1
9912,9,0
9913,62,1
9914,43,1
9915,64,0
9916,17,0
9917,40,1
9918,69,0
9919,32,1
9920,43,1
9921,88,1
9922,67,1
9923,18,0
9924,44,1
9925,178,1
9926,91,0
9927,47,1
9928,58,0
9929,40,1
9930,93,0
9931,56,1
9932,57,0
9933,39,0
9934,143,1
9935,44,1
9936,15,0
9937,37,1
9938,101,1
9939,107,1
9940,43,0
9941,80,1
9942,46,0
9943,66,1
9944,75,1
9945,31,1
9946,115,1
9947,15,0
9948,32,0
9949,63,1
9950,61,0
9951,45,0
9952,38,0
9953,58,1
9954,109,1
9955,66,1
9956,45,0
9957,117,1
9958,27,1
9959,119,1
9960,49,0
9961,20,1
9962,55,0
9963,46,1
9964,73,1
9965,50,1
9966,76,1
9967,63,1
9968,45,1
9969,119,1
9970,63,0
9971,36,0
9972,112,1
9973,39,1
9974,46,1
9975,104,1
9976,72,1
9977,58,1
9978,64,1
9979,61,1
9980,34,1
9981,55,1
9982,78,1
9983,35,1
9984,102,1
9985,36,1
9986,152,1
9987,24,0
9988,19,1
9989,62,0
9990,77,1
9991,118,1
9992,59,1
9993,147,0
9994,25,0
9995,44,1
9996,75,1
9997,111,1
9998,92,1
9999,60,1
