episode,steps,reward
0,9,0
1,39,0
2,35,0
3,15,0
4,27,0
5,56,0
6,26,0
7,17,0
8,29,0
9,24,0
10,42,0
11,30,1
12,45,0
13,13,0
14,10,0
15,71,0
16,17,0
17,94,0
18,70,0
19,132,0
20,82,0
21,89,0
22,35,0
23,27,0
24,107,0
25,23,0
26,109,0
27,89,0
28,38,0
29,13,0
30,22,0
31,25,0
32,13,0
33,36,0
34,78,1
35,47,0
36,21,0
37,101,0
38,119,0
39,69,0
40,60,0
41,200,0
42,55,0
43,55,1
44,149,1
45,122,0
46,159,0
47,49,0
48,137,0
49,86,0
50,200,0
51,36,0
52,55,0
53,132,0
54,65,0
55,60,0
56,9,0
57,200,0
58,99,1
59,200,0
60,99,1
61,200,0
62,200,0
63,145,1
64,93,1
65,192,1
66,58,1
67,67,1
68,200,0
69,200,0
70,200,0
71,200,0
72,136,1
73,61,1
74,114,1
75,115,1
76,179,1
77,107,1
78,125,1
79,200,0
80,200,0
81,200,0
82,124,1
83,110,1
84,75,1
85,181,1
86,200,0
87,68,1
88,160,1
89,170,1
90,49,1
91,55,1
92,95,1
93,198,1
94,97,1
95,103,1
96,200,0
97,200,0
98,200,0
99,200,0
100,187,1
101,200,0
102,200,0
103,200,0
104,167,1
105,118,1
106,61,1
107,153,1
108,58,1
109,164,1
110,49,1
111,200,0
112,135,1
113,80,1
114,65,1
115,153,1
116,200,0
117,200,0
118,109,1
119,78,1
120,85,1
121,200,0
122,175,1
123,200,0
124,200,0
125,104,1
126,112,1
127,136,1
128,131,1
129,200,0
130,99,1
131,101,1
132,106,1
133,133,1
134,200,0
135,69,1
136,108,1
137,75,1
138,60,1
139,135,1
140,200,0
141,172,1
142,109,1
143,139,1
144,54,1
145,200,0
146,84,1
147,68,1
148,82,1
149,96,1
150,86,1
151,67,1
152,123,1
153,149,1
154,200,0
155,79,1
156,89,1
157,119,1
158,88,1
159,50,1
160,57,1
161,97,1
162,141,1
163,200,0
164,129,1
165,136,1
166,125,1
167,200,0
168,175,1
169,200,0
170,200,0
171,200,0
172,89,1
173,200,0
174,85,1
175,34,1
176,200,0
177,96,1
178,165,1
179,200,0
180,148,1
181,107,1
182,200,0
183,111,1
184,144,1
185,61,1
186,126,1
187,200,0
188,123,1
189,60,1
190,145,1
191,90,1
192,54,1
193,63,1
194,200,0
195,196,1
196,176,1
197,190,1
198,68,1
199,132,1
200,172,1
201,123,1
202,200,0
203,44,1
204,187,1
205,112,1
206,150,1
207,200,1
208,200,0
209,140,1
210,80,1
211,97,1
212,185,1
213,42,1
214,53,1
215,135,1
216,175,1
217,95,1
218,194,1
219,147,1
220,172,1
221,150,1
222,200,0
223,62,1
224,40,1
225,94,1
226,88,1
227,200,0
228,131,1
229,39,1
230,90,1
231,97,1
232,119,1
233,102,1
234,70,1
235,97,1
236,74,1
237,73,1
238,38,1
239,57,1
240,80,1
241,82,1
242,141,1
243,200,0
244,190,1
245,200,0
246,142,1
247,200,0
248,127,1
249,200,0
250,79,1
251,54,1
252,88,1
253,36,1
254,110,1
255,149,1
256,131,1
257,200,0
258,173,1
259,162,1
260,85,1
261,122,1
262,165,1
263,112,1
264,90,1
265,115,1
266,134,1
267,93,1
268,94,1
269,105,1
270,112,1
271,78,1
272,162,1
273,60,0
274,116,1
275,64,1
276,108,1
277,134,1
278,55,1
279,85,1
280,179,1
281,111,1
282,100,1
283,149,1
284,78,1
285,117,1
286,104,1
287,108,1
288,80,1
289,65,1
290,76,1
291,168,1
292,69,1
293,100,1
294,81,1
295,194,1
296,79,1
297,100,1
298,85,1
299,159,1
300,163,1
301,77,1
302,77,1
303,47,1
304,47,1
305,137,1
306,63,1
307,89,1
308,86,1
309,53,1
310,200,0
311,125,1
312,104,1
313,137,1
314,78,1
315,45,1
316,91,1
317,76,1
318,200,0
319,56,1
320,193,1
321,172,1
322,90,1
323,69,1
324,121,1
325,116,1
326,187,1
327,200,0
328,92,1
329,60,1
330,200,0
331,165,1
332,200,0
333,86,1
334,200,0
335,113,1
336,77,1
337,200,0
338,181,1
339,85,1
340,200,0
341,180,1
342,52,1
343,192,1
344,179,1
345,97,1
346,200,0
347,119,1
348,93,1
349,200,0
350,200,0
351,103,1
352,105,1
353,102,1
354,81,1
355,132,1
356,88,1
357,74,1
358,198,1
359,87,1
360,67,1
361,87,1
362,28,1
363,200,0
364,89,1
365,200,0
366,121,1
367,88,1
368,67,1
369,98,1
370,110,1
371,200,0
372,146,1
373,102,1
374,122,1
375,148,1
376,74,1
377,91,1
378,62,1
379,101,1
380,56,1
381,200,0
382,124,1
383,60,1
384,200,0
385,114,1
386,137,1
387,135,1
388,63,1
389,64,1
390,106,1
391,180,1
392,200,0
393,39,1
394,200,0
395,59,1
396,200,0
397,123,1
398,91,1
399,114,1
400,200,0
401,200,0
402,137,1
403,110,1
404,100,1
405,50,1
406,48,1
407,113,1
408,94,1
409,200,0
410,33,1
411,200,0
412,200,0
413,56,1
414,65,1
415,160,1
416,200,1
417,158,1
418,127,1
419,58,1
420,66,1
421,108,1
422,169,1
423,124,1
424,73,1
425,88,1
426,116,1
427,47,1
428,177,1
429,54,1
430,142,1
431,100,1
432,125,1
433,95,1
434,33,1
435,140,1
436,68,1
437,49,1
438,200,0
439,140,1
440,200,0
441,44,1
442,200,0
443,115,1
444,180,1
445,79,1
446,141,1
447,124,1
448,183,1
449,99,1
450,155,1
451,43,1
452,40,1
453,169,1
454,185,1
455,51,1
456,99,1
457,75,1
458,176,1
459,137,1
460,85,1
461,200,0
462,56,1
463,142,1
464,100,1
465,200,0
466,62,1
467,100,1
468,200,0
469,128,1
470,73,1
471,192,1
472,48,1
473,55,1
474,172,0
475,75,1
476,103,1
477,190,1
478,200,0
479,52,1
480,200,0
481,88,1
482,171,0
483,92,1
484,63,1
485,103,1
486,89,1
487,60,1
488,161,1
489,61,1
490,133,1
491,200,0
492,200,0
493,85,1
494,154,1
495,137,1
496,81,1
497,84,1
498,67,1
499,28,1
500,76,1
501,35,1
502,200,0
503,93,1
504,138,1
505,93,1
506,122,1
507,124,1
508,135,1
509,74,1
510,95,1
511,124,1
512,31,1
513,74,1
514,164,1
515,130,1
516,169,1
517,200,0
518,81,1
519,78,1
520,99,1
521,142,1
522,52,1
523,116,1
524,65,1
525,64,1
526,200,0
527,142,1
528,119,1
529,59,1
530,171,1
531,97,1
532,131,1
533,75,1
534,200,0
535,87,1
536,123,0
537,165,1
538,86,1
539,164,1
540,200,0
541,124,1
542,89,1
543,157,1
544,53,1
545,129,1
546,127,1
547,185,1
548,62,1
549,145,1
550,123,1
551,89,1
552,200,0
553,84,1
554,57,1
555,38,1
556,107,1
557,109,1
558,108,1
559,70,1
560,100,1
561,160,1
562,42,1
563,200,0
564,198,1
565,191,1
566,88,1
567,29,1
568,111,1
569,59,1
570,200,0
571,168,1
572,125,1
573,68,1
574,99,1
575,93,1
576,111,1
577,107,1
578,177,1
579,105,1
580,200,0
581,111,1
582,129,1
583,122,1
584,106,1
585,91,1
586,87,1
587,116,1
588,99,1
589,61,1
590,83,1
591,102,1
592,48,1
593,91,1
594,183,1
595,130,1
596,109,1
597,104,1
598,51,1
599,40,1
600,88,1
601,90,1
602,77,1
603,49,1
604,40,1
605,200,0
606,97,1
607,200,0
608,75,1
609,106,1
610,45,1
611,140,1
612,85,1
613,77,1
614,45,1
615,177,1
616,86,1
617,138,1
618,69,1
619,115,1
620,64,1
621,89,1
622,119,1
623,115,1
624,132,1
625,48,1
626,43,1
627,193,1
628,86,1
629,70,1
630,132,1
631,104,1
632,98,1
633,117,1
634,65,1
635,53,1
636,79,1
637,50,1
638,52,1
639,67,1
640,102,1
641,85,1
642,102,1
643,138,1
644,182,1
645,139,1
646,124,1
647,92,1
648,51,1
649,107,1
650,147,1
651,54,1
652,51,1
653,94,1
654,114,1
655,79,1
656,73,1
657,54,1
658,120,1
659,155,1
660,182,1
661,33,1
662,148,1
663,117,1
664,171,1
665,89,1
666,85,1
667,60,1
668,200,0
669,103,1
670,142,1
671,190,1
672,85,1
673,200,0
674,184,1
675,67,1
676,68,1
677,128,1
678,122,1
679,89,1
680,125,1
681,64,1
682,108,1
683,83,1
684,60,1
685,94,1
686,120,1
687,111,1
688,81,1
689,44,1
690,105,1
691,74,1
692,121,1
693,118,1
694,77,1
695,62,1
696,100,1
697,33,1
698,152,1
699,200,0
700,86,1
701,200,0
702,99,1
703,51,1
704,76,1
705,52,1
706,103,1
707,145,1
708,89,1
709,119,1
710,97,1
711,77,1
712,200,0
713,200,0
714,200,0
715,99,1
716,64,1
717,89,1
718,200,0
719,99,1
720,106,1
721,200,0
722,89,1
723,133,1
724,107,1
725,182,1
726,162,1
727,130,1
728,94,1
729,65,1
730,124,1
731,69,1
732,96,1
733,110,1
734,195,1
735,81,1
736,116,1
737,75,1
738,101,1
739,141,1
740,200,0
741,93,1
742,121,1
743,83,1
744,40,0
745,133,1
746,41,1
747,127,1
748,197,1
749,27,0
750,200,0
751,126,1
752,109,1
753,119,1
754,58,1
755,200,0
756,94,1
757,110,1
758,97,1
759,66,1
760,200,0
761,198,1
762,126,1
763,69,1
764,127,1
765,152,1
766,182,1
767,86,1
768,52,1
769,111,1
770,196,1
771,80,1
772,23,1
773,200,1
774,54,1
775,53,1
776,119,1
777,200,0
778,132,1
779,33,1
780,200,0
781,87,1
782,98,1
783,141,1
784,180,1
785,146,1
786,69,1
787,58,1
788,124,1
789,111,1
790,102,1
791,83,1
792,72,1
793,138,1
794,123,1
795,139,1
796,17,1
797,94,1
798,48,1
799,76,1
800,139,1
801,67,1
802,191,1
803,79,1
804,96,1
805,142,1
806,162,1
807,105,1
808,110,1
809,117,1
810,66,1
811,131,1
812,200,0
813,82,1
814,142,1
815,34,1
816,181,1
817,98,1
818,85,1
819,200,0
820,200,0
821,130,1
822,200,0
823,131,1
824,65,1
825,200,0
826,87,1
827,66,1
828,94,1
829,90,1
830,35,1
831,129,1
832,64,1
833,182,1
834,152,1
835,72,1
836,84,1
837,129,1
838,175,1
839,87,1
840,130,1
841,135,1
842,130,1
843,122,1
844,200,0
845,200,0
846,84,1
847,99,1
848,82,1
849,117,1
850,136,1
851,49,1
852,54,1
853,110,1
854,33,1
855,82,1
856,81,1
857,108,1
858,200,0
859,128,1
860,126,1
861,97,1
862,44,1
863,122,1
864,65,1
865,38,1
866,70,1
867,129,1
868,115,1
869,100,1
870,91,1
871,50,1
872,35,1
873,180,1
874,185,1
875,72,1
876,196,1
877,81,1
878,200,0
879,92,1
880,73,1
881,71,1
882,55,1
883,200,0
884,200,0
885,72,1
886,104,1
887,187,1
888,105,1
889,73,1
890,104,1
891,26,1
892,128,1
893,146,1
894,104,1
895,38,1
896,200,0
897,38,1
898,70,1
899,200,0
900,119,1
901,57,1
902,118,1
903,67,1
904,171,1
905,97,1
906,123,1
907,59,1
908,137,1
909,68,1
910,60,1
911,157,1
912,116,1
913,95,1
914,81,1
915,35,1
916,104,1
917,122,1
918,83,1
919,164,1
920,52,1
921,156,1
922,70,1
923,166,1
924,169,1
925,105,1
926,66,0
927,200,0
928,164,1
929,187,1
930,169,1
931,200,0
932,69,1
933,200,0
934,86,1
935,77,1
936,46,1
937,200,0
938,103,1
939,104,1
940,200,0
941,149,1
942,130,1
943,110,1
944,150,1
945,37,1
946,67,1
947,109,1
948,77,1
949,51,1
950,95,1
951,59,1
952,85,1
953,76,1
954,120,1
955,200,0
956,59,1
957,57,1
958,171,1
959,116,1
960,77,1
961,96,1
962,83,1
963,200,0
964,60,1
965,87,1
966,124,1
967,200,0
968,140,1
969,150,1
970,101,1
971,40,1
972,49,1
973,82,1
974,85,1
975,80,1
976,151,1
977,77,1
978,94,1
979,45,1
980,146,1
981,130,1
982,140,1
983,73,1
984,179,1
985,190,1
986,94,1
987,96,1
988,95,1
989,36,1
990,113,1
991,44,1
992,61,1
993,200,0
994,156,1
995,200,0
996,178,1
997,200,0
998,95,1
999,62,1
1000,85,1
1001,42,1
1002,48,1
1003,98,1
1004,200,1
1005,68,1
1006,56,1
1007,139,1
1008,62,1
1009,178,1
1010,158,1
1011,72,1
1012,162,1
1013,115,1
1014,74,1
1015,124,1
1016,48,1
1017,39,1
1018,83,1
1019,141,1
1020,179,1
1021,111,1
1022,175,1
1023,84,1
1024,156,1
1025,102,1
1026,64,1
1027,200,0
1028,71,1
1029,138,1
1030,191,1
1031,149,1
1032,177,1
1033,96,1
1034,109,1
1035,50,1
1036,58,1
1037,68,1
1038,75,1
1039,85,1
1040,200,0
1041,158,1
1042,122,1
1043,66,1
1044,76,1
1045,65,1
1046,80,1
1047,80,1
1048,85,1
1049,161,1
1050,157,1
1051,70,1
1052,36,1
1053,50,1
1054,99,1
1055,40,1
1056,200,0
1057,103,1
1058,138,1
1059,122,1
1060,146,1
1061,162,1
1062,200,0
1063,52,1
1064,200,0
1065,30,1
1066,200,0
1067,168,1
1068,112,1
1069,128,1
1070,122,1
1071,200,0
1072,48,1
1073,156,1
1074,200,0
1075,43,1
1076,121,1
1077,77,1
1078,176,1
1079,157,1
1080,133,1
1081,200,0
1082,103,1
1083,88,1
1084,200,0
1085,83,1
1086,74,1
1087,69,1
1088,99,1
1089,115,1
1090,58,1
1091,132,1
1092,89,1
1093,119,1
1094,61,1
1095,200,0
1096,78,1
1097,125,1
1098,106,1
1099,46,1
1100,130,1
1101,117,1
1102,151,1
1103,98,1
1104,123,1
1105,110,1
1106,102,1
1107,67,1
1108,71,1
1109,132,1
1110,117,1
1111,97,1
1112,83,1
1113,72,1
1114,156,1
1115,89,1
1116,50,1
1117,154,1
1118,188,1
1119,59,1
1120,80,1
1121,47,1
1122,174,1
1123,126,1
1124,45,1
1125,59,1
1126,44,1
1127,109,1
1128,86,1
1129,200,0
1130,60,1
1131,129,1
1132,90,1
1133,122,1
1134,46,1
1135,86,1
1136,157,1
1137,163,1
1138,114,1
1139,65,1
1140,54,1
1141,191,1
1142,75,1
1143,183,1
1144,52,1
1145,69,1
1146,130,1
1147,127,1
1148,200,0
1149,38,1
1150,112,1
1151,69,1
1152,77,1
1153,173,1
1154,102,1
1155,84,1
1156,200,0
1157,110,1
1158,90,1
1159,79,1
1160,76,1
1161,132,1
1162,200,0
1163,48,1
1164,137,1
1165,200,0
1166,200,0
1167,200,0
1168,83,1
1169,200,0
1170,200,0
1171,84,1
1172,154,1
1173,161,1
1174,84,1
1175,192,1
1176,200,0
1177,128,1
1178,116,1
1179,104,1
1180,27,1
1181,200,0
1182,53,1
1183,57,1
1184,82,1
1185,126,1
1186,189,1
1187,179,1
1188,116,1
1189,101,1
1190,200,0
1191,143,1
1192,21,1
1193,82,1
1194,89,1
1195,135,1
1196,160,1
1197,179,1
1198,187,1
1199,85,1
1200,185,1
1201,70,1
1202,155,1
1203,121,1
1204,139,1
1205,98,1
1206,96,1
1207,190,1
1208,138,1
1209,184,1
1210,46,1
1211,133,1
1212,70,1
1213,128,1
1214,130,1
1215,134,1
1216,121,1
1217,76,1
1218,96,1
1219,123,1
1220,200,0
1221,71,1
1222,200,0
1223,109,1
1224,151,1
1225,200,0
1226,68,1
1227,81,1
1228,142,1
1229,81,1
1230,91,1
1231,121,1
1232,153,1
1233,110,1
1234,85,1
1235,200,0
1236,64,1
1237,183,1
1238,35,1
1239,64,1
1240,180,1
1241,29,1
1242,131,1
1243,62,1
1244,62,1
1245,187,1
1246,77,1
1247,65,1
1248,88,1
1249,82,1
1250,150,1
1251,148,1
1252,123,1
1253,150,1
1254,142,1
1255,143,1
1256,101,1
1257,180,1
1258,84,1
1259,200,1
1260,65,1
1261,65,1
1262,200,0
1263,71,1
1264,200,0
1265,43,1
1266,134,1
1267,61,1
1268,195,1
1269,200,0
1270,55,1
1271,175,1
1272,87,1
1273,49,1
1274,125,1
1275,30,1
1276,30,1
1277,46,1
1278,195,1
1279,189,1
1280,118,1
1281,83,1
1282,200,0
1283,61,1
1284,46,1
1285,89,1
1286,124,1
1287,73,1
1288,86,1
1289,48,1
1290,85,1
1291,98,1
1292,59,1
1293,200,0
1294,45,1
1295,98,1
1296,69,1
1297,127,1
1298,93,1
1299,198,1
1300,90,1
1301,133,1
1302,76,1
1303,40,1
1304,154,1
1305,102,1
1306,116,1
1307,200,0
1308,80,1
1309,172,1
1310,46,1
1311,86,1
1312,200,0
1313,200,0
1314,82,1
1315,110,1
1316,200,0
1317,143,1
1318,200,0
1319,53,1
1320,200,0
1321,157,1
1322,100,1
1323,177,1
1324,110,1
1325,106,1
1326,47,1
1327,89,1
1328,109,1
1329,166,1
1330,89,1
1331,144,1
1332,200,0
1333,82,1
1334,200,0
1335,85,1
1336,99,1
1337,169,1
1338,161,1
1339,42,1
1340,62,1
1341,61,1
1342,80,1
1343,175,1
1344,169,1
1345,109,1
1346,108,1
1347,36,1
1348,71,1
1349,162,1
1350,61,1
1351,200,0
1352,99,1
1353,71,1
1354,111,1
1355,162,1
1356,184,1
1357,199,1
1358,70,1
1359,200,0
1360,87,1
1361,93,1
1362,101,1
1363,109,1
1364,141,1
1365,52,1
1366,75,1
1367,200,0
1368,166,1
1369,200,0
1370,171,1
1371,31,1
1372,200,0
1373,105,1
1374,55,1
1375,64,1
1376,127,1
1377,83,1
1378,82,1
1379,87,1
1380,101,1
1381,131,1
1382,51,1
1383,114,1
1384,114,1
1385,187,1
1386,200,0
1387,75,1
1388,93,1
1389,57,1
1390,200,0
1391,188,1
1392,37,1
1393,92,1
1394,153,1
1395,94,1
1396,99,1
1397,73,1
1398,200,1
1399,51,1
1400,68,1
1401,79,1
1402,28,1
1403,33,1
1404,132,1
1405,125,1
1406,134,1
1407,103,1
1408,114,1
1409,53,1
1410,116,1
1411,200,0
1412,69,1
1413,68,1
1414,59,1
1415,139,1
1416,132,1
1417,200,0
1418,77,1
1419,181,1
1420,172,1
1421,160,1
1422,78,1
1423,97,1
1424,88,1
1425,74,1
1426,48,1
1427,79,1
1428,132,1
1429,163,1
1430,128,1
1431,74,1
1432,178,1
1433,122,1
1434,38,1
1435,56,1
1436,45,1
1437,131,1
1438,200,0
1439,56,1
1440,59,1
1441,139,1
1442,105,1
1443,60,1
1444,50,1
1445,92,1
1446,121,1
1447,28,1
1448,200,0
1449,75,1
1450,152,1
1451,186,1
1452,148,1
1453,146,1
1454,200,0
1455,99,1
1456,96,1
1457,39,1
1458,74,1
1459,200,0
1460,134,1
1461,179,1
1462,47,1
1463,129,1
1464,133,1
1465,43,1
1466,80,1
1467,132,1
1468,52,1
1469,154,1
1470,66,1
1471,149,1
1472,100,1
1473,83,1
1474,38,1
1475,50,1
1476,49,1
1477,63,1
1478,96,1
1479,125,1
1480,200,0
1481,120,1
1482,101,1
1483,48,1
1484,139,1
1485,200,0
1486,95,1
1487,33,1
1488,113,1
1489,196,1
1490,67,1
1491,192,1
1492,195,1
1493,63,1
1494,57,1
1495,64,1
1496,41,1
1497,68,1
1498,200,0
1499,96,1
1500,89,1
1501,25,1
1502,122,1
1503,102,1
1504,77,1
1505,48,1
1506,88,1
1507,55,1
1508,79,1
1509,177,1
1510,178,1
1511,108,1
1512,200,0
1513,93,1
1514,140,1
1515,145,1
1516,200,0
1517,115,1
1518,200,0
1519,200,0
1520,66,1
1521,169,1
1522,90,1
1523,84,1
1524,116,1
1525,31,1
1526,92,1
1527,200,0
1528,29,1
1529,52,1
1530,74,1
1531,55,1
1532,136,1
1533,76,1
1534,54,1
1535,104,1
1536,96,1
1537,200,0
1538,45,1
1539,200,0
1540,90,1
1541,90,1
1542,91,1
1543,104,1
1544,141,1
1545,172,1
1546,109,1
1547,60,1
1548,51,1
1549,142,1
1550,129,1
1551,200,0
1552,79,1
1553,133,1
1554,50,1
1555,101,1
1556,200,0
1557,200,0
1558,88,1
1559,99,1
1560,155,1
1561,79,1
1562,102,1
1563,40,1
1564,114,1
1565,84,1
1566,57,1
1567,78,1
1568,51,1
1569,67,1
1570,110,1
1571,85,1
1572,200,0
1573,167,1
1574,73,1
1575,33,1
1576,70,1
1577,193,1
1578,185,1
1579,112,1
1580,119,1
1581,60,1
1582,45,1
1583,33,1
1584,53,1
1585,159,1
1586,123,1
1587,191,1
1588,42,1
1589,91,1
1590,85,1
1591,57,1
1592,79,1
1593,139,1
1594,140,1
1595,200,1
1596,48,1
1597,51,1
1598,91,1
1599,75,1
1600,117,1
1601,93,1
1602,35,1
1603,74,1
1604,53,1
1605,200,0
1606,91,1
1607,149,1
1608,45,1
1609,142,1
1610,188,1
1611,67,1
1612,49,1
1613,48,1
1614,44,1
1615,49,1
1616,200,0
1617,74,1
1618,124,1
1619,37,1
1620,116,1
1621,86,1
1622,88,1
1623,39,1
1624,83,1
1625,74,1
1626,142,1
1627,71,1
1628,53,1
1629,71,1
1630,200,0
1631,164,1
1632,104,1
1633,120,1
1634,163,1
1635,164,1
1636,100,1
1637,77,1
1638,200,0
1639,73,1
1640,71,1
1641,66,1
1642,200,0
1643,102,1
1644,41,1
1645,151,1
1646,122,1
1647,125,1
1648,68,1
1649,47,1
1650,200,0
1651,191,1
1652,200,0
1653,41,1
1654,198,1
1655,200,0
1656,157,1
1657,184,1
1658,94,1
1659,104,1
1660,40,1
1661,43,1
1662,61,1
1663,48,1
1664,181,1
1665,76,1
1666,92,1
1667,94,1
1668,105,1
1669,200,0
1670,200,0
1671,109,1
1672,110,1
1673,169,1
1674,150,1
1675,53,1
1676,200,0
1677,189,1
1678,89,1
1679,161,1
1680,200,0
1681,130,1
1682,176,1
1683,170,1
1684,169,1
1685,97,1
1686,109,1
1687,49,1
1688,65,1
1689,200,0
1690,56,1
1691,105,1
1692,154,1
1693,139,1
1694,161,1
1695,128,1
1696,161,1
1697,121,1
1698,50,1
1699,108,1
1700,44,1
1701,189,1
1702,65,1
1703,112,1
1704,183,1
1705,200,0
1706,105,1
1707,71,1
1708,103,1
1709,101,1
1710,183,1
1711,131,1
1712,78,1
1713,200,0
1714,200,0
1715,118,1
1716,100,1
1717,54,1
1718,34,1
1719,200,0
1720,200,0
1721,88,1
1722,70,1
1723,38,1
1724,200,0
1725,46,1
1726,163,1
1727,35,1
1728,200,0
1729,63,1
1730,200,0
1731,135,1
1732,105,1
1733,93,1
1734,149,1
1735,94,1
1736,49,1
1737,55,1
1738,93,1
1739,58,1
1740,135,1
1741,127,1
1742,101,1
1743,147,1
1744,97,1
1745,189,1
1746,140,1
1747,128,1
1748,128,1
1749,75,1
1750,191,1
1751,112,1
1752,83,1
1753,200,0
1754,139,1
1755,116,1
1756,151,1
1757,75,1
1758,125,1
1759,160,1
1760,88,1
1761,185,1
1762,149,1
1763,66,1
1764,94,1
1765,182,1
1766,99,1
1767,68,1
1768,200,0
1769,125,1
1770,108,1
1771,38,1
1772,46,1
1773,172,1
1774,138,1
1775,200,0
1776,86,1
1777,59,1
1778,86,1
1779,185,1
1780,124,1
1781,171,1
1782,111,1
1783,24,1
1784,78,1
1785,175,1
1786,43,1
1787,56,1
1788,67,1
1789,200,0
1790,43,1
1791,23,1
1792,176,1
1793,191,1
1794,110,1
1795,68,1
1796,88,1
1797,200,0
1798,200,0
1799,72,1
1800,71,1
1801,70,1
1802,200,0
1803,95,1
1804,97,1
1805,43,1
1806,79,1
1807,114,1
1808,83,1
1809,71,1
1810,135,1
1811,150,1
1812,58,1
1813,96,1
1814,200,0
1815,176,1
1816,138,1
1817,69,1
1818,200,0
1819,51,1
1820,200,0
1821,101,1
1822,74,1
1823,65,1
1824,200,0
1825,115,1
1826,75,1
1827,97,1
1828,82,1
1829,49,1
1830,66,1
1831,159,1
1832,200,0
1833,88,1
1834,200,0
1835,57,1
1836,200,0
1837,109,1
1838,56,1
1839,128,1
1840,110,1
1841,31,1
1842,118,1
1843,191,1
1844,47,1
1845,96,1
1846,69,1
1847,31,1
1848,125,1
1849,102,1
1850,169,1
1851,91,1
1852,89,1
1853,29,1
1854,116,1
1855,87,1
1856,170,1
1857,60,1
1858,68,1
1859,200,0
1860,87,1
1861,163,1
1862,200,0
1863,200,0
1864,89,1
1865,73,1
1866,113,1
1867,182,1
1868,90,1
1869,70,1
1870,106,1
1871,200,0
1872,82,1
1873,149,1
1874,157,1
1875,87,1
1876,192,1
1877,144,1
1878,200,0
1879,81,1
1880,194,1
1881,87,1
1882,97,1
1883,128,1
1884,95,1
1885,45,1
1886,66,1
1887,189,1
1888,35,1
1889,181,1
1890,200,0
1891,49,1
1892,191,1
1893,49,1
1894,89,1
1895,153,1
1896,47,1
1897,200,0
1898,52,1
1899,97,1
1900,73,1
1901,39,1
1902,176,1
1903,200,0
1904,135,1
1905,151,1
1906,71,1
1907,118,1
1908,46,1
1909,200,0
1910,69,1
1911,41,1
1912,200,0
1913,68,1
1914,134,1
1915,125,1
1916,110,1
1917,35,1
1918,200,0
1919,37,1
1920,118,1
1921,144,1
1922,199,1
1923,98,1
1924,60,1
1925,56,1
1926,108,1
1927,80,1
1928,119,1
1929,29,1
1930,37,1
1931,141,1
1932,41,1
1933,63,1
1934,48,1
1935,51,1
1936,46,1
1937,127,1
1938,39,1
1939,141,1
1940,145,1
1941,58,1
1942,80,1
1943,116,1
1944,183,1
1945,48,1
1946,74,1
1947,179,1
1948,127,1
1949,200,0
1950,61,1
1951,62,1
1952,127,1
1953,132,1
1954,199,1
1955,58,1
1956,69,1
1957,56,1
1958,63,1
1959,96,1
1960,37,1
1961,96,1
1962,101,1
1963,200,0
1964,81,1
1965,143,1
1966,200,0
1967,118,1
1968,140,1
1969,47,1
1970,130,1
1971,48,1
1972,144,1
1973,107,1
1974,71,1
1975,162,1
1976,81,1
1977,147,1
1978,200,0
1979,179,1
1980,135,1
1981,52,1
1982,200,0
1983,173,1
1984,133,1
1985,74,1
1986,115,1
1987,118,1
1988,74,1
1989,69,1
1990,47,1
1991,45,1
1992,66,1
1993,75,1
1994,59,1
1995,169,1
1996,53,1
1997,188,1
1998,78,1
1999,65,1
2000,200,0
2001,98,1
2002,92,1
2003,50,1
2004,108,1
2005,161,1
2006,66,1
2007,90,1
2008,65,1
2009,168,1
2010,137,1
2011,56,1
2012,109,1
2013,118,1
2014,69,1
2015,64,1
2016,59,1
2017,55,1
2018,62,1
2019,31,1
2020,83,1
2021,72,1
2022,75,1
2023,138,1
2024,52,1
2025,98,1
2026,133,1
2027,34,1
2028,83,1
2029,88,1
2030,49,1
2031,200,0
2032,91,1
2033,118,1
2034,112,1
2035,48,1
2036,114,1
2037,200,0
2038,76,1
2039,40,1
2040,200,0
2041,200,0
2042,200,1
2043,98,1
2044,106,1
2045,54,1
2046,172,1
2047,42,1
2048,81,1
2049,86,1
2050,121,1
2051,55,1
2052,65,1
2053,145,1
2054,95,1
2055,29,1
2056,78,1
2057,110,1
2058,200,0
2059,200,0
2060,49,1
2061,60,1
2062,69,1
2063,141,1
2064,84,1
2065,200,0
2066,200,0
2067,54,1
2068,81,1
2069,92,1
2070,110,1
2071,56,1
2072,85,1
2073,47,1
2074,49,1
2075,99,1
2076,72,1
2077,55,1
2078,160,1
2079,55,1
2080,110,1
2081,59,1
2082,108,1
2083,109,1
2084,155,1
2085,170,1
2086,104,1
2087,133,1
2088,39,1
2089,47,1
2090,183,1
2091,147,1
2092,123,1
2093,61,1
2094,65,1
2095,130,1
2096,104,1
2097,40,1
2098,141,1
2099,89,1
2100,73,1
2101,200,0
2102,109,1
2103,28,1
2104,92,1
2105,139,1
2106,34,1
2107,31,1
2108,154,1
2109,139,1
2110,81,1
2111,79,1
2112,185,1
2113,88,1
2114,40,1
2115,182,1
2116,64,1
2117,59,1
2118,50,1
2119,76,1
2120,44,1
2121,43,1
2122,99,1
2123,120,1
2124,98,1
2125,166,1
2126,104,1
2127,138,1
2128,74,1
2129,79,1
2130,200,0
2131,77,1
2132,47,1
2133,143,1
2134,153,1
2135,96,1
2136,131,1
2137,99,1
2138,157,1
2139,121,1
2140,114,1
2141,200,0
2142,74,1
2143,52,1
2144,91,1
2145,116,1
2146,127,1
2147,75,1
2148,91,1
2149,77,1
2150,200,0
2151,51,1
2152,60,1
2153,134,1
2154,48,1
2155,152,1
2156,124,1
2157,50,1
2158,91,1
2159,57,1
2160,105,1
2161,145,1
2162,195,1
2163,166,1
2164,46,1
2165,66,1
2166,90,1
2167,96,1
2168,200,0
2169,103,1
2170,139,1
2171,179,1
2172,200,0
2173,86,1
2174,106,1
2175,200,0
2176,106,1
2177,200,0
2178,54,1
2179,118,1
2180,80,1
2181,79,1
2182,149,1
2183,44,1
2184,85,1
2185,93,1
2186,116,1
2187,88,1
2188,200,0
2189,37,1
2190,120,1
2191,76,1
2192,98,1
2193,97,1
2194,200,0
2195,189,1
2196,137,1
2197,200,0
2198,60,1
2199,83,1
2200,162,1
2201,187,1
2202,58,1
2203,74,1
2204,131,1
2205,134,1
2206,54,1
2207,71,1
2208,200,0
2209,93,1
2210,108,1
2211,63,1
2212,200,0
2213,76,1
2214,54,1
2215,200,0
2216,66,1
2217,94,1
2218,98,1
2219,133,1
2220,153,1
2221,194,1
2222,98,1
2223,79,1
2224,115,1
2225,65,1
2226,178,1
2227,156,1
2228,93,1
2229,67,1
2230,90,1
2231,49,1
2232,200,0
2233,45,1
2234,107,1
2235,200,0
2236,102,1
2237,148,1
2238,130,1
2239,151,1
2240,135,1
2241,188,1
2242,200,1
2243,200,0
2244,97,1
2245,99,1
2246,185,1
2247,79,1
2248,200,0
2249,98,1
2250,177,1
2251,142,1
2252,132,1
2253,98,1
2254,58,1
2255,90,1
2256,26,1
2257,77,1
2258,61,1
2259,200,0
2260,37,1
2261,81,1
2262,54,1
2263,97,1
2264,119,1
2265,200,0
2266,88,1
2267,61,1
2268,41,1
2269,176,1
2270,91,1
2271,83,1
2272,72,1
2273,119,1
2274,156,1
2275,107,1
2276,190,1
2277,133,1
2278,62,1
2279,159,1
2280,56,1
2281,137,1
2282,93,1
2283,147,1
2284,47,1
2285,59,1
2286,51,1
2287,200,0
2288,53,1
2289,200,0
2290,200,0
2291,37,1
2292,116,1
2293,200,0
2294,190,1
2295,77,1
2296,180,1
2297,200,0
2298,131,1
2299,141,1
2300,38,1
2301,200,0
2302,75,1
2303,59,1
2304,42,1
2305,119,1
2306,88,1
2307,169,1
2308,161,1
2309,83,1
2310,200,0
2311,67,1
2312,56,1
2313,200,0
2314,149,1
2315,42,1
2316,172,1
2317,91,1
2318,30,1
2319,72,1
2320,123,1
2321,63,1
2322,45,1
2323,56,1
2324,42,1
2325,63,1
2326,77,1
2327,188,1
2328,82,1
2329,97,1
2330,171,1
2331,92,1
2332,200,0
2333,188,1
2334,80,1
2335,200,0
2336,78,1
2337,118,1
2338,93,1
2339,85,1
2340,49,1
2341,30,1
2342,125,1
2343,165,1
2344,104,1
2345,190,1
2346,147,1
2347,181,1
2348,67,1
2349,200,0
2350,125,1
2351,148,1
2352,97,1
2353,165,1
2354,107,1
2355,67,1
2356,51,1
2357,105,1
2358,97,1
2359,84,1
2360,64,1
2361,96,1
2362,127,1
2363,156,1
2364,31,1
2365,82,1
2366,89,1
2367,200,0
2368,105,1
2369,101,1
2370,90,1
2371,124,1
2372,104,1
2373,48,1
2374,118,1
2375,83,1
2376,119,1
2377,80,1
2378,200,0
2379,200,0
2380,83,1
2381,181,1
2382,85,1
2383,186,1
2384,200,0
2385,110,1
2386,121,1
2387,85,1
2388,86,1
2389,101,1
2390,76,1
2391,86,1
2392,118,1
2393,137,1
2394,80,1
2395,167,1
2396,131,1
2397,80,1
2398,38,1
2399,154,1
2400,78,1
2401,200,0
2402,87,1
2403,19,1
2404,91,1
2405,81,1
2406,100,1
2407,62,1
2408,165,1
2409,63,1
2410,80,1
2411,37,1
2412,71,1
2413,164,1
2414,114,1
2415,88,1
2416,130,1
2417,84,1
2418,108,1
2419,117,1
2420,186,1
2421,132,1
2422,174,1
2423,93,1
2424,149,1
2425,68,1
2426,78,1
2427,52,1
2428,41,1
2429,57,1
2430,88,1
2431,95,1
2432,106,1
2433,102,1
2434,60,1
2435,151,1
2436,41,1
2437,192,1
2438,200,0
2439,97,1
2440,164,1
2441,148,1
2442,167,1
2443,102,1
2444,104,1
2445,53,1
2446,37,1
2447,76,1
2448,131,1
2449,200,0
2450,24,1
2451,125,1
2452,77,1
2453,96,1
2454,87,1
2455,70,1
2456,84,1
2457,123,1
2458,152,1
2459,64,1
2460,200,0
2461,98,1
2462,78,1
2463,74,1
2464,200,0
2465,71,1
2466,66,1
2467,85,1
2468,182,1
2469,36,1
2470,150,1
2471,200,0
2472,143,1
2473,51,1
2474,131,1
2475,56,1
2476,96,1
2477,52,1
2478,200,0
2479,200,0
2480,45,1
2481,52,1
2482,165,1
2483,92,1
2484,81,1
2485,200,0
2486,131,1
2487,200,0
2488,97,1
2489,200,0
2490,170,1
2491,99,1
2492,138,1
2493,93,1
2494,95,1
2495,136,1
2496,76,1
2497,200,0
2498,141,1
2499,139,1
2500,30,1
2501,200,0
2502,200,0
2503,96,1
2504,77,1
2505,33,1
2506,60,1
2507,140,1
2508,79,1
2509,68,1
2510,152,1
2511,96,1
2512,32,1
2513,107,1
2514,66,1
2515,200,0
2516,80,1
2517,119,1
2518,49,1
2519,101,1
2520,153,1
2521,77,1
2522,77,1
2523,200,0
2524,72,1
2525,74,1
2526,48,1
2527,200,0
2528,194,1
2529,63,1
2530,200,0
2531,21,1
2532,70,1
2533,40,1
2534,191,1
2535,102,1
2536,200,0
2537,69,1
2538,200,0
2539,43,1
2540,84,1
2541,200,0
2542,200,0
2543,200,0
2544,200,0
2545,82,1
2546,175,1
2547,62,1
2548,170,1
2549,200,0
2550,199,1
2551,43,1
2552,71,1
2553,89,1
2554,40,1
2555,67,1
2556,166,1
2557,181,1
2558,51,1
2559,200,0
2560,95,1
2561,122,1
2562,89,1
2563,132,1
2564,60,1
2565,200,0
2566,135,1
2567,97,1
2568,96,1
2569,105,1
2570,117,1
2571,200,0
2572,65,1
2573,136,1
2574,63,1
2575,171,1
2576,74,1
2577,196,1
2578,121,1
2579,63,1
2580,151,1
2581,109,1
2582,95,1
2583,84,1
2584,164,1
2585,70,1
2586,106,1
2587,87,1
2588,93,1
2589,129,1
2590,121,1
2591,70,1
2592,200,0
2593,50,1
2594,90,1
2595,139,1
2596,40,1
2597,151,1
2598,102,1
2599,165,1
2600,200,0
2601,78,1
2602,75,1
2603,200,0
2604,116,1
2605,188,1
2606,54,1
2607,35,1
2608,143,1
2609,74,1
2610,87,1
2611,161,1
2612,52,1
2613,98,1
2614,90,1
2615,45,1
2616,52,1
2617,61,1
2618,85,1
2619,129,1
2620,109,1
2621,60,1
2622,143,1
2623,39,1
2624,183,1
2625,35,1
2626,99,1
2627,97,1
2628,54,1
2629,71,1
2630,100,1
2631,88,1
2632,96,1
2633,160,1
2634,100,1
2635,72,1
2636,59,1
2637,92,1
2638,55,1
2639,39,1
2640,124,1
2641,51,1
2642,67,1
2643,41,1
2644,52,1
2645,71,1
2646,91,1
2647,43,1
2648,49,1
2649,54,1
2650,107,1
2651,153,1
2652,115,1
2653,63,1
2654,59,1
2655,90,1
2656,34,1
2657,160,1
2658,63,1
2659,102,1
2660,61,1
2661,151,1
2662,125,1
2663,179,1
2664,64,1
2665,114,1
2666,52,1
2667,76,1
2668,46,1
2669,67,1
2670,103,1
2671,40,1
2672,84,1
2673,200,0
2674,55,1
2675,200,0
2676,115,1
2677,47,1
2678,44,1
2679,111,1
2680,131,1
2681,73,1
2682,68,1
2683,62,1
2684,183,1
2685,130,1
2686,38,1
2687,78,1
2688,77,1
2689,72,1
2690,96,1
2691,153,1
2692,79,1
2693,113,1
2694,90,1
2695,124,1
2696,131,1
2697,70,1
2698,200,0
2699,180,1
2700,200,0
2701,89,1
2702,179,1
2703,111,1
2704,81,1
2705,134,1
2706,83,1
2707,79,1
2708,175,1
2709,77,1
2710,76,1
2711,36,1
2712,182,1
2713,128,1
2714,70,1
2715,54,1
2716,88,1
2717,66,1
2718,184,1
2719,123,1
2720,39,1
2721,133,1
2722,191,1
2723,200,0
2724,139,1
2725,118,1
2726,200,0
2727,200,0
2728,197,1
2729,169,1
2730,142,1
2731,200,0
2732,47,1
2733,95,1
2734,125,1
2735,72,1
2736,126,1
2737,44,1
2738,63,1
2739,57,1
2740,124,1
2741,55,1
2742,107,1
2743,76,1
2744,200,0
2745,29,1
2746,162,1
2747,67,1
2748,116,1
2749,139,1
2750,88,1
2751,200,0
2752,76,1
2753,106,1
2754,172,1
2755,95,1
2756,108,1
2757,22,1
2758,90,1
2759,39,1
2760,200,0
2761,119,1
2762,75,1
2763,51,1
2764,142,1
2765,145,1
2766,35,1
2767,98,1
2768,108,1
2769,54,1
2770,152,1
2771,82,1
2772,71,1
2773,58,1
2774,99,1
2775,132,1
2776,100,1
2777,63,1
2778,43,1
2779,49,1
2780,98,1
2781,122,1
2782,200,0
2783,140,1
2784,200,0
2785,126,1
2786,46,1
2787,120,1
2788,104,1
2789,111,1
2790,97,1
2791,158,1
2792,162,1
2793,155,1
2794,185,1
2795,200,0
2796,158,1
2797,95,1
2798,95,1
2799,157,1
2800,104,1
2801,200,0
2802,58,1
2803,56,1
2804,104,1
2805,200,1
2806,175,1
2807,120,1
2808,80,1
2809,92,1
2810,116,1
2811,200,0
2812,200,0
2813,126,1
2814,117,1
2815,180,1
2816,51,1
2817,68,1
2818,75,1
2819,200,0
2820,60,1
2821,132,1
2822,153,1
2823,48,1
2824,97,1
2825,156,1
2826,49,1
2827,60,1
2828,115,1
2829,92,1
2830,175,1
2831,177,1
2832,81,1
2833,90,1
2834,81,1
2835,37,1
2836,67,1
2837,99,1
2838,158,1
2839,53,1
2840,45,1
2841,88,1
2842,168,1
2843,78,1
2844,200,0
2845,54,1
2846,133,1
2847,170,1
2848,200,0
2849,97,1
2850,99,1
2851,104,1
2852,183,1
2853,123,1
2854,42,1
2855,159,1
2856,70,1
2857,200,0
2858,200,0
2859,67,1
2860,63,1
2861,54,1
2862,87,1
2863,155,1
2864,182,1
2865,133,1
2866,47,1
2867,152,1
2868,59,1
2869,200,0
2870,185,1
2871,200,0
2872,56,1
2873,51,1
2874,51,1
2875,200,0
2876,87,1
2877,115,1
2878,145,1
2879,85,1
2880,56,1
2881,87,1
2882,91,1
2883,189,1
2884,63,1
2885,174,1
2886,71,1
2887,200,0
2888,63,1
2889,53,1
2890,143,1
2891,53,1
2892,109,1
2893,200,0
2894,70,1
2895,133,1
2896,188,1
2897,180,1
2898,119,1
2899,119,1
2900,195,1
2901,89,1
2902,71,1
2903,34,1
2904,141,1
2905,49,1
2906,94,1
2907,200,0
2908,106,1
2909,108,1
2910,200,0
2911,200,0
2912,182,1
2913,117,1
2914,200,0
2915,76,1
2916,53,1
2917,30,1
2918,91,1
2919,54,1
2920,48,1
2921,198,1
2922,114,1
2923,50,1
2924,162,1
2925,128,1
2926,200,0
2927,52,1
2928,200,0
2929,87,1
2930,160,1
2931,167,1
2932,200,0
2933,175,1
2934,92,1
2935,69,1
2936,200,0
2937,93,1
2938,101,1
2939,102,1
2940,69,1
2941,118,1
2942,53,1
2943,88,1
2944,44,1
2945,200,0
2946,156,1
2947,200,0
2948,110,1
2949,69,1
2950,157,1
2951,54,1
2952,123,1
2953,57,1
2954,137,1
2955,63,1
2956,113,1
2957,60,1
2958,88,1
2959,66,1
2960,66,1
2961,78,1
2962,59,1
2963,81,1
2964,65,1
2965,157,1
2966,65,1
2967,99,1
2968,200,0
2969,144,1
2970,170,1
2971,67,1
2972,175,1
2973,61,1
2974,65,1
2975,123,1
2976,140,1
2977,75,1
2978,51,1
2979,78,1
2980,118,1
2981,119,1
2982,125,1
2983,118,1
2984,96,1
2985,150,1
2986,25,1
2987,76,1
2988,66,1
2989,200,0
2990,139,1
2991,200,0
2992,200,0
2993,31,1
2994,66,1
2995,62,1
2996,200,0
2997,149,1
2998,200,0
2999,58,1
3000,32,1
3001,186,1
3002,50,1
3003,135,1
3004,71,1
3005,182,1
3006,26,1
3007,97,1
3008,70,1
3009,44,1
3010,53,1
3011,200,0
3012,54,1
3013,34,1
3014,39,1
3015,49,1
3016,54,1
3017,129,1
3018,99,1
3019,146,1
3020,200,0
3021,163,1
3022,101,1
3023,182,1
3024,200,0
3025,68,1
3026,200,0
3027,53,1
3028,129,1
3029,80,1
3030,38,1
3031,64,1
3032,158,1
3033,66,1
3034,68,1
3035,86,1
3036,57,1
3037,84,1
3038,97,1
3039,200,0
3040,57,1
3041,23,1
3042,42,1
3043,63,1
3044,34,1
3045,200,0
3046,102,1
3047,189,1
3048,97,1
3049,200,0
3050,112,1
3051,197,1
3052,200,0
3053,200,0
3054,109,1
3055,58,1
3056,76,1
3057,123,1
3058,143,1
3059,200,0
3060,63,1
3061,200,0
3062,200,0
3063,79,1
3064,69,1
3065,200,0
3066,51,1
3067,200,0
3068,64,1
3069,31,1
3070,74,1
3071,87,1
3072,142,1
3073,66,1
3074,96,1
3075,185,1
3076,62,1
3077,46,1
3078,200,0
3079,51,1
3080,43,1
3081,108,1
3082,94,1
3083,52,1
3084,118,1
3085,69,1
3086,86,1
3087,109,1
3088,102,1
3089,128,1
3090,82,1
3091,47,1
3092,88,1
3093,88,1
3094,191,1
3095,48,1
3096,149,1
3097,132,1
3098,37,1
3099,42,1
3100,88,1
3101,127,1
3102,29,1
3103,200,0
3104,200,0
3105,159,1
3106,59,1
3107,75,1
3108,197,1
3109,130,1
3110,200,0
3111,90,1
3112,49,1
3113,90,1
3114,95,1
3115,124,1
3116,157,1
3117,200,0
3118,133,1
3119,107,1
3120,200,0
3121,174,1
3122,89,1
3123,200,0
3124,167,1
3125,37,1
3126,104,1
3127,140,1
3128,61,1
3129,110,1
3130,140,1
3131,132,1
3132,43,1
3133,140,1
3134,39,1
3135,79,1
3136,200,0
3137,200,0
3138,192,1
3139,58,1
3140,86,1
3141,46,1
3142,34,1
3143,74,1
3144,129,1
3145,105,1
3146,51,1
3147,84,1
3148,56,1
3149,160,1
3150,99,1
3151,156,1
3152,78,1
3153,120,1
3154,63,1
3155,67,1
3156,200,0
3157,67,1
3158,40,1
3159,200,0
3160,60,1
3161,76,1
3162,200,0
3163,66,1
3164,200,0
3165,30,1
3166,177,1
3167,43,1
3168,117,1
3169,101,1
3170,90,1
3171,141,1
3172,98,1
3173,39,1
3174,57,1
3175,68,1
3176,114,1
3177,157,1
3178,79,1
3179,90,1
3180,108,1
3181,167,1
3182,143,1
3183,175,1
3184,119,1
3185,107,1
3186,55,1
3187,50,1
3188,34,1
3189,58,1
3190,155,1
3191,194,1
3192,144,1
3193,99,1
3194,200,0
3195,39,1
3196,42,1
3197,67,1
3198,175,1
3199,115,1
3200,86,1
3201,106,1
3202,200,0
3203,107,1
3204,66,1
3205,138,1
3206,149,1
3207,32,1
3208,40,1
3209,106,1
3210,155,1
3211,68,1
3212,200,0
3213,200,0
3214,91,1
3215,154,1
3216,200,0
3217,143,1
3218,68,1
3219,53,1
3220,104,1
3221,130,1
3222,182,1
3223,200,0
3224,200,0
3225,129,1
3226,131,1
3227,200,0
3228,156,1
3229,75,1
3230,120,1
3231,174,1
3232,83,1
3233,113,1
3234,138,1
3235,90,1
3236,113,1
3237,55,1
3238,168,1
3239,200,0
3240,62,1
3241,87,1
3242,75,1
3243,35,1
3244,200,0
3245,84,1
3246,46,1
3247,131,1
3248,173,1
3249,71,1
3250,104,1
3251,42,1
3252,115,1
3253,200,0
3254,82,1
3255,43,1
3256,185,1
3257,80,1
3258,200,0
3259,99,1
3260,134,1
3261,200,0
3262,49,1
3263,158,1
3264,182,1
3265,172,1
3266,112,1
3267,200,0
3268,112,1
3269,123,1
3270,43,1
3271,106,1
3272,192,1
3273,86,1
3274,30,1
3275,55,1
3276,129,1
3277,142,1
3278,112,1
3279,44,1
3280,97,1
3281,76,1
3282,60,1
3283,70,1
3284,71,1
3285,121,1
3286,105,1
3287,91,1
3288,110,1
3289,200,0
3290,93,1
3291,83,1
3292,200,0
3293,137,1
3294,200,0
3295,192,1
3296,107,1
3297,32,1
3298,90,1
3299,62,1
3300,48,1
3301,75,1
3302,89,1
3303,114,1
3304,51,1
3305,126,1
3306,73,1
3307,88,1
3308,119,1
3309,142,1
3310,150,1
3311,64,1
3312,41,1
3313,115,1
3314,85,1
3315,87,1
3316,169,1
3317,200,0
3318,200,0
3319,133,1
3320,74,1
3321,55,1
3322,130,1
3323,83,1
3324,121,1
3325,69,1
3326,200,0
3327,200,0
3328,115,1
3329,67,1
3330,125,1
3331,167,1
3332,48,1
3333,174,1
3334,175,1
3335,127,1
3336,92,1
3337,37,1
3338,175,1
3339,66,1
3340,135,1
3341,109,1
3342,101,1
3343,130,1
3344,185,1
3345,200,0
3346,143,1
3347,83,1
3348,200,0
3349,200,0
3350,140,1
3351,200,0
3352,62,1
3353,104,1
3354,72,1
3355,200,0
3356,79,1
3357,70,1
3358,127,1
3359,200,0
3360,123,1
3361,200,0
3362,55,1
3363,200,0
3364,80,1
3365,100,1
3366,60,1
3367,104,1
3368,52,1
3369,94,1
3370,195,1
3371,93,1
3372,95,1
3373,167,1
3374,200,0
3375,140,1
3376,200,0
3377,112,1
3378,200,0
3379,96,1
3380,97,1
3381,182,1
3382,107,1
3383,124,1
3384,61,1
3385,114,1
3386,85,1
3387,42,1
3388,148,1
3389,46,1
3390,98,1
3391,114,1
3392,114,1
3393,48,1
3394,181,1
3395,176,1
3396,55,1
3397,69,1
3398,129,1
3399,63,1
3400,18,1
3401,80,1
3402,112,1
3403,64,1
3404,154,1
3405,114,1
3406,160,1
3407,83,1
3408,87,1
3409,116,1
3410,49,1
3411,40,1
3412,90,1
3413,195,1
3414,131,1
3415,200,0
3416,56,1
3417,95,1
3418,112,1
3419,112,1
3420,119,1
3421,152,1
3422,128,1
3423,78,1
3424,47,1
3425,200,0
3426,94,1
3427,200,0
3428,108,1
3429,104,1
3430,200,0
3431,38,1
3432,72,1
3433,105,1
3434,162,1
3435,67,1
3436,200,0
3437,72,1
3438,96,1
3439,200,0
3440,173,1
3441,66,1
3442,44,1
3443,115,1
3444,138,1
3445,63,1
3446,65,1
3447,63,1
3448,200,0
3449,98,1
3450,102,1
3451,200,0
3452,105,1
3453,48,1
3454,97,1
3455,140,1
3456,90,1
3457,61,1
3458,200,0
3459,47,1
3460,92,1
3461,132,1
3462,94,1
3463,76,1
3464,65,1
3465,37,1
3466,50,1
3467,71,1
3468,88,1
3469,200,0
3470,107,1
3471,93,1
3472,200,0
3473,146,1
3474,86,1
3475,103,1
3476,200,0
3477,61,1
3478,62,1
3479,94,1
3480,200,0
3481,49,1
3482,174,1
3483,73,1
3484,137,1
3485,147,1
3486,93,1
3487,43,1
3488,181,1
3489,54,1
3490,200,0
3491,138,1
3492,200,0
3493,58,1
3494,142,1
3495,129,1
3496,162,1
3497,75,1
3498,200,0
3499,105,1
3500,100,1
3501,200,0
3502,105,1
3503,72,1
3504,200,0
3505,180,1
3506,122,1
3507,200,0
3508,54,1
3509,97,1
3510,98,1
3511,162,1
3512,97,1
3513,88,1
3514,42,1
3515,148,1
3516,112,1
3517,97,1
3518,147,1
3519,79,1
3520,200,0
3521,200,0
3522,200,0
3523,85,1
3524,118,1
3525,131,1
3526,114,1
3527,52,1
3528,153,1
3529,95,1
3530,149,1
3531,200,0
3532,52,1
3533,41,1
3534,200,0
3535,153,1
3536,200,0
3537,65,1
3538,178,1
3539,59,1
3540,200,0
3541,48,1
3542,156,1
3543,58,1
3544,69,1
3545,195,1
3546,87,1
3547,170,1
3548,62,1
3549,36,1
3550,106,1
3551,118,1
3552,163,1
3553,184,1
3554,57,1
3555,92,1
3556,99,1
3557,48,1
3558,140,1
3559,57,1
3560,67,1
3561,154,1
3562,172,1
3563,100,1
3564,63,1
3565,200,0
3566,53,1
3567,53,1
3568,112,1
3569,80,1
3570,200,0
3571,66,1
3572,134,1
3573,71,1
3574,120,1
3575,79,1
3576,101,1
3577,115,1
3578,30,1
3579,75,1
3580,125,1
3581,76,1
3582,75,1
3583,56,1
3584,200,0
3585,175,1
3586,66,1
3587,200,0
3588,200,0
3589,63,1
3590,111,1
3591,160,1
3592,148,1
3593,200,0
3594,115,1
3595,175,1
3596,80,1
3597,85,1
3598,200,0
3599,72,1
3600,200,0
3601,100,1
3602,92,1
3603,57,1
3604,111,1
3605,64,1
3606,90,1
3607,124,1
3608,58,1
3609,33,1
3610,35,1
3611,195,1
3612,57,1
3613,200,0
3614,34,1
3615,200,0
3616,77,1
3617,100,1
3618,200,0
3619,60,1
3620,26,1
3621,91,1
3622,123,1
3623,43,1
3624,130,1
3625,70,1
3626,83,1
3627,83,1
3628,44,1
3629,200,0
3630,138,1
3631,61,1
3632,125,1
3633,70,1
3634,78,1
3635,91,1
3636,86,1
3637,40,1
3638,52,1
3639,57,1
3640,200,0
3641,116,1
3642,146,1
3643,55,1
3644,92,1
3645,97,1
3646,107,1
3647,76,1
3648,78,1
3649,146,1
3650,103,1
3651,107,1
3652,56,1
3653,95,1
3654,39,1
3655,40,1
3656,117,1
3657,95,1
3658,96,1
3659,115,1
3660,53,1
3661,200,0
3662,38,1
3663,63,1
3664,83,1
3665,121,1
3666,179,1
3667,200,0
3668,131,1
3669,61,1
3670,72,1
3671,67,1
3672,200,0
3673,200,0
3674,177,1
3675,150,1
3676,132,1
3677,150,1
3678,49,1
3679,119,1
3680,64,1
3681,63,1
3682,165,1
3683,200,0
3684,49,1
3685,200,0
3686,147,1
3687,105,1
3688,114,1
3689,97,1
3690,146,1
3691,41,1
3692,60,1
3693,95,1
3694,133,1
3695,84,1
3696,200,0
3697,102,1
3698,108,1
3699,83,1
3700,200,0
3701,196,1
3702,77,1
3703,75,1
3704,75,1
3705,91,1
3706,44,1
3707,200,0
3708,180,1
3709,61,1
3710,33,1
3711,112,1
3712,62,1
3713,56,1
3714,134,1
3715,83,1
3716,23,1
3717,94,1
3718,104,1
3719,110,1
3720,67,1
3721,184,1
3722,69,1
3723,78,1
3724,101,1
3725,103,1
3726,86,1
3727,93,1
3728,107,1
3729,118,1
3730,124,1
3731,47,1
3732,98,1
3733,57,1
3734,72,1
3735,172,1
3736,80,1
3737,80,1
3738,187,1
3739,122,1
3740,117,1
3741,106,1
3742,67,1
3743,130,1
3744,135,1
3745,105,1
3746,67,1
3747,200,0
3748,172,1
3749,47,1
3750,100,1
3751,200,0
3752,131,1
3753,81,1
3754,171,1
3755,115,1
3756,156,1
3757,54,1
3758,71,1
3759,81,1
3760,44,1
3761,53,1
3762,79,1
3763,144,1
3764,110,1
3765,163,1
3766,102,1
3767,64,1
3768,123,1
3769,77,1
3770,72,1
3771,76,1
3772,114,1
3773,173,1
3774,104,1
3775,111,1
3776,168,1
3777,137,1
3778,57,1
3779,74,1
3780,141,1
3781,91,1
3782,151,1
3783,74,1
3784,124,1
3785,44,1
3786,93,1
3787,83,1
3788,109,1
3789,106,1
3790,143,1
3791,54,1
3792,47,1
3793,200,0
3794,58,1
3795,101,1
3796,96,1
3797,139,1
3798,76,1
3799,46,1
3800,78,1
3801,168,1
3802,51,1
3803,35,1
3804,70,1
3805,200,0
3806,176,1
3807,200,0
3808,50,1
3809,51,1
3810,58,1
3811,55,1
3812,200,0
3813,79,1
3814,80,1
3815,200,0
3816,48,1
3817,80,1
3818,104,1
3819,102,1
3820,82,1
3821,67,1
3822,105,1
3823,107,1
3824,110,1
3825,129,1
3826,140,1
3827,112,1
3828,68,1
3829,84,1
3830,71,1
3831,108,1
3832,62,1
3833,200,0
3834,106,1
3835,93,1
3836,61,1
3837,142,1
3838,79,1
3839,200,0
3840,57,1
3841,49,1
3842,46,1
3843,132,1
3844,115,1
3845,108,1
3846,200,0
3847,52,1
3848,139,1
3849,23,1
3850,200,0
3851,184,1
3852,91,1
3853,74,1
3854,46,1
3855,200,0
3856,36,1
3857,86,1
3858,50,1
3859,115,1
3860,51,1
3861,200,0
3862,57,1
3863,200,0
3864,181,1
3865,200,0
3866,84,1
3867,200,0
3868,99,1
3869,200,0
3870,116,1
3871,37,1
3872,63,1
3873,143,1
3874,182,1
3875,65,1
3876,97,1
3877,87,1
3878,184,1
3879,120,1
3880,107,1
3881,142,1
3882,139,1
3883,68,1
3884,87,1
3885,66,1
3886,109,1
3887,124,1
3888,62,1
3889,146,1
3890,73,1
3891,91,1
3892,64,1
3893,111,1
3894,76,1
3895,90,1
3896,43,1
3897,62,1
3898,108,1
3899,153,1
3900,122,1
3901,88,1
3902,76,1
3903,56,1
3904,109,1
3905,74,1
3906,72,1
3907,188,1
3908,142,1
3909,99,1
3910,200,0
3911,49,1
3912,53,1
3913,128,1
3914,30,1
3915,47,1
3916,137,1
3917,66,1
3918,84,1
3919,200,0
3920,141,1
3921,64,1
3922,154,1
3923,119,1
3924,134,1
3925,81,1
3926,64,1
3927,85,1
3928,140,1
3929,65,1
3930,113,1
3931,61,1
3932,188,1
3933,83,1
3934,147,1
3935,51,1
3936,66,1
3937,77,1
3938,31,1
3939,68,1
3940,97,1
3941,145,1
3942,182,1
3943,67,1
3944,150,1
3945,97,1
3946,86,1
3947,60,1
3948,60,1
3949,104,1
3950,200,0
3951,72,1
3952,148,1
3953,193,1
3954,43,1
3955,81,1
3956,147,1
3957,189,1
3958,57,1
3959,193,1
3960,159,1
3961,200,0
3962,200,0
3963,156,1
3964,58,1
3965,60,1
3966,104,1
3967,98,1
3968,99,1
3969,113,1
3970,79,1
3971,107,1
3972,73,1
3973,198,1
3974,200,0
3975,104,1
3976,86,1
3977,40,1
3978,123,1
3979,79,1
3980,77,1
3981,38,1
3982,129,1
3983,78,1
3984,91,1
3985,99,1
3986,122,1
3987,68,1
3988,125,1
3989,107,1
3990,116,1
3991,84,1
3992,167,1
3993,200,0
3994,44,1
3995,72,1
3996,200,0
3997,200,0
3998,85,1
3999,118,1
4000,77,1
4001,171,1
4002,69,1
4003,75,1
4004,63,1
4005,136,1
4006,153,1
4007,142,1
4008,38,1
4009,40,1
4010,81,1
4011,91,1
4012,112,1
4013,69,1
4014,167,1
4015,104,1
4016,85,1
4017,63,1
4018,90,1
4019,58,1
4020,50,1
4021,52,1
4022,49,1
4023,51,1
4024,200,0
4025,98,1
4026,121,1
4027,49,1
4028,76,1
4029,86,1
4030,88,1
4031,94,1
4032,114,1
4033,104,1
4034,181,1
4035,75,1
4036,75,1
4037,199,1
4038,153,1
4039,53,1
4040,44,1
4041,111,1
4042,44,1
4043,135,1
4044,179,1
4045,117,1
4046,85,1
4047,85,1
4048,166,1
4049,111,1
4050,96,1
4051,43,1
4052,120,1
4053,91,1
4054,32,1
4055,200,0
4056,136,1
4057,59,1
4058,57,1
4059,169,1
4060,104,1
4061,200,0
4062,129,1
4063,200,0
4064,45,1
4065,42,1
4066,96,1
4067,200,0
4068,174,1
4069,61,1
4070,200,0
4071,171,1
4072,168,1
4073,49,1
4074,96,1
4075,45,1
4076,122,1
4077,152,1
4078,144,1
4079,200,0
4080,162,1
4081,38,1
4082,163,1
4083,49,1
4084,200,0
4085,72,1
4086,45,1
4087,118,1
4088,45,1
4089,200,0
4090,75,1
4091,81,1
4092,91,1
4093,130,1
4094,200,0
4095,87,1
4096,200,0
4097,95,1
4098,145,1
4099,120,1
4100,69,1
4101,101,1
4102,60,1
4103,111,1
4104,137,1
4105,115,1
4106,149,1
4107,75,1
4108,62,1
4109,91,1
4110,50,1
4111,71,1
4112,83,1
4113,139,1
4114,80,1
4115,45,1
4116,200,0
4117,50,1
4118,134,1
4119,132,1
4120,110,1
4121,56,1
4122,171,1
4123,108,1
4124,79,1
4125,200,0
4126,108,1
4127,200,0
4128,200,0
4129,132,1
4130,200,0
4131,93,1
4132,128,1
4133,200,0
4134,92,1
4135,66,1
4136,102,1
4137,93,1
4138,150,1
4139,136,1
4140,135,1
4141,58,1
4142,113,1
4143,88,1
4144,97,1
4145,137,1
4146,120,1
4147,200,0
4148,110,1
4149,64,1
4150,200,0
4151,63,1
4152,175,1
4153,200,0
4154,62,1
4155,200,0
4156,117,1
4157,166,1
4158,51,1
4159,51,1
4160,70,1
4161,200,0
4162,65,1
4163,77,1
4164,61,1
4165,45,1
4166,110,1
4167,107,1
4168,155,1
4169,129,1
4170,119,1
4171,51,1
4172,54,1
4173,171,1
4174,33,1
4175,116,1
4176,67,1
4177,185,1
4178,86,1
4179,98,1
4180,107,1
4181,98,1
4182,52,1
4183,200,0
4184,63,1
4185,200,0
4186,125,1
4187,61,1
4188,58,1
4189,93,1
4190,89,1
4191,67,1
4192,186,1
4193,155,1
4194,84,1
4195,32,1
4196,141,1
4197,136,1
4198,105,1
4199,80,1
4200,119,1
4201,200,0
4202,52,1
4203,147,1
4204,62,1
4205,138,1
4206,50,1
4207,70,1
4208,123,1
4209,29,1
4210,200,0
4211,143,1
4212,127,1
4213,85,1
4214,82,1
4215,154,1
4216,200,0
4217,64,1
4218,81,1
4219,90,1
4220,96,1
4221,95,1
4222,147,1
4223,63,1
4224,67,1
4225,194,1
4226,54,1
4227,88,1
4228,63,1
4229,200,0
4230,61,1
4231,143,1
4232,117,1
4233,61,1
4234,88,1
4235,200,0
4236,200,0
4237,148,1
4238,50,1
4239,90,1
4240,112,1
4241,200,0
4242,200,0
4243,97,1
4244,99,1
4245,32,1
4246,176,1
4247,48,1
4248,70,1
4249,81,1
4250,77,1
4251,115,1
4252,100,1
4253,60,1
4254,88,1
4255,71,1
4256,81,1
4257,200,0
4258,114,1
4259,101,1
4260,135,1
4261,179,1
4262,51,1
4263,115,1
4264,55,1
4265,110,1
4266,167,1
4267,53,1
4268,110,1
4269,121,1
4270,125,1
4271,75,1
4272,30,1
4273,142,1
4274,179,1
4275,103,1
4276,110,1
4277,22,1
4278,75,1
4279,29,1
4280,115,1
4281,161,1
4282,84,1
4283,147,1
4284,94,1
4285,61,1
4286,195,1
4287,27,1
4288,152,1
4289,59,1
4290,64,1
4291,110,1
4292,75,1
4293,59,1
4294,124,1
4295,121,1
4296,65,1
4297,81,1
4298,39,1
4299,148,1
4300,44,1
4301,93,1
4302,68,1
4303,99,1
4304,52,1
4305,50,1
4306,153,1
4307,51,1
4308,156,1
4309,72,1
4310,178,1
4311,179,1
4312,99,1
4313,111,1
4314,119,1
4315,45,1
4316,187,1
4317,194,1
4318,70,1
4319,126,1
4320,58,1
4321,127,1
4322,55,1
4323,59,1
4324,78,1
4325,200,0
4326,102,1
4327,129,1
4328,61,1
4329,110,1
4330,50,1
4331,131,1
4332,76,1
4333,74,1
4334,189,1
4335,93,1
4336,78,1
4337,200,0
4338,44,1
4339,161,1
4340,98,1
4341,38,1
4342,58,1
4343,57,1
4344,200,0
4345,187,1
4346,55,1
4347,151,1
4348,77,1
4349,84,1
4350,79,1
4351,72,1
4352,158,1
4353,103,1
4354,113,1
4355,128,1
4356,106,1
4357,196,1
4358,69,1
4359,103,1
4360,81,1
4361,44,1
4362,131,1
4363,37,1
4364,200,0
4365,78,1
4366,98,1
4367,111,1
4368,72,1
4369,72,1
4370,99,1
4371,34,1
4372,109,1
4373,200,0
4374,64,1
4375,127,1
4376,33,1
4377,92,1
4378,103,1
4379,113,1
4380,112,1
4381,118,1
4382,166,1
4383,132,1
4384,199,1
4385,78,1
4386,57,1
4387,83,1
4388,62,1
4389,122,1
4390,168,1
4391,47,1
4392,23,1
4393,117,1
4394,57,1
4395,36,1
4396,106,1
4397,200,0
4398,200,0
4399,200,0
4400,129,1
4401,200,0
4402,180,1
4403,200,0
4404,123,1
4405,108,1
4406,149,1
4407,93,1
4408,172,1
4409,58,1
4410,200,0
4411,77,1
4412,200,0
4413,112,1
4414,44,1
4415,80,1
4416,47,1
4417,135,1
4418,71,1
4419,200,0
4420,64,1
4421,93,1
4422,193,1
4423,61,1
4424,78,1
4425,117,1
4426,60,1
4427,83,1
4428,200,0
4429,66,1
4430,157,1
4431,124,1
4432,142,1
4433,131,1
4434,200,0
4435,109,1
4436,200,0
4437,98,1
4438,200,0
4439,55,1
4440,43,1
4441,75,1
4442,114,1
4443,181,1
4444,200,0
4445,104,1
4446,130,1
4447,124,1
4448,105,1
4449,55,1
4450,200,0
4451,200,0
4452,106,1
4453,89,1
4454,200,0
4455,58,1
4456,73,1
4457,111,1
4458,112,1
4459,140,1
4460,86,1
4461,59,1
4462,49,1
4463,80,1
4464,161,1
4465,80,1
4466,137,1
4467,136,1
4468,168,1
4469,126,1
4470,131,1
4471,50,1
4472,74,1
4473,200,0
4474,97,1
4475,200,0
4476,106,1
4477,121,1
4478,191,1
4479,28,1
4480,88,1
4481,91,1
4482,200,0
4483,135,1
4484,140,1
4485,150,1
4486,60,1
4487,87,1
4488,86,1
4489,132,1
4490,81,1
4491,118,1
4492,115,1
4493,98,1
4494,146,1
4495,158,1
4496,120,1
4497,200,0
4498,113,1
4499,154,1
4500,89,1
4501,65,1
4502,144,1
4503,134,1
4504,89,1
4505,88,1
4506,101,1
4507,42,1
4508,42,1
4509,58,1
4510,141,1
4511,94,1
4512,92,1
4513,112,1
4514,200,0
4515,124,1
4516,61,1
4517,146,1
4518,200,0
4519,200,0
4520,51,1
4521,54,1
4522,91,1
4523,106,1
4524,138,1
4525,100,1
4526,112,1
4527,65,1
4528,200,0
4529,122,1
4530,156,1
4531,95,1
4532,78,1
4533,87,1
4534,69,1
4535,132,1
4536,57,1
4537,41,1
4538,91,1
4539,96,1
4540,147,1
4541,75,1
4542,78,1
4543,160,1
4544,78,1
4545,110,1
4546,101,1
4547,90,1
4548,92,1
4549,83,1
4550,115,1
4551,47,1
4552,41,1
4553,182,1
4554,80,1
4555,127,1
4556,200,0
4557,94,1
4558,159,1
4559,103,1
4560,24,1
4561,119,1
4562,87,1
4563,176,1
4564,97,1
4565,200,0
4566,94,1
4567,42,1
4568,117,1
4569,64,1
4570,34,1
4571,44,1
4572,148,1
4573,132,1
4574,117,1
4575,39,1
4576,189,1
4577,57,1
4578,67,1
4579,62,1
4580,33,1
4581,35,1
4582,39,1
4583,102,1
4584,59,1
4585,171,1
4586,54,1
4587,171,1
4588,123,1
4589,136,1
4590,40,1
4591,114,1
4592,110,1
4593,200,0
4594,179,1
4595,64,1
4596,200,0
4597,149,1
4598,124,1
4599,189,1
4600,200,1
4601,49,1
4602,104,1
4603,128,1
4604,131,1
4605,71,1
4606,136,1
4607,180,1
4608,44,1
4609,78,1
4610,110,1
4611,200,0
4612,107,1
4613,176,1
4614,137,1
4615,34,1
4616,69,1
4617,48,1
4618,200,0
4619,110,1
4620,85,1
4621,200,0
4622,95,1
4623,133,1
4624,112,1
4625,69,1
4626,109,1
4627,200,0
4628,75,1
4629,69,1
4630,158,1
4631,70,1
4632,197,1
4633,152,1
4634,31,1
4635,31,1
4636,89,1
4637,98,1
4638,28,1
4639,89,1
4640,57,1
4641,103,1
4642,94,1
4643,82,1
4644,99,1
4645,200,0
4646,126,1
4647,131,1
4648,29,1
4649,69,1
4650,102,1
4651,71,1
4652,200,0
4653,138,1
4654,50,1
4655,200,0
4656,107,1
4657,76,1
4658,146,1
4659,74,1
4660,123,1
4661,94,1
4662,108,1
4663,84,1
4664,200,0
4665,30,1
4666,73,1
4667,68,1
4668,200,0
4669,79,1
4670,40,1
4671,120,1
4672,87,1
4673,200,0
4674,43,1
4675,77,1
4676,84,1
4677,143,1
4678,54,1
4679,63,1
4680,159,1
4681,140,1
4682,93,1
4683,48,1
4684,85,1
4685,96,1
4686,132,1
4687,155,1
4688,200,0
4689,84,1
4690,200,0
4691,112,1
4692,113,1
4693,200,0
4694,180,1
4695,69,1
4696,127,1
4697,86,1
4698,200,0
4699,57,1
4700,200,0
4701,88,1
4702,60,1
4703,62,1
4704,28,1
4705,67,1
4706,54,1
4707,142,1
4708,98,1
4709,81,1
4710,51,1
4711,28,1
4712,162,1
4713,66,1
4714,200,0
4715,81,1
4716,200,0
4717,40,1
4718,47,1
4719,111,1
4720,82,1
4721,89,1
4722,62,1
4723,53,1
4724,176,1
4725,112,1
4726,200,0
4727,46,1
4728,160,1
4729,64,1
4730,94,1
4731,103,1
4732,85,1
4733,200,0
4734,29,1
4735,113,1
4736,165,1
4737,88,1
4738,77,1
4739,55,1
4740,51,1
4741,58,1
4742,194,1
4743,66,1
4744,177,1
4745,67,1
4746,104,1
4747,190,1
4748,200,0
4749,85,1
4750,117,1
4751,147,1
4752,200,0
4753,43,1
4754,137,1
4755,200,0
4756,70,1
4757,97,1
4758,110,1
4759,200,0
4760,136,1
4761,200,0
4762,47,1
4763,125,1
4764,188,1
4765,98,1
4766,57,1
4767,55,1
4768,107,1
4769,62,1
4770,200,0
4771,113,1
4772,92,1
4773,74,1
4774,108,1
4775,187,1
4776,64,1
4777,136,1
4778,35,1
4779,65,1
4780,79,1
4781,160,1
4782,182,1
4783,142,1
4784,72,1
4785,77,1
4786,30,1
4787,200,0
4788,108,1
4789,200,0
4790,52,1
4791,86,1
4792,73,1
4793,77,1
4794,45,1
4795,130,1
4796,110,1
4797,200,0
4798,102,1
4799,200,0
4800,85,1
4801,144,1
4802,200,0
4803,64,1
4804,61,1
4805,97,1
4806,92,1
4807,128,1
4808,111,1
4809,85,1
4810,131,1
4811,69,1
4812,26,1
4813,72,1
4814,91,1
4815,199,1
4816,109,1
4817,155,1
4818,111,1
4819,81,1
4820,144,1
4821,68,1
4822,80,1
4823,200,0
4824,58,1
4825,74,1
4826,57,1
4827,106,1
4828,200,0
4829,80,1
4830,101,1
4831,200,0
4832,55,1
4833,44,1
4834,67,1
4835,119,1
4836,136,1
4837,63,1
4838,200,0
4839,157,1
4840,69,1
4841,60,1
4842,82,1
4843,118,1
4844,117,1
4845,94,1
4846,104,1
4847,95,1
4848,49,1
4849,179,1
4850,187,1
4851,92,1
4852,200,0
4853,67,1
4854,44,1
4855,55,1
4856,200,0
4857,94,1
4858,95,1
4859,146,1
4860,200,0
4861,113,1
4862,73,1
4863,80,1
4864,72,1
4865,83,1
4866,95,1
4867,176,1
4868,96,1
4869,66,1
4870,63,1
4871,93,1
4872,59,1
4873,200,0
4874,120,1
4875,150,1
4876,154,1
4877,200,0
4878,62,1
4879,63,1
4880,102,1
4881,91,1
4882,80,1
4883,111,1
4884,103,1
4885,155,1
4886,63,1
4887,83,1
4888,108,1
4889,105,1
4890,102,1
4891,124,1
4892,108,1
4893,92,1
4894,140,1
4895,51,1
4896,200,0
4897,101,1
4898,64,1
4899,154,1
4900,154,1
4901,52,1
4902,105,1
4903,60,1
4904,49,1
4905,83,1
4906,39,1
4907,107,1
4908,85,1
4909,72,1
4910,81,1
4911,67,1
4912,79,1
4913,97,1
4914,121,1
4915,74,1
4916,80,1
4917,72,1
4918,200,0
4919,66,1
4920,46,1
4921,81,1
4922,182,1
4923,105,1
4924,62,1
4925,160,1
4926,155,1
4927,110,1
4928,197,1
4929,47,1
4930,105,1
4931,134,1
4932,109,1
4933,57,1
4934,43,1
4935,96,1
4936,110,1
4937,46,1
4938,33,1
4939,64,1
4940,103,1
4941,84,1
4942,110,1
4943,61,1
4944,114,1
4945,79,1
4946,55,1
4947,111,1
4948,200,0
4949,100,1
4950,200,0
4951,75,1
4952,169,1
4953,66,1
4954,47,1
4955,59,1
4956,101,1
4957,96,1
4958,87,1
4959,123,1
4960,43,1
4961,48,1
4962,86,1
4963,98,1
4964,65,1
4965,101,1
4966,42,1
4967,26,1
4968,57,1
4969,190,1
4970,105,1
4971,58,1
4972,104,1
4973,64,1
4974,154,1
4975,53,1
4976,130,1
4977,27,1
4978,165,1
4979,40,1
4980,66,1
4981,108,1
4982,120,1
4983,83,1
4984,134,1
4985,110,1
4986,200,0
4987,56,1
4988,61,1
4989,171,1
4990,83,1
4991,200,0
4992,95,1
4993,96,1
4994,47,1
4995,163,1
4996,51,1
4997,65,1
4998,200,0
4999,101,1
5000,105,1
5001,50,1
5002,80,1
5003,200,0
5004,53,1
5005,98,1
5006,60,1
5007,193,1
5008,85,1
5009,200,0
5010,112,1
5011,130,1
5012,117,1
5013,39,1
5014,145,1
5015,146,1
5016,167,1
5017,41,1
5018,41,1
5019,110,1
5020,181,1
5021,83,1
5022,186,1
5023,44,1
5024,200,0
5025,49,1
5026,200,0
5027,61,1
5028,65,1
5029,52,1
5030,200,0
5031,79,1
5032,67,1
5033,200,0
5034,120,1
5035,48,1
5036,69,1
5037,58,1
5038,58,1
5039,44,1
5040,102,1
5041,200,0
5042,59,1
5043,100,1
5044,151,1
5045,83,1
5046,76,1
5047,161,1
5048,70,1
5049,91,1
5050,183,1
5051,107,1
5052,177,1
5053,94,1
5054,139,1
5055,100,1
5056,166,1
5057,200,0
5058,105,1
5059,67,1
5060,159,1
5061,80,1
5062,57,1
5063,111,1
5064,118,1
5065,182,1
5066,55,1
5067,199,1
5068,100,1
5069,78,1
5070,200,0
5071,165,1
5072,74,1
5073,85,1
5074,200,0
5075,78,1
5076,52,1
5077,48,1
5078,66,1
5079,47,1
5080,56,1
5081,93,1
5082,148,1
5083,200,0
5084,70,1
5085,200,0
5086,51,1
5087,194,1
5088,57,1
5089,74,1
5090,200,0
5091,77,1
5092,133,1
5093,132,1
5094,149,1
5095,98,1
5096,129,1
5097,38,1
5098,45,1
5099,40,1
5100,45,1
5101,191,1
5102,92,1
5103,200,0
5104,64,1
5105,71,1
5106,144,1
5107,111,1
5108,70,1
5109,141,1
5110,106,1
5111,56,1
5112,152,1
5113,104,1
5114,83,1
5115,86,1
5116,129,1
5117,112,1
5118,108,1
5119,64,1
5120,162,1
5121,200,0
5122,165,1
5123,199,1
5124,91,1
5125,116,1
5126,54,1
5127,154,1
5128,91,1
5129,82,1
5130,200,0
5131,87,1
5132,71,1
5133,103,1
5134,121,1
5135,200,0
5136,64,1
5137,150,1
5138,200,0
5139,71,1
5140,171,1
5141,117,1
5142,50,1
5143,109,1
5144,115,1
5145,200,0
5146,200,0
5147,87,1
5148,122,1
5149,77,1
5150,94,1
5151,62,1
5152,146,1
5153,113,1
5154,146,1
5155,47,1
5156,94,1
5157,40,1
5158,141,1
5159,52,1
5160,151,1
5161,100,1
5162,200,0
5163,178,1
5164,80,1
5165,200,0
5166,63,1
5167,106,1
5168,65,1
5169,92,1
5170,159,1
5171,62,1
5172,73,1
5173,92,1
5174,181,1
5175,92,1
5176,78,1
5177,63,1
5178,108,1
5179,58,1
5180,129,1
5181,93,1
5182,85,1
5183,165,1
5184,101,1
5185,154,1
5186,99,1
5187,44,1
5188,119,1
5189,200,0
5190,166,1
5191,142,1
5192,55,1
5193,95,1
5194,168,1
5195,64,1
5196,200,0
5197,97,1
5198,200,0
5199,69,1
5200,47,1
5201,57,1
5202,144,1
5203,71,1
5204,116,1
5205,88,1
5206,83,1
5207,74,1
5208,90,1
5209,102,1
5210,179,1
5211,66,1
5212,104,1
5213,200,0
5214,95,1
5215,200,0
5216,142,1
5217,47,1
5218,74,1
5219,51,1
5220,138,1
5221,140,1
5222,20,1
5223,182,1
5224,25,1
5225,200,0
5226,73,1
5227,200,0
5228,78,1
5229,71,1
5230,200,0
5231,79,1
5232,193,1
5233,121,1
5234,102,1
5235,139,1
5236,143,1
5237,42,1
5238,29,1
5239,178,1
5240,81,1
5241,79,1
5242,34,1
5243,44,1
5244,70,1
5245,38,1
5246,96,1
5247,106,1
5248,70,1
5249,87,1
5250,58,1
5251,35,1
5252,102,1
5253,167,1
5254,170,1
5255,200,0
5256,151,1
5257,114,1
5258,33,1
5259,143,1
5260,115,1
5261,50,1
5262,89,1
5263,200,0
5264,82,1
5265,60,1
5266,58,1
5267,43,1
5268,185,1
5269,67,1
5270,47,1
5271,151,1
5272,37,1
5273,200,0
5274,53,1
5275,121,1
5276,57,1
5277,87,1
5278,76,1
5279,200,0
5280,64,1
5281,96,1
5282,105,1
5283,104,1
5284,112,1
5285,92,1
5286,108,1
5287,68,1
5288,64,1
5289,147,1
5290,178,1
5291,200,0
5292,200,0
5293,122,1
5294,92,1
5295,200,0
5296,39,1
5297,186,1
5298,58,1
5299,166,1
5300,199,1
5301,63,1
5302,47,1
5303,92,1
5304,178,1
5305,93,1
5306,49,1
5307,100,1
5308,90,1
5309,39,1
5310,139,1
5311,123,1
5312,116,1
5313,167,1
5314,61,1
5315,90,1
5316,50,1
5317,70,1
5318,38,1
5319,137,1
5320,32,1
5321,70,1
5322,36,1
5323,30,1
5324,72,1
5325,49,1
5326,123,1
5327,200,0
5328,200,0
5329,148,1
5330,67,1
5331,76,1
5332,106,1
5333,84,1
5334,200,0
5335,72,1
5336,178,1
5337,63,1
5338,107,1
5339,53,1
5340,96,1
5341,200,0
5342,200,0
5343,131,1
5344,147,1
5345,51,1
5346,195,1
5347,46,1
5348,94,1
5349,144,1
5350,127,1
5351,39,1
5352,55,1
5353,76,1
5354,112,1
5355,181,1
5356,49,1
5357,112,1
5358,60,1
5359,192,1
5360,37,1
5361,30,1
5362,200,0
5363,108,1
5364,200,0
5365,150,1
5366,200,0
5367,58,1
5368,79,1
5369,96,1
5370,44,1
5371,64,1
5372,141,1
5373,106,1
5374,136,1
5375,127,1
5376,76,1
5377,122,1
5378,109,1
5379,58,1
5380,54,1
5381,40,1
5382,200,1
5383,131,1
5384,91,1
5385,200,0
5386,63,1
5387,107,1
5388,200,0
5389,55,1
5390,97,1
5391,107,1
5392,97,1
5393,108,1
5394,145,1
5395,200,0
5396,117,1
5397,96,1
5398,75,1
5399,70,1
5400,133,1
5401,35,1
5402,49,1
5403,177,1
5404,42,1
5405,153,1
5406,73,1
5407,57,1
5408,134,1
5409,91,1
5410,51,1
5411,176,1
5412,99,1
5413,65,1
5414,75,1
5415,139,1
5416,50,1
5417,164,1
5418,37,1
5419,100,1
5420,97,1
5421,113,1
5422,200,0
5423,147,1
5424,59,1
5425,96,1
5426,68,1
5427,49,1
5428,185,1
5429,132,1
5430,173,1
5431,200,0
5432,129,1
5433,200,0
5434,68,1
5435,54,1
5436,114,1
5437,47,1
5438,94,1
5439,87,1
5440,70,1
5441,129,1
5442,43,1
5443,52,1
5444,48,1
5445,42,1
5446,178,1
5447,81,1
5448,53,1
5449,200,0
5450,200,0
5451,42,1
5452,71,1
5453,29,1
5454,169,1
5455,99,1
5456,53,1
5457,73,1
5458,102,1
5459,55,1
5460,74,1
5461,78,1
5462,75,1
5463,104,1
5464,79,1
5465,188,1
5466,53,1
5467,139,1
5468,110,1
5469,52,1
5470,107,1
5471,83,1
5472,33,1
5473,56,1
5474,178,1
5475,106,1
5476,112,1
5477,74,1
5478,200,0
5479,54,1
5480,81,1
5481,93,1
5482,128,1
5483,82,1
5484,54,1
5485,55,1
5486,81,1
5487,162,1
5488,63,1
5489,200,0
5490,128,1
5491,122,1
5492,200,0
5493,100,1
5494,89,1
5495,51,1
5496,87,1
5497,73,1
5498,41,1
5499,82,1
5500,46,1
5501,200,0
5502,90,1
5503,82,1
5504,47,1
5505,72,1
5506,97,1
5507,64,1
5508,89,1
5509,193,1
5510,198,1
5511,83,1
5512,32,1
5513,51,1
5514,99,1
5515,175,1
5516,200,0
5517,58,1
5518,106,1
5519,101,1
5520,200,0
5521,64,1
5522,102,1
5523,29,1
5524,66,1
5525,56,1
5526,54,1
5527,145,1
5528,68,1
5529,87,1
5530,69,1
5531,91,1
5532,138,1
5533,166,1
5534,62,1
5535,95,1
5536,105,1
5537,113,1
5538,99,1
5539,66,1
5540,42,1
5541,59,1
5542,61,1
5543,155,1
5544,185,1
5545,200,0
5546,114,1
5547,92,1
5548,126,1
5549,57,1
5550,46,1
5551,46,1
5552,160,1
5553,124,1
5554,66,1
5555,127,1
5556,200,0
5557,143,1
5558,84,1
5559,106,1
5560,58,1
5561,179,1
5562,89,1
5563,143,1
5564,65,1
5565,115,1
5566,105,1
5567,186,1
5568,149,1
5569,66,1
5570,147,1
5571,119,1
5572,97,1
5573,78,1
5574,68,1
5575,73,1
5576,120,1
5577,50,1
5578,63,1
5579,69,1
5580,49,1
5581,45,1
5582,55,1
5583,42,1
5584,39,1
5585,146,1
5586,152,1
5587,51,1
5588,29,1
5589,199,1
5590,81,1
5591,124,1
5592,87,1
5593,116,1
5594,107,1
5595,45,1
5596,62,1
5597,47,1
5598,62,1
5599,38,1
5600,70,1
5601,68,1
5602,157,1
5603,100,1
5604,104,1
5605,113,1
5606,105,1
5607,138,1
5608,93,1
5609,108,1
5610,49,1
5611,75,1
5612,191,1
5613,126,1
5614,62,1
5615,38,1
5616,49,1
5617,88,1
5618,200,0
5619,103,1
5620,80,1
5621,59,1
5622,77,1
5623,86,1
5624,44,1
5625,162,1
5626,47,1
5627,200,0
5628,93,1
5629,56,1
5630,200,0
5631,200,0
5632,47,1
5633,200,0
5634,46,1
5635,200,0
5636,98,1
5637,200,0
5638,155,1
5639,200,0
5640,154,1
5641,200,0
5642,77,1
5643,125,1
5644,34,1
5645,200,0
5646,70,1
5647,146,1
5648,93,1
5649,90,1
5650,155,1
5651,104,1
5652,90,1
5653,200,0
5654,54,1
5655,112,1
5656,139,1
5657,67,1
5658,120,1
5659,64,1
5660,70,1
5661,150,1
5662,200,0
5663,50,1
5664,134,1
5665,84,1
5666,98,1
5667,108,1
5668,63,1
5669,120,1
5670,149,1
5671,144,1
5672,59,1
5673,76,1
5674,137,1
5675,137,1
5676,64,1
5677,151,1
5678,96,1
5679,79,1
5680,75,1
5681,179,1
5682,200,0
5683,87,1
5684,92,1
5685,121,1
5686,151,1
5687,108,1
5688,80,1
5689,190,1
5690,65,1
5691,120,1
5692,200,0
5693,44,1
5694,94,1
5695,80,1
5696,141,1
5697,73,1
5698,154,1
5699,40,1
5700,157,1
5701,200,0
5702,127,1
5703,60,1
5704,181,1
5705,27,1
5706,76,1
5707,125,1
5708,70,1
5709,45,1
5710,180,1
5711,200,0
5712,200,0
5713,136,1
5714,145,1
5715,105,1
5716,79,1
5717,188,1
5718,74,1
5719,53,1
5720,103,1
5721,94,1
5722,139,1
5723,27,1
5724,135,1
5725,200,0
5726,104,1
5727,200,0
5728,169,1
5729,164,1
5730,176,1
5731,135,1
5732,93,1
5733,84,1
5734,90,1
5735,192,1
5736,126,1
5737,114,1
5738,98,1
5739,66,1
5740,54,1
5741,200,0
5742,151,1
5743,32,1
5744,115,1
5745,146,1
5746,139,1
5747,181,1
5748,77,1
5749,60,1
5750,110,1
5751,55,1
5752,104,1
5753,56,1
5754,50,1
5755,53,1
5756,96,1
5757,83,1
5758,84,1
5759,133,1
5760,54,1
5761,158,1
5762,62,1
5763,200,0
5764,123,1
5765,200,0
5766,191,1
5767,200,0
5768,144,1
5769,54,1
5770,116,1
5771,200,0
5772,82,1
5773,61,1
5774,200,0
5775,92,1
5776,62,1
5777,41,1
5778,126,1
5779,200,0
5780,35,1
5781,52,1
5782,64,1
5783,52,1
5784,200,0
5785,87,1
5786,200,0
5787,63,1
5788,169,1
5789,90,1
5790,37,1
5791,91,1
5792,88,1
5793,76,1
5794,76,1
5795,68,1
5796,117,1
5797,84,1
5798,78,1
5799,55,1
5800,198,1
5801,93,1
5802,200,0
5803,59,1
5804,86,1
5805,52,1
5806,200,0
5807,200,0
5808,62,1
5809,199,1
5810,112,1
5811,114,1
5812,200,0
5813,54,1
5814,128,1
5815,88,1
5816,86,1
5817,67,1
5818,64,1
5819,80,1
5820,46,1
5821,68,1
5822,92,1
5823,95,1
5824,33,1
5825,200,0
5826,50,1
5827,200,0
5828,114,1
5829,194,1
5830,151,1
5831,141,1
5832,67,1
5833,138,1
5834,77,1
5835,106,1
5836,126,1
5837,77,1
5838,200,0
5839,121,1
5840,80,1
5841,102,1
5842,70,1
5843,165,1
5844,200,0
5845,93,1
5846,155,1
5847,141,1
5848,130,1
5849,62,1
5850,154,1
5851,63,1
5852,79,1
5853,149,1
5854,79,1
5855,188,1
5856,75,1
5857,58,1
5858,103,1
5859,127,1
5860,141,1
5861,40,1
5862,170,1
5863,160,1
5864,43,1
5865,29,1
5866,136,1
5867,75,1
5868,125,1
5869,51,1
5870,86,1
5871,183,1
5872,121,1
5873,194,1
5874,166,1
5875,146,1
5876,200,0
5877,58,1
5878,21,1
5879,100,1
5880,168,1
5881,89,1
5882,74,1
5883,67,1
5884,146,1
5885,100,1
5886,92,1
5887,75,1
5888,107,1
5889,35,1
5890,173,1
5891,173,1
5892,156,1
5893,174,1
5894,77,1
5895,85,1
5896,64,1
5897,200,0
5898,143,1
5899,46,1
5900,45,1
5901,146,1
5902,174,1
5903,66,1
5904,115,1
5905,200,0
5906,84,1
5907,127,1
5908,147,1
5909,169,1
5910,97,1
5911,200,0
5912,200,0
5913,46,1
5914,75,1
5915,135,1
5916,59,1
5917,200,0
5918,61,1
5919,64,1
5920,78,1
5921,80,1
5922,200,0
5923,143,1
5924,200,0
5925,87,1
5926,110,1
5927,146,1
5928,79,1
5929,107,1
5930,62,1
5931,81,1
5932,109,1
5933,91,1
5934,58,1
5935,200,0
5936,116,1
5937,73,1
5938,83,1
5939,70,1
5940,77,1
5941,72,1
5942,59,1
5943,104,1
5944,200,0
5945,181,1
5946,137,1
5947,189,1
5948,145,1
5949,42,1
5950,97,1
5951,79,1
5952,48,1
5953,73,1
5954,148,1
5955,77,1
5956,107,1
5957,61,1
5958,105,1
5959,200,0
5960,76,1
5961,57,1
5962,109,1
5963,66,1
5964,54,1
5965,52,1
5966,152,1
5967,58,1
5968,81,1
5969,184,1
5970,93,1
5971,138,1
5972,128,1
5973,168,1
5974,85,1
5975,101,1
5976,50,1
5977,115,1
5978,42,1
5979,80,1
5980,180,1
5981,173,1
5982,83,1
5983,101,1
5984,86,1
5985,200,0
5986,44,1
5987,74,1
5988,96,1
5989,79,1
5990,50,1
5991,153,1
5992,165,1
5993,200,0
5994,200,0
5995,66,1
5996,137,1
5997,114,1
5998,87,1
5999,43,1
6000,200,0
6001,26,1
6002,72,1
6003,200,0
6004,116,1
6005,182,1
6006,44,1
6007,92,1
6008,200,0
6009,60,1
6010,200,0
6011,81,1
6012,127,1
6013,92,1
6014,106,1
6015,53,1
6016,200,0
6017,53,1
6018,124,1
6019,114,1
6020,159,1
6021,99,1
6022,200,0
6023,28,1
6024,87,1
6025,68,1
6026,72,1
6027,55,1
6028,74,1
6029,183,1
6030,85,1
6031,87,1
6032,107,1
6033,168,1
6034,79,1
6035,130,1
6036,102,1
6037,46,1
6038,106,1
6039,142,1
6040,49,1
6041,82,1
6042,199,1
6043,91,1
6044,43,1
6045,52,1
6046,88,1
6047,178,1
6048,52,1
6049,40,1
6050,47,1
6051,54,1
6052,137,1
6053,77,1
6054,187,1
6055,124,1
6056,178,1
6057,89,1
6058,81,1
6059,107,1
6060,79,1
6061,141,1
6062,83,1
6063,138,1
6064,94,1
6065,69,1
6066,35,1
6067,62,1
6068,105,1
6069,99,1
6070,200,0
6071,24,1
6072,171,1
6073,161,1
6074,170,1
6075,189,1
6076,87,1
6077,120,1
6078,101,1
6079,200,0
6080,184,1
6081,55,1
6082,200,0
6083,49,1
6084,52,1
6085,152,1
6086,93,1
6087,75,1
6088,200,0
6089,66,1
6090,112,1
6091,55,1
6092,74,1
6093,67,1
6094,54,1
6095,200,1
6096,48,1
6097,64,1
6098,38,1
6099,63,1
6100,48,1
6101,167,1
6102,58,1
6103,48,1
6104,141,1
6105,119,1
6106,84,1
6107,200,0
6108,49,1
6109,87,1
6110,129,1
6111,109,1
6112,74,1
6113,133,1
6114,200,0
6115,31,1
6116,96,1
6117,200,0
6118,58,1
6119,39,1
6120,168,1
6121,76,1
6122,67,1
6123,200,0
6124,80,1
6125,116,1
6126,38,1
6127,200,0
6128,39,1
6129,39,1
6130,106,1
6131,92,1
6132,92,1
6133,124,1
6134,154,1
6135,109,1
6136,93,1
6137,60,1
6138,77,1
6139,26,1
6140,78,1
6141,133,1
6142,42,1
6143,117,1
6144,148,1
6145,135,1
6146,172,1
6147,149,1
6148,24,1
6149,104,1
6150,146,1
6151,86,1
6152,200,0
6153,149,1
6154,156,1
6155,200,0
6156,200,0
6157,128,1
6158,162,1
6159,67,1
6160,97,1
6161,168,1
6162,151,1
6163,149,1
6164,151,1
6165,77,1
6166,41,1
6167,200,0
6168,103,1
6169,200,0
6170,125,1
6171,123,1
6172,140,1
6173,200,0
6174,143,1
6175,176,1
6176,52,1
6177,69,1
6178,200,0
6179,93,1
6180,82,1
6181,129,1
6182,63,1
6183,74,1
6184,137,1
6185,144,1
6186,102,1
6187,88,1
6188,56,1
6189,137,1
6190,77,1
6191,108,1
6192,55,1
6193,84,1
6194,96,1
6195,81,1
6196,166,1
6197,200,0
6198,64,1
6199,61,1
6200,171,1
6201,134,1
6202,36,1
6203,60,1
6204,200,0
6205,71,1
6206,94,1
6207,109,1
6208,89,1
6209,127,1
6210,200,0
6211,75,1
6212,190,1
6213,39,1
6214,87,1
6215,55,1
6216,60,1
6217,97,1
6218,148,1
6219,31,1
6220,112,1
6221,102,1
6222,82,1
6223,100,1
6224,64,1
6225,90,1
6226,130,1
6227,200,0
6228,94,1
6229,131,1
6230,189,1
6231,38,1
6232,79,1
6233,145,1
6234,88,1
6235,53,1
6236,41,1
6237,50,1
6238,166,1
6239,153,1
6240,200,0
6241,117,1
6242,200,0
6243,97,1
6244,66,1
6245,60,1
6246,118,1
6247,97,1
6248,135,1
6249,42,1
6250,100,1
6251,92,1
6252,185,1
6253,152,1
6254,88,1
6255,181,1
6256,60,1
6257,49,1
6258,200,0
6259,69,1
6260,66,1
6261,200,0
6262,114,1
6263,55,1
6264,36,1
6265,109,1
6266,113,1
6267,44,1
6268,30,1
6269,173,1
6270,78,1
6271,38,1
6272,94,1
6273,62,1
6274,112,1
6275,107,1
6276,83,1
6277,200,0
6278,98,1
6279,124,1
6280,58,1
6281,82,1
6282,115,1
6283,134,1
6284,71,1
6285,200,0
6286,200,0
6287,44,1
6288,94,1
6289,31,1
6290,200,0
6291,200,0
6292,130,1
6293,167,1
6294,75,1
6295,160,1
6296,66,1
6297,86,1
6298,93,1
6299,83,1
6300,124,1
6301,42,1
6302,38,1
6303,53,1
6304,49,1
6305,102,1
6306,111,1
6307,109,1
6308,163,1
6309,79,1
6310,60,1
6311,159,1
6312,200,0
6313,45,1
6314,69,1
6315,78,1
6316,102,1
6317,77,1
6318,81,1
6319,159,1
6320,129,1
6321,104,1
6322,35,1
6323,129,1
6324,83,1
6325,167,1
6326,147,1
6327,53,1
6328,200,0
6329,179,1
6330,89,1
6331,43,1
6332,167,1
6333,64,1
6334,90,1
6335,48,1
6336,53,1
6337,43,1
6338,112,1
6339,171,1
6340,96,1
6341,75,1
6342,73,1
6343,114,1
6344,62,1
6345,99,1
6346,45,1
6347,124,1
6348,67,1
6349,39,1
6350,56,1
6351,54,1
6352,99,1
6353,200,0
6354,69,1
6355,111,1
6356,36,1
6357,66,1
6358,46,1
6359,32,1
6360,61,1
6361,68,1
6362,50,1
6363,85,1
6364,33,1
6365,86,1
6366,33,1
6367,142,1
6368,124,1
6369,116,1
6370,74,1
6371,200,0
6372,55,1
6373,200,0
6374,95,1
6375,65,1
6376,135,1
6377,142,1
6378,194,1
6379,62,1
6380,64,1
6381,55,1
6382,130,1
6383,103,1
6384,46,1
6385,60,1
6386,45,1
6387,47,1
6388,70,1
6389,156,1
6390,141,1
6391,20,1
6392,99,1
6393,33,1
6394,196,1
6395,94,1
6396,200,0
6397,86,1
6398,44,1
6399,145,1
6400,75,1
6401,81,1
6402,89,1
6403,48,1
6404,80,1
6405,48,1
6406,48,1
6407,39,1
6408,79,1
6409,90,1
6410,62,1
6411,200,0
6412,48,1
6413,200,0
6414,160,1
6415,119,1
6416,118,1
6417,32,1
6418,139,1
6419,150,1
6420,121,1
6421,151,1
6422,79,1
6423,107,1
6424,99,1
6425,109,1
6426,91,1
6427,31,1
6428,30,1
6429,65,1
6430,81,1
6431,121,1
6432,82,1
6433,78,1
6434,119,1
6435,71,1
6436,115,1
6437,58,1
6438,122,1
6439,159,1
6440,86,1
6441,132,1
6442,200,0
6443,116,1
6444,68,1
6445,94,1
6446,109,1
6447,79,1
6448,70,1
6449,94,1
6450,163,1
6451,177,1
6452,59,1
6453,167,1
6454,109,1
6455,56,1
6456,122,1
6457,143,1
6458,43,1
6459,87,1
6460,39,1
6461,69,1
6462,116,1
6463,200,0
6464,121,1
6465,97,1
6466,77,1
6467,64,1
6468,128,1
6469,177,1
6470,160,1
6471,200,1
6472,152,1
6473,150,1
6474,100,1
6475,200,0
6476,200,0
6477,39,1
6478,200,0
6479,159,1
6480,47,1
6481,164,1
6482,88,1
6483,126,1
6484,89,1
6485,114,1
6486,81,1
6487,72,1
6488,200,0
6489,174,1
6490,101,1
6491,190,1
6492,56,1
6493,66,1
6494,39,1
6495,138,1
6496,63,1
6497,142,1
6498,200,0
6499,200,0
6500,49,1
6501,70,1
6502,24,1
6503,100,1
6504,200,0
6505,141,1
6506,165,1
6507,103,1
6508,35,1
6509,75,1
6510,200,0
6511,115,1
6512,73,1
6513,36,1
6514,107,1
6515,102,1
6516,150,1
6517,82,1
6518,47,1
6519,119,1
6520,49,1
6521,194,1
6522,200,0
6523,95,1
6524,150,1
6525,141,1
6526,132,1
6527,57,1
6528,69,1
6529,146,1
6530,194,1
6531,86,1
6532,200,0
6533,166,1
6534,96,1
6535,162,1
6536,144,1
6537,152,1
6538,121,1
6539,132,1
6540,200,0
6541,102,1
6542,85,1
6543,73,1
6544,119,1
6545,59,1
6546,116,1
6547,74,1
6548,191,1
6549,68,1
6550,158,1
6551,134,1
6552,58,1
6553,95,1
6554,76,1
6555,179,1
6556,164,1
6557,200,0
6558,92,1
6559,108,1
6560,200,0
6561,58,1
6562,77,1
6563,37,1
6564,182,1
6565,129,1
6566,46,1
6567,89,1
6568,179,1
6569,200,0
6570,49,1
6571,200,0
6572,166,1
6573,81,1
6574,110,1
6575,55,1
6576,162,1
6577,105,1
6578,80,1
6579,95,1
6580,150,1
6581,144,1
6582,200,0
6583,71,1
6584,150,1
6585,60,1
6586,200,0
6587,33,1
6588,66,1
6589,118,1
6590,76,1
6591,73,1
6592,82,1
6593,130,1
6594,51,1
6595,110,1
6596,69,1
6597,84,1
6598,82,1
6599,54,1
6600,76,1
6601,66,1
6602,78,1
6603,60,1
6604,155,1
6605,99,1
6606,128,1
6607,142,1
6608,126,1
6609,106,1
6610,200,0
6611,200,0
6612,32,1
6613,54,1
6614,156,1
6615,168,1
6616,64,1
6617,30,1
6618,75,1
6619,54,1
6620,49,1
6621,133,1
6622,99,1
6623,47,1
6624,34,1
6625,116,1
6626,152,1
6627,45,1
6628,148,1
6629,184,1
6630,200,0
6631,145,1
6632,72,1
6633,143,1
6634,95,1
6635,104,1
6636,79,1
6637,103,1
6638,41,1
6639,58,1
6640,41,1
6641,58,1
6642,173,1
6643,60,1
6644,152,1
6645,54,1
6646,105,1
6647,53,1
6648,132,1
6649,139,1
6650,103,1
6651,126,1
6652,200,0
6653,90,1
6654,43,1
6655,75,1
6656,146,1
6657,157,1
6658,136,1
6659,86,1
6660,31,1
6661,61,1
6662,154,1
6663,155,1
6664,124,1
6665,200,0
6666,94,1
6667,48,1
6668,157,1
6669,55,1
6670,153,1
6671,75,1
6672,178,1
6673,121,1
6674,200,0
6675,69,1
6676,159,1
6677,83,1
6678,107,1
6679,134,1
6680,200,0
6681,78,1
6682,43,1
6683,162,1
6684,200,0
6685,200,0
6686,131,1
6687,65,1
6688,91,1
6689,95,1
6690,146,1
6691,132,1
6692,70,1
6693,200,0
6694,91,1
6695,105,1
6696,200,0
6697,112,1
6698,101,1
6699,40,1
6700,200,0
6701,200,0
6702,99,1
6703,111,1
6704,61,1
6705,41,1
6706,79,1
6707,120,1
6708,33,1
6709,42,1
6710,101,1
6711,100,1
6712,200,0
6713,200,0
6714,89,1
6715,77,1
6716,200,0
6717,43,1
6718,200,0
6719,200,0
6720,36,1
6721,200,0
6722,51,1
6723,79,1
6724,150,1
6725,200,0
6726,149,1
6727,173,1
6728,145,1
6729,45,1
6730,40,1
6731,71,0
6732,168,1
6733,82,1
6734,175,1
6735,116,1
6736,89,1
6737,78,1
6738,114,1
6739,49,1
6740,66,1
6741,172,1
6742,89,1
6743,200,0
6744,149,1
6745,168,1
6746,88,1
6747,127,1
6748,38,1
6749,174,1
6750,79,1
6751,138,1
6752,28,1
6753,68,1
6754,107,1
6755,41,1
6756,99,1
6757,200,0
6758,200,0
6759,126,1
6760,53,1
6761,56,1
6762,40,1
6763,72,1
6764,109,1
6765,90,1
6766,131,1
6767,139,1
6768,200,0
6769,191,1
6770,146,1
6771,48,1
6772,61,1
6773,133,1
6774,153,1
6775,70,1
6776,190,1
6777,84,1
6778,200,0
6779,66,1
6780,59,1
6781,141,1
6782,50,1
6783,200,0
6784,60,1
6785,30,1
6786,74,1
6787,114,1
6788,130,1
6789,36,1
6790,107,1
6791,42,1
6792,129,1
6793,114,1
6794,175,1
6795,53,1
6796,83,1
6797,200,0
6798,200,0
6799,27,1
6800,82,1
6801,46,1
6802,127,1
6803,98,1
6804,200,0
6805,105,1
6806,52,1
6807,60,1
6808,89,1
6809,150,1
6810,150,1
6811,52,1
6812,137,1
6813,47,1
6814,86,1
6815,50,1
6816,82,1
6817,140,1
6818,73,1
6819,64,1
6820,165,1
6821,72,1
6822,94,1
6823,138,1
6824,165,1
6825,90,1
6826,95,1
6827,109,1
6828,153,1
6829,69,1
6830,126,1
6831,31,1
6832,44,1
6833,118,1
6834,44,1
6835,52,1
6836,47,1
6837,200,0
6838,115,1
6839,57,1
6840,108,1
6841,114,1
6842,178,1
6843,92,1
6844,45,1
6845,162,1
6846,83,1
6847,103,1
6848,139,1
6849,101,1
6850,69,1
6851,200,0
6852,69,1
6853,53,1
6854,200,0
6855,67,1
6856,140,1
6857,121,1
6858,98,1
6859,108,1
6860,118,1
6861,84,1
6862,143,1
6863,87,1
6864,111,1
6865,99,1
6866,183,1
6867,85,1
6868,105,1
6869,74,1
6870,38,1
6871,71,1
6872,110,1
6873,93,1
6874,131,1
6875,91,1
6876,189,1
6877,45,1
6878,153,1
6879,126,1
6880,99,1
6881,54,1
6882,80,1
6883,127,1
6884,200,0
6885,91,1
6886,73,1
6887,113,1
6888,53,1
6889,59,1
6890,42,1
6891,46,1
6892,105,1
6893,141,1
6894,37,1
6895,45,1
6896,159,1
6897,54,1
6898,94,1
6899,112,1
6900,116,1
6901,102,1
6902,75,1
6903,75,1
6904,56,1
6905,200,0
6906,173,1
6907,63,1
6908,54,1
6909,109,1
6910,59,1
6911,141,1
6912,125,1
6913,200,0
6914,200,0
6915,56,1
6916,78,1
6917,200,0
6918,94,1
6919,67,1
6920,200,0
6921,128,1
6922,46,1
6923,31,1
6924,80,1
6925,72,1
6926,136,1
6927,43,1
6928,195,1
6929,200,0
6930,92,1
6931,102,1
6932,57,1
6933,153,1
6934,40,1
6935,122,1
6936,70,1
6937,52,1
6938,86,1
6939,111,1
6940,37,1
6941,54,1
6942,75,1
6943,91,1
6944,181,1
6945,66,1
6946,70,1
6947,116,1
6948,66,1
6949,97,1
6950,134,1
6951,52,1
6952,169,1
6953,34,1
6954,95,1
6955,18,1
6956,101,1
6957,52,1
6958,113,1
6959,74,1
6960,126,1
6961,188,1
6962,108,1
6963,48,1
6964,49,1
6965,56,1
6966,60,1
6967,102,1
6968,128,1
6969,62,1
6970,200,0
6971,36,1
6972,151,1
6973,200,0
6974,60,1
6975,200,0
6976,187,1
6977,200,0
6978,57,1
6979,124,1
6980,89,1
6981,88,1
6982,45,1
6983,90,1
6984,104,1
6985,94,1
6986,36,1
6987,118,1
6988,95,1
6989,150,1
6990,115,1
6991,99,1
6992,103,1
6993,102,1
6994,200,0
6995,128,1
6996,79,1
6997,101,1
6998,110,1
6999,164,1
7000,113,1
7001,54,1
7002,66,1
7003,125,1
7004,43,1
7005,70,1
7006,98,1
7007,42,1
7008,95,1
7009,47,1
7010,85,1
7011,136,1
7012,162,1
7013,144,1
7014,76,1
7015,127,1
7016,188,1
7017,172,1
7018,177,1
7019,67,1
7020,52,1
7021,87,1
7022,93,1
7023,77,1
7024,73,1
7025,125,1
7026,97,1
7027,92,1
7028,200,0
7029,81,1
7030,113,1
7031,153,1
7032,151,1
7033,182,1
7034,200,0
7035,79,1
7036,124,1
7037,167,1
7038,128,1
7039,28,1
7040,38,1
7041,164,1
7042,58,1
7043,132,1
7044,153,1
7045,73,1
7046,37,1
7047,28,1
7048,200,0
7049,149,1
7050,103,1
7051,62,1
7052,49,1
7053,115,1
7054,182,1
7055,74,1
7056,88,1
7057,34,1
7058,101,1
7059,152,1
7060,68,1
7061,199,1
7062,86,1
7063,173,1
7064,87,1
7065,200,0
7066,143,1
7067,200,0
7068,138,1
7069,103,1
7070,70,1
7071,71,1
7072,90,1
7073,51,1
7074,101,1
7075,82,1
7076,78,1
7077,200,0
7078,64,1
7079,154,1
7080,69,1
7081,29,1
7082,136,1
7083,50,1
7084,120,1
7085,93,1
7086,200,0
7087,37,1
7088,90,1
7089,61,1
7090,148,1
7091,200,0
7092,43,1
7093,122,1
7094,84,1
7095,56,1
7096,200,0
7097,55,1
7098,63,1
7099,82,1
7100,200,0
7101,123,1
7102,38,1
7103,90,1
7104,200,0
7105,57,1
7106,149,1
7107,40,1
7108,200,0
7109,106,1
7110,186,1
7111,109,1
7112,62,1
7113,87,1
7114,116,1
7115,42,1
7116,58,1
7117,88,1
7118,157,1
7119,57,1
7120,67,1
7121,200,0
7122,91,1
7123,137,1
7124,135,1
7125,163,1
7126,100,1
7127,91,1
7128,61,1
7129,87,1
7130,186,1
7131,174,1
7132,84,1
7133,200,0
7134,175,1
7135,61,1
7136,61,1
7137,168,1
7138,73,1
7139,79,1
7140,132,1
7141,118,1
7142,111,1
7143,51,1
7144,117,1
7145,68,1
7146,200,0
7147,108,1
7148,154,1
7149,47,1
7150,169,1
7151,48,1
7152,186,1
7153,77,1
7154,65,1
7155,195,1
7156,195,1
7157,70,1
7158,200,0
7159,108,1
7160,50,1
7161,101,1
7162,158,1
7163,54,1
7164,102,1
7165,77,1
7166,83,1
7167,48,1
7168,57,1
7169,200,0
7170,115,1
7171,175,1
7172,180,1
7173,89,1
7174,186,1
7175,84,1
7176,74,1
7177,84,1
7178,189,1
7179,132,1
7180,193,1
7181,40,1
7182,174,1
7183,76,1
7184,38,1
7185,141,1
7186,190,1
7187,118,1
7188,114,1
7189,146,1
7190,181,1
7191,93,1
7192,151,1
7193,70,1
7194,54,1
7195,140,1
7196,151,1
7197,135,1
7198,50,1
7199,75,1
7200,75,1
7201,200,0
7202,106,1
7203,57,1
7204,61,1
7205,200,0
7206,99,1
7207,200,0
7208,125,1
7209,33,1
7210,108,1
7211,82,1
7212,150,1
7213,100,1
7214,174,1
7215,96,1
7216,200,0
7217,113,1
7218,75,1
7219,99,1
7220,175,1
7221,77,1
7222,106,1
7223,143,1
7224,54,1
7225,152,1
7226,72,1
7227,59,1
7228,137,1
7229,164,1
7230,189,1
7231,97,1
7232,107,1
7233,78,1
7234,144,1
7235,151,1
7236,61,1
7237,109,1
7238,72,1
7239,113,1
7240,158,1
7241,200,0
7242,66,1
7243,139,1
7244,91,1
7245,189,1
7246,78,1
7247,172,1
7248,130,1
7249,74,1
7250,200,0
7251,99,1
7252,51,1
7253,69,1
7254,190,1
7255,200,0
7256,94,1
7257,89,1
7258,71,1
7259,164,1
7260,122,1
7261,75,1
7262,106,1
7263,191,1
7264,90,1
7265,83,1
7266,143,1
7267,200,0
7268,54,1
7269,123,1
7270,95,1
7271,172,1
7272,144,1
7273,200,0
7274,73,1
7275,55,1
7276,92,1
7277,57,1
7278,168,1
7279,109,1
7280,66,1
7281,200,0
7282,179,1
7283,65,1
7284,172,1
7285,95,1
7286,141,1
7287,42,1
7288,130,1
7289,88,1
7290,92,1
7291,76,1
7292,29,1
7293,83,1
7294,76,1
7295,78,1
7296,200,0
7297,97,1
7298,81,1
7299,76,1
7300,145,1
7301,200,0
7302,108,1
7303,187,1
7304,50,1
7305,32,1
7306,121,1
7307,119,1
7308,45,1
7309,101,1
7310,200,0
7311,165,1
7312,83,1
7313,122,1
7314,55,1
7315,97,1
7316,97,1
7317,175,1
7318,101,1
7319,40,1
7320,198,1
7321,65,1
7322,121,1
7323,82,1
7324,145,1
7325,127,1
7326,127,1
7327,144,1
7328,122,1
7329,142,1
7330,53,1
7331,188,1
7332,71,1
7333,166,1
7334,150,1
7335,133,1
7336,87,1
7337,126,1
7338,101,1
7339,156,1
7340,200,0
7341,84,1
7342,200,0
7343,98,1
7344,85,1
7345,65,1
7346,71,1
7347,77,1
7348,59,1
7349,167,1
7350,42,1
7351,86,1
7352,117,1
7353,68,1
7354,109,1
7355,134,1
7356,48,1
7357,52,1
7358,53,1
7359,59,1
7360,200,0
7361,85,1
7362,200,0
7363,59,1
7364,108,1
7365,36,1
7366,122,1
7367,60,1
7368,92,1
7369,138,1
7370,100,1
7371,200,0
7372,46,1
7373,172,1
7374,166,1
7375,63,1
7376,96,1
7377,104,1
7378,55,1
7379,138,1
7380,60,1
7381,167,1
7382,146,1
7383,200,0
7384,76,1
7385,200,0
7386,85,1
7387,94,1
7388,82,1
7389,82,1
7390,135,1
7391,191,1
7392,82,1
7393,84,1
7394,94,1
7395,105,1
7396,136,1
7397,116,1
7398,30,1
7399,72,1
7400,94,1
7401,63,1
7402,77,1
7403,100,1
7404,192,1
7405,85,1
7406,80,1
7407,112,1
7408,38,1
7409,75,1
7410,112,1
7411,142,1
7412,51,1
7413,179,1
7414,147,1
7415,82,1
7416,154,1
7417,96,1
7418,69,1
7419,111,1
7420,46,1
7421,56,1
7422,55,1
7423,129,1
7424,125,1
7425,52,1
7426,79,1
7427,199,1
7428,36,1
7429,123,1
7430,133,1
7431,45,1
7432,80,1
7433,155,1
7434,200,0
7435,165,1
7436,149,1
7437,45,1
7438,73,1
7439,109,1
7440,200,0
7441,133,1
7442,80,1
7443,78,1
7444,200,0
7445,52,1
7446,51,1
7447,98,1
7448,48,1
7449,56,1
7450,114,1
7451,63,1
7452,200,0
7453,200,0
7454,92,1
7455,115,1
7456,78,1
7457,146,1
7458,70,1
7459,99,1
7460,33,1
7461,40,1
7462,135,1
7463,79,1
7464,179,1
7465,128,1
7466,111,1
7467,52,1
7468,108,1
7469,97,1
7470,155,1
7471,94,1
7472,39,1
7473,200,0
7474,123,1
7475,93,1
7476,149,1
7477,44,1
7478,136,1
7479,200,0
7480,77,1
7481,138,1
7482,32,1
7483,133,1
7484,66,1
7485,112,1
7486,121,1
7487,200,0
7488,107,1
7489,200,0
7490,45,1
7491,73,1
7492,59,1
7493,91,1
7494,130,1
7495,79,1
7496,151,1
7497,108,1
7498,54,1
7499,115,1
7500,67,1
7501,71,1
7502,178,1
7503,76,1
7504,158,1
7505,81,1
7506,35,1
7507,200,0
7508,74,1
7509,41,1
7510,61,1
7511,87,1
7512,44,1
7513,95,1
7514,200,0
7515,72,1
7516,200,0
7517,98,1
7518,67,1
7519,141,1
7520,48,1
7521,200,0
7522,172,1
7523,57,1
7524,98,1
7525,79,1
7526,81,1
7527,200,0
7528,49,1
7529,200,0
7530,187,1
7531,43,1
7532,114,1
7533,81,1
7534,129,1
7535,74,1
7536,103,1
7537,122,1
7538,168,1
7539,180,1
7540,54,1
7541,200,1
7542,128,1
7543,102,1
7544,200,0
7545,200,0
7546,124,1
7547,60,1
7548,153,1
7549,113,1
7550,70,1
7551,175,1
7552,107,1
7553,182,1
7554,192,1
7555,76,1
7556,145,1
7557,191,1
7558,69,1
7559,197,1
7560,79,1
7561,63,1
7562,82,1
7563,127,1
7564,200,0
7565,128,1
7566,52,1
7567,92,1
7568,107,1
7569,176,1
7570,138,1
7571,79,1
7572,112,1
7573,141,1
7574,90,1
7575,152,1
7576,93,1
7577,200,0
7578,46,1
7579,159,1
7580,144,1
7581,129,1
7582,43,1
7583,116,1
7584,91,1
7585,98,1
7586,200,0
7587,105,1
7588,186,1
7589,200,0
7590,51,1
7591,47,1
7592,154,1
7593,128,1
7594,69,1
7595,68,1
7596,37,1
7597,138,1
7598,143,1
7599,37,1
7600,48,1
7601,97,1
7602,99,1
7603,200,0
7604,185,1
7605,200,0
7606,158,1
7607,121,1
7608,102,1
7609,35,1
7610,170,1
7611,200,0
7612,131,1
7613,129,1
7614,62,1
7615,200,0
7616,142,1
7617,179,1
7618,88,1
7619,192,1
7620,61,1
7621,95,1
7622,64,1
7623,68,1
7624,200,0
7625,99,1
7626,71,1
7627,144,1
7628,150,1
7629,155,1
7630,174,1
7631,71,1
7632,122,1
7633,68,1
7634,73,1
7635,46,1
7636,105,1
7637,96,1
7638,200,0
7639,166,1
7640,116,1
7641,104,1
7642,140,1
7643,92,1
7644,58,1
7645,62,1
7646,120,1
7647,55,1
7648,173,1
7649,108,1
7650,100,1
7651,76,1
7652,95,1
7653,71,1
7654,87,1
7655,54,1
7656,66,1
7657,73,1
7658,69,1
7659,63,1
7660,73,1
7661,106,1
7662,104,1
7663,59,1
7664,64,1
7665,90,1
7666,157,1
7667,42,1
7668,158,1
7669,61,1
7670,184,1
7671,61,1
7672,120,1
7673,98,1
7674,52,1
7675,141,1
7676,125,1
7677,121,1
7678,77,1
7679,82,1
7680,47,1
7681,188,1
7682,99,1
7683,117,1
7684,173,1
7685,200,0
7686,139,1
7687,200,0
7688,125,1
7689,108,1
7690,47,1
7691,142,1
7692,73,1
7693,47,1
7694,50,1
7695,160,1
7696,130,1
7697,137,1
7698,107,1
7699,133,1
7700,117,1
7701,177,1
7702,194,1
7703,149,1
7704,51,1
7705,100,1
7706,69,1
7707,81,1
7708,54,1
7709,70,1
7710,182,1
7711,141,1
7712,69,1
7713,78,1
7714,134,1
7715,40,1
7716,115,1
7717,83,1
7718,118,1
7719,73,1
7720,200,0
7721,62,1
7722,76,1
7723,56,1
7724,61,1
7725,200,0
7726,53,1
7727,128,1
7728,200,0
7729,95,1
7730,128,1
7731,158,1
7732,105,1
7733,172,1
7734,200,0
7735,200,0
7736,108,1
7737,84,1
7738,94,1
7739,200,0
7740,74,1
7741,46,1
7742,76,1
7743,88,1
7744,83,1
7745,78,1
7746,82,1
7747,48,1
7748,139,1
7749,122,1
7750,67,1
7751,131,1
7752,44,1
7753,37,1
7754,151,1
7755,67,1
7756,178,1
7757,200,0
7758,99,1
7759,112,1
7760,200,0
7761,68,1
7762,34,1
7763,159,1
7764,103,1
7765,85,1
7766,127,1
7767,115,1
7768,94,1
7769,82,1
7770,110,1
7771,45,1
7772,77,1
7773,55,1
7774,127,1
7775,57,1
7776,85,1
7777,37,1
7778,140,1
7779,77,1
7780,101,1
7781,101,1
7782,104,1
7783,76,1
7784,64,1
7785,135,1
7786,169,1
7787,200,0
7788,37,1
7789,104,1
7790,64,1
7791,200,0
7792,90,1
7793,153,1
7794,84,1
7795,152,1
7796,200,0
7797,57,1
7798,67,1
7799,71,1
7800,30,1
7801,113,1
7802,108,1
7803,78,1
7804,118,1
7805,200,0
7806,200,0
7807,134,1
7808,75,1
7809,200,0
7810,77,1
7811,119,1
7812,135,1
7813,59,1
7814,194,1
7815,200,0
7816,109,1
7817,55,1
7818,91,1
7819,164,1
7820,74,1
7821,63,1
7822,72,1
7823,43,1
7824,74,1
7825,152,1
7826,106,1
7827,96,1
7828,171,1
7829,57,1
7830,67,1
7831,200,0
7832,69,1
7833,95,1
7834,96,1
7835,62,1
7836,133,1
7837,151,1
7838,83,1
7839,65,1
7840,200,0
7841,94,1
7842,159,1
7843,126,1
7844,96,1
7845,60,1
7846,41,1
7847,83,1
7848,75,1
7849,184,1
7850,106,1
7851,89,1
7852,200,0
7853,100,1
7854,142,1
7855,67,1
7856,114,1
7857,187,1
7858,200,0
7859,27,1
7860,76,1
7861,70,1
7862,93,1
7863,99,1
7864,48,1
7865,75,1
7866,89,1
7867,196,1
7868,48,1
7869,144,1
7870,83,1
7871,92,1
7872,200,0
7873,79,1
7874,123,1
7875,96,1
7876,38,1
7877,200,0
7878,86,1
7879,125,1
7880,91,1
7881,156,1
7882,95,1
7883,43,1
7884,152,1
7885,200,0
7886,79,1
7887,63,1
7888,200,0
7889,78,1
7890,153,1
7891,200,0
7892,59,1
7893,178,1
7894,122,1
7895,75,1
7896,69,1
7897,84,1
7898,200,0
7899,157,1
7900,67,1
7901,119,1
7902,60,1
7903,126,1
7904,57,1
7905,72,1
7906,96,1
7907,129,1
7908,37,1
7909,48,1
7910,128,1
7911,126,1
7912,162,1
7913,77,1
7914,60,1
7915,200,0
7916,126,1
7917,200,0
7918,167,1
7919,71,1
7920,53,1
7921,140,1
7922,149,1
7923,36,1
7924,72,1
7925,131,1
7926,51,1
7927,153,1
7928,51,1
7929,179,1
7930,156,1
7931,43,1
7932,68,1
7933,125,1
7934,82,1
7935,146,1
7936,200,0
7937,109,1
7938,26,1
7939,91,1
7940,71,1
7941,129,1
7942,200,0
7943,77,1
7944,86,1
7945,190,1
7946,200,0
7947,54,1
7948,94,1
7949,160,1
7950,83,1
7951,200,0
7952,32,1
7953,200,0
7954,48,1
7955,106,1
7956,76,1
7957,77,1
7958,92,1
7959,78,1
7960,123,1
7961,113,1
7962,54,1
7963,58,1
7964,87,1
7965,200,0
7966,66,1
7967,100,1
7968,121,1
7969,75,1
7970,128,1
7971,108,1
7972,175,1
7973,96,1
7974,200,0
7975,62,1
7976,168,1
7977,64,1
7978,121,1
7979,26,1
7980,78,1
7981,200,0
7982,137,1
7983,200,0
7984,48,1
7985,69,1
7986,80,1
7987,82,1
7988,148,1
7989,110,1
7990,200,0
7991,57,1
7992,34,1
7993,62,1
7994,59,1
7995,200,0
7996,179,1
7997,64,1
7998,89,1
7999,71,1
8000,83,1
8001,108,1
8002,65,1
8003,57,1
8004,88,1
8005,51,1
8006,84,1
8007,186,1
8008,136,1
8009,121,1
8010,90,1
8011,94,1
8012,183,1
8013,182,1
8014,59,1
8015,135,1
8016,37,1
8017,63,1
8018,164,1
8019,191,1
8020,81,1
8021,64,1
8022,141,1
8023,42,1
8024,61,1
8025,110,1
8026,137,1
8027,82,1
8028,66,1
8029,114,1
8030,100,1
8031,176,1
8032,81,1
8033,118,1
8034,186,1
8035,82,1
8036,96,1
8037,46,1
8038,200,0
8039,200,0
8040,38,1
8041,200,0
8042,69,1
8043,95,1
8044,123,1
8045,46,1
8046,56,1
8047,94,1
8048,145,1
8049,200,0
8050,163,1
8051,108,1
8052,113,1
8053,73,1
8054,58,1
8055,200,0
8056,86,1
8057,122,1
8058,68,1
8059,74,1
8060,110,1
8061,200,0
8062,161,1
8063,62,1
8064,137,1
8065,52,1
8066,98,1
8067,91,1
8068,60,1
8069,98,1
8070,169,1
8071,200,0
8072,98,1
8073,39,1
8074,58,1
8075,200,0
8076,30,1
8077,49,1
8078,77,1
8079,84,1
8080,61,1
8081,59,1
8082,200,0
8083,49,1
8084,39,1
8085,133,1
8086,200,0
8087,79,1
8088,63,1
8089,139,1
8090,71,1
8091,56,1
8092,103,1
8093,200,0
8094,200,0
8095,30,1
8096,95,1
8097,104,1
8098,113,1
8099,71,1
8100,200,0
8101,196,1
8102,200,0
8103,105,1
8104,106,1
8105,35,1
8106,139,1
8107,151,1
8108,125,1
8109,141,1
8110,63,1
8111,46,1
8112,84,1
8113,153,1
8114,111,1
8115,39,1
8116,52,1
8117,106,1
8118,77,1
8119,47,1
8120,116,1
8121,89,1
8122,124,1
8123,200,0
8124,200,0
8125,115,1
8126,85,1
8127,137,1
8128,200,0
8129,141,1
8130,114,1
8131,70,1
8132,179,1
8133,90,1
8134,92,1
8135,150,1
8136,200,0
8137,197,1
8138,161,1
8139,56,1
8140,46,1
8141,65,1
8142,55,1
8143,124,1
8144,145,1
8145,116,1
8146,65,1
8147,96,1
8148,157,1
8149,153,1
8150,82,1
8151,200,0
8152,112,1
8153,50,1
8154,160,1
8155,72,1
8156,168,1
8157,61,1
8158,200,0
8159,171,1
8160,92,1
8161,77,1
8162,98,1
8163,133,1
8164,115,1
8165,200,0
8166,117,1
8167,88,1
8168,97,1
8169,52,1
8170,172,1
8171,200,0
8172,41,1
8173,60,1
8174,54,1
8175,70,1
8176,110,1
8177,187,1
8178,110,1
8179,43,1
8180,109,1
8181,49,1
8182,53,1
8183,40,1
8184,89,1
8185,89,1
8186,200,0
8187,121,1
8188,151,1
8189,58,1
8190,75,1
8191,58,1
8192,84,1
8193,120,1
8194,82,1
8195,110,1
8196,89,1
8197,175,1
8198,86,1
8199,57,1
8200,60,1
8201,200,0
8202,93,1
8203,163,1
8204,62,1
8205,35,1
8206,200,1
8207,78,1
8208,124,1
8209,115,1
8210,74,1
8211,69,1
8212,112,1
8213,117,1
8214,119,1
8215,59,1
8216,200,0
8217,131,1
8218,102,1
8219,162,1
8220,87,1
8221,63,1
8222,163,1
8223,156,1
8224,56,1
8225,121,1
8226,165,1
8227,175,1
8228,51,1
8229,57,1
8230,73,1
8231,140,1
8232,74,1
8233,108,1
8234,165,1
8235,162,1
8236,200,0
8237,167,1
8238,108,1
8239,33,1
8240,78,1
8241,70,1
8242,37,1
8243,176,1
8244,121,1
8245,105,1
8246,151,1
8247,116,1
8248,80,1
8249,72,1
8250,61,1
8251,60,1
8252,152,1
8253,83,1
8254,191,1
8255,200,0
8256,129,1
8257,38,1
8258,115,1
8259,56,1
8260,200,0
8261,101,1
8262,85,1
8263,73,1
8264,113,1
8265,97,1
8266,56,1
8267,49,1
8268,112,1
8269,103,1
8270,200,0
8271,113,1
8272,116,1
8273,33,1
8274,200,0
8275,79,1
8276,181,1
8277,116,1
8278,184,1
8279,200,0
8280,115,1
8281,150,1
8282,95,1
8283,138,1
8284,190,1
8285,112,1
8286,142,1
8287,200,0
8288,107,1
8289,48,1
8290,117,1
8291,187,1
8292,85,1
8293,64,1
8294,164,1
8295,45,1
8296,169,1
8297,35,1
8298,200,0
8299,84,1
8300,200,0
8301,52,1
8302,166,1
8303,106,1
8304,165,1
8305,82,1
8306,33,1
8307,28,1
8308,38,1
8309,200,0
8310,60,1
8311,57,1
8312,96,1
8313,53,1
8314,200,0
8315,132,1
8316,74,1
8317,38,1
8318,115,1
8319,84,1
8320,73,1
8321,145,1
8322,52,1
8323,139,1
8324,28,1
8325,79,1
8326,200,0
8327,72,1
8328,200,0
8329,200,0
8330,81,1
8331,54,1
8332,56,1
8333,116,1
8334,64,1
8335,60,1
8336,77,1
8337,200,0
8338,174,1
8339,91,1
8340,94,1
8341,124,1
8342,200,0
8343,71,1
8344,47,1
8345,200,0
8346,136,1
8347,200,0
8348,66,1
8349,53,1
8350,66,1
8351,70,1
8352,115,1
8353,128,1
8354,139,1
8355,34,1
8356,183,1
8357,42,1
8358,127,1
8359,122,1
8360,171,1
8361,135,1
8362,83,1
8363,81,1
8364,47,1
8365,92,1
8366,94,1
8367,176,1
8368,200,0
8369,200,0
8370,59,1
8371,110,1
8372,85,1
8373,67,1
8374,91,1
8375,200,0
8376,65,1
8377,200,0
8378,93,1
8379,102,1
8380,64,1
8381,40,1
8382,58,1
8383,164,1
8384,167,1
8385,101,1
8386,131,1
8387,200,0
8388,91,1
8389,37,1
8390,58,1
8391,58,1
8392,122,1
8393,199,1
8394,76,1
8395,88,1
8396,125,1
8397,41,1
8398,142,1
8399,92,1
8400,77,1
8401,140,1
8402,128,1
8403,113,1
8404,106,1
8405,72,1
8406,188,1
8407,77,1
8408,103,1
8409,71,1
8410,118,1
8411,139,1
8412,54,1
8413,178,1
8414,84,1
8415,85,1
8416,122,1
8417,96,1
8418,61,1
8419,115,1
8420,55,1
8421,107,1
8422,55,1
8423,91,1
8424,65,1
8425,200,0
8426,116,1
8427,200,0
8428,40,1
8429,73,1
8430,87,1
8431,36,1
8432,93,1
8433,97,1
8434,89,1
8435,88,1
8436,132,1
8437,34,1
8438,200,0
8439,173,1
8440,54,1
8441,45,1
8442,32,1
8443,200,0
8444,91,1
8445,121,1
8446,65,1
8447,200,0
8448,130,1
8449,110,1
8450,66,1
8451,119,1
8452,61,1
8453,65,1
8454,99,1
8455,200,0
8456,128,1
8457,159,1
8458,82,1
8459,200,0
8460,93,1
8461,92,1
8462,67,1
8463,200,0
8464,124,1
8465,56,1
8466,44,1
8467,171,1
8468,92,1
8469,200,0
8470,110,1
8471,74,1
8472,70,1
8473,117,1
8474,51,1
8475,55,1
8476,81,1
8477,161,1
8478,89,1
8479,66,1
8480,61,1
8481,108,1
8482,43,1
8483,91,1
8484,65,1
8485,74,1
8486,200,0
8487,104,1
8488,47,1
8489,151,1
8490,106,1
8491,140,1
8492,74,1
8493,53,1
8494,134,1
8495,92,1
8496,104,1
8497,73,1
8498,141,1
8499,113,1
8500,57,1
8501,86,1
8502,170,1
8503,83,1
8504,200,0
8505,100,1
8506,105,1
8507,104,1
8508,42,1
8509,200,0
8510,141,1
8511,99,1
8512,123,1
8513,110,1
8514,95,1
8515,92,1
8516,106,1
8517,81,1
8518,105,1
8519,200,0
8520,200,0
8521,118,1
8522,29,1
8523,59,1
8524,141,1
8525,101,1
8526,147,1
8527,135,1
8528,82,1
8529,92,1
8530,97,1
8531,75,1
8532,41,1
8533,90,1
8534,56,1
8535,51,1
8536,130,1
8537,144,1
8538,117,1
8539,41,1
8540,200,0
8541,47,1
8542,69,1
8543,57,1
8544,159,1
8545,63,1
8546,88,1
8547,77,1
8548,150,1
8549,115,1
8550,31,1
8551,136,1
8552,71,1
8553,96,1
8554,55,1
8555,89,1
8556,80,1
8557,200,0
8558,134,1
8559,83,1
8560,125,1
8561,106,1
8562,57,1
8563,76,1
8564,200,0
8565,165,1
8566,113,1
8567,200,0
8568,64,1
8569,58,1
8570,101,1
8571,192,1
8572,200,0
8573,63,1
8574,101,1
8575,200,0
8576,96,1
8577,82,1
8578,47,1
8579,36,1
8580,128,1
8581,66,1
8582,67,1
8583,54,1
8584,49,1
8585,87,1
8586,56,1
8587,169,1
8588,88,1
8589,107,1
8590,131,1
8591,51,1
8592,59,1
8593,93,1
8594,190,1
8595,102,1
8596,63,1
8597,69,1
8598,83,1
8599,200,0
8600,200,0
8601,134,1
8602,115,1
8603,101,1
8604,200,0
8605,200,0
8606,94,1
8607,118,1
8608,193,1
8609,82,1
8610,38,1
8611,36,1
8612,68,1
8613,100,1
8614,102,1
8615,81,1
8616,89,1
8617,117,1
8618,200,0
8619,110,1
8620,103,1
8621,63,1
8622,143,1
8623,85,1
8624,42,1
8625,54,1
8626,70,1
8627,54,1
8628,142,1
8629,40,1
8630,92,1
8631,51,1
8632,75,1
8633,124,1
8634,130,1
8635,126,1
8636,68,1
8637,110,1
8638,81,1
8639,126,1
8640,79,1
8641,57,1
8642,39,1
8643,80,1
8644,73,1
8645,59,1
8646,83,1
8647,90,1
8648,200,0
8649,179,1
8650,137,1
8651,89,1
8652,135,1
8653,98,1
8654,136,1
8655,111,1
8656,149,1
8657,200,0
8658,78,1
8659,76,1
8660,115,1
8661,69,1
8662,36,1
8663,55,1
8664,60,1
8665,43,1
8666,155,1
8667,70,1
8668,63,1
8669,85,1
8670,158,1
8671,200,0
8672,107,1
8673,57,1
8674,84,1
8675,200,0
8676,152,1
8677,82,1
8678,95,1
8679,63,1
8680,92,1
8681,158,1
8682,81,1
8683,56,1
8684,200,0
8685,96,1
8686,107,1
8687,100,1
8688,115,1
8689,114,1
8690,61,1
8691,110,1
8692,200,0
8693,111,1
8694,158,1
8695,91,1
8696,74,1
8697,85,1
8698,82,1
8699,64,1
8700,57,1
8701,142,1
8702,140,1
8703,103,1
8704,200,0
8705,40,1
8706,72,1
8707,61,1
8708,200,0
8709,43,1
8710,200,0
8711,89,1
8712,200,0
8713,36,1
8714,71,1
8715,60,1
8716,200,0
8717,59,1
8718,40,1
8719,147,1
8720,55,1
8721,116,1
8722,51,1
8723,122,1
8724,200,0
8725,55,1
8726,175,1
8727,96,1
8728,72,1
8729,145,1
8730,72,1
8731,50,1
8732,104,1
8733,93,1
8734,119,1
8735,50,1
8736,65,1
8737,71,1
8738,97,1
8739,90,1
8740,66,1
8741,92,1
8742,125,1
8743,188,1
8744,200,1
8745,119,1
8746,127,1
8747,43,1
8748,105,1
8749,200,0
8750,78,1
8751,65,1
8752,48,1
8753,68,1
8754,72,1
8755,115,1
8756,65,1
8757,105,1
8758,35,1
8759,107,1
8760,120,1
8761,140,1
8762,153,1
8763,196,1
8764,87,1
8765,90,1
8766,91,1
8767,91,1
8768,138,1
8769,38,1
8770,94,1
8771,78,1
8772,87,1
8773,200,0
8774,104,1
8775,45,1
8776,48,1
8777,92,1
8778,93,1
8779,86,1
8780,87,1
8781,200,0
8782,71,1
8783,76,1
8784,43,1
8785,90,1
8786,150,1
8787,66,1
8788,50,1
8789,54,1
8790,58,1
8791,61,1
8792,141,1
8793,148,1
8794,76,1
8795,200,0
8796,141,1
8797,119,1
8798,200,0
8799,89,1
8800,62,1
8801,79,1
8802,76,1
8803,91,1
8804,135,1
8805,51,1
8806,89,1
8807,81,1
8808,50,1
8809,94,1
8810,128,1
8811,76,1
8812,134,1
8813,45,1
8814,64,1
8815,161,1
8816,71,1
8817,127,1
8818,121,1
8819,89,1
8820,125,1
8821,95,1
8822,40,1
8823,170,1
8824,51,1
8825,200,0
8826,151,1
8827,134,1
8828,81,1
8829,119,1
8830,194,1
8831,199,1
8832,77,1
8833,120,1
8834,200,0
8835,64,1
8836,200,0
8837,128,1
8838,93,1
8839,174,1
8840,74,1
8841,118,1
8842,107,1
8843,79,1
8844,171,1
8845,43,1
8846,118,1
8847,200,0
8848,78,1
8849,149,1
8850,75,1
8851,182,1
8852,200,0
8853,200,0
8854,136,1
8855,93,1
8856,80,1
8857,62,1
8858,40,1
8859,50,1
8860,149,1
8861,153,1
8862,77,1
8863,200,0
8864,79,1
8865,98,1
8866,98,1
8867,66,1
8868,170,1
8869,67,1
8870,76,1
8871,80,1
8872,167,1
8873,67,1
8874,200,0
8875,130,1
8876,118,1
8877,168,1
8878,42,1
8879,57,1
8880,200,0
8881,155,1
8882,145,1
8883,58,1
8884,138,1
8885,68,1
8886,180,1
8887,100,1
8888,109,1
8889,58,1
8890,200,0
8891,97,1
8892,57,1
8893,80,1
8894,89,1
8895,32,1
8896,74,1
8897,137,1
8898,117,1
8899,74,1
8900,116,1
8901,50,1
8902,200,0
8903,81,1
8904,173,1
8905,173,1
8906,200,0
8907,200,0
8908,200,0
8909,31,1
8910,79,1
8911,141,1
8912,121,1
8913,200,0
8914,116,1
8915,144,1
8916,104,1
8917,33,1
8918,133,1
8919,200,0
8920,62,1
8921,143,1
8922,200,0
8923,118,1
8924,95,1
8925,54,1
8926,187,1
8927,53,1
8928,39,1
8929,73,1
8930,81,1
8931,123,1
8932,200,0
8933,142,1
8934,126,1
8935,106,1
8936,141,1
8937,200,0
8938,137,1
8939,60,1
8940,52,1
8941,149,1
8942,79,1
8943,73,1
8944,60,1
8945,140,1
8946,141,1
8947,75,1
8948,61,1
8949,53,1
8950,118,1
8951,109,1
8952,58,1
8953,120,1
8954,43,1
8955,68,1
8956,89,1
8957,117,1
8958,200,0
8959,116,1
8960,200,0
8961,124,1
8962,81,1
8963,160,1
8964,43,1
8965,45,1
8966,68,1
8967,39,1
8968,70,1
8969,101,1
8970,173,1
8971,63,1
8972,70,1
8973,38,1
8974,102,1
8975,119,1
8976,31,1
8977,66,1
8978,120,1
8979,69,1
8980,87,1
8981,107,1
8982,120,1
8983,98,1
8984,200,0
8985,200,0
8986,200,0
8987,94,1
8988,88,1
8989,101,1
8990,59,1
8991,44,1
8992,27,1
8993,113,1
8994,129,1
8995,200,0
8996,54,1
8997,101,1
8998,81,1
8999,142,1
9000,149,1
9001,198,1
9002,91,1
9003,51,1
9004,83,1
9005,102,1
9006,85,1
9007,138,1
9008,101,1
9009,173,1
9010,59,1
9011,200,0
9012,200,0
9013,43,1
9014,136,1
9015,200,0
9016,96,1
9017,97,1
9018,150,1
9019,184,1
9020,104,1
9021,107,1
9022,92,1
9023,80,1
9024,141,1
9025,128,1
9026,97,1
9027,73,1
9028,126,1
9029,117,1
9030,190,1
9031,97,1
9032,178,1
9033,200,0
9034,60,1
9035,138,1
9036,97,1
9037,105,1
9038,102,1
9039,104,1
9040,138,1
9041,126,1
9042,200,0
9043,146,1
9044,43,1
9045,42,1
9046,200,0
9047,38,1
9048,53,1
9049,73,1
9050,97,1
9051,48,1
9052,84,1
9053,44,1
9054,68,1
9055,83,1
9056,39,1
9057,192,1
9058,200,0
9059,78,1
9060,50,1
9061,115,1
9062,143,1
9063,180,1
9064,166,1
9065,200,0
9066,85,1
9067,122,1
9068,162,1
9069,111,1
9070,81,1
9071,71,1
9072,70,1
9073,80,1
9074,144,1
9075,66,1
9076,66,1
9077,58,1
9078,200,1
9079,79,1
9080,70,1
9081,82,1
9082,109,1
9083,61,1
9084,76,1
9085,115,1
9086,198,1
9087,200,0
9088,135,1
9089,92,1
9090,73,1
9091,31,1
9092,106,1
9093,132,1
9094,111,1
9095,119,1
9096,82,1
9097,102,1
9098,82,1
9099,74,1
9100,62,1
9101,162,1
9102,139,1
9103,93,1
9104,80,1
9105,200,0
9106,136,1
9107,200,0
9108,186,1
9109,119,1
9110,70,1
9111,140,1
9112,143,1
9113,155,1
9114,46,1
9115,49,1
9116,200,0
9117,156,1
9118,119,1
9119,48,1
9120,200,0
9121,40,1
9122,76,1
9123,75,1
9124,58,1
9125,56,1
9126,171,1
9127,56,1
9128,200,0
9129,91,1
9130,100,1
9131,52,1
9132,126,1
9133,118,1
9134,34,1
9135,64,1
9136,200,0
9137,73,1
9138,109,1
9139,47,1
9140,100,1
9141,150,1
9142,104,1
9143,200,0
9144,200,0
9145,200,0
9146,143,1
9147,108,1
9148,65,1
9149,74,1
9150,87,1
9151,38,1
9152,168,1
9153,179,1
9154,26,1
9155,148,1
9156,52,1
9157,109,1
9158,79,1
9159,47,1
9160,71,1
9161,200,0
9162,74,1
9163,114,1
9164,29,1
9165,57,1
9166,134,1
9167,200,0
9168,78,1
9169,196,1
9170,67,1
9171,200,0
9172,90,1
9173,110,1
9174,156,1
9175,191,1
9176,172,1
9177,158,1
9178,200,0
9179,160,1
9180,158,1
9181,166,1
9182,200,0
9183,116,1
9184,100,1
9185,106,1
9186,126,1
9187,86,1
9188,79,1
9189,200,0
9190,103,1
9191,72,1
9192,87,1
9193,166,1
9194,183,1
9195,106,1
9196,175,1
9197,200,0
9198,200,0
9199,87,1
9200,200,0
9201,48,1
9202,130,1
9203,150,1
9204,200,0
9205,99,1
9206,161,1
9207,83,1
9208,58,1
9209,200,0
9210,200,0
9211,44,1
9212,71,1
9213,182,1
9214,100,1
9215,185,1
9216,87,1
9217,123,1
9218,40,1
9219,41,1
9220,62,1
9221,149,1
9222,119,1
9223,165,1
9224,128,1
9225,83,1
9226,76,1
9227,200,0
9228,146,1
9229,99,1
9230,132,1
9231,89,1
9232,118,1
9233,200,0
9234,200,0
9235,200,0
9236,47,1
9237,71,1
9238,78,1
9239,119,1
9240,150,1
9241,95,1
9242,146,1
9243,92,1
9244,41,1
9245,164,1
9246,64,1
9247,200,0
9248,38,1
9249,98,1
9250,88,1
9251,70,1
9252,49,1
9253,62,1
9254,121,1
9255,115,1
9256,82,1
9257,90,1
9258,38,1
9259,68,1
9260,72,1
9261,68,1
9262,200,0
9263,69,1
9264,61,1
9265,92,1
9266,152,1
9267,127,1
9268,59,1
9269,34,1
9270,142,1
9271,136,1
9272,50,1
9273,200,0
9274,63,1
9275,126,1
9276,95,1
9277,130,1
9278,58,1
9279,191,1
9280,66,1
9281,87,1
9282,200,0
9283,62,1
9284,146,1
9285,141,1
9286,153,1
9287,76,1
9288,200,0
9289,83,1
9290,81,1
9291,200,0
9292,51,1
9293,57,1
9294,102,1
9295,83,1
9296,82,1
9297,50,1
9298,49,1
9299,56,1
9300,58,1
9301,61,1
9302,83,1
9303,200,0
9304,171,1
9305,79,1
9306,146,1
9307,87,1
9308,78,1
9309,67,1
9310,129,1
9311,58,1
9312,141,1
9313,200,0
9314,31,1
9315,30,1
9316,200,0
9317,122,1
9318,54,1
9319,200,0
9320,112,1
9321,86,1
9322,96,1
9323,104,1
9324,143,1
9325,56,1
9326,35,1
9327,82,1
9328,191,1
9329,129,1
9330,36,1
9331,184,1
9332,150,1
9333,200,0
9334,108,1
9335,35,1
9336,52,1
9337,176,1
9338,85,1
9339,124,1
9340,137,1
9341,156,1
9342,35,1
9343,177,1
9344,151,1
9345,83,1
9346,95,1
9347,183,1
9348,62,1
9349,67,1
9350,57,1
9351,200,0
9352,140,1
9353,47,1
9354,153,1
9355,82,1
9356,109,1
9357,103,1
9358,92,1
9359,106,1
9360,200,0
9361,72,1
9362,200,0
9363,85,1
9364,132,1
9365,84,1
9366,111,1
9367,162,1
9368,139,1
9369,30,1
9370,200,0
9371,108,1
9372,98,1
9373,72,1
9374,200,0
9375,60,1
9376,158,1
9377,163,1
9378,185,1
9379,104,1
9380,100,1
9381,65,1
9382,57,1
9383,125,1
9384,120,1
9385,36,1
9386,143,1
9387,200,0
9388,112,1
9389,166,1
9390,145,1
9391,171,1
9392,146,1
9393,34,1
9394,200,0
9395,121,1
9396,75,1
9397,165,1
9398,39,1
9399,101,1
9400,37,1
9401,58,1
9402,40,1
9403,200,0
9404,182,1
9405,50,1
9406,62,1
9407,119,1
9408,65,1
9409,39,1
9410,148,1
9411,156,1
9412,123,1
9413,100,1
9414,158,1
9415,132,1
9416,69,1
9417,62,1
9418,56,1
9419,78,1
9420,80,1
9421,160,1
9422,108,1
9423,78,1
9424,200,0
9425,200,0
9426,155,1
9427,127,1
9428,47,1
9429,99,1
9430,184,1
9431,200,0
9432,145,1
9433,133,1
9434,150,1
9435,83,1
9436,146,1
9437,61,1
9438,110,1
9439,200,0
9440,47,1
9441,90,1
9442,200,0
9443,96,1
9444,66,1
9445,68,1
9446,57,1
9447,96,1
9448,35,1
9449,190,1
9450,137,1
9451,45,1
9452,136,1
9453,57,1
9454,98,1
9455,200,0
9456,53,1
9457,67,1
9458,65,1
9459,94,1
9460,200,0
9461,156,1
9462,112,1
9463,198,1
9464,64,1
9465,100,1
9466,119,1
9467,200,0
9468,83,1
9469,82,1
9470,72,1
9471,32,1
9472,115,1
9473,108,1
9474,51,1
9475,142,1
9476,98,1
9477,176,1
9478,35,1
9479,189,1
9480,88,1
9481,56,1
9482,116,1
9483,196,1
9484,45,1
9485,37,1
9486,181,1
9487,137,1
9488,69,1
9489,101,1
9490,48,1
9491,56,1
9492,143,1
9493,190,1
9494,162,1
9495,68,1
9496,33,1
9497,111,1
9498,117,1
9499,108,1
9500,55,1
9501,91,1
9502,43,1
9503,72,1
9504,65,1
9505,105,1
9506,200,0
9507,55,1
9508,51,1
9509,152,1
9510,122,1
9511,101,1
9512,43,1
9513,161,1
9514,110,1
9515,85,1
9516,200,0
9517,200,0
9518,120,1
9519,200,0
9520,93,1
9521,83,1
9522,176,1
9523,79,1
9524,100,1
9525,66,1
9526,88,1
9527,63,1
9528,84,1
9529,79,1
9530,139,1
9531,61,1
9532,39,1
9533,200,0
9534,108,1
9535,113,1
9536,80,1
9537,127,1
9538,200,0
9539,145,1
9540,76,1
9541,106,1
9542,89,1
9543,122,1
9544,103,1
9545,200,0
9546,72,1
9547,81,1
9548,200,0
9549,109,1
9550,155,1
9551,112,1
9552,64,1
9553,86,1
9554,62,1
9555,200,0
9556,174,1
9557,200,0
9558,65,1
9559,126,1
9560,37,1
9561,110,1
9562,42,1
9563,70,1
9564,49,1
9565,107,1
9566,64,1
9567,38,1
9568,94,1
9569,165,1
9570,108,1
9571,104,1
9572,50,1
9573,81,1
9574,118,1
9575,200,0
9576,55,1
9577,171,1
9578,74,1
9579,100,1
9580,54,1
9581,27,1
9582,70,1
9583,69,1
9584,200,0
9585,37,1
9586,76,1
9587,140,1
9588,86,1
9589,68,1
9590,200,0
9591,166,1
9592,166,1
9593,64,1
9594,63,1
9595,200,0
9596,88,1
9597,39,1
9598,182,1
9599,82,1
9600,53,1
9601,78,1
9602,122,1
9603,50,1
9604,101,1
9605,91,1
9606,106,1
9607,71,1
9608,45,1
9609,73,1
9610,142,1
9611,83,1
9612,147,1
9613,84,1
9614,56,1
9615,131,1
9616,121,1
9617,57,1
9618,200,0
9619,84,1
9620,50,1
9621,122,1
9622,44,1
9623,74,1
9624,108,1
9625,43,1
9626,130,1
9627,127,1
9628,53,1
9629,157,1
9630,75,1
9631,73,1
9632,116,1
9633,101,1
9634,63,1
9635,71,1
9636,35,1
9637,197,1
9638,113,1
9639,63,1
9640,135,1
9641,72,1
9642,102,1
9643,130,1
9644,200,0
9645,116,1
9646,200,0
9647,41,1
9648,200,0
9649,137,1
9650,190,1
9651,182,1
9652,130,1
9653,77,1
9654,54,1
9655,200,0
9656,88,1
9657,91,1
9658,140,1
9659,40,1
9660,200,0
9661,160,1
9662,73,1
9663,200,0
9664,172,1
9665,177,1
9666,63,1
9667,139,1
9668,69,1
9669,54,1
9670,62,1
9671,135,1
9672,80,1
9673,47,1
9674,144,1
9675,149,1
9676,36,1
9677,31,1
9678,68,1
9679,76,1
9680,101,1
9681,61,1
9682,97,1
9683,54,1
9684,108,1
9685,82,1
9686,58,1
9687,54,1
9688,66,1
9689,68,1
9690,200,0
9691,87,1
9692,94,1
9693,200,0
9694,141,1
9695,47,1
9696,134,1
9697,200,0
9698,82,1
9699,200,0
9700,71,1
9701,74,1
9702,54,1
9703,98,1
9704,119,1
9705,111,1
9706,165,1
9707,123,1
9708,49,1
9709,135,1
9710,120,1
9711,200,0
9712,46,1
9713,114,1
9714,78,1
9715,49,1
9716,200,0
9717,102,1
9718,65,1
9719,49,1
9720,108,1
9721,75,1
9722,72,1
9723,94,1
9724,127,1
9725,200,0
9726,55,1
9727,200,0
9728,71,1
9729,184,1
9730,185,1
9731,115,1
9732,200,0
9733,66,1
9734,103,1
9735,162,1
9736,67,1
9737,83,1
9738,59,1
9739,100,1
9740,200,0
9741,189,1
9742,95,1
9743,51,1
9744,162,1
9745,100,1
9746,80,1
9747,86,1
9748,130,1
9749,94,1
9750,105,1
9751,114,1
9752,62,1
9753,34,1
9754,88,1
9755,200,0
9756,56,1
9757,60,1
9758,121,1
9759,101,1
9760,81,1
9761,74,1
9762,166,1
9763,188,1
9764,150,1
9765,147,1
9766,93,1
9767,102,1
9768,64,1
9769,146,1
9770,57,1
9771,200,0
9772,106,1
9773,200,0
9774,92,1
9775,55,1
9776,173,1
9777,169,1
9778,191,1
9779,61,1
9780,40,1
9781,200,0
9782,127,1
9783,95,1
9784,92,1
9785,112,1
9786,103,1
9787,48,1
9788,57,1
9789,77,1
9790,137,1
9791,156,1
9792,200,0
9793,164,1
9794,31,1
9795,101,1
9796,176,1
9797,200,0
9798,51,1
9799,81,1
9800,32,1
9801,95,1
9802,35,1
9803,62,1
9804,75,1
9805,117,1
9806,138,1
9807,194,1
9808,43,1
9809,173,1
9810,124,1
9811,200,0
9812,45,1
9813,94,1
9814,97,1
9815,49,1
9816,104,1
9817,134,1
9818,102,1
9819,41,1
9820,192,1
9821,72,1
9822,115,1
9823,196,1
9824,59,1
9825,165,1
9826,114,1
9827,65,1
9828,61,1
9829,108,1
9830,84,1
9831,103,1
9832,133,1
9833,56,1
9834,73,1
9835,135,1
9836,200,0
9837,118,1
9838,78,1
9839,138,1
9840,198,1
9841,55,1
9842,103,1
9843,72,1
9844,63,1
9845,98,1
9846,53,1
9847,139,1
9848,152,1
9849,170,1
9850,163,1
9851,101,1
9852,85,1
9853,83,1
9854,200,0
9855,67,1
9856,75,1
9857,106,1
9858,37,1
9859,38,1
9860,200,0
9861,164,1
9862,135,1
9863,132,1
9864,200,0
9865,66,1
9866,77,1
9867,56,1
9868,35,1
9869,35,1
9870,200,0
9871,55,1
9872,154,1
9873,45,1
9874,60,1
9875,183,1
9876,155,1
9877,45,1
9878,152,1
9879,171,1
9880,98,1
9881,126,1
9882,78,1
9883,128,1
9884,105,1
9885,66,1
9886,74,1
9887,85,1
9888,84,1
9889,43,1
9890,189,1
9891,90,1
9892,200,0
9893,75,1
9894,119,1
9895,78,1
9896,200,0
9897,68,1
9898,200,0
9899,200,0
9900,170,1
9901,54,1
9902,42,1
9903,135,1
9904,123,1
9905,130,1
9906,172,1
9907,63,1
9908,126,1
9909,65,1
9910,89,1
9911,100,1
9912,62,1
9913,69,1
9914,73,1
9915,111,1
9916,74,1
9917,77,1
9918,105,1
9919,169,1
9920,147,1
9921,50,1
9922,139,1
9923,200,0
9924,68,1
9925,200,0
9926,82,1
9927,50,1
9928,139,1
9929,44,1
9930,164,1
9931,127,1
9932,200,0
9933,134,1
9934,46,1
9935,80,1
9936,46,1
9937,157,1
9938,67,1
9939,128,1
9940,200,0
9941,131,1
9942,194,1
9943,133,1
9944,50,1
9945,121,1
9946,100,1
9947,200,0
9948,197,1
9949,169,1
9950,96,1
9951,190,1
9952,86,1
9953,164,1
9954,182,1
9955,184,1
9956,117,1
9957,115,1
9958,145,1
9959,190,1
9960,111,1
9961,83,1
9962,113,1
9963,89,1
9964,69,1
9965,77,1
9966,23,1
9967,200,0
9968,152,1
9969,86,1
9970,91,1
9971,200,0
9972,138,1
9973,144,1
9974,47,1
9975,183,1
9976,65,1
9977,112,1
9978,69,1
9979,63,1
9980,109,1
9981,82,1
9982,56,1
9983,72,1
9984,28,1
9985,126,1
9986,49,1
9987,103,1
9988,121,1
9989,77,1
9990,200,0
9991,88,1
9992,200,0
9993,71,1
9994,125,1
9995,119,1
9996,126,1
9997,145,1
9998,95,1
9999,89,1
