episode,steps,reward
0,28,0
1,32,0
2,6,0
3,25,0
4,18,0
5,11,0
6,31,0
7,29,0
8,27,0
9,52,0
10,24,0
11,18,0
12,24,0
13,12,0
14,21,0
15,42,0
16,23,0
17,20,0
18,9,0
19,57,0
20,47,0
21,37,0
22,27,0
23,163,0
24,24,0
25,42,0
26,65,0
27,44,0
28,39,0
29,23,0
30,13,0
31,46,0
32,15,0
33,105,0
34,20,0
35,79,0
36,30,0
37,21,0
38,27,0
39,94,0
40,18,0
41,30,0
42,34,0
43,5,0
44,21,0
45,21,0
46,11,0
47,24,0
48,9,0
49,9,0
50,44,0
51,27,0
52,55,0
53,14,0
54,31,0
55,9,0
56,19,0
57,20,0
58,15,0
59,14,0
60,21,0
61,42,0
62,15,0
63,11,0
64,12,0
65,46,0
66,61,0
67,25,0
68,29,0
69,19,0
70,26,0
71,27,0
72,43,0
73,32,0
74,125,0
75,44,0
76,19,0
77,109,0
78,31,0
79,40,0
80,11,0
81,14,0
82,43,0
83,48,1
84,30,0
85,72,0
86,47,0
87,36,0
88,27,0
89,18,0
90,44,1
91,76,0
92,75,0
93,200,0
94,13,0
95,85,0
96,34,0
97,148,0
98,107,0
99,8,0
100,24,0
101,31,0
102,10,0
103,22,0
104,99,0
105,87,0
106,64,0
107,26,0
108,103,0
109,67,0
110,87,0
111,83,0
112,56,0
113,34,0
114,75,0
115,13,0
116,14,0
117,90,0
118,69,1
119,93,0
120,98,0
121,22,0
122,117,0
123,33,0
124,200,0
125,87,0
126,56,0
127,157,1
128,11,0
129,27,0
130,46,0
131,11,0
132,55,0
133,26,0
134,55,0
135,190,0
136,14,0
137,15,0
138,136,0
139,140,0
140,16,0
141,9,0
142,51,0
143,51,0
144,115,0
145,18,0
146,22,0
147,67,0
148,41,0
149,54,0
150,20,0
151,29,0
152,50,0
153,19,0
154,103,0
155,189,0
156,29,0
157,16,0
158,76,0
159,83,0
160,13,0
161,24,0
162,74,0
163,78,1
164,21,0
165,132,0
166,54,0
167,24,0
168,127,0
169,87,0
170,25,0
171,139,0
172,29,0
173,200,0
174,22,0
175,47,0
176,53,0
177,122,0
178,45,0
179,40,0
180,106,0
181,15,0
182,85,0
183,62,0
184,18,0
185,60,0
186,7,0
187,200,0
188,60,0
189,19,0
190,85,1
191,78,0
192,200,0
193,24,0
194,80,0
195,20,0
196,22,0
197,25,0
198,70,0
199,21,0
200,25,0
201,85,0
202,104,0
203,11,0
204,29,0
205,24,0
206,28,0
207,58,0
208,101,0
209,80,0
210,118,0
211,29,0
212,35,0
213,26,0
214,95,0
215,33,0
216,17,0
217,29,0
218,47,0
219,33,0
220,78,0
221,74,0
222,21,0
223,60,0
224,50,0
225,85,0
226,15,0
227,49,0
228,26,0
229,144,0
230,119,0
231,26,0
232,66,0
233,36,0
234,130,0
235,10,0
236,45,0
237,20,0
238,19,0
239,45,0
240,35,0
241,59,0
242,62,0
243,64,0
244,174,0
245,178,0
246,25,0
247,58,0
248,90,0
249,54,0
250,28,0
251,46,0
252,41,0
253,22,0
254,181,0
255,19,0
256,14,0
257,60,0
258,108,0
259,114,0
260,25,0
261,162,0
262,51,0
263,78,0
264,81,0
265,35,0
266,151,1
267,20,0
268,34,0
269,76,0
270,44,0
271,54,1
272,25,1
273,200,0
274,75,0
275,67,0
276,57,1
277,90,0
278,100,0
279,13,0
280,33,0
281,92,0
282,105,0
283,70,0
284,76,1
285,37,1
286,52,0
287,181,0
288,64,0
289,29,0
290,200,0
291,63,0
292,62,0
293,54,0
294,104,0
295,25,0
296,37,0
297,46,0
298,191,0
299,88,0
300,35,0
301,154,0
302,191,1
303,200,0
304,187,1
305,52,0
306,29,0
307,85,0
308,89,0
309,17,0
310,200,0
311,126,0
312,58,0
313,95,0
314,52,0
315,107,1
316,8,0
317,32,0
318,55,0
319,76,1
320,19,0
321,128,0
322,38,0
323,8,0
324,45,0
325,68,0
326,14,0
327,98,0
328,62,0
329,57,0
330,7,0
331,95,0
332,33,0
333,15,0
334,42,1
335,77,0
336,68,0
337,88,0
338,111,0
339,23,0
340,37,0
341,160,0
342,22,0
343,86,0
344,67,0
345,44,0
346,14,0
347,200,0
348,67,0
349,36,0
350,36,0
351,89,0
352,47,0
353,88,0
354,25,0
355,126,0
356,110,0
357,27,0
358,166,0
359,23,0
360,55,0
361,96,0
362,123,0
363,33,0
364,113,0
365,38,0
366,55,0
367,94,0
368,97,0
369,85,0
370,99,0
371,26,0
372,103,0
373,85,0
374,18,0
375,120,0
376,113,0
377,36,0
378,31,0
379,15,0
380,177,0
381,35,0
382,26,0
383,87,0
384,28,0
385,195,0
386,33,0
387,30,0
388,15,0
389,57,0
390,72,0
391,89,0
392,28,0
393,146,0
394,55,0
395,30,0
396,106,1
397,165,0
398,48,0
399,110,0
400,121,0
401,20,0
402,94,0
403,98,0
404,95,0
405,57,0
406,175,0
407,34,0
408,168,0
409,121,1
410,156,1
411,41,0
412,128,0
413,98,0
414,99,0
415,14,0
416,21,0
417,99,0
418,18,0
419,105,0
420,109,0
421,33,0
422,107,0
423,89,1
424,16,0
425,71,0
426,134,0
427,70,0
428,200,0
429,155,0
430,63,0
431,36,0
432,108,0
433,51,0
434,80,0
435,91,0
436,45,0
437,129,0
438,134,0
439,25,0
440,67,0
441,37,0
442,104,1
443,71,0
444,64,0
445,200,0
446,200,0
447,40,0
448,28,0
449,175,0
450,49,0
451,24,1
452,128,0
453,51,0
454,61,0
455,192,1
456,40,0
457,200,0
458,39,0
459,98,0
460,153,1
461,53,1
462,23,0
463,21,0
464,101,0
465,31,0
466,20,0
467,77,0
468,33,0
469,40,0
470,54,0
471,26,0
472,48,0
473,116,1
474,52,0
475,45,0
476,108,0
477,44,0
478,52,1
479,75,0
480,129,0
481,72,1
482,77,0
483,57,0
484,14,0
485,145,0
486,42,0
487,26,0
488,123,1
489,190,0
490,99,0
491,71,1
492,69,0
493,96,0
494,200,0
495,17,0
496,43,0
497,200,0
498,78,1
499,151,1
500,31,0
501,115,0
502,52,1
503,56,0
504,141,0
505,72,1
506,60,0
507,45,0
508,200,0
509,53,0
510,110,0
511,60,1
512,52,0
513,26,0
514,200,0
515,127,0
516,33,0
517,67,0
518,49,0
519,61,0
520,10,0
521,59,0
522,62,0
523,148,0
524,21,0
525,19,0
526,200,0
527,79,0
528,98,0
529,200,0
530,60,0
531,140,0
532,96,0
533,108,0
534,137,0
535,75,0
536,139,0
537,65,0
538,142,0
539,14,0
540,36,0
541,20,0
542,91,0
543,28,0
544,104,0
545,28,0
546,125,1
547,80,0
548,32,0
549,7,0
550,46,0
551,200,0
552,16,0
553,60,0
554,129,0
555,43,0
556,136,1
557,29,0
558,60,1
559,185,0
560,34,0
561,184,0
562,56,0
563,137,0
564,32,0
565,38,0
566,200,0
567,19,0
568,20,0
569,75,0
570,144,0
571,73,0
572,15,0
573,40,0
574,28,0
575,82,0
576,90,0
577,112,0
578,108,1
579,199,1
580,66,1
581,39,0
582,9,0
583,40,0
584,61,0
585,93,0
586,75,0
587,87,0
588,84,0
589,84,1
590,18,0
591,71,0
592,41,0
593,123,0
594,78,0
595,113,0
596,41,0
597,90,0
598,200,0
599,48,0
600,80,0
601,31,0
602,28,0
603,53,0
604,61,0
605,48,0
606,130,0
607,65,0
608,200,0
609,200,0
610,52,0
611,200,0
612,26,0
613,117,0
614,52,0
615,17,0
616,35,0
617,29,0
618,41,1
619,126,1
620,174,0
621,87,0
622,200,0
623,8,0
624,65,0
625,176,0
626,27,0
627,24,0
628,14,0
629,31,0
630,120,0
631,21,0
632,108,0
633,116,1
634,45,0
635,168,0
636,9,0
637,51,0
638,29,0
639,200,0
640,105,0
641,200,0
642,56,0
643,103,0
644,21,0
645,25,0
646,63,0
647,14,0
648,14,0
649,85,0
650,82,0
651,200,0
652,14,0
653,53,0
654,19,0
655,57,0
656,87,0
657,126,1
658,101,0
659,6,0
660,44,0
661,140,0
662,26,0
663,78,1
664,198,0
665,19,0
666,72,0
667,200,0
668,15,0
669,31,0
670,141,0
671,26,0
672,111,0
673,50,0
674,200,0
675,36,0
676,9,0
677,149,0
678,174,0
679,94,0
680,142,0
681,200,0
682,15,0
683,37,0
684,28,0
685,140,0
686,47,0
687,16,0
688,11,0
689,90,0
690,176,1
691,90,0
692,14,0
693,181,0
694,19,0
695,200,0
696,16,0
697,53,0
698,26,0
699,71,0
700,27,0
701,105,0
702,31,0
703,13,0
704,200,0
705,72,0
706,64,0
707,12,0
708,73,0
709,173,0
710,52,0
711,61,0
712,15,0
713,150,1
714,155,0
715,16,0
716,54,0
717,49,1
718,37,0
719,48,1
720,200,0
721,200,0
722,128,0
723,46,0
724,32,1
725,19,0
726,75,1
727,47,0
728,82,0
729,116,0
730,191,1
731,8,0
732,78,0
733,51,0
734,132,0
735,181,0
736,57,0
737,200,0
738,193,0
739,84,0
740,111,0
741,200,0
742,27,0
743,29,0
744,36,0
745,129,0
746,70,0
747,29,0
748,37,0
749,143,0
750,100,1
751,104,0
752,65,1
753,39,0
754,200,0
755,200,0
756,22,0
757,44,0
758,187,1
759,57,0
760,67,0
761,51,0
762,58,0
763,16,0
764,64,1
765,78,0
766,54,0
767,140,1
768,62,0
769,34,0
770,73,1
771,200,0
772,24,0
773,194,0
774,81,0
775,41,0
776,37,0
777,152,0
778,200,0
779,23,0
780,25,0
781,23,0
782,70,0
783,125,0
784,22,0
785,71,0
786,43,0
787,200,0
788,18,0
789,200,0
790,8,0
791,106,0
792,34,0
793,65,0
794,194,0
795,27,1
796,53,1
797,143,0
798,23,0
799,28,0
800,143,0
801,200,0
802,84,0
803,110,0
804,161,1
805,106,0
806,139,0
807,27,0
808,17,0
809,200,0
810,81,0
811,25,0
812,69,0
813,80,1
814,31,0
815,32,0
816,111,0
817,200,0
818,25,0
819,200,0
820,82,0
821,144,0
822,85,0
823,23,0
824,20,0
825,200,0
826,49,0
827,10,0
828,47,0
829,58,0
830,106,0
831,110,0
832,200,0
833,25,0
834,33,0
835,17,0
836,53,0
837,14,0
838,76,0
839,135,0
840,125,1
841,152,0
842,67,0
843,160,0
844,135,0
845,27,0
846,179,0
847,61,0
848,134,0
849,50,0
850,38,0
851,56,0
852,188,0
853,80,0
854,200,0
855,142,1
856,45,0
857,103,0
858,200,0
859,136,0
860,186,1
861,61,0
862,36,0
863,61,0
864,94,1
865,57,0
866,55,1
867,66,0
868,45,1
869,156,1
870,131,1
871,200,0
872,200,0
873,117,0
874,66,0
875,92,1
876,81,0
877,28,0
878,85,1
879,38,0
880,71,0
881,80,0
882,108,0
883,165,0
884,126,0
885,200,0
886,200,0
887,51,0
888,107,1
889,200,0
890,66,0
891,124,0
892,200,0
893,126,0
894,120,1
895,45,0
896,200,0
897,49,0
898,108,0
899,101,1
900,42,0
901,91,0
902,120,1
903,22,0
904,200,0
905,167,0
906,82,1
907,92,0
908,27,0
909,52,0
910,64,0
911,70,0
912,12,0
913,76,0
914,146,0
915,200,0
916,82,0
917,18,0
918,193,0
919,102,0
920,15,0
921,177,1
922,16,0
923,33,0
924,33,0
925,200,0
926,18,0
927,176,0
928,41,0
929,24,0
930,63,0
931,35,0
932,38,0
933,134,0
934,36,0
935,117,1
936,17,0
937,64,0
938,200,0
939,88,0
940,57,0
941,53,0
942,200,0
943,69,0
944,118,0
945,33,0
946,114,0
947,200,0
948,199,0
949,116,0
950,41,0
951,50,0
952,58,1
953,106,0
954,200,0
955,53,0
956,39,0
957,63,1
958,42,0
959,200,0
960,84,0
961,75,0
962,37,0
963,109,0
964,200,0
965,200,0
966,13,0
967,83,0
968,90,0
969,200,0
970,104,0
971,48,0
972,71,0
973,23,0
974,108,0
975,200,0
976,55,0
977,55,0
978,56,1
979,153,0
980,194,0
981,63,1
982,137,0
983,182,0
984,63,0
985,193,0
986,133,0
987,161,0
988,36,0
989,69,0
990,132,1
991,69,0
992,20,0
993,128,0
994,63,0
995,31,0
996,54,1
997,54,1
998,133,1
999,22,0
1000,200,0
1001,50,0
1002,72,1
1003,172,0
1004,29,0
1005,200,0
1006,174,0
1007,21,0
1008,200,0
1009,54,0
1010,76,0
1011,94,0
1012,164,0
1013,57,0
1014,32,0
1015,40,1
1016,56,0
1017,38,0
1018,162,0
1019,118,1
1020,13,0
1021,104,0
1022,33,0
1023,91,0
1024,83,1
1025,47,0
1026,126,0
1027,38,0
1028,68,0
1029,105,1
1030,47,1
1031,135,1
1032,16,0
1033,114,0
1034,200,0
1035,154,0
1036,194,0
1037,147,0
1038,59,0
1039,7,0
1040,58,0
1041,102,1
1042,135,0
1043,44,0
1044,11,0
1045,125,0
1046,200,0
1047,117,1
1048,166,0
1049,97,0
1050,17,0
1051,188,1
1052,200,0
1053,170,0
1054,100,0
1055,66,1
1056,10,0
1057,200,0
1058,54,0
1059,66,1
1060,60,0
1061,200,0
1062,40,0
1063,200,0
1064,183,1
1065,23,0
1066,44,0
1067,120,1
1068,84,0
1069,160,0
1070,85,0
1071,200,0
1072,13,0
1073,149,1
1074,141,0
1075,80,0
1076,185,0
1077,29,0
1078,200,0
1079,7,0
1080,200,0
1081,71,0
1082,134,0
1083,200,0
1084,29,0
1085,132,0
1086,200,0
1087,40,0
1088,54,0
1089,46,0
1090,102,0
1091,157,1
1092,13,0
1093,21,0
1094,143,1
1095,107,0
1096,28,0
1097,12,0
1098,58,0
1099,127,0
1100,87,0
1101,124,0
1102,147,0
1103,200,0
1104,94,0
1105,198,0
1106,51,0
1107,32,0
1108,6,0
1109,100,0
1110,73,0
1111,26,0
1112,109,1
1113,138,0
1114,200,0
1115,12,0
1116,83,0
1117,55,1
1118,39,0
1119,109,1
1120,50,0
1121,17,0
1122,43,0
1123,37,1
1124,80,0
1125,93,0
1126,41,0
1127,87,1
1128,99,0
1129,136,1
1130,142,1
1131,52,0
1132,100,0
1133,58,0
1134,200,0
1135,200,0
1136,67,1
1137,65,0
1138,131,0
1139,83,1
1140,200,0
1141,9,0
1142,21,0
1143,200,0
1144,32,0
1145,200,0
1146,200,0
1147,42,0
1148,147,0
1149,148,0
1150,55,0
1151,60,0
1152,184,0
1153,59,1
1154,48,0
1155,126,0
1156,129,1
1157,36,0
1158,80,1
1159,178,0
1160,9,0
1161,200,0
1162,17,0
1163,197,0
1164,32,0
1165,38,0
1166,57,0
1167,192,1
1168,109,0
1169,140,1
1170,183,0
1171,200,0
1172,30,0
1173,14,0
1174,105,0
1175,57,0
1176,40,0
1177,22,0
1178,130,0
1179,27,0
1180,200,0
1181,104,0
1182,166,0
1183,20,0
1184,13,0
1185,200,0
1186,8,0
1187,200,0
1188,113,0
1189,84,1
1190,90,0
1191,166,0
1192,25,0
1193,163,0
1194,21,0
1195,58,1
1196,72,0
1197,8,0
1198,57,0
1199,198,0
1200,100,1
1201,37,0
1202,91,0
1203,157,0
1204,74,0
1205,192,0
1206,37,0
1207,48,0
1208,86,1
1209,47,0
1210,200,0
1211,12,0
1212,11,0
1213,200,0
1214,77,0
1215,112,0
1216,137,0
1217,200,0
1218,16,0
1219,13,0
1220,143,1
1221,17,0
1222,200,0
1223,25,0
1224,82,1
1225,87,0
1226,176,1
1227,40,0
1228,73,0
1229,22,0
1230,200,0
1231,200,0
1232,134,0
1233,200,0
1234,32,0
1235,180,0
1236,94,0
1237,68,0
1238,78,0
1239,98,1
1240,66,0
1241,57,0
1242,49,0
1243,115,1
1244,200,0
1245,54,0
1246,137,1
1247,57,1
1248,43,0
1249,81,0
1250,59,0
1251,52,0
1252,92,0
1253,146,0
1254,189,0
1255,73,0
1256,200,0
1257,200,0
1258,77,0
1259,200,0
1260,79,0
1261,200,0
1262,121,0
1263,46,0
1264,200,0
1265,12,0
1266,7,0
1267,14,0
1268,82,0
1269,96,0
1270,104,0
1271,34,0
1272,57,0
1273,128,0
1274,36,0
1275,65,0
1276,120,0
1277,114,0
1278,128,0
1279,40,0
1280,200,0
1281,63,0
1282,188,1
1283,54,0
1284,61,0
1285,19,0
1286,73,1
1287,200,0
1288,132,0
1289,84,0
1290,36,0
1291,186,1
1292,19,0
1293,61,0
1294,121,1
1295,200,0
1296,8,0
1297,16,0
1298,42,0
1299,25,0
1300,26,0
1301,137,0
1302,58,1
1303,100,0
1304,79,0
1305,137,1
1306,200,0
1307,72,0
1308,167,1
1309,44,0
1310,152,0
1311,200,0
1312,26,0
1313,200,0
1314,200,0
1315,200,0
1316,112,0
1317,70,0
1318,48,0
1319,42,1
1320,125,0
1321,122,0
1322,67,0
1323,24,0
1324,105,0
1325,200,0
1326,35,0
1327,30,0
1328,149,0
1329,88,0
1330,200,0
1331,96,1
1332,78,0
1333,51,0
1334,50,0
1335,57,0
1336,134,1
1337,189,0
1338,31,0
1339,57,0
1340,200,0
1341,55,0
1342,84,0
1343,134,0
1344,156,0
1345,71,0
1346,191,1
1347,130,1
1348,200,0
1349,67,0
1350,55,0
1351,46,1
1352,94,0
1353,94,0
1354,20,0
1355,51,0
1356,147,1
1357,29,0
1358,77,0
1359,145,0
1360,180,0
1361,104,1
1362,200,0
1363,33,0
1364,96,1
1365,197,0
1366,48,1
1367,72,0
1368,64,1
1369,112,1
1370,122,1
1371,65,0
1372,62,0
1373,173,1
1374,200,0
1375,14,0
1376,26,0
1377,113,1
1378,198,1
1379,200,0
1380,17,0
1381,72,1
1382,200,0
1383,179,1
1384,113,0
1385,155,1
1386,132,0
1387,183,0
1388,185,0
1389,130,0
1390,200,0
1391,54,0
1392,200,0
1393,35,0
1394,53,0
1395,112,0
1396,15,0
1397,200,0
1398,94,0
1399,41,0
1400,118,1
1401,200,0
1402,45,1
1403,138,1
1404,149,0
1405,24,0
1406,42,0
1407,200,0
1408,200,0
1409,11,0
1410,21,0
1411,24,0
1412,54,0
1413,200,0
1414,51,0
1415,30,1
1416,108,0
1417,21,0
1418,52,1
1419,74,1
1420,49,1
1421,139,0
1422,42,0
1423,55,1
1424,88,1
1425,77,0
1426,200,0
1427,200,0
1428,65,1
1429,119,0
1430,81,0
1431,62,0
1432,63,0
1433,92,0
1434,189,0
1435,72,0
1436,200,0
1437,108,0
1438,28,0
1439,84,0
1440,45,0
1441,143,0
1442,31,0
1443,200,0
1444,20,0
1445,172,0
1446,137,0
1447,90,0
1448,200,0
1449,135,0
1450,200,0
1451,141,1
1452,200,0
1453,13,0
1454,117,1
1455,28,0
1456,149,0
1457,69,0
1458,150,0
1459,40,0
1460,59,1
1461,200,0
1462,59,0
1463,34,1
1464,9,0
1465,182,1
1466,144,0
1467,200,0
1468,200,0
1469,108,1
1470,94,0
1471,141,1
1472,59,0
1473,200,0
1474,30,0
1475,143,0
1476,200,0
1477,189,1
1478,200,0
1479,53,0
1480,151,0
1481,26,1
1482,136,1
1483,111,0
1484,200,0
1485,79,1
1486,158,1
1487,80,1
1488,117,0
1489,24,0
1490,146,1
1491,104,1
1492,118,1
1493,35,0
1494,200,0
1495,200,0
1496,200,0
1497,200,0
1498,200,0
1499,142,0
1500,88,0
1501,116,0
1502,116,0
1503,54,0
1504,13,0
1505,200,0
1506,73,1
1507,68,1
1508,66,0
1509,200,0
1510,81,0
1511,199,1
1512,137,1
1513,35,0
1514,147,0
1515,84,0
1516,177,1
1517,88,1
1518,200,0
1519,68,0
1520,88,0
1521,200,0
1522,33,0
1523,54,1
1524,200,0
1525,200,0
1526,156,1
1527,53,1
1528,76,0
1529,33,0
1530,114,0
1531,59,0
1532,93,1
1533,71,1
1534,88,0
1535,152,0
1536,200,0
1537,200,0
1538,45,1
1539,78,1
1540,200,0
1541,54,0
1542,166,0
1543,109,1
1544,86,1
1545,94,0
1546,200,0
1547,92,1
1548,200,0
1549,117,1
1550,18,0
1551,200,0
1552,72,1
1553,156,0
1554,200,0
1555,85,0
1556,68,1
1557,200,0
1558,200,0
1559,200,0
1560,109,1
1561,86,0
1562,19,0
1563,38,0
1564,200,0
1565,200,0
1566,44,0
1567,8,0
1568,104,0
1569,200,0
1570,52,0
1571,14,0
1572,82,0
1573,94,0
1574,105,0
1575,200,0
1576,163,0
1577,200,0
1578,131,0
1579,81,0
1580,200,0
1581,31,0
1582,104,0
1583,69,0
1584,24,0
1585,18,0
1586,143,0
1587,28,0
1588,99,1
1589,100,1
1590,86,1
1591,6,0
1592,19,0
1593,15,0
1594,127,1
1595,120,1
1596,27,0
1597,36,0
1598,7,0
1599,137,1
1600,11,0
1601,30,0
1602,31,0
1603,45,0
1604,200,0
1605,135,0
1606,84,1
1607,65,0
1608,105,1
1609,185,0
1610,78,1
1611,83,0
1612,88,0
1613,30,0
1614,62,1
1615,106,0
1616,174,1
1617,97,1
1618,200,0
1619,18,0
1620,90,0
1621,110,1
1622,131,0
1623,200,0
1624,107,0
1625,137,1
1626,120,0
1627,112,1
1628,157,1
1629,200,0
1630,111,0
1631,200,0
1632,72,0
1633,173,0
1634,136,0
1635,89,0
1636,57,0
1637,37,1
1638,186,0
1639,121,0
1640,200,0
1641,132,0
1642,28,0
1643,28,0
1644,181,1
1645,200,0
1646,36,0
1647,85,0
1648,90,0
1649,141,0
1650,35,0
1651,32,0
1652,85,0
1653,146,0
1654,200,0
1655,14,0
1656,21,0
1657,28,0
1658,72,1
1659,92,0
1660,42,0
1661,111,1
1662,27,0
1663,200,0
1664,8,0
1665,200,0
1666,200,0
1667,113,0
1668,24,0
1669,92,0
1670,89,0
1671,200,0
1672,200,0
1673,22,0
1674,36,0
1675,200,0
1676,72,0
1677,28,0
1678,120,0
1679,32,0
1680,26,0
1681,103,0
1682,79,0
1683,200,0
1684,43,0
1685,70,1
1686,106,0
1687,90,0
1688,200,0
1689,59,1
1690,200,0
1691,82,0
1692,200,0
1693,137,1
1694,200,0
1695,49,0
1696,112,1
1697,79,0
1698,106,1
1699,61,1
1700,126,0
1701,49,0
1702,162,0
1703,124,1
1704,29,0
1705,183,1
1706,145,0
1707,200,0
1708,41,0
1709,40,0
1710,200,0
1711,16,0
1712,60,0
1713,71,1
1714,194,0
1715,104,1
1716,146,0
1717,85,1
1718,86,0
1719,146,1
1720,22,0
1721,41,0
1722,95,0
1723,28,0
1724,56,1
1725,60,1
1726,184,1
1727,38,0
1728,200,0
1729,78,0
1730,27,0
1731,23,0
1732,192,1
1733,75,1
1734,170,0
1735,74,0
1736,92,1
1737,190,1
1738,200,0
1739,149,1
1740,57,1
1741,85,0
1742,200,0
1743,47,0
1744,200,0
1745,114,1
1746,85,0
1747,120,1
1748,200,0
1749,122,1
1750,143,1
1751,200,0
1752,76,0
1753,81,1
1754,82,1
1755,63,0
1756,52,0
1757,57,1
1758,173,0
1759,140,0
1760,200,0
1761,46,0
1762,200,0
1763,157,1
1764,200,0
1765,43,0
1766,11,0
1767,28,0
1768,200,0
1769,115,1
1770,200,0
1771,25,0
1772,86,0
1773,119,1
1774,43,0
1775,18,0
1776,74,1
1777,28,0
1778,200,0
1779,76,0
1780,200,0
1781,170,0
1782,98,1
1783,89,1
1784,119,0
1785,187,1
1786,37,0
1787,50,0
1788,163,0
1789,90,0
1790,181,0
1791,57,0
1792,73,0
1793,200,0
1794,175,1
1795,114,1
1796,93,0
1797,200,0
1798,38,0
1799,90,1
1800,51,1
1801,200,0
1802,71,0
1803,141,1
1804,20,0
1805,46,0
1806,61,0
1807,200,0
1808,36,0
1809,56,0
1810,21,0
1811,200,0
1812,138,1
1813,96,1
1814,132,1
1815,100,1
1816,200,0
1817,200,0
1818,200,0
1819,87,0
1820,80,0
1821,160,0
1822,99,0
1823,62,0
1824,200,0
1825,200,0
1826,75,0
1827,130,1
1828,88,0
1829,200,0
1830,170,0
1831,56,0
1832,122,0
1833,184,1
1834,28,0
1835,45,0
1836,93,0
1837,115,1
1838,194,0
1839,64,0
1840,50,1
1841,59,0
1842,113,1
1843,103,0
1844,47,0
1845,72,1
1846,56,1
1847,111,0
1848,63,0
1849,112,1
1850,142,0
1851,45,1
1852,108,0
1853,79,0
1854,200,0
1855,200,0
1856,76,0
1857,19,0
1858,178,1
1859,137,1
1860,179,0
1861,39,0
1862,34,0
1863,44,1
1864,94,1
1865,159,0
1866,24,0
1867,104,0
1868,200,0
1869,131,0
1870,200,0
1871,41,0
1872,181,0
1873,98,1
1874,61,1
1875,67,0
1876,51,0
1877,200,0
1878,59,1
1879,200,0
1880,23,0
1881,198,1
1882,98,1
1883,69,0
1884,43,0
1885,54,1
1886,188,1
1887,150,0
1888,64,1
1889,152,1
1890,78,1
1891,91,0
1892,89,0
1893,60,0
1894,200,0
1895,95,0
1896,200,0
1897,18,0
1898,168,0
1899,111,0
1900,55,1
1901,25,0
1902,34,0
1903,193,1
1904,171,0
1905,135,0
1906,200,0
1907,103,0
1908,29,0
1909,88,0
1910,13,0
1911,181,0
1912,61,0
1913,129,1
1914,30,0
1915,57,0
1916,46,0
1917,39,0
1918,125,1
1919,200,0
1920,92,0
1921,59,0
1922,200,0
1923,123,0
1924,128,1
1925,180,0
1926,51,0
1927,200,0
1928,200,0
1929,54,0
1930,21,0
1931,200,0
1932,152,0
1933,200,0
1934,200,0
1935,171,1
1936,48,0
1937,173,1
1938,35,0
1939,200,0
1940,39,1
1941,170,1
1942,95,1
1943,40,0
1944,20,0
1945,43,0
1946,200,0
1947,126,1
1948,126,0
1949,200,0
1950,113,1
1951,18,0
1952,97,0
1953,200,0
1954,200,0
1955,13,0
1956,106,0
1957,22,0
1958,90,0
1959,102,0
1960,15,0
1961,53,0
1962,200,0
1963,151,0
1964,200,0
1965,168,0
1966,94,1
1967,28,0
1968,200,0
1969,86,0
1970,44,0
1971,200,0
1972,82,0
1973,200,0
1974,157,0
1975,52,0
1976,104,0
1977,177,1
1978,200,0
1979,58,0
1980,29,0
1981,169,1
1982,200,0
1983,31,0
1984,39,0
1985,111,1
1986,94,0
1987,77,1
1988,22,0
1989,38,0
1990,189,1
1991,46,0
1992,200,0
1993,96,0
1994,200,0
1995,109,1
1996,47,0
1997,200,0
1998,20,0
1999,200,0
2000,14,0
2001,166,0
2002,24,0
2003,183,0
2004,200,0
2005,88,0
2006,65,0
2007,165,1
2008,186,0
2009,131,1
2010,115,0
2011,157,0
2012,49,0
2013,16,0
2014,200,0
2015,26,0
2016,96,0
2017,74,1
2018,143,1
2019,200,0
2020,141,0
2021,18,0
2022,200,0
2023,142,0
2024,47,1
2025,157,1
2026,184,1
2027,59,0
2028,117,1
2029,138,1
2030,101,0
2031,200,0
2032,90,1
2033,126,0
2034,35,0
2035,200,0
2036,200,0
2037,49,0
2038,138,0
2039,26,0
2040,200,0
2041,147,0
2042,126,0
2043,152,1
2044,144,0
2045,187,0
2046,101,0
2047,83,0
2048,200,0
2049,200,0
2050,15,0
2051,70,0
2052,20,0
2053,200,0
2054,140,0
2055,176,0
2056,22,0
2057,11,0
2058,71,1
2059,133,1
2060,58,0
2061,92,1
2062,195,1
2063,79,0
2064,70,0
2065,200,0
2066,100,1
2067,51,0
2068,16,0
2069,54,1
2070,9,0
2071,139,1
2072,62,0
2073,85,1
2074,20,0
2075,200,0
2076,200,0
2077,200,0
2078,46,0
2079,55,0
2080,106,0
2081,80,1
2082,117,1
2083,187,0
2084,23,0
2085,95,1
2086,67,0
2087,50,0
2088,70,1
2089,152,0
2090,200,0
2091,56,0
2092,74,1
2093,100,1
2094,55,0
2095,27,1
2096,24,0
2097,146,0
2098,69,0
2099,12,0
2100,200,0
2101,200,0
2102,148,0
2103,200,0
2104,7,0
2105,168,0
2106,200,0
2107,200,0
2108,38,0
2109,200,0
2110,164,0
2111,28,0
2112,22,0
2113,49,0
2114,22,0
2115,19,0
2116,89,0
2117,31,1
2118,200,0
2119,33,0
2120,200,0
2121,10,0
2122,42,0
2123,108,1
2124,23,0
2125,200,0
2126,146,1
2127,38,0
2128,155,1
2129,135,1
2130,200,0
2131,27,0
2132,147,1
2133,29,0
2134,64,0
2135,200,0
2136,165,1
2137,185,0
2138,200,0
2139,94,0
2140,200,0
2141,173,1
2142,49,0
2143,138,0
2144,33,0
2145,53,0
2146,200,0
2147,186,0
2148,200,0
2149,92,1
2150,45,0
2151,55,1
2152,134,1
2153,111,0
2154,200,0
2155,86,1
2156,128,0
2157,81,1
2158,26,0
2159,91,1
2160,80,1
2161,200,0
2162,67,0
2163,101,0
2164,200,0
2165,66,0
2166,118,0
2167,68,1
2168,98,0
2169,182,1
2170,78,0
2171,200,0
2172,25,0
2173,65,1
2174,200,0
2175,51,1
2176,9,0
2177,107,1
2178,200,0
2179,66,0
2180,70,1
2181,128,0
2182,116,0
2183,150,1
2184,200,0
2185,66,0
2186,200,0
2187,126,0
2188,13,0
2189,162,0
2190,200,0
2191,37,0
2192,200,0
2193,71,0
2194,149,1
2195,136,0
2196,87,0
2197,106,0
2198,28,0
2199,200,0
2200,20,0
2201,71,1
2202,11,0
2203,107,1
2204,42,1
2205,151,0
2206,156,0
2207,91,1
2208,179,1
2209,118,0
2210,159,0
2211,100,0
2212,81,0
2213,72,1
2214,97,1
2215,136,0
2216,48,0
2217,200,0
2218,101,1
2219,39,0
2220,88,1
2221,88,0
2222,38,0
2223,200,0
2224,200,0
2225,193,1
2226,20,0
2227,54,0
2228,80,1
2229,16,0
2230,200,0
2231,24,0
2232,74,0
2233,99,1
2234,42,1
2235,111,0
2236,200,0
2237,200,0
2238,200,0
2239,22,0
2240,14,0
2241,113,1
2242,43,0
2243,70,0
2244,43,1
2245,136,0
2246,200,0
2247,66,0
2248,200,0
2249,200,0
2250,200,0
2251,132,0
2252,181,1
2253,179,1
2254,134,0
2255,13,0
2256,42,0
2257,71,0
2258,94,0
2259,81,1
2260,124,1
2261,181,0
2262,20,0
2263,200,0
2264,81,1
2265,31,0
2266,64,0
2267,194,1
2268,94,1
2269,35,0
2270,36,1
2271,85,1
2272,130,1
2273,74,0
2274,52,0
2275,63,0
2276,122,1
2277,200,0
2278,19,0
2279,95,1
2280,200,0
2281,68,1
2282,161,1
2283,74,0
2284,194,0
2285,199,0
2286,21,0
2287,94,0
2288,54,0
2289,200,0
2290,200,0
2291,142,1
2292,67,0
2293,50,1
2294,36,0
2295,27,1
2296,72,0
2297,93,1
2298,52,1
2299,72,1
2300,200,0
2301,17,0
2302,11,0
2303,78,0
2304,114,1
2305,200,0
2306,131,1
2307,200,0
2308,200,0
2309,200,0
2310,70,0
2311,200,0
2312,120,0
2313,131,0
2314,37,0
2315,30,0
2316,23,0
2317,138,1
2318,52,1
2319,20,0
2320,59,0
2321,110,0
2322,200,0
2323,62,0
2324,87,0
2325,200,0
2326,118,1
2327,200,0
2328,37,0
2329,200,0
2330,57,0
2331,49,0
2332,139,1
2333,42,0
2334,130,0
2335,200,0
2336,111,1
2337,82,0
2338,38,1
2339,77,0
2340,113,1
2341,58,0
2342,50,1
2343,28,0
2344,71,1
2345,115,0
2346,18,0
2347,189,0
2348,154,1
2349,89,0
2350,13,0
2351,200,0
2352,139,0
2353,200,0
2354,18,0
2355,200,0
2356,24,0
2357,200,0
2358,70,0
2359,113,1
2360,200,0
2361,179,1
2362,200,0
2363,106,1
2364,16,0
2365,162,1
2366,147,0
2367,200,0
2368,200,0
2369,17,0
2370,46,1
2371,110,0
2372,165,1
2373,73,1
2374,50,0
2375,200,0
2376,21,0
2377,101,1
2378,200,0
2379,64,0
2380,96,1
2381,121,1
2382,28,0
2383,89,0
2384,169,1
2385,60,0
2386,200,0
2387,108,1
2388,15,0
2389,200,0
2390,120,0
2391,68,0
2392,200,0
2393,200,0
2394,90,1
2395,31,0
2396,200,0
2397,200,0
2398,200,0
2399,200,0
2400,106,1
2401,110,0
2402,10,0
2403,13,0
2404,175,1
2405,79,1
2406,29,0
2407,53,0
2408,200,0
2409,133,0
2410,200,0
2411,103,1
2412,152,1
2413,96,0
2414,64,0
2415,200,0
2416,200,0
2417,200,0
2418,84,1
2419,200,0
2420,27,0
2421,191,0
2422,200,0
2423,67,0
2424,15,0
2425,200,0
2426,200,0
2427,10,0
2428,31,0
2429,200,0
2430,200,0
2431,200,0
2432,15,0
2433,200,0
2434,200,0
2435,32,0
2436,13,0
2437,200,0
2438,200,0
2439,192,1
2440,93,1
2441,55,0
2442,120,1
2443,200,0
2444,23,0
2445,81,1
2446,45,0
2447,47,1
2448,62,1
2449,160,1
2450,73,0
2451,200,0
2452,89,0
2453,28,0
2454,112,0
2455,200,0
2456,149,0
2457,10,0
2458,200,0
2459,105,0
2460,200,0
2461,97,0
2462,69,0
2463,200,0
2464,200,0
2465,175,0
2466,175,0
2467,117,1
2468,69,0
2469,122,0
2470,200,0
2471,128,1
2472,44,1
2473,200,0
2474,89,1
2475,106,1
2476,68,0
2477,94,1
2478,200,0
2479,105,1
2480,69,1
2481,100,0
2482,50,1
2483,95,0
2484,51,0
2485,182,1
2486,200,0
2487,69,1
2488,57,0
2489,163,0
2490,196,1
2491,200,0
2492,167,0
2493,116,1
2494,69,1
2495,177,0
2496,200,0
2497,193,1
2498,102,0
2499,48,0
2500,45,0
2501,200,0
2502,200,0
2503,80,0
2504,177,1
2505,137,0
2506,197,1
2507,82,1
2508,164,1
2509,49,0
2510,62,0
2511,28,0
2512,52,0
2513,200,0
2514,64,1
2515,130,1
2516,38,0
2517,10,0
2518,48,0
2519,28,1
2520,83,1
2521,150,0
2522,60,0
2523,111,1
2524,34,0
2525,12,0
2526,49,1
2527,53,1
2528,103,1
2529,200,0
2530,66,0
2531,200,0
2532,200,0
2533,77,1
2534,127,1
2535,102,1
2536,72,1
2537,64,1
2538,173,1
2539,62,0
2540,146,1
2541,92,0
2542,57,1
2543,78,1
2544,76,1
2545,158,1
2546,141,0
2547,101,1
2548,200,0
2549,58,1
2550,200,0
2551,183,0
2552,71,1
2553,89,1
2554,127,0
2555,200,0
2556,92,0
2557,200,0
2558,35,0
2559,71,1
2560,178,1
2561,66,1
2562,40,0
2563,112,1
2564,69,0
2565,150,1
2566,186,0
2567,64,1
2568,200,0
2569,200,0
2570,67,1
2571,68,1
2572,200,0
2573,154,1
2574,117,0
2575,100,1
2576,71,1
2577,33,0
2578,71,1
2579,183,1
2580,200,0
2581,200,0
2582,200,0
2583,41,0
2584,53,0
2585,200,0
2586,200,0
2587,24,0
2588,104,0
2589,145,0
2590,100,0
2591,200,0
2592,130,0
2593,67,0
2594,200,0
2595,200,0
2596,200,0
2597,200,0
2598,200,0
2599,182,1
2600,155,0
2601,32,0
2602,81,0
2603,22,0
2604,72,1
2605,200,0
2606,15,0
2607,81,0
2608,141,1
2609,200,0
2610,200,0
2611,200,0
2612,200,0
2613,136,1
2614,178,1
2615,200,0
2616,95,0
2617,23,0
2618,61,0
2619,58,0
2620,200,0
2621,159,1
2622,46,1
2623,195,0
2624,103,1
2625,42,0
2626,200,0
2627,191,1
2628,200,0
2629,78,0
2630,79,0
2631,17,0
2632,61,1
2633,74,0
2634,103,1
2635,154,1
2636,57,1
2637,200,0
2638,139,1
2639,178,0
2640,200,0
2641,18,0
2642,68,1
2643,142,0
2644,93,1
2645,88,0
2646,71,0
2647,115,1
2648,200,0
2649,200,0
2650,70,1
2651,189,0
2652,61,0
2653,15,0
2654,50,0
2655,163,1
2656,134,1
2657,105,1
2658,200,0
2659,58,0
2660,133,1
2661,132,1
2662,72,0
2663,107,0
2664,134,1
2665,104,0
2666,65,1
2667,139,0
2668,68,0
2669,131,0
2670,197,1
2671,200,0
2672,200,0
2673,144,1
2674,43,1
2675,66,0
2676,67,1
2677,51,0
2678,45,0
2679,67,0
2680,200,0
2681,120,1
2682,12,0
2683,92,0
2684,200,0
2685,101,0
2686,200,0
2687,174,0
2688,21,0
2689,151,0
2690,200,0
2691,49,0
2692,52,1
2693,38,1
2694,200,0
2695,133,1
2696,131,1
2697,44,0
2698,152,0
2699,52,1
2700,124,0
2701,16,0
2702,74,0
2703,138,1
2704,61,0
2705,53,0
2706,42,1
2707,94,1
2708,11,0
2709,55,0
2710,97,1
2711,200,0
2712,88,1
2713,120,1
2714,127,0
2715,43,0
2716,57,1
2717,48,0
2718,32,0
2719,172,1
2720,200,0
2721,200,0
2722,34,0
2723,186,0
2724,56,0
2725,78,0
2726,141,1
2727,200,0
2728,95,1
2729,65,1
2730,200,0
2731,148,1
2732,122,1
2733,58,0
2734,200,0
2735,179,1
2736,140,0
2737,200,0
2738,61,0
2739,200,0
2740,200,0
2741,164,1
2742,42,0
2743,76,0
2744,131,1
2745,89,0
2746,56,0
2747,200,0
2748,147,1
2749,182,1
2750,86,1
2751,200,0
2752,163,1
2753,172,1
2754,177,1
2755,131,0
2756,200,0
2757,192,0
2758,15,0
2759,46,0
2760,148,0
2761,95,0
2762,200,0
2763,71,1
2764,200,0
2765,35,0
2766,110,1
2767,200,0
2768,86,1
2769,48,1
2770,193,1
2771,129,0
2772,200,0
2773,148,0
2774,149,0
2775,14,0
2776,127,0
2777,200,0
2778,114,0
2779,200,0
2780,86,1
2781,115,1
2782,92,0
2783,127,1
2784,45,0
2785,108,1
2786,200,0
2787,77,0
2788,83,1
2789,200,0
2790,24,0
2791,51,0
2792,200,0
2793,142,0
2794,19,0
2795,98,0
2796,33,0
2797,114,1
2798,24,0
2799,72,0
2800,141,0
2801,93,1
2802,87,1
2803,200,0
2804,71,1
2805,38,0
2806,140,0
2807,111,0
2808,162,1
2809,71,0
2810,75,0
2811,200,0
2812,121,0
2813,165,1
2814,200,0
2815,135,0
2816,200,0
2817,200,0
2818,148,1
2819,200,0
2820,17,0
2821,106,1
2822,98,1
2823,13,0
2824,123,1
2825,157,0
2826,63,1
2827,91,0
2828,200,0
2829,84,1
2830,200,0
2831,51,0
2832,200,0
2833,163,0
2834,200,0
2835,62,0
2836,23,0
2837,91,0
2838,69,1
2839,160,1
2840,59,0
2841,39,0
2842,102,0
2843,11,0
2844,38,1
2845,107,1
2846,74,1
2847,200,0
2848,65,1
2849,72,0
2850,167,1
2851,79,1
2852,153,0
2853,69,0
2854,28,0
2855,165,1
2856,55,0
2857,200,0
2858,94,0
2859,175,1
2860,24,0
2861,104,1
2862,53,1
2863,94,1
2864,165,1
2865,139,1
2866,200,0
2867,59,1
2868,87,0
2869,200,0
2870,18,0
2871,179,1
2872,53,1
2873,188,1
2874,47,0
2875,121,1
2876,84,1
2877,81,1
2878,200,0
2879,200,0
2880,35,0
2881,91,1
2882,24,0
2883,46,1
2884,89,0
2885,162,0
2886,116,0
2887,163,1
2888,10,0
2889,96,0
2890,55,0
2891,40,1
2892,200,0
2893,46,1
2894,183,0
2895,20,1
2896,107,1
2897,84,1
2898,90,1
2899,105,1
2900,34,0
2901,55,1
2902,37,1
2903,200,0
2904,107,1
2905,49,1
2906,139,1
2907,101,1
2908,41,1
2909,200,0
2910,136,1
2911,145,0
2912,196,1
2913,200,0
2914,81,1
2915,200,0
2916,137,1
2917,200,0
2918,116,0
2919,36,0
2920,107,1
2921,200,0
2922,185,0
2923,27,0
2924,200,0
2925,116,1
2926,124,0
2927,93,0
2928,200,0
2929,200,0
2930,123,1
2931,30,0
2932,68,0
2933,98,0
2934,43,0
2935,172,1
2936,200,0
2937,200,0
2938,200,0
2939,200,0
2940,200,0
2941,127,0
2942,200,0
2943,102,0
2944,182,1
2945,77,1
2946,157,1
2947,135,1
2948,177,1
2949,57,1
2950,67,0
2951,66,0
2952,81,0
2953,85,0
2954,18,0
2955,65,1
2956,37,1
2957,47,1
2958,39,0
2959,74,1
2960,84,1
2961,142,1
2962,66,1
2963,89,1
2964,139,0
2965,62,1
2966,200,0
2967,200,0
2968,110,0
2969,182,1
2970,200,0
2971,55,1
2972,168,1
2973,191,1
2974,42,0
2975,200,0
2976,68,1
2977,87,1
2978,200,0
2979,83,1
2980,48,1
2981,140,1
2982,91,1
2983,56,0
2984,200,0
2985,200,0
2986,66,0
2987,147,1
2988,200,0
2989,168,1
2990,192,1
2991,56,0
2992,200,0
2993,200,0
2994,200,0
2995,200,0
2996,114,0
2997,108,1
2998,75,0
2999,11,0
3000,200,0
3001,164,0
3002,200,0
3003,156,0
3004,24,0
3005,147,0
3006,21,0
3007,125,0
3008,157,1
3009,113,0
3010,57,0
3011,128,0
3012,120,1
3013,172,0
3014,144,0
3015,200,0
3016,200,0
3017,200,0
3018,200,0
3019,200,0
3020,68,0
3021,9,0
3022,18,0
3023,14,0
3024,60,1
3025,84,1
3026,200,0
3027,46,1
3028,69,0
3029,138,0
3030,88,1
3031,145,1
3032,137,0
3033,200,1
3034,163,1
3035,197,0
3036,32,1
3037,200,0
3038,118,0
3039,98,1
3040,200,0
3041,47,0
3042,159,1
3043,95,0
3044,148,1
3045,70,0
3046,200,0
3047,171,0
3048,200,0
3049,200,0
3050,122,0
3051,10,0
3052,42,0
3053,59,0
3054,200,0
3055,177,1
3056,36,0
3057,50,0
3058,123,1
3059,200,0
3060,59,0
3061,153,1
3062,61,0
3063,79,1
3064,82,1
3065,114,1
3066,163,1
3067,200,0
3068,200,0
3069,200,0
3070,153,1
3071,200,0
3072,200,0
3073,200,0
3074,7,0
3075,50,0
3076,111,0
3077,49,0
3078,49,0
3079,200,0
3080,200,0
3081,144,1
3082,123,1
3083,124,1
3084,80,0
3085,20,0
3086,200,0
3087,200,0
3088,18,0
3089,86,0
3090,70,0
3091,192,1
3092,184,1
3093,200,0
3094,22,0
3095,185,0
3096,63,0
3097,84,0
3098,56,0
3099,71,0
3100,29,0
3101,126,0
3102,14,0
3103,127,1
3104,162,0
3105,200,0
3106,176,0
3107,58,0
3108,64,0
3109,200,0
3110,59,1
3111,46,0
3112,88,0
3113,200,0
3114,100,1
3115,148,0
3116,64,0
3117,156,1
3118,77,1
3119,136,0
3120,85,1
3121,104,1
3122,114,1
3123,200,0
3124,76,1
3125,113,1
3126,54,0
3127,66,0
3128,88,0
3129,7,0
3130,30,1
3131,45,1
3132,31,0
3133,56,1
3134,143,1
3135,200,0
3136,99,0
3137,172,1
3138,125,1
3139,100,0
3140,38,1
3141,156,1
3142,166,1
3143,21,0
3144,123,0
3145,78,0
3146,192,1
3147,200,0
3148,130,1
3149,37,1
3150,200,0
3151,139,0
3152,138,1
3153,200,0
3154,200,0
3155,41,0
3156,91,0
3157,169,1
3158,135,1
3159,143,1
3160,200,0
3161,70,1
3162,67,0
3163,177,1
3164,62,1
3165,200,0
3166,200,0
3167,104,1
3168,40,1
3169,87,1
3170,77,1
3171,27,0
3172,200,0
3173,170,1
3174,121,1
3175,200,0
3176,150,1
3177,200,0
3178,115,0
3179,85,1
3180,102,0
3181,110,0
3182,21,0
3183,200,0
3184,200,0
3185,200,0
3186,200,0
3187,200,0
3188,56,0
3189,200,0
3190,200,0
3191,200,0
3192,200,0
3193,200,0
3194,200,0
3195,100,1
3196,61,0
3197,164,0
3198,69,0
3199,128,1
3200,200,0
3201,200,0
3202,23,0
3203,58,0
3204,64,0
3205,36,0
3206,123,1
3207,69,1
3208,76,0
3209,62,1
3210,31,0
3211,200,0
3212,118,1
3213,155,0
3214,114,1
3215,81,0
3216,200,0
3217,143,0
3218,64,1
3219,113,1
3220,121,1
3221,52,1
3222,105,0
3223,200,0
3224,121,1
3225,92,1
3226,121,1
3227,62,0
3228,33,0
3229,200,0
3230,99,1
3231,131,1
3232,200,0
3233,178,1
3234,58,1
3235,76,0
3236,82,1
3237,200,0
3238,43,1
3239,200,0
3240,200,0
3241,80,0
3242,75,0
3243,105,1
3244,200,0
3245,200,0
3246,59,0
3247,25,0
3248,200,0
3249,75,0
3250,200,0
3251,49,1
3252,150,1
3253,103,1
3254,47,0
3255,60,0
3256,97,1
3257,49,1
3258,40,0
3259,72,1
3260,106,1
3261,130,1
3262,200,0
3263,88,1
3264,141,1
3265,200,0
3266,188,1
3267,200,0
3268,153,1
3269,93,1
3270,200,0
3271,60,0
3272,200,0
3273,83,1
3274,140,1
3275,46,0
3276,200,0
3277,200,0
3278,155,0
3279,148,1
3280,200,0
3281,128,0
3282,200,0
3283,200,0
3284,64,0
3285,170,1
3286,200,0
3287,89,0
3288,200,0
3289,30,0
3290,94,1
3291,40,0
3292,38,0
3293,200,0
3294,12,0
3295,73,1
3296,200,0
3297,200,0
3298,177,1
3299,93,1
3300,56,1
3301,71,0
3302,190,0
3303,178,1
3304,200,0
3305,200,0
3306,174,1
3307,200,0
3308,200,0
3309,29,0
3310,42,0
3311,200,0
3312,170,1
3313,52,0
3314,166,1
3315,115,0
3316,118,1
3317,145,1
3318,79,1
3319,36,0
3320,129,1
3321,25,0
3322,108,0
3323,200,0
3324,124,1
3325,108,0
3326,51,0
3327,41,0
3328,200,0
3329,200,0
3330,38,1
3331,200,0
3332,24,0
3333,51,0
3334,100,1
3335,200,0
3336,63,1
3337,98,1
3338,158,1
3339,57,0
3340,47,1
3341,91,0
3342,59,0
3343,63,1
3344,146,1
3345,8,0
3346,33,1
3347,13,0
3348,56,1
3349,87,1
3350,62,1
3351,94,1
3352,76,1
3353,64,1
3354,37,1
3355,40,1
3356,51,0
3357,52,0
3358,87,1
3359,106,1
3360,93,1
3361,200,0
3362,82,1
3363,180,1
3364,102,1
3365,157,1
3366,51,1
3367,123,1
3368,102,1
3369,109,1
3370,24,1
3371,126,1
3372,71,1
3373,137,1
3374,189,1
3375,84,1
3376,200,0
3377,43,1
3378,142,1
3379,200,0
3380,200,0
3381,101,0
3382,155,1
3383,200,0
3384,189,1
3385,148,1
3386,61,0
3387,111,0
3388,103,1
3389,132,1
3390,200,0
3391,200,0
3392,200,0
3393,142,1
3394,200,0
3395,63,0
3396,200,0
3397,126,1
3398,100,1
3399,70,1
3400,34,0
3401,187,0
3402,85,1
3403,68,0
3404,145,1
3405,122,1
3406,200,0
3407,200,0
3408,68,0
3409,200,0
3410,19,0
3411,147,1
3412,56,0
3413,88,0
3414,200,0
3415,99,0
3416,16,0
3417,200,0
3418,37,0
3419,200,0
3420,141,0
3421,26,0
3422,137,1
3423,43,0
3424,144,1
3425,169,1
3426,76,1
3427,200,0
3428,127,1
3429,125,0
3430,99,1
3431,59,1
3432,25,0
3433,91,0
3434,129,0
3435,200,0
3436,7,0
3437,139,1
3438,77,1
3439,200,0
3440,200,0
3441,200,0
3442,200,0
3443,83,1
3444,100,1
3445,138,1
3446,74,1
3447,19,0
3448,167,1
3449,56,0
3450,138,0
3451,142,0
3452,164,1
3453,200,0
3454,135,1
3455,30,0
3456,165,1
3457,200,0
3458,43,1
3459,138,0
3460,200,0
3461,13,0
3462,33,0
3463,200,0
3464,87,0
3465,200,0
3466,200,0
3467,184,0
3468,86,0
3469,80,0
3470,90,1
3471,200,0
3472,44,0
3473,103,0
3474,42,0
3475,200,0
3476,85,0
3477,105,1
3478,135,1
3479,145,1
3480,200,0
3481,16,0
3482,26,0
3483,115,1
3484,200,0
3485,50,0
3486,200,0
3487,121,0
3488,200,0
3489,65,0
3490,29,1
3491,13,0
3492,153,1
3493,49,0
3494,150,1
3495,60,0
3496,59,0
3497,125,1
3498,195,1
3499,50,0
3500,27,0
3501,70,0
3502,200,0
3503,115,1
3504,200,0
3505,44,1
3506,96,0
3507,103,1
3508,131,1
3509,105,0
3510,91,1
3511,170,1
3512,79,0
3513,128,1
3514,67,1
3515,51,0
3516,105,1
3517,40,1
3518,81,0
3519,200,0
3520,75,1
3521,200,0
3522,129,1
3523,200,0
3524,107,1
3525,144,1
3526,79,0
3527,48,1
3528,57,1
3529,27,0
3530,200,0
3531,200,0
3532,46,0
3533,73,1
3534,108,0
3535,85,1
3536,76,1
3537,65,1
3538,146,1
3539,147,1
3540,106,1
3541,92,0
3542,26,0
3543,29,1
3544,43,1
3545,126,1
3546,200,0
3547,200,0
3548,69,0
3549,30,0
3550,147,1
3551,200,0
3552,200,0
3553,185,1
3554,15,0
3555,27,0
3556,51,0
3557,171,1
3558,116,0
3559,74,1
3560,113,1
3561,175,1
3562,200,0
3563,73,1
3564,41,0
3565,42,0
3566,200,0
3567,18,0
3568,200,0
3569,200,0
3570,40,0
3571,200,0
3572,200,0
3573,96,1
3574,80,1
3575,200,0
3576,173,1
3577,152,1
3578,200,0
3579,25,0
3580,200,0
3581,176,1
3582,50,0
3583,115,0
3584,84,1
3585,147,1
3586,76,1
3587,200,0
3588,43,0
3589,41,0
3590,90,1
3591,53,0
3592,75,1
3593,71,1
3594,45,0
3595,40,0
3596,47,1
3597,135,1
3598,162,1
3599,92,1
3600,32,1
3601,200,0
3602,146,1
3603,86,1
3604,68,0
3605,25,1
3606,200,0
3607,108,1
3608,50,1
3609,26,0
3610,154,0
3611,68,1
3612,77,1
3613,27,0
3614,135,1
3615,128,1
3616,92,1
3617,117,1
3618,200,0
3619,23,0
3620,183,0
3621,138,1
3622,200,0
3623,160,0
3624,195,1
3625,80,1
3626,178,1
3627,200,0
3628,118,1
3629,200,0
3630,57,0
3631,116,1
3632,13,0
3633,38,0
3634,187,1
3635,110,1
3636,200,0
3637,43,1
3638,139,1
3639,124,1
3640,78,1
3641,165,1
3642,56,1
3643,200,0
3644,106,1
3645,142,1
3646,13,0
3647,19,0
3648,42,0
3649,63,0
3650,83,1
3651,200,0
3652,25,1
3653,123,1
3654,104,1
3655,29,0
3656,25,0
3657,200,0
3658,46,1
3659,162,1
3660,200,0
3661,43,0
3662,200,0
3663,200,0
3664,149,1
3665,93,0
3666,91,0
3667,38,0
3668,102,1
3669,126,1
3670,146,1
3671,117,0
3672,128,0
3673,163,0
3674,110,0
3675,20,0
3676,139,1
3677,103,1
3678,200,0
3679,200,0
3680,50,1
3681,84,0
3682,200,0
3683,57,1
3684,150,1
3685,116,0
3686,32,0
3687,42,0
3688,45,0
3689,57,1
3690,171,1
3691,129,1
3692,151,1
3693,200,0
3694,200,0
3695,174,1
3696,200,0
3697,50,1
3698,164,1
3699,14,0
3700,171,0
3701,83,1
3702,76,1
3703,200,0
3704,95,0
3705,76,1
3706,86,0
3707,200,0
3708,200,0
3709,200,0
3710,173,1
3711,117,0
3712,200,0
3713,143,0
3714,150,1
3715,146,0
3716,200,0
3717,62,0
3718,17,0
3719,95,1
3720,200,0
3721,129,1
3722,42,0
3723,162,1
3724,163,0
3725,90,1
3726,200,0
3727,179,1
3728,200,0
3729,200,0
3730,59,0
3731,80,1
3732,49,0
3733,177,0
3734,104,1
3735,17,0
3736,172,1
3737,159,0
3738,186,0
3739,24,0
3740,101,1
3741,142,1
3742,115,1
3743,40,0
3744,70,1
3745,200,0
3746,200,0
3747,50,0
3748,38,0
3749,13,0
3750,129,1
3751,18,1
3752,200,0
3753,31,0
3754,200,0
3755,84,1
3756,76,0
3757,92,0
3758,137,1
3759,21,0
3760,38,0
3761,11,0
3762,200,0
3763,173,1
3764,177,1
3765,95,1
3766,80,0
3767,200,0
3768,122,0
3769,107,1
3770,137,0
3771,65,0
3772,132,0
3773,200,0
3774,76,0
3775,169,1
3776,174,1
3777,89,0
3778,34,0
3779,140,1
3780,30,0
3781,48,0
3782,105,1
3783,100,1
3784,200,0
3785,41,1
3786,62,1
3787,41,1
3788,101,0
3789,142,1
3790,60,0
3791,115,0
3792,61,1
3793,52,1
3794,153,1
3795,200,0
3796,198,1
3797,30,0
3798,104,1
3799,43,0
3800,95,0
3801,139,1
3802,158,1
3803,165,1
3804,74,1
3805,200,0
3806,117,1
3807,140,1
3808,124,1
3809,140,1
3810,73,0
3811,97,0
3812,200,0
3813,175,1
3814,81,1
3815,37,0
3816,160,1
3817,80,1
3818,94,1
3819,81,1
3820,53,1
3821,200,0
3822,51,0
3823,106,1
3824,170,1
3825,49,0
3826,200,0
3827,103,1
3828,91,1
3829,99,1
3830,137,1
3831,190,1
3832,61,0
3833,105,0
3834,200,0
3835,76,1
3836,64,1
3837,61,1
3838,200,0
3839,200,0
3840,32,0
3841,200,0
3842,193,1
3843,68,1
3844,199,1
3845,55,1
3846,52,1
3847,97,1
3848,135,1
3849,132,0
3850,188,1
3851,200,0
3852,19,0
3853,67,0
3854,200,0
3855,200,0
3856,96,1
3857,200,0
3858,160,1
3859,97,1
3860,68,1
3861,56,0
3862,156,1
3863,96,0
3864,181,1
3865,187,1
3866,200,0
3867,165,1
3868,73,0
3869,31,0
3870,200,0
3871,54,0
3872,26,0
3873,74,0
3874,200,0
3875,122,1
3876,71,1
3877,127,0
3878,141,1
3879,200,0
3880,200,0
3881,200,0
3882,200,0
3883,32,0
3884,105,0
3885,200,0
3886,103,0
3887,61,1
3888,35,0
3889,31,0
3890,15,0
3891,69,0
3892,116,1
3893,63,1
3894,68,0
3895,98,1
3896,200,0
3897,65,1
3898,80,0
3899,135,0
3900,108,0
3901,200,0
3902,90,1
3903,102,0
3904,137,0
3905,80,1
3906,136,1
3907,119,0
3908,200,0
3909,109,1
3910,97,1
3911,107,1
3912,56,0
3913,200,0
3914,200,0
3915,200,0
3916,141,0
3917,115,0
3918,33,0
3919,200,0
3920,152,1
3921,11,0
3922,38,0
3923,200,0
3924,107,0
3925,45,0
3926,29,0
3927,155,1
3928,143,1
3929,137,1
3930,200,0
3931,111,0
3932,200,0
3933,139,0
3934,140,1
3935,135,1
3936,83,1
3937,200,0
3938,43,1
3939,54,1
3940,200,0
3941,75,0
3942,45,0
3943,124,0
3944,200,0
3945,69,0
3946,50,0
3947,200,0
3948,173,1
3949,121,0
3950,170,0
3951,89,0
3952,14,0
3953,72,0
3954,192,0
3955,200,0
3956,52,1
3957,169,1
3958,160,0
3959,161,0
3960,160,1
3961,200,0
3962,104,1
3963,200,0
3964,200,0
3965,159,0
3966,200,0
3967,200,0
3968,120,0
3969,157,1
3970,58,1
3971,41,0
3972,147,1
3973,200,0
3974,127,0
3975,200,0
3976,149,1
3977,114,1
3978,54,0
3979,145,0
3980,81,1
3981,97,1
3982,127,1
3983,200,0
3984,87,1
3985,91,0
3986,111,1
3987,119,1
3988,77,0
3989,70,0
3990,200,0
3991,26,0
3992,133,1
3993,43,0
3994,59,0
3995,148,1
3996,133,1
3997,200,0
3998,12,0
3999,175,1
4000,78,0
4001,77,0
4002,134,1
4003,33,1
4004,200,0
4005,130,0
4006,42,1
4007,96,1
4008,9,0
4009,159,0
4010,34,0
4011,184,1
4012,200,0
4013,179,0
4014,15,0
4015,200,0
4016,28,0
4017,200,0
4018,137,1
4019,200,0
4020,94,1
4021,134,1
4022,200,0
4023,119,0
4024,112,0
4025,200,0
4026,52,0
4027,79,1
4028,200,0
4029,119,1
4030,100,1
4031,113,1
4032,37,1
4033,86,1
4034,86,0
4035,13,0
4036,104,0
4037,96,1
4038,87,0
4039,164,1
4040,78,1
4041,200,0
4042,200,0
4043,11,0
4044,200,0
4045,117,1
4046,80,0
4047,17,0
4048,108,1
4049,168,1
4050,200,0
4051,124,1
4052,75,1
4053,61,1
4054,108,1
4055,127,1
4056,164,0
4057,76,0
4058,167,1
4059,200,0
4060,200,0
4061,200,0
4062,11,0
4063,107,0
4064,200,0
4065,105,1
4066,11,0
4067,81,1
4068,200,0
4069,104,0
4070,99,0
4071,44,1
4072,200,0
4073,110,1
4074,200,0
4075,200,0
4076,51,0
4077,72,0
4078,96,1
4079,123,1
4080,67,1
4081,200,0
4082,164,1
4083,200,0
4084,107,1
4085,200,0
4086,200,0
4087,25,0
4088,200,0
4089,86,0
4090,91,0
4091,200,0
4092,115,1
4093,124,1
4094,22,0
4095,118,1
4096,162,1
4097,73,0
4098,127,1
4099,185,1
4100,200,0
4101,136,0
4102,85,1
4103,163,0
4104,200,0
4105,200,0
4106,200,0
4107,200,0
4108,83,1
4109,154,1
4110,53,0
4111,156,1
4112,200,0
4113,56,1
4114,186,1
4115,200,0
4116,33,0
4117,200,0
4118,32,0
4119,99,1
4120,120,0
4121,117,1
4122,200,0
4123,200,0
4124,52,1
4125,78,1
4126,89,0
4127,47,1
4128,200,0
4129,61,1
4130,128,1
4131,48,0
4132,27,0
4133,182,0
4134,182,1
4135,167,1
4136,196,1
4137,28,0
4138,60,0
4139,98,1
4140,31,1
4141,62,0
4142,163,1
4143,37,0
4144,200,0
4145,32,0
4146,132,1
4147,39,1
4148,65,0
4149,30,0
4150,200,0
4151,183,1
4152,125,0
4153,91,1
4154,147,1
4155,104,0
4156,34,1
4157,107,1
4158,145,1
4159,126,1
4160,102,1
4161,154,1
4162,12,0
4163,200,0
4164,35,0
4165,189,1
4166,24,1
4167,41,0
4168,95,1
4169,200,0
4170,197,1
4171,200,0
4172,183,1
4173,94,1
4174,62,1
4175,173,1
4176,64,0
4177,200,0
4178,138,1
4179,48,1
4180,200,0
4181,76,0
4182,155,1
4183,32,0
4184,72,0
4185,101,1
4186,82,1
4187,92,1
4188,7,0
4189,149,1
4190,92,1
4191,84,1
4192,200,0
4193,52,1
4194,200,0
4195,200,0
4196,200,0
4197,144,1
4198,28,0
4199,107,0
4200,200,0
4201,103,1
4202,200,0
4203,169,1
4204,154,0
4205,16,0
4206,181,1
4207,88,1
4208,172,1
4209,196,1
4210,14,0
4211,63,1
4212,71,1
4213,36,1
4214,200,0
4215,147,0
4216,37,0
4217,200,0
4218,200,0
4219,200,0
4220,128,1
4221,200,0
4222,122,1
4223,108,0
4224,114,0
4225,122,1
4226,200,0
4227,76,1
4228,181,1
4229,200,0
4230,36,1
4231,98,0
4232,22,0
4233,50,0
4234,183,0
4235,200,0
4236,141,0
4237,116,1
4238,80,1
4239,200,0
4240,92,0
4241,75,1
4242,130,1
4243,77,0
4244,173,1
4245,112,1
4246,200,0
4247,71,0
4248,97,0
4249,82,1
4250,96,1
4251,139,1
4252,174,1
4253,200,0
4254,28,0
4255,30,0
4256,200,0
4257,200,0
4258,200,0
4259,102,1
4260,200,0
4261,200,0
4262,34,0
4263,135,1
4264,200,0
4265,53,1
4266,200,0
4267,37,0
4268,34,0
4269,12,0
4270,157,1
4271,200,0
4272,92,0
4273,87,1
4274,110,0
4275,34,0
4276,132,0
4277,122,1
4278,34,0
4279,24,1
4280,148,1
4281,23,0
4282,13,0
4283,48,1
4284,85,1
4285,200,0
4286,91,1
4287,55,0
4288,82,0
4289,87,0
4290,200,0
4291,200,0
4292,79,1
4293,200,0
4294,39,0
4295,141,1
4296,93,1
4297,99,1
4298,66,1
4299,164,1
4300,99,0
4301,48,0
4302,113,1
4303,66,1
4304,200,0
4305,148,1
4306,102,0
4307,148,1
4308,200,0
4309,67,1
4310,200,0
4311,131,1
4312,36,1
4313,200,0
4314,117,1
4315,156,1
4316,200,0
4317,54,0
4318,83,0
4319,147,1
4320,57,0
4321,72,1
4322,127,0
4323,200,0
4324,108,0
4325,100,0
4326,200,0
4327,200,0
4328,155,0
4329,36,0
4330,162,0
4331,200,0
4332,200,0
4333,119,0
4334,16,0
4335,119,0
4336,187,0
4337,200,0
4338,200,0
4339,127,0
4340,173,1
4341,200,0
4342,94,0
4343,200,0
4344,84,0
4345,63,0
4346,30,0
4347,74,0
4348,136,1
4349,200,0
4350,76,1
4351,128,1
4352,97,1
4353,200,0
4354,79,1
4355,200,0
4356,76,0
4357,200,0
4358,166,1
4359,121,1
4360,111,1
4361,102,1
4362,200,0
4363,200,0
4364,113,0
4365,110,1
4366,13,0
4367,46,1
4368,71,1
4369,127,1
4370,90,1
4371,59,0
4372,200,0
4373,29,0
4374,40,0
4375,25,0
4376,144,1
4377,93,1
4378,200,0
4379,66,1
4380,174,0
4381,200,0
4382,20,0
4383,159,1
4384,169,1
4385,90,1
4386,62,1
4387,85,1
4388,200,0
4389,49,1
4390,128,1
4391,144,1
4392,109,1
4393,191,0
4394,200,0
4395,99,1
4396,58,0
4397,200,0
4398,31,0
4399,150,1
4400,93,1
4401,100,1
4402,93,1
4403,34,0
4404,198,0
4405,107,1
4406,182,0
4407,186,1
4408,200,0
4409,71,1
4410,55,1
4411,46,1
4412,79,1
4413,200,0
4414,43,1
4415,125,1
4416,67,1
4417,200,0
4418,200,0
4419,158,0
4420,46,1
4421,77,1
4422,33,0
4423,200,0
4424,56,0
4425,200,0
4426,200,0
4427,89,1
4428,57,1
4429,190,1
4430,11,0
4431,50,0
4432,159,1
4433,200,0
4434,132,1
4435,77,0
4436,39,0
4437,51,0
4438,68,0
4439,166,0
4440,47,1
4441,53,1
4442,200,0
4443,94,1
4444,96,1
4445,85,1
4446,125,1
4447,156,1
4448,200,0
4449,96,1
4450,110,1
4451,29,0
4452,115,1
4453,200,0
4454,199,1
4455,200,0
4456,25,0
4457,108,1
4458,200,0
4459,200,0
4460,121,1
4461,35,0
4462,200,0
4463,130,1
4464,171,1
4465,81,1
4466,130,0
4467,147,1
4468,152,1
4469,97,1
4470,121,1
4471,111,0
4472,200,0
4473,76,0
4474,152,1
4475,102,1
4476,192,1
4477,164,1
4478,169,1
4479,27,0
4480,189,1
4481,78,0
4482,109,0
4483,51,0
4484,43,1
4485,169,1
4486,139,1
4487,200,0
4488,182,1
4489,146,1
4490,23,0
4491,57,0
4492,132,0
4493,144,0
4494,86,1
4495,200,0
4496,20,0
4497,183,0
4498,76,1
4499,124,1
4500,46,0
4501,198,1
4502,197,0
4503,42,0
4504,200,0
4505,200,0
4506,74,1
4507,200,0
4508,165,0
4509,99,1
4510,200,0
4511,110,1
4512,8,0
4513,200,0
4514,122,1
4515,112,1
4516,124,0
4517,22,0
4518,86,0
4519,168,1
4520,73,0
4521,40,0
4522,196,1
4523,103,1
4524,108,1
4525,200,0
4526,200,0
4527,200,0
4528,200,0
4529,155,0
4530,38,0
4531,90,1
4532,79,1
4533,175,1
4534,31,0
4535,156,1
4536,68,1
4537,189,0
4538,69,0
4539,44,0
4540,62,1
4541,154,1
4542,140,1
4543,43,1
4544,39,0
4545,187,1
4546,200,0
4547,117,1
4548,200,0
4549,11,0
4550,59,0
4551,96,0
4552,26,0
4553,200,0
4554,63,1
4555,117,1
4556,183,1
4557,95,0
4558,153,0
4559,86,1
4560,200,0
4561,109,1
4562,80,0
4563,82,1
4564,74,1
4565,136,1
4566,161,1
4567,200,0
4568,32,1
4569,84,1
4570,165,0
4571,13,0
4572,67,1
4573,196,1
4574,96,1
4575,97,1
4576,116,1
4577,119,1
4578,162,0
4579,41,0
4580,109,0
4581,200,0
4582,19,0
4583,200,0
4584,184,1
4585,41,0
4586,127,1
4587,200,0
4588,67,1
4589,200,0
4590,41,0
4591,168,1
4592,65,1
4593,29,1
4594,200,0
4595,83,1
4596,185,0
4597,68,1
4598,200,0
4599,144,1
4600,26,1
4601,155,1
4602,79,1
4603,200,0
4604,71,1
4605,200,0
4606,26,0
4607,98,1
4608,115,1
4609,61,0
4610,200,0
4611,81,1
4612,117,1
4613,73,1
4614,112,1
4615,175,0
4616,45,1
4617,102,1
4618,53,0
4619,118,1
4620,110,0
4621,200,0
4622,16,0
4623,118,0
4624,41,0
4625,163,1
4626,32,0
4627,78,1
4628,58,1
4629,167,1
4630,138,0
4631,116,1
4632,178,1
4633,183,1
4634,36,1
4635,101,1
4636,120,0
4637,200,0
4638,49,0
4639,200,0
4640,107,0
4641,25,0
4642,200,0
4643,200,0
4644,200,0
4645,200,0
4646,82,1
4647,131,1
4648,198,1
4649,200,1
4650,9,0
4651,152,1
4652,200,0
4653,200,0
4654,26,0
4655,89,0
4656,200,0
4657,60,0
4658,200,0
4659,80,1
4660,200,0
4661,123,1
4662,195,0
4663,73,0
4664,200,0
4665,155,1
4666,8,0
4667,44,1
4668,75,1
4669,134,1
4670,160,1
4671,186,1
4672,34,0
4673,73,1
4674,66,0
4675,200,0
4676,101,0
4677,86,1
4678,62,1
4679,61,0
4680,91,1
4681,109,1
4682,200,0
4683,200,0
4684,128,1
4685,200,0
4686,200,0
4687,67,1
4688,40,0
4689,65,0
4690,200,0
4691,200,0
4692,126,1
4693,60,1
4694,163,1
4695,193,1
4696,200,0
4697,98,1
4698,123,0
4699,190,1
4700,117,1
4701,137,1
4702,132,1
4703,84,1
4704,96,1
4705,107,1
4706,69,1
4707,200,0
4708,200,0
4709,39,0
4710,34,1
4711,37,1
4712,199,1
4713,9,0
4714,126,1
4715,60,1
4716,15,0
4717,25,0
4718,36,0
4719,80,1
4720,200,0
4721,47,1
4722,200,0
4723,200,0
4724,200,0
4725,23,0
4726,200,0
4727,200,0
4728,58,1
4729,68,1
4730,63,0
4731,107,1
4732,123,1
4733,120,1
4734,103,1
4735,43,0
4736,84,0
4737,10,0
4738,200,0
4739,51,1
4740,200,0
4741,200,0
4742,78,1
4743,120,0
4744,106,0
4745,123,1
4746,180,0
4747,200,0
4748,146,1
4749,52,1
4750,90,0
4751,92,1
4752,139,0
4753,162,1
4754,133,1
4755,43,0
4756,178,0
4757,91,1
4758,152,1
4759,38,0
4760,96,0
4761,102,1
4762,150,0
4763,200,0
4764,172,1
4765,170,1
4766,51,1
4767,117,1
4768,54,1
4769,84,0
4770,178,0
4771,60,1
4772,200,0
4773,103,1
4774,200,0
4775,200,0
4776,54,0
4777,200,0
4778,121,0
4779,200,0
4780,138,1
4781,200,0
4782,200,0
4783,84,0
4784,200,0
4785,11,0
4786,200,0
4787,200,0
4788,131,0
4789,200,0
4790,162,1
4791,105,1
4792,32,1
4793,50,0
4794,200,0
4795,199,1
4796,64,1
4797,186,1
4798,200,0
4799,166,1
4800,57,1
4801,157,1
4802,98,0
4803,200,0
4804,85,0
4805,44,0
4806,40,1
4807,91,0
4808,190,1
4809,34,0
4810,81,1
4811,200,0
4812,88,0
4813,107,1
4814,122,0
4815,200,0
4816,60,0
4817,200,0
4818,39,0
4819,134,1
4820,122,0
4821,62,0
4822,178,1
4823,171,1
4824,135,1
4825,71,0
4826,200,0
4827,71,0
4828,198,1
4829,200,0
4830,94,0
4831,63,0
4832,107,1
4833,140,1
4834,52,0
4835,200,0
4836,94,0
4837,200,0
4838,72,0
4839,179,1
4840,119,1
4841,169,1
4842,63,1
4843,114,0
4844,200,1
4845,200,0
4846,117,1
4847,83,1
4848,111,1
4849,20,0
4850,127,1
4851,65,0
4852,37,0
4853,131,1
4854,200,0
4855,27,1
4856,62,1
4857,200,0
4858,188,1
4859,10,0
4860,71,0
4861,109,0
4862,51,1
4863,200,0
4864,22,0
4865,98,1
4866,162,1
4867,200,0
4868,58,0
4869,99,0
4870,126,1
4871,87,1
4872,39,0
4873,25,0
4874,89,1
4875,176,1
4876,56,1
4877,61,1
4878,178,1
4879,116,0
4880,200,0
4881,169,1
4882,137,0
4883,43,1
4884,200,0
4885,79,1
4886,103,1
4887,200,0
4888,119,1
4889,128,1
4890,31,0
4891,171,1
4892,102,1
4893,39,0
4894,135,1
4895,64,0
4896,200,0
4897,75,1
4898,159,0
4899,200,0
4900,200,0
4901,200,0
4902,109,0
4903,131,1
4904,200,0
4905,57,0
4906,46,1
4907,102,1
4908,108,1
4909,200,0
4910,186,0
4911,200,0
4912,200,0
4913,52,0
4914,129,0
4915,200,0
4916,47,0
4917,200,0
4918,200,0
4919,121,0
4920,78,1
4921,101,1
4922,200,0
4923,118,1
4924,200,0
4925,200,0
4926,200,0
4927,200,0
4928,47,0
4929,200,0
4930,26,1
4931,163,0
4932,188,1
4933,143,0
4934,200,0
4935,37,0
4936,154,1
4937,23,0
4938,169,1
4939,154,1
4940,112,0
4941,200,0
4942,200,0
4943,17,0
4944,56,0
4945,52,0
4946,134,0
4947,22,0
4948,111,1
4949,28,0
4950,183,0
4951,200,0
4952,125,0
4953,200,0
4954,143,1
4955,101,0
4956,64,0
4957,162,1
4958,98,1
4959,176,0
4960,108,0
4961,167,0
4962,200,0
4963,194,1
4964,95,0
4965,179,1
4966,52,0
4967,127,0
4968,39,1
4969,56,1
4970,89,1
4971,92,0
4972,47,0
4973,28,0
4974,112,0
4975,52,0
4976,200,0
4977,53,1
4978,90,0
4979,200,0
4980,164,0
4981,200,0
4982,74,0
4983,173,1
4984,200,0
4985,192,0
4986,81,0
4987,11,0
4988,128,1
4989,98,1
4990,19,0
4991,120,1
4992,200,0
4993,105,0
4994,71,0
4995,34,0
4996,88,0
4997,71,1
4998,111,1
4999,105,1
5000,117,1
5001,58,0
5002,193,1
5003,103,1
5004,92,0
5005,129,1
5006,96,1
5007,200,0
5008,38,1
5009,48,0
5010,200,0
5011,13,0
5012,81,0
5013,42,0
5014,117,1
5015,115,1
5016,148,1
5017,64,0
5018,79,1
5019,180,0
5020,13,0
5021,200,0
5022,104,1
5023,82,0
5024,200,0
5025,200,0
5026,109,0
5027,41,0
5028,104,1
5029,171,1
5030,83,1
5031,138,1
5032,200,0
5033,122,1
5034,175,1
5035,200,0
5036,73,0
5037,116,1
5038,90,1
5039,200,0
5040,200,0
5041,25,0
5042,98,1
5043,146,1
5044,45,1
5045,59,1
5046,52,0
5047,137,1
5048,82,1
5049,146,1
5050,200,0
5051,71,0
5052,150,0
5053,146,1
5054,166,1
5055,91,1
5056,186,0
5057,65,1
5058,100,0
5059,166,0
5060,53,1
5061,200,0
5062,83,1
5063,62,1
5064,133,1
5065,200,0
5066,74,1
5067,29,0
5068,54,1
5069,60,1
5070,84,0
5071,200,0
5072,136,0
5073,200,0
5074,63,0
5075,35,1
5076,45,1
5077,200,0
5078,27,0
5079,175,1
5080,80,0
5081,142,1
5082,97,0
5083,39,0
5084,200,0
5085,200,0
5086,173,1
5087,200,0
5088,28,0
5089,200,0
5090,129,0
5091,200,0
5092,77,1
5093,200,0
5094,81,1
5095,125,0
5096,29,0
5097,101,1
5098,200,0
5099,139,0
5100,101,0
5101,83,1
5102,199,1
5103,163,1
5104,200,0
5105,200,0
5106,167,0
5107,200,0
5108,200,0
5109,159,1
5110,157,1
5111,138,1
5112,92,1
5113,156,1
5114,200,0
5115,92,1
5116,73,0
5117,143,0
5118,200,0
5119,104,1
5120,135,0
5121,200,0
5122,37,0
5123,105,1
5124,200,0
5125,183,1
5126,41,1
5127,124,1
5128,177,1
5129,121,1
5130,28,1
5131,61,1
5132,124,1
5133,17,0
5134,180,0
5135,200,0
5136,11,0
5137,70,1
5138,85,1
5139,63,1
5140,200,0
5141,116,1
5142,200,0
5143,181,1
5144,132,1
5145,148,1
5146,70,1
5147,48,1
5148,67,0
5149,131,0
5150,67,1
5151,131,1
5152,200,0
5153,79,1
5154,107,1
5155,77,1
5156,144,1
5157,183,1
5158,200,0
5159,174,0
5160,154,1
5161,33,0
5162,200,0
5163,31,1
5164,122,1
5165,46,0
5166,41,1
5167,200,0
5168,200,0
5169,200,0
5170,21,0
5171,160,1
5172,102,1
5173,57,0
5174,99,0
5175,200,0
5176,123,0
5177,200,0
5178,73,1
5179,126,1
5180,94,0
5181,200,0
5182,123,1
5183,200,0
5184,90,0
5185,185,1
5186,178,1
5187,90,0
5188,200,0
5189,120,1
5190,82,1
5191,200,1
5192,87,0
5193,178,1
5194,70,0
5195,200,0
5196,200,0
5197,200,0
5198,161,1
5199,67,0
5200,97,0
5201,46,0
5202,166,1
5203,72,0
5204,34,0
5205,92,1
5206,77,1
5207,75,0
5208,35,1
5209,189,1
5210,130,1
5211,88,1
5212,63,1
5213,67,1
5214,200,0
5215,200,0
5216,200,0
5217,40,0
5218,47,0
5219,200,0
5220,102,0
5221,200,0
5222,110,1
5223,200,0
5224,41,0
5225,141,1
5226,200,0
5227,115,1
5228,144,1
5229,95,0
5230,103,1
5231,191,0
5232,134,1
5233,200,0
5234,169,1
5235,195,1
5236,47,1
5237,69,0
5238,56,1
5239,70,1
5240,57,1
5241,33,0
5242,124,0
5243,147,0
5244,165,0
5245,158,1
5246,189,1
5247,61,1
5248,14,0
5249,194,1
5250,200,0
5251,200,0
5252,44,0
5253,149,0
5254,84,0
5255,97,1
5256,200,0
5257,54,1
5258,87,1
5259,41,1
5260,26,0
5261,160,1
5262,119,1
5263,200,0
5264,126,1
5265,126,1
5266,38,1
5267,185,1
5268,26,0
5269,200,0
5270,65,1
5271,68,0
5272,60,0
5273,80,1
5274,126,1
5275,177,1
5276,33,0
5277,179,0
5278,48,1
5279,81,1
5280,75,1
5281,42,1
5282,126,1
5283,59,1
5284,52,1
5285,67,0
5286,166,0
5287,200,0
5288,167,1
5289,23,0
5290,37,1
5291,168,1
5292,200,0
5293,105,1
5294,200,0
5295,77,1
5296,15,0
5297,197,1
5298,95,1
5299,58,1
5300,114,1
5301,200,0
5302,28,0
5303,68,1
5304,63,1
5305,128,0
5306,38,0
5307,42,1
5308,200,0
5309,83,1
5310,200,0
5311,200,0
5312,160,1
5313,44,0
5314,108,1
5315,200,0
5316,200,0
5317,106,0
5318,85,0
5319,23,0
5320,200,0
5321,200,0
5322,129,0
5323,75,0
5324,200,0
5325,200,0
5326,192,1
5327,51,0
5328,124,1
5329,110,1
5330,200,0
5331,154,1
5332,149,1
5333,200,0
5334,21,0
5335,155,0
5336,92,1
5337,52,1
5338,200,0
5339,200,0
5340,48,1
5341,132,0
5342,146,0
5343,20,0
5344,72,0
5345,53,1
5346,157,1
5347,32,1
5348,44,0
5349,82,1
5350,200,0
5351,188,1
5352,92,1
5353,96,1
5354,154,0
5355,56,1
5356,200,0
5357,106,1
5358,82,1
5359,94,1
5360,27,0
5361,200,0
5362,149,1
5363,198,1
5364,119,1
5365,101,1
5366,122,1
5367,200,0
5368,200,0
5369,81,1
5370,139,1
5371,161,1
5372,112,0
5373,173,1
5374,63,1
5375,59,1
5376,90,1
5377,74,0
5378,200,0
5379,200,0
5380,122,1
5381,97,1
5382,113,0
5383,155,1
5384,31,0
5385,200,0
5386,120,1
5387,47,1
5388,21,0
5389,200,0
5390,200,0
5391,147,1
5392,12,0
5393,46,1
5394,148,1
5395,87,1
5396,61,1
5397,84,1
5398,193,1
5399,25,0
5400,83,1
5401,45,0
5402,92,1
5403,131,1
5404,87,1
5405,109,0
5406,62,1
5407,117,1
5408,115,0
5409,138,1
5410,118,1
5411,119,1
5412,61,1
5413,200,0
5414,200,0
5415,34,1
5416,143,1
5417,68,1
5418,189,1
5419,187,1
5420,170,0
5421,153,0
5422,105,1
5423,80,0
5424,161,1
5425,200,0
5426,119,1
5427,158,1
5428,200,0
5429,103,0
5430,61,1
5431,96,1
5432,200,0
5433,102,1
5434,200,0
5435,155,1
5436,200,0
5437,186,1
5438,200,0
5439,200,0
5440,35,0
5441,158,0
5442,120,1
5443,167,1
5444,200,0
5445,200,0
5446,182,1
5447,83,0
5448,27,0
5449,200,0
5450,32,0
5451,66,1
5452,200,0
5453,95,1
5454,50,0
5455,109,1
5456,73,0
5457,94,0
5458,170,0
5459,95,1
5460,166,1
5461,200,0
5462,200,0
5463,136,1
5464,173,1
5465,71,0
5466,173,1
5467,125,0
5468,200,0
5469,50,1
5470,200,0
5471,119,1
5472,42,1
5473,93,1
5474,25,0
5475,124,1
5476,161,0
5477,152,0
5478,143,1
5479,16,0
5480,60,0
5481,33,1
5482,113,1
5483,82,1
5484,147,1
5485,198,1
5486,129,1
5487,169,0
5488,134,1
5489,116,1
5490,60,1
5491,44,1
5492,15,0
5493,200,0
5494,200,0
5495,139,0
5496,168,1
5497,200,0
5498,200,0
5499,88,1
5500,117,1
5501,200,0
5502,200,0
5503,64,0
5504,86,1
5505,52,1
5506,137,1
5507,200,0
5508,89,1
5509,37,0
5510,58,0
5511,142,1
5512,17,0
5513,83,1
5514,59,1
5515,158,1
5516,200,0
5517,93,1
5518,7,0
5519,200,0
5520,91,0
5521,132,1
5522,97,1
5523,51,1
5524,200,0
5525,150,0
5526,21,0
5527,200,0
5528,200,0
5529,111,0
5530,54,1
5531,200,0
5532,49,0
5533,200,0
5534,98,1
5535,200,0
5536,140,1
5537,63,1
5538,200,0
5539,200,0
5540,54,0
5541,82,0
5542,53,0
5543,104,0
5544,58,0
5545,60,0
5546,17,0
5547,124,1
5548,67,0
5549,137,0
5550,142,0
5551,63,1
5552,124,1
5553,200,0
5554,172,1
5555,172,1
5556,200,0
5557,133,0
5558,55,0
5559,18,0
5560,197,1
5561,76,1
5562,200,0
5563,125,0
5564,21,0
5565,200,0
5566,151,1
5567,69,1
5568,117,1
5569,200,0
5570,44,1
5571,42,0
5572,81,0
5573,91,1
5574,200,0
5575,78,0
5576,77,1
5577,66,1
5578,41,0
5579,200,0
5580,200,0
5581,200,0
5582,200,0
5583,94,1
5584,7,0
5585,8,0
5586,59,0
5587,150,1
5588,135,1
5589,200,0
5590,200,0
5591,190,0
5592,200,0
5593,200,0
5594,200,0
5595,200,0
5596,144,1
5597,70,1
5598,119,1
5599,200,0
5600,200,0
5601,200,0
5602,200,0
5603,200,0
5604,200,0
5605,22,0
5606,178,1
5607,138,1
5608,55,0
5609,85,1
5610,141,0
5611,128,1
5612,50,1
5613,198,1
5614,87,1
5615,128,1
5616,200,0
5617,181,1
5618,200,0
5619,170,1
5620,115,1
5621,182,1
5622,123,1
5623,91,1
5624,111,0
5625,123,1
5626,200,0
5627,90,1
5628,65,1
5629,47,0
5630,49,0
5631,66,1
5632,44,0
5633,30,0
5634,83,0
5635,200,0
5636,200,0
5637,72,1
5638,200,0
5639,114,0
5640,152,1
5641,76,0
5642,200,0
5643,44,1
5644,96,1
5645,60,1
5646,78,0
5647,60,1
5648,200,0
5649,200,0
5650,200,0
5651,142,1
5652,200,0
5653,28,0
5654,154,0
5655,62,0
5656,200,0
5657,198,0
5658,73,1
5659,53,1
5660,200,0
5661,130,1
5662,86,0
5663,114,0
5664,126,1
5665,95,1
5666,73,0
5667,56,0
5668,45,0
5669,64,1
5670,200,0
5671,102,1
5672,200,0
5673,67,0
5674,161,1
5675,200,0
5676,144,1
5677,200,0
5678,200,0
5679,36,1
5680,152,1
5681,141,1
5682,120,0
5683,61,0
5684,200,0
5685,77,0
5686,127,1
5687,24,0
5688,108,1
5689,200,0
5690,200,0
5691,59,0
5692,115,1
5693,200,0
5694,147,1
5695,59,0
5696,91,0
5697,34,0
5698,200,0
5699,200,0
5700,136,1
5701,91,0
5702,85,1
5703,200,0
5704,200,0
5705,69,1
5706,200,0
5707,200,0
5708,200,0
5709,63,0
5710,120,1
5711,98,1
5712,13,0
5713,47,1
5714,87,0
5715,50,1
5716,122,0
5717,200,0
5718,57,0
5719,171,1
5720,130,1
5721,64,1
5722,121,0
5723,124,1
5724,152,1
5725,166,1
5726,123,1
5727,131,1
5728,135,1
5729,25,0
5730,48,0
5731,110,0
5732,165,1
5733,200,0
5734,47,1
5735,43,0
5736,65,0
5737,175,1
5738,104,1
5739,142,1
5740,118,1
5741,199,1
5742,116,1
5743,66,1
5744,200,0
5745,126,0
5746,112,1
5747,200,0
5748,128,1
5749,86,1
5750,131,1
5751,200,0
5752,182,0
5753,111,1
5754,200,1
5755,200,0
5756,100,1
5757,127,1
5758,96,1
5759,87,1
5760,200,0
5761,100,1
5762,189,1
5763,127,1
5764,159,1
5765,200,0
5766,200,0
5767,24,1
5768,96,1
5769,11,0
5770,89,1
5771,121,0
5772,200,0
5773,23,0
5774,111,1
5775,49,1
5776,82,1
5777,200,0
5778,35,1
5779,192,1
5780,139,0
5781,52,0
5782,81,1
5783,151,0
5784,143,1
5785,200,0
5786,200,0
5787,200,0
5788,46,1
5789,180,1
5790,178,1
5791,171,1
5792,111,1
5793,200,0
5794,200,0
5795,68,0
5796,173,0
5797,38,0
5798,35,0
5799,70,0
5800,70,1
5801,72,1
5802,18,0
5803,75,1
5804,24,0
5805,41,1
5806,139,0
5807,61,1
5808,118,1
5809,132,1
5810,200,0
5811,42,0
5812,130,1
5813,97,1
5814,148,1
5815,57,1
5816,200,0
5817,76,0
5818,36,1
5819,37,0
5820,91,0
5821,110,1
5822,200,0
5823,83,1
5824,192,1
5825,131,1
5826,20,0
5827,97,1
5828,70,1
5829,200,0
5830,200,0
5831,151,0
5832,144,1
5833,198,1
5834,200,0
5835,133,1
5836,200,0
5837,196,1
5838,60,1
5839,89,0
5840,86,0
5841,118,1
5842,76,1
5843,181,1
5844,114,1
5845,200,0
5846,200,0
5847,131,1
5848,200,0
5849,72,1
5850,146,0
5851,140,1
5852,109,0
5853,151,1
5854,25,1
5855,200,0
5856,148,1
5857,59,1
5858,121,0
5859,32,0
5860,26,0
5861,80,0
5862,167,1
5863,122,1
5864,200,0
5865,200,0
5866,79,1
5867,131,0
5868,200,0
5869,178,1
5870,138,0
5871,82,1
5872,101,1
5873,200,0
5874,70,0
5875,151,0
5876,8,0
5877,200,0
5878,200,0
5879,22,0
5880,195,1
5881,200,0
5882,200,0
5883,22,0
5884,62,1
5885,131,1
5886,119,1
5887,102,0
5888,43,0
5889,122,1
5890,200,0
5891,70,1
5892,200,0
5893,200,0
5894,107,1
5895,115,1
5896,98,1
5897,115,1
5898,113,1
5899,75,1
5900,81,1
5901,101,0
5902,86,0
5903,159,0
5904,200,0
5905,127,1
5906,41,1
5907,200,0
5908,189,1
5909,158,1
5910,12,0
5911,175,1
5912,42,1
5913,47,1
5914,79,1
5915,22,0
5916,42,1
5917,79,1
5918,175,1
5919,7,0
5920,192,1
5921,153,0
5922,21,0
5923,86,1
5924,86,1
5925,64,0
5926,39,1
5927,107,1
5928,62,1
5929,32,1
5930,200,1
5931,200,0
5932,123,1
5933,79,1
5934,171,1
5935,30,0
5936,200,0
5937,200,0
5938,181,0
5939,199,1
5940,86,1
5941,200,0
5942,126,0
5943,64,0
5944,200,0
5945,172,1
5946,149,0
5947,81,1
5948,81,1
5949,200,0
5950,149,0
5951,27,0
5952,54,0
5953,200,0
5954,123,1
5955,69,0
5956,164,0
5957,22,0
5958,124,1
5959,200,0
5960,182,0
5961,135,0
5962,78,0
5963,27,0
5964,99,1
5965,200,0
5966,91,0
5967,200,0
5968,200,0
5969,20,0
5970,200,0
5971,200,0
5972,200,0
5973,52,1
5974,18,0
5975,95,0
5976,43,1
5977,200,0
5978,64,1
5979,200,0
5980,108,0
5981,113,1
5982,100,1
5983,121,1
5984,200,0
5985,129,1
5986,103,0
5987,47,1
5988,62,1
5989,80,0
5990,200,0
5991,107,1
5992,166,1
5993,136,0
5994,83,0
5995,200,0
5996,200,0
5997,131,0
5998,84,0
5999,56,0
6000,167,0
6001,152,1
6002,158,1
6003,174,1
6004,112,1
6005,55,0
6006,9,0
6007,96,1
6008,20,0
6009,182,1
6010,97,0
6011,127,1
6012,67,0
6013,78,1
6014,83,1
6015,200,0
6016,200,0
6017,200,0
6018,33,1
6019,100,0
6020,200,0
6021,46,1
6022,124,1
6023,29,0
6024,115,1
6025,90,1
6026,57,1
6027,200,0
6028,200,0
6029,185,1
6030,97,1
6031,200,0
6032,115,0
6033,46,0
6034,67,1
6035,80,1
6036,112,1
6037,82,1
6038,73,1
6039,44,0
6040,128,1
6041,147,1
6042,174,0
6043,191,1
6044,200,0
6045,138,1
6046,37,0
6047,200,0
6048,103,1
6049,62,1
6050,143,1
6051,167,1
6052,200,0
6053,97,1
6054,84,1
6055,200,0
6056,194,1
6057,88,1
6058,200,0
6059,177,0
6060,9,0
6061,88,0
6062,132,1
6063,110,1
6064,178,1
6065,136,0
6066,200,0
6067,200,0
6068,93,1
6069,73,1
6070,85,0
6071,155,0
6072,200,0
6073,136,1
6074,144,1
6075,81,0
6076,170,1
6077,56,1
6078,200,0
6079,70,1
6080,108,1
6081,78,1
6082,105,1
6083,120,1
6084,13,0
6085,142,1
6086,108,0
6087,55,1
6088,54,1
6089,26,0
6090,54,0
6091,30,1
6092,52,1
6093,200,0
6094,70,1
6095,106,1
6096,97,1
6097,200,0
6098,144,1
6099,200,0
6100,77,1
6101,102,1
6102,200,0
6103,132,0
6104,43,1
6105,130,0
6106,85,1
6107,74,0
6108,107,1
6109,134,1
6110,102,1
6111,127,1
6112,200,0
6113,103,0
6114,200,0
6115,128,1
6116,71,1
6117,66,0
6118,121,1
6119,188,1
6120,26,0
6121,78,1
6122,200,0
6123,89,1
6124,149,1
6125,88,0
6126,200,0
6127,121,0
6128,200,0
6129,200,0
6130,70,0
6131,200,0
6132,97,1
6133,200,0
6134,15,0
6135,86,0
6136,146,1
6137,200,0
6138,68,1
6139,105,1
6140,197,0
6141,142,1
6142,133,1
6143,138,1
6144,173,1
6145,65,1
6146,200,0
6147,200,0
6148,112,0
6149,64,1
6150,109,1
6151,121,1
6152,59,0
6153,200,0
6154,200,0
6155,56,1
6156,110,0
6157,117,1
6158,122,1
6159,200,0
6160,95,0
6161,200,0
6162,200,0
6163,200,0
6164,71,0
6165,26,0
6166,200,0
6167,80,0
6168,174,0
6169,148,0
6170,84,1
6171,159,1
6172,200,0
6173,125,0
6174,200,0
6175,133,1
6176,44,1
6177,97,0
6178,190,1
6179,200,0
6180,33,1
6181,200,0
6182,36,1
6183,75,1
6184,7,0
6185,28,1
6186,58,1
6187,160,1
6188,53,0
6189,123,1
6190,110,1
6191,123,1
6192,53,1
6193,26,0
6194,102,1
6195,98,1
6196,200,0
6197,158,1
6198,85,1
6199,164,1
6200,200,0
6201,32,1
6202,46,1
6203,59,0
6204,122,1
6205,178,1
6206,151,1
6207,17,0
6208,200,0
6209,107,1
6210,156,1
6211,99,1
6212,199,0
6213,200,0
6214,195,1
6215,15,0
6216,200,0
6217,200,0
6218,200,0
6219,200,0
6220,93,1
6221,170,1
6222,164,1
6223,135,1
6224,14,0
6225,200,0
6226,117,1
6227,140,0
6228,200,0
6229,96,1
6230,200,0
6231,8,0
6232,26,0
6233,200,0
6234,190,0
6235,153,1
6236,114,1
6237,67,1
6238,51,1
6239,16,0
6240,200,0
6241,142,0
6242,200,0
6243,193,1
6244,90,0
6245,28,0
6246,64,0
6247,90,1
6248,141,1
6249,137,0
6250,200,0
6251,139,0
6252,85,1
6253,119,1
6254,86,1
6255,200,0
6256,38,0
6257,165,0
6258,108,0
6259,110,1
6260,193,1
6261,152,1
6262,200,0
6263,69,1
6264,53,1
6265,132,0
6266,200,0
6267,184,1
6268,125,0
6269,68,0
6270,184,1
6271,23,0
6272,200,0
6273,81,1
6274,106,1
6275,200,0
6276,75,0
6277,200,0
6278,151,1
6279,114,1
6280,39,1
6281,102,1
6282,58,1
6283,121,1
6284,93,1
6285,82,1
6286,69,1
6287,95,1
6288,39,0
6289,14,0
6290,20,0
6291,56,1
6292,91,1
6293,200,0
6294,80,1
6295,66,1
6296,89,1
6297,88,0
6298,109,1
6299,69,1
6300,133,1
6301,200,0
6302,200,0
6303,114,1
6304,47,0
6305,101,1
6306,70,0
6307,79,1
6308,148,1
6309,77,0
6310,126,1
6311,65,1
6312,200,0
6313,200,0
6314,79,0
6315,66,0
6316,26,1
6317,52,1
6318,110,1
6319,133,1
6320,200,0
6321,146,0
6322,27,0
6323,124,1
6324,131,0
6325,200,0
6326,13,0
6327,154,1
6328,164,1
6329,95,1
6330,111,1
6331,200,0
6332,48,0
6333,89,1
6334,94,1
6335,130,1
6336,51,0
6337,41,0
6338,52,0
6339,153,1
6340,45,0
6341,50,1
6342,30,1
6343,200,0
6344,61,1
6345,200,0
6346,58,1
6347,89,1
6348,56,0
6349,128,1
6350,130,1
6351,89,1
6352,178,0
6353,200,0
6354,106,1
6355,64,1
6356,64,1
6357,200,0
6358,200,0
6359,178,1
6360,200,1
6361,81,1
6362,149,1
6363,51,1
6364,200,0
6365,200,0
6366,77,0
6367,200,0
6368,142,0
6369,86,1
6370,161,1
6371,89,0
6372,25,0
6373,90,0
6374,200,0
6375,104,0
6376,96,1
6377,143,1
6378,148,0
6379,125,1
6380,188,1
6381,48,1
6382,52,1
6383,35,1
6384,30,1
6385,56,0
6386,183,1
6387,58,1
6388,200,0
6389,88,1
6390,87,1
6391,38,1
6392,98,1
6393,200,0
6394,200,0
6395,154,1
6396,35,0
6397,53,0
6398,200,0
6399,200,0
6400,105,1
6401,74,1
6402,31,1
6403,200,0
6404,200,0
6405,150,1
6406,89,0
6407,114,1
6408,144,1
6409,127,1
6410,194,0
6411,130,1
6412,86,0
6413,134,1
6414,119,1
6415,122,1
6416,81,1
6417,200,0
6418,105,0
6419,33,0
6420,104,1
6421,200,0
6422,200,0
6423,147,1
6424,200,0
6425,144,1
6426,73,1
6427,136,1
6428,134,1
6429,166,1
6430,23,0
6431,53,0
6432,42,0
6433,172,1
6434,97,0
6435,22,0
6436,39,0
6437,29,0
6438,64,0
6439,200,0
6440,143,0
6441,118,1
6442,123,0
6443,125,1
6444,59,1
6445,42,0
6446,200,0
6447,96,1
6448,40,0
6449,63,1
6450,104,1
6451,141,0
6452,37,1
6453,169,1
6454,122,1
6455,124,1
6456,89,1
6457,180,1
6458,200,0
6459,93,0
6460,200,0
6461,200,0
6462,13,0
6463,40,0
6464,193,1
6465,117,1
6466,62,1
6467,200,0
6468,31,1
6469,200,0
6470,71,1
6471,46,1
6472,125,0
6473,74,0
6474,60,1
6475,200,0
6476,38,0
6477,185,1
6478,200,0
6479,81,0
6480,147,1
6481,171,1
6482,86,0
6483,200,0
6484,200,0
6485,200,0
6486,91,1
6487,117,1
6488,200,0
6489,90,0
6490,58,0
6491,78,1
6492,200,0
6493,192,0
6494,100,0
6495,200,0
6496,200,0
6497,188,1
6498,10,0
6499,200,0
6500,200,0
6501,118,1
6502,40,1
6503,154,1
6504,18,0
6505,63,1
6506,74,1
6507,69,1
6508,76,1
6509,31,0
6510,38,1
6511,200,0
6512,67,1
6513,111,1
6514,70,0
6515,111,1
6516,200,0
6517,47,0
6518,97,1
6519,184,1
6520,157,1
6521,118,1
6522,112,1
6523,121,1
6524,106,0
6525,200,0
6526,71,1
6527,116,1
6528,74,1
6529,140,1
6530,200,0
6531,200,0
6532,81,1
6533,9,0
6534,200,0
6535,120,1
6536,7,0
6537,32,1
6538,21,0
6539,96,1
6540,143,1
6541,200,0
6542,84,1
6543,44,1
6544,76,1
6545,70,0
6546,40,0
6547,151,1
6548,200,0
6549,34,1
6550,200,0
6551,164,1
6552,157,1
6553,200,0
6554,192,1
6555,92,1
6556,116,1
6557,58,0
6558,118,1
6559,74,0
6560,67,1
6561,64,1
6562,151,1
6563,102,0
6564,104,1
6565,73,1
6566,164,1
6567,95,1
6568,45,1
6569,200,0
6570,171,1
6571,64,0
6572,45,0
6573,171,1
6574,200,0
6575,131,1
6576,200,0
6577,190,0
6578,129,1
6579,200,0
6580,200,0
6581,200,0
6582,121,0
6583,143,1
6584,200,0
6585,200,0
6586,200,0
6587,200,0
6588,90,1
6589,200,0
6590,200,0
6591,30,0
6592,41,0
6593,200,0
6594,101,1
6595,185,0
6596,187,0
6597,119,1
6598,66,1
6599,117,1
6600,109,1
6601,117,1
6602,183,0
6603,200,0
6604,200,0
6605,155,0
6606,31,0
6607,200,0
6608,200,0
6609,200,0
6610,200,0
6611,51,1
6612,197,1
6613,150,1
6614,115,0
6615,59,0
6616,200,0
6617,125,1
6618,200,0
6619,100,1
6620,180,1
6621,31,0
6622,42,1
6623,172,0
6624,99,1
6625,149,1
6626,93,0
6627,185,1
6628,32,1
6629,122,1
6630,155,0
6631,182,0
6632,200,0
6633,147,1
6634,44,1
6635,143,1
6636,197,1
6637,66,0
6638,37,0
6639,105,0
6640,11,0
6641,64,0
6642,68,1
6643,200,0
6644,200,0
6645,100,1
6646,200,0
6647,100,1
6648,110,0
6649,104,1
6650,53,1
6651,34,0
6652,73,1
6653,48,0
6654,178,1
6655,79,0
6656,159,1
6657,140,1
6658,200,0
6659,41,0
6660,168,1
6661,163,1
6662,91,0
6663,93,1
6664,70,1
6665,178,1
6666,200,0
6667,200,0
6668,63,1
6669,74,0
6670,81,1
6671,87,1
6672,80,1
6673,200,0
6674,73,1
6675,133,0
6676,114,1
6677,27,0
6678,59,0
6679,107,1
6680,56,1
6681,117,0
6682,200,0
6683,48,0
6684,46,1
6685,87,1
6686,200,0
6687,200,0
6688,50,1
6689,200,0
6690,83,1
6691,200,0
6692,152,1
6693,196,1
6694,200,0
6695,165,1
6696,200,0
6697,55,0
6698,200,0
6699,200,0
6700,138,1
6701,179,1
6702,55,1
6703,54,0
6704,35,0
6705,200,0
6706,33,0
6707,139,1
6708,71,0
6709,200,0
6710,79,0
6711,200,0
6712,70,0
6713,200,0
6714,90,1
6715,104,1
6716,135,1
6717,200,0
6718,69,1
6719,200,0
6720,128,0
6721,88,0
6722,118,1
6723,161,1
6724,132,1
6725,167,1
6726,200,0
6727,118,0
6728,49,1
6729,200,0
6730,45,0
6731,200,0
6732,123,1
6733,85,0
6734,200,0
6735,98,0
6736,22,0
6737,144,1
6738,200,0
6739,63,1
6740,99,1
6741,91,0
6742,60,0
6743,200,0
6744,52,1
6745,200,0
6746,79,1
6747,200,0
6748,200,0
6749,159,1
6750,200,0
6751,158,1
6752,101,1
6753,94,0
6754,83,0
6755,97,0
6756,109,1
6757,76,1
6758,151,1
6759,109,0
6760,116,1
6761,61,0
6762,200,0
6763,161,1
6764,102,1
6765,187,1
6766,96,1
6767,174,1
6768,122,1
6769,100,1
6770,200,0
6771,200,0
6772,200,0
6773,75,1
6774,37,1
6775,71,1
6776,116,0
6777,58,1
6778,161,0
6779,41,1
6780,37,0
6781,143,1
6782,140,1
6783,47,1
6784,146,1
6785,200,0
6786,128,0
6787,200,0
6788,78,0
6789,194,1
6790,18,0
6791,14,0
6792,74,1
6793,56,1
6794,200,0
6795,91,0
6796,166,1
6797,65,1
6798,94,1
6799,68,0
6800,49,1
6801,167,1
6802,188,1
6803,138,0
6804,81,1
6805,162,1
6806,169,1
6807,155,0
6808,68,1
6809,49,1
6810,128,1
6811,87,1
6812,176,1
6813,102,1
6814,112,1
6815,200,0
6816,40,1
6817,200,0
6818,200,0
6819,35,1
6820,200,0
6821,56,1
6822,83,1
6823,94,1
6824,118,1
6825,200,0
6826,152,1
6827,200,0
6828,111,1
6829,98,1
6830,101,1
6831,64,1
6832,94,1
6833,161,1
6834,200,0
6835,178,0
6836,71,1
6837,200,0
6838,109,1
6839,42,1
6840,85,1
6841,50,0
6842,48,1
6843,131,1
6844,93,1
6845,96,0
6846,200,0
6847,199,1
6848,73,1
6849,159,1
6850,200,0
6851,200,0
6852,84,1
6853,129,1
6854,200,0
6855,200,0
6856,75,0
6857,16,0
6858,200,0
6859,200,0
6860,99,1
6861,198,0
6862,200,0
6863,114,1
6864,123,0
6865,59,1
6866,200,0
6867,200,0
6868,200,0
6869,146,1
6870,187,1
6871,127,1
6872,44,0
6873,200,0
6874,105,1
6875,54,0
6876,105,1
6877,164,1
6878,26,0
6879,115,1
6880,38,0
6881,200,0
6882,14,0
6883,200,0
6884,56,0
6885,34,1
6886,110,1
6887,103,0
6888,200,0
6889,148,1
6890,200,0
6891,61,1
6892,200,0
6893,110,1
6894,70,1
6895,15,0
6896,177,1
6897,57,0
6898,200,0
6899,158,1
6900,177,1
6901,162,1
6902,200,0
6903,129,1
6904,89,0
6905,200,0
6906,148,1
6907,180,1
6908,42,0
6909,50,0
6910,101,0
6911,84,1
6912,112,1
6913,200,0
6914,135,0
6915,95,1
6916,169,1
6917,200,0
6918,61,1
6919,109,1
6920,93,1
6921,96,0
6922,200,0
6923,119,1
6924,79,1
6925,148,1
6926,67,0
6927,200,0
6928,44,0
6929,39,1
6930,149,1
6931,92,1
6932,51,1
6933,158,1
6934,95,0
6935,63,0
6936,100,1
6937,200,0
6938,147,1
6939,127,1
6940,200,0
6941,37,0
6942,112,1
6943,164,1
6944,64,1
6945,200,0
6946,98,1
6947,200,0
6948,200,0
6949,64,1
6950,200,0
6951,121,1
6952,165,1
6953,134,0
6954,200,0
6955,143,1
6956,82,0
6957,139,1
6958,132,1
6959,40,0
6960,200,0
6961,200,0
6962,118,1
6963,200,0
6964,52,0
6965,131,0
6966,200,0
6967,110,1
6968,71,0
6969,20,0
6970,188,1
6971,93,0
6972,118,1
6973,160,0
6974,110,1
6975,200,0
6976,186,1
6977,38,1
6978,89,0
6979,200,0
6980,200,0
6981,76,1
6982,200,0
6983,15,0
6984,7,0
6985,200,0
6986,51,1
6987,98,1
6988,180,1
6989,200,0
6990,104,1
6991,46,1
6992,24,0
6993,200,0
6994,200,0
6995,157,0
6996,184,0
6997,200,0
6998,104,1
6999,183,1
7000,200,0
7001,109,1
7002,97,1
7003,77,0
7004,77,1
7005,64,1
7006,123,1
7007,63,1
7008,136,1
7009,110,1
7010,97,0
7011,26,0
7012,104,0
7013,25,0
7014,200,0
7015,43,1
7016,68,0
7017,16,0
7018,89,1
7019,175,1
7020,200,0
7021,68,1
7022,151,1
7023,158,0
7024,153,1
7025,77,1
7026,117,1
7027,76,0
7028,122,1
7029,15,0
7030,118,1
7031,113,1
7032,200,0
7033,43,0
7034,76,0
7035,194,1
7036,113,1
7037,170,1
7038,197,0
7039,169,1
7040,200,0
7041,188,0
7042,200,0
7043,200,0
7044,152,1
7045,195,1
7046,167,1
7047,89,1
7048,121,0
7049,80,0
7050,84,1
7051,200,0
7052,92,1
7053,65,1
7054,55,0
7055,78,1
7056,63,0
7057,155,0
7058,54,1
7059,102,1
7060,172,1
7061,194,1
7062,89,1
7063,200,0
7064,83,1
7065,40,0
7066,87,1
7067,182,1
7068,62,1
7069,57,1
7070,107,1
7071,200,0
7072,45,1
7073,76,1
7074,79,0
7075,181,1
7076,124,1
7077,22,0
7078,142,1
7079,152,1
7080,189,0
7081,124,1
7082,122,1
7083,91,1
7084,21,0
7085,200,0
7086,132,1
7087,106,1
7088,31,1
7089,110,1
7090,58,1
7091,95,1
7092,145,1
7093,39,1
7094,142,0
7095,200,0
7096,200,0
7097,63,1
7098,29,1
7099,105,1
7100,82,1
7101,14,0
7102,101,1
7103,171,1
7104,101,0
7105,124,0
7106,87,0
7107,139,1
7108,92,0
7109,118,1
7110,200,0
7111,88,1
7112,13,0
7113,41,1
7114,200,0
7115,73,1
7116,127,1
7117,200,0
7118,200,0
7119,190,1
7120,97,1
7121,200,0
7122,200,0
7123,200,0
7124,200,0
7125,52,1
7126,120,1
7127,91,1
7128,200,0
7129,200,0
7130,94,0
7131,65,1
7132,51,0
7133,108,1
7134,188,1
7135,31,0
7136,22,0
7137,200,0
7138,32,1
7139,103,1
7140,34,0
7141,43,0
7142,159,1
7143,158,1
7144,200,0
7145,87,1
7146,95,1
7147,168,1
7148,19,0
7149,73,1
7150,25,1
7151,31,1
7152,176,1
7153,72,1
7154,200,0
7155,87,0
7156,200,0
7157,52,1
7158,200,0
7159,41,0
7160,169,1
7161,93,1
7162,90,0
7163,86,1
7164,55,1
7165,109,1
7166,37,1
7167,200,0
7168,73,0
7169,200,0
7170,200,0
7171,200,0
7172,65,1
7173,124,1
7174,200,0
7175,130,1
7176,200,0
7177,125,1
7178,200,0
7179,124,1
7180,28,0
7181,117,0
7182,24,0
7183,193,1
7184,143,1
7185,200,0
7186,104,1
7187,171,1
7188,200,0
7189,10,0
7190,200,0
7191,65,1
7192,78,0
7193,100,1
7194,63,1
7195,200,0
7196,118,1
7197,128,1
7198,99,1
7199,200,0
7200,135,0
7201,117,1
7202,199,1
7203,200,0
7204,97,1
7205,111,1
7206,142,1
7207,108,0
7208,125,1
7209,197,1
7210,162,0
7211,127,1
7212,177,1
7213,31,1
7214,127,1
7215,107,1
7216,144,1
7217,73,0
7218,58,1
7219,15,0
7220,91,0
7221,62,1
7222,200,0
7223,83,1
7224,134,1
7225,64,1
7226,112,1
7227,23,0
7228,156,1
7229,16,0
7230,71,1
7231,200,0
7232,98,1
7233,61,1
7234,138,1
7235,36,0
7236,97,1
7237,40,1
7238,200,0
7239,101,0
7240,97,1
7241,119,1
7242,68,1
7243,138,0
7244,126,1
7245,111,1
7246,200,0
7247,92,1
7248,92,1
7249,79,0
7250,136,1
7251,200,0
7252,37,1
7253,154,1
7254,126,1
7255,120,1
7256,200,0
7257,181,1
7258,186,1
7259,175,1
7260,125,1
7261,46,1
7262,117,1
7263,62,1
7264,140,1
7265,200,0
7266,101,1
7267,103,1
7268,62,0
7269,60,1
7270,148,1
7271,20,0
7272,69,1
7273,187,0
7274,73,1
7275,36,0
7276,67,1
7277,80,1
7278,127,0
7279,52,1
7280,200,0
7281,183,1
7282,200,0
7283,92,1
7284,66,0
7285,143,1
7286,93,0
7287,29,1
7288,116,0
7289,156,0
7290,62,1
7291,78,1
7292,200,0
7293,31,1
7294,200,0
7295,79,1
7296,200,0
7297,200,0
7298,52,1
7299,127,1
7300,140,1
7301,200,0
7302,125,0
7303,200,0
7304,9,0
7305,79,1
7306,142,1
7307,200,0
7308,72,1
7309,110,0
7310,55,1
7311,99,1
7312,96,1
7313,200,0
7314,178,1
7315,127,1
7316,121,0
7317,179,0
7318,200,0
7319,19,0
7320,93,0
7321,94,1
7322,158,0
7323,200,0
7324,163,1
7325,153,1
7326,144,1
7327,94,1
7328,169,1
7329,63,0
7330,48,0
7331,75,1
7332,78,1
7333,200,0
7334,200,0
7335,74,1
7336,89,1
7337,31,0
7338,200,0
7339,108,1
7340,158,1
7341,193,1
7342,200,0
7343,154,1
7344,200,0
7345,75,1
7346,143,1
7347,48,1
7348,89,0
7349,200,0
7350,140,1
7351,132,1
7352,132,0
7353,175,0
7354,127,1
7355,200,0
7356,44,0
7357,161,1
7358,200,0
7359,200,0
7360,145,1
7361,164,1
7362,194,1
7363,67,1
7364,93,1
7365,128,0
7366,200,0
7367,132,1
7368,200,0
7369,200,0
7370,76,0
7371,102,1
7372,57,1
7373,36,0
7374,76,0
7375,105,1
7376,78,1
7377,65,1
7378,200,0
7379,44,1
7380,70,1
7381,59,1
7382,113,0
7383,110,1
7384,25,0
7385,143,1
7386,52,1
7387,92,0
7388,60,0
7389,65,1
7390,121,1
7391,136,1
7392,137,1
7393,55,1
7394,51,1
7395,37,1
7396,199,0
7397,34,0
7398,167,1
7399,88,1
7400,136,1
7401,45,1
7402,92,1
7403,85,0
7404,56,0
7405,200,0
7406,200,0
7407,123,1
7408,106,1
7409,54,1
7410,190,1
7411,200,0
7412,143,1
7413,47,0
7414,157,1
7415,108,1
7416,8,0
7417,81,1
7418,72,0
7419,195,1
7420,41,1
7421,172,1
7422,200,0
7423,129,1
7424,67,0
7425,200,0
7426,155,1
7427,163,1
7428,81,0
7429,58,1
7430,200,0
7431,200,0
7432,183,0
7433,200,0
7434,60,0
7435,34,0
7436,109,1
7437,15,0
7438,200,0
7439,200,0
7440,115,0
7441,191,0
7442,200,0
7443,193,1
7444,124,1
7445,200,0
7446,200,0
7447,200,0
7448,200,0
7449,121,0
7450,125,1
7451,200,0
7452,150,1
7453,200,0
7454,49,1
7455,52,1
7456,44,1
7457,24,0
7458,165,1
7459,145,1
7460,76,1
7461,102,1
7462,112,1
7463,96,0
7464,132,0
7465,68,1
7466,54,1
7467,84,1
7468,200,0
7469,200,0
7470,200,0
7471,59,1
7472,200,0
7473,21,0
7474,200,0
7475,114,1
7476,34,1
7477,15,0
7478,200,0
7479,156,1
7480,27,0
7481,9,0
7482,141,1
7483,110,1
7484,68,1
7485,86,1
7486,200,0
7487,200,0
7488,200,0
7489,200,0
7490,200,0
7491,30,0
7492,187,0
7493,200,0
7494,198,1
7495,17,0
7496,8,0
7497,200,0
7498,182,0
7499,200,0
7500,109,0
7501,125,1
7502,109,1
7503,107,1
7504,146,1
7505,50,0
7506,135,1
7507,153,0
7508,17,0
7509,48,0
7510,130,1
7511,113,1
7512,161,1
7513,92,1
7514,132,1
7515,200,0
7516,96,1
7517,143,0
7518,200,0
7519,191,1
7520,98,1
7521,200,0
7522,62,1
7523,95,1
7524,200,0
7525,61,1
7526,175,0
7527,126,0
7528,142,1
7529,200,0
7530,51,1
7531,200,0
7532,116,1
7533,58,1
7534,56,1
7535,120,1
7536,67,0
7537,137,0
7538,108,1
7539,29,0
7540,28,0
7541,88,1
7542,200,0
7543,62,1
7544,55,1
7545,104,1
7546,31,0
7547,84,1
7548,98,1
7549,200,0
7550,200,0
7551,162,0
7552,60,0
7553,200,0
7554,48,1
7555,200,0
7556,140,1
7557,200,0
7558,30,0
7559,183,1
7560,82,0
7561,125,1
7562,92,1
7563,94,1
7564,114,1
7565,114,1
7566,128,1
7567,112,1
7568,76,1
7569,92,1
7570,52,1
7571,50,1
7572,200,0
7573,63,1
7574,24,0
7575,160,0
7576,53,0
7577,82,1
7578,108,1
7579,130,1
7580,143,1
7581,200,0
7582,45,1
7583,76,1
7584,153,1
7585,136,1
7586,174,1
7587,35,0
7588,131,1
7589,53,0
7590,100,1
7591,194,1
7592,200,0
7593,112,1
7594,200,0
7595,72,1
7596,121,1
7597,43,1
7598,184,1
7599,178,1
7600,161,1
7601,159,1
7602,77,1
7603,80,1
7604,47,1
7605,115,1
7606,79,1
7607,117,1
7608,63,1
7609,80,0
7610,52,1
7611,82,1
7612,116,1
7613,186,1
7614,99,1
7615,84,0
7616,200,0
7617,52,0
7618,200,0
7619,200,0
7620,145,1
7621,72,1
7622,51,0
7623,200,0
7624,174,1
7625,129,1
7626,150,1
7627,95,1
7628,200,0
7629,200,0
7630,82,1
7631,66,0
7632,197,1
7633,147,1
7634,200,0
7635,116,1
7636,200,0
7637,140,1
7638,128,1
7639,162,1
7640,62,1
7641,83,1
7642,56,0
7643,118,1
7644,20,0
7645,148,0
7646,129,0
7647,15,0
7648,44,1
7649,200,0
7650,186,1
7651,200,0
7652,159,1
7653,179,1
7654,200,0
7655,127,1
7656,200,0
7657,148,1
7658,200,0
7659,200,0
7660,200,0
7661,81,1
7662,60,1
7663,107,0
7664,68,1
7665,80,1
7666,37,1
7667,200,0
7668,93,1
7669,200,0
7670,200,0
7671,79,0
7672,43,1
7673,119,1
7674,200,0
7675,176,1
7676,55,0
7677,33,1
7678,71,1
7679,100,1
7680,129,1
7681,86,0
7682,156,1
7683,116,0
7684,185,1
7685,11,0
7686,40,1
7687,150,1
7688,23,0
7689,84,0
7690,59,1
7691,200,0
7692,67,0
7693,9,0
7694,136,1
7695,200,0
7696,69,1
7697,89,1
7698,125,0
7699,57,1
7700,102,1
7701,181,1
7702,197,1
7703,200,0
7704,156,1
7705,53,0
7706,70,1
7707,9,0
7708,78,1
7709,61,0
7710,123,0
7711,29,1
7712,54,1
7713,200,0
7714,200,0
7715,132,1
7716,47,1
7717,189,1
7718,102,1
7719,181,1
7720,200,0
7721,67,1
7722,36,0
7723,115,1
7724,136,1
7725,133,1
7726,23,0
7727,71,1
7728,96,1
7729,200,0
7730,83,1
7731,200,0
7732,200,0
7733,98,1
7734,64,1
7735,84,1
7736,113,1
7737,89,1
7738,200,0
7739,74,0
7740,200,0
7741,179,1
7742,100,1
7743,136,1
7744,33,0
7745,64,0
7746,80,1
7747,88,1
7748,39,0
7749,200,0
7750,114,1
7751,200,0
7752,138,1
7753,112,1
7754,59,1
7755,133,0
7756,183,0
7757,95,1
7758,18,0
7759,153,1
7760,156,1
7761,32,0
7762,80,1
7763,123,1
7764,58,1
7765,108,1
7766,159,0
7767,54,1
7768,200,0
7769,87,1
7770,104,1
7771,161,1
7772,58,1
7773,44,0
7774,86,1
7775,107,1
7776,42,0
7777,132,1
7778,52,0
7779,152,1
7780,200,0
7781,113,1
7782,200,0
7783,139,0
7784,13,0
7785,81,1
7786,52,1
7787,200,0
7788,50,0
7789,200,0
7790,200,0
7791,95,0
7792,200,0
7793,113,1
7794,97,1
7795,200,0
7796,198,1
7797,39,0
7798,77,1
7799,167,1
7800,200,0
7801,148,0
7802,133,1
7803,60,1
7804,200,0
7805,200,0
7806,200,0
7807,200,0
7808,72,1
7809,56,1
7810,147,1
7811,46,0
7812,21,0
7813,182,1
7814,192,1
7815,124,1
7816,59,1
7817,86,0
7818,200,0
7819,156,1
7820,60,1
7821,133,1
7822,125,1
7823,81,1
7824,145,1
7825,33,1
7826,141,1
7827,36,1
7828,168,1
7829,70,1
7830,129,1
7831,188,1
7832,154,0
7833,81,1
7834,124,1
7835,32,0
7836,77,0
7837,87,1
7838,161,1
7839,81,0
7840,200,0
7841,40,0
7842,38,0
7843,112,1
7844,200,0
7845,83,1
7846,10,0
7847,109,1
7848,125,1
7849,142,1
7850,54,0
7851,200,0
7852,200,0
7853,104,1
7854,200,0
7855,78,1
7856,171,1
7857,200,0
7858,200,0
7859,172,0
7860,118,1
7861,164,1
7862,115,0
7863,164,1
7864,61,0
7865,22,0
7866,145,1
7867,121,1
7868,195,1
7869,200,0
7870,200,0
7871,200,0
7872,200,0
7873,200,0
7874,140,1
7875,200,0
7876,91,1
7877,33,0
7878,172,0
7879,200,0
7880,172,0
7881,162,1
7882,200,0
7883,58,1
7884,200,0
7885,71,0
7886,75,0
7887,152,1
7888,71,1
7889,200,0
7890,200,0
7891,52,1
7892,162,1
7893,139,1
7894,23,1
7895,21,0
7896,186,1
7897,130,1
7898,107,1
7899,90,1
7900,93,1
7901,102,1
7902,102,1
7903,28,0
7904,126,1
7905,97,1
7906,41,0
7907,178,1
7908,101,0
7909,127,0
7910,36,0
7911,40,1
7912,46,0
7913,123,1
7914,200,0
7915,34,0
7916,78,1
7917,32,0
7918,67,0
7919,100,1
7920,200,0
7921,81,1
7922,75,1
7923,98,1
7924,81,1
7925,159,1
7926,135,1
7927,80,1
7928,158,1
7929,95,1
7930,200,0
7931,69,0
7932,80,1
7933,123,1
7934,19,1
7935,96,0
7936,58,0
7937,17,0
7938,200,0
7939,163,1
7940,200,0
7941,46,0
7942,73,1
7943,135,1
7944,104,1
7945,192,1
7946,165,0
7947,61,1
7948,66,0
7949,116,0
7950,13,0
7951,200,0
7952,172,0
7953,137,1
7954,60,1
7955,161,1
7956,98,1
7957,200,0
7958,113,1
7959,159,0
7960,128,1
7961,55,1
7962,42,1
7963,57,1
7964,200,0
7965,74,1
7966,88,1
7967,80,1
7968,116,0
7969,200,0
7970,200,0
7971,200,0
7972,195,1
7973,41,1
7974,127,0
7975,200,0
7976,200,0
7977,129,0
7978,145,1
7979,200,0
7980,56,1
7981,106,1
7982,200,0
7983,200,0
7984,200,0
7985,200,1
7986,162,1
7987,115,1
7988,200,0
7989,78,1
7990,196,1
7991,200,0
7992,106,1
7993,200,0
7994,65,1
7995,149,1
7996,53,1
7997,43,0
7998,120,0
7999,174,0
8000,46,1
8001,157,0
8002,200,0
8003,160,1
8004,103,1
8005,73,1
8006,106,1
8007,144,1
8008,190,1
8009,95,0
8010,200,0
8011,200,0
8012,145,0
8013,200,0
8014,200,0
8015,114,1
8016,87,1
8017,200,0
8018,95,1
8019,105,0
8020,117,1
8021,154,0
8022,200,0
8023,200,0
8024,200,0
8025,38,1
8026,200,0
8027,160,1
8028,200,0
8029,63,1
8030,152,0
8031,200,0
8032,102,1
8033,103,0
8034,25,0
8035,23,0
8036,85,1
8037,184,1
8038,45,1
8039,81,0
8040,104,1
8041,126,1
8042,200,0
8043,126,0
8044,113,1
8045,200,0
8046,80,1
8047,200,0
8048,171,1
8049,40,0
8050,23,0
8051,191,1
8052,193,1
8053,114,1
8054,200,0
8055,124,1
8056,133,1
8057,146,0
8058,200,0
8059,58,0
8060,119,0
8061,105,1
8062,51,1
8063,100,1
8064,83,1
8065,200,0
8066,187,1
8067,200,0
8068,36,1
8069,114,0
8070,192,0
8071,15,0
8072,10,0
8073,85,1
8074,31,0
8075,200,0
8076,100,1
8077,57,1
8078,58,1
8079,200,0
8080,139,1
8081,200,0
8082,159,1
8083,78,1
8084,112,1
8085,95,0
8086,73,1
8087,68,0
8088,63,1
8089,60,1
8090,200,0
8091,91,1
8092,164,1
8093,46,0
8094,93,1
8095,75,0
8096,79,1
8097,89,1
8098,98,1
8099,144,1
8100,62,1
8101,110,1
8102,200,0
8103,153,1
8104,59,1
8105,73,1
8106,127,1
8107,123,1
8108,183,1
8109,67,0
8110,55,1
8111,76,0
8112,154,1
8113,78,1
8114,115,1
8115,125,1
8116,41,1
8117,200,0
8118,57,1
8119,73,1
8120,71,0
8121,48,0
8122,52,1
8123,116,0
8124,177,0
8125,200,0
8126,200,0
8127,21,0
8128,200,0
8129,158,0
8130,200,0
8131,117,1
8132,200,0
8133,200,0
8134,155,1
8135,200,0
8136,75,1
8137,104,1
8138,200,0
8139,58,0
8140,143,1
8141,15,0
8142,200,0
8143,168,0
8144,200,0
8145,152,1
8146,64,1
8147,110,1
8148,136,0
8149,53,0
8150,184,1
8151,200,0
8152,61,1
8153,69,1
8154,110,0
8155,192,1
8156,200,0
8157,179,1
8158,111,1
8159,169,1
8160,132,1
8161,61,1
8162,87,0
8163,71,1
8164,139,0
8165,187,1
8166,52,1
8167,128,1
8168,200,0
8169,115,1
8170,103,1
8171,51,1
8172,12,0
8173,75,1
8174,200,0
8175,195,1
8176,173,1
8177,122,1
8178,15,0
8179,59,0
8180,58,1
8181,89,0
8182,183,1
8183,9,0
8184,106,0
8185,164,1
8186,20,0
8187,200,0
8188,55,0
8189,95,1
8190,60,1
8191,165,1
8192,200,0
8193,86,1
8194,200,0
8195,200,0
8196,76,1
8197,11,0
8198,105,0
8199,169,1
8200,192,1
8201,200,0
8202,45,1
8203,200,0
8204,115,1
8205,126,1
8206,79,1
8207,44,0
8208,115,1
8209,49,1
8210,200,0
8211,100,1
8212,102,1
8213,41,0
8214,72,1
8215,61,0
8216,42,0
8217,200,0
8218,43,0
8219,82,1
8220,59,0
8221,91,1
8222,123,1
8223,59,1
8224,131,1
8225,49,1
8226,173,1
8227,194,1
8228,33,0
8229,151,0
8230,33,0
8231,45,1
8232,37,1
8233,47,1
8234,114,0
8235,147,1
8236,66,0
8237,65,1
8238,200,0
8239,200,0
8240,81,1
8241,116,1
8242,99,1
8243,99,1
8244,67,1
8245,103,0
8246,49,1
8247,124,1
8248,52,0
8249,73,0
8250,194,1
8251,42,0
8252,99,1
8253,106,1
8254,127,1
8255,46,1
8256,90,1
8257,200,0
8258,122,0
8259,32,0
8260,121,1
8261,192,1
8262,67,1
8263,91,1
8264,200,0
8265,29,1
8266,200,0
8267,43,1
8268,17,0
8269,200,0
8270,40,1
8271,96,1
8272,101,1
8273,156,1
8274,144,1
8275,133,0
8276,200,0
8277,22,0
8278,163,1
8279,81,1
8280,200,0
8281,200,0
8282,200,0
8283,190,1
8284,200,0
8285,122,1
8286,67,1
8287,72,1
8288,200,0
8289,102,0
8290,178,1
8291,99,1
8292,113,1
8293,200,0
8294,74,1
8295,187,1
8296,59,0
8297,112,1
8298,118,1
8299,169,1
8300,37,0
8301,200,0
8302,176,1
8303,123,0
8304,158,1
8305,200,0
8306,200,0
8307,39,0
8308,39,1
8309,65,1
8310,200,0
8311,24,0
8312,200,0
8313,134,1
8314,38,1
8315,116,1
8316,22,0
8317,174,1
8318,186,1
8319,200,0
8320,197,1
8321,200,0
8322,200,0
8323,50,0
8324,100,1
8325,158,1
8326,87,1
8327,200,0
8328,176,1
8329,128,0
8330,155,1
8331,11,0
8332,200,0
8333,63,1
8334,93,1
8335,200,0
8336,109,1
8337,200,0
8338,81,1
8339,153,1
8340,20,0
8341,27,0
8342,55,1
8343,31,1
8344,200,0
8345,134,1
8346,19,0
8347,79,1
8348,34,0
8349,54,1
8350,106,1
8351,120,1
8352,138,0
8353,16,0
8354,98,1
8355,38,1
8356,84,1
8357,146,1
8358,156,1
8359,35,1
8360,79,0
8361,117,0
8362,70,0
8363,81,1
8364,107,0
8365,200,0
8366,161,1
8367,97,1
8368,200,0
8369,61,1
8370,80,1
8371,37,1
8372,94,1
8373,65,1
8374,70,1
8375,67,1
8376,104,1
8377,186,1
8378,38,0
8379,91,1
8380,140,1
8381,72,1
8382,70,1
8383,48,0
8384,105,1
8385,97,1
8386,46,0
8387,200,0
8388,65,1
8389,41,1
8390,55,1
8391,41,1
8392,200,0
8393,152,0
8394,100,1
8395,95,1
8396,94,1
8397,52,1
8398,173,1
8399,142,1
8400,88,0
8401,92,0
8402,110,1
8403,136,1
8404,67,1
8405,200,0
8406,85,1
8407,105,1
8408,200,0
8409,200,0
8410,116,0
8411,83,1
8412,68,1
8413,158,1
8414,91,1
8415,148,1
8416,86,1
8417,186,0
8418,150,1
8419,186,1
8420,21,0
8421,165,1
8422,92,1
8423,103,1
8424,165,0
8425,176,1
8426,186,1
8427,115,1
8428,200,0
8429,117,1
8430,47,1
8431,200,0
8432,173,0
8433,159,1
8434,63,1
8435,170,1
8436,44,1
8437,148,1
8438,100,1
8439,34,1
8440,179,1
8441,113,1
8442,95,1
8443,28,1
8444,158,0
8445,22,0
8446,200,0
8447,166,1
8448,134,1
8449,85,0
8450,80,1
8451,83,1
8452,200,0
8453,61,1
8454,60,0
8455,151,1
8456,200,0
8457,145,1
8458,45,1
8459,143,0
8460,128,1
8461,28,0
8462,32,1
8463,196,1
8464,150,0
8465,105,1
8466,21,0
8467,200,0
8468,145,1
8469,200,0
8470,81,0
8471,134,1
8472,167,1
8473,27,0
8474,200,0
8475,141,1
8476,181,1
8477,120,1
8478,200,0
8479,63,1
8480,197,1
8481,99,1
8482,145,1
8483,200,0
8484,62,1
8485,134,0
8486,69,1
8487,160,1
8488,200,0
8489,157,1
8490,141,1
8491,92,1
8492,58,0
8493,119,1
8494,200,0
8495,86,1
8496,121,1
8497,200,0
8498,96,1
8499,97,1
8500,110,1
8501,164,1
8502,200,0
8503,102,1
8504,27,0
8505,200,0
8506,200,0
8507,175,0
8508,34,1
8509,189,1
8510,56,1
8511,143,1
8512,95,1
8513,26,1
8514,102,0
8515,92,1
8516,112,0
8517,138,1
8518,72,1
8519,89,1
8520,38,1
8521,75,1
8522,121,1
8523,73,1
8524,113,1
8525,178,1
8526,200,0
8527,63,1
8528,179,1
8529,42,1
8530,95,1
8531,59,1
8532,123,1
8533,92,1
8534,115,1
8535,132,1
8536,168,1
8537,70,0
8538,200,0
8539,136,0
8540,200,0
8541,200,0
8542,139,1
8543,200,0
8544,152,1
8545,200,0
8546,200,0
8547,156,1
8548,122,1
8549,115,1
8550,64,1
8551,138,1
8552,107,1
8553,78,1
8554,200,0
8555,175,1
8556,55,1
8557,63,1
8558,200,0
8559,22,0
8560,32,0
8561,70,1
8562,70,1
8563,84,1
8564,200,0
8565,154,1
8566,89,1
8567,120,1
8568,76,0
8569,77,1
8570,158,1
8571,200,0
8572,56,1
8573,200,0
8574,148,1
8575,96,1
8576,198,1
8577,107,1
8578,102,1
8579,200,0
8580,200,0
8581,161,1
8582,178,0
8583,50,1
8584,108,1
8585,200,0
8586,145,1
8587,121,1
8588,192,1
8589,196,0
8590,155,1
8591,143,0
8592,187,0
8593,200,0
8594,103,1
8595,88,1
8596,77,1
8597,41,0
8598,76,1
8599,200,0
8600,90,1
8601,200,0
8602,156,1
8603,200,0
8604,200,0
8605,184,1
8606,86,1
8607,130,1
8608,200,0
8609,200,0
8610,92,1
8611,121,1
8612,200,0
8613,101,0
8614,100,0
8615,166,1
8616,94,0
8617,90,1
8618,133,1
8619,150,1
8620,98,1
8621,172,1
8622,87,1
8623,117,1
8624,150,1
8625,173,1
8626,200,0
8627,200,0
8628,36,0
8629,161,1
8630,82,1
8631,84,1
8632,50,0
8633,129,0
8634,137,1
8635,118,1
8636,44,1
8637,100,1
8638,200,0
8639,75,1
8640,91,1
8641,168,1
8642,117,1
8643,146,0
8644,200,0
8645,82,0
8646,29,0
8647,68,1
8648,200,0
8649,200,0
8650,139,1
8651,195,0
8652,200,0
8653,87,1
8654,88,1
8655,94,1
8656,43,0
8657,200,0
8658,111,1
8659,143,0
8660,131,1
8661,87,1
8662,200,0
8663,200,0
8664,62,1
8665,82,1
8666,83,0
8667,61,1
8668,30,0
8669,102,1
8670,100,0
8671,111,1
8672,117,1
8673,99,1
8674,145,1
8675,94,0
8676,190,0
8677,102,1
8678,184,1
8679,155,0
8680,91,1
8681,150,0
8682,199,1
8683,180,1
8684,200,0
8685,145,0
8686,119,1
8687,200,0
8688,44,0
8689,51,1
8690,57,0
8691,96,0
8692,26,0
8693,165,1
8694,23,0
8695,119,1
8696,84,1
8697,154,1
8698,200,0
8699,128,1
8700,73,1
8701,108,1
8702,81,1
8703,136,1
8704,58,0
8705,82,1
8706,117,1
8707,44,1
8708,86,1
8709,94,0
8710,96,1
8711,40,1
8712,146,0
8713,57,1
8714,200,0
8715,200,0
8716,126,1
8717,100,1
8718,120,1
8719,200,0
8720,72,1
8721,150,1
8722,55,1
8723,97,0
8724,12,0
8725,200,0
8726,123,1
8727,15,0
8728,173,1
8729,88,1
8730,27,0
8731,102,1
8732,81,1
8733,200,0
8734,59,1
8735,200,0
8736,200,0
8737,89,0
8738,200,0
8739,112,1
8740,128,1
8741,200,0
8742,25,0
8743,200,0
8744,200,0
8745,200,0
8746,63,1
8747,200,0
8748,134,1
8749,156,0
8750,200,0
8751,70,1
8752,51,0
8753,200,0
8754,138,1
8755,188,1
8756,200,0
8757,200,0
8758,151,1
8759,10,0
8760,7,0
8761,39,1
8762,200,0
8763,150,1
8764,156,1
8765,167,1
8766,160,1
8767,74,1
8768,200,0
8769,200,0
8770,101,1
8771,56,1
8772,68,0
8773,166,1
8774,172,1
8775,200,0
8776,62,0
8777,103,1
8778,73,0
8779,194,1
8780,113,1
8781,123,1
8782,200,0
8783,92,1
8784,200,0
8785,141,1
8786,61,0
8787,115,1
8788,55,1
8789,22,0
8790,30,1
8791,49,0
8792,112,1
8793,114,1
8794,104,0
8795,17,0
8796,116,1
8797,116,1
8798,38,0
8799,200,0
8800,141,1
8801,200,0
8802,200,0
8803,118,1
8804,190,0
8805,200,0
8806,129,1
8807,200,0
8808,200,0
8809,64,1
8810,200,0
8811,122,1
8812,58,0
8813,46,0
8814,158,1
8815,187,1
8816,200,0
8817,95,1
8818,200,0
8819,17,0
8820,43,0
8821,141,1
8822,158,1
8823,126,1
8824,106,1
8825,20,0
8826,200,0
8827,58,1
8828,64,1
8829,109,1
8830,148,1
8831,73,1
8832,51,0
8833,43,1
8834,136,1
8835,141,1
8836,200,0
8837,98,1
8838,33,0
8839,113,1
8840,14,0
8841,54,1
8842,58,1
8843,54,1
8844,60,1
8845,89,1
8846,45,1
8847,200,0
8848,121,1
8849,22,0
8850,122,1
8851,64,1
8852,126,1
8853,89,1
8854,64,1
8855,65,1
8856,37,1
8857,74,0
8858,14,0
8859,184,1
8860,66,1
8861,99,1
8862,165,1
8863,45,0
8864,125,1
8865,87,1
8866,152,1
8867,80,1
8868,93,1
8869,150,1
8870,134,1
8871,98,1
8872,200,0
8873,99,1
8874,35,0
8875,45,1
8876,114,1
8877,103,0
8878,107,1
8879,51,1
8880,200,0
8881,74,0
8882,200,0
8883,46,1
8884,200,0
8885,86,1
8886,75,1
8887,85,1
8888,200,0
8889,138,1
8890,200,0
8891,196,1
8892,132,1
8893,133,1
8894,41,0
8895,46,0
8896,100,1
8897,100,1
8898,200,0
8899,85,1
8900,184,1
8901,188,1
8902,79,1
8903,184,1
8904,194,0
8905,85,1
8906,200,0
8907,119,0
8908,160,0
8909,90,1
8910,200,0
8911,95,1
8912,111,1
8913,150,0
8914,124,1
8915,103,1
8916,200,0
8917,200,0
8918,200,0
8919,123,1
8920,84,1
8921,178,1
8922,160,1
8923,93,1
8924,87,0
8925,54,0
8926,83,0
8927,200,0
8928,200,0
8929,200,0
8930,130,1
8931,200,0
8932,200,0
8933,200,0
8934,110,1
8935,200,0
8936,200,0
8937,139,1
8938,92,1
8939,114,1
8940,200,0
8941,68,1
8942,63,1
8943,89,0
8944,200,0
8945,176,1
8946,46,1
8947,58,0
8948,200,0
8949,139,1
8950,188,1
8951,200,0
8952,87,0
8953,15,0
8954,154,1
8955,200,0
8956,59,0
8957,200,0
8958,164,1
8959,200,0
8960,200,0
8961,144,1
8962,103,1
8963,154,1
8964,51,1
8965,145,1
8966,18,0
8967,149,0
8968,29,0
8969,80,1
8970,38,0
8971,68,1
8972,82,1
8973,60,1
8974,79,0
8975,44,1
8976,73,1
8977,108,1
8978,200,0
8979,87,0
8980,84,0
8981,75,0
8982,142,0
8983,129,1
8984,200,0
8985,70,1
8986,95,1
8987,116,1
8988,58,1
8989,46,1
8990,77,1
8991,64,1
8992,126,1
8993,130,1
8994,200,0
8995,13,0
8996,169,1
8997,110,1
8998,113,1
8999,131,1
9000,200,0
9001,200,0
9002,160,1
9003,179,1
9004,152,0
9005,200,0
9006,31,0
9007,33,0
9008,135,1
9009,200,0
9010,141,0
9011,144,1
9012,145,1
9013,200,0
9014,143,1
9015,88,0
9016,133,1
9017,86,0
9018,200,0
9019,124,1
9020,200,0
9021,120,1
9022,200,0
9023,61,1
9024,58,1
9025,87,0
9026,112,1
9027,10,0
9028,200,0
9029,97,1
9030,155,1
9031,106,1
9032,72,1
9033,200,0
9034,24,0
9035,105,0
9036,128,1
9037,72,0
9038,89,1
9039,87,1
9040,38,1
9041,101,1
9042,162,1
9043,200,0
9044,55,1
9045,50,1
9046,54,1
9047,54,1
9048,64,0
9049,162,1
9050,123,1
9051,67,1
9052,120,1
9053,92,1
9054,200,0
9055,89,1
9056,146,1
9057,135,1
9058,166,1
9059,39,1
9060,200,0
9061,171,1
9062,147,0
9063,200,0
9064,200,0
9065,75,0
9066,146,0
9067,200,0
9068,103,0
9069,101,1
9070,130,1
9071,152,1
9072,95,0
9073,186,1
9074,200,0
9075,67,0
9076,68,0
9077,155,1
9078,200,0
9079,138,1
9080,74,0
9081,94,1
9082,200,0
9083,169,1
9084,108,1
9085,110,0
9086,66,0
9087,200,0
9088,24,0
9089,107,1
9090,160,1
9091,200,0
9092,105,0
9093,200,0
9094,200,0
9095,200,0
9096,144,1
9097,41,0
9098,72,1
9099,129,1
9100,80,1
9101,200,0
9102,86,0
9103,200,0
9104,49,0
9105,141,1
9106,121,1
9107,157,1
9108,121,1
9109,61,1
9110,194,1
9111,121,1
9112,155,0
9113,118,1
9114,72,1
9115,31,0
9116,73,1
9117,81,1
9118,97,1
9119,54,1
9120,135,1
9121,89,1
9122,37,1
9123,200,0
9124,123,0
9125,45,0
9126,104,1
9127,91,1
9128,119,1
9129,148,1
9130,95,1
9131,146,1
9132,54,1
9133,114,1
9134,169,1
9135,138,1
9136,200,0
9137,67,1
9138,200,0
9139,98,0
9140,122,1
9141,179,1
9142,200,0
9143,106,1
9144,110,1
9145,177,1
9146,92,1
9147,138,1
9148,200,0
9149,160,1
9150,179,1
9151,191,1
9152,83,1
9153,65,0
9154,164,1
9155,162,0
9156,200,0
9157,200,0
9158,89,0
9159,142,1
9160,166,1
9161,103,1
9162,64,1
9163,200,0
9164,31,0
9165,83,1
9166,62,1
9167,199,1
9168,102,1
9169,200,0
9170,46,0
9171,200,0
9172,200,0
9173,200,0
9174,200,0
9175,34,0
9176,106,0
9177,155,1
9178,36,0
9179,200,0
9180,35,0
9181,46,1
9182,57,1
9183,173,1
9184,114,1
9185,54,0
9186,81,1
9187,49,1
9188,200,0
9189,58,1
9190,123,1
9191,113,1
9192,193,1
9193,160,1
9194,133,1
9195,147,1
9196,53,1
9197,200,0
9198,69,1
9199,200,0
9200,74,1
9201,155,0
9202,93,1
9203,32,1
9204,46,0
9205,70,1
9206,145,1
9207,80,1
9208,46,0
9209,25,1
9210,200,0
9211,200,0
9212,29,1
9213,77,1
9214,64,1
9215,150,1
9216,200,0
9217,200,0
9218,177,1
9219,124,1
9220,179,1
9221,200,0
9222,200,0
9223,37,0
9224,200,0
9225,53,1
9226,176,1
9227,200,0
9228,101,1
9229,85,1
9230,61,1
9231,200,0
9232,175,1
9233,200,0
9234,152,1
9235,92,1
9236,200,0
9237,200,0
9238,106,1
9239,13,0
9240,200,0
9241,39,0
9242,100,1
9243,200,0
9244,119,1
9245,168,1
9246,153,1
9247,200,0
9248,178,1
9249,200,0
9250,133,1
9251,111,0
9252,138,1
9253,152,1
9254,200,0
9255,200,0
9256,140,1
9257,135,1
9258,81,0
9259,133,1
9260,27,0
9261,91,1
9262,98,1
9263,138,0
9264,45,1
9265,152,1
9266,200,0
9267,200,0
9268,104,1
9269,80,0
9270,48,1
9271,88,1
9272,141,1
9273,128,1
9274,143,0
9275,136,1
9276,123,1
9277,110,1
9278,158,1
9279,16,0
9280,200,0
9281,184,1
9282,64,0
9283,200,0
9284,121,1
9285,200,0
9286,200,0
9287,79,1
9288,200,0
9289,99,1
9290,55,1
9291,66,0
9292,148,1
9293,171,1
9294,62,1
9295,43,1
9296,131,1
9297,50,0
9298,104,1
9299,118,0
9300,154,1
9301,123,1
9302,98,1
9303,165,0
9304,52,1
9305,52,1
9306,156,1
9307,125,1
9308,200,0
9309,200,0
9310,200,0
9311,120,1
9312,17,0
9313,200,0
9314,200,0
9315,200,0
9316,105,0
9317,169,1
9318,95,1
9319,198,1
9320,200,0
9321,200,0
9322,14,0
9323,108,1
9324,67,1
9325,200,0
9326,200,0
9327,109,1
9328,200,0
9329,128,1
9330,90,1
9331,200,0
9332,119,1
9333,23,0
9334,70,1
9335,79,1
9336,70,0
9337,67,1
9338,109,0
9339,200,0
9340,7,0
9341,136,1
9342,62,1
9343,100,1
9344,112,1
9345,200,0
9346,137,1
9347,61,1
9348,97,1
9349,80,1
9350,200,0
9351,108,1
9352,64,0
9353,79,1
9354,100,1
9355,154,0
9356,58,1
9357,89,1
9358,74,1
9359,45,0
9360,103,1
9361,74,0
9362,120,1
9363,200,0
9364,200,0
9365,157,1
9366,38,1
9367,101,1
9368,72,1
9369,7,0
9370,10,0
9371,106,1
9372,108,1
9373,60,0
9374,98,1
9375,83,1
9376,195,1
9377,64,1
9378,41,1
9379,200,0
9380,109,1
9381,37,1
9382,184,1
9383,168,0
9384,68,1
9385,28,0
9386,38,1
9387,117,1
9388,156,1
9389,200,0
9390,106,1
9391,113,1
9392,200,0
9393,45,0
9394,105,1
9395,200,0
9396,67,1
9397,53,1
9398,63,0
9399,118,1
9400,200,0
9401,40,1
9402,185,1
9403,200,0
9404,169,1
9405,200,0
9406,200,0
9407,120,1
9408,200,0
9409,71,1
9410,177,1
9411,156,0
9412,200,0
9413,151,1
9414,69,1
9415,48,1
9416,200,0
9417,148,0
9418,101,1
9419,200,0
9420,200,0
9421,35,1
9422,200,0
9423,78,1
9424,156,1
9425,200,0
9426,16,0
9427,200,0
9428,89,0
9429,200,0
9430,200,0
9431,127,1
9432,164,1
9433,57,0
9434,88,1
9435,49,0
9436,84,0
9437,128,0
9438,159,1
9439,200,0
9440,159,1
9441,89,1
9442,80,1
9443,184,1
9444,200,0
9445,200,0
9446,50,0
9447,77,1
9448,176,1
9449,113,1
9450,194,0
9451,166,0
9452,130,1
9453,47,1
9454,200,0
9455,137,1
9456,71,1
9457,194,1
9458,130,1
9459,30,0
9460,39,1
9461,138,0
9462,73,1
9463,154,1
9464,62,1
9465,43,1
9466,93,1
9467,133,1
9468,174,1
9469,65,1
9470,89,1
9471,77,1
9472,121,1
9473,151,1
9474,106,1
9475,199,0
9476,27,1
9477,63,1
9478,66,1
9479,56,1
9480,168,1
9481,162,1
9482,85,1
9483,139,1
9484,200,0
9485,86,1
9486,43,1
9487,182,1
9488,75,1
9489,55,0
9490,80,0
9491,96,0
9492,50,1
9493,99,1
9494,108,1
9495,116,1
9496,22,0
9497,76,1
9498,169,1
9499,151,1
9500,81,1
9501,160,1
9502,82,1
9503,25,1
9504,200,0
9505,130,1
9506,87,1
9507,200,0
9508,103,1
9509,109,0
9510,114,1
9511,131,1
9512,43,0
9513,115,1
9514,69,1
9515,129,1
9516,200,0
9517,121,1
9518,154,1
9519,200,0
9520,76,0
9521,80,0
9522,110,1
9523,200,0
9524,200,0
9525,37,1
9526,163,0
9527,142,1
9528,200,0
9529,133,1
9530,130,1
9531,92,1
9532,124,1
9533,72,0
9534,33,0
9535,67,1
9536,95,1
9537,200,0
9538,136,1
9539,98,1
9540,83,1
9541,135,1
9542,130,1
9543,150,1
9544,94,0
9545,82,1
9546,86,1
9547,84,0
9548,161,1
9549,62,1
9550,158,1
9551,45,0
9552,200,0
9553,188,1
9554,44,1
9555,91,0
9556,131,1
9557,127,0
9558,83,0
9559,200,0
9560,140,1
9561,127,1
9562,130,1
9563,139,1
9564,134,1
9565,160,1
9566,76,1
9567,106,1
9568,125,1
9569,101,1
9570,141,1
9571,102,1
9572,62,1
9573,109,1
9574,81,1
9575,58,1
9576,15,0
9577,135,1
9578,65,1
9579,97,0
9580,68,1
9581,86,1
9582,94,0
9583,142,1
9584,60,0
9585,148,0
9586,200,0
9587,142,1
9588,183,1
9589,133,1
9590,156,1
9591,105,1
9592,200,0
9593,70,0
9594,200,0
9595,90,1
9596,200,0
9597,200,0
9598,200,0
9599,116,1
9600,160,0
9601,66,1
9602,173,1
9603,105,0
9604,105,1
9605,183,0
9606,171,0
9607,200,0
9608,99,1
9609,109,1
9610,150,1
9611,158,1
9612,119,0
9613,112,1
9614,200,0
9615,18,0
9616,113,0
9617,200,0
9618,200,0
9619,200,0
9620,171,1
9621,200,0
9622,65,1
9623,14,0
9624,200,0
9625,60,1
9626,178,1
9627,145,1
9628,122,0
9629,200,0
9630,189,1
9631,127,1
9632,106,1
9633,200,0
9634,88,0
9635,184,1
9636,125,1
9637,59,0
9638,69,1
9639,39,0
9640,93,1
9641,51,0
9642,99,1
9643,137,1
9644,85,0
9645,71,1
9646,52,1
9647,200,0
9648,101,1
9649,200,0
9650,75,1
9651,98,1
9652,183,1
9653,176,1
9654,136,1
9655,49,0
9656,102,1
9657,46,1
9658,200,0
9659,63,1
9660,200,0
9661,53,0
9662,110,1
9663,125,1
9664,49,1
9665,200,0
9666,200,0
9667,200,0
9668,172,1
9669,200,0
9670,200,0
9671,121,1
9672,112,1
9673,120,1
9674,65,0
9675,153,0
9676,60,1
9677,200,0
9678,121,1
9679,136,1
9680,69,1
9681,200,0
9682,83,1
9683,71,0
9684,69,0
9685,175,1
9686,55,1
9687,200,0
9688,78,1
9689,32,1
9690,200,0
9691,85,1
9692,197,1
9693,107,1
9694,93,1
9695,131,1
9696,34,0
9697,42,1
9698,112,0
9699,180,1
9700,200,0
9701,36,1
9702,177,0
9703,91,1
9704,135,1
9705,90,0
9706,62,1
9707,139,1
9708,41,1
9709,91,1
9710,66,1
9711,128,1
9712,61,1
9713,120,1
9714,167,0
9715,157,0
9716,74,1
9717,106,1
9718,200,0
9719,200,0
9720,126,0
9721,111,1
9722,36,0
9723,69,1
9724,146,1
9725,149,1
9726,200,0
9727,200,0
9728,164,1
9729,200,0
9730,61,0
9731,103,1
9732,72,1
9733,120,1
9734,108,1
9735,74,1
9736,144,1
9737,197,0
9738,124,1
9739,200,0
9740,103,0
9741,138,1
9742,76,1
9743,200,0
9744,92,1
9745,95,0
9746,200,0
9747,51,1
9748,135,1
9749,200,0
9750,108,0
9751,195,1
9752,116,1
9753,77,1
9754,156,1
9755,71,1
9756,155,1
9757,200,0
9758,200,0
9759,124,0
9760,29,1
9761,37,1
9762,121,1
9763,43,0
9764,89,1
9765,16,0
9766,177,1
9767,33,0
9768,200,0
9769,110,0
9770,107,1
9771,74,1
9772,129,1
9773,24,0
9774,86,1
9775,16,0
9776,183,0
9777,58,1
9778,44,1
9779,88,1
9780,43,1
9781,200,0
9782,170,1
9783,41,1
9784,137,1
9785,200,0
9786,68,1
9787,200,0
9788,200,0
9789,35,0
9790,130,1
9791,70,0
9792,133,1
9793,200,0
9794,138,1
9795,169,1
9796,144,1
9797,30,0
9798,54,0
9799,89,0
9800,40,0
9801,200,0
9802,107,1
9803,200,0
9804,107,1
9805,64,1
9806,59,1
9807,105,1
9808,35,0
9809,54,0
9810,200,0
9811,200,0
9812,200,0
9813,70,1
9814,149,0
9815,59,1
9816,65,1
9817,126,1
9818,156,1
9819,177,1
9820,123,1
9821,138,1
9822,200,0
9823,112,1
9824,52,1
9825,55,1
9826,152,1
9827,55,0
9828,17,0
9829,110,1
9830,67,1
9831,46,1
9832,131,1
9833,50,1
9834,136,1
9835,171,1
9836,145,1
9837,36,0
9838,172,0
9839,94,1
9840,167,1
9841,102,1
9842,48,1
9843,130,1
9844,200,0
9845,84,1
9846,111,1
9847,138,1
9848,180,1
9849,168,1
9850,81,1
9851,113,1
9852,92,1
9853,200,0
9854,113,0
9855,46,1
9856,77,1
9857,200,0
9858,106,1
9859,186,1
9860,200,0
9861,199,1
9862,116,1
9863,57,1
9864,156,1
9865,127,0
9866,200,0
9867,22,0
9868,168,0
9869,192,1
9870,160,1
9871,53,1
9872,190,0
9873,145,1
9874,194,0
9875,103,1
9876,191,1
9877,81,0
9878,35,0
9879,25,1
9880,119,1
9881,145,1
9882,156,1
9883,13,0
9884,197,1
9885,119,1
9886,145,1
9887,161,1
9888,84,0
9889,106,1
9890,169,1
9891,25,0
9892,130,1
9893,151,1
9894,131,1
9895,86,1
9896,37,1
9897,102,1
9898,36,1
9899,80,0
9900,96,1
9901,200,0
9902,94,1
9903,148,0
9904,187,1
9905,200,0
9906,46,0
9907,94,1
9908,119,1
9909,17,0
9910,33,1
9911,150,1
9912,111,1
9913,109,0
9914,200,0
9915,64,1
9916,46,1
9917,65,1
9918,82,1
9919,93,1
9920,132,1
9921,55,1
9922,66,1
9923,96,0
9924,67,1
9925,57,1
9926,86,1
9927,78,1
9928,165,1
9929,140,1
9930,164,1
9931,71,1
9932,63,1
9933,200,0
9934,153,1
9935,118,1
9936,200,0
9937,161,1
9938,91,1
9939,112,1
9940,200,0
9941,42,1
9942,63,1
9943,72,0
9944,100,1
9945,87,1
9946,144,1
9947,200,0
9948,200,0
9949,62,1
9950,178,1
9951,105,0
9952,43,0
9953,200,0
9954,152,0
9955,111,0
9956,141,1
9957,22,0
9958,196,1
9959,27,0
9960,75,1
9961,127,1
9962,51,1
9963,66,1
9964,200,0
9965,60,1
9966,129,1
9967,200,0
9968,133,1
9969,73,1
9970,200,0
9971,145,0
9972,98,1
9973,200,0
9974,141,1
9975,25,0
9976,124,1
9977,72,1
9978,100,1
9979,200,0
9980,59,1
9981,200,0
9982,200,0
9983,131,1
9984,200,0
9985,150,1
9986,111,1
9987,11,0
9988,146,1
9989,162,0
9990,200,0
9991,53,1
9992,51,0
9993,76,1
9994,200,0
9995,163,1
9996,157,1
9997,123,1
9998,79,0
9999,175,0
