episode,steps,reward
0,64,0
1,45,0
2,24,0
3,21,0
4,72,0
5,21,0
6,12,0
7,11,0
8,15,0
9,7,0
10,92,0
11,58,0
12,15,0
13,18,0
14,31,0
15,24,0
16,52,0
17,12,0
18,9,0
19,23,0
20,47,0
21,21,0
22,23,0
23,21,0
24,33,0
25,7,0
26,20,0
27,17,0
28,10,0
29,9,0
30,22,0
31,25,0
32,10,0
33,10,0
34,52,0
35,6,0
36,10,0
37,10,0
38,16,0
39,17,0
40,31,0
41,8,0
42,12,0
43,21,0
44,38,0
45,11,0
46,31,0
47,9,0
48,11,0
49,5,0
50,9,0
51,5,0
52,16,0
53,15,0
54,27,0
55,11,0
56,44,0
57,22,0
58,13,0
59,23,0
60,10,0
61,43,0
62,5,0
63,15,0
64,34,0
65,9,0
66,26,0
67,9,0
68,41,0
69,19,0
70,27,0
71,25,0
72,57,0
73,17,0
74,13,0
75,12,0
76,22,0
77,48,0
78,21,0
79,23,0
80,26,0
81,7,0
82,13,0
83,84,0
84,10,0
85,13,0
86,13,0
87,34,0
88,17,0
89,13,0
90,6,0
91,15,0
92,28,0
93,13,0
94,22,0
95,64,0
96,13,0
97,32,0
98,28,0
99,24,0
100,17,0
101,22,0
102,8,0
103,6,0
104,33,0
105,15,0
106,7,0
107,61,0
108,14,0
109,8,0
110,15,0
111,16,0
112,14,0
113,9,0
114,11,0
115,11,0
116,24,0
117,27,0
118,19,0
119,13,0
120,10,0
121,19,0
122,23,0
123,34,0
124,22,0
125,15,0
126,20,0
127,42,0
128,8,0
129,9,0
130,9,0
131,12,0
132,21,0
133,13,0
134,20,0
135,16,0
136,13,0
137,43,0
138,35,0
139,24,0
140,17,0
141,11,0
142,33,0
143,20,0
144,19,0
145,28,0
146,12,0
147,9,0
148,21,0
149,14,0
150,34,0
151,39,0
152,11,0
153,14,0
154,22,0
155,12,0
156,63,0
157,82,0
158,28,0
159,15,0
160,15,0
161,56,0
162,15,0
163,32,0
164,42,0
165,13,0
166,15,0
167,31,0
168,15,0
169,9,0
170,10,0
171,27,0
172,42,0
173,8,0
174,23,0
175,33,0
176,26,0
177,22,0
178,37,0
179,14,0
180,19,0
181,17,0
182,40,0
183,70,0
184,42,0
185,89,0
186,82,0
187,11,0
188,28,0
189,45,0
190,13,0
191,14,0
192,26,0
193,78,0
194,64,0
195,21,0
196,24,0
197,68,0
198,16,0
199,60,0
200,22,0
201,68,0
202,16,0
203,15,0
204,49,0
205,20,0
206,113,0
207,18,0
208,62,0
209,76,0
210,66,0
211,25,0
212,16,0
213,38,0
214,21,0
215,25,0
216,46,0
217,11,0
218,25,0
219,21,0
220,49,0
221,59,0
222,28,0
223,18,0
224,45,0
225,34,0
226,18,0
227,15,0
228,102,0
229,52,0
230,22,0
231,23,0
232,58,0
233,19,0
234,54,0
235,58,0
236,44,0
237,20,0
238,18,0
239,49,0
240,15,0
241,60,0
242,24,0
243,30,0
244,61,0
245,39,0
246,46,0
247,20,0
248,20,0
249,101,0
250,46,0
251,34,0
252,33,0
253,55,0
254,47,0
255,14,0
256,97,0
257,31,0
258,130,0
259,60,0
260,49,0
261,29,0
262,39,0
263,24,0
264,157,0
265,26,0
266,29,1
267,48,0
268,31,0
269,36,0
270,38,0
271,64,0
272,10,0
273,43,0
274,18,0
275,70,0
276,29,0
277,12,0
278,46,0
279,16,0
280,37,0
281,87,0
282,34,0
283,54,0
284,48,0
285,41,0
286,19,0
287,34,0
288,36,0
289,44,0
290,42,0
291,31,0
292,72,0
293,55,0
294,26,0
295,10,0
296,30,0
297,43,0
298,87,0
299,91,0
300,52,0
301,62,0
302,60,0
303,63,0
304,100,0
305,48,1
306,60,0
307,31,0
308,68,0
309,81,0
310,81,0
311,16,0
312,26,0
313,50,0
314,64,0
315,14,0
316,36,0
317,97,0
318,54,0
319,61,0
320,107,0
321,53,0
322,14,0
323,48,0
324,77,0
325,86,0
326,17,0
327,85,0
328,62,0
329,42,0
330,84,0
331,53,0
332,60,1
333,53,0
334,57,0
335,101,0
336,50,0
337,89,0
338,33,0
339,91,0
340,37,0
341,12,0
342,30,0
343,89,0
344,48,0
345,10,0
346,36,0
347,58,0
348,105,0
349,54,1
350,45,0
351,100,0
352,200,0
353,55,1
354,47,0
355,54,0
356,41,0
357,23,0
358,43,0
359,97,0
360,74,0
361,50,0
362,26,0
363,47,0
364,47,0
365,121,0
366,51,0
367,55,0
368,34,0
369,22,0
370,50,0
371,45,0
372,52,0
373,85,1
374,89,0
375,24,0
376,57,0
377,72,0
378,94,0
379,83,0
380,64,0
381,65,0
382,120,0
383,41,0
384,45,0
385,43,0
386,25,0
387,40,0
388,52,0
389,71,0
390,26,0
391,31,0
392,49,1
393,31,0
394,39,0
395,41,1
396,15,0
397,46,0
398,11,0
399,19,0
400,47,0
401,68,1
402,64,0
403,20,0
404,73,1
405,62,0
406,86,0
407,28,0
408,106,0
409,28,0
410,81,0
411,14,0
412,33,1
413,22,0
414,70,0
415,62,0
416,32,0
417,55,0
418,69,0
419,61,0
420,36,1
421,132,0
422,78,1
423,41,0
424,45,1
425,81,0
426,128,0
427,73,0
428,57,0
429,86,0
430,47,0
431,85,0
432,65,0
433,32,1
434,75,0
435,31,0
436,65,0
437,71,0
438,193,0
439,37,0
440,65,1
441,54,0
442,23,0
443,55,0
444,44,0
445,133,0
446,113,0
447,72,0
448,30,0
449,68,0
450,98,0
451,83,0
452,18,0
453,31,0
454,30,0
455,67,0
456,51,0
457,68,0
458,14,0
459,200,0
460,16,0
461,200,0
462,99,0
463,33,0
464,69,0
465,123,0
466,45,0
467,61,0
468,63,0
469,92,0
470,116,0
471,134,0
472,51,0
473,14,0
474,53,0
475,93,0
476,78,0
477,60,0
478,86,0
479,45,0
480,39,0
481,200,0
482,87,0
483,50,0
484,77,0
485,74,0
486,24,0
487,188,0
488,74,0
489,50,0
490,75,0
491,31,0
492,34,0
493,21,0
494,122,0
495,45,0
496,60,0
497,24,0
498,108,0
499,91,0
500,68,0
501,76,0
502,75,0
503,146,0
504,94,0
505,42,0
506,42,0
507,61,0
508,99,0
509,75,0
510,88,0
511,75,0
512,68,0
513,65,0
514,50,0
515,7,0
516,25,0
517,37,0
518,92,0
519,190,0
520,29,0
521,45,0
522,106,0
523,48,0
524,51,0
525,52,0
526,70,0
527,43,0
528,23,0
529,101,0
530,31,0
531,44,0
532,62,0
533,181,0
534,132,0
535,129,0
536,200,0
537,15,0
538,81,0
539,53,0
540,144,0
541,200,0
542,85,0
543,61,0
544,106,0
545,200,0
546,22,0
547,54,0
548,95,1
549,47,0
550,16,0
551,172,0
552,38,0
553,25,0
554,139,0
555,25,0
556,46,0
557,34,0
558,70,0
559,153,0
560,200,0
561,53,0
562,54,0
563,136,0
564,88,0
565,36,0
566,93,0
567,68,0
568,50,0
569,74,0
570,53,0
571,63,0
572,73,0
573,170,0
574,26,0
575,93,0
576,33,0
577,46,0
578,127,0
579,104,0
580,66,0
581,106,0
582,77,0
583,52,0
584,53,0
585,122,0
586,73,0
587,47,0
588,97,0
589,70,0
590,61,0
591,116,0
592,52,0
593,86,0
594,70,0
595,127,0
596,114,0
597,27,0
598,47,0
599,124,0
600,92,0
601,114,0
602,200,0
603,60,0
604,79,0
605,59,0
606,126,0
607,49,0
608,86,0
609,57,0
610,50,0
611,200,0
612,96,0
613,44,0
614,48,0
615,149,0
616,61,0
617,40,0
618,184,0
619,175,0
620,92,0
621,127,0
622,21,0
623,37,0
624,200,0
625,83,0
626,177,0
627,125,0
628,101,0
629,33,0
630,25,0
631,121,0
632,23,0
633,68,0
634,25,0
635,68,0
636,69,0
637,157,0
638,57,0
639,47,0
640,200,0
641,18,0
642,30,0
643,24,0
644,41,0
645,78,0
646,133,0
647,200,0
648,56,0
649,200,0
650,45,0
651,44,0
652,81,0
653,69,0
654,157,0
655,31,0
656,58,0
657,75,0
658,49,0
659,200,0
660,68,0
661,71,0
662,34,0
663,23,0
664,86,0
665,47,0
666,104,0
667,12,0
668,44,0
669,31,0
670,52,0
671,56,0
672,28,0
673,80,0
674,59,0
675,62,0
676,40,0
677,70,0
678,52,0
679,139,0
680,80,0
681,57,0
682,65,0
683,22,0
684,111,0
685,15,0
686,9,0
687,52,0
688,75,0
689,154,0
690,50,0
691,74,0
692,51,0
693,82,0
694,75,0
695,61,0
696,23,0
697,85,0
698,44,0
699,41,0
700,39,0
701,200,0
702,67,0
703,15,0
704,32,0
705,25,0
706,45,0
707,79,0
708,101,0
709,128,0
710,77,0
711,42,0
712,90,0
713,160,0
714,70,0
715,91,0
716,60,0
717,161,0
718,29,0
719,54,0
720,149,0
721,139,0
722,88,0
723,81,0
724,89,0
725,122,0
726,84,0
727,82,0
728,17,0
729,138,0
730,113,0
731,198,0
732,54,0
733,88,0
734,90,0
735,49,0
736,113,0
737,98,0
738,180,0
739,35,0
740,42,0
741,39,1
742,66,0
743,200,0
744,32,0
745,83,0
746,88,0
747,79,0
748,171,0
749,65,0
750,54,0
751,87,0
752,58,0
753,56,0
754,200,0
755,96,0
756,38,0
757,48,0
758,200,0
759,62,0
760,78,0
761,65,0
762,65,0
763,99,0
764,32,0
765,59,0
766,32,0
767,166,1
768,39,0
769,82,0
770,34,0
771,46,0
772,88,0
773,200,0
774,73,0
775,67,0
776,188,0
777,47,0
778,90,0
779,18,0
780,147,0
781,19,0
782,116,0
783,27,0
784,118,0
785,43,0
786,25,0
787,139,0
788,21,0
789,98,0
790,55,0
791,41,0
792,161,0
793,70,0
794,128,0
795,29,1
796,121,0
797,21,0
798,63,0
799,75,0
800,70,0
801,64,0
802,117,0
803,200,0
804,30,0
805,66,0
806,108,0
807,178,0
808,60,0
809,200,0
810,36,0
811,200,0
812,23,0
813,200,0
814,72,0
815,168,0
816,129,0
817,65,0
818,94,0
819,146,0
820,90,0
821,73,0
822,70,0
823,77,0
824,90,0
825,200,0
826,57,0
827,120,0
828,84,0
829,200,0
830,63,0
831,74,0
832,40,0
833,48,0
834,181,0
835,142,0
836,31,0
837,148,0
838,64,0
839,73,0
840,200,0
841,97,0
842,74,0
843,94,0
844,21,0
845,79,0
846,67,1
847,186,0
848,24,0
849,200,0
850,199,1
851,38,0
852,23,0
853,62,0
854,165,0
855,135,0
856,77,0
857,29,0
858,111,0
859,200,0
860,57,0
861,98,0
862,200,0
863,51,0
864,76,0
865,107,0
866,158,0
867,200,0
868,84,0
869,200,0
870,77,0
871,55,0
872,70,0
873,121,0
874,146,0
875,68,0
876,200,0
877,62,1
878,147,0
879,53,0
880,103,0
881,71,0
882,48,0
883,135,0
884,174,0
885,42,0
886,135,0
887,65,0
888,35,0
889,88,0
890,72,0
891,68,0
892,95,0
893,26,0
894,83,0
895,40,0
896,94,0
897,171,1
898,140,0
899,69,0
900,37,0
901,167,0
902,42,0
903,78,0
904,96,0
905,55,0
906,101,0
907,154,0
908,99,0
909,89,0
910,97,0
911,50,0
912,200,0
913,200,0
914,179,0
915,105,0
916,73,0
917,25,0
918,70,0
919,60,0
920,41,0
921,168,1
922,123,0
923,62,0
924,127,0
925,200,0
926,42,0
927,48,0
928,44,0
929,200,0
930,38,0
931,128,0
932,11,0
933,200,0
934,116,0
935,38,0
936,76,0
937,200,0
938,83,0
939,141,0
940,23,0
941,94,0
942,31,0
943,200,0
944,61,0
945,85,0
946,29,0
947,34,0
948,92,0
949,200,0
950,27,0
951,16,0
952,11,0
953,51,0
954,50,0
955,113,0
956,57,0
957,113,0
958,195,0
959,22,0
960,69,0
961,76,0
962,63,0
963,57,0
964,108,0
965,28,0
966,40,0
967,67,0
968,143,0
969,27,0
970,46,0
971,93,0
972,134,0
973,88,1
974,47,1
975,36,0
976,150,0
977,169,0
978,76,0
979,52,0
980,90,0
981,51,0
982,74,0
983,48,0
984,64,0
985,154,0
986,85,0
987,38,0
988,141,0
989,27,0
990,93,0
991,38,0
992,30,0
993,49,0
994,74,0
995,82,0
996,79,0
997,28,0
998,51,0
999,81,0
1000,57,0
1001,125,0
1002,123,0
1003,106,0
1004,62,0
1005,36,0
1006,151,0
1007,20,0
1008,146,0
1009,48,0
1010,47,0
1011,108,0
1012,56,0
1013,179,0
1014,56,0
1015,49,0
1016,123,0
1017,89,0
1018,33,0
1019,28,0
1020,174,0
1021,93,1
1022,130,0
1023,80,0
1024,45,0
1025,200,0
1026,115,0
1027,200,0
1028,127,0
1029,50,0
1030,90,0
1031,91,0
1032,94,0
1033,90,0
1034,200,0
1035,59,0
1036,101,0
1037,200,0
1038,96,0
1039,87,0
1040,39,0
1041,112,0
1042,60,0
1043,121,0
1044,113,0
1045,140,0
1046,51,0
1047,54,0
1048,75,0
1049,59,0
1050,64,0
1051,16,0
1052,75,0
1053,36,0
1054,162,0
1055,85,0
1056,90,0
1057,49,0
1058,58,0
1059,116,0
1060,37,0
1061,143,0
1062,89,0
1063,35,0
1064,200,0
1065,94,0
1066,67,0
1067,76,0
1068,113,0
1069,156,0
1070,24,0
1071,158,0
1072,78,0
1073,158,0
1074,112,1
1075,123,0
1076,200,0
1077,42,0
1078,128,0
1079,51,0
1080,54,0
1081,46,0
1082,25,0
1083,61,0
1084,79,0
1085,95,0
1086,89,0
1087,58,0
1088,51,0
1089,98,0
1090,88,0
1091,147,0
1092,191,0
1093,73,0
1094,70,0
1095,77,0
1096,129,0
1097,94,0
1098,34,0
1099,97,0
1100,153,0
1101,83,0
1102,125,0
1103,77,0
1104,50,0
1105,105,0
1106,94,0
1107,53,0
1108,116,0
1109,71,0
1110,200,0
1111,72,0
1112,114,0
1113,81,0
1114,119,0
1115,122,0
1116,134,0
1117,51,0
1118,200,0
1119,58,0
1120,44,0
1121,188,0
1122,92,0
1123,85,0
1124,29,0
1125,13,0
1126,144,0
1127,56,0
1128,89,0
1129,134,0
1130,84,0
1131,126,0
1132,54,0
1133,60,0
1134,106,0
1135,168,0
1136,71,0
1137,103,0
1138,75,0
1139,83,0
1140,29,0
1141,68,0
1142,42,0
1143,51,0
1144,110,0
1145,107,0
1146,200,0
1147,200,0
1148,22,0
1149,49,0
1150,44,0
1151,64,0
1152,71,1
1153,45,0
1154,23,0
1155,200,0
1156,107,1
1157,98,0
1158,59,0
1159,162,0
1160,82,1
1161,30,0
1162,154,0
1163,75,0
1164,42,1
1165,164,0
1166,200,0
1167,57,1
1168,66,0
1169,73,1
1170,62,1
1171,29,0
1172,107,1
1173,93,1
1174,117,1
1175,59,0
1176,56,1
1177,37,1
1178,101,1
1179,76,1
1180,20,0
1181,41,1
1182,66,0
1183,135,0
1184,105,1
1185,100,1
1186,85,1
1187,46,1
1188,80,1
1189,106,1
1190,121,1
1191,22,0
1192,149,1
1193,128,1
1194,45,1
1195,118,1
1196,86,0
1197,43,1
1198,39,0
1199,110,1
1200,78,1
1201,72,1
1202,36,1
1203,70,0
1204,27,1
1205,53,0
1206,32,0
1207,65,1
1208,105,1
1209,74,1
1210,144,0
1211,55,1
1212,38,1
1213,46,1
1214,67,1
1215,35,0
1216,132,1
1217,56,1
1218,74,0
1219,119,1
1220,48,0
1221,44,1
1222,45,1
1223,86,1
1224,99,1
1225,92,1
1226,73,0
1227,75,1
1228,78,0
1229,33,1
1230,89,1
1231,45,1
1232,33,1
1233,40,0
1234,190,1
1235,23,1
1236,83,1
1237,104,1
1238,36,0
1239,33,1
1240,50,1
1241,61,0
1242,61,1
1243,52,1
1244,63,0
1245,91,1
1246,46,1
1247,43,1
1248,126,1
1249,33,1
1250,114,1
1251,162,1
1252,73,1
1253,123,1
1254,74,1
1255,37,1
1256,56,1
1257,103,1
1258,59,0
1259,26,0
1260,58,1
1261,16,0
1262,46,1
1263,66,1
1264,44,1
1265,109,0
1266,67,0
1267,136,0
1268,61,1
1269,70,1
1270,57,0
1271,52,1
1272,57,1
1273,62,1
1274,44,0
1275,57,1
1276,132,1
1277,89,0
1278,46,1
1279,41,1
1280,122,1
1281,38,1
1282,21,1
1283,75,1
1284,93,0
1285,73,1
1286,35,1
1287,33,0
1288,146,0
1289,29,1
1290,83,0
1291,36,1
1292,84,0
1293,95,0
1294,46,1
1295,50,1
1296,41,1
1297,50,1
1298,53,0
1299,23,1
1300,116,0
1301,84,1
1302,107,1
1303,59,1
1304,56,1
1305,56,1
1306,97,1
1307,44,0
1308,143,1
1309,46,0
1310,81,1
1311,79,1
1312,54,1
1313,87,0
1314,96,1
1315,151,0
1316,38,1
1317,148,0
1318,58,1
1319,55,1
1320,88,1
1321,83,0
1322,84,1
1323,76,1
1324,104,0
1325,29,1
1326,61,0
1327,87,1
1328,127,1
1329,92,1
1330,79,1
1331,41,1
1332,129,0
1333,77,1
1334,149,1
1335,64,0
1336,33,0
1337,84,1
1338,75,1
1339,67,1
1340,98,1
1341,42,0
1342,109,1
1343,84,1
1344,58,1
1345,72,1
1346,47,1
1347,67,1
1348,47,0
1349,67,1
1350,27,1
1351,77,1
1352,66,1
1353,45,1
1354,84,1
1355,83,1
1356,169,1
1357,69,0
1358,93,1
1359,76,1
1360,69,1
1361,39,1
1362,46,1
1363,90,1
1364,81,1
1365,65,0
1366,39,1
1367,69,1
1368,80,1
1369,52,1
1370,27,1
1371,130,1
1372,66,1
1373,60,1
1374,30,1
1375,50,0
1376,50,1
1377,46,1
1378,25,0
1379,30,1
1380,108,1
1381,47,1
1382,169,1
1383,122,0
1384,61,0
1385,102,1
1386,46,1
1387,46,1
1388,181,1
1389,53,1
1390,10,0
1391,140,1
1392,46,0
1393,97,1
1394,97,1
1395,106,1
1396,50,1
1397,37,1
1398,95,1
1399,36,0
1400,39,0
1401,137,1
1402,53,1
1403,60,1
1404,62,1
1405,42,1
1406,52,1
1407,71,1
1408,62,1
1409,71,1
1410,57,0
1411,105,0
1412,54,1
1413,200,1
1414,60,1
1415,67,1
1416,51,1
1417,59,1
1418,56,1
1419,57,1
1420,142,1
1421,44,0
1422,32,1
1423,65,0
1424,30,0
1425,100,1
1426,68,1
1427,36,1
1428,25,1
1429,133,1
1430,145,1
1431,35,0
1432,91,1
1433,92,0
1434,84,1
1435,21,0
1436,66,1
1437,103,1
1438,40,1
1439,36,1
1440,160,1
1441,48,1
1442,65,1
1443,62,1
1444,13,0
1445,25,1
1446,87,1
1447,200,0
1448,134,1
1449,73,1
1450,87,1
1451,40,1
1452,33,1
1453,30,1
1454,94,1
1455,157,0
1456,59,1
1457,36,1
1458,82,1
1459,104,1
1460,98,1
1461,23,1
1462,94,1
1463,26,1
1464,65,1
1465,43,1
1466,51,1
1467,63,1
1468,42,1
1469,199,1
1470,123,1
1471,123,1
1472,95,1
1473,53,0
1474,72,1
1475,83,1
1476,27,1
1477,57,0
1478,29,1
1479,128,1
1480,89,1
1481,60,1
1482,43,1
1483,51,1
1484,98,1
1485,63,1
1486,90,1
1487,66,1
1488,103,1
1489,126,1
1490,48,1
1491,183,1
1492,62,1
1493,127,1
1494,106,1
1495,70,0
1496,32,1
1497,200,0
1498,67,1
1499,86,1
1500,101,1
1501,38,1
1502,78,1
1503,28,0
1504,40,1
1505,31,1
1506,138,1
1507,55,1
1508,45,1
1509,137,0
1510,103,1
1511,72,1
1512,119,1
1513,89,1
1514,29,1
1515,55,1
1516,200,0
1517,57,1
1518,57,1
1519,96,1
1520,143,0
1521,112,1
1522,72,1
1523,30,1
1524,97,1
1525,74,1
1526,32,1
1527,82,1
1528,94,0
1529,90,1
1530,72,1
1531,66,1
1532,109,0
1533,98,1
1534,45,0
1535,55,1
1536,67,0
1537,89,0
1538,51,1
1539,63,1
1540,59,1
1541,135,0
1542,112,1
1543,38,0
1544,100,1
1545,27,1
1546,54,1
1547,66,1
1548,79,0
1549,35,1
1550,111,1
1551,45,1
1552,50,1
1553,200,1
1554,21,0
1555,60,1
1556,47,1
1557,88,0
1558,88,1
1559,45,1
1560,97,1
1561,43,1
1562,78,1
1563,170,1
1564,74,1
1565,21,1
1566,81,0
1567,68,1
1568,71,1
1569,174,1
1570,43,1
1571,167,1
1572,53,1
1573,200,0
1574,29,1
1575,101,1
1576,25,1
1577,72,1
1578,44,1
1579,51,0
1580,129,1
1581,190,1
1582,55,1
1583,33,1
1584,56,1
1585,200,0
1586,83,1
1587,49,1
1588,59,0
1589,57,1
1590,58,1
1591,53,1
1592,63,0
1593,63,0
1594,53,0
1595,60,1
1596,113,1
1597,41,0
1598,173,1
1599,63,1
1600,49,1
1601,93,1
1602,34,1
1603,138,1
1604,34,0
1605,60,1
1606,67,1
1607,50,1
1608,63,1
1609,42,1
1610,61,0
1611,76,1
1612,105,1
1613,55,1
1614,116,0
1615,32,1
1616,60,0
1617,126,0
1618,29,1
1619,32,1
1620,51,1
1621,180,1
1622,37,1
1623,38,1
1624,38,1
1625,41,1
1626,110,1
1627,56,0
1628,35,1
1629,104,0
1630,68,1
1631,63,1
1632,69,0
1633,142,1
1634,35,1
1635,51,1
1636,61,0
1637,124,0
1638,119,1
1639,116,0
1640,40,0
1641,37,1
1642,79,1
1643,21,0
1644,110,1
1645,130,0
1646,73,1
1647,52,1
1648,106,1
1649,60,1
1650,53,1
1651,130,0
1652,38,1
1653,81,1
1654,74,1
1655,109,1
1656,90,1
1657,100,0
1658,155,0
1659,85,1
1660,42,0
1661,74,1
1662,79,1
1663,39,1
1664,36,1
1665,62,1
1666,39,1
1667,65,1
1668,33,0
1669,37,1
1670,41,1
1671,51,0
1672,51,1
1673,127,1
1674,122,1
1675,175,1
1676,51,1
1677,108,1
1678,62,1
1679,32,0
1680,25,1
1681,60,1
1682,76,0
1683,29,1
1684,59,1
1685,72,0
1686,51,1
1687,56,0
1688,36,0
1689,32,1
1690,200,0
1691,27,0
1692,134,1
1693,80,1
1694,107,1
1695,97,1
1696,46,1
1697,36,1
1698,69,1
1699,36,0
1700,87,1
1701,100,0
1702,65,1
1703,175,1
1704,100,1
1705,84,0
1706,128,0
1707,61,1
1708,37,1
1709,42,1
1710,45,0
1711,71,1
1712,36,0
1713,46,1
1714,45,1
1715,123,1
1716,34,1
1717,67,1
1718,132,1
1719,49,0
1720,60,1
1721,90,1
1722,85,1
1723,45,1
1724,107,1
1725,159,1
1726,24,0
1727,118,0
1728,51,0
1729,55,1
1730,90,1
1731,133,1
1732,59,1
1733,51,1
1734,69,1
1735,61,1
1736,45,0
1737,130,1
1738,27,1
1739,54,1
1740,101,1
1741,88,1
1742,149,1
1743,64,1
1744,108,0
1745,27,1
1746,38,1
1747,114,1
1748,59,1
1749,101,1
1750,76,0
1751,56,0
1752,48,0
1753,131,1
1754,138,1
1755,31,1
1756,153,1
1757,53,1
1758,68,1
1759,58,0
1760,136,1
1761,172,1
1762,105,0
1763,88,1
1764,35,1
1765,104,1
1766,51,1
1767,56,1
1768,38,1
1769,43,1
1770,58,1
1771,41,1
1772,29,0
1773,144,1
1774,40,1
1775,90,1
1776,78,1
1777,19,1
1778,82,1
1779,90,1
1780,37,1
1781,57,1
1782,94,1
1783,150,1
1784,68,1
1785,90,1
1786,48,1
1787,56,1
1788,71,1
1789,87,1
1790,66,0
1791,48,0
1792,34,0
1793,56,0
1794,63,1
1795,88,1
1796,31,0
1797,50,1
1798,74,1
1799,76,0
1800,69,0
1801,135,1
1802,44,1
1803,54,0
1804,76,1
1805,54,1
1806,63,1
1807,96,1
1808,42,1
1809,51,1
1810,91,1
1811,34,0
1812,158,1
1813,52,0
1814,58,1
1815,35,1
1816,77,1
1817,36,1
1818,76,1
1819,115,1
1820,61,1
1821,74,0
1822,51,1
1823,71,1
1824,104,0
1825,30,1
1826,63,1
1827,49,1
1828,72,0
1829,84,0
1830,147,1
1831,54,1
1832,96,1
1833,41,1
1834,29,0
1835,51,0
1836,84,1
1837,69,1
1838,34,1
1839,46,1
1840,46,1
1841,35,0
1842,66,1
1843,49,1
1844,170,1
1845,33,1
1846,81,1
1847,68,0
1848,106,1
1849,61,1
1850,51,1
1851,47,1
1852,41,1
1853,35,1
1854,105,1
1855,38,1
1856,84,1
1857,81,1
1858,101,1
1859,54,1
1860,76,1
1861,144,1
1862,200,0
1863,38,1
1864,50,1
1865,74,0
1866,27,1
1867,56,0
1868,124,1
1869,62,1
1870,57,0
1871,45,0
1872,197,1
1873,32,1
1874,69,0
1875,151,1
1876,54,1
1877,20,0
1878,200,0
1879,161,1
1880,48,0
1881,43,0
1882,91,1
1883,61,1
1884,37,0
1885,55,1
1886,163,1
1887,142,1
1888,60,1
1889,96,1
1890,137,1
1891,71,1
1892,68,0
1893,71,1
1894,64,1
1895,89,1
1896,47,0
1897,76,1
1898,44,1
1899,53,1
1900,55,0
1901,26,0
1902,95,1
1903,159,0
1904,92,1
1905,92,1
1906,68,1
1907,81,1
1908,200,0
1909,82,1
1910,47,1
1911,134,1
1912,89,1
1913,96,1
1914,94,1
1915,99,1
1916,70,1
1917,37,1
1918,49,1
1919,59,0
1920,79,1
1921,81,1
1922,31,1
1923,113,1
1924,71,1
1925,73,1
1926,38,1
1927,45,1
1928,143,1
1929,155,1
1930,67,1
1931,56,1
1932,114,1
1933,76,0
1934,116,1
1935,52,0
1936,75,1
1937,41,1
1938,54,0
1939,35,0
1940,94,1
1941,27,0
1942,156,1
1943,37,1
1944,79,0
1945,95,1
1946,24,0
1947,50,0
1948,63,1
1949,58,1
1950,92,1
1951,61,0
1952,104,1
1953,167,0
1954,58,0
1955,56,1
1956,200,0
1957,99,1
1958,76,1
1959,92,1
1960,64,1
1961,43,1
1962,58,1
1963,124,1
1964,107,1
1965,79,1
1966,60,1
1967,46,0
1968,85,1
1969,68,0
1970,57,1
1971,96,1
1972,87,0
1973,74,1
1974,48,1
1975,22,1
1976,50,1
1977,114,1
1978,82,1
1979,103,0
1980,54,1
1981,48,1
1982,200,0
1983,113,1
1984,76,1
1985,48,1
1986,42,0
1987,59,1
1988,75,1
1989,67,0
1990,70,1
1991,69,0
1992,51,0
1993,51,1
1994,116,1
1995,166,1
1996,40,1
1997,65,1
1998,59,1
1999,76,1
2000,28,0
2001,77,1
2002,58,0
2003,42,1
2004,121,1
2005,50,0
2006,64,1
2007,57,1
2008,91,1
2009,49,1
2010,50,0
2011,44,0
2012,74,0
2013,177,0
2014,69,1
2015,97,1
2016,80,1
2017,142,1
2018,54,1
2019,54,0
2020,33,0
2021,131,0
2022,54,1
2023,200,0
2024,26,1
2025,166,1
2026,200,0
2027,80,1
2028,175,1
2029,140,1
2030,129,1
2031,67,0
2032,21,0
2033,85,1
2034,159,1
2035,39,1
2036,24,1
2037,76,1
2038,54,1
2039,11,0
2040,29,1
2041,108,1
2042,158,1
2043,84,0
2044,86,1
2045,151,0
2046,81,1
2047,53,1
2048,200,0
2049,80,1
2050,78,1
2051,82,1
2052,139,0
2053,73,0
2054,33,1
2055,55,1
2056,85,1
2057,105,1
2058,95,1
2059,38,1
2060,87,1
2061,147,1
2062,37,1
2063,63,0
2064,34,1
2065,128,1
2066,50,1
2067,200,0
2068,56,1
2069,113,1
2070,92,1
2071,32,1
2072,97,1
2073,75,1
2074,59,0
2075,24,0
2076,86,1
2077,133,1
2078,25,1
2079,84,0
2080,94,1
2081,60,1
2082,40,0
2083,151,1
2084,200,0
2085,148,0
2086,184,1
2087,62,1
2088,200,0
2089,72,0
2090,78,0
2091,82,0
2092,94,1
2093,148,0
2094,142,1
2095,47,1
2096,31,1
2097,65,1
2098,109,1
2099,45,1
2100,28,1
2101,56,1
2102,52,1
2103,56,1
2104,25,1
2105,45,1
2106,43,1
2107,49,0
2108,70,1
2109,57,1
2110,52,0
2111,80,1
2112,70,1
2113,87,1
2114,84,1
2115,107,0
2116,90,1
2117,51,0
2118,34,1
2119,41,1
2120,125,1
2121,24,1
2122,92,1
2123,85,1
2124,154,0
2125,92,1
2126,64,1
2127,98,1
2128,30,1
2129,64,1
2130,95,1
2131,41,1
2132,42,1
2133,120,1
2134,48,1
2135,93,0
2136,42,0
2137,73,1
2138,65,1
2139,95,1
2140,54,1
2141,93,1
2142,31,1
2143,55,1
2144,39,1
2145,200,0
2146,104,1
2147,124,1
2148,80,1
2149,113,1
2150,96,1
2151,42,1
2152,141,1
2153,49,1
2154,40,1
2155,104,1
2156,200,0
2157,41,0
2158,56,1
2159,76,1
2160,66,1
2161,131,1
2162,91,1
2163,114,1
2164,109,1
2165,49,0
2166,76,1
2167,124,1
2168,47,1
2169,33,1
2170,43,1
2171,126,0
2172,48,1
2173,64,1
2174,116,0
2175,89,1
2176,36,1
2177,145,1
2178,32,1
2179,38,0
2180,17,0
2181,39,1
2182,60,1
2183,52,1
2184,89,1
2185,62,0
2186,59,0
2187,49,0
2188,72,1
2189,24,1
2190,67,0
2191,59,0
2192,58,0
2193,86,1
2194,62,0
2195,60,0
2196,28,1
2197,55,1
2198,63,1
2199,102,1
2200,76,0
2201,95,1
2202,43,1
2203,68,1
2204,69,1
2205,54,0
2206,32,1
2207,50,1
2208,90,1
2209,40,0
2210,32,0
2211,48,1
2212,58,1
2213,55,1
2214,52,0
2215,38,0
2216,200,0
2217,59,1
2218,43,1
2219,146,1
2220,58,1
2221,124,1
2222,99,1
2223,42,1
2224,96,1
2225,75,1
2226,66,1
2227,136,1
2228,52,1
2229,41,1
2230,57,1
2231,90,1
2232,140,0
2233,59,1
2234,59,0
2235,59,0
2236,113,1
2237,86,1
2238,73,1
2239,34,1
2240,88,1
2241,63,1
2242,24,0
2243,34,0
2244,66,1
2245,59,1
2246,178,1
2247,49,1
2248,17,1
2249,30,0
2250,45,1
2251,111,1
2252,106,1
2253,48,1
2254,34,1
2255,43,1
2256,52,1
2257,49,0
2258,50,1
2259,29,1
2260,123,1
2261,81,1
2262,36,0
2263,101,1
2264,124,1
2265,119,1
2266,54,1
2267,68,0
2268,101,1
2269,151,1
2270,121,1
2271,87,1
2272,82,0
2273,64,1
2274,82,1
2275,63,0
2276,59,1
2277,175,1
2278,66,1
2279,45,0
2280,116,1
2281,58,1
2282,56,1
2283,39,1
2284,50,1
2285,54,1
2286,90,0
2287,89,1
2288,99,0
2289,90,1
2290,43,1
2291,72,1
2292,43,1
2293,71,0
2294,175,1
2295,69,1
2296,110,0
2297,53,1
2298,20,0
2299,48,1
2300,85,1
2301,89,1
2302,80,1
2303,75,1
2304,113,0
2305,47,1
2306,76,1
2307,63,1
2308,64,1
2309,25,1
2310,62,1
2311,37,1
2312,36,0
2313,46,1
2314,133,1
2315,56,1
2316,39,1
2317,58,0
2318,43,0
2319,103,1
2320,80,0
2321,38,1
2322,56,0
2323,29,0
2324,88,0
2325,73,1
2326,62,1
2327,185,1
2328,43,1
2329,64,1
2330,142,1
2331,82,1
2332,42,1
2333,43,1
2334,120,1
2335,96,1
2336,85,1
2337,45,0
2338,91,1
2339,55,1
2340,89,1
2341,77,0
2342,21,0
2343,56,1
2344,89,1
2345,52,1
2346,86,1
2347,66,0
2348,66,0
2349,86,1
2350,28,0
2351,93,1
2352,50,1
2353,200,0
2354,90,1
2355,78,1
2356,97,1
2357,64,1
2358,150,1
2359,54,1
2360,76,0
2361,44,1
2362,151,1
2363,43,0
2364,39,1
2365,96,1
2366,38,1
2367,115,1
2368,98,1
2369,68,1
2370,97,1
2371,74,1
2372,64,1
2373,139,1
2374,32,1
2375,104,1
2376,47,0
2377,158,1
2378,144,0
2379,51,0
2380,53,1
2381,178,0
2382,116,1
2383,81,0
2384,46,1
2385,34,1
2386,72,0
2387,49,1
2388,89,1
2389,131,1
2390,38,1
2391,51,1
2392,77,1
2393,29,1
2394,20,1
2395,52,0
2396,63,1
2397,61,0
2398,57,1
2399,80,1
2400,22,1
2401,28,1
2402,105,1
2403,27,1
2404,86,1
2405,94,1
2406,46,1
2407,90,0
2408,18,0
2409,81,1
2410,103,1
2411,44,1
2412,56,1
2413,72,1
2414,55,1
2415,36,1
2416,57,1
2417,38,1
2418,115,0
2419,61,0
2420,56,1
2421,105,1
2422,86,1
2423,85,1
2424,91,1
2425,37,1
2426,63,1
2427,56,0
2428,91,0
2429,112,0
2430,119,1
2431,45,1
2432,40,1
2433,23,0
2434,34,1
2435,150,0
2436,101,1
2437,79,0
2438,78,0
2439,62,0
2440,39,1
2441,72,1
2442,68,1
2443,83,1
2444,63,1
2445,85,1
2446,15,0
2447,65,1
2448,13,0
2449,118,1
2450,65,1
2451,57,1
2452,31,0
2453,58,0
2454,95,1
2455,117,1
2456,36,1
2457,103,1
2458,93,0
2459,67,1
2460,49,1
2461,64,1
2462,85,1
2463,122,1
2464,62,1
2465,69,1
2466,58,1
2467,42,1
2468,92,1
2469,68,1
2470,75,1
2471,101,1
2472,44,1
2473,124,1
2474,62,1
2475,62,1
2476,45,1
2477,71,1
2478,66,1
2479,90,0
2480,61,0
2481,41,0
2482,85,0
2483,69,0
2484,85,1
2485,70,1
2486,79,1
2487,33,0
2488,35,1
2489,32,1
2490,116,1
2491,131,0
2492,70,1
2493,99,1
2494,86,1
2495,108,0
2496,112,0
2497,98,1
2498,44,0
2499,200,0
2500,61,1
2501,74,1
2502,21,0
2503,96,1
2504,100,0
2505,48,1
2506,174,1
2507,118,0
2508,117,1
2509,137,1
2510,61,1
2511,46,1
2512,55,1
2513,67,1
2514,115,1
2515,43,1
2516,99,1
2517,49,1
2518,61,1
2519,37,1
2520,106,1
2521,23,1
2522,200,0
2523,21,0
2524,149,1
2525,34,0
2526,111,1
2527,75,1
2528,57,0
2529,145,1
2530,74,1
2531,29,1
2532,53,1
2533,56,1
2534,77,1
2535,41,0
2536,90,1
2537,21,0
2538,72,1
2539,107,1
2540,186,1
2541,183,0
2542,25,1
2543,110,1
2544,45,0
2545,85,1
2546,105,1
2547,54,1
2548,57,0
2549,67,1
2550,75,1
2551,62,1
2552,95,1
2553,50,1
2554,99,1
2555,62,1
2556,148,1
2557,43,1
2558,56,0
2559,49,1
2560,28,0
2561,78,1
2562,200,0
2563,38,1
2564,51,0
2565,41,1
2566,88,1
2567,80,1
2568,95,0
2569,53,0
2570,28,0
2571,155,1
2572,87,1
2573,77,0
2574,59,0
2575,115,0
2576,36,1
2577,115,1
2578,95,1
2579,105,0
2580,86,1
2581,58,1
2582,39,1
2583,200,0
2584,43,1
2585,70,1
2586,81,1
2587,92,1
2588,108,1
2589,200,0
2590,105,1
2591,63,0
2592,90,0
2593,66,1
2594,31,1
2595,50,0
2596,55,1
2597,200,0
2598,61,1
2599,77,1
2600,102,0
2601,47,1
2602,47,1
2603,120,0
2604,96,1
2605,82,1
2606,58,1
2607,31,0
2608,165,1
2609,71,1
2610,50,0
2611,45,1
2612,60,1
2613,46,1
2614,48,1
2615,82,1
2616,74,0
2617,53,1
2618,49,1
2619,82,0
2620,123,1
2621,79,1
2622,42,0
2623,50,1
2624,133,1
2625,78,1
2626,61,1
2627,44,1
2628,35,0
2629,53,1
2630,32,0
2631,52,1
2632,30,0
2633,144,1
2634,49,1
2635,90,1
2636,136,1
2637,34,1
2638,43,1
2639,94,1
2640,70,0
2641,61,1
2642,84,1
2643,22,1
2644,38,1
2645,152,1
2646,25,1
2647,66,0
2648,60,1
2649,47,1
2650,38,1
2651,25,0
2652,53,0
2653,156,1
2654,52,1
2655,39,1
2656,76,0
2657,88,1
2658,47,1
2659,50,1
2660,69,1
2661,184,1
2662,52,1
2663,120,1
2664,54,0
2665,30,1
2666,126,1
2667,34,1
2668,57,1
2669,107,1
2670,136,1
2671,75,1
2672,98,1
2673,56,1
2674,43,1
2675,45,0
2676,85,1
2677,55,0
2678,43,0
2679,51,1
2680,68,1
2681,41,1
2682,112,1
2683,43,1
2684,93,1
2685,74,1
2686,91,1
2687,23,1
2688,49,0
2689,84,1
2690,58,1
2691,111,1
2692,154,1
2693,62,0
2694,51,1
2695,55,1
2696,90,1
2697,53,1
2698,50,1
2699,51,0
2700,46,1
2701,59,0
2702,147,1
2703,53,0
2704,100,1
2705,67,0
2706,62,0
2707,50,1
2708,93,1
2709,17,0
2710,106,1
2711,98,1
2712,33,0
2713,26,0
2714,62,1
2715,93,1
2716,59,1
2717,46,1
2718,59,1
2719,64,1
2720,42,0
2721,45,1
2722,26,0
2723,116,1
2724,94,1
2725,161,1
2726,23,1
2727,112,1
2728,96,1
2729,59,1
2730,44,0
2731,46,1
2732,126,1
2733,71,1
2734,86,1
2735,48,0
2736,21,0
2737,64,1
2738,70,1
2739,73,1
2740,21,0
2741,42,1
2742,62,1
2743,156,1
2744,60,1
2745,87,1
2746,25,1
2747,163,1
2748,68,1
2749,45,1
2750,30,1
2751,52,1
2752,115,1
2753,121,0
2754,72,1
2755,71,1
2756,61,0
2757,36,0
2758,78,0
2759,30,0
2760,67,1
2761,156,1
2762,113,1
2763,72,1
2764,28,1
2765,67,1
2766,77,1
2767,51,1
2768,131,0
2769,179,0
2770,118,1
2771,64,1
2772,67,1
2773,62,1
2774,78,1
2775,57,0
2776,119,1
2777,43,1
2778,81,0
2779,48,1
2780,48,1
2781,38,1
2782,102,1
2783,139,1
2784,37,0
2785,79,0
2786,61,1
2787,46,0
2788,39,1
2789,101,1
2790,48,1
2791,37,1
2792,19,1
2793,53,1
2794,53,1
2795,62,1
2796,101,1
2797,50,0
2798,200,0
2799,117,1
2800,66,0
2801,47,0
2802,200,0
2803,36,1
2804,85,1
2805,52,1
2806,173,1
2807,81,1
2808,13,0
2809,118,1
2810,50,1
2811,51,0
2812,27,0
2813,64,0
2814,69,1
2815,41,1
2816,27,0
2817,47,1
2818,49,1
2819,23,1
2820,29,1
2821,73,1
2822,22,0
2823,122,0
2824,42,0
2825,34,1
2826,79,1
2827,98,0
2828,79,1
2829,91,1
2830,56,1
2831,150,0
2832,111,1
2833,27,1
2834,76,1
2835,61,1
2836,59,0
2837,81,1
2838,65,0
2839,124,0
2840,135,0
2841,44,1
2842,56,1
2843,200,0
2844,65,1
2845,124,1
2846,44,1
2847,41,0
2848,64,0
2849,40,1
2850,170,1
2851,68,1
2852,30,0
2853,67,1
2854,60,1
2855,50,0
2856,108,0
2857,46,1
2858,26,1
2859,99,1
2860,32,0
2861,33,1
2862,149,0
2863,69,1
2864,76,1
2865,65,1
2866,32,1
2867,99,1
2868,55,1
2869,39,1
2870,85,1
2871,51,1
2872,30,1
2873,116,1
2874,80,1
2875,53,1
2876,26,1
2877,50,0
2878,151,1
2879,116,1
2880,64,1
2881,20,0
2882,95,0
2883,78,1
2884,74,1
2885,21,0
2886,25,0
2887,59,1
2888,79,1
2889,79,1
2890,54,0
2891,63,1
2892,95,1
2893,105,1
2894,49,1
2895,49,0
2896,57,1
2897,58,1
2898,33,0
2899,57,0
2900,104,1
2901,54,0
2902,58,0
2903,80,0
2904,50,1
2905,34,1
2906,49,1
2907,85,1
2908,75,1
2909,41,1
2910,43,1
2911,136,1
2912,28,1
2913,59,1
2914,22,0
2915,125,1
2916,66,1
2917,57,1
2918,74,0
2919,180,1
2920,109,1
2921,53,1
2922,43,0
2923,146,1
2924,31,1
2925,33,1
2926,49,1
2927,38,1
2928,95,1
2929,127,1
2930,63,1
2931,103,0
2932,32,0
2933,40,0
2934,62,1
2935,48,0
2936,28,1
2937,95,1
2938,52,0
2939,56,1
2940,69,0
2941,58,0
2942,58,1
2943,30,1
2944,40,1
2945,104,1
2946,126,1
2947,94,0
2948,67,1
2949,200,0
2950,97,1
2951,38,1
2952,48,1
2953,68,1
2954,64,1
2955,76,1
2956,79,1
2957,44,1
2958,57,0
2959,54,1
2960,63,1
2961,39,1
2962,53,1
2963,106,1
2964,106,1
2965,35,1
2966,26,0
2967,24,1
2968,16,0
2969,58,0
2970,63,1
2971,99,1
2972,74,0
2973,50,1
2974,166,1
2975,43,0
2976,191,1
2977,173,1
2978,86,1
2979,71,1
2980,24,1
2981,200,0
2982,63,1
2983,112,0
2984,101,0
2985,34,0
2986,32,1
2987,65,1
2988,159,1
2989,184,1
2990,22,0
2991,37,0
2992,91,1
2993,140,1
2994,142,1
2995,76,0
2996,72,0
2997,62,1
2998,40,0
2999,107,1
3000,28,0
3001,200,0
3002,108,0
3003,35,1
3004,57,1
3005,26,1
3006,123,1
3007,56,1
3008,77,1
3009,153,1
3010,50,0
3011,33,0
3012,130,1
3013,85,1
3014,104,1
3015,115,1
3016,106,1
3017,62,1
3018,14,0
3019,29,1
3020,66,1
3021,97,1
3022,26,0
3023,84,1
3024,43,1
3025,91,1
3026,68,1
3027,49,1
3028,35,1
3029,47,1
3030,89,1
3031,90,1
3032,60,1
3033,141,0
3034,180,1
3035,60,1
3036,50,0
3037,79,0
3038,128,1
3039,17,0
3040,59,1
3041,94,1
3042,44,0
3043,51,0
3044,112,1
3045,71,0
3046,110,0
3047,28,0
3048,41,1
3049,67,1
3050,70,1
3051,84,1
3052,135,1
3053,62,1
3054,41,1
3055,71,0
3056,94,1
3057,40,1
3058,52,1
3059,75,0
3060,38,1
3061,70,1
3062,138,1
3063,66,0
3064,100,0
3065,48,1
3066,39,1
3067,39,1
3068,79,1
3069,54,1
3070,46,0
3071,127,1
3072,200,0
3073,196,1
3074,107,1
3075,30,1
3076,84,1
3077,65,1
3078,69,1
3079,89,0
3080,92,1
3081,60,1
3082,48,0
3083,146,1
3084,37,0
3085,110,0
3086,41,0
3087,73,0
3088,52,1
3089,52,1
3090,35,1
3091,46,0
3092,80,1
3093,182,1
3094,105,1
3095,122,1
3096,64,1
3097,91,0
3098,64,1
3099,49,1
3100,69,1
3101,79,1
3102,52,1
3103,35,1
3104,44,0
3105,85,1
3106,62,1
3107,36,1
3108,72,1
3109,159,1
3110,31,0
3111,55,1
3112,83,0
3113,108,1
3114,61,0
3115,53,1
3116,47,1
3117,157,0
3118,54,1
3119,59,1
3120,32,1
3121,44,0
3122,156,1
3123,109,0
3124,83,0
3125,80,1
3126,45,1
3127,43,1
3128,151,1
3129,200,0
3130,63,1
3131,77,1
3132,72,1
3133,51,1
3134,79,1
3135,29,0
3136,105,1
3137,29,1
3138,41,0
3139,51,1
3140,54,1
3141,38,1
3142,82,1
3143,88,1
3144,134,1
3145,28,0
3146,52,1
3147,60,0
3148,72,1
3149,70,1
3150,114,0
3151,52,1
3152,171,1
3153,73,0
3154,111,1
3155,111,1
3156,66,1
3157,53,1
3158,47,1
3159,67,1
3160,96,1
3161,183,1
3162,72,1
3163,90,1
3164,79,1
3165,34,1
3166,54,1
3167,30,0
3168,67,1
3169,108,1
3170,76,1
3171,46,1
3172,67,1
3173,176,1
3174,52,1
3175,60,1
3176,99,1
3177,54,1
3178,68,1
3179,45,1
3180,85,1
3181,23,1
3182,68,1
3183,74,0
3184,72,1
3185,40,1
3186,42,1
3187,188,0
3188,55,1
3189,32,1
3190,37,1
3191,113,1
3192,65,1
3193,200,0
3194,56,1
3195,28,0
3196,109,1
3197,61,1
3198,39,1
3199,84,1
3200,96,1
3201,76,0
3202,41,1
3203,137,1
3204,96,1
3205,54,1
3206,90,1
3207,54,1
3208,200,0
3209,13,0
3210,67,1
3211,89,1
3212,160,1
3213,61,0
3214,45,1
3215,62,0
3216,41,0
3217,90,1
3218,83,1
3219,66,1
3220,42,1
3221,112,1
3222,44,1
3223,75,1
3224,45,1
3225,58,1
3226,28,1
3227,82,1
3228,98,1
3229,184,1
3230,105,1
3231,68,1
3232,170,1
3233,25,1
3234,74,1
3235,32,1
3236,72,1
3237,38,1
3238,82,1
3239,65,1
3240,66,1
3241,48,1
3242,41,1
3243,56,1
3244,163,1
3245,74,0
3246,80,1
3247,117,1
3248,88,1
3249,80,1
3250,107,1
3251,49,0
3252,88,1
3253,75,1
3254,66,0
3255,105,0
3256,57,0
3257,77,1
3258,20,0
3259,92,0
3260,78,1
3261,69,1
3262,133,1
3263,147,1
3264,21,0
3265,52,1
3266,43,1
3267,46,1
3268,70,1
3269,116,0
3270,82,1
3271,64,1
3272,37,0
3273,73,1
3274,75,1
3275,10,0
3276,138,1
3277,36,0
3278,52,1
3279,50,1
3280,48,1
3281,61,1
3282,93,1
3283,70,0
3284,121,1
3285,67,1
3286,48,0
3287,48,0
3288,94,1
3289,35,0
3290,18,0
3291,48,0
3292,41,0
3293,64,1
3294,56,0
3295,97,1
3296,30,1
3297,81,0
3298,69,1
3299,142,1
3300,58,1
3301,64,0
3302,89,1
3303,42,0
3304,73,1
3305,122,1
3306,71,1
3307,95,1
3308,147,0
3309,90,0
3310,74,1
3311,32,1
3312,200,0
3313,153,1
3314,193,0
3315,64,1
3316,81,1
3317,48,1
3318,98,0
3319,101,0
3320,59,1
3321,58,1
3322,71,0
3323,161,1
3324,61,1
3325,144,1
3326,63,1
3327,97,0
3328,32,1
3329,112,1
3330,103,1
3331,93,0
3332,46,0
3333,63,1
3334,46,1
3335,23,1
3336,143,0
3337,116,1
3338,55,0
3339,152,1
3340,81,1
3341,56,1
3342,45,0
3343,65,1
3344,166,1
3345,70,0
3346,112,1
3347,68,0
3348,85,1
3349,66,1
3350,76,0
3351,38,1
3352,31,0
3353,45,1
3354,48,1
3355,114,1
3356,62,1
3357,32,0
3358,56,1
3359,54,0
3360,59,1
3361,67,1
3362,50,0
3363,175,1
3364,48,1
3365,171,0
3366,94,1
3367,48,1
3368,47,1
3369,56,1
3370,41,1
3371,30,0
3372,78,1
3373,151,1
3374,127,1
3375,84,1
3376,162,1
3377,42,0
3378,49,0
3379,100,1
3380,74,1
3381,112,1
3382,111,1
3383,48,1
3384,38,1
3385,123,0
3386,59,1
3387,39,1
3388,55,0
3389,83,1
3390,31,1
3391,105,0
3392,77,1
3393,24,0
3394,49,0
3395,86,0
3396,22,0
3397,181,0
3398,98,1
3399,90,1
3400,64,0
3401,39,0
3402,130,1
3403,200,0
3404,42,1
3405,197,0
3406,40,1
3407,40,0
3408,68,1
3409,67,0
3410,78,1
3411,57,1
3412,78,1
3413,51,1
3414,43,1
3415,52,1
3416,46,1
3417,17,0
3418,86,1
3419,41,1
3420,32,1
3421,124,1
3422,72,1
3423,51,0
3424,55,1
3425,60,1
3426,46,0
3427,42,1
3428,124,1
3429,95,1
3430,48,1
3431,78,1
3432,39,1
3433,46,1
3434,115,0
3435,66,1
3436,50,0
3437,74,1
3438,19,0
3439,119,0
3440,43,1
3441,49,1
3442,86,1
3443,59,1
3444,70,1
3445,44,0
3446,22,0
3447,24,0
3448,65,1
3449,39,1
3450,47,1
3451,82,0
3452,52,0
3453,139,1
3454,148,1
3455,62,1
3456,28,1
3457,36,1
3458,44,1
3459,38,0
3460,54,1
3461,63,1
3462,49,1
3463,54,1
3464,47,1
3465,43,0
3466,112,1
3467,135,1
3468,65,0
3469,49,1
3470,49,1
3471,43,1
3472,95,1
3473,75,1
3474,72,1
3475,100,1
3476,87,1
3477,144,1
3478,122,1
3479,31,0
3480,45,0
3481,66,0
3482,68,1
3483,49,0
3484,96,1
3485,97,1
3486,132,1
3487,50,1
3488,29,1
3489,117,0
3490,56,1
3491,49,1
3492,96,0
3493,21,0
3494,126,1
3495,94,1
3496,65,1
3497,61,1
3498,93,0
3499,158,0
3500,69,1
3501,46,1
3502,108,1
3503,70,1
3504,96,1
3505,72,1
3506,107,1
3507,69,0
3508,84,1
3509,50,1
3510,51,1
3511,148,1
3512,66,1
3513,34,1
3514,79,1
3515,101,1
3516,147,1
3517,163,1
3518,34,0
3519,51,0
3520,93,1
3521,44,1
3522,132,1
3523,103,0
3524,57,1
3525,109,1
3526,94,1
3527,47,1
3528,42,0
3529,50,1
3530,137,1
3531,56,1
3532,113,1
3533,118,1
3534,139,0
3535,85,0
3536,101,0
3537,55,1
3538,105,1
3539,80,1
3540,75,1
3541,73,0
3542,128,0
3543,49,0
3544,88,1
3545,64,1
3546,19,0
3547,86,0
3548,110,1
3549,89,1
3550,53,1
3551,175,1
3552,99,1
3553,57,1
3554,146,1
3555,63,0
3556,37,0
3557,67,1
3558,81,1
3559,89,1
3560,137,0
3561,72,1
3562,47,0
3563,36,1
3564,57,1
3565,64,1
3566,36,1
3567,37,0
3568,67,1
3569,122,1
3570,77,1
3571,47,1
3572,45,1
3573,141,1
3574,93,1
3575,91,1
3576,64,1
3577,32,0
3578,34,1
3579,167,1
3580,95,1
3581,73,1
3582,67,1
3583,90,0
3584,29,0
3585,121,1
3586,49,1
3587,47,1
3588,51,1
3589,200,0
3590,31,0
3591,108,0
3592,77,1
3593,75,1
3594,41,0
3595,73,1
3596,60,1
3597,108,1
3598,80,1
3599,67,1
3600,144,0
3601,81,0
3602,22,0
3603,21,0
3604,27,1
3605,32,0
3606,100,1
3607,87,0
3608,67,1
3609,103,1
3610,127,1
3611,135,0
3612,74,1
3613,69,1
3614,49,1
3615,92,1
3616,181,1
3617,45,0
3618,35,0
3619,48,1
3620,46,1
3621,37,1
3622,111,1
3623,113,1
3624,24,0
3625,56,1
3626,45,0
3627,47,1
3628,168,1
3629,184,1
3630,104,1
3631,74,1
3632,104,0
3633,51,1
3634,55,1
3635,82,1
3636,74,0
3637,58,1
3638,51,1
3639,129,1
3640,96,1
3641,57,1
3642,45,0
3643,105,1
3644,76,1
3645,116,1
3646,69,0
3647,53,1
3648,127,1
3649,123,1
3650,61,1
3651,149,0
3652,39,1
3653,59,0
3654,33,1
3655,31,1
3656,109,1
3657,97,1
3658,75,1
3659,59,0
3660,49,0
3661,58,0
3662,72,1
3663,200,0
3664,86,0
3665,24,0
3666,14,0
3667,55,0
3668,76,1
3669,88,1
3670,66,1
3671,77,1
3672,32,0
3673,62,1
3674,72,1
3675,62,1
3676,29,1
3677,156,1
3678,105,1
3679,85,1
3680,68,1
3681,19,0
3682,34,1
3683,66,1
3684,75,1
3685,62,0
3686,34,1
3687,80,1
3688,200,1
3689,37,1
3690,50,1
3691,130,1
3692,30,1
3693,42,1
3694,133,1
3695,111,0
3696,34,0
3697,124,1
3698,58,1
3699,42,1
3700,146,1
3701,118,1
3702,134,1
3703,84,1
3704,99,1
3705,63,1
3706,28,0
3707,77,1
3708,26,0
3709,61,1
3710,59,0
3711,76,1
3712,96,1
3713,50,1
3714,65,1
3715,77,1
3716,31,1
3717,90,1
3718,89,1
3719,82,0
3720,200,0
3721,31,1
3722,69,1
3723,53,0
3724,71,1
3725,48,1
3726,57,0
3727,110,1
3728,80,1
3729,67,1
3730,129,1
3731,148,0
3732,66,1
3733,82,1
3734,88,1
3735,200,0
3736,200,0
3737,38,0
3738,72,1
3739,78,1
3740,98,1
3741,85,0
3742,52,1
3743,50,1
3744,54,1
3745,77,0
3746,83,0
3747,89,0
3748,63,0
3749,76,0
3750,161,0
3751,155,1
3752,21,0
3753,40,0
3754,79,1
3755,47,0
3756,99,1
3757,79,1
3758,31,0
3759,38,1
3760,31,1
3761,60,1
3762,29,0
3763,98,1
3764,114,1
3765,71,1
3766,64,1
3767,79,1
3768,92,0
3769,75,1
3770,166,1
3771,51,0
3772,31,1
3773,39,1
3774,41,0
3775,150,1
3776,112,1
3777,80,1
3778,43,1
3779,58,1
3780,46,1
3781,37,0
3782,55,1
3783,67,1
3784,43,1
3785,127,0
3786,155,0
3787,92,1
3788,52,1
3789,146,1
3790,79,1
3791,78,1
3792,48,0
3793,102,1
3794,111,0
3795,65,1
3796,73,1
3797,58,1
3798,32,1
3799,97,1
3800,47,1
3801,45,1
3802,200,0
3803,88,1
3804,103,1
3805,28,0
3806,21,1
3807,35,0
3808,88,1
3809,92,1
3810,76,1
3811,17,0
3812,62,1
3813,74,1
3814,49,0
3815,41,1
3816,80,1
3817,52,1
3818,97,0
3819,104,1
3820,44,1
3821,86,1
3822,61,1
3823,67,1
3824,90,1
3825,70,1
3826,166,1
3827,100,1
3828,59,1
3829,180,1
3830,57,1
3831,100,1
3832,30,0
3833,53,1
3834,106,1
3835,200,0
3836,41,1
3837,172,1
3838,57,1
3839,83,1
3840,89,0
3841,56,1
3842,52,0
3843,41,1
3844,71,1
3845,200,0
3846,72,1
3847,59,0
3848,137,1
3849,16,0
3850,129,0
3851,60,1
3852,60,1
3853,47,1
3854,22,0
3855,114,1
3856,88,1
3857,81,1
3858,144,1
3859,66,1
3860,69,0
3861,26,0
3862,89,1
3863,39,1
3864,45,1
3865,43,1
3866,54,1
3867,59,1
3868,63,1
3869,63,1
3870,24,1
3871,50,1
3872,75,1
3873,71,0
3874,55,1
3875,106,0
3876,38,1
3877,105,1
3878,37,0
3879,94,1
3880,35,0
3881,36,0
3882,87,0
3883,65,1
3884,31,1
3885,33,0
3886,48,0
3887,89,1
3888,33,1
3889,71,1
3890,63,1
3891,38,1
3892,62,0
3893,124,1
3894,143,1
3895,42,1
3896,126,1
3897,126,1
3898,34,1
3899,56,1
3900,102,1
3901,93,1
3902,200,0
3903,54,1
3904,105,1
3905,93,1
3906,178,1
3907,200,0
3908,120,1
3909,81,1
3910,106,1
3911,42,0
3912,115,1
3913,104,1
3914,100,1
3915,68,1
3916,23,0
3917,122,1
3918,103,0
3919,50,1
3920,40,1
3921,92,1
3922,46,1
3923,77,1
3924,117,1
3925,164,0
3926,62,1
3927,63,1
3928,72,1
3929,53,1
3930,92,1
3931,194,1
3932,62,1
3933,200,0
3934,140,1
3935,88,1
3936,63,1
3937,42,1
3938,70,1
3939,168,0
3940,44,0
3941,77,1
3942,60,1
3943,43,1
3944,91,1
3945,84,0
3946,122,1
3947,125,1
3948,126,0
3949,51,1
3950,60,0
3951,94,0
3952,39,1
3953,72,0
3954,47,1
3955,101,1
3956,79,1
3957,59,1
3958,31,0
3959,56,0
3960,47,1
3961,103,1
3962,58,1
3963,67,1
3964,132,0
3965,39,0
3966,61,1
3967,97,1
3968,49,1
3969,60,1
3970,51,0
3971,106,1
3972,91,1
3973,50,1
3974,44,1
3975,119,0
3976,80,1
3977,91,0
3978,108,1
3979,60,0
3980,47,1
3981,103,1
3982,53,0
3983,137,1
3984,50,1
3985,64,1
3986,58,1
3987,62,1
3988,49,0
3989,67,0
3990,19,1
3991,70,1
3992,68,1
3993,107,1
3994,143,1
3995,88,0
3996,87,1
3997,83,1
3998,77,1
3999,86,1
4000,134,0
4001,44,1
4002,160,1
4003,59,1
4004,46,1
4005,48,1
4006,62,1
4007,114,1
4008,50,1
4009,82,0
4010,56,0
4011,41,0
4012,67,0
4013,169,1
4014,34,1
4015,80,1
4016,39,1
4017,108,1
4018,102,1
4019,55,1
4020,85,0
4021,87,0
4022,159,0
4023,32,1
4024,176,1
4025,36,0
4026,64,1
4027,59,1
4028,74,1
4029,29,0
4030,74,1
4031,47,1
4032,88,1
4033,21,1
4034,70,1
4035,67,1
4036,98,1
4037,88,1
4038,56,1
4039,173,0
4040,48,1
4041,52,1
4042,55,1
4043,121,1
4044,81,1
4045,84,0
4046,31,1
4047,95,1
4048,76,1
4049,94,1
4050,32,0
4051,162,0
4052,91,1
4053,28,1
4054,71,0
4055,24,1
4056,97,1
4057,29,1
4058,38,1
4059,41,1
4060,95,1
4061,147,1
4062,63,0
4063,21,0
4064,54,0
4065,27,1
4066,68,1
4067,120,1
4068,48,1
4069,63,1
4070,200,0
4071,52,1
4072,132,1
4073,57,1
4074,100,1
4075,82,1
4076,41,1
4077,47,0
4078,144,1
4079,54,0
4080,79,1
4081,83,1
4082,52,1
4083,200,0
4084,40,1
4085,45,1
4086,77,1
4087,57,1
4088,68,1
4089,141,1
4090,37,0
4091,52,1
4092,75,1
4093,45,1
4094,62,0
4095,181,1
4096,53,1
4097,128,0
4098,50,1
4099,57,1
4100,43,0
4101,51,0
4102,80,0
4103,73,1
4104,44,1
4105,113,1
4106,70,0
4107,80,1
4108,46,1
4109,61,1
4110,49,0
4111,74,1
4112,129,1
4113,24,0
4114,43,1
4115,98,1
4116,35,1
4117,121,0
4118,35,1
4119,67,1
4120,69,0
4121,58,1
4122,64,1
4123,88,0
4124,41,1
4125,103,0
4126,54,0
4127,55,1
4128,41,1
4129,92,0
4130,139,1
4131,25,0
4132,66,1
4133,121,0
4134,32,0
4135,189,1
4136,69,1
4137,22,0
4138,82,1
4139,44,1
4140,128,1
4141,45,1
4142,200,0
4143,74,0
4144,25,0
4145,61,1
4146,69,1
4147,56,1
4148,70,1
4149,165,1
4150,108,1
4151,55,1
4152,63,1
4153,28,1
4154,31,1
4155,57,1
4156,113,1
4157,113,1
4158,91,1
4159,109,1
4160,134,1
4161,41,1
4162,82,1
4163,72,0
4164,37,1
4165,82,1
4166,60,0
4167,200,0
4168,33,0
4169,46,0
4170,87,1
4171,29,1
4172,48,1
4173,66,1
4174,97,1
4175,47,1
4176,128,1
4177,100,1
4178,107,1
4179,34,0
4180,105,1
4181,38,1
4182,73,1
4183,97,1
4184,44,1
4185,131,1
4186,35,0
4187,39,0
4188,135,0
4189,58,1
4190,84,1
4191,51,1
4192,51,1
4193,80,1
4194,164,1
4195,135,1
4196,21,0
4197,102,1
4198,64,1
4199,109,1
4200,98,1
4201,93,1
4202,78,1
4203,70,1
4204,59,1
4205,60,0
4206,25,0
4207,65,1
4208,42,1
4209,124,1
4210,72,1
4211,93,0
4212,168,1
4213,119,1
4214,71,1
4215,88,1
4216,83,1
4217,48,1
4218,96,1
4219,29,0
4220,123,0
4221,109,0
4222,161,0
4223,57,1
4224,87,1
4225,61,0
4226,51,1
4227,81,1
4228,119,0
4229,29,0
4230,106,1
4231,68,0
4232,10,0
4233,42,0
4234,69,0
4235,142,0
4236,84,0
4237,42,0
4238,74,1
4239,41,1
4240,44,1
4241,44,1
4242,162,1
4243,157,0
4244,113,1
4245,54,0
4246,161,1
4247,128,1
4248,84,0
4249,52,1
4250,42,1
4251,70,1
4252,124,1
4253,32,0
4254,73,0
4255,80,1
4256,16,0
4257,61,1
4258,45,1
4259,56,0
4260,67,1
4261,32,1
4262,48,0
4263,57,1
4264,51,1
4265,200,0
4266,47,0
4267,39,1
4268,66,1
4269,54,0
4270,82,1
4271,79,1
4272,141,1
4273,84,1
4274,70,0
4275,61,1
4276,64,1
4277,94,1
4278,106,0
4279,36,0
4280,89,1
4281,48,1
4282,100,1
4283,131,1
4284,107,1
4285,32,0
4286,42,1
4287,57,1
4288,69,1
4289,59,1
4290,116,1
4291,118,0
4292,200,0
4293,54,1
4294,39,1
4295,103,1
4296,76,1
4297,102,1
4298,53,1
4299,87,1
4300,84,1
4301,78,1
4302,139,1
4303,68,1
4304,99,0
4305,66,1
4306,200,0
4307,57,0
4308,108,1
4309,102,1
4310,76,1
4311,136,1
4312,70,1
4313,74,0
4314,46,1
4315,131,1
4316,53,0
4317,57,1
4318,172,1
4319,34,1
4320,46,0
4321,153,1
4322,40,0
4323,120,0
4324,99,1
4325,75,1
4326,39,1
4327,109,1
4328,40,0
4329,43,1
4330,27,0
4331,51,0
4332,90,1
4333,96,1
4334,85,1
4335,93,1
4336,200,0
4337,100,1
4338,66,0
4339,89,1
4340,82,1
4341,11,0
4342,94,0
4343,107,1
4344,94,1
4345,36,0
4346,57,0
4347,65,1
4348,144,1
4349,101,1
4350,52,1
4351,129,0
4352,65,1
4353,167,0
4354,150,1
4355,57,1
4356,53,0
4357,89,1
4358,56,1
4359,58,0
4360,39,1
4361,108,1
4362,117,1
4363,98,1
4364,48,0
4365,200,0
4366,57,0
4367,56,0
4368,37,1
4369,64,1
4370,91,0
4371,105,0
4372,108,0
4373,63,1
4374,130,1
4375,82,0
4376,71,1
4377,60,1
4378,64,1
4379,53,1
4380,54,0
4381,76,1
4382,119,1
4383,65,1
4384,106,1
4385,175,1
4386,20,0
4387,75,1
4388,51,0
4389,176,1
4390,84,0
4391,136,0
4392,74,1
4393,49,0
4394,115,1
4395,52,1
4396,47,1
4397,65,1
4398,131,1
4399,53,0
4400,48,1
4401,112,1
4402,103,1
4403,120,1
4404,38,1
4405,200,0
4406,48,0
4407,179,1
4408,168,1
4409,73,0
4410,51,0
4411,152,1
4412,79,0
4413,31,1
4414,107,0
4415,47,0
4416,26,1
4417,75,0
4418,41,1
4419,58,1
4420,47,0
4421,79,1
4422,27,0
4423,121,1
4424,52,0
4425,61,1
4426,46,1
4427,70,1
4428,86,1
4429,11,0
4430,158,0
4431,19,0
4432,14,0
4433,32,1
4434,81,1
4435,70,1
4436,112,1
4437,88,1
4438,145,1
4439,56,1
4440,90,1
4441,62,1
4442,119,0
4443,42,0
4444,57,1
4445,63,1
4446,156,1
4447,66,1
4448,62,1
4449,59,1
4450,27,0
4451,30,1
4452,43,1
4453,51,1
4454,81,1
4455,76,1
4456,57,0
4457,32,1
4458,64,0
4459,72,0
4460,77,1
4461,46,0
4462,46,1
4463,21,0
4464,92,1
4465,99,0
4466,78,0
4467,81,1
4468,83,1
4469,52,1
4470,112,1
4471,143,1
4472,194,1
4473,80,1
4474,103,1
4475,43,1
4476,49,0
4477,50,0
4478,31,0
4479,200,0
4480,57,1
4481,65,1
4482,28,1
4483,108,0
4484,44,1
4485,81,1
4486,141,1
4487,52,0
4488,40,0
4489,166,1
4490,67,1
4491,79,1
4492,112,1
4493,58,1
4494,36,1
4495,32,1
4496,43,0
4497,56,1
4498,46,0
4499,95,0
4500,79,1
4501,37,0
4502,23,0
4503,67,0
4504,200,0
4505,53,1
4506,103,1
4507,200,0
4508,79,0
4509,72,1
4510,153,1
4511,54,1
4512,35,1
4513,34,1
4514,28,0
4515,86,1
4516,32,1
4517,52,1
4518,52,1
4519,66,1
4520,25,0
4521,49,0
4522,106,1
4523,56,0
4524,104,1
4525,34,0
4526,89,1
4527,77,1
4528,112,1
4529,77,1
4530,167,1
4531,30,1
4532,87,1
4533,152,1
4534,57,1
4535,134,0
4536,46,1
4537,48,1
4538,61,0
4539,104,1
4540,59,1
4541,108,1
4542,105,1
4543,51,1
4544,58,1
4545,53,1
4546,47,1
4547,72,1
4548,46,1
4549,90,1
4550,80,1
4551,62,1
4552,107,1
4553,39,1
4554,62,1
4555,51,1
4556,39,1
4557,32,1
4558,56,0
4559,53,0
4560,176,0
4561,83,1
4562,67,1
4563,116,1
4564,163,0
4565,114,1
4566,86,1
4567,29,0
4568,138,0
4569,43,1
4570,24,0
4571,72,0
4572,41,1
4573,40,1
4574,41,1
4575,55,0
4576,105,1
4577,57,1
4578,50,1
4579,113,1
4580,73,1
4581,62,1
4582,53,1
4583,50,1
4584,86,1
4585,52,1
4586,96,1
4587,43,1
4588,79,1
4589,70,0
4590,37,0
4591,74,1
4592,80,1
4593,95,1
4594,39,0
4595,32,1
4596,53,0
4597,41,0
4598,111,1
4599,22,0
4600,53,1
4601,62,1
4602,38,1
4603,101,1
4604,31,1
4605,94,0
4606,159,1
4607,36,0
4608,109,1
4609,60,1
4610,80,1
4611,51,1
4612,73,0
4613,185,0
4614,51,1
4615,54,1
4616,83,1
4617,91,1
4618,37,1
4619,106,1
4620,55,1
4621,38,1
4622,117,1
4623,71,1
4624,62,0
4625,45,1
4626,15,0
4627,26,1
4628,128,0
4629,97,1
4630,22,0
4631,64,1
4632,26,1
4633,155,1
4634,26,0
4635,46,1
4636,45,1
4637,74,1
4638,144,1
4639,43,0
4640,56,0
4641,56,1
4642,57,1
4643,89,1
4644,77,1
4645,19,0
4646,19,0
4647,55,1
4648,38,1
4649,32,0
4650,80,1
4651,200,0
4652,39,0
4653,135,1
4654,186,1
4655,50,1
4656,46,1
4657,55,1
4658,79,0
4659,111,0
4660,40,1
4661,45,1
4662,111,0
4663,106,1
4664,65,0
4665,73,1
4666,61,1
4667,61,1
4668,105,1
4669,187,1
4670,80,1
4671,106,0
4672,72,1
4673,64,1
4674,61,1
4675,67,1
4676,61,1
4677,149,1
4678,200,1
4679,53,0
4680,49,0
4681,42,0
4682,49,1
4683,69,1
4684,61,1
4685,126,1
4686,32,1
4687,77,1
4688,46,0
4689,57,1
4690,64,0
4691,61,1
4692,121,1
4693,66,1
4694,39,1
4695,94,1
4696,53,1
4697,67,1
4698,172,1
4699,81,1
4700,100,0
4701,200,0
4702,24,1
4703,95,0
4704,28,0
4705,57,1
4706,175,1
4707,90,1
4708,59,1
4709,87,1
4710,16,0
4711,57,1
4712,171,1
4713,85,1
4714,38,1
4715,36,1
4716,60,1
4717,27,0
4718,153,1
4719,78,0
4720,41,1
4721,96,1
4722,109,1
4723,79,1
4724,124,0
4725,30,1
4726,41,0
4727,45,0
4728,128,1
4729,73,1
4730,41,0
4731,62,1
4732,91,1
4733,97,1
4734,73,0
4735,95,1
4736,58,0
4737,53,1
4738,90,1
4739,44,1
4740,57,0
4741,130,1
4742,54,1
4743,21,1
4744,36,1
4745,77,1
4746,200,0
4747,96,1
4748,112,0
4749,28,1
4750,28,1
4751,51,1
4752,66,1
4753,29,1
4754,97,1
4755,27,1
4756,85,0
4757,12,0
4758,55,1
4759,64,1
4760,32,1
4761,69,1
4762,89,0
4763,126,1
4764,57,0
4765,57,0
4766,47,0
4767,68,0
4768,60,0
4769,32,1
4770,80,1
4771,13,0
4772,31,1
4773,77,0
4774,52,1
4775,35,1
4776,69,1
4777,74,1
4778,104,1
4779,37,1
4780,78,1
4781,99,1
4782,16,0
4783,110,1
4784,75,1
4785,167,1
4786,31,1
4787,64,0
4788,70,0
4789,54,1
4790,45,1
4791,31,1
4792,128,1
4793,62,0
4794,68,0
4795,38,1
4796,53,1
4797,61,1
4798,58,1
4799,86,1
4800,167,1
4801,32,0
4802,192,1
4803,92,1
4804,67,0
4805,28,1
4806,42,1
4807,56,1
4808,34,1
4809,51,1
4810,67,1
4811,76,1
4812,117,1
4813,45,1
4814,75,1
4815,58,1
4816,45,1
4817,36,1
4818,112,1
4819,129,1
4820,37,1
4821,61,1
4822,65,0
4823,45,1
4824,106,1
4825,91,1
4826,69,1
4827,41,1
4828,54,1
4829,94,1
4830,81,1
4831,92,1
4832,43,1
4833,81,1
4834,117,1
4835,98,1
4836,101,1
4837,75,0
4838,173,0
4839,55,1
4840,62,1
4841,68,1
4842,108,1
4843,80,1
4844,45,0
4845,85,1
4846,53,1
4847,58,1
4848,64,0
4849,52,1
4850,37,0
4851,148,1
4852,58,0
4853,79,1
4854,47,1
4855,41,1
4856,105,1
4857,41,1
4858,75,1
4859,69,1
4860,65,1
4861,50,1
4862,55,1
4863,62,1
4864,41,1
4865,69,1
4866,39,1
4867,60,0
4868,42,1
4869,21,0
4870,200,0
4871,75,1
4872,37,0
4873,98,1
4874,131,0
4875,19,1
4876,41,1
4877,40,1
4878,74,1
4879,191,1
4880,28,0
4881,72,0
4882,21,1
4883,68,1
4884,56,1
4885,70,1
4886,43,1
4887,75,1
4888,72,0
4889,54,1
4890,42,1
4891,36,1
4892,92,1
4893,81,1
4894,9,0
4895,97,0
4896,78,0
4897,34,1
4898,49,1
4899,78,1
4900,125,1
4901,39,1
4902,62,1
4903,41,0
4904,112,1
4905,63,1
4906,80,1
4907,57,1
4908,43,1
4909,33,1
4910,56,1
4911,81,0
4912,73,1
4913,115,0
4914,58,1
4915,77,1
4916,62,1
4917,63,1
4918,62,1
4919,114,1
4920,64,1
4921,24,0
4922,88,0
4923,120,1
4924,45,1
4925,48,1
4926,56,1
4927,55,1
4928,74,1
4929,156,1
4930,129,0
4931,47,0
4932,76,0
4933,45,1
4934,59,1
4935,41,1
4936,34,0
4937,28,0
4938,43,0
4939,90,1
4940,78,0
4941,28,1
4942,40,1
4943,127,1
4944,102,0
4945,60,0
4946,47,1
4947,58,1
4948,38,0
4949,51,1
4950,70,1
4951,16,0
4952,131,1
4953,42,0
4954,59,1
4955,70,1
4956,78,1
4957,32,1
4958,85,0
4959,30,1
4960,55,1
4961,46,1
4962,166,1
4963,71,1
4964,50,0
4965,44,1
4966,38,1
4967,72,1
4968,167,1
4969,114,0
4970,65,1
4971,49,0
4972,36,1
4973,112,0
4974,100,1
4975,56,1
4976,71,0
4977,53,1
4978,32,1
4979,64,1
4980,187,1
4981,42,1
4982,59,0
4983,50,1
4984,36,1
4985,69,1
4986,41,0
4987,91,1
4988,88,1
4989,36,0
4990,73,1
4991,132,0
4992,55,1
4993,66,0
4994,142,1
4995,98,1
4996,50,1
4997,46,1
4998,41,0
4999,157,1
5000,76,0
5001,179,1
5002,39,1
5003,76,0
5004,81,0
5005,65,1
5006,117,0
5007,57,1
5008,104,1
5009,69,1
5010,144,1
5011,123,1
5012,59,1
5013,174,1
5014,89,1
5015,37,1
5016,68,1
5017,61,1
5018,53,1
5019,63,1
5020,39,1
5021,122,1
5022,64,1
5023,64,1
5024,39,0
5025,54,1
5026,48,1
5027,39,1
5028,74,1
5029,60,1
5030,88,1
5031,107,1
5032,192,1
5033,131,1
5034,88,1
5035,82,1
5036,30,0
5037,103,1
5038,81,1
5039,42,1
5040,49,0
5041,30,1
5042,84,0
5043,60,1
5044,71,0
5045,38,1
5046,91,0
5047,71,1
5048,45,1
5049,47,1
5050,46,0
5051,111,1
5052,18,1
5053,121,1
5054,50,1
5055,84,1
5056,70,1
5057,123,0
5058,196,1
5059,59,0
5060,104,1
5061,102,1
5062,92,1
5063,53,0
5064,108,1
5065,63,1
5066,67,0
5067,79,1
5068,83,1
5069,83,1
5070,151,1
5071,62,1
5072,62,0
5073,200,0
5074,49,0
5075,72,1
5076,55,1
5077,51,1
5078,55,1
5079,64,1
5080,46,1
5081,94,0
5082,161,1
5083,34,0
5084,31,1
5085,64,1
5086,30,0
5087,200,0
5088,52,0
5089,91,0
5090,50,1
5091,82,1
5092,61,1
5093,157,1
5094,27,0
5095,49,0
5096,44,1
5097,69,1
5098,64,1
5099,120,1
5100,55,0
5101,89,1
5102,86,1
5103,12,0
5104,61,1
5105,45,1
5106,173,1
5107,81,1
5108,55,1
5109,24,1
5110,26,0
5111,69,1
5112,82,1
5113,43,1
5114,67,1
5115,51,1
5116,77,1
5117,45,0
5118,82,1
5119,37,1
5120,153,1
5121,150,0
5122,104,1
5123,158,1
5124,141,0
5125,47,1
5126,69,1
5127,56,1
5128,70,1
5129,39,1
5130,66,0
5131,28,0
5132,66,1
5133,32,0
5134,49,1
5135,101,1
5136,56,1
5137,121,1
5138,88,1
5139,198,1
5140,66,1
5141,97,1
5142,90,1
5143,43,1
5144,78,1
5145,32,1
5146,51,1
5147,38,1
5148,37,1
5149,58,1
5150,57,1
5151,113,1
5152,84,0
5153,51,1
5154,33,1
5155,71,1
5156,109,1
5157,59,1
5158,56,1
5159,78,1
5160,97,1
5161,51,1
5162,87,0
5163,117,1
5164,78,1
5165,54,1
5166,189,1
5167,48,1
5168,40,0
5169,65,1
5170,77,1
5171,93,1
5172,102,1
5173,84,0
5174,30,0
5175,25,0
5176,85,1
5177,24,0
5178,106,1
5179,35,1
5180,46,0
5181,113,1
5182,64,1
5183,27,0
5184,77,1
5185,51,1
5186,77,1
5187,37,1
5188,70,0
5189,68,1
5190,88,1
5191,45,1
5192,89,0
5193,41,1
5194,52,1
5195,17,0
5196,42,1
5197,65,1
5198,155,1
5199,97,1
5200,24,0
5201,47,1
5202,59,1
5203,48,0
5204,72,0
5205,57,1
5206,96,1
5207,103,1
5208,55,0
5209,72,1
5210,74,0
5211,44,1
5212,41,0
5213,88,1
5214,51,1
5215,63,1
5216,43,1
5217,85,1
5218,107,1
5219,63,1
5220,43,1
5221,44,1
5222,110,1
5223,20,0
5224,178,1
5225,55,0
5226,79,0
5227,103,1
5228,104,1
5229,48,1
5230,48,1
5231,121,1
5232,58,0
5233,103,1
5234,81,1
5235,40,1
5236,76,1
5237,87,0
5238,59,0
5239,45,0
5240,67,1
5241,97,1
5242,57,1
5243,48,1
5244,53,1
5245,41,1
5246,93,0
5247,50,1
5248,82,1
5249,70,1
5250,33,1
5251,98,1
5252,50,0
5253,64,0
5254,91,1
5255,48,0
5256,200,0
5257,57,1
5258,38,1
5259,76,1
5260,110,1
5261,70,1
5262,25,1
5263,148,0
5264,79,1
5265,142,1
5266,45,1
5267,110,1
5268,80,1
5269,53,0
5270,184,0
5271,60,1
5272,31,1
5273,71,1
5274,82,1
5275,97,1
5276,17,0
5277,38,0
5278,50,1
5279,199,1
5280,74,1
5281,54,0
5282,75,1
5283,58,1
5284,64,1
5285,60,1
5286,36,0
5287,98,1
5288,140,0
5289,80,0
5290,30,0
5291,43,1
5292,31,1
5293,90,1
5294,40,1
5295,63,0
5296,117,1
5297,93,1
5298,115,1
5299,24,1
5300,57,0
5301,24,1
5302,20,0
5303,96,1
5304,34,1
5305,27,0
5306,89,1
5307,42,1
5308,62,1
5309,93,0
5310,57,1
5311,25,1
5312,60,1
5313,33,0
5314,108,0
5315,77,0
5316,97,1
5317,64,1
5318,46,0
5319,25,0
5320,61,1
5321,48,0
5322,151,1
5323,48,1
5324,114,1
5325,102,0
5326,43,1
5327,62,1
5328,120,1
5329,21,1
5330,66,1
5331,97,1
5332,47,1
5333,178,0
5334,80,1
5335,130,0
5336,92,0
5337,53,0
5338,30,1
5339,172,1
5340,109,1
5341,34,1
5342,60,1
5343,38,1
5344,79,0
5345,72,0
5346,64,1
5347,64,1
5348,68,1
5349,110,1
5350,99,1
5351,43,1
5352,63,1
5353,46,1
5354,44,1
5355,33,1
5356,49,1
5357,69,1
5358,49,1
5359,50,1
5360,29,1
5361,18,0
5362,39,1
5363,70,1
5364,96,0
5365,41,1
5366,24,0
5367,116,1
5368,64,1
5369,118,1
5370,49,1
5371,113,1
5372,82,1
5373,45,1
5374,116,1
5375,37,1
5376,49,0
5377,30,1
5378,50,1
5379,20,0
5380,58,1
5381,64,1
5382,200,0
5383,97,1
5384,76,1
5385,120,1
5386,130,1
5387,124,1
5388,83,0
5389,74,1
5390,37,1
5391,40,1
5392,37,0
5393,83,1
5394,41,1
5395,88,1
5396,143,1
5397,88,1
5398,72,1
5399,59,1
5400,47,1
5401,41,1
5402,82,1
5403,89,0
5404,62,1
5405,78,1
5406,24,1
5407,54,0
5408,59,1
5409,108,1
5410,72,1
5411,97,1
5412,16,0
5413,117,1
5414,80,1
5415,51,0
5416,67,1
5417,48,1
5418,96,1
5419,87,0
5420,86,0
5421,130,1
5422,31,1
5423,83,1
5424,52,1
5425,63,1
5426,77,0
5427,86,1
5428,46,1
5429,94,0
5430,37,1
5431,22,0
5432,37,1
5433,59,0
5434,65,1
5435,46,1
5436,120,1
5437,52,1
5438,61,1
5439,31,0
5440,88,0
5441,53,1
5442,70,0
5443,86,0
5444,63,1
5445,90,0
5446,61,1
5447,82,1
5448,85,0
5449,86,0
5450,45,0
5451,38,0
5452,68,1
5453,64,1
5454,148,1
5455,47,0
5456,20,0
5457,64,0
5458,75,1
5459,177,1
5460,90,1
5461,184,1
5462,91,1
5463,120,1
5464,94,1
5465,109,0
5466,57,1
5467,161,1
5468,29,0
5469,52,1
5470,126,1
5471,53,1
5472,37,1
5473,83,1
5474,112,0
5475,56,1
5476,95,0
5477,98,1
5478,92,1
5479,200,0
5480,57,1
5481,38,1
5482,100,1
5483,35,1
5484,54,1
5485,104,0
5486,45,1
5487,113,1
5488,40,0
5489,54,0
5490,106,1
5491,135,1
5492,100,1
5493,78,1
5494,135,1
5495,77,1
5496,96,1
5497,42,0
5498,33,0
5499,79,0
5500,125,1
5501,45,1
5502,105,1
5503,121,1
5504,101,0
5505,80,1
5506,144,1
5507,194,0
5508,123,1
5509,93,0
5510,93,1
5511,47,1
5512,63,1
5513,133,1
5514,27,1
5515,198,0
5516,107,1
5517,64,1
5518,51,1
5519,102,1
5520,66,1
5521,24,0
5522,98,0
5523,70,1
5524,37,1
5525,82,1
5526,48,1
5527,53,1
5528,106,1
5529,72,1
5530,98,1
5531,54,1
5532,57,1
5533,46,1
5534,27,0
5535,77,0
5536,58,1
5537,46,0
5538,34,1
5539,95,1
5540,27,0
5541,81,0
5542,105,1
5543,41,1
5544,159,0
5545,154,1
5546,144,1
5547,61,1
5548,62,1
5549,98,1
5550,135,1
5551,74,1
5552,189,1
5553,50,1
5554,50,1
5555,159,1
5556,56,0
5557,32,0
5558,51,1
5559,54,1
5560,58,1
5561,48,1
5562,200,0
5563,87,1
5564,97,1
5565,62,1
5566,80,0
5567,95,1
5568,70,1
5569,84,0
5570,86,1
5571,76,1
5572,41,1
5573,66,1
5574,113,1
5575,33,1
5576,105,0
5577,25,1
5578,158,1
5579,55,1
5580,50,1
5581,71,0
5582,91,0
5583,44,1
5584,50,1
5585,95,1
5586,46,1
5587,40,1
5588,77,0
5589,92,1
5590,99,1
5591,38,1
5592,60,0
5593,133,0
5594,69,1
5595,50,1
5596,49,1
5597,77,1
5598,137,1
5599,21,0
5600,75,1
5601,71,1
5602,33,1
5603,71,0
5604,98,1
5605,104,1
5606,99,1
5607,81,1
5608,145,1
5609,36,1
5610,43,1
5611,84,1
5612,67,1
5613,99,1
5614,144,1
5615,68,1
5616,102,1
5617,36,0
5618,101,1
5619,113,1
5620,58,1
5621,33,1
5622,99,1
5623,36,1
5624,83,0
5625,65,0
5626,175,1
5627,158,0
5628,118,1
5629,89,1
5630,52,0
5631,132,1
5632,33,1
5633,88,1
5634,53,1
5635,103,1
5636,31,0
5637,75,1
5638,31,1
5639,106,1
5640,166,1
5641,89,1
5642,35,1
5643,44,1
5644,20,0
5645,39,1
5646,125,1
5647,46,1
5648,52,1
5649,59,1
5650,98,1
5651,145,0
5652,63,0
5653,85,1
5654,69,0
5655,28,0
5656,30,1
5657,52,0
5658,54,0
5659,88,1
5660,54,1
5661,48,1
5662,28,0
5663,36,0
5664,27,1
5665,78,1
5666,135,1
5667,18,1
5668,160,1
5669,36,1
5670,86,1
5671,81,1
5672,94,1
5673,80,1
5674,135,0
5675,152,1
5676,69,0
5677,46,1
5678,69,1
5679,76,0
5680,90,0
5681,67,0
5682,102,1
5683,96,1
5684,30,0
5685,131,1
5686,74,1
5687,152,1
5688,76,1
5689,67,1
5690,71,1
5691,34,0
5692,42,1
5693,69,1
5694,55,0
5695,41,0
5696,61,1
5697,40,1
5698,53,1
5699,79,1
5700,86,0
5701,130,1
5702,103,1
5703,102,1
5704,85,0
5705,178,1
5706,98,1
5707,106,1
5708,72,1
5709,81,1
5710,107,1
5711,85,1
5712,40,0
5713,77,1
5714,99,1
5715,79,1
5716,81,1
5717,55,1
5718,122,0
5719,49,0
5720,51,1
5721,52,1
5722,200,0
5723,86,1
5724,57,1
5725,9,0
5726,87,0
5727,30,1
5728,45,1
5729,78,1
5730,65,0
5731,72,1
5732,65,0
5733,11,0
5734,64,1
5735,57,0
5736,62,0
5737,123,1
5738,78,1
5739,71,1
5740,56,0
5741,75,1
5742,41,1
5743,58,0
5744,60,1
5745,56,0
5746,48,1
5747,41,1
5748,67,0
5749,50,1
5750,43,1
5751,49,1
5752,71,1
5753,40,1
5754,55,1
5755,103,0
5756,40,1
5757,78,1
5758,51,0
5759,147,1
5760,70,0
5761,200,0
5762,36,1
5763,72,0
5764,46,0
5765,38,1
5766,91,1
5767,71,0
5768,49,1
5769,144,1
5770,55,0
5771,114,1
5772,106,1
5773,62,1
5774,37,0
5775,64,0
5776,77,1
5777,67,0
5778,65,0
5779,112,1
5780,38,1
5781,42,1
5782,84,1
5783,94,0
5784,42,1
5785,51,1
5786,148,1
5787,44,1
5788,68,1
5789,65,1
5790,183,1
5791,39,0
5792,82,1
5793,37,1
5794,16,0
5795,31,1
5796,65,1
5797,114,1
5798,38,1
5799,58,0
5800,49,0
5801,60,1
5802,58,1
5803,37,1
5804,72,1
5805,25,0
5806,46,1
5807,73,1
5808,49,1
5809,91,1
5810,22,0
5811,195,0
5812,52,1
5813,119,1
5814,86,0
5815,53,0
5816,38,1
5817,62,1
5818,63,1
5819,33,0
5820,134,1
5821,123,1
5822,43,1
5823,73,1
5824,86,1
5825,137,0
5826,43,1
5827,20,0
5828,79,0
5829,66,1
5830,145,1
5831,38,0
5832,109,0
5833,26,1
5834,193,1
5835,68,1
5836,65,1
5837,26,0
5838,46,0
5839,55,1
5840,70,1
5841,40,1
5842,95,1
5843,52,0
5844,138,1
5845,56,1
5846,122,0
5847,39,0
5848,98,1
5849,135,1
5850,84,0
5851,162,0
5852,182,1
5853,80,1
5854,124,0
5855,55,1
5856,100,1
5857,155,1
5858,43,1
5859,47,1
5860,97,1
5861,57,1
5862,34,1
5863,146,1
5864,54,0
5865,37,1
5866,74,1
5867,107,1
5868,110,1
5869,40,1
5870,20,0
5871,52,0
5872,36,1
5873,41,1
5874,47,1
5875,26,0
5876,47,1
5877,44,1
5878,32,1
5879,65,1
5880,60,1
5881,41,1
5882,60,1
5883,36,1
5884,103,1
5885,116,1
5886,71,1
5887,36,1
5888,81,1
5889,58,1
5890,82,0
5891,92,1
5892,46,0
5893,24,1
5894,59,1
5895,196,1
5896,32,1
5897,29,0
5898,64,0
5899,40,1
5900,66,1
5901,74,1
5902,68,1
5903,51,0
5904,37,1
5905,136,1
5906,39,1
5907,33,1
5908,131,1
5909,40,0
5910,77,1
5911,99,1
5912,54,1
5913,96,1
5914,89,1
5915,23,1
5916,77,1
5917,64,1
5918,74,1
5919,142,1
5920,186,1
5921,46,1
5922,51,1
5923,67,1
5924,80,1
5925,112,1
5926,23,1
5927,26,0
5928,37,0
5929,34,0
5930,51,0
5931,89,1
5932,116,1
5933,184,1
5934,134,1
5935,74,1
5936,34,0
5937,55,1
5938,33,1
5939,62,1
5940,71,1
5941,97,0
5942,58,0
5943,36,1
5944,33,1
5945,45,0
5946,42,0
5947,79,0
5948,59,0
5949,41,1
5950,85,0
5951,200,0
5952,116,1
5953,115,1
5954,55,1
5955,70,1
5956,76,1
5957,51,1
5958,73,1
5959,54,0
5960,35,1
5961,44,1
5962,114,1
5963,29,0
5964,115,1
5965,103,0
5966,56,1
5967,73,1
5968,78,1
5969,95,0
5970,55,1
5971,30,1
5972,88,1
5973,129,1
5974,101,1
5975,85,1
5976,27,1
5977,139,0
5978,53,1
5979,58,1
5980,60,1
5981,62,0
5982,39,1
5983,38,0
5984,89,1
5985,200,0
5986,200,0
5987,42,0
5988,50,1
5989,100,1
5990,24,0
5991,30,1
5992,16,0
5993,43,1
5994,29,1
5995,35,1
5996,137,1
5997,57,1
5998,80,1
5999,132,1
6000,74,1
6001,28,1
6002,60,1
6003,141,1
6004,32,1
6005,43,0
6006,83,0
6007,101,1
6008,103,1
6009,63,1
6010,115,1
6011,134,1
6012,79,1
6013,41,1
6014,30,1
6015,44,1
6016,122,0
6017,153,1
6018,195,1
6019,57,1
6020,91,1
6021,78,1
6022,50,1
6023,57,1
6024,56,0
6025,64,1
6026,54,1
6027,28,1
6028,85,1
6029,65,1
6030,47,1
6031,44,0
6032,41,1
6033,87,0
6034,64,1
6035,32,1
6036,54,1
6037,68,1
6038,29,0
6039,103,1
6040,77,1
6041,51,0
6042,50,0
6043,106,1
6044,54,1
6045,63,1
6046,19,1
6047,77,0
6048,91,0
6049,72,1
6050,93,1
6051,70,1
6052,79,1
6053,45,0
6054,83,1
6055,200,0
6056,83,0
6057,69,1
6058,47,1
6059,48,0
6060,50,1
6061,48,1
6062,71,1
6063,190,0
6064,65,1
6065,52,1
6066,67,1
6067,35,1
6068,68,1
6069,33,1
6070,41,1
6071,95,1
6072,46,1
6073,47,0
6074,77,1
6075,44,1
6076,93,1
6077,52,1
6078,115,1
6079,32,1
6080,39,1
6081,52,1
6082,67,1
6083,43,1
6084,62,1
6085,60,1
6086,58,0
6087,67,1
6088,38,1
6089,60,1
6090,9,0
6091,44,1
6092,151,1
6093,76,1
6094,177,1
6095,151,1
6096,39,0
6097,200,0
6098,84,1
6099,57,1
6100,35,1
6101,129,1
6102,83,1
6103,27,0
6104,120,1
6105,30,1
6106,151,1
6107,25,0
6108,78,0
6109,21,0
6110,34,0
6111,73,1
6112,80,1
6113,30,1
6114,53,1
6115,153,1
6116,112,1
6117,74,1
6118,38,1
6119,68,1
6120,33,0
6121,94,0
6122,47,1
6123,49,1
6124,65,1
6125,166,0
6126,80,1
6127,40,1
6128,39,1
6129,118,0
6130,52,1
6131,85,1
6132,51,1
6133,98,1
6134,134,0
6135,102,1
6136,35,1
6137,26,1
6138,78,1
6139,60,0
6140,39,1
6141,85,1
6142,56,1
6143,54,0
6144,65,1
6145,95,1
6146,97,0
6147,23,0
6148,57,1
6149,107,0
6150,43,1
6151,125,1
6152,54,1
6153,49,1
6154,83,1
6155,35,0
6156,27,0
6157,74,0
6158,36,1
6159,55,1
6160,35,1
6161,94,1
6162,37,1
6163,29,1
6164,45,1
6165,47,1
6166,70,1
6167,73,1
6168,110,1
6169,98,1
6170,86,1
6171,25,1
6172,93,0
6173,27,0
6174,52,1
6175,68,1
6176,59,1
6177,127,0
6178,61,1
6179,28,1
6180,57,1
6181,76,0
6182,35,1
6183,46,1
6184,44,0
6185,15,0
6186,119,0
6187,105,1
6188,52,1
6189,55,1
6190,41,1
6191,144,0
6192,42,0
6193,119,1
6194,101,1
6195,109,1
6196,70,1
6197,85,1
6198,128,1
6199,63,1
6200,79,1
6201,75,1
6202,116,1
6203,39,1
6204,61,0
6205,28,1
6206,27,1
6207,107,1
6208,26,0
6209,95,1
6210,18,0
6211,93,1
6212,112,1
6213,56,1
6214,33,1
6215,48,1
6216,99,1
6217,101,1
6218,54,1
6219,85,0
6220,126,0
6221,35,1
6222,117,1
6223,73,1
6224,65,1
6225,47,1
6226,32,1
6227,123,1
6228,67,0
6229,81,1
6230,49,1
6231,98,0
6232,109,1
6233,75,0
6234,112,1
6235,51,0
6236,38,1
6237,86,1
6238,27,1
6239,71,1
6240,111,1
6241,153,1
6242,28,1
6243,58,1
6244,64,1
6245,54,1
6246,51,0
6247,48,1
6248,51,1
6249,59,0
6250,81,1
6251,200,0
6252,89,1
6253,34,1
6254,105,1
6255,40,0
6256,200,0
6257,31,0
6258,45,1
6259,74,1
6260,51,1
6261,43,1
6262,85,1
6263,101,1
6264,182,1
6265,55,0
6266,100,1
6267,43,1
6268,96,0
6269,74,1
6270,19,0
6271,61,1
6272,33,1
6273,94,1
6274,119,1
6275,50,0
6276,163,0
6277,116,1
6278,44,1
6279,64,1
6280,23,1
6281,70,1
6282,68,0
6283,32,1
6284,122,1
6285,71,1
6286,106,1
6287,41,0
6288,175,1
6289,72,1
6290,60,1
6291,114,1
6292,100,1
6293,53,1
6294,81,1
6295,83,1
6296,133,1
6297,69,1
6298,127,1
6299,113,0
6300,45,1
6301,74,0
6302,61,1
6303,62,1
6304,130,1
6305,51,0
6306,60,1
6307,39,0
6308,72,1
6309,47,1
6310,62,0
6311,102,1
6312,69,1
6313,57,0
6314,54,1
6315,95,1
6316,120,1
6317,122,0
6318,166,1
6319,92,0
6320,71,1
6321,65,1
6322,155,1
6323,92,1
6324,121,1
6325,68,1
6326,104,1
6327,61,1
6328,101,0
6329,137,1
6330,56,1
6331,74,1
6332,54,1
6333,73,0
6334,118,1
6335,93,1
6336,77,1
6337,104,1
6338,69,1
6339,47,1
6340,77,1
6341,32,1
6342,57,1
6343,68,0
6344,30,1
6345,80,1
6346,56,1
6347,70,0
6348,96,0
6349,39,0
6350,79,1
6351,81,1
6352,92,0
6353,16,0
6354,75,1
6355,65,1
6356,39,1
6357,19,0
6358,70,1
6359,71,1
6360,200,0
6361,192,1
6362,44,1
6363,86,0
6364,20,0
6365,36,0
6366,51,1
6367,52,1
6368,32,1
6369,40,1
6370,39,0
6371,110,1
6372,49,1
6373,104,1
6374,163,1
6375,45,1
6376,74,1
6377,55,1
6378,65,1
6379,39,1
6380,75,1
6381,62,1
6382,37,0
6383,68,1
6384,117,1
6385,110,1
6386,120,0
6387,112,0
6388,102,1
6389,200,0
6390,31,1
6391,27,1
6392,106,0
6393,55,1
6394,54,1
6395,40,1
6396,15,0
6397,72,1
6398,42,1
6399,83,1
6400,78,0
6401,57,1
6402,31,1
6403,110,1
6404,200,0
6405,43,1
6406,80,1
6407,51,1
6408,107,0
6409,95,1
6410,72,1
6411,33,1
6412,45,0
6413,46,1
6414,80,1
6415,41,1
6416,78,0
6417,63,0
6418,36,1
6419,25,0
6420,118,1
6421,55,0
6422,27,1
6423,50,0
6424,105,1
6425,53,1
6426,68,0
6427,81,1
6428,88,1
6429,149,0
6430,100,1
6431,83,1
6432,32,1
6433,55,1
6434,93,1
6435,64,1
6436,49,1
6437,77,1
6438,49,1
6439,149,0
6440,65,1
6441,39,0
6442,72,1
6443,127,1
6444,72,1
6445,46,1
6446,150,1
6447,60,1
6448,78,0
6449,66,1
6450,70,1
6451,71,1
6452,55,0
6453,63,1
6454,72,1
6455,149,1
6456,88,1
6457,37,0
6458,53,1
6459,42,0
6460,172,1
6461,97,1
6462,64,1
6463,69,0
6464,146,1
6465,76,0
6466,57,1
6467,96,0
6468,56,1
6469,79,0
6470,61,1
6471,165,0
6472,89,1
6473,54,1
6474,44,1
6475,112,1
6476,93,1
6477,52,1
6478,87,1
6479,74,1
6480,88,0
6481,86,1
6482,73,1
6483,31,1
6484,41,1
6485,139,1
6486,28,1
6487,40,1
6488,101,1
6489,38,0
6490,55,1
6491,44,0
6492,100,1
6493,77,1
6494,200,0
6495,35,1
6496,32,1
6497,98,1
6498,37,1
6499,106,0
6500,37,1
6501,50,1
6502,115,0
6503,74,1
6504,126,1
6505,123,1
6506,46,0
6507,21,0
6508,40,1
6509,75,0
6510,104,1
6511,82,1
6512,44,0
6513,57,1
6514,79,1
6515,83,1
6516,74,1
6517,79,1
6518,62,1
6519,31,1
6520,143,1
6521,50,0
6522,149,1
6523,92,0
6524,65,1
6525,98,1
6526,11,0
6527,15,0
6528,55,1
6529,134,1
6530,63,1
6531,69,1
6532,82,1
6533,41,1
6534,76,1
6535,74,1
6536,85,0
6537,95,1
6538,55,1
6539,124,1
6540,38,1
6541,28,0
6542,90,0
6543,49,0
6544,81,0
6545,26,1
6546,161,1
6547,189,1
6548,63,1
6549,61,1
6550,54,1
6551,41,1
6552,79,1
6553,61,0
6554,162,1
6555,80,0
6556,52,1
6557,31,1
6558,49,1
6559,81,1
6560,47,1
6561,83,0
6562,54,1
6563,48,1
6564,101,1
6565,59,1
6566,45,1
6567,22,0
6568,106,1
6569,44,1
6570,55,1
6571,85,1
6572,48,1
6573,100,1
6574,58,1
6575,33,1
6576,36,1
6577,23,0
6578,93,0
6579,66,1
6580,162,1
6581,60,0
6582,64,1
6583,54,0
6584,88,0
6585,65,0
6586,15,0
6587,148,1
6588,119,0
6589,71,1
6590,135,1
6591,38,0
6592,85,1
6593,49,1
6594,35,1
6595,77,1
6596,52,1
6597,39,0
6598,97,1
6599,71,1
6600,65,0
6601,97,1
6602,34,0
6603,77,1
6604,59,1
6605,82,0
6606,99,0
6607,152,1
6608,86,1
6609,21,0
6610,55,1
6611,112,1
6612,200,0
6613,50,0
6614,47,1
6615,70,1
6616,65,1
6617,57,1
6618,190,1
6619,94,1
6620,155,1
6621,22,0
6622,45,1
6623,59,0
6624,78,0
6625,200,0
6626,92,1
6627,60,1
6628,65,1
6629,200,0
6630,65,1
6631,42,0
6632,143,1
6633,11,0
6634,114,1
6635,75,1
6636,37,1
6637,50,1
6638,65,0
6639,86,0
6640,94,1
6641,43,0
6642,103,1
6643,91,1
6644,45,1
6645,48,1
6646,60,1
6647,75,1
6648,34,1
6649,21,0
6650,95,1
6651,82,1
6652,54,1
6653,34,1
6654,45,1
6655,93,1
6656,71,1
6657,120,1
6658,60,1
6659,56,1
6660,82,1
6661,65,1
6662,73,1
6663,73,1
6664,70,1
6665,71,0
6666,51,1
6667,64,1
6668,41,1
6669,66,1
6670,143,1
6671,80,1
6672,78,1
6673,39,1
6674,108,1
6675,28,1
6676,41,0
6677,99,1
6678,86,1
6679,103,0
6680,40,1
6681,56,1
6682,46,1
6683,60,0
6684,58,0
6685,28,0
6686,81,1
6687,110,0
6688,196,1
6689,48,1
6690,30,1
6691,102,1
6692,72,1
6693,59,1
6694,123,0
6695,174,1
6696,94,1
6697,53,1
6698,159,0
6699,31,1
6700,41,1
6701,48,1
6702,101,1
6703,83,1
6704,54,1
6705,19,0
6706,196,1
6707,163,0
6708,62,1
6709,41,1
6710,36,1
6711,30,1
6712,92,1
6713,86,1
6714,70,1
6715,44,1
6716,86,1
6717,115,1
6718,35,1
6719,49,1
6720,39,0
6721,53,0
6722,154,1
6723,66,1
6724,20,0
6725,23,0
6726,53,1
6727,110,1
6728,200,0
6729,62,1
6730,66,1
6731,48,1
6732,56,1
6733,33,0
6734,98,1
6735,55,1
6736,98,1
6737,57,1
6738,126,1
6739,39,0
6740,73,0
6741,48,1
6742,32,0
6743,39,1
6744,113,0
6745,97,1
6746,115,1
6747,60,1
6748,53,1
6749,13,0
6750,137,1
6751,113,1
6752,42,1
6753,38,0
6754,59,1
6755,112,1
6756,83,1
6757,109,1
6758,21,0
6759,176,1
6760,64,1
6761,89,1
6762,33,0
6763,58,1
6764,61,1
6765,80,1
6766,50,0
6767,78,0
6768,60,1
6769,42,1
6770,59,1
6771,107,1
6772,176,1
6773,111,1
6774,31,1
6775,101,1
6776,126,1
6777,94,1
6778,82,1
6779,156,1
6780,59,1
6781,106,1
6782,33,1
6783,20,0
6784,79,1
6785,36,1
6786,29,0
6787,144,0
6788,55,1
6789,63,1
6790,151,1
6791,60,0
6792,63,1
6793,45,1
6794,68,0
6795,148,1
6796,73,1
6797,42,0
6798,28,1
6799,101,1
6800,45,0
6801,101,0
6802,74,1
6803,47,0
6804,74,1
6805,86,1
6806,130,0
6807,52,1
6808,96,1
6809,39,0
6810,128,1
6811,93,1
6812,72,1
6813,57,1
6814,64,1
6815,81,0
6816,34,0
6817,98,1
6818,41,1
6819,138,1
6820,74,1
6821,63,1
6822,152,1
6823,75,1
6824,82,1
6825,89,0
6826,45,1
6827,64,1
6828,27,0
6829,56,1
6830,50,1
6831,129,1
6832,140,0
6833,61,1
6834,75,1
6835,31,1
6836,38,1
6837,87,1
6838,61,1
6839,163,1
6840,73,1
6841,81,0
6842,99,1
6843,32,1
6844,35,1
6845,39,0
6846,72,1
6847,49,0
6848,31,1
6849,65,1
6850,57,1
6851,81,1
6852,46,1
6853,101,1
6854,68,1
6855,54,1
6856,44,1
6857,128,1
6858,32,0
6859,22,0
6860,50,0
6861,46,1
6862,74,1
6863,29,1
6864,175,1
6865,56,0
6866,64,1
6867,49,1
6868,73,0
6869,114,1
6870,40,1
6871,84,1
6872,75,1
6873,62,1
6874,75,1
6875,41,1
6876,55,1
6877,86,1
6878,73,1
6879,30,0
6880,36,1
6881,85,1
6882,60,1
6883,38,1
6884,53,1
6885,51,0
6886,44,1
6887,85,1
6888,142,1
6889,87,0
6890,62,1
6891,86,1
6892,66,1
6893,199,1
6894,64,1
6895,53,0
6896,63,1
6897,30,0
6898,36,1
6899,28,0
6900,26,0
6901,41,0
6902,120,1
6903,62,1
6904,200,0
6905,65,1
6906,74,1
6907,72,1
6908,83,0
6909,85,1
6910,32,1
6911,192,1
6912,157,0
6913,50,1
6914,52,0
6915,84,0
6916,72,1
6917,45,1
6918,107,1
6919,127,0
6920,55,0
6921,46,1
6922,88,1
6923,52,0
6924,18,0
6925,97,1
6926,42,0
6927,37,1
6928,88,1
6929,46,1
6930,200,0
6931,32,1
6932,54,1
6933,55,1
6934,193,1
6935,60,1
6936,182,1
6937,45,1
6938,50,1
6939,18,0
6940,51,1
6941,85,0
6942,51,1
6943,63,0
6944,31,0
6945,45,1
6946,34,1
6947,68,0
6948,14,0
6949,175,1
6950,174,1
6951,54,1
6952,58,1
6953,70,1
6954,62,1
6955,47,1
6956,136,1
6957,62,1
6958,57,1
6959,39,1
6960,53,1
6961,71,1
6962,57,1
6963,44,0
6964,86,1
6965,64,1
6966,118,1
6967,87,1
6968,41,0
6969,59,1
6970,43,1
6971,116,1
6972,43,1
6973,59,1
6974,90,0
6975,117,1
6976,84,1
6977,30,1
6978,72,1
6979,52,0
6980,95,1
6981,57,1
6982,39,1
6983,40,1
6984,45,1
6985,87,1
6986,114,1
6987,28,1
6988,105,1
6989,106,1
6990,56,1
6991,101,1
6992,119,1
6993,96,1
6994,177,1
6995,113,1
6996,88,1
6997,92,0
6998,114,1
6999,79,1
7000,27,0
7001,66,0
7002,50,1
7003,17,0
7004,65,1
7005,50,0
7006,64,1
7007,135,0
7008,76,0
7009,95,1
7010,62,1
7011,60,0
7012,54,1
7013,86,1
7014,52,1
7015,108,1
7016,72,1
7017,37,1
7018,29,1
7019,77,1
7020,54,1
7021,45,1
7022,67,0
7023,200,1
7024,102,1
7025,167,1
7026,95,1
7027,32,1
7028,94,1
7029,96,1
7030,48,1
7031,68,1
7032,75,1
7033,138,1
7034,79,1
7035,13,0
7036,60,0
7037,83,1
7038,37,0
7039,71,0
7040,31,1
7041,176,1
7042,72,1
7043,75,0
7044,52,1
7045,123,1
7046,43,1
7047,99,1
7048,88,1
7049,104,1
7050,55,1
7051,104,1
7052,99,1
7053,71,0
7054,106,1
7055,27,0
7056,51,1
7057,87,1
7058,47,1
7059,143,1
7060,117,0
7061,65,1
7062,118,1
7063,145,0
7064,68,1
7065,41,1
7066,112,1
7067,86,1
7068,79,1
7069,48,1
7070,30,1
7071,27,0
7072,76,1
7073,28,1
7074,200,0
7075,107,1
7076,43,1
7077,76,1
7078,109,1
7079,77,0
7080,65,1
7081,154,1
7082,74,0
7083,31,1
7084,120,1
7085,28,0
7086,40,1
7087,69,1
7088,30,1
7089,106,1
7090,53,1
7091,51,0
7092,68,0
7093,58,1
7094,42,0
7095,33,1
7096,82,1
7097,40,1
7098,41,0
7099,58,1
7100,121,1
7101,76,1
7102,88,1
7103,83,1
7104,56,1
7105,100,1
7106,120,1
7107,36,0
7108,38,1
7109,106,1
7110,44,1
7111,45,1
7112,66,1
7113,84,1
7114,85,0
7115,112,1
7116,42,0
7117,106,1
7118,200,0
7119,82,1
7120,55,1
7121,173,1
7122,61,1
7123,59,0
7124,47,0
7125,96,1
7126,17,0
7127,167,1
7128,61,1
7129,84,1
7130,26,1
7131,83,1
7132,59,1
7133,103,0
7134,97,1
7135,66,1
7136,58,1
7137,59,1
7138,116,1
7139,41,1
7140,116,1
7141,75,1
7142,80,1
7143,125,1
7144,128,1
7145,46,0
7146,89,1
7147,59,1
7148,19,0
7149,125,1
7150,31,1
7151,91,1
7152,35,0
7153,118,1
7154,123,1
7155,74,1
7156,55,1
7157,71,1
7158,38,1
7159,75,1
7160,91,0
7161,105,0
7162,49,0
7163,70,1
7164,84,1
7165,135,1
7166,81,1
7167,44,0
7168,124,1
7169,57,1
7170,60,1
7171,42,1
7172,95,1
7173,166,1
7174,42,1
7175,131,1
7176,57,1
7177,36,1
7178,50,0
7179,45,1
7180,48,0
7181,91,1
7182,83,1
7183,120,1
7184,19,0
7185,62,0
7186,36,0
7187,68,1
7188,105,1
7189,37,0
7190,68,1
7191,124,0
7192,75,1
7193,93,0
7194,96,0
7195,76,1
7196,64,1
7197,38,0
7198,27,1
7199,77,1
7200,40,1
7201,42,0
7202,97,1
7203,51,1
7204,79,1
7205,78,1
7206,32,0
7207,97,0
7208,31,0
7209,45,1
7210,24,1
7211,140,1
7212,72,0
7213,44,1
7214,58,1
7215,61,1
7216,70,1
7217,37,0
7218,31,0
7219,61,1
7220,74,1
7221,112,1
7222,79,1
7223,134,1
7224,47,1
7225,150,1
7226,106,1
7227,182,0
7228,64,1
7229,19,0
7230,55,1
7231,130,1
7232,38,0
7233,53,1
7234,16,0
7235,62,1
7236,41,1
7237,82,1
7238,92,1
7239,128,1
7240,145,1
7241,73,1
7242,83,0
7243,119,1
7244,75,1
7245,54,1
7246,50,1
7247,89,1
7248,74,0
7249,56,1
7250,24,1
7251,48,0
7252,20,0
7253,41,1
7254,198,1
7255,19,0
7256,131,1
7257,55,1
7258,85,1
7259,185,1
7260,53,0
7261,96,0
7262,49,1
7263,140,1
7264,100,0
7265,56,1
7266,57,1
7267,200,0
7268,44,1
7269,54,0
7270,53,0
7271,92,1
7272,82,1
7273,62,1
7274,141,0
7275,46,0
7276,33,0
7277,83,1
7278,26,1
7279,62,1
7280,166,1
7281,76,1
7282,54,1
7283,55,0
7284,47,1
7285,133,0
7286,23,0
7287,133,1
7288,49,0
7289,75,1
7290,73,1
7291,45,0
7292,38,0
7293,72,1
7294,200,0
7295,53,0
7296,69,1
7297,174,1
7298,54,1
7299,85,1
7300,74,1
7301,39,0
7302,77,1
7303,77,1
7304,40,1
7305,80,1
7306,48,1
7307,67,0
7308,93,1
7309,43,1
7310,165,1
7311,65,1
7312,101,1
7313,63,1
7314,59,1
7315,120,1
7316,89,1
7317,68,1
7318,29,0
7319,72,1
7320,23,0
7321,73,1
7322,113,1
7323,85,1
7324,119,1
7325,136,0
7326,124,0
7327,76,1
7328,58,1
7329,169,1
7330,19,0
7331,85,1
7332,18,0
7333,35,1
7334,54,0
7335,31,0
7336,44,1
7337,80,0
7338,137,1
7339,74,0
7340,83,0
7341,47,1
7342,194,1
7343,23,0
7344,26,0
7345,64,1
7346,107,1
7347,78,1
7348,27,0
7349,43,0
7350,200,0
7351,94,1
7352,95,1
7353,52,1
7354,71,1
7355,47,1
7356,121,1
7357,24,0
7358,96,1
7359,21,0
7360,83,1
7361,54,1
7362,63,0
7363,78,1
7364,131,1
7365,25,0
7366,184,1
7367,124,0
7368,43,1
7369,29,0
7370,72,1
7371,46,0
7372,47,0
7373,68,1
7374,86,1
7375,83,1
7376,84,1
7377,26,1
7378,93,1
7379,97,1
7380,77,1
7381,27,1
7382,76,1
7383,50,1
7384,78,1
7385,121,1
7386,53,1
7387,31,1
7388,101,0
7389,88,1
7390,131,1
7391,26,0
7392,106,1
7393,200,0
7394,90,0
7395,200,0
7396,167,1
7397,152,0
7398,40,1
7399,67,0
7400,65,0
7401,65,1
7402,59,0
7403,59,1
7404,75,0
7405,96,1
7406,44,0
7407,200,0
7408,45,0
7409,97,1
7410,62,1
7411,89,1
7412,31,1
7413,50,1
7414,61,1
7415,83,1
7416,59,1
7417,79,1
7418,115,1
7419,49,1
7420,26,1
7421,44,0
7422,46,1
7423,66,1
7424,92,1
7425,47,1
7426,145,1
7427,154,1
7428,86,1
7429,71,1
7430,82,1
7431,40,1
7432,41,0
7433,48,1
7434,37,0
7435,26,1
7436,51,1
7437,63,1
7438,48,1
7439,65,1
7440,53,1
7441,60,0
7442,22,0
7443,46,0
7444,130,1
7445,86,0
7446,21,0
7447,25,0
7448,62,1
7449,41,1
7450,65,1
7451,59,1
7452,23,1
7453,78,0
7454,93,1
7455,96,0
7456,36,1
7457,35,1
7458,90,1
7459,179,1
7460,66,1
7461,48,1
7462,86,0
7463,176,1
7464,133,1
7465,84,1
7466,76,1
7467,49,1
7468,46,1
7469,117,1
7470,62,0
7471,67,0
7472,35,1
7473,117,0
7474,58,1
7475,131,1
7476,30,1
7477,55,1
7478,187,1
7479,62,1
7480,108,1
7481,47,1
7482,43,1
7483,116,0
7484,48,1
7485,66,1
7486,52,1
7487,84,0
7488,84,1
7489,69,1
7490,159,1
7491,20,1
7492,78,1
7493,40,1
7494,30,0
7495,76,1
7496,102,0
7497,41,0
7498,68,0
7499,111,1
7500,33,1
7501,50,1
7502,61,1
7503,76,1
7504,49,1
7505,106,0
7506,138,1
7507,89,1
7508,50,1
7509,155,1
7510,72,1
7511,41,1
7512,172,0
7513,65,1
7514,55,1
7515,51,0
7516,57,1
7517,109,0
7518,69,1
7519,41,0
7520,103,1
7521,84,1
7522,116,1
7523,69,1
7524,69,1
7525,162,1
7526,88,1
7527,68,1
7528,34,0
7529,59,1
7530,26,1
7531,36,1
7532,103,1
7533,61,1
7534,128,0
7535,178,1
7536,77,1
7537,44,1
7538,38,1
7539,125,1
7540,28,1
7541,25,0
7542,200,0
7543,35,1
7544,50,1
7545,52,1
7546,54,1
7547,70,1
7548,86,1
7549,61,0
7550,64,1
7551,37,1
7552,115,1
7553,68,1
7554,74,1
7555,59,1
7556,34,1
7557,29,0
7558,33,1
7559,136,1
7560,38,1
7561,41,1
7562,24,1
7563,26,0
7564,132,1
7565,194,1
7566,60,1
7567,70,1
7568,39,1
7569,25,1
7570,67,1
7571,42,0
7572,83,0
7573,22,0
7574,56,1
7575,36,1
7576,20,0
7577,74,1
7578,36,1
7579,42,1
7580,100,1
7581,67,1
7582,76,1
7583,46,1
7584,128,0
7585,68,1
7586,75,1
7587,42,0
7588,52,1
7589,66,0
7590,52,1
7591,56,1
7592,73,1
7593,159,1
7594,94,1
7595,37,1
7596,42,1
7597,139,1
7598,75,1
7599,56,1
7600,72,1
7601,34,1
7602,82,1
7603,123,1
7604,44,1
7605,84,0
7606,72,1
7607,47,1
7608,67,1
7609,133,0
7610,51,1
7611,90,1
7612,79,1
7613,50,1
7614,24,0
7615,59,1
7616,58,1
7617,93,1
7618,74,1
7619,42,1
7620,82,1
7621,45,0
7622,49,1
7623,28,0
7624,200,0
7625,63,1
7626,54,0
7627,48,1
7628,55,1
7629,40,1
7630,83,0
7631,48,1
7632,137,1
7633,27,0
7634,64,1
7635,22,1
7636,136,1
7637,37,0
7638,51,0
7639,38,0
7640,79,0
7641,67,1
7642,40,0
7643,77,0
7644,59,1
7645,94,1
7646,44,1
7647,117,1
7648,33,0
7649,72,1
7650,47,1
7651,72,1
7652,102,1
7653,87,0
7654,71,1
7655,97,1
7656,145,1
7657,41,1
7658,38,0
7659,36,0
7660,53,1
7661,159,1
7662,147,1
7663,52,1
7664,93,1
7665,50,0
7666,76,1
7667,131,1
7668,74,1
7669,99,1
7670,62,1
7671,157,1
7672,97,0
7673,50,1
7674,44,1
7675,71,0
7676,43,1
7677,46,1
7678,40,0
7679,140,1
7680,60,1
7681,97,1
7682,51,1
7683,28,1
7684,18,0
7685,43,1
7686,34,1
7687,32,0
7688,61,0
7689,144,1
7690,54,1
7691,48,1
7692,41,1
7693,200,0
7694,68,1
7695,200,0
7696,118,0
7697,80,1
7698,43,1
7699,146,1
7700,42,0
7701,34,1
7702,26,1
7703,102,1
7704,51,1
7705,51,1
7706,44,0
7707,63,0
7708,103,1
7709,45,1
7710,134,1
7711,102,1
7712,83,0
7713,74,1
7714,97,1
7715,86,1
7716,167,1
7717,160,1
7718,34,0
7719,50,0
7720,118,1
7721,64,1
7722,83,1
7723,147,1
7724,47,1
7725,53,1
7726,147,1
7727,123,1
7728,104,1
7729,82,1
7730,46,1
7731,49,1
7732,61,1
7733,85,1
7734,44,1
7735,57,1
7736,34,1
7737,104,1
7738,63,1
7739,169,1
7740,100,1
7741,35,0
7742,52,1
7743,200,0
7744,190,1
7745,70,0
7746,74,1
7747,65,1
7748,38,0
7749,65,1
7750,96,1
7751,143,1
7752,58,1
7753,18,0
7754,63,1
7755,66,0
7756,52,0
7757,26,1
7758,51,1
7759,153,1
7760,78,1
7761,27,0
7762,126,1
7763,21,0
7764,157,1
7765,73,1
7766,200,0
7767,67,1
7768,131,1
7769,39,1
7770,130,1
7771,43,0
7772,56,1
7773,108,1
7774,70,0
7775,42,1
7776,45,1
7777,27,0
7778,61,0
7779,35,1
7780,32,1
7781,38,1
7782,122,1
7783,52,1
7784,64,0
7785,84,1
7786,102,1
7787,130,0
7788,67,0
7789,47,1
7790,41,1
7791,67,1
7792,83,0
7793,126,1
7794,24,1
7795,63,1
7796,110,1
7797,33,0
7798,85,0
7799,22,1
7800,29,0
7801,35,0
7802,54,1
7803,139,0
7804,40,0
7805,49,1
7806,38,1
7807,114,1
7808,99,1
7809,74,1
7810,72,1
7811,71,1
7812,94,1
7813,99,0
7814,86,0
7815,46,1
7816,113,1
7817,78,1
7818,39,1
7819,82,1
7820,60,0
7821,81,1
7822,99,1
7823,39,1
7824,93,0
7825,52,0
7826,35,0
7827,132,0
7828,72,0
7829,103,0
7830,123,0
7831,52,1
7832,37,1
7833,74,0
7834,99,1
7835,69,0
7836,99,1
7837,66,0
7838,52,1
7839,115,1
7840,66,0
7841,44,1
7842,37,1
7843,63,0
7844,136,0
7845,69,0
7846,55,1
7847,67,1
7848,36,0
7849,25,1
7850,55,1
7851,64,1
7852,57,1
7853,31,1
7854,73,1
7855,49,1
7856,72,1
7857,60,1
7858,64,1
7859,38,1
7860,164,1
7861,53,1
7862,145,1
7863,70,1
7864,50,1
7865,64,0
7866,34,1
7867,30,0
7868,57,1
7869,43,1
7870,92,1
7871,71,1
7872,63,1
7873,26,1
7874,39,1
7875,47,0
7876,87,1
7877,69,1
7878,93,1
7879,104,1
7880,194,1
7881,102,1
7882,94,0
7883,62,0
7884,39,0
7885,52,1
7886,57,1
7887,62,0
7888,63,1
7889,47,1
7890,73,1
7891,150,0
7892,64,1
7893,61,0
7894,25,0
7895,30,1
7896,77,1
7897,37,1
7898,107,0
7899,47,1
7900,11,0
7901,84,1
7902,119,1
7903,92,1
7904,113,1
7905,102,0
7906,148,0
7907,20,1
7908,61,1
7909,57,1
7910,137,0
7911,81,1
7912,111,1
7913,99,0
7914,68,1
7915,45,0
7916,168,1
7917,46,1
7918,26,1
7919,35,0
7920,79,1
7921,50,1
7922,95,0
7923,42,1
7924,78,1
7925,46,1
7926,132,1
7927,105,1
7928,31,1
7929,200,0
7930,126,1
7931,47,1
7932,21,1
7933,56,0
7934,69,1
7935,41,1
7936,86,1
7937,143,1
7938,111,1
7939,69,1
7940,91,1
7941,113,0
7942,78,0
7943,26,1
7944,44,1
7945,98,1
7946,53,1
7947,40,1
7948,144,1
7949,64,1
7950,55,1
7951,47,1
7952,51,1
7953,82,1
7954,89,1
7955,106,1
7956,59,1
7957,51,0
7958,53,0
7959,43,1
7960,45,1
7961,32,1
7962,61,1
7963,38,1
7964,95,1
7965,28,0
7966,78,1
7967,37,1
7968,37,1
7969,74,0
7970,91,0
7971,52,1
7972,75,1
7973,64,0
7974,77,1
7975,45,0
7976,80,1
7977,63,1
7978,57,1
7979,24,1
7980,75,1
7981,68,0
7982,100,1
7983,34,1
7984,50,1
7985,56,0
7986,70,1
7987,100,1
7988,74,1
7989,74,1
7990,45,1
7991,117,1
7992,98,1
7993,153,1
7994,73,1
7995,40,1
7996,63,0
7997,51,1
7998,139,1
7999,58,1
8000,59,1
8001,162,1
8002,40,0
8003,23,0
8004,58,1
8005,95,1
8006,67,1
8007,21,0
8008,54,1
8009,69,0
8010,99,1
8011,51,1
8012,111,0
8013,63,0
8014,178,0
8015,167,1
8016,150,1
8017,135,1
8018,67,1
8019,90,1
8020,34,1
8021,79,1
8022,71,1
8023,63,1
8024,150,1
8025,60,1
8026,70,1
8027,61,0
8028,60,1
8029,111,1
8030,49,1
8031,82,1
8032,23,1
8033,73,1
8034,121,1
8035,35,1
8036,40,1
8037,54,1
8038,97,0
8039,63,1
8040,34,1
8041,68,1
8042,67,1
8043,56,1
8044,72,1
8045,49,1
8046,162,1
8047,71,1
8048,158,1
8049,93,1
8050,60,1
8051,30,1
8052,33,0
8053,57,0
8054,64,1
8055,52,1
8056,126,1
8057,17,0
8058,82,0
8059,198,0
8060,57,1
8061,78,0
8062,75,1
8063,54,1
8064,44,1
8065,67,1
8066,44,1
8067,15,0
8068,53,1
8069,50,0
8070,164,0
8071,63,1
8072,81,0
8073,49,1
8074,68,1
8075,20,0
8076,34,1
8077,61,1
8078,55,0
8079,67,1
8080,164,1
8081,42,1
8082,149,1
8083,65,1
8084,68,1
8085,42,1
8086,38,1
8087,62,1
8088,67,1
8089,33,1
8090,70,1
8091,34,1
8092,83,1
8093,46,1
8094,64,1
8095,56,0
8096,118,1
8097,56,0
8098,77,1
8099,71,1
8100,49,1
8101,102,1
8102,65,0
8103,51,1
8104,41,1
8105,131,1
8106,74,1
8107,93,1
8108,47,1
8109,131,0
8110,91,1
8111,28,1
8112,79,1
8113,20,0
8114,17,1
8115,19,0
8116,200,0
8117,90,1
8118,59,1
8119,17,1
8120,44,1
8121,63,1
8122,52,1
8123,56,1
8124,81,0
8125,138,1
8126,87,1
8127,44,1
8128,36,1
8129,81,1
8130,77,0
8131,30,1
8132,50,1
8133,67,1
8134,121,1
8135,60,0
8136,71,0
8137,161,0
8138,153,1
8139,138,0
8140,154,1
8141,35,0
8142,38,1
8143,72,1
8144,200,0
8145,94,1
8146,200,0
8147,98,1
8148,37,1
8149,110,1
8150,52,0
8151,26,1
8152,83,1
8153,200,0
8154,41,1
8155,184,0
8156,44,1
8157,90,1
8158,66,1
8159,30,0
8160,58,1
8161,40,1
8162,116,1
8163,79,1
8164,88,0
8165,88,1
8166,189,1
8167,37,1
8168,45,1
8169,95,1
8170,64,1
8171,41,1
8172,122,1
8173,61,1
8174,31,0
8175,187,1
8176,142,1
8177,57,1
8178,50,1
8179,122,1
8180,38,0
8181,76,1
8182,59,1
8183,72,1
8184,71,1
8185,30,1
8186,62,1
8187,42,1
8188,60,1
8189,93,1
8190,37,1
8191,73,0
8192,91,1
8193,79,1
8194,64,0
8195,46,0
8196,50,1
8197,35,1
8198,65,1
8199,58,0
8200,23,0
8201,68,0
8202,111,1
8203,29,1
8204,43,1
8205,108,0
8206,17,0
8207,78,0
8208,72,1
8209,107,1
8210,31,0
8211,67,1
8212,36,0
8213,109,0
8214,37,0
8215,41,1
8216,21,0
8217,46,1
8218,93,1
8219,45,1
8220,52,1
8221,55,0
8222,63,1
8223,56,1
8224,93,1
8225,52,0
8226,76,1
8227,57,0
8228,48,1
8229,63,1
8230,46,1
8231,55,1
8232,111,1
8233,90,1
8234,49,1
8235,123,1
8236,44,0
8237,44,0
8238,99,0
8239,63,1
8240,41,0
8241,71,1
8242,39,1
8243,86,1
8244,90,0
8245,132,1
8246,105,1
8247,54,0
8248,108,1
8249,70,1
8250,132,1
8251,27,0
8252,50,1
8253,88,1
8254,64,1
8255,72,1
8256,40,1
8257,82,0
8258,34,0
8259,59,1
8260,56,1
8261,15,0
8262,24,0
8263,68,1
8264,67,1
8265,104,1
8266,183,1
8267,79,0
8268,193,1
8269,58,1
8270,21,1
8271,38,1
8272,136,1
8273,61,1
8274,15,0
8275,102,1
8276,135,1
8277,29,1
8278,41,1
8279,55,1
8280,124,1
8281,118,1
8282,96,1
8283,36,0
8284,21,0
8285,94,1
8286,62,0
8287,71,1
8288,41,0
8289,86,1
8290,106,1
8291,84,1
8292,92,1
8293,44,0
8294,19,0
8295,59,1
8296,126,0
8297,83,0
8298,121,1
8299,28,0
8300,13,0
8301,43,1
8302,57,1
8303,30,1
8304,138,1
8305,41,1
8306,166,0
8307,68,1
8308,102,1
8309,65,1
8310,110,1
8311,88,1
8312,33,1
8313,33,1
8314,107,1
8315,130,1
8316,60,1
8317,41,1
8318,34,1
8319,40,1
8320,69,1
8321,66,0
8322,58,0
8323,40,1
8324,119,1
8325,83,1
8326,68,0
8327,61,0
8328,23,1
8329,60,1
8330,113,1
8331,55,1
8332,74,1
8333,161,1
8334,77,1
8335,46,0
8336,30,0
8337,72,1
8338,57,0
8339,50,1
8340,48,0
8341,200,0
8342,147,1
8343,68,0
8344,92,1
8345,71,1
8346,38,1
8347,43,1
8348,39,1
8349,63,1
8350,28,1
8351,36,0
8352,89,1
8353,80,1
8354,91,1
8355,34,1
8356,31,1
8357,39,1
8358,125,1
8359,16,0
8360,64,1
8361,53,1
8362,46,1
8363,62,1
8364,34,1
8365,73,0
8366,75,1
8367,136,1
8368,127,1
8369,56,1
8370,148,1
8371,31,0
8372,78,0
8373,62,1
8374,111,1
8375,69,1
8376,67,1
8377,103,1
8378,116,1
8379,134,1
8380,112,1
8381,100,1
8382,131,1
8383,200,0
8384,24,0
8385,49,0
8386,194,1
8387,96,1
8388,38,1
8389,43,0
8390,51,1
8391,59,1
8392,32,0
8393,61,0
8394,103,1
8395,59,1
8396,21,0
8397,76,1
8398,39,1
8399,42,1
8400,25,1
8401,73,1
8402,19,1
8403,44,0
8404,71,1
8405,46,1
8406,40,0
8407,71,1
8408,55,1
8409,180,1
8410,74,1
8411,43,1
8412,125,1
8413,37,0
8414,49,1
8415,116,1
8416,82,1
8417,36,0
8418,39,0
8419,40,1
8420,53,1
8421,62,0
8422,52,1
8423,129,1
8424,72,1
8425,87,0
8426,70,0
8427,70,1
8428,135,0
8429,84,1
8430,56,1
8431,30,0
8432,95,1
8433,108,1
8434,118,1
8435,74,1
8436,107,1
8437,73,1
8438,34,1
8439,64,1
8440,66,1
8441,56,1
8442,75,1
8443,49,1
8444,41,1
8445,59,1
8446,45,0
8447,99,0
8448,108,1
8449,167,0
8450,21,0
8451,48,1
8452,27,1
8453,60,1
8454,28,1
8455,73,1
8456,46,1
8457,42,1
8458,80,1
8459,148,1
8460,35,1
8461,24,1
8462,146,0
8463,119,1
8464,74,1
8465,34,0
8466,24,0
8467,40,0
8468,55,0
8469,116,0
8470,63,1
8471,51,1
8472,72,0
8473,88,1
8474,45,1
8475,32,0
8476,64,1
8477,33,0
8478,39,1
8479,57,0
8480,36,1
8481,105,1
8482,200,0
8483,63,1
8484,49,1
8485,44,1
8486,157,0
8487,45,1
8488,58,1
8489,57,0
8490,138,1
8491,152,1
8492,51,1
8493,50,1
8494,56,1
8495,48,1
8496,19,0
8497,69,1
8498,34,1
8499,92,1
8500,51,1
8501,34,1
8502,83,1
8503,65,1
8504,95,1
8505,26,0
8506,62,1
8507,88,1
8508,51,0
8509,39,1
8510,34,1
8511,57,1
8512,102,1
8513,77,1
8514,93,1
8515,71,1
8516,75,0
8517,44,1
8518,163,1
8519,74,1
8520,16,0
8521,67,1
8522,109,1
8523,89,1
8524,87,0
8525,43,1
8526,37,1
8527,200,0
8528,82,0
8529,61,0
8530,50,1
8531,29,1
8532,72,1
8533,81,1
8534,200,0
8535,48,0
8536,37,1
8537,114,1
8538,66,0
8539,110,1
8540,168,0
8541,68,0
8542,35,0
8543,57,1
8544,48,1
8545,77,1
8546,72,1
8547,34,1
8548,91,1
8549,51,1
8550,69,1
8551,106,0
8552,41,1
8553,43,1
8554,55,1
8555,39,0
8556,111,1
8557,90,1
8558,56,1
8559,45,0
8560,180,1
8561,76,1
8562,32,1
8563,53,1
8564,69,1
8565,200,0
8566,44,1
8567,36,1
8568,50,0
8569,59,1
8570,56,0
8571,71,1
8572,68,1
8573,41,1
8574,54,1
8575,49,0
8576,48,1
8577,110,1
8578,47,1
8579,37,1
8580,76,1
8581,118,1
8582,138,1
8583,78,1
8584,89,1
8585,85,1
8586,51,1
8587,39,1
8588,63,0
8589,72,1
8590,108,1
8591,25,1
8592,39,1
8593,47,1
8594,82,1
8595,36,1
8596,64,0
8597,85,1
8598,58,1
8599,93,1
8600,15,0
8601,27,1
8602,51,1
8603,82,1
8604,34,0
8605,66,1
8606,65,1
8607,103,1
8608,62,0
8609,72,1
8610,76,1
8611,55,1
8612,31,0
8613,64,1
8614,65,1
8615,138,1
8616,93,1
8617,127,1
8618,28,0
8619,103,1
8620,71,1
8621,45,1
8622,103,1
8623,31,1
8624,26,1
8625,72,1
8626,78,1
8627,91,1
8628,171,0
8629,117,1
8630,126,1
8631,79,1
8632,200,0
8633,46,0
8634,24,1
8635,200,0
8636,117,0
8637,53,0
8638,130,1
8639,96,1
8640,53,1
8641,25,0
8642,75,1
8643,110,1
8644,76,1
8645,73,1
8646,97,1
8647,25,0
8648,33,1
8649,58,1
8650,153,1
8651,64,1
8652,32,1
8653,98,1
8654,69,1
8655,32,0
8656,32,1
8657,154,1
8658,66,1
8659,77,1
8660,143,1
8661,32,0
8662,41,0
8663,59,1
8664,41,0
8665,48,0
8666,29,1
8667,58,1
8668,45,0
8669,97,1
8670,58,1
8671,48,0
8672,90,1
8673,33,1
8674,37,0
8675,172,1
8676,114,1
8677,42,0
8678,32,1
8679,41,1
8680,69,1
8681,69,1
8682,83,1
8683,70,0
8684,42,0
8685,77,1
8686,54,0
8687,110,0
8688,107,1
8689,40,1
8690,115,1
8691,81,1
8692,105,0
8693,42,0
8694,87,0
8695,45,1
8696,81,0
8697,108,1
8698,54,1
8699,104,1
8700,58,1
8701,98,1
8702,59,1
8703,49,1
8704,34,0
8705,48,1
8706,76,1
8707,107,1
8708,69,1
8709,35,0
8710,71,1
8711,124,1
8712,125,1
8713,97,1
8714,30,1
8715,101,0
8716,57,1
8717,65,1
8718,50,1
8719,121,1
8720,28,0
8721,50,1
8722,59,1
8723,83,1
8724,52,0
8725,60,1
8726,39,1
8727,63,1
8728,115,1
8729,55,1
8730,54,1
8731,58,1
8732,119,0
8733,33,0
8734,70,1
8735,118,1
8736,175,1
8737,116,1
8738,20,0
8739,51,1
8740,63,1
8741,68,1
8742,35,1
8743,134,0
8744,57,1
8745,61,0
8746,37,1
8747,95,1
8748,94,1
8749,71,0
8750,90,0
8751,120,1
8752,84,1
8753,59,1
8754,52,1
8755,44,0
8756,28,0
8757,60,1
8758,91,0
8759,80,1
8760,114,1
8761,87,1
8762,117,1
8763,63,1
8764,17,0
8765,90,1
8766,50,1
8767,34,0
8768,83,1
8769,86,1
8770,16,0
8771,39,0
8772,98,1
8773,109,1
8774,50,1
8775,30,0
8776,78,1
8777,31,1
8778,138,1
8779,59,1
8780,88,0
8781,132,1
8782,61,1
8783,36,1
8784,36,1
8785,53,1
8786,101,1
8787,91,0
8788,82,1
8789,34,1
8790,79,1
8791,48,0
8792,128,0
8793,200,0
8794,78,1
8795,98,1
8796,82,1
8797,182,1
8798,27,0
8799,50,1
8800,168,1
8801,67,1
8802,77,1
8803,53,1
8804,71,0
8805,73,1
8806,100,1
8807,26,0
8808,116,1
8809,97,1
8810,57,1
8811,47,1
8812,48,1
8813,91,1
8814,31,0
8815,46,1
8816,96,1
8817,76,1
8818,96,0
8819,41,1
8820,21,0
8821,35,1
8822,66,1
8823,80,0
8824,200,0
8825,31,1
8826,31,0
8827,72,1
8828,41,0
8829,200,0
8830,66,1
8831,119,1
8832,47,1
8833,68,1
8834,25,1
8835,55,1
8836,167,1
8837,117,1
8838,30,1
8839,123,1
8840,50,0
8841,126,1
8842,40,1
8843,76,0
8844,179,1
8845,24,0
8846,135,1
8847,61,1
8848,52,1
8849,68,1
8850,111,1
8851,29,1
8852,66,1
8853,30,1
8854,72,1
8855,67,1
8856,60,0
8857,60,1
8858,76,1
8859,44,1
8860,164,0
8861,20,0
8862,84,0
8863,67,1
8864,45,1
8865,73,1
8866,72,1
8867,83,1
8868,47,1
8869,70,1
8870,75,1
8871,132,1
8872,36,1
8873,34,0
8874,80,1
8875,35,0
8876,48,1
8877,74,1
8878,43,1
8879,50,0
8880,63,1
8881,58,1
8882,68,0
8883,50,1
8884,79,1
8885,165,1
8886,109,1
8887,112,1
8888,54,1
8889,28,1
8890,43,1
8891,61,0
8892,44,1
8893,80,1
8894,43,0
8895,200,0
8896,113,1
8897,56,1
8898,132,1
8899,39,1
8900,73,1
8901,75,1
8902,58,1
8903,32,1
8904,28,0
8905,45,1
8906,35,1
8907,25,1
8908,66,1
8909,52,1
8910,182,1
8911,136,0
8912,24,0
8913,76,1
8914,65,0
8915,71,1
8916,51,1
8917,50,0
8918,69,1
8919,101,1
8920,48,1
8921,55,1
8922,34,0
8923,170,1
8924,28,1
8925,125,1
8926,74,1
8927,74,1
8928,41,1
8929,77,1
8930,41,0
8931,167,1
8932,32,1
8933,153,1
8934,48,1
8935,182,0
8936,78,1
8937,44,1
8938,52,1
8939,200,0
8940,38,1
8941,109,1
8942,64,1
8943,55,1
8944,72,1
8945,44,1
8946,46,1
8947,72,1
8948,200,0
8949,178,1
8950,53,1
8951,41,1
8952,130,1
8953,191,1
8954,62,1
8955,142,0
8956,53,1
8957,74,1
8958,44,1
8959,142,1
8960,126,1
8961,55,1
8962,86,1
8963,65,1
8964,76,1
8965,42,1
8966,155,1
8967,39,0
8968,76,1
8969,55,1
8970,55,0
8971,129,1
8972,70,1
8973,46,0
8974,155,1
8975,37,0
8976,126,0
8977,69,1
8978,50,1
8979,41,1
8980,62,1
8981,43,1
8982,89,1
8983,63,0
8984,84,1
8985,39,1
8986,93,1
8987,200,0
8988,56,1
8989,38,0
8990,16,0
8991,57,0
8992,85,0
8993,114,1
8994,120,1
8995,46,1
8996,72,0
8997,44,1
8998,37,1
8999,58,1
9000,119,1
9001,138,1
9002,109,1
9003,71,1
9004,72,1
9005,73,1
9006,65,1
9007,73,1
9008,53,1
9009,87,1
9010,76,1
9011,61,0
9012,53,1
9013,39,1
9014,123,1
9015,31,1
9016,64,1
9017,125,1
9018,51,0
9019,73,1
9020,56,1
9021,67,1
9022,89,0
9023,67,0
9024,43,1
9025,69,1
9026,31,1
9027,16,1
9028,143,1
9029,41,0
9030,36,1
9031,85,1
9032,82,1
9033,116,1
9034,73,0
9035,92,1
9036,37,1
9037,39,1
9038,96,0
9039,33,0
9040,102,0
9041,73,1
9042,67,0
9043,67,1
9044,84,1
9045,119,1
9046,62,0
9047,96,0
9048,110,1
9049,29,0
9050,39,0
9051,164,0
9052,55,1
9053,88,1
9054,72,0
9055,128,1
9056,26,0
9057,135,1
9058,67,1
9059,58,1
9060,110,1
9061,69,1
9062,91,1
9063,98,0
9064,90,1
9065,75,1
9066,80,1
9067,55,1
9068,34,1
9069,200,0
9070,18,0
9071,57,1
9072,27,0
9073,53,0
9074,63,1
9075,51,1
9076,41,1
9077,75,1
9078,57,1
9079,46,1
9080,76,0
9081,143,1
9082,52,1
9083,58,1
9084,30,1
9085,53,1
9086,28,0
9087,58,1
9088,123,1
9089,58,1
9090,38,1
9091,31,1
9092,41,1
9093,26,1
9094,65,1
9095,100,1
9096,89,0
9097,180,1
9098,80,0
9099,86,1
9100,58,0
9101,70,1
9102,139,1
9103,56,1
9104,61,1
9105,51,1
9106,58,1
9107,200,0
9108,37,1
9109,66,1
9110,83,1
9111,45,1
9112,89,0
9113,35,1
9114,52,1
9115,49,1
9116,88,1
9117,100,1
9118,136,1
9119,36,0
9120,56,1
9121,107,0
9122,124,1
9123,73,1
9124,58,0
9125,53,0
9126,45,1
9127,36,1
9128,57,1
9129,44,1
9130,104,1
9131,18,0
9132,86,1
9133,101,1
9134,168,1
9135,56,0
9136,77,1
9137,54,1
9138,32,1
9139,70,0
9140,129,1
9141,60,1
9142,39,1
9143,62,1
9144,68,1
9145,49,1
9146,127,1
9147,38,1
9148,40,1
9149,69,1
9150,25,0
9151,94,1
9152,125,1
9153,60,1
9154,155,1
9155,111,1
9156,71,1
9157,103,1
9158,51,1
9159,65,1
9160,48,1
9161,71,0
9162,70,1
9163,36,1
9164,53,0
9165,57,0
9166,28,0
9167,39,1
9168,51,1
9169,39,1
9170,78,1
9171,31,1
9172,39,1
9173,93,1
9174,158,1
9175,57,0
9176,48,0
9177,63,1
9178,25,1
9179,54,1
9180,51,1
9181,146,0
9182,81,1
9183,26,1
9184,43,1
9185,91,0
9186,59,1
9187,29,1
9188,43,1
9189,35,0
9190,47,1
9191,83,1
9192,39,0
9193,60,1
9194,69,1
9195,55,1
9196,14,0
9197,46,1
9198,52,1
9199,152,1
9200,118,1
9201,69,1
9202,200,0
9203,45,1
9204,200,0
9205,123,1
9206,70,1
9207,84,1
9208,133,1
9209,200,0
9210,18,0
9211,117,1
9212,41,0
9213,200,0
9214,35,1
9215,72,1
9216,32,1
9217,198,1
9218,41,1
9219,69,1
9220,97,1
9221,107,1
9222,59,1
9223,66,1
9224,77,1
9225,87,1
9226,33,0
9227,123,1
9228,48,0
9229,51,0
9230,60,1
9231,57,1
9232,93,1
9233,61,1
9234,40,1
9235,49,1
9236,93,1
9237,45,1
9238,42,1
9239,68,1
9240,112,1
9241,82,1
9242,37,1
9243,75,1
9244,71,0
9245,35,1
9246,82,1
9247,45,0
9248,43,1
9249,79,1
9250,10,0
9251,38,1
9252,20,1
9253,130,1
9254,46,0
9255,48,0
9256,35,1
9257,69,1
9258,63,1
9259,57,1
9260,100,0
9261,152,1
9262,39,1
9263,47,0
9264,82,1
9265,137,1
9266,90,1
9267,27,0
9268,47,1
9269,51,0
9270,78,1
9271,48,0
9272,43,1
9273,64,0
9274,28,0
9275,111,1
9276,70,1
9277,101,1
9278,34,0
9279,21,0
9280,56,1
9281,41,1
9282,45,0
9283,111,1
9284,94,1
9285,47,1
9286,114,1
9287,116,1
9288,131,1
9289,19,0
9290,19,0
9291,158,1
9292,100,0
9293,76,1
9294,64,1
9295,13,0
9296,42,1
9297,34,0
9298,35,1
9299,36,1
9300,106,1
9301,60,1
9302,78,1
9303,31,1
9304,35,0
9305,30,1
9306,38,0
9307,53,0
9308,55,1
9309,57,1
9310,17,0
9311,155,1
9312,62,1
9313,108,0
9314,53,0
9315,54,1
9316,72,1
9317,61,1
9318,87,1
9319,99,1
9320,77,1
9321,105,1
9322,97,1
9323,166,1
9324,62,1
9325,79,1
9326,129,1
9327,159,1
9328,50,1
9329,151,1
9330,41,0
9331,42,1
9332,55,1
9333,42,1
9334,28,0
9335,184,1
9336,77,1
9337,53,1
9338,82,1
9339,98,1
9340,47,1
9341,97,1
9342,49,1
9343,50,1
9344,58,1
9345,43,1
9346,30,1
9347,130,1
9348,55,0
9349,58,1
9350,56,1
9351,43,0
9352,80,1
9353,102,1
9354,21,1
9355,103,1
9356,67,1
9357,52,1
9358,19,1
9359,108,0
9360,65,1
9361,79,1
9362,42,0
9363,37,1
9364,43,1
9365,140,1
9366,59,1
9367,51,1
9368,29,1
9369,58,0
9370,110,1
9371,60,1
9372,54,1
9373,120,1
9374,85,1
9375,43,1
9376,65,1
9377,75,1
9378,80,1
9379,60,1
9380,49,0
9381,111,1
9382,97,0
9383,59,1
9384,85,1
9385,53,1
9386,44,1
9387,70,0
9388,79,1
9389,40,1
9390,113,1
9391,69,0
9392,32,0
9393,27,0
9394,86,1
9395,52,1
9396,73,0
9397,54,1
9398,54,0
9399,70,1
9400,41,1
9401,74,1
9402,41,1
9403,32,1
9404,23,0
9405,122,1
9406,100,1
9407,132,1
9408,62,1
9409,72,1
9410,168,1
9411,115,0
9412,200,0
9413,68,1
9414,73,0
9415,77,1
9416,102,1
9417,200,0
9418,114,1
9419,68,1
9420,40,1
9421,57,1
9422,37,1
9423,59,1
9424,60,0
9425,41,1
9426,91,1
9427,121,1
9428,65,0
9429,84,1
9430,70,1
9431,77,1
9432,41,1
9433,134,1
9434,76,1
9435,200,0
9436,111,1
9437,38,1
9438,41,0
9439,63,1
9440,20,0
9441,91,1
9442,114,1
9443,109,0
9444,32,1
9445,51,1
9446,21,0
9447,100,1
9448,48,1
9449,67,1
9450,47,0
9451,40,1
9452,126,1
9453,46,1
9454,28,1
9455,31,1
9456,68,1
9457,46,1
9458,111,1
9459,141,1
9460,72,1
9461,41,1
9462,131,1
9463,82,1
9464,44,1
9465,83,1
9466,66,1
9467,67,1
9468,139,1
9469,66,1
9470,58,1
9471,86,1
9472,115,1
9473,53,1
9474,48,1
9475,183,1
9476,82,1
9477,51,1
9478,65,1
9479,40,1
9480,156,1
9481,93,1
9482,35,0
9483,20,0
9484,28,1
9485,200,0
9486,48,1
9487,34,1
9488,51,1
9489,59,1
9490,39,1
9491,24,1
9492,74,1
9493,22,0
9494,47,1
9495,92,1
9496,78,1
9497,33,0
9498,29,1
9499,77,1
9500,61,1
9501,113,0
9502,136,0
9503,90,1
9504,53,1
9505,39,1
9506,122,1
9507,184,1
9508,62,0
9509,26,0
9510,69,0
9511,65,1
9512,103,1
9513,175,1
9514,53,1
9515,35,0
9516,72,1
9517,13,0
9518,59,1
9519,111,1
9520,95,1
9521,52,1
9522,125,1
9523,98,1
9524,37,1
9525,62,1
9526,74,1
9527,67,1
9528,67,1
9529,93,1
9530,78,1
9531,39,0
9532,68,1
9533,160,0
9534,50,1
9535,37,1
9536,67,1
9537,122,1
9538,27,1
9539,61,0
9540,162,1
9541,59,1
9542,56,1
9543,54,0
9544,78,1
9545,75,1
9546,64,1
9547,54,1
9548,122,1
9549,96,0
9550,107,1
9551,109,1
9552,72,0
9553,64,1
9554,174,1
9555,82,1
9556,34,0
9557,44,0
9558,40,1
9559,90,1
9560,128,1
9561,87,1
9562,81,1
9563,105,1
9564,104,1
9565,55,1
9566,19,0
9567,65,1
9568,51,0
9569,64,1
9570,72,0
9571,82,1
9572,122,1
9573,58,1
9574,76,0
9575,83,1
9576,200,0
9577,81,1
9578,104,1
9579,68,1
9580,44,0
9581,75,0
9582,57,1
9583,56,0
9584,20,0
9585,157,1
9586,106,1
9587,155,0
9588,70,1
9589,119,1
9590,32,0
9591,85,1
9592,109,1
9593,46,1
9594,87,1
9595,141,1
9596,138,1
9597,85,1
9598,89,1
9599,111,0
9600,87,1
9601,192,1
9602,39,0
9603,83,1
9604,116,0
9605,51,1
9606,61,1
9607,78,0
9608,72,1
9609,52,1
9610,76,1
9611,47,1
9612,67,1
9613,156,1
9614,114,1
9615,84,1
9616,32,0
9617,131,1
9618,52,0
9619,30,0
9620,62,1
9621,68,1
9622,118,1
9623,100,0
9624,53,1
9625,72,1
9626,136,1
9627,122,1
9628,118,1
9629,80,1
9630,49,1
9631,113,1
9632,116,1
9633,31,1
9634,95,0
9635,36,1
9636,29,1
9637,59,0
9638,73,0
9639,79,0
9640,57,1
9641,54,1
9642,52,1
9643,59,1
9644,84,1
9645,34,1
9646,32,1
9647,28,0
9648,90,1
9649,57,0
9650,37,1
9651,66,1
9652,59,1
9653,39,1
9654,54,1
9655,44,1
9656,55,1
9657,19,0
9658,52,1
9659,126,1
9660,74,1
9661,44,1
9662,88,1
9663,64,0
9664,37,0
9665,74,1
9666,53,0
9667,43,1
9668,84,1
9669,97,1
9670,71,0
9671,68,1
9672,33,1
9673,48,1
9674,65,1
9675,52,1
9676,191,0
9677,33,1
9678,112,0
9679,49,1
9680,40,1
9681,117,1
9682,46,1
9683,38,0
9684,89,0
9685,27,0
9686,58,1
9687,65,1
9688,40,1
9689,75,0
9690,40,1
9691,53,0
9692,23,0
9693,55,1
9694,32,0
9695,43,1
9696,190,1
9697,31,1
9698,141,1
9699,55,1
9700,27,0
9701,100,1
9702,63,1
9703,178,0
9704,41,1
9705,50,1
9706,24,0
9707,54,0
9708,17,0
9709,107,0
9710,40,1
9711,48,0
9712,39,0
9713,44,1
9714,52,1
9715,107,1
9716,27,1
9717,176,1
9718,82,1
9719,120,1
9720,55,1
9721,129,1
9722,47,0
9723,121,1
9724,52,1
9725,67,1
9726,50,0
9727,11,0
9728,96,1
9729,141,1
9730,137,1
9731,93,1
9732,79,1
9733,128,1
9734,82,1
9735,44,0
9736,142,1
9737,42,0
9738,49,1
9739,64,1
9740,54,1
9741,60,1
9742,65,1
9743,77,1
9744,100,1
9745,112,1
9746,153,0
9747,33,0
9748,30,0
9749,67,1
9750,75,1
9751,140,1
9752,42,1
9753,71,1
9754,129,0
9755,132,1
9756,132,1
9757,28,0
9758,90,1
9759,90,0
9760,44,1
9761,42,1
9762,33,1
9763,71,1
9764,24,1
9765,54,1
9766,44,1
9767,65,1
9768,25,1
9769,88,1
9770,63,1
9771,94,0
9772,27,0
9773,39,0
9774,87,1
9775,122,1
9776,97,1
9777,60,1
9778,103,1
9779,148,1
9780,143,1
9781,74,1
9782,79,1
9783,83,1
9784,43,0
9785,47,1
9786,119,1
9787,74,1
9788,124,1
9789,47,1
9790,44,1
9791,57,1
9792,37,0
9793,196,1
9794,65,0
9795,65,1
9796,108,0
9797,49,0
9798,67,0
9799,115,1
9800,51,1
9801,82,1
9802,48,1
9803,48,0
9804,138,1
9805,27,1
9806,65,1
9807,56,1
9808,88,1
9809,38,1
9810,96,1
9811,72,1
9812,73,1
9813,72,1
9814,48,0
9815,78,0
9816,73,1
9817,96,1
9818,61,1
9819,66,1
9820,54,0
9821,63,1
9822,95,1
9823,53,1
9824,64,1
9825,90,1
9826,104,1
9827,84,1
9828,72,1
9829,53,1
9830,56,1
9831,53,0
9832,34,1
9833,59,1
9834,87,1
9835,53,1
9836,112,1
9837,108,1
9838,79,1
9839,74,0
9840,103,0
9841,129,1
9842,58,1
9843,21,0
9844,63,0
9845,36,0
9846,135,1
9847,15,0
9848,97,1
9849,51,0
9850,127,1
9851,27,0
9852,63,1
9853,47,1
9854,50,1
9855,154,0
9856,22,1
9857,76,1
9858,44,1
9859,33,0
9860,49,0
9861,49,0
9862,64,1
9863,24,0
9864,104,1
9865,19,0
9866,31,1
9867,59,1
9868,105,0
9869,132,1
9870,37,1
9871,57,0
9872,37,1
9873,115,1
9874,64,1
9875,28,1
9876,111,1
9877,69,0
9878,35,1
9879,68,1
9880,51,1
9881,50,0
9882,51,1
9883,85,0
9884,46,0
9885,82,0
9886,116,1
9887,37,1
9888,130,1
9889,36,1
9890,73,1
9891,46,0
9892,137,1
9893,46,0
9894,80,1
9895,70,1
9896,66,1
9897,56,1
9898,40,1
9899,48,1
9900,125,1
9901,44,1
9902,60,1
9903,46,1
9904,62,1
9905,194,1
9906,41,1
9907,91,1
9908,102,1
9909,78,0
9910,37,1
9911,32,0
9912,55,0
9913,200,0
9914,105,1
9915,39,1
9916,96,1
9917,39,0
9918,88,0
9919,58,0
9920,92,0
9921,74,1
9922,85,1
9923,79,1
9924,160,1
9925,63,1
9926,79,1
9927,99,0
9928,126,1
9929,51,1
9930,41,0
9931,37,0
9932,60,1
9933,73,0
9934,129,1
9935,66,1
9936,47,1
9937,139,0
9938,121,1
9939,125,1
9940,77,1
9941,45,1
9942,16,0
9943,154,1
9944,96,1
9945,30,1
9946,47,0
9947,72,1
9948,72,1
9949,84,1
9950,30,0
9951,55,0
9952,131,1
9953,45,0
9954,65,1
9955,40,1
9956,39,0
9957,70,1
9958,47,1
9959,42,0
9960,66,0
9961,49,0
9962,113,1
9963,42,1
9964,81,1
9965,48,1
9966,55,1
9967,25,1
9968,24,0
9969,52,1
9970,48,1
9971,36,1
9972,42,1
9973,54,0
9974,32,0
9975,40,1
9976,167,0
9977,56,1
9978,94,1
9979,24,0
9980,35,1
9981,60,1
9982,110,0
9983,87,1
9984,68,0
9985,39,1
9986,52,1
9987,61,0
9988,42,0
9989,144,0
9990,62,1
9991,42,1
9992,52,1
9993,115,0
9994,141,0
9995,42,1
9996,53,1
9997,81,1
9998,73,1
9999,79,1
