episode,steps,reward
0,72,0
1,29,0
2,11,0
3,20,0
4,38,0
5,6,0
6,57,0
7,85,0
8,21,0
9,43,0
10,8,0
11,10,0
12,72,0
13,44,0
14,26,0
15,22,0
16,28,0
17,11,0
18,19,0
19,33,0
20,14,0
21,52,0
22,19,0
23,66,0
24,15,0
25,50,0
26,26,0
27,15,0
28,34,0
29,17,0
30,43,0
31,13,0
32,19,0
33,92,0
34,24,0
35,31,0
36,165,0
37,54,0
38,21,0
39,28,0
40,8,0
41,35,0
42,8,0
43,34,0
44,23,0
45,19,0
46,8,0
47,41,0
48,54,0
49,17,0
50,7,0
51,18,0
52,11,0
53,51,0
54,22,0
55,30,0
56,14,0
57,36,0
58,33,0
59,18,0
60,10,0
61,30,0
62,50,0
63,10,0
64,14,0
65,45,0
66,33,0
67,45,0
68,7,0
69,104,0
70,29,0
71,32,0
72,76,0
73,88,0
74,30,0
75,9,0
76,19,0
77,20,0
78,36,0
79,6,0
80,10,0
81,79,0
82,24,0
83,51,0
84,35,0
85,123,0
86,111,0
87,15,0
88,20,0
89,22,0
90,82,0
91,47,0
92,37,0
93,9,0
94,18,0
95,14,0
96,17,0
97,24,0
98,31,0
99,18,0
100,11,0
101,20,0
102,11,0
103,31,0
104,24,0
105,24,0
106,25,0
107,28,0
108,8,0
109,34,0
110,25,0
111,28,0
112,5,0
113,34,0
114,129,0
115,19,0
116,37,0
117,12,0
118,7,0
119,19,0
120,43,0
121,24,0
122,18,0
123,26,0
124,106,0
125,23,0
126,142,0
127,42,0
128,52,0
129,8,0
130,41,0
131,20,0
132,96,0
133,64,0
134,24,0
135,7,0
136,27,0
137,92,0
138,33,0
139,33,0
140,29,0
141,19,0
142,39,0
143,40,0
144,25,0
145,21,0
146,47,0
147,26,0
148,65,1
149,102,0
150,165,0
151,57,0
152,104,0
153,70,0
154,98,0
155,27,0
156,42,0
157,85,1
158,110,0
159,130,0
160,74,0
161,68,0
162,158,0
163,80,0
164,81,0
165,124,0
166,178,0
167,160,0
168,100,0
169,62,0
170,124,1
171,124,0
172,198,1
173,80,1
174,110,1
175,47,0
176,192,1
177,21,0
178,80,1
179,56,0
180,157,0
181,200,0
182,79,0
183,90,0
184,200,0
185,132,1
186,15,0
187,97,0
188,145,0
189,84,0
190,57,0
191,139,0
192,60,0
193,94,0
194,85,1
195,24,0
196,93,0
197,93,0
198,200,0
199,23,0
200,200,0
201,53,0
202,93,0
203,200,0
204,71,0
205,200,0
206,60,0
207,41,0
208,10,0
209,47,0
210,133,0
211,200,0
212,94,0
213,200,0
214,112,0
215,88,0
216,89,1
217,151,1
218,133,1
219,200,0
220,174,0
221,147,0
222,200,0
223,200,0
224,131,0
225,194,0
226,68,1
227,200,0
228,52,1
229,24,0
230,186,1
231,23,0
232,39,1
233,44,1
234,120,1
235,85,0
236,151,1
237,143,1
238,96,1
239,105,1
240,150,1
241,49,0
242,158,0
243,93,0
244,180,1
245,31,1
246,200,0
247,27,0
248,200,0
249,20,0
250,35,0
251,35,1
252,200,0
253,200,0
254,54,0
255,90,0
256,12,0
257,200,0
258,156,1
259,66,0
260,200,0
261,200,0
262,24,0
263,43,1
264,102,0
265,45,0
266,200,0
267,200,0
268,122,1
269,19,0
270,31,0
271,93,0
272,135,0
273,200,0
274,114,1
275,131,1
276,123,1
277,111,1
278,27,1
279,40,0
280,22,0
281,200,0
282,152,1
283,132,0
284,121,1
285,200,0
286,123,1
287,69,0
288,115,1
289,200,0
290,27,0
291,138,1
292,60,0
293,146,1
294,108,0
295,124,0
296,200,0
297,157,0
298,122,0
299,73,1
300,85,1
301,13,0
302,200,0
303,200,0
304,77,0
305,200,0
306,73,0
307,100,0
308,96,1
309,33,0
310,200,0
311,200,0
312,123,0
313,128,1
314,15,0
315,200,0
316,155,1
317,40,0
318,54,0
319,58,1
320,91,0
321,76,1
322,200,0
323,78,0
324,200,0
325,84,1
326,9,0
327,200,0
328,158,0
329,152,1
330,50,0
331,200,0
332,53,0
333,126,1
334,135,0
335,140,1
336,66,1
337,152,1
338,67,1
339,15,0
340,65,0
341,114,1
342,167,1
343,200,0
344,164,1
345,130,0
346,74,1
347,172,1
348,200,0
349,91,1
350,178,0
351,56,1
352,14,0
353,31,1
354,124,0
355,31,1
356,126,1
357,200,0
358,132,1
359,31,0
360,200,0
361,200,0
362,46,1
363,43,0
364,32,1
365,113,1
366,29,1
367,73,0
368,61,1
369,90,1
370,126,0
371,200,0
372,49,0
373,71,0
374,14,0
375,139,1
376,82,0
377,72,1
378,59,1
379,200,0
380,200,0
381,200,0
382,96,0
383,171,0
384,195,1
385,75,1
386,25,0
387,49,1
388,9,0
389,85,1
390,33,1
391,200,0
392,130,1
393,162,0
394,33,0
395,98,0
396,135,1
397,200,0
398,83,1
399,95,1
400,124,0
401,53,0
402,129,1
403,161,0
404,27,0
405,200,0
406,200,0
407,88,1
408,83,1
409,76,0
410,79,1
411,81,1
412,86,1
413,171,1
414,57,0
415,200,0
416,66,0
417,148,0
418,90,1
419,102,1
420,151,1
421,45,1
422,76,0
423,159,0
424,86,1
425,200,0
426,88,1
427,86,1
428,164,1
429,114,1
430,42,0
431,131,0
432,95,0
433,200,0
434,200,0
435,114,0
436,92,1
437,62,1
438,52,1
439,91,0
440,93,1
441,200,0
442,110,0
443,200,0
444,136,0
445,103,1
446,26,0
447,99,1
448,66,1
449,200,0
450,70,1
451,44,1
452,164,1
453,111,0
454,81,1
455,195,0
456,28,1
457,90,1
458,67,1
459,110,1
460,60,0
461,87,1
462,104,1
463,46,1
464,77,1
465,200,0
466,32,0
467,199,1
468,152,1
469,37,0
470,101,0
471,200,0
472,108,1
473,200,0
474,60,0
475,67,1
476,127,1
477,100,1
478,112,1
479,75,0
480,33,0
481,55,1
482,134,1
483,63,1
484,200,0
485,105,1
486,24,0
487,15,0
488,28,1
489,68,1
490,78,0
491,106,1
492,117,1
493,103,0
494,200,0
495,90,1
496,200,0
497,132,1
498,78,1
499,146,0
500,171,0
501,44,0
502,60,1
503,91,0
504,61,1
505,15,0
506,44,0
507,65,1
508,11,0
509,29,0
510,200,0
511,93,0
512,130,0
513,164,1
514,193,0
515,153,1
516,200,0
517,77,1
518,31,0
519,128,1
520,25,1
521,93,0
522,85,1
523,200,0
524,122,0
525,142,1
526,66,1
527,102,1
528,72,1
529,110,0
530,200,0
531,140,0
532,31,0
533,182,1
534,53,1
535,99,1
536,93,1
537,157,1
538,76,1
539,81,1
540,33,1
541,84,0
542,200,0
543,124,1
544,73,0
545,129,0
546,124,1
547,119,1
548,155,1
549,43,0
550,32,1
551,164,1
552,158,1
553,139,1
554,92,1
555,134,1
556,37,0
557,44,1
558,116,1
559,200,0
560,137,0
561,200,0
562,191,0
563,132,0
564,200,0
565,73,1
566,146,1
567,200,0
568,200,0
569,69,0
570,89,0
571,112,1
572,74,1
573,200,0
574,160,0
575,18,0
576,69,0
577,200,0
578,160,1
579,105,1
580,47,1
581,19,0
582,86,1
583,200,0
584,96,1
585,18,0
586,39,0
587,200,0
588,200,0
589,200,0
590,200,0
591,104,1
592,91,1
593,164,1
594,200,0
595,98,1
596,195,1
597,70,0
598,142,1
599,80,1
600,57,1
601,54,1
602,141,1
603,65,0
604,200,0
605,183,0
606,20,0
607,168,1
608,89,1
609,108,1
610,122,1
611,84,1
612,158,1
613,107,1
614,170,1
615,113,1
616,200,0
617,200,0
618,200,0
619,48,0
620,200,0
621,200,0
622,64,0
623,200,0
624,88,0
625,77,1
626,18,0
627,42,1
628,101,0
629,200,0
630,100,0
631,200,0
632,146,0
633,126,1
634,119,1
635,64,1
636,200,0
637,200,0
638,200,0
639,92,0
640,134,1
641,97,0
642,53,1
643,10,0
644,200,0
645,96,1
646,50,0
647,200,0
648,187,1
649,45,1
650,200,0
651,125,1
652,26,0
653,15,0
654,140,1
655,200,0
656,200,0
657,100,1
658,86,1
659,155,1
660,28,0
661,79,0
662,39,0
663,55,1
664,113,1
665,175,1
666,177,1
667,109,1
668,71,0
669,183,1
670,125,0
671,200,0
672,73,1
673,42,1
674,189,0
675,151,1
676,58,1
677,151,1
678,200,0
679,21,0
680,153,1
681,41,0
682,58,1
683,121,1
684,95,0
685,69,1
686,67,1
687,200,0
688,123,1
689,184,0
690,61,1
691,156,1
692,93,1
693,73,1
694,69,0
695,107,1
696,120,1
697,105,1
698,66,1
699,180,1
700,129,1
701,26,0
702,81,1
703,183,1
704,88,1
705,190,0
706,200,0
707,50,0
708,200,0
709,200,0
710,14,0
711,200,0
712,200,0
713,193,1
714,11,0
715,68,1
716,200,0
717,90,1
718,79,1
719,57,1
720,91,1
721,49,0
722,157,1
723,79,1
724,70,1
725,17,0
726,26,0
727,44,1
728,92,1
729,123,1
730,44,0
731,200,0
732,107,1
733,82,1
734,43,0
735,82,1
736,117,1
737,200,0
738,57,1
739,200,0
740,73,1
741,132,1
742,171,1
743,90,1
744,200,0
745,74,1
746,189,1
747,179,0
748,54,1
749,99,1
750,125,1
751,38,1
752,122,1
753,111,1
754,31,0
755,63,0
756,74,0
757,19,0
758,35,0
759,200,0
760,50,1
761,200,0
762,200,0
763,19,0
764,119,1
765,155,1
766,110,1
767,144,1
768,66,0
769,136,1
770,73,1
771,150,1
772,68,0
773,162,1
774,200,0
775,66,0
776,200,0
777,82,0
778,15,0
779,107,1
780,36,1
781,145,1
782,126,1
783,78,1
784,72,1
785,92,0
786,143,1
787,85,1
788,200,0
789,182,1
790,57,1
791,37,1
792,67,1
793,179,1
794,113,1
795,36,1
796,183,1
797,78,0
798,42,0
799,125,1
800,200,0
801,111,1
802,128,1
803,200,0
804,70,1
805,20,0
806,114,1
807,200,0
808,200,0
809,105,1
810,149,0
811,200,0
812,127,0
813,27,0
814,116,0
815,200,0
816,200,0
817,198,1
818,43,1
819,200,0
820,60,0
821,200,0
822,200,0
823,77,1
824,76,1
825,166,1
826,200,0
827,68,1
828,105,1
829,163,1
830,151,1
831,179,1
832,100,1
833,153,1
834,53,1
835,54,1
836,58,1
837,67,1
838,42,1
839,28,1
840,98,1
841,59,1
842,41,0
843,117,0
844,161,1
845,96,1
846,49,0
847,200,0
848,70,0
849,76,1
850,199,1
851,80,1
852,200,0
853,133,1
854,135,1
855,89,0
856,200,0
857,16,0
858,200,0
859,95,1
860,154,1
861,73,1
862,82,1
863,59,0
864,37,0
865,34,0
866,54,1
867,95,1
868,44,1
869,154,1
870,121,0
871,200,0
872,77,1
873,158,1
874,97,1
875,70,1
876,63,1
877,129,1
878,78,1
879,84,1
880,200,0
881,111,1
882,22,0
883,141,0
884,200,0
885,60,0
886,200,0
887,91,1
888,15,0
889,118,0
890,200,0
891,200,0
892,102,0
893,200,0
894,19,0
895,44,1
896,152,1
897,55,0
898,58,0
899,146,1
900,90,1
901,158,1
902,109,1
903,80,1
904,94,1
905,113,1
906,99,1
907,67,1
908,64,1
909,148,1
910,103,1
911,180,1
912,106,1
913,29,0
914,17,0
915,82,1
916,52,1
917,75,1
918,87,0
919,200,0
920,40,0
921,174,1
922,200,0
923,101,1
924,76,0
925,200,0
926,185,1
927,200,0
928,9,0
929,200,0
930,56,0
931,140,1
932,200,0
933,163,1
934,68,1
935,118,1
936,17,0
937,149,1
938,200,0
939,24,0
940,70,1
941,35,1
942,111,1
943,96,1
944,118,1
945,200,0
946,103,1
947,137,1
948,130,1
949,31,0
950,171,1
951,72,1
952,48,1
953,200,0
954,27,0
955,183,1
956,166,1
957,40,1
958,112,0
959,114,1
960,200,0
961,67,0
962,147,1
963,87,1
964,66,1
965,51,0
966,120,1
967,43,1
968,186,0
969,146,1
970,159,1
971,74,1
972,84,1
973,200,0
974,83,1
975,38,1
976,83,1
977,87,0
978,92,1
979,59,1
980,132,1
981,37,1
982,200,0
983,61,1
984,86,1
985,76,1
986,68,0
987,102,1
988,142,1
989,141,1
990,99,0
991,66,1
992,129,1
993,104,1
994,124,0
995,200,0
996,166,1
997,169,1
998,133,1
999,153,1
1000,200,0
1001,98,0
1002,63,0
1003,152,1
1004,103,1
1005,49,1
1006,148,1
1007,131,1
1008,11,0
1009,73,1
1010,39,1
1011,32,1
1012,81,1
1013,45,1
1014,59,1
1015,34,1
1016,108,1
1017,46,1
1018,44,1
1019,70,1
1020,200,0
1021,200,0
1022,118,1
1023,65,0
1024,200,0
1025,200,0
1026,83,0
1027,120,1
1028,200,0
1029,151,1
1030,156,1
1031,134,1
1032,190,1
1033,40,1
1034,91,1
1035,69,1
1036,127,1
1037,196,1
1038,50,0
1039,200,0
1040,200,0
1041,103,1
1042,47,1
1043,25,1
1044,181,1
1045,71,1
1046,65,1
1047,59,0
1048,98,1
1049,130,0
1050,128,1
1051,111,1
1052,200,0
1053,200,0
1054,125,0
1055,200,0
1056,200,0
1057,90,0
1058,69,0
1059,200,0
1060,79,1
1061,41,0
1062,46,0
1063,72,1
1064,97,0
1065,200,0
1066,128,1
1067,90,0
1068,119,1
1069,119,1
1070,56,1
1071,114,1
1072,44,1
1073,23,0
1074,152,1
1075,123,1
1076,47,1
1077,142,1
1078,121,1
1079,63,1
1080,188,1
1081,200,0
1082,92,1
1083,200,0
1084,88,0
1085,77,1
1086,176,1
1087,187,1
1088,23,1
1089,134,0
1090,56,0
1091,143,0
1092,118,0
1093,179,1
1094,200,0
1095,97,1
1096,118,0
1097,200,0
1098,200,0
1099,177,1
1100,200,0
1101,94,1
1102,128,1
1103,130,1
1104,158,1
1105,42,0
1106,19,0
1107,54,1
1108,125,1
1109,108,0
1110,101,1
1111,164,1
1112,78,1
1113,49,1
1114,200,0
1115,93,1
1116,60,1
1117,132,1
1118,71,1
1119,112,1
1120,119,1
1121,151,0
1122,116,1
1123,168,0
1124,86,1
1125,130,0
1126,177,1
1127,57,1
1128,97,1
1129,176,1
1130,38,0
1131,131,1
1132,62,1
1133,139,1
1134,176,1
1135,45,0
1136,78,1
1137,86,1
1138,167,1
1139,113,1
1140,44,1
1141,51,1
1142,134,0
1143,44,0
1144,32,0
1145,59,1
1146,180,1
1147,68,1
1148,155,0
1149,45,1
1150,124,1
1151,200,0
1152,200,0
1153,187,0
1154,191,1
1155,134,1
1156,15,0
1157,194,1
1158,200,0
1159,76,1
1160,200,0
1161,90,0
1162,50,1
1163,144,1
1164,192,1
1165,63,0
1166,124,1
1167,200,0
1168,145,1
1169,110,1
1170,151,1
1171,200,0
1172,92,1
1173,151,1
1174,200,0
1175,102,1
1176,63,1
1177,102,1
1178,61,1
1179,144,1
1180,72,1
1181,200,0
1182,200,0
1183,200,0
1184,97,0
1185,82,0
1186,41,0
1187,200,0
1188,199,1
1189,200,0
1190,200,0
1191,200,0
1192,46,0
1193,107,0
1194,59,1
1195,115,1
1196,93,0
1197,138,1
1198,176,1
1199,36,0
1200,10,0
1201,200,0
1202,173,1
1203,181,1
1204,118,1
1205,77,1
1206,42,1
1207,195,1
1208,49,0
1209,36,1
1210,77,1
1211,77,1
1212,49,1
1213,60,0
1214,175,1
1215,62,1
1216,87,1
1217,53,1
1218,66,1
1219,80,1
1220,91,1
1221,65,1
1222,153,1
1223,200,0
1224,162,1
1225,94,1
1226,179,0
1227,175,1
1228,156,1
1229,136,1
1230,119,1
1231,200,0
1232,42,0
1233,169,1
1234,200,0
1235,137,1
1236,157,1
1237,148,1
1238,191,1
1239,57,1
1240,192,1
1241,82,0
1242,124,1
1243,42,0
1244,170,1
1245,50,1
1246,109,1
1247,75,0
1248,173,1
1249,200,0
1250,71,1
1251,200,0
1252,110,1
1253,127,1
1254,200,0
1255,141,0
1256,200,0
1257,181,0
1258,200,0
1259,200,0
1260,200,0
1261,200,0
1262,62,0
1263,54,1
1264,200,0
1265,77,1
1266,161,1
1267,81,1
1268,50,0
1269,100,1
1270,132,1
1271,200,0
1272,110,1
1273,35,0
1274,182,1
1275,15,0
1276,74,1
1277,95,1
1278,66,0
1279,200,0
1280,200,0
1281,100,0
1282,200,0
1283,200,0
1284,95,1
1285,51,0
1286,73,1
1287,200,0
1288,50,1
1289,40,1
1290,176,1
1291,128,1
1292,120,0
1293,149,1
1294,125,1
1295,200,0
1296,101,1
1297,200,0
1298,87,1
1299,75,1
1300,107,1
1301,98,1
1302,200,0
1303,200,0
1304,70,1
1305,189,1
1306,158,1
1307,144,1
1308,126,1
1309,28,0
1310,158,1
1311,24,0
1312,200,0
1313,68,1
1314,74,1
1315,46,1
1316,79,1
1317,74,0
1318,200,0
1319,131,1
1320,83,1
1321,30,0
1322,158,1
1323,123,1
1324,143,0
1325,199,0
1326,81,1
1327,145,0
1328,200,0
1329,133,1
1330,120,1
1331,74,0
1332,56,1
1333,97,1
1334,98,0
1335,158,1
1336,200,0
1337,113,0
1338,87,0
1339,124,1
1340,92,1
1341,68,1
1342,120,1
1343,33,1
1344,40,0
1345,190,1
1346,97,1
1347,74,1
1348,105,1
1349,133,1
1350,118,1
1351,30,1
1352,106,1
1353,119,1
1354,65,1
1355,85,1
1356,122,1
1357,56,1
1358,148,1
1359,173,1
1360,36,1
1361,104,1
1362,82,1
1363,37,1
1364,50,1
1365,78,1
1366,47,1
1367,115,1
1368,103,1
1369,59,0
1370,82,1
1371,36,1
1372,45,1
1373,49,1
1374,66,1
1375,155,1
1376,39,1
1377,128,1
1378,121,0
1379,95,1
1380,119,1
1381,200,0
1382,59,0
1383,64,1
1384,58,1
1385,51,0
1386,14,0
1387,189,0
1388,200,0
1389,200,0
1390,200,0
1391,129,0
1392,111,1
1393,84,1
1394,155,1
1395,142,0
1396,193,1
1397,79,1
1398,200,0
1399,200,0
1400,108,1
1401,109,0
1402,82,1
1403,140,1
1404,171,1
1405,200,0
1406,51,1
1407,99,1
1408,24,0
1409,65,1
1410,145,1
1411,170,1
1412,83,1
1413,108,1
1414,189,1
1415,93,1
1416,200,0
1417,102,1
1418,47,1
1419,195,1
1420,56,1
1421,141,1
1422,68,1
1423,90,1
1424,182,1
1425,104,1
1426,200,0
1427,125,1
1428,200,0
1429,122,1
1430,55,1
1431,88,1
1432,52,1
1433,84,1
1434,94,0
1435,104,0
1436,92,1
1437,92,1
1438,87,1
1439,127,1
1440,78,0
1441,78,1
1442,51,1
1443,14,0
1444,25,0
1445,122,0
1446,200,0
1447,89,1
1448,98,1
1449,110,1
1450,106,0
1451,200,0
1452,62,1
1453,181,1
1454,123,1
1455,200,0
1456,192,1
1457,200,0
1458,78,0
1459,98,1
1460,137,1
1461,200,0
1462,73,1
1463,96,1
1464,200,0
1465,59,1
1466,108,1
1467,200,0
1468,99,1
1469,200,0
1470,73,1
1471,121,1
1472,47,1
1473,118,1
1474,34,0
1475,30,1
1476,58,1
1477,80,1
1478,88,1
1479,35,1
1480,200,0
1481,51,0
1482,180,1
1483,63,1
1484,104,1
1485,36,1
1486,17,0
1487,58,0
1488,74,1
1489,125,1
1490,103,1
1491,163,1
1492,114,1
1493,200,0
1494,200,0
1495,107,1
1496,149,1
1497,68,1
1498,96,1
1499,165,1
1500,53,1
1501,61,1
1502,52,0
1503,69,1
1504,51,0
1505,200,0
1506,74,1
1507,155,1
1508,78,1
1509,136,1
1510,88,0
1511,93,1
1512,64,1
1513,86,1
1514,74,1
1515,142,1
1516,68,1
1517,95,1
1518,123,1
1519,50,1
1520,177,1
1521,197,1
1522,21,0
1523,145,1
1524,200,0
1525,121,0
1526,165,1
1527,158,1
1528,73,1
1529,72,1
1530,141,1
1531,200,0
1532,98,1
1533,160,1
1534,155,1
1535,89,1
1536,76,0
1537,68,1
1538,40,1
1539,35,1
1540,193,1
1541,88,1
1542,38,1
1543,58,1
1544,87,1
1545,90,1
1546,200,0
1547,66,1
1548,42,0
1549,146,0
1550,80,1
1551,37,1
1552,200,0
1553,48,0
1554,87,1
1555,53,1
1556,95,1
1557,168,1
1558,200,0
1559,124,1
1560,73,1
1561,38,1
1562,162,1
1563,63,1
1564,120,1
1565,99,1
1566,200,0
1567,93,1
1568,157,1
1569,132,1
1570,198,1
1571,175,0
1572,35,1
1573,13,0
1574,104,1
1575,200,0
1576,60,1
1577,200,0
1578,200,0
1579,54,1
1580,59,0
1581,157,1
1582,140,1
1583,103,1
1584,128,1
1585,109,1
1586,200,0
1587,182,1
1588,111,1
1589,64,0
1590,200,0
1591,77,1
1592,94,1
1593,179,1
1594,200,0
1595,178,0
1596,17,0
1597,195,0
1598,137,1
1599,104,0
1600,63,1
1601,200,0
1602,200,0
1603,200,0
1604,200,0
1605,98,1
1606,94,1
1607,42,1
1608,20,0
1609,99,1
1610,89,1
1611,75,1
1612,200,0
1613,97,1
1614,19,0
1615,107,1
1616,35,1
1617,200,0
1618,121,1
1619,75,1
1620,98,0
1621,103,1
1622,123,1
1623,119,1
1624,136,1
1625,28,1
1626,56,1
1627,53,0
1628,57,1
1629,57,1
1630,96,1
1631,134,1
1632,108,1
1633,66,1
1634,30,1
1635,46,0
1636,124,1
1637,37,1
1638,82,1
1639,153,1
1640,90,1
1641,72,1
1642,62,0
1643,44,1
1644,98,1
1645,123,1
1646,75,1
1647,87,0
1648,34,0
1649,70,1
1650,45,0
1651,149,1
1652,85,0
1653,112,1
1654,185,1
1655,94,1
1656,148,1
1657,16,0
1658,200,0
1659,106,1
1660,58,0
1661,94,1
1662,173,1
1663,53,0
1664,200,0
1665,200,0
1666,48,1
1667,14,0
1668,14,0
1669,115,1
1670,171,1
1671,200,0
1672,26,1
1673,92,1
1674,170,1
1675,43,1
1676,86,1
1677,73,1
1678,200,0
1679,92,0
1680,97,1
1681,77,0
1682,167,1
1683,34,0
1684,68,1
1685,74,1
1686,131,1
1687,200,0
1688,61,1
1689,135,1
1690,81,1
1691,107,1
1692,109,1
1693,140,1
1694,39,1
1695,86,1
1696,113,1
1697,83,1
1698,37,0
1699,68,1
1700,68,1
1701,55,1
1702,59,1
1703,70,1
1704,168,1
1705,134,1
1706,66,1
1707,122,1
1708,36,1
1709,174,1
1710,83,1
1711,50,1
1712,62,1
1713,200,0
1714,66,1
1715,67,1
1716,62,1
1717,56,1
1718,51,1
1719,66,1
1720,78,0
1721,103,1
1722,38,1
1723,125,1
1724,56,1
1725,200,0
1726,90,1
1727,45,1
1728,130,1
1729,62,1
1730,174,1
1731,143,1
1732,138,0
1733,47,1
1734,95,1
1735,200,0
1736,49,1
1737,150,1
1738,200,0
1739,151,1
1740,88,1
1741,91,1
1742,64,1
1743,61,1
1744,173,0
1745,200,0
1746,89,1
1747,119,1
1748,200,0
1749,62,0
1750,16,0
1751,200,1
1752,95,1
1753,81,1
1754,64,1
1755,121,1
1756,125,1
1757,89,1
1758,68,1
1759,100,1
1760,200,0
1761,154,1
1762,147,0
1763,35,1
1764,84,1
1765,179,1
1766,136,1
1767,170,1
1768,83,1
1769,195,1
1770,85,1
1771,200,0
1772,200,0
1773,79,1
1774,39,1
1775,53,0
1776,200,0
1777,152,1
1778,36,1
1779,200,0
1780,200,0
1781,200,0
1782,122,1
1783,19,0
1784,35,0
1785,49,1
1786,100,1
1787,77,1
1788,93,1
1789,65,1
1790,39,1
1791,54,1
1792,167,1
1793,124,1
1794,78,1
1795,61,1
1796,102,1
1797,84,1
1798,200,0
1799,69,1
1800,37,1
1801,200,0
1802,89,1
1803,141,1
1804,149,1
1805,200,0
1806,47,0
1807,146,1
1808,200,0
1809,78,0
1810,145,1
1811,176,1
1812,58,1
1813,41,1
1814,159,1
1815,100,1
1816,67,1
1817,158,1
1818,200,0
1819,122,1
1820,137,1
1821,37,1
1822,71,1
1823,50,1
1824,25,0
1825,42,1
1826,123,1
1827,79,1
1828,54,1
1829,132,1
1830,57,1
1831,64,0
1832,116,1
1833,146,1
1834,18,0
1835,121,1
1836,45,1
1837,39,1
1838,116,0
1839,61,1
1840,52,1
1841,171,1
1842,114,1
1843,200,0
1844,58,1
1845,73,1
1846,200,0
1847,67,1
1848,131,1
1849,59,1
1850,60,1
1851,45,1
1852,150,1
1853,21,0
1854,102,1
1855,89,1
1856,96,1
1857,112,1
1858,46,1
1859,59,1
1860,150,0
1861,143,1
1862,56,0
1863,168,1
1864,187,0
1865,179,1
1866,146,1
1867,200,0
1868,53,1
1869,135,1
1870,46,0
1871,30,1
1872,200,0
1873,99,1
1874,88,1
1875,111,1
1876,105,1
1877,85,1
1878,62,1
1879,40,1
1880,117,1
1881,106,1
1882,98,1
1883,54,1
1884,169,1
1885,47,1
1886,100,0
1887,79,1
1888,66,1
1889,200,0
1890,46,1
1891,184,1
1892,122,1
1893,139,1
1894,133,1
1895,68,1
1896,86,1
1897,56,1
1898,56,1
1899,136,1
1900,56,1
1901,71,1
1902,66,0
1903,39,1
1904,97,1
1905,78,1
1906,65,0
1907,47,1
1908,54,1
1909,74,1
1910,65,1
1911,69,0
1912,142,1
1913,139,1
1914,52,0
1915,46,0
1916,36,1
1917,68,1
1918,96,1
1919,51,1
1920,200,0
1921,58,1
1922,117,1
1923,116,0
1924,128,1
1925,98,1
1926,200,0
1927,66,1
1928,40,1
1929,87,1
1930,153,1
1931,115,1
1932,87,1
1933,96,1
1934,200,0
1935,146,1
1936,69,1
1937,93,1
1938,97,1
1939,108,1
1940,37,1
1941,157,1
1942,68,1
1943,67,1
1944,119,1
1945,82,0
1946,109,1
1947,200,0
1948,36,1
1949,38,0
1950,22,1
1951,200,0
1952,190,1
1953,73,1
1954,200,0
1955,200,0
1956,158,1
1957,84,1
1958,105,1
1959,200,0
1960,37,0
1961,141,1
1962,193,1
1963,59,1
1964,200,0
1965,160,1
1966,54,0
1967,185,1
1968,120,1
1969,102,1
1970,55,1
1971,200,0
1972,108,1
1973,149,1
1974,170,1
1975,43,1
1976,198,0
1977,93,1
1978,192,1
1979,182,1
1980,76,0
1981,200,0
1982,45,0
1983,85,1
1984,129,1
1985,104,1
1986,38,1
1987,22,0
1988,139,1
1989,200,0
1990,191,1
1991,109,1
1992,189,1
1993,66,1
1994,127,1
1995,65,1
1996,57,1
1997,151,1
1998,134,1
1999,200,0
2000,96,1
2001,186,1
2002,14,0
2003,122,1
2004,170,1
2005,55,1
2006,59,1
2007,52,1
2008,147,1
2009,44,1
2010,147,1
2011,128,1
2012,116,1
2013,97,1
2014,164,1
2015,104,1
2016,97,1
2017,44,1
2018,59,0
2019,85,0
2020,71,1
2021,101,1
2022,140,1
2023,91,1
2024,47,1
2025,110,1
2026,87,1
2027,156,1
2028,191,1
2029,114,1
2030,58,1
2031,62,1
2032,51,1
2033,163,1
2034,114,1
2035,125,1
2036,74,1
2037,62,0
2038,78,1
2039,200,0
2040,46,1
2041,96,1
2042,58,1
2043,95,1
2044,133,1
2045,134,0
2046,99,0
2047,94,0
2048,83,1
2049,140,1
2050,168,1
2051,200,0
2052,167,1
2053,200,0
2054,82,1
2055,186,1
2056,92,1
2057,200,0
2058,77,1
2059,138,1
2060,178,1
2061,109,1
2062,91,1
2063,105,1
2064,96,0
2065,143,1
2066,139,1
2067,145,1
2068,118,1
2069,77,1
2070,79,1
2071,37,0
2072,14,0
2073,63,0
2074,53,0
2075,116,1
2076,88,1
2077,168,1
2078,51,1
2079,101,1
2080,76,1
2081,46,1
2082,105,1
2083,124,1
2084,119,1
2085,139,1
2086,116,1
2087,51,1
2088,81,1
2089,160,1
2090,43,1
2091,51,1
2092,47,1
2093,99,1
2094,134,1
2095,76,1
2096,25,0
2097,20,1
2098,165,1
2099,110,1
2100,63,1
2101,120,1
2102,71,1
2103,44,1
2104,200,0
2105,158,1
2106,101,1
2107,98,1
2108,67,1
2109,125,1
2110,69,1
2111,121,1
2112,48,1
2113,111,1
2114,42,1
2115,121,1
2116,43,0
2117,137,1
2118,100,1
2119,160,1
2120,53,1
2121,195,0
2122,40,0
2123,108,1
2124,121,1
2125,68,1
2126,148,1
2127,131,1
2128,150,1
2129,139,1
2130,173,1
2131,165,1
2132,150,1
2133,91,1
2134,50,0
2135,124,1
2136,200,0
2137,200,0
2138,200,0
2139,200,0
2140,140,0
2141,200,0
2142,101,1
2143,118,1
2144,200,0
2145,31,1
2146,75,0
2147,59,1
2148,200,0
2149,28,0
2150,61,0
2151,55,1
2152,200,0
2153,164,1
2154,200,0
2155,83,0
2156,185,1
2157,182,1
2158,176,1
2159,91,1
2160,95,1
2161,30,1
2162,15,0
2163,157,1
2164,200,0
2165,140,1
2166,137,1
2167,67,1
2168,148,1
2169,105,1
2170,38,1
2171,52,0
2172,63,1
2173,47,1
2174,128,1
2175,127,1
2176,200,0
2177,50,1
2178,200,1
2179,137,0
2180,53,1
2181,92,1
2182,32,1
2183,192,1
2184,87,1
2185,31,0
2186,143,0
2187,174,1
2188,185,0
2189,101,1
2190,123,1
2191,73,1
2192,55,1
2193,42,1
2194,152,1
2195,34,0
2196,156,1
2197,29,0
2198,63,1
2199,200,0
2200,200,0
2201,55,1
2202,73,0
2203,76,1
2204,142,1
2205,60,1
2206,92,1
2207,83,1
2208,179,1
2209,71,1
2210,97,0
2211,30,1
2212,108,1
2213,46,0
2214,80,1
2215,69,1
2216,182,1
2217,120,1
2218,77,1
2219,171,1
2220,127,1
2221,200,0
2222,200,0
2223,70,1
2224,60,1
2225,44,0
2226,64,0
2227,193,1
2228,156,1
2229,117,1
2230,35,1
2231,124,1
2232,163,1
2233,13,0
2234,76,0
2235,91,1
2236,112,1
2237,84,1
2238,200,0
2239,120,1
2240,47,1
2241,132,1
2242,133,1
2243,93,1
2244,65,1
2245,35,0
2246,58,1
2247,136,1
2248,45,1
2249,65,1
2250,96,1
2251,125,1
2252,137,1
2253,58,1
2254,81,1
2255,54,1
2256,200,0
2257,73,1
2258,101,1
2259,81,1
2260,145,0
2261,105,1
2262,48,1
2263,118,1
2264,194,1
2265,81,1
2266,80,1
2267,195,1
2268,200,0
2269,79,1
2270,181,1
2271,69,1
2272,136,1
2273,57,0
2274,110,1
2275,144,1
2276,152,1
2277,86,1
2278,188,1
2279,66,1
2280,62,1
2281,115,1
2282,66,1
2283,134,1
2284,106,1
2285,112,1
2286,86,1
2287,72,1
2288,154,1
2289,80,1
2290,150,1
2291,79,1
2292,19,1
2293,49,1
2294,56,1
2295,95,1
2296,61,1
2297,190,1
2298,104,1
2299,168,1
2300,200,0
2301,43,1
2302,53,1
2303,60,1
2304,123,0
2305,90,0
2306,124,1
2307,91,0
2308,117,1
2309,200,0
2310,124,1
2311,174,1
2312,98,0
2313,45,1
2314,70,1
2315,141,1
2316,52,1
2317,42,1
2318,52,1
2319,69,1
2320,91,1
2321,19,0
2322,100,1
2323,68,1
2324,108,1
2325,33,1
2326,118,1
2327,200,0
2328,59,1
2329,93,1
2330,146,1
2331,148,1
2332,131,1
2333,99,1
2334,54,0
2335,82,1
2336,78,1
2337,200,0
2338,200,0
2339,76,1
2340,119,1
2341,58,1
2342,34,1
2343,200,0
2344,81,1
2345,85,1
2346,123,1
2347,33,1
2348,170,1
2349,200,0
2350,45,1
2351,91,1
2352,142,1
2353,200,0
2354,38,0
2355,66,1
2356,96,1
2357,179,1
2358,182,1
2359,113,1
2360,85,1
2361,45,1
2362,57,0
2363,70,1
2364,48,1
2365,200,0
2366,19,0
2367,27,0
2368,137,1
2369,200,0
2370,200,0
2371,188,0
2372,200,0
2373,73,1
2374,200,0
2375,130,1
2376,200,0
2377,173,1
2378,200,0
2379,200,0
2380,200,0
2381,137,1
2382,200,0
2383,141,1
2384,65,1
2385,82,1
2386,200,0
2387,138,1
2388,18,0
2389,130,0
2390,118,1
2391,45,1
2392,60,1
2393,57,1
2394,136,1
2395,64,0
2396,139,1
2397,82,1
2398,91,1
2399,134,1
2400,113,1
2401,84,1
2402,169,1
2403,51,1
2404,83,1
2405,27,1
2406,70,1
2407,153,1
2408,116,1
2409,55,1
2410,50,1
2411,79,1
2412,90,1
2413,175,1
2414,67,1
2415,64,1
2416,50,1
2417,76,1
2418,57,1
2419,147,1
2420,101,1
2421,62,1
2422,37,1
2423,63,1
2424,46,1
2425,133,1
2426,56,1
2427,200,0
2428,159,1
2429,84,1
2430,77,1
2431,93,0
2432,38,1
2433,60,1
2434,112,1
2435,175,1
2436,153,1
2437,112,1
2438,200,0
2439,42,1
2440,116,0
2441,71,1
2442,119,1
2443,39,1
2444,200,0
2445,164,1
2446,14,0
2447,124,1
2448,70,1
2449,107,1
2450,93,0
2451,200,0
2452,127,1
2453,37,1
2454,180,1
2455,152,0
2456,98,1
2457,93,1
2458,72,1
2459,118,1
2460,168,1
2461,43,1
2462,148,1
2463,102,1
2464,172,1
2465,95,1
2466,31,0
2467,80,1
2468,63,1
2469,64,0
2470,102,1
2471,67,1
2472,41,1
2473,159,1
2474,75,1
2475,40,1
2476,78,1
2477,64,1
2478,145,1
2479,126,1
2480,68,1
2481,200,0
2482,36,1
2483,64,1
2484,126,1
2485,87,1
2486,112,1
2487,58,1
2488,195,0
2489,200,0
2490,112,1
2491,53,1
2492,173,1
2493,116,1
2494,84,1
2495,73,1
2496,30,1
2497,150,0
2498,200,0
2499,12,0
2500,138,1
2501,181,1
2502,66,1
2503,82,1
2504,51,1
2505,46,1
2506,84,0
2507,91,1
2508,141,1
2509,95,1
2510,185,1
2511,139,1
2512,190,1
2513,39,1
2514,75,1
2515,107,1
2516,128,1
2517,40,0
2518,200,0
2519,104,1
2520,83,1
2521,96,1
2522,165,1
2523,92,1
2524,76,1
2525,59,1
2526,92,1
2527,54,1
2528,107,1
2529,58,1
2530,46,1
2531,63,1
2532,102,1
2533,78,1
2534,68,1
2535,88,1
2536,58,1
2537,51,1
2538,81,0
2539,141,1
2540,89,1
2541,115,1
2542,64,1
2543,43,1
2544,168,1
2545,82,1
2546,144,1
2547,200,0
2548,72,1
2549,200,0
2550,41,1
2551,89,1
2552,71,1
2553,69,1
2554,114,1
2555,73,1
2556,143,1
2557,46,1
2558,149,1
2559,71,1
2560,168,1
2561,66,1
2562,167,1
2563,118,1
2564,181,1
2565,144,1
2566,135,1
2567,200,0
2568,41,1
2569,124,0
2570,73,1
2571,76,1
2572,62,1
2573,165,1
2574,130,1
2575,100,1
2576,52,0
2577,154,1
2578,72,1
2579,67,0
2580,149,1
2581,77,1
2582,64,1
2583,109,0
2584,124,1
2585,131,1
2586,63,1
2587,200,0
2588,172,1
2589,31,0
2590,113,1
2591,40,0
2592,200,0
2593,164,1
2594,123,0
2595,112,1
2596,73,1
2597,174,1
2598,68,1
2599,172,1
2600,34,1
2601,52,0
2602,121,1
2603,99,1
2604,100,1
2605,200,0
2606,66,1
2607,200,0
2608,98,0
2609,143,1
2610,200,0
2611,111,1
2612,200,0
2613,63,1
2614,200,0
2615,172,1
2616,51,1
2617,140,1
2618,170,1
2619,142,1
2620,83,0
2621,66,0
2622,96,1
2623,77,1
2624,105,1
2625,65,1
2626,110,1
2627,62,1
2628,113,1
2629,173,1
2630,95,1
2631,72,1
2632,44,1
2633,200,0
2634,29,1
2635,154,1
2636,69,1
2637,40,1
2638,76,1
2639,78,1
2640,146,1
2641,69,0
2642,72,0
2643,196,1
2644,91,1
2645,73,0
2646,34,1
2647,96,1
2648,47,1
2649,200,0
2650,200,0
2651,76,1
2652,51,1
2653,141,1
2654,13,0
2655,67,0
2656,95,1
2657,24,0
2658,52,1
2659,31,1
2660,68,1
2661,66,1
2662,127,1
2663,99,1
2664,132,1
2665,100,1
2666,64,1
2667,200,0
2668,46,1
2669,48,1
2670,122,1
2671,200,0
2672,81,1
2673,104,1
2674,121,1
2675,45,1
2676,165,1
2677,89,1
2678,95,0
2679,98,1
2680,150,1
2681,162,1
2682,200,0
2683,88,1
2684,200,0
2685,155,1
2686,200,0
2687,169,1
2688,156,1
2689,104,1
2690,50,1
2691,65,1
2692,36,0
2693,104,1
2694,200,0
2695,172,1
2696,96,1
2697,89,1
2698,170,1
2699,144,1
2700,200,0
2701,40,0
2702,134,1
2703,48,0
2704,66,1
2705,198,1
2706,80,1
2707,68,1
2708,200,0
2709,37,1
2710,200,0
2711,178,1
2712,47,1
2713,125,1
2714,155,1
2715,95,1
2716,122,0
2717,114,1
2718,89,1
2719,165,1
2720,27,0
2721,67,0
2722,85,1
2723,61,1
2724,46,1
2725,68,1
2726,83,1
2727,134,1
2728,80,1
2729,57,1
2730,93,1
2731,168,1
2732,70,1
2733,136,1
2734,119,1
2735,151,1
2736,86,1
2737,66,1
2738,46,1
2739,94,1
2740,102,1
2741,104,1
2742,65,1
2743,141,1
2744,144,1
2745,80,1
2746,41,1
2747,41,1
2748,60,1
2749,43,1
2750,53,1
2751,158,0
2752,61,1
2753,200,0
2754,173,1
2755,39,1
2756,46,1
2757,42,0
2758,68,1
2759,185,1
2760,200,0
2761,36,0
2762,40,1
2763,24,0
2764,51,1
2765,81,1
2766,36,1
2767,140,1
2768,88,1
2769,51,1
2770,81,1
2771,71,1
2772,189,1
2773,59,1
2774,171,1
2775,54,0
2776,200,0
2777,165,1
2778,51,1
2779,143,1
2780,74,1
2781,200,0
2782,188,1
2783,86,1
2784,133,1
2785,124,1
2786,55,1
2787,76,0
2788,200,0
2789,34,0
2790,200,0
2791,200,0
2792,74,1
2793,141,1
2794,116,1
2795,127,1
2796,135,0
2797,109,1
2798,45,1
2799,200,0
2800,86,1
2801,61,1
2802,87,1
2803,101,1
2804,152,1
2805,200,0
2806,200,0
2807,200,1
2808,42,0
2809,30,1
2810,45,1
2811,115,1
2812,39,0
2813,115,1
2814,25,0
2815,95,1
2816,38,0
2817,200,0
2818,77,1
2819,95,1
2820,16,0
2821,200,0
2822,173,1
2823,96,0
2824,84,1
2825,200,0
2826,200,0
2827,37,0
2828,156,1
2829,200,0
2830,55,1
2831,53,1
2832,108,1
2833,53,1
2834,200,0
2835,200,0
2836,200,0
2837,57,0
2838,162,1
2839,147,1
2840,62,1
2841,108,1
2842,114,1
2843,138,1
2844,109,1
2845,107,1
2846,74,1
2847,63,0
2848,77,1
2849,64,1
2850,169,1
2851,31,1
2852,63,1
2853,63,1
2854,40,1
2855,65,1
2856,76,0
2857,200,1
2858,50,1
2859,68,1
2860,21,0
2861,180,1
2862,60,1
2863,91,1
2864,116,1
2865,138,1
2866,66,0
2867,50,1
2868,83,1
2869,116,1
2870,119,1
2871,125,1
2872,53,1
2873,83,0
2874,150,1
2875,29,1
2876,69,1
2877,46,1
2878,53,1
2879,92,1
2880,68,1
2881,92,1
2882,30,1
2883,46,1
2884,162,1
2885,200,0
2886,130,1
2887,123,1
2888,48,1
2889,43,1
2890,51,1
2891,67,0
2892,135,1
2893,52,1
2894,38,1
2895,26,1
2896,96,1
2897,64,1
2898,64,1
2899,46,1
2900,103,1
2901,54,1
2902,152,1
2903,56,1
2904,41,1
2905,53,1
2906,99,1
2907,99,1
2908,48,1
2909,200,0
2910,133,1
2911,138,1
2912,52,0
2913,177,1
2914,68,1
2915,91,1
2916,94,1
2917,127,1
2918,81,1
2919,47,0
2920,83,1
2921,158,1
2922,66,1
2923,58,1
2924,77,1
2925,57,1
2926,114,1
2927,97,1
2928,200,0
2929,50,1
2930,85,1
2931,77,1
2932,110,1
2933,34,1
2934,115,1
2935,106,1
2936,55,1
2937,97,1
2938,44,0
2939,62,1
2940,197,1
2941,48,0
2942,49,1
2943,200,0
2944,58,1
2945,75,1
2946,73,1
2947,183,1
2948,178,1
2949,64,1
2950,161,1
2951,128,0
2952,79,1
2953,67,1
2954,48,1
2955,65,1
2956,37,1
2957,54,1
2958,38,0
2959,93,1
2960,84,1
2961,151,1
2962,114,1
2963,92,1
2964,129,1
2965,114,1
2966,200,0
2967,200,0
2968,200,0
2969,93,1
2970,100,1
2971,98,1
2972,59,1
2973,55,1
2974,139,1
2975,87,1
2976,109,1
2977,91,1
2978,200,0
2979,53,0
2980,200,0
2981,31,0
2982,81,1
2983,134,1
2984,200,0
2985,111,1
2986,134,1
2987,112,1
2988,43,1
2989,88,1
2990,127,1
2991,65,1
2992,138,1
2993,98,1
2994,126,0
2995,28,0
2996,200,0
2997,113,1
2998,60,1
2999,200,0
3000,143,1
3001,110,1
3002,74,1
3003,93,1
3004,106,1
3005,200,0
3006,85,0
3007,155,1
3008,121,1
3009,124,1
3010,86,1
3011,91,1
3012,200,0
3013,166,1
3014,91,1
3015,98,1
3016,125,1
3017,200,0
3018,177,1
3019,82,1
3020,132,1
3021,70,0
3022,137,1
3023,37,1
3024,62,1
3025,33,1
3026,53,0
3027,200,0
3028,23,0
3029,65,0
3030,152,1
3031,126,1
3032,164,1
3033,157,1
3034,163,1
3035,154,1
3036,81,1
3037,50,1
3038,200,0
3039,100,1
3040,129,1
3041,65,1
3042,120,1
3043,57,1
3044,76,1
3045,200,0
3046,66,1
3047,65,1
3048,180,1
3049,96,1
3050,147,1
3051,35,0
3052,119,1
3053,200,0
3054,52,1
3055,113,1
3056,40,1
3057,123,1
3058,87,0
3059,89,1
3060,137,1
3061,130,1
3062,94,1
3063,140,0
3064,66,1
3065,108,1
3066,136,1
3067,52,1
3068,86,1
3069,106,1
3070,152,1
3071,115,1
3072,167,1
3073,140,1
3074,109,1
3075,106,1
3076,61,1
3077,40,1
3078,58,1
3079,141,1
3080,198,1
3081,121,1
3082,41,1
3083,33,1
3084,39,1
3085,141,1
3086,176,0
3087,175,1
3088,174,1
3089,82,1
3090,111,1
3091,117,1
3092,105,1
3093,65,1
3094,91,0
3095,147,1
3096,200,0
3097,143,1
3098,111,1
3099,200,0
3100,200,0
3101,55,0
3102,184,1
3103,17,0
3104,155,1
3105,200,0
3106,141,1
3107,200,0
3108,78,1
3109,145,1
3110,115,1
3111,78,0
3112,34,1
3113,200,0
3114,121,1
3115,130,1
3116,100,1
3117,50,1
3118,77,1
3119,134,0
3120,172,1
3121,129,1
3122,112,1
3123,133,1
3124,100,0
3125,198,1
3126,137,1
3127,157,1
3128,200,0
3129,38,1
3130,149,1
3131,200,0
3132,99,1
3133,102,1
3134,83,1
3135,46,1
3136,133,1
3137,106,1
3138,53,1
3139,21,0
3140,42,1
3141,116,1
3142,200,0
3143,79,1
3144,169,1
3145,182,1
3146,200,0
3147,200,0
3148,99,1
3149,128,1
3150,200,0
3151,11,0
3152,57,0
3153,182,1
3154,172,1
3155,138,1
3156,154,1
3157,112,1
3158,123,1
3159,135,1
3160,113,1
3161,200,0
3162,74,1
3163,135,1
3164,58,1
3165,151,1
3166,142,1
3167,95,1
3168,43,1
3169,88,1
3170,72,1
3171,200,0
3172,126,1
3173,143,0
3174,200,0
3175,140,1
3176,91,1
3177,111,1
3178,118,0
3179,84,1
3180,55,1
3181,200,0
3182,129,1
3183,69,1
3184,192,1
3185,85,0
3186,52,1
3187,85,1
3188,79,0
3189,48,1
3190,76,1
3191,67,1
3192,61,1
3193,94,1
3194,120,1
3195,73,1
3196,83,1
3197,153,0
3198,139,1
3199,69,1
3200,66,1
3201,36,1
3202,115,1
3203,95,1
3204,185,1
3205,157,0
3206,61,0
3207,70,1
3208,133,1
3209,64,1
3210,54,1
3211,130,1
3212,105,1
3213,108,1
3214,43,0
3215,180,1
3216,116,0
3217,134,1
3218,65,1
3219,116,1
3220,149,1
3221,52,1
3222,25,1
3223,196,1
3224,127,1
3225,74,1
3226,42,1
3227,176,1
3228,200,0
3229,70,1
3230,109,1
3231,136,1
3232,136,1
3233,185,1
3234,58,1
3235,139,1
3236,82,1
3237,50,1
3238,78,1
3239,153,1
3240,163,0
3241,63,1
3242,200,0
3243,72,1
3244,133,0
3245,82,1
3246,70,1
3247,85,1
3248,39,0
3249,125,1
3250,42,1
3251,64,0
3252,152,1
3253,80,1
3254,98,1
3255,60,1
3256,97,1
3257,51,1
3258,168,1
3259,72,1
3260,94,1
3261,94,1
3262,103,1
3263,56,1
3264,100,1
3265,48,1
3266,112,1
3267,66,1
3268,54,1
3269,122,1
3270,192,1
3271,97,1
3272,128,1
3273,53,1
3274,117,1
3275,84,1
3276,43,1
3277,200,0
3278,39,1
3279,115,1
3280,114,1
3281,112,1
3282,48,1
3283,22,0
3284,61,0
3285,54,1
3286,69,1
3287,129,1
3288,65,1
3289,70,1
3290,78,1
3291,110,1
3292,82,1
3293,73,1
3294,108,1
3295,99,1
3296,83,1
3297,200,0
3298,105,1
3299,47,1
3300,92,1
3301,88,1
3302,194,1
3303,110,1
3304,200,0
3305,83,1
3306,75,1
3307,111,1
3308,96,1
3309,119,1
3310,85,1
3311,48,1
3312,104,1
3313,41,0
3314,200,0
3315,200,0
3316,200,0
3317,129,1
3318,104,1
3319,138,1
3320,200,0
3321,72,1
3322,95,1
3323,162,1
3324,49,1
3325,111,1
3326,180,1
3327,98,1
3328,77,0
3329,145,1
3330,111,1
3331,154,1
3332,111,1
3333,106,1
3334,91,1
3335,128,1
3336,63,1
3337,98,1
3338,83,1
3339,99,1
3340,177,0
3341,97,1
3342,131,0
3343,97,1
3344,142,1
3345,200,0
3346,98,1
3347,171,1
3348,181,1
3349,119,1
3350,200,0
3351,92,1
3352,75,1
3353,64,1
3354,59,1
3355,115,1
3356,91,1
3357,83,1
3358,87,1
3359,106,1
3360,139,1
3361,149,1
3362,158,1
3363,84,1
3364,162,1
3365,190,1
3366,86,1
3367,123,1
3368,78,1
3369,48,1
3370,49,1
3371,79,1
3372,70,1
3373,124,1
3374,142,1
3375,84,1
3376,54,1
3377,112,1
3378,77,1
3379,109,0
3380,138,1
3381,200,0
3382,54,1
3383,181,1
3384,133,0
3385,141,1
3386,35,1
3387,138,1
3388,200,0
3389,73,1
3390,56,0
3391,195,1
3392,72,1
3393,129,0
3394,200,0
3395,122,1
3396,200,0
3397,105,1
3398,200,0
3399,75,1
3400,54,1
3401,97,1
3402,178,1
3403,42,1
3404,83,0
3405,123,0
3406,200,0
3407,145,1
3408,79,1
3409,200,0
3410,145,1
3411,153,1
3412,56,1
3413,22,0
3414,29,0
3415,105,0
3416,47,1
3417,81,0
3418,200,0
3419,146,1
3420,200,0
3421,78,1
3422,181,1
3423,200,0
3424,148,1
3425,200,0
3426,65,1
3427,34,0
3428,105,1
3429,200,0
3430,45,1
3431,200,0
3432,58,1
3433,78,1
3434,195,1
3435,82,1
3436,164,1
3437,139,1
3438,36,1
3439,84,1
3440,114,1
3441,160,1
3442,184,1
3443,72,1
3444,63,1
3445,98,1
3446,48,1
3447,200,0
3448,64,1
3449,52,0
3450,174,1
3451,143,0
3452,138,1
3453,71,0
3454,200,0
3455,53,1
3456,53,1
3457,43,1
3458,78,1
3459,200,0
3460,74,1
3461,138,0
3462,95,1
3463,120,1
3464,200,0
3465,33,1
3466,113,1
3467,200,0
3468,78,1
3469,123,1
3470,200,0
3471,59,1
3472,200,0
3473,200,0
3474,167,1
3475,76,1
3476,170,1
3477,60,1
3478,63,1
3479,112,1
3480,164,1
3481,149,0
3482,196,1
3483,140,1
3484,173,1
3485,61,1
3486,200,0
3487,200,0
3488,73,1
3489,200,0
3490,105,0
3491,165,1
3492,57,1
3493,108,1
3494,85,1
3495,78,1
3496,25,0
3497,58,1
3498,34,1
3499,35,1
3500,195,1
3501,57,1
3502,50,1
3503,57,1
3504,44,1
3505,88,0
3506,99,1
3507,103,1
3508,60,1
3509,46,1
3510,96,1
3511,123,1
3512,41,1
3513,56,0
3514,68,1
3515,79,1
3516,83,1
3517,47,1
3518,200,0
3519,75,1
3520,62,1
3521,125,1
3522,65,1
3523,56,1
3524,73,1
3525,84,1
3526,81,1
3527,27,1
3528,59,1
3529,115,1
3530,137,1
3531,64,1
3532,55,1
3533,48,1
3534,85,1
3535,107,1
3536,62,1
3537,60,1
3538,95,0
3539,96,1
3540,122,1
3541,56,1
3542,200,0
3543,69,1
3544,51,1
3545,110,1
3546,86,1
3547,87,1
3548,91,0
3549,59,0
3550,82,0
3551,166,1
3552,200,0
3553,80,1
3554,121,1
3555,147,1
3556,200,0
3557,115,1
3558,57,1
3559,72,1
3560,200,0
3561,200,0
3562,53,1
3563,175,1
3564,150,1
3565,133,1
3566,65,1
3567,72,1
3568,119,1
3569,146,1
3570,120,1
3571,63,1
3572,171,1
3573,25,0
3574,80,1
3575,169,1
3576,102,1
3577,125,1
3578,106,1
3579,96,1
3580,39,1
3581,67,1
3582,96,1
3583,155,1
3584,42,0
3585,200,1
3586,102,1
3587,100,1
3588,83,1
3589,200,0
3590,200,0
3591,87,1
3592,74,1
3593,68,1
3594,134,1
3595,73,1
3596,200,0
3597,200,0
3598,120,1
3599,32,1
3600,41,1
3601,57,1
3602,52,1
3603,111,1
3604,85,1
3605,25,1
3606,186,0
3607,66,1
3608,109,1
3609,74,1
3610,176,1
3611,65,1
3612,77,1
3613,105,1
3614,89,1
3615,86,1
3616,91,1
3617,108,1
3618,69,0
3619,117,1
3620,185,1
3621,168,1
3622,68,1
3623,39,0
3624,76,1
3625,79,1
3626,104,1
3627,200,0
3628,58,0
3629,193,1
3630,200,0
3631,62,1
3632,113,1
3633,51,1
3634,200,0
3635,58,1
3636,160,1
3637,96,1
3638,53,1
3639,102,1
3640,79,1
3641,148,1
3642,57,1
3643,117,1
3644,115,1
3645,146,1
3646,56,1
3647,48,0
3648,69,1
3649,41,1
3650,53,1
3651,51,1
3652,47,1
3653,83,0
3654,70,0
3655,99,1
3656,56,1
3657,129,1
3658,75,1
3659,135,1
3660,72,1
3661,115,1
3662,41,1
3663,138,1
3664,141,1
3665,168,1
3666,134,1
3667,49,1
3668,69,1
3669,70,0
3670,134,1
3671,151,1
3672,123,1
3673,124,1
3674,117,1
3675,60,1
3676,82,1
3677,36,1
3678,166,1
3679,56,0
3680,54,1
3681,90,1
3682,174,0
3683,14,0
3684,101,1
3685,94,1
3686,13,0
3687,73,1
3688,125,1
3689,197,1
3690,168,1
3691,55,1
3692,76,1
3693,70,1
3694,200,0
3695,139,1
3696,145,1
3697,50,1
3698,118,1
3699,71,1
3700,66,0
3701,79,1
3702,91,1
3703,92,1
3704,200,0
3705,76,1
3706,18,1
3707,60,1
3708,156,1
3709,155,1
3710,54,0
3711,99,1
3712,106,1
3713,101,1
3714,126,1
3715,140,1
3716,106,1
3717,101,1
3718,90,0
3719,70,1
3720,104,1
3721,63,0
3722,175,1
3723,106,1
3724,94,1
3725,58,0
3726,70,1
3727,78,1
3728,200,0
3729,55,1
3730,173,1
3731,58,0
3732,132,1
3733,121,1
3734,112,1
3735,200,0
3736,172,1
3737,149,1
3738,48,1
3739,200,0
3740,184,1
3741,200,0
3742,76,1
3743,154,1
3744,37,0
3745,31,1
3746,91,1
3747,120,0
3748,105,1
3749,140,0
3750,200,0
3751,84,1
3752,141,1
3753,158,1
3754,109,1
3755,85,1
3756,132,1
3757,115,1
3758,135,1
3759,141,1
3760,81,1
3761,63,1
3762,80,1
3763,17,0
3764,46,1
3765,35,1
3766,85,1
3767,87,1
3768,97,1
3769,107,1
3770,189,1
3771,56,1
3772,54,1
3773,83,1
3774,200,0
3775,143,1
3776,177,1
3777,57,0
3778,65,0
3779,70,1
3780,137,1
3781,62,1
3782,62,0
3783,76,1
3784,89,1
3785,78,1
3786,196,1
3787,200,0
3788,200,0
3789,141,1
3790,200,0
3791,75,1
3792,62,1
3793,108,1
3794,70,1
3795,72,1
3796,151,1
3797,142,1
3798,98,1
3799,200,0
3800,49,1
3801,129,1
3802,128,1
3803,200,0
3804,200,0
3805,200,0
3806,131,1
3807,84,1
3808,98,1
3809,58,1
3810,60,1
3811,200,0
3812,118,1
3813,128,1
3814,112,1
3815,64,1
3816,79,1
3817,81,1
3818,65,1
3819,124,1
3820,90,1
3821,51,0
3822,106,1
3823,150,1
3824,111,1
3825,106,1
3826,143,1
3827,85,1
3828,68,1
3829,179,1
3830,138,1
3831,64,1
3832,171,1
3833,151,1
3834,97,1
3835,86,1
3836,55,1
3837,60,1
3838,97,1
3839,200,0
3840,68,1
3841,150,1
3842,185,1
3843,102,1
3844,97,1
3845,17,0
3846,103,1
3847,142,1
3848,86,1
3849,158,1
3850,81,1
3851,128,1
3852,162,1
3853,109,1
3854,154,1
3855,123,1
3856,98,1
3857,98,1
3858,113,1
3859,93,1
3860,68,1
3861,66,0
3862,199,1
3863,200,0
3864,96,1
3865,89,1
3866,188,1
3867,100,1
3868,106,1
3869,200,0
3870,177,1
3871,31,1
3872,99,1
3873,76,1
3874,179,1
3875,121,1
3876,114,1
3877,200,0
3878,105,1
3879,200,0
3880,82,0
3881,57,1
3882,15,0
3883,50,1
3884,72,1
3885,173,1
3886,200,0
3887,113,1
3888,81,1
3889,52,1
3890,171,1
3891,92,1
3892,82,1
3893,103,0
3894,47,1
3895,138,1
3896,121,1
3897,72,1
3898,135,1
3899,200,0
3900,77,1
3901,81,1
3902,80,1
3903,147,0
3904,104,1
3905,21,0
3906,64,1
3907,90,1
3908,57,1
3909,41,1
3910,127,1
3911,78,1
3912,61,0
3913,73,1
3914,29,1
3915,108,1
3916,55,1
3917,50,1
3918,86,1
3919,87,1
3920,89,0
3921,114,1
3922,56,1
3923,181,1
3924,75,1
3925,73,1
3926,41,1
3927,155,1
3928,53,1
3929,59,1
3930,200,0
3931,62,1
3932,135,1
3933,64,1
3934,38,1
3935,78,1
3936,47,1
3937,200,0
3938,110,1
3939,38,1
3940,181,1
3941,128,1
3942,99,1
3943,49,1
3944,53,1
3945,117,1
3946,53,1
3947,83,1
3948,47,1
3949,58,1
3950,83,1
3951,124,1
3952,122,1
3953,89,1
3954,33,1
3955,72,1
3956,52,1
3957,135,1
3958,162,1
3959,200,0
3960,64,1
3961,22,1
3962,58,1
3963,56,0
3964,47,1
3965,122,1
3966,101,0
3967,145,1
3968,200,0
3969,162,1
3970,58,1
3971,175,1
3972,59,1
3973,200,0
3974,45,1
3975,45,1
3976,149,1
3977,106,1
3978,65,0
3979,72,1
3980,80,1
3981,90,1
3982,132,1
3983,185,1
3984,76,1
3985,145,1
3986,76,1
3987,138,1
3988,105,1
3989,70,1
3990,95,1
3991,59,1
3992,111,1
3993,138,1
3994,78,0
3995,156,1
3996,200,0
3997,52,0
3998,115,1
3999,176,1
4000,200,0
4001,84,1
4002,144,1
4003,83,1
4004,200,0
4005,53,1
4006,47,1
4007,150,1
4008,143,1
4009,81,1
4010,66,1
4011,174,1
4012,108,1
4013,174,1
4014,62,1
4015,47,1
4016,200,0
4017,200,0
4018,118,0
4019,43,0
4020,200,0
4021,128,1
4022,200,0
4023,80,1
4024,70,1
4025,200,0
4026,72,1
4027,154,1
4028,135,1
4029,128,1
4030,60,0
4031,200,0
4032,87,1
4033,85,0
4034,79,1
4035,33,0
4036,200,0
4037,110,1
4038,87,0
4039,73,1
4040,152,1
4041,16,0
4042,200,0
4043,69,1
4044,200,0
4045,118,0
4046,191,1
4047,64,1
4048,65,1
4049,13,0
4050,190,1
4051,65,1
4052,76,0
4053,59,1
4054,103,1
4055,118,1
4056,158,1
4057,139,0
4058,127,1
4059,36,1
4060,51,1
4061,62,1
4062,170,1
4063,39,1
4064,83,1
4065,200,0
4066,71,1
4067,80,1
4068,93,1
4069,129,1
4070,93,1
4071,48,1
4072,200,0
4073,69,1
4074,100,1
4075,200,0
4076,55,1
4077,55,1
4078,96,1
4079,50,1
4080,60,1
4081,88,1
4082,163,1
4083,80,1
4084,35,1
4085,86,1
4086,48,1
4087,106,1
4088,86,1
4089,111,1
4090,47,0
4091,96,1
4092,69,1
4093,61,1
4094,165,1
4095,48,1
4096,64,1
4097,109,1
4098,112,1
4099,186,1
4100,67,0
4101,126,1
4102,115,1
4103,74,1
4104,143,1
4105,200,0
4106,68,1
4107,73,1
4108,115,1
4109,96,1
4110,103,1
4111,145,1
4112,183,1
4113,56,1
4114,188,1
4115,54,1
4116,88,1
4117,164,1
4118,200,0
4119,50,1
4120,79,0
4121,119,1
4122,136,1
4123,93,1
4124,200,0
4125,200,0
4126,142,1
4127,200,0
4128,90,1
4129,108,1
4130,200,0
4131,200,0
4132,92,1
4133,95,1
4134,182,1
4135,174,1
4136,46,1
4137,22,1
4138,174,1
4139,69,0
4140,38,1
4141,180,1
4142,138,1
4143,104,0
4144,101,1
4145,109,1
4146,200,0
4147,49,1
4148,101,1
4149,137,1
4150,22,0
4151,200,0
4152,126,1
4153,91,1
4154,110,1
4155,164,1
4156,52,1
4157,107,1
4158,59,0
4159,95,1
4160,74,1
4161,56,1
4162,131,1
4163,179,1
4164,29,1
4165,110,1
4166,21,1
4167,68,1
4168,93,1
4169,112,1
4170,159,1
4171,80,1
4172,147,1
4173,84,1
4174,55,1
4175,54,0
4176,38,1
4177,122,1
4178,49,1
4179,66,1
4180,76,1
4181,75,1
4182,52,1
4183,74,1
4184,89,0
4185,36,1
4186,75,1
4187,38,1
4188,62,1
4189,45,1
4190,99,0
4191,56,1
4192,98,1
4193,141,1
4194,168,0
4195,153,1
4196,93,1
4197,113,1
4198,162,1
4199,70,1
4200,150,1
4201,52,1
4202,104,1
4203,106,1
4204,50,1
4205,161,1
4206,154,1
4207,76,1
4208,52,0
4209,55,1
4210,127,1
4211,55,1
4212,22,0
4213,78,1
4214,200,0
4215,94,1
4216,125,1
4217,185,1
4218,101,1
4219,45,0
4220,131,1
4221,90,1
4222,121,1
4223,190,1
4224,75,1
4225,78,1
4226,55,1
4227,46,1
4228,111,1
4229,97,1
4230,112,0
4231,120,1
4232,50,1
4233,200,0
4234,59,1
4235,160,1
4236,41,0
4237,88,1
4238,76,0
4239,42,1
4240,70,1
4241,134,1
4242,104,1
4243,102,1
4244,128,1
4245,200,0
4246,153,1
4247,69,1
4248,107,1
4249,71,1
4250,45,1
4251,130,1
4252,37,1
4253,200,0
4254,200,0
4255,96,1
4256,111,1
4257,115,1
4258,95,0
4259,102,1
4260,34,1
4261,108,1
4262,200,0
4263,78,1
4264,118,1
4265,72,1
4266,200,0
4267,132,1
4268,131,1
4269,95,1
4270,147,1
4271,95,1
4272,141,1
4273,87,1
4274,78,1
4275,56,1
4276,110,1
4277,70,1
4278,124,1
4279,131,1
4280,44,1
4281,141,1
4282,80,1
4283,57,1
4284,59,1
4285,98,1
4286,51,1
4287,200,0
4288,74,0
4289,108,1
4290,200,0
4291,95,1
4292,43,1
4293,123,1
4294,62,1
4295,101,1
4296,148,1
4297,143,1
4298,57,1
4299,200,0
4300,77,1
4301,200,0
4302,109,1
4303,56,1
4304,100,1
4305,164,0
4306,88,1
4307,101,1
4308,84,1
4309,127,1
4310,128,1
4311,163,1
4312,95,1
4313,122,1
4314,115,1
4315,114,1
4316,41,1
4317,29,0
4318,173,1
4319,34,1
4320,125,1
4321,142,1
4322,131,1
4323,200,0
4324,116,1
4325,124,0
4326,58,0
4327,200,0
4328,80,1
4329,136,0
4330,42,1
4331,185,1
4332,95,0
4333,200,0
4334,58,1
4335,87,1
4336,200,0
4337,105,1
4338,84,1
4339,200,0
4340,144,1
4341,200,0
4342,125,1
4343,101,1
4344,58,1
4345,65,1
4346,100,0
4347,113,1
4348,200,0
4349,82,1
4350,106,1
4351,128,1
4352,73,1
4353,123,1
4354,76,1
4355,200,0
4356,51,1
4357,166,1
4358,129,1
4359,120,1
4360,149,1
4361,102,1
4362,121,1
4363,104,1
4364,86,1
4365,96,1
4366,93,1
4367,182,1
4368,49,1
4369,36,1
4370,128,1
4371,181,1
4372,200,0
4373,152,1
4374,67,1
4375,56,1
4376,59,1
4377,86,1
4378,38,1
4379,77,1
4380,118,1
4381,114,1
4382,100,1
4383,96,1
4384,160,1
4385,93,1
4386,109,1
4387,110,1
4388,114,1
4389,84,0
4390,70,1
4391,93,1
4392,44,1
4393,89,1
4394,88,1
4395,49,1
4396,151,1
4397,48,1
4398,58,1
4399,139,1
4400,94,1
4401,52,1
4402,97,1
4403,200,0
4404,64,1
4405,85,1
4406,126,1
4407,60,1
4408,200,0
4409,68,1
4410,55,1
4411,90,1
4412,97,1
4413,52,1
4414,97,1
4415,125,1
4416,65,1
4417,200,0
4418,122,1
4419,129,1
4420,37,1
4421,108,1
4422,87,1
4423,68,1
4424,126,0
4425,47,1
4426,44,1
4427,46,1
4428,57,1
4429,171,1
4430,66,1
4431,200,0
4432,159,1
4433,80,1
4434,120,0
4435,97,1
4436,83,1
4437,40,1
4438,108,1
4439,34,1
4440,47,1
4441,51,1
4442,164,1
4443,30,1
4444,97,1
4445,200,0
4446,94,1
4447,75,1
4448,100,1
4449,97,1
4450,90,1
4451,171,1
4452,132,1
4453,130,1
4454,200,0
4455,61,1
4456,36,0
4457,31,1
4458,79,1
4459,144,1
4460,45,1
4461,185,1
4462,34,1
4463,117,1
4464,172,1
4465,183,1
4466,64,1
4467,177,1
4468,62,1
4469,28,1
4470,103,1
4471,125,1
4472,112,1
4473,80,1
4474,128,1
4475,54,1
4476,171,1
4477,82,1
4478,130,1
4479,72,1
4480,105,1
4481,98,1
4482,133,1
4483,99,1
4484,42,1
4485,134,1
4486,139,1
4487,70,0
4488,63,1
4489,200,0
4490,65,1
4491,104,1
4492,170,1
4493,120,1
4494,66,1
4495,111,1
4496,175,1
4497,145,1
4498,12,0
4499,130,1
4500,50,1
4501,110,1
4502,176,1
4503,71,1
4504,49,0
4505,120,1
4506,58,1
4507,73,0
4508,112,1
4509,85,1
4510,200,0
4511,119,1
4512,119,1
4513,112,1
4514,69,1
4515,38,1
4516,43,1
4517,66,1
4518,72,1
4519,169,1
4520,65,1
4521,49,1
4522,200,1
4523,69,1
4524,62,1
4525,88,1
4526,102,1
4527,50,0
4528,76,1
4529,42,1
4530,149,1
4531,163,1
4532,82,1
4533,99,1
4534,122,1
4535,102,1
4536,98,1
4537,47,1
4538,76,1
4539,87,1
4540,66,1
4541,107,1
4542,139,1
4543,50,1
4544,28,1
4545,84,1
4546,71,1
4547,117,1
4548,90,1
4549,200,0
4550,66,1
4551,99,1
4552,116,1
4553,200,0
4554,88,1
4555,68,1
4556,64,1
4557,200,0
4558,70,1
4559,11,0
4560,59,1
4561,46,0
4562,35,0
4563,107,1
4564,77,1
4565,127,1
4566,142,1
4567,106,1
4568,43,1
4569,91,0
4570,129,1
4571,86,1
4572,64,1
4573,86,1
4574,179,1
4575,102,0
4576,78,1
4577,73,0
4578,101,1
4579,200,0
4580,111,1
4581,119,1
4582,200,0
4583,195,1
4584,80,1
4585,116,1
4586,86,1
4587,11,0
4588,58,1
4589,78,1
4590,200,0
4591,57,1
4592,61,1
4593,29,1
4594,80,1
4595,52,0
4596,142,1
4597,98,1
4598,57,0
4599,52,1
4600,42,1
4601,162,1
4602,67,1
4603,61,1
4604,80,1
4605,28,0
4606,42,1
4607,44,0
4608,109,1
4609,60,0
4610,89,1
4611,61,1
4612,129,0
4613,181,1
4614,113,1
4615,14,0
4616,45,1
4617,103,1
4618,154,1
4619,111,1
4620,105,1
4621,85,1
4622,200,0
4623,38,0
4624,106,1
4625,84,1
4626,52,1
4627,200,0
4628,62,1
4629,51,1
4630,58,1
4631,194,1
4632,35,0
4633,173,1
4634,80,1
4635,104,1
4636,190,1
4637,200,0
4638,85,1
4639,74,1
4640,83,1
4641,200,0
4642,70,1
4643,137,1
4644,200,0
4645,55,1
4646,82,1
4647,106,1
4648,200,0
4649,21,0
4650,104,1
4651,73,1
4652,141,1
4653,101,1
4654,98,1
4655,200,0
4656,55,1
4657,96,1
4658,132,1
4659,139,1
4660,112,1
4661,25,0
4662,57,1
4663,124,1
4664,54,1
4665,64,1
4666,69,1
4667,43,1
4668,32,1
4669,86,1
4670,158,1
4671,54,1
4672,92,1
4673,72,1
4674,72,1
4675,198,1
4676,200,0
4677,200,0
4678,22,1
4679,131,1
4680,107,1
4681,56,0
4682,111,1
4683,59,1
4684,100,1
4685,31,1
4686,200,0
4687,129,1
4688,200,0
4689,85,1
4690,26,0
4691,116,1
4692,66,0
4693,60,1
4694,162,1
4695,91,1
4696,36,1
4697,98,1
4698,21,1
4699,80,1
4700,41,1
4701,131,1
4702,45,1
4703,84,1
4704,96,1
4705,26,1
4706,74,1
4707,57,0
4708,48,1
4709,144,1
4710,94,1
4711,53,1
4712,164,1
4713,39,1
4714,102,1
4715,62,1
4716,100,1
4717,200,0
4718,80,1
4719,35,1
4720,200,0
4721,68,1
4722,56,1
4723,81,1
4724,108,1
4725,151,1
4726,63,1
4727,136,0
4728,20,1
4729,200,0
4730,37,1
4731,82,1
4732,55,1
4733,117,1
4734,94,1
4735,146,1
4736,12,0
4737,102,1
4738,192,1
4739,51,1
4740,91,1
4741,200,0
4742,65,1
4743,78,1
4744,50,1
4745,124,1
4746,187,1
4747,87,1
4748,111,1
4749,52,1
4750,23,0
4751,91,1
4752,78,1
4753,76,1
4754,73,1
4755,87,1
4756,142,0
4757,96,1
4758,58,1
4759,64,1
4760,192,1
4761,86,1
4762,155,0
4763,200,0
4764,150,1
4765,178,1
4766,52,1
4767,69,1
4768,83,1
4769,98,1
4770,80,1
4771,200,0
4772,112,1
4773,89,1
4774,159,1
4775,125,1
4776,83,1
4777,107,1
4778,186,1
4779,102,1
4780,198,1
4781,108,1
4782,92,1
4783,140,1
4784,56,0
4785,200,0
4786,166,1
4787,129,1
4788,155,1
4789,154,1
4790,38,1
4791,63,1
4792,166,1
4793,92,1
4794,70,1
4795,62,1
4796,112,0
4797,70,1
4798,72,1
4799,100,0
4800,101,1
4801,150,1
4802,91,1
4803,121,1
4804,74,1
4805,80,1
4806,82,1
4807,56,1
4808,66,1
4809,200,0
4810,131,1
4811,162,0
4812,101,1
4813,114,1
4814,134,1
4815,126,1
4816,67,1
4817,200,0
4818,69,1
4819,66,1
4820,170,1
4821,128,1
4822,152,1
4823,184,1
4824,137,1
4825,73,1
4826,37,1
4827,39,1
4828,107,1
4829,200,0
4830,87,1
4831,200,0
4832,107,1
4833,52,1
4834,76,1
4835,193,1
4836,113,1
4837,200,0
4838,100,1
4839,129,1
4840,62,1
4841,186,1
4842,129,1
4843,92,1
4844,30,0
4845,91,1
4846,96,1
4847,84,1
4848,69,1
4849,127,1
4850,119,1
4851,56,1
4852,119,1
4853,56,1
4854,72,1
4855,46,0
4856,25,1
4857,57,1
4858,97,1
4859,104,1
4860,59,1
4861,104,1
4862,52,1
4863,61,1
4864,51,1
4865,98,1
4866,28,1
4867,144,1
4868,36,1
4869,56,1
4870,27,0
4871,87,1
4872,75,1
4873,131,1
4874,62,0
4875,90,1
4876,69,1
4877,60,1
4878,173,0
4879,80,1
4880,197,1
4881,43,1
4882,200,0
4883,47,1
4884,200,0
4885,80,1
4886,48,1
4887,69,1
4888,11,0
4889,107,1
4890,51,1
4891,80,1
4892,200,0
4893,77,1
4894,122,1
4895,40,1
4896,193,1
4897,85,1
4898,200,0
4899,91,1
4900,128,1
4901,87,1
4902,63,1
4903,145,1
4904,146,1
4905,56,0
4906,114,1
4907,41,1
4908,139,1
4909,200,0
4910,117,0
4911,185,1
4912,66,1
4913,200,0
4914,109,1
4915,200,0
4916,62,1
4917,65,1
4918,200,0
4919,200,0
4920,200,0
4921,66,1
4922,200,0
4923,119,1
4924,46,1
4925,200,0
4926,102,1
4927,190,1
4928,155,1
4929,90,1
4930,200,0
4931,58,1
4932,98,1
4933,200,0
4934,115,1
4935,76,1
4936,118,1
4937,81,1
4938,169,1
4939,183,1
4940,106,1
4941,200,0
4942,200,0
4943,141,1
4944,100,1
4945,13,0
4946,200,0
4947,177,1
4948,69,1
4949,143,1
4950,30,1
4951,61,1
4952,112,1
4953,119,1
4954,200,0
4955,53,1
4956,197,1
4957,60,0
4958,73,1
4959,110,1
4960,162,1
4961,110,1
4962,85,1
4963,158,1
4964,112,1
4965,55,1
4966,44,1
4967,42,0
4968,47,1
4969,84,1
4970,79,1
4971,146,1
4972,182,1
4973,65,1
4974,200,0
4975,51,1
4976,189,1
4977,53,1
4978,47,1
4979,200,0
4980,70,1
4981,111,0
4982,135,1
4983,149,1
4984,80,0
4985,153,1
4986,69,1
4987,98,1
4988,200,0
4989,156,1
4990,190,1
4991,92,1
4992,105,1
4993,48,1
4994,73,1
4995,61,1
4996,123,1
4997,71,1
4998,35,1
4999,200,0
5000,56,1
5001,115,0
5002,50,1
5003,183,1
5004,81,1
5005,147,1
5006,100,1
5007,142,1
5008,63,1
5009,99,1
5010,200,0
5011,158,1
5012,34,1
5013,91,1
5014,39,1
5015,70,0
5016,154,1
5017,91,1
5018,81,1
5019,44,1
5020,87,1
5021,56,1
5022,103,1
5023,121,1
5024,200,0
5025,200,0
5026,79,1
5027,51,1
5028,65,1
5029,188,1
5030,148,1
5031,50,1
5032,113,1
5033,115,1
5034,200,0
5035,200,0
5036,86,1
5037,39,0
5038,77,1
5039,92,1
5040,200,0
5041,7,0
5042,45,1
5043,125,1
5044,46,1
5045,87,1
5046,69,1
5047,91,0
5048,56,1
5049,16,0
5050,182,1
5051,71,0
5052,100,1
5053,96,1
5054,200,0
5055,63,1
5056,108,1
5057,80,1
5058,89,1
5059,158,1
5060,51,1
5061,73,1
5062,182,1
5063,40,0
5064,114,1
5065,60,1
5066,53,1
5067,108,1
5068,57,1
5069,130,1
5070,82,1
5071,62,1
5072,165,1
5073,72,1
5074,156,1
5075,40,1
5076,56,1
5077,118,1
5078,44,0
5079,167,1
5080,58,1
5081,82,1
5082,85,1
5083,167,1
5084,48,1
5085,172,1
5086,143,0
5087,86,1
5088,55,1
5089,43,1
5090,57,1
5091,200,0
5092,71,1
5093,116,1
5094,155,1
5095,200,0
5096,77,1
5097,173,1
5098,122,1
5099,179,1
5100,61,1
5101,101,1
5102,198,1
5103,90,1
5104,200,0
5105,91,1
5106,51,1
5107,51,1
5108,47,1
5109,89,1
5110,139,1
5111,76,0
5112,183,1
5113,43,1
5114,142,1
5115,74,1
5116,200,0
5117,165,0
5118,44,0
5119,121,1
5120,145,1
5121,148,1
5122,126,0
5123,99,1
5124,139,1
5125,130,1
5126,39,1
5127,114,1
5128,200,0
5129,79,1
5130,80,1
5131,38,1
5132,125,1
5133,200,0
5134,58,1
5135,67,1
5136,80,0
5137,117,1
5138,86,1
5139,58,1
5140,41,0
5141,89,1
5142,166,1
5143,82,1
5144,200,0
5145,149,1
5146,112,1
5147,55,1
5148,109,0
5149,152,1
5150,54,1
5151,73,1
5152,92,1
5153,14,0
5154,94,1
5155,44,0
5156,73,1
5157,147,1
5158,200,0
5159,46,1
5160,104,1
5161,200,0
5162,144,1
5163,31,1
5164,109,1
5165,149,1
5166,41,1
5167,82,0
5168,200,0
5169,54,0
5170,58,1
5171,200,0
5172,104,1
5173,112,1
5174,84,0
5175,111,1
5176,69,1
5177,200,0
5178,144,1
5179,115,1
5180,200,0
5181,35,0
5182,77,1
5183,98,1
5184,200,0
5185,73,1
5186,186,1
5187,84,1
5188,52,1
5189,200,0
5190,63,1
5191,46,1
5192,86,0
5193,178,1
5194,92,1
5195,49,1
5196,200,0
5197,200,0
5198,71,1
5199,161,1
5200,126,1
5201,200,0
5202,157,1
5203,62,1
5204,90,1
5205,44,1
5206,70,1
5207,149,1
5208,75,1
5209,190,0
5210,145,1
5211,103,1
5212,35,1
5213,67,1
5214,38,1
5215,122,1
5216,200,0
5217,200,0
5218,82,1
5219,66,1
5220,88,0
5221,106,1
5222,84,1
5223,200,0
5224,68,1
5225,177,1
5226,58,1
5227,107,1
5228,52,1
5229,95,1
5230,39,1
5231,200,0
5232,131,1
5233,141,1
5234,172,1
5235,182,1
5236,136,1
5237,143,1
5238,54,1
5239,15,0
5240,39,1
5241,62,1
5242,76,1
5243,112,1
5244,35,1
5245,48,1
5246,107,1
5247,73,1
5248,55,1
5249,120,1
5250,94,1
5251,183,1
5252,97,1
5253,91,1
5254,44,1
5255,67,1
5256,28,0
5257,66,0
5258,87,1
5259,38,1
5260,64,1
5261,120,1
5262,119,1
5263,137,0
5264,51,1
5265,74,1
5266,94,1
5267,172,1
5268,62,1
5269,47,1
5270,49,1
5271,64,0
5272,130,1
5273,195,1
5274,200,0
5275,63,1
5276,175,1
5277,200,0
5278,49,1
5279,89,1
5280,105,1
5281,86,1
5282,107,1
5283,60,1
5284,200,0
5285,120,1
5286,99,1
5287,83,1
5288,69,1
5289,132,1
5290,40,1
5291,29,1
5292,200,0
5293,81,1
5294,126,1
5295,77,1
5296,44,1
5297,95,1
5298,80,1
5299,64,1
5300,35,1
5301,90,1
5302,18,0
5303,117,1
5304,60,1
5305,62,0
5306,160,1
5307,36,1
5308,100,1
5309,83,1
5310,104,1
5311,200,0
5312,148,1
5313,66,1
5314,93,1
5315,65,1
5316,61,1
5317,105,0
5318,130,1
5319,101,1
5320,74,1
5321,200,0
5322,130,1
5323,97,1
5324,55,1
5325,111,1
5326,190,1
5327,36,1
5328,88,1
5329,69,1
5330,62,1
5331,92,1
5332,52,1
5333,200,0
5334,25,0
5335,173,1
5336,94,1
5337,143,1
5338,200,0
5339,200,0
5340,55,1
5341,49,1
5342,91,1
5343,114,0
5344,102,1
5345,52,1
5346,68,1
5347,83,1
5348,68,1
5349,73,1
5350,72,1
5351,67,1
5352,163,1
5353,80,1
5354,121,1
5355,72,1
5356,120,1
5357,110,1
5358,108,0
5359,107,1
5360,85,1
5361,200,0
5362,56,1
5363,178,1
5364,106,1
5365,110,1
5366,200,0
5367,196,1
5368,110,1
5369,83,1
5370,77,1
5371,63,1
5372,71,1
5373,92,0
5374,138,1
5375,158,1
5376,200,0
5377,97,1
5378,200,0
5379,38,0
5380,122,1
5381,200,0
5382,61,1
5383,84,1
5384,48,1
5385,88,1
5386,97,1
5387,39,1
5388,71,1
5389,44,1
5390,200,0
5391,75,1
5392,91,1
5393,88,1
5394,60,1
5395,84,1
5396,61,1
5397,81,1
5398,59,1
5399,78,1
5400,84,1
5401,37,1
5402,44,1
5403,76,1
5404,91,1
5405,41,1
5406,117,1
5407,106,1
5408,96,1
5409,138,1
5410,97,1
5411,119,1
5412,35,1
5413,121,1
5414,200,0
5415,51,1
5416,19,0
5417,105,1
5418,85,1
5419,65,1
5420,89,1
5421,71,1
5422,110,1
5423,38,1
5424,175,1
5425,62,1
5426,182,1
5427,182,1
5428,24,0
5429,42,1
5430,36,1
5431,96,1
5432,150,1
5433,185,1
5434,59,1
5435,44,1
5436,90,1
5437,78,1
5438,50,1
5439,85,1
5440,25,1
5441,139,1
5442,120,1
5443,65,1
5444,127,1
5445,197,1
5446,143,1
5447,94,0
5448,90,1
5449,58,1
5450,177,1
5451,21,1
5452,58,1
5453,62,1
5454,47,1
5455,112,1
5456,144,1
5457,143,1
5458,120,1
5459,92,1
5460,110,1
5461,102,1
5462,64,1
5463,42,1
5464,70,1
5465,118,1
5466,40,1
5467,63,1
5468,69,1
5469,98,1
5470,50,1
5471,47,1
5472,40,1
5473,39,1
5474,136,1
5475,138,1
5476,200,0
5477,68,1
5478,129,1
5479,157,1
5480,101,1
5481,28,1
5482,164,1
5483,105,1
5484,42,1
5485,62,1
5486,45,1
5487,62,1
5488,38,1
5489,54,1
5490,60,1
5491,88,1
5492,71,1
5493,85,1
5494,88,0
5495,77,1
5496,57,0
5497,42,1
5498,164,1
5499,76,1
5500,75,1
5501,80,1
5502,94,1
5503,62,1
5504,34,1
5505,43,1
5506,98,1
5507,200,0
5508,89,1
5509,73,1
5510,47,1
5511,69,1
5512,84,1
5513,38,1
5514,156,1
5515,65,1
5516,169,0
5517,59,0
5518,63,0
5519,200,0
5520,200,0
5521,120,1
5522,200,0
5523,94,1
5524,200,0
5525,133,1
5526,200,0
5527,69,1
5528,114,1
5529,150,1
5530,137,1
5531,73,1
5532,131,1
5533,111,1
5534,99,1
5535,185,1
5536,55,1
5537,107,1
5538,53,1
5539,64,1
5540,92,1
5541,90,1
5542,200,0
5543,87,1
5544,104,1
5545,135,1
5546,99,1
5547,120,1
5548,39,1
5549,85,1
5550,150,1
5551,114,1
5552,96,1
5553,200,0
5554,81,1
5555,123,1
5556,101,1
5557,155,1
5558,81,1
5559,144,1
5560,153,1
5561,48,0
5562,81,1
5563,84,1
5564,78,0
5565,62,1
5566,150,1
5567,53,1
5568,124,1
5569,75,1
5570,178,1
5571,200,0
5572,87,1
5573,93,1
5574,121,1
5575,157,1
5576,108,1
5577,200,0
5578,78,1
5579,98,1
5580,120,1
5581,200,0
5582,66,1
5583,94,1
5584,80,1
5585,51,1
5586,73,1
5587,154,1
5588,39,1
5589,159,1
5590,200,0
5591,87,1
5592,114,0
5593,181,1
5594,66,1
5595,124,1
5596,118,1
5597,200,0
5598,126,0
5599,110,1
5600,200,0
5601,200,0
5602,136,1
5603,138,1
5604,183,1
5605,22,0
5606,77,1
5607,69,1
5608,45,1
5609,84,1
5610,94,1
5611,133,1
5612,50,1
5613,134,1
5614,85,1
5615,64,1
5616,200,0
5617,13,0
5618,164,1
5619,175,1
5620,128,1
5621,113,1
5622,84,1
5623,86,1
5624,69,1
5625,28,1
5626,117,1
5627,70,1
5628,117,1
5629,54,1
5630,45,1
5631,78,1
5632,92,1
5633,105,1
5634,117,1
5635,30,1
5636,107,1
5637,80,1
5638,60,1
5639,110,1
5640,120,1
5641,98,1
5642,31,1
5643,56,1
5644,49,1
5645,104,1
5646,129,1
5647,60,1
5648,129,1
5649,37,1
5650,75,1
5651,51,0
5652,200,0
5653,106,1
5654,61,1
5655,192,0
5656,107,1
5657,70,1
5658,73,1
5659,53,1
5660,197,0
5661,135,1
5662,44,0
5663,197,1
5664,36,0
5665,62,1
5666,113,1
5667,129,1
5668,200,0
5669,35,1
5670,52,1
5671,58,1
5672,52,1
5673,112,1
5674,87,1
5675,200,0
5676,133,1
5677,166,1
5678,103,1
5679,70,1
5680,89,1
5681,88,1
5682,200,0
5683,200,0
5684,67,1
5685,114,1
5686,60,0
5687,195,1
5688,66,1
5689,160,1
5690,200,0
5691,200,0
5692,62,1
5693,82,1
5694,69,0
5695,53,1
5696,154,1
5697,57,1
5698,200,0
5699,110,1
5700,33,1
5701,114,1
5702,125,1
5703,128,1
5704,88,1
5705,103,1
5706,63,1
5707,82,1
5708,79,1
5709,47,1
5710,68,1
5711,101,1
5712,100,1
5713,123,1
5714,77,0
5715,40,1
5716,45,1
5717,67,1
5718,190,1
5719,149,1
5720,68,1
5721,75,1
5722,86,1
5723,69,1
5724,131,1
5725,103,1
5726,34,0
5727,131,1
5728,105,1
5729,78,1
5730,100,1
5731,60,1
5732,161,1
5733,71,0
5734,38,1
5735,75,1
5736,50,1
5737,173,1
5738,200,0
5739,45,1
5740,53,1
5741,74,1
5742,172,1
5743,61,1
5744,94,1
5745,62,1
5746,68,1
5747,99,1
5748,82,1
5749,37,1
5750,40,1
5751,172,1
5752,170,1
5753,43,1
5754,27,1
5755,134,1
5756,78,1
5757,81,1
5758,97,1
5759,83,1
5760,62,1
5761,117,1
5762,191,1
5763,117,1
5764,146,1
5765,78,1
5766,60,1
5767,27,0
5768,147,0
5769,162,1
5770,97,1
5771,69,1
5772,121,0
5773,146,1
5774,103,1
5775,49,1
5776,80,1
5777,107,1
5778,118,1
5779,169,0
5780,173,1
5781,156,1
5782,200,0
5783,61,1
5784,82,1
5785,62,1
5786,152,1
5787,170,1
5788,200,0
5789,30,1
5790,146,1
5791,171,1
5792,115,1
5793,32,0
5794,200,0
5795,84,1
5796,127,1
5797,146,1
5798,158,1
5799,83,1
5800,70,1
5801,200,0
5802,46,1
5803,67,1
5804,139,1
5805,41,1
5806,200,0
5807,105,1
5808,61,1
5809,71,1
5810,96,1
5811,200,0
5812,142,1
5813,116,1
5814,200,0
5815,87,1
5816,67,1
5817,50,1
5818,107,1
5819,146,1
5820,64,1
5821,107,1
5822,200,0
5823,70,1
5824,192,1
5825,117,1
5826,73,1
5827,82,1
5828,58,1
5829,132,1
5830,138,1
5831,200,0
5832,110,1
5833,200,0
5834,176,1
5835,57,1
5836,200,0
5837,141,1
5838,128,1
5839,99,1
5840,148,1
5841,48,1
5842,72,1
5843,143,1
5844,45,0
5845,124,1
5846,31,1
5847,104,1
5848,178,1
5849,77,1
5850,58,1
5851,111,1
5852,76,1
5853,43,1
5854,37,0
5855,141,1
5856,65,1
5857,81,1
5858,56,1
5859,129,1
5860,137,1
5861,69,1
5862,50,1
5863,54,1
5864,71,1
5865,65,1
5866,115,1
5867,42,1
5868,68,1
5869,180,1
5870,176,1
5871,64,1
5872,63,1
5873,56,1
5874,200,0
5875,200,0
5876,38,1
5877,94,1
5878,73,1
5879,64,1
5880,151,1
5881,166,1
5882,45,0
5883,178,1
5884,65,1
5885,130,1
5886,200,0
5887,92,1
5888,44,1
5889,200,0
5890,170,1
5891,72,1
5892,64,1
5893,117,1
5894,158,1
5895,68,1
5896,57,1
5897,105,0
5898,74,1
5899,75,1
5900,66,1
5901,109,1
5902,110,1
5903,107,1
5904,50,1
5905,200,0
5906,53,1
5907,70,1
5908,122,1
5909,137,1
5910,36,0
5911,132,1
5912,61,1
5913,88,1
5914,67,1
5915,76,1
5916,63,0
5917,48,1
5918,159,1
5919,50,1
5920,149,1
5921,22,0
5922,200,0
5923,66,0
5924,85,1
5925,102,1
5926,45,1
5927,115,0
5928,156,1
5929,75,1
5930,57,0
5931,112,1
5932,96,1
5933,81,1
5934,127,1
5935,86,1
5936,143,1
5937,52,1
5938,40,1
5939,39,1
5940,40,1
5941,46,1
5942,18,1
5943,190,1
5944,119,1
5945,93,1
5946,75,1
5947,81,1
5948,82,1
5949,71,1
5950,86,0
5951,77,1
5952,200,0
5953,95,1
5954,59,1
5955,48,1
5956,59,1
5957,53,1
5958,109,1
5959,200,0
5960,139,1
5961,171,1
5962,200,0
5963,169,1
5964,200,0
5965,84,1
5966,200,0
5967,200,0
5968,200,0
5969,184,1
5970,50,1
5971,200,0
5972,103,1
5973,200,0
5974,151,1
5975,71,1
5976,70,1
5977,200,0
5978,76,1
5979,112,1
5980,200,0
5981,67,1
5982,67,1
5983,51,1
5984,72,1
5985,54,1
5986,73,1
5987,26,1
5988,63,1
5989,43,1
5990,12,0
5991,103,1
5992,151,1
5993,138,1
5994,36,1
5995,104,1
5996,132,1
5997,200,0
5998,163,0
5999,91,1
6000,109,1
6001,74,1
6002,154,1
6003,200,0
6004,25,1
6005,58,1
6006,153,0
6007,57,1
6008,39,1
6009,153,1
6010,42,1
6011,101,1
6012,200,0
6013,74,1
6014,83,1
6015,75,1
6016,140,1
6017,200,0
6018,132,1
6019,134,1
6020,17,0
6021,90,1
6022,103,1
6023,150,1
6024,107,1
6025,113,1
6026,57,1
6027,66,1
6028,64,1
6029,108,1
6030,145,1
6031,106,1
6032,86,1
6033,51,1
6034,200,0
6035,88,1
6036,39,1
6037,138,0
6038,111,1
6039,47,1
6040,86,1
6041,193,1
6042,146,1
6043,191,1
6044,200,0
6045,136,1
6046,113,1
6047,105,1
6048,29,1
6049,98,1
6050,106,1
6051,72,1
6052,198,1
6053,54,1
6054,42,1
6055,200,0
6056,90,1
6057,69,1
6058,69,1
6059,89,1
6060,51,1
6061,110,1
6062,200,0
6063,121,1
6064,92,1
6065,52,1
6066,69,1
6067,77,1
6068,66,1
6069,74,1
6070,126,1
6071,63,1
6072,68,1
6073,56,1
6074,149,1
6075,121,1
6076,137,1
6077,136,1
6078,73,1
6079,43,0
6080,50,0
6081,66,1
6082,43,0
6083,68,1
6084,71,1
6085,57,0
6086,86,1
6087,64,1
6088,109,1
6089,131,1
6090,108,0
6091,34,1
6092,200,0
6093,76,1
6094,67,1
6095,92,1
6096,96,1
6097,84,1
6098,141,0
6099,109,1
6100,77,1
6101,189,1
6102,200,0
6103,87,1
6104,148,1
6105,61,1
6106,87,1
6107,137,1
6108,47,1
6109,83,1
6110,102,1
6111,48,1
6112,99,1
6113,63,1
6114,147,1
6115,97,1
6116,67,1
6117,95,1
6118,130,1
6119,158,1
6120,68,1
6121,78,1
6122,71,0
6123,89,1
6124,84,1
6125,40,1
6126,50,1
6127,124,0
6128,153,1
6129,155,1
6130,117,1
6131,91,1
6132,97,1
6133,49,1
6134,61,1
6135,94,1
6136,70,1
6137,135,1
6138,42,1
6139,89,1
6140,92,1
6141,53,1
6142,73,1
6143,102,0
6144,194,0
6145,50,0
6146,49,1
6147,200,0
6148,200,0
6149,66,1
6150,111,1
6151,114,1
6152,55,1
6153,38,1
6154,106,1
6155,105,1
6156,46,1
6157,68,1
6158,200,0
6159,68,1
6160,147,1
6161,94,1
6162,56,1
6163,110,1
6164,107,1
6165,135,0
6166,200,0
6167,99,1
6168,124,1
6169,58,1
6170,33,1
6171,169,1
6172,132,1
6173,53,1
6174,200,0
6175,200,0
6176,44,1
6177,88,1
6178,82,0
6179,200,0
6180,125,1
6181,200,0
6182,39,0
6183,155,1
6184,62,1
6185,66,1
6186,69,1
6187,141,1
6188,52,1
6189,67,0
6190,132,1
6191,123,1
6192,55,1
6193,68,1
6194,107,1
6195,193,1
6196,116,1
6197,159,1
6198,78,1
6199,154,1
6200,200,0
6201,139,0
6202,46,1
6203,71,1
6204,78,1
6205,85,1
6206,8,0
6207,79,1
6208,158,1
6209,77,1
6210,104,1
6211,200,0
6212,87,1
6213,200,0
6214,196,1
6215,146,1
6216,171,1
6217,200,0
6218,180,1
6219,78,0
6220,108,1
6221,133,1
6222,74,1
6223,90,1
6224,101,1
6225,52,1
6226,102,1
6227,112,1
6228,171,1
6229,114,1
6230,76,1
6231,200,0
6232,115,1
6233,62,1
6234,127,1
6235,45,1
6236,66,0
6237,67,1
6238,11,0
6239,50,1
6240,134,1
6241,103,1
6242,200,0
6243,53,1
6244,102,1
6245,35,1
6246,66,1
6247,72,1
6248,29,1
6249,47,1
6250,61,0
6251,48,1
6252,109,1
6253,31,1
6254,63,1
6255,68,1
6256,98,1
6257,124,1
6258,116,1
6259,64,1
6260,200,0
6261,200,0
6262,200,0
6263,58,1
6264,65,1
6265,107,1
6266,79,1
6267,193,1
6268,198,1
6269,46,1
6270,135,1
6271,130,1
6272,101,1
6273,49,1
6274,60,1
6275,60,0
6276,198,1
6277,70,1
6278,155,1
6279,136,1
6280,29,0
6281,99,1
6282,34,1
6283,196,1
6284,94,1
6285,52,1
6286,105,1
6287,59,1
6288,154,1
6289,78,1
6290,81,1
6291,121,1
6292,49,1
6293,61,1
6294,48,1
6295,48,1
6296,37,1
6297,79,1
6298,90,1
6299,62,1
6300,200,0
6301,48,1
6302,81,1
6303,159,1
6304,122,1
6305,121,1
6306,169,1
6307,144,1
6308,88,1
6309,39,0
6310,149,1
6311,104,1
6312,107,1
6313,96,1
6314,110,1
6315,90,1
6316,35,1
6317,35,1
6318,65,1
6319,81,1
6320,120,1
6321,50,1
6322,125,1
6323,114,1
6324,71,1
6325,100,1
6326,154,1
6327,145,1
6328,158,1
6329,85,1
6330,132,1
6331,200,0
6332,116,1
6333,69,1
6334,92,1
6335,109,1
6336,79,1
6337,65,1
6338,91,1
6339,200,0
6340,85,1
6341,72,1
6342,167,1
6343,109,1
6344,143,1
6345,171,1
6346,153,1
6347,88,1
6348,200,0
6349,35,1
6350,130,1
6351,88,1
6352,93,1
6353,120,1
6354,45,0
6355,77,1
6356,54,1
6357,191,1
6358,181,1
6359,143,1
6360,200,0
6361,141,1
6362,173,1
6363,124,1
6364,101,1
6365,81,1
6366,38,1
6367,153,1
6368,71,1
6369,68,1
6370,162,1
6371,40,1
6372,116,1
6373,163,1
6374,111,1
6375,46,1
6376,72,1
6377,182,1
6378,182,1
6379,104,1
6380,192,1
6381,49,1
6382,98,1
6383,37,1
6384,34,1
6385,59,1
6386,146,1
6387,62,1
6388,129,1
6389,48,1
6390,67,1
6391,39,1
6392,71,1
6393,200,0
6394,140,1
6395,115,1
6396,81,1
6397,37,1
6398,50,1
6399,176,1
6400,74,1
6401,72,1
6402,77,1
6403,101,1
6404,102,1
6405,150,1
6406,82,1
6407,50,0
6408,73,1
6409,45,0
6410,169,1
6411,62,1
6412,92,1
6413,62,1
6414,147,1
6415,132,1
6416,130,1
6417,63,1
6418,135,1
6419,111,1
6420,29,1
6421,200,0
6422,103,1
6423,35,1
6424,112,1
6425,124,1
6426,74,1
6427,108,1
6428,134,1
6429,167,1
6430,79,1
6431,200,0
6432,73,1
6433,174,1
6434,93,1
6435,116,1
6436,108,1
6437,68,0
6438,62,1
6439,43,0
6440,29,0
6441,58,1
6442,86,1
6443,107,1
6444,57,1
6445,121,1
6446,94,1
6447,85,1
6448,106,1
6449,128,1
6450,103,1
6451,83,1
6452,109,1
6453,50,1
6454,89,1
6455,44,1
6456,81,1
6457,55,1
6458,200,0
6459,66,0
6460,32,1
6461,136,1
6462,82,1
6463,110,1
6464,61,1
6465,76,1
6466,106,1
6467,89,1
6468,31,1
6469,150,1
6470,73,1
6471,67,0
6472,52,1
6473,132,1
6474,62,1
6475,104,1
6476,55,1
6477,66,1
6478,118,1
6479,55,1
6480,36,1
6481,81,1
6482,110,1
6483,131,1
6484,116,1
6485,124,1
6486,84,1
6487,83,1
6488,51,1
6489,67,1
6490,53,1
6491,78,1
6492,65,1
6493,109,1
6494,68,1
6495,137,1
6496,157,1
6497,143,1
6498,109,1
6499,137,1
6500,68,0
6501,43,1
6502,52,1
6503,154,1
6504,55,1
6505,54,1
6506,43,1
6507,63,0
6508,58,0
6509,148,1
6510,74,0
6511,98,1
6512,67,0
6513,71,1
6514,139,1
6515,92,1
6516,39,1
6517,125,1
6518,95,1
6519,186,1
6520,45,1
6521,53,1
6522,39,1
6523,95,1
6524,89,0
6525,60,1
6526,91,1
6527,52,1
6528,52,1
6529,140,1
6530,54,1
6531,135,1
6532,62,1
6533,200,0
6534,29,1
6535,105,1
6536,134,1
6537,119,1
6538,143,1
6539,67,1
6540,143,1
6541,200,0
6542,86,1
6543,81,1
6544,134,1
6545,97,1
6546,134,1
6547,86,1
6548,77,1
6549,30,1
6550,61,1
6551,65,1
6552,64,1
6553,104,1
6554,89,1
6555,72,1
6556,44,1
6557,150,1
6558,49,1
6559,129,1
6560,67,1
6561,44,0
6562,118,1
6563,126,1
6564,74,1
6565,73,1
6566,161,1
6567,77,0
6568,65,1
6569,55,1
6570,130,1
6571,29,1
6572,178,0
6573,200,0
6574,200,0
6575,132,1
6576,84,1
6577,41,1
6578,93,1
6579,144,1
6580,109,1
6581,200,0
6582,200,0
6583,109,1
6584,105,1
6585,200,0
6586,97,1
6587,82,1
6588,90,1
6589,200,0
6590,77,0
6591,97,1
6592,88,1
6593,47,0
6594,109,1
6595,72,1
6596,117,1
6597,118,1
6598,46,1
6599,101,1
6600,100,1
6601,200,0
6602,108,1
6603,58,1
6604,74,1
6605,200,0
6606,61,1
6607,89,1
6608,109,1
6609,28,1
6610,88,0
6611,88,1
6612,116,1
6613,153,1
6614,163,1
6615,131,1
6616,158,1
6617,133,1
6618,63,1
6619,34,1
6620,176,1
6621,105,1
6622,63,1
6623,170,1
6624,119,1
6625,84,1
6626,78,1
6627,75,0
6628,32,1
6629,66,1
6630,33,1
6631,70,1
6632,83,1
6633,150,1
6634,44,1
6635,66,1
6636,100,1
6637,32,1
6638,164,1
6639,55,1
6640,200,0
6641,66,1
6642,64,1
6643,200,0
6644,43,1
6645,95,1
6646,76,1
6647,100,1
6648,166,0
6649,53,1
6650,29,1
6651,40,1
6652,71,1
6653,86,1
6654,83,1
6655,122,1
6656,133,1
6657,200,0
6658,123,1
6659,70,0
6660,171,1
6661,59,1
6662,138,1
6663,44,1
6664,69,1
6665,200,0
6666,168,1
6667,200,0
6668,66,1
6669,79,1
6670,86,1
6671,120,1
6672,38,1
6673,59,1
6674,75,1
6675,110,1
6676,142,1
6677,45,1
6678,31,1
6679,107,1
6680,16,0
6681,129,1
6682,85,1
6683,172,1
6684,108,1
6685,84,1
6686,43,1
6687,200,0
6688,26,1
6689,63,1
6690,63,1
6691,113,1
6692,118,1
6693,106,1
6694,105,1
6695,52,1
6696,200,0
6697,89,1
6698,200,0
6699,129,1
6700,55,1
6701,142,1
6702,47,1
6703,129,1
6704,51,1
6705,26,0
6706,78,1
6707,53,1
6708,64,1
6709,51,1
6710,72,1
6711,94,1
6712,98,1
6713,200,0
6714,78,1
6715,134,1
6716,99,1
6717,153,1
6718,70,1
6719,111,1
6720,50,1
6721,79,1
6722,113,1
6723,42,1
6724,94,1
6725,47,1
6726,71,1
6727,132,0
6728,57,1
6729,84,1
6730,108,1
6731,54,1
6732,200,0
6733,115,1
6734,162,1
6735,65,1
6736,200,0
6737,135,1
6738,60,1
6739,67,1
6740,133,1
6741,67,1
6742,49,1
6743,163,1
6744,57,1
6745,113,1
6746,120,1
6747,65,1
6748,166,0
6749,118,1
6750,84,1
6751,143,1
6752,44,1
6753,109,1
6754,99,1
6755,42,1
6756,107,1
6757,82,1
6758,73,1
6759,37,1
6760,108,1
6761,35,1
6762,105,1
6763,160,1
6764,91,1
6765,189,1
6766,37,1
6767,147,0
6768,122,1
6769,152,0
6770,58,1
6771,200,0
6772,111,1
6773,200,0
6774,92,1
6775,73,1
6776,120,1
6777,55,1
6778,59,1
6779,42,1
6780,46,1
6781,146,1
6782,140,1
6783,37,1
6784,40,1
6785,55,1
6786,52,1
6787,94,1
6788,112,1
6789,200,0
6790,200,0
6791,49,1
6792,125,1
6793,54,1
6794,121,1
6795,170,1
6796,75,1
6797,54,1
6798,109,1
6799,99,1
6800,77,1
6801,126,1
6802,200,0
6803,200,0
6804,200,0
6805,79,1
6806,200,0
6807,54,1
6808,67,1
6809,176,1
6810,127,1
6811,41,1
6812,176,1
6813,101,1
6814,38,0
6815,46,1
6816,43,1
6817,144,1
6818,200,0
6819,92,1
6820,45,1
6821,94,1
6822,83,1
6823,44,0
6824,119,1
6825,55,1
6826,77,1
6827,85,1
6828,90,1
6829,35,1
6830,82,1
6831,105,1
6832,92,1
6833,161,1
6834,62,1
6835,155,1
6836,71,1
6837,58,1
6838,111,1
6839,65,0
6840,129,1
6841,67,1
6842,39,1
6843,129,1
6844,53,1
6845,104,1
6846,53,1
6847,119,1
6848,54,1
6849,124,1
6850,43,0
6851,108,1
6852,42,1
6853,33,0
6854,56,1
6855,59,1
6856,103,1
6857,193,1
6858,62,1
6859,164,1
6860,33,1
6861,141,1
6862,200,0
6863,60,1
6864,200,0
6865,97,1
6866,188,1
6867,58,1
6868,114,1
6869,61,1
6870,180,1
6871,127,1
6872,90,1
6873,85,0
6874,200,0
6875,36,1
6876,118,1
6877,104,1
6878,100,1
6879,113,1
6880,35,1
6881,62,1
6882,102,1
6883,157,0
6884,115,1
6885,80,1
6886,130,1
6887,135,1
6888,105,1
6889,111,1
6890,49,1
6891,61,1
6892,125,1
6893,43,1
6894,63,1
6895,98,1
6896,95,1
6897,133,1
6898,200,0
6899,79,1
6900,137,1
6901,160,1
6902,144,1
6903,37,1
6904,47,1
6905,200,0
6906,155,1
6907,54,1
6908,70,1
6909,163,1
6910,101,1
6911,84,1
6912,78,1
6913,70,1
6914,124,1
6915,95,1
6916,58,0
6917,169,1
6918,66,1
6919,98,1
6920,93,1
6921,140,1
6922,175,1
6923,119,1
6924,83,1
6925,65,1
6926,77,1
6927,82,1
6928,88,1
6929,44,0
6930,164,1
6931,97,0
6932,129,1
6933,150,1
6934,79,1
6935,37,1
6936,93,1
6937,152,1
6938,67,1
6939,107,1
6940,200,0
6941,56,1
6942,115,1
6943,181,1
6944,64,1
6945,162,1
6946,62,0
6947,193,1
6948,152,1
6949,200,0
6950,51,1
6951,74,1
6952,106,1
6953,102,1
6954,46,0
6955,132,1
6956,105,1
6957,73,1
6958,107,1
6959,163,1
6960,66,1
6961,51,1
6962,47,1
6963,70,1
6964,28,1
6965,70,1
6966,152,1
6967,73,1
6968,155,1
6969,64,1
6970,148,0
6971,127,1
6972,50,1
6973,112,1
6974,93,1
6975,68,1
6976,37,1
6977,88,1
6978,63,1
6979,147,1
6980,177,1
6981,88,1
6982,122,1
6983,96,1
6984,57,1
6985,178,1
6986,43,1
6987,94,1
6988,86,1
6989,200,0
6990,124,1
6991,200,0
6992,74,1
6993,60,1
6994,70,1
6995,149,1
6996,43,1
6997,200,0
6998,134,1
6999,31,0
7000,109,1
7001,48,1
7002,87,1
7003,17,1
7004,43,1
7005,64,1
7006,89,1
7007,156,1
7008,128,1
7009,66,1
7010,144,1
7011,70,1
7012,73,1
7013,80,1
7014,82,1
7015,98,1
7016,38,0
7017,77,1
7018,80,1
7019,110,1
7020,200,0
7021,85,1
7022,200,0
7023,175,1
7024,68,0
7025,77,1
7026,117,1
7027,72,1
7028,45,1
7029,200,0
7030,127,0
7031,115,1
7032,73,0
7033,134,1
7034,68,1
7035,200,0
7036,100,1
7037,148,1
7038,107,1
7039,164,1
7040,48,1
7041,62,0
7042,77,1
7043,56,1
7044,50,0
7045,78,1
7046,63,1
7047,200,0
7048,128,1
7049,54,1
7050,28,1
7051,149,1
7052,54,1
7053,155,1
7054,74,1
7055,79,1
7056,45,1
7057,43,0
7058,53,1
7059,112,1
7060,200,0
7061,67,1
7062,88,1
7063,180,1
7064,84,1
7065,65,1
7066,81,1
7067,189,1
7068,112,1
7069,76,1
7070,28,1
7071,121,1
7072,92,1
7073,52,1
7074,138,1
7075,147,1
7076,116,1
7077,114,1
7078,200,0
7079,181,1
7080,83,1
7081,123,1
7082,70,1
7083,47,0
7084,102,1
7085,151,1
7086,135,1
7087,39,0
7088,31,1
7089,27,0
7090,115,1
7091,106,1
7092,57,1
7093,33,1
7094,55,0
7095,92,1
7096,200,0
7097,90,1
7098,44,0
7099,111,1
7100,77,1
7101,145,1
7102,100,1
7103,174,1
7104,130,1
7105,144,0
7106,114,1
7107,139,1
7108,141,1
7109,175,1
7110,79,1
7111,88,1
7112,143,1
7113,200,0
7114,144,1
7115,66,1
7116,55,1
7117,136,1
7118,178,1
7119,156,1
7120,97,1
7121,39,0
7122,140,1
7123,144,1
7124,151,1
7125,114,1
7126,120,1
7127,93,1
7128,112,1
7129,155,1
7130,78,1
7131,107,1
7132,135,1
7133,81,0
7134,200,0
7135,79,1
7136,178,1
7137,130,1
7138,90,1
7139,103,1
7140,89,0
7141,47,1
7142,68,1
7143,190,1
7144,77,0
7145,92,1
7146,86,1
7147,66,1
7148,67,1
7149,66,1
7150,161,1
7151,31,1
7152,200,0
7153,74,1
7154,83,1
7155,130,1
7156,200,0
7157,98,1
7158,101,1
7159,96,1
7160,187,1
7161,55,1
7162,106,1
7163,73,1
7164,55,1
7165,61,1
7166,176,1
7167,185,1
7168,95,1
7169,67,1
7170,200,0
7171,36,1
7172,60,1
7173,124,1
7174,85,1
7175,155,1
7176,131,1
7177,200,0
7178,87,1
7179,83,1
7180,81,1
7181,21,1
7182,75,1
7183,55,1
7184,142,1
7185,200,0
7186,104,1
7187,81,1
7188,76,1
7189,143,1
7190,77,0
7191,108,1
7192,155,1
7193,44,1
7194,25,1
7195,131,1
7196,46,0
7197,124,1
7198,58,0
7199,89,1
7200,110,1
7201,141,1
7202,122,1
7203,120,1
7204,58,1
7205,94,1
7206,45,1
7207,85,1
7208,43,1
7209,170,1
7210,32,1
7211,110,1
7212,79,1
7213,143,1
7214,129,1
7215,124,1
7216,143,1
7217,123,1
7218,200,0
7219,44,1
7220,115,1
7221,37,0
7222,115,1
7223,143,1
7224,182,0
7225,71,1
7226,133,1
7227,38,0
7228,105,1
7229,200,0
7230,76,1
7231,125,1
7232,99,0
7233,139,1
7234,56,1
7235,72,1
7236,71,1
7237,59,1
7238,168,1
7239,38,1
7240,124,1
7241,54,1
7242,68,1
7243,82,1
7244,59,0
7245,97,1
7246,179,1
7247,53,1
7248,94,1
7249,200,0
7250,163,1
7251,200,0
7252,59,1
7253,111,1
7254,30,1
7255,200,0
7256,58,1
7257,91,1
7258,143,0
7259,148,1
7260,125,1
7261,156,0
7262,184,1
7263,165,1
7264,120,1
7265,95,1
7266,168,1
7267,38,0
7268,116,1
7269,119,1
7270,200,0
7271,138,1
7272,73,1
7273,141,1
7274,200,0
7275,80,1
7276,93,1
7277,80,1
7278,200,0
7279,135,1
7280,192,1
7281,108,1
7282,60,1
7283,178,1
7284,149,1
7285,143,1
7286,200,1
7287,64,1
7288,128,1
7289,94,1
7290,55,1
7291,96,0
7292,94,1
7293,192,1
7294,42,1
7295,79,1
7296,82,1
7297,160,0
7298,112,1
7299,67,1
7300,54,1
7301,47,1
7302,130,1
7303,51,1
7304,82,1
7305,154,1
7306,40,1
7307,84,1
7308,109,1
7309,37,1
7310,56,1
7311,159,1
7312,81,1
7313,106,1
7314,53,1
7315,69,1
7316,80,1
7317,30,1
7318,122,1
7319,130,1
7320,46,1
7321,60,1
7322,152,1
7323,107,0
7324,161,1
7325,149,1
7326,62,1
7327,93,1
7328,87,1
7329,88,1
7330,86,1
7331,75,1
7332,113,1
7333,144,1
7334,53,1
7335,74,1
7336,136,1
7337,35,0
7338,55,1
7339,108,1
7340,130,0
7341,200,0
7342,200,0
7343,91,1
7344,117,0
7345,78,1
7346,122,1
7347,71,1
7348,103,1
7349,189,1
7350,130,1
7351,200,0
7352,103,1
7353,195,1
7354,126,1
7355,93,1
7356,149,1
7357,67,1
7358,91,1
7359,155,1
7360,92,1
7361,161,1
7362,79,1
7363,116,1
7364,92,1
7365,132,1
7366,110,1
7367,200,0
7368,141,1
7369,76,1
7370,193,1
7371,200,0
7372,84,1
7373,119,1
7374,112,1
7375,120,1
7376,200,0
7377,67,1
7378,39,0
7379,80,1
7380,105,1
7381,59,1
7382,85,1
7383,83,1
7384,63,1
7385,143,1
7386,53,1
7387,78,1
7388,116,1
7389,67,1
7390,61,0
7391,167,1
7392,83,0
7393,55,1
7394,111,1
7395,48,1
7396,200,0
7397,77,1
7398,42,1
7399,45,1
7400,76,1
7401,44,1
7402,92,1
7403,95,0
7404,129,1
7405,200,0
7406,59,0
7407,67,1
7408,138,1
7409,142,1
7410,200,0
7411,108,1
7412,54,1
7413,78,1
7414,78,1
7415,65,1
7416,55,1
7417,49,1
7418,115,0
7419,96,1
7420,52,1
7421,112,1
7422,29,0
7423,128,1
7424,76,1
7425,98,1
7426,121,1
7427,163,1
7428,77,1
7429,54,1
7430,200,0
7431,56,1
7432,99,1
7433,184,1
7434,122,1
7435,121,1
7436,109,1
7437,133,1
7438,113,1
7439,90,0
7440,148,0
7441,60,1
7442,77,1
7443,45,1
7444,50,1
7445,142,1
7446,191,1
7447,72,1
7448,197,1
7449,147,1
7450,60,1
7451,71,1
7452,111,1
7453,38,1
7454,45,1
7455,31,0
7456,91,1
7457,200,0
7458,189,1
7459,145,1
7460,75,1
7461,179,1
7462,152,1
7463,95,1
7464,26,0
7465,200,0
7466,200,0
7467,99,1
7468,163,1
7469,143,1
7470,26,1
7471,76,1
7472,110,1
7473,80,1
7474,85,1
7475,131,1
7476,105,1
7477,135,1
7478,172,1
7479,47,1
7480,41,1
7481,150,1
7482,135,1
7483,24,0
7484,78,1
7485,107,1
7486,138,1
7487,142,1
7488,48,1
7489,73,1
7490,22,0
7491,100,1
7492,41,1
7493,77,1
7494,71,1
7495,49,1
7496,114,0
7497,104,0
7498,34,1
7499,170,1
7500,200,0
7501,145,1
7502,125,1
7503,111,1
7504,200,0
7505,147,1
7506,51,0
7507,89,1
7508,192,1
7509,61,1
7510,96,1
7511,106,1
7512,200,0
7513,200,0
7514,112,1
7515,198,0
7516,99,1
7517,118,1
7518,125,1
7519,51,0
7520,52,1
7521,120,1
7522,89,1
7523,97,1
7524,68,1
7525,105,1
7526,100,1
7527,200,0
7528,200,0
7529,200,0
7530,69,1
7531,137,1
7532,114,1
7533,120,1
7534,64,0
7535,120,1
7536,50,1
7537,145,1
7538,119,1
7539,94,1
7540,83,1
7541,89,1
7542,70,1
7543,87,1
7544,54,1
7545,66,1
7546,74,1
7547,81,1
7548,81,1
7549,39,1
7550,87,1
7551,54,1
7552,57,1
7553,44,1
7554,98,0
7555,148,1
7556,83,1
7557,157,1
7558,111,0
7559,101,1
7560,120,1
7561,120,1
7562,57,0
7563,57,1
7564,140,1
7565,125,1
7566,60,1
7567,76,1
7568,76,1
7569,47,1
7570,147,1
7571,66,1
7572,136,1
7573,173,1
7574,200,0
7575,100,1
7576,90,1
7577,77,1
7578,108,1
7579,181,1
7580,37,1
7581,72,1
7582,112,1
7583,37,1
7584,79,0
7585,73,1
7586,180,1
7587,35,0
7588,141,1
7589,117,1
7590,65,1
7591,120,1
7592,159,1
7593,50,1
7594,75,1
7595,75,1
7596,57,1
7597,53,1
7598,60,1
7599,178,1
7600,140,1
7601,69,1
7602,76,1
7603,82,1
7604,41,1
7605,115,1
7606,76,1
7607,118,1
7608,63,1
7609,81,1
7610,62,1
7611,73,1
7612,28,1
7613,62,1
7614,63,1
7615,50,1
7616,101,1
7617,177,1
7618,88,1
7619,89,1
7620,86,1
7621,72,1
7622,96,0
7623,138,0
7624,200,0
7625,105,1
7626,83,1
7627,85,1
7628,47,1
7629,74,1
7630,42,1
7631,64,1
7632,88,1
7633,36,1
7634,77,1
7635,76,1
7636,166,1
7637,139,1
7638,109,1
7639,77,1
7640,64,1
7641,34,1
7642,131,1
7643,138,1
7644,67,1
7645,182,1
7646,33,1
7647,99,1
7648,48,1
7649,200,0
7650,68,1
7651,132,1
7652,143,1
7653,103,1
7654,48,1
7655,117,1
7656,59,0
7657,81,1
7658,70,1
7659,86,1
7660,99,1
7661,200,0
7662,200,0
7663,121,1
7664,165,1
7665,92,0
7666,128,1
7667,94,0
7668,77,1
7669,61,1
7670,85,1
7671,108,1
7672,76,1
7673,126,1
7674,200,0
7675,169,1
7676,195,1
7677,52,1
7678,71,1
7679,40,1
7680,67,1
7681,23,0
7682,28,0
7683,117,1
7684,152,1
7685,178,1
7686,174,1
7687,67,1
7688,60,1
7689,26,1
7690,59,1
7691,103,1
7692,81,0
7693,118,1
7694,200,0
7695,146,0
7696,70,1
7697,73,1
7698,200,0
7699,72,1
7700,42,1
7701,135,1
7702,96,1
7703,109,1
7704,159,1
7705,97,1
7706,40,1
7707,90,1
7708,78,1
7709,71,1
7710,63,1
7711,30,1
7712,40,1
7713,200,0
7714,13,0
7715,38,1
7716,52,1
7717,153,1
7718,70,0
7719,67,1
7720,182,1
7721,56,1
7722,95,1
7723,23,1
7724,63,1
7725,51,1
7726,150,1
7727,71,1
7728,96,1
7729,75,1
7730,83,1
7731,161,1
7732,131,1
7733,54,1
7734,60,1
7735,35,1
7736,86,1
7737,57,0
7738,51,1
7739,56,1
7740,88,1
7741,175,1
7742,37,1
7743,136,1
7744,52,1
7745,118,1
7746,80,1
7747,193,1
7748,76,1
7749,47,1
7750,44,1
7751,95,1
7752,70,1
7753,162,1
7754,59,1
7755,69,1
7756,107,1
7757,78,1
7758,199,1
7759,82,1
7760,88,1
7761,55,1
7762,79,1
7763,71,1
7764,85,1
7765,62,1
7766,119,1
7767,50,1
7768,200,0
7769,131,1
7770,101,1
7771,161,1
7772,58,1
7773,152,1
7774,86,1
7775,91,1
7776,63,1
7777,73,1
7778,78,1
7779,74,1
7780,57,0
7781,57,1
7782,161,1
7783,132,1
7784,76,1
7785,45,1
7786,52,1
7787,113,1
7788,53,1
7789,141,1
7790,200,0
7791,47,1
7792,118,1
7793,52,1
7794,45,1
7795,69,1
7796,109,0
7797,37,1
7798,31,1
7799,27,1
7800,126,1
7801,148,0
7802,26,1
7803,42,1
7804,200,0
7805,200,0
7806,200,0
7807,173,1
7808,131,1
7809,78,1
7810,135,1
7811,102,0
7812,93,0
7813,182,1
7814,111,1
7815,156,1
7816,200,0
7817,86,0
7818,181,0
7819,200,0
7820,59,1
7821,134,1
7822,126,1
7823,147,1
7824,9,0
7825,200,0
7826,141,1
7827,28,1
7828,121,1
7829,92,1
7830,88,0
7831,152,1
7832,81,1
7833,200,0
7834,38,1
7835,200,0
7836,72,1
7837,83,1
7838,104,0
7839,132,1
7840,57,1
7841,48,1
7842,105,0
7843,50,1
7844,106,1
7845,47,1
7846,61,1
7847,96,1
7848,46,0
7849,45,1
7850,87,1
7851,54,1
7852,60,1
7853,86,1
7854,200,0
7855,117,1
7856,95,1
7857,127,1
7858,71,1
7859,200,0
7860,108,1
7861,200,0
7862,100,1
7863,61,1
7864,58,1
7865,168,1
7866,61,1
7867,66,1
7868,27,1
7869,78,1
7870,200,0
7871,88,1
7872,200,0
7873,28,1
7874,139,1
7875,100,1
7876,95,1
7877,147,1
7878,94,1
7879,200,0
7880,66,0
7881,35,1
7882,62,1
7883,59,1
7884,200,0
7885,179,1
7886,51,1
7887,46,1
7888,71,1
7889,83,1
7890,144,1
7891,66,1
7892,151,1
7893,88,1
7894,53,1
7895,154,1
7896,98,0
7897,15,0
7898,126,1
7899,100,1
7900,200,0
7901,181,1
7902,183,1
7903,125,1
7904,129,1
7905,48,1
7906,96,1
7907,114,1
7908,122,1
7909,70,0
7910,102,1
7911,141,1
7912,164,1
7913,54,1
7914,108,1
7915,72,1
7916,88,1
7917,200,0
7918,114,1
7919,52,1
7920,155,1
7921,66,0
7922,74,1
7923,98,1
7924,82,1
7925,85,1
7926,104,1
7927,200,0
7928,105,1
7929,33,1
7930,200,0
7931,71,0
7932,82,1
7933,200,0
7934,44,1
7935,54,1
7936,94,1
7937,128,1
7938,195,0
7939,55,1
7940,108,1
7941,127,1
7942,92,1
7943,60,1
7944,200,0
7945,100,1
7946,121,1
7947,68,1
7948,91,0
7949,168,1
7950,200,1
7951,161,1
7952,200,0
7953,138,1
7954,53,1
7955,49,1
7956,89,1
7957,122,1
7958,80,1
7959,187,1
7960,49,1
7961,96,1
7962,38,1
7963,58,1
7964,133,1
7965,27,1
7966,79,1
7967,55,1
7968,75,1
7969,68,1
7970,36,0
7971,200,0
7972,110,1
7973,51,1
7974,116,0
7975,58,1
7976,79,1
7977,67,1
7978,139,1
7979,62,1
7980,51,1
7981,103,1
7982,169,1
7983,86,1
7984,27,1
7985,105,1
7986,43,1
7987,113,1
7988,69,1
7989,94,1
7990,198,1
7991,82,1
7992,103,1
7993,92,1
7994,33,1
7995,52,1
7996,81,1
7997,64,1
7998,139,1
7999,71,1
8000,36,1
8001,70,1
8002,152,1
8003,65,1
8004,67,1
8005,58,1
8006,104,1
8007,85,1
8008,42,1
8009,68,1
8010,48,1
8011,46,0
8012,75,0
8013,120,1
8014,49,1
8015,85,1
8016,88,1
8017,200,0
8018,122,1
8019,61,1
8020,70,1
8021,110,1
8022,89,1
8023,119,1
8024,150,1
8025,181,1
8026,196,1
8027,179,0
8028,200,0
8029,88,0
8030,63,1
8031,152,1
8032,124,1
8033,145,1
8034,114,1
8035,80,1
8036,48,1
8037,159,1
8038,140,1
8039,100,1
8040,200,0
8041,148,1
8042,192,1
8043,85,1
8044,66,1
8045,155,1
8046,60,1
8047,200,0
8048,163,1
8049,95,0
8050,104,1
8051,96,1
8052,112,1
8053,116,1
8054,200,0
8055,121,1
8056,72,1
8057,86,1
8058,46,1
8059,165,1
8060,200,0
8061,77,1
8062,54,1
8063,53,1
8064,66,1
8065,108,1
8066,106,1
8067,117,1
8068,41,1
8069,109,1
8070,69,1
8071,47,1
8072,35,1
8073,97,1
8074,46,1
8075,95,1
8076,127,1
8077,149,1
8078,56,1
8079,49,1
8080,58,1
8081,84,1
8082,115,1
8083,78,1
8084,110,1
8085,45,0
8086,89,1
8087,35,0
8088,41,1
8089,60,1
8090,200,0
8091,91,1
8092,162,1
8093,68,1
8094,35,1
8095,200,0
8096,69,1
8097,127,1
8098,99,1
8099,72,1
8100,59,1
8101,108,1
8102,54,1
8103,99,1
8104,31,1
8105,200,0
8106,55,1
8107,102,1
8108,162,1
8109,146,1
8110,140,1
8111,155,1
8112,154,1
8113,140,1
8114,32,1
8115,68,1
8116,165,1
8117,68,1
8118,89,1
8119,56,1
8120,140,1
8121,63,1
8122,108,1
8123,166,1
8124,160,1
8125,70,1
8126,200,0
8127,109,1
8128,136,1
8129,70,1
8130,90,1
8131,37,1
8132,146,1
8133,96,1
8134,105,1
8135,137,0
8136,153,0
8137,73,1
8138,109,1
8139,80,1
8140,53,0
8141,156,0
8142,83,1
8143,191,1
8144,189,1
8145,122,1
8146,37,1
8147,108,1
8148,60,0
8149,200,0
8150,200,0
8151,173,1
8152,199,0
8153,68,1
8154,96,1
8155,96,1
8156,200,0
8157,35,1
8158,111,1
8159,169,1
8160,105,1
8161,113,1
8162,185,0
8163,200,0
8164,91,0
8165,181,1
8166,115,1
8167,186,1
8168,200,0
8169,102,1
8170,138,1
8171,200,0
8172,120,1
8173,190,1
8174,177,1
8175,142,1
8176,200,1
8177,107,1
8178,65,1
8179,110,1
8180,182,1
8181,75,1
8182,61,1
8183,55,0
8184,174,1
8185,164,1
8186,32,1
8187,35,1
8188,84,1
8189,124,1
8190,53,1
8191,134,0
8192,42,1
8193,87,1
8194,80,1
8195,134,1
8196,28,1
8197,52,1
8198,69,1
8199,130,1
8200,89,1
8201,116,1
8202,45,1
8203,158,1
8204,139,1
8205,64,1
8206,85,1
8207,115,1
8208,84,1
8209,76,1
8210,145,1
8211,56,1
8212,147,1
8213,27,1
8214,79,1
8215,23,1
8216,72,1
8217,181,1
8218,94,1
8219,157,1
8220,63,1
8221,55,1
8222,117,1
8223,64,1
8224,62,1
8225,77,1
8226,171,1
8227,174,1
8228,92,1
8229,194,1
8230,90,1
8231,47,1
8232,68,1
8233,159,1
8234,200,0
8235,100,1
8236,199,1
8237,66,1
8238,45,1
8239,83,1
8240,71,1
8241,38,1
8242,40,1
8243,51,1
8244,118,1
8245,122,1
8246,46,1
8247,124,1
8248,52,0
8249,127,1
8250,136,1
8251,83,1
8252,76,1
8253,77,1
8254,79,1
8255,48,1
8256,111,1
8257,200,0
8258,104,1
8259,39,1
8260,114,1
8261,81,1
8262,49,0
8263,120,1
8264,40,1
8265,55,1
8266,200,0
8267,93,1
8268,200,0
8269,63,1
8270,51,1
8271,96,1
8272,101,1
8273,155,1
8274,80,1
8275,114,1
8276,200,0
8277,113,1
8278,37,1
8279,57,1
8280,76,1
8281,123,1
8282,156,1
8283,76,1
8284,62,1
8285,46,1
8286,26,1
8287,120,1
8288,59,1
8289,52,1
8290,15,0
8291,99,1
8292,88,1
8293,30,0
8294,74,1
8295,188,1
8296,74,1
8297,102,1
8298,45,1
8299,110,1
8300,135,1
8301,63,1
8302,176,1
8303,44,1
8304,81,1
8305,122,1
8306,93,1
8307,56,1
8308,115,1
8309,54,1
8310,102,1
8311,166,1
8312,87,1
8313,53,0
8314,111,1
8315,109,1
8316,200,0
8317,74,0
8318,74,1
8319,37,1
8320,28,0
8321,88,1
8322,73,1
8323,85,1
8324,119,1
8325,45,1
8326,43,1
8327,200,0
8328,173,1
8329,54,1
8330,39,1
8331,30,1
8332,163,1
8333,90,1
8334,108,1
8335,65,1
8336,200,0
8337,77,1
8338,200,0
8339,77,1
8340,27,1
8341,46,1
8342,59,1
8343,94,1
8344,99,0
8345,133,1
8346,129,1
8347,84,1
8348,200,0
8349,85,1
8350,65,1
8351,152,1
8352,189,0
8353,74,1
8354,53,1
8355,44,1
8356,152,1
8357,84,1
8358,200,0
8359,45,0
8360,129,1
8361,89,1
8362,72,1
8363,51,1
8364,104,1
8365,15,0
8366,89,1
8367,97,1
8368,65,1
8369,64,1
8370,109,1
8371,40,1
8372,90,1
8373,129,1
8374,52,0
8375,100,1
8376,59,0
8377,164,1
8378,134,1
8379,106,1
8380,141,1
8381,74,1
8382,53,1
8383,134,1
8384,92,1
8385,99,1
8386,176,1
8387,137,1
8388,86,1
8389,54,1
8390,27,1
8391,129,1
8392,80,1
8393,200,0
8394,95,1
8395,78,1
8396,104,1
8397,38,1
8398,73,1
8399,12,0
8400,78,0
8401,118,1
8402,99,1
8403,119,1
8404,92,1
8405,68,1
8406,79,1
8407,95,1
8408,78,1
8409,200,0
8410,91,1
8411,27,1
8412,58,1
8413,142,1
8414,91,1
8415,151,1
8416,61,1
8417,82,1
8418,93,1
8419,94,1
8420,86,1
8421,40,1
8422,92,1
8423,74,1
8424,49,1
8425,129,1
8426,200,0
8427,116,1
8428,41,1
8429,152,1
8430,132,1
8431,83,1
8432,59,1
8433,153,1
8434,64,1
8435,143,1
8436,76,1
8437,150,1
8438,104,1
8439,27,1
8440,65,1
8441,36,0
8442,95,1
8443,75,1
8444,89,1
8445,81,1
8446,200,0
8447,142,1
8448,74,1
8449,87,1
8450,105,1
8451,57,1
8452,68,1
8453,146,1
8454,158,1
8455,113,1
8456,146,1
8457,62,1
8458,92,1
8459,125,1
8460,93,1
8461,27,1
8462,60,1
8463,101,1
8464,200,0
8465,94,1
8466,51,0
8467,47,1
8468,39,1
8469,127,1
8470,64,1
8471,66,1
8472,53,1
8473,47,1
8474,63,1
8475,56,1
8476,109,0
8477,76,1
8478,112,1
8479,128,1
8480,40,1
8481,148,1
8482,91,1
8483,179,1
8484,100,1
8485,63,1
8486,75,1
8487,68,1
8488,103,1
8489,157,1
8490,140,1
8491,92,1
8492,192,1
8493,119,1
8494,200,0
8495,72,1
8496,117,1
8497,195,1
8498,67,1
8499,79,1
8500,200,0
8501,68,1
8502,101,1
8503,100,1
8504,88,1
8505,91,1
8506,116,1
8507,50,1
8508,94,1
8509,101,1
8510,55,1
8511,143,1
8512,87,1
8513,138,0
8514,67,1
8515,54,1
8516,54,1
8517,142,1
8518,71,1
8519,90,1
8520,38,1
8521,74,1
8522,79,1
8523,129,1
8524,126,1
8525,67,1
8526,113,1
8527,81,1
8528,82,1
8529,76,1
8530,10,0
8531,51,1
8532,78,1
8533,73,1
8534,116,1
8535,75,1
8536,90,1
8537,150,1
8538,115,1
8539,137,1
8540,88,1
8541,133,1
8542,98,1
8543,200,0
8544,111,1
8545,120,1
8546,200,0
8547,78,1
8548,72,0
8549,151,1
8550,69,1
8551,36,1
8552,52,1
8553,69,1
8554,61,1
8555,157,1
8556,70,1
8557,63,1
8558,84,1
8559,151,1
8560,200,0
8561,107,1
8562,57,1
8563,78,1
8564,151,1
8565,149,1
8566,82,1
8567,101,1
8568,62,1
8569,96,1
8570,156,1
8571,81,1
8572,57,1
8573,124,1
8574,96,1
8575,46,1
8576,100,1
8577,107,1
8578,117,1
8579,55,0
8580,66,1
8581,65,1
8582,110,1
8583,152,1
8584,53,1
8585,57,1
8586,85,1
8587,82,1
8588,63,1
8589,79,1
8590,142,1
8591,44,1
8592,104,1
8593,200,0
8594,39,1
8595,50,1
8596,55,1
8597,151,1
8598,142,1
8599,175,1
8600,89,1
8601,200,0
8602,26,1
8603,35,1
8604,51,1
8605,200,0
8606,53,1
8607,38,1
8608,77,1
8609,39,1
8610,93,1
8611,36,1
8612,106,1
8613,85,1
8614,46,1
8615,165,1
8616,109,1
8617,67,1
8618,90,1
8619,65,1
8620,102,1
8621,93,1
8622,60,1
8623,117,1
8624,50,1
8625,104,1
8626,50,1
8627,79,1
8628,88,1
8629,105,1
8630,75,1
8631,80,1
8632,47,0
8633,73,1
8634,119,1
8635,141,1
8636,44,1
8637,110,1
8638,200,0
8639,78,1
8640,61,0
8641,28,1
8642,73,1
8643,170,1
8644,82,1
8645,56,1
8646,82,1
8647,26,1
8648,137,1
8649,120,1
8650,111,1
8651,53,1
8652,68,0
8653,38,0
8654,61,1
8655,49,1
8656,82,1
8657,159,1
8658,111,1
8659,94,1
8660,131,1
8661,87,1
8662,142,1
8663,108,1
8664,44,1
8665,82,1
8666,76,1
8667,126,1
8668,83,1
8669,71,1
8670,94,1
8671,133,0
8672,76,1
8673,173,1
8674,91,1
8675,94,0
8676,36,1
8677,50,1
8678,53,0
8679,48,1
8680,39,1
8681,142,1
8682,147,1
8683,71,1
8684,84,1
8685,77,1
8686,142,1
8687,101,1
8688,110,1
8689,66,1
8690,40,1
8691,104,1
8692,86,1
8693,88,0
8694,168,1
8695,89,1
8696,81,1
8697,51,1
8698,50,1
8699,133,1
8700,76,1
8701,134,1
8702,100,1
8703,72,1
8704,48,1
8705,56,1
8706,44,1
8707,82,1
8708,124,1
8709,143,1
8710,95,1
8711,40,1
8712,59,1
8713,41,1
8714,200,0
8715,200,0
8716,126,1
8717,66,1
8718,108,1
8719,189,1
8720,196,1
8721,85,1
8722,120,1
8723,44,1
8724,52,1
8725,200,0
8726,200,0
8727,100,1
8728,79,1
8729,74,1
8730,117,1
8731,102,1
8732,72,1
8733,171,1
8734,58,1
8735,152,1
8736,73,1
8737,73,1
8738,150,1
8739,76,1
8740,182,1
8741,13,0
8742,200,0
8743,183,1
8744,93,1
8745,80,1
8746,174,1
8747,80,1
8748,47,1
8749,148,1
8750,142,1
8751,118,1
8752,200,0
8753,78,1
8754,54,1
8755,76,1
8756,72,1
8757,57,1
8758,58,1
8759,76,1
8760,59,1
8761,62,1
8762,180,1
8763,36,1
8764,26,0
8765,200,0
8766,28,1
8767,74,1
8768,200,0
8769,200,0
8770,102,1
8771,168,1
8772,107,1
8773,138,1
8774,61,1
8775,96,0
8776,100,1
8777,144,1
8778,56,1
8779,154,1
8780,115,1
8781,40,1
8782,80,1
8783,92,1
8784,35,1
8785,72,1
8786,117,1
8787,145,1
8788,72,1
8789,116,1
8790,50,1
8791,200,0
8792,72,1
8793,59,1
8794,95,1
8795,200,0
8796,116,1
8797,116,1
8798,23,1
8799,200,0
8800,154,1
8801,121,1
8802,200,0
8803,118,1
8804,141,1
8805,98,0
8806,40,1
8807,132,1
8808,109,1
8809,55,1
8810,131,1
8811,39,0
8812,65,1
8813,95,1
8814,76,1
8815,200,0
8816,87,1
8817,140,1
8818,73,1
8819,45,1
8820,123,1
8821,141,1
8822,139,1
8823,126,1
8824,24,1
8825,122,1
8826,200,0
8827,123,1
8828,65,1
8829,52,1
8830,149,1
8831,77,0
8832,54,1
8833,60,1
8834,168,0
8835,198,1
8836,64,1
8837,42,1
8838,56,1
8839,121,1
8840,62,1
8841,58,1
8842,59,1
8843,54,1
8844,67,1
8845,91,1
8846,117,1
8847,104,1
8848,40,1
8849,70,1
8850,109,1
8851,81,1
8852,126,1
8853,36,1
8854,39,0
8855,59,1
8856,70,1
8857,73,0
8858,107,1
8859,164,1
8860,62,1
8861,86,0
8862,38,1
8863,102,1
8864,56,1
8865,52,1
8866,87,1
8867,177,1
8868,137,1
8869,85,1
8870,97,1
8871,116,1
8872,87,1
8873,200,0
8874,64,1
8875,80,1
8876,64,1
8877,89,1
8878,101,1
8879,140,1
8880,88,1
8881,27,1
8882,118,1
8883,129,1
8884,109,1
8885,99,1
8886,75,1
8887,78,1
8888,150,1
8889,148,1
8890,63,1
8891,96,1
8892,50,1
8893,143,1
8894,98,1
8895,81,1
8896,138,1
8897,104,1
8898,98,1
8899,100,1
8900,200,0
8901,188,1
8902,40,1
8903,135,1
8904,32,0
8905,86,1
8906,91,1
8907,90,1
8908,164,1
8909,106,1
8910,109,1
8911,92,1
8912,67,1
8913,101,1
8914,124,1
8915,97,1
8916,161,1
8917,126,1
8918,114,1
8919,188,1
8920,90,1
8921,171,1
8922,90,1
8923,54,1
8924,91,1
8925,163,1
8926,104,1
8927,144,1
8928,77,1
8929,125,1
8930,42,1
8931,178,1
8932,146,1
8933,200,0
8934,46,0
8935,200,0
8936,41,1
8937,50,0
8938,36,0
8939,151,1
8940,89,1
8941,180,1
8942,200,0
8943,178,1
8944,82,1
8945,39,1
8946,192,1
8947,200,0
8948,139,1
8949,200,0
8950,115,1
8951,131,1
8952,181,1
8953,40,1
8954,159,1
8955,105,1
8956,75,1
8957,156,1
8958,111,1
8959,82,1
8960,97,0
8961,153,1
8962,37,1
8963,142,1
8964,35,1
8965,63,1
8966,67,1
8967,65,0
8968,130,1
8969,125,1
8970,77,1
8971,108,1
8972,60,1
8973,186,1
8974,70,1
8975,200,0
8976,200,0
8977,113,1
8978,85,1
8979,73,1
8980,31,1
8981,101,1
8982,132,1
8983,67,1
8984,130,1
8985,85,1
8986,105,1
8987,116,1
8988,38,1
8989,200,0
8990,29,0
8991,139,1
8992,49,1
8993,41,0
8994,200,0
8995,138,1
8996,167,1
8997,110,1
8998,113,1
8999,53,1
9000,200,0
9001,143,1
9002,139,0
9003,19,0
9004,51,1
9005,108,0
9006,169,1
9007,116,1
9008,44,1
9009,135,1
9010,113,1
9011,76,1
9012,75,1
9013,63,0
9014,32,1
9015,125,1
9016,52,1
9017,46,1
9018,101,1
9019,96,1
9020,46,1
9021,126,1
9022,200,0
9023,34,1
9024,59,1
9025,110,1
9026,73,1
9027,128,1
9028,32,1
9029,100,1
9030,126,1
9031,102,1
9032,72,1
9033,200,0
9034,186,1
9035,90,0
9036,128,1
9037,59,1
9038,68,1
9039,87,1
9040,92,1
9041,165,1
9042,167,1
9043,33,1
9044,55,1
9045,53,1
9046,120,1
9047,79,1
9048,47,1
9049,53,1
9050,123,1
9051,38,1
9052,110,1
9053,29,1
9054,57,1
9055,90,1
9056,52,1
9057,47,1
9058,48,1
9059,67,1
9060,179,1
9061,147,1
9062,128,0
9063,68,0
9064,191,1
9065,107,1
9066,140,1
9067,200,0
9068,159,1
9069,141,1
9070,166,1
9071,200,0
9072,55,1
9073,143,1
9074,70,1
9075,76,1
9076,131,1
9077,200,0
9078,200,0
9079,102,1
9080,94,1
9081,82,1
9082,143,1
9083,169,1
9084,104,1
9085,120,1
9086,200,0
9087,200,0
9088,112,1
9089,51,1
9090,47,1
9091,66,1
9092,147,1
9093,137,1
9094,97,0
9095,156,1
9096,76,1
9097,52,1
9098,177,1
9099,126,1
9100,48,0
9101,200,0
9102,176,1
9103,77,1
9104,182,1
9105,127,1
9106,121,1
9107,121,1
9108,34,1
9109,53,1
9110,177,1
9111,121,1
9112,68,1
9113,17,0
9114,82,1
9115,85,0
9116,72,1
9117,66,1
9118,51,1
9119,31,1
9120,93,1
9121,200,0
9122,38,1
9123,45,0
9124,200,0
9125,49,1
9126,71,1
9127,78,1
9128,119,1
9129,150,1
9130,152,1
9131,146,1
9132,92,1
9133,44,1
9134,158,1
9135,16,0
9136,200,0
9137,33,1
9138,102,1
9139,101,1
9140,70,1
9141,49,1
9142,53,1
9143,121,1
9144,110,1
9145,172,1
9146,87,1
9147,26,1
9148,41,1
9149,70,1
9150,66,1
9151,200,0
9152,88,1
9153,83,1
9154,87,1
9155,178,1
9156,125,1
9157,59,1
9158,38,0
9159,14,0
9160,136,1
9161,36,1
9162,200,0
9163,59,1
9164,200,0
9165,80,1
9166,130,1
9167,57,1
9168,68,1
9169,67,1
9170,43,1
9171,158,1
9172,69,1
9173,153,1
9174,139,1
9175,93,1
9176,73,1
9177,156,1
9178,77,1
9179,91,1
9180,36,1
9181,46,1
9182,56,1
9183,106,0
9184,86,1
9185,200,0
9186,69,1
9187,51,1
9188,200,0
9189,58,1
9190,47,1
9191,123,1
9192,39,0
9193,110,1
9194,74,0
9195,159,1
9196,200,0
9197,197,1
9198,67,1
9199,128,1
9200,95,1
9201,122,1
9202,93,1
9203,41,1
9204,126,1
9205,70,1
9206,122,1
9207,54,1
9208,200,0
9209,91,1
9210,81,0
9211,96,1
9212,77,1
9213,142,1
9214,64,1
9215,39,1
9216,82,1
9217,191,1
9218,131,1
9219,55,1
9220,68,1
9221,109,1
9222,200,0
9223,108,1
9224,40,1
9225,34,1
9226,170,1
9227,138,1
9228,100,1
9229,72,1
9230,144,1
9231,102,1
9232,40,1
9233,155,1
9234,84,1
9235,67,1
9236,138,0
9237,114,1
9238,67,1
9239,79,1
9240,200,0
9241,117,0
9242,67,1
9243,115,1
9244,101,1
9245,110,1
9246,200,0
9247,91,1
9248,126,1
9249,200,0
9250,77,1
9251,149,1
9252,200,0
9253,146,1
9254,68,1
9255,133,1
9256,52,1
9257,136,1
9258,38,1
9259,79,1
9260,106,0
9261,200,0
9262,63,1
9263,136,1
9264,60,1
9265,165,1
9266,165,1
9267,71,1
9268,36,1
9269,152,1
9270,68,1
9271,44,1
9272,133,1
9273,124,1
9274,34,1
9275,136,1
9276,27,1
9277,109,1
9278,200,0
9279,148,1
9280,169,1
9281,148,0
9282,31,1
9283,42,1
9284,67,0
9285,75,1
9286,116,1
9287,35,1
9288,58,1
9289,98,1
9290,56,1
9291,51,1
9292,192,1
9293,182,1
9294,67,1
9295,50,1
9296,73,1
9297,53,1
9298,39,1
9299,148,1
9300,155,1
9301,123,1
9302,100,1
9303,157,1
9304,52,1
9305,90,1
9306,59,1
9307,25,1
9308,160,1
9309,80,1
9310,159,1
9311,120,1
9312,69,1
9313,200,0
9314,84,1
9315,200,0
9316,102,0
9317,75,0
9318,141,1
9319,82,1
9320,200,0
9321,146,1
9322,121,1
9323,79,1
9324,82,1
9325,143,1
9326,66,1
9327,37,1
9328,200,0
9329,124,1
9330,73,1
9331,200,0
9332,107,1
9333,59,1
9334,66,1
9335,56,1
9336,91,1
9337,46,1
9338,111,1
9339,116,0
9340,147,1
9341,62,1
9342,71,0
9343,100,1
9344,62,1
9345,53,1
9346,59,1
9347,64,1
9348,94,1
9349,46,1
9350,153,1
9351,131,1
9352,195,1
9353,64,1
9354,99,1
9355,65,1
9356,16,0
9357,47,1
9358,82,1
9359,65,1
9360,32,1
9361,81,1
9362,92,1
9363,52,1
9364,142,1
9365,88,1
9366,39,1
9367,73,1
9368,77,1
9369,88,1
9370,57,1
9371,120,1
9372,54,1
9373,40,1
9374,47,0
9375,134,1
9376,117,1
9377,70,1
9378,145,1
9379,74,1
9380,47,1
9381,37,1
9382,64,1
9383,160,1
9384,67,1
9385,32,1
9386,110,1
9387,114,1
9388,90,1
9389,55,1
9390,85,1
9391,43,1
9392,187,1
9393,65,1
9394,200,0
9395,200,0
9396,52,1
9397,50,1
9398,117,1
9399,119,1
9400,90,0
9401,42,1
9402,35,1
9403,100,0
9404,85,1
9405,200,0
9406,40,1
9407,125,1
9408,200,0
9409,200,0
9410,149,1
9411,169,1
9412,76,1
9413,86,1
9414,69,1
9415,48,1
9416,32,1
9417,81,1
9418,53,0
9419,133,1
9420,59,1
9421,64,1
9422,200,0
9423,156,0
9424,200,0
9425,80,1
9426,125,1
9427,200,0
9428,145,1
9429,162,1
9430,200,0
9431,94,1
9432,134,1
9433,103,1
9434,54,1
9435,72,1
9436,160,1
9437,200,0
9438,104,1
9439,48,0
9440,113,1
9441,97,1
9442,81,1
9443,62,1
9444,200,0
9445,97,1
9446,187,1
9447,65,1
9448,121,1
9449,200,0
9450,113,1
9451,42,1
9452,71,1
9453,112,1
9454,102,1
9455,65,1
9456,35,1
9457,94,1
9458,165,1
9459,112,1
9460,84,1
9461,73,1
9462,81,1
9463,82,1
9464,200,0
9465,45,1
9466,103,1
9467,132,1
9468,87,1
9469,54,1
9470,43,1
9471,69,1
9472,124,1
9473,151,1
9474,105,1
9475,67,1
9476,111,1
9477,60,1
9478,65,1
9479,200,0
9480,157,1
9481,200,0
9482,60,1
9483,138,1
9484,200,0
9485,86,1
9486,200,0
9487,183,1
9488,77,1
9489,41,1
9490,61,1
9491,122,1
9492,105,0
9493,36,1
9494,91,1
9495,89,1
9496,54,1
9497,61,1
9498,73,1
9499,91,1
9500,78,1
9501,144,1
9502,81,1
9503,48,0
9504,128,1
9505,109,1
9506,56,1
9507,178,0
9508,103,1
9509,49,1
9510,71,1
9511,21,0
9512,71,0
9513,108,1
9514,43,1
9515,131,1
9516,64,1
9517,108,1
9518,157,1
9519,75,1
9520,113,1
9521,116,1
9522,102,1
9523,63,1
9524,200,0
9525,36,1
9526,200,0
9527,49,1
9528,70,1
9529,77,1
9530,72,1
9531,101,1
9532,118,1
9533,177,1
9534,119,1
9535,51,1
9536,93,1
9537,126,1
9538,136,1
9539,116,0
9540,186,1
9541,126,1
9542,77,1
9543,164,1
9544,134,1
9545,84,1
9546,88,1
9547,133,1
9548,40,1
9549,177,1
9550,118,1
9551,85,1
9552,200,0
9553,117,1
9554,177,1
9555,144,1
9556,53,1
9557,147,1
9558,56,1
9559,198,1
9560,127,1
9561,77,1
9562,41,1
9563,133,1
9564,75,0
9565,35,1
9566,29,1
9567,74,1
9568,20,0
9569,111,1
9570,141,1
9571,97,1
9572,44,1
9573,106,1
9574,83,1
9575,39,1
9576,35,1
9577,55,1
9578,60,0
9579,93,1
9580,67,1
9581,94,1
9582,90,1
9583,126,1
9584,54,1
9585,48,1
9586,156,1
9587,94,1
9588,200,0
9589,66,1
9590,64,1
9591,46,1
9592,128,1
9593,75,1
9594,47,1
9595,161,1
9596,83,1
9597,48,1
9598,131,1
9599,52,1
9600,129,0
9601,44,1
9602,107,1
9603,111,1
9604,47,1
9605,63,1
9606,93,1
9607,58,0
9608,108,1
9609,103,1
9610,71,1
9611,158,1
9612,112,1
9613,127,1
9614,200,0
9615,78,1
9616,200,0
9617,140,1
9618,168,1
9619,155,1
9620,41,1
9621,136,0
9622,67,1
9623,103,1
9624,32,0
9625,61,1
9626,125,1
9627,161,1
9628,109,1
9629,200,0
9630,108,0
9631,85,1
9632,104,1
9633,200,0
9634,100,1
9635,78,1
9636,85,1
9637,130,1
9638,69,1
9639,39,0
9640,114,1
9641,101,1
9642,59,1
9643,65,1
9644,42,1
9645,54,1
9646,50,1
9647,67,1
9648,124,1
9649,84,1
9650,75,1
9651,163,1
9652,61,1
9653,64,1
9654,136,1
9655,88,1
9656,200,0
9657,46,1
9658,116,1
9659,63,1
9660,67,0
9661,46,0
9662,110,1
9663,125,1
9664,48,1
9665,167,0
9666,170,1
9667,98,1
9668,60,1
9669,50,1
9670,94,1
9671,128,1
9672,90,1
9673,91,1
9674,106,1
9675,77,1
9676,40,0
9677,58,1
9678,77,1
9679,51,0
9680,145,1
9681,107,1
9682,85,1
9683,31,1
9684,29,1
9685,172,1
9686,90,1
9687,51,1
9688,82,1
9689,32,1
9690,154,1
9691,35,1
9692,94,1
9693,85,0
9694,93,1
9695,135,1
9696,194,1
9697,107,1
9698,94,1
9699,124,1
9700,200,0
9701,37,1
9702,87,1
9703,94,1
9704,49,1
9705,91,1
9706,96,0
9707,139,1
9708,52,1
9709,91,1
9710,66,1
9711,37,1
9712,61,1
9713,64,1
9714,90,1
9715,97,0
9716,54,1
9717,58,1
9718,108,1
9719,84,1
9720,55,1
9721,111,1
9722,48,1
9723,128,1
9724,145,1
9725,179,1
9726,86,1
9727,57,0
9728,111,1
9729,115,1
9730,57,1
9731,100,1
9732,72,1
9733,63,1
9734,98,1
9735,53,1
9736,138,1
9737,151,1
9738,167,1
9739,149,1
9740,68,1
9741,78,1
9742,137,1
9743,200,0
9744,29,1
9745,140,1
9746,30,1
9747,37,1
9748,176,1
9749,30,1
9750,164,1
9751,135,1
9752,116,1
9753,114,1
9754,59,1
9755,77,1
9756,55,1
9757,46,1
9758,37,1
9759,200,0
9760,26,1
9761,40,0
9762,70,1
9763,60,1
9764,139,1
9765,155,1
9766,45,1
9767,78,1
9768,78,1
9769,97,1
9770,127,1
9771,78,1
9772,45,1
9773,93,0
9774,78,1
9775,64,1
9776,76,1
9777,53,0
9778,45,1
9779,86,1
9780,95,1
9781,200,0
9782,71,1
9783,41,1
9784,83,1
9785,200,0
9786,66,1
9787,200,0
9788,200,0
9789,160,1
9790,49,1
9791,155,1
9792,133,1
9793,161,1
9794,130,1
9795,169,1
9796,56,1
9797,43,0
9798,43,0
9799,200,0
9800,100,1
9801,55,1
9802,69,1
9803,73,1
9804,108,1
9805,74,1
9806,200,0
9807,105,1
9808,35,0
9809,172,1
9810,51,1
9811,139,1
9812,60,1
9813,63,1
9814,200,0
9815,88,0
9816,60,1
9817,129,1
9818,40,1
9819,164,1
9820,127,1
9821,138,1
9822,135,1
9823,89,1
9824,97,1
9825,51,1
9826,108,1
9827,45,1
9828,65,1
9829,153,1
9830,67,1
9831,108,1
9832,131,1
9833,35,1
9834,147,1
9835,101,1
9836,71,1
9837,53,1
9838,45,1
9839,95,1
9840,179,1
9841,85,1
9842,173,1
9843,200,0
9844,81,0
9845,83,1
9846,54,1
9847,148,1
9848,167,0
9849,140,1
9850,81,1
9851,112,1
9852,62,1
9853,66,1
9854,106,1
9855,63,1
9856,116,1
9857,55,1
9858,88,1
9859,76,1
9860,100,1
9861,137,1
9862,180,1
9863,37,1
9864,33,0
9865,29,1
9866,200,0
9867,16,0
9868,88,0
9869,193,1
9870,86,1
9871,45,1
9872,122,0
9873,33,1
9874,78,1
9875,53,1
9876,127,1
9877,118,1
9878,81,1
9879,29,0
9880,93,1
9881,174,1
9882,55,1
9883,117,1
9884,112,1
9885,103,1
9886,42,1
9887,158,1
9888,91,1
9889,106,1
9890,200,0
9891,143,1
9892,97,1
9893,80,1
9894,118,1
9895,78,1
9896,200,0
9897,109,1
9898,36,1
9899,126,1
9900,30,0
9901,139,1
9902,163,1
9903,25,0
9904,114,1
9905,174,0
9906,66,1
9907,99,1
9908,40,1
9909,124,1
9910,33,1
9911,151,1
9912,82,1
9913,116,1
9914,146,0
9915,29,1
9916,25,1
9917,65,1
9918,200,0
9919,93,1
9920,46,1
9921,200,0
9922,67,1
9923,79,0
9924,68,1
9925,57,1
9926,54,1
9927,78,1
9928,79,1
9929,109,1
9930,153,1
9931,71,1
9932,98,1
9933,117,1
9934,65,1
9935,52,1
9936,95,1
9937,105,1
9938,90,1
9939,77,1
9940,85,1
9941,82,1
9942,64,1
9943,200,0
9944,65,1
9945,148,1
9946,57,1
9947,200,0
9948,132,1
9949,194,1
9950,48,1
9951,91,1
9952,67,1
9953,61,1
9954,102,1
9955,151,1
9956,92,1
9957,90,1
9958,62,1
9959,98,1
9960,46,1
9961,127,1
9962,175,0
9963,145,1
9964,46,1
9965,60,1
9966,118,1
9967,141,1
9968,86,1
9969,46,1
9970,95,1
9971,47,1
9972,74,1
9973,129,1
9974,103,1
9975,40,1
9976,94,1
9977,71,1
9978,100,1
9979,100,0
9980,60,1
9981,145,1
9982,42,1
9983,131,1
9984,50,1
9985,126,1
9986,111,1
9987,111,1
9988,145,1
9989,38,1
9990,70,1
9991,59,1
9992,133,0
9993,50,1
9994,135,1
9995,29,0
9996,112,1
9997,130,1
9998,124,1
9999,110,1
