episode,steps,reward
0,9,0
1,11,0
2,104,0
3,34,0
4,21,0
5,82,0
6,104,0
7,8,0
8,10,0
9,16,0
10,17,0
11,23,0
12,36,0
13,54,0
14,17,0
15,26,0
16,65,0
17,154,0
18,10,0
19,30,0
20,28,0
21,46,0
22,37,0
23,22,0
24,30,0
25,18,0
26,45,0
27,28,0
28,46,0
29,19,0
30,99,0
31,34,0
32,53,0
33,16,0
34,39,0
35,29,0
36,15,0
37,33,0
38,26,0
39,42,0
40,47,0
41,61,0
42,23,0
43,18,0
44,18,0
45,57,0
46,69,0
47,20,0
48,19,0
49,10,0
50,8,0
51,17,0
52,8,0
53,13,0
54,13,0
55,20,0
56,22,0
57,74,0
58,9,0
59,18,0
60,23,0
61,23,0
62,20,0
63,50,0
64,35,0
65,23,0
66,16,0
67,17,0
68,22,0
69,35,0
70,29,0
71,13,0
72,28,0
73,24,0
74,10,0
75,26,0
76,13,0
77,21,0
78,16,0
79,43,0
80,57,0
81,6,0
82,17,0
83,9,0
84,26,0
85,7,0
86,24,0
87,8,0
88,9,0
89,9,0
90,5,0
91,7,0
92,8,0
93,9,0
94,27,0
95,6,0
96,63,0
97,20,0
98,5,0
99,17,0
100,20,0
101,16,0
102,57,0
103,24,0
104,28,0
105,33,0
106,17,0
107,16,0
108,11,0
109,31,0
110,5,0
111,15,0
112,27,0
113,13,0
114,23,0
115,27,0
116,6,0
117,17,0
118,23,0
119,11,0
120,28,0
121,15,0
122,7,0
123,12,0
124,9,0
125,16,0
126,13,0
127,16,0
128,27,0
129,12,0
130,14,0
131,25,0
132,46,0
133,16,0
134,47,0
135,49,0
136,9,0
137,11,0
138,15,0
139,17,0
140,32,0
141,14,0
142,12,0
143,11,0
144,104,0
145,20,0
146,8,0
147,9,0
148,7,0
149,9,0
150,12,0
151,8,0
152,6,0
153,40,0
154,6,0
155,14,0
156,5,0
157,9,0
158,38,0
159,41,0
160,7,0
161,16,0
162,13,0
163,26,0
164,9,0
165,10,0
166,9,0
167,36,0
168,12,0
169,24,0
170,23,0
171,44,0
172,36,0
173,7,0
174,40,0
175,12,0
176,10,0
177,10,0
178,15,0
179,22,0
180,12,0
181,5,0
182,29,0
183,9,0
184,12,0
185,6,0
186,17,0
187,33,0
188,29,0
189,46,0
190,52,0
191,30,0
192,12,0
193,73,0
194,8,0
195,14,0
196,8,0
197,59,0
198,15,0
199,61,0
200,34,0
201,30,0
202,11,0
203,15,0
204,12,0
205,29,0
206,48,0
207,16,0
208,20,0
209,11,0
210,6,0
211,16,0
212,22,0
213,7,0
214,30,0
215,13,0
216,41,0
217,55,0
218,23,0
219,33,0
220,21,0
221,16,0
222,16,0
223,17,0
224,14,0
225,21,0
226,10,0
227,27,0
228,31,0
229,13,0
230,17,0
231,9,0
232,10,0
233,12,0
234,7,0
235,22,0
236,18,0
237,22,0
238,27,0
239,17,0
240,27,0
241,8,0
242,7,0
243,22,0
244,24,0
245,16,0
246,20,0
247,12,0
248,9,0
249,13,0
250,74,0
251,9,0
252,16,0
253,21,0
254,18,0
255,39,0
256,23,0
257,36,0
258,15,0
259,12,0
260,18,0
261,52,0
262,37,0
263,49,0
264,12,0
265,29,0
266,27,0
267,34,0
268,15,0
269,17,0
270,16,0
271,12,0
272,67,0
273,12,0
274,24,0
275,7,0
276,16,0
277,17,0
278,25,0
279,33,0
280,50,0
281,20,0
282,13,0
283,30,0
284,22,0
285,14,0
286,10,0
287,14,0
288,9,0
289,9,0
290,42,0
291,20,0
292,9,0
293,29,0
294,24,0
295,30,0
296,30,0
297,17,0
298,37,0
299,10,0
300,16,0
301,36,0
302,9,0
303,10,0
304,16,0
305,29,0
306,40,0
307,10,0
308,20,0
309,21,0
310,30,0
311,26,0
312,16,0
313,15,0
314,11,0
315,89,0
316,40,0
317,16,0
318,16,0
319,17,0
320,39,0
321,67,0
322,23,0
323,17,0
324,35,0
325,11,0
326,43,0
327,12,0
328,52,0
329,9,0
330,103,0
331,12,0
332,21,0
333,8,0
334,25,0
335,30,0
336,10,0
337,48,0
338,27,0
339,24,0
340,16,0
341,48,0
342,34,0
343,35,0
344,31,0
345,21,0
346,25,0
347,19,0
348,22,0
349,10,0
350,20,0
351,16,0
352,30,0
353,14,0
354,11,0
355,12,0
356,40,0
357,12,0
358,11,0
359,12,0
360,16,0
361,12,0
362,20,0
363,23,0
364,25,0
365,23,0
366,15,0
367,37,0
368,48,0
369,23,0
370,40,0
371,13,0
372,32,0
373,10,0
374,11,0
375,48,0
376,32,0
377,8,0
378,15,0
379,25,0
380,25,0
381,34,0
382,17,0
383,50,0
384,16,0
385,9,0
386,18,0
387,32,0
388,14,0
389,9,0
390,21,0
391,58,0
392,36,0
393,14,0
394,21,0
395,25,0
396,45,0
397,13,0
398,15,0
399,28,0
400,32,0
401,21,0
402,21,0
403,20,0
404,43,0
405,40,0
406,20,0
407,33,0
408,20,0
409,26,0
410,55,0
411,17,0
412,52,0
413,33,0
414,45,0
415,33,0
416,61,0
417,25,0
418,21,0
419,17,0
420,26,0
421,17,0
422,17,0
423,29,0
424,29,0
425,59,0
426,22,0
427,15,0
428,29,0
429,21,0
430,21,0
431,20,0
432,20,0
433,48,0
434,64,0
435,56,0
436,22,0
437,36,0
438,13,0
439,10,0
440,20,0
441,26,0
442,47,0
443,30,0
444,17,0
445,38,0
446,26,0
447,22,0
448,16,0
449,79,0
450,70,0
451,67,0
452,24,0
453,38,1
454,28,0
455,58,0
456,49,0
457,114,0
458,38,0
459,47,0
460,72,0
461,15,0
462,16,0
463,65,0
464,22,0
465,40,0
466,60,0
467,30,0
468,30,0
469,13,0
470,44,0
471,42,0
472,63,0
473,34,0
474,34,0
475,33,0
476,18,0
477,24,0
478,40,0
479,86,0
480,127,0
481,35,0
482,41,0
483,9,0
484,64,0
485,114,0
486,31,0
487,51,0
488,59,0
489,98,0
490,48,0
491,32,0
492,66,0
493,66,0
494,31,0
495,42,0
496,31,0
497,27,0
498,96,0
499,32,0
500,17,0
501,18,0
502,83,0
503,34,1
504,17,0
505,32,1
506,35,0
507,42,0
508,32,0
509,44,0
510,18,0
511,17,0
512,19,0
513,19,0
514,69,0
515,7,0
516,50,0
517,11,0
518,52,0
519,32,0
520,36,0
521,29,0
522,21,0
523,32,0
524,55,0
525,46,0
526,42,0
527,35,0
528,88,0
529,25,0
530,42,0
531,25,0
532,82,0
533,85,0
534,34,0
535,78,0
536,71,0
537,43,0
538,40,0
539,49,0
540,29,0
541,34,0
542,15,0
543,33,0
544,60,0
545,27,0
546,34,0
547,26,0
548,39,1
549,36,0
550,19,0
551,31,0
552,32,0
553,36,0
554,48,0
555,33,0
556,28,0
557,59,1
558,54,0
559,78,0
560,30,0
561,33,0
562,45,1
563,44,0
564,48,0
565,35,1
566,54,1
567,70,0
568,29,0
569,45,0
570,81,0
571,10,0
572,77,0
573,42,1
574,20,0
575,37,0
576,86,0
577,79,0
578,12,0
579,26,0
580,78,0
581,55,0
582,61,0
583,31,0
584,26,0
585,58,0
586,22,1
587,44,1
588,61,0
589,13,0
590,24,0
591,65,0
592,33,0
593,38,0
594,73,0
595,52,0
596,35,0
597,17,0
598,38,0
599,62,0
600,28,0
601,42,0
602,65,0
603,55,0
604,41,0
605,50,0
606,22,0
607,79,1
608,49,0
609,16,0
610,53,0
611,84,0
612,52,0
613,53,1
614,54,0
615,31,0
616,17,0
617,39,1
618,40,0
619,67,1
620,78,0
621,27,0
622,88,1
623,53,0
624,40,0
625,73,0
626,40,0
627,120,0
628,60,0
629,27,0
630,36,0
631,73,0
632,13,0
633,43,0
634,110,1
635,53,0
636,63,0
637,17,0
638,41,0
639,64,0
640,58,1
641,60,1
642,26,0
643,29,0
644,43,0
645,41,0
646,28,1
647,41,1
648,43,1
649,32,0
650,67,0
651,14,0
652,74,0
653,46,0
654,51,0
655,34,0
656,65,1
657,81,0
658,59,1
659,76,0
660,59,0
661,80,0
662,42,1
663,63,1
664,29,0
665,70,1
666,70,0
667,38,0
668,52,0
669,23,0
670,59,0
671,56,0
672,31,0
673,30,0
674,58,0
675,40,0
676,35,0
677,53,0
678,27,1
679,81,0
680,38,0
681,27,0
682,104,0
683,52,0
684,42,0
685,101,0
686,16,0
687,19,0
688,26,0
689,66,0
690,96,0
691,21,0
692,30,0
693,41,1
694,43,0
695,33,0
696,153,0
697,53,0
698,59,0
699,39,0
700,22,0
701,40,0
702,58,0
703,23,0
704,21,0
705,67,1
706,53,0
707,85,0
708,36,0
709,95,1
710,31,0
711,47,0
712,68,1
713,45,0
714,81,1
715,75,0
716,62,0
717,59,0
718,55,1
719,26,0
720,79,0
721,96,0
722,88,0
723,26,0
724,38,0
725,61,0
726,115,0
727,65,1
728,27,0
729,35,0
730,52,0
731,40,0
732,99,0
733,58,0
734,48,0
735,51,0
736,21,0
737,31,0
738,50,0
739,53,1
740,55,0
741,27,0
742,19,0
743,54,0
744,109,0
745,32,0
746,27,0
747,23,0
748,144,0
749,16,0
750,76,0
751,30,0
752,32,0
753,81,0
754,34,0
755,45,0
756,61,0
757,20,0
758,88,0
759,88,0
760,45,0
761,46,0
762,75,0
763,34,0
764,63,0
765,59,0
766,30,0
767,58,0
768,55,0
769,25,0
770,68,0
771,122,1
772,41,0
773,13,0
774,29,0
775,200,0
776,61,0
777,125,0
778,94,0
779,200,0
780,12,0
781,7,0
782,29,0
783,96,0
784,146,0
785,65,0
786,49,0
787,80,0
788,98,0
789,25,0
790,13,0
791,28,0
792,131,0
793,138,0
794,125,0
795,79,0
796,54,0
797,94,0
798,22,0
799,30,0
800,11,0
801,39,0
802,12,0
803,200,0
804,68,0
805,167,0
806,34,0
807,15,0
808,84,0
809,44,0
810,76,0
811,50,0
812,26,0
813,34,0
814,200,0
815,125,0
816,33,0
817,96,0
818,39,0
819,52,0
820,139,0
821,73,0
822,29,0
823,57,0
824,48,0
825,18,0
826,56,0
827,67,0
828,55,0
829,29,0
830,26,0
831,135,0
832,74,0
833,112,0
834,81,0
835,140,0
836,111,0
837,63,0
838,139,0
839,29,0
840,113,0
841,79,0
842,37,0
843,66,0
844,20,0
845,136,0
846,58,0
847,41,0
848,103,0
849,132,0
850,150,0
851,84,0
852,74,0
853,81,0
854,97,0
855,130,0
856,90,0
857,49,0
858,81,0
859,200,0
860,127,0
861,12,0
862,149,0
863,31,0
864,68,0
865,92,0
866,88,0
867,26,0
868,94,1
869,36,0
870,200,0
871,14,0
872,139,0
873,184,0
874,56,0
875,56,0
876,26,0
877,93,0
878,69,0
879,54,0
880,93,0
881,200,0
882,60,0
883,123,0
884,29,0
885,181,0
886,41,0
887,46,0
888,49,0
889,63,0
890,42,0
891,163,0
892,91,0
893,150,0
894,40,0
895,38,0
896,79,0
897,27,0
898,101,0
899,53,0
900,74,0
901,40,0
902,61,0
903,38,0
904,148,0
905,105,0
906,137,0
907,75,0
908,69,0
909,17,0
910,57,0
911,80,0
912,200,0
913,48,0
914,96,0
915,85,0
916,137,0
917,44,0
918,47,0
919,58,0
920,200,0
921,120,0
922,25,0
923,75,0
924,163,0
925,18,0
926,57,0
927,51,0
928,37,0
929,158,0
930,37,0
931,82,0
932,45,0
933,28,0
934,56,0
935,90,0
936,47,0
937,170,0
938,76,0
939,27,0
940,148,0
941,24,0
942,144,0
943,17,0
944,83,0
945,85,0
946,75,0
947,30,0
948,50,0
949,47,0
950,95,0
951,118,0
952,161,0
953,60,0
954,200,0
955,46,0
956,111,0
957,67,0
958,107,0
959,76,0
960,82,0
961,62,0
962,144,1
963,65,0
964,88,0
965,69,0
966,182,0
967,94,0
968,119,0
969,75,0
970,53,0
971,37,0
972,200,0
973,30,0
974,47,0
975,140,0
976,46,0
977,60,0
978,48,0
979,68,0
980,9,0
981,59,0
982,62,0
983,61,0
984,11,0
985,181,0
986,15,0
987,41,0
988,46,0
989,90,0
990,26,0
991,99,0
992,92,0
993,139,0
994,88,0
995,96,0
996,30,0
997,26,0
998,56,0
999,48,0
1000,32,0
1001,82,0
1002,52,0
1003,103,0
1004,171,0
1005,104,0
1006,54,0
1007,131,0
1008,80,0
1009,24,0
1010,157,0
1011,20,0
1012,132,0
1013,28,0
1014,72,0
1015,57,0
1016,139,0
1017,200,0
1018,52,0
1019,138,0
1020,81,0
1021,91,0
1022,53,0
1023,36,0
1024,140,0
1025,87,0
1026,65,0
1027,90,0
1028,67,0
1029,27,0
1030,90,0
1031,127,0
1032,68,0
1033,76,0
1034,66,0
1035,100,0
1036,101,0
1037,14,0
1038,39,0
1039,81,0
1040,32,0
1041,61,0
1042,58,0
1043,84,0
1044,103,0
1045,116,0
1046,49,0
1047,71,0
1048,197,0
1049,50,0
1050,38,0
1051,61,0
1052,134,0
1053,57,0
1054,53,0
1055,183,0
1056,89,0
1057,48,0
1058,131,0
1059,108,0
1060,58,0
1061,60,0
1062,96,0
1063,52,0
1064,200,0
1065,106,0
1066,120,0
1067,73,0
1068,179,0
1069,50,0
1070,23,0
1071,56,0
1072,200,0
1073,77,0
1074,112,0
1075,12,0
1076,139,0
1077,140,0
1078,14,0
1079,50,0
1080,82,0
1081,65,0
1082,162,0
1083,61,0
1084,89,0
1085,54,0
1086,87,0
1087,56,0
1088,51,0
1089,100,1
1090,53,0
1091,69,0
1092,97,0
1093,62,0
1094,128,0
1095,113,0
1096,64,0
1097,47,0
1098,200,0
1099,86,0
1100,67,0
1101,55,0
1102,172,0
1103,87,0
1104,105,0
1105,65,0
1106,94,0
1107,53,0
1108,131,0
1109,124,0
1110,107,0
1111,113,0
1112,200,0
1113,105,0
1114,79,0
1115,64,0
1116,78,0
1117,55,0
1118,110,0
1119,83,0
1120,56,0
1121,200,0
1122,61,0
1123,85,0
1124,29,0
1125,110,0
1126,150,0
1127,55,0
1128,106,0
1129,124,0
1130,67,0
1131,103,0
1132,63,0
1133,41,0
1134,40,0
1135,168,0
1136,75,0
1137,144,0
1138,46,0
1139,200,0
1140,109,0
1141,62,0
1142,200,0
1143,58,0
1144,82,0
1145,154,0
1146,123,0
1147,77,0
1148,36,0
1149,23,0
1150,70,0
1151,32,0
1152,62,0
1153,58,0
1154,95,0
1155,200,0
1156,58,0
1157,94,0
1158,60,0
1159,20,0
1160,79,0
1161,200,0
1162,79,0
1163,74,0
1164,137,0
1165,36,0
1166,61,0
1167,200,0
1168,51,0
1169,35,0
1170,94,0
1171,26,0
1172,79,0
1173,200,0
1174,29,0
1175,50,0
1176,126,0
1177,45,0
1178,30,0
1179,89,0
1180,20,0
1181,48,0
1182,172,0
1183,193,0
1184,67,0
1185,112,0
1186,53,0
1187,120,0
1188,200,0
1189,165,0
1190,171,0
1191,23,1
1192,200,0
1193,172,0
1194,68,0
1195,106,0
1196,50,0
1197,82,0
1198,52,0
1199,82,0
1200,200,0
1201,48,0
1202,119,1
1203,21,0
1204,34,0
1205,98,0
1206,183,0
1207,48,0
1208,45,0
1209,51,0
1210,144,0
1211,182,0
1212,30,0
1213,200,0
1214,97,0
1215,87,0
1216,67,0
1217,64,0
1218,43,0
1219,41,0
1220,163,0
1221,23,0
1222,63,0
1223,10,0
1224,92,0
1225,175,0
1226,56,0
1227,92,0
1228,36,0
1229,72,0
1230,74,0
1231,69,0
1232,66,0
1233,85,0
1234,73,0
1235,86,0
1236,120,0
1237,87,0
1238,51,0
1239,42,0
1240,103,0
1241,34,0
1242,31,0
1243,198,0
1244,78,0
1245,48,0
1246,79,0
1247,64,0
1248,88,0
1249,96,0
1250,63,0
1251,93,0
1252,173,0
1253,36,0
1254,145,0
1255,76,0
1256,85,0
1257,89,0
1258,110,0
1259,58,0
1260,68,0
1261,91,0
1262,92,0
1263,9,0
1264,200,0
1265,95,0
1266,68,0
1267,64,0
1268,33,0
1269,186,0
1270,36,0
1271,30,0
1272,93,0
1273,72,0
1274,62,0
1275,42,0
1276,29,0
1277,101,0
1278,126,0
1279,46,0
1280,45,0
1281,61,0
1282,67,0
1283,174,0
1284,67,0
1285,53,0
1286,106,0
1287,55,0
1288,48,0
1289,77,0
1290,127,0
1291,69,0
1292,121,0
1293,72,0
1294,95,0
1295,96,0
1296,87,0
1297,59,0
1298,110,0
1299,80,0
1300,69,0
1301,96,0
1302,200,0
1303,114,0
1304,34,0
1305,95,0
1306,123,0
1307,96,0
1308,57,0
1309,73,0
1310,74,0
1311,48,0
1312,95,0
1313,200,0
1314,28,0
1315,145,0
1316,200,0
1317,94,0
1318,96,0
1319,76,0
1320,106,0
1321,71,0
1322,60,0
1323,85,0
1324,104,0
1325,105,0
1326,57,0
1327,80,0
1328,165,0
1329,200,0
1330,68,0
1331,200,0
1332,149,0
1333,127,0
1334,44,1
1335,73,0
1336,109,0
1337,141,0
1338,54,0
1339,84,0
1340,167,0
1341,103,0
1342,44,0
1343,90,0
1344,73,1
1345,170,0
1346,168,0
1347,23,0
1348,200,0
1349,66,0
1350,40,0
1351,111,0
1352,81,0
1353,69,0
1354,137,0
1355,115,0
1356,200,0
1357,45,0
1358,116,1
1359,200,0
1360,69,0
1361,23,0
1362,65,0
1363,22,0
1364,90,0
1365,128,0
1366,52,0
1367,139,1
1368,176,0
1369,23,0
1370,158,0
1371,149,0
1372,80,0
1373,78,0
1374,104,0
1375,33,0
1376,54,0
1377,64,0
1378,51,0
1379,44,0
1380,62,1
1381,81,0
1382,160,0
1383,52,0
1384,61,0
1385,82,0
1386,62,0
1387,83,0
1388,200,0
1389,133,0
1390,52,0
1391,147,0
1392,60,0
1393,200,0
1394,168,0
1395,200,0
1396,47,0
1397,74,0
1398,126,0
1399,18,0
1400,50,0
1401,119,0
1402,47,0
1403,122,0
1404,60,0
1405,176,0
1406,106,0
1407,43,0
1408,200,0
1409,49,0
1410,137,0
1411,179,0
1412,191,0
1413,200,0
1414,122,0
1415,85,0
1416,58,0
1417,111,0
1418,20,0
1419,150,0
1420,79,0
1421,124,0
1422,60,0
1423,74,0
1424,30,0
1425,98,0
1426,64,0
1427,52,0
1428,89,0
1429,68,0
1430,164,0
1431,48,0
1432,94,0
1433,92,0
1434,56,0
1435,113,0
1436,81,0
1437,93,0
1438,18,0
1439,113,0
1440,66,0
1441,115,0
1442,184,0
1443,124,0
1444,200,0
1445,123,0
1446,90,0
1447,100,0
1448,200,0
1449,36,0
1450,48,0
1451,200,0
1452,32,0
1453,186,0
1454,200,0
1455,107,0
1456,145,0
1457,15,0
1458,94,0
1459,156,0
1460,60,0
1461,57,0
1462,130,0
1463,40,0
1464,89,0
1465,32,0
1466,102,0
1467,31,0
1468,80,0
1469,125,0
1470,133,0
1471,88,0
1472,124,0
1473,148,0
1474,105,0
1475,200,0
1476,113,1
1477,51,0
1478,49,0
1479,83,0
1480,200,0
1481,33,0
1482,118,0
1483,40,0
1484,200,0
1485,81,0
1486,56,0
1487,59,0
1488,80,0
1489,58,0
1490,54,0
1491,133,0
1492,88,0
1493,200,0
1494,200,0
1495,53,0
1496,65,0
1497,20,0
1498,51,0
1499,46,0
1500,64,0
1501,24,0
1502,189,0
1503,98,0
1504,200,0
1505,184,0
1506,139,0
1507,88,0
1508,51,0
1509,52,0
1510,98,0
1511,136,0
1512,83,0
1513,200,0
1514,66,0
1515,21,0
1516,200,0
1517,92,0
1518,84,0
1519,81,0
1520,143,0
1521,200,0
1522,112,0
1523,44,0
1524,151,0
1525,48,0
1526,61,0
1527,96,0
1528,94,0
1529,46,0
1530,96,0
1531,174,0
1532,99,0
1533,194,0
1534,51,0
1535,102,0
1536,67,0
1537,45,0
1538,137,0
1539,67,0
1540,28,0
1541,80,0
1542,166,0
1543,40,0
1544,120,0
1545,40,0
1546,200,0
1547,166,0
1548,154,0
1549,141,0
1550,200,0
1551,47,0
1552,94,0
1553,100,0
1554,21,0
1555,38,0
1556,53,0
1557,200,0
1558,187,0
1559,94,0
1560,200,0
1561,131,0
1562,101,0
1563,200,0
1564,89,0
1565,200,0
1566,81,0
1567,200,0
1568,200,0
1569,41,0
1570,200,0
1571,55,0
1572,34,0
1573,200,0
1574,64,0
1575,90,0
1576,41,0
1577,93,0
1578,180,0
1579,51,0
1580,200,0
1581,60,0
1582,112,0
1583,36,0
1584,155,0
1585,40,0
1586,41,0
1587,51,0
1588,174,0
1589,59,0
1590,165,0
1591,79,0
1592,46,0
1593,139,0
1594,200,0
1595,129,0
1596,86,1
1597,162,0
1598,112,0
1599,110,0
1600,54,0
1601,200,0
1602,75,0
1603,72,0
1604,81,0
1605,38,0
1606,87,0
1607,74,0
1608,200,0
1609,78,0
1610,57,0
1611,116,0
1612,17,0
1613,200,0
1614,106,0
1615,37,0
1616,37,0
1617,139,0
1618,38,0
1619,200,0
1620,43,0
1621,79,0
1622,93,0
1623,172,0
1624,51,0
1625,83,0
1626,99,0
1627,119,0
1628,50,0
1629,104,0
1630,100,0
1631,200,0
1632,64,0
1633,37,0
1634,78,0
1635,200,0
1636,25,0
1637,124,0
1638,82,0
1639,140,0
1640,200,0
1641,105,0
1642,200,0
1643,200,0
1644,63,0
1645,130,0
1646,43,0
1647,153,0
1648,136,0
1649,81,0
1650,80,0
1651,130,0
1652,63,0
1653,135,0
1654,169,0
1655,99,0
1656,38,0
1657,101,0
1658,190,0
1659,200,0
1660,200,0
1661,72,0
1662,64,0
1663,106,0
1664,200,0
1665,150,0
1666,145,0
1667,47,0
1668,37,0
1669,141,0
1670,170,0
1671,92,0
1672,54,0
1673,96,0
1674,166,0
1675,55,0
1676,191,0
1677,52,0
1678,67,0
1679,32,0
1680,90,0
1681,157,0
1682,48,0
1683,102,0
1684,123,0
1685,76,0
1686,200,0
1687,56,0
1688,36,0
1689,174,0
1690,122,0
1691,191,0
1692,180,0
1693,50,0
1694,139,1
1695,22,0
1696,114,0
1697,113,0
1698,200,0
1699,67,0
1700,46,1
1701,32,0
1702,141,0
1703,62,0
1704,123,0
1705,71,0
1706,72,0
1707,47,0
1708,50,0
1709,103,0
1710,47,0
1711,177,1
1712,54,0
1713,99,0
1714,110,0
1715,97,0
1716,178,0
1717,112,0
1718,200,0
1719,75,0
1720,67,0
1721,143,0
1722,56,0
1723,80,0
1724,128,0
1725,132,0
1726,62,0
1727,200,0
1728,98,0
1729,104,0
1730,100,0
1731,117,0
1732,45,0
1733,102,1
1734,110,0
1735,74,0
1736,45,0
1737,90,0
1738,54,0
1739,39,0
1740,182,0
1741,114,0
1742,98,0
1743,54,0
1744,108,0
1745,137,0
1746,118,0
1747,117,0
1748,36,0
1749,121,0
1750,76,0
1751,56,0
1752,48,0
1753,119,0
1754,67,0
1755,200,0
1756,200,0
1757,56,0
1758,200,0
1759,54,0
1760,157,0
1761,200,0
1762,103,0
1763,112,0
1764,27,1
1765,81,1
1766,66,0
1767,200,0
1768,65,0
1769,94,0
1770,52,0
1771,86,0
1772,195,1
1773,200,0
1774,21,0
1775,100,0
1776,200,0
1777,15,0
1778,105,1
1779,55,0
1780,99,0
1781,137,1
1782,72,0
1783,139,0
1784,150,0
1785,136,0
1786,52,0
1787,80,0
1788,44,0
1789,107,0
1790,32,0
1791,45,0
1792,34,0
1793,107,0
1794,59,0
1795,61,0
1796,74,0
1797,55,0
1798,159,0
1799,186,0
1800,67,0
1801,200,0
1802,200,0
1803,68,0
1804,105,0
1805,112,0
1806,30,0
1807,124,0
1808,200,0
1809,131,0
1810,171,0
1811,151,0
1812,67,0
1813,50,0
1814,183,0
1815,70,0
1816,135,0
1817,37,0
1818,54,0
1819,119,0
1820,97,1
1821,196,0
1822,75,0
1823,127,0
1824,47,0
1825,159,0
1826,72,0
1827,80,0
1828,73,0
1829,45,0
1830,98,0
1831,84,0
1832,125,0
1833,108,1
1834,29,0
1835,44,0
1836,42,0
1837,200,0
1838,199,0
1839,18,0
1840,73,0
1841,91,0
1842,69,0
1843,200,0
1844,52,0
1845,146,0
1846,200,0
1847,200,0
1848,186,0
1849,135,0
1850,196,0
1851,95,0
1852,68,0
1853,132,0
1854,137,0
1855,122,0
1856,171,0
1857,118,0
1858,200,0
1859,74,0
1860,37,0
1861,37,0
1862,200,0
1863,134,0
1864,46,0
1865,173,0
1866,76,1
1867,117,0
1868,64,0
1869,65,0
1870,60,0
1871,45,0
1872,200,0
1873,200,0
1874,69,0
1875,67,0
1876,75,0
1877,36,0
1878,34,0
1879,200,0
1880,53,0
1881,90,0
1882,200,0
1883,146,0
1884,41,0
1885,68,0
1886,200,0
1887,113,0
1888,79,0
1889,42,0
1890,92,0
1891,200,0
1892,60,0
1893,79,0
1894,21,0
1895,121,0
1896,48,0
1897,97,0
1898,94,0
1899,101,0
1900,55,0
1901,73,0
1902,165,1
1903,200,0
1904,85,1
1905,72,0
1906,63,0
1907,39,0
1908,63,0
1909,189,0
1910,34,0
1911,130,0
1912,93,0
1913,69,0
1914,68,0
1915,78,0
1916,153,0
1917,105,0
1918,64,0
1919,56,0
1920,129,0
1921,75,0
1922,167,0
1923,66,0
1924,200,0
1925,200,0
1926,53,0
1927,135,0
1928,125,0
1929,200,0
1930,95,0
1931,65,0
1932,133,0
1933,58,0
1934,57,0
1935,57,0
1936,99,0
1937,60,0
1938,58,0
1939,68,0
1940,68,0
1941,35,0
1942,103,0
1943,57,0
1944,55,0
1945,154,0
1946,24,0
1947,24,0
1948,170,0
1949,120,0
1950,200,0
1951,33,0
1952,69,0
1953,43,0
1954,80,0
1955,66,0
1956,200,0
1957,93,0
1958,200,0
1959,193,0
1960,70,0
1961,55,1
1962,63,0
1963,79,0
1964,192,0
1965,180,0
1966,56,0
1967,149,0
1968,136,0
1969,69,0
1970,139,0
1971,200,0
1972,26,0
1973,111,0
1974,70,0
1975,182,0
1976,68,0
1977,200,0
1978,106,1
1979,103,0
1980,73,0
1981,143,0
1982,21,0
1983,200,0
1984,58,0
1985,78,0
1986,43,0
1987,138,1
1988,67,0
1989,200,0
1990,200,0
1991,63,0
1992,157,0
1993,37,0
1994,119,0
1995,129,0
1996,67,0
1997,167,0
1998,53,0
1999,96,0
2000,28,0
2001,65,0
2002,194,0
2003,54,1
2004,200,0
2005,48,0
2006,38,0
2007,31,0
2008,43,0
2009,38,0
2010,46,0
2011,200,0
2012,81,0
2013,27,0
2014,175,0
2015,84,0
2016,90,0
2017,118,0
2018,87,0
2019,64,0
2020,27,0
2021,137,0
2022,117,0
2023,133,0
2024,86,0
2025,189,0
2026,128,0
2027,200,0
2028,41,0
2029,95,0
2030,122,0
2031,65,0
2032,35,0
2033,177,0
2034,39,0
2035,174,0
2036,67,0
2037,113,0
2038,158,0
2039,63,0
2040,91,0
2041,61,1
2042,76,0
2043,200,0
2044,50,0
2045,40,0
2046,99,0
2047,81,0
2048,109,0
2049,138,0
2050,40,0
2051,134,0
2052,200,0
2053,156,1
2054,27,0
2055,92,0
2056,39,0
2057,200,0
2058,53,0
2059,200,0
2060,112,0
2061,117,1
2062,137,0
2063,61,0
2064,91,0
2065,200,0
2066,110,0
2067,200,0
2068,177,0
2069,54,0
2070,111,0
2071,107,0
2072,115,0
2073,200,0
2074,62,0
2075,134,0
2076,186,0
2077,186,0
2078,61,0
2079,84,0
2080,172,0
2081,167,0
2082,26,0
2083,43,0
2084,182,0
2085,43,0
2086,92,0
2087,122,0
2088,99,0
2089,47,0
2090,74,0
2091,159,0
2092,123,0
2093,39,0
2094,200,0
2095,99,0
2096,98,0
2097,88,0
2098,106,1
2099,63,1
2100,29,1
2101,58,1
2102,42,1
2103,48,1
2104,69,1
2105,182,1
2106,47,1
2107,77,1
2108,161,1
2109,130,1
2110,86,1
2111,141,1
2112,47,1
2113,49,0
2114,44,1
2115,109,1
2116,93,1
2117,49,0
2118,43,1
2119,21,1
2120,198,0
2121,28,0
2122,103,1
2123,86,1
2124,59,0
2125,92,1
2126,62,1
2127,99,1
2128,45,1
2129,47,1
2130,132,1
2131,69,1
2132,107,1
2133,122,1
2134,32,1
2135,89,0
2136,94,1
2137,77,1
2138,96,1
2139,96,1
2140,134,0
2141,94,1
2142,62,0
2143,57,1
2144,83,0
2145,200,0
2146,73,1
2147,104,1
2148,81,1
2149,116,1
2150,98,1
2151,57,1
2152,127,0
2153,49,1
2154,78,1
2155,128,1
2156,194,1
2157,154,1
2158,54,1
2159,41,0
2160,68,1
2161,72,1
2162,200,0
2163,200,0
2164,110,1
2165,49,0
2166,82,1
2167,200,0
2168,66,1
2169,54,1
2170,44,1
2171,66,1
2172,82,1
2173,66,1
2174,116,0
2175,86,1
2176,33,0
2177,147,1
2178,80,1
2179,150,1
2180,79,1
2181,16,1
2182,46,1
2183,71,1
2184,94,1
2185,59,1
2186,165,1
2187,49,0
2188,76,1
2189,28,1
2190,56,1
2191,139,1
2192,99,1
2193,114,1
2194,104,1
2195,78,1
2196,99,1
2197,56,1
2198,80,0
2199,116,1
2200,150,0
2201,43,0
2202,149,1
2203,70,1
2204,141,1
2205,55,0
2206,43,1
2207,52,1
2208,68,1
2209,95,1
2210,109,0
2211,100,1
2212,58,1
2213,109,1
2214,41,1
2215,187,1
2216,200,0
2217,60,1
2218,159,1
2219,148,1
2220,62,1
2221,107,1
2222,103,1
2223,43,1
2224,37,1
2225,76,1
2226,67,1
2227,152,0
2228,29,1
2229,31,0
2230,76,1
2231,34,1
2232,128,1
2233,60,1
2234,76,1
2235,163,1
2236,152,1
2237,90,1
2238,82,1
2239,100,1
2240,67,1
2241,64,1
2242,46,1
2243,63,1
2244,66,1
2245,60,1
2246,129,1
2247,44,1
2248,113,1
2249,40,0
2250,54,1
2251,45,1
2252,70,1
2253,51,1
2254,47,1
2255,44,1
2256,38,1
2257,61,1
2258,42,1
2259,27,1
2260,165,1
2261,91,1
2262,36,0
2263,51,0
2264,129,1
2265,200,0
2266,107,0
2267,173,1
2268,101,1
2269,96,1
2270,77,1
2271,89,1
2272,95,1
2273,65,1
2274,37,1
2275,122,0
2276,19,0
2277,132,1
2278,42,1
2279,78,0
2280,48,1
2281,59,1
2282,57,1
2283,34,1
2284,40,0
2285,101,1
2286,70,0
2287,71,1
2288,152,1
2289,96,1
2290,25,1
2291,75,1
2292,34,1
2293,138,1
2294,176,1
2295,114,0
2296,50,1
2297,54,1
2298,55,1
2299,50,1
2300,79,1
2301,90,1
2302,175,1
2303,73,1
2304,64,1
2305,160,0
2306,76,1
2307,57,1
2308,76,1
2309,23,1
2310,64,1
2311,38,1
2312,64,1
2313,52,1
2314,200,0
2315,61,1
2316,74,1
2317,44,1
2318,84,1
2319,104,1
2320,93,0
2321,200,0
2322,62,1
2323,110,1
2324,66,0
2325,87,1
2326,59,1
2327,200,0
2328,178,1
2329,35,1
2330,56,1
2331,90,1
2332,37,1
2333,63,1
2334,124,1
2335,57,1
2336,48,1
2337,65,1
2338,69,0
2339,57,1
2340,52,0
2341,37,1
2342,51,1
2343,57,1
2344,135,1
2345,50,1
2346,87,1
2347,72,1
2348,53,1
2349,168,1
2350,43,1
2351,126,1
2352,50,1
2353,108,0
2354,70,0
2355,200,0
2356,117,1
2357,161,1
2358,151,1
2359,100,1
2360,103,1
2361,43,1
2362,157,1
2363,70,1
2364,38,1
2365,89,1
2366,64,1
2367,150,1
2368,102,1
2369,50,1
2370,90,0
2371,48,1
2372,73,1
2373,141,1
2374,33,1
2375,112,1
2376,47,0
2377,117,1
2378,33,1
2379,87,1
2380,53,1
2381,173,1
2382,42,1
2383,84,1
2384,37,0
2385,46,1
2386,71,1
2387,72,1
2388,95,1
2389,136,1
2390,181,1
2391,66,1
2392,82,1
2393,32,1
2394,44,1
2395,94,0
2396,86,1
2397,131,1
2398,95,1
2399,45,1
2400,22,1
2401,39,1
2402,56,0
2403,29,1
2404,88,1
2405,95,1
2406,48,0
2407,86,0
2408,49,1
2409,82,1
2410,103,1
2411,160,1
2412,57,1
2413,76,1
2414,58,1
2415,45,1
2416,53,1
2417,21,0
2418,58,1
2419,57,1
2420,41,0
2421,105,1
2422,55,1
2423,54,1
2424,88,1
2425,43,1
2426,51,1
2427,57,0
2428,89,1
2429,68,1
2430,114,1
2431,59,1
2432,59,1
2433,75,1
2434,26,1
2435,144,1
2436,132,1
2437,67,1
2438,151,1
2439,145,1
2440,89,1
2441,68,1
2442,68,1
2443,84,1
2444,49,1
2445,86,1
2446,37,1
2447,66,1
2448,71,1
2449,80,1
2450,66,1
2451,167,1
2452,41,1
2453,171,1
2454,26,1
2455,36,1
2456,37,1
2457,46,0
2458,107,1
2459,73,1
2460,50,1
2461,64,1
2462,29,1
2463,22,1
2464,30,1
2465,71,1
2466,62,1
2467,72,1
2468,93,1
2469,149,1
2470,71,1
2471,107,1
2472,124,0
2473,126,1
2474,132,0
2475,63,1
2476,200,0
2477,44,1
2478,128,1
2479,93,0
2480,72,1
2481,43,0
2482,89,1
2483,192,1
2484,87,1
2485,78,1
2486,173,1
2487,63,1
2488,44,1
2489,42,1
2490,153,1
2491,144,1
2492,68,1
2493,50,1
2494,200,0
2495,50,0
2496,157,1
2497,121,1
2498,55,1
2499,76,1
2500,47,1
2501,49,1
2502,62,1
2503,37,1
2504,144,1
2505,49,1
2506,200,0
2507,165,1
2508,148,1
2509,83,0
2510,47,1
2511,47,1
2512,39,0
2513,117,1
2514,118,1
2515,43,1
2516,50,1
2517,56,1
2518,122,1
2519,38,1
2520,42,0
2521,44,1
2522,200,0
2523,29,1
2524,154,1
2525,34,0
2526,115,1
2527,76,1
2528,26,1
2529,104,1
2530,67,1
2531,23,0
2532,119,1
2533,91,1
2534,94,1
2535,22,1
2536,92,1
2537,40,1
2538,43,0
2539,110,1
2540,75,1
2541,200,0
2542,46,1
2543,110,1
2544,75,0
2545,94,1
2546,78,0
2547,36,1
2548,59,1
2549,68,1
2550,71,1
2551,64,1
2552,96,1
2553,131,1
2554,31,1
2555,63,1
2556,46,0
2557,64,1
2558,44,1
2559,143,0
2560,143,0
2561,133,1
2562,104,1
2563,121,1
2564,45,1
2565,39,1
2566,89,1
2567,81,1
2568,81,1
2569,32,1
2570,38,1
2571,200,0
2572,88,1
2573,71,1
2574,153,1
2575,191,1
2576,95,1
2577,117,1
2578,83,1
2579,169,1
2580,56,1
2581,74,1
2582,40,1
2583,80,1
2584,53,1
2585,71,1
2586,76,1
2587,182,0
2588,116,1
2589,200,0
2590,107,1
2591,64,0
2592,200,0
2593,123,1
2594,46,1
2595,35,0
2596,64,1
2597,200,0
2598,62,1
2599,42,0
2600,153,1
2601,55,1
2602,84,1
2603,155,1
2604,95,1
2605,83,1
2606,63,1
2607,89,1
2608,49,1
2609,42,1
2610,24,1
2611,26,1
2612,47,0
2613,38,1
2614,75,0
2615,83,1
2616,161,1
2617,55,1
2618,45,1
2619,90,1
2620,148,1
2621,70,1
2622,136,1
2623,51,1
2624,151,1
2625,86,1
2626,66,1
2627,46,1
2628,94,1
2629,91,0
2630,43,1
2631,65,1
2632,141,1
2633,145,1
2634,67,1
2635,100,0
2636,66,1
2637,68,0
2638,52,1
2639,106,1
2640,66,1
2641,39,1
2642,200,0
2643,128,1
2644,75,1
2645,76,0
2646,159,1
2647,64,1
2648,136,0
2649,200,0
2650,45,1
2651,32,1
2652,50,1
2653,159,1
2654,80,1
2655,110,1
2656,90,1
2657,83,1
2658,48,1
2659,64,1
2660,106,1
2661,185,1
2662,59,1
2663,121,1
2664,71,1
2665,34,1
2666,129,1
2667,62,1
2668,142,1
2669,57,1
2670,115,1
2671,99,1
2672,71,1
2673,119,1
2674,123,1
2675,33,0
2676,87,1
2677,83,1
2678,95,1
2679,200,0
2680,58,1
2681,42,1
2682,112,1
2683,49,1
2684,94,1
2685,200,0
2686,106,1
2687,120,1
2688,95,1
2689,75,0
2690,58,1
2691,87,1
2692,155,1
2693,72,1
2694,53,1
2695,29,1
2696,91,1
2697,54,1
2698,50,1
2699,95,0
2700,115,1
2701,60,0
2702,115,1
2703,127,1
2704,111,0
2705,52,1
2706,149,1
2707,67,1
2708,26,1
2709,166,1
2710,200,0
2711,173,1
2712,51,1
2713,41,1
2714,200,0
2715,62,1
2716,141,1
2717,38,1
2718,62,1
2719,53,1
2720,80,1
2721,68,1
2722,51,1
2723,200,0
2724,39,1
2725,200,0
2726,57,0
2727,38,1
2728,103,1
2729,37,1
2730,125,1
2731,57,1
2732,56,1
2733,38,1
2734,107,1
2735,74,1
2736,69,1
2737,65,1
2738,60,1
2739,74,1
2740,31,1
2741,81,1
2742,63,1
2743,157,1
2744,61,1
2745,88,1
2746,34,1
2747,84,1
2748,170,1
2749,47,1
2750,181,1
2751,53,1
2752,94,1
2753,131,1
2754,138,1
2755,66,0
2756,64,0
2757,77,1
2758,30,0
2759,114,1
2760,139,1
2761,118,1
2762,83,0
2763,141,1
2764,29,1
2765,68,1
2766,44,1
2767,52,1
2768,92,1
2769,68,1
2770,92,1
2771,90,1
2772,69,0
2773,53,1
2774,120,1
2775,54,1
2776,123,1
2777,64,1
2778,43,1
2779,51,1
2780,50,1
2781,132,1
2782,71,1
2783,140,1
2784,17,1
2785,73,1
2786,64,1
2787,63,1
2788,46,1
2789,103,1
2790,54,1
2791,74,1
2792,39,1
2793,33,0
2794,54,1
2795,34,1
2796,99,1
2797,98,1
2798,200,0
2799,133,1
2800,36,1
2801,48,0
2802,177,1
2803,47,0
2804,76,0
2805,53,1
2806,200,0
2807,81,1
2808,28,1
2809,29,1
2810,107,1
2811,65,1
2812,58,1
2813,86,1
2814,54,1
2815,84,1
2816,27,0
2817,48,1
2818,57,1
2819,24,1
2820,49,1
2821,57,1
2822,77,1
2823,114,1
2824,23,1
2825,35,1
2826,61,1
2827,92,1
2828,61,1
2829,195,1
2830,200,0
2831,67,0
2832,101,1
2833,31,1
2834,77,1
2835,110,1
2836,143,1
2837,140,1
2838,63,1
2839,160,1
2840,196,1
2841,71,1
2842,59,1
2843,153,0
2844,33,1
2845,151,1
2846,95,1
2847,37,0
2848,58,1
2849,82,1
2850,142,1
2851,62,1
2852,91,1
2853,68,1
2854,30,1
2855,42,1
2856,182,1
2857,28,1
2858,50,1
2859,100,1
2860,55,1
2861,56,1
2862,152,0
2863,95,1
2864,77,1
2865,68,1
2866,49,1
2867,200,0
2868,83,1
2869,40,1
2870,88,1
2871,53,1
2872,52,0
2873,121,1
2874,84,1
2875,133,1
2876,89,1
2877,65,1
2878,88,1
2879,123,1
2880,65,1
2881,37,0
2882,97,1
2883,157,1
2884,87,1
2885,65,1
2886,49,1
2887,59,1
2888,200,0
2889,38,1
2890,48,1
2891,64,1
2892,61,0
2893,124,1
2894,50,1
2895,37,1
2896,59,1
2897,72,1
2898,42,1
2899,87,1
2900,26,1
2901,91,1
2902,166,1
2903,60,1
2904,64,1
2905,42,1
2906,61,1
2907,91,1
2908,82,1
2909,42,1
2910,53,1
2911,137,1
2912,32,1
2913,60,1
2914,33,1
2915,200,0
2916,191,1
2917,58,1
2918,92,1
2919,42,1
2920,34,1
2921,56,1
2922,43,0
2923,50,1
2924,32,1
2925,36,1
2926,50,1
2927,38,1
2928,96,1
2929,95,1
2930,64,1
2931,108,1
2932,56,1
2933,76,1
2934,160,1
2935,62,1
2936,40,1
2937,97,1
2938,60,1
2939,76,1
2940,69,0
2941,52,1
2942,200,0
2943,56,1
2944,110,1
2945,40,1
2946,113,1
2947,87,0
2948,89,1
2949,137,1
2950,73,1
2951,34,1
2952,57,1
2953,68,1
2954,106,1
2955,34,0
2956,125,1
2957,86,1
2958,81,1
2959,152,1
2960,115,1
2961,39,1
2962,56,1
2963,109,1
2964,106,1
2965,43,1
2966,47,1
2967,34,0
2968,141,1
2969,194,1
2970,65,1
2971,41,1
2972,200,0
2973,61,1
2974,49,1
2975,200,0
2976,200,0
2977,145,1
2978,53,1
2979,77,1
2980,25,1
2981,109,1
2982,65,1
2983,67,1
2984,147,1
2985,35,1
2986,34,1
2987,65,1
2988,49,1
2989,46,1
2990,174,1
2991,53,1
2992,92,1
2993,150,1
2994,46,0
2995,144,1
2996,67,1
2997,39,1
2998,159,1
2999,112,1
3000,63,1
3001,170,1
3002,34,0
3003,84,1
3004,58,1
3005,100,1
3006,50,1
3007,75,1
3008,90,1
3009,169,1
3010,90,0
3011,24,0
3012,104,1
3013,53,0
3014,56,1
3015,119,1
3016,107,1
3017,60,1
3018,14,0
3019,49,1
3020,200,0
3021,99,1
3022,101,1
3023,59,1
3024,46,1
3025,127,1
3026,105,1
3027,52,1
3028,104,1
3029,39,1
3030,93,1
3031,173,0
3032,61,1
3033,43,1
3034,181,1
3035,76,1
3036,112,1
3037,79,0
3038,71,0
3039,37,1
3040,49,1
3041,96,1
3042,66,1
3043,99,1
3044,43,1
3045,67,0
3046,112,1
3047,122,1
3048,45,1
3049,71,1
3050,30,0
3051,33,1
3052,34,0
3053,51,1
3054,57,1
3055,142,1
3056,95,1
3057,43,1
3058,61,1
3059,52,1
3060,39,1
3061,63,1
3062,92,1
3063,121,1
3064,140,1
3065,52,1
3066,111,1
3067,118,0
3068,80,1
3069,55,1
3070,116,0
3071,129,1
3072,200,0
3073,200,0
3074,76,1
3075,26,1
3076,85,1
3077,61,1
3078,48,1
3079,75,1
3080,77,1
3081,61,1
3082,61,1
3083,120,1
3084,73,1
3085,57,1
3086,114,0
3087,137,1
3088,53,1
3089,64,1
3090,36,1
3091,87,1
3092,81,1
3093,185,1
3094,107,1
3095,48,1
3096,185,1
3097,58,1
3098,62,1
3099,49,1
3100,72,0
3101,80,1
3102,104,1
3103,36,1
3104,39,1
3105,200,0
3106,114,1
3107,64,1
3108,115,1
3109,167,1
3110,47,1
3111,100,1
3112,163,1
3113,110,1
3114,56,1
3115,34,1
3116,48,1
3117,67,1
3118,70,1
3119,93,1
3120,136,1
3121,69,1
3122,81,1
3123,29,1
3124,139,1
3125,82,1
3126,50,1
3127,200,0
3128,153,1
3129,166,1
3130,24,1
3131,56,0
3132,100,1
3133,200,0
3134,79,1
3135,52,1
3136,105,1
3137,35,1
3138,102,1
3139,42,1
3140,64,0
3141,38,1
3142,83,1
3143,93,1
3144,154,1
3145,52,1
3146,62,1
3147,95,1
3148,72,1
3149,29,1
3150,58,1
3151,55,1
3152,82,1
3153,72,0
3154,52,1
3155,111,1
3156,75,1
3157,95,1
3158,51,1
3159,184,1
3160,97,1
3161,148,1
3162,62,1
3163,146,1
3164,88,1
3165,34,1
3166,83,1
3167,37,1
3168,96,1
3169,114,1
3170,47,0
3171,47,1
3172,93,1
3173,61,0
3174,54,1
3175,69,1
3176,64,1
3177,55,1
3178,41,1
3179,31,0
3180,86,1
3181,58,1
3182,72,1
3183,107,1
3184,73,1
3185,83,1
3186,87,1
3187,38,1
3188,47,1
3189,33,1
3190,39,1
3191,114,1
3192,65,1
3193,106,0
3194,62,1
3195,75,1
3196,111,1
3197,96,1
3198,56,0
3199,153,1
3200,126,1
3201,43,1
3202,103,1
3203,118,0
3204,86,1
3205,62,1
3206,102,1
3207,57,1
3208,88,1
3209,45,1
3210,69,1
3211,90,1
3212,80,1
3213,52,1
3214,83,1
3215,44,1
3216,58,1
3217,91,1
3218,112,1
3219,24,0
3220,44,1
3221,115,1
3222,105,1
3223,48,1
3224,136,1
3225,63,1
3226,42,1
3227,83,1
3228,99,1
3229,47,1
3230,99,1
3231,67,1
3232,171,1
3233,37,0
3234,85,1
3235,29,1
3236,74,1
3237,94,1
3238,83,1
3239,71,1
3240,71,1
3241,48,1
3242,41,1
3243,57,1
3244,114,1
3245,89,1
3246,82,1
3247,139,1
3248,101,1
3249,165,1
3250,146,1
3251,89,0
3252,86,1
3253,77,1
3254,190,1
3255,80,0
3256,49,0
3257,78,1
3258,91,1
3259,49,1
3260,79,1
3261,70,1
3262,200,0
3263,142,1
3264,84,1
3265,53,1
3266,44,1
3267,57,1
3268,109,0
3269,138,1
3270,200,0
3271,54,1
3272,66,1
3273,74,1
3274,141,1
3275,28,0
3276,47,1
3277,103,1
3278,54,1
3279,106,1
3280,50,1
3281,74,1
3282,149,1
3283,68,1
3284,122,1
3285,68,1
3286,42,1
3287,100,1
3288,75,1
3289,50,1
3290,97,1
3291,45,1
3292,41,0
3293,23,0
3294,78,1
3295,200,0
3296,141,1
3297,200,0
3298,186,0
3299,145,1
3300,153,1
3301,77,1
3302,90,1
3303,47,1
3304,113,1
3305,109,1
3306,80,0
3307,94,1
3308,54,0
3309,128,1
3310,44,1
3311,35,1
3312,50,0
3313,32,0
3314,200,0
3315,66,1
3316,101,1
3317,49,1
3318,200,0
3319,48,1
3320,63,1
3321,57,1
3322,69,1
3323,130,0
3324,75,1
3325,145,1
3326,31,1
3327,165,1
3328,107,1
3329,113,1
3330,118,1
3331,200,0
3332,35,1
3333,64,1
3334,46,1
3335,47,1
3336,140,1
3337,47,1
3338,56,0
3339,200,0
3340,138,1
3341,66,1
3342,64,1
3343,113,1
3344,50,1
3345,97,1
3346,96,1
3347,57,1
3348,62,1
3349,66,1
3350,33,1
3351,23,0
3352,167,1
3353,78,1
3354,36,1
3355,115,1
3356,41,1
3357,143,1
3358,125,1
3359,77,1
3360,75,1
3361,55,1
3362,89,1
3363,131,0
3364,66,1
3365,200,0
3366,105,1
3367,55,1
3368,48,1
3369,59,1
3370,58,1
3371,101,1
3372,119,1
3373,173,1
3374,61,1
3375,145,1
3376,177,1
3377,73,1
3378,57,1
3379,200,0
3380,81,1
3381,40,1
3382,106,1
3383,58,1
3384,35,1
3385,56,0
3386,62,1
3387,36,1
3388,47,1
3389,132,1
3390,52,1
3391,167,1
3392,32,1
3393,38,1
3394,42,1
3395,100,1
3396,102,1
3397,63,1
3398,21,1
3399,29,0
3400,120,1
3401,32,1
3402,134,1
3403,67,1
3404,38,0
3405,83,1
3406,44,1
3407,43,1
3408,74,1
3409,67,0
3410,124,1
3411,62,1
3412,178,1
3413,51,1
3414,200,0
3415,37,1
3416,48,1
3417,45,1
3418,88,1
3419,126,1
3420,58,1
3421,41,1
3422,48,1
3423,85,1
3424,58,0
3425,74,1
3426,60,1
3427,44,1
3428,100,1
3429,98,1
3430,53,1
3431,81,1
3432,69,1
3433,27,1
3434,104,1
3435,84,1
3436,87,1
3437,75,1
3438,50,1
3439,200,0
3440,36,1
3441,63,1
3442,76,1
3443,70,0
3444,71,1
3445,106,1
3446,64,0
3447,54,0
3448,72,1
3449,43,1
3450,48,1
3451,134,0
3452,75,1
3453,47,1
3454,132,1
3455,65,1
3456,30,1
3457,119,1
3458,50,1
3459,120,1
3460,63,1
3461,60,0
3462,48,1
3463,80,1
3464,149,1
3465,41,1
3466,42,1
3467,97,1
3468,50,1
3469,39,1
3470,102,1
3471,69,1
3472,133,1
3473,84,1
3474,194,1
3475,100,1
3476,100,1
3477,146,1
3478,124,1
3479,189,1
3480,87,1
3481,74,1
3482,73,1
3483,79,1
3484,29,1
3485,142,0
3486,134,1
3487,42,1
3488,58,1
3489,131,1
3490,57,1
3491,50,1
3492,109,1
3493,89,1
3494,25,1
3495,133,1
3496,66,1
3497,110,1
3498,162,1
3499,174,1
3500,102,1
3501,72,1
3502,142,0
3503,89,1
3504,40,0
3505,68,0
3506,117,1
3507,70,0
3508,87,1
3509,48,1
3510,160,1
3511,56,1
3512,64,1
3513,66,0
3514,66,1
3515,79,1
3516,73,1
3517,54,1
3518,80,1
3519,128,1
3520,62,1
3521,47,1
3522,135,1
3523,110,0
3524,58,1
3525,160,1
3526,96,1
3527,53,1
3528,92,0
3529,79,1
3530,79,1
3531,57,1
3532,153,1
3533,115,1
3534,146,1
3535,56,1
3536,67,0
3537,69,1
3538,111,1
3539,53,1
3540,79,1
3541,47,1
3542,123,1
3543,70,0
3544,98,1
3545,56,1
3546,129,1
3547,75,1
3548,72,1
3549,72,1
3550,113,1
3551,83,1
3552,103,1
3553,109,1
3554,48,0
3555,134,1
3556,49,1
3557,69,1
3558,126,1
3559,134,1
3560,181,1
3561,200,0
3562,35,1
3563,44,1
3564,60,1
3565,46,1
3566,103,1
3567,63,1
3568,152,1
3569,54,1
3570,90,1
3571,174,0
3572,58,1
3573,142,1
3574,94,1
3575,91,1
3576,73,1
3577,45,1
3578,35,1
3579,124,0
3580,37,1
3581,22,1
3582,70,1
3583,200,0
3584,139,1
3585,145,1
3586,50,1
3587,44,0
3588,71,1
3589,66,0
3590,83,1
3591,126,1
3592,70,1
3593,200,0
3594,39,1
3595,74,1
3596,105,1
3597,96,1
3598,76,0
3599,42,1
3600,99,1
3601,106,1
3602,200,0
3603,72,1
3604,140,1
3605,62,1
3606,101,1
3607,90,0
3608,70,1
3609,104,1
3610,44,0
3611,186,1
3612,93,1
3613,70,1
3614,52,1
3615,48,0
3616,180,1
3617,112,1
3618,54,1
3619,41,1
3620,43,1
3621,91,1
3622,115,1
3623,108,1
3624,122,1
3625,49,1
3626,138,1
3627,21,1
3628,171,1
3629,200,0
3630,121,1
3631,44,1
3632,118,1
3633,43,1
3634,33,1
3635,86,1
3636,78,0
3637,64,1
3638,42,1
3639,187,1
3640,23,1
3641,59,1
3642,49,1
3643,82,1
3644,77,1
3645,117,1
3646,66,1
3647,135,1
3648,124,0
3649,35,1
3650,63,1
3651,141,1
3652,173,1
3653,70,1
3654,34,1
3655,70,0
3656,83,1
3657,51,1
3658,77,1
3659,142,1
3660,28,1
3661,56,0
3662,83,1
3663,198,1
3664,93,1
3665,122,1
3666,58,0
3667,118,1
3668,73,1
3669,27,0
3670,62,1
3671,78,1
3672,73,1
3673,78,1
3674,73,1
3675,62,1
3676,102,1
3677,157,1
3678,116,1
3679,88,1
3680,69,1
3681,53,1
3682,52,1
3683,70,1
3684,45,1
3685,174,1
3686,70,1
3687,90,1
3688,200,0
3689,38,1
3690,51,1
3691,170,1
3692,30,1
3693,47,1
3694,200,0
3695,66,1
3696,27,0
3697,129,1
3698,64,1
3699,44,1
3700,154,1
3701,119,1
3702,127,1
3703,83,1
3704,59,1
3705,68,1
3706,80,1
3707,78,1
3708,124,1
3709,66,1
3710,103,1
3711,78,1
3712,77,1
3713,50,1
3714,44,1
3715,30,1
3716,32,1
3717,91,1
3718,96,1
3719,76,1
3720,138,1
3721,32,1
3722,73,1
3723,90,1
3724,76,1
3725,24,0
3726,53,1
3727,104,1
3728,48,0
3729,68,1
3730,150,1
3731,185,1
3732,44,1
3733,42,1
3734,30,1
3735,91,1
3736,200,0
3737,90,1
3738,73,1
3739,79,1
3740,127,1
3741,156,1
3742,53,1
3743,51,1
3744,55,1
3745,110,1
3746,136,0
3747,89,0
3748,40,0
3749,74,1
3750,157,1
3751,150,1
3752,35,0
3753,94,1
3754,112,1
3755,50,1
3756,71,1
3757,77,1
3758,31,0
3759,38,1
3760,101,1
3761,61,1
3762,183,1
3763,64,1
3764,85,1
3765,71,1
3766,200,0
3767,40,1
3768,115,1
3769,52,0
3770,55,1
3771,79,1
3772,44,1
3773,56,1
3774,55,1
3775,158,1
3776,41,1
3777,81,1
3778,77,1
3779,168,1
3780,47,1
3781,41,0
3782,58,1
3783,47,1
3784,102,1
3785,121,1
3786,72,1
3787,111,1
3788,141,0
3789,66,0
3790,49,1
3791,57,0
3792,164,0
3793,104,1
3794,34,1
3795,63,1
3796,74,1
3797,62,1
3798,50,1
3799,128,1
3800,49,1
3801,54,1
3802,159,0
3803,27,1
3804,107,1
3805,52,1
3806,22,1
3807,86,1
3808,35,0
3809,93,1
3810,89,1
3811,45,1
3812,102,1
3813,74,1
3814,51,0
3815,42,1
3816,81,1
3817,57,1
3818,34,1
3819,108,1
3820,60,1
3821,90,1
3822,62,1
3823,106,1
3824,98,1
3825,70,1
3826,200,0
3827,110,1
3828,38,1
3829,33,0
3830,128,1
3831,33,1
3832,32,1
3833,90,1
3834,117,1
3835,53,1
3836,83,1
3837,200,0
3838,57,1
3839,181,1
3840,152,1
3841,122,1
3842,40,1
3843,42,1
3844,72,1
3845,52,1
3846,168,1
3847,55,1
3848,61,1
3849,64,1
3850,22,1
3851,51,1
3852,98,1
3853,47,1
3854,122,1
3855,112,1
3856,96,1
3857,83,1
3858,154,1
3859,38,1
3860,114,1
3861,49,1
3862,200,0
3863,44,1
3864,47,1
3865,135,0
3866,55,1
3867,70,0
3868,71,1
3869,63,1
3870,108,1
3871,50,1
3872,169,1
3873,83,0
3874,45,1
3875,76,1
3876,138,1
3877,105,1
3878,30,1
3879,95,1
3880,59,1
3881,111,1
3882,101,1
3883,31,1
3884,149,1
3885,34,1
3886,52,0
3887,91,1
3888,42,1
3889,189,1
3890,65,1
3891,86,1
3892,46,1
3893,41,1
3894,147,1
3895,47,1
3896,126,1
3897,127,1
3898,35,1
3899,54,1
3900,131,1
3901,96,1
3902,79,1
3903,62,1
3904,104,1
3905,176,1
3906,200,0
3907,51,0
3908,200,0
3909,86,1
3910,45,1
3911,74,0
3912,89,1
3913,71,1
3914,101,1
3915,90,1
3916,79,1
3917,131,1
3918,113,1
3919,51,1
3920,48,1
3921,103,1
3922,86,1
3923,79,1
3924,88,1
3925,22,1
3926,62,1
3927,64,1
3928,73,1
3929,66,1
3930,101,1
3931,32,1
3932,62,1
3933,126,1
3934,132,1
3935,158,1
3936,64,1
3937,45,1
3938,130,1
3939,189,1
3940,47,1
3941,79,1
3942,54,0
3943,44,1
3944,97,1
3945,136,1
3946,123,1
3947,61,0
3948,121,1
3949,35,1
3950,52,1
3951,36,1
3952,103,1
3953,19,1
3954,74,1
3955,104,1
3956,80,1
3957,93,1
3958,35,1
3959,93,1
3960,36,1
3961,75,0
3962,60,1
3963,33,1
3964,34,1
3965,76,1
3966,49,1
3967,96,1
3968,49,1
3969,103,1
3970,77,1
3971,131,1
3972,175,1
3973,29,1
3974,36,1
3975,46,1
3976,86,1
3977,78,1
3978,97,0
3979,34,1
3980,94,1
3981,39,0
3982,30,1
3983,138,1
3984,51,1
3985,67,1
3986,108,1
3987,27,1
3988,186,1
3989,134,1
3990,56,0
3991,72,1
3992,70,1
3993,110,1
3994,104,1
3995,133,1
3996,81,1
3997,84,1
3998,80,1
3999,92,1
4000,115,1
4001,52,1
4002,56,1
4003,60,1
4004,47,1
4005,55,1
4006,59,1
4007,200,0
4008,50,1
4009,154,1
4010,82,1
4011,58,1
4012,65,0
4013,200,0
4014,107,1
4015,189,1
4016,40,1
4017,87,1
4018,103,1
4019,62,1
4020,94,1
4021,92,1
4022,200,0
4023,182,1
4024,177,1
4025,46,1
4026,65,1
4027,166,1
4028,22,0
4029,142,1
4030,94,1
4031,53,1
4032,38,1
4033,98,1
4034,72,1
4035,180,1
4036,40,1
4037,92,1
4038,200,0
4039,178,1
4040,41,1
4041,100,1
4042,91,1
4043,110,1
4044,164,1
4045,105,1
4046,107,1
4047,109,1
4048,46,0
4049,93,1
4050,30,1
4051,131,1
4052,173,1
4053,95,1
4054,57,0
4055,21,1
4056,100,1
4057,26,1
4058,112,1
4059,159,1
4060,80,1
4061,147,1
4062,68,1
4063,55,1
4064,180,1
4065,29,1
4066,81,1
4067,49,1
4068,87,1
4069,76,1
4070,75,1
4071,53,1
4072,74,1
4073,96,0
4074,36,1
4075,75,1
4076,38,1
4077,69,1
4078,145,1
4079,115,1
4080,35,1
4081,25,0
4082,35,1
4083,200,0
4084,132,1
4085,48,1
4086,78,1
4087,59,1
4088,69,1
4089,142,1
4090,51,1
4091,53,1
4092,92,1
4093,50,1
4094,161,1
4095,149,1
4096,63,1
4097,139,1
4098,55,1
4099,84,1
4100,63,1
4101,55,1
4102,36,1
4103,96,1
4104,94,1
4105,114,1
4106,200,0
4107,92,1
4108,29,1
4109,98,1
4110,81,1
4111,74,1
4112,132,1
4113,72,1
4114,75,1
4115,53,1
4116,36,1
4117,179,1
4118,94,1
4119,39,1
4120,98,0
4121,49,1
4122,98,0
4123,59,1
4124,42,1
4125,150,1
4126,77,1
4127,71,1
4128,42,1
4129,53,1
4130,134,1
4131,104,1
4132,113,1
4133,126,1
4134,99,1
4135,153,1
4136,54,1
4137,94,1
4138,81,1
4139,45,1
4140,130,1
4141,37,1
4142,33,0
4143,200,0
4144,26,1
4145,40,1
4146,69,1
4147,60,1
4148,94,1
4149,28,1
4150,71,0
4151,113,1
4152,64,1
4153,57,0
4154,24,0
4155,89,1
4156,132,1
4157,108,1
4158,94,1
4159,110,1
4160,154,1
4161,120,1
4162,83,1
4163,30,1
4164,41,1
4165,52,0
4166,62,1
4167,48,1
4168,124,1
4169,49,1
4170,23,1
4171,80,1
4172,52,1
4173,59,1
4174,45,0
4175,51,1
4176,57,1
4177,73,1
4178,108,1
4179,200,0
4180,105,1
4181,37,1
4182,76,1
4183,62,1
4184,101,1
4185,93,1
4186,96,1
4187,57,1
4188,200,0
4189,89,0
4190,44,1
4191,109,1
4192,74,1
4193,81,1
4194,21,1
4195,162,1
4196,71,1
4197,133,1
4198,67,1
4199,55,1
4200,73,1
4201,32,1
4202,75,1
4203,71,1
4204,60,1
4205,83,1
4206,200,0
4207,65,1
4208,71,1
4209,125,1
4210,80,1
4211,45,1
4212,200,0
4213,107,1
4214,200,0
4215,75,1
4216,67,0
4217,50,1
4218,32,1
4219,75,1
4220,102,0
4221,153,1
4222,200,0
4223,58,1
4224,87,1
4225,81,1
4226,52,1
4227,51,1
4228,41,1
4229,41,1
4230,106,1
4231,126,1
4232,200,0
4233,58,1
4234,103,1
4235,48,1
4236,112,1
4237,45,0
4238,82,1
4239,52,1
4240,45,1
4241,73,1
4242,162,1
4243,190,1
4244,133,1
4245,81,1
4246,166,1
4247,40,1
4248,79,1
4249,48,1
4250,62,1
4251,121,1
4252,111,1
4253,86,1
4254,28,0
4255,122,1
4256,46,1
4257,51,1
4258,58,1
4259,128,1
4260,200,0
4261,36,1
4262,48,0
4263,66,1
4264,56,1
4265,58,1
4266,46,0
4267,113,1
4268,67,1
4269,139,1
4270,146,1
4271,99,1
4272,145,1
4273,111,0
4274,118,1
4275,62,1
4276,65,1
4277,155,1
4278,54,0
4279,64,1
4280,93,1
4281,109,1
4282,89,1
4283,106,1
4284,99,1
4285,50,1
4286,43,1
4287,58,1
4288,70,1
4289,200,0
4290,50,1
4291,56,1
4292,200,0
4293,64,1
4294,40,1
4295,146,1
4296,60,1
4297,103,1
4298,54,1
4299,54,1
4300,79,1
4301,79,1
4302,52,1
4303,88,1
4304,65,1
4305,38,1
4306,200,0
4307,27,1
4308,129,1
4309,25,0
4310,75,1
4311,91,1
4312,69,1
4313,126,0
4314,47,1
4315,27,1
4316,46,1
4317,58,1
4318,158,1
4319,65,1
4320,77,1
4321,66,1
4322,72,1
4323,54,1
4324,99,1
4325,41,0
4326,64,1
4327,83,1
4328,36,1
4329,34,1
4330,41,1
4331,65,1
4332,30,1
4333,97,1
4334,86,1
4335,94,1
4336,88,0
4337,52,0
4338,97,1
4339,54,1
4340,83,1
4341,83,1
4342,89,1
4343,200,0
4344,166,0
4345,25,1
4346,55,1
4347,57,1
4348,143,1
4349,102,1
4350,63,0
4351,133,0
4352,117,1
4353,166,1
4354,184,1
4355,57,1
4356,156,1
4357,85,1
4358,43,1
4359,35,1
4360,38,1
4361,112,1
4362,45,1
4363,43,1
4364,51,1
4365,171,1
4366,53,1
4367,63,0
4368,72,1
4369,114,1
4370,98,1
4371,133,1
4372,99,1
4373,64,1
4374,99,1
4375,139,1
4376,50,1
4377,189,1
4378,200,0
4379,26,1
4380,104,1
4381,128,1
4382,120,1
4383,66,1
4384,70,0
4385,179,1
4386,24,1
4387,26,1
4388,100,1
4389,126,0
4390,110,1
4391,174,1
4392,75,1
4393,35,1
4394,44,1
4395,76,1
4396,75,0
4397,66,1
4398,59,1
4399,153,1
4400,53,1
4401,118,1
4402,111,1
4403,34,1
4404,36,1
4405,200,0
4406,59,1
4407,69,1
4408,158,1
4409,50,0
4410,44,0
4411,153,1
4412,24,1
4413,28,1
4414,88,1
4415,33,1
4416,26,1
4417,88,1
4418,42,1
4419,105,1
4420,90,1
4421,80,1
4422,99,1
4423,122,1
4424,102,1
4425,68,1
4426,47,1
4427,76,1
4428,87,1
4429,31,1
4430,107,1
4431,139,1
4432,50,1
4433,200,0
4434,84,1
4435,71,1
4436,117,1
4437,67,1
4438,123,1
4439,66,1
4440,99,1
4441,64,1
4442,200,0
4443,40,1
4444,68,1
4445,66,1
4446,200,0
4447,70,1
4448,64,1
4449,61,1
4450,82,1
4451,147,0
4452,44,1
4453,57,1
4454,123,1
4455,141,1
4456,86,1
4457,39,1
4458,132,1
4459,129,1
4460,92,1
4461,51,0
4462,47,1
4463,166,1
4464,125,1
4465,113,1
4466,200,0
4467,81,1
4468,84,1
4469,53,1
4470,113,1
4471,200,0
4472,194,1
4473,80,1
4474,91,1
4475,42,1
4476,200,0
4477,27,0
4478,67,1
4479,132,1
4480,43,1
4481,62,1
4482,29,1
4483,62,1
4484,52,0
4485,141,1
4486,68,1
4487,37,1
4488,130,1
4489,69,1
4490,166,1
4491,45,1
4492,200,0
4493,63,1
4494,37,1
4495,33,1
4496,47,1
4497,57,1
4498,47,0
4499,24,0
4500,43,1
4501,53,1
4502,177,1
4503,99,1
4504,200,0
4505,39,0
4506,102,1
4507,64,1
4508,88,1
4509,105,1
4510,137,1
4511,24,0
4512,36,1
4513,94,1
4514,76,1
4515,53,1
4516,41,1
4517,22,0
4518,39,1
4519,66,1
4520,165,1
4521,39,1
4522,173,1
4523,43,1
4524,101,1
4525,138,0
4526,151,1
4527,61,1
4528,113,1
4529,82,1
4530,78,1
4531,68,1
4532,89,1
4533,161,1
4534,58,1
4535,97,1
4536,111,1
4537,57,1
4538,136,1
4539,200,0
4540,59,1
4541,109,1
4542,128,1
4543,61,1
4544,57,1
4545,33,1
4546,52,0
4547,129,1
4548,200,1
4549,91,1
4550,92,1
4551,61,0
4552,108,1
4553,44,1
4554,40,1
4555,53,1
4556,30,1
4557,59,1
4558,85,1
4559,50,1
4560,76,1
4561,148,1
4562,71,1
4563,70,1
4564,29,1
4565,115,1
4566,87,1
4567,22,1
4568,48,1
4569,77,1
4570,104,1
4571,67,0
4572,58,1
4573,41,1
4574,40,1
4575,99,1
4576,129,1
4577,119,0
4578,85,1
4579,153,1
4580,116,1
4581,64,1
4582,60,1
4583,67,1
4584,91,1
4585,98,1
4586,98,1
4587,40,1
4588,80,1
4589,47,1
4590,26,1
4591,69,1
4592,84,1
4593,96,1
4594,33,0
4595,35,1
4596,200,0
4597,48,1
4598,144,1
4599,66,1
4600,78,1
4601,85,1
4602,39,1
4603,74,1
4604,62,1
4605,100,1
4606,170,1
4607,79,1
4608,100,1
4609,138,1
4610,43,1
4611,44,1
4612,34,1
4613,119,1
4614,36,1
4615,63,1
4616,78,1
4617,137,1
4618,68,1
4619,58,1
4620,74,1
4621,39,1
4622,118,1
4623,78,1
4624,62,0
4625,72,0
4626,18,0
4627,45,1
4628,51,1
4629,76,1
4630,50,1
4631,67,1
4632,38,1
4633,52,1
4634,124,1
4635,79,1
4636,71,1
4637,75,1
4638,188,1
4639,112,1
4640,64,1
4641,78,1
4642,54,1
4643,80,0
4644,80,1
4645,83,1
4646,91,1
4647,58,1
4648,63,1
4649,90,1
4650,81,1
4651,200,0
4652,200,0
4653,138,1
4654,158,1
4655,21,1
4656,42,1
4657,63,1
4658,34,1
4659,41,0
4660,44,1
4661,105,1
4662,147,1
4663,60,1
4664,81,1
4665,74,1
4666,82,1
4667,105,1
4668,73,1
4669,126,1
4670,81,1
4671,72,1
4672,126,1
4673,56,0
4674,84,1
4675,200,0
4676,64,1
4677,154,1
4678,154,1
4679,38,1
4680,102,1
4681,39,1
4682,50,1
4683,84,1
4684,28,1
4685,64,1
4686,70,1
4687,69,1
4688,74,1
4689,101,1
4690,55,1
4691,63,1
4692,46,1
4693,102,1
4694,63,1
4695,71,1
4696,54,1
4697,92,1
4698,37,1
4699,46,1
4700,37,1
4701,109,0
4702,59,0
4703,81,1
4704,120,1
4705,102,1
4706,190,1
4707,43,1
4708,71,1
4709,103,1
4710,128,1
4711,42,1
4712,35,0
4713,92,1
4714,73,1
4715,37,1
4716,39,1
4717,63,1
4718,101,1
4719,87,1
4720,43,1
4721,56,1
4722,50,1
4723,79,1
4724,38,1
4725,30,1
4726,58,1
4727,100,1
4728,43,1
4729,62,1
4730,58,1
4731,63,1
4732,92,1
4733,58,1
4734,91,1
4735,37,1
4736,52,1
4737,69,1
4738,70,0
4739,65,1
4740,56,1
4741,119,1
4742,56,1
4743,72,1
4744,39,1
4745,33,1
4746,38,1
4747,97,1
4748,104,1
4749,35,1
4750,104,1
4751,52,1
4752,61,1
4753,29,1
4754,98,1
4755,28,1
4756,144,1
4757,36,1
4758,56,1
4759,105,1
4760,117,1
4761,75,1
4762,131,1
4763,112,1
4764,90,1
4765,49,1
4766,59,1
4767,145,0
4768,200,0
4769,60,0
4770,91,1
4771,73,1
4772,31,1
4773,113,1
4774,42,1
4775,65,1
4776,58,1
4777,34,1
4778,105,1
4779,38,1
4780,79,1
4781,102,1
4782,76,1
4783,111,1
4784,64,0
4785,167,1
4786,38,1
4787,200,0
4788,85,1
4789,57,1
4790,61,1
4791,121,1
4792,134,1
4793,60,1
4794,168,1
4795,41,1
4796,39,1
4797,62,1
4798,165,0
4799,86,1
4800,184,1
4801,40,1
4802,200,0
4803,48,1
4804,113,1
4805,61,1
4806,56,1
4807,43,1
4808,200,0
4809,47,1
4810,101,1
4811,35,1
4812,118,1
4813,46,1
4814,83,1
4815,58,1
4816,21,1
4817,44,1
4818,54,1
4819,145,1
4820,55,1
4821,130,1
4822,92,1
4823,49,1
4824,106,1
4825,32,1
4826,70,1
4827,47,1
4828,79,1
4829,79,0
4830,80,1
4831,94,1
4832,49,0
4833,40,1
4834,122,1
4835,97,0
4836,62,1
4837,67,1
4838,143,1
4839,76,1
4840,50,1
4841,111,1
4842,119,1
4843,81,1
4844,53,1
4845,197,1
4846,61,1
4847,73,1
4848,108,1
4849,104,1
4850,66,1
4851,79,1
4852,60,0
4853,101,1
4854,52,1
4855,43,1
4856,58,1
4857,58,1
4858,55,1
4859,79,1
4860,121,1
4861,91,1
4862,25,0
4863,63,1
4864,42,1
4865,182,1
4866,44,1
4867,46,1
4868,200,0
4869,77,1
4870,200,0
4871,30,1
4872,143,1
4873,101,1
4874,127,1
4875,27,1
4876,98,1
4877,40,1
4878,90,1
4879,198,1
4880,88,1
4881,95,1
4882,46,1
4883,55,0
4884,75,1
4885,148,1
4886,45,1
4887,111,1
4888,94,1
4889,56,1
4890,42,1
4891,102,1
4892,76,1
4893,66,1
4894,129,1
4895,116,1
4896,142,1
4897,69,1
4898,92,1
4899,200,0
4900,126,1
4901,163,1
4902,199,1
4903,92,1
4904,54,1
4905,47,1
4906,82,1
4907,41,1
4908,95,1
4909,66,1
4910,69,1
4911,62,1
4912,159,1
4913,108,0
4914,58,1
4915,78,1
4916,200,0
4917,53,1
4918,142,1
4919,117,1
4920,50,1
4921,108,1
4922,98,1
4923,200,0
4924,200,0
4925,85,1
4926,121,1
4927,65,1
4928,62,0
4929,56,1
4930,200,0
4931,113,1
4932,77,0
4933,46,1
4934,51,1
4935,33,1
4936,64,0
4937,52,1
4938,113,1
4939,92,1
4940,154,1
4941,84,1
4942,74,1
4943,200,0
4944,60,1
4945,106,1
4946,48,1
4947,82,1
4948,140,1
4949,53,1
4950,71,1
4951,83,1
4952,130,1
4953,42,0
4954,100,1
4955,40,0
4956,57,1
4957,55,1
4958,60,1
4959,67,1
4960,45,0
4961,164,1
4962,101,1
4963,58,1
4964,92,1
4965,45,1
4966,118,1
4967,73,1
4968,167,1
4969,61,1
4970,73,1
4971,67,1
4972,42,1
4973,24,1
4974,172,1
4975,142,0
4976,76,1
4977,47,1
4978,39,1
4979,64,1
4980,55,1
4981,51,0
4982,116,1
4983,93,1
4984,75,1
4985,129,1
4986,98,1
4987,97,1
4988,89,1
4989,61,1
4990,80,1
4991,198,1
4992,100,1
4993,137,1
4994,90,1
4995,44,1
4996,51,1
4997,47,1
4998,89,1
4999,139,1
5000,137,1
5001,180,1
5002,38,1
5003,111,1
5004,46,1
5005,30,0
5006,165,0
5007,59,1
5008,121,1
5009,70,1
5010,145,1
5011,126,0
5012,92,1
5013,51,1
5014,97,1
5015,39,1
5016,75,1
5017,66,1
5018,62,1
5019,28,1
5020,36,1
5021,124,1
5022,74,0
5023,38,1
5024,56,1
5025,106,1
5026,53,1
5027,40,1
5028,58,1
5029,77,1
5030,89,1
5031,166,1
5032,180,1
5033,132,1
5034,32,0
5035,83,1
5036,32,1
5037,104,1
5038,82,1
5039,43,1
5040,70,1
5041,92,1
5042,79,1
5043,51,1
5044,49,0
5045,42,1
5046,147,1
5047,200,0
5048,46,1
5049,104,1
5050,38,1
5051,192,1
5052,31,1
5053,109,1
5054,50,1
5055,41,1
5056,71,1
5057,200,0
5058,38,0
5059,96,1
5060,105,1
5061,103,1
5062,93,1
5063,77,1
5064,106,1
5065,68,1
5066,142,1
5067,147,1
5068,115,1
5069,198,0
5070,35,0
5071,39,0
5072,87,1
5073,200,0
5074,33,1
5075,42,1
5076,57,1
5077,52,1
5078,56,1
5079,65,1
5080,46,1
5081,78,1
5082,129,1
5083,91,1
5084,48,1
5085,101,1
5086,61,1
5087,88,1
5088,44,1
5089,123,1
5090,122,0
5091,157,1
5092,61,1
5093,190,1
5094,27,0
5095,50,1
5096,44,1
5097,75,1
5098,43,0
5099,70,1
5100,83,1
5101,32,1
5102,166,1
5103,200,0
5104,65,1
5105,47,1
5106,178,1
5107,82,1
5108,66,1
5109,75,1
5110,85,1
5111,78,1
5112,75,1
5113,44,1
5114,139,1
5115,63,1
5116,82,1
5117,51,1
5118,92,1
5119,38,1
5120,190,0
5121,131,1
5122,106,1
5123,160,1
5124,195,1
5125,136,1
5126,70,1
5127,151,1
5128,71,1
5129,27,1
5130,58,0
5131,74,1
5132,104,1
5133,36,1
5134,49,1
5135,62,1
5136,60,1
5137,55,1
5138,34,1
5139,94,0
5140,70,1
5141,97,1
5142,91,1
5143,44,1
5144,81,1
5145,57,1
5146,52,1
5147,87,1
5148,38,1
5149,56,0
5150,59,1
5151,119,1
5152,144,0
5153,59,1
5154,41,1
5155,38,1
5156,113,1
5157,61,1
5158,46,1
5159,31,1
5160,67,0
5161,53,1
5162,89,0
5163,126,1
5164,61,1
5165,56,1
5166,190,1
5167,79,1
5168,81,1
5169,75,1
5170,42,1
5171,105,1
5172,40,1
5173,75,1
5174,48,0
5175,96,1
5176,53,1
5177,119,1
5178,50,1
5179,123,1
5180,25,1
5181,113,1
5182,75,1
5183,126,1
5184,63,1
5185,55,1
5186,95,1
5187,60,1
5188,64,1
5189,35,1
5190,90,1
5191,72,1
5192,75,1
5193,63,1
5194,45,1
5195,20,0
5196,28,1
5197,65,1
5198,97,1
5199,101,1
5200,200,0
5201,22,0
5202,64,1
5203,92,1
5204,188,1
5205,49,1
5206,175,1
5207,129,1
5208,57,1
5209,73,1
5210,132,0
5211,200,0
5212,19,0
5213,45,1
5214,48,1
5215,63,1
5216,35,1
5217,73,1
5218,109,1
5219,64,1
5220,43,1
5221,47,1
5222,48,1
5223,51,0
5224,200,0
5225,81,1
5226,73,1
5227,186,1
5228,116,1
5229,48,1
5230,68,1
5231,29,1
5232,107,1
5233,104,1
5234,54,1
5235,155,0
5236,82,1
5237,68,1
5238,47,1
5239,44,0
5240,48,1
5241,159,1
5242,68,1
5243,121,1
5244,54,1
5245,53,0
5246,57,0
5247,52,1
5248,94,1
5249,71,1
5250,33,1
5251,46,1
5252,123,1
5253,98,1
5254,106,1
5255,74,1
5256,153,0
5257,130,1
5258,83,1
5259,77,1
5260,50,1
5261,71,1
5262,31,0
5263,57,1
5264,79,1
5265,157,1
5266,94,1
5267,57,1
5268,93,1
5269,122,1
5270,200,0
5271,61,1
5272,20,0
5273,48,1
5274,90,1
5275,94,1
5276,17,0
5277,28,0
5278,51,1
5279,200,0
5280,75,1
5281,51,1
5282,88,1
5283,60,1
5284,84,1
5285,61,1
5286,81,1
5287,59,1
5288,110,1
5289,84,1
5290,37,1
5291,44,1
5292,76,1
5293,91,1
5294,41,1
5295,56,1
5296,106,1
5297,96,1
5298,138,1
5299,97,1
5300,119,1
5301,25,1
5302,121,1
5303,97,1
5304,51,1
5305,70,1
5306,88,1
5307,85,1
5308,63,1
5309,89,1
5310,63,1
5311,106,1
5312,30,1
5313,41,1
5314,105,1
5315,182,1
5316,176,1
5317,54,0
5318,97,1
5319,59,1
5320,61,1
5321,44,0
5322,152,1
5323,134,1
5324,47,1
5325,81,1
5326,59,0
5327,45,1
5328,121,1
5329,29,1
5330,160,1
5331,60,1
5332,63,0
5333,114,1
5334,81,1
5335,177,1
5336,123,1
5337,89,1
5338,58,1
5339,174,1
5340,114,1
5341,57,1
5342,61,1
5343,41,1
5344,80,0
5345,55,0
5346,143,1
5347,65,1
5348,89,1
5349,112,1
5350,51,1
5351,65,1
5352,42,1
5353,47,1
5354,117,1
5355,40,1
5356,50,1
5357,82,1
5358,50,1
5359,28,1
5360,43,1
5361,40,1
5362,42,1
5363,21,1
5364,127,1
5365,48,1
5366,68,1
5367,117,1
5368,78,1
5369,101,1
5370,50,1
5371,114,1
5372,83,1
5373,42,1
5374,67,0
5375,43,1
5376,60,1
5377,38,1
5378,54,1
5379,60,1
5380,88,1
5381,71,1
5382,85,1
5383,88,0
5384,77,1
5385,85,0
5386,84,1
5387,147,0
5388,49,1
5389,57,0
5390,37,1
5391,49,1
5392,36,1
5393,31,1
5394,20,0
5395,95,1
5396,200,0
5397,89,1
5398,73,1
5399,47,1
5400,113,1
5401,42,1
5402,38,1
5403,156,1
5404,47,1
5405,169,0
5406,27,1
5407,43,1
5408,62,1
5409,109,1
5410,77,1
5411,69,1
5412,59,1
5413,138,1
5414,81,1
5415,200,0
5416,69,1
5417,59,1
5418,94,1
5419,136,1
5420,77,1
5421,131,1
5422,109,1
5423,84,1
5424,55,0
5425,158,0
5426,71,0
5427,56,1
5428,48,1
5429,43,1
5430,112,1
5431,83,1
5432,81,1
5433,119,1
5434,55,0
5435,101,1
5436,125,0
5437,60,1
5438,62,1
5439,140,1
5440,88,0
5441,64,1
5442,127,1
5443,84,1
5444,44,1
5445,93,0
5446,62,1
5447,113,1
5448,144,1
5449,103,1
5450,45,0
5451,73,1
5452,69,1
5453,98,1
5454,63,1
5455,47,0
5456,143,1
5457,80,1
5458,82,1
5459,46,0
5460,67,1
5461,79,1
5462,92,1
5463,121,1
5464,57,1
5465,50,1
5466,62,1
5467,78,1
5468,56,1
5469,108,1
5470,45,1
5471,66,1
5472,102,1
5473,41,1
5474,136,1
5475,71,1
5476,152,1
5477,40,1
5478,157,1
5479,44,1
5480,84,1
5481,45,1
5482,160,1
5483,35,1
5484,55,1
5485,145,1
5486,46,1
5487,45,1
5488,103,1
5489,58,1
5490,133,1
5491,136,1
5492,137,1
5493,79,1
5494,108,0
5495,181,1
5496,138,1
5497,45,1
5498,83,1
5499,40,1
5500,128,1
5501,28,1
5502,50,1
5503,84,1
5504,42,1
5505,200,0
5506,110,1
5507,200,0
5508,124,1
5509,115,1
5510,92,1
5511,84,1
5512,86,1
5513,119,1
5514,123,1
5515,107,1
5516,29,1
5517,65,1
5518,54,1
5519,103,1
5520,78,1
5521,31,1
5522,105,1
5523,117,1
5524,30,1
5525,107,1
5526,49,1
5527,56,1
5528,110,1
5529,55,1
5530,31,0
5531,31,1
5532,41,1
5533,49,1
5534,104,1
5535,77,0
5536,60,1
5537,129,1
5538,37,1
5539,75,1
5540,58,1
5541,200,0
5542,106,1
5543,61,1
5544,78,0
5545,107,1
5546,70,1
5547,73,1
5548,111,1
5549,197,0
5550,84,0
5551,46,1
5552,197,1
5553,27,1
5554,78,0
5555,54,1
5556,105,1
5557,38,1
5558,40,1
5559,52,1
5560,58,1
5561,50,1
5562,200,0
5563,98,1
5564,156,1
5565,55,1
5566,166,1
5567,96,1
5568,36,1
5569,25,1
5570,88,1
5571,200,0
5572,92,1
5573,64,1
5574,114,1
5575,84,1
5576,140,1
5577,54,1
5578,160,1
5579,90,1
5580,163,1
5581,59,1
5582,81,1
5583,45,1
5584,68,1
5585,200,0
5586,46,1
5587,200,0
5588,107,1
5589,75,1
5590,85,1
5591,40,1
5592,135,1
5593,61,1
5594,74,1
5595,52,1
5596,50,1
5597,94,0
5598,47,1
5599,45,1
5600,76,1
5601,73,1
5602,34,1
5603,68,1
5604,40,1
5605,45,1
5606,101,1
5607,190,1
5608,147,1
5609,37,1
5610,67,1
5611,85,1
5612,69,1
5613,98,1
5614,162,1
5615,77,1
5616,180,1
5617,105,1
5618,79,1
5619,46,1
5620,60,1
5621,166,1
5622,200,0
5623,37,1
5624,74,1
5625,58,1
5626,130,1
5627,62,1
5628,64,0
5629,64,1
5630,74,1
5631,69,0
5632,61,1
5633,89,1
5634,68,1
5635,41,1
5636,22,1
5637,80,1
5638,36,1
5639,107,1
5640,87,1
5641,157,1
5642,52,1
5643,27,1
5644,41,0
5645,70,1
5646,122,0
5647,49,1
5648,76,1
5649,62,1
5650,100,1
5651,194,1
5652,61,1
5653,150,1
5654,200,0
5655,31,1
5656,28,1
5657,135,0
5658,161,1
5659,88,1
5660,68,1
5661,121,0
5662,49,1
5663,88,1
5664,47,1
5665,80,1
5666,161,1
5667,35,1
5668,165,1
5669,133,1
5670,200,0
5671,39,0
5672,174,1
5673,81,1
5674,28,0
5675,200,0
5676,170,1
5677,50,1
5678,70,1
5679,95,1
5680,34,0
5681,62,1
5682,103,1
5683,138,1
5684,84,1
5685,79,0
5686,90,1
5687,157,1
5688,78,1
5689,69,1
5690,72,1
5691,41,1
5692,43,1
5693,72,1
5694,37,1
5695,33,0
5696,103,1
5697,61,1
5698,62,1
5699,101,1
5700,148,1
5701,132,1
5702,103,1
5703,75,1
5704,80,1
5705,75,1
5706,45,1
5707,107,1
5708,63,1
5709,75,1
5710,108,1
5711,42,1
5712,106,1
5713,192,1
5714,100,1
5715,71,1
5716,82,1
5717,58,1
5718,80,1
5719,50,0
5720,58,1
5721,110,1
5722,200,0
5723,76,0
5724,102,1
5725,78,1
5726,81,0
5727,36,1
5728,42,1
5729,79,1
5730,51,0
5731,73,1
5732,143,1
5733,113,1
5734,107,1
5735,45,1
5736,103,1
5737,76,0
5738,77,1
5739,57,1
5740,62,0
5741,74,1
5742,43,1
5743,187,1
5744,141,1
5745,52,1
5746,25,0
5747,41,1
5748,114,1
5749,70,1
5750,69,1
5751,50,1
5752,73,1
5753,71,1
5754,34,1
5755,115,1
5756,28,1
5757,80,1
5758,180,1
5759,176,1
5760,61,1
5761,160,1
5762,56,1
5763,200,0
5764,41,0
5765,74,1
5766,94,1
5767,96,1
5768,52,0
5769,50,0
5770,32,1
5771,200,1
5772,111,1
5773,63,1
5774,34,1
5775,55,1
5776,138,1
5777,61,1
5778,34,1
5779,78,1
5780,39,1
5781,45,1
5782,117,1
5783,158,1
5784,43,1
5785,57,1
5786,103,0
5787,83,1
5788,68,1
5789,66,1
5790,109,1
5791,56,1
5792,107,1
5793,50,1
5794,200,0
5795,41,1
5796,70,1
5797,122,1
5798,137,1
5799,95,1
5800,132,1
5801,23,1
5802,54,1
5803,67,1
5804,63,1
5805,42,1
5806,48,1
5807,154,1
5808,50,1
5809,149,1
5810,200,0
5811,200,0
5812,53,1
5813,41,1
5814,102,1
5815,53,0
5816,43,1
5817,109,1
5818,32,1
5819,51,0
5820,112,1
5821,91,1
5822,40,1
5823,78,1
5824,88,1
5825,142,1
5826,43,1
5827,40,1
5828,39,1
5829,54,1
5830,148,1
5831,29,1
5832,65,0
5833,63,0
5834,93,1
5835,88,1
5836,81,1
5837,82,1
5838,71,1
5839,77,1
5840,71,1
5841,137,1
5842,97,1
5843,41,0
5844,35,1
5845,58,1
5846,87,1
5847,109,1
5848,107,1
5849,20,1
5850,80,0
5851,62,1
5852,78,1
5853,99,1
5854,200,0
5855,85,1
5856,200,0
5857,91,1
5858,46,1
5859,48,1
5860,58,1
5861,55,0
5862,44,1
5863,193,1
5864,99,1
5865,70,1
5866,70,1
5867,66,1
5868,49,0
5869,129,1
5870,64,1
5871,42,1
5872,50,1
5873,72,1
5874,92,1
5875,111,0
5876,47,1
5877,45,1
5878,105,1
5879,172,0
5880,58,1
5881,150,1
5882,62,1
5883,23,0
5884,83,1
5885,125,1
5886,200,0
5887,81,1
5888,83,1
5889,61,1
5890,115,1
5891,133,1
5892,200,0
5893,25,1
5894,58,1
5895,153,0
5896,57,1
5897,39,1
5898,99,1
5899,42,1
5900,100,1
5901,200,0
5902,74,1
5903,74,1
5904,38,1
5905,138,1
5906,200,0
5907,35,1
5908,134,1
5909,200,0
5910,59,1
5911,102,1
5912,35,0
5913,105,1
5914,90,1
5915,20,1
5916,40,1
5917,64,1
5918,107,1
5919,97,1
5920,106,1
5921,118,1
5922,145,1
5923,95,0
5924,88,1
5925,39,1
5926,23,1
5927,104,1
5928,124,1
5929,57,1
5930,193,1
5931,146,1
5932,157,1
5933,49,0
5934,136,1
5935,76,1
5936,42,0
5937,56,1
5938,98,1
5939,106,1
5940,72,1
5941,106,1
5942,54,1
5943,42,1
5944,36,1
5945,90,1
5946,44,1
5947,69,1
5948,89,1
5949,54,1
5950,110,1
5951,200,0
5952,121,1
5953,92,1
5954,51,1
5955,58,1
5956,77,1
5957,66,1
5958,74,1
5959,126,1
5960,47,1
5961,69,1
5962,63,1
5963,33,0
5964,87,1
5965,86,1
5966,56,1
5967,73,1
5968,86,1
5969,88,1
5970,66,1
5971,75,1
5972,68,1
5973,40,1
5974,29,0
5975,31,1
5976,48,1
5977,110,1
5978,56,1
5979,23,0
5980,30,1
5981,74,1
5982,73,1
5983,66,1
5984,103,1
5985,200,0
5986,78,1
5987,127,1
5988,58,0
5989,64,0
5990,72,1
5991,75,1
5992,43,0
5993,49,1
5994,71,1
5995,63,1
5996,137,1
5997,47,1
5998,83,1
5999,84,1
6000,48,1
6001,99,1
6002,63,1
6003,147,1
6004,97,1
6005,71,1
6006,83,0
6007,66,0
6008,155,1
6009,71,1
6010,35,1
6011,139,1
6012,87,1
6013,42,1
6014,62,1
6015,50,1
6016,124,0
6017,153,1
6018,164,0
6019,59,1
6020,127,1
6021,119,1
6022,66,1
6023,61,1
6024,88,1
6025,65,1
6026,60,1
6027,22,0
6028,88,1
6029,91,1
6030,52,1
6031,74,1
6032,32,1
6033,49,1
6034,25,1
6035,49,1
6036,55,1
6037,114,1
6038,88,1
6039,109,1
6040,114,1
6041,55,1
6042,40,1
6043,159,1
6044,58,1
6045,42,1
6046,30,1
6047,91,1
6048,32,1
6049,127,1
6050,94,1
6051,56,1
6052,108,1
6053,89,1
6054,81,1
6055,200,0
6056,72,1
6057,82,1
6058,66,1
6059,67,1
6060,66,0
6061,48,1
6062,71,1
6063,200,0
6064,67,1
6065,46,0
6066,88,1
6067,27,1
6068,68,1
6069,37,1
6070,33,0
6071,160,1
6072,74,1
6073,58,1
6074,53,1
6075,25,1
6076,106,1
6077,49,1
6078,149,1
6079,41,1
6080,112,1
6081,27,1
6082,28,0
6083,89,1
6084,116,0
6085,64,1
6086,174,1
6087,38,1
6088,39,1
6089,39,1
6090,85,0
6091,46,1
6092,31,1
6093,77,1
6094,77,1
6095,72,1
6096,100,1
6097,67,1
6098,69,1
6099,58,1
6100,95,1
6101,129,1
6102,93,1
6103,164,1
6104,131,1
6105,45,1
6106,200,0
6107,92,1
6108,89,1
6109,97,0
6110,98,1
6111,74,1
6112,84,1
6113,48,1
6114,119,1
6115,36,1
6116,141,1
6117,36,1
6118,87,1
6119,69,1
6120,73,1
6121,94,0
6122,61,1
6123,50,1
6124,41,1
6125,175,1
6126,67,1
6127,40,1
6128,49,1
6129,134,1
6130,58,1
6131,69,1
6132,52,1
6133,101,1
6134,36,1
6135,65,1
6136,71,1
6137,32,1
6138,80,1
6139,104,1
6140,47,1
6141,86,1
6142,56,1
6143,54,0
6144,30,1
6145,44,0
6146,95,1
6147,117,1
6148,63,1
6149,125,0
6150,67,1
6151,75,1
6152,58,1
6153,47,1
6154,107,1
6155,36,0
6156,184,1
6157,25,1
6158,39,1
6159,97,1
6160,72,1
6161,100,1
6162,38,1
6163,30,1
6164,190,1
6165,37,1
6166,134,1
6167,140,0
6168,127,1
6169,20,1
6170,99,1
6171,58,1
6172,197,1
6173,57,1
6174,82,1
6175,69,1
6176,59,1
6177,42,1
6178,75,1
6179,59,1
6180,57,1
6181,91,1
6182,78,1
6183,47,1
6184,34,1
6185,37,1
6186,71,1
6187,83,1
6188,58,1
6189,56,1
6190,44,1
6191,200,0
6192,119,1
6193,122,1
6194,103,1
6195,37,0
6196,73,1
6197,86,1
6198,118,0
6199,129,1
6200,65,1
6201,58,1
6202,88,0
6203,121,1
6204,84,1
6205,34,1
6206,27,1
6207,66,1
6208,77,1
6209,98,1
6210,68,1
6211,75,1
6212,113,1
6213,57,1
6214,34,1
6215,58,1
6216,122,1
6217,104,1
6218,62,1
6219,117,1
6220,126,0
6221,112,1
6222,71,1
6223,75,1
6224,104,1
6225,76,1
6226,22,1
6227,124,1
6228,106,1
6229,85,1
6230,49,1
6231,143,1
6232,71,1
6233,53,1
6234,91,0
6235,76,1
6236,38,1
6237,87,1
6238,34,1
6239,39,1
6240,42,0
6241,54,1
6242,29,1
6243,119,0
6244,66,1
6245,57,1
6246,36,1
6247,49,1
6248,142,1
6249,94,1
6250,116,0
6251,200,0
6252,51,1
6253,200,0
6254,81,1
6255,78,1
6256,200,0
6257,71,1
6258,68,1
6259,75,1
6260,57,1
6261,126,1
6262,88,1
6263,102,1
6264,81,1
6265,72,1
6266,45,1
6267,40,1
6268,92,0
6269,76,1
6270,48,1
6271,66,1
6272,35,1
6273,170,1
6274,54,1
6275,140,0
6276,58,1
6277,119,1
6278,48,1
6279,65,1
6280,31,0
6281,70,1
6282,80,0
6283,54,0
6284,115,1
6285,81,1
6286,108,1
6287,75,1
6288,176,1
6289,74,1
6290,72,1
6291,31,1
6292,101,1
6293,102,1
6294,150,1
6295,82,1
6296,50,0
6297,73,1
6298,50,1
6299,169,1
6300,62,1
6301,92,1
6302,62,1
6303,148,1
6304,33,0
6305,41,1
6306,63,1
6307,135,1
6308,111,1
6309,51,0
6310,172,0
6311,103,1
6312,70,1
6313,155,1
6314,61,1
6315,106,1
6316,200,0
6317,132,1
6318,95,0
6319,64,1
6320,69,1
6321,100,1
6322,200,0
6323,36,1
6324,93,0
6325,67,1
6326,90,1
6327,62,1
6328,155,1
6329,200,0
6330,58,1
6331,93,1
6332,76,1
6333,70,1
6334,121,1
6335,94,1
6336,85,1
6337,106,1
6338,62,1
6339,60,0
6340,76,1
6341,37,1
6342,131,1
6343,45,1
6344,44,1
6345,81,1
6346,35,0
6347,200,0
6348,90,0
6349,153,1
6350,136,1
6351,82,1
6352,110,1
6353,68,0
6354,76,1
6355,106,1
6356,89,1
6357,30,1
6358,150,1
6359,73,1
6360,68,0
6361,52,1
6362,132,1
6363,60,1
6364,103,1
6365,66,1
6366,89,1
6367,28,0
6368,53,1
6369,63,1
6370,98,1
6371,111,1
6372,48,1
6373,116,1
6374,53,1
6375,53,1
6376,82,1
6377,51,1
6378,67,1
6379,53,1
6380,47,1
6381,32,1
6382,109,1
6383,87,1
6384,108,1
6385,157,1
6386,143,1
6387,109,1
6388,137,1
6389,51,1
6390,33,1
6391,39,1
6392,154,1
6393,156,1
6394,55,1
6395,40,1
6396,69,1
6397,76,1
6398,43,1
6399,100,1
6400,78,0
6401,48,1
6402,30,1
6403,116,1
6404,106,1
6405,42,1
6406,81,1
6407,92,1
6408,105,0
6409,45,1
6410,90,1
6411,64,0
6412,95,1
6413,61,1
6414,80,1
6415,91,1
6416,49,1
6417,52,1
6418,38,1
6419,54,1
6420,135,1
6421,62,1
6422,156,1
6423,57,0
6424,105,1
6425,86,1
6426,119,1
6427,140,1
6428,96,1
6429,77,1
6430,106,1
6431,84,1
6432,44,1
6433,32,1
6434,97,1
6435,65,1
6436,51,1
6437,78,1
6438,30,1
6439,106,0
6440,66,1
6441,110,1
6442,124,1
6443,196,1
6444,75,1
6445,47,1
6446,58,1
6447,64,1
6448,129,1
6449,67,1
6450,180,0
6451,72,1
6452,126,1
6453,74,1
6454,73,1
6455,36,0
6456,65,1
6457,78,1
6458,54,1
6459,36,0
6460,43,1
6461,168,1
6462,200,0
6463,200,0
6464,155,1
6465,34,0
6466,59,1
6467,93,1
6468,144,1
6469,109,1
6470,200,0
6471,200,0
6472,139,1
6473,55,1
6474,44,1
6475,97,1
6476,82,1
6477,146,1
6478,200,0
6479,200,0
6480,99,1
6481,88,1
6482,83,1
6483,34,1
6484,47,1
6485,124,1
6486,119,1
6487,42,1
6488,100,1
6489,110,1
6490,178,1
6491,107,1
6492,99,1
6493,78,1
6494,200,0
6495,25,0
6496,200,0
6497,109,1
6498,39,1
6499,118,1
6500,38,1
6501,73,1
6502,150,1
6503,75,1
6504,132,1
6505,158,1
6506,23,0
6507,43,1
6508,36,1
6509,176,1
6510,105,1
6511,38,1
6512,170,1
6513,58,1
6514,84,1
6515,78,1
6516,67,1
6517,32,1
6518,66,1
6519,33,1
6520,144,1
6521,155,1
6522,150,1
6523,44,1
6524,66,1
6525,100,1
6526,32,1
6527,164,1
6528,72,1
6529,200,0
6530,66,1
6531,64,1
6532,88,1
6533,41,1
6534,95,1
6535,72,1
6536,100,1
6537,117,1
6538,53,1
6539,14,0
6540,39,1
6541,68,1
6542,44,1
6543,147,1
6544,122,1
6545,139,1
6546,161,1
6547,62,1
6548,70,0
6549,44,1
6550,58,1
6551,38,1
6552,80,1
6553,57,1
6554,177,1
6555,200,0
6556,54,1
6557,63,1
6558,32,1
6559,82,1
6560,47,1
6561,44,0
6562,55,1
6563,73,1
6564,51,0
6565,141,1
6566,46,1
6567,39,1
6568,76,1
6569,42,1
6570,77,1
6571,69,0
6572,170,1
6573,41,1
6574,87,1
6575,40,1
6576,63,1
6577,26,1
6578,61,1
6579,42,1
6580,195,1
6581,67,1
6582,65,1
6583,56,0
6584,55,1
6585,200,0
6586,81,0
6587,149,1
6588,129,1
6589,46,1
6590,142,1
6591,89,1
6592,85,1
6593,50,1
6594,71,0
6595,78,1
6596,53,1
6597,61,1
6598,57,0
6599,72,1
6600,94,1
6601,98,1
6602,200,0
6603,53,1
6604,67,0
6605,99,1
6606,124,1
6607,66,1
6608,67,1
6609,50,1
6610,57,1
6611,51,1
6612,42,1
6613,76,0
6614,47,1
6615,71,1
6616,114,1
6617,57,1
6618,24,0
6619,99,1
6620,54,1
6621,200,0
6622,31,1
6623,185,1
6624,88,1
6625,101,1
6626,105,1
6627,62,1
6628,67,1
6629,132,1
6630,66,1
6631,80,1
6632,162,1
6633,52,1
6634,55,1
6635,40,1
6636,98,1
6637,89,1
6638,113,1
6639,83,1
6640,142,1
6641,92,0
6642,108,1
6643,93,1
6644,46,1
6645,70,1
6646,76,1
6647,95,1
6648,25,0
6649,51,1
6650,35,1
6651,93,1
6652,68,1
6653,101,1
6654,50,1
6655,37,1
6656,139,1
6657,121,1
6658,99,1
6659,38,1
6660,86,1
6661,66,1
6662,159,0
6663,77,1
6664,71,1
6665,87,1
6666,52,1
6667,58,1
6668,42,1
6669,46,1
6670,96,1
6671,82,1
6672,79,1
6673,40,1
6674,141,1
6675,29,1
6676,64,1
6677,103,1
6678,28,0
6679,102,1
6680,49,1
6681,132,1
6682,56,1
6683,184,1
6684,161,1
6685,53,1
6686,49,1
6687,113,1
6688,64,1
6689,49,1
6690,42,1
6691,103,1
6692,82,1
6693,55,1
6694,62,1
6695,95,1
6696,54,1
6697,68,1
6698,200,0
6699,49,1
6700,46,1
6701,64,1
6702,20,1
6703,60,0
6704,56,1
6705,40,1
6706,191,1
6707,200,0
6708,92,1
6709,146,1
6710,94,1
6711,83,1
6712,31,1
6713,92,1
6714,70,1
6715,54,0
6716,114,1
6717,15,0
6718,30,1
6719,51,1
6720,61,1
6721,92,1
6722,156,1
6723,62,1
6724,22,0
6725,110,1
6726,58,1
6727,83,1
6728,65,0
6729,63,1
6730,82,1
6731,34,1
6732,129,1
6733,17,1
6734,86,1
6735,54,1
6736,100,1
6737,74,1
6738,124,1
6739,39,0
6740,108,1
6741,63,1
6742,49,1
6743,43,1
6744,59,1
6745,102,1
6746,125,1
6747,25,1
6748,78,1
6749,31,1
6750,141,1
6751,200,0
6752,59,1
6753,88,1
6754,59,1
6755,184,1
6756,34,1
6757,113,1
6758,59,1
6759,177,1
6760,67,1
6761,90,1
6762,40,1
6763,66,1
6764,39,1
6765,81,1
6766,35,0
6767,95,0
6768,60,1
6769,97,1
6770,60,1
6771,100,1
6772,191,1
6773,112,1
6774,34,1
6775,101,1
6776,128,1
6777,97,1
6778,110,1
6779,56,1
6780,60,1
6781,117,1
6782,18,0
6783,67,1
6784,98,1
6785,36,1
6786,133,1
6787,200,0
6788,58,1
6789,131,1
6790,159,1
6791,121,1
6792,68,1
6793,46,1
6794,200,0
6795,63,1
6796,167,1
6797,52,1
6798,50,0
6799,64,1
6800,84,1
6801,75,1
6802,68,1
6803,125,1
6804,158,1
6805,91,1
6806,44,0
6807,61,1
6808,34,1
6809,93,1
6810,129,1
6811,112,1
6812,118,1
6813,83,1
6814,65,1
6815,77,1
6816,82,1
6817,88,1
6818,39,1
6819,139,1
6820,35,0
6821,51,1
6822,115,1
6823,75,1
6824,37,1
6825,28,1
6826,47,1
6827,66,1
6828,103,1
6829,32,1
6830,56,1
6831,67,1
6832,164,1
6833,74,1
6834,162,1
6835,32,1
6836,40,1
6837,135,1
6838,63,1
6839,50,1
6840,74,1
6841,106,1
6842,99,1
6843,88,1
6844,132,1
6845,105,1
6846,73,1
6847,107,1
6848,79,1
6849,66,1
6850,57,1
6851,47,1
6852,70,1
6853,30,1
6854,70,1
6855,152,1
6856,56,1
6857,155,1
6858,39,1
6859,26,1
6860,41,0
6861,30,1
6862,81,1
6863,93,1
6864,117,0
6865,31,1
6866,65,1
6867,49,1
6868,147,1
6869,200,0
6870,41,1
6871,190,1
6872,84,1
6873,116,1
6874,178,1
6875,137,1
6876,56,1
6877,68,1
6878,106,0
6879,44,1
6880,37,1
6881,90,1
6882,61,1
6883,70,1
6884,57,1
6885,45,1
6886,153,0
6887,58,1
6888,107,0
6889,109,1
6890,59,1
6891,87,1
6892,38,1
6893,43,1
6894,66,1
6895,59,1
6896,131,1
6897,53,1
6898,66,1
6899,144,1
6900,70,1
6901,42,1
6902,133,1
6903,173,1
6904,43,1
6905,31,0
6906,61,1
6907,80,1
6908,110,1
6909,200,0
6910,85,1
6911,193,1
6912,175,1
6913,41,1
6914,55,1
6915,168,1
6916,73,1
6917,47,1
6918,200,0
6919,200,0
6920,115,1
6921,47,1
6922,95,1
6923,65,1
6924,200,0
6925,100,1
6926,148,1
6927,41,1
6928,57,1
6929,48,1
6930,188,0
6931,51,1
6932,71,0
6933,151,1
6934,177,1
6935,61,1
6936,186,1
6937,121,0
6938,33,1
6939,36,0
6940,148,1
6941,56,0
6942,63,1
6943,74,1
6944,78,1
6945,41,1
6946,31,1
6947,200,0
6948,117,1
6949,176,1
6950,172,1
6951,95,1
6952,175,1
6953,71,1
6954,52,1
6955,32,0
6956,124,0
6957,110,1
6958,58,1
6959,40,1
6960,61,1
6961,59,1
6962,59,1
6963,82,1
6964,190,1
6965,114,1
6966,113,1
6967,88,1
6968,119,1
6969,60,1
6970,123,1
6971,66,1
6972,34,0
6973,62,1
6974,88,0
6975,124,1
6976,48,1
6977,31,1
6978,74,1
6979,115,1
6980,50,1
6981,53,1
6982,42,1
6983,42,1
6984,59,0
6985,58,0
6986,63,1
6987,28,1
6988,108,1
6989,78,1
6990,56,1
6991,106,1
6992,160,1
6993,89,1
6994,144,0
6995,114,1
6996,88,1
6997,107,0
6998,56,1
6999,82,1
7000,88,1
7001,200,0
7002,51,0
7003,135,1
7004,66,1
7005,60,1
7006,96,1
7007,200,0
7008,116,1
7009,97,1
7010,39,0
7011,61,0
7012,55,1
7013,152,1
7014,52,1
7015,109,1
7016,91,1
7017,39,1
7018,152,1
7019,78,1
7020,62,1
7021,74,0
7022,73,0
7023,117,0
7024,80,1
7025,168,1
7026,155,1
7027,62,1
7028,95,1
7029,44,0
7030,44,1
7031,64,1
7032,193,1
7033,200,0
7034,87,1
7035,84,1
7036,71,1
7037,64,1
7038,73,1
7039,65,1
7040,32,1
7041,182,1
7042,73,1
7043,42,0
7044,103,1
7045,200,0
7046,18,0
7047,100,1
7048,95,1
7049,186,1
7050,40,1
7051,105,1
7052,71,1
7053,51,1
7054,59,1
7055,50,1
7056,57,1
7057,125,1
7058,51,1
7059,200,0
7060,44,0
7061,60,1
7062,180,1
7063,85,1
7064,155,1
7065,42,1
7066,125,1
7067,87,1
7068,134,1
7069,60,1
7070,21,1
7071,75,1
7072,55,1
7073,28,1
7074,200,0
7075,104,1
7076,46,1
7077,67,1
7078,113,1
7079,86,0
7080,34,1
7081,155,1
7082,104,1
7083,82,1
7084,121,1
7085,186,1
7086,42,1
7087,130,0
7088,50,1
7089,36,1
7090,121,1
7091,139,1
7092,55,1
7093,54,1
7094,93,1
7095,107,1
7096,71,0
7097,39,1
7098,169,1
7099,50,1
7100,105,1
7101,81,1
7102,142,1
7103,132,0
7104,107,1
7105,51,1
7106,101,1
7107,124,1
7108,63,1
7109,115,1
7110,179,1
7111,49,1
7112,143,1
7113,182,0
7114,71,1
7115,110,1
7116,96,1
7117,153,1
7118,200,0
7119,76,1
7120,125,1
7121,174,1
7122,62,1
7123,56,1
7124,36,0
7125,97,1
7126,41,1
7127,167,1
7128,65,1
7129,85,1
7130,52,1
7131,84,1
7132,79,1
7133,103,0
7134,53,0
7135,164,0
7136,82,1
7137,57,1
7138,119,1
7139,42,1
7140,200,0
7141,33,0
7142,108,1
7143,46,1
7144,122,1
7145,47,1
7146,90,1
7147,111,1
7148,100,1
7149,127,1
7150,50,1
7151,99,1
7152,106,1
7153,120,1
7154,92,1
7155,101,1
7156,47,1
7157,112,1
7158,59,1
7159,129,1
7160,137,1
7161,81,0
7162,152,1
7163,72,1
7164,84,1
7165,58,1
7166,82,1
7167,83,1
7168,129,1
7169,58,1
7170,65,1
7171,44,1
7172,94,1
7173,143,1
7174,143,1
7175,107,1
7176,65,1
7177,52,1
7178,95,1
7179,55,1
7180,96,0
7181,191,0
7182,148,1
7183,115,1
7184,76,1
7185,82,1
7186,40,1
7187,69,1
7188,53,1
7189,81,1
7190,52,1
7191,192,1
7192,51,1
7193,75,1
7194,153,1
7195,36,1
7196,66,1
7197,72,1
7198,36,1
7199,55,1
7200,99,1
7201,129,1
7202,98,1
7203,52,1
7204,71,0
7205,79,1
7206,27,1
7207,51,0
7208,127,1
7209,46,1
7210,60,1
7211,152,1
7212,107,0
7213,161,1
7214,148,1
7215,62,1
7216,71,1
7217,69,1
7218,88,1
7219,130,1
7220,75,1
7221,32,0
7222,144,1
7223,135,1
7224,74,1
7225,89,1
7226,91,1
7227,55,1
7228,108,1
7229,130,0
7230,67,1
7231,200,0
7232,42,1
7233,58,1
7234,92,1
7235,63,1
7236,70,1
7237,90,1
7238,162,1
7239,38,1
7240,157,1
7241,74,1
7242,173,1
7243,123,1
7244,76,1
7245,54,1
7246,60,1
7247,90,1
7248,166,0
7249,93,1
7250,25,1
7251,76,1
7252,172,1
7253,46,1
7254,130,1
7255,44,1
7256,23,1
7257,69,1
7258,76,1
7259,69,0
7260,100,1
7261,131,1
7262,60,1
7263,139,1
7264,40,1
7265,78,1
7266,62,1
7267,200,0
7268,45,1
7269,66,1
7270,38,1
7271,85,1
7272,83,1
7273,35,1
7274,143,1
7275,53,1
7276,29,1
7277,125,1
7278,55,1
7279,96,0
7280,143,1
7281,77,1
7282,55,1
7283,58,1
7284,33,1
7285,200,0
7286,77,1
7287,42,1
7288,84,1
7289,76,1
7290,44,1
7291,92,1
7292,200,0
7293,129,1
7294,200,0
7295,49,1
7296,59,1
7297,113,1
7298,47,1
7299,200,0
7300,76,0
7301,105,1
7302,78,1
7303,78,1
7304,80,1
7305,55,1
7306,31,1
7307,115,0
7308,50,1
7309,52,1
7310,44,0
7311,60,1
7312,127,1
7313,73,1
7314,37,0
7315,121,1
7316,80,0
7317,32,0
7318,39,1
7319,200,0
7320,55,1
7321,97,1
7322,180,1
7323,87,1
7324,120,1
7325,51,1
7326,132,1
7327,109,1
7328,59,1
7329,170,1
7330,60,1
7331,86,1
7332,40,1
7333,39,1
7334,142,1
7335,112,1
7336,69,1
7337,86,0
7338,72,1
7339,60,1
7340,75,1
7341,127,1
7342,35,1
7343,49,1
7344,47,1
7345,88,1
7346,93,1
7347,169,1
7348,138,1
7349,73,1
7350,160,1
7351,134,1
7352,92,1
7353,42,1
7354,93,1
7355,127,1
7356,174,1
7357,68,0
7358,96,1
7359,27,1
7360,43,1
7361,103,1
7362,76,1
7363,82,1
7364,200,0
7365,34,1
7366,134,1
7367,171,1
7368,46,1
7369,97,1
7370,85,1
7371,56,1
7372,111,1
7373,74,0
7374,32,1
7375,67,1
7376,200,0
7377,33,1
7378,74,1
7379,28,0
7380,83,1
7381,118,1
7382,58,1
7383,70,1
7384,49,1
7385,114,0
7386,102,1
7387,30,1
7388,170,1
7389,92,1
7390,126,1
7391,110,1
7392,62,1
7393,35,1
7394,138,1
7395,133,1
7396,102,0
7397,149,1
7398,41,1
7399,32,1
7400,113,1
7401,200,0
7402,200,0
7403,112,1
7404,74,1
7405,99,1
7406,146,1
7407,42,1
7408,86,1
7409,53,1
7410,66,1
7411,82,1
7412,22,0
7413,50,1
7414,62,1
7415,85,1
7416,89,1
7417,80,1
7418,113,1
7419,200,0
7420,137,1
7421,59,1
7422,70,1
7423,64,0
7424,38,1
7425,50,1
7426,145,1
7427,122,1
7428,89,1
7429,73,1
7430,88,1
7431,37,1
7432,85,0
7433,49,1
7434,79,1
7435,35,0
7436,53,1
7437,99,1
7438,39,1
7439,87,1
7440,54,1
7441,73,1
7442,44,1
7443,121,1
7444,148,1
7445,74,1
7446,43,1
7447,23,0
7448,121,0
7449,47,1
7450,98,0
7451,92,1
7452,57,1
7453,61,0
7454,136,0
7455,116,1
7456,71,1
7457,70,1
7458,44,1
7459,60,1
7460,66,1
7461,135,1
7462,173,1
7463,138,1
7464,100,1
7465,90,1
7466,77,1
7467,108,1
7468,49,1
7469,37,1
7470,72,1
7471,130,1
7472,37,1
7473,200,0
7474,72,1
7475,133,1
7476,69,1
7477,59,1
7478,82,1
7479,63,1
7480,116,1
7481,54,1
7482,45,1
7483,69,1
7484,66,1
7485,81,1
7486,43,1
7487,59,1
7488,102,1
7489,200,0
7490,74,1
7491,75,1
7492,80,1
7493,41,1
7494,34,1
7495,79,1
7496,117,1
7497,63,1
7498,81,1
7499,142,1
7500,34,1
7501,51,1
7502,62,1
7503,63,1
7504,50,1
7505,101,1
7506,138,1
7507,92,1
7508,89,1
7509,86,1
7510,72,1
7511,96,0
7512,200,1
7513,66,1
7514,55,1
7515,55,1
7516,83,1
7517,200,0
7518,99,1
7519,82,1
7520,77,1
7521,59,1
7522,83,1
7523,70,1
7524,72,1
7525,164,1
7526,90,1
7527,70,1
7528,30,1
7529,62,1
7530,27,1
7531,34,1
7532,118,1
7533,62,1
7534,128,0
7535,192,1
7536,81,1
7537,44,1
7538,40,1
7539,68,1
7540,29,1
7541,39,1
7542,56,1
7543,38,1
7544,56,1
7545,115,1
7546,67,0
7547,84,1
7548,86,1
7549,44,1
7550,76,1
7551,55,1
7552,120,1
7553,68,1
7554,76,1
7555,60,1
7556,35,1
7557,64,1
7558,34,1
7559,95,1
7560,39,1
7561,61,1
7562,37,0
7563,137,1
7564,171,1
7565,195,1
7566,60,1
7567,71,1
7568,40,1
7569,27,1
7570,106,1
7571,42,0
7572,86,0
7573,152,1
7574,178,1
7575,51,1
7576,67,1
7577,60,1
7578,36,1
7579,114,1
7580,103,1
7581,73,1
7582,118,1
7583,200,0
7584,129,1
7585,69,1
7586,79,1
7587,36,1
7588,57,1
7589,119,1
7590,135,1
7591,42,0
7592,109,1
7593,103,1
7594,97,1
7595,55,1
7596,89,1
7597,78,1
7598,71,1
7599,63,1
7600,29,1
7601,44,1
7602,84,0
7603,137,1
7604,38,1
7605,52,1
7606,153,1
7607,51,1
7608,67,1
7609,182,1
7610,56,1
7611,91,1
7612,80,1
7613,61,1
7614,51,1
7615,150,1
7616,71,1
7617,43,1
7618,75,1
7619,43,1
7620,161,1
7621,131,1
7622,54,1
7623,64,1
7624,42,1
7625,64,1
7626,75,1
7627,51,1
7628,78,1
7629,36,0
7630,175,1
7631,26,1
7632,136,1
7633,42,0
7634,118,1
7635,80,1
7636,193,1
7637,31,0
7638,70,1
7639,36,1
7640,92,1
7641,109,0
7642,44,1
7643,59,1
7644,61,1
7645,107,1
7646,78,1
7647,199,1
7648,82,1
7649,88,1
7650,55,1
7651,79,1
7652,71,1
7653,85,1
7654,37,1
7655,119,1
7656,50,1
7657,121,1
7658,34,0
7659,101,1
7660,79,1
7661,40,1
7662,152,1
7663,60,0
7664,91,1
7665,63,1
7666,83,1
7667,78,1
7668,74,1
7669,67,1
7670,57,1
7671,161,1
7672,183,1
7673,76,1
7674,45,1
7675,51,1
7676,113,1
7677,56,1
7678,40,0
7679,200,0
7680,44,1
7681,88,0
7682,52,1
7683,24,1
7684,69,1
7685,44,1
7686,37,1
7687,46,1
7688,27,1
7689,126,1
7690,148,0
7691,19,1
7692,42,1
7693,200,0
7694,200,0
7695,89,1
7696,173,1
7697,71,1
7698,45,1
7699,135,1
7700,147,1
7701,32,1
7702,30,1
7703,111,1
7704,124,1
7705,59,1
7706,50,1
7707,63,0
7708,112,1
7709,27,0
7710,66,1
7711,112,1
7712,81,1
7713,43,1
7714,143,1
7715,141,1
7716,28,1
7717,51,0
7718,51,1
7719,66,1
7720,119,1
7721,79,1
7722,64,1
7723,149,1
7724,200,0
7725,54,1
7726,80,1
7727,159,1
7728,83,1
7729,53,1
7730,31,1
7731,49,1
7732,41,1
7733,88,1
7734,46,1
7735,57,1
7736,92,1
7737,55,0
7738,44,1
7739,173,1
7740,55,1
7741,48,1
7742,89,0
7743,200,1
7744,117,1
7745,87,1
7746,127,1
7747,68,1
7748,149,1
7749,118,1
7750,116,1
7751,149,1
7752,60,1
7753,51,1
7754,101,1
7755,55,1
7756,121,1
7757,26,1
7758,77,1
7759,157,1
7760,88,1
7761,200,0
7762,48,1
7763,64,1
7764,160,1
7765,74,1
7766,200,0
7767,68,1
7768,33,1
7769,200,0
7770,132,1
7771,49,1
7772,59,1
7773,141,1
7774,147,1
7775,51,1
7776,46,1
7777,27,0
7778,54,1
7779,144,1
7780,66,1
7781,39,1
7782,88,1
7783,22,0
7784,66,1
7785,186,1
7786,130,1
7787,126,1
7788,87,1
7789,94,1
7790,46,1
7791,102,1
7792,125,1
7793,127,1
7794,37,1
7795,96,1
7796,112,1
7797,104,0
7798,55,1
7799,69,1
7800,135,1
7801,52,1
7802,60,1
7803,107,1
7804,32,1
7805,60,0
7806,121,0
7807,116,1
7808,50,1
7809,155,1
7810,66,0
7811,74,1
7812,95,1
7813,81,1
7814,80,1
7815,46,1
7816,172,0
7817,105,1
7818,95,1
7819,200,0
7820,72,0
7821,95,1
7822,123,1
7823,41,1
7824,51,0
7825,94,1
7826,126,1
7827,124,1
7828,200,0
7829,107,1
7830,116,1
7831,67,1
7832,40,1
7833,77,0
7834,100,1
7835,126,1
7836,59,1
7837,123,1
7838,44,1
7839,117,1
7840,148,1
7841,52,1
7842,38,1
7843,41,1
7844,48,1
7845,89,1
7846,43,0
7847,39,1
7848,169,1
7849,49,1
7850,96,1
7851,39,1
7852,58,1
7853,133,1
7854,33,1
7855,48,1
7856,55,1
7857,75,1
7858,68,1
7859,53,1
7860,200,0
7861,43,1
7862,40,1
7863,200,0
7864,52,1
7865,200,0
7866,67,1
7867,54,0
7868,58,1
7869,44,1
7870,95,1
7871,52,1
7872,64,1
7873,44,1
7874,79,0
7875,43,1
7876,107,1
7877,70,1
7878,78,1
7879,105,1
7880,82,1
7881,103,1
7882,92,1
7883,30,1
7884,35,1
7885,53,1
7886,59,1
7887,67,0
7888,62,1
7889,51,1
7890,70,1
7891,151,1
7892,83,1
7893,39,1
7894,49,1
7895,31,1
7896,85,1
7897,200,0
7898,105,1
7899,106,1
7900,71,1
7901,75,0
7902,120,1
7903,74,1
7904,85,1
7905,87,1
7906,200,0
7907,95,1
7908,76,1
7909,60,1
7910,167,1
7911,82,1
7912,118,1
7913,34,0
7914,79,1
7915,82,1
7916,169,1
7917,34,0
7918,34,1
7919,63,1
7920,55,1
7921,68,1
7922,145,1
7923,114,1
7924,65,1
7925,88,1
7926,157,1
7927,131,1
7928,33,1
7929,31,1
7930,85,1
7931,50,1
7932,85,1
7933,66,1
7934,200,0
7935,54,1
7936,27,0
7937,145,0
7938,92,1
7939,66,1
7940,93,1
7941,111,1
7942,115,1
7943,50,1
7944,98,1
7945,69,1
7946,54,1
7947,41,1
7948,145,1
7949,82,1
7950,32,0
7951,51,1
7952,47,1
7953,83,1
7954,107,1
7955,102,1
7956,60,1
7957,36,1
7958,97,0
7959,45,1
7960,46,1
7961,34,1
7962,94,1
7963,45,1
7964,184,1
7965,57,1
7966,34,1
7967,42,1
7968,49,1
7969,139,1
7970,87,1
7971,62,0
7972,77,1
7973,40,0
7974,46,0
7975,176,1
7976,81,1
7977,40,1
7978,61,1
7979,105,1
7980,96,1
7981,157,1
7982,61,1
7983,35,1
7984,156,1
7985,69,1
7986,76,1
7987,115,1
7988,72,1
7989,59,1
7990,103,1
7991,153,1
7992,99,1
7993,51,1
7994,74,1
7995,55,1
7996,85,1
7997,162,1
7998,153,1
7999,125,1
8000,154,1
8001,114,1
8002,34,1
8003,24,1
8004,68,1
8005,149,1
8006,40,1
8007,40,0
8008,56,1
8009,61,1
8010,63,1
8011,196,1
8012,116,0
8013,149,1
8014,70,1
8015,200,0
8016,108,1
8017,136,1
8018,38,1
8019,42,1
8020,35,1
8021,80,1
8022,96,1
8023,105,1
8024,137,0
8025,75,1
8026,76,1
8027,70,1
8028,52,1
8029,126,1
8030,144,1
8031,83,1
8032,200,0
8033,187,1
8034,122,1
8035,37,1
8036,106,1
8037,69,1
8038,54,1
8039,64,1
8040,95,1
8041,61,1
8042,113,1
8043,87,1
8044,55,1
8045,49,1
8046,112,1
8047,36,0
8048,169,1
8049,105,1
8050,113,1
8051,31,1
8052,35,0
8053,59,0
8054,128,1
8055,103,1
8056,128,1
8057,136,1
8058,123,1
8059,150,1
8060,95,1
8061,111,1
8062,75,1
8063,101,1
8064,135,1
8065,71,1
8066,77,1
8067,31,1
8068,84,1
8069,59,1
8070,67,1
8071,61,1
8072,55,0
8073,46,1
8074,103,1
8075,103,1
8076,105,1
8077,73,1
8078,121,1
8079,44,0
8080,134,0
8081,49,1
8082,165,1
8083,79,1
8084,31,1
8085,41,1
8086,38,1
8087,66,1
8088,32,0
8089,35,1
8090,96,1
8091,44,1
8092,86,1
8093,138,1
8094,30,1
8095,85,1
8096,131,1
8097,68,0
8098,82,1
8099,80,1
8100,51,1
8101,62,1
8102,28,1
8103,38,1
8104,23,1
8105,132,1
8106,75,1
8107,64,1
8108,155,1
8109,55,0
8110,38,1
8111,117,1
8112,62,1
8113,60,1
8114,49,1
8115,17,0
8116,184,1
8117,57,0
8118,190,1
8119,48,1
8120,124,1
8121,64,1
8122,144,1
8123,63,1
8124,100,1
8125,172,0
8126,66,1
8127,45,1
8128,36,1
8129,71,1
8130,75,1
8131,40,1
8132,51,1
8133,32,1
8134,122,1
8135,61,0
8136,124,1
8137,60,1
8138,125,1
8139,136,1
8140,83,1
8141,28,1
8142,85,1
8143,79,1
8144,48,1
8145,111,1
8146,200,0
8147,104,1
8148,39,1
8149,114,1
8150,81,1
8151,66,1
8152,90,1
8153,31,1
8154,29,1
8155,200,0
8156,44,1
8157,89,1
8158,63,1
8159,51,1
8160,58,1
8161,101,1
8162,155,1
8163,80,1
8164,114,1
8165,200,0
8166,200,0
8167,36,1
8168,55,1
8169,62,0
8170,65,1
8171,71,1
8172,76,1
8173,62,1
8174,46,1
8175,31,0
8176,120,1
8177,59,1
8178,77,1
8179,122,1
8180,68,1
8181,88,1
8182,95,1
8183,69,1
8184,188,1
8185,74,1
8186,67,1
8187,45,1
8188,110,1
8189,135,1
8190,48,1
8191,176,1
8192,133,1
8193,81,1
8194,60,1
8195,93,1
8196,56,1
8197,36,1
8198,54,1
8199,102,1
8200,166,1
8201,61,1
8202,49,1
8203,111,1
8204,109,1
8205,60,0
8206,77,0
8207,74,1
8208,78,1
8209,51,1
8210,200,0
8211,69,1
8212,81,1
8213,200,0
8214,127,1
8215,30,1
8216,200,0
8217,84,1
8218,50,1
8219,39,1
8220,30,1
8221,53,1
8222,71,1
8223,108,1
8224,175,1
8225,57,1
8226,77,1
8227,84,1
8228,48,1
8229,65,1
8230,46,1
8231,55,1
8232,96,1
8233,90,1
8234,144,0
8235,129,1
8236,85,1
8237,40,0
8238,85,1
8239,65,1
8240,152,1
8241,189,0
8242,72,1
8243,48,1
8244,36,1
8245,133,1
8246,84,1
8247,89,1
8248,28,1
8249,74,1
8250,70,1
8251,77,0
8252,50,1
8253,89,1
8254,65,1
8255,80,1
8256,47,1
8257,62,1
8258,61,1
8259,80,1
8260,56,1
8261,94,1
8262,35,1
8263,46,1
8264,67,1
8265,130,1
8266,182,1
8267,82,0
8268,93,1
8269,68,0
8270,35,1
8271,53,1
8272,41,0
8273,87,1
8274,97,1
8275,176,1
8276,136,1
8277,65,1
8278,43,1
8279,26,1
8280,42,1
8281,83,1
8282,130,1
8283,87,1
8284,77,1
8285,94,1
8286,57,1
8287,71,1
8288,60,0
8289,36,1
8290,115,1
8291,85,1
8292,93,1
8293,67,1
8294,63,1
8295,63,1
8296,126,0
8297,23,1
8298,120,0
8299,89,1
8300,76,0
8301,76,0
8302,58,1
8303,39,1
8304,38,1
8305,61,1
8306,84,1
8307,76,1
8308,108,1
8309,71,1
8310,50,1
8311,170,1
8312,52,1
8313,39,1
8314,129,1
8315,137,1
8316,114,1
8317,36,1
8318,117,1
8319,41,1
8320,71,1
8321,62,1
8322,144,1
8323,63,1
8324,88,1
8325,50,1
8326,92,1
8327,103,1
8328,34,1
8329,65,1
8330,114,1
8331,95,1
8332,43,1
8333,164,1
8334,77,1
8335,41,0
8336,139,1
8337,74,1
8338,135,1
8339,80,1
8340,48,0
8341,90,0
8342,148,1
8343,152,1
8344,113,1
8345,40,1
8346,62,1
8347,45,1
8348,73,1
8349,90,1
8350,64,1
8351,62,1
8352,92,1
8353,200,0
8354,94,1
8355,84,1
8356,47,1
8357,39,1
8358,116,1
8359,63,1
8360,64,1
8361,26,0
8362,47,1
8363,63,1
8364,48,1
8365,101,1
8366,73,1
8367,115,1
8368,127,1
8369,69,1
8370,58,1
8371,90,1
8372,172,1
8373,63,1
8374,61,1
8375,75,1
8376,68,1
8377,53,1
8378,200,0
8379,140,1
8380,60,0
8381,192,1
8382,118,1
8383,198,1
8384,78,0
8385,70,1
8386,195,1
8387,67,1
8388,34,1
8389,33,1
8390,58,1
8391,100,1
8392,38,1
8393,86,1
8394,103,1
8395,59,1
8396,49,1
8397,77,1
8398,100,1
8399,54,1
8400,167,1
8401,90,0
8402,40,1
8403,56,1
8404,57,1
8405,50,1
8406,83,1
8407,72,1
8408,89,1
8409,42,0
8410,74,1
8411,44,1
8412,164,1
8413,113,1
8414,65,1
8415,37,1
8416,108,1
8417,39,1
8418,74,1
8419,55,1
8420,39,1
8421,77,1
8422,73,1
8423,60,1
8424,73,1
8425,89,1
8426,147,1
8427,114,1
8428,105,1
8429,86,1
8430,133,1
8431,41,1
8432,180,1
8433,55,1
8434,117,1
8435,97,0
8436,40,1
8437,76,1
8438,100,1
8439,64,1
8440,70,1
8441,58,1
8442,60,1
8443,56,1
8444,43,1
8445,70,1
8446,63,1
8447,113,0
8448,160,1
8449,200,0
8450,91,1
8451,57,1
8452,32,1
8453,101,1
8454,34,0
8455,78,1
8456,56,1
8457,57,1
8458,92,1
8459,155,1
8460,40,1
8461,51,1
8462,107,1
8463,95,1
8464,45,1
8465,85,1
8466,54,1
8467,91,0
8468,53,1
8469,114,0
8470,144,1
8471,73,0
8472,82,1
8473,89,1
8474,74,1
8475,69,1
8476,82,1
8477,105,1
8478,57,1
8479,142,1
8480,41,1
8481,102,1
8482,200,0
8483,39,1
8484,70,1
8485,60,1
8486,88,1
8487,42,1
8488,39,1
8489,89,1
8490,200,0
8491,64,1
8492,35,1
8493,51,1
8494,62,1
8495,53,1
8496,38,1
8497,77,1
8498,39,1
8499,93,1
8500,76,1
8501,106,1
8502,169,1
8503,43,1
8504,39,1
8505,109,1
8506,67,1
8507,90,1
8508,65,1
8509,43,1
8510,93,1
8511,59,0
8512,117,1
8513,61,1
8514,71,0
8515,74,1
8516,79,1
8517,86,1
8518,103,1
8519,75,1
8520,130,1
8521,90,1
8522,73,1
8523,119,1
8524,141,1
8525,54,1
8526,109,0
8527,200,0
8528,78,1
8529,65,1
8530,28,1
8531,56,1
8532,86,1
8533,82,1
8534,56,1
8535,82,1
8536,33,1
8537,114,1
8538,120,1
8539,86,1
8540,91,0
8541,107,1
8542,34,1
8543,61,1
8544,49,1
8545,82,1
8546,159,1
8547,33,1
8548,91,1
8549,55,1
8550,87,1
8551,142,1
8552,50,1
8553,44,1
8554,50,1
8555,76,1
8556,93,1
8557,85,1
8558,71,1
8559,62,1
8560,75,1
8561,72,1
8562,18,0
8563,90,1
8564,140,1
8565,67,1
8566,45,1
8567,53,0
8568,47,1
8569,38,1
8570,145,0
8571,74,0
8572,69,1
8573,51,1
8574,141,1
8575,42,1
8576,62,1
8577,89,1
8578,61,1
8579,44,1
8580,77,1
8581,59,0
8582,25,0
8583,68,1
8584,80,1
8585,81,1
8586,51,1
8587,81,1
8588,69,1
8589,73,1
8590,134,1
8591,29,1
8592,48,1
8593,48,1
8594,82,1
8595,41,1
8596,45,1
8597,86,1
8598,133,0
8599,84,1
8600,15,0
8601,55,1
8602,40,1
8603,200,0
8604,165,1
8605,76,1
8606,66,1
8607,119,1
8608,188,1
8609,28,0
8610,77,1
8611,118,1
8612,44,1
8613,51,1
8614,67,1
8615,139,1
8616,99,1
8617,78,1
8618,73,1
8619,104,1
8620,75,1
8621,81,1
8622,174,1
8623,43,1
8624,118,1
8625,73,1
8626,80,1
8627,92,1
8628,86,0
8629,118,1
8630,130,1
8631,94,1
8632,94,1
8633,14,0
8634,28,1
8635,56,1
8636,40,1
8637,46,1
8638,146,1
8639,142,1
8640,111,1
8641,125,1
8642,76,1
8643,79,1
8644,68,1
8645,64,0
8646,51,0
8647,37,0
8648,96,1
8649,58,1
8650,62,1
8651,66,1
8652,33,1
8653,117,1
8654,167,1
8655,82,1
8656,19,0
8657,58,1
8658,77,1
8659,102,1
8660,144,1
8661,33,0
8662,138,1
8663,61,1
8664,173,1
8665,82,1
8666,35,1
8667,56,1
8668,122,1
8669,93,1
8670,34,1
8671,59,1
8672,92,1
8673,32,1
8674,69,1
8675,138,1
8676,115,1
8677,58,1
8678,22,0
8679,23,1
8680,153,1
8681,71,1
8682,114,1
8683,200,0
8684,47,0
8685,99,1
8686,116,1
8687,112,0
8688,62,1
8689,41,1
8690,76,1
8691,200,0
8692,118,1
8693,141,1
8694,90,0
8695,30,1
8696,132,1
8697,109,1
8698,55,1
8699,131,1
8700,59,1
8701,100,1
8702,95,1
8703,33,1
8704,72,1
8705,45,1
8706,77,1
8707,89,1
8708,72,1
8709,119,1
8710,141,1
8711,139,1
8712,126,1
8713,106,1
8714,122,1
8715,200,0
8716,58,1
8717,65,1
8718,52,1
8719,149,1
8720,77,0
8721,54,1
8722,60,1
8723,174,0
8724,75,1
8725,62,1
8726,41,1
8727,46,1
8728,115,1
8729,56,1
8730,53,1
8731,57,1
8732,54,1
8733,61,1
8734,70,1
8735,45,1
8736,180,1
8737,121,1
8738,25,0
8739,53,1
8740,64,1
8741,69,1
8742,89,1
8743,31,0
8744,38,1
8745,54,1
8746,39,1
8747,101,1
8748,95,1
8749,63,1
8750,53,0
8751,31,1
8752,85,1
8753,108,0
8754,54,0
8755,39,1
8756,80,1
8757,61,1
8758,84,1
8759,89,1
8760,115,1
8761,81,1
8762,117,1
8763,62,1
8764,80,1
8765,94,1
8766,87,1
8767,98,1
8768,84,1
8769,45,1
8770,26,1
8771,158,1
8772,102,1
8773,200,0
8774,53,1
8775,74,1
8776,80,1
8777,42,1
8778,139,1
8779,60,1
8780,98,0
8781,136,1
8782,62,1
8783,98,1
8784,71,1
8785,132,1
8786,88,0
8787,91,0
8788,85,1
8789,38,1
8790,188,1
8791,49,0
8792,120,1
8793,32,0
8794,85,1
8795,110,1
8796,92,1
8797,163,1
8798,90,1
8799,55,1
8800,92,1
8801,80,1
8802,100,1
8803,35,0
8804,96,1
8805,76,1
8806,105,1
8807,114,1
8808,123,1
8809,114,0
8810,58,1
8811,135,1
8812,52,1
8813,88,0
8814,46,1
8815,104,1
8816,97,1
8817,77,1
8818,100,1
8819,42,1
8820,30,1
8821,41,1
8822,33,1
8823,78,1
8824,200,0
8825,32,1
8826,51,0
8827,93,1
8828,51,1
8829,46,1
8830,68,1
8831,119,1
8832,66,1
8833,69,1
8834,39,1
8835,181,1
8836,74,1
8837,82,0
8838,31,1
8839,68,1
8840,40,1
8841,127,1
8842,163,1
8843,154,1
8844,66,1
8845,58,1
8846,63,1
8847,111,1
8848,81,1
8849,98,0
8850,55,1
8851,36,1
8852,67,1
8853,66,1
8854,76,1
8855,55,1
8856,65,0
8857,79,1
8858,69,1
8859,74,1
8860,120,1
8861,50,1
8862,199,1
8863,69,1
8864,85,1
8865,200,0
8866,113,1
8867,84,1
8868,64,0
8869,110,1
8870,99,1
8871,119,1
8872,67,1
8873,70,1
8874,80,1
8875,105,1
8876,39,1
8877,58,1
8878,54,1
8879,77,1
8880,64,1
8881,126,1
8882,71,0
8883,28,0
8884,126,1
8885,166,1
8886,57,1
8887,113,1
8888,62,1
8889,170,0
8890,67,0
8891,141,1
8892,47,1
8893,41,1
8894,200,0
8895,151,1
8896,114,1
8897,56,1
8898,133,1
8899,40,1
8900,74,1
8901,92,1
8902,58,1
8903,30,1
8904,124,1
8905,46,1
8906,39,1
8907,28,1
8908,93,1
8909,53,1
8910,124,1
8911,102,1
8912,35,1
8913,58,1
8914,63,0
8915,73,1
8916,128,1
8917,33,1
8918,72,1
8919,124,1
8920,102,1
8921,70,1
8922,146,1
8923,171,1
8924,88,0
8925,126,1
8926,61,1
8927,67,1
8928,45,1
8929,33,1
8930,101,1
8931,165,0
8932,31,1
8933,55,1
8934,50,1
8935,120,1
8936,79,1
8937,47,1
8938,53,1
8939,123,1
8940,69,1
8941,110,1
8942,64,1
8943,44,0
8944,90,1
8945,52,1
8946,47,1
8947,48,1
8948,67,1
8949,179,1
8950,81,1
8951,41,1
8952,101,0
8953,191,1
8954,41,1
8955,28,0
8956,88,0
8957,75,1
8958,85,1
8959,144,1
8960,31,0
8961,109,1
8962,29,1
8963,73,0
8964,121,1
8965,74,1
8966,76,1
8967,200,0
8968,77,1
8969,57,1
8970,82,1
8971,143,1
8972,72,1
8973,35,1
8974,145,0
8975,82,0
8976,126,0
8977,112,1
8978,51,1
8979,47,1
8980,66,1
8981,147,1
8982,90,1
8983,91,1
8984,156,1
8985,76,1
8986,36,1
8987,177,1
8988,126,1
8989,45,1
8990,70,1
8991,174,1
8992,83,1
8993,177,1
8994,143,1
8995,54,1
8996,46,0
8997,33,1
8998,37,1
8999,95,0
9000,121,1
9001,67,1
9002,128,1
9003,72,1
9004,76,1
9005,66,1
9006,66,1
9007,103,1
9008,54,1
9009,89,1
9010,89,1
9011,38,1
9012,91,0
9013,162,1
9014,61,0
9015,63,1
9016,83,1
9017,113,1
9018,200,0
9019,95,1
9020,59,1
9021,92,1
9022,30,1
9023,158,1
9024,44,1
9025,74,1
9026,31,1
9027,111,1
9028,87,1
9029,67,1
9030,46,1
9031,63,1
9032,88,1
9033,107,1
9034,87,1
9035,90,1
9036,38,1
9037,85,1
9038,72,1
9039,33,0
9040,191,1
9041,83,1
9042,98,1
9043,111,1
9044,177,1
9045,124,1
9046,59,1
9047,38,0
9048,175,1
9049,78,1
9050,34,1
9051,200,0
9052,59,1
9053,126,1
9054,80,1
9055,130,1
9056,56,1
9057,68,1
9058,67,1
9059,43,1
9060,157,1
9061,62,1
9062,153,1
9063,139,1
9064,93,1
9065,73,1
9066,131,1
9067,77,1
9068,35,1
9069,136,0
9070,40,1
9071,56,1
9072,106,0
9073,53,0
9074,64,1
9075,69,1
9076,49,1
9077,37,1
9078,58,1
9079,47,1
9080,88,1
9081,144,1
9082,110,1
9083,27,0
9084,146,1
9085,104,1
9086,97,1
9087,58,1
9088,124,1
9089,53,1
9090,30,1
9091,89,1
9092,49,1
9093,28,1
9094,70,1
9095,105,0
9096,52,1
9097,126,1
9098,90,1
9099,83,1
9100,95,1
9101,71,1
9102,77,1
9103,56,1
9104,39,1
9105,55,1
9106,59,1
9107,131,1
9108,40,1
9109,67,1
9110,90,1
9111,200,0
9112,105,1
9113,35,1
9114,34,1
9115,158,1
9116,84,1
9117,100,1
9118,93,0
9119,144,1
9120,21,1
9121,40,1
9122,155,1
9123,58,1
9124,67,1
9125,138,0
9126,58,1
9127,45,1
9128,36,1
9129,57,1
9130,140,1
9131,41,1
9132,115,1
9133,101,1
9134,50,1
9135,97,0
9136,78,1
9137,94,0
9138,34,1
9139,22,1
9140,34,1
9141,76,1
9142,78,1
9143,65,1
9144,133,1
9145,140,1
9146,135,1
9147,44,1
9148,66,1
9149,106,0
9150,26,0
9151,63,1
9152,136,1
9153,61,1
9154,77,1
9155,113,1
9156,141,0
9157,36,1
9158,100,1
9159,33,0
9160,46,1
9161,78,1
9162,99,0
9163,38,1
9164,47,0
9165,116,0
9166,95,1
9167,100,1
9168,154,0
9169,40,1
9170,79,1
9171,23,1
9172,41,1
9173,93,1
9174,200,0
9175,91,1
9176,49,0
9177,64,1
9178,34,0
9179,55,1
9180,44,1
9181,149,1
9182,176,1
9183,60,1
9184,29,0
9185,64,1
9186,69,1
9187,30,1
9188,85,1
9189,50,1
9190,144,1
9191,84,1
9192,37,0
9193,52,1
9194,90,1
9195,58,1
9196,25,1
9197,48,1
9198,57,1
9199,157,1
9200,120,1
9201,75,1
9202,200,0
9203,51,1
9204,51,1
9205,124,1
9206,44,1
9207,94,1
9208,182,1
9209,200,0
9210,73,1
9211,128,0
9212,78,1
9213,68,1
9214,141,1
9215,61,1
9216,53,1
9217,200,0
9218,47,1
9219,72,1
9220,97,1
9221,86,1
9222,63,1
9223,30,0
9224,78,1
9225,90,1
9226,34,1
9227,126,1
9228,29,1
9229,35,1
9230,62,1
9231,58,1
9232,98,1
9233,112,1
9234,67,1
9235,49,1
9236,65,1
9237,48,1
9238,45,1
9239,150,1
9240,131,1
9241,177,1
9242,62,1
9243,94,1
9244,102,1
9245,57,1
9246,46,1
9247,44,1
9248,64,1
9249,31,1
9250,80,1
9251,87,1
9252,51,1
9253,141,1
9254,83,1
9255,41,1
9256,38,1
9257,72,1
9258,66,1
9259,57,1
9260,48,0
9261,155,1
9262,49,1
9263,97,1
9264,83,1
9265,102,0
9266,64,1
9267,41,1
9268,48,1
9269,63,1
9270,87,1
9271,34,1
9272,47,1
9273,69,0
9274,29,1
9275,42,1
9276,113,1
9277,88,1
9278,200,0
9279,84,1
9280,54,1
9281,72,1
9282,40,1
9283,105,1
9284,95,1
9285,52,1
9286,44,1
9287,117,1
9288,124,1
9289,91,0
9290,34,1
9291,35,1
9292,167,1
9293,85,1
9294,65,1
9295,37,1
9296,71,1
9297,80,0
9298,74,1
9299,71,1
9300,100,0
9301,100,1
9302,85,1
9303,32,1
9304,47,1
9305,47,0
9306,74,1
9307,50,0
9308,125,1
9309,58,1
9310,39,1
9311,155,1
9312,64,1
9313,140,0
9314,71,1
9315,54,1
9316,61,1
9317,37,1
9318,76,1
9319,106,1
9320,46,1
9321,108,1
9322,98,1
9323,88,1
9324,62,1
9325,81,1
9326,200,0
9327,96,0
9328,102,1
9329,112,1
9330,60,1
9331,80,1
9332,68,0
9333,64,1
9334,48,1
9335,186,1
9336,60,1
9337,107,1
9338,58,1
9339,99,1
9340,42,1
9341,53,0
9342,51,1
9343,52,1
9344,59,1
9345,38,1
9346,170,1
9347,132,1
9348,56,0
9349,39,1
9350,65,1
9351,77,1
9352,81,1
9353,62,1
9354,43,1
9355,171,1
9356,70,1
9357,58,0
9358,54,1
9359,89,1
9360,68,1
9361,94,1
9362,147,1
9363,28,1
9364,45,1
9365,53,0
9366,60,1
9367,65,1
9368,30,1
9369,115,1
9370,200,0
9371,60,1
9372,52,0
9373,200,0
9374,86,1
9375,43,1
9376,126,1
9377,77,1
9378,52,1
9379,45,1
9380,84,1
9381,66,1
9382,99,1
9383,53,0
9384,89,1
9385,54,1
9386,44,1
9387,38,0
9388,91,1
9389,78,1
9390,89,1
9391,81,1
9392,27,1
9393,41,1
9394,109,1
9395,56,1
9396,200,0
9397,58,1
9398,87,1
9399,63,0
9400,42,1
9401,72,0
9402,42,1
9403,37,1
9404,130,1
9405,126,1
9406,53,1
9407,133,1
9408,67,1
9409,76,0
9410,44,0
9411,98,1
9412,45,1
9413,140,1
9414,66,1
9415,184,1
9416,27,0
9417,83,1
9418,66,1
9419,69,1
9420,41,1
9421,58,1
9422,177,1
9423,63,1
9424,51,1
9425,93,1
9426,126,1
9427,132,1
9428,98,1
9429,182,1
9430,119,1
9431,77,1
9432,46,1
9433,133,1
9434,79,1
9435,200,0
9436,131,1
9437,39,1
9438,48,1
9439,167,1
9440,73,1
9441,200,0
9442,117,1
9443,177,1
9444,37,1
9445,144,0
9446,37,1
9447,56,1
9448,49,1
9449,127,1
9450,77,1
9451,41,1
9452,133,1
9453,50,1
9454,42,1
9455,77,1
9456,67,1
9457,126,1
9458,111,1
9459,60,1
9460,77,1
9461,43,1
9462,106,1
9463,83,1
9464,39,1
9465,37,1
9466,55,1
9467,62,1
9468,93,1
9469,67,1
9470,94,1
9471,90,1
9472,86,1
9473,54,1
9474,47,1
9475,154,1
9476,69,1
9477,55,1
9478,66,1
9479,41,1
9480,54,1
9481,128,1
9482,118,0
9483,110,1
9484,43,0
9485,83,1
9486,49,1
9487,42,1
9488,116,1
9489,129,0
9490,65,1
9491,107,1
9492,78,1
9493,47,1
9494,63,1
9495,93,1
9496,13,0
9497,108,1
9498,70,1
9499,77,1
9500,158,1
9501,111,1
9502,138,1
9503,93,1
9504,29,0
9505,200,0
9506,71,1
9507,200,0
9508,155,1
9509,96,1
9510,105,1
9511,66,1
9512,156,1
9513,83,1
9514,82,0
9515,74,0
9516,59,1
9517,114,1
9518,200,0
9519,189,1
9520,85,1
9521,61,1
9522,108,1
9523,93,0
9524,78,1
9525,29,0
9526,77,1
9527,94,1
9528,139,1
9529,93,1
9530,25,0
9531,32,1
9532,137,1
9533,42,1
9534,54,1
9535,50,1
9536,67,1
9537,124,1
9538,84,1
9539,76,1
9540,163,1
9541,46,0
9542,142,1
9543,136,1
9544,88,1
9545,77,1
9546,38,1
9547,116,1
9548,63,1
9549,200,0
9550,106,1
9551,110,1
9552,125,1
9553,49,1
9554,155,0
9555,170,1
9556,67,1
9557,55,1
9558,40,1
9559,92,1
9560,128,1
9561,90,1
9562,91,1
9563,106,1
9564,77,1
9565,43,1
9566,58,1
9567,77,1
9568,70,0
9569,69,1
9570,103,1
9571,83,1
9572,30,1
9573,63,1
9574,72,1
9575,54,1
9576,200,0
9577,28,1
9578,32,1
9579,103,0
9580,37,1
9581,62,1
9582,58,1
9583,88,1
9584,22,0
9585,160,0
9586,104,1
9587,77,0
9588,118,1
9589,182,1
9590,37,1
9591,87,1
9592,94,1
9593,49,1
9594,91,1
9595,62,1
9596,49,0
9597,29,1
9598,91,1
9599,66,1
9600,128,1
9601,61,1
9602,60,1
9603,90,1
9604,91,1
9605,54,1
9606,100,1
9607,70,1
9608,78,1
9609,103,1
9610,37,0
9611,48,1
9612,128,1
9613,147,1
9614,135,1
9615,86,1
9616,200,0
9617,111,1
9618,173,1
9619,51,1
9620,93,1
9621,72,1
9622,61,1
9623,117,1
9624,54,1
9625,123,1
9626,141,1
9627,123,1
9628,148,1
9629,103,0
9630,53,1
9631,73,1
9632,86,1
9633,28,1
9634,49,1
9635,47,0
9636,40,1
9637,34,1
9638,35,0
9639,74,1
9640,135,1
9641,56,1
9642,78,1
9643,63,1
9644,71,1
9645,50,1
9646,62,1
9647,42,1
9648,200,0
9649,49,1
9650,41,1
9651,70,1
9652,30,0
9653,52,1
9654,55,1
9655,45,1
9656,78,1
9657,78,1
9658,97,1
9659,182,1
9660,78,1
9661,45,1
9662,91,0
9663,78,1
9664,64,1
9665,77,1
9666,41,1
9667,44,1
9668,101,1
9669,42,1
9670,200,0
9671,71,1
9672,40,1
9673,50,1
9674,200,0
9675,57,1
9676,50,0
9677,70,1
9678,190,1
9679,53,1
9680,41,1
9681,54,1
9682,49,1
9683,38,0
9684,91,0
9685,56,1
9686,59,1
9687,62,1
9688,89,1
9689,85,1
9690,41,1
9691,70,1
9692,73,1
9693,81,1
9694,62,1
9695,45,1
9696,200,0
9697,49,1
9698,83,1
9699,105,1
9700,133,1
9701,101,1
9702,68,1
9703,200,0
9704,55,1
9705,48,1
9706,123,1
9707,41,1
9708,27,1
9709,53,0
9710,73,1
9711,50,0
9712,87,1
9713,52,1
9714,41,1
9715,108,1
9716,45,1
9717,65,1
9718,110,1
9719,31,0
9720,108,1
9721,131,1
9722,33,1
9723,136,1
9724,53,1
9725,71,1
9726,53,1
9727,164,0
9728,95,1
9729,65,0
9730,85,1
9731,173,1
9732,58,0
9733,176,1
9734,83,1
9735,114,1
9736,69,1
9737,47,1
9738,46,1
9739,80,1
9740,112,1
9741,77,1
9742,66,1
9743,73,1
9744,28,1
9745,116,1
9746,151,1
9747,88,1
9748,76,1
9749,69,1
9750,137,1
9751,141,1
9752,37,1
9753,68,1
9754,60,1
9755,200,0
9756,142,1
9757,100,0
9758,148,0
9759,47,0
9760,45,1
9761,43,1
9762,54,1
9763,78,1
9764,25,1
9765,127,1
9766,51,1
9767,66,1
9768,29,0
9769,65,1
9770,175,1
9771,55,1
9772,117,1
9773,112,1
9774,103,1
9775,171,1
9776,127,1
9777,91,1
9778,106,1
9779,200,0
9780,139,1
9781,97,1
9782,39,1
9783,118,1
9784,84,1
9785,33,1
9786,109,1
9787,35,1
9788,126,1
9789,49,1
9790,28,0
9791,163,1
9792,200,0
9793,56,1
9794,176,1
9795,66,1
9796,94,1
9797,34,1
9798,94,1
9799,113,1
9800,126,1
9801,60,1
9802,50,1
9803,146,0
9804,176,1
9805,27,1
9806,82,1
9807,57,1
9808,92,1
9809,43,1
9810,200,0
9811,67,1
9812,79,0
9813,59,1
9814,73,1
9815,53,1
9816,74,1
9817,71,1
9818,63,1
9819,71,1
9820,68,1
9821,98,1
9822,116,1
9823,43,1
9824,30,0
9825,92,1
9826,32,0
9827,85,1
9828,77,1
9829,54,1
9830,83,1
9831,51,0
9832,180,1
9833,56,1
9834,159,0
9835,35,1
9836,115,1
9837,49,1
9838,89,1
9839,48,1
9840,91,1
9841,67,1
9842,61,1
9843,40,1
9844,151,1
9845,36,0
9846,90,1
9847,62,1
9848,98,1
9849,49,1
9850,68,1
9851,136,1
9852,46,1
9853,48,1
9854,56,1
9855,108,1
9856,141,1
9857,101,1
9858,63,1
9859,70,1
9860,45,1
9861,61,1
9862,119,1
9863,124,1
9864,30,1
9865,101,1
9866,66,1
9867,66,1
9868,107,1
9869,59,1
9870,52,1
9871,58,0
9872,131,1
9873,42,1
9874,68,1
9875,40,1
9876,119,1
9877,75,1
9878,37,1
9879,83,0
9880,53,1
9881,38,1
9882,75,1
9883,200,0
9884,45,0
9885,73,1
9886,47,1
9887,62,1
9888,127,1
9889,74,1
9890,81,1
9891,64,1
9892,70,1
9893,51,0
9894,171,1
9895,71,1
9896,55,1
9897,200,0
9898,103,1
9899,79,1
9900,129,1
9901,47,1
9902,61,1
9903,60,1
9904,113,1
9905,178,1
9906,55,1
9907,53,1
9908,40,1
9909,94,1
9910,129,1
9911,67,1
9912,61,0
9913,49,1
9914,104,1
9915,39,1
9916,32,1
9917,64,1
9918,40,1
9919,53,1
9920,99,1
9921,76,1
9922,54,1
9923,80,1
9924,164,1
9925,64,1
9926,102,1
9927,92,1
9928,128,1
9929,32,0
9930,126,1
9931,47,1
9932,61,1
9933,73,0
9934,101,0
9935,67,1
9936,49,1
9937,147,1
9938,124,1
9939,144,1
9940,77,1
9941,103,1
9942,57,0
9943,157,1
9944,114,1
9945,63,0
9946,38,1
9947,73,1
9948,72,1
9949,90,1
9950,49,1
9951,197,1
9952,85,1
9953,52,1
9954,55,1
9955,41,1
9956,49,1
9957,55,1
9958,70,1
9959,41,1
9960,133,1
9961,54,1
9962,86,1
9963,43,1
9964,43,1
9965,49,1
9966,24,0
9967,89,1
9968,54,1
9969,53,1
9970,46,1
9971,56,1
9972,19,0
9973,200,0
9974,43,1
9975,51,1
9976,38,1
9977,56,1
9978,70,1
9979,83,1
9980,36,1
9981,79,1
9982,72,1
9983,42,1
9984,99,1
9985,139,1
9986,47,1
9987,62,0
9988,137,1
9989,189,1
9990,52,1
9991,68,1
9992,46,1
9993,129,1
9994,200,0
9995,43,1
9996,54,1
9997,86,1
9998,43,0
9999,80,1
