episode,steps,reward
0,36,0
1,42,0
2,38,0
3,15,0
4,17,0
5,9,0
6,8,0
7,28,0
8,35,0
9,76,0
10,19,0
11,20,0
12,37,0
13,24,0
14,28,0
15,39,0
16,11,0
17,22,0
18,46,0
19,21,0
20,10,0
21,63,0
22,14,0
23,22,0
24,54,0
25,35,0
26,50,0
27,29,0
28,31,0
29,50,0
30,62,0
31,58,0
32,16,0
33,128,0
34,39,0
35,26,0
36,10,0
37,15,0
38,20,0
39,17,0
40,18,0
41,21,0
42,26,0
43,42,0
44,30,0
45,15,0
46,19,0
47,25,0
48,20,0
49,15,0
50,24,0
51,66,0
52,9,0
53,13,0
54,32,0
55,62,0
56,64,0
57,39,0
58,20,0
59,31,0
60,30,0
61,11,0
62,32,0
63,35,0
64,31,0
65,18,0
66,22,0
67,27,0
68,72,0
69,73,0
70,17,0
71,72,0
72,16,0
73,12,0
74,9,0
75,43,0
76,61,0
77,63,0
78,26,0
79,29,0
80,40,0
81,22,0
82,55,0
83,46,0
84,28,0
85,49,0
86,53,0
87,46,0
88,59,0
89,15,0
90,31,0
91,50,0
92,11,0
93,30,0
94,34,0
95,31,0
96,46,0
97,37,1
98,48,0
99,57,0
100,48,0
101,15,0
102,48,0
103,55,0
104,47,0
105,88,0
106,86,0
107,60,0
108,39,0
109,75,0
110,56,0
111,98,0
112,36,0
113,45,0
114,93,1
115,200,0
116,181,1
117,44,1
118,23,0
119,200,0
120,30,0
121,12,0
122,44,0
123,53,1
124,137,1
125,80,1
126,67,1
127,111,1
128,137,1
129,29,0
130,63,1
131,41,0
132,72,1
133,55,1
134,60,0
135,41,1
136,49,1
137,87,1
138,111,1
139,40,1
140,11,0
141,37,0
142,82,1
143,138,1
144,68,0
145,45,1
146,64,0
147,99,0
148,69,1
149,71,1
150,66,1
151,44,0
152,60,0
153,25,0
154,33,1
155,95,1
156,54,1
157,122,1
158,53,1
159,73,0
160,43,0
161,25,0
162,38,1
163,106,1
164,43,1
165,62,1
166,34,1
167,27,1
168,192,1
169,88,0
170,65,0
171,48,1
172,195,1
173,68,1
174,52,1
175,83,1
176,62,0
177,21,0
178,45,1
179,150,0
180,116,1
181,25,0
182,53,1
183,43,0
184,38,1
185,87,1
186,94,1
187,200,0
188,37,0
189,85,1
190,50,1
191,44,1
192,58,1
193,79,1
194,97,0
195,39,1
196,24,0
197,15,0
198,41,0
199,71,1
200,45,1
201,48,0
202,64,0
203,78,0
204,127,0
205,26,0
206,92,1
207,53,1
208,42,1
209,99,0
210,200,0
211,94,1
212,99,1
213,41,1
214,38,0
215,47,1
216,116,1
217,56,0
218,58,0
219,37,1
220,187,1
221,43,1
222,118,1
223,52,0
224,82,1
225,66,1
226,83,0
227,40,0
228,69,0
229,41,1
230,43,1
231,73,1
232,63,1
233,83,1
234,98,1
235,40,1
236,158,1
237,44,1
238,81,1
239,95,0
240,27,1
241,42,0
242,74,1
243,91,1
244,62,1
245,40,1
246,138,1
247,72,1
248,49,0
249,200,0
250,51,1
251,46,1
252,41,1
253,74,1
254,35,1
255,55,1
256,63,0
257,62,1
258,116,0
259,88,1
260,47,0
261,40,1
262,75,0
263,56,1
264,59,1
265,37,0
266,42,1
267,65,0
268,28,0
269,104,1
270,75,0
271,29,0
272,117,1
273,56,0
274,36,1
275,69,1
276,48,1
277,27,1
278,41,1
279,32,1
280,58,1
281,71,1
282,76,0
283,80,1
284,112,1
285,58,1
286,86,1
287,32,1
288,30,0
289,83,0
290,31,1
291,75,1
292,118,1
293,123,1
294,139,1
295,169,1
296,38,0
297,80,1
298,98,1
299,78,1
300,69,1
301,61,1
302,88,1
303,50,0
304,97,0
305,90,0
306,109,1
307,54,1
308,107,0
309,37,0
310,42,1
311,16,0
312,40,1
313,53,1
314,62,1
315,50,1
316,83,0
317,33,1
318,142,1
319,81,1
320,50,1
321,57,0
322,47,1
323,130,1
324,123,1
325,91,1
326,43,1
327,22,1
328,47,1
329,87,1
330,81,1
331,76,1
332,24,0
333,38,1
334,55,1
335,89,1
336,48,0
337,66,1
338,87,1
339,99,1
340,42,1
341,44,1
342,200,0
343,172,1
344,39,1
345,98,1
346,46,0
347,45,1
348,54,1
349,87,1
350,87,1
351,17,0
352,99,1
353,77,1
354,116,1
355,18,0
356,44,0
357,47,1
358,62,1
359,48,1
360,48,1
361,98,0
362,95,1
363,95,1
364,67,1
365,106,0
366,72,0
367,36,1
368,37,1
369,22,0
370,48,1
371,79,1
372,63,1
373,119,1
374,55,0
375,178,0
376,72,0
377,28,1
378,61,0
379,61,1
380,42,1
381,44,1
382,30,1
383,183,1
384,30,0
385,94,0
386,93,1
387,44,0
388,36,1
389,33,0
390,78,1
391,55,1
392,53,1
393,88,1
394,29,0
395,137,0
396,49,1
397,54,1
398,42,0
399,104,1
400,108,1
401,87,1
402,101,1
403,82,0
404,31,1
405,184,1
406,79,1
407,90,1
408,128,1
409,92,1
410,39,1
411,40,0
412,59,1
413,58,1
414,81,1
415,17,0
416,44,1
417,72,1
418,31,0
419,48,1
420,82,1
421,42,1
422,38,0
423,65,1
424,44,1
425,83,0
426,46,1
427,26,0
428,146,1
429,89,1
430,44,1
431,42,1
432,102,0
433,69,0
434,82,0
435,50,1
436,22,0
437,102,0
438,181,1
439,45,1
440,58,0
441,115,1
442,118,1
443,72,1
444,36,1
445,60,1
446,46,1
447,103,1
448,200,0
449,61,1
450,98,1
451,49,1
452,71,1
453,59,1
454,55,1
455,123,1
456,35,1
457,59,0
458,9,0
459,102,0
460,108,1
461,80,1
462,135,0
463,94,1
464,33,0
465,49,1
466,57,0
467,71,0
468,48,1
469,38,0
470,118,1
471,118,1
472,63,1
473,31,0
474,32,1
475,21,1
476,153,1
477,31,1
478,58,1
479,183,1
480,34,0
481,33,1
482,76,1
483,87,0
484,56,1
485,79,1
486,48,1
487,34,0
488,61,1
489,67,1
490,117,1
491,66,1
492,89,1
493,29,0
494,48,1
495,106,1
496,108,1
497,37,1
498,124,1
499,122,1
500,31,1
501,30,1
502,18,0
503,40,0
504,58,1
505,32,1
506,89,1
507,65,1
508,124,1
509,65,1
510,56,1
511,200,0
512,44,1
513,150,0
514,41,0
515,53,0
516,164,1
517,138,1
518,37,0
519,94,1
520,27,0
521,60,1
522,63,1
523,49,0
524,64,1
525,82,0
526,63,1
527,36,0
528,179,1
529,24,1
530,66,1
531,46,0
532,76,1
533,85,1
534,89,1
535,71,0
536,91,1
537,15,0
538,134,1
539,113,1
540,82,0
541,32,1
542,56,1
543,148,0
544,36,0
545,77,1
546,41,1
547,67,1
548,72,0
549,140,1
550,73,1
551,71,1
552,27,1
553,87,0
554,42,0
555,120,1
556,37,1
557,34,1
558,57,1
559,57,1
560,35,0
561,107,0
562,43,1
563,41,1
564,110,1
565,52,0
566,121,1
567,100,1
568,58,1
569,103,1
570,69,1
571,58,1
572,74,1
573,34,1
574,22,1
575,51,1
576,59,1
577,28,0
578,27,1
579,55,0
580,191,1
581,47,1
582,59,1
583,132,1
584,104,0
585,94,1
586,20,1
587,65,1
588,63,1
589,98,0
590,26,0
591,115,0
592,35,0
593,17,1
594,71,1
595,82,1
596,44,1
597,108,0
598,39,1
599,62,1
600,99,0
601,180,1
602,66,1
603,50,1
604,76,1
605,65,1
606,78,1
607,79,1
608,49,1
609,91,1
610,57,1
611,110,1
612,78,1
613,104,1
614,62,1
615,53,1
616,26,1
617,91,1
618,135,1
619,79,1
620,191,1
621,39,0
622,134,0
623,61,1
624,32,1
625,81,1
626,59,1
627,158,1
628,121,1
629,41,1
630,117,1
631,35,1
632,40,1
633,76,1
634,175,1
635,93,1
636,80,1
637,41,0
638,46,1
639,38,1
640,37,0
641,122,1
642,36,0
643,22,1
644,71,1
645,112,1
646,67,1
647,28,1
648,79,1
649,143,1
650,97,1
651,35,1
652,17,0
653,41,1
654,75,1
655,82,1
656,179,1
657,88,1
658,200,0
659,50,1
660,50,1
661,41,1
662,36,0
663,62,1
664,93,0
665,200,0
666,74,1
667,59,1
668,36,1
669,65,0
670,72,1
671,89,1
672,77,1
673,100,1
674,60,1
675,39,1
676,39,1
677,106,0
678,33,1
679,52,1
680,66,1
681,64,1
682,179,0
683,36,0
684,150,0
685,56,1
686,111,1
687,67,1
688,59,0
689,72,1
690,67,0
691,88,0
692,37,0
693,35,1
694,40,0
695,104,1
696,108,0
697,142,1
698,186,1
699,81,1
700,52,1
701,82,1
702,163,1
703,97,1
704,156,0
705,40,0
706,64,1
707,43,1
708,94,1
709,84,1
710,77,0
711,47,0
712,34,1
713,139,1
714,38,1
715,47,1
716,26,0
717,105,1
718,72,1
719,77,1
720,50,1
721,118,0
722,42,0
723,28,1
724,55,1
725,58,1
726,67,1
727,42,1
728,26,1
729,59,1
730,58,1
731,95,1
732,97,1
733,81,1
734,75,1
735,58,1
736,96,1
737,62,1
738,29,0
739,60,0
740,69,0
741,28,1
742,50,1
743,73,1
744,52,1
745,39,0
746,55,1
747,46,1
748,93,1
749,37,1
750,74,1
751,80,1
752,67,1
753,93,1
754,87,0
755,41,0
756,55,1
757,74,1
758,138,1
759,117,1
760,98,1
761,39,0
762,115,0
763,85,0
764,70,1
765,38,1
766,46,1
767,31,1
768,62,0
769,50,1
770,53,1
771,53,1
772,50,1
773,180,1
774,137,1
775,164,1
776,43,1
777,38,0
778,63,1
779,42,1
780,29,1
781,19,0
782,127,1
783,45,1
784,44,1
785,83,1
786,37,1
787,54,0
788,140,1
789,26,0
790,45,0
791,25,1
792,58,1
793,65,1
794,91,1
795,41,1
796,53,0
797,49,0
798,40,0
799,86,0
800,97,0
801,14,0
802,46,1
803,99,1
804,55,1
805,62,1
806,33,1
807,107,1
808,43,1
809,65,1
810,27,1
811,54,1
812,98,1
813,66,1
814,63,0
815,55,1
816,64,1
817,68,1
818,139,0
819,87,0
820,134,1
821,67,1
822,37,1
823,59,0
824,90,0
825,73,1
826,98,1
827,83,1
828,105,0
829,72,1
830,42,1
831,26,1
832,64,1
833,32,1
834,65,0
835,102,1
836,76,1
837,53,1
838,145,1
839,62,1
840,56,1
841,58,1
842,123,0
843,24,0
844,21,0
845,140,1
846,30,0
847,109,1
848,94,1
849,81,1
850,80,1
851,67,1
852,23,0
853,139,0
854,58,1
855,53,1
856,39,1
857,121,1
858,61,1
859,66,1
860,32,1
861,39,1
862,174,1
863,46,1
864,55,1
865,69,1
866,55,0
867,70,1
868,52,1
869,71,1
870,21,0
871,45,1
872,45,1
873,200,0
874,33,1
875,68,0
876,69,1
877,54,0
878,75,0
879,104,1
880,74,1
881,38,1
882,80,1
883,62,0
884,90,1
885,65,1
886,56,1
887,91,1
888,35,0
889,57,1
890,60,1
891,91,1
892,150,1
893,38,1
894,36,1
895,59,1
896,182,1
897,36,1
898,75,1
899,29,1
900,95,0
901,52,0
902,45,1
903,47,1
904,40,1
905,56,1
906,30,0
907,26,1
908,59,1
909,95,0
910,77,1
911,56,0
912,59,1
913,39,1
914,82,1
915,115,1
916,79,1
917,74,0
918,54,1
919,48,1
920,57,1
921,73,1
922,38,1
923,133,1
924,68,1
925,28,1
926,182,1
927,19,0
928,37,1
929,63,1
930,71,1
931,87,1
932,118,0
933,80,1
934,71,1
935,56,1
936,36,1
937,65,0
938,40,1
939,189,0
940,73,1
941,35,1
942,137,1
943,47,1
944,159,1
945,69,1
946,27,1
947,93,1
948,64,1
949,56,0
950,95,0
951,96,1
952,41,0
953,176,1
954,38,1
955,41,0
956,57,0
957,89,1
958,92,1
959,149,1
960,32,1
961,53,1
962,77,1
963,27,1
964,120,1
965,28,0
966,138,1
967,19,0
968,26,0
969,18,0
970,23,0
971,69,1
972,23,0
973,150,0
974,157,0
975,89,1
976,69,1
977,96,1
978,176,0
979,57,0
980,157,1
981,113,1
982,90,0
983,19,1
984,85,1
985,30,0
986,102,0
987,63,0
988,53,1
989,21,0
990,72,1
991,50,1
992,21,0
993,59,0
994,97,1
995,48,0
996,49,1
997,62,1
998,96,0
999,81,0
1000,94,1
1001,30,0
1002,50,1
1003,58,1
1004,67,1
1005,81,1
1006,117,0
1007,20,0
1008,89,1
1009,28,1
1010,152,0
1011,57,0
1012,132,0
1013,130,0
1014,108,0
1015,87,1
1016,105,1
1017,51,1
1018,146,0
1019,34,0
1020,53,1
1021,61,1
1022,82,1
1023,187,1
1024,42,1
1025,65,1
1026,38,1
1027,36,1
1028,112,1
1029,44,1
1030,20,0
1031,133,0
1032,101,1
1033,131,1
1034,45,0
1035,186,1
1036,61,1
1037,18,0
1038,57,0
1039,59,1
1040,86,0
1041,55,1
1042,83,1
1043,34,1
1044,97,1
1045,52,1
1046,57,0
1047,85,1
1048,49,1
1049,119,1
1050,127,1
1051,47,1
1052,124,1
1053,29,1
1054,34,1
1055,124,1
1056,57,1
1057,48,0
1058,42,1
1059,35,0
1060,67,1
1061,61,1
1062,99,0
1063,54,1
1064,148,1
1065,64,1
1066,86,1
1067,41,1
1068,86,1
1069,73,1
1070,25,0
1071,59,1
1072,27,1
1073,73,1
1074,44,1
1075,130,1
1076,45,1
1077,33,1
1078,75,1
1079,55,1
1080,90,1
1081,68,1
1082,102,1
1083,61,0
1084,68,1
1085,56,0
1086,111,1
1087,15,0
1088,38,0
1089,85,1
1090,114,1
1091,120,1
1092,36,1
1093,113,1
1094,78,1
1095,81,0
1096,120,0
1097,55,1
1098,37,1
1099,26,0
1100,53,1
1101,44,1
1102,47,1
1103,184,1
1104,61,1
1105,85,1
1106,51,1
1107,54,1
1108,78,1
1109,26,0
1110,102,1
1111,63,1
1112,200,0
1113,105,0
1114,84,0
1115,63,0
1116,78,0
1117,36,1
1118,140,1
1119,44,1
1120,44,0
1121,89,1
1122,145,0
1123,109,1
1124,108,1
1125,91,1
1126,69,1
1127,133,1
1128,55,1
1129,145,1
1130,67,0
1131,70,1
1132,66,0
1133,25,1
1134,53,1
1135,77,1
1136,75,0
1137,73,1
1138,60,0
1139,93,1
1140,81,1
1141,52,1
1142,115,1
1143,52,1
1144,54,1
1145,95,1
1146,52,1
1147,161,1
1148,22,0
1149,74,0
1150,42,1
1151,30,0
1152,54,1
1153,62,1
1154,75,1
1155,40,0
1156,58,0
1157,61,1
1158,91,1
1159,57,1
1160,35,1
1161,24,1
1162,54,0
1163,60,1
1164,77,0
1165,73,1
1166,200,0
1167,57,1
1168,79,1
1169,73,1
1170,62,1
1171,91,1
1172,68,0
1173,93,1
1174,117,1
1175,50,0
1176,56,1
1177,45,0
1178,101,1
1179,78,1
1180,20,0
1181,26,1
1182,71,0
1183,66,0
1184,105,1
1185,100,1
1186,85,1
1187,16,0
1188,30,1
1189,106,1
1190,121,1
1191,26,1
1192,149,1
1193,50,1
1194,34,0
1195,118,1
1196,85,1
1197,34,1
1198,129,1
1199,103,0
1200,78,1
1201,72,1
1202,36,1
1203,68,1
1204,34,0
1205,54,0
1206,56,1
1207,100,0
1208,105,1
1209,39,0
1210,44,0
1211,55,1
1212,38,1
1213,33,0
1214,67,1
1215,35,0
1216,132,1
1217,47,0
1218,74,0
1219,119,1
1220,87,0
1221,44,1
1222,45,1
1223,86,1
1224,119,1
1225,49,1
1226,41,1
1227,59,1
1228,77,0
1229,33,1
1230,68,1
1231,45,1
1232,22,0
1233,40,0
1234,190,1
1235,20,1
1236,65,1
1237,104,1
1238,132,1
1239,61,1
1240,90,1
1241,62,0
1242,61,1
1243,26,0
1244,64,0
1245,91,1
1246,46,1
1247,43,1
1248,58,1
1249,33,1
1250,114,1
1251,111,1
1252,93,0
1253,123,1
1254,41,1
1255,37,1
1256,56,1
1257,31,0
1258,59,0
1259,26,0
1260,112,1
1261,45,1
1262,42,0
1263,66,1
1264,76,1
1265,26,1
1266,101,1
1267,136,0
1268,61,1
1269,34,0
1270,171,1
1271,52,1
1272,56,1
1273,62,1
1274,49,1
1275,57,1
1276,132,1
1277,70,1
1278,46,1
1279,20,0
1280,122,1
1281,96,1
1282,21,1
1283,75,1
1284,93,0
1285,73,1
1286,59,1
1287,40,1
1288,142,0
1289,29,1
1290,11,0
1291,36,1
1292,57,0
1293,159,1
1294,46,1
1295,50,1
1296,41,1
1297,50,1
1298,165,1
1299,91,1
1300,85,1
1301,84,1
1302,107,1
1303,59,1
1304,27,1
1305,56,1
1306,22,1
1307,29,1
1308,65,1
1309,55,1
1310,81,1
1311,52,1
1312,39,1
1313,68,1
1314,31,0
1315,139,0
1316,38,1
1317,157,1
1318,58,1
1319,55,1
1320,88,1
1321,83,0
1322,84,1
1323,76,1
1324,104,0
1325,70,1
1326,69,0
1327,87,1
1328,127,1
1329,92,1
1330,79,1
1331,58,0
1332,150,1
1333,77,1
1334,59,0
1335,68,0
1336,88,1
1337,84,1
1338,48,1
1339,29,0
1340,98,1
1341,68,0
1342,109,1
1343,84,1
1344,58,1
1345,22,0
1346,52,1
1347,50,1
1348,94,1
1349,66,0
1350,27,1
1351,77,1
1352,66,1
1353,64,1
1354,84,1
1355,83,1
1356,80,1
1357,69,0
1358,93,1
1359,76,1
1360,69,1
1361,28,0
1362,53,1
1363,90,1
1364,35,1
1365,40,0
1366,39,1
1367,69,1
1368,80,1
1369,23,0
1370,75,1
1371,130,1
1372,66,1
1373,60,0
1374,30,1
1375,33,0
1376,78,1
1377,57,1
1378,99,1
1379,30,1
1380,34,1
1381,16,1
1382,169,1
1383,36,1
1384,61,0
1385,102,1
1386,27,1
1387,46,1
1388,181,1
1389,26,1
1390,30,1
1391,68,1
1392,39,1
1393,41,1
1394,34,1
1395,106,1
1396,50,1
1397,36,1
1398,95,1
1399,92,0
1400,36,0
1401,15,1
1402,84,1
1403,60,1
1404,15,0
1405,42,1
1406,52,1
1407,73,0
1408,62,1
1409,71,1
1410,60,1
1411,75,0
1412,54,1
1413,200,1
1414,60,1
1415,67,1
1416,51,1
1417,59,1
1418,71,1
1419,152,0
1420,142,1
1421,46,1
1422,32,1
1423,65,0
1424,121,1
1425,116,1
1426,68,1
1427,41,1
1428,78,1
1429,68,0
1430,145,1
1431,35,0
1432,106,0
1433,112,1
1434,84,1
1435,95,1
1436,35,1
1437,103,1
1438,31,1
1439,36,1
1440,44,0
1441,51,1
1442,37,0
1443,62,1
1444,52,1
1445,25,1
1446,87,1
1447,200,0
1448,113,0
1449,36,0
1450,87,1
1451,40,1
1452,46,1
1453,30,1
1454,94,1
1455,157,0
1456,80,1
1457,15,0
1458,82,1
1459,104,1
1460,98,1
1461,38,1
1462,94,1
1463,61,1
1464,92,1
1465,43,1
1466,51,1
1467,63,1
1468,42,1
1469,38,1
1470,123,1
1471,123,1
1472,95,1
1473,53,0
1474,72,1
1475,83,1
1476,102,1
1477,100,1
1478,68,0
1479,128,1
1480,89,1
1481,33,0
1482,43,1
1483,51,1
1484,41,1
1485,63,1
1486,90,1
1487,59,0
1488,103,1
1489,126,1
1490,48,1
1491,38,1
1492,62,1
1493,127,1
1494,37,0
1495,52,1
1496,32,1
1497,70,1
1498,43,1
1499,86,1
1500,23,0
1501,38,1
1502,78,1
1503,99,0
1504,40,1
1505,31,1
1506,37,1
1507,33,1
1508,45,1
1509,137,0
1510,103,1
1511,72,1
1512,53,0
1513,46,0
1514,46,1
1515,24,0
1516,95,0
1517,57,1
1518,46,1
1519,96,1
1520,126,1
1521,50,1
1522,66,1
1523,33,0
1524,34,1
1525,74,1
1526,115,1
1527,82,1
1528,94,0
1529,49,1
1530,72,1
1531,66,1
1532,28,0
1533,41,0
1534,48,0
1535,55,1
1536,67,0
1537,45,0
1538,69,1
1539,58,1
1540,28,0
1541,65,1
1542,112,1
1543,39,0
1544,100,1
1545,27,1
1546,42,1
1547,66,1
1548,51,1
1549,35,1
1550,94,1
1551,45,1
1552,56,0
1553,200,1
1554,21,0
1555,38,0
1556,47,1
1557,86,1
1558,80,0
1559,45,1
1560,97,1
1561,26,1
1562,39,0
1563,170,1
1564,43,1
1565,46,1
1566,65,1
1567,68,1
1568,71,1
1569,23,1
1570,77,0
1571,167,1
1572,53,1
1573,54,1
1574,74,1
1575,139,1
1576,40,0
1577,72,1
1578,71,1
1579,51,0
1580,129,1
1581,107,1
1582,55,1
1583,33,1
1584,56,1
1585,50,1
1586,83,1
1587,106,1
1588,51,0
1589,57,1
1590,54,1
1591,40,0
1592,61,1
1593,63,0
1594,133,1
1595,70,1
1596,200,0
1597,49,1
1598,173,1
1599,43,0
1600,44,1
1601,65,0
1602,34,1
1603,138,1
1604,34,0
1605,60,1
1606,67,1
1607,50,1
1608,63,1
1609,42,1
1610,61,0
1611,44,1
1612,105,1
1613,55,1
1614,116,0
1615,92,1
1616,110,0
1617,27,0
1618,28,0
1619,97,0
1620,22,0
1621,95,1
1622,37,1
1623,38,1
1624,51,0
1625,41,1
1626,35,0
1627,34,0
1628,122,1
1629,85,0
1630,68,1
1631,23,1
1632,69,0
1633,37,0
1634,35,1
1635,51,1
1636,38,0
1637,29,0
1638,119,1
1639,115,1
1640,175,1
1641,37,1
1642,42,1
1643,21,0
1644,110,1
1645,141,0
1646,73,1
1647,52,1
1648,106,1
1649,60,1
1650,53,1
1651,127,1
1652,38,1
1653,81,1
1654,74,1
1655,109,1
1656,90,1
1657,102,0
1658,63,0
1659,45,0
1660,200,0
1661,74,1
1662,79,1
1663,44,1
1664,59,0
1665,62,1
1666,39,1
1667,16,0
1668,40,0
1669,98,1
1670,41,1
1671,45,1
1672,64,1
1673,127,1
1674,122,1
1675,51,1
1676,51,1
1677,108,1
1678,62,1
1679,33,0
1680,50,1
1681,60,1
1682,76,0
1683,29,1
1684,59,1
1685,181,1
1686,51,1
1687,188,0
1688,48,1
1689,32,1
1690,200,0
1691,100,1
1692,134,1
1693,80,1
1694,28,1
1695,41,1
1696,63,1
1697,32,1
1698,38,1
1699,58,1
1700,87,1
1701,31,1
1702,65,1
1703,175,1
1704,100,1
1705,85,0
1706,170,1
1707,41,1
1708,23,1
1709,36,1
1710,35,1
1711,71,1
1712,49,1
1713,46,1
1714,45,1
1715,123,1
1716,79,1
1717,67,1
1718,132,1
1719,38,1
1720,49,1
1721,43,1
1722,85,1
1723,48,1
1724,107,1
1725,159,1
1726,54,1
1727,118,0
1728,51,0
1729,50,1
1730,90,1
1731,133,1
1732,57,1
1733,51,1
1734,69,1
1735,61,1
1736,71,0
1737,94,0
1738,28,1
1739,54,1
1740,45,1
1741,88,1
1742,149,1
1743,70,0
1744,108,0
1745,96,1
1746,38,1
1747,46,1
1748,59,1
1749,49,1
1750,76,0
1751,56,0
1752,48,0
1753,75,1
1754,102,0
1755,50,1
1756,153,1
1757,53,1
1758,69,1
1759,49,1
1760,136,1
1761,172,1
1762,103,0
1763,28,0
1764,35,1
1765,104,1
1766,51,1
1767,56,1
1768,47,1
1769,43,1
1770,52,0
1771,15,0
1772,54,1
1773,144,1
1774,21,0
1775,90,1
1776,78,1
1777,19,1
1778,82,1
1779,90,1
1780,39,1
1781,57,1
1782,94,1
1783,150,1
1784,68,1
1785,90,1
1786,48,1
1787,56,1
1788,71,1
1789,35,0
1790,74,1
1791,49,0
1792,34,0
1793,66,0
1794,71,1
1795,53,1
1796,61,1
1797,35,1
1798,74,1
1799,65,1
1800,67,0
1801,87,1
1802,44,1
1803,200,0
1804,30,1
1805,44,0
1806,63,1
1807,96,1
1808,42,1
1809,15,0
1810,91,1
1811,36,0
1812,158,1
1813,42,1
1814,79,1
1815,34,1
1816,52,1
1817,100,1
1818,47,1
1819,115,1
1820,61,1
1821,76,0
1822,51,1
1823,71,1
1824,109,0
1825,30,1
1826,63,1
1827,49,1
1828,73,0
1829,49,0
1830,147,1
1831,66,1
1832,24,1
1833,41,1
1834,29,0
1835,44,0
1836,84,1
1837,69,1
1838,34,1
1839,46,1
1840,60,1
1841,75,1
1842,66,1
1843,49,1
1844,46,0
1845,33,1
1846,81,1
1847,98,1
1848,106,1
1849,42,0
1850,51,1
1851,47,1
1852,48,1
1853,35,1
1854,105,1
1855,38,1
1856,48,1
1857,55,1
1858,77,0
1859,54,1
1860,76,1
1861,144,1
1862,200,0
1863,38,1
1864,51,1
1865,132,0
1866,50,0
1867,80,1
1868,45,1
1869,62,1
1870,60,0
1871,24,1
1872,55,0
1873,94,1
1874,69,0
1875,151,1
1876,54,1
1877,69,1
1878,200,0
1879,161,1
1880,36,1
1881,45,0
1882,91,1
1883,61,1
1884,45,0
1885,55,1
1886,163,1
1887,142,1
1888,60,1
1889,79,1
1890,92,0
1891,71,1
1892,30,1
1893,97,1
1894,64,1
1895,89,1
1896,18,1
1897,76,1
1898,44,1
1899,43,1
1900,47,1
1901,170,1
1902,95,1
1903,159,0
1904,112,1
1905,92,1
1906,54,1
1907,39,0
1908,200,0
1909,64,1
1910,49,1
1911,22,1
1912,46,1
1913,74,0
1914,94,1
1915,99,1
1916,70,1
1917,37,1
1918,49,1
1919,42,1
1920,51,1
1921,36,0
1922,31,1
1923,80,1
1924,67,0
1925,73,1
1926,38,1
1927,75,1
1928,143,1
1929,32,0
1930,67,1
1931,56,1
1932,25,0
1933,76,0
1934,24,1
1935,129,1
1936,75,1
1937,41,1
1938,98,1
1939,75,1
1940,94,1
1941,35,0
1942,156,1
1943,37,1
1944,79,0
1945,95,1
1946,101,1
1947,50,0
1948,63,1
1949,58,1
1950,92,1
1951,159,1
1952,34,0
1953,200,0
1954,58,0
1955,34,0
1956,104,0
1957,99,1
1958,76,1
1959,92,1
1960,69,1
1961,101,1
1962,58,1
1963,124,1
1964,42,1
1965,79,1
1966,60,1
1967,48,0
1968,85,1
1969,69,0
1970,57,1
1971,96,1
1972,45,1
1973,74,1
1974,65,1
1975,15,0
1976,60,1
1977,114,1
1978,82,1
1979,103,0
1980,54,1
1981,48,1
1982,200,0
1983,113,1
1984,76,1
1985,25,0
1986,43,0
1987,77,0
1988,75,1
1989,62,1
1990,70,1
1991,53,1
1992,37,1
1993,51,1
1994,40,1
1995,166,1
1996,40,1
1997,65,1
1998,59,1
1999,76,1
2000,98,1
2001,22,0
2002,58,0
2003,163,0
2004,136,1
2005,47,1
2006,38,0
2007,57,1
2008,34,0
2009,73,1
2010,46,0
2011,40,1
2012,46,1
2013,45,1
2014,69,1
2015,97,1
2016,61,1
2017,48,1
2018,33,1
2019,136,1
2020,27,0
2021,147,1
2022,54,1
2023,190,1
2024,184,1
2025,69,1
2026,200,0
2027,80,1
2028,175,1
2029,140,1
2030,51,1
2031,18,1
2032,42,1
2033,85,1
2034,30,1
2035,39,1
2036,24,1
2037,56,0
2038,51,1
2039,11,0
2040,144,1
2041,108,1
2042,158,1
2043,84,0
2044,86,1
2045,40,0
2046,34,1
2047,53,1
2048,200,0
2049,88,0
2050,40,0
2051,82,1
2052,136,0
2053,69,0
2054,27,0
2055,84,1
2056,85,1
2057,78,1
2058,35,1
2059,38,1
2060,87,1
2061,27,0
2062,48,1
2063,64,0
2064,70,1
2065,128,1
2066,50,1
2067,200,0
2068,56,1
2069,29,0
2070,92,1
2071,32,1
2072,97,1
2073,47,1
2074,54,0
2075,97,1
2076,86,1
2077,133,1
2078,34,1
2079,84,0
2080,73,1
2081,112,1
2082,51,1
2083,151,1
2084,200,0
2085,29,0
2086,184,1
2087,62,1
2088,65,0
2089,70,0
2090,14,0
2091,143,1
2092,74,1
2093,200,0
2094,142,1
2095,47,1
2096,31,1
2097,65,1
2098,109,1
2099,45,1
2100,28,1
2101,56,1
2102,30,0
2103,48,1
2104,27,0
2105,50,1
2106,119,1
2107,49,0
2108,70,1
2109,31,1
2110,82,1
2111,65,0
2112,60,1
2113,60,1
2114,44,1
2115,20,0
2116,197,1
2117,51,0
2118,36,1
2119,20,1
2120,125,1
2121,24,0
2122,92,1
2123,85,1
2124,54,1
2125,59,0
2126,63,1
2127,98,1
2128,72,1
2129,155,1
2130,95,1
2131,41,1
2132,50,0
2133,60,1
2134,30,1
2135,157,0
2136,54,0
2137,73,1
2138,39,1
2139,95,1
2140,54,1
2141,93,1
2142,31,1
2143,55,1
2144,39,1
2145,200,0
2146,104,1
2147,124,1
2148,54,1
2149,113,1
2150,96,1
2151,21,0
2152,29,1
2153,49,1
2154,26,1
2155,104,1
2156,200,0
2157,41,0
2158,72,0
2159,41,0
2160,43,0
2161,131,1
2162,91,1
2163,118,0
2164,109,1
2165,49,0
2166,76,1
2167,124,1
2168,47,1
2169,33,1
2170,43,1
2171,61,1
2172,87,1
2173,64,1
2174,116,0
2175,89,1
2176,36,1
2177,72,0
2178,32,1
2179,18,0
2180,17,0
2181,91,1
2182,64,0
2183,52,1
2184,28,1
2185,50,0
2186,52,1
2187,49,0
2188,72,1
2189,34,1
2190,37,0
2191,56,1
2192,94,1
2193,86,1
2194,62,0
2195,60,0
2196,28,1
2197,55,1
2198,63,1
2199,102,1
2200,76,0
2201,56,1
2202,134,1
2203,44,0
2204,69,1
2205,55,0
2206,43,1
2207,22,0
2208,90,1
2209,52,0
2210,70,0
2211,47,0
2212,55,1
2213,55,1
2214,49,1
2215,118,1
2216,60,1
2217,59,1
2218,35,0
2219,146,1
2220,58,1
2221,124,1
2222,99,1
2223,71,1
2224,37,1
2225,75,1
2226,66,1
2227,43,0
2228,25,1
2229,86,1
2230,77,1
2231,28,1
2232,181,1
2233,74,1
2234,59,0
2235,60,0
2236,113,1
2237,59,1
2238,73,1
2239,34,1
2240,66,1
2241,63,1
2242,21,0
2243,54,1
2244,40,1
2245,59,1
2246,178,1
2247,63,0
2248,98,1
2249,38,0
2250,45,1
2251,53,1
2252,25,1
2253,48,1
2254,34,1
2255,24,1
2256,52,1
2257,58,1
2258,113,1
2259,52,1
2260,123,1
2261,80,1
2262,36,0
2263,101,1
2264,124,1
2265,117,1
2266,54,1
2267,47,0
2268,101,1
2269,151,1
2270,121,1
2271,29,0
2272,106,1
2273,32,1
2274,31,1
2275,28,1
2276,59,1
2277,175,1
2278,66,1
2279,117,1
2280,116,1
2281,58,1
2282,56,1
2283,31,1
2284,61,1
2285,54,1
2286,84,0
2287,70,1
2288,99,0
2289,90,1
2290,43,1
2291,72,1
2292,32,1
2293,72,0
2294,175,1
2295,69,1
2296,124,0
2297,53,1
2298,54,1
2299,48,1
2300,85,1
2301,52,1
2302,80,1
2303,75,1
2304,113,0
2305,47,1
2306,75,1
2307,63,1
2308,64,1
2309,25,1
2310,62,1
2311,31,1
2312,31,0
2313,40,0
2314,133,1
2315,34,0
2316,39,1
2317,56,0
2318,64,1
2319,103,1
2320,93,0
2321,200,0
2322,82,1
2323,49,1
2324,59,1
2325,51,1
2326,57,1
2327,154,0
2328,43,1
2329,64,1
2330,139,0
2331,82,1
2332,42,1
2333,63,1
2334,120,1
2335,96,1
2336,47,1
2337,45,0
2338,91,1
2339,55,1
2340,89,1
2341,36,1
2342,51,1
2343,38,1
2344,32,1
2345,42,1
2346,54,1
2347,66,0
2348,66,0
2349,167,1
2350,43,1
2351,93,1
2352,48,1
2353,200,0
2354,70,0
2355,78,1
2356,37,0
2357,64,1
2358,150,1
2359,54,1
2360,30,0
2361,44,1
2362,151,1
2363,64,1
2364,26,1
2365,56,0
2366,38,0
2367,115,1
2368,98,1
2369,24,0
2370,97,1
2371,24,0
2372,64,1
2373,38,0
2374,32,1
2375,104,1
2376,47,0
2377,157,0
2378,37,1
2379,74,1
2380,53,1
2381,179,0
2382,102,0
2383,79,0
2384,46,1
2385,34,1
2386,71,1
2387,49,1
2388,89,1
2389,131,1
2390,38,1
2391,51,1
2392,77,1
2393,22,0
2394,43,1
2395,87,1
2396,63,1
2397,129,1
2398,57,1
2399,64,0
2400,23,1
2401,28,1
2402,105,1
2403,27,1
2404,86,1
2405,94,1
2406,55,0
2407,86,0
2408,46,1
2409,79,1
2410,89,1
2411,67,1
2412,56,1
2413,72,1
2414,38,1
2415,36,1
2416,52,1
2417,17,0
2418,57,1
2419,63,0
2420,56,1
2421,105,1
2422,86,1
2423,85,1
2424,91,1
2425,48,0
2426,63,1
2427,57,0
2428,35,0
2429,48,1
2430,11,0
2431,45,1
2432,42,0
2433,95,1
2434,34,1
2435,177,0
2436,101,1
2437,49,1
2438,78,0
2439,43,1
2440,39,1
2441,72,1
2442,68,1
2443,83,1
2444,53,1
2445,85,1
2446,46,1
2447,65,1
2448,55,1
2449,79,1
2450,65,1
2451,88,0
2452,31,0
2453,58,0
2454,21,0
2455,62,1
2456,36,1
2457,103,1
2458,84,0
2459,67,1
2460,49,1
2461,64,1
2462,85,1
2463,20,1
2464,62,1
2465,161,1
2466,58,1
2467,29,0
2468,92,1
2469,68,1
2470,43,1
2471,64,1
2472,44,1
2473,124,1
2474,62,1
2475,62,1
2476,45,1
2477,33,0
2478,66,1
2479,93,0
2480,61,0
2481,53,0
2482,106,0
2483,112,1
2484,85,1
2485,70,1
2486,35,1
2487,35,0
2488,35,1
2489,35,1
2490,116,1
2491,131,0
2492,70,1
2493,40,1
2494,86,1
2495,47,0
2496,106,1
2497,98,1
2498,54,1
2499,70,1
2500,42,1
2501,48,1
2502,21,0
2503,49,1
2504,101,0
2505,48,1
2506,116,0
2507,142,1
2508,117,0
2509,136,0
2510,40,0
2511,46,1
2512,42,0
2513,67,1
2514,115,1
2515,43,1
2516,47,1
2517,49,1
2518,61,1
2519,55,1
2520,106,1
2521,12,0
2522,200,0
2523,57,1
2524,149,1
2525,57,1
2526,111,1
2527,64,0
2528,57,0
2529,145,1
2530,50,1
2531,29,1
2532,137,0
2533,90,1
2534,77,1
2535,41,0
2536,32,1
2537,45,1
2538,72,1
2539,107,1
2540,146,1
2541,184,0
2542,25,1
2543,110,1
2544,45,0
2545,85,1
2546,105,1
2547,54,1
2548,62,0
2549,67,1
2550,75,1
2551,36,0
2552,95,1
2553,50,1
2554,28,1
2555,46,1
2556,46,0
2557,43,1
2558,103,1
2559,49,1
2560,79,1
2561,78,1
2562,103,1
2563,113,1
2564,60,0
2565,41,1
2566,88,1
2567,80,1
2568,95,0
2569,31,1
2570,28,0
2571,38,0
2572,87,1
2573,170,0
2574,13,0
2575,189,1
2576,36,1
2577,115,1
2578,70,1
2579,99,0
2580,57,1
2581,58,1
2582,39,1
2583,98,0
2584,43,1
2585,70,1
2586,81,1
2587,92,1
2588,108,1
2589,200,0
2590,105,1
2591,134,1
2592,52,1
2593,66,1
2594,42,1
2595,76,1
2596,55,1
2597,200,0
2598,41,1
2599,114,0
2600,179,1
2601,54,1
2602,30,1
2603,127,0
2604,44,1
2605,82,1
2606,58,1
2607,88,1
2608,35,0
2609,71,1
2610,37,1
2611,29,1
2612,47,0
2613,37,1
2614,48,1
2615,82,1
2616,75,0
2617,53,1
2618,49,1
2619,82,0
2620,123,1
2621,29,0
2622,42,0
2623,50,1
2624,133,1
2625,78,1
2626,47,1
2627,44,1
2628,135,1
2629,53,1
2630,42,1
2631,52,1
2632,71,0
2633,144,1
2634,49,1
2635,90,1
2636,41,1
2637,76,0
2638,43,1
2639,76,0
2640,158,0
2641,61,1
2642,84,1
2643,41,1
2644,72,1
2645,152,1
2646,25,1
2647,63,1
2648,107,0
2649,47,1
2650,37,1
2651,42,0
2652,50,1
2653,156,1
2654,52,1
2655,21,0
2656,80,1
2657,88,1
2658,47,1
2659,50,1
2660,69,1
2661,40,0
2662,52,1
2663,44,1
2664,44,1
2665,30,1
2666,126,1
2667,50,1
2668,114,1
2669,42,0
2670,134,0
2671,75,1
2672,98,1
2673,56,1
2674,29,0
2675,55,1
2676,85,1
2677,81,0
2678,94,1
2679,51,1
2680,57,1
2681,41,1
2682,38,1
2683,40,0
2684,23,1
2685,74,1
2686,91,1
2687,37,1
2688,53,0
2689,84,1
2690,58,1
2691,27,0
2692,154,1
2693,34,1
2694,200,0
2695,36,1
2696,90,1
2697,53,1
2698,36,1
2699,73,0
2700,121,0
2701,97,1
2702,147,1
2703,25,0
2704,158,0
2705,67,0
2706,148,1
2707,50,1
2708,93,1
2709,57,0
2710,106,1
2711,98,1
2712,50,1
2713,56,1
2714,62,1
2715,60,1
2716,100,1
2717,58,0
2718,59,1
2719,78,1
2720,29,0
2721,45,1
2722,51,1
2723,116,1
2724,37,1
2725,23,1
2726,23,1
2727,69,1
2728,109,0
2729,137,1
2730,124,1
2731,46,1
2732,40,1
2733,105,1
2734,86,1
2735,50,0
2736,52,1
2737,64,1
2738,18,0
2739,73,1
2740,30,1
2741,63,1
2742,70,1
2743,156,1
2744,40,1
2745,61,0
2746,43,1
2747,163,1
2748,68,1
2749,45,1
2750,30,1
2751,76,1
2752,65,1
2753,51,1
2754,136,1
2755,71,1
2756,50,1
2757,35,0
2758,112,1
2759,30,0
2760,27,0
2761,156,1
2762,62,0
2763,47,0
2764,28,1
2765,67,1
2766,77,1
2767,51,1
2768,91,1
2769,55,1
2770,118,1
2771,30,1
2772,67,1
2773,62,1
2774,78,1
2775,43,0
2776,34,1
2777,47,1
2778,39,1
2779,48,1
2780,23,0
2781,38,1
2782,39,1
2783,139,1
2784,15,0
2785,78,1
2786,64,1
2787,43,1
2788,26,1
2789,101,1
2790,48,1
2791,33,1
2792,51,1
2793,53,1
2794,53,1
2795,32,1
2796,101,1
2797,52,0
2798,200,0
2799,117,1
2800,35,1
2801,54,0
2802,200,0
2803,40,1
2804,85,1
2805,31,0
2806,173,1
2807,81,1
2808,27,1
2809,28,1
2810,64,0
2811,50,0
2812,52,1
2813,64,0
2814,52,1
2815,47,0
2816,66,1
2817,47,1
2818,49,1
2819,39,0
2820,29,1
2821,54,1
2822,22,0
2823,87,0
2824,23,1
2825,34,1
2826,79,1
2827,98,0
2828,79,0
2829,40,1
2830,56,1
2831,150,0
2832,111,1
2833,27,1
2834,76,1
2835,61,1
2836,105,0
2837,81,1
2838,59,0
2839,124,0
2840,26,0
2841,44,1
2842,40,0
2843,200,0
2844,76,1
2845,124,1
2846,44,1
2847,121,1
2848,62,0
2849,37,0
2850,41,1
2851,61,1
2852,66,0
2853,67,1
2854,28,1
2855,41,1
2856,103,0
2857,46,1
2858,26,1
2859,99,1
2860,88,1
2861,55,1
2862,21,0
2863,69,1
2864,76,1
2865,65,1
2866,87,1
2867,99,1
2868,55,1
2869,39,1
2870,43,1
2871,51,1
2872,52,0
2873,116,1
2874,58,1
2875,57,0
2876,88,1
2877,64,1
2878,112,1
2879,116,1
2880,64,1
2881,20,0
2882,102,0
2883,107,1
2884,74,1
2885,64,1
2886,47,1
2887,59,1
2888,79,1
2889,17,0
2890,54,0
2891,63,1
2892,95,1
2893,105,1
2894,35,0
2895,30,0
2896,57,1
2897,58,1
2898,137,0
2899,79,0
2900,104,1
2901,89,1
2902,58,0
2903,90,1
2904,97,1
2905,102,1
2906,63,0
2907,85,1
2908,75,1
2909,41,1
2910,43,1
2911,136,1
2912,28,1
2913,59,1
2914,22,0
2915,47,0
2916,66,1
2917,57,1
2918,87,1
2919,53,1
2920,33,1
2921,78,0
2922,63,1
2923,42,1
2924,31,1
2925,33,1
2926,34,0
2927,38,1
2928,95,1
2929,127,1
2930,25,1
2931,113,0
2932,53,1
2933,37,1
2934,153,0
2935,60,0
2936,39,1
2937,44,1
2938,53,1
2939,54,1
2940,69,0
2941,59,1
2942,58,0
2943,30,1
2944,44,0
2945,104,1
2946,50,0
2947,121,1
2948,69,1
2949,141,1
2950,97,1
2951,38,1
2952,48,1
2953,68,1
2954,64,1
2955,34,0
2956,55,0
2957,44,1
2958,96,0
2959,32,1
2960,27,1
2961,39,1
2962,119,1
2963,106,1
2964,106,1
2965,16,0
2966,72,1
2967,24,1
2968,140,1
2969,147,1
2970,63,1
2971,99,1
2972,76,0
2973,50,1
2974,166,1
2975,43,0
2976,191,1
2977,111,1
2978,86,1
2979,71,1
2980,52,1
2981,74,0
2982,63,1
2983,112,0
2984,101,0
2985,35,1
2986,32,1
2987,65,1
2988,133,0
2989,46,0
2990,82,1
2991,119,0
2992,91,1
2993,56,1
2994,143,0
2995,52,1
2996,72,0
2997,40,0
2998,41,0
2999,107,1
3000,28,0
3001,51,1
3002,149,1
3003,100,1
3004,57,1
3005,77,1
3006,123,1
3007,56,1
3008,77,1
3009,163,1
3010,80,1
3011,101,1
3012,130,1
3013,85,1
3014,104,1
3015,115,1
3016,106,1
3017,62,1
3018,38,1
3019,30,1
3020,140,0
3021,41,0
3022,59,1
3023,84,1
3024,108,1
3025,91,1
3026,68,1
3027,49,1
3028,35,1
3029,47,1
3030,89,1
3031,90,1
3032,75,1
3033,42,1
3034,180,1
3035,60,1
3036,65,0
3037,81,1
3038,128,1
3039,82,1
3040,45,1
3041,94,1
3042,58,1
3043,33,1
3044,112,1
3045,69,0
3046,33,1
3047,63,1
3048,41,1
3049,63,1
3050,24,1
3051,19,1
3052,34,0
3053,56,1
3054,51,0
3055,71,0
3056,94,1
3057,53,0
3058,52,1
3059,50,1
3060,38,1
3061,63,1
3062,138,1
3063,66,0
3064,101,0
3065,48,1
3066,110,1
3067,129,1
3068,79,1
3069,54,1
3070,37,1
3071,127,1
3072,200,0
3073,71,0
3074,50,1
3075,32,1
3076,84,1
3077,65,1
3078,69,1
3079,35,0
3080,54,1
3081,113,1
3082,29,1
3083,16,0
3084,18,0
3085,136,0
3086,46,1
3087,92,0
3088,52,1
3089,52,1
3090,25,0
3091,77,0
3092,80,1
3093,119,0
3094,105,1
3095,122,1
3096,183,1
3097,24,0
3098,34,0
3099,31,0
3100,69,1
3101,79,1
3102,52,1
3103,35,1
3104,38,1
3105,85,1
3106,113,1
3107,36,1
3108,72,1
3109,161,1
3110,46,1
3111,39,1
3112,175,1
3113,124,1
3114,54,1
3115,32,1
3116,47,1
3117,178,1
3118,56,0
3119,59,1
3120,45,1
3121,94,1
3122,53,0
3123,53,1
3124,83,0
3125,80,1
3126,45,1
3127,56,1
3128,76,1
3129,15,0
3130,23,1
3131,11,0
3132,72,1
3133,118,0
3134,59,1
3135,51,1
3136,81,0
3137,82,1
3138,41,0
3139,53,0
3140,64,0
3141,38,1
3142,82,1
3143,88,1
3144,67,0
3145,28,0
3146,52,1
3147,61,0
3148,72,1
3149,70,1
3150,54,1
3151,52,1
3152,14,0
3153,72,0
3154,52,1
3155,111,1
3156,43,0
3157,53,1
3158,47,1
3159,67,1
3160,96,1
3161,183,1
3162,61,1
3163,89,0
3164,184,1
3165,34,1
3166,54,1
3167,111,1
3168,67,1
3169,108,1
3170,76,1
3171,46,1
3172,49,0
3173,176,1
3174,52,1
3175,34,1
3176,33,0
3177,43,0
3178,68,1
3179,45,1
3180,39,0
3181,23,1
3182,68,1
3183,69,1
3184,72,1
3185,40,1
3186,42,1
3187,189,0
3188,36,0
3189,40,1
3190,37,1
3191,113,1
3192,33,0
3193,200,0
3194,56,1
3195,89,1
3196,109,1
3197,94,1
3198,58,0
3199,84,1
3200,96,1
3201,79,0
3202,41,1
3203,134,0
3204,96,1
3205,54,1
3206,90,1
3207,54,1
3208,45,1
3209,38,1
3210,31,1
3211,89,1
3212,37,1
3213,56,1
3214,61,1
3215,168,1
3216,68,0
3217,90,1
3218,85,0
3219,66,1
3220,42,1
3221,98,1
3222,89,1
3223,42,1
3224,128,1
3225,28,1
3226,28,1
3227,82,1
3228,98,1
3229,48,1
3230,105,1
3231,68,1
3232,96,1
3233,45,1
3234,74,1
3235,32,1
3236,13,0
3237,38,1
3238,82,1
3239,65,1
3240,66,1
3241,48,1
3242,41,1
3243,56,1
3244,14,0
3245,74,0
3246,80,1
3247,117,1
3248,88,1
3249,80,1
3250,107,1
3251,49,0
3252,84,1
3253,75,1
3254,98,0
3255,152,1
3256,48,0
3257,77,1
3258,17,0
3259,47,0
3260,78,1
3261,69,1
3262,133,1
3263,134,0
3264,83,1
3265,52,1
3266,43,1
3267,46,1
3268,106,1
3269,117,0
3270,82,1
3271,53,1
3272,200,0
3273,73,1
3274,75,1
3275,10,0
3276,29,1
3277,99,1
3278,52,1
3279,50,1
3280,48,1
3281,61,1
3282,93,1
3283,120,1
3284,72,1
3285,45,0
3286,176,1
3287,98,1
3288,106,0
3289,44,0
3290,55,0
3291,45,1
3292,18,0
3293,64,1
3294,77,1
3295,97,1
3296,42,1
3297,46,0
3298,69,1
3299,142,1
3300,58,1
3301,76,1
3302,89,1
3303,111,1
3304,73,1
3305,24,0
3306,71,1
3307,95,1
3308,162,0
3309,85,0
3310,43,1
3311,32,1
3312,93,0
3313,110,0
3314,21,0
3315,64,1
3316,81,1
3317,48,1
3318,98,0
3319,103,0
3320,60,1
3321,58,1
3322,61,0
3323,161,1
3324,200,0
3325,89,0
3326,62,1
3327,37,0
3328,32,1
3329,39,0
3330,103,1
3331,97,0
3332,33,1
3333,89,1
3334,62,0
3335,43,1
3336,159,1
3337,116,1
3338,65,1
3339,51,1
3340,45,0
3341,56,1
3342,50,1
3343,45,0
3344,53,1
3345,69,0
3346,112,1
3347,45,1
3348,47,0
3349,64,1
3350,32,1
3351,53,0
3352,31,0
3353,45,1
3354,45,0
3355,114,1
3356,20,1
3357,45,0
3358,56,1
3359,22,1
3360,59,1
3361,67,1
3362,87,1
3363,175,1
3364,48,1
3365,183,0
3366,94,1
3367,48,1
3368,47,1
3369,56,1
3370,26,1
3371,99,1
3372,78,1
3373,151,1
3374,60,1
3375,84,1
3376,162,1
3377,72,1
3378,59,1
3379,68,1
3380,74,1
3381,39,1
3382,111,1
3383,48,1
3384,38,1
3385,128,0
3386,59,1
3387,39,1
3388,38,0
3389,83,1
3390,31,1
3391,46,1
3392,47,1
3393,35,1
3394,94,1
3395,86,0
3396,73,0
3397,72,1
3398,39,1
3399,13,0
3400,113,1
3401,32,1
3402,130,1
3403,66,1
3404,83,1
3405,103,1
3406,40,1
3407,36,0
3408,68,1
3409,62,1
3410,78,1
3411,57,1
3412,78,1
3413,51,1
3414,43,1
3415,52,1
3416,46,1
3417,57,1
3418,22,0
3419,57,0
3420,57,1
3421,40,1
3422,73,1
3423,69,1
3424,52,1
3425,60,1
3426,27,0
3427,42,1
3428,68,1
3429,95,1
3430,48,1
3431,78,1
3432,39,1
3433,46,1
3434,146,0
3435,66,1
3436,50,0
3437,74,1
3438,22,0
3439,119,0
3440,43,1
3441,49,1
3442,72,0
3443,59,1
3444,70,1
3445,62,1
3446,58,1
3447,61,1
3448,50,1
3449,39,1
3450,27,0
3451,52,1
3452,40,0
3453,56,1
3454,42,0
3455,62,1
3456,23,0
3457,48,1
3458,44,1
3459,38,0
3460,54,1
3461,63,1
3462,49,1
3463,77,1
3464,47,1
3465,67,1
3466,112,1
3467,135,1
3468,65,0
3469,39,1
3470,60,1
3471,43,1
3472,59,0
3473,75,1
3474,72,1
3475,100,1
3476,105,1
3477,144,1
3478,122,1
3479,90,1
3480,42,0
3481,155,1
3482,68,1
3483,49,0
3484,25,1
3485,30,0
3486,132,1
3487,53,1
3488,30,1
3489,128,1
3490,56,1
3491,67,0
3492,88,0
3493,83,1
3494,16,0
3495,94,1
3496,30,0
3497,61,1
3498,95,0
3499,28,0
3500,69,1
3501,52,0
3502,56,1
3503,70,1
3504,96,1
3505,72,1
3506,107,1
3507,70,0
3508,84,1
3509,47,1
3510,51,1
3511,55,1
3512,61,1
3513,67,0
3514,79,1
3515,79,1
3516,69,0
3517,51,1
3518,57,1
3519,70,1
3520,56,0
3521,44,1
3522,49,1
3523,108,0
3524,21,0
3525,109,1
3526,27,1
3527,47,1
3528,84,1
3529,50,1
3530,58,1
3531,24,0
3532,113,1
3533,149,1
3534,78,0
3535,81,1
3536,67,0
3537,55,1
3538,24,0
3539,30,1
3540,75,1
3541,127,1
3542,22,0
3543,48,1
3544,88,1
3545,25,0
3546,19,0
3547,55,0
3548,65,1
3549,54,0
3550,92,1
3551,52,0
3552,99,1
3553,57,1
3554,51,1
3555,103,1
3556,57,1
3557,67,1
3558,81,1
3559,89,1
3560,83,1
3561,26,0
3562,24,1
3563,36,1
3564,57,1
3565,41,1
3566,88,1
3567,62,1
3568,67,1
3569,53,1
3570,77,1
3571,200,0
3572,57,1
3573,141,1
3574,93,1
3575,91,1
3576,64,1
3577,32,0
3578,62,1
3579,167,1
3580,31,1
3581,73,1
3582,31,0
3583,90,0
3584,137,1
3585,199,1
3586,49,1
3587,47,1
3588,51,1
3589,42,0
3590,100,1
3591,171,1
3592,77,1
3593,103,1
3594,44,1
3595,73,1
3596,43,1
3597,52,0
3598,80,1
3599,50,0
3600,97,1
3601,87,0
3602,165,1
3603,21,0
3604,27,1
3605,61,1
3606,68,1
3607,90,0
3608,67,1
3609,103,1
3610,38,1
3611,138,0
3612,74,1
3613,69,1
3614,49,1
3615,92,1
3616,181,1
3617,53,0
3618,33,0
3619,40,1
3620,28,1
3621,37,1
3622,111,1
3623,92,1
3624,114,0
3625,69,1
3626,108,1
3627,47,1
3628,168,1
3629,41,1
3630,104,1
3631,74,1
3632,97,1
3633,51,1
3634,41,0
3635,82,1
3636,54,0
3637,100,1
3638,30,0
3639,129,1
3640,96,1
3641,134,1
3642,138,1
3643,105,1
3644,76,1
3645,116,1
3646,60,0
3647,53,1
3648,127,1
3649,32,1
3650,61,1
3651,93,0
3652,75,1
3653,88,1
3654,33,1
3655,31,1
3656,109,1
3657,28,0
3658,75,1
3659,39,1
3660,49,0
3661,41,1
3662,72,1
3663,47,1
3664,87,1
3665,54,1
3666,61,1
3667,117,1
3668,139,1
3669,102,1
3670,39,0
3671,77,1
3672,50,1
3673,62,1
3674,72,1
3675,48,1
3676,29,1
3677,156,1
3678,88,1
3679,36,0
3680,68,1
3681,45,1
3682,34,1
3683,66,1
3684,22,0
3685,62,0
3686,48,0
3687,80,1
3688,191,0
3689,53,0
3690,50,1
3691,130,1
3692,30,1
3693,35,1
3694,35,0
3695,121,0
3696,30,0
3697,124,1
3698,55,1
3699,42,1
3700,63,1
3701,118,1
3702,134,1
3703,81,1
3704,99,1
3705,63,1
3706,25,0
3707,77,1
3708,87,0
3709,33,1
3710,59,0
3711,76,1
3712,96,1
3713,45,1
3714,65,1
3715,77,1
3716,31,1
3717,41,0
3718,89,1
3719,32,0
3720,200,0
3721,31,1
3722,69,1
3723,53,0
3724,71,1
3725,48,1
3726,60,1
3727,31,0
3728,80,1
3729,67,1
3730,129,1
3731,148,0
3732,44,1
3733,82,1
3734,31,1
3735,200,0
3736,57,1
3737,90,1
3738,72,1
3739,78,1
3740,98,1
3741,81,1
3742,52,1
3743,52,1
3744,54,1
3745,79,0
3746,84,0
3747,69,0
3748,20,0
3749,14,0
3750,156,0
3751,155,1
3752,25,0
3753,25,0
3754,79,1
3755,47,0
3756,99,1
3757,79,1
3758,31,0
3759,145,0
3760,30,1
3761,60,1
3762,29,0
3763,98,1
3764,106,1
3765,71,1
3766,111,1
3767,38,1
3768,92,0
3769,77,0
3770,166,1
3771,75,1
3772,33,0
3773,54,1
3774,41,0
3775,150,1
3776,31,0
3777,80,1
3778,85,0
3779,58,1
3780,46,1
3781,143,1
3782,55,1
3783,67,1
3784,98,1
3785,125,0
3786,200,0
3787,92,1
3788,52,1
3789,76,1
3790,29,0
3791,69,1
3792,37,0
3793,102,1
3794,111,0
3795,61,1
3796,73,1
3797,58,1
3798,32,1
3799,46,1
3800,47,1
3801,45,1
3802,72,1
3803,29,1
3804,103,1
3805,31,0
3806,52,0
3807,32,0
3808,28,1
3809,92,1
3810,76,1
3811,44,1
3812,84,0
3813,74,1
3814,51,0
3815,51,0
3816,64,1
3817,52,1
3818,34,1
3819,104,1
3820,21,1
3821,86,1
3822,61,1
3823,38,1
3824,90,1
3825,70,1
3826,166,1
3827,100,1
3828,59,1
3829,47,0
3830,57,1
3831,40,1
3832,125,1
3833,38,0
3834,106,1
3835,200,0
3836,41,1
3837,22,0
3838,39,1
3839,77,0
3840,33,0
3841,121,1
3842,35,0
3843,46,1
3844,71,1
3845,200,0
3846,72,1
3847,71,0
3848,137,1
3849,63,1
3850,51,0
3851,60,1
3852,65,0
3853,46,1
3854,22,0
3855,110,0
3856,88,1
3857,81,1
3858,60,1
3859,62,1
3860,113,1
3861,48,1
3862,89,1
3863,39,1
3864,45,1
3865,43,1
3866,63,0
3867,70,1
3868,24,0
3869,71,0
3870,106,1
3871,43,1
3872,75,1
3873,119,1
3874,44,1
3875,138,1
3876,200,0
3877,105,1
3878,30,1
3879,94,1
3880,35,0
3881,131,1
3882,51,0
3883,29,1
3884,84,1
3885,27,1
3886,57,0
3887,89,1
3888,33,1
3889,71,1
3890,44,0
3891,38,1
3892,45,1
3893,39,1
3894,106,1
3895,14,0
3896,134,1
3897,30,0
3898,34,1
3899,47,0
3900,102,1
3901,93,1
3902,200,0
3903,54,1
3904,105,1
3905,93,1
3906,178,1
3907,59,0
3908,43,0
3909,81,1
3910,44,1
3911,74,0
3912,115,1
3913,104,1
3914,100,1
3915,68,1
3916,55,1
3917,122,1
3918,113,1
3919,50,1
3920,40,1
3921,39,0
3922,84,1
3923,77,1
3924,117,1
3925,164,0
3926,62,1
3927,38,0
3928,72,1
3929,63,1
3930,92,1
3931,27,1
3932,65,1
3933,83,0
3934,103,0
3935,88,1
3936,63,1
3937,42,1
3938,69,1
3939,167,1
3940,47,1
3941,77,1
3942,32,1
3943,43,1
3944,91,1
3945,81,0
3946,122,1
3947,125,1
3948,196,1
3949,31,1
3950,41,1
3951,50,0
3952,39,1
3953,116,1
3954,55,0
3955,101,1
3956,79,1
3957,59,1
3958,100,1
3959,45,0
3960,47,1
3961,97,0
3962,58,1
3963,26,1
3964,157,1
3965,37,0
3966,61,1
3967,97,1
3968,49,1
3969,60,1
3970,46,0
3971,106,1
3972,91,1
3973,65,1
3974,44,1
3975,116,1
3976,80,1
3977,92,0
3978,108,1
3979,55,0
3980,47,1
3981,59,1
3982,58,1
3983,137,1
3984,37,1
3985,39,0
3986,58,1
3987,62,1
3988,49,0
3989,133,1
3990,21,0
3991,67,1
3992,68,1
3993,107,1
3994,143,1
3995,29,0
3996,80,1
3997,83,1
3998,77,1
3999,86,1
4000,20,0
4001,45,1
4002,160,1
4003,59,1
4004,46,1
4005,48,1
4006,62,1
4007,114,1
4008,45,1
4009,82,0
4010,57,0
4011,25,0
4012,65,0
4013,169,1
4014,36,1
4015,80,1
4016,39,1
4017,108,1
4018,102,1
4019,55,1
4020,88,1
4021,41,0
4022,163,0
4023,32,1
4024,176,1
4025,120,1
4026,18,0
4027,59,1
4028,69,0
4029,42,1
4030,74,1
4031,56,1
4032,88,1
4033,42,1
4034,70,1
4035,132,0
4036,98,1
4037,88,1
4038,56,1
4039,100,0
4040,48,1
4041,52,1
4042,55,1
4043,81,1
4044,81,1
4045,86,0
4046,107,1
4047,95,1
4048,76,1
4049,67,1
4050,28,1
4051,180,1
4052,91,1
4053,28,1
4054,61,0
4055,20,1
4056,97,1
4057,15,0
4058,38,1
4059,41,1
4060,23,0
4061,147,1
4062,71,1
4063,49,1
4064,54,0
4065,27,1
4066,68,1
4067,48,1
4068,59,0
4069,63,1
4070,83,0
4071,52,1
4072,59,1
4073,57,1
4074,31,0
4075,19,0
4076,37,1
4077,44,0
4078,26,0
4079,103,1
4080,31,1
4081,25,0
4082,52,1
4083,168,0
4084,126,1
4085,85,1
4086,77,1
4087,57,1
4088,19,0
4089,141,1
4090,37,0
4091,52,1
4092,75,1
4093,45,1
4094,49,1
4095,140,0
4096,53,1
4097,137,0
4098,37,0
4099,57,1
4100,43,0
4101,52,1
4102,35,1
4103,73,1
4104,44,1
4105,113,1
4106,51,1
4107,80,1
4108,46,1
4109,61,1
4110,49,0
4111,74,1
4112,33,0
4113,20,0
4114,43,1
4115,62,1
4116,35,1
4117,118,0
4118,35,1
4119,174,1
4120,42,1
4121,46,1
4122,60,0
4123,57,1
4124,41,1
4125,111,0
4126,75,1
4127,55,1
4128,79,1
4129,52,1
4130,139,1
4131,53,1
4132,66,1
4133,121,0
4134,90,1
4135,120,0
4136,49,1
4137,20,0
4138,54,1
4139,44,1
4140,65,0
4141,32,1
4142,190,0
4143,35,0
4144,27,1
4145,56,0
4146,69,1
4147,56,1
4148,70,1
4149,165,1
4150,64,0
4151,55,1
4152,63,1
4153,89,1
4154,31,1
4155,88,1
4156,113,1
4157,113,1
4158,91,1
4159,109,1
4160,134,1
4161,86,0
4162,82,1
4163,72,0
4164,27,0
4165,70,1
4166,60,0
4167,18,1
4168,30,0
4169,106,1
4170,87,1
4171,29,1
4172,48,1
4173,37,1
4174,45,0
4175,47,1
4176,128,1
4177,28,0
4178,39,1
4179,180,1
4180,105,1
4181,79,1
4182,35,1
4183,97,1
4184,28,1
4185,49,0
4186,68,1
4187,39,0
4188,137,0
4189,39,1
4190,84,1
4191,105,1
4192,58,0
4193,80,1
4194,164,1
4195,27,0
4196,21,0
4197,102,1
4198,64,1
4199,85,1
4200,58,1
4201,93,1
4202,134,0
4203,70,1
4204,59,1
4205,36,1
4206,116,1
4207,65,1
4208,42,1
4209,124,1
4210,72,1
4211,87,0
4212,168,1
4213,123,1
4214,71,1
4215,88,1
4216,83,1
4217,48,1
4218,96,1
4219,27,0
4220,123,0
4221,109,0
4222,110,0
4223,42,0
4224,87,1
4225,132,1
4226,51,1
4227,95,0
4228,63,0
4229,45,1
4230,106,1
4231,68,0
4232,68,1
4233,80,0
4234,61,0
4235,58,0
4236,63,1
4237,35,1
4238,74,1
4239,41,1
4240,28,1
4241,68,1
4242,162,1
4243,55,0
4244,70,0
4245,80,1
4246,161,1
4247,128,1
4248,88,0
4249,52,1
4250,60,1
4251,15,0
4252,124,1
4253,32,0
4254,32,0
4255,80,1
4256,86,1
4257,48,1
4258,45,1
4259,122,1
4260,67,1
4261,32,1
4262,32,0
4263,57,1
4264,51,1
4265,200,0
4266,36,1
4267,39,1
4268,34,1
4269,63,1
4270,81,0
4271,79,1
4272,141,1
4273,94,1
4274,145,1
4275,61,1
4276,19,0
4277,48,0
4278,29,1
4279,68,1
4280,35,1
4281,99,1
4282,100,1
4283,131,1
4284,107,1
4285,32,0
4286,42,1
4287,57,1
4288,69,1
4289,59,1
4290,49,1
4291,75,1
4292,200,0
4293,54,1
4294,13,0
4295,83,0
4296,36,1
4297,102,1
4298,53,1
4299,200,0
4300,80,1
4301,78,1
4302,139,1
4303,68,1
4304,92,1
4305,37,1
4306,80,0
4307,57,0
4308,108,1
4309,35,1
4310,76,1
4311,34,1
4312,70,1
4313,91,0
4314,46,1
4315,26,1
4316,68,1
4317,57,1
4318,90,1
4319,48,1
4320,32,1
4321,153,1
4322,31,1
4323,29,1
4324,99,1
4325,38,0
4326,61,0
4327,32,0
4328,57,1
4329,43,1
4330,40,1
4331,55,0
4332,78,1
4333,96,1
4334,55,0
4335,51,0
4336,79,0
4337,21,0
4338,21,0
4339,43,1
4340,82,1
4341,58,1
4342,28,0
4343,107,1
4344,94,1
4345,37,0
4346,53,1
4347,51,1
4348,25,1
4349,45,0
4350,135,1
4351,132,0
4352,65,1
4353,42,1
4354,150,1
4355,44,1
4356,46,0
4357,89,1
4358,28,1
4359,30,1
4360,39,1
4361,108,1
4362,44,1
4363,61,1
4364,81,1
4365,200,0
4366,50,1
4367,70,1
4368,37,1
4369,34,1
4370,91,0
4371,105,0
4372,200,0
4373,63,1
4374,130,1
4375,34,0
4376,82,0
4377,60,1
4378,25,0
4379,24,1
4380,82,0
4381,47,1
4382,119,1
4383,65,1
4384,106,1
4385,179,1
4386,73,1
4387,78,1
4388,22,0
4389,176,1
4390,85,0
4391,132,1
4392,76,1
4393,57,1
4394,115,1
4395,74,1
4396,47,1
4397,65,1
4398,131,1
4399,87,0
4400,30,1
4401,112,1
4402,103,1
4403,51,1
4404,70,1
4405,200,0
4406,48,0
4407,179,1
4408,55,0
4409,73,0
4410,46,1
4411,152,1
4412,69,1
4413,27,1
4414,103,0
4415,94,1
4416,26,1
4417,78,0
4418,41,1
4419,58,1
4420,70,0
4421,21,0
4422,94,1
4423,121,1
4424,101,1
4425,61,1
4426,46,1
4427,70,1
4428,86,1
4429,30,1
4430,83,0
4431,19,0
4432,14,0
4433,51,0
4434,81,1
4435,70,1
4436,112,1
4437,88,1
4438,200,0
4439,56,1
4440,90,1
4441,62,1
4442,41,1
4443,42,0
4444,57,1
4445,63,1
4446,156,1
4447,66,1
4448,58,0
4449,59,1
4450,40,1
4451,188,0
4452,66,1
4453,51,1
4454,81,1
4455,76,1
4456,39,1
4457,61,1
4458,64,0
4459,187,1
4460,36,1
4461,51,0
4462,46,1
4463,60,1
4464,92,1
4465,100,0
4466,22,0
4467,81,1
4468,60,0
4469,30,0
4470,112,1
4471,143,1
4472,26,1
4473,65,1
4474,69,0
4475,33,1
4476,130,0
4477,27,0
4478,31,0
4479,200,0
4480,42,1
4481,53,0
4482,28,1
4483,75,1
4484,76,1
4485,81,1
4486,56,0
4487,36,1
4488,129,1
4489,166,1
4490,67,1
4491,44,1
4492,92,1
4493,41,1
4494,36,1
4495,32,1
4496,46,1
4497,56,1
4498,47,0
4499,22,0
4500,78,1
4501,42,1
4502,23,0
4503,69,0
4504,72,1
4505,29,0
4506,103,1
4507,47,1
4508,79,0
4509,72,1
4510,103,0
4511,63,1
4512,35,1
4513,43,0
4514,51,1
4515,52,1
4516,32,1
4517,52,1
4518,52,1
4519,66,1
4520,160,1
4521,39,0
4522,106,1
4523,147,1
4524,104,1
4525,59,1
4526,89,1
4527,77,1
4528,112,1
4529,77,1
4530,54,0
4531,30,1
4532,87,1
4533,152,1
4534,57,1
4535,128,0
4536,46,1
4537,48,1
4538,65,0
4539,104,1
4540,59,1
4541,108,1
4542,127,1
4543,51,1
4544,58,1
4545,53,1
4546,47,1
4547,41,1
4548,22,1
4549,90,1
4550,102,1
4551,62,1
4552,107,1
4553,39,1
4554,39,1
4555,51,1
4556,29,1
4557,57,1
4558,101,1
4559,53,0
4560,49,1
4561,53,0
4562,67,1
4563,57,1
4564,27,1
4565,114,1
4566,61,0
4567,38,0
4568,28,1
4569,43,1
4570,14,0
4571,74,0
4572,41,1
4573,40,1
4574,96,1
4575,200,0
4576,105,1
4577,62,1
4578,50,1
4579,99,0
4580,73,1
4581,62,1
4582,53,1
4583,50,1
4584,86,1
4585,95,1
4586,96,1
4587,86,1
4588,79,1
4589,39,0
4590,25,0
4591,74,1
4592,80,1
4593,95,1
4594,36,0
4595,32,1
4596,160,1
4597,43,1
4598,113,0
4599,41,0
4600,53,1
4601,62,1
4602,38,1
4603,101,1
4604,60,1
4605,180,0
4606,159,1
4607,37,1
4608,49,1
4609,55,0
4610,42,1
4611,48,0
4612,33,1
4613,117,0
4614,85,1
4615,36,1
4616,83,1
4617,83,0
4618,93,1
4619,58,1
4620,103,1
4621,38,1
4622,117,1
4623,71,1
4624,75,0
4625,93,1
4626,46,1
4627,48,0
4628,18,0
4629,75,1
4630,49,1
4631,60,0
4632,26,1
4633,50,1
4634,80,0
4635,77,1
4636,45,1
4637,74,1
4638,46,1
4639,43,0
4640,63,1
4641,43,1
4642,57,1
4643,61,1
4644,77,1
4645,14,0
4646,57,0
4647,55,1
4648,38,1
4649,89,1
4650,80,1
4651,200,0
4652,134,0
4653,135,1
4654,186,1
4655,21,1
4656,46,1
4657,24,0
4658,78,1
4659,36,1
4660,40,1
4661,45,1
4662,144,1
4663,106,1
4664,58,1
4665,73,1
4666,61,1
4667,61,1
4668,92,1
4669,114,0
4670,19,1
4671,49,0
4672,72,1
4673,56,0
4674,184,1
4675,67,1
4676,19,0
4677,86,1
4678,55,0
4679,20,1
4680,95,1
4681,38,1
4682,49,1
4683,69,1
4684,61,1
4685,126,1
4686,32,1
4687,77,1
4688,46,0
4689,57,1
4690,64,0
4691,107,1
4692,121,1
4693,66,1
4694,47,1
4695,94,1
4696,27,1
4697,67,1
4698,36,1
4699,81,1
4700,171,1
4701,109,0
4702,34,0
4703,74,0
4704,43,1
4705,79,1
4706,175,1
4707,68,1
4708,79,1
4709,86,0
4710,126,1
4711,57,1
4712,126,0
4713,55,1
4714,38,1
4715,36,1
4716,42,1
4717,47,0
4718,153,1
4719,78,0
4720,41,1
4721,55,1
4722,109,1
4723,79,1
4724,55,1
4725,30,1
4726,41,0
4727,45,0
4728,42,1
4729,28,1
4730,43,0
4731,92,1
4732,91,1
4733,54,1
4734,67,0
4735,95,1
4736,36,0
4737,53,1
4738,90,1
4739,44,1
4740,105,1
4741,130,1
4742,54,1
4743,71,1
4744,36,1
4745,29,1
4746,50,1
4747,82,1
4748,50,0
4749,28,1
4750,68,1
4751,51,1
4752,66,0
4753,50,1
4754,97,1
4755,38,0
4756,143,1
4757,35,1
4758,55,1
4759,61,0
4760,28,0
4761,69,1
4762,29,0
4763,126,1
4764,89,1
4765,62,1
4766,63,1
4767,70,0
4768,58,1
4769,97,0
4770,80,1
4771,71,1
4772,29,1
4773,85,1
4774,52,1
4775,52,1
4776,57,1
4777,74,1
4778,38,1
4779,37,1
4780,78,1
4781,99,1
4782,29,1
4783,110,1
4784,75,1
4785,167,1
4786,31,1
4787,200,0
4788,62,0
4789,54,1
4790,48,0
4791,35,1
4792,128,1
4793,57,1
4794,64,0
4795,41,1
4796,53,1
4797,61,1
4798,180,1
4799,86,1
4800,68,1
4801,39,1
4802,192,1
4803,34,1
4804,97,0
4805,47,1
4806,42,1
4807,42,1
4808,87,1
4809,45,1
4810,40,1
4811,40,0
4812,117,1
4813,45,1
4814,75,1
4815,58,1
4816,45,1
4817,36,1
4818,43,1
4819,129,1
4820,54,1
4821,60,0
4822,65,0
4823,45,1
4824,106,1
4825,91,1
4826,59,1
4827,169,1
4828,54,1
4829,29,0
4830,81,1
4831,92,1
4832,43,1
4833,37,1
4834,82,0
4835,97,0
4836,101,1
4837,75,0
4838,44,1
4839,37,0
4840,62,1
4841,24,0
4842,108,1
4843,80,1
4844,127,0
4845,85,1
4846,63,1
4847,58,1
4848,59,1
4849,52,1
4850,37,0
4851,78,1
4852,34,1
4853,61,0
4854,27,0
4855,41,1
4856,50,1
4857,41,1
4858,75,1
4859,70,1
4860,24,0
4861,50,1
4862,55,1
4863,62,1
4864,41,1
4865,69,1
4866,39,1
4867,45,1
4868,42,1
4869,70,1
4870,200,0
4871,30,1
4872,158,0
4873,98,1
4874,132,0
4875,30,1
4876,41,1
4877,40,1
4878,20,0
4879,191,1
4880,84,1
4881,42,0
4882,21,1
4883,68,1
4884,56,1
4885,25,0
4886,43,1
4887,75,1
4888,72,0
4889,54,1
4890,105,1
4891,102,1
4892,83,1
4893,65,1
4894,188,1
4895,112,1
4896,78,0
4897,42,0
4898,49,1
4899,78,1
4900,33,1
4901,33,0
4902,62,1
4903,85,1
4904,112,1
4905,68,1
4906,80,1
4907,57,1
4908,109,0
4909,52,1
4910,56,1
4911,57,1
4912,73,1
4913,117,1
4914,80,1
4915,77,1
4916,63,1
4917,63,1
4918,121,1
4919,56,0
4920,15,0
4921,106,1
4922,84,0
4923,120,1
4924,45,1
4925,48,1
4926,29,1
4927,55,1
4928,78,1
4929,156,1
4930,129,0
4931,123,0
4932,104,1
4933,45,1
4934,49,1
4935,41,1
4936,34,0
4937,28,0
4938,63,0
4939,90,1
4940,80,0
4941,63,1
4942,37,0
4943,127,1
4944,58,1
4945,60,0
4946,59,1
4947,58,1
4948,24,1
4949,51,1
4950,48,1
4951,90,0
4952,42,0
4953,42,0
4954,59,1
4955,70,1
4956,56,1
4957,32,1
4958,126,1
4959,30,1
4960,55,1
4961,165,1
4962,166,1
4963,71,1
4964,52,0
4965,44,1
4966,38,1
4967,72,1
4968,167,1
4969,67,0
4970,65,1
4971,41,0
4972,36,1
4973,23,1
4974,31,0
4975,56,1
4976,180,1
4977,53,1
4978,32,1
4979,32,0
4980,52,1
4981,51,0
4982,60,1
4983,31,0
4984,42,0
4985,47,0
4986,134,1
4987,91,1
4988,88,1
4989,36,0
4990,67,0
4991,35,1
4992,55,1
4993,116,1
4994,142,1
4995,43,1
4996,50,1
4997,51,1
4998,88,1
4999,157,1
5000,83,1
5001,179,1
5002,39,1
5003,76,0
5004,82,0
5005,69,0
5006,37,1
5007,57,1
5008,200,0
5009,69,1
5010,144,1
5011,123,1
5012,91,1
5013,50,1
5014,89,1
5015,37,1
5016,68,1
5017,61,1
5018,18,0
5019,63,1
5020,39,1
5021,29,1
5022,64,1
5023,64,1
5024,70,0
5025,54,1
5026,48,1
5027,39,1
5028,69,1
5029,60,1
5030,88,1
5031,65,0
5032,192,1
5033,131,1
5034,88,1
5035,82,1
5036,31,1
5037,52,0
5038,81,1
5039,42,1
5040,49,0
5041,30,1
5042,40,0
5043,60,1
5044,60,1
5045,20,0
5046,162,0
5047,107,0
5048,45,1
5049,33,0
5050,29,1
5051,111,1
5052,86,1
5053,77,1
5054,32,1
5055,69,1
5056,47,0
5057,123,0
5058,40,0
5059,63,1
5060,104,1
5061,102,1
5062,92,1
5063,53,0
5064,108,1
5065,63,1
5066,37,1
5067,79,1
5068,37,1
5069,83,1
5070,151,1
5071,39,0
5072,55,0
5073,147,0
5074,37,1
5075,72,1
5076,55,1
5077,51,1
5078,55,1
5079,64,1
5080,46,1
5081,75,1
5082,161,1
5083,34,0
5084,47,1
5085,64,1
5086,75,0
5087,200,0
5088,140,1
5089,27,0
5090,50,1
5091,52,0
5092,61,1
5093,46,0
5094,27,0
5095,50,1
5096,44,1
5097,69,1
5098,46,0
5099,18,1
5100,83,1
5101,30,1
5102,86,1
5103,89,1
5104,28,1
5105,45,1
5106,173,1
5107,56,1
5108,55,1
5109,62,0
5110,172,1
5111,69,1
5112,82,1
5113,43,1
5114,67,1
5115,73,0
5116,77,1
5117,55,0
5118,82,1
5119,37,1
5120,153,1
5121,146,0
5122,104,1
5123,158,1
5124,130,1
5125,125,0
5126,69,1
5127,26,1
5128,70,1
5129,26,0
5130,46,0
5131,28,0
5132,22,0
5133,166,0
5134,49,1
5135,101,1
5136,56,1
5137,52,1
5138,88,1
5139,25,1
5140,55,0
5141,97,1
5142,70,1
5143,43,1
5144,27,0
5145,32,1
5146,17,0
5147,76,0
5148,37,1
5149,58,1
5150,57,1
5151,113,1
5152,74,0
5153,51,1
5154,33,1
5155,35,1
5156,109,1
5157,59,1
5158,45,1
5159,30,1
5160,97,1
5161,51,1
5162,48,0
5163,77,1
5164,60,1
5165,110,1
5166,111,0
5167,54,1
5168,58,1
5169,65,1
5170,77,1
5171,93,1
5172,102,1
5173,52,1
5174,38,1
5175,41,1
5176,85,1
5177,67,1
5178,106,1
5179,51,0
5180,11,0
5181,113,1
5182,64,1
5183,27,0
5184,66,0
5185,51,1
5186,66,1
5187,59,1
5188,147,1
5189,29,1
5190,88,1
5191,116,0
5192,81,1
5193,41,1
5194,42,1
5195,26,0
5196,86,1
5197,65,1
5198,155,1
5199,56,0
5200,96,0
5201,113,1
5202,59,1
5203,87,1
5204,72,0
5205,34,1
5206,96,1
5207,103,1
5208,95,1
5209,72,1
5210,77,1
5211,44,1
5212,44,0
5213,34,1
5214,97,1
5215,65,1
5216,77,1
5217,71,1
5218,107,1
5219,71,1
5220,33,1
5221,47,1
5222,110,1
5223,51,0
5224,178,1
5225,57,0
5226,83,0
5227,200,0
5228,104,1
5229,48,1
5230,48,1
5231,121,1
5232,70,0
5233,64,1
5234,41,1
5235,39,0
5236,76,1
5237,36,1
5238,64,1
5239,79,1
5240,67,1
5241,97,1
5242,57,1
5243,48,1
5244,53,1
5245,53,0
5246,68,0
5247,107,1
5248,76,0
5249,70,1
5250,33,1
5251,45,1
5252,110,0
5253,56,1
5254,97,1
5255,15,0
5256,200,0
5257,31,0
5258,81,1
5259,76,1
5260,46,1
5261,70,1
5262,25,1
5263,37,0
5264,79,1
5265,80,0
5266,45,1
5267,54,1
5268,80,1
5269,56,0
5270,89,0
5271,60,1
5272,31,1
5273,71,1
5274,90,1
5275,97,1
5276,85,1
5277,34,0
5278,50,1
5279,77,1
5280,74,1
5281,51,1
5282,75,1
5283,39,1
5284,81,0
5285,60,1
5286,80,1
5287,57,1
5288,140,0
5289,88,0
5290,31,0
5291,43,1
5292,37,0
5293,25,0
5294,40,1
5295,55,1
5296,106,1
5297,93,1
5298,137,0
5299,65,1
5300,58,0
5301,30,1
5302,66,1
5303,96,1
5304,34,1
5305,68,1
5306,89,0
5307,42,1
5308,62,1
5309,23,0
5310,57,1
5311,62,1
5312,26,1
5313,38,1
5314,91,0
5315,149,1
5316,97,1
5317,64,1
5318,26,1
5319,59,1
5320,61,1
5321,98,1
5322,151,1
5323,48,1
5324,114,1
5325,92,1
5326,59,0
5327,34,1
5328,33,0
5329,25,1
5330,160,1
5331,59,1
5332,47,1
5333,182,1
5334,80,1
5335,131,0
5336,120,0
5337,53,0
5338,30,1
5339,172,1
5340,109,1
5341,53,1
5342,60,1
5343,51,0
5344,83,0
5345,54,1
5346,64,1
5347,64,1
5348,72,1
5349,110,1
5350,50,1
5351,77,1
5352,63,1
5353,46,1
5354,116,1
5355,33,1
5356,49,1
5357,69,1
5358,49,1
5359,31,1
5360,29,1
5361,101,1
5362,39,1
5363,70,1
5364,94,0
5365,58,1
5366,24,0
5367,66,0
5368,64,1
5369,118,1
5370,49,1
5371,113,1
5372,82,1
5373,45,1
5374,38,1
5375,37,1
5376,51,0
5377,30,1
5378,50,1
5379,20,0
5380,44,1
5381,81,1
5382,161,0
5383,97,1
5384,53,0
5385,120,1
5386,42,1
5387,36,0
5388,83,0
5389,74,1
5390,37,1
5391,40,1
5392,18,0
5393,31,1
5394,41,1
5395,88,1
5396,31,1
5397,88,1
5398,72,1
5399,59,1
5400,47,1
5401,41,1
5402,82,1
5403,90,0
5404,45,1
5405,78,1
5406,54,0
5407,42,1
5408,59,1
5409,108,1
5410,72,1
5411,67,1
5412,51,1
5413,117,1
5414,80,1
5415,200,0
5416,42,1
5417,48,1
5418,99,0
5419,87,0
5420,55,1
5421,130,1
5422,32,1
5423,109,0
5424,52,1
5425,83,1
5426,76,1
5427,86,1
5428,46,1
5429,88,1
5430,105,0
5431,82,1
5432,37,1
5433,53,1
5434,111,1
5435,46,1
5436,120,1
5437,52,1
5438,61,1
5439,50,1
5440,88,0
5441,53,1
5442,122,1
5443,20,0
5444,44,1
5445,91,0
5446,52,0
5447,82,1
5448,85,0
5449,86,0
5450,56,0
5451,39,0
5452,32,0
5453,64,1
5454,52,1
5455,19,0
5456,53,1
5457,79,1
5458,41,1
5459,177,1
5460,90,1
5461,184,1
5462,91,1
5463,120,1
5464,94,1
5465,47,1
5466,57,1
5467,161,1
5468,29,0
5469,52,1
5470,126,1
5471,53,1
5472,94,1
5473,83,1
5474,39,1
5475,70,1
5476,61,0
5477,39,1
5478,48,1
5479,200,0
5480,57,1
5481,25,0
5482,100,1
5483,35,1
5484,54,1
5485,105,0
5486,50,0
5487,43,1
5488,103,1
5489,51,0
5490,106,1
5491,135,1
5492,100,1
5493,78,1
5494,135,1
5495,77,1
5496,45,1
5497,46,0
5498,67,1
5499,80,0
5500,125,1
5501,45,1
5502,50,1
5503,92,0
5504,114,0
5505,80,1
5506,144,1
5507,200,0
5508,123,1
5509,112,1
5510,93,1
5511,47,1
5512,63,1
5513,133,1
5514,71,1
5515,87,1
5516,50,1
5517,64,1
5518,51,1
5519,102,1
5520,77,1
5521,31,1
5522,104,1
5523,70,1
5524,29,1
5525,82,1
5526,48,1
5527,53,1
5528,106,1
5529,72,1
5530,33,0
5531,51,0
5532,44,1
5533,46,1
5534,18,0
5535,115,1
5536,58,1
5537,50,0
5538,34,1
5539,95,1
5540,117,0
5541,151,0
5542,42,1
5543,41,1
5544,78,0
5545,154,1
5546,51,1
5547,43,1
5548,64,0
5549,98,1
5550,84,0
5551,35,1
5552,189,1
5553,36,0
5554,50,1
5555,24,0
5556,56,0
5557,137,0
5558,34,1
5559,54,1
5560,53,1
5561,39,0
5562,200,0
5563,20,0
5564,48,0
5565,62,1
5566,96,1
5567,95,1
5568,33,1
5569,87,0
5570,52,1
5571,76,1
5572,41,1
5573,66,1
5574,113,1
5575,84,1
5576,77,0
5577,31,0
5578,158,1
5579,55,1
5580,50,1
5581,58,1
5582,80,1
5583,44,1
5584,50,1
5585,95,1
5586,45,1
5587,40,1
5588,106,0
5589,40,0
5590,48,1
5591,82,1
5592,60,0
5593,141,0
5594,69,1
5595,50,1
5596,79,1
5597,56,1
5598,31,0
5599,63,1
5600,61,1
5601,71,1
5602,33,1
5603,86,1
5604,98,1
5605,109,1
5606,99,1
5607,81,1
5608,83,1
5609,20,0
5610,43,1
5611,137,1
5612,67,1
5613,87,0
5614,55,0
5615,68,1
5616,102,1
5617,36,0
5618,69,1
5619,61,1
5620,58,1
5621,48,1
5622,99,1
5623,47,1
5624,63,0
5625,62,0
5626,175,1
5627,61,1
5628,118,1
5629,89,1
5630,21,0
5631,132,1
5632,33,1
5633,88,1
5634,63,1
5635,131,1
5636,32,0
5637,75,1
5638,37,1
5639,11,0
5640,85,1
5641,89,1
5642,35,1
5643,40,1
5644,20,0
5645,39,1
5646,125,1
5647,46,1
5648,52,1
5649,59,1
5650,98,1
5651,152,0
5652,74,0
5653,77,0
5654,71,0
5655,31,1
5656,48,1
5657,60,0
5658,49,0
5659,37,0
5660,29,1
5661,147,1
5662,145,1
5663,87,1
5664,31,0
5665,78,1
5666,135,1
5667,34,1
5668,48,0
5669,42,1
5670,86,1
5671,20,1
5672,94,1
5673,80,1
5674,133,0
5675,152,1
5676,82,1
5677,46,1
5678,38,0
5679,139,1
5680,92,0
5681,51,0
5682,102,1
5683,96,1
5684,51,1
5685,131,1
5686,69,0
5687,31,1
5688,41,0
5689,29,0
5690,71,1
5691,24,0
5692,42,1
5693,69,1
5694,35,1
5695,31,0
5696,61,1
5697,40,1
5698,40,0
5699,79,1
5700,79,0
5701,130,1
5702,103,1
5703,53,0
5704,44,0
5705,28,1
5706,61,0
5707,106,1
5708,72,1
5709,81,1
5710,46,1
5711,85,1
5712,41,0
5713,77,1
5714,99,1
5715,79,1
5716,81,1
5717,55,1
5718,115,0
5719,51,0
5720,51,1
5721,52,1
5722,59,1
5723,86,1
5724,42,1
5725,177,1
5726,92,0
5727,30,1
5728,45,1
5729,78,1
5730,23,0
5731,72,1
5732,65,0
5733,108,1
5734,34,0
5735,41,1
5736,103,1
5737,123,1
5738,61,0
5739,71,1
5740,60,0
5741,42,1
5742,51,0
5743,60,0
5744,60,1
5745,51,1
5746,59,1
5747,52,1
5748,67,0
5749,49,0
5750,43,1
5751,49,1
5752,71,1
5753,70,1
5754,33,1
5755,103,0
5756,40,1
5757,78,1
5758,49,0
5759,21,1
5760,73,1
5761,34,0
5762,36,1
5763,70,0
5764,38,1
5765,38,1
5766,91,1
5767,95,1
5768,49,1
5769,144,1
5770,47,0
5771,14,0
5772,106,1
5773,62,1
5774,41,0
5775,67,0
5776,77,1
5777,67,0
5778,73,1
5779,40,0
5780,38,1
5781,59,1
5782,84,1
5783,103,0
5784,42,1
5785,100,1
5786,96,0
5787,44,1
5788,68,1
5789,86,1
5790,183,1
5791,54,0
5792,82,1
5793,37,1
5794,90,1
5795,31,1
5796,65,1
5797,114,1
5798,39,0
5799,88,1
5800,66,0
5801,22,1
5802,56,1
5803,37,1
5804,72,1
5805,55,1
5806,16,0
5807,73,1
5808,49,1
5809,91,1
5810,22,0
5811,185,0
5812,37,0
5813,84,1
5814,52,1
5815,45,1
5816,16,0
5817,62,1
5818,127,0
5819,85,1
5820,134,1
5821,96,1
5822,39,1
5823,73,1
5824,86,1
5825,142,0
5826,43,1
5827,20,0
5828,79,0
5829,53,1
5830,35,1
5831,70,1
5832,110,0
5833,70,0
5834,193,1
5835,68,1
5836,65,1
5837,26,0
5838,46,0
5839,89,0
5840,70,1
5841,137,1
5842,64,1
5843,41,0
5844,24,0
5845,56,1
5846,94,0
5847,101,1
5848,98,1
5849,135,1
5850,80,0
5851,153,0
5852,28,0
5853,80,1
5854,124,0
5855,55,1
5856,100,1
5857,141,1
5858,43,1
5859,53,1
5860,97,1
5861,57,1
5862,44,1
5863,148,0
5864,136,1
5865,37,1
5866,69,1
5867,107,1
5868,110,1
5869,40,1
5870,61,1
5871,25,0
5872,46,0
5873,72,1
5874,91,1
5875,26,0
5876,28,0
5877,44,1
5878,62,1
5879,65,1
5880,60,1
5881,147,1
5882,60,1
5883,37,0
5884,17,0
5885,116,1
5886,71,1
5887,79,1
5888,81,1
5889,58,1
5890,78,0
5891,34,0
5892,60,0
5893,12,0
5894,24,0
5895,196,1
5896,32,1
5897,40,1
5898,16,0
5899,40,1
5900,66,1
5901,74,1
5902,35,0
5903,72,1
5904,37,1
5905,136,1
5906,87,1
5907,130,1
5908,30,1
5909,145,0
5910,59,1
5911,99,1
5912,54,1
5913,96,1
5914,29,1
5915,36,1
5916,44,0
5917,64,1
5918,74,1
5919,97,1
5920,49,0
5921,87,1
5922,42,0
5923,67,1
5924,80,1
5925,21,1
5926,22,0
5927,26,0
5928,30,1
5929,52,1
5930,49,0
5931,89,1
5932,188,1
5933,184,1
5934,134,1
5935,200,0
5936,35,0
5937,31,0
5938,97,1
5939,62,1
5940,24,0
5941,77,1
5942,58,0
5943,36,1
5944,33,1
5945,36,1
5946,40,0
5947,68,1
5948,59,0
5949,41,1
5950,85,0
5951,91,1
5952,55,1
5953,115,1
5954,50,1
5955,70,1
5956,76,1
5957,51,1
5958,73,1
5959,42,1
5960,46,1
5961,44,1
5962,56,1
5963,27,0
5964,75,0
5965,77,0
5966,56,1
5967,73,1
5968,78,1
5969,50,0
5970,55,1
5971,30,1
5972,58,1
5973,36,1
5974,21,0
5975,85,1
5976,47,1
5977,139,0
5978,53,1
5979,58,1
5980,36,1
5981,35,1
5982,39,1
5983,38,0
5984,89,1
5985,200,0
5986,49,1
5987,121,1
5988,50,1
5989,100,1
5990,101,1
5991,30,1
5992,39,1
5993,90,1
5994,34,1
5995,35,1
5996,137,1
5997,29,1
5998,80,1
5999,52,0
6000,74,1
6001,28,1
6002,60,1
6003,18,0
6004,51,1
6005,50,0
6006,36,0
6007,101,1
6008,39,0
6009,63,1
6010,115,1
6011,77,0
6012,79,1
6013,53,1
6014,194,0
6015,44,1
6016,118,0
6017,13,0
6018,113,0
6019,40,0
6020,91,1
6021,34,1
6022,38,1
6023,46,1
6024,94,1
6025,64,1
6026,60,1
6027,200,1
6028,85,1
6029,65,1
6030,47,1
6031,44,0
6032,41,1
6033,194,0
6034,26,0
6035,32,1
6036,54,1
6037,68,1
6038,29,0
6039,103,1
6040,91,0
6041,52,0
6042,40,1
6043,47,1
6044,56,1
6045,44,1
6046,19,1
6047,91,1
6048,31,1
6049,53,0
6050,93,1
6051,62,1
6052,79,1
6053,55,1
6054,83,1
6055,19,0
6056,32,1
6057,69,1
6058,140,1
6059,43,0
6060,143,0
6061,48,1
6062,71,1
6063,190,0
6064,65,1
6065,52,1
6066,67,1
6067,35,1
6068,67,0
6069,124,1
6070,41,1
6071,66,1
6072,57,1
6073,55,1
6074,179,1
6075,35,0
6076,93,1
6077,38,1
6078,115,1
6079,32,1
6080,39,1
6081,52,1
6082,34,0
6083,87,1
6084,62,1
6085,60,1
6086,100,0
6087,67,1
6088,38,1
6089,30,0
6090,41,1
6091,44,1
6092,29,1
6093,76,1
6094,42,0
6095,66,1
6096,39,0
6097,27,1
6098,40,0
6099,57,1
6100,35,1
6101,129,1
6102,83,1
6103,72,1
6104,120,1
6105,30,1
6106,151,1
6107,92,1
6108,89,1
6109,12,0
6110,37,0
6111,73,1
6112,139,0
6113,47,1
6114,53,1
6115,35,1
6116,112,1
6117,35,1
6118,38,1
6119,68,1
6120,33,0
6121,94,0
6122,47,1
6123,49,1
6124,65,1
6125,166,0
6126,80,1
6127,40,1
6128,39,1
6129,53,1
6130,52,1
6131,85,1
6132,51,1
6133,98,1
6134,85,0
6135,65,1
6136,35,1
6137,32,1
6138,78,1
6139,103,1
6140,39,1
6141,85,1
6142,29,1
6143,86,1
6144,65,1
6145,44,0
6146,97,0
6147,23,0
6148,57,1
6149,112,0
6150,43,1
6151,31,0
6152,54,1
6153,36,1
6154,83,1
6155,37,1
6156,27,0
6157,131,1
6158,64,1
6159,55,1
6160,66,0
6161,94,1
6162,65,1
6163,61,1
6164,41,0
6165,47,1
6166,70,1
6167,73,1
6168,110,1
6169,35,0
6170,86,1
6171,25,1
6172,78,1
6173,38,0
6174,89,1
6175,68,1
6176,59,1
6177,133,0
6178,43,0
6179,65,0
6180,56,1
6181,79,0
6182,35,1
6183,46,1
6184,56,1
6185,39,1
6186,114,0
6187,89,1
6188,90,0
6189,55,1
6190,41,1
6191,49,1
6192,114,1
6193,119,1
6194,101,1
6195,24,1
6196,70,1
6197,85,1
6198,111,0
6199,63,1
6200,46,1
6201,42,1
6202,116,1
6203,110,1
6204,83,1
6205,34,1
6206,18,0
6207,65,1
6208,71,1
6209,95,1
6210,50,1
6211,93,1
6212,112,1
6213,56,1
6214,28,0
6215,48,1
6216,99,1
6217,101,1
6218,54,1
6219,85,0
6220,88,1
6221,35,1
6222,117,1
6223,73,1
6224,65,1
6225,47,1
6226,38,0
6227,84,0
6228,67,0
6229,81,1
6230,49,1
6231,102,1
6232,81,1
6233,66,0
6234,112,1
6235,114,0
6236,50,0
6237,86,1
6238,39,1
6239,71,1
6240,109,1
6241,153,1
6242,120,1
6243,93,1
6244,64,1
6245,54,1
6246,109,1
6247,48,1
6248,51,1
6249,59,0
6250,81,1
6251,21,1
6252,47,1
6253,34,1
6254,105,1
6255,37,1
6256,200,0
6257,70,1
6258,67,1
6259,74,1
6260,51,1
6261,43,1
6262,38,0
6263,101,1
6264,76,1
6265,59,0
6266,100,1
6267,114,1
6268,125,1
6269,74,1
6270,40,1
6271,61,1
6272,33,1
6273,94,1
6274,119,1
6275,140,0
6276,163,0
6277,116,1
6278,48,1
6279,64,1
6280,23,1
6281,70,1
6282,200,0
6283,45,0
6284,122,1
6285,71,1
6286,65,0
6287,41,0
6288,43,0
6289,72,1
6290,60,1
6291,34,0
6292,100,1
6293,53,1
6294,81,1
6295,83,1
6296,50,0
6297,21,0
6298,64,1
6299,104,0
6300,45,1
6301,75,0
6302,61,1
6303,29,1
6304,106,0
6305,39,1
6306,60,1
6307,39,0
6308,72,1
6309,47,1
6310,62,0
6311,92,0
6312,69,1
6313,57,0
6314,114,1
6315,58,1
6316,120,1
6317,61,1
6318,31,0
6319,106,0
6320,71,1
6321,65,1
6322,155,1
6323,92,1
6324,121,1
6325,60,0
6326,51,0
6327,61,1
6328,101,0
6329,137,1
6330,56,1
6331,74,1
6332,66,1
6333,147,1
6334,118,1
6335,93,1
6336,77,1
6337,104,1
6338,69,1
6339,47,1
6340,58,1
6341,32,1
6342,61,1
6343,66,0
6344,30,1
6345,81,1
6346,56,1
6347,98,0
6348,92,0
6349,83,1
6350,79,1
6351,81,1
6352,92,0
6353,159,1
6354,75,1
6355,65,1
6356,39,1
6357,28,0
6358,69,0
6359,71,1
6360,200,0
6361,32,0
6362,44,1
6363,64,1
6364,148,1
6365,31,1
6366,51,1
6367,52,1
6368,32,1
6369,40,1
6370,95,0
6371,80,0
6372,22,0
6373,104,1
6374,163,1
6375,108,0
6376,73,0
6377,23,0
6378,38,0
6379,200,0
6380,75,1
6381,34,0
6382,72,1
6383,96,0
6384,117,1
6385,80,0
6386,20,0
6387,94,1
6388,102,1
6389,200,0
6390,31,1
6391,39,1
6392,107,0
6393,55,1
6394,62,1
6395,52,1
6396,63,0
6397,50,1
6398,42,1
6399,83,1
6400,78,0
6401,47,1
6402,25,1
6403,110,1
6404,74,0
6405,39,1
6406,15,0
6407,51,1
6408,90,0
6409,65,1
6410,72,1
6411,33,1
6412,47,0
6413,46,1
6414,80,1
6415,41,1
6416,36,0
6417,63,0
6418,36,1
6419,27,0
6420,36,0
6421,23,0
6422,27,1
6423,48,0
6424,105,1
6425,63,0
6426,97,0
6427,34,1
6428,88,1
6429,89,0
6430,100,1
6431,83,1
6432,32,1
6433,55,1
6434,34,0
6435,64,1
6436,41,0
6437,24,1
6438,49,1
6439,61,1
6440,65,1
6441,39,0
6442,72,1
6443,89,1
6444,54,1
6445,46,1
6446,47,1
6447,61,1
6448,126,1
6449,66,1
6450,41,0
6451,71,1
6452,58,0
6453,63,1
6454,72,1
6455,54,0
6456,88,1
6457,76,1
6458,53,1
6459,67,1
6460,16,0
6461,97,1
6462,64,1
6463,68,0
6464,146,1
6465,129,1
6466,57,1
6467,46,1
6468,56,1
6469,108,1
6470,61,1
6471,165,0
6472,89,1
6473,54,1
6474,43,1
6475,112,1
6476,93,1
6477,29,0
6478,70,0
6479,78,0
6480,180,1
6481,86,1
6482,73,0
6483,75,1
6484,41,1
6485,132,1
6486,158,1
6487,42,1
6488,60,1
6489,42,1
6490,55,1
6491,81,1
6492,19,0
6493,45,0
6494,200,0
6495,32,0
6496,38,1
6497,98,1
6498,37,1
6499,51,1
6500,37,1
6501,72,1
6502,24,1
6503,74,1
6504,54,1
6505,123,1
6506,77,1
6507,63,1
6508,40,1
6509,75,0
6510,104,1
6511,82,1
6512,30,1
6513,17,0
6514,79,1
6515,83,1
6516,74,1
6517,56,1
6518,51,0
6519,31,1
6520,143,1
6521,146,1
6522,43,0
6523,41,1
6524,65,1
6525,98,1
6526,31,1
6527,15,0
6528,55,1
6529,134,1
6530,63,1
6531,69,1
6532,82,1
6533,41,1
6534,76,1
6535,74,1
6536,86,0
6537,200,0
6538,55,1
6539,32,1
6540,38,1
6541,66,1
6542,48,0
6543,146,1
6544,21,1
6545,25,0
6546,161,1
6547,65,1
6548,51,1
6549,61,1
6550,54,1
6551,66,1
6552,79,1
6553,61,0
6554,52,1
6555,97,1
6556,52,1
6557,31,1
6558,49,1
6559,28,0
6560,87,1
6561,83,0
6562,54,1
6563,48,1
6564,51,0
6565,140,1
6566,45,1
6567,29,1
6568,51,1
6569,59,0
6570,55,1
6571,85,1
6572,83,0
6573,51,1
6574,58,1
6575,29,0
6576,36,1
6577,26,1
6578,91,0
6579,66,1
6580,162,1
6581,60,0
6582,64,1
6583,54,0
6584,38,0
6585,166,1
6586,74,0
6587,148,1
6588,119,0
6589,39,0
6590,124,1
6591,55,1
6592,18,0
6593,49,1
6594,63,1
6595,77,1
6596,52,1
6597,55,0
6598,50,1
6599,71,1
6600,65,0
6601,42,1
6602,34,0
6603,77,1
6604,134,1
6605,82,0
6606,103,0
6607,152,1
6608,86,1
6609,21,0
6610,55,1
6611,43,1
6612,36,1
6613,51,0
6614,47,1
6615,70,1
6616,37,0
6617,57,1
6618,166,0
6619,64,1
6620,50,1
6621,23,0
6622,35,1
6623,68,1
6624,89,1
6625,200,0
6626,92,1
6627,60,1
6628,65,1
6629,200,0
6630,65,1
6631,30,0
6632,143,1
6633,51,1
6634,114,1
6635,75,1
6636,99,1
6637,108,1
6638,68,0
6639,86,0
6640,94,1
6641,46,0
6642,103,1
6643,56,1
6644,91,1
6645,48,1
6646,44,1
6647,36,1
6648,55,1
6649,50,1
6650,90,0
6651,82,1
6652,54,1
6653,96,1
6654,143,1
6655,36,1
6656,71,1
6657,120,1
6658,41,0
6659,56,1
6660,82,1
6661,65,1
6662,14,0
6663,62,1
6664,70,1
6665,83,0
6666,51,1
6667,64,1
6668,41,1
6669,31,0
6670,143,1
6671,80,1
6672,78,1
6673,39,1
6674,96,0
6675,60,1
6676,58,1
6677,99,1
6678,28,0
6679,62,0
6680,40,1
6681,56,1
6682,36,1
6683,166,1
6684,60,0
6685,49,1
6686,49,1
6687,106,0
6688,59,1
6689,48,1
6690,111,1
6691,102,1
6692,72,0
6693,59,1
6694,53,0
6695,97,0
6696,50,1
6697,53,1
6698,150,0
6699,31,1
6700,35,1
6701,48,1
6702,18,0
6703,83,1
6704,45,1
6705,20,0
6706,196,1
6707,163,0
6708,62,1
6709,53,0
6710,36,1
6711,82,1
6712,30,1
6713,86,1
6714,70,1
6715,44,1
6716,86,1
6717,48,0
6718,27,1
6719,49,1
6720,60,1
6721,86,0
6722,91,0
6723,66,1
6724,70,1
6725,106,1
6726,38,0
6727,110,1
6728,84,1
6729,32,0
6730,80,1
6731,106,1
6732,80,0
6733,19,0
6734,43,0
6735,73,1
6736,98,1
6737,57,1
6738,123,1
6739,120,1
6740,98,1
6741,48,1
6742,33,0
6743,39,1
6744,113,0
6745,97,1
6746,17,0
6747,60,1
6748,77,1
6749,40,0
6750,40,0
6751,54,1
6752,39,1
6753,200,0
6754,59,1
6755,112,1
6756,56,1
6757,109,1
6758,58,1
6759,176,1
6760,41,1
6761,89,1
6762,104,1
6763,49,0
6764,89,0
6765,80,1
6766,48,1
6767,72,0
6768,60,1
6769,42,1
6770,105,0
6771,150,0
6772,176,0
6773,111,1
6774,31,1
6775,101,1
6776,165,1
6777,94,1
6778,82,1
6779,148,1
6780,59,1
6781,106,1
6782,28,0
6783,20,0
6784,51,1
6785,36,1
6786,131,1
6787,144,0
6788,66,0
6789,63,1
6790,47,1
6791,117,1
6792,20,0
6793,15,0
6794,58,1
6795,56,1
6796,73,1
6797,42,0
6798,28,1
6799,101,1
6800,51,0
6801,101,0
6802,74,1
6803,19,0
6804,74,1
6805,86,1
6806,57,1
6807,52,1
6808,50,0
6809,84,1
6810,128,1
6811,93,1
6812,74,1
6813,57,1
6814,64,1
6815,82,0
6816,81,1
6817,15,1
6818,21,1
6819,57,0
6820,41,0
6821,63,1
6822,41,1
6823,75,1
6824,27,1
6825,27,1
6826,69,1
6827,26,0
6828,56,0
6829,56,1
6830,50,1
6831,129,1
6832,140,0
6833,61,1
6834,70,0
6835,31,1
6836,35,1
6837,87,1
6838,61,1
6839,189,1
6840,73,1
6841,84,0
6842,99,1
6843,32,1
6844,35,1
6845,76,1
6846,72,1
6847,44,1
6848,12,0
6849,65,1
6850,50,1
6851,45,1
6852,46,1
6853,26,1
6854,68,1
6855,54,1
6856,44,1
6857,128,1
6858,33,0
6859,62,1
6860,54,0
6861,46,1
6862,74,1
6863,90,1
6864,68,1
6865,30,1
6866,64,1
6867,49,1
6868,72,0
6869,114,1
6870,40,1
6871,86,0
6872,29,0
6873,30,1
6874,75,1
6875,41,1
6876,81,1
6877,86,1
6878,66,1
6879,28,0
6880,36,1
6881,85,1
6882,60,1
6883,38,1
6884,53,1
6885,58,0
6886,83,0
6887,85,1
6888,21,1
6889,56,0
6890,62,1
6891,32,1
6892,75,0
6893,199,1
6894,17,0
6895,57,1
6896,63,1
6897,30,0
6898,36,1
6899,62,1
6900,69,1
6901,41,0
6902,120,1
6903,62,1
6904,91,1
6905,65,1
6906,74,1
6907,62,1
6908,84,0
6909,88,1
6910,32,1
6911,192,1
6912,68,0
6913,71,1
6914,58,0
6915,84,0
6916,72,1
6917,45,1
6918,107,1
6919,127,0
6920,55,0
6921,46,1
6922,88,1
6923,78,0
6924,18,0
6925,97,1
6926,43,0
6927,37,1
6928,88,1
6929,46,1
6930,200,0
6931,20,1
6932,54,1
6933,161,1
6934,193,1
6935,70,1
6936,182,1
6937,45,1
6938,32,1
6939,43,0
6940,51,1
6941,56,0
6942,51,1
6943,65,0
6944,49,0
6945,30,0
6946,34,1
6947,38,0
6948,14,0
6949,175,1
6950,174,1
6951,54,1
6952,58,1
6953,70,1
6954,62,1
6955,47,1
6956,136,1
6957,62,1
6958,57,1
6959,39,1
6960,53,1
6961,71,1
6962,57,1
6963,128,1
6964,109,1
6965,64,1
6966,23,0
6967,87,1
6968,108,1
6969,59,1
6970,43,1
6971,61,1
6972,37,1
6973,59,1
6974,88,0
6975,22,0
6976,57,1
6977,30,1
6978,76,1
6979,66,1
6980,95,1
6981,57,1
6982,39,1
6983,40,1
6984,45,1
6985,87,1
6986,62,1
6987,28,1
6988,105,1
6989,98,1
6990,52,1
6991,101,1
6992,105,0
6993,30,0
6994,177,1
6995,113,1
6996,88,1
6997,93,0
6998,42,1
6999,79,1
7000,50,0
7001,66,0
7002,50,1
7003,133,1
7004,65,1
7005,54,1
7006,64,1
7007,127,1
7008,73,0
7009,95,1
7010,62,1
7011,78,1
7012,54,1
7013,86,1
7014,24,1
7015,108,1
7016,72,1
7017,37,1
7018,149,1
7019,77,1
7020,78,1
7021,145,1
7022,74,0
7023,200,1
7024,73,1
7025,167,1
7026,95,1
7027,32,1
7028,26,1
7029,59,1
7030,39,1
7031,68,1
7032,75,1
7033,138,1
7034,79,1
7035,13,0
7036,56,0
7037,53,1
7038,66,1
7039,60,1
7040,31,1
7041,66,0
7042,72,1
7043,72,0
7044,52,1
7045,123,1
7046,43,1
7047,99,1
7048,88,1
7049,104,1
7050,55,1
7051,104,1
7052,119,1
7053,50,1
7054,58,1
7055,52,1
7056,51,1
7057,87,1
7058,47,1
7059,143,1
7060,29,1
7061,65,1
7062,118,1
7063,84,1
7064,68,1
7065,41,1
7066,112,1
7067,86,1
7068,79,1
7069,48,1
7070,24,1
7071,85,1
7072,54,1
7073,50,0
7074,200,0
7075,107,1
7076,80,1
7077,79,1
7078,66,1
7079,20,0
7080,46,0
7081,154,1
7082,114,1
7083,31,1
7084,120,1
7085,28,0
7086,40,1
7087,69,1
7088,30,1
7089,26,1
7090,31,1
7091,101,0
7092,46,1
7093,19,0
7094,36,0
7095,171,1
7096,82,1
7097,40,1
7098,43,0
7099,58,1
7100,104,1
7101,76,1
7102,92,1
7103,83,1
7104,56,1
7105,100,1
7106,12,0
7107,40,1
7108,42,1
7109,106,1
7110,54,0
7111,51,0
7112,66,1
7113,14,0
7114,64,1
7115,126,1
7116,42,0
7117,106,1
7118,200,0
7119,46,1
7120,118,1
7121,31,0
7122,61,1
7123,17,0
7124,45,1
7125,46,0
7126,62,1
7127,167,1
7128,61,1
7129,84,1
7130,26,1
7131,83,1
7132,103,1
7133,103,0
7134,53,0
7135,66,1
7136,58,1
7137,59,1
7138,84,0
7139,41,1
7140,86,0
7141,36,1
7142,89,0
7143,34,0
7144,147,1
7145,47,0
7146,16,0
7147,59,1
7148,19,0
7149,125,1
7150,31,1
7151,91,1
7152,34,0
7153,118,1
7154,123,1
7155,74,1
7156,46,1
7157,67,0
7158,38,1
7159,75,1
7160,85,0
7161,105,0
7162,51,0
7163,70,1
7164,84,1
7165,135,1
7166,32,1
7167,82,1
7168,124,1
7169,191,1
7170,60,1
7171,42,1
7172,95,1
7173,79,0
7174,91,1
7175,131,1
7176,57,1
7177,36,1
7178,56,1
7179,44,0
7180,200,0
7181,91,1
7182,67,1
7183,41,1
7184,89,1
7185,77,1
7186,52,0
7187,74,1
7188,72,0
7189,40,0
7190,40,0
7191,125,0
7192,75,1
7193,188,0
7194,40,0
7195,47,0
7196,64,1
7197,47,0
7198,35,1
7199,12,0
7200,40,1
7201,84,1
7202,97,1
7203,51,1
7204,59,1
7205,78,1
7206,33,0
7207,118,1
7208,124,1
7209,45,1
7210,43,0
7211,31,0
7212,124,1
7213,26,0
7214,58,1
7215,61,1
7216,70,1
7217,37,0
7218,49,1
7219,39,0
7220,74,1
7221,26,1
7222,79,1
7223,134,1
7224,58,0
7225,90,1
7226,106,1
7227,178,1
7228,117,1
7229,19,0
7230,55,1
7231,130,1
7232,38,0
7233,53,1
7234,84,1
7235,27,0
7236,69,1
7237,82,1
7238,92,1
7239,31,1
7240,145,1
7241,73,1
7242,171,1
7243,119,1
7244,75,1
7245,53,1
7246,50,1
7247,89,1
7248,77,1
7249,56,1
7250,24,1
7251,11,0
7252,66,1
7253,92,1
7254,125,0
7255,110,1
7256,31,0
7257,43,1
7258,75,1
7259,185,1
7260,16,1
7261,51,1
7262,49,1
7263,140,1
7264,100,0
7265,55,0
7266,57,1
7267,200,0
7268,44,1
7269,53,1
7270,103,1
7271,92,1
7272,82,1
7273,62,1
7274,92,0
7275,54,1
7276,75,0
7277,126,1
7278,52,1
7279,116,0
7280,166,1
7281,76,1
7282,21,1
7283,62,0
7284,33,1
7285,152,1
7286,33,0
7287,41,1
7288,49,0
7289,75,1
7290,28,1
7291,45,0
7292,129,0
7293,72,1
7294,35,0
7295,60,1
7296,69,1
7297,55,1
7298,54,1
7299,85,1
7300,74,1
7301,54,1
7302,77,1
7303,48,0
7304,80,1
7305,80,1
7306,48,1
7307,67,0
7308,93,1
7309,43,1
7310,123,0
7311,59,1
7312,101,1
7313,63,1
7314,24,1
7315,120,1
7316,89,1
7317,68,1
7318,38,1
7319,72,1
7320,53,1
7321,73,1
7322,113,1
7323,85,1
7324,119,1
7325,13,0
7326,124,0
7327,40,0
7328,43,1
7329,169,1
7330,49,0
7331,85,1
7332,105,0
7333,75,1
7334,111,1
7335,33,0
7336,44,1
7337,123,1
7338,61,1
7339,60,0
7340,79,0
7341,127,1
7342,193,0
7343,45,1
7344,58,1
7345,64,1
7346,92,1
7347,78,1
7348,36,0
7349,116,1
7350,200,0
7351,21,1
7352,95,1
7353,151,0
7354,70,0
7355,59,0
7356,121,1
7357,24,0
7358,96,1
7359,26,1
7360,39,1
7361,54,1
7362,73,1
7363,78,1
7364,131,1
7365,86,1
7366,184,1
7367,124,0
7368,43,1
7369,44,0
7370,72,1
7371,46,0
7372,29,1
7373,68,1
7374,86,1
7375,59,1
7376,200,0
7377,12,0
7378,48,1
7379,97,1
7380,77,1
7381,39,1
7382,76,1
7383,50,1
7384,55,0
7385,121,1
7386,53,0
7387,19,0
7388,106,1
7389,88,1
7390,131,1
7391,21,1
7392,61,1
7393,50,1
7394,90,0
7395,44,0
7396,50,1
7397,144,0
7398,40,1
7399,31,1
7400,79,0
7401,65,1
7402,61,0
7403,52,0
7404,76,0
7405,96,1
7406,200,0
7407,200,0
7408,64,1
7409,97,1
7410,62,1
7411,89,1
7412,31,1
7413,50,1
7414,61,1
7415,83,1
7416,59,1
7417,44,0
7418,115,1
7419,49,1
7420,26,1
7421,44,0
7422,46,1
7423,47,1
7424,200,0
7425,57,1
7426,145,1
7427,154,1
7428,67,1
7429,71,1
7430,82,1
7431,40,1
7432,153,1
7433,48,1
7434,16,0
7435,35,0
7436,35,0
7437,63,1
7438,48,1
7439,65,1
7440,53,1
7441,82,0
7442,43,1
7443,46,0
7444,60,0
7445,34,1
7446,97,1
7447,86,0
7448,62,1
7449,41,1
7450,65,1
7451,59,1
7452,33,0
7453,78,0
7454,62,0
7455,98,1
7456,52,1
7457,32,1
7458,90,1
7459,138,0
7460,66,1
7461,48,1
7462,82,0
7463,135,1
7464,90,0
7465,84,1
7466,76,1
7467,107,1
7468,26,0
7469,36,1
7470,63,0
7471,135,0
7472,15,0
7473,114,0
7474,58,1
7475,131,1
7476,68,1
7477,118,1
7478,108,0
7479,62,1
7480,108,1
7481,47,1
7482,43,1
7483,67,1
7484,48,1
7485,66,1
7486,52,1
7487,56,1
7488,36,0
7489,69,1
7490,159,1
7491,26,0
7492,78,1
7493,52,0
7494,30,0
7495,76,1
7496,105,0
7497,69,0
7498,79,0
7499,111,1
7500,33,1
7501,50,1
7502,61,1
7503,76,1
7504,49,1
7505,106,0
7506,138,1
7507,82,1
7508,51,1
7509,82,1
7510,20,0
7511,77,0
7512,117,0
7513,65,1
7514,53,1
7515,47,0
7516,57,1
7517,110,1
7518,94,1
7519,35,1
7520,111,0
7521,84,1
7522,36,1
7523,69,1
7524,69,1
7525,162,1
7526,88,1
7527,68,1
7528,28,1
7529,29,1
7530,26,1
7531,36,1
7532,103,1
7533,61,1
7534,128,0
7535,178,1
7536,92,0
7537,44,1
7538,38,1
7539,125,1
7540,28,1
7541,83,1
7542,55,1
7543,35,1
7544,50,1
7545,52,1
7546,76,0
7547,70,1
7548,86,1
7549,50,0
7550,44,0
7551,37,1
7552,115,1
7553,68,1
7554,74,1
7555,59,1
7556,34,1
7557,60,1
7558,33,1
7559,128,1
7560,38,0
7561,41,1
7562,49,1
7563,144,0
7564,132,1
7565,126,0
7566,60,1
7567,70,1
7568,79,1
7569,128,1
7570,67,1
7571,58,1
7572,84,1
7573,51,1
7574,54,0
7575,36,1
7576,50,1
7577,58,1
7578,36,1
7579,16,0
7580,100,1
7581,33,0
7582,63,1
7583,46,1
7584,200,0
7585,68,1
7586,34,0
7587,42,0
7588,75,1
7589,66,0
7590,136,1
7591,56,1
7592,75,1
7593,159,1
7594,94,1
7595,63,1
7596,78,1
7597,139,1
7598,75,1
7599,56,1
7600,22,0
7601,43,1
7602,82,1
7603,38,0
7604,44,1
7605,54,0
7606,68,1
7607,47,1
7608,35,1
7609,133,0
7610,51,1
7611,90,1
7612,79,1
7613,50,1
7614,24,0
7615,21,0
7616,58,1
7617,47,0
7618,74,1
7619,42,1
7620,82,1
7621,145,1
7622,94,1
7623,60,1
7624,200,0
7625,63,1
7626,75,1
7627,48,1
7628,55,1
7629,85,1
7630,30,1
7631,172,0
7632,137,1
7633,36,0
7634,64,1
7635,77,1
7636,41,0
7637,20,1
7638,46,1
7639,36,1
7640,81,0
7641,109,0
7642,135,1
7643,77,0
7644,59,1
7645,94,1
7646,44,1
7647,117,1
7648,38,0
7649,72,1
7650,47,1
7651,72,1
7652,102,1
7653,44,0
7654,79,0
7655,97,1
7656,45,1
7657,100,1
7658,34,0
7659,36,0
7660,53,1
7661,38,1
7662,71,1
7663,52,1
7664,88,0
7665,51,0
7666,76,1
7667,69,0
7668,50,1
7669,50,0
7670,62,1
7671,57,0
7672,99,0
7673,74,0
7674,44,1
7675,38,0
7676,43,1
7677,46,1
7678,130,0
7679,140,1
7680,60,1
7681,97,1
7682,21,0
7683,44,1
7684,114,1
7685,43,1
7686,103,1
7687,76,1
7688,61,0
7689,144,1
7690,43,1
7691,48,1
7692,41,1
7693,24,0
7694,68,1
7695,46,1
7696,72,1
7697,65,1
7698,43,1
7699,146,1
7700,58,0
7701,26,0
7702,21,0
7703,102,1
7704,148,1
7705,51,1
7706,91,1
7707,63,0
7708,103,1
7709,47,1
7710,66,1
7711,102,1
7712,84,0
7713,74,1
7714,97,1
7715,86,1
7716,22,1
7717,160,1
7718,32,1
7719,64,1
7720,118,1
7721,68,0
7722,63,1
7723,147,1
7724,47,1
7725,53,1
7726,59,0
7727,100,1
7728,31,0
7729,82,1
7730,30,1
7731,49,1
7732,48,1
7733,85,1
7734,44,1
7735,57,1
7736,88,1
7737,55,0
7738,63,1
7739,169,1
7740,48,0
7741,47,1
7742,52,1
7743,170,1
7744,34,0
7745,70,0
7746,136,1
7747,65,1
7748,31,1
7749,65,1
7750,96,1
7751,143,1
7752,58,1
7753,49,1
7754,63,1
7755,67,0
7756,73,0
7757,26,1
7758,51,1
7759,153,1
7760,128,0
7761,27,0
7762,126,1
7763,21,0
7764,106,0
7765,73,1
7766,200,0
7767,67,1
7768,31,1
7769,39,1
7770,130,1
7771,39,1
7772,64,1
7773,108,1
7774,60,0
7775,191,1
7776,45,1
7777,27,0
7778,52,0
7779,35,1
7780,52,1
7781,38,1
7782,134,0
7783,22,0
7784,66,0
7785,84,1
7786,102,1
7787,138,0
7788,86,1
7789,47,1
7790,41,1
7791,67,1
7792,20,0
7793,66,1
7794,24,1
7795,63,1
7796,110,1
7797,105,0
7798,82,1
7799,43,0
7800,140,1
7801,34,0
7802,54,1
7803,75,0
7804,45,0
7805,88,1
7806,38,1
7807,114,1
7808,47,1
7809,74,1
7810,72,1
7811,71,1
7812,94,1
7813,99,0
7814,84,0
7815,46,1
7816,113,1
7817,78,1
7818,39,1
7819,82,1
7820,126,1
7821,81,1
7822,99,1
7823,46,1
7824,51,0
7825,97,0
7826,200,0
7827,129,0
7828,106,1
7829,113,0
7830,146,1
7831,52,1
7832,57,1
7833,75,0
7834,99,1
7835,67,0
7836,58,1
7837,67,0
7838,52,1
7839,115,1
7840,73,1
7841,44,1
7842,22,0
7843,40,1
7844,180,0
7845,69,0
7846,55,1
7847,67,1
7848,36,0
7849,48,1
7850,31,0
7851,64,1
7852,57,1
7853,89,1
7854,73,1
7855,71,0
7856,23,0
7857,60,1
7858,64,1
7859,159,1
7860,69,0
7861,38,1
7862,43,1
7863,59,0
7864,50,1
7865,65,0
7866,34,1
7867,95,0
7868,86,0
7869,43,1
7870,54,0
7871,50,1
7872,63,1
7873,36,0
7874,94,1
7875,42,1
7876,87,1
7877,41,0
7878,93,1
7879,133,1
7880,69,1
7881,102,1
7882,87,0
7883,35,1
7884,34,1
7885,52,1
7886,57,1
7887,35,1
7888,30,0
7889,47,1
7890,73,1
7891,151,0
7892,59,1
7893,72,0
7894,46,1
7895,30,1
7896,77,1
7897,37,1
7898,67,1
7899,142,0
7900,60,1
7901,84,1
7902,119,1
7903,48,1
7904,79,1
7905,35,0
7906,148,0
7907,92,1
7908,61,1
7909,57,1
7910,147,0
7911,81,1
7912,111,1
7913,34,0
7914,30,1
7915,60,0
7916,87,1
7917,46,1
7918,46,1
7919,28,0
7920,79,1
7921,50,1
7922,89,0
7923,116,1
7924,64,1
7925,92,0
7926,132,1
7927,113,0
7928,31,1
7929,25,0
7930,76,0
7931,47,1
7932,94,1
7933,97,1
7934,69,1
7935,54,1
7936,27,0
7937,142,0
7938,111,1
7939,12,0
7940,91,1
7941,74,0
7942,78,0
7943,46,1
7944,44,1
7945,98,1
7946,53,1
7947,40,1
7948,144,1
7949,64,1
7950,32,0
7951,9,0
7952,51,1
7953,82,1
7954,89,1
7955,106,1
7956,59,1
7957,54,1
7958,51,0
7959,41,0
7960,45,1
7961,32,1
7962,61,1
7963,46,1
7964,95,1
7965,96,0
7966,32,1
7967,56,1
7968,48,1
7969,77,0
7970,87,1
7971,120,1
7972,75,1
7973,75,0
7974,47,0
7975,88,1
7976,60,1
7977,63,1
7978,57,1
7979,38,0
7980,63,1
7981,70,0
7982,100,1
7983,11,0
7984,50,1
7985,67,1
7986,70,1
7987,127,1
7988,74,1
7989,58,1
7990,100,1
7991,117,1
7992,98,1
7993,48,1
7994,37,0
7995,40,1
7996,63,0
7997,51,1
7998,139,1
7999,73,1
8000,59,1
8001,162,1
8002,40,0
8003,24,0
8004,58,1
8005,33,1
8006,27,0
8007,46,0
8008,54,1
8009,60,1
8010,99,1
8011,51,1
8012,60,1
8013,147,1
8014,103,1
8015,167,1
8016,36,0
8017,135,1
8018,37,1
8019,90,1
8020,34,1
8021,79,1
8022,71,1
8023,63,1
8024,150,1
8025,60,1
8026,73,1
8027,63,0
8028,59,1
8029,111,1
8030,49,1
8031,82,1
8032,28,0
8033,73,1
8034,43,1
8035,35,1
8036,40,1
8037,54,1
8038,57,0
8039,85,1
8040,34,1
8041,68,1
8042,67,1
8043,38,0
8044,54,1
8045,49,1
8046,79,1
8047,71,1
8048,158,1
8049,93,1
8050,60,1
8051,30,1
8052,122,0
8053,57,0
8054,127,1
8055,52,1
8056,126,1
8057,120,1
8058,82,0
8059,198,0
8060,57,1
8061,73,0
8062,75,1
8063,80,1
8064,59,1
8065,67,1
8066,44,0
8067,31,1
8068,55,1
8069,50,0
8070,18,0
8071,58,1
8072,55,0
8073,46,1
8074,71,1
8075,22,1
8076,34,1
8077,61,1
8078,53,1
8079,47,0
8080,164,1
8081,28,1
8082,149,1
8083,65,1
8084,68,1
8085,28,1
8086,34,1
8087,62,1
8088,32,0
8089,50,1
8090,30,0
8091,44,1
8092,154,1
8093,46,1
8094,24,0
8095,137,0
8096,118,1
8097,57,0
8098,36,1
8099,71,1
8100,49,1
8101,122,0
8102,27,1
8103,51,1
8104,21,1
8105,85,0
8106,92,1
8107,29,1
8108,47,1
8109,121,0
8110,19,0
8111,32,0
8112,59,1
8113,58,1
8114,49,1
8115,21,0
8116,200,0
8117,90,1
8118,94,1
8119,82,1
8120,33,1
8121,63,1
8122,52,1
8123,56,1
8124,83,0
8125,42,0
8126,65,1
8127,44,1
8128,36,1
8129,70,1
8130,77,0
8131,30,1
8132,50,1
8133,27,0
8134,121,1
8135,113,1
8136,71,0
8137,59,1
8138,107,1
8139,138,0
8140,154,1
8141,27,1
8142,118,0
8143,92,1
8144,176,1
8145,94,1
8146,200,0
8147,61,1
8148,31,0
8149,119,1
8150,79,0
8151,26,1
8152,83,1
8153,30,1
8154,41,1
8155,86,0
8156,44,1
8157,119,0
8158,31,0
8159,30,0
8160,58,1
8161,40,1
8162,31,1
8163,79,1
8164,54,0
8165,88,1
8166,189,1
8167,37,1
8168,23,0
8169,95,1
8170,64,1
8171,41,1
8172,122,1
8173,61,1
8174,45,1
8175,39,1
8176,142,1
8177,126,1
8178,50,1
8179,60,0
8180,39,0
8181,76,1
8182,15,0
8183,72,1
8184,71,1
8185,30,1
8186,62,1
8187,42,1
8188,60,1
8189,93,1
8190,37,1
8191,56,0
8192,91,0
8193,26,1
8194,121,1
8195,32,0
8196,50,1
8197,35,1
8198,65,1
8199,104,1
8200,28,0
8201,200,1
8202,32,0
8203,29,1
8204,43,1
8205,108,0
8206,29,1
8207,73,1
8208,32,0
8209,22,1
8210,78,1
8211,67,1
8212,59,1
8213,109,0
8214,117,1
8215,41,1
8216,16,0
8217,46,1
8218,39,1
8219,38,1
8220,32,1
8221,53,1
8222,63,1
8223,93,1
8224,67,1
8225,54,0
8226,76,1
8227,81,1
8228,48,1
8229,63,1
8230,33,0
8231,26,1
8232,99,1
8233,90,1
8234,134,1
8235,123,1
8236,99,1
8237,28,1
8238,84,1
8239,86,1
8240,49,1
8241,197,1
8242,71,1
8243,40,0
8244,35,1
8245,132,1
8246,83,1
8247,68,1
8248,108,1
8249,70,1
8250,77,0
8251,124,1
8252,50,1
8253,12,0
8254,64,1
8255,63,0
8256,46,1
8257,161,1
8258,95,1
8259,26,0
8260,56,1
8261,28,0
8262,35,1
8263,68,1
8264,67,1
8265,104,1
8266,173,0
8267,89,0
8268,193,1
8269,132,1
8270,21,1
8271,38,1
8272,136,1
8273,61,1
8274,66,1
8275,102,1
8276,135,1
8277,28,0
8278,36,0
8279,30,0
8280,37,0
8281,118,1
8282,96,1
8283,59,1
8284,21,0
8285,94,1
8286,57,1
8287,70,1
8288,140,1
8289,86,1
8290,106,1
8291,84,1
8292,92,1
8293,66,1
8294,152,0
8295,59,1
8296,126,0
8297,29,0
8298,119,0
8299,28,0
8300,13,0
8301,54,1
8302,142,1
8303,90,1
8304,37,1
8305,94,0
8306,41,1
8307,28,0
8308,102,1
8309,65,1
8310,55,1
8311,88,1
8312,33,1
8313,33,1
8314,57,1
8315,130,1
8316,60,1
8317,41,1
8318,34,1
8319,40,1
8320,69,1
8321,64,0
8322,54,1
8323,74,0
8324,119,1
8325,83,1
8326,51,0
8327,100,1
8328,34,1
8329,38,0
8330,44,0
8331,55,1
8332,89,1
8333,33,0
8334,77,1
8335,47,0
8336,71,0
8337,72,1
8338,155,1
8339,72,0
8340,27,1
8341,200,0
8342,147,1
8343,151,1
8344,92,1
8345,156,0
8346,58,1
8347,43,1
8348,71,0
8349,63,1
8350,28,1
8351,36,0
8352,60,0
8353,80,1
8354,91,1
8355,89,1
8356,31,1
8357,34,1
8358,125,1
8359,62,1
8360,64,1
8361,53,1
8362,46,1
8363,62,1
8364,34,1
8365,72,1
8366,72,1
8367,27,0
8368,127,1
8369,56,1
8370,148,1
8371,89,1
8372,69,1
8373,62,1
8374,111,1
8375,69,1
8376,67,1
8377,45,0
8378,110,0
8379,32,0
8380,39,1
8381,100,1
8382,72,0
8383,143,1
8384,41,1
8385,69,1
8386,194,1
8387,66,1
8388,74,1
8389,37,1
8390,110,0
8391,59,1
8392,38,1
8393,96,0
8394,103,1
8395,59,1
8396,48,1
8397,42,0
8398,39,1
8399,42,1
8400,25,1
8401,73,1
8402,40,1
8403,46,0
8404,21,0
8405,25,0
8406,82,1
8407,71,1
8408,55,1
8409,180,1
8410,50,1
8411,43,1
8412,67,0
8413,37,0
8414,28,1
8415,28,1
8416,82,1
8417,39,1
8418,53,1
8419,53,1
8420,39,1
8421,66,0
8422,52,1
8423,40,1
8424,72,1
8425,97,0
8426,70,0
8427,70,1
8428,137,1
8429,33,1
8430,56,1
8431,39,1
8432,95,1
8433,54,1
8434,68,0
8435,74,1
8436,73,1
8437,73,1
8438,34,1
8439,64,1
8440,102,1
8441,56,1
8442,75,1
8443,49,1
8444,41,1
8445,100,0
8446,60,1
8447,97,0
8448,108,1
8449,172,0
8450,107,1
8451,48,1
8452,27,1
8453,60,1
8454,101,0
8455,73,1
8456,46,1
8457,137,0
8458,80,1
8459,148,1
8460,58,1
8461,55,1
8462,146,0
8463,93,1
8464,57,0
8465,84,1
8466,24,0
8467,41,0
8468,52,1
8469,42,1
8470,143,1
8471,51,1
8472,72,0
8473,53,1
8474,45,1
8475,32,0
8476,64,1
8477,33,0
8478,39,1
8479,141,1
8480,36,1
8481,105,1
8482,200,0
8483,32,0
8484,49,1
8485,44,1
8486,157,0
8487,62,0
8488,58,1
8489,85,1
8490,31,1
8491,152,1
8492,166,1
8493,50,1
8494,56,1
8495,48,1
8496,19,0
8497,69,1
8498,34,1
8499,92,1
8500,51,1
8501,34,1
8502,41,0
8503,44,0
8504,54,0
8505,200,0
8506,62,1
8507,64,0
8508,51,0
8509,38,1
8510,86,1
8511,57,1
8512,40,1
8513,35,1
8514,71,0
8515,71,1
8516,78,1
8517,85,1
8518,163,1
8519,74,1
8520,64,0
8521,34,0
8522,109,1
8523,89,1
8524,168,0
8525,43,1
8526,37,1
8527,200,0
8528,101,0
8529,61,0
8530,26,1
8531,29,1
8532,72,1
8533,81,1
8534,59,1
8535,48,0
8536,23,1
8537,114,1
8538,68,0
8539,58,1
8540,87,1
8541,42,0
8542,60,1
8543,40,1
8544,19,1
8545,19,0
8546,72,1
8547,30,1
8548,91,1
8549,51,1
8550,69,1
8551,66,0
8552,41,1
8553,43,1
8554,55,1
8555,32,0
8556,74,1
8557,90,1
8558,102,0
8559,44,0
8560,68,1
8561,76,1
8562,32,1
8563,53,1
8564,69,1
8565,34,1
8566,44,1
8567,36,1
8568,30,0
8569,37,1
8570,94,1
8571,71,1
8572,68,1
8573,41,1
8574,105,1
8575,49,0
8576,63,0
8577,110,1
8578,65,1
8579,48,1
8580,76,1
8581,22,1
8582,25,1
8583,22,0
8584,34,0
8585,85,1
8586,51,1
8587,83,0
8588,41,1
8589,72,1
8590,108,1
8591,28,1
8592,31,0
8593,47,1
8594,48,1
8595,27,0
8596,82,1
8597,85,1
8598,58,1
8599,30,1
8600,15,0
8601,18,0
8602,36,1
8603,88,0
8604,165,1
8605,66,1
8606,65,1
8607,103,1
8608,118,1
8609,32,0
8610,76,1
8611,55,1
8612,43,1
8613,64,1
8614,65,1
8615,138,1
8616,28,0
8617,127,1
8618,73,1
8619,22,0
8620,71,1
8621,45,1
8622,35,1
8623,31,1
8624,99,1
8625,72,1
8626,78,1
8627,91,1
8628,69,0
8629,117,1
8630,126,1
8631,79,1
8632,86,1
8633,73,1
8634,24,1
8635,53,1
8636,30,1
8637,40,1
8638,130,1
8639,46,1
8640,53,1
8641,25,0
8642,75,1
8643,110,1
8644,61,1
8645,66,1
8646,65,0
8647,34,1
8648,33,1
8649,27,0
8650,58,1
8651,64,1
8652,32,1
8653,56,0
8654,69,1
8655,81,1
8656,32,1
8657,154,1
8658,66,1
8659,77,1
8660,143,1
8661,63,0
8662,142,0
8663,59,1
8664,39,0
8665,75,1
8666,29,1
8667,58,1
8668,45,0
8669,97,1
8670,31,1
8671,79,1
8672,30,0
8673,33,1
8674,68,1
8675,31,1
8676,114,1
8677,55,1
8678,32,1
8679,41,1
8680,53,0
8681,69,1
8682,88,1
8683,74,0
8684,43,0
8685,114,1
8686,32,1
8687,112,0
8688,107,1
8689,40,1
8690,58,1
8691,75,0
8692,51,1
8693,140,1
8694,88,0
8695,40,1
8696,81,0
8697,108,1
8698,54,1
8699,104,1
8700,58,1
8701,98,1
8702,93,1
8703,49,1
8704,65,1
8705,68,0
8706,76,1
8707,48,1
8708,69,1
8709,37,0
8710,71,1
8711,124,1
8712,125,1
8713,97,1
8714,120,1
8715,100,1
8716,57,1
8717,65,1
8718,50,1
8719,121,1
8720,77,0
8721,50,1
8722,59,1
8723,74,1
8724,52,0
8725,60,1
8726,39,1
8727,63,1
8728,115,1
8729,55,1
8730,40,1
8731,58,1
8732,54,1
8733,60,1
8734,70,1
8735,75,0
8736,175,1
8737,116,1
8738,99,0
8739,51,1
8740,63,1
8741,68,1
8742,43,1
8743,49,0
8744,88,0
8745,33,1
8746,37,1
8747,95,1
8748,94,1
8749,59,0
8750,80,1
8751,31,1
8752,85,1
8753,56,1
8754,52,1
8755,58,1
8756,49,1
8757,60,1
8758,73,0
8759,80,1
8760,16,0
8761,87,1
8762,117,1
8763,63,1
8764,17,0
8765,37,1
8766,50,1
8767,92,1
8768,83,1
8769,40,1
8770,16,0
8771,120,0
8772,51,1
8773,172,0
8774,50,1
8775,35,1
8776,78,1
8777,31,1
8778,138,1
8779,59,1
8780,108,1
8781,132,1
8782,61,1
8783,36,1
8784,36,1
8785,75,1
8786,101,1
8787,91,0
8788,70,1
8789,34,1
8790,81,1
8791,37,1
8792,101,0
8793,32,0
8794,44,0
8795,88,0
8796,82,1
8797,182,1
8798,21,1
8799,105,1
8800,168,1
8801,67,1
8802,77,0
8803,53,1
8804,95,1
8805,73,1
8806,100,1
8807,64,0
8808,116,1
8809,97,1
8810,57,1
8811,47,1
8812,48,1
8813,96,1
8814,29,0
8815,46,1
8816,55,0
8817,76,1
8818,96,0
8819,41,1
8820,43,1
8821,35,1
8822,66,1
8823,66,0
8824,200,0
8825,31,1
8826,53,1
8827,72,1
8828,44,0
8829,200,0
8830,66,1
8831,24,0
8832,65,1
8833,68,1
8834,12,0
8835,180,1
8836,167,1
8837,117,1
8838,30,1
8839,123,1
8840,46,1
8841,126,1
8842,38,1
8843,83,0
8844,179,1
8845,24,0
8846,135,1
8847,58,0
8848,34,0
8849,68,1
8850,53,1
8851,29,1
8852,66,1
8853,42,0
8854,51,1
8855,67,1
8856,116,1
8857,60,1
8858,78,0
8859,44,1
8860,161,0
8861,20,0
8862,97,1
8863,67,1
8864,45,1
8865,73,1
8866,72,1
8867,58,1
8868,47,1
8869,31,1
8870,75,0
8871,27,1
8872,68,1
8873,52,1
8874,80,1
8875,35,0
8876,48,1
8877,53,1
8878,43,1
8879,76,1
8880,63,1
8881,58,1
8882,69,0
8883,50,1
8884,79,1
8885,165,1
8886,79,1
8887,112,1
8888,54,1
8889,124,0
8890,130,1
8891,65,0
8892,44,1
8893,11,0
8894,104,1
8895,200,0
8896,42,0
8897,56,1
8898,60,1
8899,39,1
8900,73,1
8901,75,1
8902,58,1
8903,109,0
8904,109,1
8905,45,1
8906,200,0
8907,30,0
8908,47,1
8909,52,1
8910,182,1
8911,92,0
8912,51,1
8913,76,1
8914,65,0
8915,71,1
8916,40,1
8917,40,1
8918,69,1
8919,23,0
8920,48,1
8921,55,1
8922,150,0
8923,170,1
8924,90,0
8925,57,1
8926,74,1
8927,66,1
8928,41,1
8929,77,1
8930,41,0
8931,167,1
8932,32,1
8933,153,1
8934,48,1
8935,109,1
8936,78,1
8937,44,1
8938,52,1
8939,100,1
8940,38,1
8941,109,1
8942,26,0
8943,55,1
8944,71,0
8945,44,1
8946,25,0
8947,47,1
8948,62,1
8949,178,1
8950,53,1
8951,41,1
8952,71,1
8953,191,1
8954,26,0
8955,24,0
8956,62,1
8957,74,1
8958,44,1
8959,142,1
8960,126,1
8961,54,1
8962,86,1
8963,65,1
8964,110,1
8965,66,1
8966,155,1
8967,42,1
8968,76,1
8969,55,1
8970,79,1
8971,129,1
8972,70,1
8973,54,0
8974,60,0
8975,52,0
8976,132,1
8977,69,1
8978,50,1
8979,41,1
8980,62,1
8981,35,0
8982,89,1
8983,64,1
8984,84,1
8985,75,1
8986,34,1
8987,200,0
8988,56,1
8989,38,0
8990,16,0
8991,85,1
8992,86,0
8993,29,0
8994,155,1
8995,160,1
8996,37,0
8997,31,1
8998,81,1
8999,43,0
9000,119,1
9001,56,1
9002,109,1
9003,71,1
9004,72,1
9005,65,1
9006,65,1
9007,45,0
9008,53,1
9009,87,1
9010,29,1
9011,37,1
9012,38,1
9013,39,1
9014,123,1
9015,31,1
9016,46,1
9017,112,1
9018,65,1
9019,73,1
9020,56,1
9021,67,1
9022,26,1
9023,32,0
9024,62,0
9025,47,0
9026,42,0
9027,126,1
9028,136,1
9029,54,0
9030,36,1
9031,85,1
9032,44,0
9033,116,1
9034,144,0
9035,92,1
9036,37,1
9037,39,1
9038,33,1
9039,52,1
9040,102,0
9041,73,1
9042,67,0
9043,67,1
9044,84,1
9045,119,1
9046,200,0
9047,131,1
9048,132,1
9049,113,1
9050,31,1
9051,168,0
9052,78,0
9053,114,0
9054,79,1
9055,23,0
9056,26,0
9057,50,1
9058,67,1
9059,21,0
9060,110,1
9061,51,0
9062,20,0
9063,98,0
9064,90,1
9065,75,1
9066,80,1
9067,75,1
9068,68,1
9069,136,0
9070,42,0
9071,53,1
9072,144,1
9073,92,1
9074,52,1
9075,51,1
9076,58,0
9077,51,0
9078,57,1
9079,46,1
9080,63,0
9081,45,0
9082,52,1
9083,58,0
9084,30,1
9085,53,1
9086,28,0
9087,43,1
9088,123,1
9089,32,0
9090,38,1
9091,83,1
9092,90,0
9093,26,1
9094,65,1
9095,100,1
9096,42,0
9097,180,1
9098,96,1
9099,86,1
9100,89,1
9101,70,1
9102,70,0
9103,56,1
9104,61,1
9105,51,1
9106,58,1
9107,108,0
9108,40,1
9109,66,1
9110,106,1
9111,45,1
9112,37,0
9113,35,1
9114,52,1
9115,49,1
9116,88,0
9117,92,1
9118,25,0
9119,29,1
9120,56,1
9121,17,0
9122,124,1
9123,73,1
9124,66,1
9125,173,1
9126,45,1
9127,36,1
9128,57,1
9129,55,1
9130,104,1
9131,58,0
9132,67,1
9133,67,0
9134,49,1
9135,56,0
9136,77,1
9137,54,1
9138,119,1
9139,52,1
9140,129,1
9141,44,0
9142,39,1
9143,62,1
9144,68,1
9145,49,1
9146,127,1
9147,60,1
9148,40,1
9149,69,1
9150,59,1
9151,62,1
9152,125,1
9153,59,1
9154,28,1
9155,47,1
9156,71,1
9157,103,1
9158,51,1
9159,48,1
9160,48,1
9161,166,1
9162,70,1
9163,18,0
9164,47,1
9165,127,1
9166,88,1
9167,39,1
9168,51,1
9169,144,1
9170,78,1
9171,31,1
9172,39,1
9173,93,1
9174,158,1
9175,63,0
9176,78,0
9177,149,0
9178,25,0
9179,54,1
9180,51,1
9181,145,0
9182,81,1
9183,50,1
9184,43,1
9185,98,0
9186,51,0
9187,29,1
9188,85,1
9189,43,1
9190,143,1
9191,35,0
9192,37,1
9193,44,1
9194,36,1
9195,61,1
9196,46,1
9197,67,1
9198,52,1
9199,27,0
9200,118,1
9201,69,1
9202,200,0
9203,55,1
9204,200,0
9205,123,1
9206,70,1
9207,84,1
9208,133,1
9209,200,0
9210,18,0
9211,52,1
9212,41,0
9213,109,1
9214,35,1
9215,72,1
9216,51,1
9217,147,0
9218,47,1
9219,69,1
9220,97,1
9221,107,1
9222,48,1
9223,66,1
9224,61,0
9225,60,1
9226,35,1
9227,123,1
9228,100,1
9229,37,0
9230,28,0
9231,57,1
9232,93,1
9233,15,0
9234,40,1
9235,40,1
9236,154,0
9237,45,1
9238,21,1
9239,15,0
9240,112,1
9241,61,0
9242,37,1
9243,78,1
9244,71,0
9245,125,0
9246,82,1
9247,77,0
9248,43,1
9249,68,1
9250,78,1
9251,190,1
9252,20,1
9253,130,1
9254,79,1
9255,88,1
9256,38,0
9257,69,1
9258,63,1
9259,32,0
9260,103,0
9261,152,1
9262,39,1
9263,96,1
9264,82,1
9265,137,1
9266,90,0
9267,88,1
9268,47,1
9269,51,0
9270,78,1
9271,25,0
9272,43,1
9273,118,1
9274,22,1
9275,111,1
9276,70,1
9277,101,1
9278,35,1
9279,80,1
9280,56,1
9281,41,1
9282,39,1
9283,111,1
9284,94,1
9285,47,1
9286,24,1
9287,33,0
9288,95,0
9289,57,1
9290,53,1
9291,46,0
9292,119,1
9293,76,1
9294,64,1
9295,51,0
9296,42,1
9297,75,1
9298,71,1
9299,23,0
9300,106,1
9301,60,1
9302,52,0
9303,31,1
9304,38,0
9305,47,0
9306,38,0
9307,50,0
9308,55,1
9309,57,1
9310,35,1
9311,155,1
9312,62,1
9313,125,1
9314,77,1
9315,109,1
9316,67,0
9317,30,1
9318,58,1
9319,41,0
9320,36,0
9321,105,1
9322,97,1
9323,166,1
9324,62,1
9325,79,1
9326,128,0
9327,101,1
9328,45,0
9329,183,1
9330,53,1
9331,42,1
9332,55,1
9333,64,1
9334,92,1
9335,184,1
9336,77,1
9337,55,1
9338,82,1
9339,98,1
9340,37,1
9341,97,1
9342,51,1
9343,96,1
9344,58,1
9345,35,1
9346,30,1
9347,130,1
9348,57,0
9349,39,1
9350,56,1
9351,38,1
9352,80,1
9353,200,0
9354,35,1
9355,103,1
9356,67,1
9357,60,0
9358,142,1
9359,87,0
9360,69,1
9361,30,0
9362,42,0
9363,26,1
9364,58,1
9365,20,0
9366,44,1
9367,51,1
9368,29,1
9369,63,0
9370,87,1
9371,60,1
9372,54,1
9373,111,0
9374,85,1
9375,38,1
9376,67,1
9377,75,1
9378,80,1
9379,91,0
9380,81,1
9381,49,0
9382,64,1
9383,63,0
9384,85,1
9385,53,1
9386,57,1
9387,73,0
9388,79,1
9389,77,1
9390,113,1
9391,69,0
9392,20,1
9393,37,1
9394,86,1
9395,52,1
9396,85,1
9397,54,1
9398,54,0
9399,40,1
9400,41,1
9401,74,1
9402,41,1
9403,32,1
9404,55,0
9405,54,0
9406,100,1
9407,51,1
9408,36,1
9409,72,1
9410,168,1
9411,115,0
9412,44,1
9413,42,1
9414,74,1
9415,30,1
9416,42,1
9417,200,0
9418,66,1
9419,68,1
9420,40,1
9421,37,1
9422,200,0
9423,108,1
9424,62,1
9425,41,1
9426,91,1
9427,32,1
9428,65,0
9429,84,1
9430,70,1
9431,77,1
9432,41,1
9433,134,1
9434,76,1
9435,200,0
9436,111,1
9437,38,1
9438,154,1
9439,63,1
9440,20,0
9441,91,1
9442,114,1
9443,103,0
9444,32,1
9445,51,1
9446,39,0
9447,100,1
9448,48,1
9449,67,1
9450,47,0
9451,39,1
9452,126,1
9453,46,1
9454,42,1
9455,31,1
9456,62,0
9457,46,1
9458,109,0
9459,141,1
9460,72,1
9461,41,1
9462,131,1
9463,82,1
9464,30,1
9465,36,1
9466,66,1
9467,56,1
9468,139,1
9469,26,1
9470,58,1
9471,94,0
9472,115,1
9473,53,1
9474,46,1
9475,183,1
9476,68,1
9477,51,1
9478,28,1
9479,40,1
9480,156,1
9481,31,0
9482,116,1
9483,109,1
9484,43,0
9485,200,0
9486,48,1
9487,129,1
9488,51,1
9489,59,1
9490,111,0
9491,24,1
9492,74,1
9493,22,0
9494,47,1
9495,92,1
9496,52,1
9497,43,0
9498,29,1
9499,77,1
9500,61,1
9501,117,0
9502,35,1
9503,90,1
9504,53,1
9505,39,1
9506,64,1
9507,184,1
9508,67,1
9509,95,1
9510,35,1
9511,65,1
9512,103,1
9513,59,0
9514,82,0
9515,35,0
9516,27,0
9517,110,1
9518,59,1
9519,111,1
9520,95,1
9521,52,1
9522,125,1
9523,98,1
9524,44,0
9525,62,1
9526,74,1
9527,67,1
9528,67,1
9529,93,1
9530,78,1
9531,39,0
9532,50,0
9533,160,0
9534,50,1
9535,37,1
9536,70,0
9537,122,1
9538,18,0
9539,66,0
9540,162,1
9541,59,1
9542,60,0
9543,79,1
9544,78,1
9545,75,1
9546,45,0
9547,29,1
9548,59,1
9549,96,0
9550,107,1
9551,109,1
9552,72,0
9553,49,1
9554,174,1
9555,169,1
9556,34,0
9557,44,0
9558,65,1
9559,36,1
9560,128,1
9561,87,1
9562,81,1
9563,37,0
9564,75,1
9565,55,1
9566,19,0
9567,67,1
9568,56,1
9569,114,1
9570,72,0
9571,30,0
9572,63,0
9573,22,0
9574,76,0
9575,44,0
9576,48,1
9577,28,1
9578,47,0
9579,69,1
9580,36,1
9581,190,1
9582,57,1
9583,31,0
9584,54,1
9585,157,1
9586,106,1
9587,47,1
9588,70,1
9589,119,1
9590,22,1
9591,85,1
9592,109,1
9593,46,1
9594,87,1
9595,61,1
9596,58,1
9597,40,1
9598,76,0
9599,50,0
9600,87,1
9601,46,1
9602,43,0
9603,51,0
9604,116,0
9605,51,1
9606,61,1
9607,78,0
9608,72,1
9609,52,1
9610,39,0
9611,21,1
9612,67,1
9613,156,1
9614,114,1
9615,84,1
9616,200,0
9617,131,1
9618,172,1
9619,57,1
9620,42,1
9621,68,1
9622,60,1
9623,100,0
9624,53,1
9625,72,1
9626,100,1
9627,122,1
9628,118,1
9629,65,0
9630,49,1
9631,72,1
9632,116,1
9633,31,1
9634,92,0
9635,105,1
9636,29,1
9637,20,0
9638,76,1
9639,73,0
9640,46,0
9641,54,1
9642,77,1
9643,59,1
9644,46,1
9645,56,1
9646,62,1
9647,72,1
9648,37,0
9649,57,0
9650,37,1
9651,66,1
9652,59,1
9653,39,1
9654,54,1
9655,44,1
9656,14,0
9657,34,0
9658,29,0
9659,126,1
9660,74,1
9661,29,0
9662,88,1
9663,78,1
9664,61,1
9665,74,1
9666,55,0
9667,16,0
9668,84,1
9669,19,0
9670,67,0
9671,68,1
9672,33,1
9673,48,1
9674,65,1
9675,52,1
9676,57,0
9677,18,0
9678,200,0
9679,49,1
9680,40,1
9681,53,1
9682,46,1
9683,122,0
9684,27,0
9685,64,1
9686,58,1
9687,65,1
9688,108,0
9689,84,0
9690,40,1
9691,53,0
9692,30,1
9693,55,1
9694,32,0
9695,43,1
9696,190,1
9697,46,0
9698,82,1
9699,47,1
9700,80,1
9701,60,1
9702,63,1
9703,21,1
9704,41,1
9705,50,1
9706,82,1
9707,47,1
9708,9,0
9709,113,0
9710,40,1
9711,52,0
9712,86,1
9713,56,0
9714,40,1
9715,107,1
9716,44,1
9717,55,0
9718,82,1
9719,31,0
9720,55,1
9721,129,1
9722,56,1
9723,121,1
9724,52,1
9725,67,1
9726,38,0
9727,122,1
9728,96,1
9729,141,1
9730,137,1
9731,93,1
9732,79,1
9733,61,0
9734,82,1
9735,111,1
9736,142,1
9737,42,0
9738,45,1
9739,64,1
9740,148,1
9741,60,1
9742,65,1
9743,77,1
9744,24,1
9745,78,0
9746,131,1
9747,51,0
9748,58,1
9749,67,1
9750,75,0
9751,79,1
9752,57,1
9753,156,1
9754,55,1
9755,132,1
9756,132,1
9757,26,0
9758,90,1
9759,86,1
9760,44,1
9761,57,1
9762,33,1
9763,71,1
9764,13,0
9765,54,1
9766,44,1
9767,65,1
9768,138,0
9769,63,1
9770,70,1
9771,94,0
9772,110,1
9773,93,1
9774,87,1
9775,63,0
9776,97,1
9777,66,0
9778,103,1
9779,148,1
9780,119,1
9781,89,1
9782,35,1
9783,83,1
9784,49,0
9785,59,0
9786,111,0
9787,31,1
9788,66,0
9789,30,0
9790,35,0
9791,57,1
9792,19,1
9793,196,1
9794,65,0
9795,65,1
9796,109,0
9797,34,1
9798,67,0
9799,113,1
9800,76,1
9801,57,1
9802,48,1
9803,49,0
9804,66,1
9805,88,0
9806,65,1
9807,31,1
9808,88,1
9809,38,1
9810,55,1
9811,72,1
9812,73,1
9813,51,1
9814,48,0
9815,84,0
9816,73,1
9817,62,1
9818,61,1
9819,66,1
9820,41,1
9821,63,1
9822,95,1
9823,40,1
9824,36,0
9825,90,1
9826,35,1
9827,84,1
9828,72,1
9829,53,1
9830,42,1
9831,42,0
9832,34,1
9833,59,1
9834,79,0
9835,53,1
9836,16,0
9837,48,1
9838,79,1
9839,27,0
9840,125,1
9841,59,1
9842,58,1
9843,24,1
9844,88,1
9845,36,0
9846,135,1
9847,15,0
9848,52,1
9849,55,0
9850,127,1
9851,84,0
9852,63,1
9853,47,1
9854,50,1
9855,94,0
9856,200,0
9857,76,1
9858,44,1
9859,96,1
9860,50,0
9861,189,1
9862,64,1
9863,24,0
9864,30,1
9865,91,1
9866,31,1
9867,59,1
9868,100,0
9869,58,1
9870,50,1
9871,52,0
9872,147,1
9873,115,1
9874,64,1
9875,161,1
9876,111,1
9877,69,0
9878,58,0
9879,18,0
9880,38,1
9881,88,0
9882,51,1
9883,85,0
9884,44,1
9885,72,1
9886,38,1
9887,59,0
9888,130,1
9889,71,1
9890,73,1
9891,46,0
9892,68,1
9893,48,0
9894,80,1
9895,70,1
9896,66,1
9897,56,1
9898,40,1
9899,48,1
9900,125,1
9901,64,0
9902,60,1
9903,46,1
9904,62,1
9905,151,0
9906,41,1
9907,91,1
9908,102,1
9909,78,0
9910,37,1
9911,33,0
9912,56,0
9913,62,1
9914,121,1
9915,39,1
9916,31,1
9917,23,0
9918,127,1
9919,50,1
9920,41,0
9921,74,1
9922,85,1
9923,44,1
9924,160,1
9925,63,1
9926,79,1
9927,107,0
9928,114,1
9929,51,1
9930,106,1
9931,49,1
9932,60,1
9933,70,1
9934,101,0
9935,66,1
9936,57,1
9937,139,0
9938,121,1
9939,125,1
9940,77,1
9941,35,0
9942,57,0
9943,154,1
9944,45,0
9945,42,0
9946,50,0
9947,72,1
9948,72,1
9949,84,1
9950,31,0
9951,35,0
9952,77,0
9953,41,0
9954,32,0
9955,40,1
9956,40,1
9957,43,1
9958,41,0
9959,54,1
9960,119,1
9961,45,1
9962,98,0
9963,11,0
9964,81,1
9965,62,1
9966,24,0
9967,86,1
9968,53,1
9969,52,1
9970,40,1
9971,36,1
9972,42,1
9973,55,0
9974,42,1
9975,32,0
9976,38,1
9977,56,1
9978,94,1
9979,77,1
9980,35,1
9981,60,1
9982,61,0
9983,46,0
9984,42,1
9985,67,0
9986,46,1
9987,29,0
9988,14,0
9989,148,0
9990,28,1
9991,29,1
9992,33,1
9993,115,0
9994,147,0
9995,42,1
9996,63,1
9997,81,1
9998,73,1
9999,55,1
