episode,steps,reward
0,9,0
1,39,0
2,35,0
3,15,0
4,27,0
5,56,0
6,26,0
7,17,0
8,29,0
9,24,0
10,42,0
11,30,1
12,64,0
13,48,0
14,34,0
15,58,0
16,18,0
17,55,0
18,61,0
19,16,0
20,28,0
21,139,0
22,26,0
23,39,0
24,11,0
25,102,0
26,49,0
27,25,0
28,48,0
29,140,0
30,6,0
31,16,0
32,23,0
33,56,0
34,23,0
35,61,0
36,25,0
37,42,0
38,62,0
39,63,0
40,73,0
41,18,0
42,94,0
43,16,0
44,47,0
45,32,0
46,48,0
47,15,0
48,65,0
49,13,0
50,82,0
51,8,0
52,13,0
53,15,0
54,6,0
55,32,0
56,46,0
57,28,1
58,16,0
59,42,0
60,66,0
61,20,0
62,111,1
63,13,0
64,26,0
65,56,0
66,14,0
67,59,0
68,25,0
69,77,1
70,28,0
71,39,0
72,51,0
73,48,0
74,101,0
75,41,0
76,25,0
77,74,0
78,71,0
79,77,0
80,59,0
81,24,0
82,103,0
83,39,0
84,102,0
85,12,0
86,75,0
87,77,0
88,12,0
89,20,0
90,31,0
91,172,0
92,18,0
93,109,0
94,37,0
95,15,0
96,105,0
97,60,0
98,200,0
99,75,0
100,28,0
101,53,0
102,94,0
103,30,0
104,37,0
105,33,0
106,21,0
107,27,0
108,29,0
109,93,0
110,29,0
111,38,0
112,21,0
113,32,0
114,59,0
115,23,0
116,44,0
117,62,0
118,30,0
119,71,0
120,44,0
121,10,0
122,104,0
123,181,0
124,12,0
125,19,0
126,70,0
127,34,0
128,10,0
129,69,0
130,49,0
131,12,0
132,81,0
133,18,0
134,62,0
135,8,0
136,10,0
137,27,0
138,23,0
139,11,0
140,16,0
141,42,0
142,17,0
143,19,0
144,34,0
145,27,0
146,14,0
147,19,0
148,6,0
149,18,0
150,47,0
151,65,0
152,9,0
153,28,0
154,54,0
155,23,0
156,63,0
157,121,0
158,21,0
159,10,0
160,28,0
161,6,0
162,24,0
163,21,0
164,51,0
165,15,0
166,83,0
167,57,0
168,90,0
169,21,0
170,17,0
171,21,0
172,91,0
173,5,0
174,26,0
175,17,0
176,28,0
177,46,0
178,7,0
179,64,0
180,51,0
181,14,0
182,31,0
183,80,0
184,20,0
185,36,0
186,180,0
187,27,0
188,97,0
189,10,0
190,47,0
191,46,0
192,41,0
193,12,0
194,14,0
195,83,0
196,17,0
197,49,0
198,26,0
199,24,0
200,25,0
201,64,0
202,9,0
203,47,0
204,36,0
205,73,0
206,118,0
207,45,0
208,35,0
209,53,0
210,18,0
211,20,0
212,27,0
213,33,0
214,168,0
215,12,0
216,75,0
217,26,0
218,159,0
219,22,0
220,13,0
221,52,0
222,69,0
223,15,0
224,33,0
225,32,0
226,25,0
227,10,0
228,10,0
229,56,0
230,33,0
231,13,0
232,21,0
233,18,0
234,20,0
235,53,0
236,10,0
237,110,0
238,10,0
239,12,0
240,50,0
241,33,0
242,34,0
243,34,0
244,29,0
245,29,0
246,10,0
247,38,0
248,34,0
249,49,0
250,57,0
251,16,0
252,47,0
253,27,0
254,20,0
255,28,0
256,156,0
257,35,0
258,17,0
259,7,0
260,13,0
261,47,0
262,114,0
263,8,0
264,17,0
265,36,0
266,7,0
267,67,0
268,8,0
269,9,0
270,70,0
271,40,0
272,19,0
273,13,0
274,35,0
275,61,0
276,12,0
277,94,0
278,17,0
279,10,0
280,89,0
281,23,0
282,26,0
283,44,0
284,32,0
285,13,0
286,9,0
287,47,0
288,12,0
289,32,0
290,15,0
291,27,0
292,95,0
293,67,0
294,72,0
295,23,0
296,32,0
297,20,0
298,42,0
299,39,0
300,25,0
301,48,0
302,25,0
303,25,0
304,49,0
305,57,0
306,76,0
307,91,0
308,103,0
309,94,0
310,28,0
311,94,0
312,70,0
313,76,0
314,87,0
315,200,0
316,53,0
317,40,0
318,113,0
319,39,0
320,187,0
321,84,0
322,49,0
323,80,0
324,28,0
325,18,0
326,56,0
327,200,0
328,25,0
329,50,0
330,161,0
331,150,0
332,93,0
333,33,0
334,17,0
335,31,0
336,51,0
337,19,0
338,24,0
339,21,0
340,42,0
341,11,0
342,61,0
343,13,0
344,6,0
345,87,0
346,37,0
347,62,0
348,40,0
349,48,0
350,11,0
351,28,0
352,20,0
353,15,0
354,79,0
355,29,0
356,120,0
357,19,0
358,61,0
359,31,0
360,68,1
361,162,0
362,104,0
363,200,0
364,130,0
365,102,0
366,77,1
367,40,0
368,78,0
369,200,0
370,167,0
371,146,0
372,142,1
373,65,0
374,60,1
375,118,0
376,200,0
377,104,0
378,63,0
379,117,1
380,42,0
381,22,0
382,148,0
383,19,0
384,99,0
385,14,0
386,9,0
387,65,0
388,53,1
389,200,0
390,22,0
391,74,0
392,200,0
393,122,0
394,47,0
395,62,0
396,56,0
397,130,0
398,160,0
399,181,1
400,124,0
401,38,0
402,100,0
403,20,0
404,55,0
405,149,1
406,64,0
407,187,0
408,43,0
409,200,0
410,54,0
411,67,0
412,86,0
413,50,1
414,57,0
415,89,0
416,64,0
417,51,0
418,77,0
419,103,0
420,27,0
421,120,0
422,59,0
423,9,0
424,120,0
425,131,0
426,32,0
427,200,0
428,103,0
429,200,0
430,78,0
431,109,0
432,75,0
433,10,0
434,124,0
435,125,0
436,89,0
437,63,0
438,45,0
439,67,0
440,200,0
441,90,0
442,186,0
443,77,1
444,7,0
445,42,0
446,65,0
447,200,0
448,142,0
449,20,0
450,67,0
451,15,0
452,116,0
453,89,0
454,97,0
455,50,0
456,18,0
457,98,0
458,200,0
459,81,0
460,60,0
461,42,0
462,111,0
463,23,0
464,93,0
465,9,0
466,200,0
467,34,0
468,57,0
469,43,0
470,45,0
471,140,0
472,73,0
473,41,0
474,33,0
475,63,0
476,177,0
477,13,0
478,38,0
479,128,0
480,100,0
481,9,0
482,12,0
483,15,0
484,76,0
485,52,0
486,15,0
487,200,0
488,120,0
489,72,0
490,25,0
491,44,0
492,38,0
493,115,0
494,49,0
495,76,0
496,128,0
497,36,0
498,19,0
499,52,1
500,200,0
501,35,1
502,200,0
503,32,0
504,22,0
505,200,0
506,149,0
507,13,0
508,39,0
509,59,0
510,126,0
511,8,0
512,145,0
513,40,0
514,13,0
515,200,0
516,35,0
517,176,0
518,192,0
519,43,0
520,32,0
521,20,0
522,41,1
523,96,0
524,26,0
525,17,0
526,200,0
527,145,0
528,18,0
529,75,0
530,138,0
531,79,0
532,61,0
533,110,0
534,200,0
535,36,0
536,196,0
537,19,0
538,16,0
539,37,0
540,94,0
541,34,0
542,200,0
543,18,0
544,40,0
545,23,0
546,113,0
547,16,0
548,134,0
549,119,0
550,51,0
551,200,0
552,94,0
553,12,0
554,200,0
555,67,0
556,37,0
557,45,0
558,108,0
559,37,0
560,145,0
561,81,0
562,44,0
563,200,0
564,7,0
565,43,0
566,30,0
567,37,0
568,15,0
569,21,0
570,54,0
571,60,0
572,16,0
573,140,1
574,63,0
575,133,1
576,21,0
577,32,0
578,85,0
579,143,0
580,35,0
581,182,0
582,59,0
583,65,0
584,39,0
585,84,0
586,54,0
587,32,0
588,47,0
589,21,0
590,14,0
591,80,0
592,86,0
593,86,0
594,142,0
595,33,0
596,15,0
597,120,0
598,129,0
599,39,0
600,76,0
601,135,0
602,146,0
603,11,0
604,90,0
605,34,0
606,200,0
607,81,0
608,50,0
609,24,0
610,152,1
611,30,0
612,73,0
613,87,0
614,27,1
615,200,0
616,40,0
617,137,1
618,37,0
619,54,0
620,54,0
621,118,0
622,98,1
623,88,0
624,26,0
625,200,0
626,98,0
627,11,0
628,17,0
629,200,0
630,80,0
631,41,0
632,200,0
633,32,0
634,111,0
635,25,0
636,7,0
637,34,0
638,10,0
639,26,0
640,200,0
641,24,0
642,81,0
643,21,0
644,93,0
645,41,0
646,64,0
647,42,0
648,76,0
649,23,0
650,34,0
651,22,0
652,110,0
653,124,0
654,47,0
655,17,0
656,138,0
657,25,0
658,55,0
659,112,0
660,107,0
661,92,0
662,10,0
663,73,0
664,117,0
665,200,0
666,18,0
667,54,0
668,26,0
669,183,0
670,200,0
671,20,0
672,32,0
673,38,0
674,67,0
675,82,0
676,23,0
677,200,0
678,54,0
679,198,0
680,41,0
681,81,0
682,136,0
683,79,0
684,73,0
685,200,0
686,50,0
687,36,0
688,48,0
689,27,0
690,105,0
691,21,0
692,89,0
693,120,0
694,76,0
695,65,0
696,14,0
697,200,0
698,36,0
699,24,0
700,33,0
701,65,0
702,62,1
703,68,1
704,69,0
705,48,0
706,74,0
707,54,0
708,44,0
709,54,0
710,100,0
711,122,0
712,200,0
713,118,0
714,147,0
715,24,0
716,26,0
717,63,0
718,59,0
719,109,0
720,15,0
721,59,0
722,200,0
723,14,0
724,64,0
725,166,1
726,6,0
727,43,0
728,50,0
729,199,0
730,200,0
731,30,0
732,109,0
733,83,1
734,33,0
735,27,1
736,67,0
737,9,0
738,107,0
739,36,0
740,21,0
741,166,0
742,165,0
743,43,0
744,20,0
745,134,0
746,27,0
747,124,0
748,78,0
749,104,0
750,200,0
751,11,0
752,41,0
753,22,0
754,52,0
755,189,0
756,8,0
757,52,0
758,85,0
759,64,1
760,166,0
761,98,0
762,32,0
763,200,0
764,200,0
765,175,0
766,135,0
767,53,0
768,26,0
769,200,0
770,23,0
771,53,0
772,60,0
773,14,0
774,102,0
775,13,0
776,36,1
777,192,0
778,127,1
779,27,0
780,147,0
781,28,0
782,90,0
783,168,0
784,174,1
785,96,0
786,29,0
787,130,1
788,146,0
789,43,0
790,107,0
791,143,0
792,148,0
793,200,0
794,111,0
795,35,0
796,72,1
797,16,0
798,30,0
799,200,0
800,119,1
801,200,0
802,200,0
803,86,0
804,165,0
805,74,0
806,31,0
807,197,0
808,151,0
809,58,0
810,23,0
811,200,0
812,200,0
813,200,0
814,48,0
815,137,0
816,12,0
817,173,1
818,14,0
819,100,1
820,28,0
821,68,0
822,46,1
823,94,0
824,165,0
825,200,0
826,7,0
827,182,0
828,55,0
829,200,0
830,61,1
831,49,0
832,139,1
833,141,0
834,54,0
835,129,1
836,92,1
837,136,0
838,64,0
839,200,0
840,44,0
841,168,1
842,129,0
843,96,0
844,92,0
845,84,0
846,150,0
847,40,0
848,120,0
849,8,0
850,100,0
851,74,0
852,54,0
853,166,0
854,37,0
855,37,0
856,30,0
857,37,0
858,200,0
859,51,0
860,178,0
861,148,0
862,50,1
863,59,1
864,25,0
865,152,1
866,200,0
867,147,0
868,199,1
869,34,0
870,162,0
871,118,0
872,23,0
873,88,0
874,111,0
875,120,0
876,185,0
877,200,0
878,32,0
879,100,1
880,20,0
881,53,0
882,24,0
883,143,1
884,55,0
885,79,0
886,200,0
887,37,0
888,198,0
889,94,0
890,29,0
891,200,0
892,23,0
893,82,0
894,200,0
895,45,0
896,108,0
897,200,0
898,57,0
899,200,0
900,110,0
901,41,0
902,166,0
903,69,0
904,189,0
905,84,0
906,13,0
907,57,0
908,55,0
909,113,0
910,9,0
911,32,0
912,45,0
913,111,0
914,58,0
915,130,1
916,89,0
917,55,0
918,41,0
919,95,0
920,11,0
921,27,0
922,15,0
923,34,0
924,24,0
925,73,0
926,52,0
927,86,0
928,75,0
929,76,0
930,82,0
931,122,1
932,47,0
933,200,0
934,21,0
935,94,0
936,13,0
937,139,0
938,68,0
939,100,0
940,36,0
941,200,0
942,200,0
943,18,0
944,65,0
945,40,0
946,43,0
947,180,0
948,200,0
949,40,0
950,15,0
951,10,0
952,21,0
953,170,0
954,78,0
955,200,0
956,43,0
957,35,0
958,55,1
959,143,0
960,25,0
961,200,0
962,112,0
963,152,0
964,94,0
965,173,0
966,24,0
967,65,0
968,32,0
969,14,0
970,200,0
971,35,0
972,56,0
973,35,0
974,14,0
975,200,0
976,113,0
977,36,0
978,109,0
979,39,1
980,65,1
981,23,0
982,137,1
983,133,1
984,32,0
985,200,0
986,70,1
987,49,0
988,181,0
989,37,0
990,41,0
991,41,0
992,39,0
993,94,0
994,40,0
995,200,0
996,60,0
997,46,0
998,78,0
999,153,0
1000,200,0
1001,200,0
1002,50,0
1003,58,0
1004,75,0
1005,27,0
1006,200,0
1007,52,0
1008,51,0
1009,22,0
1010,200,0
1011,45,0
1012,115,0
1013,200,0
1014,83,1
1015,200,0
1016,50,0
1017,97,1
1018,83,1
1019,42,0
1020,53,1
1021,43,1
1022,84,1
1023,200,0
1024,187,0
1025,200,0
1026,114,0
1027,63,0
1028,200,0
1029,132,0
1030,30,0
1031,17,0
1032,74,0
1033,128,0
1034,36,0
1035,112,1
1036,200,0
1037,79,0
1038,60,0
1039,29,0
1040,52,0
1041,200,0
1042,34,0
1043,200,0
1044,31,0
1045,66,0
1046,163,1
1047,15,0
1048,137,0
1049,89,0
1050,200,0
1051,30,0
1052,94,1
1053,53,0
1054,34,0
1055,69,1
1056,150,0
1057,166,0
1058,200,0
1059,98,0
1060,129,0
1061,200,0
1062,200,0
1063,29,0
1064,158,0
1065,119,0
1066,61,0
1067,60,0
1068,45,0
1069,188,1
1070,103,0
1071,23,0
1072,159,0
1073,134,0
1074,200,0
1075,34,0
1076,29,0
1077,10,0
1078,78,0
1079,129,0
1080,166,0
1081,160,0
1082,103,0
1083,17,0
1084,18,0
1085,116,0
1086,14,0
1087,55,0
1088,98,1
1089,25,0
1090,27,0
1091,17,0
1092,83,1
1093,116,0
1094,99,0
1095,118,0
1096,132,1
1097,169,0
1098,200,0
1099,28,0
1100,88,0
1101,73,0
1102,97,0
1103,85,0
1104,200,0
1105,180,0
1106,21,0
1107,200,0
1108,50,0
1109,29,0
1110,92,0
1111,112,1
1112,8,0
1113,46,0
1114,138,0
1115,165,0
1116,5,0
1117,128,0
1118,82,0
1119,199,0
1120,117,0
1121,61,0
1122,106,0
1123,31,0
1124,147,0
1125,29,0
1126,12,0
1127,56,0
1128,30,0
1129,38,0
1130,102,0
1131,14,0
1132,79,0
1133,107,1
1134,134,0
1135,200,0
1136,200,0
1137,63,0
1138,94,0
1139,65,0
1140,19,0
1141,88,0
1142,66,1
1143,45,0
1144,72,0
1145,200,0
1146,22,0
1147,18,0
1148,48,0
1149,57,0
1150,155,0
1151,161,1
1152,21,0
1153,200,0
1154,43,0
1155,15,0
1156,125,0
1157,97,0
1158,70,0
1159,200,0
1160,112,1
1161,200,0
1162,30,0
1163,119,0
1164,33,1
1165,200,0
1166,70,0
1167,32,0
1168,48,0
1169,200,0
1170,34,0
1171,158,0
1172,191,0
1173,126,0
1174,48,0
1175,200,0
1176,27,0
1177,25,0
1178,80,0
1179,98,0
1180,90,0
1181,46,0
1182,37,0
1183,34,0
1184,12,0
1185,98,0
1186,36,0
1187,42,0
1188,99,0
1189,42,0
1190,160,0
1191,128,0
1192,133,0
1193,13,0
1194,200,0
1195,47,0
1196,35,0
1197,90,0
1198,108,0
1199,8,0
1200,14,0
1201,83,1
1202,124,1
1203,13,0
1204,23,0
1205,200,0
1206,159,1
1207,58,0
1208,200,0
1209,43,0
1210,188,0
1211,45,1
1212,51,0
1213,67,0
1214,34,1
1215,200,0
1216,23,0
1217,48,0
1218,40,0
1219,199,1
1220,166,0
1221,200,0
1222,200,0
1223,159,0
1224,31,0
1225,200,0
1226,11,0
1227,148,0
1228,104,0
1229,162,1
1230,131,0
1231,200,0
1232,159,1
1233,26,0
1234,21,0
1235,133,0
1236,42,0
1237,200,0
1238,23,0
1239,111,0
1240,156,0
1241,200,0
1242,20,0
1243,183,1
1244,151,0
1245,193,1
1246,46,0
1247,53,0
1248,28,0
1249,150,0
1250,200,0
1251,128,0
1252,85,0
1253,22,0
1254,19,0
1255,186,1
1256,64,0
1257,119,0
1258,33,0
1259,7,0
1260,77,1
1261,200,0
1262,35,0
1263,200,0
1264,17,0
1265,45,1
1266,45,0
1267,54,1
1268,27,0
1269,124,0
1270,64,1
1271,200,0
1272,172,0
1273,17,0
1274,125,1
1275,108,1
1276,79,1
1277,200,0
1278,200,0
1279,19,0
1280,42,1
1281,125,1
1282,200,0
1283,118,1
1284,45,1
1285,200,0
1286,36,0
1287,74,0
1288,87,1
1289,200,0
1290,29,0
1291,132,0
1292,164,1
1293,85,0
1294,200,0
1295,179,1
1296,13,0
1297,200,0
1298,69,0
1299,100,0
1300,144,1
1301,41,0
1302,46,0
1303,111,1
1304,48,0
1305,140,1
1306,44,0
1307,72,0
1308,116,0
1309,200,0
1310,200,0
1311,21,0
1312,126,0
1313,53,0
1314,200,0
1315,109,1
1316,33,0
1317,64,1
1318,107,0
1319,53,1
1320,134,0
1321,171,0
1322,162,1
1323,82,0
1324,200,0
1325,200,0
1326,88,1
1327,103,1
1328,89,1
1329,125,0
1330,104,0
1331,90,1
1332,36,0
1333,26,0
1334,200,0
1335,93,0
1336,200,0
1337,27,0
1338,54,0
1339,61,0
1340,200,0
1341,160,0
1342,29,0
1343,34,0
1344,200,0
1345,190,0
1346,200,0
1347,163,0
1348,35,0
1349,34,0
1350,106,1
1351,178,0
1352,62,0
1353,19,0
1354,51,0
1355,200,0
1356,104,0
1357,152,0
1358,137,0
1359,32,0
1360,50,0
1361,105,0
1362,110,0
1363,48,0
1364,141,1
1365,49,0
1366,200,0
1367,116,0
1368,72,0
1369,53,0
1370,200,0
1371,76,0
1372,110,0
1373,134,0
1374,200,0
1375,115,0
1376,56,0
1377,10,0
1378,42,0
1379,106,0
1380,98,1
1381,126,0
1382,52,1
1383,19,0
1384,20,0
1385,34,0
1386,83,1
1387,124,0
1388,200,0
1389,23,0
1390,69,0
1391,200,0
1392,200,0
1393,57,0
1394,191,0
1395,200,0
1396,42,0
1397,23,0
1398,138,0
1399,66,0
1400,198,1
1401,14,0
1402,103,0
1403,39,0
1404,200,0
1405,200,0
1406,55,0
1407,106,0
1408,18,0
1409,62,1
1410,42,0
1411,49,0
1412,94,1
1413,72,0
1414,61,0
1415,43,0
1416,145,0
1417,74,0
1418,70,0
1419,157,0
1420,200,0
1421,89,0
1422,200,0
1423,114,0
1424,200,0
1425,21,0
1426,166,0
1427,17,0
1428,21,0
1429,200,0
1430,103,0
1431,35,0
1432,57,0
1433,135,1
1434,24,0
1435,23,0
1436,15,0
1437,117,1
1438,49,0
1439,124,1
1440,35,0
1441,65,0
1442,47,0
1443,102,0
1444,32,0
1445,146,0
1446,29,0
1447,26,0
1448,28,0
1449,88,0
1450,96,0
1451,200,0
1452,163,0
1453,144,1
1454,45,0
1455,40,0
1456,98,0
1457,25,0
1458,33,0
1459,124,1
1460,29,0
1461,99,0
1462,90,0
1463,188,1
1464,70,0
1465,17,0
1466,200,0
1467,60,0
1468,35,0
1469,200,0
1470,70,0
1471,25,0
1472,200,0
1473,47,0
1474,43,0
1475,99,1
1476,200,0
1477,17,0
1478,23,0
1479,29,0
1480,59,0
1481,119,1
1482,155,0
1483,54,0
1484,99,0
1485,26,0
1486,89,0
1487,41,1
1488,200,0
1489,200,0
1490,22,0
1491,36,0
1492,200,0
1493,119,0
1494,67,0
1495,200,0
1496,74,0
1497,200,0
1498,90,0
1499,96,1
1500,16,0
1501,87,0
1502,147,1
1503,14,0
1504,28,0
1505,75,1
1506,109,1
1507,142,0
1508,72,0
1509,40,1
1510,156,0
1511,14,0
1512,51,0
1513,8,0
1514,70,1
1515,51,1
1516,109,0
1517,28,0
1518,200,0
1519,192,0
1520,141,0
1521,98,0
1522,108,1
1523,84,1
1524,55,0
1525,56,0
1526,123,0
1527,31,0
1528,14,0
1529,96,0
1530,200,0
1531,58,0
1532,9,0
1533,200,0
1534,183,0
1535,128,1
1536,69,0
1537,95,0
1538,8,0
1539,19,0
1540,121,0
1541,111,1
1542,56,0
1543,17,0
1544,86,1
1545,102,0
1546,32,0
1547,78,0
1548,19,0
1549,200,0
1550,54,0
1551,200,0
1552,200,0
1553,88,0
1554,134,0
1555,21,0
1556,45,0
1557,38,0
1558,117,0
1559,24,0
1560,18,0
1561,74,0
1562,130,0
1563,200,0
1564,82,0
1565,28,0
1566,200,0
1567,191,0
1568,13,0
1569,34,0
1570,109,1
1571,20,0
1572,65,0
1573,120,1
1574,96,0
1575,30,0
1576,200,0
1577,34,0
1578,28,0
1579,31,0
1580,63,1
1581,136,1
1582,42,1
1583,46,1
1584,53,1
1585,113,0
1586,47,0
1587,200,0
1588,105,1
1589,200,0
1590,149,1
1591,200,0
1592,195,0
1593,200,0
1594,186,0
1595,200,0
1596,104,0
1597,39,0
1598,52,1
1599,159,1
1600,191,1
1601,15,0
1602,72,1
1603,108,1
1604,50,0
1605,200,0
1606,66,0
1607,200,0
1608,71,1
1609,144,0
1610,36,0
1611,91,1
1612,181,1
1613,80,0
1614,80,1
1615,86,1
1616,58,0
1617,200,0
1618,98,0
1619,112,0
1620,200,0
1621,200,0
1622,177,0
1623,30,0
1624,90,1
1625,98,1
1626,151,0
1627,200,0
1628,188,0
1629,152,0
1630,130,0
1631,53,0
1632,18,0
1633,200,0
1634,59,0
1635,164,1
1636,65,0
1637,200,0
1638,200,0
1639,16,0
1640,15,0
1641,200,0
1642,200,0
1643,200,0
1644,175,0
1645,41,0
1646,200,0
1647,45,1
1648,141,0
1649,32,0
1650,160,0
1651,111,0
1652,200,0
1653,36,0
1654,10,0
1655,150,1
1656,89,0
1657,59,0
1658,66,1
1659,200,0
1660,93,0
1661,107,0
1662,11,0
1663,8,0
1664,200,0
1665,200,0
1666,25,0
1667,200,0
1668,78,0
1669,200,0
1670,81,0
1671,200,0
1672,134,0
1673,7,0
1674,187,1
1675,59,0
1676,159,0
1677,151,0
1678,167,0
1679,185,0
1680,67,1
1681,18,0
1682,86,0
1683,41,1
1684,45,0
1685,20,0
1686,61,1
1687,36,0
1688,90,0
1689,37,0
1690,200,0
1691,102,0
1692,200,0
1693,177,1
1694,188,0
1695,30,0
1696,99,0
1697,77,0
1698,29,0
1699,188,0
1700,41,0
1701,39,0
1702,50,0
1703,28,0
1704,200,0
1705,80,0
1706,122,0
1707,108,0
1708,24,0
1709,102,0
1710,101,1
1711,73,0
1712,61,0
1713,36,0
1714,136,0
1715,36,1
1716,130,0
1717,27,0
1718,114,0
1719,63,0
1720,200,0
1721,200,0
1722,17,0
1723,31,0
1724,31,0
1725,120,1
1726,151,1
1727,86,1
1728,96,0
1729,141,1
1730,145,0
1731,18,0
1732,134,0
1733,200,0
1734,55,0
1735,34,0
1736,200,0
1737,115,0
1738,200,0
1739,36,0
1740,200,0
1741,20,0
1742,103,0
1743,59,0
1744,142,1
1745,21,0
1746,72,0
1747,31,0
1748,45,0
1749,136,1
1750,31,0
1751,48,0
1752,12,0
1753,31,0
1754,108,1
1755,94,1
1756,200,0
1757,62,0
1758,28,0
1759,159,0
1760,171,0
1761,58,1
1762,104,1
1763,200,0
1764,138,1
1765,200,0
1766,84,0
1767,87,0
1768,200,0
1769,25,0
1770,152,1
1771,157,0
1772,43,0
1773,13,0
1774,142,1
1775,200,0
1776,199,1
1777,46,0
1778,107,0
1779,159,0
1780,40,0
1781,200,0
1782,200,0
1783,73,0
1784,115,1
1785,80,0
1786,67,1
1787,36,0
1788,53,1
1789,200,0
1790,200,0
1791,55,0
1792,59,1
1793,116,0
1794,24,0
1795,139,1
1796,117,0
1797,45,0
1798,200,0
1799,200,0
1800,107,0
1801,49,1
1802,200,0
1803,128,1
1804,32,0
1805,169,0
1806,37,0
1807,9,0
1808,200,0
1809,125,0
1810,124,1
1811,103,0
1812,113,0
1813,73,1
1814,61,1
1815,162,0
1816,200,0
1817,187,0
1818,44,0
1819,84,1
1820,173,1
1821,125,0
1822,69,1
1823,49,1
1824,181,1
1825,166,1
1826,117,0
1827,41,0
1828,57,1
1829,67,1
1830,124,1
1831,179,1
1832,200,0
1833,100,1
1834,78,0
1835,56,1
1836,118,0
1837,42,1
1838,19,0
1839,144,1
1840,92,0
1841,200,0
1842,75,1
1843,200,0
1844,106,0
1845,200,0
1846,200,0
1847,67,1
1848,115,1
1849,176,0
1850,173,0
1851,184,1
1852,29,0
1853,200,0
1854,128,1
1855,43,0
1856,190,1
1857,53,0
1858,151,1
1859,34,0
1860,85,0
1861,15,0
1862,62,1
1863,132,0
1864,55,1
1865,63,1
1866,200,0
1867,200,0
1868,12,0
1869,55,0
1870,128,1
1871,59,1
1872,140,1
1873,170,0
1874,200,0
1875,52,0
1876,42,0
1877,149,0
1878,102,0
1879,28,0
1880,200,0
1881,49,1
1882,89,0
1883,187,1
1884,80,1
1885,45,1
1886,136,1
1887,22,0
1888,47,1
1889,88,1
1890,129,0
1891,164,1
1892,200,0
1893,79,1
1894,200,0
1895,114,1
1896,137,1
1897,51,0
1898,200,0
1899,111,1
1900,111,0
1901,200,0
1902,195,0
1903,151,0
1904,40,0
1905,200,0
1906,200,0
1907,200,0
1908,72,0
1909,59,0
1910,22,0
1911,12,0
1912,47,0
1913,141,1
1914,60,0
1915,8,0
1916,143,0
1917,92,1
1918,200,0
1919,32,0
1920,51,0
1921,195,1
1922,175,1
1923,200,0
1924,31,0
1925,18,0
1926,120,0
1927,22,0
1928,75,0
1929,171,0
1930,200,0
1931,102,0
1932,66,0
1933,160,0
1934,63,0
1935,164,0
1936,200,0
1937,200,0
1938,12,0
1939,44,0
1940,42,0
1941,200,0
1942,35,0
1943,200,0
1944,200,0
1945,129,1
1946,7,0
1947,43,0
1948,200,0
1949,137,0
1950,39,0
1951,53,1
1952,38,0
1953,54,0
1954,8,0
1955,53,1
1956,200,0
1957,61,1
1958,63,1
1959,43,1
1960,14,0
1961,177,1
1962,26,0
1963,57,0
1964,152,1
1965,173,0
1966,132,0
1967,62,0
1968,104,0
1969,24,0
1970,45,0
1971,112,0
1972,39,0
1973,30,0
1974,85,0
1975,20,0
1976,74,1
1977,200,0
1978,128,1
1979,150,0
1980,36,1
1981,78,1
1982,200,0
1983,91,0
1984,200,0
1985,200,0
1986,23,0
1987,55,0
1988,72,1
1989,200,0
1990,183,1
1991,200,0
1992,63,0
1993,171,1
1994,30,0
1995,13,0
1996,104,1
1997,57,0
1998,200,0
1999,63,1
2000,200,0
2001,37,0
2002,25,0
2003,115,1
2004,69,0
2005,155,0
2006,88,0
2007,146,1
2008,122,1
2009,161,0
2010,49,0
2011,23,0
2012,74,1
2013,129,1
2014,90,0
2015,200,0
2016,198,1
2017,52,0
2018,61,1
2019,200,0
2020,35,0
2021,87,1
2022,113,1
2023,111,0
2024,135,0
2025,43,1
2026,95,1
2027,200,0
2028,17,0
2029,186,0
2030,57,1
2031,200,0
2032,89,0
2033,9,0
2034,200,0
2035,55,0
2036,115,0
2037,87,0
2038,200,0
2039,157,1
2040,76,1
2041,200,0
2042,67,0
2043,126,0
2044,87,0
2045,70,1
2046,37,0
2047,84,1
2048,29,0
2049,77,1
2050,59,1
2051,46,0
2052,200,0
2053,200,0
2054,115,1
2055,28,0
2056,195,1
2057,200,0
2058,200,0
2059,200,0
2060,38,0
2061,92,0
2062,42,0
2063,200,0
2064,200,0
2065,71,0
2066,36,0
2067,51,1
2068,131,1
2069,91,0
2070,111,0
2071,51,1
2072,69,1
2073,63,0
2074,75,1
2075,47,1
2076,9,0
2077,128,1
2078,35,0
2079,40,0
2080,200,0
2081,60,0
2082,52,1
2083,200,0
2084,200,0
2085,109,0
2086,154,0
2087,46,0
2088,73,0
2089,113,0
2090,171,0
2091,101,1
2092,165,1
2093,59,1
2094,200,0
2095,200,0
2096,200,0
2097,172,1
2098,36,0
2099,185,1
2100,177,1
2101,70,1
2102,200,0
2103,65,1
2104,22,0
2105,143,0
2106,48,1
2107,55,1
2108,27,0
2109,111,1
2110,13,0
2111,73,1
2112,76,0
2113,30,0
2114,37,1
2115,147,1
2116,200,0
2117,19,0
2118,120,1
2119,165,1
2120,200,0
2121,62,0
2122,128,0
2123,120,1
2124,200,0
2125,166,1
2126,67,0
2127,17,0
2128,200,0
2129,200,0
2130,200,0
2131,18,0
2132,194,1
2133,67,0
2134,155,0
2135,55,0
2136,200,0
2137,149,0
2138,200,0
2139,35,0
2140,68,0
2141,32,0
2142,200,0
2143,31,0
2144,176,1
2145,109,0
2146,200,0
2147,78,1
2148,200,0
2149,29,0
2150,116,1
2151,200,0
2152,45,1
2153,128,1
2154,107,0
2155,69,0
2156,43,0
2157,121,0
2158,18,0
2159,79,1
2160,39,0
2161,53,0
2162,194,0
2163,79,0
2164,26,1
2165,83,1
2166,58,1
2167,200,0
2168,200,0
2169,200,0
2170,73,1
2171,163,1
2172,200,0
2173,141,0
2174,58,1
2175,200,0
2176,119,0
2177,112,0
2178,158,1
2179,107,1
2180,107,1
2181,172,1
2182,176,1
2183,45,0
2184,159,0
2185,37,0
2186,110,0
2187,49,0
2188,87,0
2189,101,0
2190,29,0
2191,69,0
2192,115,1
2193,197,1
2194,169,0
2195,200,0
2196,183,0
2197,45,0
2198,146,1
2199,81,1
2200,200,0
2201,86,0
2202,115,0
2203,126,1
2204,16,0
2205,124,0
2206,101,0
2207,200,0
2208,39,0
2209,52,1
2210,146,0
2211,23,0
2212,119,1
2213,123,1
2214,186,0
2215,200,0
2216,124,0
2217,53,0
2218,98,1
2219,65,1
2220,200,0
2221,111,0
2222,96,1
2223,46,0
2224,53,0
2225,14,0
2226,200,0
2227,124,0
2228,16,0
2229,200,0
2230,200,0
2231,139,1
2232,200,0
2233,200,0
2234,99,0
2235,98,0
2236,116,1
2237,105,0
2238,41,0
2239,200,0
2240,200,0
2241,200,0
2242,56,0
2243,25,0
2244,200,0
2245,72,0
2246,46,0
2247,123,1
2248,200,0
2249,61,0
2250,106,0
2251,10,0
2252,26,0
2253,200,0
2254,200,0
2255,168,0
2256,121,0
2257,77,1
2258,59,1
2259,200,0
2260,76,0
2261,48,0
2262,43,0
2263,171,1
2264,200,0
2265,200,0
2266,200,0
2267,200,0
2268,113,0
2269,129,0
2270,176,0
2271,82,0
2272,75,1
2273,122,1
2274,22,0
2275,12,0
2276,200,0
2277,6,0
2278,42,0
2279,73,0
2280,95,1
2281,108,0
2282,122,0
2283,64,1
2284,69,1
2285,123,1
2286,200,0
2287,146,0
2288,69,0
2289,200,0
2290,137,0
2291,20,0
2292,26,0
2293,63,0
2294,131,0
2295,82,0
2296,171,1
2297,37,0
2298,178,0
2299,137,0
2300,198,1
2301,55,0
2302,26,0
2303,32,0
2304,55,0
2305,110,1
2306,154,0
2307,108,1
2308,35,0
2309,103,0
2310,54,0
2311,200,0
2312,79,0
2313,200,0
2314,200,0
2315,52,0
2316,8,0
2317,128,0
2318,49,1
2319,20,0
2320,103,1
2321,200,0
2322,37,0
2323,149,0
2324,70,0
2325,138,1
2326,200,0
2327,78,0
2328,158,0
2329,71,0
2330,85,1
2331,27,0
2332,169,0
2333,61,0
2334,26,0
2335,90,0
2336,147,0
2337,193,0
2338,151,1
2339,37,0
2340,59,0
2341,200,0
2342,200,0
2343,200,0
2344,200,0
2345,100,0
2346,45,1
2347,200,0
2348,65,0
2349,109,0
2350,200,0
2351,110,0
2352,132,1
2353,61,0
2354,57,0
2355,65,1
2356,118,1
2357,57,0
2358,148,1
2359,99,0
2360,54,0
2361,101,0
2362,130,1
2363,177,1
2364,53,0
2365,128,1
2366,200,0
2367,200,0
2368,148,1
2369,122,1
2370,80,1
2371,145,0
2372,163,0
2373,152,0
2374,48,0
2375,200,0
2376,117,1
2377,200,0
2378,34,0
2379,35,0
2380,35,0
2381,181,1
2382,200,0
2383,130,1
2384,29,0
2385,12,0
2386,200,0
2387,53,0
2388,67,0
2389,59,0
2390,106,0
2391,162,0
2392,115,1
2393,135,1
2394,142,0
2395,200,0
2396,190,0
2397,78,0
2398,100,0
2399,200,0
2400,200,0
2401,37,0
2402,118,0
2403,200,0
2404,50,1
2405,24,0
2406,71,0
2407,136,0
2408,64,0
2409,31,0
2410,49,0
2411,38,1
2412,80,1
2413,82,0
2414,152,1
2415,33,0
2416,200,0
2417,72,1
2418,36,0
2419,22,1
2420,59,0
2421,200,0
2422,106,0
2423,146,1
2424,200,0
2425,11,0
2426,130,0
2427,190,0
2428,155,0
2429,161,1
2430,200,0
2431,152,1
2432,200,0
2433,200,0
2434,98,0
2435,11,0
2436,163,1
2437,74,0
2438,94,1
2439,22,0
2440,54,0
2441,118,1
2442,58,1
2443,52,0
2444,101,0
2445,15,0
2446,200,0
2447,75,1
2448,158,0
2449,41,1
2450,162,0
2451,113,1
2452,11,0
2453,19,0
2454,83,0
2455,159,1
2456,59,0
2457,186,1
2458,146,0
2459,142,1
2460,200,0
2461,98,1
2462,50,0
2463,74,1
2464,200,0
2465,11,0
2466,50,0
2467,122,1
2468,198,0
2469,180,1
2470,146,1
2471,70,0
2472,34,0
2473,200,0
2474,200,0
2475,61,0
2476,33,0
2477,183,1
2478,130,0
2479,67,0
2480,112,0
2481,98,0
2482,48,0
2483,131,1
2484,183,1
2485,55,1
2486,63,0
2487,105,1
2488,200,0
2489,18,0
2490,84,1
2491,97,1
2492,191,0
2493,126,0
2494,200,0
2495,36,0
2496,98,0
2497,200,0
2498,123,0
2499,148,1
2500,66,1
2501,176,1
2502,30,0
2503,128,1
2504,150,1
2505,21,0
2506,147,1
2507,200,0
2508,42,0
2509,200,0
2510,133,1
2511,100,0
2512,81,0
2513,200,0
2514,200,0
2515,200,0
2516,33,0
2517,200,0
2518,200,0
2519,200,0
2520,200,0
2521,112,0
2522,82,1
2523,187,0
2524,61,0
2525,200,0
2526,127,1
2527,152,1
2528,99,0
2529,98,0
2530,39,0
2531,39,0
2532,62,1
2533,15,0
2534,100,0
2535,26,0
2536,113,1
2537,166,1
2538,13,0
2539,31,0
2540,21,0
2541,66,0
2542,63,1
2543,157,1
2544,138,0
2545,21,0
2546,200,0
2547,115,0
2548,113,1
2549,200,0
2550,200,0
2551,200,0
2552,150,1
2553,110,1
2554,191,1
2555,200,0
2556,30,0
2557,11,0
2558,85,1
2559,70,1
2560,64,0
2561,43,0
2562,200,0
2563,139,0
2564,59,0
2565,56,1
2566,170,0
2567,97,1
2568,54,1
2569,101,1
2570,30,0
2571,42,0
2572,117,0
2573,164,1
2574,200,0
2575,83,0
2576,171,1
2577,103,0
2578,89,0
2579,57,1
2580,58,0
2581,15,0
2582,200,0
2583,200,0
2584,200,0
2585,63,1
2586,104,1
2587,103,0
2588,36,0
2589,47,0
2590,95,1
2591,173,0
2592,200,0
2593,78,0
2594,200,0
2595,146,1
2596,40,0
2597,120,0
2598,56,0
2599,141,0
2600,200,0
2601,88,1
2602,148,0
2603,156,0
2604,117,1
2605,36,0
2606,99,0
2607,87,1
2608,200,0
2609,200,0
2610,114,0
2611,200,0
2612,47,1
2613,94,1
2614,62,0
2615,120,1
2616,16,0
2617,112,1
2618,200,0
2619,13,0
2620,17,0
2621,56,0
2622,200,0
2623,88,0
2624,183,1
2625,168,1
2626,75,1
2627,132,0
2628,114,0
2629,20,0
2630,200,0
2631,65,0
2632,44,0
2633,94,0
2634,147,1
2635,187,0
2636,125,1
2637,66,0
2638,164,0
2639,83,0
2640,200,0
2641,176,1
2642,143,0
2643,130,0
2644,48,0
2645,120,0
2646,85,1
2647,200,0
2648,13,0
2649,185,0
2650,82,0
2651,153,1
2652,45,0
2653,198,0
2654,164,0
2655,200,0
2656,148,0
2657,79,0
2658,200,0
2659,49,1
2660,140,0
2661,22,0
2662,100,0
2663,53,0
2664,61,1
2665,104,0
2666,14,0
2667,94,1
2668,200,0
2669,160,1
2670,78,0
2671,43,0
2672,195,1
2673,27,0
2674,53,1
2675,127,0
2676,102,1
2677,47,1
2678,44,1
2679,98,0
2680,175,0
2681,47,0
2682,78,1
2683,58,0
2684,66,1
2685,43,0
2686,30,1
2687,200,0
2688,33,0
2689,29,0
2690,93,1
2691,125,1
2692,189,0
2693,151,1
2694,107,1
2695,180,0
2696,140,0
2697,200,0
2698,54,0
2699,118,0
2700,104,0
2701,200,0
2702,34,0
2703,50,0
2704,200,1
2705,121,0
2706,95,0
2707,106,0
2708,93,1
2709,130,0
2710,62,1
2711,200,0
2712,86,0
2713,200,0
2714,102,1
2715,13,0
2716,68,0
2717,72,0
2718,200,0
2719,71,0
2720,194,1
2721,132,1
2722,46,0
2723,76,0
2724,106,0
2725,200,0
2726,34,0
2727,200,0
2728,200,0
2729,148,0
2730,97,0
2731,200,0
2732,60,0
2733,103,0
2734,31,0
2735,200,0
2736,59,1
2737,92,0
2738,200,0
2739,50,1
2740,200,0
2741,58,0
2742,42,0
2743,120,1
2744,29,0
2745,200,0
2746,200,0
2747,41,0
2748,101,0
2749,157,0
2750,34,0
2751,106,1
2752,200,0
2753,23,0
2754,14,0
2755,23,0
2756,200,0
2757,30,0
2758,33,1
2759,200,0
2760,101,0
2761,65,0
2762,200,0
2763,32,0
2764,46,1
2765,101,1
2766,86,1
2767,7,0
2768,102,0
2769,64,0
2770,130,0
2771,83,1
2772,132,1
2773,66,0
2774,95,1
2775,125,1
2776,200,0
2777,14,0
2778,157,0
2779,45,1
2780,99,1
2781,56,0
2782,200,0
2783,193,0
2784,71,0
2785,114,0
2786,139,1
2787,67,1
2788,104,1
2789,21,0
2790,200,0
2791,96,1
2792,200,0
2793,65,0
2794,108,0
2795,65,0
2796,177,0
2797,95,1
2798,114,1
2799,60,0
2800,107,1
2801,191,0
2802,64,1
2803,143,1
2804,200,0
2805,90,0
2806,29,0
2807,129,0
2808,78,0
2809,172,1
2810,190,1
2811,79,0
2812,168,1
2813,200,0
2814,112,1
2815,56,0
2816,63,1
2817,76,1
2818,41,0
2819,200,0
2820,61,1
2821,47,1
2822,39,0
2823,55,1
2824,83,1
2825,41,0
2826,196,1
2827,51,1
2828,140,1
2829,41,0
2830,146,1
2831,114,0
2832,191,0
2833,30,1
2834,81,1
2835,46,1
2836,200,0
2837,184,1
2838,200,0
2839,170,1
2840,136,0
2841,43,0
2842,60,0
2843,135,1
2844,127,0
2845,195,1
2846,12,0
2847,200,0
2848,172,1
2849,51,0
2850,92,1
2851,200,0
2852,200,0
2853,28,0
2854,24,0
2855,200,0
2856,80,1
2857,126,0
2858,200,0
2859,37,0
2860,52,1
2861,28,0
2862,200,0
2863,138,1
2864,107,0
2865,44,0
2866,98,0
2867,200,0
2868,200,0
2869,200,0
2870,181,0
2871,94,0
2872,114,0
2873,40,1
2874,40,0
2875,138,0
2876,120,1
2877,129,1
2878,55,1
2879,121,1
2880,196,1
2881,131,1
2882,106,1
2883,200,0
2884,59,1
2885,88,0
2886,64,1
2887,84,1
2888,133,1
2889,31,1
2890,200,0
2891,97,0
2892,115,1
2893,54,1
2894,98,1
2895,200,0
2896,29,0
2897,45,0
2898,150,1
2899,57,0
2900,34,0
2901,200,0
2902,37,1
2903,42,1
2904,182,1
2905,93,0
2906,91,0
2907,9,0
2908,59,0
2909,104,1
2910,81,1
2911,176,0
2912,200,0
2913,163,0
2914,200,0
2915,135,1
2916,47,0
2917,59,1
2918,200,0
2919,57,1
2920,51,1
2921,197,1
2922,116,1
2923,200,0
2924,106,0
2925,82,1
2926,79,0
2927,162,0
2928,200,0
2929,200,0
2930,200,0
2931,200,0
2932,159,0
2933,21,0
2934,59,0
2935,200,0
2936,200,0
2937,19,0
2938,22,0
2939,53,0
2940,185,1
2941,51,1
2942,26,0
2943,43,1
2944,29,0
2945,59,1
2946,93,0
2947,70,0
2948,62,1
2949,200,0
2950,140,0
2951,124,1
2952,24,0
2953,166,0
2954,51,1
2955,200,0
2956,197,0
2957,19,0
2958,142,0
2959,134,0
2960,9,0
2961,84,0
2962,127,1
2963,153,1
2964,122,0
2965,60,0
2966,104,0
2967,108,1
2968,43,1
2969,28,0
2970,147,0
2971,46,0
2972,34,0
2973,32,1
2974,125,1
2975,200,0
2976,200,0
2977,122,1
2978,66,0
2979,63,1
2980,72,0
2981,200,0
2982,46,0
2983,200,0
2984,34,0
2985,200,0
2986,20,0
2987,25,0
2988,105,1
2989,34,0
2990,158,0
2991,25,0
2992,29,0
2993,89,1
2994,76,0
2995,200,0
2996,165,0
2997,130,1
2998,112,0
2999,123,1
3000,116,0
3001,36,0
3002,159,1
3003,200,0
3004,75,0
3005,120,0
3006,56,0
3007,104,1
3008,64,1
3009,89,1
3010,46,1
3011,148,0
3012,54,1
3013,37,1
3014,95,1
3015,43,0
3016,200,0
3017,50,0
3018,95,0
3019,48,1
3020,200,0
3021,200,0
3022,125,1
3023,200,0
3024,64,0
3025,179,0
3026,200,0
3027,40,0
3028,38,0
3029,200,0
3030,79,0
3031,21,0
3032,83,0
3033,74,1
3034,105,1
3035,200,0
3036,52,1
3037,113,1
3038,200,0
3039,146,0
3040,28,0
3041,43,0
3042,77,1
3043,200,0
3044,16,0
3045,200,0
3046,171,1
3047,78,1
3048,200,0
3049,130,0
3050,200,0
3051,200,0
3052,200,0
3053,16,0
3054,138,0
3055,47,0
3056,144,0
3057,200,0
3058,200,0
3059,140,1
3060,54,1
3061,117,0
3062,190,1
3063,91,1
3064,200,0
3065,200,0
3066,149,0
3067,110,1
3068,94,0
3069,81,0
3070,57,0
3071,83,1
3072,37,0
3073,12,0
3074,108,0
3075,200,0
3076,42,0
3077,38,0
3078,71,1
3079,27,0
3080,20,0
3081,100,1
3082,100,0
3083,200,0
3084,163,1
3085,113,1
3086,200,0
3087,115,1
3088,200,0
3089,178,0
3090,17,0
3091,21,0
3092,167,0
3093,200,0
3094,162,0
3095,23,0
3096,84,1
3097,53,1
3098,99,0
3099,37,0
3100,200,0
3101,123,1
3102,107,0
3103,93,1
3104,48,0
3105,200,0
3106,191,1
3107,15,0
3108,200,0
3109,15,0
3110,47,0
3111,197,1
3112,180,0
3113,88,1
3114,16,0
3115,101,0
3116,94,0
3117,42,0
3118,185,0
3119,87,0
3120,200,0
3121,81,1
3122,116,1
3123,89,1
3124,53,0
3125,61,1
3126,52,0
3127,200,0
3128,94,1
3129,169,0
3130,65,0
3131,129,1
3132,60,0
3133,125,0
3134,59,1
3135,110,1
3136,132,0
3137,153,0
3138,200,0
3139,50,0
3140,135,0
3141,96,1
3142,34,1
3143,200,0
3144,120,0
3145,105,0
3146,47,1
3147,200,0
3148,186,0
3149,76,0
3150,155,0
3151,156,1
3152,136,1
3153,99,0
3154,200,0
3155,101,1
3156,37,0
3157,153,1
3158,63,1
3159,200,0
3160,74,0
3161,27,0
3162,149,1
3163,143,1
3164,121,0
3165,156,1
3166,114,1
3167,48,0
3168,200,0
3169,200,0
3170,56,0
3171,49,0
3172,34,0
3173,57,0
3174,29,0
3175,200,0
3176,114,1
3177,157,1
3178,52,1
3179,64,0
3180,61,0
3181,180,0
3182,200,0
3183,24,0
3184,159,1
3185,20,0
3186,106,1
3187,19,0
3188,102,1
3189,58,1
3190,200,0
3191,200,0
3192,174,1
3193,123,1
3194,55,0
3195,17,0
3196,27,0
3197,200,0
3198,200,0
3199,26,0
3200,53,0
3201,200,0
3202,200,0
3203,184,1
3204,112,1
3205,200,0
3206,54,0
3207,200,0
3208,177,0
3209,148,1
3210,32,0
3211,200,0
3212,200,0
3213,200,0
3214,57,0
3215,78,0
3216,38,0
3217,105,1
3218,53,0
3219,40,0
3220,57,0
3221,58,0
3222,200,0
3223,27,1
3224,200,0
3225,97,0
3226,133,1
3227,29,1
3228,19,0
3229,27,0
3230,102,0
3231,47,0
3232,18,0
3233,41,0
3234,167,0
3235,145,1
3236,111,1
3237,200,0
3238,7,0
3239,200,0
3240,181,0
3241,86,1
3242,200,0
3243,97,1
3244,200,0
3245,179,1
3246,200,0
3247,149,0
3248,77,0
3249,191,1
3250,27,0
3251,142,0
3252,126,1
3253,88,0
3254,61,1
3255,66,0
3256,185,1
3257,194,0
3258,31,0
3259,22,0
3260,106,0
3261,200,0
3262,45,0
3263,200,0
3264,46,0
3265,172,1
3266,37,0
3267,84,0
3268,98,1
3269,31,0
3270,14,0
3271,200,0
3272,158,1
3273,200,0
3274,168,1
3275,82,1
3276,57,1
3277,61,0
3278,152,0
3279,92,1
3280,82,0
3281,133,0
3282,26,0
3283,200,0
3284,200,0
3285,121,1
3286,105,1
3287,16,0
3288,151,0
3289,200,0
3290,85,1
3291,83,1
3292,52,1
3293,200,0
3294,200,0
3295,45,0
3296,188,0
3297,106,0
3298,200,0
3299,100,0
3300,45,0
3301,146,0
3302,155,1
3303,200,0
3304,105,0
3305,45,0
3306,200,0
3307,153,0
3308,153,0
3309,170,0
3310,200,0
3311,124,0
3312,12,0
3313,200,0
3314,37,0
3315,53,0
3316,13,0
3317,17,0
3318,200,0
3319,38,0
3320,157,0
3321,56,1
3322,14,0
3323,200,0
3324,197,1
3325,98,1
3326,200,0
3327,10,0
3328,61,1
3329,200,0
3330,32,0
3331,121,1
3332,113,1
3333,55,1
3334,192,1
3335,200,0
3336,86,1
3337,105,0
3338,23,0
3339,14,0
3340,135,1
3341,99,1
3342,36,0
3343,82,0
3344,200,0
3345,32,0
3346,147,1
3347,200,0
3348,81,1
3349,23,0
3350,197,1
3351,200,0
3352,200,0
3353,96,1
3354,67,1
3355,76,0
3356,83,0
3357,93,0
3358,177,1
3359,116,1
3360,197,1
3361,114,0
3362,126,1
3363,102,0
3364,144,1
3365,124,0
3366,89,1
3367,53,1
3368,200,0
3369,179,1
3370,47,0
3371,169,0
3372,148,0
3373,200,0
3374,80,0
3375,66,1
3376,65,1
3377,164,0
3378,82,0
3379,157,1
3380,200,0
3381,107,0
3382,136,0
3383,122,0
3384,73,0
3385,161,1
3386,185,1
3387,41,1
3388,118,1
3389,179,0
3390,200,0
3391,42,0
3392,154,0
3393,59,0
3394,75,0
3395,54,0
3396,104,1
3397,179,1
3398,53,0
3399,54,1
3400,99,1
3401,200,0
3402,94,1
3403,53,1
3404,147,1
3405,84,0
3406,72,1
3407,63,1
3408,90,1
3409,73,1
3410,155,0
3411,40,1
3412,200,0
3413,40,0
3414,60,0
3415,200,0
3416,42,1
3417,200,0
3418,190,0
3419,200,0
3420,80,1
3421,53,0
3422,200,0
3423,47,0
3424,34,0
3425,25,0
3426,86,1
3427,200,0
3428,200,0
3429,177,0
3430,96,0
3431,197,0
3432,200,0
3433,55,0
3434,200,0
3435,200,0
3436,9,0
3437,71,1
3438,73,0
3439,93,0
3440,165,1
3441,84,0
3442,143,0
3443,91,0
3444,105,1
3445,64,1
3446,65,1
3447,29,1
3448,98,1
3449,76,0
3450,81,1
3451,44,1
3452,99,1
3453,28,0
3454,63,1
3455,80,1
3456,85,1
3457,132,1
3458,37,0
3459,46,1
3460,132,1
3461,70,0
3462,58,0
3463,75,1
3464,41,1
3465,123,1
3466,200,0
3467,181,1
3468,80,1
3469,154,1
3470,174,0
3471,200,0
3472,52,0
3473,200,0
3474,170,0
3475,142,1
3476,16,0
3477,68,1
3478,163,1
3479,78,1
3480,200,0
3481,200,0
3482,154,0
3483,164,0
3484,200,0
3485,73,0
3486,143,1
3487,54,1
3488,110,1
3489,142,1
3490,200,0
3491,110,0
3492,200,0
3493,84,1
3494,85,0
3495,134,1
3496,200,0
3497,74,1
3498,69,1
3499,200,0
3500,73,1
3501,50,1
3502,200,0
3503,39,0
3504,142,1
3505,17,0
3506,64,0
3507,200,0
3508,186,0
3509,74,1
3510,85,0
3511,200,0
3512,168,1
3513,85,1
3514,105,0
3515,200,0
3516,142,0
3517,82,1
3518,29,0
3519,82,0
3520,200,0
3521,200,0
3522,200,0
3523,184,1
3524,76,0
3525,200,0
3526,43,0
3527,200,0
3528,142,1
3529,97,0
3530,149,1
3531,42,0
3532,59,1
3533,79,0
3534,44,0
3535,75,0
3536,70,0
3537,65,1
3538,37,0
3539,200,0
3540,200,0
3541,200,0
3542,173,0
3543,18,0
3544,25,0
3545,23,0
3546,200,0
3547,184,0
3548,56,0
3549,110,1
3550,63,0
3551,198,1
3552,118,1
3553,66,0
3554,110,0
3555,56,0
3556,130,1
3557,114,1
3558,200,0
3559,40,1
3560,149,1
3561,174,1
3562,200,0
3563,36,0
3564,55,1
3565,110,0
3566,99,1
3567,47,1
3568,98,1
3569,79,1
3570,200,0
3571,11,0
3572,104,1
3573,197,1
3574,200,0
3575,76,0
3576,200,0
3577,116,1
3578,56,0
3579,72,0
3580,81,0
3581,149,1
3582,191,1
3583,98,0
3584,76,0
3585,125,0
3586,122,1
3587,200,0
3588,200,0
3589,26,0
3590,121,1
3591,45,0
3592,121,0
3593,200,0
3594,53,0
3595,200,0
3596,79,1
3597,37,0
3598,200,0
3599,200,0
3600,200,0
3601,134,1
3602,13,0
3603,200,0
3604,107,1
3605,85,1
3606,119,1
3607,200,0
3608,99,1
3609,36,1
3610,57,1
3611,16,0
3612,49,0
3613,200,0
3614,55,1
3615,200,0
3616,30,0
3617,60,0
3618,150,0
3619,49,1
3620,40,0
3621,64,0
3622,149,0
3623,149,0
3624,128,1
3625,200,0
3626,200,0
3627,200,0
3628,190,1
3629,200,0
3630,18,0
3631,36,0
3632,54,0
3633,143,0
3634,98,0
3635,152,0
3636,31,0
3637,51,0
3638,175,1
3639,200,0
3640,200,0
3641,23,0
3642,116,1
3643,75,0
3644,72,1
3645,93,1
3646,44,0
3647,57,0
3648,79,1
3649,200,0
3650,92,0
3651,107,1
3652,46,0
3653,156,1
3654,186,1
3655,100,0
3656,150,0
3657,86,1
3658,67,1
3659,115,0
3660,69,1
3661,159,1
3662,43,1
3663,47,0
3664,125,1
3665,200,0
3666,117,1
3667,100,1
3668,130,1
3669,97,1
3670,56,1
3671,40,0
3672,175,1
3673,61,1
3674,180,1
3675,46,1
3676,73,0
3677,150,0
3678,200,0
3679,200,1
3680,144,1
3681,149,1
3682,10,0
3683,125,0
3684,89,1
3685,38,0
3686,200,0
3687,200,0
3688,42,1
3689,122,1
3690,83,0
3691,200,0
3692,200,0
3693,200,0
3694,131,1
3695,156,1
3696,82,0
3697,200,0
3698,51,0
3699,91,0
3700,183,1
3701,143,1
3702,200,0
3703,127,1
3704,112,1
3705,131,0
3706,44,1
3707,200,0
3708,200,0
3709,119,1
3710,200,0
3711,128,1
3712,46,0
3713,200,0
3714,109,1
3715,153,1
3716,16,0
3717,148,0
3718,200,0
3719,200,0
3720,119,0
3721,49,0
3722,200,0
3723,52,0
3724,200,0
3725,109,0
3726,195,0
3727,200,0
3728,152,1
3729,126,0
3730,22,0
3731,200,0
3732,200,0
3733,88,0
3734,112,1
3735,165,1
3736,82,1
3737,143,1
3738,21,0
3739,200,0
3740,140,0
3741,200,0
3742,65,1
3743,168,1
3744,200,0
3745,200,0
3746,200,0
3747,175,1
3748,42,0
3749,135,0
3750,200,0
3751,78,1
3752,69,0
3753,187,1
3754,39,0
3755,110,1
3756,32,0
3757,66,1
3758,88,0
3759,29,0
3760,40,0
3761,200,0
3762,34,0
3763,107,0
3764,40,0
3765,113,1
3766,92,0
3767,51,0
3768,147,1
3769,30,1
3770,162,1
3771,73,1
3772,115,1
3773,200,0
3774,157,1
3775,44,0
3776,22,0
3777,105,1
3778,118,1
3779,141,1
3780,142,1
3781,89,1
3782,200,0
3783,52,0
3784,119,1
3785,83,1
3786,160,1
3787,55,1
3788,102,0
3789,200,0
3790,152,1
3791,53,1
3792,77,1
3793,200,0
3794,54,0
3795,91,1
3796,171,1
3797,197,1
3798,200,0
3799,27,0
3800,78,1
3801,68,1
3802,51,1
3803,58,0
3804,45,1
3805,200,0
3806,59,1
3807,111,0
3808,92,1
3809,200,0
3810,137,0
3811,65,0
3812,21,0
3813,200,0
3814,162,0
3815,185,0
3816,200,0
3817,36,0
3818,200,0
3819,109,1
3820,81,1
3821,62,1
3822,36,0
3823,19,0
3824,168,0
3825,200,0
3826,156,1
3827,200,0
3828,123,0
3829,200,0
3830,120,1
3831,19,0
3832,79,0
3833,42,0
3834,152,1
3835,190,1
3836,26,0
3837,200,0
3838,64,0
3839,33,0
3840,200,0
3841,200,0
3842,200,0
3843,200,0
3844,200,0
3845,92,1
3846,200,0
3847,158,1
3848,33,0
3849,76,0
3850,61,0
3851,200,0
3852,85,1
3853,71,1
3854,65,0
3855,200,0
3856,200,0
3857,40,0
3858,76,1
3859,49,0
3860,90,0
3861,146,0
3862,102,0
3863,200,0
3864,182,1
3865,82,1
3866,39,0
3867,200,0
3868,154,1
3869,38,0
3870,105,0
3871,10,0
3872,200,0
3873,143,0
3874,200,0
3875,58,0
3876,200,0
3877,166,0
3878,24,0
3879,85,0
3880,77,1
3881,200,0
3882,200,0
3883,128,0
3884,51,0
3885,200,0
3886,67,0
3887,56,0
3888,140,1
3889,58,1
3890,73,1
3891,134,1
3892,200,0
3893,148,0
3894,102,0
3895,78,1
3896,88,1
3897,16,0
3898,200,0
3899,8,0
3900,13,0
3901,104,0
3902,200,0
3903,200,0
3904,23,0
3905,200,0
3906,34,0
3907,30,0
3908,113,1
3909,20,0
3910,179,0
3911,52,0
3912,200,0
3913,61,0
3914,200,0
3915,200,0
3916,200,0
3917,125,0
3918,200,0
3919,200,0
3920,100,0
3921,154,1
3922,18,0
3923,200,0
3924,21,0
3925,35,0
3926,67,0
3927,145,1
3928,34,0
3929,200,0
3930,200,0
3931,43,0
3932,197,1
3933,33,0
3934,150,1
3935,22,0
3936,82,0
3937,28,0
3938,36,0
3939,47,0
3940,76,1
3941,137,1
3942,126,0
3943,31,1
3944,80,1
3945,50,0
3946,169,1
3947,138,1
3948,78,0
3949,172,1
3950,200,0
3951,143,0
3952,11,0
3953,15,0
3954,102,1
3955,109,0
3956,200,0
3957,80,0
3958,59,1
3959,200,0
3960,29,0
3961,200,0
3962,200,0
3963,181,1
3964,200,0
3965,76,1
3966,76,1
3967,154,0
3968,200,0
3969,113,1
3970,37,0
3971,102,1
3972,132,0
3973,170,1
3974,200,0
3975,82,0
3976,200,0
3977,200,0
3978,36,0
3979,54,0
3980,64,0
3981,64,0
3982,171,1
3983,53,0
3984,167,1
3985,64,0
3986,126,0
3987,16,0
3988,95,0
3989,200,0
3990,200,0
3991,99,1
3992,200,0
3993,188,1
3994,55,1
3995,22,0
3996,200,0
3997,25,0
3998,89,1
3999,69,0
4000,21,0
4001,117,0
4002,72,1
4003,82,1
4004,64,1
4005,200,0
4006,166,1
4007,122,1
4008,183,0
4009,92,1
4010,200,0
4011,69,0
4012,124,0
4013,54,0
4014,183,1
4015,160,1
4016,47,0
4017,200,0
4018,160,0
4019,153,0
4020,200,0
4021,107,0
4022,197,1
4023,54,1
4024,151,0
4025,200,0
4026,117,0
4027,102,1
4028,54,0
4029,200,0
4030,73,0
4031,127,0
4032,151,1
4033,96,1
4034,65,0
4035,200,0
4036,200,0
4037,200,0
4038,64,1
4039,47,0
4040,43,0
4041,104,1
4042,38,0
4043,189,1
4044,100,0
4045,131,1
4046,78,0
4047,42,0
4048,84,0
4049,106,0
4050,89,0
4051,57,0
4052,57,1
4053,27,1
4054,47,1
4055,101,0
4056,46,1
4057,40,0
4058,149,1
4059,168,1
4060,101,1
4061,88,0
4062,164,1
4063,122,1
4064,40,1
4065,54,0
4066,72,1
4067,200,0
4068,119,1
4069,130,1
4070,77,1
4071,99,0
4072,200,0
4073,101,1
4074,91,1
4075,112,0
4076,22,0
4077,107,0
4078,144,1
4079,166,1
4080,71,1
4081,157,1
4082,82,0
4083,95,1
4084,200,0
4085,44,1
4086,106,0
4087,73,1
4088,106,1
4089,21,0
4090,200,0
4091,200,0
4092,89,1
4093,74,0
4094,141,0
4095,200,0
4096,192,1
4097,146,1
4098,120,0
4099,197,1
4100,72,0
4101,14,0
4102,200,0
4103,200,0
4104,116,0
4105,16,0
4106,19,0
4107,29,0
4108,200,0
4109,145,1
4110,177,1
4111,57,0
4112,48,0
4113,139,1
4114,200,0
4115,200,0
4116,148,1
4117,42,0
4118,170,1
4119,68,0
4120,110,1
4121,135,1
4122,174,1
4123,125,1
4124,108,0
4125,106,0
4126,42,0
4127,200,0
4128,200,0
4129,141,0
4130,91,1
4131,134,1
4132,200,0
4133,160,0
4134,62,0
4135,104,1
4136,200,0
4137,24,0
4138,108,0
4139,200,0
4140,50,0
4141,76,0
4142,14,0
4143,74,0
4144,86,1
4145,200,0
4146,143,1
4147,57,1
4148,16,0
4149,63,1
4150,200,0
4151,105,0
4152,55,0
4153,85,0
4154,78,0
4155,200,0
4156,200,0
4157,200,0
4158,63,0
4159,92,1
4160,190,1
4161,84,0
4162,67,1
4163,75,1
4164,38,0
4165,24,0
4166,91,1
4167,142,0
4168,122,1
4169,151,1
4170,200,0
4171,169,0
4172,95,0
4173,200,0
4174,161,0
4175,200,0
4176,72,1
4177,130,1
4178,200,0
4179,200,0
4180,128,1
4181,94,1
4182,52,1
4183,159,0
4184,63,1
4185,200,0
4186,127,1
4187,7,0
4188,159,1
4189,200,0
4190,102,0
4191,13,0
4192,189,1
4193,198,1
4194,67,1
4195,94,0
4196,83,1
4197,114,0
4198,91,0
4199,200,0
4200,111,1
4201,69,0
4202,51,0
4203,200,0
4204,200,0
4205,200,0
4206,6,0
4207,64,1
4208,130,0
4209,112,1
4210,200,0
4211,123,0
4212,46,1
4213,112,1
4214,56,0
4215,156,0
4216,161,0
4217,25,1
4218,32,0
4219,155,0
4220,200,0
4221,86,1
4222,85,0
4223,145,0
4224,32,0
4225,66,0
4226,94,1
4227,17,0
4228,80,0
4229,114,1
4230,50,1
4231,108,1
4232,67,1
4233,17,0
4234,54,0
4235,51,1
4236,107,1
4237,55,0
4238,20,0
4239,26,0
4240,8,0
4241,172,0
4242,113,1
4243,200,0
4244,161,0
4245,22,0
4246,200,0
4247,200,0
4248,119,0
4249,200,0
4250,98,1
4251,139,1
4252,129,1
4253,126,0
4254,200,0
4255,14,0
4256,55,0
4257,200,0
4258,66,1
4259,24,0
4260,50,0
4261,200,0
4262,200,0
4263,11,0
4264,52,0
4265,177,0
4266,31,0
4267,107,0
4268,27,0
4269,200,0
4270,136,1
4271,121,1
4272,200,0
4273,131,1
4274,200,0
4275,200,0
4276,111,1
4277,192,1
4278,64,0
4279,95,1
4280,76,1
4281,144,1
4282,200,0
4283,147,1
4284,94,1
4285,28,0
4286,42,1
4287,200,0
4288,68,1
4289,81,0
4290,179,0
4291,200,0
4292,200,0
4293,200,0
4294,200,0
4295,138,1
4296,27,0
4297,10,0
4298,146,0
4299,62,1
4300,37,0
4301,200,0
4302,160,1
4303,157,0
4304,200,0
4305,158,0
4306,42,1
4307,87,1
4308,29,0
4309,141,1
4310,19,0
4311,142,1
4312,25,0
4313,154,1
4314,135,1
4315,50,1
4316,158,1
4317,200,0
4318,95,0
4319,200,0
4320,126,1
4321,148,0
4322,61,1
4323,136,1
4324,134,0
4325,200,0
4326,116,1
4327,162,1
4328,63,1
4329,110,1
4330,139,1
4331,200,0
4332,60,0
4333,64,0
4334,190,1
4335,124,1
4336,104,0
4337,35,0
4338,200,0
4339,108,1
4340,35,0
4341,73,0
4342,161,1
4343,92,1
4344,200,0
4345,59,1
4346,55,1
4347,152,0
4348,200,0
4349,73,0
4350,98,1
4351,138,0
4352,75,1
4353,78,0
4354,135,0
4355,28,0
4356,200,0
4357,200,0
4358,200,0
4359,200,0
4360,200,0
4361,196,1
4362,53,0
4363,174,1
4364,200,0
4365,200,0
4366,95,1
4367,53,0
4368,112,1
4369,121,0
4370,200,0
4371,35,1
4372,108,1
4373,55,1
4374,123,1
4375,134,0
4376,178,1
4377,130,0
4378,94,0
4379,128,1
4380,188,1
4381,107,0
4382,198,0
4383,121,0
4384,112,1
4385,151,1
4386,113,1
4387,110,1
4388,105,1
4389,137,0
4390,120,0
4391,64,1
4392,115,0
4393,13,0
4394,30,0
4395,61,0
4396,106,1
4397,200,0
4398,45,0
4399,37,0
4400,108,1
4401,30,0
4402,82,0
4403,200,0
4404,200,0
4405,108,1
4406,101,1
4407,93,1
4408,23,0
4409,37,0
4410,200,0
4411,32,1
4412,200,0
4413,168,1
4414,34,0
4415,41,0
4416,60,0
4417,39,0
4418,59,0
4419,21,0
4420,70,1
4421,134,1
4422,35,0
4423,36,1
4424,198,0
4425,200,0
4426,23,0
4427,109,1
4428,33,0
4429,161,0
4430,200,0
4431,200,0
4432,144,1
4433,130,1
4434,200,0
4435,112,0
4436,200,0
4437,54,0
4438,200,0
4439,20,0
4440,186,1
4441,200,0
4442,124,1
4443,52,0
4444,23,0
4445,200,1
4446,190,1
4447,109,1
4448,40,0
4449,198,0
4450,15,0
4451,60,0
4452,200,0
4453,87,0
4454,200,0
4455,114,1
4456,188,1
4457,107,0
4458,190,0
4459,78,0
4460,200,0
4461,148,1
4462,116,0
4463,156,0
4464,200,0
4465,200,0
4466,113,1
4467,36,0
4468,112,0
4469,36,0
4470,105,0
4471,44,0
4472,63,1
4473,119,0
4474,111,1
4475,32,0
4476,106,1
4477,200,0
4478,87,1
4479,49,1
4480,63,1
4481,200,0
4482,180,1
4483,200,0
4484,152,1
4485,154,1
4486,131,1
4487,81,1
4488,181,1
4489,88,0
4490,35,0
4491,163,1
4492,59,0
4493,85,0
4494,107,0
4495,159,1
4496,99,0
4497,117,1
4498,14,0
4499,200,0
4500,59,0
4501,168,0
4502,100,0
4503,39,1
4504,17,0
4505,110,0
4506,200,0
4507,76,0
4508,60,1
4509,79,0
4510,141,1
4511,200,0
4512,200,0
4513,59,0
4514,200,0
4515,64,1
4516,11,0
4517,90,0
4518,200,0
4519,61,1
4520,50,1
4521,200,0
4522,88,1
4523,200,0
4524,200,0
4525,88,1
4526,77,0
4527,152,1
4528,200,0
4529,51,0
4530,200,0
4531,59,0
4532,200,0
4533,200,0
4534,95,0
4535,14,0
4536,200,0
4537,69,0
4538,200,0
4539,200,0
4540,101,0
4541,83,0
4542,97,1
4543,117,0
4544,103,0
4545,144,0
4546,200,0
4547,166,1
4548,29,0
4549,85,0
4550,14,0
4551,106,0
4552,98,1
4553,106,0
4554,105,0
4555,30,0
4556,200,0
4557,200,0
4558,200,0
4559,74,0
4560,33,0
4561,118,1
4562,200,0
4563,111,1
4564,21,0
4565,200,0
4566,58,0
4567,37,1
4568,148,1
4569,36,0
4570,61,0
4571,46,0
4572,77,1
4573,44,0
4574,93,1
4575,200,0
4576,150,1
4577,73,0
4578,48,0
4579,122,0
4580,158,1
4581,155,0
4582,25,0
4583,35,0
4584,33,0
4585,181,0
4586,58,0
4587,166,1
4588,200,0
4589,164,1
4590,133,1
4591,146,1
4592,66,0
4593,35,0
4594,107,0
4595,92,1
4596,126,1
4597,92,1
4598,130,0
4599,104,0
4600,200,0
4601,49,1
4602,107,1
4603,173,1
4604,200,0
4605,200,0
4606,22,0
4607,80,0
4608,140,0
4609,200,0
4610,152,1
4611,159,0
4612,62,0
4613,200,0
4614,70,1
4615,33,1
4616,174,1
4617,165,0
4618,25,0
4619,44,0
4620,138,1
4621,60,1
4622,102,1
4623,118,1
4624,112,1
4625,169,1
4626,71,1
4627,152,1
4628,38,0
4629,35,1
4630,81,0
4631,200,0
4632,52,0
4633,152,1
4634,75,1
4635,77,1
4636,200,0
4637,121,1
4638,200,0
4639,136,1
4640,73,0
4641,128,0
4642,170,1
4643,200,0
4644,20,0
4645,101,0
4646,200,0
4647,45,0
4648,50,0
4649,189,0
4650,116,1
4651,101,1
4652,12,0
4653,150,1
4654,191,1
4655,51,0
4656,71,0
4657,70,1
4658,200,1
4659,120,1
4660,180,1
4661,141,1
4662,16,0
4663,31,0
4664,125,1
4665,44,1
4666,72,0
4667,149,1
4668,190,1
4669,121,0
4670,78,1
4671,139,1
4672,101,1
4673,23,0
4674,182,0
4675,200,0
4676,200,0
4677,38,1
4678,200,0
4679,44,1
4680,200,0
4681,180,1
4682,200,0
4683,130,1
4684,30,0
4685,102,0
4686,200,0
4687,16,0
4688,200,0
4689,75,0
4690,200,0
4691,178,1
4692,200,0
4693,200,0
4694,194,1
4695,69,1
4696,200,0
4697,200,0
4698,200,0
4699,156,1
4700,111,1
4701,132,1
4702,40,0
4703,55,1
4704,118,0
4705,200,0
4706,77,1
4707,180,1
4708,111,0
4709,40,0
4710,130,1
4711,200,0
4712,145,1
4713,70,1
4714,172,1
4715,32,0
4716,74,0
4717,200,0
4718,200,0
4719,116,1
4720,27,0
4721,200,0
4722,141,1
4723,200,0
4724,47,0
4725,179,0
4726,200,0
4727,40,1
4728,121,0
4729,28,0
4730,200,0
4731,200,0
4732,200,0
4733,94,0
4734,102,1
4735,200,0
4736,168,1
4737,86,1
4738,32,1
4739,22,0
4740,128,0
4741,200,0
4742,200,0
4743,88,1
4744,149,1
4745,200,0
4746,175,1
4747,138,0
4748,200,0
4749,85,1
4750,165,0
4751,104,0
4752,200,0
4753,29,0
4754,200,0
4755,164,1
4756,58,1
4757,124,0
4758,104,0
4759,200,0
4760,200,1
4761,200,0
4762,200,0
4763,141,1
4764,105,1
4765,92,1
4766,189,1
4767,158,0
4768,56,1
4769,27,0
4770,91,0
4771,24,0
4772,33,0
4773,57,1
4774,107,1
4775,164,1
4776,170,0
4777,39,0
4778,54,0
4779,119,0
4780,200,0
4781,180,1
4782,200,0
4783,200,0
4784,23,0
4785,173,0
4786,13,0
4787,26,0
4788,72,0
4789,200,0
4790,171,0
4791,181,1
4792,200,0
4793,113,1
4794,66,0
4795,100,1
4796,39,1
4797,200,0
4798,143,0
4799,115,1
4800,87,0
4801,185,0
4802,123,0
4803,151,0
4804,61,1
4805,38,0
4806,91,1
4807,36,1
4808,200,0
4809,113,1
4810,200,0
4811,55,1
4812,200,0
4813,41,0
4814,9,0
4815,105,0
4816,200,1
4817,139,0
4818,110,1
4819,77,0
4820,165,1
4821,39,1
4822,175,1
4823,174,1
4824,72,1
4825,103,1
4826,39,0
4827,30,1
4828,200,0
4829,23,0
4830,45,1
4831,39,0
4832,163,0
4833,32,0
4834,39,0
4835,104,1
4836,130,1
4837,115,0
4838,154,0
4839,200,0
4840,200,0
4841,200,0
4842,86,1
4843,121,0
4844,79,1
4845,200,0
4846,100,1
4847,151,0
4848,51,1
4849,200,0
4850,153,1
4851,128,1
4852,200,0
4853,106,1
4854,70,1
4855,155,1
4856,61,1
4857,32,0
4858,95,1
4859,53,0
4860,161,1
4861,78,0
4862,106,1
4863,90,0
4864,142,1
4865,200,0
4866,91,0
4867,70,0
4868,96,1
4869,79,1
4870,52,0
4871,200,0
4872,50,0
4873,180,1
4874,75,0
4875,67,0
4876,186,1
4877,25,0
4878,69,1
4879,24,0
4880,44,0
4881,91,1
4882,200,0
4883,17,0
4884,41,0
4885,151,1
4886,113,1
4887,76,1
4888,200,0
4889,113,1
4890,82,0
4891,124,1
4892,57,0
4893,56,0
4894,118,1
4895,200,0
4896,31,0
4897,164,1
4898,169,1
4899,200,0
4900,132,1
4901,200,0
4902,200,0
4903,200,0
4904,200,0
4905,24,0
4906,121,0
4907,11,0
4908,200,0
4909,103,0
4910,83,1
4911,83,0
4912,152,0
4913,76,0
4914,16,0
4915,161,1
4916,92,0
4917,200,0
4918,140,0
4919,200,0
4920,172,1
4921,135,1
4922,116,0
4923,154,1
4924,118,1
4925,81,1
4926,200,0
4927,109,1
4928,167,0
4929,200,0
4930,186,1
4931,50,0
4932,91,0
4933,31,1
4934,169,1
4935,39,1
4936,42,1
4937,186,1
4938,125,0
4939,200,0
4940,200,0
4941,40,0
4942,91,1
4943,200,0
4944,43,0
4945,99,1
4946,125,0
4947,200,0
4948,200,0
4949,73,1
4950,129,1
4951,113,0
4952,84,0
4953,38,0
4954,178,1
4955,166,1
4956,85,1
4957,16,0
4958,30,0
4959,146,0
4960,14,0
4961,105,1
4962,113,1
4963,75,1
4964,65,1
4965,73,1
4966,130,1
4967,61,1
4968,93,0
4969,188,1
4970,29,0
4971,49,1
4972,104,1
4973,46,1
4974,200,0
4975,154,0
4976,183,1
4977,161,1
4978,169,1
4979,50,1
4980,81,0
4981,149,0
4982,200,0
4983,139,0
4984,200,0
4985,200,0
4986,94,1
4987,33,0
4988,88,1
4989,200,0
4990,93,1
4991,22,0
4992,162,1
4993,68,0
4994,109,1
4995,163,1
4996,154,1
4997,101,1
4998,32,0
4999,14,0
5000,90,0
5001,54,0
5002,71,0
5003,11,0
5004,200,0
5005,179,0
5006,147,1
5007,200,0
5008,200,0
5009,58,0
5010,200,0
5011,200,0
5012,158,0
5013,200,0
5014,128,1
5015,75,0
5016,200,0
5017,43,1
5018,200,0
5019,134,1
5020,158,1
5021,137,1
5022,186,0
5023,83,1
5024,127,1
5025,200,0
5026,105,0
5027,23,0
5028,200,0
5029,175,1
5030,77,0
5031,167,1
5032,120,1
5033,200,0
5034,133,1
5035,200,0
5036,75,1
5037,33,0
5038,48,0
5039,73,1
5040,81,0
5041,200,0
5042,200,0
5043,130,1
5044,200,0
5045,200,0
5046,86,1
5047,162,1
5048,200,0
5049,148,1
5050,155,0
5051,70,0
5052,71,0
5053,200,0
5054,123,0
5055,45,0
5056,178,1
5057,73,0
5058,200,0
5059,104,0
5060,172,1
5061,98,1
5062,12,0
5063,111,1
5064,200,0
5065,182,1
5066,200,0
5067,200,0
5068,68,0
5069,21,0
5070,199,1
5071,164,1
5072,74,1
5073,200,0
5074,193,1
5075,54,0
5076,26,0
5077,48,1
5078,145,1
5079,161,1
5080,84,1
5081,70,1
5082,174,0
5083,200,0
5084,73,1
5085,200,0
5086,55,0
5087,149,1
5088,200,0
5089,200,0
5090,157,1
5091,77,1
5092,44,1
5093,113,1
5094,157,1
5095,22,0
5096,197,1
5097,23,0
5098,102,1
5099,28,1
5100,39,1
5101,116,0
5102,88,1
5103,95,1
5104,200,0
5105,154,1
5106,62,1
5107,48,0
5108,200,0
5109,111,1
5110,82,0
5111,172,1
5112,64,0
5113,200,0
5114,147,0
5115,200,0
5116,200,0
5117,152,1
5118,168,0
5119,200,0
5120,199,0
5121,200,0
5122,200,0
5123,200,0
5124,84,0
5125,175,0
5126,198,1
5127,81,1
5128,81,1
5129,195,1
5130,135,0
5131,200,0
5132,200,0
5133,117,1
5134,120,1
5135,200,0
5136,34,0
5137,78,1
5138,200,0
5139,200,0
5140,56,0
5141,183,1
5142,52,1
5143,109,1
5144,122,1
5145,200,0
5146,200,0
5147,7,0
5148,77,0
5149,200,0
5150,199,1
5151,200,0
5152,44,0
5153,47,0
5154,64,0
5155,117,0
5156,155,1
5157,133,1
5158,71,0
5159,109,0
5160,52,0
5161,18,0
5162,200,0
5163,86,0
5164,77,0
5165,163,0
5166,76,0
5167,200,0
5168,200,0
5169,71,0
5170,200,0
5171,200,0
5172,200,0
5173,114,1
5174,109,0
5175,131,0
5176,8,0
5177,65,0
5178,13,0
5179,191,1
5180,67,0
5181,67,1
5182,200,0
5183,200,0
5184,45,0
5185,131,0
5186,97,1
5187,42,1
5188,167,0
5189,40,1
5190,72,0
5191,20,0
5192,183,1
5193,67,1
5194,166,1
5195,70,0
5196,178,0
5197,31,0
5198,186,0
5199,78,1
5200,74,1
5201,114,0
5202,160,0
5203,63,0
5204,200,0
5205,85,1
5206,36,0
5207,200,0
5208,101,1
5209,66,0
5210,200,0
5211,97,1
5212,22,0
5213,46,0
5214,155,1
5215,200,0
5216,82,0
5217,17,0
5218,22,0
5219,119,0
5220,151,1
5221,132,1
5222,200,0
5223,165,1
5224,92,0
5225,149,0
5226,142,1
5227,194,1
5228,105,0
5229,200,0
5230,26,0
5231,80,1
5232,144,1
5233,118,1
5234,99,1
5235,110,1
5236,55,0
5237,41,1
5238,114,1
5239,176,1
5240,106,0
5241,28,1
5242,69,1
5243,84,1
5244,70,1
5245,42,1
5246,97,1
5247,55,1
5248,70,1
5249,147,0
5250,23,0
5251,41,0
5252,98,1
5253,200,0
5254,187,1
5255,169,1
5256,89,1
5257,200,0
5258,200,0
5259,148,0
5260,127,1
5261,200,0
5262,130,1
5263,200,0
5264,193,0
5265,88,1
5266,200,0
5267,95,0
5268,113,0
5269,200,0
5270,174,0
5271,200,0
5272,18,0
5273,26,0
5274,74,0
5275,76,0
5276,42,0
5277,87,1
5278,76,1
5279,200,0
5280,200,0
5281,200,0
5282,60,0
5283,163,1
5284,194,0
5285,41,0
5286,62,1
5287,167,1
5288,195,1
5289,143,1
5290,177,1
5291,200,0
5292,44,0
5293,63,0
5294,87,1
5295,197,1
5296,33,1
5297,29,0
5298,57,1
5299,200,0
5300,177,1
5301,81,1
5302,103,1
5303,78,1
5304,200,0
5305,107,1
5306,61,1
5307,100,1
5308,109,1
5309,89,1
5310,57,0
5311,120,1
5312,109,1
5313,144,1
5314,70,0
5315,38,1
5316,11,0
5317,150,0
5318,161,1
5319,200,0
5320,133,0
5321,145,1
5322,42,1
5323,63,1
5324,165,1
5325,198,1
5326,200,0
5327,66,0
5328,86,1
5329,200,0
5330,96,0
5331,200,0
5332,200,0
5333,107,1
5334,180,0
5335,63,1
5336,200,0
5337,26,0
5338,200,0
5339,200,0
5340,163,1
5341,37,1
5342,14,0
5343,72,0
5344,57,1
5345,72,0
5346,154,1
5347,200,0
5348,71,0
5349,78,0
5350,78,1
5351,160,0
5352,200,0
5353,130,1
5354,84,0
5355,49,0
5356,200,0
5357,200,0
5358,61,1
5359,162,0
5360,198,1
5361,200,0
5362,192,1
5363,200,0
5364,192,0
5365,15,0
5366,135,0
5367,83,0
5368,200,0
5369,100,0
5370,118,1
5371,49,0
5372,141,1
5373,113,1
5374,200,0
5375,200,0
5376,126,1
5377,200,0
5378,169,1
5379,73,0
5380,45,1
5381,71,1
5382,200,0
5383,64,0
5384,200,0
5385,85,0
5386,200,0
5387,110,1
5388,200,0
5389,79,1
5390,92,1
5391,77,0
5392,169,0
5393,109,1
5394,45,0
5395,44,0
5396,169,0
5397,176,1
5398,38,0
5399,119,1
5400,185,0
5401,200,0
5402,49,0
5403,130,1
5404,75,1
5405,131,0
5406,80,1
5407,143,1
5408,154,1
5409,80,1
5410,31,0
5411,173,0
5412,197,0
5413,181,1
5414,200,0
5415,99,0
5416,109,0
5417,163,0
5418,41,1
5419,65,1
5420,81,0
5421,116,1
5422,200,0
5423,160,1
5424,124,1
5425,93,1
5426,187,1
5427,200,0
5428,200,0
5429,92,0
5430,100,1
5431,162,0
5432,200,0
5433,200,0
5434,200,0
5435,73,1
5436,33,0
5437,200,0
5438,195,0
5439,52,0
5440,111,0
5441,119,1
5442,165,1
5443,177,1
5444,134,1
5445,29,0
5446,200,0
5447,67,1
5448,9,0
5449,186,1
5450,49,1
5451,42,1
5452,37,0
5453,140,0
5454,153,1
5455,109,0
5456,53,1
5457,200,0
5458,200,0
5459,173,0
5460,177,1
5461,42,1
5462,12,0
5463,165,0
5464,82,1
5465,198,1
5466,64,0
5467,122,1
5468,109,1
5469,73,0
5470,107,1
5471,80,1
5472,26,1
5473,200,0
5474,200,0
5475,200,0
5476,200,0
5477,200,0
5478,23,0
5479,112,1
5480,85,1
5481,84,0
5482,200,0
5483,146,1
5484,200,0
5485,200,0
5486,156,1
5487,157,1
5488,71,1
5489,25,0
5490,34,0
5491,152,1
5492,50,0
5493,18,0
5494,90,1
5495,32,0
5496,15,0
5497,186,1
5498,45,1
5499,182,1
5500,65,1
5501,106,0
5502,75,1
5503,69,1
5504,58,1
5505,37,0
5506,52,1
5507,59,1
5508,47,1
5509,25,0
5510,18,0
5511,77,0
5512,69,0
5513,85,0
5514,79,0
5515,18,0
5516,117,1
5517,80,0
5518,108,1
5519,200,0
5520,200,0
5521,64,1
5522,182,1
5523,61,1
5524,200,0
5525,200,0
5526,48,0
5527,70,1
5528,81,1
5529,117,1
5530,139,0
5531,64,0
5532,200,0
5533,106,1
5534,67,1
5535,95,1
5536,200,0
5537,200,0
5538,15,0
5539,200,0
5540,101,0
5541,113,1
5542,200,0
5543,200,0
5544,74,0
5545,150,0
5546,162,1
5547,77,0
5548,78,1
5549,45,1
5550,200,0
5551,117,1
5552,22,0
5553,59,1
5554,59,0
5555,200,0
5556,191,0
5557,169,0
5558,47,0
5559,90,1
5560,114,1
5561,22,0
5562,111,1
5563,200,0
5564,171,1
5565,80,1
5566,88,0
5567,100,0
5568,101,0
5569,200,0
5570,70,0
5571,151,1
5572,200,0
5573,200,0
5574,176,0
5575,200,0
5576,96,0
5577,111,0
5578,177,0
5579,84,1
5580,98,1
5581,72,0
5582,51,0
5583,200,0
5584,42,1
5585,20,1
5586,200,0
5587,162,0
5588,47,1
5589,142,1
5590,133,1
5591,122,0
5592,83,1
5593,96,0
5594,11,0
5595,136,0
5596,50,0
5597,153,1
5598,38,0
5599,12,0
5600,88,1
5601,66,1
5602,157,1
5603,135,0
5604,142,1
5605,200,0
5606,120,1
5607,52,0
5608,131,1
5609,152,1
5610,84,0
5611,21,0
5612,14,0
5613,167,1
5614,97,1
5615,83,1
5616,76,1
5617,47,1
5618,186,1
5619,41,1
5620,106,0
5621,25,0
5622,94,0
5623,105,1
5624,33,0
5625,197,1
5626,68,0
5627,59,0
5628,59,0
5629,46,0
5630,61,0
5631,128,0
5632,87,0
5633,189,0
5634,37,0
5635,144,0
5636,88,1
5637,200,0
5638,84,1
5639,200,0
5640,200,0
5641,200,0
5642,194,1
5643,131,1
5644,130,1
5645,59,1
5646,88,0
5647,192,1
5648,178,1
5649,90,1
5650,200,0
5651,92,1
5652,67,0
5653,38,0
5654,28,1
5655,200,0
5656,128,1
5657,102,1
5658,90,1
5659,65,1
5660,200,0
5661,200,0
5662,13,0
5663,62,1
5664,133,1
5665,81,1
5666,34,1
5667,91,1
5668,61,1
5669,72,1
5670,200,0
5671,87,0
5672,58,0
5673,71,1
5674,183,1
5675,155,1
5676,200,0
5677,157,1
5678,30,0
5679,52,0
5680,200,0
5681,200,0
5682,65,0
5683,200,0
5684,200,0
5685,30,0
5686,200,0
5687,10,0
5688,56,1
5689,195,0
5690,132,1
5691,170,1
5692,101,1
5693,82,1
5694,153,1
5695,86,0
5696,137,1
5697,200,0
5698,152,1
5699,105,1
5700,199,1
5701,200,0
5702,84,1
5703,132,1
5704,200,0
5705,171,0
5706,200,0
5707,124,1
5708,200,0
5709,178,0
5710,199,0
5711,200,0
5712,200,0
5713,200,0
5714,145,1
5715,183,1
5716,58,0
5717,77,1
5718,98,1
5719,55,0
5720,200,0
5721,151,1
5722,61,0
5723,10,0
5724,175,0
5725,50,1
5726,104,1
5727,200,0
5728,107,0
5729,116,0
5730,51,1
5731,200,0
5732,47,0
5733,200,0
5734,136,1
5735,55,0
5736,48,0
5737,200,0
5738,75,0
5739,200,0
5740,111,0
5741,49,0
5742,200,0
5743,96,1
5744,163,1
5745,27,0
5746,200,0
5747,68,0
5748,131,1
5749,200,0
5750,179,1
5751,200,0
5752,150,0
5753,200,0
5754,83,0
5755,49,1
5756,21,0
5757,57,0
5758,62,0
5759,148,1
5760,97,1
5761,186,0
5762,55,1
5763,12,0
5764,106,1
5765,200,0
5766,191,1
5767,157,0
5768,101,0
5769,55,1
5770,111,1
5771,200,0
5772,161,1
5773,200,0
5774,118,0
5775,153,1
5776,101,0
5777,154,1
5778,173,1
5779,200,0
5780,64,1
5781,134,1
5782,48,0
5783,53,0
5784,28,0
5785,161,1
5786,200,0
5787,137,1
5788,200,0
5789,178,1
5790,165,1
5791,111,1
5792,73,0
5793,34,0
5794,154,0
5795,144,0
5796,76,0
5797,137,0
5798,195,1
5799,135,1
5800,197,1
5801,24,0
5802,153,1
5803,35,0
5804,200,0
5805,52,1
5806,200,0
5807,99,0
5808,74,0
5809,11,0
5810,200,0
5811,200,0
5812,50,0
5813,200,0
5814,188,1
5815,70,1
5816,192,1
5817,11,0
5818,51,1
5819,200,0
5820,200,0
5821,70,0
5822,14,0
5823,73,1
5824,26,1
5825,77,0
5826,51,1
5827,96,1
5828,113,1
5829,200,0
5830,150,1
5831,77,1
5832,100,1
5833,200,0
5834,171,1
5835,115,1
5836,103,1
5837,116,1
5838,131,1
5839,65,0
5840,27,0
5841,102,1
5842,177,1
5843,55,0
5844,99,1
5845,36,1
5846,154,1
5847,159,1
5848,200,0
5849,120,0
5850,64,0
5851,89,1
5852,200,0
5853,200,0
5854,80,1
5855,200,0
5856,54,1
5857,195,1
5858,169,1
5859,127,1
5860,189,1
5861,47,0
5862,200,0
5863,200,0
5864,97,1
5865,158,0
5866,200,0
5867,165,1
5868,200,0
5869,82,1
5870,71,0
5871,200,0
5872,142,0
5873,189,1
5874,82,0
5875,84,1
5876,200,0
5877,118,1
5878,107,0
5879,178,1
5880,161,1
5881,200,0
5882,54,1
5883,200,0
5884,13,0
5885,87,1
5886,90,1
5887,112,1
5888,107,1
5889,26,0
5890,116,1
5891,136,0
5892,59,1
5893,81,1
5894,180,1
5895,38,0
5896,200,0
5897,144,1
5898,60,0
5899,22,0
5900,38,1
5901,155,0
5902,43,1
5903,200,0
5904,114,1
5905,200,0
5906,151,1
5907,29,0
5908,48,0
5909,200,0
5910,200,0
5911,200,0
5912,85,0
5913,25,0
5914,105,1
5915,139,1
5916,174,1
5917,200,0
5918,190,1
5919,200,0
5920,64,1
5921,200,0
5922,75,1
5923,52,0
5924,200,0
5925,16,0
5926,134,1
5927,33,0
5928,200,0
5929,183,1
5930,15,0
5931,200,0
5932,102,1
5933,200,0
5934,51,0
5935,155,0
5936,200,0
5937,17,0
5938,88,0
5939,76,1
5940,72,0
5941,75,0
5942,59,1
5943,102,1
5944,200,0
5945,115,0
5946,102,1
5947,142,0
5948,26,1
5949,113,0
5950,122,0
5951,173,0
5952,46,1
5953,100,1
5954,200,0
5955,64,1
5956,170,1
5957,200,0
5958,159,1
5959,178,1
5960,68,1
5961,200,0
5962,115,1
5963,75,1
5964,43,1
5965,143,1
5966,60,1
5967,72,0
5968,81,1
5969,52,1
5970,91,1
5971,19,0
5972,127,1
5973,49,1
5974,53,1
5975,72,1
5976,50,1
5977,115,1
5978,28,1
5979,78,1
5980,200,0
5981,181,1
5982,83,1
5983,68,0
5984,68,0
5985,200,0
5986,200,0
5987,72,1
5988,178,1
5989,72,0
5990,66,1
5991,175,1
5992,200,0
5993,200,0
5994,200,0
5995,47,1
5996,185,0
5997,63,0
5998,200,0
5999,79,1
6000,200,0
6001,84,0
6002,175,0
6003,200,0
6004,84,1
6005,200,0
6006,84,1
6007,91,1
6008,25,0
6009,200,0
6010,152,0
6011,105,0
6012,139,0
6013,181,1
6014,185,1
6015,20,1
6016,200,0
6017,81,0
6018,135,1
6019,14,0
6020,169,1
6021,200,0
6022,176,0
6023,61,1
6024,200,0
6025,200,0
6026,175,0
6027,70,0
6028,130,1
6029,200,0
6030,93,1
6031,76,1
6032,200,0
6033,200,0
6034,13,0
6035,84,1
6036,129,1
6037,131,0
6038,95,1
6039,200,0
6040,35,1
6041,200,1
6042,28,0
6043,200,0
6044,200,0
6045,95,1
6046,88,1
6047,200,0
6048,165,0
6049,200,0
6050,79,0
6051,200,0
6052,164,1
6053,103,1
6054,189,1
6055,169,1
6056,100,0
6057,200,0
6058,193,1
6059,200,0
6060,69,1
6061,136,0
6062,70,1
6063,110,0
6064,147,1
6065,123,1
6066,139,1
6067,153,0
6068,165,1
6069,28,0
6070,200,0
6071,136,1
6072,200,0
6073,51,0
6074,200,0
6075,200,0
6076,200,0
6077,55,1
6078,182,0
6079,200,0
6080,172,1
6081,200,0
6082,74,0
6083,200,0
6084,39,0
6085,13,0
6086,44,0
6087,75,1
6088,152,1
6089,64,1
6090,161,1
6091,200,0
6092,69,1
6093,200,0
6094,75,1
6095,156,1
6096,112,1
6097,200,0
6098,166,1
6099,33,0
6100,200,0
6101,142,0
6102,98,1
6103,129,1
6104,161,1
6105,56,0
6106,84,1
6107,54,0
6108,200,0
6109,200,0
6110,147,1
6111,144,0
6112,78,0
6113,92,1
6114,174,1
6115,82,0
6116,147,1
6117,200,0
6118,200,0
6119,200,0
6120,24,0
6121,67,0
6122,135,1
6123,79,0
6124,165,1
6125,74,1
6126,54,1
6127,200,0
6128,29,0
6129,35,1
6130,200,0
6131,200,0
6132,77,1
6133,99,1
6134,71,0
6135,96,1
6136,93,1
6137,57,1
6138,81,1
6139,83,1
6140,74,1
6141,85,1
6142,25,0
6143,200,0
6144,179,1
6145,200,0
6146,104,1
6147,93,0
6148,13,0
6149,104,1
6150,142,1
6151,182,0
6152,200,0
6153,24,0
6154,194,0
6155,200,0
6156,51,0
6157,191,1
6158,131,1
6159,200,0
6160,42,0
6161,200,0
6162,72,1
6163,77,1
6164,140,1
6165,151,1
6166,93,1
6167,49,0
6168,200,0
6169,200,0
6170,111,0
6171,200,0
6172,192,1
6173,200,0
6174,192,1
6175,200,0
6176,70,0
6177,176,1
6178,200,0
6179,50,1
6180,200,0
6181,40,0
6182,67,0
6183,33,0
6184,105,0
6185,39,0
6186,113,0
6187,102,0
6188,200,0
6189,118,0
6190,105,1
6191,194,1
6192,15,0
6193,110,1
6194,89,1
6195,9,0
6196,38,0
6197,29,0
6198,110,1
6199,59,0
6200,63,0
6201,57,0
6202,136,0
6203,200,0
6204,77,1
6205,87,0
6206,107,1
6207,77,0
6208,200,0
6209,158,1
6210,200,0
6211,101,1
6212,187,0
6213,200,0
6214,200,0
6215,71,1
6216,19,0
6217,200,0
6218,39,0
6219,42,1
6220,84,1
6221,23,0
6222,95,1
6223,15,0
6224,63,1
6225,28,0
6226,97,1
6227,71,1
6228,94,1
6229,121,1
6230,200,0
6231,17,0
6232,107,1
6233,147,0
6234,69,1
6235,53,1
6236,200,0
6237,33,0
6238,25,0
6239,153,1
6240,27,0
6241,52,0
6242,200,0
6243,200,0
6244,52,1
6245,107,1
6246,120,1
6247,65,1
6248,192,0
6249,32,1
6250,105,1
6251,91,1
6252,53,1
6253,177,0
6254,83,1
6255,187,0
6256,64,1
6257,200,0
6258,200,0
6259,135,0
6260,200,0
6261,74,0
6262,200,0
6263,115,1
6264,37,1
6265,200,0
6266,163,0
6267,200,0
6268,70,1
6269,124,1
6270,121,1
6271,22,0
6272,135,1
6273,200,0
6274,200,0
6275,200,0
6276,200,0
6277,112,0
6278,45,0
6279,86,0
6280,17,0
6281,26,0
6282,115,1
6283,171,0
6284,159,1
6285,200,0
6286,200,0
6287,96,1
6288,200,0
6289,155,1
6290,200,0
6291,179,0
6292,41,1
6293,35,1
6294,74,1
6295,161,1
6296,200,0
6297,44,1
6298,98,0
6299,101,0
6300,200,0
6301,200,0
6302,102,0
6303,88,1
6304,132,1
6305,61,0
6306,76,0
6307,90,0
6308,12,0
6309,85,1
6310,200,0
6311,200,0
6312,85,0
6313,91,0
6314,200,0
6315,122,1
6316,200,0
6317,66,1
6318,111,1
6319,66,1
6320,67,1
6321,53,0
6322,200,0
6323,128,0
6324,200,0
6325,52,0
6326,116,1
6327,12,0
6328,115,0
6329,200,0
6330,200,0
6331,170,1
6332,128,1
6333,162,1
6334,29,0
6335,200,0
6336,200,0
6337,46,0
6338,68,0
6339,200,0
6340,31,0
6341,21,0
6342,44,1
6343,200,0
6344,61,0
6345,62,0
6346,55,0
6347,64,0
6348,67,1
6349,71,1
6350,117,0
6351,152,1
6352,59,1
6353,200,0
6354,17,0
6355,60,0
6356,189,1
6357,23,0
6358,119,1
6359,32,0
6360,78,1
6361,200,0
6362,148,1
6363,127,1
6364,120,1
6365,165,1
6366,22,0
6367,108,0
6368,11,0
6369,103,1
6370,180,1
6371,48,0
6372,152,1
6373,200,0
6374,95,1
6375,47,1
6376,146,1
6377,112,1
6378,200,0
6379,200,0
6380,150,0
6381,97,1
6382,192,1
6383,11,0
6384,47,1
6385,77,1
6386,200,0
6387,200,0
6388,150,1
6389,155,1
6390,29,0
6391,87,1
6392,200,0
6393,36,0
6394,195,1
6395,38,0
6396,52,1
6397,113,1
6398,164,1
6399,67,0
6400,76,1
6401,59,1
6402,56,1
6403,91,1
6404,80,1
6405,87,1
6406,200,0
6407,200,0
6408,161,0
6409,200,0
6410,62,1
6411,72,0
6412,200,0
6413,200,0
6414,83,0
6415,10,0
6416,200,0
6417,109,1
6418,200,0
6419,54,1
6420,119,0
6421,173,1
6422,100,1
6423,168,1
6424,99,1
6425,71,1
6426,51,0
6427,125,1
6428,52,1
6429,108,1
6430,71,1
6431,200,0
6432,69,1
6433,93,1
6434,119,1
6435,200,0
6436,189,0
6437,14,0
6438,73,0
6439,158,1
6440,56,0
6441,200,0
6442,200,0
6443,153,1
6444,71,1
6445,75,1
6446,130,1
6447,76,1
6448,70,1
6449,124,1
6450,161,0
6451,81,1
6452,73,1
6453,200,0
6454,142,1
6455,62,1
6456,116,1
6457,139,1
6458,200,0
6459,73,0
6460,151,1
6461,154,1
6462,111,1
6463,164,1
6464,120,1
6465,95,0
6466,162,1
6467,57,1
6468,200,0
6469,200,0
6470,171,1
6471,104,0
6472,121,0
6473,200,0
6474,140,1
6475,200,0
6476,162,1
6477,77,1
6478,200,0
6479,147,1
6480,111,1
6481,142,1
6482,109,1
6483,145,0
6484,129,0
6485,118,0
6486,199,1
6487,70,1
6488,45,1
6489,77,0
6490,38,1
6491,117,0
6492,17,0
6493,200,0
6494,137,1
6495,46,1
6496,168,1
6497,181,0
6498,48,0
6499,200,0
6500,86,1
6501,200,0
6502,68,1
6503,23,0
6504,158,0
6505,114,1
6506,119,1
6507,71,1
6508,200,0
6509,200,0
6510,124,1
6511,29,0
6512,164,1
6513,29,0
6514,132,1
6515,122,0
6516,200,0
6517,200,0
6518,129,1
6519,34,0
6520,45,0
6521,113,0
6522,200,0
6523,92,1
6524,88,1
6525,200,0
6526,130,1
6527,34,1
6528,200,0
6529,148,1
6530,21,0
6531,80,1
6532,200,0
6533,168,1
6534,96,1
6535,38,1
6536,124,1
6537,14,0
6538,147,1
6539,200,0
6540,95,0
6541,112,0
6542,44,0
6543,103,1
6544,200,0
6545,200,0
6546,121,1
6547,67,1
6548,200,1
6549,200,0
6550,200,0
6551,59,0
6552,96,1
6553,116,0
6554,76,1
6555,113,0
6556,36,0
6557,83,1
6558,96,1
6559,104,1
6560,62,1
6561,173,1
6562,77,1
6563,200,0
6564,131,1
6565,84,0
6566,30,1
6567,81,1
6568,57,1
6569,200,0
6570,47,1
6571,153,1
6572,200,0
6573,29,1
6574,124,1
6575,116,0
6576,13,0
6577,53,1
6578,89,1
6579,22,1
6580,77,1
6581,144,1
6582,74,1
6583,103,1
6584,97,1
6585,59,1
6586,200,0
6587,118,1
6588,166,1
6589,52,1
6590,105,0
6591,144,1
6592,73,0
6593,15,0
6594,66,1
6595,116,1
6596,40,1
6597,200,0
6598,166,1
6599,200,0
6600,200,0
6601,86,0
6602,61,0
6603,65,1
6604,193,1
6605,200,0
6606,132,0
6607,200,0
6608,200,0
6609,127,1
6610,200,0
6611,17,0
6612,73,0
6613,200,0
6614,190,1
6615,168,1
6616,25,0
6617,38,0
6618,33,0
6619,145,1
6620,200,0
6621,48,0
6622,200,0
6623,131,1
6624,85,1
6625,200,1
6626,153,1
6627,46,1
6628,81,1
6629,104,0
6630,34,0
6631,65,1
6632,72,1
6633,113,1
6634,200,0
6635,200,0
6636,106,1
6637,90,1
6638,170,1
6639,200,0
6640,140,1
6641,150,1
6642,175,0
6643,81,1
6644,132,1
6645,200,0
6646,80,0
6647,33,0
6648,97,0
6649,200,0
6650,88,1
6651,89,0
6652,14,0
6653,102,0
6654,78,1
6655,200,0
6656,156,1
6657,162,0
6658,152,1
6659,24,1
6660,32,1
6661,200,0
6662,159,1
6663,24,0
6664,138,1
6665,142,1
6666,120,1
6667,91,1
6668,47,1
6669,49,1
6670,87,1
6671,71,1
6672,179,1
6673,72,1
6674,39,0
6675,46,0
6676,200,0
6677,83,1
6678,119,1
6679,104,1
6680,96,1
6681,69,1
6682,200,0
6683,200,0
6684,171,1
6685,125,1
6686,104,1
6687,200,0
6688,49,0
6689,109,1
6690,91,1
6691,60,1
6692,110,1
6693,57,1
6694,106,1
6695,78,0
6696,87,0
6697,80,1
6698,123,0
6699,156,0
6700,144,1
6701,74,1
6702,200,0
6703,200,0
6704,131,1
6705,108,1
6706,120,1
6707,117,1
6708,65,1
6709,66,1
6710,100,1
6711,109,1
6712,200,0
6713,97,0
6714,66,1
6715,39,1
6716,195,1
6717,180,1
6718,76,1
6719,34,0
6720,148,0
6721,135,1
6722,86,0
6723,132,0
6724,87,0
6725,200,0
6726,131,1
6727,103,0
6728,110,0
6729,64,1
6730,58,1
6731,200,0
6732,105,1
6733,59,1
6734,170,1
6735,113,1
6736,200,0
6737,15,0
6738,126,1
6739,171,1
6740,141,1
6741,170,1
6742,74,0
6743,155,1
6744,76,0
6745,195,1
6746,200,0
6747,98,1
6748,32,1
6749,198,1
6750,55,1
6751,140,1
6752,80,1
6753,114,1
6754,119,1
6755,52,1
6756,43,1
6757,200,0
6758,200,0
6759,95,1
6760,200,0
6761,200,0
6762,137,1
6763,35,0
6764,134,1
6765,77,1
6766,121,1
6767,155,1
6768,56,0
6769,40,0
6770,200,0
6771,168,1
6772,85,1
6773,141,1
6774,123,1
6775,77,1
6776,200,0
6777,167,1
6778,87,0
6779,200,0
6780,148,0
6781,142,1
6782,37,0
6783,200,0
6784,200,0
6785,106,1
6786,200,0
6787,160,1
6788,200,0
6789,200,0
6790,71,1
6791,14,0
6792,200,0
6793,64,0
6794,169,1
6795,85,0
6796,33,0
6797,200,0
6798,59,1
6799,58,1
6800,157,1
6801,85,0
6802,200,0
6803,200,0
6804,77,0
6805,200,0
6806,103,1
6807,200,0
6808,55,0
6809,34,0
6810,200,0
6811,200,0
6812,152,0
6813,135,1
6814,178,1
6815,127,1
6816,49,0
6817,79,0
6818,30,0
6819,62,1
6820,200,0
6821,20,0
6822,200,0
6823,152,1
6824,200,0
6825,123,1
6826,117,0
6827,200,0
6828,200,0
6829,22,0
6830,200,0
6831,178,1
6832,200,0
6833,182,1
6834,45,0
6835,65,0
6836,200,0
6837,103,0
6838,200,0
6839,54,0
6840,84,1
6841,110,1
6842,146,1
6843,200,0
6844,90,0
6845,59,0
6846,200,0
6847,40,0
6848,15,0
6849,177,1
6850,181,1
6851,118,0
6852,66,1
6853,200,0
6854,17,1
6855,57,0
6856,63,0
6857,75,1
6858,200,0
6859,62,0
6860,130,0
6861,200,0
6862,30,1
6863,69,1
6864,127,0
6865,200,0
6866,180,1
6867,72,1
6868,200,0
6869,200,0
6870,129,1
6871,107,1
6872,35,1
6873,200,0
6874,158,1
6875,84,1
6876,185,1
6877,107,0
6878,184,1
6879,122,1
6880,99,1
6881,81,1
6882,200,0
6883,25,0
6884,50,0
6885,139,0
6886,72,1
6887,123,1
6888,53,1
6889,37,0
6890,125,1
6891,41,1
6892,200,0
6893,21,0
6894,49,1
6895,124,1
6896,141,1
6897,119,1
6898,152,1
6899,99,1
6900,86,1
6901,198,1
6902,73,1
6903,59,0
6904,64,1
6905,65,0
6906,134,0
6907,51,0
6908,49,1
6909,200,0
6910,68,1
6911,200,0
6912,115,1
6913,11,0
6914,200,0
6915,200,0
6916,130,0
6917,200,0
6918,200,0
6919,138,0
6920,200,0
6921,56,0
6922,20,0
6923,98,0
6924,168,0
6925,113,1
6926,32,0
6927,105,1
6928,200,0
6929,200,0
6930,112,1
6931,97,0
6932,57,1
6933,81,0
6934,52,0
6935,98,0
6936,162,1
6937,164,1
6938,200,0
6939,200,0
6940,45,0
6941,81,1
6942,104,0
6943,151,1
6944,89,0
6945,76,0
6946,11,0
6947,200,0
6948,200,0
6949,110,1
6950,80,0
6951,49,1
6952,170,1
6953,118,1
6954,156,1
6955,53,1
6956,86,1
6957,200,0
6958,177,1
6959,84,1
6960,79,0
6961,29,1
6962,200,0
6963,63,1
6964,32,0
6965,200,0
6966,200,0
6967,200,0
6968,200,0
6969,102,1
6970,200,0
6971,126,1
6972,105,1
6973,137,1
6974,132,0
6975,200,0
6976,10,0
6977,93,1
6978,166,0
6979,71,0
6980,96,1
6981,92,0
6982,131,1
6983,125,1
6984,84,1
6985,85,1
6986,37,1
6987,87,1
6988,46,0
6989,155,1
6990,60,1
6991,96,1
6992,59,1
6993,87,0
6994,150,0
6995,55,1
6996,60,1
6997,103,1
6998,112,0
6999,102,0
7000,111,1
7001,160,1
7002,200,0
7003,41,1
7004,77,1
7005,67,1
7006,98,1
7007,95,1
7008,200,0
7009,200,0
7010,58,1
7011,136,1
7012,159,1
7013,200,0
7014,94,1
7015,45,1
7016,200,0
7017,51,0
7018,54,1
7019,67,1
7020,200,0
7021,74,0
7022,39,1
7023,75,1
7024,103,1
7025,124,1
7026,200,0
7027,39,1
7028,190,0
7029,81,1
7030,200,0
7031,133,1
7032,170,1
7033,52,1
7034,200,0
7035,20,0
7036,124,1
7037,77,1
7038,64,0
7039,86,1
7040,39,1
7041,164,1
7042,83,1
7043,126,1
7044,116,1
7045,77,0
7046,65,1
7047,28,1
7048,70,1
7049,26,0
7050,200,0
7051,59,0
7052,75,0
7053,177,1
7054,187,0
7055,74,1
7056,200,0
7057,32,1
7058,105,1
7059,153,1
7060,200,0
7061,158,0
7062,121,1
7063,200,0
7064,48,1
7065,200,0
7066,200,0
7067,99,1
7068,73,1
7069,179,1
7070,67,1
7071,65,1
7072,136,1
7073,81,1
7074,32,0
7075,87,1
7076,160,1
7077,200,0
7078,79,0
7079,154,1
7080,63,1
7081,200,0
7082,173,0
7083,193,1
7084,200,0
7085,93,1
7086,74,0
7087,50,1
7088,187,0
7089,200,0
7090,171,1
7091,200,0
7092,43,1
7093,69,0
7094,94,1
7095,174,1
7096,200,0
7097,128,1
7098,63,1
7099,60,0
7100,200,0
7101,143,1
7102,200,0
7103,200,0
7104,200,0
7105,200,0
7106,200,0
7107,18,0
7108,200,0
7109,17,0
7110,200,0
7111,200,0
7112,77,0
7113,137,0
7114,33,1
7115,200,0
7116,200,0
7117,28,0
7118,43,0
7119,189,0
7120,110,1
7121,179,0
7122,200,0
7123,57,1
7124,200,0
7125,102,0
7126,102,1
7127,127,0
7128,200,0
7129,62,1
7130,78,0
7131,132,1
7132,76,0
7133,16,0
7134,200,0
7135,58,0
7136,134,1
7137,117,1
7138,72,1
7139,103,1
7140,200,0
7141,200,0
7142,166,1
7143,46,1
7144,43,0
7145,55,0
7146,99,0
7147,100,1
7148,148,1
7149,49,1
7150,200,0
7151,129,0
7152,96,1
7153,46,1
7154,62,0
7155,151,1
7156,80,0
7157,183,0
7158,191,1
7159,49,1
7160,19,0
7161,101,1
7162,149,1
7163,145,1
7164,102,1
7165,74,1
7166,42,0
7167,135,1
7168,56,1
7169,200,0
7170,102,1
7171,115,1
7172,193,0
7173,200,0
7174,200,0
7175,108,0
7176,38,0
7177,91,0
7178,198,1
7179,200,0
7180,30,0
7181,105,1
7182,178,1
7183,54,0
7184,167,1
7185,77,0
7186,190,1
7187,200,0
7188,118,1
7189,88,1
7190,119,1
7191,142,1
7192,200,0
7193,120,1
7194,8,0
7195,200,0
7196,97,1
7197,190,1
7198,106,1
7199,31,1
7200,110,1
7201,40,1
7202,200,0
7203,197,1
7204,186,1
7205,200,0
7206,99,1
7207,200,0
7208,114,1
7209,85,1
7210,172,1
7211,193,0
7212,142,1
7213,129,1
7214,81,1
7215,92,0
7216,140,0
7217,59,0
7218,193,1
7219,200,0
7220,161,1
7221,200,0
7222,32,0
7223,143,1
7224,200,0
7225,71,1
7226,74,1
7227,101,1
7228,153,1
7229,200,0
7230,116,1
7231,47,0
7232,133,1
7233,58,1
7234,76,1
7235,200,0
7236,97,1
7237,70,0
7238,93,1
7239,186,1
7240,190,1
7241,42,0
7242,35,0
7243,200,0
7244,73,0
7245,200,0
7246,14,0
7247,168,1
7248,164,0
7249,83,1
7250,200,0
7251,200,0
7252,158,1
7253,200,0
7254,116,0
7255,61,1
7256,54,0
7257,104,0
7258,56,0
7259,80,1
7260,125,0
7261,111,0
7262,107,1
7263,200,0
7264,137,1
7265,200,0
7266,103,1
7267,69,1
7268,139,0
7269,99,1
7270,96,1
7271,155,1
7272,55,1
7273,200,0
7274,84,1
7275,100,1
7276,109,1
7277,66,0
7278,119,0
7279,200,0
7280,22,0
7281,118,1
7282,89,1
7283,200,0
7284,200,0
7285,82,1
7286,200,0
7287,200,0
7288,111,1
7289,87,1
7290,134,1
7291,32,0
7292,34,0
7293,85,1
7294,119,0
7295,58,1
7296,34,0
7297,37,0
7298,111,1
7299,130,1
7300,143,1
7301,105,1
7302,108,1
7303,200,0
7304,69,0
7305,166,1
7306,200,0
7307,200,0
7308,122,0
7309,96,1
7310,200,0
7311,164,0
7312,83,1
7313,55,0
7314,200,0
7315,74,1
7316,135,1
7317,192,0
7318,122,0
7319,103,1
7320,200,0
7321,18,0
7322,128,0
7323,28,1
7324,140,1
7325,106,0
7326,121,0
7327,77,0
7328,132,1
7329,118,1
7330,60,0
7331,115,1
7332,63,1
7333,49,1
7334,38,0
7335,130,1
7336,95,1
7337,200,0
7338,84,1
7339,87,0
7340,200,0
7341,80,1
7342,125,1
7343,88,1
7344,200,0
7345,42,1
7346,36,0
7347,200,0
7348,114,1
7349,200,0
7350,94,0
7351,200,0
7352,118,1
7353,92,1
7354,155,1
7355,200,0
7356,200,0
7357,16,0
7358,82,1
7359,153,1
7360,119,1
7361,200,0
7362,200,0
7363,32,0
7364,161,0
7365,125,1
7366,200,0
7367,200,0
7368,171,1
7369,149,0
7370,46,0
7371,200,0
7372,200,0
7373,200,0
7374,190,1
7375,163,1
7376,50,1
7377,106,0
7378,56,0
7379,59,0
7380,200,0
7381,200,0
7382,33,0
7383,55,0
7384,200,0
7385,200,0
7386,32,0
7387,110,1
7388,200,0
7389,92,0
7390,193,1
7391,157,1
7392,122,1
7393,86,0
7394,130,1
7395,120,0
7396,200,0
7397,139,0
7398,64,0
7399,163,1
7400,94,1
7401,55,1
7402,112,1
7403,94,1
7404,200,0
7405,147,1
7406,34,0
7407,84,1
7408,200,0
7409,77,0
7410,41,0
7411,34,1
7412,38,1
7413,52,0
7414,63,0
7415,132,1
7416,154,1
7417,97,1
7418,200,0
7419,200,0
7420,200,0
7421,200,0
7422,162,0
7423,165,0
7424,7,0
7425,70,0
7426,28,0
7427,200,0
7428,47,0
7429,122,1
7430,133,1
7431,99,1
7432,200,0
7433,152,1
7434,12,0
7435,163,1
7436,141,1
7437,37,0
7438,93,1
7439,86,1
7440,200,0
7441,38,0
7442,86,0
7443,78,1
7444,144,1
7445,200,0
7446,82,1
7447,150,1
7448,95,0
7449,48,1
7450,64,1
7451,152,1
7452,127,1
7453,86,1
7454,96,0
7455,132,0
7456,107,1
7457,183,1
7458,140,0
7459,200,0
7460,200,0
7461,131,1
7462,158,1
7463,74,1
7464,171,1
7465,81,0
7466,109,1
7467,63,1
7468,47,0
7469,200,0
7470,200,0
7471,145,1
7472,131,0
7473,16,0
7474,67,1
7475,12,0
7476,89,0
7477,44,1
7478,136,1
7479,200,1
7480,77,1
7481,7,0
7482,49,0
7483,140,1
7484,85,0
7485,189,1
7486,173,1
7487,99,0
7488,65,1
7489,82,1
7490,79,1
7491,81,1
7492,68,1
7493,125,0
7494,104,0
7495,97,1
7496,64,0
7497,46,0
7498,41,1
7499,200,0
7500,200,0
7501,104,1
7502,186,1
7503,140,1
7504,158,1
7505,120,1
7506,200,0
7507,200,0
7508,16,0
7509,148,1
7510,92,1
7511,144,1
7512,13,0
7513,100,1
7514,200,0
7515,130,1
7516,85,0
7517,49,1
7518,56,1
7519,200,0
7520,109,1
7521,170,0
7522,15,0
7523,200,0
7524,125,1
7525,187,1
7526,37,1
7527,200,0
7528,200,0
7529,180,1
7530,183,1
7531,76,0
7532,12,0
7533,48,1
7534,149,1
7535,21,0
7536,33,0
7537,142,1
7538,163,1
7539,180,1
7540,61,1
7541,200,0
7542,200,0
7543,75,0
7544,184,1
7545,121,1
7546,162,1
7547,142,1
7548,105,1
7549,96,0
7550,200,0
7551,183,0
7552,200,0
7553,34,0
7554,200,0
7555,116,1
7556,200,0
7557,200,0
7558,100,1
7559,193,1
7560,200,0
7561,103,1
7562,149,1
7563,146,1
7564,200,0
7565,200,0
7566,82,0
7567,43,1
7568,130,1
7569,165,1
7570,200,0
7571,200,0
7572,41,1
7573,130,1
7574,95,1
7575,159,1
7576,200,0
7577,127,1
7578,200,0
7579,58,1
7580,69,0
7581,21,0
7582,58,1
7583,200,0
7584,79,1
7585,152,1
7586,130,1
7587,34,1
7588,186,1
7589,25,0
7590,68,1
7591,46,1
7592,200,0
7593,116,1
7594,69,1
7595,68,1
7596,28,1
7597,188,0
7598,200,0
7599,122,1
7600,74,1
7601,97,1
7602,44,1
7603,200,0
7604,85,1
7605,113,0
7606,47,1
7607,135,1
7608,82,0
7609,67,1
7610,200,0
7611,200,0
7612,200,0
7613,128,1
7614,200,0
7615,200,0
7616,19,0
7617,200,0
7618,200,0
7619,200,0
7620,200,0
7621,69,1
7622,79,0
7623,200,0
7624,53,1
7625,96,1
7626,79,0
7627,190,1
7628,41,0
7629,54,0
7630,200,0
7631,200,0
7632,175,1
7633,92,1
7634,169,1
7635,47,1
7636,200,0
7637,97,1
7638,30,0
7639,44,0
7640,70,0
7641,113,1
7642,138,1
7643,59,1
7644,128,1
7645,66,1
7646,121,1
7647,104,1
7648,200,0
7649,82,1
7650,26,0
7651,76,1
7652,88,1
7653,68,1
7654,110,1
7655,43,0
7656,68,1
7657,37,1
7658,47,1
7659,31,0
7660,66,1
7661,63,0
7662,51,1
7663,124,1
7664,95,1
7665,23,0
7666,200,0
7667,16,0
7668,200,0
7669,29,0
7670,73,1
7671,78,1
7672,129,0
7673,200,0
7674,90,1
7675,141,1
7676,68,0
7677,128,1
7678,114,1
7679,163,0
7680,91,1
7681,52,1
7682,200,0
7683,46,1
7684,109,0
7685,53,0
7686,132,1
7687,152,1
7688,52,1
7689,38,0
7690,45,0
7691,41,0
7692,89,1
7693,129,1
7694,55,0
7695,160,1
7696,111,1
7697,168,1
7698,94,1
7699,85,0
7700,143,1
7701,156,1
7702,87,1
7703,200,0
7704,200,0
7705,200,0
7706,72,1
7707,137,0
7708,82,0
7709,82,1
7710,179,1
7711,198,1
7712,75,1
7713,65,0
7714,129,1
7715,85,1
7716,187,1
7717,88,1
7718,89,0
7719,99,1
7720,28,0
7721,52,1
7722,73,1
7723,74,1
7724,123,0
7725,145,1
7726,72,1
7727,200,0
7728,41,1
7729,85,0
7730,119,1
7731,155,1
7732,160,1
7733,101,0
7734,27,0
7735,186,1
7736,55,1
7737,150,1
7738,163,1
7739,200,0
7740,71,1
7741,42,1
7742,77,1
7743,85,1
7744,180,1
7745,200,0
7746,114,1
7747,174,1
7748,17,0
7749,164,1
7750,113,1
7751,59,1
7752,150,1
7753,122,1
7754,176,1
7755,30,0
7756,200,0
7757,101,0
7758,72,1
7759,42,1
7760,67,0
7761,58,1
7762,85,0
7763,200,0
7764,101,1
7765,35,1
7766,200,0
7767,114,1
7768,40,0
7769,123,1
7770,174,1
7771,200,0
7772,64,1
7773,75,0
7774,151,1
7775,200,0
7776,191,1
7777,200,0
7778,35,1
7779,64,1
7780,99,1
7781,150,1
7782,121,1
7783,61,1
7784,64,1
7785,141,1
7786,181,1
7787,7,0
7788,69,1
7789,155,1
7790,100,1
7791,67,1
7792,29,0
7793,143,1
7794,81,1
7795,151,1
7796,200,0
7797,61,1
7798,200,0
7799,78,1
7800,50,1
7801,119,1
7802,200,0
7803,57,1
7804,94,1
7805,91,0
7806,200,0
7807,34,0
7808,70,1
7809,200,0
7810,23,0
7811,119,1
7812,200,0
7813,200,0
7814,69,0
7815,159,1
7816,200,0
7817,72,1
7818,200,0
7819,167,1
7820,75,1
7821,200,0
7822,200,0
7823,177,1
7824,76,1
7825,200,0
7826,115,0
7827,200,0
7828,173,1
7829,65,1
7830,140,1
7831,200,0
7832,129,1
7833,27,0
7834,200,0
7835,78,0
7836,89,0
7837,150,1
7838,161,1
7839,43,1
7840,200,0
7841,200,0
7842,36,0
7843,39,0
7844,175,1
7845,198,1
7846,200,0
7847,142,1
7848,45,0
7849,157,0
7850,107,1
7851,147,1
7852,134,0
7853,82,1
7854,200,0
7855,18,0
7856,57,1
7857,180,1
7858,88,0
7859,27,0
7860,200,0
7861,157,1
7862,95,1
7863,200,0
7864,45,1
7865,98,1
7866,24,0
7867,200,0
7868,96,1
7869,193,1
7870,38,0
7871,156,1
7872,112,1
7873,80,1
7874,166,1
7875,62,0
7876,129,1
7877,76,0
7878,52,1
7879,193,1
7880,91,1
7881,200,0
7882,199,1
7883,21,0
7884,200,0
7885,129,1
7886,62,0
7887,21,0
7888,34,0
7889,131,1
7890,151,1
7891,103,1
7892,59,1
7893,161,1
7894,134,0
7895,200,0
7896,64,1
7897,51,1
7898,155,0
7899,197,1
7900,200,0
7901,120,1
7902,200,0
7903,200,0
7904,87,1
7905,177,1
7906,115,1
7907,20,0
7908,141,0
7909,48,1
7910,141,1
7911,144,1
7912,136,0
7913,58,0
7914,60,1
7915,93,0
7916,68,1
7917,94,1
7918,162,1
7919,65,1
7920,200,0
7921,49,0
7922,40,0
7923,68,1
7924,71,1
7925,118,0
7926,121,1
7927,200,0
7928,26,0
7929,157,1
7930,153,1
7931,43,1
7932,101,0
7933,125,1
7934,104,1
7935,137,0
7936,200,0
7937,57,0
7938,122,1
7939,82,1
7940,179,1
7941,200,0
7942,118,1
7943,77,1
7944,126,1
7945,149,1
7946,200,0
7947,98,0
7948,94,1
7949,200,0
7950,26,0
7951,200,0
7952,200,0
7953,200,0
7954,161,1
7955,171,1
7956,83,1
7957,122,1
7958,96,1
7959,124,1
7960,102,0
7961,95,1
7962,23,0
7963,100,1
7964,85,1
7965,122,0
7966,37,0
7967,171,1
7968,127,1
7969,78,1
7970,47,1
7971,65,1
7972,73,1
7973,84,0
7974,25,0
7975,200,0
7976,101,1
7977,82,1
7978,66,1
7979,37,1
7980,96,1
7981,200,0
7982,200,0
7983,99,0
7984,200,0
7985,78,0
7986,169,1
7987,200,0
7988,190,1
7989,200,0
7990,41,1
7991,74,0
7992,200,0
7993,200,0
7994,188,1
7995,200,0
7996,92,0
7997,60,1
7998,89,1
7999,178,1
8000,83,1
8001,16,0
8002,35,0
8003,124,1
8004,139,1
8005,64,1
8006,182,0
8007,152,1
8008,71,0
8009,120,1
8010,96,1
8011,94,1
8012,50,0
8013,157,1
8014,80,1
8015,128,1
8016,200,0
8017,96,1
8018,21,0
8019,200,0
8020,79,1
8021,25,0
8022,119,1
8023,134,1
8024,117,1
8025,200,0
8026,105,0
8027,47,1
8028,84,0
8029,114,1
8030,47,1
8031,74,1
8032,66,0
8033,105,0
8034,120,1
8035,177,1
8036,85,1
8037,135,1
8038,120,0
8039,78,1
8040,39,1
8041,200,0
8042,112,1
8043,200,0
8044,112,0
8045,73,0
8046,54,1
8047,200,0
8048,126,1
8049,129,0
8050,146,1
8051,200,0
8052,127,1
8053,200,0
8054,106,0
8055,77,0
8056,197,0
8057,200,0
8058,200,0
8059,72,1
8060,200,0
8061,12,0
8062,200,0
8063,12,0
8064,38,1
8065,141,0
8066,161,1
8067,200,0
8068,200,0
8069,199,1
8070,200,0
8071,200,0
8072,200,0
8073,48,1
8074,103,1
8075,133,1
8076,73,1
8077,83,0
8078,118,1
8079,152,0
8080,13,0
8081,159,1
8082,50,0
8083,103,0
8084,51,1
8085,141,1
8086,50,1
8087,200,0
8088,107,1
8089,200,0
8090,187,1
8091,197,1
8092,108,1
8093,33,0
8094,11,0
8095,97,1
8096,200,0
8097,106,1
8098,171,1
8099,81,0
8100,15,0
8101,166,1
8102,11,0
8103,94,1
8104,31,1
8105,59,0
8106,140,1
8107,52,1
8108,57,1
8109,169,0
8110,200,0
8111,79,1
8112,96,1
8113,200,0
8114,16,0
8115,67,1
8116,73,1
8117,200,0
8118,132,1
8119,200,0
8120,189,0
8121,200,0
8122,71,1
8123,57,1
8124,191,1
8125,112,1
8126,96,1
8127,87,1
8128,52,0
8129,38,1
8130,76,1
8131,74,0
8132,200,0
8133,109,0
8134,92,1
8135,156,1
8136,11,0
8137,69,0
8138,200,0
8139,24,0
8140,84,0
8141,65,1
8142,137,1
8143,200,0
8144,200,0
8145,119,1
8146,83,1
8147,96,1
8148,71,0
8149,153,1
8150,200,0
8151,31,1
8152,200,0
8153,154,0
8154,200,0
8155,51,1
8156,94,0
8157,80,1
8158,200,0
8159,109,0
8160,88,1
8161,103,1
8162,140,1
8163,200,0
8164,143,1
8165,68,0
8166,156,1
8167,144,0
8168,101,1
8169,57,1
8170,181,1
8171,177,0
8172,200,0
8173,31,0
8174,33,0
8175,200,0
8176,107,0
8177,136,0
8178,31,1
8179,200,0
8180,86,0
8181,87,0
8182,102,1
8183,77,1
8184,200,0
8185,96,1
8186,200,0
8187,102,0
8188,200,0
8189,105,1
8190,46,1
8191,200,0
8192,200,0
8193,27,0
8194,200,0
8195,108,1
8196,13,0
8197,10,0
8198,168,1
8199,40,1
8200,69,1
8201,146,0
8202,199,1
8203,162,1
8204,21,0
8205,35,1
8206,129,0
8207,48,1
8208,87,1
8209,200,0
8210,141,1
8211,73,0
8212,75,0
8213,153,1
8214,154,1
8215,10,0
8216,37,0
8217,68,1
8218,103,1
8219,190,1
8220,76,1
8221,63,1
8222,153,1
8223,200,0
8224,175,1
8225,88,1
8226,167,1
8227,187,1
8228,49,0
8229,57,1
8230,103,1
8231,200,0
8232,115,1
8233,64,0
8234,200,0
8235,149,1
8236,200,0
8237,200,0
8238,150,1
8239,200,0
8240,78,1
8241,200,0
8242,200,0
8243,176,1
8244,200,0
8245,200,0
8246,200,0
8247,105,1
8248,200,0
8249,115,0
8250,117,0
8251,102,0
8252,144,1
8253,176,1
8254,14,0
8255,200,0
8256,83,0
8257,144,0
8258,72,0
8259,152,1
8260,130,0
8261,146,1
8262,127,1
8263,73,1
8264,146,1
8265,157,1
8266,158,1
8267,123,1
8268,200,0
8269,200,0
8270,102,0
8271,20,0
8272,200,0
8273,31,1
8274,200,0
8275,183,1
8276,175,1
8277,200,0
8278,177,1
8279,200,0
8280,36,0
8281,108,0
8282,51,1
8283,184,1
8284,200,0
8285,106,1
8286,135,1
8287,200,0
8288,150,1
8289,65,1
8290,57,0
8291,34,0
8292,22,1
8293,62,1
8294,95,1
8295,45,1
8296,200,0
8297,200,0
8298,126,1
8299,61,1
8300,48,0
8301,200,0
8302,164,1
8303,55,0
8304,149,1
8305,35,0
8306,71,0
8307,110,0
8308,73,1
8309,69,1
8310,67,0
8311,89,1
8312,96,1
8313,34,1
8314,200,0
8315,72,0
8316,54,1
8317,190,1
8318,144,0
8319,129,0
8320,200,0
8321,200,0
8322,120,1
8323,110,1
8324,50,1
8325,73,1
8326,200,0
8327,150,1
8328,94,1
8329,64,1
8330,80,1
8331,60,0
8332,38,1
8333,127,0
8334,62,1
8335,200,0
8336,177,1
8337,170,1
8338,76,0
8339,92,1
8340,86,1
8341,200,0
8342,200,0
8343,200,0
8344,200,0
8345,35,0
8346,27,0
8347,200,0
8348,54,1
8349,45,1
8350,83,1
8351,70,1
8352,120,1
8353,126,1
8354,200,0
8355,130,0
8356,136,1
8357,164,0
8358,85,0
8359,121,1
8360,153,1
8361,200,0
8362,191,0
8363,82,0
8364,28,0
8365,56,0
8366,200,0
8367,174,1
8368,145,0
8369,91,1
8370,59,1
8371,149,1
8372,200,0
8373,200,0
8374,68,0
8375,200,0
8376,76,1
8377,189,0
8378,200,0
8379,101,1
8380,63,1
8381,17,0
8382,200,0
8383,105,0
8384,200,0
8385,200,0
8386,114,1
8387,200,0
8388,200,0
8389,200,0
8390,13,0
8391,200,0
8392,200,0
8393,61,1
8394,16,0
8395,200,0
8396,65,0
8397,51,1
8398,200,0
8399,200,0
8400,111,1
8401,159,1
8402,144,1
8403,111,1
8404,200,0
8405,15,0
8406,71,1
8407,200,0
8408,200,0
8409,80,1
8410,21,0
8411,109,1
8412,37,1
8413,75,1
8414,200,0
8415,60,0
8416,33,0
8417,200,0
8418,58,1
8419,200,0
8420,200,0
8421,104,1
8422,19,0
8423,200,0
8424,133,1
8425,200,0
8426,59,0
8427,131,1
8428,65,0
8429,187,1
8430,44,0
8431,29,0
8432,42,0
8433,96,1
8434,200,0
8435,118,1
8436,161,1
8437,24,0
8438,145,0
8439,172,1
8440,165,1
8441,171,1
8442,200,0
8443,200,0
8444,200,0
8445,159,1
8446,141,1
8447,200,0
8448,117,1
8449,100,0
8450,72,0
8451,110,1
8452,200,0
8453,200,0
8454,106,0
8455,200,0
8456,25,0
8457,200,0
8458,200,0
8459,59,1
8460,128,1
8461,8,0
8462,177,1
8463,22,0
8464,200,0
8465,8,0
8466,200,0
8467,133,1
8468,9,0
8469,54,0
8470,43,1
8471,64,1
8472,47,0
8473,89,0
8474,81,1
8475,55,1
8476,184,1
8477,84,1
8478,46,1
8479,37,0
8480,95,1
8481,63,0
8482,20,0
8483,90,1
8484,60,1
8485,55,0
8486,200,0
8487,190,0
8488,186,1
8489,151,1
8490,200,0
8491,150,1
8492,81,1
8493,49,1
8494,200,0
8495,186,1
8496,97,1
8497,200,0
8498,139,0
8499,159,1
8500,197,0
8501,200,0
8502,63,0
8503,200,0
8504,180,0
8505,101,0
8506,33,1
8507,23,0
8508,200,0
8509,200,0
8510,138,1
8511,200,0
8512,115,1
8513,110,1
8514,200,0
8515,200,0
8516,8,0
8517,93,0
8518,200,0
8519,45,0
8520,103,0
8521,46,0
8522,167,1
8523,71,1
8524,128,1
8525,200,0
8526,138,1
8527,83,1
8528,82,1
8529,91,1
8530,49,0
8531,93,1
8532,25,0
8533,88,1
8534,160,1
8535,42,1
8536,101,0
8537,137,1
8538,46,0
8539,36,1
8540,200,0
8541,92,1
8542,136,1
8543,197,1
8544,200,0
8545,85,0
8546,163,1
8547,76,1
8548,164,1
8549,200,0
8550,33,1
8551,76,0
8552,113,1
8553,153,1
8554,47,0
8555,91,1
8556,80,1
8557,200,0
8558,168,1
8559,200,0
8560,109,1
8561,9,0
8562,167,1
8563,45,1
8564,15,0
8565,70,0
8566,171,1
8567,173,1
8568,157,1
8569,119,0
8570,101,1
8571,93,1
8572,64,1
8573,200,0
8574,55,1
8575,63,1
8576,91,1
8577,181,1
8578,200,0
8579,68,1
8580,200,0
8581,62,1
8582,65,1
8583,78,0
8584,66,1
8585,63,1
8586,116,1
8587,59,1
8588,88,1
8589,200,0
8590,27,0
8591,69,1
8592,99,1
8593,61,1
8594,194,1
8595,104,1
8596,23,0
8597,32,1
8598,68,1
8599,51,1
8600,77,1
8601,44,0
8602,91,1
8603,101,1
8604,94,0
8605,128,1
8606,71,1
8607,200,0
8608,98,1
8609,69,0
8610,85,0
8611,89,0
8612,70,1
8613,100,1
8614,18,0
8615,86,1
8616,95,0
8617,81,0
8618,200,0
8619,93,1
8620,100,1
8621,139,1
8622,200,0
8623,143,1
8624,41,0
8625,97,1
8626,36,1
8627,179,1
8628,142,1
8629,71,1
8630,135,0
8631,60,1
8632,200,0
8633,78,1
8634,141,1
8635,200,0
8636,65,1
8637,127,1
8638,121,1
8639,200,0
8640,172,1
8641,200,0
8642,80,1
8643,106,1
8644,53,0
8645,54,0
8646,148,1
8647,89,1
8648,147,1
8649,200,0
8650,82,1
8651,149,1
8652,132,1
8653,40,1
8654,95,1
8655,75,0
8656,116,1
8657,74,1
8658,200,0
8659,73,1
8660,9,0
8661,167,1
8662,66,1
8663,79,1
8664,75,1
8665,58,1
8666,79,1
8667,82,0
8668,200,0
8669,85,1
8670,147,1
8671,102,1
8672,200,0
8673,7,0
8674,32,1
8675,175,0
8676,179,1
8677,78,1
8678,43,1
8679,200,0
8680,95,1
8681,158,1
8682,151,1
8683,179,1
8684,124,1
8685,93,1
8686,53,0
8687,85,1
8688,113,1
8689,161,1
8690,53,1
8691,72,1
8692,200,0
8693,118,1
8694,143,1
8695,80,1
8696,116,1
8697,105,1
8698,90,0
8699,83,1
8700,125,1
8701,84,1
8702,52,1
8703,103,1
8704,133,0
8705,200,0
8706,68,0
8707,55,1
8708,200,0
8709,86,1
8710,82,0
8711,200,0
8712,200,0
8713,174,1
8714,166,1
8715,200,0
8716,200,0
8717,189,1
8718,165,1
8719,80,0
8720,39,1
8721,87,0
8722,200,0
8723,106,1
8724,169,1
8725,21,0
8726,86,0
8727,34,0
8728,200,0
8729,133,1
8730,138,0
8731,145,1
8732,171,1
8733,30,1
8734,200,0
8735,166,1
8736,62,0
8737,200,0
8738,41,0
8739,16,0
8740,60,1
8741,101,1
8742,200,0
8743,90,1
8744,200,0
8745,83,1
8746,178,0
8747,189,1
8748,200,0
8749,200,0
8750,27,0
8751,127,1
8752,199,1
8753,56,1
8754,200,0
8755,13,0
8756,42,0
8757,78,0
8758,200,0
8759,107,1
8760,116,1
8761,112,1
8762,200,0
8763,151,0
8764,109,1
8765,89,1
8766,94,1
8767,23,0
8768,105,1
8769,107,1
8770,94,1
8771,55,1
8772,18,0
8773,200,0
8774,108,1
8775,115,1
8776,48,1
8777,174,1
8778,74,1
8779,85,1
8780,88,1
8781,94,1
8782,53,1
8783,116,1
8784,71,1
8785,91,1
8786,98,1
8787,29,0
8788,91,1
8789,42,1
8790,51,0
8791,113,1
8792,200,0
8793,142,0
8794,171,1
8795,83,1
8796,136,1
8797,42,1
8798,200,0
8799,25,0
8800,63,1
8801,39,1
8802,64,1
8803,99,1
8804,178,0
8805,163,1
8806,145,1
8807,77,1
8808,48,1
8809,83,0
8810,200,0
8811,200,0
8812,151,0
8813,93,1
8814,47,0
8815,137,1
8816,101,1
8817,153,1
8818,82,1
8819,89,1
8820,199,1
8821,93,1
8822,200,0
8823,94,1
8824,200,0
8825,40,0
8826,195,1
8827,124,1
8828,52,0
8829,200,0
8830,200,0
8831,195,1
8832,126,1
8833,124,1
8834,200,0
8835,200,0
8836,200,0
8837,128,0
8838,109,0
8839,78,1
8840,180,1
8841,104,1
8842,174,1
8843,177,1
8844,167,1
8845,32,1
8846,93,0
8847,64,0
8848,86,0
8849,172,1
8850,51,0
8851,58,0
8852,200,0
8853,85,1
8854,94,1
8855,13,0
8856,200,0
8857,122,1
8858,55,1
8859,74,1
8860,136,1
8861,31,0
8862,185,1
8863,200,0
8864,200,0
8865,98,1
8866,110,0
8867,64,0
8868,13,0
8869,112,1
8870,96,1
8871,171,1
8872,72,0
8873,63,1
8874,200,0
8875,117,1
8876,190,0
8877,28,1
8878,42,1
8879,200,0
8880,200,0
8881,200,0
8882,168,1
8883,61,0
8884,140,1
8885,142,1
8886,200,0
8887,162,1
8888,47,0
8889,103,1
8890,43,0
8891,92,1
8892,43,1
8893,100,1
8894,200,0
8895,41,0
8896,187,0
8897,16,0
8898,91,1
8899,200,0
8900,124,0
8901,61,1
8902,200,0
8903,142,1
8904,23,0
8905,58,1
8906,162,1
8907,84,0
8908,120,1
8909,31,1
8910,62,1
8911,154,1
8912,200,0
8913,200,0
8914,90,1
8915,114,1
8916,91,0
8917,166,1
8918,171,1
8919,200,0
8920,168,1
8921,200,0
8922,200,0
8923,140,1
8924,96,1
8925,76,1
8926,14,0
8927,49,1
8928,82,0
8929,87,1
8930,80,1
8931,123,1
8932,141,1
8933,157,1
8934,200,0
8935,200,0
8936,122,1
8937,100,1
8938,57,1
8939,21,0
8940,21,1
8941,121,1
8942,94,1
8943,141,1
8944,82,1
8945,74,1
8946,72,0
8947,60,1
8948,127,1
8949,45,1
8950,75,1
8951,69,0
8952,154,0
8953,105,1
8954,43,1
8955,171,1
8956,134,1
8957,137,1
8958,99,0
8959,116,1
8960,200,0
8961,130,1
8962,149,1
8963,200,0
8964,91,1
8965,50,1
8966,115,0
8967,8,0
8968,120,1
8969,171,1
8970,200,0
8971,59,0
8972,15,0
8973,163,1
8974,200,0
8975,58,1
8976,87,1
8977,92,1
8978,104,0
8979,72,1
8980,150,1
8981,107,1
8982,94,1
8983,200,0
8984,200,0
8985,200,0
8986,200,0
8987,94,1
8988,100,0
8989,103,1
8990,125,1
8991,43,1
8992,28,1
8993,116,1
8994,127,1
8995,200,0
8996,53,1
8997,74,1
8998,80,1
8999,152,0
9000,42,0
9001,51,1
9002,100,1
9003,131,1
9004,200,0
9005,105,1
9006,149,1
9007,75,1
9008,198,1
9009,27,0
9010,61,0
9011,200,0
9012,79,1
9013,180,1
9014,200,0
9015,200,0
9016,78,1
9017,114,1
9018,200,0
9019,169,0
9020,200,0
9021,111,1
9022,200,0
9023,150,1
9024,200,1
9025,87,0
9026,152,1
9027,119,1
9028,143,1
9029,55,0
9030,200,0
9031,197,1
9032,39,0
9033,135,1
9034,200,0
9035,80,1
9036,93,1
9037,80,1
9038,182,1
9039,53,0
9040,200,0
9041,195,0
9042,10,0
9043,146,1
9044,173,0
9045,133,1
9046,200,0
9047,66,1
9048,146,1
9049,200,0
9050,200,0
9051,48,1
9052,200,0
9053,46,0
9054,174,0
9055,119,1
9056,131,0
9057,200,0
9058,42,1
9059,27,0
9060,200,0
9061,68,1
9062,166,1
9063,141,0
9064,164,1
9065,200,0
9066,97,0
9067,158,0
9068,163,1
9069,200,0
9070,200,0
9071,40,0
9072,111,1
9073,40,0
9074,67,1
9075,66,0
9076,55,1
9077,18,0
9078,119,1
9079,200,0
9080,70,1
9081,142,1
9082,105,1
9083,86,1
9084,84,0
9085,200,0
9086,117,0
9087,153,1
9088,113,1
9089,72,0
9090,72,1
9091,141,1
9092,107,1
9093,104,0
9094,46,1
9095,119,1
9096,88,1
9097,31,0
9098,171,1
9099,168,0
9100,73,1
9101,94,0
9102,200,0
9103,127,1
9104,85,1
9105,200,0
9106,138,1
9107,166,1
9108,183,1
9109,113,1
9110,49,1
9111,37,1
9112,54,0
9113,19,0
9114,66,1
9115,51,1
9116,164,1
9117,156,1
9118,113,1
9119,52,0
9120,132,1
9121,132,0
9122,142,1
9123,146,1
9124,200,0
9125,84,1
9126,172,1
9127,81,1
9128,200,0
9129,154,1
9130,157,1
9131,199,1
9132,99,0
9133,109,0
9134,175,1
9135,200,0
9136,200,0
9137,112,1
9138,156,1
9139,36,0
9140,115,1
9141,121,0
9142,106,1
9143,191,1
9144,169,1
9145,70,0
9146,88,0
9147,200,0
9148,150,0
9149,89,1
9150,200,0
9151,57,0
9152,12,0
9153,74,0
9154,200,0
9155,200,0
9156,200,0
9157,145,0
9158,19,0
9159,48,1
9160,162,1
9161,62,1
9162,174,1
9163,144,0
9164,64,1
9165,57,1
9166,49,0
9167,34,0
9168,200,0
9169,127,0
9170,200,0
9171,48,0
9172,146,1
9173,97,0
9174,13,0
9175,200,0
9176,28,0
9177,200,0
9178,200,0
9179,131,1
9180,59,1
9181,83,1
9182,11,0
9183,172,0
9184,89,1
9185,71,1
9186,76,1
9187,24,0
9188,154,1
9189,200,0
9190,76,1
9191,130,1
9192,79,1
9193,86,0
9194,183,1
9195,39,0
9196,168,1
9197,200,0
9198,170,0
9199,20,0
9200,94,0
9201,74,1
9202,200,0
9203,151,1
9204,59,0
9205,200,0
9206,103,0
9207,107,1
9208,200,0
9209,200,0
9210,200,0
9211,76,1
9212,115,0
9213,80,0
9214,120,1
9215,200,0
9216,121,1
9217,126,0
9218,200,0
9219,54,1
9220,53,1
9221,93,0
9222,121,1
9223,67,1
9224,200,0
9225,83,1
9226,47,0
9227,200,0
9228,65,1
9229,70,1
9230,130,1
9231,200,0
9232,89,1
9233,200,0
9234,55,0
9235,89,1
9236,123,1
9237,94,1
9238,200,0
9239,47,0
9240,200,0
9241,82,1
9242,56,1
9243,92,1
9244,122,1
9245,123,1
9246,200,0
9247,200,0
9248,85,0
9249,66,1
9250,88,1
9251,74,1
9252,46,1
9253,151,0
9254,125,1
9255,106,1
9256,79,0
9257,90,1
9258,96,1
9259,85,1
9260,135,0
9261,126,1
9262,132,0
9263,111,1
9264,101,1
9265,200,0
9266,197,1
9267,124,1
9268,174,0
9269,40,1
9270,200,0
9271,114,1
9272,87,1
9273,40,1
9274,136,1
9275,200,0
9276,56,0
9277,163,1
9278,200,0
9279,45,1
9280,142,1
9281,200,0
9282,200,0
9283,146,1
9284,166,1
9285,147,1
9286,149,1
9287,41,0
9288,88,0
9289,75,1
9290,124,1
9291,36,1
9292,38,0
9293,190,1
9294,103,1
9295,45,1
9296,63,1
9297,132,1
9298,200,0
9299,200,0
9300,55,1
9301,76,1
9302,63,0
9303,78,1
9304,82,0
9305,87,1
9306,50,0
9307,104,1
9308,97,1
9309,77,1
9310,148,1
9311,53,1
9312,200,0
9313,45,0
9314,148,0
9315,87,1
9316,68,1
9317,138,0
9318,88,1
9319,188,1
9320,200,0
9321,81,0
9322,95,1
9323,98,1
9324,140,1
9325,56,1
9326,88,1
9327,50,1
9328,86,1
9329,9,0
9330,39,1
9331,71,0
9332,51,0
9333,177,0
9334,200,0
9335,131,1
9336,53,1
9337,200,0
9338,113,1
9339,77,0
9340,22,0
9341,143,1
9342,56,1
9343,10,0
9344,155,1
9345,200,0
9346,200,0
9347,42,0
9348,200,0
9349,16,0
9350,53,0
9351,40,1
9352,200,0
9353,116,1
9354,115,1
9355,118,1
9356,109,1
9357,92,1
9358,117,1
9359,94,0
9360,8,0
9361,104,1
9362,106,1
9363,160,1
9364,78,1
9365,200,0
9366,106,1
9367,140,1
9368,196,1
9369,75,0
9370,200,0
9371,200,0
9372,200,0
9373,62,1
9374,200,0
9375,119,1
9376,200,0
9377,163,1
9378,32,0
9379,105,1
9380,138,0
9381,194,1
9382,61,1
9383,133,1
9384,161,1
9385,141,0
9386,177,1
9387,117,0
9388,102,0
9389,200,0
9390,94,0
9391,200,0
9392,134,1
9393,54,1
9394,181,1
9395,93,1
9396,67,0
9397,145,1
9398,38,0
9399,112,0
9400,200,0
9401,84,1
9402,14,0
9403,129,1
9404,200,0
9405,70,1
9406,31,1
9407,36,1
9408,133,1
9409,104,1
9410,147,1
9411,154,1
9412,144,1
9413,73,0
9414,14,0
9415,73,0
9416,200,0
9417,88,1
9418,59,1
9419,88,0
9420,27,0
9421,160,1
9422,107,1
9423,75,1
9424,200,0
9425,200,0
9426,200,0
9427,200,0
9428,70,1
9429,95,1
9430,13,0
9431,200,0
9432,146,1
9433,117,1
9434,77,1
9435,119,1
9436,35,1
9437,99,0
9438,37,1
9439,147,0
9440,50,0
9441,200,0
9442,113,0
9443,14,0
9444,84,1
9445,107,1
9446,77,1
9447,60,1
9448,33,0
9449,81,1
9450,41,0
9451,49,0
9452,93,1
9453,73,1
9454,93,1
9455,58,0
9456,196,1
9457,69,1
9458,64,1
9459,127,0
9460,42,1
9461,68,1
9462,179,1
9463,176,1
9464,193,1
9465,38,0
9466,119,1
9467,200,0
9468,46,0
9469,82,0
9470,108,1
9471,120,1
9472,107,1
9473,87,1
9474,85,0
9475,200,0
9476,121,1
9477,39,1
9478,35,1
9479,69,1
9480,84,1
9481,135,1
9482,37,0
9483,186,1
9484,66,1
9485,118,1
9486,172,1
9487,137,1
9488,104,0
9489,45,0
9490,74,1
9491,81,0
9492,78,1
9493,76,0
9494,140,0
9495,191,1
9496,111,1
9497,111,1
9498,76,0
9499,54,0
9500,200,0
9501,110,1
9502,168,1
9503,165,1
9504,200,0
9505,200,0
9506,94,1
9507,110,1
9508,52,0
9509,200,0
9510,45,0
9511,62,0
9512,43,1
9513,186,1
9514,152,0
9515,158,1
9516,64,1
9517,40,1
9518,121,1
9519,200,0
9520,74,1
9521,146,1
9522,59,1
9523,11,0
9524,85,1
9525,65,1
9526,61,1
9527,200,0
9528,93,0
9529,23,0
9530,139,1
9531,59,1
9532,79,0
9533,200,0
9534,152,1
9535,200,1
9536,47,0
9537,112,1
9538,200,0
9539,120,1
9540,182,1
9541,98,1
9542,46,1
9543,122,1
9544,105,1
9545,189,1
9546,72,1
9547,160,1
9548,142,0
9549,14,0
9550,200,0
9551,110,1
9552,89,1
9553,86,1
9554,95,1
9555,13,0
9556,98,0
9557,200,0
9558,61,1
9559,146,0
9560,200,0
9561,200,0
9562,186,1
9563,66,1
9564,200,0
9565,197,1
9566,170,1
9567,73,1
9568,200,0
9569,171,1
9570,88,0
9571,43,0
9572,69,1
9573,86,1
9574,192,0
9575,198,1
9576,112,1
9577,157,1
9578,80,0
9579,100,1
9580,71,0
9581,41,1
9582,191,1
9583,69,1
9584,185,1
9585,128,1
9586,155,1
9587,108,1
9588,152,1
9589,65,1
9590,30,1
9591,115,1
9592,131,1
9593,86,1
9594,51,0
9595,181,1
9596,86,1
9597,200,0
9598,200,0
9599,192,1
9600,80,1
9601,64,1
9602,200,0
9603,140,0
9604,200,0
9605,107,1
9606,63,0
9607,54,1
9608,91,1
9609,200,0
9610,68,0
9611,77,1
9612,151,0
9613,144,1
9614,90,1
9615,71,1
9616,109,1
9617,68,1
9618,200,0
9619,200,0
9620,200,0
9621,128,1
9622,134,1
9623,140,1
9624,102,0
9625,200,0
9626,130,1
9627,142,1
9628,50,1
9629,200,0
9630,200,0
9631,200,0
9632,174,1
9633,97,1
9634,200,0
9635,140,1
9636,101,1
9637,39,0
9638,200,0
9639,44,0
9640,193,0
9641,129,1
9642,104,1
9643,124,1
9644,200,0
9645,63,1
9646,51,1
9647,88,0
9648,126,1
9649,132,1
9650,98,1
9651,14,0
9652,161,1
9653,130,1
9654,54,1
9655,200,0
9656,79,1
9657,90,0
9658,60,1
9659,38,1
9660,200,0
9661,200,0
9662,118,1
9663,53,0
9664,167,1
9665,105,0
9666,32,1
9667,139,1
9668,100,0
9669,102,1
9670,62,1
9671,42,0
9672,135,0
9673,143,1
9674,144,1
9675,137,1
9676,44,0
9677,41,1
9678,67,1
9679,125,1
9680,111,1
9681,200,0
9682,105,1
9683,55,1
9684,106,1
9685,74,1
9686,58,1
9687,53,1
9688,119,1
9689,68,1
9690,200,0
9691,87,1
9692,58,1
9693,200,0
9694,119,0
9695,146,1
9696,146,1
9697,150,1
9698,84,0
9699,200,0
9700,55,1
9701,26,0
9702,77,0
9703,200,0
9704,130,0
9705,27,1
9706,101,0
9707,123,1
9708,75,0
9709,109,0
9710,77,1
9711,200,0
9712,184,1
9713,171,1
9714,70,0
9715,136,1
9716,200,0
9717,152,0
9718,78,1
9719,200,0
9720,108,1
9721,115,0
9722,183,0
9723,197,1
9724,134,1
9725,200,0
9726,78,1
9727,200,0
9728,151,1
9729,200,0
9730,183,1
9731,28,0
9732,130,1
9733,66,1
9734,44,0
9735,155,1
9736,61,1
9737,178,1
9738,78,0
9739,91,0
9740,149,1
9741,22,0
9742,95,1
9743,200,0
9744,93,0
9745,200,0
9746,76,1
9747,62,1
9748,113,1
9749,99,1
9750,107,0
9751,93,1
9752,78,1
9753,200,0
9754,74,1
9755,86,0
9756,71,1
9757,76,1
9758,123,1
9759,111,1
9760,29,0
9761,200,0
9762,178,1
9763,200,0
9764,36,0
9765,200,0
9766,94,1
9767,181,1
9768,200,0
9769,166,1
9770,126,1
9771,200,0
9772,106,1
9773,153,1
9774,13,0
9775,19,0
9776,163,1
9777,91,0
9778,141,0
9779,168,1
9780,121,1
9781,200,0
9782,161,0
9783,122,1
9784,91,1
9785,200,0
9786,78,1
9787,143,1
9788,45,1
9789,132,1
9790,200,0
9791,74,0
9792,183,1
9793,200,0
9794,79,1
9795,93,1
9796,72,1
9797,90,1
9798,200,0
9799,81,1
9800,62,1
9801,97,0
9802,147,1
9803,47,1
9804,200,0
9805,81,0
9806,55,1
9807,93,0
9808,15,0
9809,101,0
9810,108,0
9811,200,0
9812,42,0
9813,57,0
9814,96,1
9815,49,0
9816,38,1
9817,134,1
9818,71,1
9819,85,1
9820,91,1
9821,190,1
9822,112,1
9823,61,1
9824,60,1
9825,17,0
9826,200,0
9827,43,1
9828,100,1
9829,103,1
9830,53,1
9831,102,1
9832,162,0
9833,110,0
9834,86,1
9835,146,1
9836,40,1
9837,135,1
9838,200,0
9839,164,1
9840,200,0
9841,30,0
9842,17,0
9843,134,1
9844,101,1
9845,200,0
9846,138,1
9847,123,1
9848,71,1
9849,28,0
9850,149,1
9851,80,0
9852,138,1
9853,76,1
9854,126,0
9855,78,0
9856,83,1
9857,182,1
9858,191,1
9859,62,0
9860,200,0
9861,163,1
9862,94,0
9863,200,0
9864,161,0
9865,200,0
9866,200,0
9867,200,0
9868,165,0
9869,153,0
9870,200,0
9871,124,1
9872,200,0
9873,69,1
9874,200,0
9875,6,0
9876,200,0
9877,83,1
9878,53,1
9879,57,1
9880,84,0
9881,73,1
9882,77,0
9883,154,1
9884,105,0
9885,71,0
9886,95,0
9887,39,0
9888,54,0
9889,42,1
9890,18,0
9891,89,0
9892,66,0
9893,76,0
9894,33,0
9895,116,1
9896,200,0
9897,118,1
9898,200,0
9899,200,0
9900,15,0
9901,53,1
9902,74,1
9903,135,1
9904,137,0
9905,200,0
9906,115,1
9907,64,1
9908,200,0
9909,200,0
9910,106,0
9911,65,0
9912,12,0
9913,56,0
9914,30,1
9915,111,1
9916,200,0
9917,200,0
9918,200,0
9919,35,0
9920,76,0
9921,132,1
9922,139,1
9923,200,0
9924,156,1
9925,200,0
9926,187,1
9927,146,1
9928,126,1
9929,37,0
9930,180,1
9931,121,1
9932,80,0
9933,139,1
9934,87,1
9935,52,1
9936,58,1
9937,22,0
9938,96,0
9939,18,0
9940,200,0
9941,121,1
9942,144,1
9943,132,1
9944,200,0
9945,200,0
9946,51,1
9947,200,0
9948,153,1
9949,124,0
9950,110,1
9951,200,0
9952,200,0
9953,200,0
9954,55,0
9955,200,0
9956,200,0
9957,114,1
9958,148,1
9959,47,1
9960,155,1
9961,56,0
9962,15,0
9963,91,1
9964,200,0
9965,113,0
9966,46,1
9967,200,0
9968,44,0
9969,108,1
9970,97,1
9971,190,1
9972,194,1
9973,35,0
9974,116,1
9975,56,1
9976,64,1
9977,104,1
9978,142,1
9979,158,1
9980,109,1
9981,87,1
9982,45,1
9983,59,0
9984,94,0
9985,78,1
9986,96,1
9987,103,1
9988,64,0
9989,84,1
9990,88,0
9991,93,1
9992,200,0
9993,160,1
9994,147,1
9995,197,1
9996,87,1
9997,116,0
9998,80,0
9999,91,1
