episode,steps,reward
0,36,0
1,42,0
2,38,0
3,15,0
4,17,0
5,9,0
6,8,0
7,28,0
8,35,0
9,76,0
10,19,0
11,20,0
12,37,0
13,24,0
14,28,0
15,39,0
16,11,0
17,22,0
18,46,0
19,21,0
20,10,0
21,63,0
22,14,0
23,22,0
24,54,0
25,35,0
26,50,0
27,29,0
28,31,0
29,50,0
30,62,0
31,58,0
32,16,0
33,128,0
34,39,0
35,26,0
36,10,0
37,15,0
38,20,0
39,17,0
40,18,0
41,21,0
42,26,0
43,42,0
44,30,0
45,15,0
46,19,0
47,25,0
48,20,0
49,15,0
50,24,0
51,66,0
52,9,0
53,13,0
54,32,0
55,62,0
56,64,0
57,39,0
58,20,0
59,31,0
60,30,0
61,11,0
62,32,0
63,35,0
64,31,0
65,18,0
66,22,0
67,27,0
68,72,0
69,73,0
70,17,0
71,72,0
72,16,0
73,12,0
74,9,0
75,43,0
76,61,0
77,63,0
78,26,0
79,29,0
80,40,0
81,22,0
82,55,0
83,46,0
84,28,0
85,49,0
86,53,0
87,46,0
88,59,0
89,15,0
90,31,0
91,50,0
92,11,0
93,30,0
94,34,0
95,31,0
96,46,0
97,37,1
98,31,0
99,42,0
100,30,0
101,6,0
102,33,0
103,38,0
104,78,0
105,33,0
106,42,1
107,23,0
108,73,0
109,78,0
110,44,0
111,49,0
112,48,0
113,40,0
114,50,0
115,58,0
116,7,0
117,22,0
118,13,0
119,26,0
120,24,0
121,124,1
122,33,0
123,20,0
124,52,0
125,102,0
126,16,0
127,14,0
128,14,0
129,36,0
130,81,0
131,20,0
132,60,0
133,25,1
134,37,0
135,39,1
136,90,0
137,83,1
138,54,1
139,82,0
140,31,0
141,72,0
142,69,0
143,105,0
144,69,1
145,35,0
146,61,0
147,32,0
148,59,0
149,49,0
150,25,0
151,43,0
152,21,0
153,58,0
154,13,0
155,43,0
156,21,0
157,24,0
158,18,0
159,27,0
160,146,0
161,19,0
162,60,0
163,52,0
164,17,0
165,58,0
166,19,0
167,19,0
168,22,0
169,5,0
170,95,0
171,40,0
172,70,0
173,98,0
174,52,1
175,48,0
176,8,0
177,28,0
178,65,1
179,17,0
180,109,0
181,15,0
182,45,1
183,32,0
184,67,0
185,104,0
186,14,0
187,35,0
188,19,0
189,52,0
190,17,0
191,56,1
192,63,0
193,49,0
194,137,0
195,133,0
196,12,0
197,32,0
198,42,0
199,7,0
200,15,0
201,16,0
202,33,0
203,32,0
204,32,0
205,38,0
206,8,0
207,29,0
208,23,0
209,41,0
210,73,0
211,48,0
212,101,0
213,10,0
214,7,0
215,182,1
216,15,0
217,85,1
218,53,0
219,31,0
220,72,0
221,108,0
222,62,0
223,92,0
224,65,0
225,9,0
226,170,0
227,40,0
228,37,0
229,60,0
230,128,1
231,130,1
232,13,0
233,19,0
234,17,0
235,17,0
236,24,0
237,20,0
238,18,0
239,71,0
240,51,0
241,30,0
242,12,0
243,18,0
244,44,0
245,34,0
246,63,0
247,55,1
248,42,0
249,15,0
250,37,0
251,53,0
252,53,1
253,98,0
254,61,0
255,18,0
256,101,0
257,70,1
258,200,0
259,24,0
260,13,0
261,21,0
262,85,0
263,9,0
264,18,0
265,166,0
266,18,0
267,7,0
268,21,0
269,25,0
270,60,0
271,111,0
272,37,0
273,11,0
274,11,0
275,12,0
276,36,0
277,53,1
278,8,0
279,32,1
280,151,0
281,37,0
282,12,0
283,90,1
284,23,0
285,123,1
286,18,0
287,57,0
288,23,0
289,80,0
290,43,1
291,61,1
292,46,1
293,123,1
294,69,0
295,31,0
296,30,0
297,56,1
298,103,0
299,19,0
300,68,0
301,15,0
302,88,1
303,24,0
304,58,0
305,194,1
306,52,0
307,50,0
308,38,0
309,55,0
310,44,0
311,68,0
312,42,0
313,18,0
314,9,0
315,65,0
316,15,0
317,200,0
318,70,0
319,44,0
320,101,0
321,11,0
322,13,0
323,50,0
324,28,0
325,32,0
326,35,0
327,45,0
328,19,0
329,13,0
330,129,0
331,16,0
332,113,0
333,63,0
334,45,0
335,41,0
336,57,0
337,5,0
338,25,0
339,23,0
340,14,0
341,28,0
342,44,0
343,27,0
344,69,0
345,10,0
346,54,0
347,27,0
348,108,1
349,14,0
350,124,0
351,23,0
352,126,0
353,13,0
354,87,0
355,95,0
356,11,0
357,35,0
358,17,0
359,37,0
360,63,0
361,22,0
362,49,0
363,15,0
364,17,0
365,73,0
366,39,0
367,24,0
368,25,0
369,19,0
370,71,1
371,59,0
372,121,0
373,38,0
374,55,0
375,36,0
376,61,0
377,16,0
378,37,0
379,170,1
380,35,0
381,30,0
382,22,0
383,29,0
384,7,0
385,177,0
386,49,0
387,24,0
388,10,0
389,18,0
390,20,0
391,8,0
392,74,0
393,20,0
394,27,0
395,121,0
396,21,0
397,27,0
398,25,0
399,19,0
400,39,0
401,89,0
402,44,0
403,24,0
404,29,0
405,20,0
406,12,0
407,70,0
408,100,0
409,11,0
410,68,0
411,49,0
412,41,0
413,11,0
414,14,0
415,10,0
416,18,0
417,44,1
418,177,0
419,71,0
420,20,0
421,63,0
422,45,1
423,50,0
424,45,1
425,74,0
426,35,0
427,18,0
428,41,0
429,29,0
430,43,0
431,23,0
432,31,0
433,134,1
434,25,0
435,15,0
436,46,0
437,37,0
438,144,0
439,24,0
440,141,0
441,41,0
442,32,0
443,25,0
444,44,0
445,21,0
446,60,0
447,61,1
448,7,0
449,61,1
450,149,1
451,82,0
452,71,1
453,102,1
454,32,0
455,123,1
456,65,1
457,82,0
458,6,0
459,53,0
460,121,1
461,80,1
462,35,0
463,9,0
464,110,0
465,151,0
466,127,1
467,15,0
468,27,0
469,86,1
470,17,0
471,156,0
472,21,0
473,113,0
474,16,0
475,39,0
476,25,0
477,17,0
478,64,0
479,10,0
480,11,0
481,40,0
482,34,0
483,49,0
484,41,0
485,50,0
486,89,1
487,41,0
488,28,0
489,38,0
490,71,0
491,23,0
492,53,0
493,33,0
494,36,0
495,73,1
496,83,0
497,71,0
498,14,0
499,54,1
500,78,0
501,131,1
502,22,0
503,146,0
504,29,0
505,27,0
506,43,0
507,31,0
508,12,0
509,6,0
510,27,0
511,110,1
512,16,0
513,11,0
514,77,1
515,57,0
516,72,0
517,137,1
518,14,0
519,63,0
520,29,0
521,60,1
522,20,0
523,33,0
524,9,0
525,200,0
526,29,0
527,126,1
528,24,0
529,10,0
530,11,0
531,17,0
532,75,0
533,43,1
534,34,0
535,7,0
536,34,0
537,10,0
538,40,0
539,120,1
540,86,0
541,10,0
542,30,0
543,139,1
544,34,0
545,85,0
546,50,1
547,7,0
548,15,0
549,22,0
550,40,0
551,71,1
552,52,1
553,86,1
554,84,1
555,28,0
556,37,1
557,87,1
558,29,0
559,87,1
560,90,0
561,14,0
562,200,0
563,56,1
564,41,1
565,17,0
566,90,0
567,16,0
568,58,1
569,15,0
570,170,1
571,50,0
572,30,0
573,7,0
574,11,0
575,60,0
576,88,0
577,80,1
578,80,1
579,58,1
580,191,1
581,27,0
582,200,0
583,137,0
584,89,0
585,34,0
586,44,1
587,15,0
588,17,0
589,88,0
590,15,0
591,78,0
592,141,1
593,9,0
594,9,0
595,6,0
596,9,0
597,78,0
598,71,0
599,39,0
600,8,0
601,53,0
602,7,0
603,49,0
604,47,0
605,48,0
606,77,1
607,87,0
608,50,1
609,92,1
610,14,0
611,107,0
612,59,1
613,12,0
614,80,1
615,183,1
616,13,0
617,21,0
618,29,0
619,26,0
620,79,0
621,53,0
622,200,0
623,10,0
624,121,0
625,24,0
626,20,0
627,117,1
628,10,0
629,20,0
630,22,0
631,29,0
632,29,0
633,81,0
634,57,1
635,24,0
636,200,0
637,48,0
638,51,0
639,10,0
640,26,0
641,122,1
642,21,0
643,56,1
644,17,0
645,47,0
646,116,1
647,101,1
648,82,1
649,38,1
650,139,1
651,15,0
652,200,0
653,37,0
654,28,0
655,27,0
656,14,0
657,43,0
658,11,0
659,12,0
660,31,0
661,6,0
662,25,0
663,47,0
664,105,0
665,40,0
666,18,0
667,41,0
668,23,0
669,48,0
670,23,0
671,178,0
672,91,0
673,65,0
674,85,1
675,11,0
676,79,0
677,53,0
678,79,1
679,78,0
680,14,0
681,9,0
682,136,0
683,38,1
684,42,0
685,13,0
686,61,1
687,59,1
688,30,0
689,107,0
690,25,0
691,45,0
692,63,0
693,135,0
694,12,0
695,46,0
696,22,0
697,48,0
698,52,0
699,22,0
700,51,0
701,141,0
702,52,0
703,22,0
704,27,0
705,26,0
706,11,0
707,17,0
708,55,0
709,27,0
710,48,0
711,11,0
712,69,0
713,28,0
714,43,0
715,64,0
716,32,0
717,27,0
718,7,0
719,17,0
720,56,0
721,40,0
722,142,1
723,70,1
724,75,0
725,8,0
726,76,1
727,6,0
728,8,0
729,66,0
730,43,0
731,11,0
732,97,0
733,22,0
734,18,0
735,8,0
736,71,1
737,75,0
738,76,1
739,15,0
740,142,0
741,9,0
742,21,0
743,91,0
744,88,0
745,12,0
746,44,0
747,49,1
748,39,0
749,17,0
750,51,0
751,13,0
752,146,0
753,17,0
754,50,0
755,79,1
756,14,0
757,76,0
758,44,0
759,171,1
760,68,0
761,14,0
762,61,0
763,188,1
764,11,0
765,78,0
766,11,0
767,22,0
768,22,0
769,19,0
770,11,0
771,95,0
772,87,0
773,31,0
774,107,0
775,200,0
776,38,0
777,31,0
778,12,0
779,20,0
780,11,0
781,62,0
782,14,0
783,20,0
784,41,0
785,52,0
786,66,0
787,11,0
788,23,0
789,71,0
790,158,1
791,23,0
792,23,0
793,23,0
794,18,0
795,21,0
796,25,0
797,86,0
798,19,0
799,32,0
800,38,0
801,26,0
802,15,0
803,27,0
804,55,0
805,57,0
806,70,1
807,138,1
808,160,0
809,18,0
810,25,0
811,16,0
812,101,1
813,10,0
814,16,0
815,69,1
816,65,1
817,71,1
818,34,0
819,149,0
820,104,0
821,39,0
822,20,0
823,162,1
824,73,1
825,66,1
826,46,0
827,83,1
828,53,0
829,37,1
830,94,1
831,14,0
832,32,0
833,39,0
834,50,0
835,23,0
836,145,0
837,56,0
838,146,1
839,60,0
840,91,0
841,63,1
842,28,0
843,140,0
844,9,0
845,73,0
846,143,0
847,19,0
848,130,0
849,76,0
850,180,0
851,13,0
852,50,0
853,12,0
854,12,0
855,38,0
856,92,1
857,121,1
858,61,0
859,25,0
860,116,1
861,92,1
862,19,0
863,62,1
864,27,0
865,54,1
866,85,1
867,56,1
868,28,0
869,132,1
870,39,1
871,101,0
872,23,0
873,21,0
874,34,1
875,120,1
876,38,0
877,30,0
878,105,1
879,67,0
880,72,1
881,76,1
882,82,1
883,46,0
884,31,0
885,12,0
886,14,0
887,93,1
888,110,1
889,105,1
890,132,1
891,114,0
892,71,1
893,33,1
894,108,1
895,60,0
896,37,0
897,25,0
898,73,1
899,45,1
900,29,0
901,24,0
902,40,1
903,28,0
904,32,0
905,67,1
906,51,0
907,47,0
908,109,1
909,27,0
910,108,0
911,56,1
912,39,0
913,38,1
914,40,0
915,67,1
916,106,1
917,65,1
918,54,1
919,49,1
920,60,0
921,84,1
922,39,1
923,91,1
924,69,1
925,37,1
926,50,1
927,39,1
928,51,0
929,68,1
930,75,1
931,21,0
932,101,1
933,156,1
934,147,1
935,11,0
936,83,1
937,71,1
938,40,1
939,137,0
940,81,0
941,48,1
942,143,1
943,48,1
944,53,0
945,14,0
946,7,0
947,65,1
948,66,1
949,53,1
950,154,1
951,98,1
952,10,0
953,187,1
954,121,1
955,51,0
956,80,0
957,164,0
958,93,1
959,10,0
960,76,0
961,48,0
962,59,1
963,123,1
964,95,1
965,178,1
966,30,0
967,120,1
968,10,0
969,21,0
970,68,1
971,174,1
972,42,0
973,27,0
974,182,1
975,116,1
976,89,1
977,85,1
978,57,0
979,58,0
980,20,0
981,121,1
982,23,0
983,27,0
984,8,0
985,26,0
986,87,0
987,43,0
988,29,0
989,83,1
990,19,0
991,135,0
992,170,1
993,26,0
994,34,0
995,51,1
996,77,1
997,18,0
998,24,0
999,58,0
1000,94,1
1001,24,0
1002,21,0
1003,42,0
1004,75,0
1005,123,1
1006,178,1
1007,19,0
1008,45,0
1009,33,0
1010,152,1
1011,8,0
1012,130,0
1013,132,0
1014,10,0
1015,31,0
1016,105,1
1017,50,0
1018,19,0
1019,71,0
1020,15,0
1021,100,0
1022,23,0
1023,67,0
1024,77,1
1025,35,1
1026,88,1
1027,77,1
1028,136,1
1029,26,0
1030,123,1
1031,129,0
1032,22,0
1033,15,0
1034,31,0
1035,180,1
1036,32,0
1037,17,0
1038,17,0
1039,35,0
1040,44,0
1041,82,0
1042,22,0
1043,104,1
1044,102,0
1045,11,0
1046,24,0
1047,85,1
1048,61,0
1049,141,1
1050,69,1
1051,127,1
1052,16,0
1053,10,0
1054,69,1
1055,45,1
1056,57,1
1057,39,0
1058,123,0
1059,95,0
1060,65,1
1061,27,1
1062,67,0
1063,87,1
1064,149,1
1065,16,0
1066,65,0
1067,8,0
1068,85,1
1069,21,0
1070,34,1
1071,59,1
1072,71,1
1073,73,1
1074,72,1
1075,61,0
1076,45,1
1077,33,1
1078,24,1
1079,45,1
1080,36,0
1081,68,1
1082,153,1
1083,19,0
1084,59,1
1085,56,0
1086,112,1
1087,50,1
1088,71,1
1089,86,0
1090,47,0
1091,64,1
1092,36,1
1093,33,0
1094,149,0
1095,63,1
1096,34,0
1097,84,1
1098,78,1
1099,123,1
1100,27,0
1101,49,1
1102,74,1
1103,35,0
1104,38,0
1105,85,1
1106,85,0
1107,164,1
1108,21,0
1109,28,0
1110,102,1
1111,82,1
1112,200,0
1113,32,1
1114,26,0
1115,35,0
1116,44,0
1117,31,0
1118,140,0
1119,63,0
1120,85,1
1121,196,0
1122,10,0
1123,200,0
1124,108,1
1125,49,0
1126,156,0
1127,34,0
1128,16,0
1129,56,0
1130,9,0
1131,65,1
1132,16,0
1133,52,1
1134,18,0
1135,49,1
1136,68,0
1137,185,1
1138,90,1
1139,82,1
1140,200,0
1141,55,1
1142,31,0
1143,27,0
1144,15,0
1145,39,0
1146,6,0
1147,21,0
1148,17,0
1149,22,0
1150,52,0
1151,105,1
1152,38,0
1153,63,1
1154,14,0
1155,88,1
1156,89,1
1157,49,0
1158,33,0
1159,16,0
1160,119,1
1161,107,1
1162,112,1
1163,60,1
1164,169,1
1165,154,1
1166,27,0
1167,48,1
1168,139,1
1169,79,0
1170,63,0
1171,35,0
1172,110,1
1173,39,0
1174,19,1
1175,58,1
1176,16,0
1177,34,0
1178,61,1
1179,44,0
1180,61,0
1181,46,0
1182,153,1
1183,125,0
1184,106,1
1185,52,1
1186,21,0
1187,36,0
1188,12,0
1189,52,0
1190,112,1
1191,58,1
1192,144,0
1193,29,0
1194,130,1
1195,66,1
1196,134,1
1197,27,0
1198,25,0
1199,160,1
1200,75,0
1201,90,1
1202,66,1
1203,15,0
1204,12,0
1205,14,0
1206,27,0
1207,30,0
1208,127,1
1209,19,0
1210,157,1
1211,21,0
1212,58,1
1213,45,0
1214,41,0
1215,200,0
1216,66,0
1217,66,0
1218,14,0
1219,139,1
1220,46,0
1221,14,0
1222,168,1
1223,85,0
1224,97,0
1225,29,0
1226,32,0
1227,80,1
1228,18,0
1229,127,1
1230,68,1
1231,90,0
1232,22,0
1233,118,0
1234,50,0
1235,116,0
1236,41,0
1237,15,0
1238,45,0
1239,185,1
1240,50,1
1241,16,0
1242,119,1
1243,40,0
1244,5,0
1245,10,0
1246,51,1
1247,19,0
1248,65,1
1249,78,1
1250,111,1
1251,11,0
1252,12,0
1253,50,1
1254,42,1
1255,48,1
1256,18,0
1257,45,1
1258,55,1
1259,83,1
1260,22,0
1261,46,1
1262,35,0
1263,68,1
1264,79,1
1265,39,1
1266,102,1
1267,38,0
1268,64,1
1269,34,0
1270,195,1
1271,53,1
1272,39,1
1273,193,1
1274,75,1
1275,61,1
1276,137,1
1277,70,1
1278,200,0
1279,24,0
1280,49,0
1281,108,1
1282,70,1
1283,24,0
1284,88,0
1285,82,1
1286,42,1
1287,69,1
1288,101,0
1289,25,1
1290,106,1
1291,35,0
1292,118,0
1293,38,1
1294,52,1
1295,46,1
1296,99,1
1297,29,0
1298,15,0
1299,91,1
1300,95,0
1301,84,1
1302,102,0
1303,95,1
1304,56,1
1305,19,0
1306,13,0
1307,43,0
1308,32,0
1309,72,1
1310,23,0
1311,52,1
1312,54,1
1313,85,1
1314,33,1
1315,80,0
1316,42,0
1317,137,0
1318,58,1
1319,55,1
1320,94,1
1321,80,0
1322,84,1
1323,169,1
1324,27,0
1325,64,0
1326,34,0
1327,26,1
1328,127,1
1329,57,0
1330,79,1
1331,51,1
1332,109,0
1333,28,0
1334,39,1
1335,25,0
1336,88,1
1337,14,0
1338,75,1
1339,181,0
1340,116,1
1341,42,1
1342,27,0
1343,66,0
1344,70,1
1345,103,1
1346,14,0
1347,24,0
1348,17,0
1349,91,0
1350,93,0
1351,29,0
1352,137,1
1353,68,0
1354,31,0
1355,34,0
1356,67,0
1357,111,1
1358,29,0
1359,52,0
1360,13,0
1361,123,1
1362,38,1
1363,52,0
1364,105,1
1365,29,0
1366,9,0
1367,17,0
1368,22,0
1369,51,1
1370,78,0
1371,88,0
1372,49,0
1373,53,0
1374,79,0
1375,23,0
1376,56,0
1377,27,0
1378,58,1
1379,77,1
1380,171,0
1381,39,0
1382,39,0
1383,69,0
1384,171,1
1385,30,0
1386,21,0
1387,26,0
1388,14,0
1389,5,0
1390,27,1
1391,11,0
1392,59,0
1393,17,0
1394,61,0
1395,17,0
1396,49,1
1397,93,0
1398,86,1
1399,75,0
1400,47,0
1401,18,0
1402,26,0
1403,56,1
1404,108,1
1405,65,0
1406,137,1
1407,12,0
1408,78,0
1409,46,0
1410,54,0
1411,120,1
1412,18,0
1413,24,0
1414,32,0
1415,25,0
1416,51,1
1417,59,1
1418,49,0
1419,57,1
1420,106,0
1421,17,0
1422,14,0
1423,15,0
1424,25,0
1425,100,1
1426,31,0
1427,50,0
1428,89,0
1429,200,0
1430,88,1
1431,155,1
1432,56,0
1433,80,0
1434,17,0
1435,38,0
1436,97,0
1437,103,1
1438,41,1
1439,9,0
1440,33,0
1441,50,0
1442,7,0
1443,22,0
1444,10,0
1445,36,0
1446,40,0
1447,200,0
1448,49,0
1449,34,0
1450,56,0
1451,9,0
1452,11,0
1453,73,0
1454,15,0
1455,60,0
1456,87,1
1457,137,1
1458,82,1
1459,43,0
1460,142,1
1461,23,1
1462,133,0
1463,102,0
1464,92,1
1465,61,0
1466,15,0
1467,7,0
1468,32,0
1469,51,0
1470,41,0
1471,179,1
1472,73,0
1473,64,0
1474,36,0
1475,18,0
1476,21,0
1477,26,0
1478,15,0
1479,85,0
1480,9,0
1481,14,0
1482,10,0
1483,115,1
1484,37,0
1485,8,0
1486,76,0
1487,11,0
1488,103,1
1489,63,1
1490,10,0
1491,23,0
1492,200,0
1493,17,0
1494,16,0
1495,54,0
1496,32,1
1497,37,0
1498,57,0
1499,86,1
1500,70,1
1501,38,1
1502,78,1
1503,41,1
1504,40,1
1505,58,1
1506,21,0
1507,62,1
1508,59,1
1509,84,1
1510,48,1
1511,17,0
1512,48,0
1513,40,0
1514,54,1
1515,55,1
1516,68,0
1517,57,1
1518,46,1
1519,96,1
1520,101,1
1521,54,0
1522,59,1
1523,24,0
1524,108,0
1525,74,1
1526,115,1
1527,50,1
1528,43,0
1529,59,0
1530,80,0
1531,35,1
1532,137,1
1533,98,1
1534,15,0
1535,55,1
1536,36,0
1537,81,0
1538,69,1
1539,42,0
1540,139,1
1541,102,0
1542,30,0
1543,83,0
1544,22,0
1545,48,0
1546,24,0
1547,72,0
1548,21,0
1549,104,1
1550,88,0
1551,47,0
1552,52,0
1553,124,1
1554,46,0
1555,90,0
1556,68,0
1557,87,0
1558,21,0
1559,7,0
1560,113,0
1561,98,0
1562,16,0
1563,170,1
1564,27,0
1565,10,0
1566,75,0
1567,68,1
1568,123,0
1569,18,0
1570,45,0
1571,17,0
1572,17,0
1573,23,0
1574,101,1
1575,75,0
1576,174,1
1577,72,1
1578,44,1
1579,39,0
1580,19,0
1581,12,0
1582,15,0
1583,48,0
1584,158,1
1585,41,0
1586,83,1
1587,106,1
1588,25,0
1589,20,1
1590,43,0
1591,60,1
1592,61,0
1593,57,0
1594,42,0
1595,31,0
1596,101,1
1597,51,1
1598,200,0
1599,163,1
1600,70,1
1601,26,0
1602,36,0
1603,66,1
1604,14,0
1605,40,0
1606,56,0
1607,95,1
1608,64,1
1609,72,0
1610,200,0
1611,40,1
1612,25,0
1613,200,0
1614,13,0
1615,92,1
1616,58,1
1617,129,0
1618,95,1
1619,157,0
1620,148,1
1621,35,0
1622,32,0
1623,22,0
1624,67,0
1625,39,0
1626,15,0
1627,174,1
1628,46,0
1629,56,1
1630,54,0
1631,37,0
1632,118,0
1633,46,0
1634,33,0
1635,115,1
1636,68,1
1637,79,0
1638,87,1
1639,59,0
1640,29,0
1641,151,1
1642,176,1
1643,21,0
1644,37,0
1645,25,0
1646,73,1
1647,28,0
1648,114,0
1649,32,1
1650,53,1
1651,44,0
1652,35,0
1653,29,0
1654,32,0
1655,109,1
1656,90,1
1657,91,1
1658,40,0
1659,85,1
1660,24,0
1661,58,1
1662,79,1
1663,39,1
1664,36,1
1665,62,1
1666,39,1
1667,65,1
1668,105,1
1669,37,1
1670,13,0
1671,45,1
1672,64,1
1673,127,1
1674,49,1
1675,50,0
1676,34,0
1677,25,0
1678,61,1
1679,38,1
1680,54,1
1681,16,0
1682,72,0
1683,74,1
1684,101,1
1685,105,0
1686,25,0
1687,105,0
1688,81,0
1689,71,1
1690,200,0
1691,100,1
1692,9,0
1693,115,1
1694,107,1
1695,42,0
1696,46,1
1697,17,0
1698,38,1
1699,5,0
1700,87,1
1701,94,0
1702,19,0
1703,160,0
1704,10,0
1705,138,0
1706,142,0
1707,30,0
1708,120,1
1709,88,0
1710,68,0
1711,16,0
1712,23,0
1713,19,0
1714,38,0
1715,124,1
1716,24,0
1717,67,1
1718,133,1
1719,94,0
1720,43,0
1721,10,0
1722,85,1
1723,45,1
1724,107,1
1725,45,1
1726,21,0
1727,113,0
1728,85,0
1729,52,1
1730,13,0
1731,39,1
1732,122,1
1733,60,1
1734,45,1
1735,200,0
1736,27,0
1737,59,0
1738,126,0
1739,60,1
1740,23,0
1741,98,1
1742,16,0
1743,57,0
1744,12,0
1745,18,0
1746,169,0
1747,47,1
1748,76,1
1749,123,1
1750,11,0
1751,74,1
1752,151,1
1753,43,0
1754,93,0
1755,50,1
1756,134,0
1757,48,0
1758,69,1
1759,52,0
1760,10,0
1761,18,0
1762,99,1
1763,23,0
1764,97,0
1765,54,0
1766,22,0
1767,8,0
1768,49,0
1769,15,0
1770,17,0
1771,41,1
1772,54,1
1773,86,0
1774,54,1
1775,53,0
1776,51,0
1777,30,0
1778,82,1
1779,90,1
1780,39,1
1781,72,1
1782,99,1
1783,30,0
1784,69,1
1785,86,1
1786,23,0
1787,14,0
1788,133,1
1789,102,1
1790,60,1
1791,119,1
1792,69,1
1793,42,0
1794,45,0
1795,51,0
1796,28,0
1797,39,1
1798,80,1
1799,121,1
1800,64,1
1801,136,1
1802,46,1
1803,74,0
1804,96,1
1805,32,1
1806,22,0
1807,121,1
1808,49,1
1809,10,0
1810,111,1
1811,117,1
1812,163,1
1813,128,1
1814,71,1
1815,35,1
1816,161,0
1817,40,1
1818,11,0
1819,56,0
1820,115,1
1821,89,0
1822,96,1
1823,47,1
1824,35,0
1825,69,1
1826,13,0
1827,56,1
1828,200,0
1829,26,0
1830,65,1
1831,68,1
1832,92,1
1833,19,0
1834,19,0
1835,48,0
1836,131,1
1837,200,0
1838,8,0
1839,15,0
1840,23,0
1841,55,0
1842,164,1
1843,152,1
1844,36,0
1845,28,0
1846,23,0
1847,88,0
1848,106,1
1849,18,0
1850,83,1
1851,112,0
1852,19,0
1853,46,1
1854,70,1
1855,67,0
1856,154,1
1857,82,1
1858,21,0
1859,55,1
1860,53,0
1861,39,0
1862,25,0
1863,13,0
1864,44,1
1865,47,0
1866,49,1
1867,45,1
1868,45,1
1869,62,1
1870,58,0
1871,45,0
1872,200,0
1873,147,0
1874,105,1
1875,151,1
1876,126,0
1877,69,1
1878,173,0
1879,84,0
1880,124,1
1881,27,1
1882,25,0
1883,9,0
1884,13,0
1885,7,0
1886,12,0
1887,44,0
1888,94,1
1889,61,1
1890,58,0
1891,21,0
1892,10,0
1893,8,0
1894,27,0
1895,198,1
1896,38,0
1897,58,1
1898,23,0
1899,43,1
1900,35,1
1901,14,0
1902,95,1
1903,56,0
1904,39,0
1905,9,0
1906,27,0
1907,81,1
1908,200,0
1909,64,1
1910,34,0
1911,134,1
1912,89,1
1913,74,0
1914,94,1
1915,94,0
1916,71,1
1917,65,1
1918,16,0
1919,56,1
1920,79,1
1921,28,1
1922,121,1
1923,21,0
1924,48,0
1925,49,0
1926,38,1
1927,163,1
1928,200,0
1929,8,0
1930,63,0
1931,40,0
1932,25,0
1933,48,0
1934,23,1
1935,43,0
1936,112,1
1937,30,0
1938,43,0
1939,34,0
1940,20,0
1941,79,0
1942,15,0
1943,36,1
1944,67,1
1945,13,0
1946,162,0
1947,37,0
1948,15,0
1949,82,0
1950,68,1
1951,190,1
1952,25,0
1953,55,0
1954,102,0
1955,56,1
1956,108,0
1957,99,1
1958,13,0
1959,18,0
1960,15,0
1961,43,1
1962,87,0
1963,124,1
1964,107,1
1965,79,1
1966,114,1
1967,98,1
1968,85,1
1969,24,0
1970,45,0
1971,149,0
1972,45,1
1973,74,1
1974,37,1
1975,114,1
1976,32,0
1977,114,1
1978,82,1
1979,15,0
1980,20,0
1981,77,1
1982,100,1
1983,19,0
1984,76,1
1985,22,1
1986,53,1
1987,27,0
1988,52,0
1989,51,1
1990,70,1
1991,53,1
1992,51,0
1993,51,1
1994,67,0
1995,20,0
1996,40,1
1997,65,1
1998,59,1
1999,119,0
2000,103,1
2001,25,0
2002,122,0
2003,42,1
2004,25,0
2005,94,1
2006,64,1
2007,57,1
2008,34,0
2009,38,0
2010,39,0
2011,59,0
2012,96,1
2013,16,0
2014,69,1
2015,23,0
2016,97,1
2017,48,1
2018,36,0
2019,136,1
2020,141,0
2021,16,0
2022,27,0
2023,77,0
2024,184,1
2025,69,1
2026,78,0
2027,80,1
2028,67,1
2029,37,0
2030,9,0
2031,52,0
2032,64,1
2033,7,0
2034,11,0
2035,51,0
2036,52,1
2037,45,0
2038,25,0
2039,85,1
2040,19,0
2041,36,0
2042,158,1
2043,25,0
2044,129,0
2045,29,0
2046,34,1
2047,36,0
2048,72,1
2049,136,1
2050,40,0
2051,23,0
2052,116,0
2053,200,0
2054,60,0
2055,44,1
2056,37,0
2057,9,0
2058,95,1
2059,35,0
2060,87,1
2061,65,0
2062,37,1
2063,62,1
2064,41,0
2065,9,0
2066,9,0
2067,200,0
2068,56,1
2069,14,0
2070,8,0
2071,175,1
2072,118,0
2073,48,0
2074,30,0
2075,97,1
2076,86,1
2077,59,0
2078,16,0
2079,80,1
2080,17,0
2081,38,0
2082,34,1
2083,151,1
2084,11,0
2085,51,0
2086,184,1
2087,15,0
2088,200,0
2089,113,0
2090,37,0
2091,143,1
2092,49,1
2093,102,0
2094,142,1
2095,28,0
2096,84,1
2097,12,0
2098,21,0
2099,13,0
2100,82,0
2101,24,0
2102,53,1
2103,62,1
2104,65,1
2105,39,0
2106,59,0
2107,33,0
2108,24,0
2109,98,1
2110,86,1
2111,63,0
2112,48,1
2113,24,0
2114,44,1
2115,100,1
2116,22,0
2117,44,0
2118,200,0
2119,22,0
2120,200,0
2121,8,0
2122,12,0
2123,174,1
2124,74,1
2125,26,0
2126,200,0
2127,47,0
2128,39,1
2129,71,0
2130,32,0
2131,132,1
2132,72,0
2133,60,1
2134,63,1
2135,99,0
2136,103,0
2137,42,0
2138,15,0
2139,48,0
2140,140,0
2141,93,1
2142,32,1
2143,55,1
2144,127,1
2145,98,0
2146,71,1
2147,128,0
2148,54,1
2149,113,1
2150,96,1
2151,54,1
2152,29,0
2153,49,1
2154,81,1
2155,42,0
2156,75,0
2157,30,0
2158,10,0
2159,16,0
2160,66,1
2161,131,1
2162,17,0
2163,113,0
2164,109,1
2165,91,1
2166,55,0
2167,124,1
2168,71,1
2169,84,1
2170,44,1
2171,31,0
2172,82,1
2173,66,1
2174,6,0
2175,63,1
2176,72,1
2177,67,0
2178,87,1
2179,18,0
2180,79,1
2181,112,1
2182,46,1
2183,90,1
2184,94,1
2185,43,0
2186,71,0
2187,44,1
2188,76,1
2189,28,1
2190,56,1
2191,139,1
2192,42,0
2193,13,0
2194,104,1
2195,78,1
2196,99,1
2197,53,0
2198,80,0
2199,70,0
2200,181,1
2201,63,1
2202,48,1
2203,70,1
2204,141,1
2205,124,0
2206,41,1
2207,14,0
2208,137,1
2209,11,0
2210,37,0
2211,100,1
2212,16,1
2213,39,0
2214,41,1
2215,64,1
2216,200,0
2217,59,1
2218,43,1
2219,39,1
2220,58,1
2221,53,0
2222,23,0
2223,95,1
2224,37,1
2225,110,1
2226,102,1
2227,42,0
2228,57,1
2229,31,0
2230,32,0
2231,34,1
2232,28,0
2233,60,1
2234,76,1
2235,16,0
2236,22,0
2237,61,1
2238,82,1
2239,43,1
2240,69,1
2241,75,1
2242,41,1
2243,63,1
2244,89,1
2245,35,0
2246,73,0
2247,44,1
2248,19,0
2249,40,0
2250,54,1
2251,45,1
2252,70,1
2253,51,1
2254,47,1
2255,44,1
2256,200,0
2257,137,1
2258,114,1
2259,52,1
2260,165,1
2261,91,1
2262,73,1
2263,58,0
2264,38,0
2265,105,1
2266,54,1
2267,177,0
2268,84,1
2269,28,0
2270,16,0
2271,108,1
2272,13,0
2273,64,1
2274,102,1
2275,37,0
2276,59,1
2277,172,0
2278,108,0
2279,20,0
2280,139,0
2281,96,1
2282,57,1
2283,25,0
2284,98,0
2285,159,0
2286,78,0
2287,90,1
2288,20,0
2289,90,1
2290,21,0
2291,72,1
2292,66,1
2293,17,0
2294,34,0
2295,8,0
2296,115,0
2297,82,1
2298,55,1
2299,71,1
2300,79,1
2301,63,0
2302,71,0
2303,14,0
2304,64,1
2305,90,0
2306,21,0
2307,83,1
2308,147,1
2309,67,1
2310,79,1
2311,57,1
2312,37,0
2313,64,1
2314,12,0
2315,92,1
2316,74,1
2317,43,1
2318,31,0
2319,39,0
2320,125,1
2321,61,0
2322,62,1
2323,75,1
2324,66,0
2325,32,0
2326,32,0
2327,200,0
2328,178,1
2329,5,0
2330,71,1
2331,28,0
2332,16,0
2333,19,0
2334,97,0
2335,57,1
2336,10,0
2337,119,1
2338,34,0
2339,60,0
2340,18,0
2341,29,0
2342,50,1
2343,57,1
2344,53,0
2345,94,1
2346,87,1
2347,7,0
2348,14,0
2349,50,0
2350,8,0
2351,126,1
2352,53,1
2353,106,0
2354,28,0
2355,185,1
2356,66,0
2357,65,1
2358,171,1
2359,100,1
2360,101,1
2361,41,1
2362,17,0
2363,82,1
2364,100,1
2365,89,1
2366,31,0
2367,37,1
2368,51,1
2369,39,0
2370,6,0
2371,22,0
2372,64,1
2373,61,1
2374,58,1
2375,104,1
2376,53,1
2377,154,1
2378,38,0
2379,52,0
2380,53,1
2381,35,0
2382,192,1
2383,100,0
2384,46,1
2385,45,1
2386,190,1
2387,13,0
2388,76,1
2389,78,0
2390,38,1
2391,66,1
2392,86,1
2393,101,1
2394,28,0
2395,19,0
2396,65,0
2397,129,1
2398,30,0
2399,62,0
2400,70,0
2401,48,1
2402,105,1
2403,19,0
2404,64,0
2405,94,1
2406,46,1
2407,50,0
2408,46,1
2409,119,1
2410,89,1
2411,67,1
2412,56,1
2413,33,0
2414,38,1
2415,89,1
2416,37,1
2417,12,0
2418,57,1
2419,41,0
2420,56,1
2421,14,0
2422,76,1
2423,53,1
2424,34,0
2425,37,1
2426,63,1
2427,100,0
2428,89,0
2429,48,1
2430,11,0
2431,45,1
2432,67,1
2433,68,1
2434,200,0
2435,126,0
2436,11,0
2437,49,1
2438,149,1
2439,144,1
2440,99,1
2441,56,0
2442,66,1
2443,83,1
2444,63,1
2445,73,0
2446,15,0
2447,13,0
2448,55,1
2449,79,1
2450,65,1
2451,88,0
2452,55,1
2453,58,0
2454,72,0
2455,117,1
2456,44,1
2457,23,1
2458,200,0
2459,67,1
2460,143,1
2461,37,0
2462,85,1
2463,45,0
2464,92,0
2465,54,1
2466,34,0
2467,37,0
2468,20,0
2469,88,0
2470,43,1
2471,109,1
2472,25,0
2473,124,1
2474,126,0
2475,70,1
2476,102,1
2477,67,1
2478,98,0
2479,25,0
2480,179,1
2481,21,0
2482,34,1
2483,43,0
2484,85,1
2485,28,0
2486,129,1
2487,13,0
2488,19,0
2489,30,0
2490,36,0
2491,39,0
2492,16,0
2493,28,0
2494,14,0
2495,172,1
2496,100,0
2497,50,0
2498,39,0
2499,5,0
2500,33,0
2501,83,1
2502,28,0
2503,45,0
2504,100,0
2505,17,0
2506,170,0
2507,33,0
2508,23,0
2509,74,0
2510,90,1
2511,42,0
2512,28,0
2513,26,0
2514,12,0
2515,43,1
2516,47,1
2517,57,1
2518,21,0
2519,55,1
2520,42,0
2521,61,0
2522,125,0
2523,28,1
2524,149,1
2525,42,1
2526,117,1
2527,42,0
2528,74,1
2529,40,0
2530,50,1
2531,12,0
2532,53,1
2533,154,0
2534,97,1
2535,23,0
2536,90,1
2537,45,1
2538,72,1
2539,39,0
2540,23,0
2541,49,0
2542,25,1
2543,110,1
2544,89,1
2545,85,1
2546,56,1
2547,35,1
2548,57,0
2549,46,0
2550,34,0
2551,62,1
2552,95,1
2553,119,0
2554,28,1
2555,46,1
2556,148,1
2557,48,1
2558,43,1
2559,49,1
2560,150,0
2561,34,0
2562,40,0
2563,78,1
2564,39,0
2565,41,1
2566,46,0
2567,80,1
2568,71,1
2569,15,0
2570,120,1
2571,155,1
2572,121,1
2573,79,0
2574,59,0
2575,62,0
2576,94,1
2577,115,1
2578,45,0
2579,41,0
2580,50,0
2581,58,1
2582,45,0
2583,97,0
2584,66,1
2585,70,1
2586,81,1
2587,53,0
2588,18,0
2589,28,0
2590,107,1
2591,14,0
2592,52,1
2593,53,1
2594,57,0
2595,16,0
2596,25,0
2597,110,1
2598,61,1
2599,77,1
2600,84,0
2601,47,1
2602,54,0
2603,125,0
2604,44,1
2605,120,0
2606,58,1
2607,27,0
2608,109,1
2609,12,0
2610,63,0
2611,29,1
2612,60,1
2613,82,1
2614,49,1
2615,82,1
2616,73,0
2617,53,1
2618,39,1
2619,82,0
2620,123,1
2621,125,1
2622,40,0
2623,50,1
2624,90,0
2625,28,0
2626,47,1
2627,17,0
2628,36,0
2629,53,1
2630,163,0
2631,110,1
2632,8,0
2633,144,1
2634,11,0
2635,92,0
2636,136,1
2637,59,0
2638,95,0
2639,81,0
2640,25,0
2641,37,0
2642,25,0
2643,128,1
2644,30,0
2645,152,1
2646,54,0
2647,61,0
2648,35,0
2649,200,0
2650,50,1
2651,24,0
2652,48,0
2653,45,0
2654,80,1
2655,25,0
2656,56,1
2657,80,1
2658,65,1
2659,39,0
2660,53,0
2661,22,0
2662,59,1
2663,115,0
2664,10,0
2665,14,0
2666,129,1
2667,26,0
2668,21,0
2669,57,1
2670,115,1
2671,200,0
2672,63,1
2673,19,0
2674,31,0
2675,162,1
2676,76,0
2677,55,0
2678,94,1
2679,88,1
2680,30,1
2681,30,0
2682,112,1
2683,35,0
2684,25,0
2685,74,1
2686,91,1
2687,25,0
2688,51,0
2689,16,0
2690,17,0
2691,20,0
2692,122,1
2693,62,0
2694,45,1
2695,83,0
2696,90,1
2697,56,1
2698,34,0
2699,73,0
2700,33,1
2701,65,0
2702,147,1
2703,58,0
2704,98,1
2705,48,1
2706,28,0
2707,88,1
2708,93,1
2709,32,0
2710,47,0
2711,98,1
2712,50,1
2713,29,0
2714,144,0
2715,60,1
2716,59,1
2717,88,1
2718,73,1
2719,7,0
2720,121,1
2721,26,0
2722,51,1
2723,45,0
2724,45,0
2725,200,0
2726,109,1
2727,61,1
2728,31,1
2729,46,1
2730,35,0
2731,74,1
2732,73,1
2733,69,0
2734,93,1
2735,64,1
2736,13,0
2737,63,1
2738,87,1
2739,73,1
2740,30,1
2741,42,1
2742,40,1
2743,44,0
2744,102,1
2745,15,0
2746,43,1
2747,50,1
2748,68,1
2749,45,1
2750,30,1
2751,45,0
2752,65,1
2753,122,0
2754,45,0
2755,71,1
2756,50,1
2757,76,1
2758,78,0
2759,61,0
2760,41,0
2761,113,0
2762,113,1
2763,72,1
2764,33,0
2765,37,0
2766,77,1
2767,64,0
2768,29,0
2769,200,0
2770,118,1
2771,64,1
2772,67,1
2773,62,1
2774,78,1
2775,85,1
2776,119,1
2777,57,1
2778,58,0
2779,52,0
2780,96,1
2781,31,0
2782,52,1
2783,139,1
2784,14,0
2785,72,1
2786,150,1
2787,43,1
2788,105,0
2789,101,1
2790,48,1
2791,69,0
2792,51,1
2793,49,0
2794,53,1
2795,24,0
2796,101,1
2797,97,1
2798,200,0
2799,111,1
2800,12,0
2801,44,0
2802,105,0
2803,60,0
2804,29,0
2805,61,1
2806,16,0
2807,27,0
2808,56,0
2809,49,0
2810,61,0
2811,26,0
2812,47,0
2813,71,1
2814,69,1
2815,49,0
2816,66,1
2817,198,1
2818,49,1
2819,80,0
2820,31,0
2821,83,1
2822,50,0
2823,59,0
2824,88,0
2825,83,0
2826,23,0
2827,15,0
2828,60,1
2829,91,1
2830,45,0
2831,42,0
2832,67,0
2833,68,1
2834,87,1
2835,96,1
2836,62,0
2837,81,1
2838,58,1
2839,124,0
2840,53,0
2841,44,1
2842,59,1
2843,185,0
2844,31,1
2845,124,1
2846,31,0
2847,14,0
2848,89,1
2849,38,1
2850,170,1
2851,61,1
2852,38,0
2853,17,0
2854,96,1
2855,47,1
2856,103,0
2857,54,1
2858,182,1
2859,32,0
2860,85,1
2861,56,1
2862,104,1
2863,138,1
2864,54,0
2865,65,1
2866,142,1
2867,26,0
2868,68,1
2869,39,1
2870,85,1
2871,40,1
2872,62,1
2873,47,1
2874,80,1
2875,53,1
2876,88,1
2877,48,1
2878,44,0
2879,123,1
2880,64,1
2881,20,0
2882,33,0
2883,122,1
2884,74,1
2885,64,1
2886,47,1
2887,59,1
2888,79,1
2889,79,1
2890,54,0
2891,63,1
2892,95,1
2893,29,0
2894,49,1
2895,72,0
2896,74,1
2897,58,1
2898,137,0
2899,71,1
2900,69,0
2901,53,0
2902,11,0
2903,60,1
2904,63,1
2905,117,0
2906,61,1
2907,88,0
2908,75,1
2909,42,1
2910,43,1
2911,136,1
2912,28,1
2913,18,0
2914,84,1
2915,200,0
2916,66,1
2917,120,0
2918,43,0
2919,87,1
2920,109,1
2921,78,0
2922,94,1
2923,20,0
2924,46,1
2925,141,1
2926,30,1
2927,149,1
2928,24,0
2929,127,1
2930,90,0
2931,116,0
2932,53,1
2933,38,0
2934,62,1
2935,41,0
2936,200,0
2937,44,1
2938,25,0
2939,54,1
2940,86,1
2941,34,0
2942,195,0
2943,32,0
2944,24,0
2945,11,0
2946,125,1
2947,88,0
2948,39,0
2949,70,1
2950,68,1
2951,63,0
2952,48,1
2953,10,0
2954,64,1
2955,18,0
2956,53,1
2957,13,0
2958,42,0
2959,54,1
2960,27,1
2961,34,1
2962,39,1
2963,106,1
2964,51,0
2965,35,1
2966,33,0
2967,36,0
2968,140,1
2969,200,0
2970,11,0
2971,40,1
2972,41,0
2973,39,1
2974,40,1
2975,63,0
2976,35,0
2977,10,0
2978,40,1
2979,77,1
2980,117,1
2981,109,1
2982,49,1
2983,89,0
2984,23,1
2985,18,0
2986,56,1
2987,11,0
2988,157,1
2989,10,0
2990,174,1
2991,133,0
2992,100,1
2993,31,1
2994,57,0
2995,53,1
2996,142,1
2997,62,1
2998,38,0
2999,112,1
3000,22,1
3001,34,1
3002,98,0
3003,84,1
3004,17,0
3005,101,1
3006,149,1
3007,35,0
3008,48,0
3009,172,1
3010,88,0
3011,21,0
3012,152,1
3013,58,0
3014,105,1
3015,68,0
3016,13,0
3017,70,1
3018,41,0
3019,49,1
3020,200,0
3021,13,0
3022,23,0
3023,59,1
3024,30,0
3025,51,1
3026,105,1
3027,49,1
3028,25,0
3029,24,0
3030,89,1
3031,59,0
3032,8,0
3033,42,1
3034,180,1
3035,60,1
3036,84,1
3037,36,1
3038,37,1
3039,114,0
3040,13,0
3041,142,1
3042,65,1
3043,86,1
3044,112,1
3045,63,0
3046,33,1
3047,34,0
3048,41,1
3049,67,1
3050,24,1
3051,84,1
3052,135,1
3053,56,1
3054,51,0
3055,71,0
3056,94,1
3057,40,1
3058,36,0
3059,31,0
3060,11,0
3061,138,1
3062,71,1
3063,118,1
3064,139,1
3065,99,0
3066,75,0
3067,129,1
3068,18,0
3069,41,0
3070,37,1
3071,44,1
3072,132,1
3073,73,0
3074,107,1
3075,105,1
3076,38,1
3077,65,1
3078,69,1
3079,74,1
3080,54,1
3081,43,1
3082,29,1
3083,16,0
3084,15,0
3085,80,1
3086,61,1
3087,10,0
3088,52,0
3089,64,1
3090,35,1
3091,73,0
3092,80,1
3093,119,0
3094,173,1
3095,122,1
3096,70,0
3097,24,0
3098,61,1
3099,21,0
3100,200,0
3101,79,0
3102,104,1
3103,58,1
3104,109,1
3105,29,0
3106,18,0
3107,58,1
3108,113,1
3109,85,0
3110,47,1
3111,29,0
3112,76,0
3113,129,1
3114,61,0
3115,53,1
3116,47,1
3117,158,0
3118,34,1
3119,33,0
3120,32,1
3121,10,0
3122,156,1
3123,53,1
3124,25,0
3125,71,1
3126,45,1
3127,30,0
3128,151,1
3129,76,0
3130,24,1
3131,77,1
3132,72,1
3133,114,0
3134,189,0
3135,51,1
3136,105,1
3137,29,1
3138,36,0
3139,162,1
3140,37,0
3141,38,1
3142,82,1
3143,136,1
3144,56,1
3145,41,1
3146,96,0
3147,11,0
3148,72,1
3149,70,1
3150,136,1
3151,99,1
3152,65,1
3153,94,1
3154,52,1
3155,111,1
3156,7,0
3157,53,1
3158,100,0
3159,77,1
3160,140,1
3161,123,1
3162,56,0
3163,86,0
3164,79,1
3165,42,1
3166,54,1
3167,28,0
3168,87,1
3169,124,1
3170,27,1
3171,102,1
3172,32,1
3173,59,0
3174,118,1
3175,60,1
3176,59,1
3177,43,0
3178,14,0
3179,35,0
3180,39,0
3181,23,1
3182,73,0
3183,60,1
3184,7,0
3185,89,0
3186,29,0
3187,123,0
3188,55,1
3189,40,1
3190,37,1
3191,90,0
3192,18,0
3193,200,0
3194,62,1
3195,46,1
3196,29,0
3197,96,1
3198,39,1
3199,84,1
3200,58,1
3201,70,0
3202,53,0
3203,27,0
3204,96,1
3205,28,0
3206,102,1
3207,23,0
3208,45,1
3209,12,0
3210,31,1
3211,89,1
3212,90,1
3213,26,1
3214,61,1
3215,200,0
3216,91,1
3217,90,1
3218,32,0
3219,78,1
3220,31,0
3221,98,1
3222,52,0
3223,42,1
3224,55,0
3225,58,1
3226,28,1
3227,34,0
3228,98,1
3229,48,1
3230,105,1
3231,28,1
3232,86,0
3233,45,1
3234,74,1
3235,131,1
3236,72,1
3237,67,1
3238,82,1
3239,65,1
3240,66,1
3241,48,1
3242,13,0
3243,37,1
3244,58,0
3245,63,0
3246,44,0
3247,117,1
3248,88,1
3249,80,1
3250,141,1
3251,49,0
3252,84,1
3253,27,0
3254,50,0
3255,87,0
3256,64,0
3257,77,1
3258,89,1
3259,54,1
3260,78,1
3261,38,1
3262,73,0
3263,39,0
3264,125,0
3265,52,1
3266,43,1
3267,135,1
3268,176,0
3269,117,0
3270,65,1
3271,19,0
3272,9,0
3273,74,1
3274,148,1
3275,8,0
3276,47,1
3277,200,0
3278,52,1
3279,67,1
3280,74,1
3281,7,0
3282,20,0
3283,120,1
3284,67,0
3285,67,1
3286,40,1
3287,93,0
3288,82,0
3289,56,1
3290,97,1
3291,56,0
3292,30,0
3293,24,0
3294,77,1
3295,97,1
3296,11,0
3297,40,0
3298,78,0
3299,175,0
3300,62,0
3301,37,0
3302,54,0
3303,46,1
3304,90,1
3305,19,0
3306,88,1
3307,88,0
3308,12,0
3309,66,0
3310,74,1
3311,33,0
3312,93,0
3313,37,0
3314,27,0
3315,64,1
3316,81,1
3317,57,1
3318,162,1
3319,41,0
3320,24,0
3321,58,1
3322,11,0
3323,161,1
3324,61,1
3325,99,0
3326,47,1
3327,34,0
3328,106,1
3329,59,0
3330,103,1
3331,177,1
3332,60,0
3333,44,0
3334,22,0
3335,58,1
3336,138,0
3337,40,1
3338,79,1
3339,51,1
3340,47,0
3341,67,1
3342,36,0
3343,65,1
3344,60,1
3345,90,1
3346,95,1
3347,93,0
3348,30,0
3349,124,1
3350,76,0
3351,38,1
3352,34,0
3353,80,0
3354,108,1
3355,114,1
3356,19,0
3357,68,0
3358,60,0
3359,54,0
3360,60,0
3361,81,1
3362,51,1
3363,58,0
3364,51,1
3365,200,0
3366,37,0
3367,13,0
3368,102,0
3369,34,0
3370,11,0
3371,123,0
3372,6,0
3373,154,1
3374,19,0
3375,152,0
3376,52,0
3377,38,0
3378,21,0
3379,21,0
3380,91,1
3381,41,0
3382,106,1
3383,110,0
3384,44,1
3385,53,0
3386,10,0
3387,17,0
3388,23,1
3389,52,0
3390,54,1
3391,55,1
3392,32,1
3393,38,1
3394,44,1
3395,100,1
3396,39,0
3397,200,0
3398,39,1
3399,89,1
3400,113,1
3401,35,1
3402,26,0
3403,164,0
3404,78,1
3405,81,0
3406,88,0
3407,36,0
3408,137,0
3409,37,0
3410,114,0
3411,65,1
3412,18,0
3413,105,1
3414,25,0
3415,52,1
3416,106,1
3417,79,1
3418,200,0
3419,116,1
3420,32,0
3421,13,0
3422,73,1
3423,85,1
3424,124,1
3425,46,1
3426,78,1
3427,22,0
3428,23,0
3429,98,1
3430,39,0
3431,9,0
3432,75,1
3433,54,1
3434,21,0
3435,52,0
3436,88,0
3437,27,0
3438,46,1
3439,84,0
3440,16,0
3441,63,1
3442,10,0
3443,31,0
3444,71,1
3445,95,0
3446,46,1
3447,24,0
3448,53,1
3449,67,1
3450,53,0
3451,26,0
3452,75,1
3453,47,1
3454,132,1
3455,141,1
3456,200,0
3457,13,0
3458,43,0
3459,120,1
3460,63,1
3461,84,1
3462,56,0
3463,17,0
3464,149,1
3465,56,0
3466,10,0
3467,97,1
3468,96,1
3469,44,1
3470,32,0
3471,69,1
3472,38,1
3473,84,1
3474,7,0
3475,117,1
3476,88,1
3477,22,0
3478,124,1
3479,149,0
3480,9,0
3481,20,0
3482,70,1
3483,79,1
3484,69,1
3485,39,0
3486,131,1
3487,54,1
3488,33,1
3489,40,1
3490,103,1
3491,150,1
3492,109,1
3493,85,1
3494,7,0
3495,46,0
3496,36,0
3497,53,1
3498,162,1
3499,10,0
3500,64,1
3501,72,1
3502,20,0
3503,12,0
3504,35,0
3505,70,0
3506,134,1
3507,41,1
3508,47,0
3509,47,0
3510,200,0
3511,149,1
3512,64,1
3513,62,0
3514,66,1
3515,74,1
3516,148,1
3517,122,1
3518,48,1
3519,61,0
3520,88,1
3521,47,1
3522,135,1
3523,106,0
3524,58,1
3525,160,1
3526,21,0
3527,25,0
3528,80,0
3529,79,1
3530,60,1
3531,15,0
3532,117,1
3533,21,0
3534,146,1
3535,120,0
3536,49,0
3537,11,0
3538,33,0
3539,53,1
3540,32,0
3541,8,0
3542,123,1
3543,15,0
3544,98,1
3545,56,1
3546,16,0
3547,75,1
3548,35,1
3549,72,1
3550,113,1
3551,65,0
3552,103,1
3553,57,1
3554,59,1
3555,104,1
3556,49,1
3557,94,1
3558,126,1
3559,134,1
3560,145,1
3561,77,1
3562,34,0
3563,40,1
3564,60,1
3565,121,1
3566,71,1
3567,166,1
3568,137,1
3569,123,1
3570,13,0
3571,200,0
3572,58,1
3573,35,0
3574,19,0
3575,153,1
3576,25,0
3577,32,0
3578,82,1
3579,47,0
3580,18,0
3581,83,0
3582,70,1
3583,200,0
3584,32,0
3585,14,0
3586,17,0
3587,20,0
3588,47,0
3589,46,0
3590,13,0
3591,50,1
3592,61,0
3593,18,0
3594,49,1
3595,74,1
3596,105,1
3597,96,1
3598,77,0
3599,51,0
3600,30,1
3601,35,0
3602,175,1
3603,126,1
3604,140,1
3605,23,0
3606,110,1
3607,65,1
3608,29,0
3609,108,1
3610,98,1
3611,186,1
3612,70,0
3613,38,0
3614,7,0
3615,83,0
3616,180,1
3617,47,1
3618,54,1
3619,51,1
3620,47,1
3621,91,1
3622,115,1
3623,108,1
3624,122,1
3625,54,0
3626,43,0
3627,21,1
3628,13,0
3629,16,0
3630,121,1
3631,47,0
3632,77,0
3633,38,0
3634,32,0
3635,65,0
3636,151,1
3637,65,1
3638,42,1
3639,187,1
3640,20,0
3641,137,1
3642,139,1
3643,82,1
3644,77,1
3645,117,1
3646,57,0
3647,135,1
3648,124,0
3649,89,0
3650,49,0
3651,141,1
3652,40,1
3653,89,1
3654,96,1
3655,13,0
3656,60,0
3657,118,1
3658,77,1
3659,29,0
3660,107,1
3661,179,1
3662,83,1
3663,59,0
3664,78,0
3665,44,0
3666,62,1
3667,12,0
3668,48,0
3669,6,0
3670,103,0
3671,94,1
3672,31,0
3673,78,1
3674,16,0
3675,62,1
3676,18,0
3677,157,1
3678,142,1
3679,85,1
3680,41,0
3681,73,1
3682,41,0
3683,11,0
3684,45,0
3685,62,0
3686,30,0
3687,26,0
3688,17,0
3689,59,1
3690,28,0
3691,125,0
3692,90,1
3693,15,0
3694,88,0
3695,66,1
3696,122,1
3697,32,0
3698,57,0
3699,42,1
3700,154,1
3701,143,1
3702,101,0
3703,81,1
3704,56,1
3705,69,1
3706,23,0
3707,78,1
3708,116,0
3709,61,1
3710,53,0
3711,38,0
3712,49,1
3713,50,1
3714,39,1
3715,77,1
3716,94,1
3717,75,0
3718,89,1
3719,99,0
3720,193,0
3721,55,1
3722,32,1
3723,53,0
3724,128,1
3725,48,1
3726,40,0
3727,45,1
3728,80,1
3729,152,0
3730,10,0
3731,30,0
3732,57,1
3733,81,1
3734,27,1
3735,89,1
3736,57,1
3737,90,1
3738,72,1
3739,78,1
3740,128,1
3741,35,0
3742,73,0
3743,9,0
3744,54,1
3745,96,0
3746,73,1
3747,69,0
3748,90,1
3749,76,0
3750,157,1
3751,155,1
3752,65,0
3753,88,1
3754,111,1
3755,52,1
3756,71,1
3757,80,1
3758,77,1
3759,14,0
3760,76,1
3761,160,1
3762,39,1
3763,14,0
3764,86,1
3765,71,1
3766,77,1
3767,69,0
3768,23,1
3769,132,1
3770,13,0
3771,79,1
3772,25,0
3773,72,1
3774,53,0
3775,165,0
3776,88,1
3777,81,1
3778,52,1
3779,171,1
3780,72,1
3781,41,0
3782,55,1
3783,67,1
3784,137,1
3785,146,1
3786,165,0
3787,49,0
3788,141,0
3789,38,0
3790,15,0
3791,69,1
3792,162,1
3793,102,1
3794,80,1
3795,61,1
3796,22,0
3797,44,1
3798,82,0
3799,35,0
3800,46,0
3801,43,0
3802,29,0
3803,88,1
3804,31,0
3805,49,1
3806,37,0
3807,74,1
3808,28,1
3809,68,0
3810,10,0
3811,94,1
3812,62,1
3813,74,1
3814,28,1
3815,14,0
3816,80,1
3817,8,0
3818,33,0
3819,18,0
3820,52,0
3821,86,1
3822,62,1
3823,50,1
3824,77,1
3825,127,1
3826,166,1
3827,100,1
3828,24,1
3829,83,0
3830,57,1
3831,100,1
3832,30,0
3833,89,1
3834,106,1
3835,200,0
3836,41,1
3837,29,0
3838,70,0
3839,23,0
3840,8,0
3841,121,1
3842,45,1
3843,116,1
3844,41,0
3845,14,0
3846,72,1
3847,57,0
3848,137,1
3849,16,0
3850,148,1
3851,15,0
3852,188,1
3853,44,1
3854,120,1
3855,53,0
3856,74,0
3857,32,0
3858,59,0
3859,57,1
3860,69,0
3861,26,0
3862,84,0
3863,8,0
3864,47,1
3865,43,1
3866,55,1
3867,21,0
3868,13,0
3869,173,1
3870,106,1
3871,29,1
3872,75,1
3873,33,0
3874,44,1
3875,13,0
3876,33,1
3877,14,0
3878,47,0
3879,14,0
3880,75,1
3881,40,0
3882,67,0
3883,65,1
3884,29,0
3885,16,0
3886,53,0
3887,79,0
3888,33,1
3889,71,1
3890,64,1
3891,136,1
3892,64,0
3893,39,1
3894,143,1
3895,42,1
3896,140,0
3897,55,1
3898,34,1
3899,66,1
3900,102,1
3901,93,1
3902,200,0
3903,20,0
3904,16,0
3905,93,1
3906,178,1
3907,56,0
3908,120,1
3909,38,0
3910,44,1
3911,59,0
3912,115,1
3913,15,0
3914,100,1
3915,17,0
3916,55,1
3917,60,1
3918,103,0
3919,14,0
3920,98,1
3921,92,1
3922,84,1
3923,133,1
3924,36,0
3925,37,1
3926,101,0
3927,32,0
3928,72,1
3929,8,0
3930,39,0
3931,27,1
3932,67,1
3933,20,0
3934,42,0
3935,88,1
3936,63,1
3937,147,0
3938,69,1
3939,22,0
3940,66,1
3941,77,1
3942,32,1
3943,53,1
3944,23,0
3945,83,0
3946,21,0
3947,46,0
3948,51,0
3949,16,0
3950,52,1
3951,51,0
3952,58,1
3953,67,0
3954,47,1
3955,110,0
3956,79,1
3957,45,0
3958,100,1
3959,148,1
3960,133,1
3961,25,0
3962,58,1
3963,67,1
3964,50,0
3965,97,0
3966,61,0
3967,43,1
3968,49,1
3969,11,0
3970,76,0
3971,106,1
3972,35,0
3973,31,0
3974,46,1
3975,131,1
3976,80,1
3977,38,0
3978,95,0
3979,200,1
3980,9,0
3981,59,1
3982,25,1
3983,137,1
3984,37,1
3985,52,1
3986,58,1
3987,62,1
3988,51,0
3989,32,0
3990,56,0
3991,16,0
3992,68,1
3993,38,0
3994,143,1
3995,64,1
3996,80,1
3997,83,1
3998,77,1
3999,86,1
4000,130,0
4001,66,0
4002,32,0
4003,59,1
4004,54,1
4005,60,0
4006,50,1
4007,114,1
4008,29,0
4009,84,0
4010,55,0
4011,57,1
4012,54,0
4013,196,0
4014,41,0
4015,80,1
4016,57,1
4017,18,0
4018,118,1
4019,55,1
4020,69,1
4021,86,1
4022,17,0
4023,76,0
4024,13,0
4025,14,0
4026,17,0
4027,35,0
4028,17,0
4029,139,1
4030,74,1
4031,28,1
4032,76,0
4033,68,1
4034,42,0
4035,116,0
4036,18,0
4037,88,1
4038,56,1
4039,95,0
4040,48,1
4041,126,1
4042,55,1
4043,121,1
4044,81,1
4045,86,0
4046,31,1
4047,95,1
4048,46,0
4049,56,0
4050,121,1
4051,139,0
4052,21,0
4053,68,1
4054,110,1
4055,181,0
4056,40,0
4057,25,1
4058,56,1
4059,144,1
4060,84,1
4061,147,1
4062,52,0
4063,32,0
4064,42,1
4065,142,0
4066,109,0
4067,48,1
4068,73,1
4069,63,1
4070,10,0
4071,105,1
4072,59,1
4073,57,1
4074,17,0
4075,19,0
4076,32,1
4077,53,1
4078,138,0
4079,20,0
4080,33,0
4081,98,1
4082,9,0
4083,22,0
4084,35,0
4085,45,1
4086,77,1
4087,57,1
4088,145,0
4089,34,0
4090,21,0
4091,16,0
4092,75,1
4093,102,1
4094,158,1
4095,27,0
4096,53,1
4097,125,0
4098,126,0
4099,56,1
4100,130,1
4101,71,1
4102,35,1
4103,94,1
4104,93,1
4105,113,1
4106,55,0
4107,80,1
4108,13,0
4109,88,0
4110,82,1
4111,74,1
4112,129,1
4113,20,0
4114,24,0
4115,200,0
4116,47,1
4117,178,1
4118,35,1
4119,80,0
4120,32,1
4121,78,0
4122,64,1
4123,57,1
4124,41,1
4125,95,0
4126,75,1
4127,120,1
4128,22,0
4129,52,1
4130,75,1
4131,53,1
4132,66,1
4133,12,0
4134,90,1
4135,70,0
4136,49,1
4137,54,0
4138,54,1
4139,44,1
4140,128,1
4141,42,0
4142,33,0
4143,61,1
4144,8,0
4145,54,1
4146,8,0
4147,56,1
4148,70,1
4149,141,0
4150,108,1
4151,35,1
4152,63,1
4153,28,1
4154,120,1
4155,92,1
4156,132,1
4157,113,1
4158,91,1
4159,109,1
4160,9,0
4161,117,1
4162,112,1
4163,29,1
4164,37,1
4165,43,1
4166,60,0
4167,106,0
4168,25,1
4169,53,0
4170,87,1
4171,66,1
4172,48,1
4173,37,1
4174,48,0
4175,66,0
4176,128,1
4177,19,0
4178,128,1
4179,28,0
4180,105,1
4181,43,1
4182,76,1
4183,62,1
4184,101,1
4185,131,1
4186,68,1
4187,55,1
4188,139,0
4189,34,0
4190,16,0
4191,51,1
4192,50,0
4193,80,1
4194,77,0
4195,135,1
4196,101,1
4197,102,1
4198,64,1
4199,85,1
4200,58,1
4201,93,1
4202,27,0
4203,70,1
4204,99,1
4205,109,1
4206,116,1
4207,65,1
4208,71,1
4209,46,1
4210,80,1
4211,123,1
4212,168,1
4213,96,0
4214,71,1
4215,88,1
4216,78,0
4217,75,1
4218,131,1
4219,42,1
4220,122,0
4221,107,0
4222,108,0
4223,44,0
4224,35,0
4225,61,0
4226,11,0
4227,16,0
4228,15,0
4229,104,1
4230,154,0
4231,19,0
4232,103,1
4233,30,0
4234,65,1
4235,23,0
4236,111,1
4237,23,0
4238,53,0
4239,62,0
4240,157,0
4241,80,1
4242,120,1
4243,83,1
4244,19,0
4245,110,0
4246,25,0
4247,39,0
4248,88,0
4249,53,1
4250,28,0
4251,113,1
4252,103,1
4253,200,0
4254,40,1
4255,16,0
4256,10,0
4257,61,1
4258,25,0
4259,122,1
4260,96,0
4261,154,1
4262,41,0
4263,20,0
4264,52,0
4265,21,0
4266,60,0
4267,12,0
4268,66,1
4269,63,1
4270,81,0
4271,83,1
4272,18,0
4273,11,0
4274,11,0
4275,10,0
4276,80,1
4277,44,0
4278,85,0
4279,27,0
4280,93,1
4281,52,0
4282,17,0
4283,63,0
4284,99,1
4285,26,0
4286,43,1
4287,58,1
4288,51,0
4289,200,0
4290,85,1
4291,56,1
4292,58,0
4293,67,1
4294,24,0
4295,20,0
4296,63,1
4297,45,0
4298,54,1
4299,31,0
4300,64,0
4301,87,1
4302,19,0
4303,11,0
4304,101,1
4305,46,0
4306,200,0
4307,33,1
4308,19,0
4309,25,0
4310,8,0
4311,91,1
4312,69,1
4313,93,1
4314,47,1
4315,23,0
4316,167,1
4317,58,1
4318,158,1
4319,27,1
4320,77,1
4321,159,1
4322,71,1
4323,48,0
4324,58,0
4325,24,0
4326,69,0
4327,63,0
4328,38,0
4329,34,1
4330,19,0
4331,65,1
4332,30,1
4333,27,0
4334,41,1
4335,94,1
4336,86,1
4337,159,1
4338,15,0
4339,31,0
4340,117,0
4341,58,1
4342,82,1
4343,107,1
4344,10,0
4345,20,1
4346,53,1
4347,65,1
4348,144,1
4349,25,1
4350,135,1
4351,35,1
4352,34,0
4353,159,0
4354,27,0
4355,73,0
4356,27,0
4357,89,1
4358,33,1
4359,30,1
4360,45,1
4361,96,1
4362,117,1
4363,61,1
4364,63,1
4365,191,0
4366,49,1
4367,51,1
4368,69,0
4369,63,1
4370,60,0
4371,49,0
4372,62,1
4373,33,0
4374,126,1
4375,33,0
4376,76,0
4377,40,1
4378,25,0
4379,49,1
4380,43,0
4381,47,1
4382,53,0
4383,8,0
4384,103,1
4385,113,1
4386,137,1
4387,84,1
4388,78,1
4389,176,1
4390,84,0
4391,135,0
4392,74,1
4393,24,0
4394,22,0
4395,46,1
4396,47,1
4397,18,0
4398,43,0
4399,87,0
4400,90,0
4401,112,1
4402,103,1
4403,17,0
4404,70,1
4405,13,0
4406,16,0
4407,179,1
4408,34,0
4409,43,0
4410,197,1
4411,181,1
4412,22,0
4413,61,1
4414,103,0
4415,46,0
4416,52,0
4417,72,0
4418,31,0
4419,103,1
4420,70,0
4421,79,1
4422,9,0
4423,101,0
4424,15,0
4425,7,0
4426,120,1
4427,80,1
4428,32,0
4429,62,1
4430,83,0
4431,8,0
4432,54,0
4433,14,0
4434,29,0
4435,47,0
4436,53,1
4437,5,0
4438,110,0
4439,42,1
4440,138,1
4441,84,1
4442,92,0
4443,13,0
4444,84,1
4445,17,0
4446,200,0
4447,200,0
4448,16,0
4449,32,0
4450,48,1
4451,83,0
4452,87,1
4453,38,0
4454,123,1
4455,141,1
4456,138,1
4457,95,0
4458,64,0
4459,67,0
4460,85,1
4461,19,0
4462,105,1
4463,14,0
4464,123,1
4465,100,0
4466,29,0
4467,137,1
4468,39,0
4469,52,1
4470,71,0
4471,143,1
4472,200,0
4473,15,0
4474,93,1
4475,16,0
4476,21,0
4477,58,1
4478,111,1
4479,182,1
4480,42,1
4481,44,0
4482,13,0
4483,75,1
4484,36,1
4485,81,1
4486,107,0
4487,81,1
4488,129,1
4489,16,0
4490,39,0
4491,15,0
4492,190,1
4493,41,1
4494,36,1
4495,32,1
4496,31,0
4497,56,1
4498,43,1
4499,76,1
4500,78,1
4501,61,0
4502,169,0
4503,89,1
4504,72,1
4505,27,0
4506,97,1
4507,47,1
4508,28,0
4509,35,0
4510,153,1
4511,66,0
4512,45,1
4513,34,1
4514,139,1
4515,52,1
4516,114,0
4517,52,1
4518,200,0
4519,66,1
4520,43,1
4521,31,1
4522,99,1
4523,53,0
4524,65,1
4525,47,0
4526,44,1
4527,61,1
4528,29,0
4529,17,0
4530,52,0
4531,74,0
4532,158,0
4533,85,0
4534,18,0
4535,134,0
4536,111,1
4537,82,1
4538,83,0
4539,28,0
4540,76,0
4541,188,0
4542,61,0
4543,21,0
4544,11,0
4545,45,1
4546,61,0
4547,35,0
4548,73,0
4549,85,1
4550,22,0
4551,61,0
4552,86,1
4553,35,0
4554,58,1
4555,48,1
4556,41,0
4557,42,1
4558,79,0
4559,11,0
4560,70,1
4561,18,0
4562,70,0
4563,114,1
4564,156,0
4565,24,0
4566,17,0
4567,98,0
4568,74,0
4569,30,0
4570,63,0
4571,13,0
4572,106,0
4573,29,0
4574,35,1
4575,200,0
4576,24,0
4577,9,0
4578,50,1
4579,22,0
4580,108,1
4581,62,1
4582,111,1
4583,25,0
4584,9,0
4585,95,1
4586,33,0
4587,91,1
4588,72,1
4589,54,1
4590,10,0
4591,38,0
4592,84,0
4593,34,0
4594,96,1
4595,41,0
4596,157,1
4597,41,0
4598,90,1
4599,41,0
4600,63,0
4601,58,1
4602,39,1
4603,101,0
4604,57,1
4605,88,1
4606,178,1
4607,36,0
4608,39,0
4609,152,0
4610,14,0
4611,22,0
4612,31,0
4613,74,0
4614,16,0
4615,30,0
4616,20,0
4617,78,0
4618,32,1
4619,106,1
4620,102,1
4621,43,0
4622,84,0
4623,82,1
4624,39,0
4625,60,1
4626,34,0
4627,39,0
4628,58,0
4629,16,0
4630,50,1
4631,64,1
4632,98,1
4633,41,0
4634,57,0
4635,26,0
4636,16,0
4637,17,0
4638,50,1
4639,116,1
4640,64,1
4641,60,1
4642,39,0
4643,8,0
4644,24,0
4645,33,0
4646,91,1
4647,19,0
4648,41,1
4649,90,1
4650,81,1
4651,200,0
4652,21,0
4653,138,1
4654,28,0
4655,51,1
4656,42,1
4657,85,1
4658,97,1
4659,36,0
4660,80,1
4661,113,1
4662,89,1
4663,143,1
4664,81,1
4665,54,0
4666,82,1
4667,117,1
4668,25,0
4669,126,1
4670,115,1
4671,92,1
4672,82,1
4673,200,0
4674,55,1
4675,22,0
4676,19,0
4677,154,1
4678,154,1
4679,38,1
4680,63,1
4681,31,1
4682,18,0
4683,14,0
4684,28,1
4685,104,1
4686,29,0
4687,69,1
4688,19,0
4689,61,1
4690,55,1
4691,63,1
4692,33,0
4693,118,1
4694,134,1
4695,41,0
4696,54,1
4697,92,1
4698,46,1
4699,46,1
4700,18,0
4701,109,0
4702,113,1
4703,81,1
4704,120,1
4705,65,1
4706,190,1
4707,43,1
4708,19,0
4709,103,1
4710,128,1
4711,125,1
4712,171,1
4713,85,1
4714,38,1
4715,36,1
4716,60,1
4717,47,0
4718,101,1
4719,57,1
4720,43,1
4721,56,1
4722,50,1
4723,79,1
4724,59,1
4725,111,1
4726,58,1
4727,50,0
4728,129,1
4729,29,1
4730,58,1
4731,122,1
4732,92,1
4733,42,0
4734,91,1
4735,37,1
4736,14,0
4737,112,1
4738,24,0
4739,16,0
4740,58,0
4741,119,1
4742,56,1
4743,34,1
4744,21,0
4745,29,1
4746,32,1
4747,97,1
4748,104,1
4749,35,1
4750,104,1
4751,65,1
4752,61,1
4753,53,1
4754,20,0
4755,28,1
4756,144,1
4757,48,1
4758,56,1
4759,34,0
4760,28,0
4761,31,1
4762,29,0
4763,62,0
4764,90,1
4765,46,1
4766,88,1
4767,171,1
4768,61,1
4769,33,1
4770,45,1
4771,15,0
4772,66,1
4773,113,1
4774,42,1
4775,57,0
4776,35,0
4777,34,1
4778,105,1
4779,38,1
4780,79,1
4781,29,1
4782,38,1
4783,111,1
4784,64,0
4785,167,1
4786,38,1
4787,200,0
4788,105,1
4789,57,1
4790,40,0
4791,33,1
4792,134,1
4793,60,1
4794,168,1
4795,41,1
4796,52,1
4797,108,1
4798,37,0
4799,86,1
4800,116,0
4801,52,1
4802,200,0
4803,34,1
4804,113,1
4805,84,0
4806,65,1
4807,43,1
4808,200,0
4809,79,1
4810,101,1
4811,34,1
4812,117,1
4813,45,1
4814,63,0
4815,58,1
4816,123,1
4817,70,1
4818,114,1
4819,145,1
4820,55,1
4821,130,1
4822,54,0
4823,75,1
4824,51,0
4825,31,0
4826,69,1
4827,41,1
4828,54,1
4829,68,0
4830,81,1
4831,92,1
4832,46,1
4833,40,1
4834,122,1
4835,97,0
4836,105,1
4837,81,1
4838,45,1
4839,98,1
4840,50,1
4841,111,1
4842,119,1
4843,81,1
4844,97,0
4845,31,0
4846,61,1
4847,59,0
4848,72,1
4849,104,1
4850,37,0
4851,50,0
4852,26,0
4853,22,0
4854,52,1
4855,43,1
4856,58,1
4857,41,1
4858,55,1
4859,54,1
4860,121,1
4861,91,1
4862,56,1
4863,200,0
4864,42,1
4865,41,0
4866,93,1
4867,56,1
4868,200,0
4869,64,1
4870,200,0
4871,30,1
4872,143,1
4873,101,1
4874,127,1
4875,30,1
4876,42,0
4877,56,1
4878,39,1
4879,24,0
4880,88,1
4881,37,0
4882,28,0
4883,8,0
4884,17,0
4885,153,1
4886,63,0
4887,26,0
4888,72,0
4889,118,1
4890,29,0
4891,102,1
4892,74,0
4893,66,1
4894,129,1
4895,116,1
4896,108,1
4897,36,1
4898,34,0
4899,200,0
4900,9,0
4901,140,1
4902,61,1
4903,85,0
4904,72,0
4905,80,0
4906,117,0
4907,79,1
4908,81,0
4909,200,0
4910,20,0
4911,58,0
4912,113,0
4913,111,0
4914,147,1
4915,24,0
4916,41,0
4917,63,1
4918,50,0
4919,41,1
4920,64,1
4921,19,0
4922,41,0
4923,70,0
4924,20,0
4925,88,1
4926,84,0
4927,54,0
4928,7,0
4929,116,0
4930,130,0
4931,24,0
4932,49,0
4933,45,1
4934,22,0
4935,29,1
4936,46,0
4937,56,1
4938,48,0
4939,16,0
4940,37,1
4941,171,1
4942,61,0
4943,127,1
4944,47,0
4945,160,1
4946,34,0
4947,58,1
4948,10,0
4949,21,0
4950,35,0
4951,81,0
4952,34,0
4953,44,0
4954,76,1
4955,82,1
4956,10,0
4957,8,0
4958,59,1
4959,67,1
4960,88,1
4961,156,0
4962,90,1
4963,71,1
4964,33,0
4965,24,1
4966,126,1
4967,72,1
4968,77,0
4969,11,0
4970,65,1
4971,28,0
4972,33,0
4973,47,1
4974,100,1
4975,56,1
4976,68,1
4977,53,1
4978,41,0
4979,58,0
4980,17,0
4981,20,0
4982,115,1
4983,50,1
4984,32,0
4985,32,0
4986,90,1
4987,91,1
4988,138,1
4989,60,1
4990,65,0
4991,131,0
4992,103,0
4993,167,1
4994,142,1
4995,49,1
4996,13,0
4997,16,0
4998,47,0
4999,157,1
5000,136,1
5001,179,1
5002,56,1
5003,10,0
5004,28,0
5005,61,0
5006,75,1
5007,13,0
5008,200,0
5009,51,0
5010,107,0
5011,34,0
5012,91,1
5013,174,1
5014,89,1
5015,87,1
5016,50,0
5017,8,0
5018,62,1
5019,10,0
5020,60,1
5021,37,0
5022,20,0
5023,64,1
5024,23,0
5025,37,0
5026,52,1
5027,21,0
5028,48,0
5029,12,0
5030,88,1
5031,65,0
5032,192,1
5033,132,1
5034,55,0
5035,18,0
5036,49,1
5037,20,0
5038,81,1
5039,51,1
5040,49,0
5041,43,0
5042,41,0
5043,35,0
5044,47,0
5045,73,1
5046,147,1
5047,200,0
5048,14,0
5049,104,1
5050,105,1
5051,111,1
5052,19,0
5053,108,1
5054,32,1
5055,58,1
5056,137,1
5057,123,0
5058,47,1
5059,49,0
5060,105,1
5061,103,1
5062,7,0
5063,53,0
5064,13,0
5065,79,0
5066,58,0
5067,79,1
5068,83,1
5069,24,0
5070,11,0
5071,60,0
5072,45,1
5073,131,0
5074,37,1
5075,18,0
5076,18,0
5077,68,1
5078,55,1
5079,94,1
5080,14,0
5081,75,1
5082,161,1
5083,87,1
5084,12,0
5085,64,1
5086,13,0
5087,200,0
5088,10,0
5089,31,0
5090,50,1
5091,82,1
5092,61,1
5093,11,0
5094,36,1
5095,50,1
5096,26,1
5097,12,0
5098,159,1
5099,120,1
5100,83,1
5101,89,1
5102,86,1
5103,89,1
5104,61,1
5105,75,1
5106,40,0
5107,28,0
5108,55,1
5109,18,0
5110,50,1
5111,69,1
5112,82,1
5113,104,1
5114,67,1
5115,63,1
5116,77,1
5117,50,1
5118,19,0
5119,108,0
5120,153,1
5121,160,1
5122,104,1
5123,158,1
5124,155,1
5125,19,0
5126,70,0
5127,26,1
5128,70,1
5129,39,1
5130,69,0
5131,19,0
5132,16,0
5133,22,0
5134,42,0
5135,101,1
5136,108,1
5137,52,1
5138,88,1
5139,25,0
5140,68,0
5141,97,1
5142,70,1
5143,43,1
5144,55,1
5145,32,1
5146,16,0
5147,45,0
5148,37,1
5149,58,1
5150,159,1
5151,113,1
5152,108,1
5153,51,1
5154,33,1
5155,12,0
5156,92,0
5157,35,0
5158,45,1
5159,30,0
5160,97,1
5161,115,1
5162,48,0
5163,77,1
5164,60,1
5165,54,1
5166,111,0
5167,54,1
5168,80,1
5169,65,1
5170,77,1
5171,25,0
5172,102,1
5173,52,1
5174,38,1
5175,33,1
5176,200,0
5177,16,0
5178,38,1
5179,36,1
5180,56,1
5181,139,1
5182,38,1
5183,125,1
5184,63,0
5185,41,1
5186,66,1
5187,59,1
5188,63,0
5189,29,1
5190,88,1
5191,45,1
5192,120,0
5193,83,0
5194,42,1
5195,29,0
5196,24,1
5197,65,1
5198,155,1
5199,9,0
5200,20,0
5201,47,1
5202,59,1
5203,51,1
5204,68,0
5205,34,1
5206,96,1
5207,90,0
5208,10,0
5209,72,1
5210,74,0
5211,79,1
5212,75,0
5213,34,1
5214,51,1
5215,65,1
5216,43,1
5217,9,0
5218,107,1
5219,22,0
5220,33,1
5221,155,0
5222,110,1
5223,24,0
5224,178,1
5225,11,0
5226,40,0
5227,103,1
5228,25,0
5229,40,1
5230,48,1
5231,121,1
5232,87,1
5233,103,1
5234,137,1
5235,37,1
5236,16,0
5237,15,0
5238,64,1
5239,28,0
5240,67,1
5241,97,1
5242,73,1
5243,48,1
5244,54,1
5245,45,1
5246,97,0
5247,52,1
5248,43,0
5249,71,1
5250,85,1
5251,46,1
5252,62,0
5253,54,0
5254,27,0
5255,15,0
5256,200,0
5257,142,0
5258,48,0
5259,93,1
5260,46,1
5261,38,0
5262,33,0
5263,144,0
5264,16,0
5265,142,1
5266,9,0
5267,65,0
5268,110,1
5269,45,0
5270,20,0
5271,121,1
5272,104,1
5273,71,1
5274,82,1
5275,52,0
5276,55,0
5277,28,0
5278,50,1
5279,47,0
5280,74,1
5281,65,0
5282,75,1
5283,39,1
5284,64,1
5285,60,1
5286,85,0
5287,78,0
5288,120,0
5289,74,1
5290,197,1
5291,43,1
5292,72,1
5293,113,1
5294,15,0
5295,117,1
5296,76,0
5297,93,1
5298,69,0
5299,53,0
5300,58,0
5301,29,1
5302,115,1
5303,96,1
5304,34,1
5305,68,1
5306,81,1
5307,80,1
5308,62,1
5309,33,1
5310,57,1
5311,62,1
5312,26,1
5313,36,1
5314,49,0
5315,149,1
5316,97,1
5317,64,1
5318,26,1
5319,25,0
5320,19,0
5321,29,0
5322,13,0
5323,48,1
5324,114,1
5325,92,1
5326,78,1
5327,57,1
5328,25,1
5329,25,1
5330,66,1
5331,97,1
5332,37,0
5333,105,0
5334,80,1
5335,199,1
5336,20,0
5337,53,0
5338,44,0
5339,13,0
5340,109,1
5341,89,1
5342,60,1
5343,51,0
5344,112,1
5345,72,0
5346,64,1
5347,37,0
5348,16,0
5349,76,1
5350,45,0
5351,64,1
5352,63,1
5353,46,1
5354,44,1
5355,104,1
5356,19,0
5357,69,1
5358,14,0
5359,14,0
5360,47,1
5361,7,0
5362,67,1
5363,52,1
5364,101,0
5365,47,1
5366,9,0
5367,116,1
5368,64,1
5369,118,1
5370,87,1
5371,113,1
5372,82,1
5373,45,1
5374,38,1
5375,37,1
5376,41,1
5377,38,1
5378,50,1
5379,53,1
5380,44,1
5381,83,0
5382,31,0
5383,37,0
5384,76,1
5385,120,1
5386,42,1
5387,124,1
5388,67,0
5389,57,0
5390,37,1
5391,88,0
5392,66,0
5393,31,1
5394,41,1
5395,17,0
5396,143,1
5397,88,1
5398,72,1
5399,59,1
5400,112,1
5401,72,0
5402,44,1
5403,190,1
5404,30,1
5405,24,1
5406,45,0
5407,42,1
5408,21,0
5409,108,1
5410,72,1
5411,67,1
5412,13,0
5413,68,1
5414,38,1
5415,200,0
5416,83,1
5417,114,1
5418,29,1
5419,87,0
5420,200,0
5421,130,1
5422,108,1
5423,15,0
5424,159,0
5425,83,1
5426,41,1
5427,86,1
5428,51,1
5429,17,0
5430,37,1
5431,56,0
5432,6,0
5433,119,1
5434,58,0
5435,67,1
5436,55,1
5437,64,1
5438,161,1
5439,31,0
5440,56,0
5441,53,1
5442,70,0
5443,16,0
5444,44,1
5445,87,0
5446,61,1
5447,60,1
5448,38,1
5449,86,0
5450,53,0
5451,84,1
5452,32,0
5453,43,1
5454,52,1
5455,100,1
5456,53,1
5457,79,1
5458,10,0
5459,44,0
5460,90,1
5461,184,1
5462,91,1
5463,120,1
5464,49,1
5465,96,1
5466,11,0
5467,70,1
5468,54,1
5469,52,1
5470,126,1
5471,43,0
5472,94,1
5473,39,1
5474,39,1
5475,56,1
5476,69,1
5477,40,1
5478,14,0
5479,81,0
5480,57,1
5481,24,0
5482,100,1
5483,35,1
5484,120,0
5485,71,1
5486,62,1
5487,62,1
5488,20,0
5489,57,1
5490,106,1
5491,69,1
5492,136,1
5493,78,1
5494,104,0
5495,116,1
5496,45,1
5497,59,1
5498,67,1
5499,28,0
5500,125,1
5501,21,0
5502,50,1
5503,102,1
5504,64,1
5505,80,1
5506,132,0
5507,154,0
5508,123,1
5509,112,1
5510,93,1
5511,83,1
5512,63,1
5513,118,1
5514,71,1
5515,87,1
5516,50,1
5517,17,0
5518,51,1
5519,102,1
5520,66,1
5521,25,1
5522,12,0
5523,70,1
5524,117,1
5525,148,1
5526,48,1
5527,53,1
5528,35,0
5529,61,0
5530,33,0
5531,54,1
5532,14,0
5533,45,0
5534,28,0
5535,12,0
5536,58,1
5537,37,0
5538,38,1
5539,62,0
5540,117,0
5541,82,0
5542,42,1
5543,62,1
5544,85,0
5545,154,1
5546,62,0
5547,43,1
5548,111,1
5549,98,1
5550,82,1
5551,21,0
5552,189,1
5553,10,0
5554,12,0
5555,32,1
5556,99,0
5557,130,1
5558,44,1
5559,63,1
5560,63,1
5561,18,0
5562,200,0
5563,87,1
5564,47,0
5565,62,1
5566,96,1
5567,95,1
5568,33,1
5569,60,1
5570,61,0
5571,74,1
5572,41,1
5573,66,1
5574,75,1
5575,33,1
5576,105,0
5577,68,1
5578,158,1
5579,45,0
5580,196,1
5581,71,0
5582,24,1
5583,44,1
5584,50,1
5585,132,1
5586,45,1
5587,92,1
5588,84,1
5589,92,1
5590,84,1
5591,10,0
5592,60,0
5593,48,1
5594,13,0
5595,50,1
5596,49,1
5597,56,1
5598,31,0
5599,63,1
5600,75,1
5601,71,1
5602,50,0
5603,159,1
5604,19,0
5605,29,0
5606,99,1
5607,38,0
5608,145,1
5609,37,1
5610,43,1
5611,137,1
5612,67,1
5613,93,1
5614,173,0
5615,28,0
5616,38,1
5617,43,0
5618,101,1
5619,59,0
5620,54,1
5621,156,1
5622,99,1
5623,37,1
5624,73,1
5625,71,0
5626,8,0
5627,61,1
5628,162,1
5629,89,1
5630,18,0
5631,10,0
5632,35,0
5633,88,1
5634,74,0
5635,36,1
5636,42,1
5637,75,1
5638,37,1
5639,106,1
5640,101,0
5641,89,1
5642,30,0
5643,40,1
5644,39,1
5645,69,1
5646,125,1
5647,46,1
5648,97,0
5649,59,1
5650,55,1
5651,193,1
5652,74,0
5653,85,1
5654,15,0
5655,39,1
5656,123,1
5657,59,0
5658,49,0
5659,88,1
5660,54,1
5661,33,0
5662,25,0
5663,100,1
5664,27,1
5665,67,0
5666,160,1
5667,34,1
5668,160,1
5669,130,1
5670,86,1
5671,81,1
5672,94,1
5673,34,0
5674,133,0
5675,31,0
5676,70,0
5677,50,1
5678,38,0
5679,75,0
5680,16,0
5681,21,0
5682,102,1
5683,132,1
5684,84,1
5685,131,1
5686,85,1
5687,43,0
5688,76,1
5689,46,1
5690,150,1
5691,9,0
5692,42,1
5693,69,1
5694,120,1
5695,76,0
5696,61,1
5697,72,0
5698,111,1
5699,79,1
5700,86,0
5701,104,0
5702,103,1
5703,12,0
5704,44,0
5705,139,1
5706,33,0
5707,16,0
5708,66,0
5709,91,0
5710,55,0
5711,85,1
5712,41,0
5713,77,1
5714,99,1
5715,20,0
5716,81,1
5717,16,0
5718,11,0
5719,74,0
5720,86,0
5721,52,1
5722,29,0
5723,44,0
5724,41,0
5725,177,1
5726,19,0
5727,70,0
5728,93,0
5729,24,0
5730,125,0
5731,72,1
5732,42,1
5733,108,1
5734,64,1
5735,77,1
5736,65,1
5737,123,1
5738,10,0
5739,71,1
5740,83,1
5741,75,1
5742,76,1
5743,106,0
5744,60,1
5745,51,1
5746,24,0
5747,40,0
5748,67,0
5749,27,0
5750,30,0
5751,49,1
5752,53,1
5753,38,0
5754,55,1
5755,138,1
5756,47,0
5757,37,0
5758,46,0
5759,147,1
5760,8,0
5761,53,0
5762,36,1
5763,72,0
5764,59,1
5765,38,1
5766,91,1
5767,67,1
5768,49,1
5769,144,1
5770,56,0
5771,9,0
5772,106,1
5773,67,1
5774,72,1
5775,62,0
5776,77,1
5777,26,0
5778,154,0
5779,40,0
5780,45,1
5781,59,1
5782,24,0
5783,45,0
5784,65,1
5785,21,0
5786,96,0
5787,61,1
5788,68,1
5789,11,0
5790,30,0
5791,55,1
5792,111,1
5793,37,1
5794,11,0
5795,74,1
5796,65,1
5797,114,1
5798,154,0
5799,11,0
5800,64,0
5801,41,1
5802,68,1
5803,68,1
5804,72,1
5805,55,1
5806,27,0
5807,73,1
5808,49,1
5809,91,1
5810,46,1
5811,34,0
5812,52,1
5813,84,1
5814,52,1
5815,200,0
5816,38,1
5817,62,1
5818,18,0
5819,85,1
5820,134,1
5821,86,0
5822,39,1
5823,57,0
5824,30,0
5825,137,0
5826,31,1
5827,78,1
5828,79,0
5829,66,1
5830,66,1
5831,23,0
5832,21,0
5833,26,1
5834,193,1
5835,84,0
5836,65,1
5837,18,0
5838,46,0
5839,25,0
5840,70,1
5841,18,0
5842,95,1
5843,7,0
5844,35,1
5845,56,1
5846,130,1
5847,109,1
5848,98,1
5849,9,0
5850,45,0
5851,39,1
5852,97,0
5853,41,1
5854,43,0
5855,38,1
5856,200,0
5857,16,0
5858,18,0
5859,47,1
5860,69,0
5861,57,1
5862,76,0
5863,15,0
5864,51,0
5865,69,1
5866,69,1
5867,66,0
5868,110,1
5869,40,1
5870,61,1
5871,27,0
5872,60,0
5873,126,0
5874,47,1
5875,64,1
5876,28,0
5877,56,0
5878,61,0
5879,54,0
5880,53,0
5881,147,1
5882,11,0
5883,35,0
5884,103,1
5885,35,0
5886,200,0
5887,79,1
5888,113,1
5889,58,1
5890,88,0
5891,92,1
5892,200,0
5893,40,0
5894,25,0
5895,151,0
5896,54,1
5897,29,0
5898,66,0
5899,38,1
5900,21,0
5901,90,0
5902,42,0
5903,19,0
5904,90,1
5905,136,1
5906,39,1
5907,200,0
5908,9,0
5909,145,0
5910,50,1
5911,99,1
5912,54,1
5913,104,1
5914,89,1
5915,21,0
5916,163,0
5917,26,1
5918,111,1
5919,97,1
5920,20,0
5921,46,1
5922,51,0
5923,39,0
5924,80,1
5925,37,1
5926,18,0
5927,40,0
5928,89,0
5929,20,0
5930,40,0
5931,130,1
5932,114,1
5933,38,0
5934,134,1
5935,36,0
5936,26,0
5937,28,0
5938,24,0
5939,57,0
5940,71,1
5941,77,1
5942,28,0
5943,26,0
5944,82,1
5945,87,1
5946,48,0
5947,43,0
5948,24,0
5949,41,1
5950,60,0
5951,30,0
5952,116,1
5953,8,0
5954,58,1
5955,107,1
5956,104,0
5957,29,0
5958,73,1
5959,19,0
5960,35,1
5961,6,0
5962,17,0
5963,18,0
5964,36,0
5965,37,0
5966,56,1
5967,21,0
5968,47,1
5969,36,0
5970,55,1
5971,104,1
5972,10,0
5973,38,1
5974,78,0
5975,19,0
5976,18,0
5977,54,0
5978,53,1
5979,18,0
5980,29,1
5981,145,1
5982,39,1
5983,22,0
5984,89,1
5985,86,1
5986,58,0
5987,38,0
5988,75,0
5989,79,0
5990,68,0
5991,25,0
5992,39,1
5993,17,0
5994,23,0
5995,63,0
5996,136,1
5997,57,1
5998,80,1
5999,27,0
6000,42,0
6001,26,0
6002,60,1
6003,141,1
6004,84,1
6005,32,0
6006,11,0
6007,101,1
6008,103,1
6009,63,1
6010,115,1
6011,81,0
6012,79,1
6013,41,1
6014,187,0
6015,19,0
6016,118,0
6017,23,0
6018,16,0
6019,35,0
6020,91,1
6021,99,1
6022,50,1
6023,46,1
6024,94,1
6025,64,1
6026,54,1
6027,28,1
6028,14,0
6029,65,1
6030,75,1
6031,63,0
6032,24,0
6033,87,0
6034,64,1
6035,44,1
6036,57,0
6037,68,1
6038,200,0
6039,103,1
6040,113,1
6041,51,0
6042,71,1
6043,19,0
6044,54,1
6045,63,1
6046,95,0
6047,72,0
6048,34,1
6049,143,1
6050,74,0
6051,120,1
6052,79,1
6053,55,1
6054,75,0
6055,11,0
6056,32,1
6057,48,0
6058,140,1
6059,78,1
6060,43,0
6061,78,1
6062,48,0
6063,47,0
6064,65,1
6065,52,1
6066,67,1
6067,79,0
6068,88,0
6069,15,0
6070,29,0
6071,108,0
6072,46,1
6073,32,1
6074,51,0
6075,44,1
6076,41,0
6077,38,1
6078,36,1
6079,40,1
6080,18,1
6081,148,1
6082,45,0
6083,109,0
6084,62,1
6085,102,1
6086,45,1
6087,85,1
6088,76,0
6089,60,1
6090,85,0
6091,44,1
6092,151,1
6093,76,1
6094,53,0
6095,12,0
6096,39,0
6097,159,1
6098,84,1
6099,88,1
6100,100,1
6101,99,0
6102,83,1
6103,27,0
6104,24,1
6105,44,1
6106,164,1
6107,20,0
6108,83,0
6109,98,0
6110,35,1
6111,73,1
6112,13,0
6113,95,0
6114,25,0
6115,153,1
6116,66,0
6117,35,1
6118,38,1
6119,68,1
6120,33,0
6121,90,1
6122,47,1
6123,49,1
6124,15,0
6125,166,0
6126,80,1
6127,40,1
6128,56,1
6129,118,0
6130,52,1
6131,85,1
6132,51,1
6133,98,1
6134,67,1
6135,37,0
6136,48,0
6137,84,1
6138,30,0
6139,103,1
6140,39,1
6141,85,1
6142,33,1
6143,25,0
6144,17,0
6145,95,1
6146,94,1
6147,125,1
6148,57,1
6149,113,0
6150,67,1
6151,74,1
6152,54,1
6153,49,1
6154,83,1
6155,70,0
6156,78,0
6157,13,0
6158,106,1
6159,128,1
6160,44,0
6161,94,1
6162,67,0
6163,61,1
6164,45,1
6165,22,0
6166,24,0
6167,73,1
6168,110,1
6169,34,0
6170,30,1
6171,52,1
6172,78,1
6173,109,0
6174,45,0
6175,28,0
6176,44,0
6177,41,1
6178,46,1
6179,70,0
6180,57,1
6181,76,0
6182,78,1
6183,45,1
6184,109,0
6185,69,1
6186,73,0
6187,15,0
6188,19,0
6189,55,1
6190,13,0
6191,10,0
6192,114,1
6193,22,0
6194,50,0
6195,14,0
6196,127,1
6197,85,1
6198,30,0
6199,63,1
6200,46,1
6201,57,0
6202,13,0
6203,39,1
6204,48,1
6205,33,1
6206,33,0
6207,65,1
6208,71,1
6209,52,0
6210,17,0
6211,93,1
6212,112,1
6213,74,1
6214,33,1
6215,150,1
6216,99,1
6217,74,0
6218,54,1
6219,100,0
6220,88,1
6221,87,1
6222,117,1
6223,30,0
6224,65,1
6225,75,1
6226,80,1
6227,18,0
6228,67,0
6229,44,0
6230,26,0
6231,97,0
6232,73,1
6233,72,0
6234,112,1
6235,60,1
6236,39,1
6237,71,0
6238,32,0
6239,71,1
6240,42,0
6241,19,0
6242,79,0
6243,96,0
6244,30,1
6245,54,1
6246,109,1
6247,11,0
6248,51,1
6249,59,0
6250,89,0
6251,156,0
6252,31,0
6253,32,1
6254,105,1
6255,36,0
6256,22,0
6257,50,0
6258,67,1
6259,15,0
6260,51,1
6261,89,0
6262,87,1
6263,28,0
6264,45,1
6265,70,1
6266,100,1
6267,43,1
6268,104,1
6269,71,0
6270,7,0
6271,61,1
6272,24,0
6273,46,1
6274,56,0
6275,34,0
6276,11,0
6277,116,1
6278,44,1
6279,64,1
6280,37,1
6281,70,1
6282,74,0
6283,15,0
6284,122,1
6285,71,1
6286,40,1
6287,44,1
6288,175,1
6289,72,1
6290,60,1
6291,33,0
6292,100,1
6293,47,0
6294,65,0
6295,83,1
6296,50,0
6297,21,0
6298,127,1
6299,123,0
6300,47,1
6301,92,1
6302,62,1
6303,30,1
6304,27,0
6305,13,0
6306,63,1
6307,28,0
6308,111,1
6309,80,1
6310,76,1
6311,103,1
6312,70,1
6313,57,0
6314,31,0
6315,15,0
6316,103,0
6317,61,1
6318,166,1
6319,88,0
6320,88,1
6321,123,1
6322,155,1
6323,33,1
6324,121,1
6325,42,0
6326,16,0
6327,20,0
6328,159,1
6329,32,0
6330,56,1
6331,38,0
6332,38,0
6333,7,0
6334,13,0
6335,93,1
6336,77,1
6337,104,1
6338,117,1
6339,42,0
6340,58,1
6341,20,0
6342,166,1
6343,68,0
6344,44,1
6345,18,0
6346,13,0
6347,153,1
6348,26,0
6349,200,0
6350,79,1
6351,104,1
6352,124,1
6353,152,1
6354,75,1
6355,65,1
6356,41,1
6357,34,0
6358,151,1
6359,54,0
6360,28,0
6361,27,0
6362,113,1
6363,61,0
6364,99,0
6365,119,1
6366,51,1
6367,52,1
6368,32,1
6369,62,1
6370,97,1
6371,11,0
6372,52,1
6373,7,0
6374,51,1
6375,45,1
6376,73,0
6377,50,1
6378,11,0
6379,9,0
6380,39,0
6381,35,0
6382,72,1
6383,92,1
6384,117,1
6385,48,0
6386,20,0
6387,112,0
6388,102,1
6389,200,0
6390,31,1
6391,35,1
6392,107,0
6393,111,1
6394,54,1
6395,40,1
6396,63,0
6397,72,1
6398,14,0
6399,83,1
6400,69,0
6401,24,0
6402,71,1
6403,110,1
6404,66,0
6405,39,1
6406,80,1
6407,75,1
6408,92,0
6409,65,1
6410,43,1
6411,143,1
6412,95,1
6413,116,1
6414,80,1
6415,41,1
6416,49,1
6417,200,0
6418,36,1
6419,53,1
6420,118,1
6421,63,1
6422,16,0
6423,50,0
6424,105,1
6425,17,0
6426,59,0
6427,20,0
6428,88,1
6429,149,0
6430,23,0
6431,64,0
6432,18,0
6433,55,1
6434,93,1
6435,165,1
6436,85,1
6437,77,1
6438,37,0
6439,61,1
6440,65,1
6441,110,1
6442,19,0
6443,127,1
6444,54,1
6445,45,1
6446,113,1
6447,25,0
6448,49,0
6449,66,1
6450,18,0
6451,71,1
6452,55,0
6453,63,1
6454,46,1
6455,54,0
6456,88,1
6457,34,0
6458,36,0
6459,36,0
6460,29,1
6461,97,1
6462,64,1
6463,52,0
6464,124,0
6465,11,0
6466,57,1
6467,7,0
6468,56,1
6469,35,0
6470,61,1
6471,19,0
6472,89,1
6473,21,0
6474,43,1
6475,73,0
6476,93,1
6477,19,0
6478,50,0
6479,74,1
6480,37,0
6481,12,0
6482,59,0
6483,31,1
6484,34,0
6485,120,0
6486,28,1
6487,40,1
6488,35,0
6489,73,0
6490,55,1
6491,81,1
6492,19,0
6493,45,0
6494,200,0
6495,60,1
6496,63,0
6497,98,1
6498,26,0
6499,51,1
6500,37,1
6501,50,1
6502,31,0
6503,74,1
6504,126,1
6505,123,1
6506,58,0
6507,81,0
6508,161,1
6509,70,0
6510,104,1
6511,38,1
6512,157,1
6513,66,1
6514,124,1
6515,15,0
6516,74,1
6517,33,0
6518,71,1
6519,182,0
6520,64,1
6521,50,0
6522,68,1
6523,106,1
6524,72,0
6525,98,1
6526,31,1
6527,118,0
6528,33,0
6529,134,1
6530,31,0
6531,60,0
6532,200,0
6533,21,0
6534,95,1
6535,76,1
6536,76,1
6537,117,1
6538,68,0
6539,40,1
6540,14,0
6541,93,1
6542,43,1
6543,11,0
6544,81,0
6545,154,1
6546,19,0
6547,42,1
6548,52,1
6549,40,0
6550,59,1
6551,133,1
6552,80,1
6553,69,1
6554,190,1
6555,88,0
6556,54,1
6557,58,1
6558,56,1
6559,20,1
6560,48,1
6561,200,0
6562,55,1
6563,22,1
6564,53,1
6565,78,1
6566,44,1
6567,40,1
6568,76,1
6569,20,0
6570,117,0
6571,66,0
6572,50,1
6573,41,1
6574,54,1
6575,182,1
6576,63,1
6577,27,1
6578,122,1
6579,75,1
6580,130,0
6581,178,0
6582,65,1
6583,52,0
6584,55,1
6585,65,0
6586,88,1
6587,149,1
6588,125,0
6589,52,1
6590,142,1
6591,47,1
6592,86,1
6593,51,1
6594,54,0
6595,200,0
6596,56,0
6597,37,0
6598,40,0
6599,72,1
6600,86,1
6601,98,1
6602,12,0
6603,24,0
6604,101,1
6605,5,0
6606,124,1
6607,157,1
6608,134,0
6609,27,0
6610,57,1
6611,112,1
6612,42,1
6613,60,0
6614,47,1
6615,15,0
6616,114,1
6617,57,1
6618,108,1
6619,116,1
6620,146,1
6621,36,0
6622,31,1
6623,185,1
6624,89,1
6625,101,1
6626,105,1
6627,62,1
6628,67,0
6629,132,1
6630,60,0
6631,30,0
6632,12,0
6633,52,1
6634,51,1
6635,38,0
6636,64,1
6637,89,1
6638,113,1
6639,83,1
6640,28,0
6641,29,0
6642,108,1
6643,23,0
6644,95,1
6645,55,0
6646,76,1
6647,31,0
6648,58,1
6649,51,1
6650,128,1
6651,18,0
6652,68,1
6653,101,1
6654,50,1
6655,37,1
6656,30,0
6657,121,1
6658,99,1
6659,59,1
6660,86,1
6661,66,1
6662,75,1
6663,71,1
6664,71,1
6665,87,1
6666,51,1
6667,58,1
6668,11,0
6669,18,0
6670,26,0
6671,82,1
6672,101,1
6673,93,1
6674,141,1
6675,60,1
6676,46,1
6677,103,1
6678,89,1
6679,102,1
6680,49,1
6681,62,1
6682,28,1
6683,82,0
6684,161,1
6685,65,1
6686,49,1
6687,113,1
6688,32,0
6689,48,1
6690,42,1
6691,17,0
6692,82,1
6693,55,1
6694,49,1
6695,95,1
6696,53,1
6697,70,1
6698,200,0
6699,110,1
6700,97,0
6701,48,1
6702,101,1
6703,16,0
6704,74,0
6705,20,0
6706,48,0
6707,163,0
6708,159,1
6709,21,0
6710,81,1
6711,82,1
6712,52,1
6713,43,0
6714,70,1
6715,76,1
6716,86,1
6717,87,1
6718,46,1
6719,80,1
6720,60,1
6721,11,0
6722,154,1
6723,66,1
6724,70,1
6725,106,1
6726,53,1
6727,110,1
6728,93,0
6729,31,0
6730,80,1
6731,48,1
6732,116,1
6733,176,1
6734,98,1
6735,54,1
6736,37,0
6737,45,1
6738,18,0
6739,42,1
6740,98,1
6741,48,1
6742,28,1
6743,56,1
6744,113,0
6745,97,1
6746,115,1
6747,60,1
6748,77,1
6749,38,0
6750,32,0
6751,113,1
6752,42,1
6753,200,0
6754,59,1
6755,100,0
6756,82,1
6757,52,0
6758,21,0
6759,176,1
6760,64,1
6761,89,1
6762,125,0
6763,49,0
6764,111,1
6765,148,1
6766,90,1
6767,72,0
6768,95,1
6769,78,1
6770,59,1
6771,91,1
6772,175,1
6773,47,0
6774,23,0
6775,101,1
6776,47,0
6777,94,1
6778,82,1
6779,54,1
6780,20,0
6781,106,1
6782,33,1
6783,117,1
6784,79,1
6785,95,1
6786,131,1
6787,144,0
6788,55,1
6789,63,1
6790,151,1
6791,117,1
6792,20,0
6793,45,1
6794,58,1
6795,197,1
6796,73,1
6797,49,1
6798,200,0
6799,8,0
6800,32,0
6801,29,0
6802,20,0
6803,129,1
6804,74,1
6805,86,1
6806,136,0
6807,59,0
6808,17,0
6809,24,0
6810,11,0
6811,52,1
6812,22,0
6813,57,1
6814,129,1
6815,76,1
6816,30,0
6817,35,0
6818,41,1
6819,138,1
6820,26,0
6821,63,1
6822,41,1
6823,75,1
6824,63,1
6825,89,0
6826,141,1
6827,95,0
6828,101,1
6829,56,1
6830,50,1
6831,66,1
6832,140,0
6833,80,0
6834,7,0
6835,31,1
6836,106,1
6837,87,1
6838,61,1
6839,116,0
6840,73,1
6841,82,0
6842,99,1
6843,35,1
6844,27,0
6845,76,1
6846,33,0
6847,107,1
6848,79,1
6849,122,1
6850,87,1
6851,45,1
6852,13,0
6853,81,1
6854,49,0
6855,135,1
6856,60,1
6857,128,1
6858,38,1
6859,43,0
6860,54,0
6861,29,1
6862,74,1
6863,25,0
6864,68,1
6865,30,1
6866,64,1
6867,49,1
6868,76,0
6869,30,1
6870,40,1
6871,91,0
6872,75,1
6873,30,1
6874,75,1
6875,138,1
6876,16,0
6877,86,1
6878,73,1
6879,123,1
6880,44,1
6881,85,1
6882,60,1
6883,53,1
6884,71,1
6885,88,0
6886,116,1
6887,60,0
6888,142,1
6889,56,0
6890,49,1
6891,86,1
6892,19,0
6893,152,1
6894,64,1
6895,57,1
6896,62,1
6897,52,1
6898,65,1
6899,33,0
6900,69,1
6901,45,1
6902,120,1
6903,62,1
6904,91,1
6905,65,1
6906,74,1
6907,62,1
6908,84,0
6909,143,0
6910,131,1
6911,192,1
6912,68,0
6913,40,1
6914,58,0
6915,84,0
6916,72,1
6917,45,1
6918,114,0
6919,127,0
6920,27,0
6921,51,0
6922,27,0
6923,52,0
6924,200,0
6925,97,1
6926,42,0
6927,84,0
6928,88,1
6929,46,1
6930,200,0
6931,32,1
6932,112,1
6933,164,1
6934,6,0
6935,70,1
6936,182,1
6937,9,0
6938,50,1
6939,34,0
6940,14,0
6941,56,0
6942,33,0
6943,48,0
6944,32,0
6945,45,1
6946,92,1
6947,95,1
6948,58,0
6949,175,1
6950,24,0
6951,54,1
6952,36,0
6953,70,1
6954,65,1
6955,47,1
6956,136,1
6957,62,1
6958,189,1
6959,107,1
6960,34,0
6961,48,0
6962,46,0
6963,128,1
6964,82,1
6965,64,1
6966,37,0
6967,24,0
6968,108,1
6969,31,0
6970,55,1
6971,61,1
6972,90,1
6973,59,1
6974,38,1
6975,117,1
6976,17,0
6977,68,1
6978,72,1
6979,62,0
6980,36,0
6981,13,0
6982,39,1
6983,200,0
6984,20,0
6985,58,0
6986,38,0
6987,36,0
6988,105,1
6989,200,0
6990,32,0
6991,101,1
6992,104,1
6993,81,0
6994,177,1
6995,108,1
6996,75,1
6997,64,1
6998,93,1
6999,6,0
7000,13,0
7001,66,0
7002,52,0
7003,11,0
7004,65,1
7005,15,0
7006,12,0
7007,16,0
7008,73,0
7009,95,1
7010,45,0
7011,39,0
7012,54,1
7013,200,0
7014,19,0
7015,70,0
7016,72,1
7017,50,1
7018,53,0
7019,22,0
7020,54,1
7021,74,0
7022,68,0
7023,200,1
7024,73,1
7025,167,1
7026,94,1
7027,52,1
7028,94,1
7029,55,0
7030,39,1
7031,83,1
7032,52,1
7033,138,1
7034,55,0
7035,75,1
7036,102,0
7037,53,1
7038,27,0
7039,60,1
7040,102,1
7041,103,1
7042,72,1
7043,82,0
7044,52,1
7045,37,0
7046,19,0
7047,57,0
7048,88,1
7049,104,1
7050,37,0
7051,41,1
7052,130,1
7053,64,1
7054,106,1
7055,52,1
7056,95,0
7057,40,0
7058,47,1
7059,137,0
7060,14,0
7061,65,1
7062,68,0
7063,52,0
7064,18,0
7065,85,0
7066,46,0
7067,86,1
7068,26,0
7069,48,1
7070,20,1
7071,75,1
7072,76,1
7073,27,1
7074,41,0
7075,107,1
7076,80,1
7077,76,1
7078,66,1
7079,83,1
7080,65,1
7081,200,0
7082,114,1
7083,30,0
7084,120,1
7085,26,1
7086,40,1
7087,22,0
7088,87,1
7089,58,1
7090,31,1
7091,57,1
7092,46,1
7093,97,1
7094,92,1
7095,105,0
7096,82,1
7097,15,0
7098,137,1
7099,25,0
7100,17,0
7101,76,1
7102,94,0
7103,83,1
7104,56,1
7105,46,1
7106,10,0
7107,85,0
7108,42,0
7109,28,0
7110,65,0
7111,102,1
7112,113,0
7113,14,0
7114,64,1
7115,77,0
7116,102,1
7117,155,1
7118,200,0
7119,46,1
7120,55,1
7121,62,0
7122,61,1
7123,25,0
7124,45,1
7125,43,0
7126,18,0
7127,167,1
7128,29,0
7129,84,1
7130,101,1
7131,66,1
7132,59,1
7133,103,0
7134,80,1
7135,66,1
7136,58,1
7137,13,0
7138,28,0
7139,82,1
7140,44,0
7141,75,1
7142,98,0
7143,23,0
7144,126,1
7145,200,0
7146,89,1
7147,59,1
7148,50,0
7149,125,1
7150,94,0
7151,56,1
7152,9,0
7153,118,1
7154,24,0
7155,74,1
7156,55,1
7157,57,0
7158,38,1
7159,75,1
7160,12,0
7161,13,0
7162,105,0
7163,38,0
7164,16,0
7165,135,1
7166,12,0
7167,82,1
7168,35,1
7169,191,1
7170,60,1
7171,102,0
7172,58,1
7173,142,1
7174,57,0
7175,131,1
7176,57,1
7177,53,1
7178,56,1
7179,45,1
7180,31,0
7181,91,1
7182,78,1
7183,16,0
7184,30,0
7185,77,1
7186,20,0
7187,51,1
7188,64,1
7189,39,0
7190,50,0
7191,50,0
7192,47,1
7193,39,1
7194,86,0
7195,92,1
7196,33,0
7197,10,0
7198,6,0
7199,54,1
7200,59,0
7201,128,1
7202,97,1
7203,51,1
7204,59,1
7205,78,1
7206,32,0
7207,118,1
7208,40,1
7209,60,1
7210,59,1
7211,35,0
7212,57,0
7213,110,0
7214,89,0
7215,143,1
7216,70,1
7217,37,0
7218,49,1
7219,84,1
7220,74,1
7221,112,1
7222,79,1
7223,134,1
7224,82,1
7225,71,0
7226,106,1
7227,30,0
7228,8,0
7229,40,1
7230,14,0
7231,88,0
7232,15,0
7233,53,1
7234,32,1
7235,62,1
7236,41,1
7237,38,1
7238,92,1
7239,35,1
7240,22,0
7241,73,1
7242,200,0
7243,119,1
7244,90,0
7245,136,1
7246,54,0
7247,89,1
7248,72,0
7249,56,1
7250,43,0
7251,5,0
7252,66,1
7253,93,1
7254,12,0
7255,65,0
7256,131,1
7257,35,0
7258,126,1
7259,94,0
7260,27,1
7261,51,1
7262,119,1
7263,58,1
7264,109,0
7265,187,1
7266,200,0
7267,92,1
7268,142,1
7269,97,1
7270,37,1
7271,92,1
7272,55,0
7273,62,1
7274,90,0
7275,54,1
7276,48,0
7277,40,0
7278,52,1
7279,57,0
7280,166,1
7281,95,1
7282,54,1
7283,77,1
7284,33,1
7285,47,1
7286,50,0
7287,41,1
7288,17,0
7289,75,1
7290,27,1
7291,43,0
7292,100,0
7293,72,1
7294,20,0
7295,114,1
7296,69,1
7297,16,0
7298,54,1
7299,72,0
7300,74,1
7301,37,0
7302,77,1
7303,77,1
7304,13,0
7305,80,1
7306,48,1
7307,21,0
7308,46,1
7309,85,1
7310,123,0
7311,59,1
7312,101,1
7313,63,1
7314,97,1
7315,120,1
7316,89,1
7317,30,0
7318,51,1
7319,61,1
7320,53,1
7321,73,1
7322,40,0
7323,85,1
7324,119,1
7325,60,1
7326,124,0
7327,10,0
7328,43,1
7329,83,0
7330,200,0
7331,85,1
7332,40,1
7333,32,0
7334,30,0
7335,19,0
7336,44,1
7337,95,0
7338,55,0
7339,23,0
7340,15,0
7341,47,1
7342,193,0
7343,45,1
7344,47,1
7345,79,1
7346,72,0
7347,165,1
7348,42,1
7349,60,1
7350,62,0
7351,94,1
7352,59,1
7353,26,0
7354,89,1
7355,47,1
7356,37,0
7357,42,0
7358,23,0
7359,29,0
7360,66,1
7361,36,0
7362,73,1
7363,78,1
7364,48,0
7365,32,0
7366,184,1
7367,172,1
7368,43,1
7369,33,0
7370,72,1
7371,46,0
7372,69,1
7373,68,1
7374,107,1
7375,59,1
7376,41,0
7377,34,0
7378,30,1
7379,78,0
7380,36,0
7381,32,0
7382,47,1
7383,50,1
7384,152,1
7385,121,1
7386,30,0
7387,19,0
7388,200,0
7389,29,0
7390,131,1
7391,29,0
7392,106,1
7393,15,0
7394,90,0
7395,184,0
7396,89,1
7397,149,1
7398,113,1
7399,32,1
7400,113,1
7401,200,0
7402,33,0
7403,9,0
7404,27,0
7405,15,0
7406,38,0
7407,155,1
7408,86,1
7409,18,0
7410,29,0
7411,44,0
7412,73,1
7413,69,1
7414,62,1
7415,97,1
7416,89,1
7417,80,1
7418,116,1
7419,50,1
7420,18,0
7421,107,1
7422,47,1
7423,30,1
7424,24,0
7425,50,1
7426,22,0
7427,30,0
7428,12,0
7429,59,0
7430,88,1
7431,37,1
7432,66,0
7433,49,1
7434,26,0
7435,12,0
7436,53,1
7437,99,1
7438,39,1
7439,87,1
7440,53,1
7441,57,1
7442,170,1
7443,97,0
7444,148,1
7445,74,1
7446,15,0
7447,111,0
7448,69,0
7449,120,1
7450,36,0
7451,92,1
7452,57,1
7453,61,0
7454,120,0
7455,116,1
7456,52,1
7457,70,1
7458,44,1
7459,30,0
7460,66,1
7461,22,0
7462,62,1
7463,48,0
7464,100,1
7465,90,1
7466,77,1
7467,108,1
7468,181,1
7469,37,1
7470,72,1
7471,17,0
7472,37,1
7473,200,0
7474,21,0
7475,45,0
7476,38,1
7477,59,1
7478,82,1
7479,63,1
7480,33,1
7481,54,1
7482,45,1
7483,94,1
7484,30,0
7485,21,0
7486,10,0
7487,59,1
7488,102,1
7489,176,1
7490,74,1
7491,75,1
7492,80,1
7493,41,1
7494,89,1
7495,79,1
7496,40,0
7497,63,1
7498,26,0
7499,62,1
7500,34,1
7501,51,1
7502,62,1
7503,139,0
7504,50,1
7505,101,1
7506,41,1
7507,88,1
7508,62,1
7509,86,1
7510,72,1
7511,101,0
7512,65,1
7513,66,1
7514,55,1
7515,55,1
7516,51,0
7517,8,0
7518,16,0
7519,46,0
7520,105,1
7521,85,1
7522,83,1
7523,70,1
7524,72,1
7525,173,1
7526,90,1
7527,128,1
7528,30,1
7529,62,1
7530,27,1
7531,34,1
7532,118,1
7533,62,1
7534,144,1
7535,192,1
7536,21,0
7537,46,1
7538,40,1
7539,68,1
7540,29,1
7541,131,1
7542,61,0
7543,142,0
7544,56,1
7545,115,1
7546,67,0
7547,84,1
7548,72,1
7549,67,1
7550,76,1
7551,55,1
7552,25,0
7553,68,1
7554,50,0
7555,60,1
7556,140,1
7557,94,1
7558,34,1
7559,96,1
7560,39,1
7561,61,1
7562,51,1
7563,108,1
7564,55,0
7565,120,1
7566,43,1
7567,18,0
7568,40,1
7569,27,1
7570,56,1
7571,27,0
7572,117,1
7573,152,1
7574,96,1
7575,44,0
7576,70,1
7577,58,1
7578,46,1
7579,42,1
7580,100,1
7581,29,0
7582,63,1
7583,99,1
7584,200,0
7585,68,1
7586,12,0
7587,42,0
7588,52,1
7589,66,0
7590,52,1
7591,18,0
7592,73,1
7593,159,1
7594,94,1
7595,24,0
7596,78,1
7597,139,1
7598,76,1
7599,63,1
7600,22,0
7601,43,1
7602,36,0
7603,22,0
7604,101,1
7605,52,1
7606,72,1
7607,51,1
7608,60,0
7609,182,1
7610,56,1
7611,91,1
7612,41,0
7613,61,1
7614,51,1
7615,67,1
7616,20,0
7617,96,1
7618,75,1
7619,83,1
7620,161,1
7621,45,0
7622,94,1
7623,46,1
7624,42,1
7625,64,1
7626,57,0
7627,48,1
7628,55,1
7629,36,0
7630,143,1
7631,37,1
7632,137,1
7633,38,0
7634,64,1
7635,22,1
7636,41,0
7637,31,0
7638,70,1
7639,38,0
7640,92,1
7641,109,0
7642,86,0
7643,10,0
7644,59,1
7645,94,1
7646,78,1
7647,117,1
7648,13,0
7649,72,1
7650,88,1
7651,72,1
7652,102,1
7653,43,0
7654,70,1
7655,81,1
7656,59,0
7657,41,1
7658,38,0
7659,140,1
7660,79,0
7661,38,1
7662,76,0
7663,31,0
7664,129,0
7665,22,0
7666,76,1
7667,44,0
7668,14,0
7669,14,0
7670,62,1
7671,157,1
7672,119,0
7673,5,0
7674,32,1
7675,26,0
7676,85,0
7677,195,1
7678,130,0
7679,140,1
7680,60,1
7681,72,0
7682,21,0
7683,14,0
7684,114,1
7685,109,0
7686,34,1
7687,44,1
7688,57,1
7689,54,0
7690,27,0
7691,20,0
7692,41,1
7693,24,0
7694,44,0
7695,46,1
7696,32,0
7697,65,1
7698,43,1
7699,146,1
7700,73,0
7701,36,1
7702,26,1
7703,102,1
7704,148,1
7705,51,1
7706,44,0
7707,125,1
7708,103,1
7709,41,1
7710,134,1
7711,54,1
7712,84,0
7713,43,1
7714,96,0
7715,47,1
7716,36,1
7717,160,1
7718,46,1
7719,29,0
7720,47,0
7721,77,1
7722,63,1
7723,147,1
7724,33,0
7725,53,1
7726,75,1
7727,123,1
7728,51,0
7729,82,1
7730,46,1
7731,49,1
7732,48,1
7733,85,1
7734,76,1
7735,57,1
7736,14,0
7737,45,0
7738,105,1
7739,169,1
7740,42,0
7741,47,1
7742,52,1
7743,200,0
7744,125,1
7745,87,1
7746,77,1
7747,71,1
7748,149,1
7749,12,0
7750,91,0
7751,66,0
7752,60,1
7753,69,1
7754,101,1
7755,82,1
7756,20,0
7757,32,1
7758,77,1
7759,157,1
7760,84,1
7761,87,1
7762,126,1
7763,35,0
7764,169,1
7765,73,1
7766,37,0
7767,93,1
7768,131,1
7769,82,0
7770,130,1
7771,39,1
7772,37,0
7773,108,1
7774,9,0
7775,62,0
7776,45,1
7777,128,1
7778,81,1
7779,167,1
7780,31,0
7781,57,1
7782,121,1
7783,14,0
7784,63,0
7785,39,0
7786,102,1
7787,134,0
7788,68,0
7789,71,1
7790,60,0
7791,102,1
7792,125,1
7793,67,1
7794,37,1
7795,96,1
7796,112,1
7797,9,0
7798,55,1
7799,69,1
7800,119,1
7801,27,0
7802,50,0
7803,116,1
7804,47,1
7805,80,1
7806,159,0
7807,114,1
7808,99,1
7809,29,0
7810,200,0
7811,71,1
7812,94,1
7813,80,1
7814,80,1
7815,46,1
7816,104,0
7817,78,1
7818,34,0
7819,82,1
7820,104,1
7821,81,1
7822,79,0
7823,16,0
7824,10,0
7825,52,0
7826,26,0
7827,13,0
7828,161,1
7829,32,0
7830,146,1
7831,52,1
7832,40,1
7833,74,0
7834,99,1
7835,70,0
7836,46,0
7837,66,0
7838,33,1
7839,115,1
7840,106,0
7841,26,1
7842,38,0
7843,40,1
7844,44,1
7845,69,0
7846,41,0
7847,67,1
7848,120,1
7849,48,1
7850,11,0
7851,84,1
7852,57,1
7853,31,1
7854,26,1
7855,58,1
7856,72,1
7857,60,1
7858,26,0
7859,96,1
7860,164,1
7861,103,0
7862,36,0
7863,42,0
7864,50,1
7865,64,0
7866,54,0
7867,54,0
7868,51,0
7869,43,1
7870,52,0
7871,50,1
7872,22,0
7873,61,0
7874,39,1
7875,39,0
7876,87,1
7877,69,1
7878,67,1
7879,104,1
7880,69,1
7881,102,1
7882,98,0
7883,34,1
7884,35,1
7885,52,1
7886,57,1
7887,136,1
7888,55,1
7889,78,1
7890,17,0
7891,200,0
7892,65,1
7893,39,1
7894,58,1
7895,200,0
7896,71,1
7897,37,1
7898,81,0
7899,47,1
7900,60,1
7901,84,1
7902,15,0
7903,48,1
7904,79,1
7905,80,1
7906,148,0
7907,119,1
7908,61,1
7909,29,0
7910,142,0
7911,81,1
7912,52,0
7913,43,0
7914,168,1
7915,149,1
7916,30,0
7917,13,0
7918,46,1
7919,44,1
7920,100,1
7921,50,1
7922,20,0
7923,116,1
7924,64,1
7925,83,0
7926,38,1
7927,21,0
7928,32,1
7929,157,0
7930,52,1
7931,25,1
7932,94,1
7933,97,1
7934,69,1
7935,54,1
7936,27,0
7937,25,0
7938,111,1
7939,63,1
7940,91,1
7941,93,0
7942,78,0
7943,37,0
7944,44,1
7945,98,1
7946,53,1
7947,40,1
7948,144,1
7949,64,1
7950,30,0
7951,9,0
7952,54,1
7953,70,0
7954,89,1
7955,90,1
7956,22,0
7957,46,1
7958,103,1
7959,43,1
7960,45,1
7961,35,1
7962,61,1
7963,38,1
7964,122,1
7965,31,0
7966,78,1
7967,56,1
7968,29,0
7969,74,0
7970,116,1
7971,120,1
7972,75,1
7973,64,0
7974,25,0
7975,45,0
7976,200,0
7977,39,1
7978,57,1
7979,11,0
7980,74,1
7981,131,0
7982,53,0
7983,54,1
7984,8,0
7985,67,1
7986,70,1
7987,88,0
7988,74,1
7989,58,1
7990,75,0
7991,117,1
7992,28,0
7993,48,1
7994,35,0
7995,40,1
7996,55,1
7997,13,0
7998,12,0
7999,120,1
8000,31,0
8001,162,1
8002,45,0
8003,16,0
8004,58,1
8005,95,1
8006,34,1
8007,45,0
8008,62,0
8009,60,1
8010,46,0
8011,60,0
8012,60,1
8013,59,0
8014,122,1
8015,167,1
8016,106,1
8017,20,1
8018,37,1
8019,90,1
8020,34,1
8021,79,1
8022,96,1
8023,63,1
8024,150,1
8025,48,0
8026,70,1
8027,38,0
8028,60,1
8029,34,0
8030,49,1
8031,82,1
8032,84,1
8033,73,1
8034,43,1
8035,35,1
8036,40,1
8037,54,1
8038,97,0
8039,53,0
8040,34,1
8041,20,0
8042,67,1
8043,56,1
8044,21,0
8045,121,1
8046,79,1
8047,71,1
8048,158,1
8049,13,0
8050,57,1
8051,30,1
8052,26,1
8053,61,0
8054,70,0
8055,52,1
8056,126,1
8057,120,1
8058,28,0
8059,117,0
8060,57,1
8061,58,0
8062,75,1
8063,54,1
8064,33,0
8065,67,1
8066,61,0
8067,15,0
8068,42,0
8069,50,0
8070,67,1
8071,58,1
8072,77,0
8073,46,1
8074,162,1
8075,49,0
8076,28,0
8077,67,1
8078,53,1
8079,57,0
8080,164,1
8081,28,1
8082,13,0
8083,39,1
8084,68,1
8085,12,0
8086,13,0
8087,28,0
8088,30,0
8089,26,0
8090,70,1
8091,72,0
8092,32,0
8093,46,1
8094,13,0
8095,81,1
8096,118,1
8097,91,1
8098,77,1
8099,71,1
8100,39,0
8101,55,1
8102,31,1
8103,31,1
8104,21,1
8105,131,1
8106,38,0
8107,93,1
8108,36,0
8109,91,0
8110,91,1
8111,28,1
8112,79,1
8113,58,1
8114,49,1
8115,23,0
8116,89,1
8117,56,0
8118,59,1
8119,82,1
8120,109,1
8121,17,0
8122,52,1
8123,56,1
8124,96,1
8125,138,1
8126,19,0
8127,44,1
8128,65,1
8129,16,0
8130,77,0
8131,30,1
8132,50,1
8133,112,1
8134,11,0
8135,61,0
8136,59,0
8137,59,1
8138,70,0
8139,138,0
8140,154,1
8141,27,1
8142,26,1
8143,72,1
8144,176,1
8145,94,1
8146,200,0
8147,98,1
8148,37,1
8149,100,1
8150,74,0
8151,35,0
8152,40,0
8153,39,1
8154,41,1
8155,74,0
8156,100,1
8157,86,1
8158,144,1
8159,48,1
8160,58,1
8161,85,1
8162,9,0
8163,103,0
8164,114,1
8165,88,1
8166,100,0
8167,79,0
8168,36,0
8169,94,0
8170,64,1
8171,39,1
8172,75,1
8173,61,1
8174,45,1
8175,12,0
8176,161,1
8177,57,1
8178,50,1
8179,15,0
8180,38,0
8181,57,0
8182,82,1
8183,66,1
8184,187,1
8185,62,0
8186,112,1
8187,117,1
8188,60,1
8189,75,1
8190,37,1
8191,75,1
8192,90,1
8193,35,0
8194,121,1
8195,96,1
8196,50,1
8197,35,1
8198,67,1
8199,104,1
8200,36,0
8201,69,0
8202,46,1
8203,11,0
8204,43,1
8205,30,0
8206,11,0
8207,73,1
8208,38,1
8209,36,1
8210,36,0
8211,37,0
8212,120,1
8213,109,0
8214,37,0
8215,41,1
8216,20,0
8217,46,1
8218,39,1
8219,170,1
8220,32,1
8221,200,0
8222,63,1
8223,37,0
8224,67,1
8225,44,0
8226,76,1
8227,81,1
8228,28,0
8229,63,1
8230,78,1
8231,59,1
8232,111,1
8233,179,0
8234,134,1
8235,123,1
8236,36,0
8237,33,0
8238,84,1
8239,63,1
8240,33,0
8241,197,1
8242,10,0
8243,86,1
8244,35,1
8245,18,0
8246,83,1
8247,75,1
8248,44,0
8249,19,0
8250,132,1
8251,77,0
8252,50,1
8253,23,0
8254,64,1
8255,158,1
8256,40,1
8257,72,0
8258,35,1
8259,12,0
8260,53,0
8261,20,0
8262,53,0
8263,200,0
8264,41,0
8265,59,0
8266,133,1
8267,23,0
8268,15,0
8269,82,1
8270,23,0
8271,38,1
8272,136,1
8273,61,1
8274,94,1
8275,21,0
8276,135,1
8277,16,0
8278,46,0
8279,49,0
8280,63,0
8281,49,0
8282,96,1
8283,41,0
8284,21,0
8285,186,0
8286,35,1
8287,71,1
8288,140,1
8289,86,1
8290,106,1
8291,99,1
8292,59,0
8293,117,0
8294,61,1
8295,12,0
8296,160,0
8297,24,0
8298,64,1
8299,89,1
8300,12,0
8301,55,1
8302,21,0
8303,41,0
8304,139,1
8305,40,1
8306,41,1
8307,68,1
8308,51,0
8309,65,1
8310,55,1
8311,23,1
8312,102,1
8313,13,0
8314,69,1
8315,170,1
8316,26,1
8317,20,0
8318,34,1
8319,40,1
8320,28,1
8321,61,1
8322,19,0
8323,60,1
8324,119,1
8325,37,0
8326,148,1
8327,61,0
8328,34,1
8329,60,1
8330,36,0
8331,95,1
8332,12,0
8333,30,0
8334,77,1
8335,46,0
8336,93,1
8337,72,1
8338,36,0
8339,46,0
8340,48,0
8341,200,0
8342,148,1
8343,152,1
8344,113,1
8345,146,1
8346,62,1
8347,92,1
8348,73,1
8349,90,1
8350,34,1
8351,36,0
8352,92,1
8353,200,0
8354,94,1
8355,79,1
8356,31,1
8357,47,0
8358,35,0
8359,23,0
8360,57,1
8361,23,0
8362,63,1
8363,63,1
8364,48,1
8365,70,1
8366,73,1
8367,57,0
8368,127,1
8369,69,1
8370,99,1
8371,90,1
8372,26,0
8373,63,1
8374,117,1
8375,75,1
8376,68,1
8377,53,1
8378,200,0
8379,99,0
8380,27,0
8381,192,1
8382,105,1
8383,129,0
8384,28,0
8385,95,0
8386,194,1
8387,35,0
8388,74,1
8389,105,1
8390,35,1
8391,98,1
8392,21,0
8393,47,1
8394,8,0
8395,137,1
8396,26,0
8397,93,1
8398,42,0
8399,42,1
8400,25,1
8401,73,1
8402,41,0
8403,38,1
8404,124,0
8405,46,1
8406,82,1
8407,40,1
8408,55,1
8409,180,1
8410,50,1
8411,43,1
8412,13,0
8413,37,0
8414,29,0
8415,28,1
8416,112,1
8417,48,1
8418,39,0
8419,61,1
8420,39,1
8421,62,0
8422,52,1
8423,40,1
8424,72,1
8425,96,1
8426,70,0
8427,70,1
8428,137,1
8429,33,1
8430,56,1
8431,39,1
8432,55,1
8433,54,1
8434,118,1
8435,74,1
8436,107,1
8437,73,1
8438,34,1
8439,18,0
8440,66,1
8441,56,1
8442,75,1
8443,49,1
8444,41,1
8445,61,0
8446,60,1
8447,88,1
8448,108,1
8449,200,0
8450,18,0
8451,48,1
8452,27,1
8453,60,1
8454,34,0
8455,73,1
8456,56,1
8457,76,0
8458,80,1
8459,148,1
8460,58,1
8461,55,1
8462,146,0
8463,119,1
8464,42,1
8465,84,1
8466,44,1
8467,41,0
8468,57,0
8469,114,0
8470,34,0
8471,107,1
8472,72,0
8473,35,0
8474,200,0
8475,146,1
8476,64,1
8477,59,1
8478,79,1
8479,141,1
8480,67,0
8481,105,1
8482,200,0
8483,37,1
8484,49,1
8485,75,1
8486,157,0
8487,102,1
8488,24,0
8489,112,1
8490,138,1
8491,31,0
8492,200,0
8493,26,0
8494,154,1
8495,148,0
8496,37,1
8497,52,1
8498,146,0
8499,93,1
8500,186,1
8501,104,1
8502,83,1
8503,46,1
8504,95,1
8505,17,0
8506,9,0
8507,10,0
8508,155,1
8509,117,1
8510,86,1
8511,83,1
8512,43,1
8513,35,1
8514,68,0
8515,46,0
8516,16,0
8517,85,1
8518,25,0
8519,81,1
8520,80,1
8521,86,1
8522,15,0
8523,89,1
8524,87,0
8525,181,1
8526,35,1
8527,200,0
8528,98,1
8529,95,0
8530,54,1
8531,14,0
8532,86,1
8533,81,1
8534,55,1
8535,48,0
8536,37,1
8537,104,1
8538,200,0
8539,83,1
8540,36,0
8541,21,0
8542,38,0
8543,57,1
8544,48,1
8545,200,0
8546,72,1
8547,8,0
8548,91,1
8549,26,1
8550,69,1
8551,125,0
8552,120,1
8553,43,1
8554,55,1
8555,137,1
8556,54,1
8557,64,0
8558,51,1
8559,52,0
8560,52,1
8561,16,0
8562,33,1
8563,53,1
8564,69,1
8565,79,1
8566,44,1
8567,36,1
8568,17,0
8569,59,1
8570,57,0
8571,71,1
8572,25,0
8573,83,1
8574,138,0
8575,11,0
8576,48,1
8577,35,0
8578,59,1
8579,75,1
8580,37,0
8581,44,0
8582,31,0
8583,72,0
8584,22,0
8585,85,1
8586,51,1
8587,24,0
8588,80,0
8589,72,1
8590,108,1
8591,81,1
8592,80,1
8593,47,1
8594,82,1
8595,36,1
8596,82,1
8597,24,0
8598,30,1
8599,93,1
8600,61,1
8601,18,0
8602,51,1
8603,158,1
8604,165,1
8605,66,1
8606,65,1
8607,20,1
8608,64,0
8609,28,0
8610,76,1
8611,55,1
8612,100,1
8613,64,1
8614,109,1
8615,39,1
8616,93,1
8617,77,1
8618,73,1
8619,103,1
8620,71,1
8621,45,1
8622,35,1
8623,31,1
8624,19,0
8625,72,1
8626,78,1
8627,91,1
8628,37,0
8629,117,1
8630,126,1
8631,79,1
8632,86,1
8633,14,0
8634,24,1
8635,53,1
8636,30,1
8637,53,0
8638,130,1
8639,57,1
8640,53,1
8641,25,0
8642,75,1
8643,53,1
8644,61,1
8645,180,0
8646,97,1
8647,74,0
8648,76,1
8649,58,1
8650,58,1
8651,64,1
8652,98,1
8653,22,1
8654,69,1
8655,81,1
8656,32,1
8657,154,1
8658,33,0
8659,77,1
8660,57,1
8661,33,0
8662,41,0
8663,59,1
8664,49,0
8665,18,0
8666,29,1
8667,58,1
8668,46,0
8669,97,1
8670,18,0
8671,40,1
8672,44,0
8673,31,1
8674,68,1
8675,31,1
8676,114,1
8677,55,1
8678,127,1
8679,41,1
8680,48,1
8681,69,1
8682,90,0
8683,48,1
8684,42,0
8685,77,1
8686,115,1
8687,18,0
8688,107,1
8689,40,1
8690,58,1
8691,163,0
8692,14,0
8693,140,1
8694,88,0
8695,45,1
8696,81,0
8697,74,0
8698,54,1
8699,104,1
8700,58,1
8701,98,1
8702,48,0
8703,21,0
8704,65,1
8705,107,1
8706,76,1
8707,89,1
8708,54,0
8709,70,0
8710,71,1
8711,23,0
8712,64,0
8713,97,1
8714,120,1
8715,100,1
8716,57,1
8717,25,0
8718,114,1
8719,121,1
8720,77,0
8721,50,1
8722,47,1
8723,74,1
8724,52,0
8725,60,1
8726,39,1
8727,96,0
8728,139,0
8729,23,0
8730,90,1
8731,14,0
8732,54,1
8733,33,0
8734,70,1
8735,75,0
8736,57,0
8737,45,1
8738,99,0
8739,51,1
8740,13,0
8741,22,0
8742,35,1
8743,66,0
8744,57,1
8745,48,1
8746,37,1
8747,95,1
8748,94,1
8749,53,0
8750,38,1
8751,29,1
8752,84,1
8753,24,0
8754,52,1
8755,58,1
8756,79,1
8757,60,1
8758,40,1
8759,80,1
8760,16,0
8761,87,1
8762,117,1
8763,37,0
8764,45,1
8765,90,1
8766,50,1
8767,55,0
8768,16,0
8769,55,1
8770,27,1
8771,184,1
8772,40,0
8773,109,1
8774,52,0
8775,35,1
8776,78,1
8777,27,0
8778,138,1
8779,59,1
8780,90,0
8781,132,1
8782,36,0
8783,96,1
8784,42,0
8785,75,1
8786,101,1
8787,98,1
8788,65,0
8789,139,1
8790,95,1
8791,45,0
8792,101,0
8793,9,0
8794,78,1
8795,48,0
8796,109,1
8797,112,0
8798,88,1
8799,105,1
8800,168,1
8801,11,0
8802,72,1
8803,53,1
8804,10,0
8805,78,0
8806,100,1
8807,58,1
8808,132,0
8809,11,0
8810,57,1
8811,86,1
8812,48,1
8813,117,1
8814,31,0
8815,46,1
8816,77,0
8817,76,1
8818,7,0
8819,41,1
8820,6,0
8821,138,1
8822,18,0
8823,67,0
8824,88,1
8825,66,1
8826,53,1
8827,72,1
8828,63,0
8829,111,0
8830,66,1
8831,22,0
8832,14,0
8833,68,1
8834,39,1
8835,43,1
8836,200,0
8837,60,1
8838,62,0
8839,68,1
8840,123,1
8841,123,0
8842,38,1
8843,132,1
8844,179,1
8845,32,1
8846,66,1
8847,90,1
8848,56,0
8849,71,1
8850,20,0
8851,31,0
8852,134,1
8853,30,1
8854,55,1
8855,76,1
8856,116,1
8857,14,0
8858,64,0
8859,28,0
8860,39,1
8861,39,1
8862,48,0
8863,45,0
8864,45,1
8865,73,1
8866,108,1
8867,83,1
8868,70,1
8869,39,0
8870,65,1
8871,132,1
8872,30,0
8873,38,0
8874,27,0
8875,37,0
8876,37,1
8877,38,1
8878,73,0
8879,76,1
8880,63,1
8881,120,1
8882,41,0
8883,50,1
8884,18,0
8885,166,1
8886,109,1
8887,77,1
8888,43,1
8889,37,1
8890,130,1
8891,62,0
8892,37,1
8893,11,0
8894,75,1
8895,156,1
8896,42,0
8897,56,1
8898,132,1
8899,48,0
8900,143,1
8901,75,1
8902,64,0
8903,32,1
8904,109,1
8905,45,1
8906,114,0
8907,89,1
8908,66,1
8909,46,0
8910,182,1
8911,83,0
8912,51,1
8913,57,1
8914,108,1
8915,71,1
8916,40,1
8917,40,1
8918,69,1
8919,24,0
8920,104,1
8921,55,1
8922,155,1
8923,170,1
8924,20,1
8925,64,0
8926,74,1
8927,66,1
8928,41,1
8929,37,0
8930,57,1
8931,137,0
8932,26,1
8933,24,0
8934,74,0
8935,109,1
8936,54,1
8937,44,1
8938,52,1
8939,108,0
8940,67,1
8941,109,1
8942,62,1
8943,55,1
8944,71,0
8945,44,1
8946,46,1
8947,18,0
8948,63,1
8949,178,1
8950,88,1
8951,41,1
8952,116,0
8953,182,1
8954,62,1
8955,146,0
8956,189,1
8957,74,1
8958,59,1
8959,187,1
8960,100,0
8961,57,0
8962,86,1
8963,27,0
8964,76,1
8965,19,0
8966,200,0
8967,27,1
8968,12,0
8969,75,1
8970,130,1
8971,129,1
8972,8,0
8973,22,0
8974,86,1
8975,157,1
8976,13,0
8977,49,0
8978,97,1
8979,25,0
8980,66,1
8981,102,1
8982,76,1
8983,94,0
8984,122,1
8985,39,1
8986,36,1
8987,200,0
8988,56,1
8989,34,0
8990,200,0
8991,85,1
8992,31,0
8993,69,1
8994,79,0
8995,166,1
8996,41,1
8997,44,1
8998,62,1
8999,96,0
9000,18,0
9001,68,1
9002,109,1
9003,40,0
9004,72,1
9005,26,0
9006,65,1
9007,23,1
9008,31,0
9009,9,0
9010,76,1
9011,37,1
9012,13,0
9013,98,1
9014,123,1
9015,74,1
9016,23,0
9017,112,1
9018,51,0
9019,73,1
9020,56,1
9021,67,1
9022,21,0
9023,9,0
9024,43,1
9025,17,0
9026,36,1
9027,128,0
9028,88,0
9029,47,1
9030,36,1
9031,85,1
9032,33,0
9033,116,1
9034,140,0
9035,92,1
9036,51,1
9037,68,1
9038,62,0
9039,52,1
9040,102,0
9041,73,1
9042,86,1
9043,94,0
9044,84,1
9045,47,0
9046,70,0
9047,131,1
9048,32,1
9049,71,0
9050,50,1
9051,63,0
9052,65,0
9053,74,0
9054,92,0
9055,128,1
9056,58,1
9057,45,1
9058,31,1
9059,41,1
9060,110,1
9061,12,0
9062,91,1
9063,98,0
9064,90,1
9065,72,1
9066,80,1
9067,55,1
9068,34,1
9069,17,0
9070,18,0
9071,53,1
9072,23,0
9073,92,1
9074,63,1
9075,51,1
9076,8,0
9077,15,0
9078,57,1
9079,46,1
9080,31,1
9081,143,1
9082,55,0
9083,79,1
9084,25,0
9085,72,1
9086,26,0
9087,43,1
9088,9,0
9089,52,1
9090,117,1
9091,83,1
9092,41,1
9093,26,1
9094,91,1
9095,100,1
9096,52,1
9097,180,1
9098,101,0
9099,86,1
9100,89,1
9101,70,1
9102,139,1
9103,26,1
9104,28,1
9105,82,1
9106,58,1
9107,108,0
9108,40,1
9109,66,1
9110,83,1
9111,200,0
9112,101,1
9113,94,1
9114,33,1
9115,106,1
9116,87,1
9117,35,0
9118,136,1
9119,63,0
9120,56,1
9121,34,1
9122,31,0
9123,73,1
9124,58,0
9125,173,1
9126,20,0
9127,59,1
9128,51,1
9129,36,0
9130,104,1
9131,125,1
9132,37,1
9133,27,0
9134,49,1
9135,101,0
9136,77,1
9137,54,1
9138,41,0
9139,133,1
9140,129,1
9141,60,1
9142,25,0
9143,62,1
9144,68,1
9145,30,0
9146,30,0
9147,30,0
9148,66,1
9149,69,1
9150,90,1
9151,44,1
9152,125,1
9153,59,1
9154,130,0
9155,47,1
9156,30,0
9157,34,1
9158,73,0
9159,48,1
9160,44,1
9161,31,1
9162,41,0
9163,18,0
9164,68,1
9165,21,0
9166,28,0
9167,39,1
9168,150,0
9169,144,1
9170,78,1
9171,25,1
9172,107,0
9173,93,1
9174,102,0
9175,59,0
9176,43,1
9177,58,1
9178,50,1
9179,54,1
9180,103,1
9181,127,0
9182,81,1
9183,50,1
9184,43,1
9185,67,0
9186,51,0
9187,41,0
9188,85,1
9189,162,1
9190,47,1
9191,83,1
9192,32,0
9193,60,1
9194,69,1
9195,55,1
9196,46,1
9197,91,0
9198,52,1
9199,152,1
9200,118,1
9201,54,0
9202,200,0
9203,57,0
9204,53,1
9205,123,1
9206,70,1
9207,84,1
9208,133,1
9209,56,0
9210,72,1
9211,8,0
9212,86,1
9213,67,1
9214,35,1
9215,72,1
9216,109,1
9217,198,1
9218,47,1
9219,8,0
9220,20,0
9221,107,1
9222,59,1
9223,8,0
9224,61,0
9225,18,0
9226,91,0
9227,123,1
9228,41,0
9229,83,0
9230,10,0
9231,115,1
9232,93,1
9233,57,0
9234,9,0
9235,40,1
9236,12,0
9237,19,0
9238,21,1
9239,68,1
9240,179,1
9241,56,0
9242,37,1
9243,120,1
9244,130,1
9245,32,1
9246,23,0
9247,16,0
9248,62,1
9249,79,1
9250,78,1
9251,38,1
9252,51,1
9253,130,1
9254,25,0
9255,39,1
9256,40,1
9257,25,0
9258,63,1
9259,135,1
9260,19,0
9261,35,1
9262,39,1
9263,16,0
9264,18,0
9265,137,1
9266,27,0
9267,88,1
9268,47,1
9269,50,0
9270,78,1
9271,25,0
9272,43,1
9273,118,1
9274,22,1
9275,111,1
9276,70,1
9277,101,1
9278,34,0
9279,84,1
9280,59,0
9281,70,1
9282,39,1
9283,111,1
9284,30,0
9285,62,1
9286,51,1
9287,33,0
9288,95,0
9289,56,0
9290,19,0
9291,46,0
9292,116,0
9293,76,1
9294,27,0
9295,100,1
9296,42,1
9297,48,0
9298,71,1
9299,23,0
9300,106,1
9301,60,1
9302,52,0
9303,31,1
9304,88,1
9305,42,1
9306,110,1
9307,120,0
9308,12,0
9309,57,1
9310,35,1
9311,153,1
9312,62,1
9313,107,0
9314,8,0
9315,65,0
9316,58,1
9317,149,1
9318,9,0
9319,99,1
9320,43,1
9321,111,1
9322,30,0
9323,166,1
9324,62,1
9325,79,1
9326,16,0
9327,55,0
9328,51,0
9329,20,0
9330,41,0
9331,42,1
9332,61,1
9333,42,1
9334,48,1
9335,184,1
9336,77,1
9337,79,1
9338,55,1
9339,98,1
9340,124,1
9341,97,1
9342,51,1
9343,50,1
9344,58,1
9345,72,1
9346,30,1
9347,130,1
9348,24,1
9349,82,1
9350,56,1
9351,84,1
9352,80,1
9353,102,1
9354,112,1
9355,103,1
9356,51,1
9357,57,0
9358,54,1
9359,92,0
9360,65,1
9361,79,1
9362,42,0
9363,41,0
9364,20,0
9365,20,0
9366,59,1
9367,51,1
9368,29,1
9369,114,1
9370,110,1
9371,60,1
9372,54,1
9373,111,0
9374,161,1
9375,38,1
9376,94,1
9377,47,1
9378,40,1
9379,41,1
9380,49,0
9381,62,1
9382,28,1
9383,33,0
9384,85,1
9385,71,1
9386,61,1
9387,12,0
9388,79,1
9389,40,1
9390,87,1
9391,69,0
9392,51,0
9393,71,1
9394,24,0
9395,52,1
9396,200,0
9397,54,1
9398,22,0
9399,40,1
9400,41,1
9401,74,1
9402,41,1
9403,24,0
9404,54,0
9405,17,0
9406,46,0
9407,51,1
9408,62,1
9409,25,1
9410,12,0
9411,103,0
9412,27,0
9413,135,1
9414,25,1
9415,73,0
9416,42,1
9417,57,0
9418,114,1
9419,23,0
9420,58,1
9421,34,0
9422,200,0
9423,53,1
9424,62,1
9425,41,1
9426,91,1
9427,32,1
9428,14,0
9429,73,1
9430,70,1
9431,77,1
9432,54,1
9433,58,1
9434,76,1
9435,48,0
9436,111,1
9437,22,0
9438,154,1
9439,63,1
9440,11,0
9441,15,0
9442,114,1
9443,29,0
9444,32,1
9445,133,1
9446,36,1
9447,100,1
9448,29,0
9449,67,1
9450,47,0
9451,40,1
9452,126,1
9453,27,0
9454,144,1
9455,93,1
9456,62,0
9457,134,0
9458,111,1
9459,141,1
9460,72,1
9461,49,0
9462,79,0
9463,82,1
9464,44,1
9465,28,1
9466,54,1
9467,15,0
9468,23,0
9469,66,1
9470,58,1
9471,86,1
9472,115,1
9473,25,0
9474,48,1
9475,145,0
9476,82,1
9477,51,1
9478,13,0
9479,72,1
9480,49,0
9481,93,1
9482,116,1
9483,83,0
9484,9,0
9485,18,0
9486,48,1
9487,23,0
9488,51,1
9489,32,1
9490,64,1
9491,106,1
9492,74,1
9493,21,0
9494,47,1
9495,92,1
9496,9,0
9497,22,0
9498,29,1
9499,90,1
9500,114,1
9501,90,0
9502,190,1
9503,90,1
9504,35,0
9505,39,1
9506,122,1
9507,86,0
9508,69,0
9509,95,1
9510,71,0
9511,65,1
9512,36,0
9513,89,1
9514,42,0
9515,122,1
9516,14,0
9517,110,1
9518,41,0
9519,111,1
9520,95,1
9521,52,1
9522,125,1
9523,98,1
9524,182,1
9525,25,0
9526,18,0
9527,67,1
9528,67,1
9529,93,1
9530,78,1
9531,28,0
9532,107,1
9533,41,1
9534,200,0
9535,37,1
9536,55,1
9537,30,0
9538,16,0
9539,59,0
9540,162,1
9541,47,1
9542,56,1
9543,79,1
9544,78,1
9545,75,1
9546,64,1
9547,112,1
9548,20,0
9549,96,0
9550,107,1
9551,109,1
9552,72,0
9553,48,1
9554,174,1
9555,82,1
9556,65,1
9557,53,1
9558,39,1
9559,90,1
9560,28,0
9561,110,1
9562,81,1
9563,69,1
9564,75,1
9565,139,1
9566,18,0
9567,67,1
9568,40,0
9569,64,1
9570,71,0
9571,82,1
9572,65,0
9573,58,1
9574,75,0
9575,200,0
9576,48,1
9577,81,1
9578,36,0
9579,68,1
9580,36,1
9581,12,0
9582,57,1
9583,31,0
9584,54,1
9585,157,1
9586,62,0
9587,144,0
9588,88,1
9589,119,1
9590,7,0
9591,116,1
9592,109,1
9593,28,0
9594,87,1
9595,40,0
9596,58,1
9597,49,1
9598,89,1
9599,44,1
9600,87,1
9601,15,0
9602,76,1
9603,8,0
9604,38,0
9605,42,1
9606,39,1
9607,78,0
9608,36,1
9609,36,0
9610,37,1
9611,48,1
9612,67,1
9613,156,1
9614,114,1
9615,60,0
9616,200,0
9617,23,0
9618,172,1
9619,64,1
9620,62,1
9621,68,1
9622,60,1
9623,100,0
9624,39,0
9625,72,1
9626,100,1
9627,122,1
9628,118,1
9629,68,1
9630,49,1
9631,113,1
9632,38,0
9633,68,1
9634,95,0
9635,35,0
9636,37,1
9637,139,0
9638,35,0
9639,53,1
9640,25,0
9641,54,1
9642,52,1
9643,59,1
9644,84,1
9645,80,1
9646,32,1
9647,72,1
9648,90,1
9649,57,0
9650,37,1
9651,39,1
9652,59,1
9653,90,1
9654,66,1
9655,44,1
9656,55,1
9657,72,1
9658,97,1
9659,126,1
9660,25,0
9661,123,1
9662,22,0
9663,70,0
9664,61,1
9665,74,1
9666,64,1
9667,16,0
9668,84,1
9669,97,1
9670,40,0
9671,68,1
9672,33,1
9673,48,1
9674,65,1
9675,52,1
9676,46,0
9677,18,0
9678,198,0
9679,61,0
9680,40,1
9681,53,1
9682,46,1
9683,40,0
9684,27,0
9685,64,1
9686,58,1
9687,65,1
9688,107,1
9689,75,0
9690,40,1
9691,53,0
9692,29,0
9693,55,1
9694,35,1
9695,43,1
9696,73,0
9697,43,0
9698,141,1
9699,47,1
9700,9,0
9701,60,1
9702,16,0
9703,19,0
9704,41,1
9705,47,1
9706,82,1
9707,49,0
9708,130,1
9709,53,0
9710,54,0
9711,49,0
9712,44,1
9713,48,1
9714,55,1
9715,107,1
9716,200,0
9717,28,0
9718,82,1
9719,31,0
9720,42,1
9721,129,1
9722,84,0
9723,121,1
9724,18,0
9725,67,1
9726,42,1
9727,122,1
9728,96,1
9729,141,1
9730,137,1
9731,93,1
9732,30,0
9733,128,1
9734,41,1
9735,111,1
9736,68,1
9737,40,0
9738,45,1
9739,64,1
9740,148,1
9741,88,1
9742,36,1
9743,33,0
9744,33,0
9745,112,1
9746,136,1
9747,29,0
9748,58,1
9749,67,1
9750,74,1
9751,80,0
9752,36,1
9753,156,1
9754,55,1
9755,132,1
9756,107,1
9757,64,1
9758,90,1
9759,65,0
9760,44,1
9761,42,1
9762,30,0
9763,71,1
9764,83,1
9765,54,1
9766,110,0
9767,65,1
9768,25,1
9769,88,1
9770,105,1
9771,42,0
9772,26,0
9773,71,1
9774,28,0
9775,63,0
9776,97,1
9777,46,1
9778,103,1
9779,148,1
9780,119,1
9781,74,1
9782,79,1
9783,112,1
9784,14,0
9785,55,1
9786,109,1
9787,54,1
9788,124,1
9789,47,1
9790,24,1
9791,200,0
9792,140,1
9793,28,1
9794,29,0
9795,43,0
9796,109,0
9797,48,0
9798,52,1
9799,115,1
9800,51,1
9801,57,1
9802,33,0
9803,49,0
9804,19,0
9805,97,0
9806,65,1
9807,59,1
9808,88,1
9809,38,1
9810,11,0
9811,67,1
9812,73,1
9813,72,1
9814,57,1
9815,83,0
9816,73,1
9817,71,1
9818,35,0
9819,71,1
9820,78,1
9821,98,1
9822,30,0
9823,55,0
9824,78,1
9825,92,1
9826,105,1
9827,88,1
9828,63,1
9829,54,1
9830,22,0
9831,10,0
9832,180,1
9833,56,1
9834,87,1
9835,37,1
9836,112,1
9837,51,0
9838,89,1
9839,14,0
9840,126,1
9841,43,0
9842,58,1
9843,24,1
9844,71,0
9845,36,0
9846,135,1
9847,15,0
9848,97,1
9849,49,1
9850,68,1
9851,136,1
9852,33,0
9853,48,1
9854,58,0
9855,108,1
9856,141,1
9857,76,1
9858,45,0
9859,33,0
9860,47,1
9861,83,1
9862,15,0
9863,34,0
9864,104,1
9865,91,1
9866,65,1
9867,13,0
9868,100,0
9869,58,1
9870,48,1
9871,52,0
9872,131,1
9873,114,1
9874,68,1
9875,116,1
9876,32,0
9877,44,0
9878,180,1
9879,68,1
9880,38,1
9881,86,1
9882,32,1
9883,135,1
9884,170,0
9885,73,1
9886,47,1
9887,22,0
9888,127,1
9889,36,1
9890,81,1
9891,46,0
9892,68,1
9893,98,0
9894,80,1
9895,70,1
9896,66,1
9897,200,0
9898,41,1
9899,47,1
9900,125,1
9901,10,0
9902,60,1
9903,64,0
9904,109,1
9905,123,0
9906,41,1
9907,52,1
9908,41,1
9909,78,0
9910,37,1
9911,33,0
9912,63,0
9913,49,0
9914,45,0
9915,39,1
9916,31,1
9917,33,1
9918,84,1
9919,50,1
9920,92,0
9921,74,1
9922,35,1
9923,169,1
9924,160,1
9925,200,0
9926,183,1
9927,107,0
9928,126,1
9929,18,0
9930,41,0
9931,78,0
9932,60,1
9933,166,1
9934,118,1
9935,67,1
9936,49,1
9937,11,0
9938,124,1
9939,144,1
9940,77,1
9941,103,1
9942,130,1
9943,157,1
9944,114,1
9945,38,0
9946,61,0
9947,181,1
9948,75,1
9949,47,0
9950,36,1
9951,66,0
9952,41,0
9953,30,1
9954,88,0
9955,40,0
9956,38,0
9957,55,1
9958,47,0
9959,39,1
9960,133,1
9961,45,1
9962,30,0
9963,43,1
9964,43,1
9965,13,0
9966,155,1
9967,89,1
9968,77,1
9969,15,0
9970,67,1
9971,56,1
9972,153,1
9973,200,0
9974,25,0
9975,51,1
9976,80,1
9977,45,1
9978,70,1
9979,15,0
9980,43,1
9981,60,1
9982,114,1
9983,42,1
9984,99,1
9985,139,1
9986,57,1
9987,53,0
9988,49,1
9989,189,1
9990,63,1
9991,68,1
9992,33,1
9993,129,1
9994,39,1
9995,43,1
9996,54,1
9997,86,1
9998,14,0
9999,21,0
